edge_id	source	target	corr	weight	p	p.adjust	cor_type	pairs
edge_1	Gp_MJ3_477	Gp_MJ2_113	0.7257	0.7257	0.001	0.001	Positive	Gp_MJ3_477__Gp_MJ2_113__Positive
edge_2	Gp_MJ4_197	Gp_MJ1_12	0.6269	0.6269	0.001	0.001	Positive	Gp_MJ4_197__Gp_MJ1_12__Positive
edge_3	Sg_A11_12	Gp_YAB_339	0.7815	0.7815	0.001	0.001	Positive	Sg_A11_12__Gp_YAB_339__Positive
edge_4	Sg_A11_2	Gp_YAB_339	0.6592	0.6592	0.001	0.001	Positive	Sg_A11_2__Gp_YAB_339__Positive
edge_5	Sg_A11_2	Sg_A11_12	0.7174	0.7174	0.001	0.001	Positive	Sg_A11_2__Sg_A11_12__Positive
edge_6	Sg_A19_11	Gp_MJ4_65	0.4705	0.4705	0.001	0.001	Positive	Sg_A19_11__Gp_MJ4_65__Positive
edge_7	Sg_A20_2	Gp_YAB_333	0.5992	0.5992	0.001	0.001	Positive	Sg_A20_2__Gp_YAB_333__Positive
edge_8	Sg_A20_35	Gp_YAB_333	0.6476	0.6476	0.001	0.001	Positive	Sg_A20_35__Gp_YAB_333__Positive
edge_9	Sg_A20_35	Sg_A20_2	0.6002	0.6002	0.001	0.001	Positive	Sg_A20_35__Sg_A20_2__Positive
edge_10	Sg_A22_19	Gp_MJ1_272	0.4904	0.4904	0.001	0.001	Positive	Sg_A22_19__Gp_MJ1_272__Positive
edge_11	Sg_A22_19	Sg_A17_17	0.6662	0.6662	0.001	0.001	Positive	Sg_A22_19__Sg_A17_17__Positive
edge_12	Sg_A22_3	Sg_A17_17	0.5419	0.5419	0.001	0.001	Positive	Sg_A22_3__Sg_A17_17__Positive
edge_13	Sg_A22_3	Sg_A22_19	0.6372	0.6372	0.001	0.001	Positive	Sg_A22_3__Sg_A22_19__Positive
edge_14	Sg_A22_8	Gp_MJ1_12	0.7394	0.7394	0.001	0.001	Positive	Sg_A22_8__Gp_MJ1_12__Positive
edge_15	Sg_A22_8	Gp_MJ1_272	0.5723	0.5723	0.001	0.001	Positive	Sg_A22_8__Gp_MJ1_272__Positive
edge_16	Sg_A22_8	Gp_MJ4_197	0.6639	0.6639	0.001	0.001	Positive	Sg_A22_8__Gp_MJ4_197__Positive
edge_17	Sg_A22_8	Gp_NH_148	0.6217	0.6217	0.001	0.001	Positive	Sg_A22_8__Gp_NH_148__Positive
edge_18	Sg_A24_54	Sg_A11_47	0.6573	0.6573	0.001	0.001	Positive	Sg_A24_54__Sg_A11_47__Positive
edge_19	Sg_A27_23	Gp_YAB_333	0.6763	0.6763	0.001	0.001	Positive	Sg_A27_23__Gp_YAB_333__Positive
edge_20	Sg_A27_23	Sg_A20_2	0.6616	0.6616	0.001	0.001	Positive	Sg_A27_23__Sg_A20_2__Positive
edge_21	Sg_A27_23	Sg_A20_35	0.809	0.809	0.001	0.001	Positive	Sg_A27_23__Sg_A20_35__Positive
edge_22	Sg_A27_31	Gp_MJ1_12	0.7168	0.7168	0.001	0.001	Positive	Sg_A27_31__Gp_MJ1_12__Positive
edge_23	Sg_A27_31	Gp_MJ4_197	0.7208	0.7208	0.001	0.001	Positive	Sg_A27_31__Gp_MJ4_197__Positive
edge_24	Sg_A27_31	Gp_meta27_16	0.5891	0.5891	0.001	0.001	Positive	Sg_A27_31__Gp_meta27_16__Positive
edge_25	Sg_A27_31	Sg_A22_8	0.7602	0.7602	0.001	0.001	Positive	Sg_A27_31__Sg_A22_8__Positive
edge_26	Sg_A28_8	Gp_YAB_333	0.6866	0.6866	0.001	0.001	Positive	Sg_A28_8__Gp_YAB_333__Positive
edge_27	Sg_A28_8	Sg_A20_35	0.6614	0.6614	0.001	0.001	Positive	Sg_A28_8__Sg_A20_35__Positive
edge_28	Sg_A28_8	Sg_A27_23	0.6864	0.6864	0.001	0.001	Positive	Sg_A28_8__Sg_A27_23__Positive
edge_29	Sg_B03_29	Gp_MJ1_272	-0.4668	0.4668	0.001	0.001	Negative	Sg_B03_29__Gp_MJ1_272__Negative
edge_30	Sg_B03_29	Gp_MJ1_444	-0.5032	0.5032	0.001	0.001	Negative	Sg_B03_29__Gp_MJ1_444__Negative
edge_31	Sg_B03_29	Sg_A19_12	-0.4366	0.4366	0.001	0.001	Negative	Sg_B03_29__Sg_A19_12__Negative
edge_32	Sg_B03_29	Sg_A22_19	-0.5341	0.5341	0.001	0.001	Negative	Sg_B03_29__Sg_A22_19__Negative
edge_33	Sg_B03_29	Sg_A22_3	-0.5836	0.5836	0.001	0.001	Negative	Sg_B03_29__Sg_A22_3__Negative
edge_34	Sg_B03_29	Sg_A22_8	-0.5584	0.5584	0.001	0.001	Negative	Sg_B03_29__Sg_A22_8__Negative
edge_35	Sg_B04_2	Gp_MJ1_12	0.5796	0.5796	0.001	0.001	Positive	Sg_B04_2__Gp_MJ1_12__Positive
edge_36	Sg_B04_2	Sg_A22_8	0.6369	0.6369	0.001	0.001	Positive	Sg_B04_2__Sg_A22_8__Positive
edge_37	Sg_B07_38	Sg_A19_51	0.4777	0.4777	0.001	0.001	Positive	Sg_B07_38__Sg_A19_51__Positive
edge_38	Sg_B07_50	Sg_B03_29	0.5076	0.5076	0.001	0.001	Positive	Sg_B07_50__Sg_B03_29__Positive
edge_39	Sg_B07_53	Gp_MJ2_113	0.5241	0.5241	0.001	0.001	Positive	Sg_B07_53__Gp_MJ2_113__Positive
edge_40	Sg_B07_53	Sg_B07_12	0.525	0.525	0.001	0.001	Positive	Sg_B07_53__Sg_B07_12__Positive
edge_41	Sg_B07_62	Gp_MJ2_113	0.527	0.527	0.001	0.001	Positive	Sg_B07_62__Gp_MJ2_113__Positive
edge_42	Sg_B08_36	Gp_MJ3_477	0.5976	0.5976	0.001	0.001	Positive	Sg_B08_36__Gp_MJ3_477__Positive
edge_43	Sg_B14_1	Gp_MJ3_423	0.667	0.667	0.001	0.001	Positive	Sg_B14_1__Gp_MJ3_423__Positive
edge_44	Sg_B14_1	Sg_A33_4	0.5251	0.5251	0.001	0.001	Positive	Sg_B14_1__Sg_A33_4__Positive
edge_45	Sg_B14_13	Gp_MJ2_113	0.5095	0.5095	0.001	0.001	Positive	Sg_B14_13__Gp_MJ2_113__Positive
edge_46	Sg_B14_13	Gp_MJ3_477	0.4799	0.4799	0.001	0.001	Positive	Sg_B14_13__Gp_MJ3_477__Positive
edge_47	Sg_B14_13	Sg_B08_36	0.4221	0.4221	0.001	0.001	Positive	Sg_B14_13__Sg_B08_36__Positive
edge_48	Sg_B15_22	Gp_MJ4_65	0.5352	0.5352	0.001	0.001	Positive	Sg_B15_22__Gp_MJ4_65__Positive
edge_49	Sg_B15_22	Sg_A19_11	0.5706	0.5706	0.001	0.001	Positive	Sg_B15_22__Sg_A19_11__Positive
edge_50	Sg_B15_23	Gp_MJ2_113	0.6711	0.6711	0.001	0.001	Positive	Sg_B15_23__Gp_MJ2_113__Positive
edge_51	Sg_B15_23	Gp_MJ3_477	0.6575	0.6575	0.001	0.001	Positive	Sg_B15_23__Gp_MJ3_477__Positive
edge_52	Sg_B15_23	Sg_B08_36	0.597	0.597	0.001	0.001	Positive	Sg_B15_23__Sg_B08_36__Positive
edge_53	Sg_B15_23	Sg_B14_13	0.5838	0.5838	0.001	0.001	Positive	Sg_B15_23__Sg_B14_13__Positive
edge_54	Sg_B15_35	Gp_MJ1_272	0.5645	0.5645	0.001	0.001	Positive	Sg_B15_35__Gp_MJ1_272__Positive
edge_55	Sg_B15_35	Gp_MJ1_444	0.5359	0.5359	0.001	0.001	Positive	Sg_B15_35__Gp_MJ1_444__Positive
edge_56	Sg_B15_35	Sg_A22_19	0.6	0.6	0.001	0.001	Positive	Sg_B15_35__Sg_A22_19__Positive
edge_57	Sg_B15_35	Sg_A22_3	0.6009	0.6009	0.001	0.001	Positive	Sg_B15_35__Sg_A22_3__Positive
edge_58	Sg_B15_35	Sg_A22_8	0.6434	0.6434	0.001	0.001	Positive	Sg_B15_35__Sg_A22_8__Positive
edge_59	Sg_B15_35	Sg_B03_29	-0.5648	0.5648	0.001	0.001	Negative	Sg_B15_35__Sg_B03_29__Negative
edge_60	Sg_B15_52	Gp_MJ3_477	0.4323	0.4323	0.001	0.001	Positive	Sg_B15_52__Gp_MJ3_477__Positive
edge_61	Sg_B15_52	Gp_MJ4_65	0.4224	0.4224	0.001	0.001	Positive	Sg_B15_52__Gp_MJ4_65__Positive
edge_62	Sg_B15_52	Sg_A17_17	0.5371	0.5371	0.001	0.001	Positive	Sg_B15_52__Sg_A17_17__Positive
edge_63	Sg_B15_52	Sg_A19_51	0.4546	0.4546	0.001	0.001	Positive	Sg_B15_52__Sg_A19_51__Positive
edge_64	Sg_B15_52	Sg_A22_19	0.513	0.513	0.001	0.001	Positive	Sg_B15_52__Sg_A22_19__Positive
edge_65	Sg_B15_52	Sg_A22_3	0.5125	0.5125	0.001	0.001	Positive	Sg_B15_52__Sg_A22_3__Positive
edge_66	Sg_B15_52	Sg_B03_29	-0.5314	0.5314	0.001	0.001	Negative	Sg_B15_52__Sg_B03_29__Negative
edge_67	Sg_B19_58	Sg_B03_29	0.5647	0.5647	0.001	0.001	Positive	Sg_B19_58__Sg_B03_29__Positive
edge_68	Sg_B25_10	Sg_A22_3	0.5528	0.5528	0.001	0.001	Positive	Sg_B25_10__Sg_A22_3__Positive
edge_69	Sg_B25_10	Sg_B15_35	0.5556	0.5556	0.001	0.001	Positive	Sg_B25_10__Sg_B15_35__Positive
edge_70	Sg_B25_38	Gp_YAB_339	0.7183	0.7183	0.001	0.001	Positive	Sg_B25_38__Gp_YAB_339__Positive
edge_71	Sg_B25_38	Sg_A11_12	0.834	0.834	0.001	0.001	Positive	Sg_B25_38__Sg_A11_12__Positive
edge_72	Sg_B25_38	Sg_A11_2	0.7441	0.7441	0.001	0.001	Positive	Sg_B25_38__Sg_A11_2__Positive
edge_73	Sg_B27_18	Gp_MJ3_423	0.6497	0.6497	0.001	0.001	Positive	Sg_B27_18__Gp_MJ3_423__Positive
edge_74	Sg_B27_18	Sg_B03_29	-0.4944	0.4944	0.001	0.001	Negative	Sg_B27_18__Sg_B03_29__Negative
edge_75	Sg_B27_18	Sg_B14_1	0.6229	0.6229	0.001	0.001	Positive	Sg_B27_18__Sg_B14_1__Positive
edge_76	Sg_B27_6	Gp_MJ3_423	0.6781	0.6781	0.001	0.001	Positive	Sg_B27_6__Gp_MJ3_423__Positive
edge_77	Sg_B27_6	Sg_A33_4	0.5176	0.5176	0.001	0.001	Positive	Sg_B27_6__Sg_A33_4__Positive
edge_78	Sg_B27_6	Sg_B14_1	0.6475	0.6475	0.001	0.001	Positive	Sg_B27_6__Sg_B14_1__Positive
edge_79	Sg_B27_6	Sg_B27_18	0.668	0.668	0.001	0.001	Positive	Sg_B27_6__Sg_B27_18__Positive
edge_80	Sg_C03_36	Gp_YAB_339	0.5631	0.5631	0.001	0.001	Positive	Sg_C03_36__Gp_YAB_339__Positive
edge_81	Sg_C03_36	Sg_A11_12	0.5688	0.5688	0.001	0.001	Positive	Sg_C03_36__Sg_A11_12__Positive
edge_82	Sg_C03_36	Sg_A11_2	0.706	0.706	0.001	0.001	Positive	Sg_C03_36__Sg_A11_2__Positive
edge_83	Sg_C03_36	Sg_B25_38	0.6127	0.6127	0.001	0.001	Positive	Sg_C03_36__Sg_B25_38__Positive
edge_84	Sg_CA11_3	Sg_C02_30	0.7131	0.7131	0.001	0.001	Positive	Sg_CA11_3__Sg_C02_30__Positive
edge_85	Sg_CA11_52	Gp_MJ4_65	0.5332	0.5332	0.001	0.001	Positive	Sg_CA11_52__Gp_MJ4_65__Positive
edge_86	Sg_CA11_52	Sg_A19_11	0.5788	0.5788	0.001	0.001	Positive	Sg_CA11_52__Sg_A19_11__Positive
edge_87	Sg_CA11_52	Sg_B15_22	0.8666	0.8666	0.001	0.001	Positive	Sg_CA11_52__Sg_B15_22__Positive
edge_88	Sg_CA13_9	Sg_C14_34	0.5813	0.5813	0.001	0.001	Positive	Sg_CA13_9__Sg_C14_34__Positive
edge_89	Sg_CA25_14	Sg_B07_50	0.7149	0.7149	0.001	0.001	Positive	Sg_CA25_14__Sg_B07_50__Positive
edge_90	Sg_CA25_21	Gp_MJ1_12	-0.5269	0.5269	0.001	0.001	Negative	Sg_CA25_21__Gp_MJ1_12__Negative
edge_91	Sg_CA25_21	Gp_MJ2_113	0.5328	0.5328	0.001	0.001	Positive	Sg_CA25_21__Gp_MJ2_113__Positive
edge_92	Sg_CA25_21	Sg_B07_12	0.6062	0.6062	0.001	0.001	Positive	Sg_CA25_21__Sg_B07_12__Positive
edge_93	Sg_CA25_21	Sg_B07_53	0.6199	0.6199	0.001	0.001	Positive	Sg_CA25_21__Sg_B07_53__Positive
edge_94	Sg_CA25_21	Sg_B07_62	0.7496	0.7496	0.001	0.001	Positive	Sg_CA25_21__Sg_B07_62__Positive
edge_95	Sg_CA25_21	Sg_B15_23	0.5158	0.5158	0.001	0.001	Positive	Sg_CA25_21__Sg_B15_23__Positive
edge_96	Sg_CA40A_55	Sg_B07_50	0.7138	0.7138	0.001	0.001	Positive	Sg_CA40A_55__Sg_B07_50__Positive
edge_97	Sg_CA9_20	Gp_MJ1_12	0.6839	0.6839	0.001	0.001	Positive	Sg_CA9_20__Gp_MJ1_12__Positive
edge_98	Sg_CA9_20	Gp_NH_148	0.6132	0.6132	0.001	0.001	Positive	Sg_CA9_20__Gp_NH_148__Positive
edge_99	Sg_CA9_20	Sg_A11_10	0.6539	0.6539	0.001	0.001	Positive	Sg_CA9_20__Sg_A11_10__Positive
edge_100	Sg_CA9_20	Sg_A22_8	0.8029	0.8029	0.001	0.001	Positive	Sg_CA9_20__Sg_A22_8__Positive
edge_101	Sg_CA9_20	Sg_B15_35	0.5377	0.5377	0.001	0.001	Positive	Sg_CA9_20__Sg_B15_35__Positive
edge_102	Sg_CB03_44	Gp_MJ4_65	0.5908	0.5908	0.001	0.001	Positive	Sg_CB03_44__Gp_MJ4_65__Positive
edge_103	Sg_CB03_44	Sg_A19_11	0.5165	0.5165	0.001	0.001	Positive	Sg_CB03_44__Sg_A19_11__Positive
edge_104	Sg_CB03_44	Sg_A19_36	0.625	0.625	0.001	0.001	Positive	Sg_CB03_44__Sg_A19_36__Positive
edge_105	Sg_CB03_44	Sg_B15_22	0.4163	0.4163	0.001	0.001	Positive	Sg_CB03_44__Sg_B15_22__Positive
edge_106	Sg_CD23A_32	Gp_MJ2_113	0.4132	0.4132	0.001	0.001	Positive	Sg_CD23A_32__Gp_MJ2_113__Positive
edge_107	Sg_CD24A_10	Gp_MJ2_113	0.5233	0.5233	0.001	0.001	Positive	Sg_CD24A_10__Gp_MJ2_113__Positive
edge_108	Sg_CD24A_10	Sg_B07_12	0.5645	0.5645	0.001	0.001	Positive	Sg_CD24A_10__Sg_B07_12__Positive
edge_109	Sg_CD24A_10	Sg_B14_13	0.5677	0.5677	0.001	0.001	Positive	Sg_CD24A_10__Sg_B14_13__Positive
edge_110	Sg_CD24A_10	Sg_CA25_21	0.5752	0.5752	0.001	0.001	Positive	Sg_CD24A_10__Sg_CA25_21__Positive
edge_111	Sg_CD25A_53	Gp_YAB_333	0.5305	0.5305	0.001	0.001	Positive	Sg_CD25A_53__Gp_YAB_333__Positive
edge_112	Sg_CD25A_53	Sg_A20_2	0.5436	0.5436	0.001	0.001	Positive	Sg_CD25A_53__Sg_A20_2__Positive
edge_113	Sg_CD25A_53	Sg_A20_35	0.5854	0.5854	0.001	0.001	Positive	Sg_CD25A_53__Sg_A20_35__Positive
edge_114	Sg_CD25A_53	Sg_A27_23	0.6181	0.6181	0.001	0.001	Positive	Sg_CD25A_53__Sg_A27_23__Positive
edge_115	Sg_CD25A_53	Sg_A28_8	0.4658	0.4658	0.001	0.001	Positive	Sg_CD25A_53__Sg_A28_8__Positive
edge_116	Sg_CD25A_53	Sg_B07_12	0.5858	0.5858	0.001	0.001	Positive	Sg_CD25A_53__Sg_B07_12__Positive
edge_117	Sg_CD26A_19	Gp_MJ1_12	-0.5053	0.5053	0.001	0.001	Negative	Sg_CD26A_19__Gp_MJ1_12__Negative
edge_118	Sg_CD26A_19	Sg_B07_12	0.6394	0.6394	0.001	0.001	Positive	Sg_CD26A_19__Sg_B07_12__Positive
edge_119	Sg_CD26A_19	Sg_CA25_21	0.6509	0.6509	0.001	0.001	Positive	Sg_CD26A_19__Sg_CA25_21__Positive
edge_120	Sg_CD26A_19	Sg_CD24A_10	0.5452	0.5452	0.001	0.001	Positive	Sg_CD26A_19__Sg_CD24A_10__Positive
edge_121	Sg_CD30A_34	Gp_MJ2_113	0.645	0.645	0.001	0.001	Positive	Sg_CD30A_34__Gp_MJ2_113__Positive
edge_122	Sg_CD30A_34	Gp_MJ3_477	0.5896	0.5896	0.001	0.001	Positive	Sg_CD30A_34__Gp_MJ3_477__Positive
edge_123	Sg_CD30A_34	Sg_B07_53	0.5676	0.5676	0.001	0.001	Positive	Sg_CD30A_34__Sg_B07_53__Positive
edge_124	Sg_CD30A_34	Sg_B07_62	0.6394	0.6394	0.001	0.001	Positive	Sg_CD30A_34__Sg_B07_62__Positive
edge_125	Sg_CD30A_34	Sg_B08_36	0.66	0.66	0.001	0.001	Positive	Sg_CD30A_34__Sg_B08_36__Positive
edge_126	Sg_CD30A_34	Sg_B14_13	0.5675	0.5675	0.001	0.001	Positive	Sg_CD30A_34__Sg_B14_13__Positive
edge_127	Sg_CD30A_34	Sg_B15_23	0.7503	0.7503	0.001	0.001	Positive	Sg_CD30A_34__Sg_B15_23__Positive
edge_128	Sg_CD30A_34	Sg_CA25_21	0.6705	0.6705	0.001	0.001	Positive	Sg_CD30A_34__Sg_CA25_21__Positive
edge_129	Sg_CD30A_34	Sg_CD24A_10	0.603	0.603	0.001	0.001	Positive	Sg_CD30A_34__Sg_CD24A_10__Positive
edge_130	Sg_CE19A_15	Sg_CA25_21	0.5598	0.5598	0.001	0.001	Positive	Sg_CE19A_15__Sg_CA25_21__Positive
edge_131	Sg_CE19A_15	Sg_CD24A_10	0.5211	0.5211	0.001	0.001	Positive	Sg_CE19A_15__Sg_CD24A_10__Positive
edge_132	Sg_CE19A_15	Sg_CD26A_19	0.5613	0.5613	0.001	0.001	Positive	Sg_CE19A_15__Sg_CD26A_19__Positive
edge_133	Sg_CE19A_24	Gp_MJ3_477	0.4542	0.4542	0.001	0.001	Positive	Sg_CE19A_24__Gp_MJ3_477__Positive
edge_134	Sg_CE19A_24	Sg_CD23A_32	0.5878	0.5878	0.001	0.001	Positive	Sg_CE19A_24__Sg_CD23A_32__Positive
edge_135	Sg_CE19A_29	Sg_B07_62	0.5579	0.5579	0.001	0.001	Positive	Sg_CE19A_29__Sg_B07_62__Positive
edge_136	Sg_CE19A_29	Sg_CA25_21	0.6324	0.6324	0.001	0.001	Positive	Sg_CE19A_29__Sg_CA25_21__Positive
edge_137	Sg_CE19A_29	Sg_CD26A_19	0.6105	0.6105	0.001	0.001	Positive	Sg_CE19A_29__Sg_CD26A_19__Positive
edge_138	Sg_CE19A_29	Sg_CD30A_34	0.5595	0.5595	0.001	0.001	Positive	Sg_CE19A_29__Sg_CD30A_34__Positive
edge_139	Sg_CE19A_29	Sg_CE19A_15	0.5385	0.5385	0.001	0.001	Positive	Sg_CE19A_29__Sg_CE19A_15__Positive
edge_140	Sg_CE19A_36	Sg_A19_12	0.6941	0.6941	0.001	0.001	Positive	Sg_CE19A_36__Sg_A19_12__Positive
edge_141	Sg_CE19A_36	Sg_A19_51	0.5559	0.5559	0.001	0.001	Positive	Sg_CE19A_36__Sg_A19_51__Positive
edge_142	Sg_CE19A_36	Sg_A22_19	0.4868	0.4868	0.001	0.001	Positive	Sg_CE19A_36__Sg_A22_19__Positive
edge_143	Sg_CE19A_36	Sg_B07_38	0.481	0.481	0.001	0.001	Positive	Sg_CE19A_36__Sg_B07_38__Positive
edge_144	Sg_CE19A_36	Sg_B15_52	0.526	0.526	0.001	0.001	Positive	Sg_CE19A_36__Sg_B15_52__Positive
edge_145	Sg_CG50A_49	Gp_YAB_333	0.7259	0.7259	0.001	0.001	Positive	Sg_CG50A_49__Gp_YAB_333__Positive
edge_146	Sg_CG50A_49	Sg_A20_2	0.5359	0.5359	0.001	0.001	Positive	Sg_CG50A_49__Sg_A20_2__Positive
edge_147	Sg_CG50A_49	Sg_A20_35	0.6395	0.6395	0.001	0.001	Positive	Sg_CG50A_49__Sg_A20_35__Positive
edge_148	Sg_CG50A_49	Sg_A27_23	0.6764	0.6764	0.001	0.001	Positive	Sg_CG50A_49__Sg_A27_23__Positive
edge_149	Sg_CG50A_49	Sg_A28_8	0.7599	0.7599	0.001	0.001	Positive	Sg_CG50A_49__Sg_A28_8__Positive
edge_150	Sg_CG50A_49	Sg_CD25A_53	0.5233	0.5233	0.001	0.001	Positive	Sg_CG50A_49__Sg_CD25A_53__Positive
edge_151	Sg_CG50A_74	Gp_YAB_339	0.7565	0.7565	0.001	0.001	Positive	Sg_CG50A_74__Gp_YAB_339__Positive
edge_152	Sg_CG50A_74	Sg_A11_12	0.8431	0.8431	0.001	0.001	Positive	Sg_CG50A_74__Sg_A11_12__Positive
edge_153	Sg_CG50A_74	Sg_A11_2	0.907	0.907	0.001	0.001	Positive	Sg_CG50A_74__Sg_A11_2__Positive
edge_154	Sg_CG50A_74	Sg_B25_38	0.7752	0.7752	0.001	0.001	Positive	Sg_CG50A_74__Sg_B25_38__Positive
edge_155	Sg_CG50A_74	Sg_C03_36	0.6964	0.6964	0.001	0.001	Positive	Sg_CG50A_74__Sg_C03_36__Positive
edge_156	Sg_CK05A_18	Gp_MJ1_12	-0.5263	0.5263	0.001	0.001	Negative	Sg_CK05A_18__Gp_MJ1_12__Negative
edge_157	Sg_CK05A_18	Gp_MJ2_113	0.6014	0.6014	0.001	0.001	Positive	Sg_CK05A_18__Gp_MJ2_113__Positive
edge_158	Sg_CK05A_18	Gp_MJ3_477	0.5287	0.5287	0.001	0.001	Positive	Sg_CK05A_18__Gp_MJ3_477__Positive
edge_159	Sg_CK05A_18	Sg_B07_53	0.5549	0.5549	0.001	0.001	Positive	Sg_CK05A_18__Sg_B07_53__Positive
edge_160	Sg_CK05A_18	Sg_B07_62	0.6513	0.6513	0.001	0.001	Positive	Sg_CK05A_18__Sg_B07_62__Positive
edge_161	Sg_CK05A_18	Sg_B08_36	0.4379	0.4379	0.001	0.001	Positive	Sg_CK05A_18__Sg_B08_36__Positive
edge_162	Sg_CK05A_18	Sg_B15_23	0.6329	0.6329	0.001	0.001	Positive	Sg_CK05A_18__Sg_B15_23__Positive
edge_163	Sg_CK05A_18	Sg_CA25_21	0.7051	0.7051	0.001	0.001	Positive	Sg_CK05A_18__Sg_CA25_21__Positive
edge_164	Sg_CK05A_18	Sg_CD24A_10	0.5919	0.5919	0.001	0.001	Positive	Sg_CK05A_18__Sg_CD24A_10__Positive
edge_165	Sg_CK05A_18	Sg_CD30A_34	0.6892	0.6892	0.001	0.001	Positive	Sg_CK05A_18__Sg_CD30A_34__Positive
edge_166	Sg_CK05A_18	Sg_CE19A_15	0.5611	0.5611	0.001	0.001	Positive	Sg_CK05A_18__Sg_CE19A_15__Positive
edge_167	Sg_CK05A_18	Sg_CE19A_24	0.5079	0.5079	0.001	0.001	Positive	Sg_CK05A_18__Sg_CE19A_24__Positive
edge_168	Sg_CK05A_18	Sg_CE19A_29	0.5406	0.5406	0.001	0.001	Positive	Sg_CK05A_18__Sg_CE19A_29__Positive
edge_169	Sg_CK05A_46	Sg_B14_1	-0.3688	0.3688	0.001	0.001	Negative	Sg_CK05A_46__Sg_B14_1__Negative
edge_170	Sg_CK05A_56	Gp_MJ3_477	0.4329	0.4329	0.001	0.001	Positive	Sg_CK05A_56__Gp_MJ3_477__Positive
edge_171	Sg_CK28A_36	Sg_A19_51	0.5176	0.5176	0.001	0.001	Positive	Sg_CK28A_36__Sg_A19_51__Positive
edge_172	Sg_CK28A_36	Sg_B07_38	0.605	0.605	0.001	0.001	Positive	Sg_CK28A_36__Sg_B07_38__Positive
edge_173	Sg_CK28A_36	Sg_CA25_21	0.4351	0.4351	0.001	0.001	Positive	Sg_CK28A_36__Sg_CA25_21__Positive
edge_174	Sg_CK28A_36	Sg_CE19A_36	0.5139	0.5139	0.001	0.001	Positive	Sg_CK28A_36__Sg_CE19A_36__Positive
edge_175	Sg_CK52A_43	Sg_B03_29	0.6293	0.6293	0.001	0.001	Positive	Sg_CK52A_43__Sg_B03_29__Positive
edge_176	Sg_CK52A_43	Sg_B07_50	0.7885	0.7885	0.001	0.001	Positive	Sg_CK52A_43__Sg_B07_50__Positive
edge_177	Sg_CK52A_43	Sg_B15_35	-0.5415	0.5415	0.001	0.001	Negative	Sg_CK52A_43__Sg_B15_35__Negative
edge_178	Sg_CK52A_43	Sg_CA40A_55	0.6876	0.6876	0.001	0.001	Positive	Sg_CK52A_43__Sg_CA40A_55__Positive
edge_179	Sg_CK52A_74	Gp_MJ2_113	0.5565	0.5565	0.001	0.001	Positive	Sg_CK52A_74__Gp_MJ2_113__Positive
edge_180	Sg_CK52A_74	Gp_MJ3_477	0.48	0.48	0.001	0.001	Positive	Sg_CK52A_74__Gp_MJ3_477__Positive
edge_181	Sg_CK52A_74	Sg_B07_53	0.7801	0.7801	0.001	0.001	Positive	Sg_CK52A_74__Sg_B07_53__Positive
edge_182	Sg_CK52A_74	Sg_B07_62	0.6452	0.6452	0.001	0.001	Positive	Sg_CK52A_74__Sg_B07_62__Positive
edge_183	Sg_CK52A_74	Sg_B15_23	0.5	0.5	0.001	0.001	Positive	Sg_CK52A_74__Sg_B15_23__Positive
edge_184	Sg_CK52A_74	Sg_CA25_21	0.6257	0.6257	0.001	0.001	Positive	Sg_CK52A_74__Sg_CA25_21__Positive
edge_185	Sg_CK52A_74	Sg_CD30A_34	0.5824	0.5824	0.001	0.001	Positive	Sg_CK52A_74__Sg_CD30A_34__Positive
edge_186	Sg_CK52A_74	Sg_CK05A_18	0.6075	0.6075	0.001	0.001	Positive	Sg_CK52A_74__Sg_CK05A_18__Positive
edge_187	Sg_CM17_16	Gp_YAB_333	0.6687	0.6687	0.001	0.001	Positive	Sg_CM17_16__Gp_YAB_333__Positive
edge_188	Sg_CM17_16	Sg_A20_35	0.6146	0.6146	0.001	0.001	Positive	Sg_CM17_16__Sg_A20_35__Positive
edge_189	Sg_CM17_16	Sg_A27_23	0.658	0.658	0.001	0.001	Positive	Sg_CM17_16__Sg_A27_23__Positive
edge_190	Sg_CM17_16	Sg_A28_8	0.8854	0.8854	0.001	0.001	Positive	Sg_CM17_16__Sg_A28_8__Positive
edge_191	Sg_CM17_16	Sg_CD25A_53	0.4379	0.4379	0.001	0.001	Positive	Sg_CM17_16__Sg_CD25A_53__Positive
edge_192	Sg_CM17_16	Sg_CG50A_49	0.7697	0.7697	0.001	0.001	Positive	Sg_CM17_16__Sg_CG50A_49__Positive
edge_193	Sg_CM17_58	Sg_CA25_14	0.6712	0.6712	0.001	0.001	Positive	Sg_CM17_58__Sg_CA25_14__Positive
edge_194	Sg_CM17_7	Gp_MJ1_272	-0.4378	0.4378	0.001	0.001	Negative	Sg_CM17_7__Gp_MJ1_272__Negative
edge_195	Sg_CM17_7	Gp_MJ4_65	-0.4071	0.4071	0.001	0.001	Negative	Sg_CM17_7__Gp_MJ4_65__Negative
edge_196	Sg_CM17_7	Sg_B03_29	0.6033	0.6033	0.001	0.001	Positive	Sg_CM17_7__Sg_B03_29__Positive
edge_197	Sg_CM17_7	Sg_B07_50	0.7858	0.7858	0.001	0.001	Positive	Sg_CM17_7__Sg_B07_50__Positive
edge_198	Sg_CM17_7	Sg_B15_35	-0.6105	0.6105	0.001	0.001	Negative	Sg_CM17_7__Sg_B15_35__Negative
edge_199	Sg_CM17_7	Sg_C04_33	0.6194	0.6194	0.001	0.001	Positive	Sg_CM17_7__Sg_C04_33__Positive
edge_200	Sg_CM17_7	Sg_CA9_20	-0.6093	0.6093	0.001	0.001	Negative	Sg_CM17_7__Sg_CA9_20__Negative
edge_201	Sg_CM17_7	Sg_CK52A_43	0.802	0.802	0.001	0.001	Positive	Sg_CM17_7__Sg_CK52A_43__Positive
edge_202	Sg_CM21_57	Gp_MJ2_113	0.647	0.647	0.001	0.001	Positive	Sg_CM21_57__Gp_MJ2_113__Positive
edge_203	Sg_CM21_57	Gp_MJ3_477	0.6401	0.6401	0.001	0.001	Positive	Sg_CM21_57__Gp_MJ3_477__Positive
edge_204	Sg_CM21_57	Sg_B07_62	0.5573	0.5573	0.001	0.001	Positive	Sg_CM21_57__Sg_B07_62__Positive
edge_205	Sg_CM21_57	Sg_B08_36	0.5739	0.5739	0.001	0.001	Positive	Sg_CM21_57__Sg_B08_36__Positive
edge_206	Sg_CM21_57	Sg_B14_13	0.5909	0.5909	0.001	0.001	Positive	Sg_CM21_57__Sg_B14_13__Positive
edge_207	Sg_CM21_57	Sg_B15_23	0.8049	0.8049	0.001	0.001	Positive	Sg_CM21_57__Sg_B15_23__Positive
edge_208	Sg_CM21_57	Sg_CA25_21	0.5529	0.5529	0.001	0.001	Positive	Sg_CM21_57__Sg_CA25_21__Positive
edge_209	Sg_CM21_57	Sg_CD24A_10	0.5673	0.5673	0.001	0.001	Positive	Sg_CM21_57__Sg_CD24A_10__Positive
edge_210	Sg_CM21_57	Sg_CD30A_34	0.7543	0.7543	0.001	0.001	Positive	Sg_CM21_57__Sg_CD30A_34__Positive
edge_211	Sg_CM21_57	Sg_CE19A_29	0.4492	0.4492	0.001	0.001	Positive	Sg_CM21_57__Sg_CE19A_29__Positive
edge_212	Sg_CM21_57	Sg_CK05A_18	0.6653	0.6653	0.001	0.001	Positive	Sg_CM21_57__Sg_CK05A_18__Positive
edge_213	Sg_CM21_57	Sg_CK52A_74	0.5402	0.5402	0.001	0.001	Positive	Sg_CM21_57__Sg_CK52A_74__Positive
edge_214	Sg_CM21_57	Sg_CM21_15	0.536	0.536	0.001	0.001	Positive	Sg_CM21_57__Sg_CM21_15__Positive
edge_215	Sg_CM29A_16	Sg_B03_29	0.6849	0.6849	0.001	0.001	Positive	Sg_CM29A_16__Sg_B03_29__Positive
edge_216	Sg_CM29A_16	Sg_B07_50	0.6905	0.6905	0.001	0.001	Positive	Sg_CM29A_16__Sg_B07_50__Positive
edge_217	Sg_CM29A_16	Sg_B15_52	-0.4069	0.4069	0.001	0.001	Negative	Sg_CM29A_16__Sg_B15_52__Negative
edge_218	Sg_CM29A_16	Sg_B19_58	0.5668	0.5668	0.001	0.001	Positive	Sg_CM29A_16__Sg_B19_58__Positive
edge_219	Sg_CM29A_16	Sg_B26_4	0.6893	0.6893	0.001	0.001	Positive	Sg_CM29A_16__Sg_B26_4__Positive
edge_220	Sg_CM29A_16	Sg_CK05A_46	0.7032	0.7032	0.001	0.001	Positive	Sg_CM29A_16__Sg_CK05A_46__Positive
edge_221	Sg_CM29A_16	Sg_CK52A_43	0.7173	0.7173	0.001	0.001	Positive	Sg_CM29A_16__Sg_CK52A_43__Positive
edge_222	Sg_CM29A_16	Sg_CM17_7	0.712	0.712	0.001	0.001	Positive	Sg_CM29A_16__Sg_CM17_7__Positive
edge_223	Sg_CM30A_3	Sg_B26_38	0.8774	0.8774	0.001	0.001	Positive	Sg_CM30A_3__Sg_B26_38__Positive
edge_224	Sg_CM31A_43	Gp_MJ4_65	0.5299	0.5299	0.001	0.001	Positive	Sg_CM31A_43__Gp_MJ4_65__Positive
edge_225	Sg_CM31A_43	Sg_A19_11	0.5756	0.5756	0.001	0.001	Positive	Sg_CM31A_43__Sg_A19_11__Positive
edge_226	Sg_CM31A_43	Sg_A22_8	0.5834	0.5834	0.001	0.001	Positive	Sg_CM31A_43__Sg_A22_8__Positive
edge_227	Sg_CM31A_43	Sg_B15_22	0.8397	0.8397	0.001	0.001	Positive	Sg_CM31A_43__Sg_B15_22__Positive
edge_228	Sg_CM31A_43	Sg_CA11_52	0.9458	0.9458	0.001	0.001	Positive	Sg_CM31A_43__Sg_CA11_52__Positive
edge_229	Sg_CM31A_52	Gp_YAB_339	0.7741	0.7741	0.001	0.001	Positive	Sg_CM31A_52__Gp_YAB_339__Positive
edge_230	Sg_CM31A_52	Sg_A11_12	0.9224	0.9224	0.001	0.001	Positive	Sg_CM31A_52__Sg_A11_12__Positive
edge_231	Sg_CM31A_52	Sg_A11_2	0.6891	0.6891	0.001	0.001	Positive	Sg_CM31A_52__Sg_A11_2__Positive
edge_232	Sg_CM31A_52	Sg_B25_38	0.8208	0.8208	0.001	0.001	Positive	Sg_CM31A_52__Sg_B25_38__Positive
edge_233	Sg_CM31A_52	Sg_C03_36	0.5628	0.5628	0.001	0.001	Positive	Sg_CM31A_52__Sg_C03_36__Positive
edge_234	Sg_CM31A_52	Sg_CG50A_74	0.8424	0.8424	0.001	0.001	Positive	Sg_CM31A_52__Sg_CG50A_74__Positive
edge_235	Sg_CM32A_26	Sg_CG50A_22	0.6027	0.6027	0.001	0.001	Positive	Sg_CM32A_26__Sg_CG50A_22__Positive
edge_236	Sg_CM32A_49	Sg_A22_3	0.4669	0.4669	0.001	0.001	Positive	Sg_CM32A_49__Sg_A22_3__Positive
edge_237	Sg_CM32A_49	Sg_B03_29	-0.4507	0.4507	0.001	0.001	Negative	Sg_CM32A_49__Sg_B03_29__Negative
edge_238	Sg_CM32A_49	Sg_CE19A_36	0.4705	0.4705	0.001	0.001	Positive	Sg_CM32A_49__Sg_CE19A_36__Positive
edge_239	Sg_CM33A_60	Sg_B03_29	0.7326	0.7326	0.001	0.001	Positive	Sg_CM33A_60__Sg_B03_29__Positive
edge_240	Sg_CM33A_60	Sg_B07_50	0.7282	0.7282	0.001	0.001	Positive	Sg_CM33A_60__Sg_B07_50__Positive
edge_241	Sg_CM33A_60	Sg_B15_35	-0.5587	0.5587	0.001	0.001	Negative	Sg_CM33A_60__Sg_B15_35__Negative
edge_242	Sg_CM33A_60	Sg_B19_58	0.6331	0.6331	0.001	0.001	Positive	Sg_CM33A_60__Sg_B19_58__Positive
edge_243	Sg_CM33A_60	Sg_CK05A_46	0.7231	0.7231	0.001	0.001	Positive	Sg_CM33A_60__Sg_CK05A_46__Positive
edge_244	Sg_CM33A_60	Sg_CK52A_43	0.7355	0.7355	0.001	0.001	Positive	Sg_CM33A_60__Sg_CK52A_43__Positive
edge_245	Sg_CM33A_60	Sg_CM17_7	0.7355	0.7355	0.001	0.001	Positive	Sg_CM33A_60__Sg_CM17_7__Positive
edge_246	Sg_CM33A_60	Sg_CM29A_16	0.7775	0.7775	0.001	0.001	Positive	Sg_CM33A_60__Sg_CM29A_16__Positive
edge_247	Sg_CM35A_15	Sg_B03_29	0.5497	0.5497	0.001	0.001	Positive	Sg_CM35A_15__Sg_B03_29__Positive
edge_248	Sg_CM35A_15	Sg_B07_50	0.7525	0.7525	0.001	0.001	Positive	Sg_CM35A_15__Sg_B07_50__Positive
edge_249	Sg_CM35A_15	Sg_B26_4	0.6938	0.6938	0.001	0.001	Positive	Sg_CM35A_15__Sg_B26_4__Positive
edge_250	Sg_CM35A_15	Sg_CM17_58	0.6597	0.6597	0.001	0.001	Positive	Sg_CM35A_15__Sg_CM17_58__Positive
edge_251	Sg_CM35A_15	Sg_CM29A_16	0.7151	0.7151	0.001	0.001	Positive	Sg_CM35A_15__Sg_CM29A_16__Positive
edge_252	Sg_CM35A_15	Sg_CM33A_60	0.7206	0.7206	0.001	0.001	Positive	Sg_CM35A_15__Sg_CM33A_60__Positive
edge_253	Sg_D02_32	Gp_MJ1_272	0.6895	0.6895	0.001	0.001	Positive	Sg_D02_32__Gp_MJ1_272__Positive
edge_254	Sg_D02_32	Sg_A22_19	0.5759	0.5759	0.001	0.001	Positive	Sg_D02_32__Sg_A22_19__Positive
edge_255	Sg_D02_32	Sg_A22_3	0.5702	0.5702	0.001	0.001	Positive	Sg_D02_32__Sg_A22_3__Positive
edge_256	Sg_D02_32	Sg_A22_8	0.7746	0.7746	0.001	0.001	Positive	Sg_D02_32__Sg_A22_8__Positive
edge_257	Sg_D02_32	Sg_A27_31	0.6518	0.6518	0.001	0.001	Positive	Sg_D02_32__Sg_A27_31__Positive
edge_258	Sg_D02_32	Sg_B03_29	-0.6217	0.6217	0.001	0.001	Negative	Sg_D02_32__Sg_B03_29__Negative
edge_259	Sg_D02_32	Sg_B15_22	0.5383	0.5383	0.001	0.001	Positive	Sg_D02_32__Sg_B15_22__Positive
edge_260	Sg_D02_32	Sg_B15_35	0.7083	0.7083	0.001	0.001	Positive	Sg_D02_32__Sg_B15_35__Positive
edge_261	Sg_D02_32	Sg_CA11_52	0.5667	0.5667	0.001	0.001	Positive	Sg_D02_32__Sg_CA11_52__Positive
edge_262	Sg_D02_32	Sg_CA9_20	0.7037	0.7037	0.001	0.001	Positive	Sg_D02_32__Sg_CA9_20__Positive
edge_263	Sg_D02_32	Sg_CM17_7	-0.6329	0.6329	0.001	0.001	Negative	Sg_D02_32__Sg_CM17_7__Negative
edge_264	Sg_D02_32	Sg_CM31A_43	0.5709	0.5709	0.001	0.001	Positive	Sg_D02_32__Sg_CM31A_43__Positive
edge_265	Sg_D02_9	Gp_MJ1_12	0.5979	0.5979	0.001	0.001	Positive	Sg_D02_9__Gp_MJ1_12__Positive
edge_266	Sg_D02_9	Gp_NH_148	0.6711	0.6711	0.001	0.001	Positive	Sg_D02_9__Gp_NH_148__Positive
edge_267	Sg_D02_9	Sg_A27_31	0.7265	0.7265	0.001	0.001	Positive	Sg_D02_9__Sg_A27_31__Positive
edge_268	Sg_D02_9	Sg_B04_2	0.6497	0.6497	0.001	0.001	Positive	Sg_D02_9__Sg_B04_2__Positive
edge_269	Sg_D02_9	Sg_CA25_21	-0.5303	0.5303	0.001	0.001	Negative	Sg_D02_9__Sg_CA25_21__Negative
edge_270	Sg_D03_78	Sg_C02_30	0.6293	0.6293	0.001	0.001	Positive	Sg_D03_78__Sg_C02_30__Positive
edge_271	Sg_D03_78	Sg_CA11_3	0.6025	0.6025	0.001	0.001	Positive	Sg_D03_78__Sg_CA11_3__Positive
edge_272	Sg_D09_14	Gp_YAB_339	0.7099	0.7099	0.001	0.001	Positive	Sg_D09_14__Gp_YAB_339__Positive
edge_273	Sg_D09_14	Sg_A11_12	0.8574	0.8574	0.001	0.001	Positive	Sg_D09_14__Sg_A11_12__Positive
edge_274	Sg_D09_14	Sg_A11_2	0.7325	0.7325	0.001	0.001	Positive	Sg_D09_14__Sg_A11_2__Positive
edge_275	Sg_D09_14	Sg_B25_38	0.8594	0.8594	0.001	0.001	Positive	Sg_D09_14__Sg_B25_38__Positive
edge_276	Sg_D09_14	Sg_C03_36	0.6437	0.6437	0.001	0.001	Positive	Sg_D09_14__Sg_C03_36__Positive
edge_277	Sg_D09_14	Sg_CG50A_74	0.8206	0.8206	0.001	0.001	Positive	Sg_D09_14__Sg_CG50A_74__Positive
edge_278	Sg_D09_14	Sg_CM31A_52	0.8806	0.8806	0.001	0.001	Positive	Sg_D09_14__Sg_CM31A_52__Positive
edge_279	Sg_D10_17	Gp_MJ2_113	0.6213	0.6213	0.001	0.001	Positive	Sg_D10_17__Gp_MJ2_113__Positive
edge_280	Sg_D10_17	Gp_MJ3_477	0.6094	0.6094	0.001	0.001	Positive	Sg_D10_17__Gp_MJ3_477__Positive
edge_281	Sg_D10_17	Sg_B07_12	0.508	0.508	0.001	0.001	Positive	Sg_D10_17__Sg_B07_12__Positive
edge_282	Sg_D10_17	Sg_B08_36	0.582	0.582	0.001	0.001	Positive	Sg_D10_17__Sg_B08_36__Positive
edge_283	Sg_D10_17	Sg_B14_13	0.4787	0.4787	0.001	0.001	Positive	Sg_D10_17__Sg_B14_13__Positive
edge_284	Sg_D10_17	Sg_B15_23	0.9053	0.9053	0.001	0.001	Positive	Sg_D10_17__Sg_B15_23__Positive
edge_285	Sg_D10_17	Sg_CA25_21	0.4582	0.4582	0.001	0.001	Positive	Sg_D10_17__Sg_CA25_21__Positive
edge_286	Sg_D10_17	Sg_CD24A_10	0.5199	0.5199	0.001	0.001	Positive	Sg_D10_17__Sg_CD24A_10__Positive
edge_287	Sg_D10_17	Sg_CD30A_34	0.7227	0.7227	0.001	0.001	Positive	Sg_D10_17__Sg_CD30A_34__Positive
edge_288	Sg_D10_17	Sg_CK05A_18	0.5728	0.5728	0.001	0.001	Positive	Sg_D10_17__Sg_CK05A_18__Positive
edge_289	Sg_D10_17	Sg_CK52A_74	0.4909	0.4909	0.001	0.001	Positive	Sg_D10_17__Sg_CK52A_74__Positive
edge_290	Sg_D10_17	Sg_CM21_15	0.5036	0.5036	0.001	0.001	Positive	Sg_D10_17__Sg_CM21_15__Positive
edge_291	Sg_D10_17	Sg_CM21_57	0.8026	0.8026	0.001	0.001	Positive	Sg_D10_17__Sg_CM21_57__Positive
edge_292	Sg_D18_45	Gp_MJ1_12	0.6154	0.6154	0.001	0.001	Positive	Sg_D18_45__Gp_MJ1_12__Positive
edge_293	Sg_D18_45	Sg_A22_8	0.6551	0.6551	0.001	0.001	Positive	Sg_D18_45__Sg_A22_8__Positive
edge_294	Sg_D18_45	Sg_A27_31	0.7683	0.7683	0.001	0.001	Positive	Sg_D18_45__Sg_A27_31__Positive
edge_295	Sg_D18_45	Sg_B04_2	0.6396	0.6396	0.001	0.001	Positive	Sg_D18_45__Sg_B04_2__Positive
edge_296	Sg_D18_45	Sg_CA9_20	0.7016	0.7016	0.001	0.001	Positive	Sg_D18_45__Sg_CA9_20__Positive
edge_297	Sg_E04_12	Gp_MJ1_272	0.5409	0.5409	0.001	0.001	Positive	Sg_E04_12__Gp_MJ1_272__Positive
edge_298	Sg_E04_12	Gp_MJ1_444	0.5441	0.5441	0.001	0.001	Positive	Sg_E04_12__Gp_MJ1_444__Positive
edge_299	Sg_E04_12	Sg_A22_19	0.6872	0.6872	0.001	0.001	Positive	Sg_E04_12__Sg_A22_19__Positive
edge_300	Sg_E04_12	Sg_A22_3	0.6994	0.6994	0.001	0.001	Positive	Sg_E04_12__Sg_A22_3__Positive
edge_301	Sg_E04_12	Sg_A22_8	0.6558	0.6558	0.001	0.001	Positive	Sg_E04_12__Sg_A22_8__Positive
edge_302	Sg_E04_12	Sg_B03_29	-0.6414	0.6414	0.001	0.001	Negative	Sg_E04_12__Sg_B03_29__Negative
edge_303	Sg_E04_12	Sg_B15_35	0.7039	0.7039	0.001	0.001	Positive	Sg_E04_12__Sg_B15_35__Positive
edge_304	Sg_E04_12	Sg_B25_10	0.6426	0.6426	0.001	0.001	Positive	Sg_E04_12__Sg_B25_10__Positive
edge_305	Sg_E04_12	Sg_C02_30	-0.3978	0.3978	0.001	0.001	Negative	Sg_E04_12__Sg_C02_30__Negative
edge_306	Sg_E04_12	Sg_C04_33	-0.5127	0.5127	0.001	0.001	Negative	Sg_E04_12__Sg_C04_33__Negative
edge_307	Sg_E04_12	Sg_CA9_20	0.5799	0.5799	0.001	0.001	Positive	Sg_E04_12__Sg_CA9_20__Positive
edge_308	Sg_E04_12	Sg_CE19A_36	0.4933	0.4933	0.001	0.001	Positive	Sg_E04_12__Sg_CE19A_36__Positive
edge_309	Sg_E04_12	Sg_D02_32	0.7233	0.7233	0.001	0.001	Positive	Sg_E04_12__Sg_D02_32__Positive
edge_310	Sg_E06_10	Sg_B03_29	0.5689	0.5689	0.001	0.001	Positive	Sg_E06_10__Sg_B03_29__Positive
edge_311	Sg_E06_10	Sg_CK52A_43	0.6861	0.6861	0.001	0.001	Positive	Sg_E06_10__Sg_CK52A_43__Positive
edge_312	Sg_E06_10	Sg_CM17_7	0.7406	0.7406	0.001	0.001	Positive	Sg_E06_10__Sg_CM17_7__Positive
edge_313	Sg_E06_10	Sg_CM33A_60	0.6888	0.6888	0.001	0.001	Positive	Sg_E06_10__Sg_CM33A_60__Positive
edge_314	Sg_E06_10	Sg_CM35A_15	0.6807	0.6807	0.001	0.001	Positive	Sg_E06_10__Sg_CM35A_15__Positive
edge_315	Sg_E06_24	Sg_B19_40	0.771	0.771	0.001	0.001	Positive	Sg_E06_24__Sg_B19_40__Positive
edge_316	Sg_E06_24	Sg_CB03_47	0.6105	0.6105	0.001	0.001	Positive	Sg_E06_24__Sg_CB03_47__Positive
edge_317	Sg_E10_50	Gp_MJ1_12	0.7054	0.7054	0.001	0.001	Positive	Sg_E10_50__Gp_MJ1_12__Positive
edge_318	Sg_E10_50	Gp_MJ4_197	0.7031	0.7031	0.001	0.001	Positive	Sg_E10_50__Gp_MJ4_197__Positive
edge_319	Sg_E10_50	Sg_A22_8	0.7298	0.7298	0.001	0.001	Positive	Sg_E10_50__Sg_A22_8__Positive
edge_320	Sg_E10_50	Sg_A27_31	0.7051	0.7051	0.001	0.001	Positive	Sg_E10_50__Sg_A27_31__Positive
edge_321	Sg_E10_50	Sg_CA11_52	0.535	0.535	0.001	0.001	Positive	Sg_E10_50__Sg_CA11_52__Positive
edge_322	Sg_E10_50	Sg_CA9_20	0.7274	0.7274	0.001	0.001	Positive	Sg_E10_50__Sg_CA9_20__Positive
edge_323	Sg_E10_50	Sg_CM32A_49	0.5121	0.5121	0.001	0.001	Positive	Sg_E10_50__Sg_CM32A_49__Positive
edge_324	Sg_E10_50	Sg_D02_32	0.6528	0.6528	0.001	0.001	Positive	Sg_E10_50__Sg_D02_32__Positive
edge_325	Sg_E10_50	Sg_D18_45	0.6413	0.6413	0.001	0.001	Positive	Sg_E10_50__Sg_D18_45__Positive
edge_326	Sg_EA47_17	Gp_YAB_339	0.5609	0.5609	0.001	0.001	Positive	Sg_EA47_17__Gp_YAB_339__Positive
edge_327	Sg_EA47_17	Sg_A11_12	0.7208	0.7208	0.001	0.001	Positive	Sg_EA47_17__Sg_A11_12__Positive
edge_328	Sg_EA47_17	Sg_A11_2	0.6964	0.6964	0.001	0.001	Positive	Sg_EA47_17__Sg_A11_2__Positive
edge_329	Sg_EA47_17	Sg_B25_38	0.7712	0.7712	0.001	0.001	Positive	Sg_EA47_17__Sg_B25_38__Positive
edge_330	Sg_EA47_17	Sg_C03_36	0.5488	0.5488	0.001	0.001	Positive	Sg_EA47_17__Sg_C03_36__Positive
edge_331	Sg_EA47_17	Sg_CG50A_74	0.668	0.668	0.001	0.001	Positive	Sg_EA47_17__Sg_CG50A_74__Positive
edge_332	Sg_EA47_17	Sg_CM31A_52	0.6455	0.6455	0.001	0.001	Positive	Sg_EA47_17__Sg_CM31A_52__Positive
edge_333	Sg_EA47_17	Sg_D09_14	0.7429	0.7429	0.001	0.001	Positive	Sg_EA47_17__Sg_D09_14__Positive
edge_334	Sg_EA47_9	Sg_D18_45	0.4962	0.4962	0.001	0.001	Positive	Sg_EA47_9__Sg_D18_45__Positive
edge_335	Sg_EA57_9	Gp_MJ4_65	0.534	0.534	0.001	0.001	Positive	Sg_EA57_9__Gp_MJ4_65__Positive
edge_336	Sg_EA57_9	Sg_A19_11	0.5476	0.5476	0.001	0.001	Positive	Sg_EA57_9__Sg_A19_11__Positive
edge_337	Sg_EA57_9	Sg_A22_8	0.5913	0.5913	0.001	0.001	Positive	Sg_EA57_9__Sg_A22_8__Positive
edge_338	Sg_EA57_9	Sg_B03_29	-0.5156	0.5156	0.001	0.001	Negative	Sg_EA57_9__Sg_B03_29__Negative
edge_339	Sg_EA57_9	Sg_B15_22	0.8066	0.8066	0.001	0.001	Positive	Sg_EA57_9__Sg_B15_22__Positive
edge_340	Sg_EA57_9	Sg_B15_35	0.5223	0.5223	0.001	0.001	Positive	Sg_EA57_9__Sg_B15_35__Positive
edge_341	Sg_EA57_9	Sg_CA11_52	0.8248	0.8248	0.001	0.001	Positive	Sg_EA57_9__Sg_CA11_52__Positive
edge_342	Sg_EA57_9	Sg_CM31A_43	0.8306	0.8306	0.001	0.001	Positive	Sg_EA57_9__Sg_CM31A_43__Positive
edge_343	Sg_EA57_9	Sg_D02_32	0.5882	0.5882	0.001	0.001	Positive	Sg_EA57_9__Sg_D02_32__Positive
edge_344	Sg_EA57_9	Sg_E04_12	0.5647	0.5647	0.001	0.001	Positive	Sg_EA57_9__Sg_E04_12__Positive
edge_345	Sg_EA61_27	Sg_B19_40	0.814	0.814	0.001	0.001	Positive	Sg_EA61_27__Sg_B19_40__Positive
edge_346	Sg_EA61_27	Sg_CB03_47	0.5666	0.5666	0.001	0.001	Positive	Sg_EA61_27__Sg_CB03_47__Positive
edge_347	Sg_EA61_27	Sg_E06_24	0.7615	0.7615	0.001	0.001	Positive	Sg_EA61_27__Sg_E06_24__Positive
edge_348	Sg_EB08_12	Sg_A19_11	0.3988	0.3988	0.001	0.001	Positive	Sg_EB08_12__Sg_A19_11__Positive
edge_349	Sg_EB08_12	Sg_B25_10	0.6725	0.6725	0.001	0.001	Positive	Sg_EB08_12__Sg_B25_10__Positive
edge_350	Sg_EB08_12	Sg_EA57_9	0.5527	0.5527	0.001	0.001	Positive	Sg_EB08_12__Sg_EA57_9__Positive
edge_351	Sg_EB09_7	Gp_YAB_339	0.6561	0.6561	0.001	0.001	Positive	Sg_EB09_7__Gp_YAB_339__Positive
edge_352	Sg_EB09_7	Sg_A11_12	0.8357	0.8357	0.001	0.001	Positive	Sg_EB09_7__Sg_A11_12__Positive
edge_353	Sg_EB09_7	Sg_A11_2	0.7953	0.7953	0.001	0.001	Positive	Sg_EB09_7__Sg_A11_2__Positive
edge_354	Sg_EB09_7	Sg_B25_38	0.8429	0.8429	0.001	0.001	Positive	Sg_EB09_7__Sg_B25_38__Positive
edge_355	Sg_EB09_7	Sg_C03_36	0.5907	0.5907	0.001	0.001	Positive	Sg_EB09_7__Sg_C03_36__Positive
edge_356	Sg_EB09_7	Sg_CG50A_74	0.7809	0.7809	0.001	0.001	Positive	Sg_EB09_7__Sg_CG50A_74__Positive
edge_357	Sg_EB09_7	Sg_CM31A_52	0.7278	0.7278	0.001	0.001	Positive	Sg_EB09_7__Sg_CM31A_52__Positive
edge_358	Sg_EB09_7	Sg_D09_14	0.7746	0.7746	0.001	0.001	Positive	Sg_EB09_7__Sg_D09_14__Positive
edge_359	Sg_EB09_7	Sg_EA47_17	0.865	0.865	0.001	0.001	Positive	Sg_EB09_7__Sg_EA47_17__Positive
edge_360	Sg_EB10_11	Sg_B19_40	0.9001	0.9001	0.001	0.001	Positive	Sg_EB10_11__Sg_B19_40__Positive
edge_361	Sg_EB10_11	Sg_E06_24	0.7712	0.7712	0.001	0.001	Positive	Sg_EB10_11__Sg_E06_24__Positive
edge_362	Sg_EB10_11	Sg_EA61_27	0.7873	0.7873	0.001	0.001	Positive	Sg_EB10_11__Sg_EA61_27__Positive
edge_363	Sg_EB13_4	Gp_MJ2_113	0.7261	0.7261	0.001	0.001	Positive	Sg_EB13_4__Gp_MJ2_113__Positive
edge_364	Sg_EB13_4	Gp_MJ3_477	0.7024	0.7024	0.001	0.001	Positive	Sg_EB13_4__Gp_MJ3_477__Positive
edge_365	Sg_EB13_4	Sg_A34_19	0.4818	0.4818	0.001	0.001	Positive	Sg_EB13_4__Sg_A34_19__Positive
edge_366	Sg_EB13_4	Sg_B08_36	0.5467	0.5467	0.001	0.001	Positive	Sg_EB13_4__Sg_B08_36__Positive
edge_367	Sg_EB13_4	Sg_B14_13	0.7336	0.7336	0.001	0.001	Positive	Sg_EB13_4__Sg_B14_13__Positive
edge_368	Sg_EB13_4	Sg_B15_23	0.7678	0.7678	0.001	0.001	Positive	Sg_EB13_4__Sg_B15_23__Positive
edge_369	Sg_EB13_4	Sg_CA25_21	0.5858	0.5858	0.001	0.001	Positive	Sg_EB13_4__Sg_CA25_21__Positive
edge_370	Sg_EB13_4	Sg_CD24A_10	0.6235	0.6235	0.001	0.001	Positive	Sg_EB13_4__Sg_CD24A_10__Positive
edge_371	Sg_EB13_4	Sg_CD30A_34	0.7237	0.7237	0.001	0.001	Positive	Sg_EB13_4__Sg_CD30A_34__Positive
edge_372	Sg_EB13_4	Sg_CE19A_24	0.501	0.501	0.001	0.001	Positive	Sg_EB13_4__Sg_CE19A_24__Positive
edge_373	Sg_EB13_4	Sg_CK05A_18	0.6847	0.6847	0.001	0.001	Positive	Sg_EB13_4__Sg_CK05A_18__Positive
edge_374	Sg_EB13_4	Sg_CK51A_47	0.4578	0.4578	0.001	0.001	Positive	Sg_EB13_4__Sg_CK51A_47__Positive
edge_375	Sg_EB13_4	Sg_CK52A_74	0.5823	0.5823	0.001	0.001	Positive	Sg_EB13_4__Sg_CK52A_74__Positive
edge_376	Sg_EB13_4	Sg_CM21_15	0.635	0.635	0.001	0.001	Positive	Sg_EB13_4__Sg_CM21_15__Positive
edge_377	Sg_EB13_4	Sg_CM21_57	0.7458	0.7458	0.001	0.001	Positive	Sg_EB13_4__Sg_CM21_57__Positive
edge_378	Sg_EB13_4	Sg_D10_17	0.7239	0.7239	0.001	0.001	Positive	Sg_EB13_4__Sg_D10_17__Positive
edge_379	Sg_EB21_10	Sg_B19_40	0.7275	0.7275	0.001	0.001	Positive	Sg_EB21_10__Sg_B19_40__Positive
edge_380	Sg_EB21_10	Sg_CB03_47	0.6109	0.6109	0.001	0.001	Positive	Sg_EB21_10__Sg_CB03_47__Positive
edge_381	Sg_EB21_10	Sg_E06_24	0.7729	0.7729	0.001	0.001	Positive	Sg_EB21_10__Sg_E06_24__Positive
edge_382	Sg_EB21_10	Sg_EA61_27	0.8134	0.8134	0.001	0.001	Positive	Sg_EB21_10__Sg_EA61_27__Positive
edge_383	Sg_EB21_10	Sg_EB10_11	0.7339	0.7339	0.001	0.001	Positive	Sg_EB21_10__Sg_EB10_11__Positive
edge_384	Sg_EM03_7	Sg_CD24A_10	0.4907	0.4907	0.001	0.001	Positive	Sg_EM03_7__Sg_CD24A_10__Positive
edge_385	Sg_EM12_46	Sg_A27_31	-0.5082	0.5082	0.001	0.001	Negative	Sg_EM12_46__Sg_A27_31__Negative
edge_386	Sg_EM12_46	Sg_B07_62	0.5058	0.5058	0.001	0.001	Positive	Sg_EM12_46__Sg_B07_62__Positive
edge_387	Sg_EM12_46	Sg_CA25_21	0.5424	0.5424	0.001	0.001	Positive	Sg_EM12_46__Sg_CA25_21__Positive
edge_388	Sg_EM12_46	Sg_CD24A_10	0.5134	0.5134	0.001	0.001	Positive	Sg_EM12_46__Sg_CD24A_10__Positive
edge_389	Sg_EM12_46	Sg_CD26A_19	0.5657	0.5657	0.001	0.001	Positive	Sg_EM12_46__Sg_CD26A_19__Positive
edge_390	Sg_EM12_46	Sg_CD30A_34	0.5242	0.5242	0.001	0.001	Positive	Sg_EM12_46__Sg_CD30A_34__Positive
edge_391	Sg_EM12_46	Sg_CK05A_18	0.552	0.552	0.001	0.001	Positive	Sg_EM12_46__Sg_CK05A_18__Positive
edge_392	Sg_EM12_61	Sg_A37_36	0.6401	0.6401	0.001	0.001	Positive	Sg_EM12_61__Sg_A37_36__Positive
edge_393	Sg_EM22_6	Gp_YAB_339	0.7605	0.7605	0.001	0.001	Positive	Sg_EM22_6__Gp_YAB_339__Positive
edge_394	Sg_EM22_6	Sg_A11_12	0.8343	0.8343	0.001	0.001	Positive	Sg_EM22_6__Sg_A11_12__Positive
edge_395	Sg_EM22_6	Sg_A11_2	0.8351	0.8351	0.001	0.001	Positive	Sg_EM22_6__Sg_A11_2__Positive
edge_396	Sg_EM22_6	Sg_B25_38	0.7595	0.7595	0.001	0.001	Positive	Sg_EM22_6__Sg_B25_38__Positive
edge_397	Sg_EM22_6	Sg_C03_36	0.6978	0.6978	0.001	0.001	Positive	Sg_EM22_6__Sg_C03_36__Positive
edge_398	Sg_EM22_6	Sg_CG50A_74	0.9123	0.9123	0.001	0.001	Positive	Sg_EM22_6__Sg_CG50A_74__Positive
edge_399	Sg_EM22_6	Sg_CM31A_52	0.8133	0.8133	0.001	0.001	Positive	Sg_EM22_6__Sg_CM31A_52__Positive
edge_400	Sg_EM22_6	Sg_D09_14	0.7812	0.7812	0.001	0.001	Positive	Sg_EM22_6__Sg_D09_14__Positive
edge_401	Sg_EM22_6	Sg_EA47_17	0.6434	0.6434	0.001	0.001	Positive	Sg_EM22_6__Sg_EA47_17__Positive
edge_402	Sg_EM22_6	Sg_EB09_7	0.7639	0.7639	0.001	0.001	Positive	Sg_EM22_6__Sg_EB09_7__Positive
edge_403	Sg_EM25_40	Sg_CA11_3	0.5471	0.5471	0.001	0.001	Positive	Sg_EM25_40__Sg_CA11_3__Positive
edge_404	Sg_EM30_38	Gp_YAB_333	0.557	0.557	0.001	0.001	Positive	Sg_EM30_38__Gp_YAB_333__Positive
edge_405	Sg_EM30_38	Sg_A20_35	0.5079	0.5079	0.001	0.001	Positive	Sg_EM30_38__Sg_A20_35__Positive
edge_406	Sg_EM30_38	Sg_A27_23	0.5226	0.5226	0.001	0.001	Positive	Sg_EM30_38__Sg_A27_23__Positive
edge_407	Sg_EM30_38	Sg_A28_8	0.621	0.621	0.001	0.001	Positive	Sg_EM30_38__Sg_A28_8__Positive
edge_408	Sg_EM30_38	Sg_CG50A_49	0.5531	0.5531	0.001	0.001	Positive	Sg_EM30_38__Sg_CG50A_49__Positive
edge_409	Sg_EM30_38	Sg_CM17_16	0.6119	0.6119	0.001	0.001	Positive	Sg_EM30_38__Sg_CM17_16__Positive
edge_410	Sg_EM34_4	Gp_YAB_339	0.6694	0.6694	0.001	0.001	Positive	Sg_EM34_4__Gp_YAB_339__Positive
edge_411	Sg_EM34_4	Sg_A11_12	0.8048	0.8048	0.001	0.001	Positive	Sg_EM34_4__Sg_A11_12__Positive
edge_412	Sg_EM34_4	Sg_B25_38	0.6355	0.6355	0.001	0.001	Positive	Sg_EM34_4__Sg_B25_38__Positive
edge_413	Sg_EM34_4	Sg_CG50A_74	0.6469	0.6469	0.001	0.001	Positive	Sg_EM34_4__Sg_CG50A_74__Positive
edge_414	Sg_EM34_4	Sg_CM31A_52	0.8678	0.8678	0.001	0.001	Positive	Sg_EM34_4__Sg_CM31A_52__Positive
edge_415	Sg_EM34_4	Sg_D09_14	0.7262	0.7262	0.001	0.001	Positive	Sg_EM34_4__Sg_D09_14__Positive
edge_416	Sg_EM34_4	Sg_EM22_6	0.6569	0.6569	0.001	0.001	Positive	Sg_EM34_4__Sg_EM22_6__Positive
edge_417	Sg_G06_9	Gp_MJ3_477	0.4741	0.4741	0.001	0.001	Positive	Sg_G06_9__Gp_MJ3_477__Positive
edge_418	Sg_G09_4	Sg_EM12_46	0.4967	0.4967	0.001	0.001	Positive	Sg_G09_4__Sg_EM12_46__Positive
edge_419	Sg_G10_35	Sg_EB03_22	0.8051	0.8051	0.001	0.001	Positive	Sg_G10_35__Sg_EB03_22__Positive
edge_420	Sg_G18_19	Gp_MJ2_113	0.5706	0.5706	0.001	0.001	Positive	Sg_G18_19__Gp_MJ2_113__Positive
edge_421	Sg_G18_19	Gp_meta27_511	0.5291	0.5291	0.001	0.001	Positive	Sg_G18_19__Gp_meta27_511__Positive
edge_422	Sg_G18_19	Sg_B07_38	0.4947	0.4947	0.001	0.001	Positive	Sg_G18_19__Sg_B07_38__Positive
edge_423	Sg_G18_19	Sg_CE19A_24	0.5484	0.5484	0.001	0.001	Positive	Sg_G18_19__Sg_CE19A_24__Positive
edge_424	Sg_G18_19	Sg_D02_9	-0.6028	0.6028	0.001	0.001	Negative	Sg_G18_19__Sg_D02_9__Negative
edge_425	Sg_G18_19	Sg_G09_4	0.5571	0.5571	0.001	0.001	Positive	Sg_G18_19__Sg_G09_4__Positive
edge_426	Sg_G19_41	Sg_CA9_20	0.5691	0.5691	0.001	0.001	Positive	Sg_G19_41__Sg_CA9_20__Positive
edge_427	Sg_G21_58	Sg_C02_30	0.7105	0.7105	0.001	0.001	Positive	Sg_G21_58__Sg_C02_30__Positive
edge_428	Sg_G21_58	Sg_CA11_3	0.7291	0.7291	0.001	0.001	Positive	Sg_G21_58__Sg_CA11_3__Positive
edge_429	Sg_G21_58	Sg_D03_78	0.6228	0.6228	0.001	0.001	Positive	Sg_G21_58__Sg_D03_78__Positive
edge_430	Sg_G22_16	Gp_YAB_339	0.7495	0.7495	0.001	0.001	Positive	Sg_G22_16__Gp_YAB_339__Positive
edge_431	Sg_G22_16	Sg_A11_12	0.8935	0.8935	0.001	0.001	Positive	Sg_G22_16__Sg_A11_12__Positive
edge_432	Sg_G22_16	Sg_A11_2	0.6935	0.6935	0.001	0.001	Positive	Sg_G22_16__Sg_A11_2__Positive
edge_433	Sg_G22_16	Sg_B25_38	0.8002	0.8002	0.001	0.001	Positive	Sg_G22_16__Sg_B25_38__Positive
edge_434	Sg_G22_16	Sg_C03_36	0.6006	0.6006	0.001	0.001	Positive	Sg_G22_16__Sg_C03_36__Positive
edge_435	Sg_G22_16	Sg_CG50A_74	0.7909	0.7909	0.001	0.001	Positive	Sg_G22_16__Sg_CG50A_74__Positive
edge_436	Sg_G22_16	Sg_CM31A_52	0.8328	0.8328	0.001	0.001	Positive	Sg_G22_16__Sg_CM31A_52__Positive
edge_437	Sg_G22_16	Sg_D09_14	0.8335	0.8335	0.001	0.001	Positive	Sg_G22_16__Sg_D09_14__Positive
edge_438	Sg_G22_16	Sg_EA47_17	0.7711	0.7711	0.001	0.001	Positive	Sg_G22_16__Sg_EA47_17__Positive
edge_439	Sg_G22_16	Sg_EB09_7	0.8254	0.8254	0.001	0.001	Positive	Sg_G22_16__Sg_EB09_7__Positive
edge_440	Sg_G22_16	Sg_EM22_6	0.7925	0.7925	0.001	0.001	Positive	Sg_G22_16__Sg_EM22_6__Positive
edge_441	Sg_G22_16	Sg_EM34_4	0.6836	0.6836	0.001	0.001	Positive	Sg_G22_16__Sg_EM34_4__Positive
edge_442	Sg_G26_10	Sg_B03_29	0.5945	0.5945	0.001	0.001	Positive	Sg_G26_10__Sg_B03_29__Positive
edge_443	Sg_G26_10	Sg_C04_33	0.5613	0.5613	0.001	0.001	Positive	Sg_G26_10__Sg_C04_33__Positive
edge_444	Sg_G26_10	Sg_CK52A_43	0.5854	0.5854	0.001	0.001	Positive	Sg_G26_10__Sg_CK52A_43__Positive
edge_445	Sg_G26_10	Sg_CM17_7	0.6054	0.6054	0.001	0.001	Positive	Sg_G26_10__Sg_CM17_7__Positive
edge_446	Sg_G26_10	Sg_CM29A_16	0.5567	0.5567	0.001	0.001	Positive	Sg_G26_10__Sg_CM29A_16__Positive
edge_447	Sg_G26_10	Sg_CM33A_60	0.5649	0.5649	0.001	0.001	Positive	Sg_G26_10__Sg_CM33A_60__Positive
edge_448	Sg_G26_10	Sg_E04_12	-0.559	0.559	0.001	0.001	Negative	Sg_G26_10__Sg_E04_12__Negative
edge_449	Sg_G26_22	Gp_MJ2_113	0.6232	0.6232	0.001	0.001	Positive	Sg_G26_22__Gp_MJ2_113__Positive
edge_450	Sg_G26_22	Gp_MJ3_477	0.5531	0.5531	0.001	0.001	Positive	Sg_G26_22__Gp_MJ3_477__Positive
edge_451	Sg_G26_22	Sg_B07_12	0.619	0.619	0.001	0.001	Positive	Sg_G26_22__Sg_B07_12__Positive
edge_452	Sg_G26_22	Sg_B07_53	0.5577	0.5577	0.001	0.001	Positive	Sg_G26_22__Sg_B07_53__Positive
edge_453	Sg_G26_22	Sg_B07_62	0.5695	0.5695	0.001	0.001	Positive	Sg_G26_22__Sg_B07_62__Positive
edge_454	Sg_G26_22	Sg_B14_13	0.616	0.616	0.001	0.001	Positive	Sg_G26_22__Sg_B14_13__Positive
edge_455	Sg_G26_22	Sg_B15_23	0.6818	0.6818	0.001	0.001	Positive	Sg_G26_22__Sg_B15_23__Positive
edge_456	Sg_G26_22	Sg_CA25_21	0.6366	0.6366	0.001	0.001	Positive	Sg_G26_22__Sg_CA25_21__Positive
edge_457	Sg_G26_22	Sg_CD24A_10	0.6349	0.6349	0.001	0.001	Positive	Sg_G26_22__Sg_CD24A_10__Positive
edge_458	Sg_G26_22	Sg_CD30A_34	0.7482	0.7482	0.001	0.001	Positive	Sg_G26_22__Sg_CD30A_34__Positive
edge_459	Sg_G26_22	Sg_CK05A_18	0.6502	0.6502	0.001	0.001	Positive	Sg_G26_22__Sg_CK05A_18__Positive
edge_460	Sg_G26_22	Sg_CK52A_74	0.5636	0.5636	0.001	0.001	Positive	Sg_G26_22__Sg_CK52A_74__Positive
edge_461	Sg_G26_22	Sg_CM21_57	0.7106	0.7106	0.001	0.001	Positive	Sg_G26_22__Sg_CM21_57__Positive
edge_462	Sg_G26_22	Sg_D10_17	0.6549	0.6549	0.001	0.001	Positive	Sg_G26_22__Sg_D10_17__Positive
edge_463	Sg_G26_22	Sg_EB13_4	0.7251	0.7251	0.001	0.001	Positive	Sg_G26_22__Sg_EB13_4__Positive
edge_464	Sg_G26_22	Sg_EM12_46	0.5309	0.5309	0.001	0.001	Positive	Sg_G26_22__Sg_EM12_46__Positive
edge_465	Sg_G29_33	Sg_B19_40	0.6838	0.6838	0.001	0.001	Positive	Sg_G29_33__Sg_B19_40__Positive
edge_466	Sg_G29_33	Sg_E06_24	0.6602	0.6602	0.001	0.001	Positive	Sg_G29_33__Sg_E06_24__Positive
edge_467	Sg_G29_33	Sg_EA61_27	0.6747	0.6747	0.001	0.001	Positive	Sg_G29_33__Sg_EA61_27__Positive
edge_468	Sg_G29_33	Sg_EB10_11	0.77	0.77	0.001	0.001	Positive	Sg_G29_33__Sg_EB10_11__Positive
edge_469	Sg_G29_33	Sg_EB21_10	0.7045	0.7045	0.001	0.001	Positive	Sg_G29_33__Sg_EB21_10__Positive
edge_470	Sg_G33_7	Sg_B03_29	0.7061	0.7061	0.001	0.001	Positive	Sg_G33_7__Sg_B03_29__Positive
edge_471	Sg_G33_7	Sg_CM33A_60	0.6861	0.6861	0.001	0.001	Positive	Sg_G33_7__Sg_CM33A_60__Positive
edge_472	Sg_G33_7	Sg_E06_10	0.5552	0.5552	0.001	0.001	Positive	Sg_G33_7__Sg_E06_10__Positive
edge_473	Sg_G33_7	Sg_EA57_9	-0.5758	0.5758	0.001	0.001	Negative	Sg_G33_7__Sg_EA57_9__Negative
edge_474	Sg_G33_7	Sg_G26_10	0.5436	0.5436	0.001	0.001	Positive	Sg_G33_7__Sg_G26_10__Positive
edge_475	Sg_G39_28	Sg_B07_12	0.5035	0.5035	0.001	0.001	Positive	Sg_G39_28__Sg_B07_12__Positive
edge_476	Sg_G39_28	Sg_EM03_7	0.5446	0.5446	0.001	0.001	Positive	Sg_G39_28__Sg_EM03_7__Positive
edge_477	Sg_G43_29	Gp_YAB_333	0.5632	0.5632	0.001	0.001	Positive	Sg_G43_29__Gp_YAB_333__Positive
edge_478	Sg_G43_29	Sg_A20_2	0.5979	0.5979	0.001	0.001	Positive	Sg_G43_29__Sg_A20_2__Positive
edge_479	Sg_G43_29	Sg_A27_23	0.5652	0.5652	0.001	0.001	Positive	Sg_G43_29__Sg_A27_23__Positive
edge_480	Sg_G43_29	Sg_B07_12	0.549	0.549	0.001	0.001	Positive	Sg_G43_29__Sg_B07_12__Positive
edge_481	Sg_G43_29	Sg_CD24A_10	0.5418	0.5418	0.001	0.001	Positive	Sg_G43_29__Sg_CD24A_10__Positive
edge_482	Sg_G43_29	Sg_CD25A_53	0.4743	0.4743	0.001	0.001	Positive	Sg_G43_29__Sg_CD25A_53__Positive
edge_483	Sg_G43_29	Sg_E10_50	-0.4706	0.4706	0.001	0.001	Negative	Sg_G43_29__Sg_E10_50__Negative
edge_484	Sg_G47_17	Sg_A22_19	0.4796	0.4796	0.001	0.001	Positive	Sg_G47_17__Sg_A22_19__Positive
edge_485	Sg_G47_17	Sg_CM35A_15	-0.5016	0.5016	0.001	0.001	Negative	Sg_G47_17__Sg_CM35A_15__Negative
edge_486	Sg_G47_17	Sg_E04_12	0.5895	0.5895	0.001	0.001	Positive	Sg_G47_17__Sg_E04_12__Positive
edge_487	Sg_H04_45	Sg_C02_30	0.8265	0.8265	0.001	0.001	Positive	Sg_H04_45__Sg_C02_30__Positive
edge_488	Sg_H04_45	Sg_CA11_3	0.7174	0.7174	0.001	0.001	Positive	Sg_H04_45__Sg_CA11_3__Positive
edge_489	Sg_H04_45	Sg_D03_78	0.6737	0.6737	0.001	0.001	Positive	Sg_H04_45__Sg_D03_78__Positive
edge_490	Sg_H04_45	Sg_G21_58	0.7629	0.7629	0.001	0.001	Positive	Sg_H04_45__Sg_G21_58__Positive
edge_491	Sg_I05_27	Sg_A22_8	-0.7091	0.7091	0.001	0.001	Negative	Sg_I05_27__Sg_A22_8__Negative
edge_492	Sg_I05_27	Sg_CA9_20	-0.673	0.673	0.001	0.001	Negative	Sg_I05_27__Sg_CA9_20__Negative
edge_493	Sg_I05_27	Sg_CM17_7	0.8326	0.8326	0.001	0.001	Positive	Sg_I05_27__Sg_CM17_7__Positive
edge_494	Sg_I05_27	Sg_D02_32	-0.6067	0.6067	0.001	0.001	Negative	Sg_I05_27__Sg_D02_32__Negative
edge_495	Sg_I05_27	Sg_E10_50	-0.5464	0.5464	0.001	0.001	Negative	Sg_I05_27__Sg_E10_50__Negative
edge_496	Sg_I06_25	Gp_MJ1_12	0.6246	0.6246	0.001	0.001	Positive	Sg_I06_25__Gp_MJ1_12__Positive
edge_497	Sg_I06_25	Sg_A22_8	0.7177	0.7177	0.001	0.001	Positive	Sg_I06_25__Sg_A22_8__Positive
edge_498	Sg_I06_25	Sg_CA9_20	0.6578	0.6578	0.001	0.001	Positive	Sg_I06_25__Sg_CA9_20__Positive
edge_499	Sg_I06_25	Sg_CM17_7	-0.5828	0.5828	0.001	0.001	Negative	Sg_I06_25__Sg_CM17_7__Negative
edge_500	Sg_I06_25	Sg_D02_32	0.6851	0.6851	0.001	0.001	Positive	Sg_I06_25__Sg_D02_32__Positive
edge_501	Sg_I06_25	Sg_E04_12	0.5919	0.5919	0.001	0.001	Positive	Sg_I06_25__Sg_E04_12__Positive
edge_502	Sg_I07_11	Gp_YAB_339	0.7188	0.7188	0.001	0.001	Positive	Sg_I07_11__Gp_YAB_339__Positive
edge_503	Sg_I07_11	Sg_A11_12	0.8487	0.8487	0.001	0.001	Positive	Sg_I07_11__Sg_A11_12__Positive
edge_504	Sg_I07_11	Sg_B25_38	0.6557	0.6557	0.001	0.001	Positive	Sg_I07_11__Sg_B25_38__Positive
edge_505	Sg_I07_11	Sg_CG50A_74	0.6974	0.6974	0.001	0.001	Positive	Sg_I07_11__Sg_CG50A_74__Positive
edge_506	Sg_I07_11	Sg_CM31A_52	0.8583	0.8583	0.001	0.001	Positive	Sg_I07_11__Sg_CM31A_52__Positive
edge_507	Sg_I07_11	Sg_D09_14	0.7294	0.7294	0.001	0.001	Positive	Sg_I07_11__Sg_D09_14__Positive
edge_508	Sg_I07_11	Sg_EB09_7	0.5524	0.5524	0.001	0.001	Positive	Sg_I07_11__Sg_EB09_7__Positive
edge_509	Sg_I07_11	Sg_EM22_6	0.6929	0.6929	0.001	0.001	Positive	Sg_I07_11__Sg_EM22_6__Positive
edge_510	Sg_I07_11	Sg_EM34_4	0.9357	0.9357	0.001	0.001	Positive	Sg_I07_11__Sg_EM34_4__Positive
edge_511	Sg_I07_11	Sg_G22_16	0.71	0.71	0.001	0.001	Positive	Sg_I07_11__Sg_G22_16__Positive
edge_512	Sg_I12_32	Sg_A19_51	0.6516	0.6516	0.001	0.001	Positive	Sg_I12_32__Sg_A19_51__Positive
edge_513	Sg_I12_32	Sg_B15_52	0.5474	0.5474	0.001	0.001	Positive	Sg_I12_32__Sg_B15_52__Positive
edge_514	Sg_I12_32	Sg_CD23A_20	0.5359	0.5359	0.001	0.001	Positive	Sg_I12_32__Sg_CD23A_20__Positive
edge_515	Sg_I12_32	Sg_CM32A_49	0.4566	0.4566	0.001	0.001	Positive	Sg_I12_32__Sg_CM32A_49__Positive
edge_516	Sg_I12_44	Sg_A22_8	-0.5762	0.5762	0.001	0.001	Negative	Sg_I12_44__Sg_A22_8__Negative
edge_517	Sg_I12_44	Sg_B07_12	0.6008	0.6008	0.001	0.001	Positive	Sg_I12_44__Sg_B07_12__Positive
edge_518	Sg_I12_44	Sg_B27_18	-0.4861	0.4861	0.001	0.001	Negative	Sg_I12_44__Sg_B27_18__Negative
edge_519	Sg_I12_44	Sg_CA25_21	0.5945	0.5945	0.001	0.001	Positive	Sg_I12_44__Sg_CA25_21__Positive
edge_520	Sg_I12_44	Sg_CD24A_10	0.5099	0.5099	0.001	0.001	Positive	Sg_I12_44__Sg_CD24A_10__Positive
edge_521	Sg_I12_44	Sg_D02_32	-0.5536	0.5536	0.001	0.001	Negative	Sg_I12_44__Sg_D02_32__Negative
edge_522	Sg_I12_44	Sg_EM03_7	0.5816	0.5816	0.001	0.001	Positive	Sg_I12_44__Sg_EM03_7__Positive
edge_523	Sg_I12_44	Sg_G09_4	0.613	0.613	0.001	0.001	Positive	Sg_I12_44__Sg_G09_4__Positive
edge_524	Sg_I12_44	Sg_G39_28	0.6137	0.6137	0.001	0.001	Positive	Sg_I12_44__Sg_G39_28__Positive
edge_525	Sg_I12_6	Sg_B19_40	0.82	0.82	0.001	0.001	Positive	Sg_I12_6__Sg_B19_40__Positive
edge_526	Sg_I12_6	Sg_CB03_47	0.5952	0.5952	0.001	0.001	Positive	Sg_I12_6__Sg_CB03_47__Positive
edge_527	Sg_I12_6	Sg_E06_24	0.8451	0.8451	0.001	0.001	Positive	Sg_I12_6__Sg_E06_24__Positive
edge_528	Sg_I12_6	Sg_EA61_27	0.7878	0.7878	0.001	0.001	Positive	Sg_I12_6__Sg_EA61_27__Positive
edge_529	Sg_I12_6	Sg_EB10_11	0.8317	0.8317	0.001	0.001	Positive	Sg_I12_6__Sg_EB10_11__Positive
edge_530	Sg_I12_6	Sg_EB21_10	0.7822	0.7822	0.001	0.001	Positive	Sg_I12_6__Sg_EB21_10__Positive
edge_531	Sg_I12_6	Sg_G29_33	0.6631	0.6631	0.001	0.001	Positive	Sg_I12_6__Sg_G29_33__Positive
edge_532	Sg_K01_5	Sg_B19_40	0.8442	0.8442	0.001	0.001	Positive	Sg_K01_5__Sg_B19_40__Positive
edge_533	Sg_K01_5	Sg_CB03_47	0.4717	0.4717	0.001	0.001	Positive	Sg_K01_5__Sg_CB03_47__Positive
edge_534	Sg_K01_5	Sg_E06_24	0.7778	0.7778	0.001	0.001	Positive	Sg_K01_5__Sg_E06_24__Positive
edge_535	Sg_K01_5	Sg_EA61_27	0.7961	0.7961	0.001	0.001	Positive	Sg_K01_5__Sg_EA61_27__Positive
edge_536	Sg_K01_5	Sg_EB10_11	0.8796	0.8796	0.001	0.001	Positive	Sg_K01_5__Sg_EB10_11__Positive
edge_537	Sg_K01_5	Sg_EB21_10	0.7939	0.7939	0.001	0.001	Positive	Sg_K01_5__Sg_EB21_10__Positive
edge_538	Sg_K01_5	Sg_G29_33	0.8744	0.8744	0.001	0.001	Positive	Sg_K01_5__Sg_G29_33__Positive
edge_539	Sg_K01_5	Sg_I12_6	0.8114	0.8114	0.001	0.001	Positive	Sg_K01_5__Sg_I12_6__Positive
edge_540	Sg_K09_1	Gp_MJ1_272	0.5972	0.5972	0.001	0.001	Positive	Sg_K09_1__Gp_MJ1_272__Positive
edge_541	Sg_K09_1	Sg_A22_3	0.534	0.534	0.001	0.001	Positive	Sg_K09_1__Sg_A22_3__Positive
edge_542	Sg_K09_1	Sg_A22_8	0.7469	0.7469	0.001	0.001	Positive	Sg_K09_1__Sg_A22_8__Positive
edge_543	Sg_K09_1	Sg_B03_29	-0.565	0.565	0.001	0.001	Negative	Sg_K09_1__Sg_B03_29__Negative
edge_544	Sg_K09_1	Sg_B15_35	0.7255	0.7255	0.001	0.001	Positive	Sg_K09_1__Sg_B15_35__Positive
edge_545	Sg_K09_1	Sg_CA9_20	0.6695	0.6695	0.001	0.001	Positive	Sg_K09_1__Sg_CA9_20__Positive
edge_546	Sg_K09_1	Sg_CM29A_16	-0.5623	0.5623	0.001	0.001	Negative	Sg_K09_1__Sg_CM29A_16__Negative
edge_547	Sg_K09_1	Sg_D02_32	0.7753	0.7753	0.001	0.001	Positive	Sg_K09_1__Sg_D02_32__Positive
edge_548	Sg_K09_1	Sg_E04_12	0.7112	0.7112	0.001	0.001	Positive	Sg_K09_1__Sg_E04_12__Positive
edge_549	Sg_K09_1	Sg_E10_50	0.6277	0.6277	0.001	0.001	Positive	Sg_K09_1__Sg_E10_50__Positive
edge_550	Sg_K09_1	Sg_G26_10	-0.5119	0.5119	0.001	0.001	Negative	Sg_K09_1__Sg_G26_10__Negative
edge_551	Sg_K09_61	Gp_YAB_339	0.7745	0.7745	0.001	0.001	Positive	Sg_K09_61__Gp_YAB_339__Positive
edge_552	Sg_K09_61	Sg_A11_12	0.9	0.9	0.001	0.001	Positive	Sg_K09_61__Sg_A11_12__Positive
edge_553	Sg_K09_61	Sg_A11_2	0.7636	0.7636	0.001	0.001	Positive	Sg_K09_61__Sg_A11_2__Positive
edge_554	Sg_K09_61	Sg_B25_38	0.8441	0.8441	0.001	0.001	Positive	Sg_K09_61__Sg_B25_38__Positive
edge_555	Sg_K09_61	Sg_C03_36	0.6199	0.6199	0.001	0.001	Positive	Sg_K09_61__Sg_C03_36__Positive
edge_556	Sg_K09_61	Sg_CG50A_74	0.8437	0.8437	0.001	0.001	Positive	Sg_K09_61__Sg_CG50A_74__Positive
edge_557	Sg_K09_61	Sg_CM31A_52	0.871	0.871	0.001	0.001	Positive	Sg_K09_61__Sg_CM31A_52__Positive
edge_558	Sg_K09_61	Sg_D09_14	0.8266	0.8266	0.001	0.001	Positive	Sg_K09_61__Sg_D09_14__Positive
edge_559	Sg_K09_61	Sg_EA47_17	0.7708	0.7708	0.001	0.001	Positive	Sg_K09_61__Sg_EA47_17__Positive
edge_560	Sg_K09_61	Sg_EB09_7	0.8494	0.8494	0.001	0.001	Positive	Sg_K09_61__Sg_EB09_7__Positive
edge_561	Sg_K09_61	Sg_EM22_6	0.8548	0.8548	0.001	0.001	Positive	Sg_K09_61__Sg_EM22_6__Positive
edge_562	Sg_K09_61	Sg_EM34_4	0.7277	0.7277	0.001	0.001	Positive	Sg_K09_61__Sg_EM34_4__Positive
edge_563	Sg_K09_61	Sg_G22_16	0.8518	0.8518	0.001	0.001	Positive	Sg_K09_61__Sg_G22_16__Positive
edge_564	Sg_K09_61	Sg_I07_11	0.7408	0.7408	0.001	0.001	Positive	Sg_K09_61__Sg_I07_11__Positive
edge_565	Sg_K10_28	Gp_YAB_333	0.6644	0.6644	0.001	0.001	Positive	Sg_K10_28__Gp_YAB_333__Positive
edge_566	Sg_K10_28	Sg_A20_2	0.4516	0.4516	0.001	0.001	Positive	Sg_K10_28__Sg_A20_2__Positive
edge_567	Sg_K10_28	Sg_A20_35	0.6272	0.6272	0.001	0.001	Positive	Sg_K10_28__Sg_A20_35__Positive
edge_568	Sg_K10_28	Sg_A27_23	0.6081	0.6081	0.001	0.001	Positive	Sg_K10_28__Sg_A27_23__Positive
edge_569	Sg_K10_28	Sg_A28_8	0.9242	0.9242	0.001	0.001	Positive	Sg_K10_28__Sg_A28_8__Positive
edge_570	Sg_K10_28	Sg_C02_30	0.4017	0.4017	0.001	0.001	Positive	Sg_K10_28__Sg_C02_30__Positive
edge_571	Sg_K10_28	Sg_CG50A_49	0.7509	0.7509	0.001	0.001	Positive	Sg_K10_28__Sg_CG50A_49__Positive
edge_572	Sg_K10_28	Sg_CM17_16	0.8657	0.8657	0.001	0.001	Positive	Sg_K10_28__Sg_CM17_16__Positive
edge_573	Sg_K10_28	Sg_EM30_38	0.636	0.636	0.001	0.001	Positive	Sg_K10_28__Sg_EM30_38__Positive
edge_574	Sg_K10_28	Sg_I12_32	-0.4289	0.4289	0.001	0.001	Negative	Sg_K10_28__Sg_I12_32__Negative
edge_575	Sg_K14_18	Sg_B07_62	-0.5284	0.5284	0.001	0.001	Negative	Sg_K14_18__Sg_B07_62__Negative
edge_576	Sg_K14_18	Sg_EB03_22	0.8568	0.8568	0.001	0.001	Positive	Sg_K14_18__Sg_EB03_22__Positive
edge_577	Sg_K14_18	Sg_G10_35	0.8417	0.8417	0.001	0.001	Positive	Sg_K14_18__Sg_G10_35__Positive
edge_578	Sg_K15_44	Gp_MJ1_12	0.8088	0.8088	0.001	0.001	Positive	Sg_K15_44__Gp_MJ1_12__Positive
edge_579	Sg_K15_44	Gp_MJ1_272	0.5544	0.5544	0.001	0.001	Positive	Sg_K15_44__Gp_MJ1_272__Positive
edge_580	Sg_K15_44	Gp_MJ4_197	0.7504	0.7504	0.001	0.001	Positive	Sg_K15_44__Gp_MJ4_197__Positive
edge_581	Sg_K15_44	Sg_A22_8	0.8696	0.8696	0.001	0.001	Positive	Sg_K15_44__Sg_A22_8__Positive
edge_582	Sg_K15_44	Sg_A27_31	0.8286	0.8286	0.001	0.001	Positive	Sg_K15_44__Sg_A27_31__Positive
edge_583	Sg_K15_44	Sg_B03_29	-0.487	0.487	0.001	0.001	Negative	Sg_K15_44__Sg_B03_29__Negative
edge_584	Sg_K15_44	Sg_B15_35	0.6353	0.6353	0.001	0.001	Positive	Sg_K15_44__Sg_B15_35__Positive
edge_585	Sg_K15_44	Sg_CA9_20	0.8344	0.8344	0.001	0.001	Positive	Sg_K15_44__Sg_CA9_20__Positive
edge_586	Sg_K15_44	Sg_CM17_7	-0.6558	0.6558	0.001	0.001	Negative	Sg_K15_44__Sg_CM17_7__Negative
edge_587	Sg_K15_44	Sg_CM31A_43	0.6024	0.6024	0.001	0.001	Positive	Sg_K15_44__Sg_CM31A_43__Positive
edge_588	Sg_K15_44	Sg_D02_32	0.7784	0.7784	0.001	0.001	Positive	Sg_K15_44__Sg_D02_32__Positive
edge_589	Sg_K15_44	Sg_D02_9	0.7323	0.7323	0.001	0.001	Positive	Sg_K15_44__Sg_D02_9__Positive
edge_590	Sg_K15_44	Sg_D18_45	0.7368	0.7368	0.001	0.001	Positive	Sg_K15_44__Sg_D18_45__Positive
edge_591	Sg_K15_44	Sg_E10_50	0.7964	0.7964	0.001	0.001	Positive	Sg_K15_44__Sg_E10_50__Positive
edge_592	Sg_K15_44	Sg_EM12_46	-0.5657	0.5657	0.001	0.001	Negative	Sg_K15_44__Sg_EM12_46__Negative
edge_593	Sg_K15_44	Sg_G19_41	0.54	0.54	0.001	0.001	Positive	Sg_K15_44__Sg_G19_41__Positive
edge_594	Sg_K15_44	Sg_G43_29	-0.5072	0.5072	0.001	0.001	Negative	Sg_K15_44__Sg_G43_29__Negative
edge_595	Sg_K15_44	Sg_I05_27	-0.7021	0.7021	0.001	0.001	Negative	Sg_K15_44__Sg_I05_27__Negative
edge_596	Sg_K15_44	Sg_I06_25	0.7486	0.7486	0.001	0.001	Positive	Sg_K15_44__Sg_I06_25__Positive
edge_597	Sg_K15_44	Sg_I12_44	-0.6123	0.6123	0.001	0.001	Negative	Sg_K15_44__Sg_I12_44__Negative
edge_598	Sg_K15_44	Sg_K09_1	0.7479	0.7479	0.001	0.001	Positive	Sg_K15_44__Sg_K09_1__Positive
edge_599	Sg_K16_50	Sg_B14_1	0.701	0.701	0.001	0.001	Positive	Sg_K16_50__Sg_B14_1__Positive
edge_600	Sg_K16_53	Sg_CA13_9	0.6623	0.6623	0.001	0.001	Positive	Sg_K16_53__Sg_CA13_9__Positive
edge_601	Sg_K17_22	Sg_A22_8	-0.6202	0.6202	0.001	0.001	Negative	Sg_K17_22__Sg_A22_8__Negative
edge_602	Sg_K17_22	Sg_EA57_9	-0.5702	0.5702	0.001	0.001	Negative	Sg_K17_22__Sg_EA57_9__Negative
edge_603	Sg_K17_22	Sg_EM03_7	0.4946	0.4946	0.001	0.001	Positive	Sg_K17_22__Sg_EM03_7__Positive
edge_604	Sg_K17_22	Sg_EM12_46	0.5604	0.5604	0.001	0.001	Positive	Sg_K17_22__Sg_EM12_46__Positive
edge_605	Sg_K17_22	Sg_G33_7	0.5471	0.5471	0.001	0.001	Positive	Sg_K17_22__Sg_G33_7__Positive
edge_606	Sg_K17_22	Sg_K15_44	-0.6485	0.6485	0.001	0.001	Negative	Sg_K17_22__Sg_K15_44__Negative
edge_607	Sg_K22_14	Sg_D02_31	0.6429	0.6429	0.001	0.001	Positive	Sg_K22_14__Sg_D02_31__Positive
edge_608	Sg_K22_66	Sg_A22_8	0.4596	0.4596	0.001	0.001	Positive	Sg_K22_66__Sg_A22_8__Positive
edge_609	Sg_K22_8	Gp_MJ1_272	0.5597	0.5597	0.001	0.001	Positive	Sg_K22_8__Gp_MJ1_272__Positive
edge_610	Sg_K22_8	Sg_A22_19	0.4938	0.4938	0.001	0.001	Positive	Sg_K22_8__Sg_A22_19__Positive
edge_611	Sg_K22_8	Sg_A22_3	0.5064	0.5064	0.001	0.001	Positive	Sg_K22_8__Sg_A22_3__Positive
edge_612	Sg_K22_8	Sg_A22_8	0.7201	0.7201	0.001	0.001	Positive	Sg_K22_8__Sg_A22_8__Positive
edge_613	Sg_K22_8	Sg_A27_31	0.6282	0.6282	0.001	0.001	Positive	Sg_K22_8__Sg_A27_31__Positive
edge_614	Sg_K22_8	Sg_B03_29	-0.5177	0.5177	0.001	0.001	Negative	Sg_K22_8__Sg_B03_29__Negative
edge_615	Sg_K22_8	Sg_B15_35	0.591	0.591	0.001	0.001	Positive	Sg_K22_8__Sg_B15_35__Positive
edge_616	Sg_K22_8	Sg_CA9_20	0.6639	0.6639	0.001	0.001	Positive	Sg_K22_8__Sg_CA9_20__Positive
edge_617	Sg_K22_8	Sg_D02_32	0.7818	0.7818	0.001	0.001	Positive	Sg_K22_8__Sg_D02_32__Positive
edge_618	Sg_K22_8	Sg_E04_12	0.6828	0.6828	0.001	0.001	Positive	Sg_K22_8__Sg_E04_12__Positive
edge_619	Sg_K22_8	Sg_E10_50	0.6204	0.6204	0.001	0.001	Positive	Sg_K22_8__Sg_E10_50__Positive
edge_620	Sg_K22_8	Sg_EA57_9	0.5303	0.5303	0.001	0.001	Positive	Sg_K22_8__Sg_EA57_9__Positive
edge_621	Sg_K22_8	Sg_G26_10	-0.4732	0.4732	0.001	0.001	Negative	Sg_K22_8__Sg_G26_10__Negative
edge_622	Sg_K22_8	Sg_I06_25	0.5963	0.5963	0.001	0.001	Positive	Sg_K22_8__Sg_I06_25__Positive
edge_623	Sg_K22_8	Sg_K09_1	0.6675	0.6675	0.001	0.001	Positive	Sg_K22_8__Sg_K09_1__Positive
edge_624	Sg_K22_8	Sg_K15_44	0.6962	0.6962	0.001	0.001	Positive	Sg_K22_8__Sg_K15_44__Positive
edge_625	Sg_K31_45	Sg_A01_16	0.6841	0.6841	0.001	0.001	Positive	Sg_K31_45__Sg_A01_16__Positive
edge_626	Sg_K32_30	Gp_YAB_339	0.5062	0.5062	0.001	0.001	Positive	Sg_K32_30__Gp_YAB_339__Positive
edge_627	Sg_K32_30	Sg_A11_12	0.6368	0.6368	0.001	0.001	Positive	Sg_K32_30__Sg_A11_12__Positive
edge_628	Sg_K32_30	Sg_A11_2	0.5044	0.5044	0.001	0.001	Positive	Sg_K32_30__Sg_A11_2__Positive
edge_629	Sg_K32_30	Sg_B25_38	0.5664	0.5664	0.001	0.001	Positive	Sg_K32_30__Sg_B25_38__Positive
edge_630	Sg_K32_30	Sg_C03_36	0.4428	0.4428	0.001	0.001	Positive	Sg_K32_30__Sg_C03_36__Positive
edge_631	Sg_K32_30	Sg_CG50A_74	0.5832	0.5832	0.001	0.001	Positive	Sg_K32_30__Sg_CG50A_74__Positive
edge_632	Sg_K32_30	Sg_CM31A_52	0.6049	0.6049	0.001	0.001	Positive	Sg_K32_30__Sg_CM31A_52__Positive
edge_633	Sg_K32_30	Sg_D09_14	0.5953	0.5953	0.001	0.001	Positive	Sg_K32_30__Sg_D09_14__Positive
edge_634	Sg_K32_30	Sg_EA47_17	0.5007	0.5007	0.001	0.001	Positive	Sg_K32_30__Sg_EA47_17__Positive
edge_635	Sg_K32_30	Sg_EB09_7	0.563	0.563	0.001	0.001	Positive	Sg_K32_30__Sg_EB09_7__Positive
edge_636	Sg_K32_30	Sg_EM22_6	0.557	0.557	0.001	0.001	Positive	Sg_K32_30__Sg_EM22_6__Positive
edge_637	Sg_K32_30	Sg_EM34_4	0.5403	0.5403	0.001	0.001	Positive	Sg_K32_30__Sg_EM34_4__Positive
edge_638	Sg_K32_30	Sg_G22_16	0.6063	0.6063	0.001	0.001	Positive	Sg_K32_30__Sg_G22_16__Positive
edge_639	Sg_K32_30	Sg_I07_11	0.5635	0.5635	0.001	0.001	Positive	Sg_K32_30__Sg_I07_11__Positive
edge_640	Sg_K32_30	Sg_K09_61	0.6229	0.6229	0.001	0.001	Positive	Sg_K32_30__Sg_K09_61__Positive
edge_641	Sg_K34_1	Sg_CM32A_26	0.6776	0.6776	0.001	0.001	Positive	Sg_K34_1__Sg_CM32A_26__Positive
edge_642	Sg_K36_16	Gp_MJ1_12	0.7754	0.7754	0.001	0.001	Positive	Sg_K36_16__Gp_MJ1_12__Positive
edge_643	Sg_K36_16	Sg_A11_10	0.6971	0.6971	0.001	0.001	Positive	Sg_K36_16__Sg_A11_10__Positive
edge_644	Sg_K36_16	Sg_A22_8	0.8722	0.8722	0.001	0.001	Positive	Sg_K36_16__Sg_A22_8__Positive
edge_645	Sg_K36_16	Sg_A27_31	0.8249	0.8249	0.001	0.001	Positive	Sg_K36_16__Sg_A27_31__Positive
edge_646	Sg_K36_16	Sg_B03_29	-0.4746	0.4746	0.001	0.001	Negative	Sg_K36_16__Sg_B03_29__Negative
edge_647	Sg_K36_16	Sg_B04_2	0.6892	0.6892	0.001	0.001	Positive	Sg_K36_16__Sg_B04_2__Positive
edge_648	Sg_K36_16	Sg_B15_35	0.6108	0.6108	0.001	0.001	Positive	Sg_K36_16__Sg_B15_35__Positive
edge_649	Sg_K36_16	Sg_CA11_52	0.6132	0.6132	0.001	0.001	Positive	Sg_K36_16__Sg_CA11_52__Positive
edge_650	Sg_K36_16	Sg_CA9_20	0.8329	0.8329	0.001	0.001	Positive	Sg_K36_16__Sg_CA9_20__Positive
edge_651	Sg_K36_16	Sg_CM17_7	-0.6701	0.6701	0.001	0.001	Negative	Sg_K36_16__Sg_CM17_7__Negative
edge_652	Sg_K36_16	Sg_CM31A_43	0.6054	0.6054	0.001	0.001	Positive	Sg_K36_16__Sg_CM31A_43__Positive
edge_653	Sg_K36_16	Sg_D02_32	0.7502	0.7502	0.001	0.001	Positive	Sg_K36_16__Sg_D02_32__Positive
edge_654	Sg_K36_16	Sg_D18_45	0.7382	0.7382	0.001	0.001	Positive	Sg_K36_16__Sg_D18_45__Positive
edge_655	Sg_K36_16	Sg_E10_50	0.7746	0.7746	0.001	0.001	Positive	Sg_K36_16__Sg_E10_50__Positive
edge_656	Sg_K36_16	Sg_EA57_9	0.591	0.591	0.001	0.001	Positive	Sg_K36_16__Sg_EA57_9__Positive
edge_657	Sg_K36_16	Sg_EM12_46	-0.5202	0.5202	0.001	0.001	Negative	Sg_K36_16__Sg_EM12_46__Negative
edge_658	Sg_K36_16	Sg_G43_29	-0.4522	0.4522	0.001	0.001	Negative	Sg_K36_16__Sg_G43_29__Negative
edge_659	Sg_K36_16	Sg_I05_27	-0.7107	0.7107	0.001	0.001	Negative	Sg_K36_16__Sg_I05_27__Negative
edge_660	Sg_K36_16	Sg_I06_25	0.74	0.74	0.001	0.001	Positive	Sg_K36_16__Sg_I06_25__Positive
edge_661	Sg_K36_16	Sg_I12_44	-0.5601	0.5601	0.001	0.001	Negative	Sg_K36_16__Sg_I12_44__Negative
edge_662	Sg_K36_16	Sg_K09_1	0.7179	0.7179	0.001	0.001	Positive	Sg_K36_16__Sg_K09_1__Positive
edge_663	Sg_K36_16	Sg_K15_44	0.9654	0.9654	0.001	0.001	Positive	Sg_K36_16__Sg_K15_44__Positive
edge_664	Sg_K36_16	Sg_K17_22	-0.6233	0.6233	0.001	0.001	Negative	Sg_K36_16__Sg_K17_22__Negative
edge_665	Sg_K36_16	Sg_K22_8	0.6914	0.6914	0.001	0.001	Positive	Sg_K36_16__Sg_K22_8__Positive
edge_666	Sg_K36_17	Gp_YAB_339	0.6208	0.6208	0.001	0.001	Positive	Sg_K36_17__Gp_YAB_339__Positive
edge_667	Sg_K36_17	Sg_A11_12	0.7746	0.7746	0.001	0.001	Positive	Sg_K36_17__Sg_A11_12__Positive
edge_668	Sg_K36_17	Sg_A11_2	0.7551	0.7551	0.001	0.001	Positive	Sg_K36_17__Sg_A11_2__Positive
edge_669	Sg_K36_17	Sg_B25_38	0.7973	0.7973	0.001	0.001	Positive	Sg_K36_17__Sg_B25_38__Positive
edge_670	Sg_K36_17	Sg_C03_36	0.5737	0.5737	0.001	0.001	Positive	Sg_K36_17__Sg_C03_36__Positive
edge_671	Sg_K36_17	Sg_CG50A_74	0.748	0.748	0.001	0.001	Positive	Sg_K36_17__Sg_CG50A_74__Positive
edge_672	Sg_K36_17	Sg_CM31A_52	0.6993	0.6993	0.001	0.001	Positive	Sg_K36_17__Sg_CM31A_52__Positive
edge_673	Sg_K36_17	Sg_D09_14	0.7641	0.7641	0.001	0.001	Positive	Sg_K36_17__Sg_D09_14__Positive
edge_674	Sg_K36_17	Sg_EA47_17	0.8868	0.8868	0.001	0.001	Positive	Sg_K36_17__Sg_EA47_17__Positive
edge_675	Sg_K36_17	Sg_EB09_7	0.8967	0.8967	0.001	0.001	Positive	Sg_K36_17__Sg_EB09_7__Positive
edge_676	Sg_K36_17	Sg_EM22_6	0.7468	0.7468	0.001	0.001	Positive	Sg_K36_17__Sg_EM22_6__Positive
edge_677	Sg_K36_17	Sg_G22_16	0.8081	0.8081	0.001	0.001	Positive	Sg_K36_17__Sg_G22_16__Positive
edge_678	Sg_K36_17	Sg_K09_61	0.8275	0.8275	0.001	0.001	Positive	Sg_K36_17__Sg_K09_61__Positive
edge_679	Sg_K36_17	Sg_K32_30	0.5353	0.5353	0.001	0.001	Positive	Sg_K36_17__Sg_K32_30__Positive
edge_680	Sg_K36_27	Gp_MJ1_12	0.6141	0.6141	0.001	0.001	Positive	Sg_K36_27__Gp_MJ1_12__Positive
edge_681	Sg_K36_27	Gp_MJ4_197	0.6554	0.6554	0.001	0.001	Positive	Sg_K36_27__Gp_MJ4_197__Positive
edge_682	Sg_K36_27	Sg_A22_8	0.7105	0.7105	0.001	0.001	Positive	Sg_K36_27__Sg_A22_8__Positive
edge_683	Sg_K36_27	Sg_A27_31	0.7445	0.7445	0.001	0.001	Positive	Sg_K36_27__Sg_A27_31__Positive
edge_684	Sg_K36_27	Sg_CA9_20	0.7414	0.7414	0.001	0.001	Positive	Sg_K36_27__Sg_CA9_20__Positive
edge_685	Sg_K36_27	Sg_D02_32	0.6217	0.6217	0.001	0.001	Positive	Sg_K36_27__Sg_D02_32__Positive
edge_686	Sg_K36_27	Sg_E10_50	0.6243	0.6243	0.001	0.001	Positive	Sg_K36_27__Sg_E10_50__Positive
edge_687	Sg_K36_27	Sg_K09_1	0.615	0.615	0.001	0.001	Positive	Sg_K36_27__Sg_K09_1__Positive
edge_688	Sg_K36_27	Sg_K15_44	0.7917	0.7917	0.001	0.001	Positive	Sg_K36_27__Sg_K15_44__Positive
edge_689	Sg_K36_27	Sg_K22_8	0.5627	0.5627	0.001	0.001	Positive	Sg_K36_27__Sg_K22_8__Positive
edge_690	Sg_K36_27	Sg_K36_16	0.7649	0.7649	0.001	0.001	Positive	Sg_K36_27__Sg_K36_16__Positive
edge_691	Sg_K36_29	Gp_MJ1_12	0.703	0.703	0.001	0.001	Positive	Sg_K36_29__Gp_MJ1_12__Positive
edge_692	Sg_K36_29	Gp_MJ4_197	0.6705	0.6705	0.001	0.001	Positive	Sg_K36_29__Gp_MJ4_197__Positive
edge_693	Sg_K36_29	Sg_A11_10	0.6497	0.6497	0.001	0.001	Positive	Sg_K36_29__Sg_A11_10__Positive
edge_694	Sg_K36_29	Sg_A22_8	0.8298	0.8298	0.001	0.001	Positive	Sg_K36_29__Sg_A22_8__Positive
edge_695	Sg_K36_29	Sg_A27_31	0.7579	0.7579	0.001	0.001	Positive	Sg_K36_29__Sg_A27_31__Positive
edge_696	Sg_K36_29	Sg_CA9_20	0.7981	0.7981	0.001	0.001	Positive	Sg_K36_29__Sg_CA9_20__Positive
edge_697	Sg_K36_29	Sg_D02_32	0.7163	0.7163	0.001	0.001	Positive	Sg_K36_29__Sg_D02_32__Positive
edge_698	Sg_K36_29	Sg_D18_45	0.6621	0.6621	0.001	0.001	Positive	Sg_K36_29__Sg_D18_45__Positive
edge_699	Sg_K36_29	Sg_E10_50	0.6927	0.6927	0.001	0.001	Positive	Sg_K36_29__Sg_E10_50__Positive
edge_700	Sg_K36_29	Sg_EM12_46	-0.4784	0.4784	0.001	0.001	Negative	Sg_K36_29__Sg_EM12_46__Negative
edge_701	Sg_K36_29	Sg_G43_29	-0.4817	0.4817	0.001	0.001	Negative	Sg_K36_29__Sg_G43_29__Negative
edge_702	Sg_K36_29	Sg_I05_27	-0.6906	0.6906	0.001	0.001	Negative	Sg_K36_29__Sg_I05_27__Negative
edge_703	Sg_K36_29	Sg_I06_25	0.6687	0.6687	0.001	0.001	Positive	Sg_K36_29__Sg_I06_25__Positive
edge_704	Sg_K36_29	Sg_K09_1	0.6716	0.6716	0.001	0.001	Positive	Sg_K36_29__Sg_K09_1__Positive
edge_705	Sg_K36_29	Sg_K15_44	0.8534	0.8534	0.001	0.001	Positive	Sg_K36_29__Sg_K15_44__Positive
edge_706	Sg_K36_29	Sg_K22_66	0.4477	0.4477	0.001	0.001	Positive	Sg_K36_29__Sg_K22_66__Positive
edge_707	Sg_K36_29	Sg_K22_8	0.6595	0.6595	0.001	0.001	Positive	Sg_K36_29__Sg_K22_8__Positive
edge_708	Sg_K36_29	Sg_K36_16	0.8526	0.8526	0.001	0.001	Positive	Sg_K36_29__Sg_K36_16__Positive
edge_709	Sg_K36_29	Sg_K36_27	0.7535	0.7535	0.001	0.001	Positive	Sg_K36_29__Sg_K36_27__Positive
edge_710	Sg_K36_3	Gp_MJ2_113	0.5682	0.5682	0.001	0.001	Positive	Sg_K36_3__Gp_MJ2_113__Positive
edge_711	Sg_K36_3	Sg_B07_12	0.5236	0.5236	0.001	0.001	Positive	Sg_K36_3__Sg_B07_12__Positive
edge_712	Sg_K36_3	Sg_B07_53	0.5071	0.5071	0.001	0.001	Positive	Sg_K36_3__Sg_B07_53__Positive
edge_713	Sg_K36_3	Sg_B07_62	0.5494	0.5494	0.001	0.001	Positive	Sg_K36_3__Sg_B07_62__Positive
edge_714	Sg_K36_3	Sg_B14_13	0.5261	0.5261	0.001	0.001	Positive	Sg_K36_3__Sg_B14_13__Positive
edge_715	Sg_K36_3	Sg_B15_23	0.5828	0.5828	0.001	0.001	Positive	Sg_K36_3__Sg_B15_23__Positive
edge_716	Sg_K36_3	Sg_CA25_21	0.5661	0.5661	0.001	0.001	Positive	Sg_K36_3__Sg_CA25_21__Positive
edge_717	Sg_K36_3	Sg_CD24A_10	0.558	0.558	0.001	0.001	Positive	Sg_K36_3__Sg_CD24A_10__Positive
edge_718	Sg_K36_3	Sg_CD30A_34	0.6395	0.6395	0.001	0.001	Positive	Sg_K36_3__Sg_CD30A_34__Positive
edge_719	Sg_K36_3	Sg_CE19A_29	0.4891	0.4891	0.001	0.001	Positive	Sg_K36_3__Sg_CE19A_29__Positive
edge_720	Sg_K36_3	Sg_CK05A_18	0.5647	0.5647	0.001	0.001	Positive	Sg_K36_3__Sg_CK05A_18__Positive
edge_721	Sg_K36_3	Sg_CM21_57	0.5962	0.5962	0.001	0.001	Positive	Sg_K36_3__Sg_CM21_57__Positive
edge_722	Sg_K36_3	Sg_D10_17	0.5541	0.5541	0.001	0.001	Positive	Sg_K36_3__Sg_D10_17__Positive
edge_723	Sg_K36_3	Sg_EB13_4	0.5941	0.5941	0.001	0.001	Positive	Sg_K36_3__Sg_EB13_4__Positive
edge_724	Sg_K36_3	Sg_EM12_46	0.527	0.527	0.001	0.001	Positive	Sg_K36_3__Sg_EM12_46__Positive
edge_725	Sg_K36_3	Sg_G18_19	0.4627	0.4627	0.001	0.001	Positive	Sg_K36_3__Sg_G18_19__Positive
edge_726	Sg_K36_3	Sg_G26_22	0.6695	0.6695	0.001	0.001	Positive	Sg_K36_3__Sg_G26_22__Positive
edge_727	Sg_K36_6	Gp_MJ1_272	0.5649	0.5649	0.001	0.001	Positive	Sg_K36_6__Gp_MJ1_272__Positive
edge_728	Sg_K36_6	Sg_A17_17	0.6321	0.6321	0.001	0.001	Positive	Sg_K36_6__Sg_A17_17__Positive
edge_729	Sg_K36_6	Sg_A19_12	0.4919	0.4919	0.001	0.001	Positive	Sg_K36_6__Sg_A19_12__Positive
edge_730	Sg_K36_6	Sg_A22_19	0.5883	0.5883	0.001	0.001	Positive	Sg_K36_6__Sg_A22_19__Positive
edge_731	Sg_K36_6	Sg_A22_3	0.5608	0.5608	0.001	0.001	Positive	Sg_K36_6__Sg_A22_3__Positive
edge_732	Sg_K36_6	Sg_A22_8	0.4444	0.4444	0.001	0.001	Positive	Sg_K36_6__Sg_A22_8__Positive
edge_733	Sg_K36_6	Sg_B03_29	-0.5684	0.5684	0.001	0.001	Negative	Sg_K36_6__Sg_B03_29__Negative
edge_734	Sg_K36_6	Sg_B15_35	0.5023	0.5023	0.001	0.001	Positive	Sg_K36_6__Sg_B15_35__Positive
edge_735	Sg_K36_6	Sg_B15_52	0.6154	0.6154	0.001	0.001	Positive	Sg_K36_6__Sg_B15_52__Positive
edge_736	Sg_K36_6	Sg_B25_10	0.4278	0.4278	0.001	0.001	Positive	Sg_K36_6__Sg_B25_10__Positive
edge_737	Sg_K36_6	Sg_C02_30	-0.4996	0.4996	0.001	0.001	Negative	Sg_K36_6__Sg_C02_30__Negative
edge_738	Sg_K36_6	Sg_CE19A_36	0.6278	0.6278	0.001	0.001	Positive	Sg_K36_6__Sg_CE19A_36__Positive
edge_739	Sg_K36_6	Sg_D02_32	0.6281	0.6281	0.001	0.001	Positive	Sg_K36_6__Sg_D02_32__Positive
edge_740	Sg_K36_6	Sg_E04_12	0.6031	0.6031	0.001	0.001	Positive	Sg_K36_6__Sg_E04_12__Positive
edge_741	Sg_K36_6	Sg_K09_1	0.5159	0.5159	0.001	0.001	Positive	Sg_K36_6__Sg_K09_1__Positive
edge_742	Sg_K36_6	Sg_K15_44	0.4373	0.4373	0.001	0.001	Positive	Sg_K36_6__Sg_K15_44__Positive
edge_743	Sg_K36_6	Sg_K22_8	0.5042	0.5042	0.001	0.001	Positive	Sg_K36_6__Sg_K22_8__Positive
edge_744	Sg_K40_29	Sg_K22_14	0.4743	0.4743	0.001	0.001	Positive	Sg_K40_29__Sg_K22_14__Positive
edge_745	Sg_K40_4	Sg_A22_3	-0.4804	0.4804	0.001	0.001	Negative	Sg_K40_4__Sg_A22_3__Negative
edge_746	Sg_K40_4	Sg_B03_29	0.6013	0.6013	0.001	0.001	Positive	Sg_K40_4__Sg_B03_29__Positive
edge_747	Sg_K40_4	Sg_B07_50	0.7042	0.7042	0.001	0.001	Positive	Sg_K40_4__Sg_B07_50__Positive
edge_748	Sg_K40_4	Sg_B19_58	0.5768	0.5768	0.001	0.001	Positive	Sg_K40_4__Sg_B19_58__Positive
edge_749	Sg_K40_4	Sg_C04_33	0.5286	0.5286	0.001	0.001	Positive	Sg_K40_4__Sg_C04_33__Positive
edge_750	Sg_K40_4	Sg_CK52A_43	0.7092	0.7092	0.001	0.001	Positive	Sg_K40_4__Sg_CK52A_43__Positive
edge_751	Sg_K40_4	Sg_CM17_7	0.7074	0.7074	0.001	0.001	Positive	Sg_K40_4__Sg_CM17_7__Positive
edge_752	Sg_K40_4	Sg_CM29A_16	0.725	0.725	0.001	0.001	Positive	Sg_K40_4__Sg_CM29A_16__Positive
edge_753	Sg_K40_4	Sg_CM33A_60	0.715	0.715	0.001	0.001	Positive	Sg_K40_4__Sg_CM33A_60__Positive
edge_754	Sg_K40_4	Sg_CM35A_15	0.7175	0.7175	0.001	0.001	Positive	Sg_K40_4__Sg_CM35A_15__Positive
edge_755	Sg_K40_4	Sg_E06_10	0.6677	0.6677	0.001	0.001	Positive	Sg_K40_4__Sg_E06_10__Positive
edge_756	Sg_K40_4	Sg_EA57_9	-0.5469	0.5469	0.001	0.001	Negative	Sg_K40_4__Sg_EA57_9__Negative
edge_757	Sg_K40_4	Sg_G26_10	0.5972	0.5972	0.001	0.001	Positive	Sg_K40_4__Sg_G26_10__Positive
edge_758	Sg_K40_4	Sg_G33_7	0.5844	0.5844	0.001	0.001	Positive	Sg_K40_4__Sg_G33_7__Positive
edge_759	Sg_K46_34	Sg_A22_19	-0.4234	0.4234	0.001	0.001	Negative	Sg_K46_34__Sg_A22_19__Negative
edge_760	Sg_K46_34	Sg_C02_30	0.9076	0.9076	0.001	0.001	Positive	Sg_K46_34__Sg_C02_30__Positive
edge_761	Sg_K46_34	Sg_CA11_3	0.6991	0.6991	0.001	0.001	Positive	Sg_K46_34__Sg_CA11_3__Positive
edge_762	Sg_K46_34	Sg_CA13_9	0.4663	0.4663	0.001	0.001	Positive	Sg_K46_34__Sg_CA13_9__Positive
edge_763	Sg_K46_34	Sg_D03_78	0.626	0.626	0.001	0.001	Positive	Sg_K46_34__Sg_D03_78__Positive
edge_764	Sg_K46_34	Sg_G21_58	0.727	0.727	0.001	0.001	Positive	Sg_K46_34__Sg_G21_58__Positive
edge_765	Sg_K46_34	Sg_H04_45	0.8207	0.8207	0.001	0.001	Positive	Sg_K46_34__Sg_H04_45__Positive
edge_766	Sg_K46_34	Sg_K36_6	-0.5139	0.5139	0.001	0.001	Negative	Sg_K46_34__Sg_K36_6__Negative
edge_767	Sg_M01_13	Sg_A22_19	-0.4788	0.4788	0.001	0.001	Negative	Sg_M01_13__Sg_A22_19__Negative
edge_768	Sg_M01_13	Sg_B03_29	0.6342	0.6342	0.001	0.001	Positive	Sg_M01_13__Sg_B03_29__Positive
edge_769	Sg_M01_13	Sg_B07_50	0.6372	0.6372	0.001	0.001	Positive	Sg_M01_13__Sg_B07_50__Positive
edge_770	Sg_M01_13	Sg_B26_35	0.5246	0.5246	0.001	0.001	Positive	Sg_M01_13__Sg_B26_35__Positive
edge_771	Sg_M01_13	Sg_CA40A_55	0.6211	0.6211	0.001	0.001	Positive	Sg_M01_13__Sg_CA40A_55__Positive
edge_772	Sg_M01_13	Sg_CK52A_43	0.6996	0.6996	0.001	0.001	Positive	Sg_M01_13__Sg_CK52A_43__Positive
edge_773	Sg_M01_13	Sg_CM17_58	0.581	0.581	0.001	0.001	Positive	Sg_M01_13__Sg_CM17_58__Positive
edge_774	Sg_M01_13	Sg_CM17_7	0.6984	0.6984	0.001	0.001	Positive	Sg_M01_13__Sg_CM17_7__Positive
edge_775	Sg_M01_13	Sg_CM29A_16	0.7457	0.7457	0.001	0.001	Positive	Sg_M01_13__Sg_CM29A_16__Positive
edge_776	Sg_M01_13	Sg_CM33A_60	0.6734	0.6734	0.001	0.001	Positive	Sg_M01_13__Sg_CM33A_60__Positive
edge_777	Sg_M01_13	Sg_CM35A_15	0.694	0.694	0.001	0.001	Positive	Sg_M01_13__Sg_CM35A_15__Positive
edge_778	Sg_M01_13	Sg_D02_32	-0.5452	0.5452	0.001	0.001	Negative	Sg_M01_13__Sg_D02_32__Negative
edge_779	Sg_M01_13	Sg_E04_12	-0.6148	0.6148	0.001	0.001	Negative	Sg_M01_13__Sg_E04_12__Negative
edge_780	Sg_M01_13	Sg_E06_10	0.6769	0.6769	0.001	0.001	Positive	Sg_M01_13__Sg_E06_10__Positive
edge_781	Sg_M01_13	Sg_G11_20	0.5182	0.5182	0.001	0.001	Positive	Sg_M01_13__Sg_G11_20__Positive
edge_782	Sg_M01_13	Sg_K40_4	0.6822	0.6822	0.001	0.001	Positive	Sg_M01_13__Sg_K40_4__Positive
edge_783	Sg_M01_30	Sg_B07_50	0.6849	0.6849	0.001	0.001	Positive	Sg_M01_30__Sg_B07_50__Positive
edge_784	Sg_M01_30	Sg_B19_58	0.5746	0.5746	0.001	0.001	Positive	Sg_M01_30__Sg_B19_58__Positive
edge_785	Sg_M01_30	Sg_CK05A_46	0.735	0.735	0.001	0.001	Positive	Sg_M01_30__Sg_CK05A_46__Positive
edge_786	Sg_M01_30	Sg_CK52A_43	0.688	0.688	0.001	0.001	Positive	Sg_M01_30__Sg_CK52A_43__Positive
edge_787	Sg_M01_30	Sg_CM17_7	0.708	0.708	0.001	0.001	Positive	Sg_M01_30__Sg_CM17_7__Positive
edge_788	Sg_M01_30	Sg_CM29A_16	0.7241	0.7241	0.001	0.001	Positive	Sg_M01_30__Sg_CM29A_16__Positive
edge_789	Sg_M01_30	Sg_CM33A_60	0.722	0.722	0.001	0.001	Positive	Sg_M01_30__Sg_CM33A_60__Positive
edge_790	Sg_M01_30	Sg_E06_10	0.6992	0.6992	0.001	0.001	Positive	Sg_M01_30__Sg_E06_10__Positive
edge_791	Sg_M01_30	Sg_K40_4	0.6815	0.6815	0.001	0.001	Positive	Sg_M01_30__Sg_K40_4__Positive
edge_792	Sg_M01_30	Sg_M01_13	0.6749	0.6749	0.001	0.001	Positive	Sg_M01_30__Sg_M01_13__Positive
edge_793	Sg_M02_37	Sg_B19_40	0.9105	0.9105	0.001	0.001	Positive	Sg_M02_37__Sg_B19_40__Positive
edge_794	Sg_M02_37	Sg_E06_24	0.8018	0.8018	0.001	0.001	Positive	Sg_M02_37__Sg_E06_24__Positive
edge_795	Sg_M02_37	Sg_EA61_27	0.8523	0.8523	0.001	0.001	Positive	Sg_M02_37__Sg_EA61_27__Positive
edge_796	Sg_M02_37	Sg_EB10_11	0.8808	0.8808	0.001	0.001	Positive	Sg_M02_37__Sg_EB10_11__Positive
edge_797	Sg_M02_37	Sg_EB21_10	0.7713	0.7713	0.001	0.001	Positive	Sg_M02_37__Sg_EB21_10__Positive
edge_798	Sg_M02_37	Sg_G29_33	0.7017	0.7017	0.001	0.001	Positive	Sg_M02_37__Sg_G29_33__Positive
edge_799	Sg_M02_37	Sg_I12_6	0.8484	0.8484	0.001	0.001	Positive	Sg_M02_37__Sg_I12_6__Positive
edge_800	Sg_M02_37	Sg_K01_5	0.8654	0.8654	0.001	0.001	Positive	Sg_M02_37__Sg_K01_5__Positive
edge_801	Sg_M02_5	Gp_MJ4_197	0.6489	0.6489	0.001	0.001	Positive	Sg_M02_5__Gp_MJ4_197__Positive
edge_802	Sg_M02_5	Sg_A22_8	0.6653	0.6653	0.001	0.001	Positive	Sg_M02_5__Sg_A22_8__Positive
edge_803	Sg_M02_5	Sg_A27_31	0.7138	0.7138	0.001	0.001	Positive	Sg_M02_5__Sg_A27_31__Positive
edge_804	Sg_M02_5	Sg_D02_9	0.6796	0.6796	0.001	0.001	Positive	Sg_M02_5__Sg_D02_9__Positive
edge_805	Sg_M02_5	Sg_E10_50	0.6086	0.6086	0.001	0.001	Positive	Sg_M02_5__Sg_E10_50__Positive
edge_806	Sg_M02_5	Sg_K15_44	0.7296	0.7296	0.001	0.001	Positive	Sg_M02_5__Sg_K15_44__Positive
edge_807	Sg_M02_5	Sg_K36_16	0.7241	0.7241	0.001	0.001	Positive	Sg_M02_5__Sg_K36_16__Positive
edge_808	Sg_M02_5	Sg_K36_29	0.6627	0.6627	0.001	0.001	Positive	Sg_M02_5__Sg_K36_29__Positive
edge_809	Sg_M03_37	Sg_A19_11	0.4225	0.4225	0.001	0.001	Positive	Sg_M03_37__Sg_A19_11__Positive
edge_810	Sg_M03_37	Sg_I12_44	-0.4415	0.4415	0.001	0.001	Negative	Sg_M03_37__Sg_I12_44__Negative
edge_811	Sg_M03_38	Gp_YAB_333	0.6222	0.6222	0.001	0.001	Positive	Sg_M03_38__Gp_YAB_333__Positive
edge_812	Sg_M03_38	Sg_A20_35	0.6269	0.6269	0.001	0.001	Positive	Sg_M03_38__Sg_A20_35__Positive
edge_813	Sg_M03_38	Sg_A27_23	0.595	0.595	0.001	0.001	Positive	Sg_M03_38__Sg_A27_23__Positive
edge_814	Sg_M03_38	Sg_A28_8	0.5543	0.5543	0.001	0.001	Positive	Sg_M03_38__Sg_A28_8__Positive
edge_815	Sg_M03_38	Sg_CG50A_49	0.6016	0.6016	0.001	0.001	Positive	Sg_M03_38__Sg_CG50A_49__Positive
edge_816	Sg_M03_38	Sg_CM17_16	0.5429	0.5429	0.001	0.001	Positive	Sg_M03_38__Sg_CM17_16__Positive
edge_817	Sg_M03_38	Sg_EM30_38	0.5633	0.5633	0.001	0.001	Positive	Sg_M03_38__Sg_EM30_38__Positive
edge_818	Sg_M03_38	Sg_K10_28	0.5741	0.5741	0.001	0.001	Positive	Sg_M03_38__Sg_K10_28__Positive
edge_819	Sg_M07_23	Sg_D02_31	0.832	0.832	0.001	0.001	Positive	Sg_M07_23__Sg_D02_31__Positive
edge_820	Sg_M07_23	Sg_K22_14	0.6404	0.6404	0.001	0.001	Positive	Sg_M07_23__Sg_K22_14__Positive
edge_821	Sg_M07_27	Sg_CM17_7	0.6504	0.6504	0.001	0.001	Positive	Sg_M07_27__Sg_CM17_7__Positive
edge_822	Sg_M07_27	Sg_CM29A_16	0.5555	0.5555	0.001	0.001	Positive	Sg_M07_27__Sg_CM29A_16__Positive
edge_823	Sg_M07_27	Sg_CM33A_60	0.5934	0.5934	0.001	0.001	Positive	Sg_M07_27__Sg_CM33A_60__Positive
edge_824	Sg_M07_27	Sg_CM35A_15	0.6134	0.6134	0.001	0.001	Positive	Sg_M07_27__Sg_CM35A_15__Positive
edge_825	Sg_M07_27	Sg_M01_13	0.56	0.56	0.001	0.001	Positive	Sg_M07_27__Sg_M01_13__Positive
edge_826	Sg_M07_39	Sg_EM03_7	0.5829	0.5829	0.001	0.001	Positive	Sg_M07_39__Sg_EM03_7__Positive
edge_827	Sg_M07_39	Sg_EM12_46	0.5609	0.5609	0.001	0.001	Positive	Sg_M07_39__Sg_EM12_46__Positive
edge_828	Sg_M07_39	Sg_I12_44	0.6574	0.6574	0.001	0.001	Positive	Sg_M07_39__Sg_I12_44__Positive
edge_829	Sg_M07_4	Sg_A22_8	-0.542	0.542	0.001	0.001	Negative	Sg_M07_4__Sg_A22_8__Negative
edge_830	Sg_M08_36	Gp_MJ2_113	-0.4071	0.4071	0.001	0.001	Negative	Sg_M08_36__Gp_MJ2_113__Negative
edge_831	Sg_M08_36	Sg_CA13_9	0.6652	0.6652	0.001	0.001	Positive	Sg_M08_36__Sg_CA13_9__Positive
edge_832	Sg_M11_5	Gp_YAB_339	0.7583	0.7583	0.001	0.001	Positive	Sg_M11_5__Gp_YAB_339__Positive
edge_833	Sg_M11_5	Sg_A11_12	0.8956	0.8956	0.001	0.001	Positive	Sg_M11_5__Sg_A11_12__Positive
edge_834	Sg_M11_5	Sg_A11_2	0.5514	0.5514	0.001	0.001	Positive	Sg_M11_5__Sg_A11_2__Positive
edge_835	Sg_M11_5	Sg_B25_38	0.69	0.69	0.001	0.001	Positive	Sg_M11_5__Sg_B25_38__Positive
edge_836	Sg_M11_5	Sg_C03_36	0.4705	0.4705	0.001	0.001	Positive	Sg_M11_5__Sg_C03_36__Positive
edge_837	Sg_M11_5	Sg_CG50A_74	0.7467	0.7467	0.001	0.001	Positive	Sg_M11_5__Sg_CG50A_74__Positive
edge_838	Sg_M11_5	Sg_CM31A_52	0.8921	0.8921	0.001	0.001	Positive	Sg_M11_5__Sg_CM31A_52__Positive
edge_839	Sg_M11_5	Sg_D09_14	0.7551	0.7551	0.001	0.001	Positive	Sg_M11_5__Sg_D09_14__Positive
edge_840	Sg_M11_5	Sg_EB09_7	0.6119	0.6119	0.001	0.001	Positive	Sg_M11_5__Sg_EB09_7__Positive
edge_841	Sg_M11_5	Sg_EM22_6	0.751	0.751	0.001	0.001	Positive	Sg_M11_5__Sg_EM22_6__Positive
edge_842	Sg_M11_5	Sg_EM34_4	0.9037	0.9037	0.001	0.001	Positive	Sg_M11_5__Sg_EM34_4__Positive
edge_843	Sg_M11_5	Sg_G22_16	0.7666	0.7666	0.001	0.001	Positive	Sg_M11_5__Sg_G22_16__Positive
edge_844	Sg_M11_5	Sg_I07_11	0.9403	0.9403	0.001	0.001	Positive	Sg_M11_5__Sg_I07_11__Positive
edge_845	Sg_M11_5	Sg_K09_61	0.7989	0.7989	0.001	0.001	Positive	Sg_M11_5__Sg_K09_61__Positive
edge_846	Sg_M11_5	Sg_K32_30	0.5959	0.5959	0.001	0.001	Positive	Sg_M11_5__Sg_K32_30__Positive
edge_847	Sg_M11_5	Sg_K36_17	0.5687	0.5687	0.001	0.001	Positive	Sg_M11_5__Sg_K36_17__Positive
edge_848	Sg_M11_7	Sg_CG50A_22	0.7485	0.7485	0.001	0.001	Positive	Sg_M11_7__Sg_CG50A_22__Positive
edge_849	Sg_M11_7	Sg_CM32A_26	0.6084	0.6084	0.001	0.001	Positive	Sg_M11_7__Sg_CM32A_26__Positive
edge_850	Sg_M11_7	Sg_CM33A_9	0.4208	0.4208	0.001	0.001	Positive	Sg_M11_7__Sg_CM33A_9__Positive
edge_851	Sg_M11_7	Sg_K34_1	0.6452	0.6452	0.001	0.001	Positive	Sg_M11_7__Sg_K34_1__Positive
edge_852	Sg_M12_21	Gp_MJ2_113	0.7191	0.7191	0.001	0.001	Positive	Sg_M12_21__Gp_MJ2_113__Positive
edge_853	Sg_M12_21	Gp_MJ3_477	0.6804	0.6804	0.001	0.001	Positive	Sg_M12_21__Gp_MJ3_477__Positive
edge_854	Sg_M12_21	Sg_B07_12	0.5248	0.5248	0.001	0.001	Positive	Sg_M12_21__Sg_B07_12__Positive
edge_855	Sg_M12_21	Sg_B07_53	0.5414	0.5414	0.001	0.001	Positive	Sg_M12_21__Sg_B07_53__Positive
edge_856	Sg_M12_21	Sg_B07_62	0.5538	0.5538	0.001	0.001	Positive	Sg_M12_21__Sg_B07_62__Positive
edge_857	Sg_M12_21	Sg_B08_36	0.5635	0.5635	0.001	0.001	Positive	Sg_M12_21__Sg_B08_36__Positive
edge_858	Sg_M12_21	Sg_B14_13	0.7142	0.7142	0.001	0.001	Positive	Sg_M12_21__Sg_B14_13__Positive
edge_859	Sg_M12_21	Sg_B15_23	0.7855	0.7855	0.001	0.001	Positive	Sg_M12_21__Sg_B15_23__Positive
edge_860	Sg_M12_21	Sg_CA25_21	0.6137	0.6137	0.001	0.001	Positive	Sg_M12_21__Sg_CA25_21__Positive
edge_861	Sg_M12_21	Sg_CD24A_10	0.6402	0.6402	0.001	0.001	Positive	Sg_M12_21__Sg_CD24A_10__Positive
edge_862	Sg_M12_21	Sg_CD30A_34	0.7559	0.7559	0.001	0.001	Positive	Sg_M12_21__Sg_CD30A_34__Positive
edge_863	Sg_M12_21	Sg_CE19A_29	0.446	0.446	0.001	0.001	Positive	Sg_M12_21__Sg_CE19A_29__Positive
edge_864	Sg_M12_21	Sg_CK05A_18	0.7112	0.7112	0.001	0.001	Positive	Sg_M12_21__Sg_CK05A_18__Positive
edge_865	Sg_M12_21	Sg_CK52A_74	0.5755	0.5755	0.001	0.001	Positive	Sg_M12_21__Sg_CK52A_74__Positive
edge_866	Sg_M12_21	Sg_CM21_15	0.6476	0.6476	0.001	0.001	Positive	Sg_M12_21__Sg_CM21_15__Positive
edge_867	Sg_M12_21	Sg_CM21_57	0.7641	0.7641	0.001	0.001	Positive	Sg_M12_21__Sg_CM21_57__Positive
edge_868	Sg_M12_21	Sg_D10_17	0.7378	0.7378	0.001	0.001	Positive	Sg_M12_21__Sg_D10_17__Positive
edge_869	Sg_M12_21	Sg_EB13_4	0.9494	0.9494	0.001	0.001	Positive	Sg_M12_21__Sg_EB13_4__Positive
edge_870	Sg_M12_21	Sg_G26_22	0.7346	0.7346	0.001	0.001	Positive	Sg_M12_21__Sg_G26_22__Positive
edge_871	Sg_M12_21	Sg_I12_6	-0.4242	0.4242	0.001	0.001	Negative	Sg_M12_21__Sg_I12_6__Negative
edge_872	Sg_M12_21	Sg_K36_3	0.6122	0.6122	0.001	0.001	Positive	Sg_M12_21__Sg_K36_3__Positive
edge_873	Sg_M12_39	Gp_MJ2_113	0.6113	0.6113	0.001	0.001	Positive	Sg_M12_39__Gp_MJ2_113__Positive
edge_874	Sg_M12_39	Gp_MJ3_477	0.5012	0.5012	0.001	0.001	Positive	Sg_M12_39__Gp_MJ3_477__Positive
edge_875	Sg_M12_39	Sg_B07_12	0.5934	0.5934	0.001	0.001	Positive	Sg_M12_39__Sg_B07_12__Positive
edge_876	Sg_M12_39	Sg_B07_62	0.6148	0.6148	0.001	0.001	Positive	Sg_M12_39__Sg_B07_62__Positive
edge_877	Sg_M12_39	Sg_B08_36	0.5566	0.5566	0.001	0.001	Positive	Sg_M12_39__Sg_B08_36__Positive
edge_878	Sg_M12_39	Sg_B14_13	0.5394	0.5394	0.001	0.001	Positive	Sg_M12_39__Sg_B14_13__Positive
edge_879	Sg_M12_39	Sg_B15_23	0.7123	0.7123	0.001	0.001	Positive	Sg_M12_39__Sg_B15_23__Positive
edge_880	Sg_M12_39	Sg_CA25_21	0.6565	0.6565	0.001	0.001	Positive	Sg_M12_39__Sg_CA25_21__Positive
edge_881	Sg_M12_39	Sg_CD24A_10	0.596	0.596	0.001	0.001	Positive	Sg_M12_39__Sg_CD24A_10__Positive
edge_882	Sg_M12_39	Sg_CD26A_19	0.5775	0.5775	0.001	0.001	Positive	Sg_M12_39__Sg_CD26A_19__Positive
edge_883	Sg_M12_39	Sg_CD30A_34	0.83	0.83	0.001	0.001	Positive	Sg_M12_39__Sg_CD30A_34__Positive
edge_884	Sg_M12_39	Sg_CE19A_29	0.5262	0.5262	0.001	0.001	Positive	Sg_M12_39__Sg_CE19A_29__Positive
edge_885	Sg_M12_39	Sg_CK05A_18	0.6509	0.6509	0.001	0.001	Positive	Sg_M12_39__Sg_CK05A_18__Positive
edge_886	Sg_M12_39	Sg_CK52A_74	0.561	0.561	0.001	0.001	Positive	Sg_M12_39__Sg_CK52A_74__Positive
edge_887	Sg_M12_39	Sg_CM21_15	0.5227	0.5227	0.001	0.001	Positive	Sg_M12_39__Sg_CM21_15__Positive
edge_888	Sg_M12_39	Sg_CM21_57	0.7326	0.7326	0.001	0.001	Positive	Sg_M12_39__Sg_CM21_57__Positive
edge_889	Sg_M12_39	Sg_D10_17	0.6758	0.6758	0.001	0.001	Positive	Sg_M12_39__Sg_D10_17__Positive
edge_890	Sg_M12_39	Sg_EB13_4	0.6766	0.6766	0.001	0.001	Positive	Sg_M12_39__Sg_EB13_4__Positive
edge_891	Sg_M12_39	Sg_EM12_46	0.5771	0.5771	0.001	0.001	Positive	Sg_M12_39__Sg_EM12_46__Positive
edge_892	Sg_M12_39	Sg_G18_19	0.4563	0.4563	0.001	0.001	Positive	Sg_M12_39__Sg_G18_19__Positive
edge_893	Sg_M12_39	Sg_G26_22	0.7772	0.7772	0.001	0.001	Positive	Sg_M12_39__Sg_G26_22__Positive
edge_894	Sg_M12_39	Sg_K36_3	0.6768	0.6768	0.001	0.001	Positive	Sg_M12_39__Sg_K36_3__Positive
edge_895	Sg_M12_39	Sg_M12_21	0.6953	0.6953	0.001	0.001	Positive	Sg_M12_39__Sg_M12_21__Positive
edge_896	Sg_M12_6	Gp_MJ1_12	0.6821	0.6821	0.001	0.001	Positive	Sg_M12_6__Gp_MJ1_12__Positive
edge_897	Sg_M12_6	Gp_MJ4_197	0.7088	0.7088	0.001	0.001	Positive	Sg_M12_6__Gp_MJ4_197__Positive
edge_898	Sg_M12_6	Sg_A22_8	0.7723	0.7723	0.001	0.001	Positive	Sg_M12_6__Sg_A22_8__Positive
edge_899	Sg_M12_6	Sg_A27_31	0.7823	0.7823	0.001	0.001	Positive	Sg_M12_6__Sg_A27_31__Positive
edge_900	Sg_M12_6	Sg_CA9_20	0.7744	0.7744	0.001	0.001	Positive	Sg_M12_6__Sg_CA9_20__Positive
edge_901	Sg_M12_6	Sg_D02_9	0.7549	0.7549	0.001	0.001	Positive	Sg_M12_6__Sg_D02_9__Positive
edge_902	Sg_M12_6	Sg_E10_50	0.7007	0.7007	0.001	0.001	Positive	Sg_M12_6__Sg_E10_50__Positive
edge_903	Sg_M12_6	Sg_EM12_46	-0.5427	0.5427	0.001	0.001	Negative	Sg_M12_6__Sg_EM12_46__Negative
edge_904	Sg_M12_6	Sg_K15_44	0.8553	0.8553	0.001	0.001	Positive	Sg_M12_6__Sg_K15_44__Positive
edge_905	Sg_M12_6	Sg_K22_8	0.5995	0.5995	0.001	0.001	Positive	Sg_M12_6__Sg_K22_8__Positive
edge_906	Sg_M12_6	Sg_K36_16	0.8416	0.8416	0.001	0.001	Positive	Sg_M12_6__Sg_K36_16__Positive
edge_907	Sg_M12_6	Sg_K36_27	0.7705	0.7705	0.001	0.001	Positive	Sg_M12_6__Sg_K36_27__Positive
edge_908	Sg_M12_6	Sg_K36_29	0.7439	0.7439	0.001	0.001	Positive	Sg_M12_6__Sg_K36_29__Positive
edge_909	Sg_M12_6	Sg_M02_5	0.698	0.698	0.001	0.001	Positive	Sg_M12_6__Sg_M02_5__Positive
edge_910	Sg_M12_6	Sg_M02_8	0.594	0.594	0.001	0.001	Positive	Sg_M12_6__Sg_M02_8__Positive
edge_911	Sg_M15_10	Gp_MJ1_444	-0.5119	0.5119	0.001	0.001	Negative	Sg_M15_10__Gp_MJ1_444__Negative
edge_912	Sg_M15_10	Sg_B03_29	0.6627	0.6627	0.001	0.001	Positive	Sg_M15_10__Sg_B03_29__Positive
edge_913	Sg_M15_10	Sg_B15_22	-0.4955	0.4955	0.001	0.001	Negative	Sg_M15_10__Sg_B15_22__Negative
edge_914	Sg_M15_10	Sg_B15_35	-0.4864	0.4864	0.001	0.001	Negative	Sg_M15_10__Sg_B15_35__Negative
edge_915	Sg_M15_10	Sg_B27_6	-0.4224	0.4224	0.001	0.001	Negative	Sg_M15_10__Sg_B27_6__Negative
edge_916	Sg_M15_10	Sg_CA11_52	-0.4835	0.4835	0.001	0.001	Negative	Sg_M15_10__Sg_CA11_52__Negative
edge_917	Sg_M15_10	Sg_CK52A_43	0.6019	0.6019	0.001	0.001	Positive	Sg_M15_10__Sg_CK52A_43__Positive
edge_918	Sg_M15_10	Sg_CM17_7	0.5906	0.5906	0.001	0.001	Positive	Sg_M15_10__Sg_CM17_7__Positive
edge_919	Sg_M15_10	Sg_CM29A_16	0.7024	0.7024	0.001	0.001	Positive	Sg_M15_10__Sg_CM29A_16__Positive
edge_920	Sg_M15_10	Sg_CM31A_43	-0.4797	0.4797	0.001	0.001	Negative	Sg_M15_10__Sg_CM31A_43__Negative
edge_921	Sg_M15_10	Sg_CM32A_49	-0.4844	0.4844	0.001	0.001	Negative	Sg_M15_10__Sg_CM32A_49__Negative
edge_922	Sg_M15_10	Sg_CM33A_60	0.6687	0.6687	0.001	0.001	Positive	Sg_M15_10__Sg_CM33A_60__Positive
edge_923	Sg_M15_10	Sg_E04_12	-0.5951	0.5951	0.001	0.001	Negative	Sg_M15_10__Sg_E04_12__Negative
edge_924	Sg_M15_10	Sg_G26_10	0.5259	0.5259	0.001	0.001	Positive	Sg_M15_10__Sg_G26_10__Positive
edge_925	Sg_M15_10	Sg_G33_7	0.6071	0.6071	0.001	0.001	Positive	Sg_M15_10__Sg_G33_7__Positive
edge_926	Sg_M15_10	Sg_K09_1	-0.5703	0.5703	0.001	0.001	Negative	Sg_M15_10__Sg_K09_1__Negative
edge_927	Sg_M15_10	Sg_K22_8	-0.5636	0.5636	0.001	0.001	Negative	Sg_M15_10__Sg_K22_8__Negative
edge_928	Sg_M15_10	Sg_K40_4	0.5801	0.5801	0.001	0.001	Positive	Sg_M15_10__Sg_K40_4__Positive
edge_929	Sg_M15_29	Gp_MJ2_113	0.6067	0.6067	0.001	0.001	Positive	Sg_M15_29__Gp_MJ2_113__Positive
edge_930	Sg_M15_29	Gp_MJ3_477	0.5315	0.5315	0.001	0.001	Positive	Sg_M15_29__Gp_MJ3_477__Positive
edge_931	Sg_M15_29	Sg_A34_19	0.6043	0.6043	0.001	0.001	Positive	Sg_M15_29__Sg_A34_19__Positive
edge_932	Sg_M15_29	Sg_B07_12	0.5706	0.5706	0.001	0.001	Positive	Sg_M15_29__Sg_B07_12__Positive
edge_933	Sg_M15_29	Sg_B07_53	0.5588	0.5588	0.001	0.001	Positive	Sg_M15_29__Sg_B07_53__Positive
edge_934	Sg_M15_29	Sg_B07_62	0.56	0.56	0.001	0.001	Positive	Sg_M15_29__Sg_B07_62__Positive
edge_935	Sg_M15_29	Sg_B08_36	0.5324	0.5324	0.001	0.001	Positive	Sg_M15_29__Sg_B08_36__Positive
edge_936	Sg_M15_29	Sg_B14_13	0.5966	0.5966	0.001	0.001	Positive	Sg_M15_29__Sg_B14_13__Positive
edge_937	Sg_M15_29	Sg_B15_23	0.7074	0.7074	0.001	0.001	Positive	Sg_M15_29__Sg_B15_23__Positive
edge_938	Sg_M15_29	Sg_CA25_21	0.6087	0.6087	0.001	0.001	Positive	Sg_M15_29__Sg_CA25_21__Positive
edge_939	Sg_M15_29	Sg_CD24A_10	0.6167	0.6167	0.001	0.001	Positive	Sg_M15_29__Sg_CD24A_10__Positive
edge_940	Sg_M15_29	Sg_CD26A_19	0.5277	0.5277	0.001	0.001	Positive	Sg_M15_29__Sg_CD26A_19__Positive
edge_941	Sg_M15_29	Sg_CD30A_34	0.7617	0.7617	0.001	0.001	Positive	Sg_M15_29__Sg_CD30A_34__Positive
edge_942	Sg_M15_29	Sg_CK05A_18	0.6053	0.6053	0.001	0.001	Positive	Sg_M15_29__Sg_CK05A_18__Positive
edge_943	Sg_M15_29	Sg_CK52A_74	0.584	0.584	0.001	0.001	Positive	Sg_M15_29__Sg_CK52A_74__Positive
edge_944	Sg_M15_29	Sg_CM21_57	0.7214	0.7214	0.001	0.001	Positive	Sg_M15_29__Sg_CM21_57__Positive
edge_945	Sg_M15_29	Sg_D10_17	0.6877	0.6877	0.001	0.001	Positive	Sg_M15_29__Sg_D10_17__Positive
edge_946	Sg_M15_29	Sg_EB13_4	0.7439	0.7439	0.001	0.001	Positive	Sg_M15_29__Sg_EB13_4__Positive
edge_947	Sg_M15_29	Sg_EM12_46	0.5427	0.5427	0.001	0.001	Positive	Sg_M15_29__Sg_EM12_46__Positive
edge_948	Sg_M15_29	Sg_G26_22	0.7416	0.7416	0.001	0.001	Positive	Sg_M15_29__Sg_G26_22__Positive
edge_949	Sg_M15_29	Sg_K14_18	-0.4752	0.4752	0.001	0.001	Negative	Sg_M15_29__Sg_K14_18__Negative
edge_950	Sg_M15_29	Sg_K36_3	0.6044	0.6044	0.001	0.001	Positive	Sg_M15_29__Sg_K36_3__Positive
edge_951	Sg_M15_29	Sg_M12_21	0.7206	0.7206	0.001	0.001	Positive	Sg_M15_29__Sg_M12_21__Positive
edge_952	Sg_M15_29	Sg_M12_39	0.825	0.825	0.001	0.001	Positive	Sg_M15_29__Sg_M12_39__Positive
edge_953	Sg_M17_3	Sg_B07_50	0.6224	0.6224	0.001	0.001	Positive	Sg_M17_3__Sg_B07_50__Positive
edge_954	Sg_M17_3	Sg_B26_4	0.6365	0.6365	0.001	0.001	Positive	Sg_M17_3__Sg_B26_4__Positive
edge_955	Sg_M17_3	Sg_CA25_14	0.5442	0.5442	0.001	0.001	Positive	Sg_M17_3__Sg_CA25_14__Positive
edge_956	Sg_M17_3	Sg_CG50A_22	0.4301	0.4301	0.001	0.001	Positive	Sg_M17_3__Sg_CG50A_22__Positive
edge_957	Sg_M17_3	Sg_CM29A_16	0.6577	0.6577	0.001	0.001	Positive	Sg_M17_3__Sg_CM29A_16__Positive
edge_958	Sg_M17_3	Sg_CM32A_26	0.6112	0.6112	0.001	0.001	Positive	Sg_M17_3__Sg_CM32A_26__Positive
edge_959	Sg_M17_3	Sg_CM35A_15	0.6934	0.6934	0.001	0.001	Positive	Sg_M17_3__Sg_CM35A_15__Positive
edge_960	Sg_M17_3	Sg_M01_13	0.6345	0.6345	0.001	0.001	Positive	Sg_M17_3__Sg_M01_13__Positive
edge_961	Sg_M17_3	Sg_M01_30	0.7395	0.7395	0.001	0.001	Positive	Sg_M17_3__Sg_M01_30__Positive
edge_962	Sg_M17_33	Sg_B03_29	0.5886	0.5886	0.001	0.001	Positive	Sg_M17_33__Sg_B03_29__Positive
edge_963	Sg_M17_33	Sg_B15_22	-0.474	0.474	0.001	0.001	Negative	Sg_M17_33__Sg_B15_22__Negative
edge_964	Sg_M17_33	Sg_C04_33	0.5413	0.5413	0.001	0.001	Positive	Sg_M17_33__Sg_C04_33__Positive
edge_965	Sg_M17_33	Sg_CA11_52	-0.4822	0.4822	0.001	0.001	Negative	Sg_M17_33__Sg_CA11_52__Negative
edge_966	Sg_M17_33	Sg_CM17_7	0.6391	0.6391	0.001	0.001	Positive	Sg_M17_33__Sg_CM17_7__Positive
edge_967	Sg_M17_33	Sg_CM29A_16	0.581	0.581	0.001	0.001	Positive	Sg_M17_33__Sg_CM29A_16__Positive
edge_968	Sg_M17_33	Sg_D02_32	-0.614	0.614	0.001	0.001	Negative	Sg_M17_33__Sg_D02_32__Negative
edge_969	Sg_M17_33	Sg_G26_10	0.5576	0.5576	0.001	0.001	Positive	Sg_M17_33__Sg_G26_10__Positive
edge_970	Sg_M17_33	Sg_K09_1	-0.6187	0.6187	0.001	0.001	Negative	Sg_M17_33__Sg_K09_1__Negative
edge_971	Sg_M17_33	Sg_K22_8	-0.4881	0.4881	0.001	0.001	Negative	Sg_M17_33__Sg_K22_8__Negative
edge_972	Sg_M17_33	Sg_K40_4	0.5825	0.5825	0.001	0.001	Positive	Sg_M17_33__Sg_K40_4__Positive
edge_973	Sg_OA11r1_10	Sg_EM30_38	0.6137	0.6137	0.001	0.001	Positive	Sg_OA11r1_10__Sg_EM30_38__Positive
edge_974	Sg_OA11r1_12	Gp_YAB_333	0.742	0.742	0.001	0.001	Positive	Sg_OA11r1_12__Gp_YAB_333__Positive
edge_975	Sg_OA11r1_12	Sg_A20_2	0.5619	0.5619	0.001	0.001	Positive	Sg_OA11r1_12__Sg_A20_2__Positive
edge_976	Sg_OA11r1_12	Sg_A20_35	0.6729	0.6729	0.001	0.001	Positive	Sg_OA11r1_12__Sg_A20_35__Positive
edge_977	Sg_OA11r1_12	Sg_A27_23	0.7387	0.7387	0.001	0.001	Positive	Sg_OA11r1_12__Sg_A27_23__Positive
edge_978	Sg_OA11r1_12	Sg_A28_8	0.8571	0.8571	0.001	0.001	Positive	Sg_OA11r1_12__Sg_A28_8__Positive
edge_979	Sg_OA11r1_12	Sg_CD25A_53	0.5296	0.5296	0.001	0.001	Positive	Sg_OA11r1_12__Sg_CD25A_53__Positive
edge_980	Sg_OA11r1_12	Sg_CG50A_49	0.7936	0.7936	0.001	0.001	Positive	Sg_OA11r1_12__Sg_CG50A_49__Positive
edge_981	Sg_OA11r1_12	Sg_CM17_16	0.8169	0.8169	0.001	0.001	Positive	Sg_OA11r1_12__Sg_CM17_16__Positive
edge_982	Sg_OA11r1_12	Sg_EM30_38	0.664	0.664	0.001	0.001	Positive	Sg_OA11r1_12__Sg_EM30_38__Positive
edge_983	Sg_OA11r1_12	Sg_K10_28	0.83	0.83	0.001	0.001	Positive	Sg_OA11r1_12__Sg_K10_28__Positive
edge_984	Sg_OA11r1_12	Sg_M03_38	0.6445	0.6445	0.001	0.001	Positive	Sg_OA11r1_12__Sg_M03_38__Positive
edge_985	Sg_OA11r1_9	Gp_MJ4_197	0.5948	0.5948	0.001	0.001	Positive	Sg_OA11r1_9__Gp_MJ4_197__Positive
edge_986	Sg_OA11r1_9	Sg_K15_44	0.6434	0.6434	0.001	0.001	Positive	Sg_OA11r1_9__Sg_K15_44__Positive
edge_987	Sg_OA11r1_9	Sg_K36_16	0.6279	0.6279	0.001	0.001	Positive	Sg_OA11r1_9__Sg_K36_16__Positive
edge_988	Sg_OA13r1_14	Sg_B03_38	0.5769	0.5769	0.001	0.001	Positive	Sg_OA13r1_14__Sg_B03_38__Positive
edge_989	Sg_OA13r1_14	Sg_K16_17	0.4878	0.4878	0.001	0.001	Positive	Sg_OA13r1_14__Sg_K16_17__Positive
edge_990	Sg_OA13r1_52	Sg_CD24A_1	0.7619	0.7619	0.001	0.001	Positive	Sg_OA13r1_52__Sg_CD24A_1__Positive
edge_991	Sg_OA7r2_4	Gp_YAB_333	0.4866	0.4866	0.001	0.001	Positive	Sg_OA7r2_4__Gp_YAB_333__Positive
edge_992	Sg_OA7r2_4	Sg_A20_35	0.5013	0.5013	0.001	0.001	Positive	Sg_OA7r2_4__Sg_A20_35__Positive
edge_993	Sg_OA7r2_4	Sg_B07_12	0.5219	0.5219	0.001	0.001	Positive	Sg_OA7r2_4__Sg_B07_12__Positive
edge_994	Sg_OA7r2_4	Sg_CD25A_53	0.7676	0.7676	0.001	0.001	Positive	Sg_OA7r2_4__Sg_CD25A_53__Positive
edge_995	Sg_OA7r2_4	Sg_CG50A_49	0.4876	0.4876	0.001	0.001	Positive	Sg_OA7r2_4__Sg_CG50A_49__Positive
edge_996	Sg_OA7r2_4	Sg_OA11r1_12	0.5073	0.5073	0.001	0.001	Positive	Sg_OA7r2_4__Sg_OA11r1_12__Positive
edge_997	Sg_OB03r2_1	Sg_A01_16	0.8266	0.8266	0.001	0.001	Positive	Sg_OB03r2_1__Sg_A01_16__Positive
edge_998	Sg_OB03r2_1	Sg_K31_45	0.6444	0.6444	0.001	0.001	Positive	Sg_OB03r2_1__Sg_K31_45__Positive
edge_999	Sg_OB03r2_39	Gp_MJ1_12	0.7625	0.7625	0.001	0.001	Positive	Sg_OB03r2_39__Gp_MJ1_12__Positive
edge_1000	Sg_OB03r2_39	Gp_MJ1_272	0.5802	0.5802	0.001	0.001	Positive	Sg_OB03r2_39__Gp_MJ1_272__Positive
edge_1001	Sg_OB03r2_39	Gp_MJ4_197	0.7488	0.7488	0.001	0.001	Positive	Sg_OB03r2_39__Gp_MJ4_197__Positive
edge_1002	Sg_OB03r2_39	Gp_NH_148	0.6618	0.6618	0.001	0.001	Positive	Sg_OB03r2_39__Gp_NH_148__Positive
edge_1003	Sg_OB03r2_39	Sg_A22_8	0.8844	0.8844	0.001	0.001	Positive	Sg_OB03r2_39__Sg_A22_8__Positive
edge_1004	Sg_OB03r2_39	Sg_A27_31	0.834	0.834	0.001	0.001	Positive	Sg_OB03r2_39__Sg_A27_31__Positive
edge_1005	Sg_OB03r2_39	Sg_B03_29	-0.5672	0.5672	0.001	0.001	Negative	Sg_OB03r2_39__Sg_B03_29__Negative
edge_1006	Sg_OB03r2_39	Sg_B15_35	0.6807	0.6807	0.001	0.001	Positive	Sg_OB03r2_39__Sg_B15_35__Positive
edge_1007	Sg_OB03r2_39	Sg_CA11_52	0.6592	0.6592	0.001	0.001	Positive	Sg_OB03r2_39__Sg_CA11_52__Positive
edge_1008	Sg_OB03r2_39	Sg_CA9_20	0.8452	0.8452	0.001	0.001	Positive	Sg_OB03r2_39__Sg_CA9_20__Positive
edge_1009	Sg_OB03r2_39	Sg_CM17_7	-0.7065	0.7065	0.001	0.001	Negative	Sg_OB03r2_39__Sg_CM17_7__Negative
edge_1010	Sg_OB03r2_39	Sg_CM31A_43	0.659	0.659	0.001	0.001	Positive	Sg_OB03r2_39__Sg_CM31A_43__Positive
edge_1011	Sg_OB03r2_39	Sg_D02_32	0.818	0.818	0.001	0.001	Positive	Sg_OB03r2_39__Sg_D02_32__Positive
edge_1012	Sg_OB03r2_39	Sg_D02_9	0.735	0.735	0.001	0.001	Positive	Sg_OB03r2_39__Sg_D02_9__Positive
edge_1013	Sg_OB03r2_39	Sg_D18_45	0.714	0.714	0.001	0.001	Positive	Sg_OB03r2_39__Sg_D18_45__Positive
edge_1014	Sg_OB03r2_39	Sg_E04_12	0.6955	0.6955	0.001	0.001	Positive	Sg_OB03r2_39__Sg_E04_12__Positive
edge_1015	Sg_OB03r2_39	Sg_E10_50	0.7935	0.7935	0.001	0.001	Positive	Sg_OB03r2_39__Sg_E10_50__Positive
edge_1016	Sg_OB03r2_39	Sg_EA57_9	0.6729	0.6729	0.001	0.001	Positive	Sg_OB03r2_39__Sg_EA57_9__Positive
edge_1017	Sg_OB03r2_39	Sg_EM12_46	-0.5326	0.5326	0.001	0.001	Negative	Sg_OB03r2_39__Sg_EM12_46__Negative
edge_1018	Sg_OB03r2_39	Sg_G18_1	-0.6211	0.6211	0.001	0.001	Negative	Sg_OB03r2_39__Sg_G18_1__Negative
edge_1019	Sg_OB03r2_39	Sg_G43_29	-0.4803	0.4803	0.001	0.001	Negative	Sg_OB03r2_39__Sg_G43_29__Negative
edge_1020	Sg_OB03r2_39	Sg_I05_27	-0.7305	0.7305	0.001	0.001	Negative	Sg_OB03r2_39__Sg_I05_27__Negative
edge_1021	Sg_OB03r2_39	Sg_I06_25	0.7553	0.7553	0.001	0.001	Positive	Sg_OB03r2_39__Sg_I06_25__Positive
edge_1022	Sg_OB03r2_39	Sg_I12_44	-0.6013	0.6013	0.001	0.001	Negative	Sg_OB03r2_39__Sg_I12_44__Negative
edge_1023	Sg_OB03r2_39	Sg_K09_1	0.7962	0.7962	0.001	0.001	Positive	Sg_OB03r2_39__Sg_K09_1__Positive
edge_1024	Sg_OB03r2_39	Sg_K15_44	0.9391	0.9391	0.001	0.001	Positive	Sg_OB03r2_39__Sg_K15_44__Positive
edge_1025	Sg_OB03r2_39	Sg_K17_22	-0.6587	0.6587	0.001	0.001	Negative	Sg_OB03r2_39__Sg_K17_22__Negative
edge_1026	Sg_OB03r2_39	Sg_K22_8	0.7462	0.7462	0.001	0.001	Positive	Sg_OB03r2_39__Sg_K22_8__Positive
edge_1027	Sg_OB03r2_39	Sg_K36_16	0.9344	0.9344	0.001	0.001	Positive	Sg_OB03r2_39__Sg_K36_16__Positive
edge_1028	Sg_OB03r2_39	Sg_K36_27	0.7646	0.7646	0.001	0.001	Positive	Sg_OB03r2_39__Sg_K36_27__Positive
edge_1029	Sg_OB03r2_39	Sg_K36_29	0.8395	0.8395	0.001	0.001	Positive	Sg_OB03r2_39__Sg_K36_29__Positive
edge_1030	Sg_OB03r2_39	Sg_K36_6	0.4904	0.4904	0.001	0.001	Positive	Sg_OB03r2_39__Sg_K36_6__Positive
edge_1031	Sg_OB03r2_39	Sg_M02_5	0.7289	0.7289	0.001	0.001	Positive	Sg_OB03r2_39__Sg_M02_5__Positive
edge_1032	Sg_OB03r2_39	Sg_M12_6	0.8309	0.8309	0.001	0.001	Positive	Sg_OB03r2_39__Sg_M12_6__Positive
edge_1033	Sg_OB03r2_39	Sg_M15_10	-0.606	0.606	0.001	0.001	Negative	Sg_OB03r2_39__Sg_M15_10__Negative
edge_1034	Sg_OB03r2_39	Sg_M17_33	-0.596	0.596	0.001	0.001	Negative	Sg_OB03r2_39__Sg_M17_33__Negative
edge_1035	Sg_OB03r2_39	Sg_OA11r1_9	0.6257	0.6257	0.001	0.001	Positive	Sg_OB03r2_39__Sg_OA11r1_9__Positive
edge_1036	Sg_OB03r2_6	Sg_B03_29	-0.477	0.477	0.001	0.001	Negative	Sg_OB03r2_6__Sg_B03_29__Negative
edge_1037	Sg_OB03r2_6	Sg_CM33A_60	-0.5359	0.5359	0.001	0.001	Negative	Sg_OB03r2_6__Sg_CM33A_60__Negative
edge_1038	Sg_OB03r2_6	Sg_E04_12	0.5551	0.5551	0.001	0.001	Positive	Sg_OB03r2_6__Sg_E04_12__Positive
edge_1039	Sg_OB03r2_6	Sg_G47_17	0.5637	0.5637	0.001	0.001	Positive	Sg_OB03r2_6__Sg_G47_17__Positive
edge_1040	Sg_OB05r2_32	Sg_A19_51	0.4536	0.4536	0.001	0.001	Positive	Sg_OB05r2_32__Sg_A19_51__Positive
edge_1041	Sg_OB05r2_32	Sg_CG50A_49	-0.4183	0.4183	0.001	0.001	Negative	Sg_OB05r2_32__Sg_CG50A_49__Negative
edge_1042	Sg_OB05r2_32	Sg_I12_32	0.5132	0.5132	0.001	0.001	Positive	Sg_OB05r2_32__Sg_I12_32__Positive
edge_1043	Sg_OB05r2_32	Sg_K36_6	0.5297	0.5297	0.001	0.001	Positive	Sg_OB05r2_32__Sg_K36_6__Positive
edge_1044	Sg_OB05r2_38	Gp_NH_148	0.64	0.64	0.001	0.001	Positive	Sg_OB05r2_38__Gp_NH_148__Positive
edge_1045	Sg_OB05r2_38	Sg_A27_31	0.7491	0.7491	0.001	0.001	Positive	Sg_OB05r2_38__Sg_A27_31__Positive
edge_1046	Sg_OB05r2_38	Sg_CA9_20	0.6712	0.6712	0.001	0.001	Positive	Sg_OB05r2_38__Sg_CA9_20__Positive
edge_1047	Sg_OB05r2_38	Sg_D02_9	0.7593	0.7593	0.001	0.001	Positive	Sg_OB05r2_38__Sg_D02_9__Positive
edge_1048	Sg_OB05r2_38	Sg_K15_44	0.7475	0.7475	0.001	0.001	Positive	Sg_OB05r2_38__Sg_K15_44__Positive
edge_1049	Sg_OB05r2_38	Sg_K36_16	0.721	0.721	0.001	0.001	Positive	Sg_OB05r2_38__Sg_K36_16__Positive
edge_1050	Sg_OB05r2_38	Sg_K36_27	0.7272	0.7272	0.001	0.001	Positive	Sg_OB05r2_38__Sg_K36_27__Positive
edge_1051	Sg_OB05r2_38	Sg_M12_6	0.7314	0.7314	0.001	0.001	Positive	Sg_OB05r2_38__Sg_M12_6__Positive
edge_1052	Sg_OB05r2_8	Sg_B19_40	0.7266	0.7266	0.001	0.001	Positive	Sg_OB05r2_8__Sg_B19_40__Positive
edge_1053	Sg_OB05r2_8	Sg_CB03_47	0.6585	0.6585	0.001	0.001	Positive	Sg_OB05r2_8__Sg_CB03_47__Positive
edge_1054	Sg_OB05r2_8	Sg_E06_24	0.7598	0.7598	0.001	0.001	Positive	Sg_OB05r2_8__Sg_E06_24__Positive
edge_1055	Sg_OB05r2_8	Sg_EA61_27	0.6854	0.6854	0.001	0.001	Positive	Sg_OB05r2_8__Sg_EA61_27__Positive
edge_1056	Sg_OB05r2_8	Sg_EB10_11	0.7145	0.7145	0.001	0.001	Positive	Sg_OB05r2_8__Sg_EB10_11__Positive
edge_1057	Sg_OB05r2_8	Sg_EB21_10	0.7264	0.7264	0.001	0.001	Positive	Sg_OB05r2_8__Sg_EB21_10__Positive
edge_1058	Sg_OB05r2_8	Sg_G29_33	0.5675	0.5675	0.001	0.001	Positive	Sg_OB05r2_8__Sg_G29_33__Positive
edge_1059	Sg_OB05r2_8	Sg_I12_6	0.8233	0.8233	0.001	0.001	Positive	Sg_OB05r2_8__Sg_I12_6__Positive
edge_1060	Sg_OB05r2_8	Sg_K01_5	0.7105	0.7105	0.001	0.001	Positive	Sg_OB05r2_8__Sg_K01_5__Positive
edge_1061	Sg_OB05r2_8	Sg_M02_37	0.7413	0.7413	0.001	0.001	Positive	Sg_OB05r2_8__Sg_M02_37__Positive
edge_1062	Sg_OB24r1_18	Gp_MJ1_12	0.6485	0.6485	0.001	0.001	Positive	Sg_OB24r1_18__Gp_MJ1_12__Positive
edge_1063	Sg_OB24r1_18	Gp_NH_148	0.6874	0.6874	0.001	0.001	Positive	Sg_OB24r1_18__Gp_NH_148__Positive
edge_1064	Sg_OB24r1_18	Sg_A22_8	0.7158	0.7158	0.001	0.001	Positive	Sg_OB24r1_18__Sg_A22_8__Positive
edge_1065	Sg_OB24r1_18	Sg_B27_18	0.4769	0.4769	0.001	0.001	Positive	Sg_OB24r1_18__Sg_B27_18__Positive
edge_1066	Sg_OB24r1_18	Sg_CM31A_43	0.5907	0.5907	0.001	0.001	Positive	Sg_OB24r1_18__Sg_CM31A_43__Positive
edge_1067	Sg_OB24r1_18	Sg_D02_32	0.6329	0.6329	0.001	0.001	Positive	Sg_OB24r1_18__Sg_D02_32__Positive
edge_1068	Sg_OB24r1_18	Sg_D18_45	0.6379	0.6379	0.001	0.001	Positive	Sg_OB24r1_18__Sg_D18_45__Positive
edge_1069	Sg_OB24r1_18	Sg_EA57_9	0.6263	0.6263	0.001	0.001	Positive	Sg_OB24r1_18__Sg_EA57_9__Positive
edge_1070	Sg_OB24r1_18	Sg_I12_44	-0.5645	0.5645	0.001	0.001	Negative	Sg_OB24r1_18__Sg_I12_44__Negative
edge_1071	Sg_OB24r1_18	Sg_K15_44	0.742	0.742	0.001	0.001	Positive	Sg_OB24r1_18__Sg_K15_44__Positive
edge_1072	Sg_OB24r1_18	Sg_K17_22	-0.5726	0.5726	0.001	0.001	Negative	Sg_OB24r1_18__Sg_K17_22__Negative
edge_1073	Sg_OB24r1_18	Sg_K22_8	0.6015	0.6015	0.001	0.001	Positive	Sg_OB24r1_18__Sg_K22_8__Positive
edge_1074	Sg_OB24r1_18	Sg_M12_6	0.7052	0.7052	0.001	0.001	Positive	Sg_OB24r1_18__Sg_M12_6__Positive
edge_1075	Sg_OB24r1_18	Sg_OB03r2_39	0.742	0.742	0.001	0.001	Positive	Sg_OB24r1_18__Sg_OB03r2_39__Positive
edge_1076	Sg_OB24r1_18	Sg_OB05r2_38	0.7009	0.7009	0.001	0.001	Positive	Sg_OB24r1_18__Sg_OB05r2_38__Positive
edge_1077	Sg_OG24B2A_25	Sg_C02_30	0.6601	0.6601	0.001	0.001	Positive	Sg_OG24B2A_25__Sg_C02_30__Positive
edge_1078	Sg_OG24B2A_25	Sg_D03_78	0.5769	0.5769	0.001	0.001	Positive	Sg_OG24B2A_25__Sg_D03_78__Positive
edge_1079	Sg_OG24B2A_25	Sg_G21_58	0.6951	0.6951	0.001	0.001	Positive	Sg_OG24B2A_25__Sg_G21_58__Positive
edge_1080	Sg_OG24B2A_25	Sg_H04_45	0.6993	0.6993	0.001	0.001	Positive	Sg_OG24B2A_25__Sg_H04_45__Positive
edge_1081	Sg_OG24B2A_25	Sg_K46_34	0.6212	0.6212	0.001	0.001	Positive	Sg_OG24B2A_25__Sg_K46_34__Positive
edge_1082	Sg_OG24B2A_8	Gp_MJ2_113	0.5368	0.5368	0.001	0.001	Positive	Sg_OG24B2A_8__Gp_MJ2_113__Positive
edge_1083	Sg_OG24B2A_8	Sg_B07_12	0.6692	0.6692	0.001	0.001	Positive	Sg_OG24B2A_8__Sg_B07_12__Positive
edge_1084	Sg_OG24B2A_8	Sg_B07_53	0.6446	0.6446	0.001	0.001	Positive	Sg_OG24B2A_8__Sg_B07_53__Positive
edge_1085	Sg_OG24B2A_8	Sg_B07_62	0.6716	0.6716	0.001	0.001	Positive	Sg_OG24B2A_8__Sg_B07_62__Positive
edge_1086	Sg_OG24B2A_8	Sg_B08_36	0.3549	0.3549	0.001	0.001	Positive	Sg_OG24B2A_8__Sg_B08_36__Positive
edge_1087	Sg_OG24B2A_8	Sg_B14_13	0.5388	0.5388	0.001	0.001	Positive	Sg_OG24B2A_8__Sg_B14_13__Positive
edge_1088	Sg_OG24B2A_8	Sg_B15_23	0.5978	0.5978	0.001	0.001	Positive	Sg_OG24B2A_8__Sg_B15_23__Positive
edge_1089	Sg_OG24B2A_8	Sg_CA25_21	0.7107	0.7107	0.001	0.001	Positive	Sg_OG24B2A_8__Sg_CA25_21__Positive
edge_1090	Sg_OG24B2A_8	Sg_CD24A_10	0.6093	0.6093	0.001	0.001	Positive	Sg_OG24B2A_8__Sg_CD24A_10__Positive
edge_1091	Sg_OG24B2A_8	Sg_CD26A_19	0.6659	0.6659	0.001	0.001	Positive	Sg_OG24B2A_8__Sg_CD26A_19__Positive
edge_1092	Sg_OG24B2A_8	Sg_CD30A_34	0.6738	0.6738	0.001	0.001	Positive	Sg_OG24B2A_8__Sg_CD30A_34__Positive
edge_1093	Sg_OG24B2A_8	Sg_CE19A_15	0.6732	0.6732	0.001	0.001	Positive	Sg_OG24B2A_8__Sg_CE19A_15__Positive
edge_1094	Sg_OG24B2A_8	Sg_CE19A_29	0.6069	0.6069	0.001	0.001	Positive	Sg_OG24B2A_8__Sg_CE19A_29__Positive
edge_1095	Sg_OG24B2A_8	Sg_CK05A_18	0.7184	0.7184	0.001	0.001	Positive	Sg_OG24B2A_8__Sg_CK05A_18__Positive
edge_1096	Sg_OG24B2A_8	Sg_CK52A_74	0.6011	0.6011	0.001	0.001	Positive	Sg_OG24B2A_8__Sg_CK52A_74__Positive
edge_1097	Sg_OG24B2A_8	Sg_CM21_15	0.5313	0.5313	0.001	0.001	Positive	Sg_OG24B2A_8__Sg_CM21_15__Positive
edge_1098	Sg_OG24B2A_8	Sg_CM21_57	0.6346	0.6346	0.001	0.001	Positive	Sg_OG24B2A_8__Sg_CM21_57__Positive
edge_1099	Sg_OG24B2A_8	Sg_D10_17	0.5706	0.5706	0.001	0.001	Positive	Sg_OG24B2A_8__Sg_D10_17__Positive
edge_1100	Sg_OG24B2A_8	Sg_EB13_4	0.6397	0.6397	0.001	0.001	Positive	Sg_OG24B2A_8__Sg_EB13_4__Positive
edge_1101	Sg_OG24B2A_8	Sg_G26_22	0.6885	0.6885	0.001	0.001	Positive	Sg_OG24B2A_8__Sg_G26_22__Positive
edge_1102	Sg_OG24B2A_8	Sg_K36_3	0.5969	0.5969	0.001	0.001	Positive	Sg_OG24B2A_8__Sg_K36_3__Positive
edge_1103	Sg_OG24B2A_8	Sg_M12_21	0.6743	0.6743	0.001	0.001	Positive	Sg_OG24B2A_8__Sg_M12_21__Positive
edge_1104	Sg_OG24B2A_8	Sg_M12_39	0.7164	0.7164	0.001	0.001	Positive	Sg_OG24B2A_8__Sg_M12_39__Positive
edge_1105	Sg_OG24B2A_8	Sg_M15_29	0.6849	0.6849	0.001	0.001	Positive	Sg_OG24B2A_8__Sg_M15_29__Positive
edge_1106	Sg_OG24B2A_8	Sg_OB24r1_18	-0.5156	0.5156	0.001	0.001	Negative	Sg_OG24B2A_8__Sg_OB24r1_18__Negative
edge_1107	Sg_OM21r1_55	Sg_A22_3	-0.4806	0.4806	0.001	0.001	Negative	Sg_OM21r1_55__Sg_A22_3__Negative
edge_1108	Sg_OM21r1_55	Sg_B03_29	0.5853	0.5853	0.001	0.001	Positive	Sg_OM21r1_55__Sg_B03_29__Positive
edge_1109	Sg_OM21r1_55	Sg_B15_35	-0.5263	0.5263	0.001	0.001	Negative	Sg_OM21r1_55__Sg_B15_35__Negative
edge_1110	Sg_OM21r1_55	Sg_B19_58	0.6087	0.6087	0.001	0.001	Positive	Sg_OM21r1_55__Sg_B19_58__Positive
edge_1111	Sg_OM21r1_55	Sg_CA40A_55	0.7131	0.7131	0.001	0.001	Positive	Sg_OM21r1_55__Sg_CA40A_55__Positive
edge_1112	Sg_OM21r1_55	Sg_CK05A_46	0.7732	0.7732	0.001	0.001	Positive	Sg_OM21r1_55__Sg_CK05A_46__Positive
edge_1113	Sg_OM21r1_55	Sg_CK52A_43	0.772	0.772	0.001	0.001	Positive	Sg_OM21r1_55__Sg_CK52A_43__Positive
edge_1114	Sg_OM21r1_55	Sg_CM17_7	0.7559	0.7559	0.001	0.001	Positive	Sg_OM21r1_55__Sg_CM17_7__Positive
edge_1115	Sg_OM21r1_55	Sg_CM29A_16	0.7463	0.7463	0.001	0.001	Positive	Sg_OM21r1_55__Sg_CM29A_16__Positive
edge_1116	Sg_OM21r1_55	Sg_CM33A_60	0.7817	0.7817	0.001	0.001	Positive	Sg_OM21r1_55__Sg_CM33A_60__Positive
edge_1117	Sg_OM21r1_55	Sg_D02_32	-0.5997	0.5997	0.001	0.001	Negative	Sg_OM21r1_55__Sg_D02_32__Negative
edge_1118	Sg_OM21r1_55	Sg_E04_12	-0.5675	0.5675	0.001	0.001	Negative	Sg_OM21r1_55__Sg_E04_12__Negative
edge_1119	Sg_OM21r1_55	Sg_E06_10	0.7556	0.7556	0.001	0.001	Positive	Sg_OM21r1_55__Sg_E06_10__Positive
edge_1120	Sg_OM21r1_55	Sg_EA57_9	-0.5756	0.5756	0.001	0.001	Negative	Sg_OM21r1_55__Sg_EA57_9__Negative
edge_1121	Sg_OM21r1_55	Sg_G26_10	0.5761	0.5761	0.001	0.001	Positive	Sg_OM21r1_55__Sg_G26_10__Positive
edge_1122	Sg_OM21r1_55	Sg_G33_7	0.5824	0.5824	0.001	0.001	Positive	Sg_OM21r1_55__Sg_G33_7__Positive
edge_1123	Sg_OM21r1_55	Sg_I05_27	0.7065	0.7065	0.001	0.001	Positive	Sg_OM21r1_55__Sg_I05_27__Positive
edge_1124	Sg_OM21r1_55	Sg_I06_25	-0.5129	0.5129	0.001	0.001	Negative	Sg_OM21r1_55__Sg_I06_25__Negative
edge_1125	Sg_OM21r1_55	Sg_K09_1	-0.6152	0.6152	0.001	0.001	Negative	Sg_OM21r1_55__Sg_K09_1__Negative
edge_1126	Sg_OM21r1_55	Sg_K15_44	-0.6354	0.6354	0.001	0.001	Negative	Sg_OM21r1_55__Sg_K15_44__Negative
edge_1127	Sg_OM21r1_55	Sg_K36_16	-0.6497	0.6497	0.001	0.001	Negative	Sg_OM21r1_55__Sg_K36_16__Negative
edge_1128	Sg_OM21r1_55	Sg_K40_4	0.7619	0.7619	0.001	0.001	Positive	Sg_OM21r1_55__Sg_K40_4__Positive
edge_1129	Sg_OM21r1_55	Sg_M01_13	0.6954	0.6954	0.001	0.001	Positive	Sg_OM21r1_55__Sg_M01_13__Positive
edge_1130	Sg_OM21r1_55	Sg_M01_30	0.7617	0.7617	0.001	0.001	Positive	Sg_OM21r1_55__Sg_M01_30__Positive
edge_1131	Sg_OM21r1_55	Sg_M07_27	0.6246	0.6246	0.001	0.001	Positive	Sg_OM21r1_55__Sg_M07_27__Positive
edge_1132	Sg_OM21r1_55	Sg_M15_10	0.6315	0.6315	0.001	0.001	Positive	Sg_OM21r1_55__Sg_M15_10__Positive
edge_1133	Sg_OM21r1_55	Sg_OB03r2_39	-0.6738	0.6738	0.001	0.001	Negative	Sg_OM21r1_55__Sg_OB03r2_39__Negative
edge_1134	Sg_P15_12	Sg_A19_11	0.5413	0.5413	0.001	0.001	Positive	Sg_P15_12__Sg_A19_11__Positive
edge_1135	Sg_P15_12	Sg_A22_19	0.5366	0.5366	0.001	0.001	Positive	Sg_P15_12__Sg_A22_19__Positive
edge_1136	Sg_P15_12	Sg_A22_3	0.5351	0.5351	0.001	0.001	Positive	Sg_P15_12__Sg_A22_3__Positive
edge_1137	Sg_P15_12	Sg_A22_8	0.5405	0.5405	0.001	0.001	Positive	Sg_P15_12__Sg_A22_8__Positive
edge_1138	Sg_P15_12	Sg_B15_35	0.5473	0.5473	0.001	0.001	Positive	Sg_P15_12__Sg_B15_35__Positive
edge_1139	Sg_P15_12	Sg_D02_32	0.5922	0.5922	0.001	0.001	Positive	Sg_P15_12__Sg_D02_32__Positive
edge_1140	Sg_P15_12	Sg_E04_12	0.5619	0.5619	0.001	0.001	Positive	Sg_P15_12__Sg_E04_12__Positive
edge_1141	Sg_P15_12	Sg_K09_1	0.5826	0.5826	0.001	0.001	Positive	Sg_P15_12__Sg_K09_1__Positive
edge_1142	Sg_P15_12	Sg_K22_8	0.5176	0.5176	0.001	0.001	Positive	Sg_P15_12__Sg_K22_8__Positive
edge_1143	Sg_P15_12	Sg_M17_33	-0.4953	0.4953	0.001	0.001	Negative	Sg_P15_12__Sg_M17_33__Negative
edge_1144	Sg_P15_12	Sg_OB03r2_39	0.5884	0.5884	0.001	0.001	Positive	Sg_P15_12__Sg_OB03r2_39__Positive
edge_1145	Sg_P15_15	Sg_K01_3	0.773	0.773	0.001	0.001	Positive	Sg_P15_15__Sg_K01_3__Positive
edge_1146	Sg_P15_2	Sg_CA13_9	0.647	0.647	0.001	0.001	Positive	Sg_P15_2__Sg_CA13_9__Positive
edge_1147	Sg_P15_2	Sg_M08_36	0.5046	0.5046	0.001	0.001	Positive	Sg_P15_2__Sg_M08_36__Positive
edge_1148	Sg_P15_21	Sg_C02_30	0.6876	0.6876	0.001	0.001	Positive	Sg_P15_21__Sg_C02_30__Positive
edge_1149	Sg_P15_21	Sg_D03_78	0.7467	0.7467	0.001	0.001	Positive	Sg_P15_21__Sg_D03_78__Positive
edge_1150	Sg_P15_21	Sg_G21_58	0.7222	0.7222	0.001	0.001	Positive	Sg_P15_21__Sg_G21_58__Positive
edge_1151	Sg_P15_21	Sg_H04_45	0.719	0.719	0.001	0.001	Positive	Sg_P15_21__Sg_H04_45__Positive
edge_1152	Sg_P15_21	Sg_K46_34	0.692	0.692	0.001	0.001	Positive	Sg_P15_21__Sg_K46_34__Positive
edge_1153	Sg_P15_21	Sg_OG24B2A_25	0.6951	0.6951	0.001	0.001	Positive	Sg_P15_21__Sg_OG24B2A_25__Positive
edge_1154	Sg_P22_10	Gp_YAB_339	0.7203	0.7203	0.001	0.001	Positive	Sg_P22_10__Gp_YAB_339__Positive
edge_1155	Sg_P22_10	Sg_A11_12	0.8499	0.8499	0.001	0.001	Positive	Sg_P22_10__Sg_A11_12__Positive
edge_1156	Sg_P22_10	Sg_A11_2	0.7931	0.7931	0.001	0.001	Positive	Sg_P22_10__Sg_A11_2__Positive
edge_1157	Sg_P22_10	Sg_B25_38	0.8584	0.8584	0.001	0.001	Positive	Sg_P22_10__Sg_B25_38__Positive
edge_1158	Sg_P22_10	Sg_C03_36	0.6395	0.6395	0.001	0.001	Positive	Sg_P22_10__Sg_C03_36__Positive
edge_1159	Sg_P22_10	Sg_CG50A_74	0.8143	0.8143	0.001	0.001	Positive	Sg_P22_10__Sg_CG50A_74__Positive
edge_1160	Sg_P22_10	Sg_CM31A_52	0.7997	0.7997	0.001	0.001	Positive	Sg_P22_10__Sg_CM31A_52__Positive
edge_1161	Sg_P22_10	Sg_D09_14	0.8526	0.8526	0.001	0.001	Positive	Sg_P22_10__Sg_D09_14__Positive
edge_1162	Sg_P22_10	Sg_EA47_17	0.8658	0.8658	0.001	0.001	Positive	Sg_P22_10__Sg_EA47_17__Positive
edge_1163	Sg_P22_10	Sg_EB09_7	0.8927	0.8927	0.001	0.001	Positive	Sg_P22_10__Sg_EB09_7__Positive
edge_1164	Sg_P22_10	Sg_EM22_6	0.7928	0.7928	0.001	0.001	Positive	Sg_P22_10__Sg_EM22_6__Positive
edge_1165	Sg_P22_10	Sg_EM34_4	0.6013	0.6013	0.001	0.001	Positive	Sg_P22_10__Sg_EM34_4__Positive
edge_1166	Sg_P22_10	Sg_G22_16	0.8531	0.8531	0.001	0.001	Positive	Sg_P22_10__Sg_G22_16__Positive
edge_1167	Sg_P22_10	Sg_I07_11	0.6377	0.6377	0.001	0.001	Positive	Sg_P22_10__Sg_I07_11__Positive
edge_1168	Sg_P22_10	Sg_K09_61	0.8787	0.8787	0.001	0.001	Positive	Sg_P22_10__Sg_K09_61__Positive
edge_1169	Sg_P22_10	Sg_K32_30	0.5869	0.5869	0.001	0.001	Positive	Sg_P22_10__Sg_K32_30__Positive
edge_1170	Sg_P22_10	Sg_K36_17	0.875	0.875	0.001	0.001	Positive	Sg_P22_10__Sg_K36_17__Positive
edge_1171	Sg_P22_10	Sg_M11_5	0.6833	0.6833	0.001	0.001	Positive	Sg_P22_10__Sg_M11_5__Positive
edge_1172	Sg_P22_13	Sg_A01_16	0.5383	0.5383	0.001	0.001	Positive	Sg_P22_13__Sg_A01_16__Positive
edge_1173	Sg_P23_1	Sg_B19_40	0.9025	0.9025	0.001	0.001	Positive	Sg_P23_1__Sg_B19_40__Positive
edge_1174	Sg_P23_1	Sg_E06_24	0.8259	0.8259	0.001	0.001	Positive	Sg_P23_1__Sg_E06_24__Positive
edge_1175	Sg_P23_1	Sg_EA61_27	0.8635	0.8635	0.001	0.001	Positive	Sg_P23_1__Sg_EA61_27__Positive
edge_1176	Sg_P23_1	Sg_EB10_11	0.8911	0.8911	0.001	0.001	Positive	Sg_P23_1__Sg_EB10_11__Positive
edge_1177	Sg_P23_1	Sg_EB21_10	0.7713	0.7713	0.001	0.001	Positive	Sg_P23_1__Sg_EB21_10__Positive
edge_1178	Sg_P23_1	Sg_G29_33	0.6992	0.6992	0.001	0.001	Positive	Sg_P23_1__Sg_G29_33__Positive
edge_1179	Sg_P23_1	Sg_I12_6	0.826	0.826	0.001	0.001	Positive	Sg_P23_1__Sg_I12_6__Positive
edge_1180	Sg_P23_1	Sg_K01_5	0.8559	0.8559	0.001	0.001	Positive	Sg_P23_1__Sg_K01_5__Positive
edge_1181	Sg_P23_1	Sg_M02_37	0.9037	0.9037	0.001	0.001	Positive	Sg_P23_1__Sg_M02_37__Positive
edge_1182	Sg_P23_1	Sg_OB05r2_8	0.711	0.711	0.001	0.001	Positive	Sg_P23_1__Sg_OB05r2_8__Positive
edge_1183	Sg_P27_36	Sg_EA47_9	0.6824	0.6824	0.001	0.001	Positive	Sg_P27_36__Sg_EA47_9__Positive
edge_1184	Sg_P27_4	Sg_B15_23	0.5044	0.5044	0.001	0.001	Positive	Sg_P27_4__Sg_B15_23__Positive
edge_1185	Sg_P27_4	Sg_CA25_21	0.4315	0.4315	0.001	0.001	Positive	Sg_P27_4__Sg_CA25_21__Positive
edge_1186	Sg_P27_4	Sg_CD24A_10	0.5371	0.5371	0.001	0.001	Positive	Sg_P27_4__Sg_CD24A_10__Positive
edge_1187	Sg_P27_4	Sg_CD30A_34	0.4827	0.4827	0.001	0.001	Positive	Sg_P27_4__Sg_CD30A_34__Positive
edge_1188	Sg_P27_4	Sg_CK05A_18	0.4671	0.4671	0.001	0.001	Positive	Sg_P27_4__Sg_CK05A_18__Positive
edge_1189	Sg_P27_4	Sg_D10_17	0.5329	0.5329	0.001	0.001	Positive	Sg_P27_4__Sg_D10_17__Positive
edge_1190	Sg_P27_4	Sg_EB13_4	0.6357	0.6357	0.001	0.001	Positive	Sg_P27_4__Sg_EB13_4__Positive
edge_1191	Sg_P27_4	Sg_EM12_46	0.4342	0.4342	0.001	0.001	Positive	Sg_P27_4__Sg_EM12_46__Positive
edge_1192	Sg_P27_4	Sg_G26_22	0.4983	0.4983	0.001	0.001	Positive	Sg_P27_4__Sg_G26_22__Positive
edge_1193	Sg_P27_4	Sg_M12_21	0.5778	0.5778	0.001	0.001	Positive	Sg_P27_4__Sg_M12_21__Positive
edge_1194	Sg_P27_4	Sg_M12_39	0.4828	0.4828	0.001	0.001	Positive	Sg_P27_4__Sg_M12_39__Positive
edge_1195	Sg_P27_4	Sg_M15_29	0.6187	0.6187	0.001	0.001	Positive	Sg_P27_4__Sg_M15_29__Positive
edge_1196	Sg_P27_4	Sg_OG24B2A_8	0.5076	0.5076	0.001	0.001	Positive	Sg_P27_4__Sg_OG24B2A_8__Positive
edge_1197	Sg_P30_9	Sg_A19_12	0.436	0.436	0.001	0.001	Positive	Sg_P30_9__Sg_A19_12__Positive
edge_1198	Sg_P30_9	Sg_A22_19	0.4703	0.4703	0.001	0.001	Positive	Sg_P30_9__Sg_A22_19__Positive
edge_1199	Sg_P30_9	Sg_A22_3	0.4434	0.4434	0.001	0.001	Positive	Sg_P30_9__Sg_A22_3__Positive
edge_1200	Sg_P30_9	Sg_CE19A_36	0.5692	0.5692	0.001	0.001	Positive	Sg_P30_9__Sg_CE19A_36__Positive
edge_1201	Sg_P30_9	Sg_E04_12	0.5508	0.5508	0.001	0.001	Positive	Sg_P30_9__Sg_E04_12__Positive
edge_1202	Sg_X05_12	Sg_B03_29	0.4823	0.4823	0.001	0.001	Positive	Sg_X05_12__Sg_B03_29__Positive
edge_1203	Sg_X05_3	Gp_YAB_333	0.6579	0.6579	0.001	0.001	Positive	Sg_X05_3__Gp_YAB_333__Positive
edge_1204	Sg_X05_3	Sg_A20_35	0.5475	0.5475	0.001	0.001	Positive	Sg_X05_3__Sg_A20_35__Positive
edge_1205	Sg_X05_3	Sg_A27_23	0.5692	0.5692	0.001	0.001	Positive	Sg_X05_3__Sg_A27_23__Positive
edge_1206	Sg_X05_3	Sg_A28_8	0.916	0.916	0.001	0.001	Positive	Sg_X05_3__Sg_A28_8__Positive
edge_1207	Sg_X05_3	Sg_CG50A_49	0.7299	0.7299	0.001	0.001	Positive	Sg_X05_3__Sg_CG50A_49__Positive
edge_1208	Sg_X05_3	Sg_CM17_16	0.8563	0.8563	0.001	0.001	Positive	Sg_X05_3__Sg_CM17_16__Positive
edge_1209	Sg_X05_3	Sg_EM30_38	0.5322	0.5322	0.001	0.001	Positive	Sg_X05_3__Sg_EM30_38__Positive
edge_1210	Sg_X05_3	Sg_K10_28	0.8838	0.8838	0.001	0.001	Positive	Sg_X05_3__Sg_K10_28__Positive
edge_1211	Sg_X05_3	Sg_M03_38	0.4886	0.4886	0.001	0.001	Positive	Sg_X05_3__Sg_M03_38__Positive
edge_1212	Sg_X05_3	Sg_OA11r1_12	0.8107	0.8107	0.001	0.001	Positive	Sg_X05_3__Sg_OA11r1_12__Positive
edge_1213	Sg_Y07_14	Gp_meta27_16	0.5186	0.5186	0.001	0.001	Positive	Sg_Y07_14__Gp_meta27_16__Positive
edge_1214	Sg_Y07_14	Sg_A27_31	0.5423	0.5423	0.001	0.001	Positive	Sg_Y07_14__Sg_A27_31__Positive
edge_1215	Sg_Y07_14	Sg_CE19A_24	-0.4794	0.4794	0.001	0.001	Negative	Sg_Y07_14__Sg_CE19A_24__Negative
edge_1216	Sg_Y07_14	Sg_CK05A_18	-0.5131	0.5131	0.001	0.001	Negative	Sg_Y07_14__Sg_CK05A_18__Negative
edge_1217	Sg_Y07_14	Sg_K15_44	0.5867	0.5867	0.001	0.001	Positive	Sg_Y07_14__Sg_K15_44__Positive
edge_1218	Sg_Y07_14	Sg_K36_16	0.5831	0.5831	0.001	0.001	Positive	Sg_Y07_14__Sg_K36_16__Positive
edge_1219	Sg_Y07_14	Sg_K36_27	0.598	0.598	0.001	0.001	Positive	Sg_Y07_14__Sg_K36_27__Positive
edge_1220	Sg_Y07_14	Sg_K36_29	0.5554	0.5554	0.001	0.001	Positive	Sg_Y07_14__Sg_K36_29__Positive
edge_1221	Sg_Y07_14	Sg_M02_8	0.5769	0.5769	0.001	0.001	Positive	Sg_Y07_14__Sg_M02_8__Positive
edge_1222	Sg_Y07_14	Sg_M12_6	0.5689	0.5689	0.001	0.001	Positive	Sg_Y07_14__Sg_M12_6__Positive
edge_1223	Sg_Y07_14	Sg_M15_29	-0.495	0.495	0.001	0.001	Negative	Sg_Y07_14__Sg_M15_29__Negative
edge_1224	Sg_Y19_10	Gp_YAB_339	0.9294	0.9294	0.001	0.001	Positive	Sg_Y19_10__Gp_YAB_339__Positive
edge_1225	Sg_Y19_10	Sg_A11_12	0.8068	0.8068	0.001	0.001	Positive	Sg_Y19_10__Sg_A11_12__Positive
edge_1226	Sg_Y19_10	Sg_A11_2	0.628	0.628	0.001	0.001	Positive	Sg_Y19_10__Sg_A11_2__Positive
edge_1227	Sg_Y19_10	Sg_B25_38	0.7164	0.7164	0.001	0.001	Positive	Sg_Y19_10__Sg_B25_38__Positive
edge_1228	Sg_Y19_10	Sg_C03_36	0.5285	0.5285	0.001	0.001	Positive	Sg_Y19_10__Sg_C03_36__Positive
edge_1229	Sg_Y19_10	Sg_CG50A_74	0.7502	0.7502	0.001	0.001	Positive	Sg_Y19_10__Sg_CG50A_74__Positive
edge_1230	Sg_Y19_10	Sg_CM31A_52	0.8062	0.8062	0.001	0.001	Positive	Sg_Y19_10__Sg_CM31A_52__Positive
edge_1231	Sg_Y19_10	Sg_D09_14	0.7168	0.7168	0.001	0.001	Positive	Sg_Y19_10__Sg_D09_14__Positive
edge_1232	Sg_Y19_10	Sg_EA47_17	0.5603	0.5603	0.001	0.001	Positive	Sg_Y19_10__Sg_EA47_17__Positive
edge_1233	Sg_Y19_10	Sg_EB09_7	0.6552	0.6552	0.001	0.001	Positive	Sg_Y19_10__Sg_EB09_7__Positive
edge_1234	Sg_Y19_10	Sg_EM22_6	0.767	0.767	0.001	0.001	Positive	Sg_Y19_10__Sg_EM22_6__Positive
edge_1235	Sg_Y19_10	Sg_EM34_4	0.7393	0.7393	0.001	0.001	Positive	Sg_Y19_10__Sg_EM34_4__Positive
edge_1236	Sg_Y19_10	Sg_G22_16	0.7536	0.7536	0.001	0.001	Positive	Sg_Y19_10__Sg_G22_16__Positive
edge_1237	Sg_Y19_10	Sg_I07_11	0.7674	0.7674	0.001	0.001	Positive	Sg_Y19_10__Sg_I07_11__Positive
edge_1238	Sg_Y19_10	Sg_K09_61	0.8102	0.8102	0.001	0.001	Positive	Sg_Y19_10__Sg_K09_61__Positive
edge_1239	Sg_Y19_10	Sg_K32_30	0.5353	0.5353	0.001	0.001	Positive	Sg_Y19_10__Sg_K32_30__Positive
edge_1240	Sg_Y19_10	Sg_K36_17	0.6283	0.6283	0.001	0.001	Positive	Sg_Y19_10__Sg_K36_17__Positive
edge_1241	Sg_Y19_10	Sg_M11_5	0.8	0.8	0.001	0.001	Positive	Sg_Y19_10__Sg_M11_5__Positive
edge_1242	Sg_Y19_10	Sg_P22_10	0.7252	0.7252	0.001	0.001	Positive	Sg_Y19_10__Sg_P22_10__Positive
edge_1243	Sg_Y19_13	Gp_MJ3_477	0.5609	0.5609	0.001	0.001	Positive	Sg_Y19_13__Gp_MJ3_477__Positive
edge_1244	Sg_Y19_13	Sg_B07_38	0.5011	0.5011	0.001	0.001	Positive	Sg_Y19_13__Sg_B07_38__Positive
edge_1245	Sg_Y19_13	Sg_B07_62	0.4714	0.4714	0.001	0.001	Positive	Sg_Y19_13__Sg_B07_62__Positive
edge_1246	Sg_Y19_13	Sg_B08_36	0.4137	0.4137	0.001	0.001	Positive	Sg_Y19_13__Sg_B08_36__Positive
edge_1247	Sg_Y19_13	Sg_B15_23	0.5072	0.5072	0.001	0.001	Positive	Sg_Y19_13__Sg_B15_23__Positive
edge_1248	Sg_Y19_13	Sg_CD30A_34	0.5207	0.5207	0.001	0.001	Positive	Sg_Y19_13__Sg_CD30A_34__Positive
edge_1249	Sg_Y19_13	Sg_CE19A_24	0.5908	0.5908	0.001	0.001	Positive	Sg_Y19_13__Sg_CE19A_24__Positive
edge_1250	Sg_Y19_13	Sg_CK28A_36	0.6198	0.6198	0.001	0.001	Positive	Sg_Y19_13__Sg_CK28A_36__Positive
edge_1251	Sg_Y19_13	Sg_CM21_57	0.5454	0.5454	0.001	0.001	Positive	Sg_Y19_13__Sg_CM21_57__Positive
edge_1252	Sg_Y19_13	Sg_G18_19	0.4702	0.4702	0.001	0.001	Positive	Sg_Y19_13__Sg_G18_19__Positive
edge_1253	Sg_YA03_20	Sg_CB03_47	0.7256	0.7256	0.001	0.001	Positive	Sg_YA03_20__Sg_CB03_47__Positive
edge_1254	Sg_YA03_20	Sg_E06_24	0.6243	0.6243	0.001	0.001	Positive	Sg_YA03_20__Sg_E06_24__Positive
edge_1255	Sg_YA03_20	Sg_EA61_27	0.5917	0.5917	0.001	0.001	Positive	Sg_YA03_20__Sg_EA61_27__Positive
edge_1256	Sg_YA03_20	Sg_EB21_10	0.6761	0.6761	0.001	0.001	Positive	Sg_YA03_20__Sg_EB21_10__Positive
edge_1257	Sg_YA03_20	Sg_I12_6	0.604	0.604	0.001	0.001	Positive	Sg_YA03_20__Sg_I12_6__Positive
edge_1258	Sg_YA03_20	Sg_OB05r2_8	0.5909	0.5909	0.001	0.001	Positive	Sg_YA03_20__Sg_OB05r2_8__Positive
edge_1259	Sg_YA04_9	Gp_MJ1_12	0.576	0.576	0.001	0.001	Positive	Sg_YA04_9__Gp_MJ1_12__Positive
edge_1260	Sg_YA04_9	Gp_meta27_511	-0.4572	0.4572	0.001	0.001	Negative	Sg_YA04_9__Gp_meta27_511__Negative
edge_1261	Sg_YA04_9	Sg_A27_31	0.6848	0.6848	0.001	0.001	Positive	Sg_YA04_9__Sg_A27_31__Positive
edge_1262	Sg_YA04_9	Sg_CA9_20	0.6938	0.6938	0.001	0.001	Positive	Sg_YA04_9__Sg_CA9_20__Positive
edge_1263	Sg_YA04_9	Sg_E10_50	0.5901	0.5901	0.001	0.001	Positive	Sg_YA04_9__Sg_E10_50__Positive
edge_1264	Sg_YA04_9	Sg_K15_44	0.7322	0.7322	0.001	0.001	Positive	Sg_YA04_9__Sg_K15_44__Positive
edge_1265	Sg_YA04_9	Sg_K36_16	0.7001	0.7001	0.001	0.001	Positive	Sg_YA04_9__Sg_K36_16__Positive
edge_1266	Sg_YA04_9	Sg_K36_27	0.8574	0.8574	0.001	0.001	Positive	Sg_YA04_9__Sg_K36_27__Positive
edge_1267	Sg_YA04_9	Sg_K36_29	0.7251	0.7251	0.001	0.001	Positive	Sg_YA04_9__Sg_K36_29__Positive
edge_1268	Sg_YA04_9	Sg_M12_6	0.7337	0.7337	0.001	0.001	Positive	Sg_YA04_9__Sg_M12_6__Positive
edge_1269	Sg_YA04_9	Sg_OB03r2_39	0.7017	0.7017	0.001	0.001	Positive	Sg_YA04_9__Sg_OB03r2_39__Positive
edge_1270	Sg_YA04_9	Sg_OB05r2_38	0.7063	0.7063	0.001	0.001	Positive	Sg_YA04_9__Sg_OB05r2_38__Positive
edge_1271	Sg_YA04_9	Sg_Y07_14	0.6195	0.6195	0.001	0.001	Positive	Sg_YA04_9__Sg_Y07_14__Positive
edge_1272	Sg_YA12_28	Gp_MJ1_272	0.6196	0.6196	0.001	0.001	Positive	Sg_YA12_28__Gp_MJ1_272__Positive
edge_1273	Sg_YA12_28	Sg_A17_17	0.6713	0.6713	0.001	0.001	Positive	Sg_YA12_28__Sg_A17_17__Positive
edge_1274	Sg_YA12_28	Sg_A22_19	0.576	0.576	0.001	0.001	Positive	Sg_YA12_28__Sg_A22_19__Positive
edge_1275	Sg_YA12_28	Sg_A22_3	0.5781	0.5781	0.001	0.001	Positive	Sg_YA12_28__Sg_A22_3__Positive
edge_1276	Sg_YA12_28	Sg_A22_8	0.6666	0.6666	0.001	0.001	Positive	Sg_YA12_28__Sg_A22_8__Positive
edge_1277	Sg_YA12_28	Sg_B03_29	-0.6128	0.6128	0.001	0.001	Negative	Sg_YA12_28__Sg_B03_29__Negative
edge_1278	Sg_YA12_28	Sg_B15_35	0.6573	0.6573	0.001	0.001	Positive	Sg_YA12_28__Sg_B15_35__Positive
edge_1279	Sg_YA12_28	Sg_B15_52	0.4729	0.4729	0.001	0.001	Positive	Sg_YA12_28__Sg_B15_52__Positive
edge_1280	Sg_YA12_28	Sg_CA9_20	0.5574	0.5574	0.001	0.001	Positive	Sg_YA12_28__Sg_CA9_20__Positive
edge_1281	Sg_YA12_28	Sg_CM17_7	-0.5596	0.5596	0.001	0.001	Negative	Sg_YA12_28__Sg_CM17_7__Negative
edge_1282	Sg_YA12_28	Sg_CM29A_16	-0.4882	0.4882	0.001	0.001	Negative	Sg_YA12_28__Sg_CM29A_16__Negative
edge_1283	Sg_YA12_28	Sg_CM33A_60	-0.5252	0.5252	0.001	0.001	Negative	Sg_YA12_28__Sg_CM33A_60__Negative
edge_1284	Sg_YA12_28	Sg_D02_32	0.7568	0.7568	0.001	0.001	Positive	Sg_YA12_28__Sg_D02_32__Positive
edge_1285	Sg_YA12_28	Sg_E04_12	0.7233	0.7233	0.001	0.001	Positive	Sg_YA12_28__Sg_E04_12__Positive
edge_1286	Sg_YA12_28	Sg_E10_50	0.6357	0.6357	0.001	0.001	Positive	Sg_YA12_28__Sg_E10_50__Positive
edge_1287	Sg_YA12_28	Sg_G26_10	-0.5271	0.5271	0.001	0.001	Negative	Sg_YA12_28__Sg_G26_10__Negative
edge_1288	Sg_YA12_28	Sg_I06_25	0.6706	0.6706	0.001	0.001	Positive	Sg_YA12_28__Sg_I06_25__Positive
edge_1289	Sg_YA12_28	Sg_K09_1	0.6626	0.6626	0.001	0.001	Positive	Sg_YA12_28__Sg_K09_1__Positive
edge_1290	Sg_YA12_28	Sg_K15_44	0.6895	0.6895	0.001	0.001	Positive	Sg_YA12_28__Sg_K15_44__Positive
edge_1291	Sg_YA12_28	Sg_K22_8	0.6045	0.6045	0.001	0.001	Positive	Sg_YA12_28__Sg_K22_8__Positive
edge_1292	Sg_YA12_28	Sg_K36_16	0.6419	0.6419	0.001	0.001	Positive	Sg_YA12_28__Sg_K36_16__Positive
edge_1293	Sg_YA12_28	Sg_K36_6	0.645	0.645	0.001	0.001	Positive	Sg_YA12_28__Sg_K36_6__Positive
edge_1294	Sg_YA12_28	Sg_M01_13	-0.543	0.543	0.001	0.001	Negative	Sg_YA12_28__Sg_M01_13__Negative
edge_1295	Sg_YA12_28	Sg_M15_10	-0.5058	0.5058	0.001	0.001	Negative	Sg_YA12_28__Sg_M15_10__Negative
edge_1296	Sg_YA12_28	Sg_M17_33	-0.5554	0.5554	0.001	0.001	Negative	Sg_YA12_28__Sg_M17_33__Negative
edge_1297	Sg_YA12_28	Sg_OA11r1_12	-0.417	0.417	0.001	0.001	Negative	Sg_YA12_28__Sg_OA11r1_12__Negative
edge_1298	Sg_YA12_28	Sg_OB03r2_39	0.7074	0.7074	0.001	0.001	Positive	Sg_YA12_28__Sg_OB03r2_39__Positive
edge_1299	Sg_YA12_28	Sg_OM21r1_55	-0.5388	0.5388	0.001	0.001	Negative	Sg_YA12_28__Sg_OM21r1_55__Negative
edge_1300	Sg_YA12_4	Gp_MJ3_423	0.6638	0.6638	0.001	0.001	Positive	Sg_YA12_4__Gp_MJ3_423__Positive
edge_1301	Sg_YA12_4	Sg_B14_1	0.6143	0.6143	0.001	0.001	Positive	Sg_YA12_4__Sg_B14_1__Positive
edge_1302	Sg_YA12_4	Sg_CK05A_46	-0.5175	0.5175	0.001	0.001	Negative	Sg_YA12_4__Sg_CK05A_46__Negative
edge_1303	Sg_YA12_4	Sg_K16_50	0.6582	0.6582	0.001	0.001	Positive	Sg_YA12_4__Sg_K16_50__Positive
edge_1304	Sg_YA13_10	Sg_CA11_45	0.8522	0.8522	0.001	0.001	Positive	Sg_YA13_10__Sg_CA11_45__Positive
edge_1305	Sg_YA13_10	Sg_OA11r1_12	-0.448	0.448	0.001	0.001	Negative	Sg_YA13_10__Sg_OA11r1_12__Negative
edge_1306	Sg_YA31_31	Gp_YAB_333	0.6908	0.6908	0.001	0.001	Positive	Sg_YA31_31__Gp_YAB_333__Positive
edge_1307	Sg_YA31_31	Sg_A20_2	0.4835	0.4835	0.001	0.001	Positive	Sg_YA31_31__Sg_A20_2__Positive
edge_1308	Sg_YA31_31	Sg_A20_35	0.6176	0.6176	0.001	0.001	Positive	Sg_YA31_31__Sg_A20_35__Positive
edge_1309	Sg_YA31_31	Sg_A27_23	0.6476	0.6476	0.001	0.001	Positive	Sg_YA31_31__Sg_A27_23__Positive
edge_1310	Sg_YA31_31	Sg_A28_8	0.9105	0.9105	0.001	0.001	Positive	Sg_YA31_31__Sg_A28_8__Positive
edge_1311	Sg_YA31_31	Sg_CG50A_49	0.7619	0.7619	0.001	0.001	Positive	Sg_YA31_31__Sg_CG50A_49__Positive
edge_1312	Sg_YA31_31	Sg_CM17_16	0.8755	0.8755	0.001	0.001	Positive	Sg_YA31_31__Sg_CM17_16__Positive
edge_1313	Sg_YA31_31	Sg_EM30_38	0.676	0.676	0.001	0.001	Positive	Sg_YA31_31__Sg_EM30_38__Positive
edge_1314	Sg_YA31_31	Sg_K10_28	0.9138	0.9138	0.001	0.001	Positive	Sg_YA31_31__Sg_K10_28__Positive
edge_1315	Sg_YA31_31	Sg_M03_38	0.5912	0.5912	0.001	0.001	Positive	Sg_YA31_31__Sg_M03_38__Positive
edge_1316	Sg_YA31_31	Sg_OA11r1_12	0.8562	0.8562	0.001	0.001	Positive	Sg_YA31_31__Sg_OA11r1_12__Positive
edge_1317	Sg_YA31_31	Sg_X05_3	0.8806	0.8806	0.001	0.001	Positive	Sg_YA31_31__Sg_X05_3__Positive
edge_1318	Sg_YB34_1	Sg_A27_31	0.673	0.673	0.001	0.001	Positive	Sg_YB34_1__Sg_A27_31__Positive
edge_1319	Sg_YB34_1	Sg_E10_50	0.5598	0.5598	0.001	0.001	Positive	Sg_YB34_1__Sg_E10_50__Positive
edge_1320	Sg_YB34_1	Sg_K22_66	0.466	0.466	0.001	0.001	Positive	Sg_YB34_1__Sg_K22_66__Positive
edge_1321	Sg_YB34_1	Sg_M12_6	0.6557	0.6557	0.001	0.001	Positive	Sg_YB34_1__Sg_M12_6__Positive
edge_1322	Sg_YB34_1	Sg_OB03r2_39	0.6704	0.6704	0.001	0.001	Positive	Sg_YB34_1__Sg_OB03r2_39__Positive
edge_1323	Sg_YB35_19	Gp_MJ1_12	0.684	0.684	0.001	0.001	Positive	Sg_YB35_19__Gp_MJ1_12__Positive
edge_1324	Sg_YB35_19	Gp_MJ4_197	0.6997	0.6997	0.001	0.001	Positive	Sg_YB35_19__Gp_MJ4_197__Positive
edge_1325	Sg_YB35_19	Sg_A22_8	0.7894	0.7894	0.001	0.001	Positive	Sg_YB35_19__Sg_A22_8__Positive
edge_1326	Sg_YB35_19	Sg_A27_31	0.7588	0.7588	0.001	0.001	Positive	Sg_YB35_19__Sg_A27_31__Positive
edge_1327	Sg_YB35_19	Sg_CA9_20	0.7674	0.7674	0.001	0.001	Positive	Sg_YB35_19__Sg_CA9_20__Positive
edge_1328	Sg_YB35_19	Sg_D02_32	0.6719	0.6719	0.001	0.001	Positive	Sg_YB35_19__Sg_D02_32__Positive
edge_1329	Sg_YB35_19	Sg_E10_50	0.6787	0.6787	0.001	0.001	Positive	Sg_YB35_19__Sg_E10_50__Positive
edge_1330	Sg_YB35_19	Sg_I06_25	0.6263	0.6263	0.001	0.001	Positive	Sg_YB35_19__Sg_I06_25__Positive
edge_1331	Sg_YB35_19	Sg_I12_44	-0.5533	0.5533	0.001	0.001	Negative	Sg_YB35_19__Sg_I12_44__Negative
edge_1332	Sg_YB35_19	Sg_K15_44	0.8273	0.8273	0.001	0.001	Positive	Sg_YB35_19__Sg_K15_44__Positive
edge_1333	Sg_YB35_19	Sg_K17_22	-0.6181	0.6181	0.001	0.001	Negative	Sg_YB35_19__Sg_K17_22__Negative
edge_1334	Sg_YB35_19	Sg_K22_8	0.6287	0.6287	0.001	0.001	Positive	Sg_YB35_19__Sg_K22_8__Positive
edge_1335	Sg_YB35_19	Sg_K36_16	0.8251	0.8251	0.001	0.001	Positive	Sg_YB35_19__Sg_K36_16__Positive
edge_1336	Sg_YB35_19	Sg_K36_27	0.7286	0.7286	0.001	0.001	Positive	Sg_YB35_19__Sg_K36_27__Positive
edge_1337	Sg_YB35_19	Sg_K36_29	0.8149	0.8149	0.001	0.001	Positive	Sg_YB35_19__Sg_K36_29__Positive
edge_1338	Sg_YB35_19	Sg_M12_6	0.7545	0.7545	0.001	0.001	Positive	Sg_YB35_19__Sg_M12_6__Positive
edge_1339	Sg_YB35_19	Sg_OA11r1_9	0.6211	0.6211	0.001	0.001	Positive	Sg_YB35_19__Sg_OA11r1_9__Positive
edge_1340	Sg_YB35_19	Sg_OB03r2_39	0.8226	0.8226	0.001	0.001	Positive	Sg_YB35_19__Sg_OB03r2_39__Positive
edge_1341	Sg_YB35_19	Sg_OB05r2_38	0.6846	0.6846	0.001	0.001	Positive	Sg_YB35_19__Sg_OB05r2_38__Positive
edge_1342	Sg_YB35_19	Sg_YA04_9	0.6839	0.6839	0.001	0.001	Positive	Sg_YB35_19__Sg_YA04_9__Positive
edge_1343	Sg_YB35_7	Sg_B19_40	0.8215	0.8215	0.001	0.001	Positive	Sg_YB35_7__Sg_B19_40__Positive
edge_1344	Sg_YB35_7	Sg_CB03_47	0.6106	0.6106	0.001	0.001	Positive	Sg_YB35_7__Sg_CB03_47__Positive
edge_1345	Sg_YB35_7	Sg_E06_24	0.7828	0.7828	0.001	0.001	Positive	Sg_YB35_7__Sg_E06_24__Positive
edge_1346	Sg_YB35_7	Sg_EA61_27	0.8696	0.8696	0.001	0.001	Positive	Sg_YB35_7__Sg_EA61_27__Positive
edge_1347	Sg_YB35_7	Sg_EB10_11	0.8266	0.8266	0.001	0.001	Positive	Sg_YB35_7__Sg_EB10_11__Positive
edge_1348	Sg_YB35_7	Sg_EB21_10	0.8627	0.8627	0.001	0.001	Positive	Sg_YB35_7__Sg_EB21_10__Positive
edge_1349	Sg_YB35_7	Sg_G29_33	0.6926	0.6926	0.001	0.001	Positive	Sg_YB35_7__Sg_G29_33__Positive
edge_1350	Sg_YB35_7	Sg_I12_6	0.8497	0.8497	0.001	0.001	Positive	Sg_YB35_7__Sg_I12_6__Positive
edge_1351	Sg_YB35_7	Sg_K01_5	0.8333	0.8333	0.001	0.001	Positive	Sg_YB35_7__Sg_K01_5__Positive
edge_1352	Sg_YB35_7	Sg_M02_37	0.8572	0.8572	0.001	0.001	Positive	Sg_YB35_7__Sg_M02_37__Positive
edge_1353	Sg_YB35_7	Sg_OB05r2_8	0.7536	0.7536	0.001	0.001	Positive	Sg_YB35_7__Sg_OB05r2_8__Positive
edge_1354	Sg_YB35_7	Sg_P23_1	0.8578	0.8578	0.001	0.001	Positive	Sg_YB35_7__Sg_P23_1__Positive
edge_1355	Sg_YB35_7	Sg_YA03_20	0.64	0.64	0.001	0.001	Positive	Sg_YB35_7__Sg_YA03_20__Positive
edge_1356	Sg_YB36_42	Gp_MJ1_12	0.7497	0.7497	0.001	0.001	Positive	Sg_YB36_42__Gp_MJ1_12__Positive
edge_1357	Sg_YB36_42	Gp_MJ1_272	0.587	0.587	0.001	0.001	Positive	Sg_YB36_42__Gp_MJ1_272__Positive
edge_1358	Sg_YB36_42	Gp_MJ4_65	0.4455	0.4455	0.001	0.001	Positive	Sg_YB36_42__Gp_MJ4_65__Positive
edge_1359	Sg_YB36_42	Sg_A11_10	0.6487	0.6487	0.001	0.001	Positive	Sg_YB36_42__Sg_A11_10__Positive
edge_1360	Sg_YB36_42	Sg_A22_8	0.8321	0.8321	0.001	0.001	Positive	Sg_YB36_42__Sg_A22_8__Positive
edge_1361	Sg_YB36_42	Sg_A27_31	0.7365	0.7365	0.001	0.001	Positive	Sg_YB36_42__Sg_A27_31__Positive
edge_1362	Sg_YB36_42	Sg_B03_29	-0.5811	0.5811	0.001	0.001	Negative	Sg_YB36_42__Sg_B03_29__Negative
edge_1363	Sg_YB36_42	Sg_B15_35	0.6307	0.6307	0.001	0.001	Positive	Sg_YB36_42__Sg_B15_35__Positive
edge_1364	Sg_YB36_42	Sg_CA11_52	0.5921	0.5921	0.001	0.001	Positive	Sg_YB36_42__Sg_CA11_52__Positive
edge_1365	Sg_YB36_42	Sg_CA9_20	0.7774	0.7774	0.001	0.001	Positive	Sg_YB36_42__Sg_CA9_20__Positive
edge_1366	Sg_YB36_42	Sg_CM17_7	-0.6425	0.6425	0.001	0.001	Negative	Sg_YB36_42__Sg_CM17_7__Negative
edge_1367	Sg_YB36_42	Sg_CM31A_43	0.5978	0.5978	0.001	0.001	Positive	Sg_YB36_42__Sg_CM31A_43__Positive
edge_1368	Sg_YB36_42	Sg_D02_32	0.8035	0.8035	0.001	0.001	Positive	Sg_YB36_42__Sg_D02_32__Positive
edge_1369	Sg_YB36_42	Sg_D18_45	0.6457	0.6457	0.001	0.001	Positive	Sg_YB36_42__Sg_D18_45__Positive
edge_1370	Sg_YB36_42	Sg_E04_12	0.6924	0.6924	0.001	0.001	Positive	Sg_YB36_42__Sg_E04_12__Positive
edge_1371	Sg_YB36_42	Sg_E10_50	0.8061	0.8061	0.001	0.001	Positive	Sg_YB36_42__Sg_E10_50__Positive
edge_1372	Sg_YB36_42	Sg_EA57_9	0.6051	0.6051	0.001	0.001	Positive	Sg_YB36_42__Sg_EA57_9__Positive
edge_1373	Sg_YB36_42	Sg_I05_27	-0.6698	0.6698	0.001	0.001	Negative	Sg_YB36_42__Sg_I05_27__Negative
edge_1374	Sg_YB36_42	Sg_I06_25	0.7293	0.7293	0.001	0.001	Positive	Sg_YB36_42__Sg_I06_25__Positive
edge_1375	Sg_YB36_42	Sg_K09_1	0.7479	0.7479	0.001	0.001	Positive	Sg_YB36_42__Sg_K09_1__Positive
edge_1376	Sg_YB36_42	Sg_K15_44	0.9091	0.9091	0.001	0.001	Positive	Sg_YB36_42__Sg_K15_44__Positive
edge_1377	Sg_YB36_42	Sg_K22_8	0.7357	0.7357	0.001	0.001	Positive	Sg_YB36_42__Sg_K22_8__Positive
edge_1378	Sg_YB36_42	Sg_K36_16	0.8962	0.8962	0.001	0.001	Positive	Sg_YB36_42__Sg_K36_16__Positive
edge_1379	Sg_YB36_42	Sg_K36_27	0.6304	0.6304	0.001	0.001	Positive	Sg_YB36_42__Sg_K36_27__Positive
edge_1380	Sg_YB36_42	Sg_K36_29	0.8045	0.8045	0.001	0.001	Positive	Sg_YB36_42__Sg_K36_29__Positive
edge_1381	Sg_YB36_42	Sg_K36_6	0.5323	0.5323	0.001	0.001	Positive	Sg_YB36_42__Sg_K36_6__Positive
edge_1382	Sg_YB36_42	Sg_M02_5	0.662	0.662	0.001	0.001	Positive	Sg_YB36_42__Sg_M02_5__Positive
edge_1383	Sg_YB36_42	Sg_M12_6	0.7108	0.7108	0.001	0.001	Positive	Sg_YB36_42__Sg_M12_6__Positive
edge_1384	Sg_YB36_42	Sg_M17_33	-0.5891	0.5891	0.001	0.001	Negative	Sg_YB36_42__Sg_M17_33__Negative
edge_1385	Sg_YB36_42	Sg_OB03r2_39	0.8997	0.8997	0.001	0.001	Positive	Sg_YB36_42__Sg_OB03r2_39__Positive
edge_1386	Sg_YB36_42	Sg_OB24r1_18	0.6636	0.6636	0.001	0.001	Positive	Sg_YB36_42__Sg_OB24r1_18__Positive
edge_1387	Sg_YB36_42	Sg_OM21r1_55	-0.6234	0.6234	0.001	0.001	Negative	Sg_YB36_42__Sg_OM21r1_55__Negative
edge_1388	Sg_YB36_42	Sg_P15_12	0.5646	0.5646	0.001	0.001	Positive	Sg_YB36_42__Sg_P15_12__Positive
edge_1389	Sg_YB36_42	Sg_YA04_9	0.5593	0.5593	0.001	0.001	Positive	Sg_YB36_42__Sg_YA04_9__Positive
edge_1390	Sg_YB36_42	Sg_YA12_28	0.7629	0.7629	0.001	0.001	Positive	Sg_YB36_42__Sg_YA12_28__Positive
edge_1391	Sg_YB36_42	Sg_YA13_10	0.5152	0.5152	0.001	0.001	Positive	Sg_YB36_42__Sg_YA13_10__Positive
edge_1392	Sg_YB36_42	Sg_YB35_19	0.7443	0.7443	0.001	0.001	Positive	Sg_YB36_42__Sg_YB35_19__Positive
edge_1393	Sg_YB37_28	Gp_MJ1_12	0.6565	0.6565	0.001	0.001	Positive	Sg_YB37_28__Gp_MJ1_12__Positive
edge_1394	Sg_YB37_28	Gp_MJ4_197	0.6845	0.6845	0.001	0.001	Positive	Sg_YB37_28__Gp_MJ4_197__Positive
edge_1395	Sg_YB37_28	Sg_A11_10	0.6223	0.6223	0.001	0.001	Positive	Sg_YB37_28__Sg_A11_10__Positive
edge_1396	Sg_YB37_28	Sg_A22_8	0.7287	0.7287	0.001	0.001	Positive	Sg_YB37_28__Sg_A22_8__Positive
edge_1397	Sg_YB37_28	Sg_A27_31	0.7045	0.7045	0.001	0.001	Positive	Sg_YB37_28__Sg_A27_31__Positive
edge_1398	Sg_YB37_28	Sg_D02_9	0.639	0.639	0.001	0.001	Positive	Sg_YB37_28__Sg_D02_9__Positive
edge_1399	Sg_YB37_28	Sg_E10_50	0.6904	0.6904	0.001	0.001	Positive	Sg_YB37_28__Sg_E10_50__Positive
edge_1400	Sg_YB37_28	Sg_K15_44	0.7811	0.7811	0.001	0.001	Positive	Sg_YB37_28__Sg_K15_44__Positive
edge_1401	Sg_YB37_28	Sg_K36_16	0.7717	0.7717	0.001	0.001	Positive	Sg_YB37_28__Sg_K36_16__Positive
edge_1402	Sg_YB37_28	Sg_K36_27	0.6159	0.6159	0.001	0.001	Positive	Sg_YB37_28__Sg_K36_27__Positive
edge_1403	Sg_YB37_28	Sg_M02_5	0.6653	0.6653	0.001	0.001	Positive	Sg_YB37_28__Sg_M02_5__Positive
edge_1404	Sg_YB37_28	Sg_M12_6	0.7147	0.7147	0.001	0.001	Positive	Sg_YB37_28__Sg_M12_6__Positive
edge_1405	Sg_YB37_28	Sg_OB03r2_39	0.7796	0.7796	0.001	0.001	Positive	Sg_YB37_28__Sg_OB03r2_39__Positive
edge_1406	Sg_YB37_28	Sg_OB05r2_38	0.6341	0.6341	0.001	0.001	Positive	Sg_YB37_28__Sg_OB05r2_38__Positive
edge_1407	Sg_YB37_28	Sg_YB35_19	0.6901	0.6901	0.001	0.001	Positive	Sg_YB37_28__Sg_YB35_19__Positive
edge_1408	Sg_YB37_28	Sg_YB36_42	0.7411	0.7411	0.001	0.001	Positive	Sg_YB37_28__Sg_YB36_42__Positive
edge_1409	Sg_YB37_7	Gp_MJ3_477	0.5161	0.5161	0.001	0.001	Positive	Sg_YB37_7__Gp_MJ3_477__Positive
edge_1410	Sg_YB37_7	Sg_B15_52	0.539	0.539	0.001	0.001	Positive	Sg_YB37_7__Sg_B15_52__Positive
edge_1411	Sg_YB37_7	Sg_B25_38	0.5354	0.5354	0.001	0.001	Positive	Sg_YB37_7__Sg_B25_38__Positive
edge_1412	Sg_YB37_7	Sg_CM31A_52	0.6551	0.6551	0.001	0.001	Positive	Sg_YB37_7__Sg_CM31A_52__Positive
edge_1413	Sg_YB37_7	Sg_CM32A_49	0.606	0.606	0.001	0.001	Positive	Sg_YB37_7__Sg_CM32A_49__Positive
edge_1414	Sg_YB37_7	Sg_D09_14	0.588	0.588	0.001	0.001	Positive	Sg_YB37_7__Sg_D09_14__Positive
edge_1415	Sg_YB37_7	Sg_EM34_4	0.7734	0.7734	0.001	0.001	Positive	Sg_YB37_7__Sg_EM34_4__Positive
edge_1416	Sg_YB37_7	Sg_G18_19	0.5086	0.5086	0.001	0.001	Positive	Sg_YB37_7__Sg_G18_19__Positive
edge_1417	Sg_YB37_7	Sg_I07_11	0.7004	0.7004	0.001	0.001	Positive	Sg_YB37_7__Sg_I07_11__Positive
edge_1418	Sg_YB37_7	Sg_I12_32	0.5278	0.5278	0.001	0.001	Positive	Sg_YB37_7__Sg_I12_32__Positive
edge_1419	Sg_YB37_7	Sg_M11_5	0.6515	0.6515	0.001	0.001	Positive	Sg_YB37_7__Sg_M11_5__Positive
edge_1420	Sg_YB37_7	Sg_Y19_10	0.532	0.532	0.001	0.001	Positive	Sg_YB37_7__Sg_Y19_10__Positive
edge_1421	Sg_YB38_12	Gp_MJ1_12	0.6656	0.6656	0.001	0.001	Positive	Sg_YB38_12__Gp_MJ1_12__Positive
edge_1422	Sg_YB38_12	Gp_MJ1_272	0.6153	0.6153	0.001	0.001	Positive	Sg_YB38_12__Gp_MJ1_272__Positive
edge_1423	Sg_YB38_12	Sg_A17_17	0.5623	0.5623	0.001	0.001	Positive	Sg_YB38_12__Sg_A17_17__Positive
edge_1424	Sg_YB38_12	Sg_A22_19	0.5361	0.5361	0.001	0.001	Positive	Sg_YB38_12__Sg_A22_19__Positive
edge_1425	Sg_YB38_12	Sg_A22_3	0.5666	0.5666	0.001	0.001	Positive	Sg_YB38_12__Sg_A22_3__Positive
edge_1426	Sg_YB38_12	Sg_A22_8	0.7668	0.7668	0.001	0.001	Positive	Sg_YB38_12__Sg_A22_8__Positive
edge_1427	Sg_YB38_12	Sg_A27_31	0.616	0.616	0.001	0.001	Positive	Sg_YB38_12__Sg_A27_31__Positive
edge_1428	Sg_YB38_12	Sg_B03_29	-0.6224	0.6224	0.001	0.001	Negative	Sg_YB38_12__Sg_B03_29__Negative
edge_1429	Sg_YB38_12	Sg_B15_35	0.7154	0.7154	0.001	0.001	Positive	Sg_YB38_12__Sg_B15_35__Positive
edge_1430	Sg_YB38_12	Sg_B15_52	0.4792	0.4792	0.001	0.001	Positive	Sg_YB38_12__Sg_B15_52__Positive
edge_1431	Sg_YB38_12	Sg_CA9_20	0.6474	0.6474	0.001	0.001	Positive	Sg_YB38_12__Sg_CA9_20__Positive
edge_1432	Sg_YB38_12	Sg_CM17_7	-0.6079	0.6079	0.001	0.001	Negative	Sg_YB38_12__Sg_CM17_7__Negative
edge_1433	Sg_YB38_12	Sg_CM32A_49	0.5099	0.5099	0.001	0.001	Positive	Sg_YB38_12__Sg_CM32A_49__Positive
edge_1434	Sg_YB38_12	Sg_D02_32	0.7852	0.7852	0.001	0.001	Positive	Sg_YB38_12__Sg_D02_32__Positive
edge_1435	Sg_YB38_12	Sg_D18_45	0.5103	0.5103	0.001	0.001	Positive	Sg_YB38_12__Sg_D18_45__Positive
edge_1436	Sg_YB38_12	Sg_E04_12	0.7329	0.7329	0.001	0.001	Positive	Sg_YB38_12__Sg_E04_12__Positive
edge_1437	Sg_YB38_12	Sg_E10_50	0.6895	0.6895	0.001	0.001	Positive	Sg_YB38_12__Sg_E10_50__Positive
edge_1438	Sg_YB38_12	Sg_I05_27	-0.5748	0.5748	0.001	0.001	Negative	Sg_YB38_12__Sg_I05_27__Negative
edge_1439	Sg_YB38_12	Sg_I06_25	0.6702	0.6702	0.001	0.001	Positive	Sg_YB38_12__Sg_I06_25__Positive
edge_1440	Sg_YB38_12	Sg_K09_1	0.755	0.755	0.001	0.001	Positive	Sg_YB38_12__Sg_K09_1__Positive
edge_1441	Sg_YB38_12	Sg_K15_44	0.7522	0.7522	0.001	0.001	Positive	Sg_YB38_12__Sg_K15_44__Positive
edge_1442	Sg_YB38_12	Sg_K22_8	0.7012	0.7012	0.001	0.001	Positive	Sg_YB38_12__Sg_K22_8__Positive
edge_1443	Sg_YB38_12	Sg_K36_16	0.7193	0.7193	0.001	0.001	Positive	Sg_YB38_12__Sg_K36_16__Positive
edge_1444	Sg_YB38_12	Sg_K36_27	0.5249	0.5249	0.001	0.001	Positive	Sg_YB38_12__Sg_K36_27__Positive
edge_1445	Sg_YB38_12	Sg_K36_29	0.6771	0.6771	0.001	0.001	Positive	Sg_YB38_12__Sg_K36_29__Positive
edge_1446	Sg_YB38_12	Sg_K36_6	0.6083	0.6083	0.001	0.001	Positive	Sg_YB38_12__Sg_K36_6__Positive
edge_1447	Sg_YB38_12	Sg_M17_33	-0.5746	0.5746	0.001	0.001	Negative	Sg_YB38_12__Sg_M17_33__Negative
edge_1448	Sg_YB38_12	Sg_OB03r2_39	0.7774	0.7774	0.001	0.001	Positive	Sg_YB38_12__Sg_OB03r2_39__Positive
edge_1449	Sg_YB38_12	Sg_OM21r1_55	-0.5725	0.5725	0.001	0.001	Negative	Sg_YB38_12__Sg_OM21r1_55__Negative
edge_1450	Sg_YB38_12	Sg_YA12_28	0.7979	0.7979	0.001	0.001	Positive	Sg_YB38_12__Sg_YA12_28__Positive
edge_1451	Sg_YB38_12	Sg_YB35_19	0.6423	0.6423	0.001	0.001	Positive	Sg_YB38_12__Sg_YB35_19__Positive
edge_1452	Sg_YB38_12	Sg_YB36_42	0.7761	0.7761	0.001	0.001	Positive	Sg_YB38_12__Sg_YB36_42__Positive
edge_1453	Sg_YB38_12	Sg_YB37_28	0.6583	0.6583	0.001	0.001	Positive	Sg_YB38_12__Sg_YB37_28__Positive
edge_1454	Sg_YB38_21	Sg_EM34_4	0.619	0.619	0.001	0.001	Positive	Sg_YB38_21__Sg_EM34_4__Positive
edge_1455	Sg_YB38_21	Sg_I12_32	0.5402	0.5402	0.001	0.001	Positive	Sg_YB38_21__Sg_I12_32__Positive
edge_1456	Sg_YB38_21	Sg_YB37_7	0.633	0.633	0.001	0.001	Positive	Sg_YB38_21__Sg_YB37_7__Positive
edge_1457	Sg_YB38_6	Sg_K36_29	0.5757	0.5757	0.001	0.001	Positive	Sg_YB38_6__Sg_K36_29__Positive
edge_1458	Sg_YB39_24	Sg_A22_8	0.5728	0.5728	0.001	0.001	Positive	Sg_YB39_24__Sg_A22_8__Positive
edge_1459	Sg_YB39_24	Sg_CB03_47	0.5227	0.5227	0.001	0.001	Positive	Sg_YB39_24__Sg_CB03_47__Positive
edge_1460	Sg_YB39_24	Sg_D02_32	0.6082	0.6082	0.001	0.001	Positive	Sg_YB39_24__Sg_D02_32__Positive
edge_1461	Sg_YB39_24	Sg_EB21_10	0.6462	0.6462	0.001	0.001	Positive	Sg_YB39_24__Sg_EB21_10__Positive
edge_1462	Sg_YB39_24	Sg_K15_44	0.6425	0.6425	0.001	0.001	Positive	Sg_YB39_24__Sg_K15_44__Positive
edge_1463	Sg_YB39_24	Sg_K36_16	0.5993	0.5993	0.001	0.001	Positive	Sg_YB39_24__Sg_K36_16__Positive
edge_1464	Sg_YB39_24	Sg_OB03r2_39	0.627	0.627	0.001	0.001	Positive	Sg_YB39_24__Sg_OB03r2_39__Positive
edge_1465	Sg_YB39_24	Sg_OB05r2_32	0.4785	0.4785	0.001	0.001	Positive	Sg_YB39_24__Sg_OB05r2_32__Positive
edge_1466	Sg_YB39_24	Sg_YA03_20	0.6118	0.6118	0.001	0.001	Positive	Sg_YB39_24__Sg_YA03_20__Positive
edge_1467	Sg_YB39_24	Sg_YA12_28	0.6468	0.6468	0.001	0.001	Positive	Sg_YB39_24__Sg_YA12_28__Positive
edge_1468	Sg_YB39_24	Sg_YA13_10	0.4983	0.4983	0.001	0.001	Positive	Sg_YB39_24__Sg_YA13_10__Positive
edge_1469	Sg_YB39_24	Sg_YB35_7	0.5443	0.5443	0.001	0.001	Positive	Sg_YB39_24__Sg_YB35_7__Positive
edge_1470	Sg_YB39_24	Sg_YB36_42	0.7002	0.7002	0.001	0.001	Positive	Sg_YB39_24__Sg_YB36_42__Positive
edge_1471	Sg_YB39_24	Sg_YB38_12	0.6665	0.6665	0.001	0.001	Positive	Sg_YB39_24__Sg_YB38_12__Positive
edge_1472	Sg_YB41_11	Gp_MJ1_12	0.6618	0.6618	0.001	0.001	Positive	Sg_YB41_11__Gp_MJ1_12__Positive
edge_1473	Sg_YB41_11	Gp_meta27_16	0.5321	0.5321	0.001	0.001	Positive	Sg_YB41_11__Gp_meta27_16__Positive
edge_1474	Sg_YB41_11	Sg_D02_9	0.6032	0.6032	0.001	0.001	Positive	Sg_YB41_11__Sg_D02_9__Positive
edge_1475	Sg_YB41_11	Sg_E10_50	0.6637	0.6637	0.001	0.001	Positive	Sg_YB41_11__Sg_E10_50__Positive
edge_1476	Sg_YB41_11	Sg_I12_44	-0.572	0.572	0.001	0.001	Negative	Sg_YB41_11__Sg_I12_44__Negative
edge_1477	Sg_YB41_11	Sg_K15_44	0.7127	0.7127	0.001	0.001	Positive	Sg_YB41_11__Sg_K15_44__Positive
edge_1478	Sg_YB41_11	Sg_M02_5	0.613	0.613	0.001	0.001	Positive	Sg_YB41_11__Sg_M02_5__Positive
edge_1479	Sg_YB41_11	Sg_M12_6	0.6737	0.6737	0.001	0.001	Positive	Sg_YB41_11__Sg_M12_6__Positive
edge_1480	Sg_YB41_11	Sg_OB03r2_39	0.6809	0.6809	0.001	0.001	Positive	Sg_YB41_11__Sg_OB03r2_39__Positive
edge_1481	Sg_YB41_11	Sg_OB05r2_38	0.5911	0.5911	0.001	0.001	Positive	Sg_YB41_11__Sg_OB05r2_38__Positive
edge_1482	Sg_YB41_11	Sg_YA04_9	0.5727	0.5727	0.001	0.001	Positive	Sg_YB41_11__Sg_YA04_9__Positive
edge_1483	Sg_YB41_11	Sg_YB35_19	0.674	0.674	0.001	0.001	Positive	Sg_YB41_11__Sg_YB35_19__Positive
edge_1484	Sg_YB41_11	Sg_YB37_28	0.8091	0.8091	0.001	0.001	Positive	Sg_YB41_11__Sg_YB37_28__Positive
edge_1485	Sg_YB41_12	Sg_A01_16	0.7027	0.7027	0.001	0.001	Positive	Sg_YB41_12__Sg_A01_16__Positive
edge_1486	Sg_YB41_12	Sg_K31_45	0.6508	0.6508	0.001	0.001	Positive	Sg_YB41_12__Sg_K31_45__Positive
edge_1487	Sg_YB41_12	Sg_OB03r2_1	0.7298	0.7298	0.001	0.001	Positive	Sg_YB41_12__Sg_OB03r2_1__Positive
edge_1488	Sg_YB41_12	Sg_YB39_24	0.5621	0.5621	0.001	0.001	Positive	Sg_YB41_12__Sg_YB39_24__Positive
edge_1489	Sg_YB46_3	Gp_MJ2_113	0.5738	0.5738	0.001	0.001	Positive	Sg_YB46_3__Gp_MJ2_113__Positive
edge_1490	Sg_YB46_3	Gp_MJ3_477	0.5855	0.5855	0.001	0.001	Positive	Sg_YB46_3__Gp_MJ3_477__Positive
edge_1491	Sg_YB46_3	Sg_B08_36	0.5471	0.5471	0.001	0.001	Positive	Sg_YB46_3__Sg_B08_36__Positive
edge_1492	Sg_YB46_3	Sg_B14_13	0.529	0.529	0.001	0.001	Positive	Sg_YB46_3__Sg_B14_13__Positive
edge_1493	Sg_YB46_3	Sg_B15_23	0.6982	0.6982	0.001	0.001	Positive	Sg_YB46_3__Sg_B15_23__Positive
edge_1494	Sg_YB46_3	Sg_CD24A_10	0.4742	0.4742	0.001	0.001	Positive	Sg_YB46_3__Sg_CD24A_10__Positive
edge_1495	Sg_YB46_3	Sg_CK05A_18	0.4971	0.4971	0.001	0.001	Positive	Sg_YB46_3__Sg_CK05A_18__Positive
edge_1496	Sg_YB46_3	Sg_CM21_57	0.6536	0.6536	0.001	0.001	Positive	Sg_YB46_3__Sg_CM21_57__Positive
edge_1497	Sg_YB46_3	Sg_D10_17	0.7289	0.7289	0.001	0.001	Positive	Sg_YB46_3__Sg_D10_17__Positive
edge_1498	Sg_YB46_3	Sg_EB13_4	0.6773	0.6773	0.001	0.001	Positive	Sg_YB46_3__Sg_EB13_4__Positive
edge_1499	Sg_YB46_3	Sg_EM12_46	0.3662	0.3662	0.001	0.001	Positive	Sg_YB46_3__Sg_EM12_46__Positive
edge_1500	Sg_YB46_3	Sg_G26_22	0.5681	0.5681	0.001	0.001	Positive	Sg_YB46_3__Sg_G26_22__Positive
edge_1501	Sg_YB46_3	Sg_M12_21	0.6531	0.6531	0.001	0.001	Positive	Sg_YB46_3__Sg_M12_21__Positive
edge_1502	Sg_YB46_3	Sg_M12_39	0.5308	0.5308	0.001	0.001	Positive	Sg_YB46_3__Sg_M12_39__Positive
edge_1503	Sg_YB46_3	Sg_M15_29	0.6196	0.6196	0.001	0.001	Positive	Sg_YB46_3__Sg_M15_29__Positive
edge_1504	Sg_YB46_3	Sg_P27_4	0.5238	0.5238	0.001	0.001	Positive	Sg_YB46_3__Sg_P27_4__Positive
edge_1505	Sg_YB50_23	Gp_YAB_333	0.7407	0.7407	0.001	0.001	Positive	Sg_YB50_23__Gp_YAB_333__Positive
edge_1506	Sg_YB50_23	Sg_A20_2	0.5937	0.5937	0.001	0.001	Positive	Sg_YB50_23__Sg_A20_2__Positive
edge_1507	Sg_YB50_23	Sg_A20_35	0.7284	0.7284	0.001	0.001	Positive	Sg_YB50_23__Sg_A20_35__Positive
edge_1508	Sg_YB50_23	Sg_A27_23	0.7509	0.7509	0.001	0.001	Positive	Sg_YB50_23__Sg_A27_23__Positive
edge_1509	Sg_YB50_23	Sg_A28_8	0.7426	0.7426	0.001	0.001	Positive	Sg_YB50_23__Sg_A28_8__Positive
edge_1510	Sg_YB50_23	Sg_CD25A_53	0.5483	0.5483	0.001	0.001	Positive	Sg_YB50_23__Sg_CD25A_53__Positive
edge_1511	Sg_YB50_23	Sg_CG50A_49	0.6991	0.6991	0.001	0.001	Positive	Sg_YB50_23__Sg_CG50A_49__Positive
edge_1512	Sg_YB50_23	Sg_CM17_16	0.7004	0.7004	0.001	0.001	Positive	Sg_YB50_23__Sg_CM17_16__Positive
edge_1513	Sg_YB50_23	Sg_EM30_38	0.6125	0.6125	0.001	0.001	Positive	Sg_YB50_23__Sg_EM30_38__Positive
edge_1514	Sg_YB50_23	Sg_G43_29	0.4629	0.4629	0.001	0.001	Positive	Sg_YB50_23__Sg_G43_29__Positive
edge_1515	Sg_YB50_23	Sg_K10_28	0.7027	0.7027	0.001	0.001	Positive	Sg_YB50_23__Sg_K10_28__Positive
edge_1516	Sg_YB50_23	Sg_M03_38	0.6666	0.6666	0.001	0.001	Positive	Sg_YB50_23__Sg_M03_38__Positive
edge_1517	Sg_YB50_23	Sg_OA11r1_12	0.7608	0.7608	0.001	0.001	Positive	Sg_YB50_23__Sg_OA11r1_12__Positive
edge_1518	Sg_YB50_23	Sg_OA7r2_4	0.4639	0.4639	0.001	0.001	Positive	Sg_YB50_23__Sg_OA7r2_4__Positive
edge_1519	Sg_YB50_23	Sg_X05_3	0.6522	0.6522	0.001	0.001	Positive	Sg_YB50_23__Sg_X05_3__Positive
edge_1520	Sg_YB50_23	Sg_YA31_31	0.7254	0.7254	0.001	0.001	Positive	Sg_YB50_23__Sg_YA31_31__Positive
edge_1521	Sg_YB59_31	Sg_K36_6	0.5011	0.5011	0.001	0.001	Positive	Sg_YB59_31__Sg_K36_6__Positive
edge_1522	Sg_YB59_31	Sg_OB05r2_32	0.4542	0.4542	0.001	0.001	Positive	Sg_YB59_31__Sg_OB05r2_32__Positive
edge_1523	Sg_YB59_31	Sg_YB38_12	0.5685	0.5685	0.001	0.001	Positive	Sg_YB59_31__Sg_YB38_12__Positive
edge_1524	Sg_Z02_43	Gp_MJ2_113	0.4767	0.4767	0.001	0.001	Positive	Sg_Z02_43__Gp_MJ2_113__Positive
edge_1525	Sg_Z02_43	Gp_MJ3_477	0.4331	0.4331	0.001	0.001	Positive	Sg_Z02_43__Gp_MJ3_477__Positive
edge_1526	Sg_Z02_43	Sg_B14_13	0.5864	0.5864	0.001	0.001	Positive	Sg_Z02_43__Sg_B14_13__Positive
edge_1527	Sg_Z02_43	Sg_B15_23	0.6764	0.6764	0.001	0.001	Positive	Sg_Z02_43__Sg_B15_23__Positive
edge_1528	Sg_Z02_43	Sg_CA25_21	0.5631	0.5631	0.001	0.001	Positive	Sg_Z02_43__Sg_CA25_21__Positive
edge_1529	Sg_Z02_43	Sg_CD30A_34	0.7312	0.7312	0.001	0.001	Positive	Sg_Z02_43__Sg_CD30A_34__Positive
edge_1530	Sg_Z02_43	Sg_CE19A_29	0.5399	0.5399	0.001	0.001	Positive	Sg_Z02_43__Sg_CE19A_29__Positive
edge_1531	Sg_Z02_43	Sg_CM21_57	0.6429	0.6429	0.001	0.001	Positive	Sg_Z02_43__Sg_CM21_57__Positive
edge_1532	Sg_Z02_43	Sg_D10_17	0.6108	0.6108	0.001	0.001	Positive	Sg_Z02_43__Sg_D10_17__Positive
edge_1533	Sg_Z02_43	Sg_EB13_4	0.6463	0.6463	0.001	0.001	Positive	Sg_Z02_43__Sg_EB13_4__Positive
edge_1534	Sg_Z02_43	Sg_G26_22	0.6156	0.6156	0.001	0.001	Positive	Sg_Z02_43__Sg_G26_22__Positive
edge_1535	Sg_Z02_43	Sg_M12_21	0.6882	0.6882	0.001	0.001	Positive	Sg_Z02_43__Sg_M12_21__Positive
edge_1536	Sg_Z02_43	Sg_M12_39	0.6306	0.6306	0.001	0.001	Positive	Sg_Z02_43__Sg_M12_39__Positive
edge_1537	Sg_Z02_43	Sg_M15_29	0.6458	0.6458	0.001	0.001	Positive	Sg_Z02_43__Sg_M15_29__Positive
edge_1538	Sg_Z02_43	Sg_OG24B2A_8	0.6527	0.6527	0.001	0.001	Positive	Sg_Z02_43__Sg_OG24B2A_8__Positive
edge_1539	Sg_Z02_43	Sg_YB46_3	0.5117	0.5117	0.001	0.001	Positive	Sg_Z02_43__Sg_YB46_3__Positive
edge_1540	Sg_Z03_24	Sg_A22_8	-0.6789	0.6789	0.001	0.001	Negative	Sg_Z03_24__Sg_A22_8__Negative
edge_1541	Sg_Z03_24	Sg_A27_31	-0.6343	0.6343	0.001	0.001	Negative	Sg_Z03_24__Sg_A27_31__Negative
edge_1542	Sg_Z03_24	Sg_B15_35	-0.5974	0.5974	0.001	0.001	Negative	Sg_Z03_24__Sg_B15_35__Negative
edge_1543	Sg_Z03_24	Sg_CA11_52	-0.5584	0.5584	0.001	0.001	Negative	Sg_Z03_24__Sg_CA11_52__Negative
edge_1544	Sg_Z03_24	Sg_CA9_20	-0.6059	0.6059	0.001	0.001	Negative	Sg_Z03_24__Sg_CA9_20__Negative
edge_1545	Sg_Z03_24	Sg_CM17_7	0.5092	0.5092	0.001	0.001	Positive	Sg_Z03_24__Sg_CM17_7__Positive
edge_1546	Sg_Z03_24	Sg_CM31A_43	-0.554	0.554	0.001	0.001	Negative	Sg_Z03_24__Sg_CM31A_43__Negative
edge_1547	Sg_Z03_24	Sg_D02_32	-0.6277	0.6277	0.001	0.001	Negative	Sg_Z03_24__Sg_D02_32__Negative
edge_1548	Sg_Z03_24	Sg_E04_12	-0.5345	0.5345	0.001	0.001	Negative	Sg_Z03_24__Sg_E04_12__Negative
edge_1549	Sg_Z03_24	Sg_EA57_9	-0.6	0.6	0.001	0.001	Negative	Sg_Z03_24__Sg_EA57_9__Negative
edge_1550	Sg_Z03_24	Sg_EB08_12	-0.4828	0.4828	0.001	0.001	Negative	Sg_Z03_24__Sg_EB08_12__Negative
edge_1551	Sg_Z03_24	Sg_EM12_46	0.657	0.657	0.001	0.001	Positive	Sg_Z03_24__Sg_EM12_46__Positive
edge_1552	Sg_Z03_24	Sg_G09_4	0.5998	0.5998	0.001	0.001	Positive	Sg_Z03_24__Sg_G09_4__Positive
edge_1553	Sg_Z03_24	Sg_G26_10	0.5448	0.5448	0.001	0.001	Positive	Sg_Z03_24__Sg_G26_10__Positive
edge_1554	Sg_Z03_24	Sg_G39_28	0.6037	0.6037	0.001	0.001	Positive	Sg_Z03_24__Sg_G39_28__Positive
edge_1555	Sg_Z03_24	Sg_I12_44	0.7943	0.7943	0.001	0.001	Positive	Sg_Z03_24__Sg_I12_44__Positive
edge_1556	Sg_Z03_24	Sg_K09_1	-0.6078	0.6078	0.001	0.001	Negative	Sg_Z03_24__Sg_K09_1__Negative
edge_1557	Sg_Z03_24	Sg_K15_44	-0.7046	0.7046	0.001	0.001	Negative	Sg_Z03_24__Sg_K15_44__Negative
edge_1558	Sg_Z03_24	Sg_K36_16	-0.656	0.656	0.001	0.001	Negative	Sg_Z03_24__Sg_K36_16__Negative
edge_1559	Sg_Z03_24	Sg_K36_27	-0.5674	0.5674	0.001	0.001	Negative	Sg_Z03_24__Sg_K36_27__Negative
edge_1560	Sg_Z03_24	Sg_K36_29	-0.6048	0.6048	0.001	0.001	Negative	Sg_Z03_24__Sg_K36_29__Negative
edge_1561	Sg_Z03_24	Sg_M07_39	0.6868	0.6868	0.001	0.001	Positive	Sg_Z03_24__Sg_M07_39__Positive
edge_1562	Sg_Z03_24	Sg_M12_6	-0.6506	0.6506	0.001	0.001	Negative	Sg_Z03_24__Sg_M12_6__Negative
edge_1563	Sg_Z03_24	Sg_M15_10	0.5015	0.5015	0.001	0.001	Positive	Sg_Z03_24__Sg_M15_10__Positive
edge_1564	Sg_Z03_24	Sg_OB03r2_39	-0.7032	0.7032	0.001	0.001	Negative	Sg_Z03_24__Sg_OB03r2_39__Negative
edge_1565	Sg_Z03_24	Sg_OB24r1_18	-0.6105	0.6105	0.001	0.001	Negative	Sg_Z03_24__Sg_OB24r1_18__Negative
edge_1566	Sg_Z03_24	Sg_OM21r1_55	0.5227	0.5227	0.001	0.001	Positive	Sg_Z03_24__Sg_OM21r1_55__Positive
edge_1567	Sg_Z03_24	Sg_YB35_19	-0.635	0.635	0.001	0.001	Negative	Sg_Z03_24__Sg_YB35_19__Negative
edge_1568	Sg_Z03_24	Sg_YB36_42	-0.6439	0.6439	0.001	0.001	Negative	Sg_Z03_24__Sg_YB36_42__Negative
edge_1569	Sg_Z03_24	Sg_YB38_12	-0.6413	0.6413	0.001	0.001	Negative	Sg_Z03_24__Sg_YB38_12__Negative
edge_1570	Sg_Z06_28	Sg_B14_13	0.5668	0.5668	0.001	0.001	Positive	Sg_Z06_28__Sg_B14_13__Positive
edge_1571	Sg_Z06_28	Sg_CD24A_10	0.4975	0.4975	0.001	0.001	Positive	Sg_Z06_28__Sg_CD24A_10__Positive
edge_1572	Sg_Z06_28	Sg_CD30A_34	0.5088	0.5088	0.001	0.001	Positive	Sg_Z06_28__Sg_CD30A_34__Positive
edge_1573	Sg_Z06_28	Sg_CM21_57	0.5135	0.5135	0.001	0.001	Positive	Sg_Z06_28__Sg_CM21_57__Positive
edge_1574	Sg_Z06_28	Sg_EB13_4	0.5503	0.5503	0.001	0.001	Positive	Sg_Z06_28__Sg_EB13_4__Positive
edge_1575	Sg_Z06_28	Sg_G26_22	0.5637	0.5637	0.001	0.001	Positive	Sg_Z06_28__Sg_G26_22__Positive
edge_1576	Sg_Z06_28	Sg_K36_3	0.5297	0.5297	0.001	0.001	Positive	Sg_Z06_28__Sg_K36_3__Positive
edge_1577	Sg_Z06_28	Sg_M15_29	0.5007	0.5007	0.001	0.001	Positive	Sg_Z06_28__Sg_M15_29__Positive
edge_1578	Sg_Z07_36	Sg_B03_29	0.5167	0.5167	0.001	0.001	Positive	Sg_Z07_36__Sg_B03_29__Positive
edge_1579	Sg_Z07_36	Sg_B26_35	0.4615	0.4615	0.001	0.001	Positive	Sg_Z07_36__Sg_B26_35__Positive
edge_1580	Sg_Z07_36	Sg_B26_4	0.5872	0.5872	0.001	0.001	Positive	Sg_Z07_36__Sg_B26_4__Positive
edge_1581	Sg_Z07_36	Sg_CA25_14	0.6385	0.6385	0.001	0.001	Positive	Sg_Z07_36__Sg_CA25_14__Positive
edge_1582	Sg_Z07_36	Sg_CA40A_55	0.5983	0.5983	0.001	0.001	Positive	Sg_Z07_36__Sg_CA40A_55__Positive
edge_1583	Sg_Z07_36	Sg_CK52A_43	0.6495	0.6495	0.001	0.001	Positive	Sg_Z07_36__Sg_CK52A_43__Positive
edge_1584	Sg_Z07_36	Sg_CM17_7	0.6842	0.6842	0.001	0.001	Positive	Sg_Z07_36__Sg_CM17_7__Positive
edge_1585	Sg_Z07_36	Sg_CM29A_16	0.5961	0.5961	0.001	0.001	Positive	Sg_Z07_36__Sg_CM29A_16__Positive
edge_1586	Sg_Z07_36	Sg_E06_10	0.6132	0.6132	0.001	0.001	Positive	Sg_Z07_36__Sg_E06_10__Positive
edge_1587	Sg_Z07_36	Sg_M01_13	0.6144	0.6144	0.001	0.001	Positive	Sg_Z07_36__Sg_M01_13__Positive
edge_1588	Sg_Z07_36	Sg_M07_27	0.5608	0.5608	0.001	0.001	Positive	Sg_Z07_36__Sg_M07_27__Positive
edge_1589	Sg_Z07_36	Sg_M17_33	0.536	0.536	0.001	0.001	Positive	Sg_Z07_36__Sg_M17_33__Positive
edge_1590	Sg_Z07_42	Gp_MJ1_12	0.7182	0.7182	0.001	0.001	Positive	Sg_Z07_42__Gp_MJ1_12__Positive
edge_1591	Sg_Z07_42	Gp_MJ4_197	0.7028	0.7028	0.001	0.001	Positive	Sg_Z07_42__Gp_MJ4_197__Positive
edge_1592	Sg_Z07_42	Gp_NH_148	0.637	0.637	0.001	0.001	Positive	Sg_Z07_42__Gp_NH_148__Positive
edge_1593	Sg_Z07_42	Sg_A22_8	0.8456	0.8456	0.001	0.001	Positive	Sg_Z07_42__Sg_A22_8__Positive
edge_1594	Sg_Z07_42	Sg_A27_31	0.8084	0.8084	0.001	0.001	Positive	Sg_Z07_42__Sg_A27_31__Positive
edge_1595	Sg_Z07_42	Sg_CA9_20	0.8123	0.8123	0.001	0.001	Positive	Sg_Z07_42__Sg_CA9_20__Positive
edge_1596	Sg_Z07_42	Sg_D02_32	0.6959	0.6959	0.001	0.001	Positive	Sg_Z07_42__Sg_D02_32__Positive
edge_1597	Sg_Z07_42	Sg_D18_45	0.6968	0.6968	0.001	0.001	Positive	Sg_Z07_42__Sg_D18_45__Positive
edge_1598	Sg_Z07_42	Sg_E10_50	0.7102	0.7102	0.001	0.001	Positive	Sg_Z07_42__Sg_E10_50__Positive
edge_1599	Sg_Z07_42	Sg_EA57_9	0.6038	0.6038	0.001	0.001	Positive	Sg_Z07_42__Sg_EA57_9__Positive
edge_1600	Sg_Z07_42	Sg_EM12_46	-0.5486	0.5486	0.001	0.001	Negative	Sg_Z07_42__Sg_EM12_46__Negative
edge_1601	Sg_Z07_42	Sg_G19_41	0.5532	0.5532	0.001	0.001	Positive	Sg_Z07_42__Sg_G19_41__Positive
edge_1602	Sg_Z07_42	Sg_I05_27	-0.6641	0.6641	0.001	0.001	Negative	Sg_Z07_42__Sg_I05_27__Negative
edge_1603	Sg_Z07_42	Sg_I06_25	0.6519	0.6519	0.001	0.001	Positive	Sg_Z07_42__Sg_I06_25__Positive
edge_1604	Sg_Z07_42	Sg_K09_1	0.6861	0.6861	0.001	0.001	Positive	Sg_Z07_42__Sg_K09_1__Positive
edge_1605	Sg_Z07_42	Sg_K15_44	0.9042	0.9042	0.001	0.001	Positive	Sg_Z07_42__Sg_K15_44__Positive
edge_1606	Sg_Z07_42	Sg_K17_22	-0.6562	0.6562	0.001	0.001	Negative	Sg_Z07_42__Sg_K17_22__Negative
edge_1607	Sg_Z07_42	Sg_K22_8	0.6479	0.6479	0.001	0.001	Positive	Sg_Z07_42__Sg_K22_8__Positive
edge_1608	Sg_Z07_42	Sg_K36_16	0.9165	0.9165	0.001	0.001	Positive	Sg_Z07_42__Sg_K36_16__Positive
edge_1609	Sg_Z07_42	Sg_K36_27	0.8057	0.8057	0.001	0.001	Positive	Sg_Z07_42__Sg_K36_27__Positive
edge_1610	Sg_Z07_42	Sg_K36_29	0.8281	0.8281	0.001	0.001	Positive	Sg_Z07_42__Sg_K36_29__Positive
edge_1611	Sg_Z07_42	Sg_M02_5	0.6874	0.6874	0.001	0.001	Positive	Sg_Z07_42__Sg_M02_5__Positive
edge_1612	Sg_Z07_42	Sg_M07_4	-0.5153	0.5153	0.001	0.001	Negative	Sg_Z07_42__Sg_M07_4__Negative
edge_1613	Sg_Z07_42	Sg_M12_6	0.8469	0.8469	0.001	0.001	Positive	Sg_Z07_42__Sg_M12_6__Positive
edge_1614	Sg_Z07_42	Sg_OA11r1_9	0.5629	0.5629	0.001	0.001	Positive	Sg_Z07_42__Sg_OA11r1_9__Positive
edge_1615	Sg_Z07_42	Sg_OB03r2_39	0.8934	0.8934	0.001	0.001	Positive	Sg_Z07_42__Sg_OB03r2_39__Positive
edge_1616	Sg_Z07_42	Sg_OB05r2_38	0.7403	0.7403	0.001	0.001	Positive	Sg_Z07_42__Sg_OB05r2_38__Positive
edge_1617	Sg_Z07_42	Sg_Y07_14	0.6171	0.6171	0.001	0.001	Positive	Sg_Z07_42__Sg_Y07_14__Positive
edge_1618	Sg_Z07_42	Sg_YA04_9	0.7608	0.7608	0.001	0.001	Positive	Sg_Z07_42__Sg_YA04_9__Positive
edge_1619	Sg_Z07_42	Sg_YB34_1	0.6501	0.6501	0.001	0.001	Positive	Sg_Z07_42__Sg_YB34_1__Positive
edge_1620	Sg_Z07_42	Sg_YB35_19	0.7995	0.7995	0.001	0.001	Positive	Sg_Z07_42__Sg_YB35_19__Positive
edge_1621	Sg_Z07_42	Sg_YB36_42	0.7913	0.7913	0.001	0.001	Positive	Sg_Z07_42__Sg_YB36_42__Positive
edge_1622	Sg_Z07_42	Sg_YB37_28	0.7286	0.7286	0.001	0.001	Positive	Sg_Z07_42__Sg_YB37_28__Positive
edge_1623	Sg_Z07_42	Sg_YB38_12	0.659	0.659	0.001	0.001	Positive	Sg_Z07_42__Sg_YB38_12__Positive
edge_1624	Sg_Z07_42	Sg_YB41_11	0.6692	0.6692	0.001	0.001	Positive	Sg_Z07_42__Sg_YB41_11__Positive
edge_1625	Sg_Z07_42	Sg_Z03_24	-0.6548	0.6548	0.001	0.001	Negative	Sg_Z07_42__Sg_Z03_24__Negative
edge_1626	Sg_Z09_20	Sg_D02_32	0.4407	0.4407	0.001	0.001	Positive	Sg_Z09_20__Sg_D02_32__Positive
edge_1627	Sg_Z09_20	Sg_I05_27	-0.4767	0.4767	0.001	0.001	Negative	Sg_Z09_20__Sg_I05_27__Negative
edge_1628	Sg_Z09_20	Sg_M21_45	0.4414	0.4414	0.001	0.001	Positive	Sg_Z09_20__Sg_M21_45__Positive
edge_1629	Sg_Z10_1	Gp_NH_148	0.5259	0.5259	0.001	0.001	Positive	Sg_Z10_1__Gp_NH_148__Positive
edge_1630	Sg_Z10_1	Sg_A22_8	0.5784	0.5784	0.001	0.001	Positive	Sg_Z10_1__Sg_A22_8__Positive
edge_1631	Sg_Z10_1	Sg_A27_31	0.5563	0.5563	0.001	0.001	Positive	Sg_Z10_1__Sg_A27_31__Positive
edge_1632	Sg_Z10_1	Sg_CM17_7	-0.4973	0.4973	0.001	0.001	Negative	Sg_Z10_1__Sg_CM17_7__Negative
edge_1633	Sg_Z10_1	Sg_D02_32	0.5965	0.5965	0.001	0.001	Positive	Sg_Z10_1__Sg_D02_32__Positive
edge_1634	Sg_Z10_1	Sg_E04_12	0.5668	0.5668	0.001	0.001	Positive	Sg_Z10_1__Sg_E04_12__Positive
edge_1635	Sg_Z10_1	Sg_E10_50	0.6036	0.6036	0.001	0.001	Positive	Sg_Z10_1__Sg_E10_50__Positive
edge_1636	Sg_Z10_1	Sg_I05_27	-0.4962	0.4962	0.001	0.001	Negative	Sg_Z10_1__Sg_I05_27__Negative
edge_1637	Sg_Z10_1	Sg_K15_44	0.6528	0.6528	0.001	0.001	Positive	Sg_Z10_1__Sg_K15_44__Positive
edge_1638	Sg_Z10_1	Sg_K36_29	0.5449	0.5449	0.001	0.001	Positive	Sg_Z10_1__Sg_K36_29__Positive
edge_1639	Sg_Z10_1	Sg_OB03r2_39	0.6651	0.6651	0.001	0.001	Positive	Sg_Z10_1__Sg_OB03r2_39__Positive
edge_1640	Sg_Z10_1	Sg_OB24r1_18	0.5518	0.5518	0.001	0.001	Positive	Sg_Z10_1__Sg_OB24r1_18__Positive
edge_1641	Sg_Z10_1	Sg_OM21r1_55	-0.5487	0.5487	0.001	0.001	Negative	Sg_Z10_1__Sg_OM21r1_55__Negative
edge_1642	Sg_Z10_1	Sg_YB36_42	0.6987	0.6987	0.001	0.001	Positive	Sg_Z10_1__Sg_YB36_42__Positive
edge_1643	Sg_Z10_1	Sg_YB38_12	0.5997	0.5997	0.001	0.001	Positive	Sg_Z10_1__Sg_YB38_12__Positive
edge_1644	Sg_Z12_45	Gp_MJ1_12	0.5915	0.5915	0.001	0.001	Positive	Sg_Z12_45__Gp_MJ1_12__Positive
edge_1645	Sg_Z12_45	Sg_D02_9	0.8275	0.8275	0.001	0.001	Positive	Sg_Z12_45__Sg_D02_9__Positive
edge_1646	Sg_Z12_45	Sg_K17_22	-0.5717	0.5717	0.001	0.001	Negative	Sg_Z12_45__Sg_K17_22__Negative
edge_1647	Sg_Z12_45	Sg_M12_6	0.7183	0.7183	0.001	0.001	Positive	Sg_Z12_45__Sg_M12_6__Positive
edge_1648	Sg_Z12_45	Sg_OB05r2_38	0.7577	0.7577	0.001	0.001	Positive	Sg_Z12_45__Sg_OB05r2_38__Positive
edge_1649	Sg_Z12_45	Sg_OB24r1_18	0.8974	0.8974	0.001	0.001	Positive	Sg_Z12_45__Sg_OB24r1_18__Positive
edge_1650	Sg_Z14_36	Gp_MJ1_12	-0.5079	0.5079	0.001	0.001	Negative	Sg_Z14_36__Gp_MJ1_12__Negative
edge_1651	Sg_Z14_36	Gp_MJ2_113	0.6235	0.6235	0.001	0.001	Positive	Sg_Z14_36__Gp_MJ2_113__Positive
edge_1652	Sg_Z14_36	Gp_MJ3_477	0.4811	0.4811	0.001	0.001	Positive	Sg_Z14_36__Gp_MJ3_477__Positive
edge_1653	Sg_Z14_36	Sg_B07_12	0.7213	0.7213	0.001	0.001	Positive	Sg_Z14_36__Sg_B07_12__Positive
edge_1654	Sg_Z14_36	Sg_B07_53	0.5709	0.5709	0.001	0.001	Positive	Sg_Z14_36__Sg_B07_53__Positive
edge_1655	Sg_Z14_36	Sg_B07_62	0.5698	0.5698	0.001	0.001	Positive	Sg_Z14_36__Sg_B07_62__Positive
edge_1656	Sg_Z14_36	Sg_B14_13	0.6046	0.6046	0.001	0.001	Positive	Sg_Z14_36__Sg_B14_13__Positive
edge_1657	Sg_Z14_36	Sg_B15_23	0.6863	0.6863	0.001	0.001	Positive	Sg_Z14_36__Sg_B15_23__Positive
edge_1658	Sg_Z14_36	Sg_CA25_21	0.695	0.695	0.001	0.001	Positive	Sg_Z14_36__Sg_CA25_21__Positive
edge_1659	Sg_Z14_36	Sg_CD24A_10	0.691	0.691	0.001	0.001	Positive	Sg_Z14_36__Sg_CD24A_10__Positive
edge_1660	Sg_Z14_36	Sg_CD30A_34	0.7402	0.7402	0.001	0.001	Positive	Sg_Z14_36__Sg_CD30A_34__Positive
edge_1661	Sg_Z14_36	Sg_CE19A_24	0.5091	0.5091	0.001	0.001	Positive	Sg_Z14_36__Sg_CE19A_24__Positive
edge_1662	Sg_Z14_36	Sg_CK05A_18	0.7051	0.7051	0.001	0.001	Positive	Sg_Z14_36__Sg_CK05A_18__Positive
edge_1663	Sg_Z14_36	Sg_CK52A_74	0.5906	0.5906	0.001	0.001	Positive	Sg_Z14_36__Sg_CK52A_74__Positive
edge_1664	Sg_Z14_36	Sg_CM21_15	0.5719	0.5719	0.001	0.001	Positive	Sg_Z14_36__Sg_CM21_15__Positive
edge_1665	Sg_Z14_36	Sg_CM21_57	0.7098	0.7098	0.001	0.001	Positive	Sg_Z14_36__Sg_CM21_57__Positive
edge_1666	Sg_Z14_36	Sg_D02_9	-0.4837	0.4837	0.001	0.001	Negative	Sg_Z14_36__Sg_D02_9__Negative
edge_1667	Sg_Z14_36	Sg_D10_17	0.7026	0.7026	0.001	0.001	Positive	Sg_Z14_36__Sg_D10_17__Positive
edge_1668	Sg_Z14_36	Sg_EB13_4	0.8069	0.8069	0.001	0.001	Positive	Sg_Z14_36__Sg_EB13_4__Positive
edge_1669	Sg_Z14_36	Sg_G18_19	0.5541	0.5541	0.001	0.001	Positive	Sg_Z14_36__Sg_G18_19__Positive
edge_1670	Sg_Z14_36	Sg_G26_22	0.7468	0.7468	0.001	0.001	Positive	Sg_Z14_36__Sg_G26_22__Positive
edge_1671	Sg_Z14_36	Sg_G43_29	0.6614	0.6614	0.001	0.001	Positive	Sg_Z14_36__Sg_G43_29__Positive
edge_1672	Sg_Z14_36	Sg_K36_27	-0.4879	0.4879	0.001	0.001	Negative	Sg_Z14_36__Sg_K36_27__Negative
edge_1673	Sg_Z14_36	Sg_K36_3	0.6292	0.6292	0.001	0.001	Positive	Sg_Z14_36__Sg_K36_3__Positive
edge_1674	Sg_Z14_36	Sg_M12_21	0.8024	0.8024	0.001	0.001	Positive	Sg_Z14_36__Sg_M12_21__Positive
edge_1675	Sg_Z14_36	Sg_M12_39	0.7422	0.7422	0.001	0.001	Positive	Sg_Z14_36__Sg_M12_39__Positive
edge_1676	Sg_Z14_36	Sg_M12_6	-0.5073	0.5073	0.001	0.001	Negative	Sg_Z14_36__Sg_M12_6__Negative
edge_1677	Sg_Z14_36	Sg_M15_29	0.7329	0.7329	0.001	0.001	Positive	Sg_Z14_36__Sg_M15_29__Positive
edge_1678	Sg_Z14_36	Sg_OG24B2A_8	0.731	0.731	0.001	0.001	Positive	Sg_Z14_36__Sg_OG24B2A_8__Positive
edge_1679	Sg_Z14_36	Sg_P27_4	0.6455	0.6455	0.001	0.001	Positive	Sg_Z14_36__Sg_P27_4__Positive
edge_1680	Sg_Z14_36	Sg_YA04_9	-0.5289	0.5289	0.001	0.001	Negative	Sg_Z14_36__Sg_YA04_9__Negative
edge_1681	Sg_Z14_36	Sg_YB35_19	-0.481	0.481	0.001	0.001	Negative	Sg_Z14_36__Sg_YB35_19__Negative
edge_1682	Sg_Z14_36	Sg_YB46_3	0.5865	0.5865	0.001	0.001	Positive	Sg_Z14_36__Sg_YB46_3__Positive
edge_1683	Sg_Z14_36	Sg_Z02_43	0.6519	0.6519	0.001	0.001	Positive	Sg_Z14_36__Sg_Z02_43__Positive
edge_1684	Sg_Z14_36	Sg_Z07_42	-0.518	0.518	0.001	0.001	Negative	Sg_Z14_36__Sg_Z07_42__Negative
edge_1685	Sg_Z14_45	Sg_B19_40	0.9102	0.9102	0.001	0.001	Positive	Sg_Z14_45__Sg_B19_40__Positive
edge_1686	Sg_Z14_45	Sg_CB03_47	0.5123	0.5123	0.001	0.001	Positive	Sg_Z14_45__Sg_CB03_47__Positive
edge_1687	Sg_Z14_45	Sg_E06_24	0.8154	0.8154	0.001	0.001	Positive	Sg_Z14_45__Sg_E06_24__Positive
edge_1688	Sg_Z14_45	Sg_EA61_27	0.8238	0.8238	0.001	0.001	Positive	Sg_Z14_45__Sg_EA61_27__Positive
edge_1689	Sg_Z14_45	Sg_EB10_11	0.9001	0.9001	0.001	0.001	Positive	Sg_Z14_45__Sg_EB10_11__Positive
edge_1690	Sg_Z14_45	Sg_EB21_10	0.7986	0.7986	0.001	0.001	Positive	Sg_Z14_45__Sg_EB21_10__Positive
edge_1691	Sg_Z14_45	Sg_G29_33	0.715	0.715	0.001	0.001	Positive	Sg_Z14_45__Sg_G29_33__Positive
edge_1692	Sg_Z14_45	Sg_I12_6	0.8679	0.8679	0.001	0.001	Positive	Sg_Z14_45__Sg_I12_6__Positive
edge_1693	Sg_Z14_45	Sg_K01_5	0.8681	0.8681	0.001	0.001	Positive	Sg_Z14_45__Sg_K01_5__Positive
edge_1694	Sg_Z14_45	Sg_M02_37	0.9117	0.9117	0.001	0.001	Positive	Sg_Z14_45__Sg_M02_37__Positive
edge_1695	Sg_Z14_45	Sg_OB05r2_8	0.794	0.794	0.001	0.001	Positive	Sg_Z14_45__Sg_OB05r2_8__Positive
edge_1696	Sg_Z14_45	Sg_P23_1	0.9004	0.9004	0.001	0.001	Positive	Sg_Z14_45__Sg_P23_1__Positive
edge_1697	Sg_Z14_45	Sg_YB35_7	0.8687	0.8687	0.001	0.001	Positive	Sg_Z14_45__Sg_YB35_7__Positive
edge_1698	Sg_Z14_58	Sg_C02_30	0.5801	0.5801	0.001	0.001	Positive	Sg_Z14_58__Sg_C02_30__Positive
edge_1699	Sg_Z14_58	Sg_G21_58	0.7691	0.7691	0.001	0.001	Positive	Sg_Z14_58__Sg_G21_58__Positive
edge_1700	Sg_Z14_58	Sg_H04_45	0.6091	0.6091	0.001	0.001	Positive	Sg_Z14_58__Sg_H04_45__Positive
edge_1701	Sg_Z14_58	Sg_K36_6	-0.4342	0.4342	0.001	0.001	Negative	Sg_Z14_58__Sg_K36_6__Negative
edge_1702	Sg_Z14_58	Sg_K46_34	0.5968	0.5968	0.001	0.001	Positive	Sg_Z14_58__Sg_K46_34__Positive
edge_1703	Sg_Z14_58	Sg_OG24B2A_25	0.5542	0.5542	0.001	0.001	Positive	Sg_Z14_58__Sg_OG24B2A_25__Positive
edge_1704	Sg_Z15_39	Gp_MJ2_113	0.6285	0.6285	0.001	0.001	Positive	Sg_Z15_39__Gp_MJ2_113__Positive
edge_1705	Sg_Z15_39	Gp_MJ3_477	0.5463	0.5463	0.001	0.001	Positive	Sg_Z15_39__Gp_MJ3_477__Positive
edge_1706	Sg_Z15_39	Sg_B07_12	0.6483	0.6483	0.001	0.001	Positive	Sg_Z15_39__Sg_B07_12__Positive
edge_1707	Sg_Z15_39	Sg_B07_53	0.6105	0.6105	0.001	0.001	Positive	Sg_Z15_39__Sg_B07_53__Positive
edge_1708	Sg_Z15_39	Sg_B07_62	0.6127	0.6127	0.001	0.001	Positive	Sg_Z15_39__Sg_B07_62__Positive
edge_1709	Sg_Z15_39	Sg_B08_36	0.5747	0.5747	0.001	0.001	Positive	Sg_Z15_39__Sg_B08_36__Positive
edge_1710	Sg_Z15_39	Sg_B14_13	0.5402	0.5402	0.001	0.001	Positive	Sg_Z15_39__Sg_B14_13__Positive
edge_1711	Sg_Z15_39	Sg_B15_23	0.689	0.689	0.001	0.001	Positive	Sg_Z15_39__Sg_B15_23__Positive
edge_1712	Sg_Z15_39	Sg_CA25_21	0.6495	0.6495	0.001	0.001	Positive	Sg_Z15_39__Sg_CA25_21__Positive
edge_1713	Sg_Z15_39	Sg_CD24A_10	0.6212	0.6212	0.001	0.001	Positive	Sg_Z15_39__Sg_CD24A_10__Positive
edge_1714	Sg_Z15_39	Sg_CD30A_34	0.8183	0.8183	0.001	0.001	Positive	Sg_Z15_39__Sg_CD30A_34__Positive
edge_1715	Sg_Z15_39	Sg_CE19A_29	0.5483	0.5483	0.001	0.001	Positive	Sg_Z15_39__Sg_CE19A_29__Positive
edge_1716	Sg_Z15_39	Sg_CK05A_18	0.6539	0.6539	0.001	0.001	Positive	Sg_Z15_39__Sg_CK05A_18__Positive
edge_1717	Sg_Z15_39	Sg_CK52A_74	0.595	0.595	0.001	0.001	Positive	Sg_Z15_39__Sg_CK52A_74__Positive
edge_1718	Sg_Z15_39	Sg_CM21_15	0.5349	0.5349	0.001	0.001	Positive	Sg_Z15_39__Sg_CM21_15__Positive
edge_1719	Sg_Z15_39	Sg_CM21_57	0.7455	0.7455	0.001	0.001	Positive	Sg_Z15_39__Sg_CM21_57__Positive
edge_1720	Sg_Z15_39	Sg_D10_17	0.6882	0.6882	0.001	0.001	Positive	Sg_Z15_39__Sg_D10_17__Positive
edge_1721	Sg_Z15_39	Sg_EB13_4	0.711	0.711	0.001	0.001	Positive	Sg_Z15_39__Sg_EB13_4__Positive
edge_1722	Sg_Z15_39	Sg_G26_22	0.728	0.728	0.001	0.001	Positive	Sg_Z15_39__Sg_G26_22__Positive
edge_1723	Sg_Z15_39	Sg_K36_3	0.6157	0.6157	0.001	0.001	Positive	Sg_Z15_39__Sg_K36_3__Positive
edge_1724	Sg_Z15_39	Sg_M12_21	0.7202	0.7202	0.001	0.001	Positive	Sg_Z15_39__Sg_M12_21__Positive
edge_1725	Sg_Z15_39	Sg_M12_39	0.7584	0.7584	0.001	0.001	Positive	Sg_Z15_39__Sg_M12_39__Positive
edge_1726	Sg_Z15_39	Sg_M15_29	0.7211	0.7211	0.001	0.001	Positive	Sg_Z15_39__Sg_M15_29__Positive
edge_1727	Sg_Z15_39	Sg_OG24B2A_8	0.6995	0.6995	0.001	0.001	Positive	Sg_Z15_39__Sg_OG24B2A_8__Positive
edge_1728	Sg_Z15_39	Sg_P27_4	0.515	0.515	0.001	0.001	Positive	Sg_Z15_39__Sg_P27_4__Positive
edge_1729	Sg_Z15_39	Sg_YB46_3	0.6121	0.6121	0.001	0.001	Positive	Sg_Z15_39__Sg_YB46_3__Positive
edge_1730	Sg_Z15_39	Sg_Z02_43	0.6431	0.6431	0.001	0.001	Positive	Sg_Z15_39__Sg_Z02_43__Positive
edge_1731	Sg_Z15_39	Sg_Z06_28	0.4795	0.4795	0.001	0.001	Positive	Sg_Z15_39__Sg_Z06_28__Positive
edge_1732	Sg_Z15_39	Sg_Z14_36	0.7565	0.7565	0.001	0.001	Positive	Sg_Z15_39__Sg_Z14_36__Positive
edge_1733	Sg_Z15_51	Gp_MJ1_272	0.5661	0.5661	0.001	0.001	Positive	Sg_Z15_51__Gp_MJ1_272__Positive
edge_1734	Sg_Z15_51	Gp_MJ1_444	0.4856	0.4856	0.001	0.001	Positive	Sg_Z15_51__Gp_MJ1_444__Positive
edge_1735	Sg_Z15_51	Sg_A17_17	0.7147	0.7147	0.001	0.001	Positive	Sg_Z15_51__Sg_A17_17__Positive
edge_1736	Sg_Z15_51	Sg_A19_12	0.4514	0.4514	0.001	0.001	Positive	Sg_Z15_51__Sg_A19_12__Positive
edge_1737	Sg_Z15_51	Sg_A22_19	0.6639	0.6639	0.001	0.001	Positive	Sg_Z15_51__Sg_A22_19__Positive
edge_1738	Sg_Z15_51	Sg_A22_3	0.6192	0.6192	0.001	0.001	Positive	Sg_Z15_51__Sg_A22_3__Positive
edge_1739	Sg_Z15_51	Sg_A22_8	0.5983	0.5983	0.001	0.001	Positive	Sg_Z15_51__Sg_A22_8__Positive
edge_1740	Sg_Z15_51	Sg_B03_29	-0.6314	0.6314	0.001	0.001	Negative	Sg_Z15_51__Sg_B03_29__Negative
edge_1741	Sg_Z15_51	Sg_B15_35	0.6881	0.6881	0.001	0.001	Positive	Sg_Z15_51__Sg_B15_35__Positive
edge_1742	Sg_Z15_51	Sg_B15_52	0.5606	0.5606	0.001	0.001	Positive	Sg_Z15_51__Sg_B15_52__Positive
edge_1743	Sg_Z15_51	Sg_B25_10	0.5507	0.5507	0.001	0.001	Positive	Sg_Z15_51__Sg_B25_10__Positive
edge_1744	Sg_Z15_51	Sg_C02_30	-0.4899	0.4899	0.001	0.001	Negative	Sg_Z15_51__Sg_C02_30__Negative
edge_1745	Sg_Z15_51	Sg_CA9_20	0.4451	0.4451	0.001	0.001	Positive	Sg_Z15_51__Sg_CA9_20__Positive
edge_1746	Sg_Z15_51	Sg_CM17_7	-0.5418	0.5418	0.001	0.001	Negative	Sg_Z15_51__Sg_CM17_7__Negative
edge_1747	Sg_Z15_51	Sg_D02_32	0.6744	0.6744	0.001	0.001	Positive	Sg_Z15_51__Sg_D02_32__Positive
edge_1748	Sg_Z15_51	Sg_E04_12	0.7128	0.7128	0.001	0.001	Positive	Sg_Z15_51__Sg_E04_12__Positive
edge_1749	Sg_Z15_51	Sg_G47_17	0.5187	0.5187	0.001	0.001	Positive	Sg_Z15_51__Sg_G47_17__Positive
edge_1750	Sg_Z15_51	Sg_H04_45	-0.4687	0.4687	0.001	0.001	Negative	Sg_Z15_51__Sg_H04_45__Negative
edge_1751	Sg_Z15_51	Sg_I06_25	0.5264	0.5264	0.001	0.001	Positive	Sg_Z15_51__Sg_I06_25__Positive
edge_1752	Sg_Z15_51	Sg_K09_1	0.6333	0.6333	0.001	0.001	Positive	Sg_Z15_51__Sg_K09_1__Positive
edge_1753	Sg_Z15_51	Sg_K15_44	0.529	0.529	0.001	0.001	Positive	Sg_Z15_51__Sg_K15_44__Positive
edge_1754	Sg_Z15_51	Sg_K22_8	0.5813	0.5813	0.001	0.001	Positive	Sg_Z15_51__Sg_K22_8__Positive
edge_1755	Sg_Z15_51	Sg_K36_16	0.5105	0.5105	0.001	0.001	Positive	Sg_Z15_51__Sg_K36_16__Positive
edge_1756	Sg_Z15_51	Sg_K36_6	0.6564	0.6564	0.001	0.001	Positive	Sg_Z15_51__Sg_K36_6__Positive
edge_1757	Sg_Z15_51	Sg_K40_4	-0.4667	0.4667	0.001	0.001	Negative	Sg_Z15_51__Sg_K40_4__Negative
edge_1758	Sg_Z15_51	Sg_K46_34	-0.4805	0.4805	0.001	0.001	Negative	Sg_Z15_51__Sg_K46_34__Negative
edge_1759	Sg_Z15_51	Sg_M01_13	-0.5289	0.5289	0.001	0.001	Negative	Sg_Z15_51__Sg_M01_13__Negative
edge_1760	Sg_Z15_51	Sg_M15_10	-0.4711	0.4711	0.001	0.001	Negative	Sg_Z15_51__Sg_M15_10__Negative
edge_1761	Sg_Z15_51	Sg_OB03r2_39	0.5874	0.5874	0.001	0.001	Positive	Sg_Z15_51__Sg_OB03r2_39__Positive
edge_1762	Sg_Z15_51	Sg_OM21r1_55	-0.4841	0.4841	0.001	0.001	Negative	Sg_Z15_51__Sg_OM21r1_55__Negative
edge_1763	Sg_Z15_51	Sg_P15_12	0.5913	0.5913	0.001	0.001	Positive	Sg_Z15_51__Sg_P15_12__Positive
edge_1764	Sg_Z15_51	Sg_P30_9	0.505	0.505	0.001	0.001	Positive	Sg_Z15_51__Sg_P30_9__Positive
edge_1765	Sg_Z15_51	Sg_YA12_28	0.6637	0.6637	0.001	0.001	Positive	Sg_Z15_51__Sg_YA12_28__Positive
edge_1766	Sg_Z15_51	Sg_YB36_42	0.5855	0.5855	0.001	0.001	Positive	Sg_Z15_51__Sg_YB36_42__Positive
edge_1767	Sg_Z15_51	Sg_YB38_12	0.707	0.707	0.001	0.001	Positive	Sg_Z15_51__Sg_YB38_12__Positive
edge_1768	Sg_Z15_51	Sg_Z14_58	-0.4573	0.4573	0.001	0.001	Negative	Sg_Z15_51__Sg_Z14_58__Negative
edge_1769	Sg_Z17_26	Sg_A22_19	-0.455	0.455	0.001	0.001	Negative	Sg_Z17_26__Sg_A22_19__Negative
edge_1770	Sg_Z17_26	Sg_A22_3	-0.4708	0.4708	0.001	0.001	Negative	Sg_Z17_26__Sg_A22_3__Negative
edge_1771	Sg_Z17_26	Sg_A22_8	-0.6198	0.6198	0.001	0.001	Negative	Sg_Z17_26__Sg_A22_8__Negative
edge_1772	Sg_Z17_26	Sg_CM29A_16	0.5075	0.5075	0.001	0.001	Positive	Sg_Z17_26__Sg_CM29A_16__Positive
edge_1773	Sg_Z17_26	Sg_CM31A_43	-0.5565	0.5565	0.001	0.001	Negative	Sg_Z17_26__Sg_CM31A_43__Negative
edge_1774	Sg_Z17_26	Sg_CM33A_60	0.5116	0.5116	0.001	0.001	Positive	Sg_Z17_26__Sg_CM33A_60__Positive
edge_1775	Sg_Z17_26	Sg_E04_12	-0.5968	0.5968	0.001	0.001	Negative	Sg_Z17_26__Sg_E04_12__Negative
edge_1776	Sg_Z17_26	Sg_EA57_9	-0.6152	0.6152	0.001	0.001	Negative	Sg_Z17_26__Sg_EA57_9__Negative
edge_1777	Sg_Z17_26	Sg_EB08_12	-0.4604	0.4604	0.001	0.001	Negative	Sg_Z17_26__Sg_EB08_12__Negative
edge_1778	Sg_Z17_26	Sg_G39_28	0.5187	0.5187	0.001	0.001	Positive	Sg_Z17_26__Sg_G39_28__Positive
edge_1779	Sg_Z17_26	Sg_K15_44	-0.6167	0.6167	0.001	0.001	Negative	Sg_Z17_26__Sg_K15_44__Negative
edge_1780	Sg_Z17_26	Sg_K22_8	-0.5442	0.5442	0.001	0.001	Negative	Sg_Z17_26__Sg_K22_8__Negative
edge_1781	Sg_Z17_26	Sg_K40_4	0.5504	0.5504	0.001	0.001	Positive	Sg_Z17_26__Sg_K40_4__Positive
edge_1782	Sg_Z17_26	Sg_M07_39	0.6165	0.6165	0.001	0.001	Positive	Sg_Z17_26__Sg_M07_39__Positive
edge_1783	Sg_Z17_26	Sg_OB03r2_39	-0.6516	0.6516	0.001	0.001	Negative	Sg_Z17_26__Sg_OB03r2_39__Negative
edge_1784	Sg_Z17_26	Sg_OM21r1_55	0.535	0.535	0.001	0.001	Positive	Sg_Z17_26__Sg_OM21r1_55__Positive
edge_1785	Sg_Z17_26	Sg_YB36_42	-0.6094	0.6094	0.001	0.001	Negative	Sg_Z17_26__Sg_YB36_42__Negative
edge_1786	Sg_Z17_26	Sg_YB38_12	-0.6234	0.6234	0.001	0.001	Negative	Sg_Z17_26__Sg_YB38_12__Negative
edge_1787	Sg_Z17_26	Sg_Z03_24	0.6693	0.6693	0.001	0.001	Positive	Sg_Z17_26__Sg_Z03_24__Positive
edge_1788	Sg_Z17_26	Sg_Z07_42	-0.5773	0.5773	0.001	0.001	Negative	Sg_Z17_26__Sg_Z07_42__Negative
