edge_id	source	target	corr	weight	p	p.adjust	cor_type
edge_1	Gp_MJ1_444	Gp_MJ1_12	0.6599	0.6599	0.001	0.001	Positive
edge_2	Gp_MJ3_477	Gp_MJ2_113	0.7862	0.7862	0.001	0.001	Positive
edge_3	Gp_MJ4_197	Gp_MJ1_12	0.4571	0.4571	0.001	0.001	Positive
edge_4	Gp_MJ4_197	Gp_MJ1_444	0.4801	0.4801	0.001	0.001	Positive
edge_5	Gp_MJ4_197	Gp_MJ2_113	-0.3594	0.3594	0.001	0.001	Negative
edge_6	Gp_MJ4_65	Gp_MJ1_12	0.4398	0.4398	0.001	0.001	Positive
edge_7	Gp_MJ4_65	Gp_MJ1_444	0.4731	0.4731	0.001	0.001	Positive
edge_8	Gp_NH_148	Gp_MJ1_12	0.5032	0.5032	0.001	0.001	Positive
edge_9	Gp_NH_148	Gp_MJ1_444	0.6234	0.6234	0.001	0.001	Positive
edge_10	Gp_YAB_333	Gp_MJ1_12	-0.4804	0.4804	0.001	0.001	Negative
edge_11	Gp_YAB_333	Gp_MJ1_272	-0.4755	0.4755	0.001	0.001	Negative
edge_12	Gp_YAB_333	Gp_MJ1_444	-0.5227	0.5227	0.001	0.001	Negative
edge_13	Gp_YAB_333	Gp_MJ4_197	-0.3761	0.3761	0.001	0.001	Negative
edge_14	Gp_meta27_16	Gp_MJ1_12	0.4479	0.4479	0.001	0.001	Positive
edge_15	Gp_meta27_16	Gp_MJ3_477	-0.3859	0.3859	0.001	0.001	Negative
edge_16	Gp_meta27_511	Gp_MJ2_113	0.4754	0.4754	0.001	0.001	Positive
edge_17	Gp_meta27_511	Gp_MJ3_477	0.4435	0.4435	0.001	0.001	Positive
edge_18	Gp_meta27_511	Gp_YAB_339	0.4645	0.4645	0.001	0.001	Positive
edge_19	Sg_A07_40	Gp_YAB_333	-0.4492	0.4492	0.001	0.001	Negative
edge_20	Sg_A07_40	Gp_meta27_511	-0.3736	0.3736	0.001	0.001	Negative
edge_21	Sg_A11_10	Gp_MJ1_12	0.5099	0.5099	0.001	0.001	Positive
edge_22	Sg_A11_10	Gp_MJ1_444	0.6435	0.6435	0.001	0.001	Positive
edge_23	Sg_A11_10	Gp_NH_148	0.5468	0.5468	0.001	0.001	Positive
edge_24	Sg_A11_12	Gp_YAB_339	0.7875	0.7875	0.001	0.001	Positive
edge_25	Sg_A11_12	Gp_meta27_511	0.5126	0.5126	0.001	0.001	Positive
edge_26	Sg_A11_2	Gp_YAB_339	0.7301	0.7301	0.001	0.001	Positive
edge_27	Sg_A11_2	Sg_A11_12	0.8165	0.8165	0.001	0.001	Positive
edge_28	Sg_A17_17	Gp_MJ1_272	0.5768	0.5768	0.001	0.001	Positive
edge_29	Sg_A17_17	Gp_MJ1_444	0.5058	0.5058	0.001	0.001	Positive
edge_30	Sg_A17_17	Gp_MJ4_65	0.41	0.41	0.001	0.001	Positive
edge_31	Sg_A17_17	Gp_YAB_333	-0.5392	0.5392	0.001	0.001	Negative
edge_32	Sg_A17_17	Sg_A15_26	0.5242	0.5242	0.001	0.001	Positive
edge_33	Sg_A19_11	Gp_MJ4_65	0.6023	0.6023	0.001	0.001	Positive
edge_34	Sg_A19_12	Gp_MJ1_272	0.5748	0.5748	0.001	0.001	Positive
edge_35	Sg_A19_12	Gp_YAB_333	-0.5113	0.5113	0.001	0.001	Negative
edge_36	Sg_A19_12	Sg_A07_40	0.3829	0.3829	0.001	0.001	Positive
edge_37	Sg_A19_12	Sg_A17_17	0.66	0.66	0.001	0.001	Positive
edge_38	Sg_A19_18	Gp_MJ1_12	0.5953	0.5953	0.001	0.001	Positive
edge_39	Sg_A19_18	Gp_MJ1_272	0.5035	0.5035	0.001	0.001	Positive
edge_40	Sg_A19_18	Gp_MJ1_444	0.4828	0.4828	0.001	0.001	Positive
edge_41	Sg_A19_18	Gp_MJ4_197	0.4853	0.4853	0.001	0.001	Positive
edge_42	Sg_A19_18	Gp_YAB_333	-0.574	0.574	0.001	0.001	Negative
edge_43	Sg_A19_18	Sg_A17_17	0.5368	0.5368	0.001	0.001	Positive
edge_44	Sg_A19_18	Sg_A19_12	0.374	0.374	0.001	0.001	Positive
edge_45	Sg_A19_36	Gp_MJ4_65	0.5467	0.5467	0.001	0.001	Positive
edge_46	Sg_A19_36	Gp_YAB_339	0.4263	0.4263	0.001	0.001	Positive
edge_47	Sg_A19_36	Sg_A11_12	0.4631	0.4631	0.001	0.001	Positive
edge_48	Sg_A19_51	Gp_MJ1_272	0.467	0.467	0.001	0.001	Positive
edge_49	Sg_A19_51	Gp_MJ1_444	0.4786	0.4786	0.001	0.001	Positive
edge_50	Sg_A19_51	Gp_MJ3_477	0.4871	0.4871	0.001	0.001	Positive
edge_51	Sg_A19_51	Gp_YAB_333	-0.5053	0.5053	0.001	0.001	Negative
edge_52	Sg_A19_51	Sg_A11_10	0.4385	0.4385	0.001	0.001	Positive
edge_53	Sg_A19_51	Sg_A17_17	0.5892	0.5892	0.001	0.001	Positive
edge_54	Sg_A19_51	Sg_A19_12	0.5943	0.5943	0.001	0.001	Positive
edge_55	Sg_A19_51	Sg_A19_18	0.5541	0.5541	0.001	0.001	Positive
edge_56	Sg_A20_2	Gp_MJ1_12	-0.4444	0.4444	0.001	0.001	Negative
edge_57	Sg_A20_2	Gp_MJ1_444	-0.5159	0.5159	0.001	0.001	Negative
edge_58	Sg_A20_2	Gp_YAB_333	0.6385	0.6385	0.001	0.001	Positive
edge_59	Sg_A20_2	Sg_A11_10	-0.5099	0.5099	0.001	0.001	Negative
edge_60	Sg_A20_2	Sg_A17_17	-0.4887	0.4887	0.001	0.001	Negative
edge_61	Sg_A20_2	Sg_A19_11	-0.4527	0.4527	0.001	0.001	Negative
edge_62	Sg_A20_2	Sg_A19_12	-0.3839	0.3839	0.001	0.001	Negative
edge_63	Sg_A20_2	Sg_A19_18	-0.4369	0.4369	0.001	0.001	Negative
edge_64	Sg_A20_2	Sg_A19_51	-0.4688	0.4688	0.001	0.001	Negative
edge_65	Sg_A20_35	Gp_MJ1_272	-0.49	0.49	0.001	0.001	Negative
edge_66	Sg_A20_35	Gp_YAB_333	0.5937	0.5937	0.001	0.001	Positive
edge_67	Sg_A20_35	Sg_A17_17	-0.5141	0.5141	0.001	0.001	Negative
edge_68	Sg_A20_35	Sg_A19_12	-0.5355	0.5355	0.001	0.001	Negative
edge_69	Sg_A20_35	Sg_A19_51	-0.5336	0.5336	0.001	0.001	Negative
edge_70	Sg_A20_35	Sg_A20_2	0.5587	0.5587	0.001	0.001	Positive
edge_71	Sg_A22_19	Gp_MJ1_272	0.3984	0.3984	0.001	0.001	Positive
edge_72	Sg_A22_19	Gp_MJ1_444	0.4274	0.4274	0.001	0.001	Positive
edge_73	Sg_A22_19	Gp_MJ3_477	0.4191	0.4191	0.001	0.001	Positive
edge_74	Sg_A22_19	Gp_YAB_333	-0.3867	0.3867	0.001	0.001	Negative
edge_75	Sg_A22_19	Sg_A17_17	0.6617	0.6617	0.001	0.001	Positive
edge_76	Sg_A22_19	Sg_A19_12	0.4853	0.4853	0.001	0.001	Positive
edge_77	Sg_A22_19	Sg_A19_51	0.5214	0.5214	0.001	0.001	Positive
edge_78	Sg_A22_19	Sg_A20_35	-0.3956	0.3956	0.001	0.001	Negative
edge_79	Sg_A22_3	Gp_MJ1_12	0.4033	0.4033	0.001	0.001	Positive
edge_80	Sg_A22_3	Gp_MJ1_272	0.3871	0.3871	0.001	0.001	Positive
edge_81	Sg_A22_3	Gp_MJ1_444	0.5532	0.5532	0.001	0.001	Positive
edge_82	Sg_A22_3	Sg_A15_26	0.484	0.484	0.001	0.001	Positive
edge_83	Sg_A22_3	Sg_A17_17	0.6224	0.6224	0.001	0.001	Positive
edge_84	Sg_A22_3	Sg_A19_12	0.4053	0.4053	0.001	0.001	Positive
edge_85	Sg_A22_3	Sg_A19_51	0.4531	0.4531	0.001	0.001	Positive
edge_86	Sg_A22_3	Sg_A20_2	-0.4429	0.4429	0.001	0.001	Negative
edge_87	Sg_A22_3	Sg_A22_19	0.5366	0.5366	0.001	0.001	Positive
edge_88	Sg_A22_8	Gp_MJ1_12	0.6124	0.6124	0.001	0.001	Positive
edge_89	Sg_A22_8	Gp_MJ1_272	0.5173	0.5173	0.001	0.001	Positive
edge_90	Sg_A22_8	Gp_MJ1_444	0.6864	0.6864	0.001	0.001	Positive
edge_91	Sg_A22_8	Gp_MJ4_197	0.4463	0.4463	0.001	0.001	Positive
edge_92	Sg_A22_8	Gp_NH_148	0.3784	0.3784	0.001	0.001	Positive
edge_93	Sg_A22_8	Gp_YAB_333	-0.51	0.51	0.001	0.001	Negative
edge_94	Sg_A22_8	Sg_A11_10	0.5923	0.5923	0.001	0.001	Positive
edge_95	Sg_A22_8	Sg_A19_18	0.6152	0.6152	0.001	0.001	Positive
edge_96	Sg_A22_8	Sg_A19_51	0.4826	0.4826	0.001	0.001	Positive
edge_97	Sg_A22_8	Sg_A20_2	-0.5583	0.5583	0.001	0.001	Negative
edge_98	Sg_A22_8	Sg_A22_19	0.4092	0.4092	0.001	0.001	Positive
edge_99	Sg_A24_54	Gp_MJ2_113	-0.4072	0.4072	0.001	0.001	Negative
edge_100	Sg_A24_54	Gp_meta27_16	0.3652	0.3652	0.001	0.001	Positive
edge_101	Sg_A24_54	Sg_A11_47	0.6836	0.6836	0.001	0.001	Positive
edge_102	Sg_A27_23	Gp_MJ1_272	-0.4747	0.4747	0.001	0.001	Negative
edge_103	Sg_A27_23	Gp_MJ1_444	-0.4844	0.4844	0.001	0.001	Negative
edge_104	Sg_A27_23	Gp_YAB_333	0.6893	0.6893	0.001	0.001	Positive
edge_105	Sg_A27_23	Sg_A17_17	-0.5583	0.5583	0.001	0.001	Negative
edge_106	Sg_A27_23	Sg_A19_12	-0.5121	0.5121	0.001	0.001	Negative
edge_107	Sg_A27_23	Sg_A19_18	-0.4074	0.4074	0.001	0.001	Negative
edge_108	Sg_A27_23	Sg_A19_51	-0.4841	0.4841	0.001	0.001	Negative
edge_109	Sg_A27_23	Sg_A20_2	0.6497	0.6497	0.001	0.001	Positive
edge_110	Sg_A27_23	Sg_A20_35	0.7843	0.7843	0.001	0.001	Positive
edge_111	Sg_A27_23	Sg_A22_8	-0.5067	0.5067	0.001	0.001	Negative
edge_112	Sg_A27_31	Gp_MJ1_12	0.623	0.623	0.001	0.001	Positive
edge_113	Sg_A27_31	Gp_MJ1_444	0.6033	0.6033	0.001	0.001	Positive
edge_114	Sg_A27_31	Gp_MJ2_113	-0.3896	0.3896	0.001	0.001	Negative
edge_115	Sg_A27_31	Gp_MJ4_197	0.5033	0.5033	0.001	0.001	Positive
edge_116	Sg_A27_31	Gp_meta27_16	0.4783	0.4783	0.001	0.001	Positive
edge_117	Sg_A27_31	Sg_A11_10	0.5065	0.5065	0.001	0.001	Positive
edge_118	Sg_A27_31	Sg_A22_3	0.4101	0.4101	0.001	0.001	Positive
edge_119	Sg_A27_31	Sg_A22_8	0.5315	0.5315	0.001	0.001	Positive
edge_120	Sg_A28_8	Gp_MJ3_477	-0.4142	0.4142	0.001	0.001	Negative
edge_121	Sg_A28_8	Gp_YAB_333	0.6726	0.6726	0.001	0.001	Positive
edge_122	Sg_A28_8	Sg_A17_17	-0.488	0.488	0.001	0.001	Negative
edge_123	Sg_A28_8	Sg_A19_12	-0.5578	0.5578	0.001	0.001	Negative
edge_124	Sg_A28_8	Sg_A19_51	-0.5603	0.5603	0.001	0.001	Negative
edge_125	Sg_A28_8	Sg_A20_2	0.4293	0.4293	0.001	0.001	Positive
edge_126	Sg_A28_8	Sg_A20_35	0.7002	0.7002	0.001	0.001	Positive
edge_127	Sg_A28_8	Sg_A27_23	0.7074	0.7074	0.001	0.001	Positive
edge_128	Sg_A34_5	Sg_A07_40	-0.3797	0.3797	0.001	0.001	Negative
edge_129	Sg_B03_29	Gp_MJ1_272	-0.4423	0.4423	0.001	0.001	Negative
edge_130	Sg_B03_29	Gp_MJ1_444	-0.5046	0.5046	0.001	0.001	Negative
edge_131	Sg_B03_29	Gp_MJ4_65	-0.4755	0.4755	0.001	0.001	Negative
edge_132	Sg_B03_29	Sg_A17_17	-0.5565	0.5565	0.001	0.001	Negative
edge_133	Sg_B03_29	Sg_A19_12	-0.4721	0.4721	0.001	0.001	Negative
edge_134	Sg_B03_29	Sg_A19_51	-0.5744	0.5744	0.001	0.001	Negative
edge_135	Sg_B03_29	Sg_A20_2	0.4791	0.4791	0.001	0.001	Positive
edge_136	Sg_B03_29	Sg_A20_35	0.5036	0.5036	0.001	0.001	Positive
edge_137	Sg_B03_29	Sg_A22_19	-0.4511	0.4511	0.001	0.001	Negative
edge_138	Sg_B03_29	Sg_A22_3	-0.4892	0.4892	0.001	0.001	Negative
edge_139	Sg_B03_29	Sg_A22_8	-0.4968	0.4968	0.001	0.001	Negative
edge_140	Sg_B03_29	Sg_A27_23	0.4746	0.4746	0.001	0.001	Positive
edge_141	Sg_B03_38	Gp_MJ3_477	-0.3628	0.3628	0.001	0.001	Negative
edge_142	Sg_B03_38	Sg_A17_17	-0.4061	0.4061	0.001	0.001	Negative
edge_143	Sg_B04_2	Gp_MJ1_12	0.4393	0.4393	0.001	0.001	Positive
edge_144	Sg_B04_2	Sg_A11_10	0.4698	0.4698	0.001	0.001	Positive
edge_145	Sg_B04_2	Sg_A22_8	0.3851	0.3851	0.001	0.001	Positive
edge_146	Sg_B04_2	Sg_A27_31	0.5587	0.5587	0.001	0.001	Positive
edge_147	Sg_B07_12	Gp_MJ1_12	-0.5265	0.5265	0.001	0.001	Negative
edge_148	Sg_B07_12	Gp_MJ1_444	-0.572	0.572	0.001	0.001	Negative
edge_149	Sg_B07_12	Gp_MJ2_113	0.4516	0.4516	0.001	0.001	Positive
edge_150	Sg_B07_12	Gp_MJ4_197	-0.4141	0.4141	0.001	0.001	Negative
edge_151	Sg_B07_12	Gp_MJ4_65	-0.3658	0.3658	0.001	0.001	Negative
edge_152	Sg_B07_12	Gp_NH_148	-0.4024	0.4024	0.001	0.001	Negative
edge_153	Sg_B07_12	Sg_A11_10	-0.4597	0.4597	0.001	0.001	Negative
edge_154	Sg_B07_12	Sg_A19_11	-0.4515	0.4515	0.001	0.001	Negative
edge_155	Sg_B07_12	Sg_A19_18	-0.3892	0.3892	0.001	0.001	Negative
edge_156	Sg_B07_12	Sg_A20_2	0.5212	0.5212	0.001	0.001	Positive
edge_157	Sg_B07_12	Sg_A22_8	-0.5269	0.5269	0.001	0.001	Negative
edge_158	Sg_B07_38	Sg_A19_51	0.4888	0.4888	0.001	0.001	Positive
edge_159	Sg_B07_50	Sg_B03_29	0.4089	0.4089	0.001	0.001	Positive
edge_160	Sg_B07_53	Gp_MJ1_12	-0.4337	0.4337	0.001	0.001	Negative
edge_161	Sg_B07_53	Gp_MJ2_113	0.5589	0.5589	0.001	0.001	Positive
edge_162	Sg_B07_53	Sg_B07_12	0.5897	0.5897	0.001	0.001	Positive
edge_163	Sg_B07_62	Gp_MJ1_12	-0.4989	0.4989	0.001	0.001	Negative
edge_164	Sg_B07_62	Gp_MJ2_113	0.6071	0.6071	0.001	0.001	Positive
edge_165	Sg_B07_62	Gp_MJ3_477	0.5475	0.5475	0.001	0.001	Positive
edge_166	Sg_B07_62	Sg_A27_31	-0.4	0.4	0.001	0.001	Negative
edge_167	Sg_B07_62	Sg_B07_12	0.5526	0.5526	0.001	0.001	Positive
edge_168	Sg_B07_62	Sg_B07_53	0.6336	0.6336	0.001	0.001	Positive
edge_169	Sg_B08_36	Gp_MJ3_477	0.4725	0.4725	0.001	0.001	Positive
edge_170	Sg_B08_36	Sg_B07_12	0.4427	0.4427	0.001	0.001	Positive
edge_171	Sg_B08_36	Sg_B07_62	0.5753	0.5753	0.001	0.001	Positive
edge_172	Sg_B14_1	Gp_MJ3_423	0.6628	0.6628	0.001	0.001	Positive
edge_173	Sg_B14_1	Sg_A33_4	0.4265	0.4265	0.001	0.001	Positive
edge_174	Sg_B14_13	Gp_MJ1_12	-0.4176	0.4176	0.001	0.001	Negative
edge_175	Sg_B14_13	Gp_MJ2_113	0.6516	0.6516	0.001	0.001	Positive
edge_176	Sg_B14_13	Gp_MJ3_477	0.5473	0.5473	0.001	0.001	Positive
edge_177	Sg_B14_13	Sg_A34_5	0.4108	0.4108	0.001	0.001	Positive
edge_178	Sg_B14_13	Sg_B07_12	0.5528	0.5528	0.001	0.001	Positive
edge_179	Sg_B14_13	Sg_B07_53	0.5651	0.5651	0.001	0.001	Positive
edge_180	Sg_B14_13	Sg_B07_62	0.5848	0.5848	0.001	0.001	Positive
edge_181	Sg_B14_13	Sg_B08_36	0.4492	0.4492	0.001	0.001	Positive
edge_182	Sg_B15_22	Gp_MJ4_65	0.6436	0.6436	0.001	0.001	Positive
edge_183	Sg_B15_22	Gp_YAB_333	-0.45	0.45	0.001	0.001	Negative
edge_184	Sg_B15_22	Sg_A17_17	0.4667	0.4667	0.001	0.001	Positive
edge_185	Sg_B15_22	Sg_A19_11	0.7268	0.7268	0.001	0.001	Positive
edge_186	Sg_B15_22	Sg_A20_2	-0.506	0.506	0.001	0.001	Negative
edge_187	Sg_B15_22	Sg_B07_12	-0.4453	0.4453	0.001	0.001	Negative
edge_188	Sg_B15_23	Gp_MJ1_12	-0.5194	0.5194	0.001	0.001	Negative
edge_189	Sg_B15_23	Gp_MJ2_113	0.7347	0.7347	0.001	0.001	Positive
edge_190	Sg_B15_23	Gp_MJ3_477	0.6248	0.6248	0.001	0.001	Positive
edge_191	Sg_B15_23	Sg_B07_12	0.6363	0.6363	0.001	0.001	Positive
edge_192	Sg_B15_23	Sg_B07_53	0.7151	0.7151	0.001	0.001	Positive
edge_193	Sg_B15_23	Sg_B07_62	0.7606	0.7606	0.001	0.001	Positive
edge_194	Sg_B15_23	Sg_B08_36	0.5972	0.5972	0.001	0.001	Positive
edge_195	Sg_B15_23	Sg_B14_13	0.7282	0.7282	0.001	0.001	Positive
edge_196	Sg_B15_25	Gp_MJ1_444	0.3843	0.3843	0.001	0.001	Positive
edge_197	Sg_B15_35	Gp_MJ1_272	0.5295	0.5295	0.001	0.001	Positive
edge_198	Sg_B15_35	Gp_MJ1_444	0.5695	0.5695	0.001	0.001	Positive
edge_199	Sg_B15_35	Gp_YAB_333	-0.4355	0.4355	0.001	0.001	Negative
edge_200	Sg_B15_35	Sg_A11_10	0.4694	0.4694	0.001	0.001	Positive
edge_201	Sg_B15_35	Sg_A17_17	0.6101	0.6101	0.001	0.001	Positive
edge_202	Sg_B15_35	Sg_A19_18	0.4705	0.4705	0.001	0.001	Positive
edge_203	Sg_B15_35	Sg_A20_2	-0.4483	0.4483	0.001	0.001	Negative
edge_204	Sg_B15_35	Sg_A22_19	0.5977	0.5977	0.001	0.001	Positive
edge_205	Sg_B15_35	Sg_A22_3	0.5395	0.5395	0.001	0.001	Positive
edge_206	Sg_B15_35	Sg_A22_8	0.5754	0.5754	0.001	0.001	Positive
edge_207	Sg_B15_35	Sg_A27_23	-0.4376	0.4376	0.001	0.001	Negative
edge_208	Sg_B15_35	Sg_B03_29	-0.5712	0.5712	0.001	0.001	Negative
edge_209	Sg_B15_35	Sg_B07_12	-0.5072	0.5072	0.001	0.001	Negative
edge_210	Sg_B15_52	Gp_MJ1_272	0.4632	0.4632	0.001	0.001	Positive
edge_211	Sg_B15_52	Gp_MJ3_477	0.4062	0.4062	0.001	0.001	Positive
edge_212	Sg_B15_52	Gp_MJ4_65	0.4881	0.4881	0.001	0.001	Positive
edge_213	Sg_B15_52	Gp_YAB_333	-0.4378	0.4378	0.001	0.001	Negative
edge_214	Sg_B15_52	Sg_A15_26	0.3939	0.3939	0.001	0.001	Positive
edge_215	Sg_B15_52	Sg_A17_17	0.7294	0.7294	0.001	0.001	Positive
edge_216	Sg_B15_52	Sg_A19_11	0.5106	0.5106	0.001	0.001	Positive
edge_217	Sg_B15_52	Sg_A19_12	0.5517	0.5517	0.001	0.001	Positive
edge_218	Sg_B15_52	Sg_A19_51	0.6316	0.6316	0.001	0.001	Positive
edge_219	Sg_B15_52	Sg_A20_2	-0.4204	0.4204	0.001	0.001	Negative
edge_220	Sg_B15_52	Sg_A20_35	-0.4235	0.4235	0.001	0.001	Negative
edge_221	Sg_B15_52	Sg_A22_19	0.5777	0.5777	0.001	0.001	Positive
edge_222	Sg_B15_52	Sg_A22_3	0.4985	0.4985	0.001	0.001	Positive
edge_223	Sg_B15_52	Sg_A22_8	0.4421	0.4421	0.001	0.001	Positive
edge_224	Sg_B15_52	Sg_A27_23	-0.4403	0.4403	0.001	0.001	Negative
edge_225	Sg_B15_52	Sg_A28_8	-0.4989	0.4989	0.001	0.001	Negative
edge_226	Sg_B15_52	Sg_B03_29	-0.5368	0.5368	0.001	0.001	Negative
edge_227	Sg_B15_52	Sg_B07_38	0.5567	0.5567	0.001	0.001	Positive
edge_228	Sg_B15_52	Sg_B15_22	0.5143	0.5143	0.001	0.001	Positive
edge_229	Sg_B15_52	Sg_B15_35	0.533	0.533	0.001	0.001	Positive
edge_230	Sg_B19_17	Sg_A07_40	0.3719	0.3719	0.001	0.001	Positive
edge_231	Sg_B19_17	Sg_A24_54	0.486	0.486	0.001	0.001	Positive
edge_232	Sg_B19_30	Sg_B15_25	0.3765	0.3765	0.001	0.001	Positive
edge_233	Sg_B19_40	Gp_MJ2_113	-0.3943	0.3943	0.001	0.001	Negative
edge_234	Sg_B19_40	Sg_B07_38	-0.4343	0.4343	0.001	0.001	Negative
edge_235	Sg_B19_58	Sg_A24_54	0.4496	0.4496	0.001	0.001	Positive
edge_236	Sg_B19_58	Sg_B03_29	0.5351	0.5351	0.001	0.001	Positive
edge_237	Sg_B19_58	Sg_B19_17	0.4159	0.4159	0.001	0.001	Positive
edge_238	Sg_B23_42	Sg_A34_5	0.4135	0.4135	0.001	0.001	Positive
edge_239	Sg_B25_10	Gp_MJ4_65	0.4472	0.4472	0.001	0.001	Positive
edge_240	Sg_B25_10	Sg_A11_10	0.5186	0.5186	0.001	0.001	Positive
edge_241	Sg_B25_10	Sg_A17_17	0.4622	0.4622	0.001	0.001	Positive
edge_242	Sg_B25_10	Sg_A19_51	0.4182	0.4182	0.001	0.001	Positive
edge_243	Sg_B25_10	Sg_A22_3	0.4859	0.4859	0.001	0.001	Positive
edge_244	Sg_B25_10	Sg_B03_29	-0.4657	0.4657	0.001	0.001	Negative
edge_245	Sg_B25_10	Sg_B15_35	0.5278	0.5278	0.001	0.001	Positive
edge_246	Sg_B25_10	Sg_B15_52	0.4568	0.4568	0.001	0.001	Positive
edge_247	Sg_B25_38	Gp_YAB_339	0.7755	0.7755	0.001	0.001	Positive
edge_248	Sg_B25_38	Gp_meta27_511	0.5276	0.5276	0.001	0.001	Positive
edge_249	Sg_B25_38	Sg_A11_12	0.8741	0.8741	0.001	0.001	Positive
edge_250	Sg_B25_38	Sg_A11_2	0.8016	0.8016	0.001	0.001	Positive
edge_251	Sg_B25_38	Sg_A19_36	0.4245	0.4245	0.001	0.001	Positive
edge_252	Sg_B26_35	Gp_MJ2_113	-0.4446	0.4446	0.001	0.001	Negative
edge_253	Sg_B26_35	Gp_MJ3_477	-0.6369	0.6369	0.001	0.001	Negative
edge_254	Sg_B26_35	Sg_A19_12	-0.4637	0.4637	0.001	0.001	Negative
edge_255	Sg_B26_35	Sg_A28_8	0.4166	0.4166	0.001	0.001	Positive
edge_256	Sg_B26_35	Sg_B07_38	-0.463	0.463	0.001	0.001	Negative
edge_257	Sg_B26_35	Sg_B07_62	-0.4258	0.4258	0.001	0.001	Negative
edge_258	Sg_B26_35	Sg_B15_52	-0.4955	0.4955	0.001	0.001	Negative
edge_259	Sg_B26_35	Sg_B25_10	-0.439	0.439	0.001	0.001	Negative
edge_260	Sg_B26_38	Sg_A11_10	0.4548	0.4548	0.001	0.001	Positive
edge_261	Sg_B26_38	Sg_B19_30	0.3947	0.3947	0.001	0.001	Positive
edge_262	Sg_B27_18	Gp_MJ3_423	0.5538	0.5538	0.001	0.001	Positive
edge_263	Sg_B27_18	Sg_A11_12	0.4354	0.4354	0.001	0.001	Positive
edge_264	Sg_B27_18	Sg_B03_29	-0.3935	0.3935	0.001	0.001	Negative
edge_265	Sg_B27_18	Sg_B07_38	0.5181	0.5181	0.001	0.001	Positive
edge_266	Sg_B27_18	Sg_B14_1	0.4983	0.4983	0.001	0.001	Positive
edge_267	Sg_B27_18	Sg_B15_22	0.4321	0.4321	0.001	0.001	Positive
edge_268	Sg_B27_18	Sg_B25_38	0.4662	0.4662	0.001	0.001	Positive
edge_269	Sg_B27_6	Gp_MJ3_423	0.6587	0.6587	0.001	0.001	Positive
edge_270	Sg_B27_6	Sg_A33_4	0.4479	0.4479	0.001	0.001	Positive
edge_271	Sg_B27_6	Sg_B14_1	0.6224	0.6224	0.001	0.001	Positive
edge_272	Sg_B27_6	Sg_B26_4	-0.393	0.393	0.001	0.001	Negative
edge_273	Sg_B27_6	Sg_B27_18	0.6184	0.6184	0.001	0.001	Positive
edge_274	Sg_C02_30	Sg_A17_17	-0.4539	0.4539	0.001	0.001	Negative
edge_275	Sg_C02_30	Sg_A22_19	-0.487	0.487	0.001	0.001	Negative
edge_276	Sg_C02_30	Sg_A28_8	0.463	0.463	0.001	0.001	Positive
edge_277	Sg_C02_30	Sg_A37_36	-0.422	0.422	0.001	0.001	Negative
edge_278	Sg_C02_30	Sg_B15_35	-0.4443	0.4443	0.001	0.001	Negative
edge_279	Sg_C02_30	Sg_B25_10	-0.4281	0.4281	0.001	0.001	Negative
edge_280	Sg_C03_36	Gp_YAB_339	0.611	0.611	0.001	0.001	Positive
edge_281	Sg_C03_36	Sg_A11_12	0.6464	0.6464	0.001	0.001	Positive
edge_282	Sg_C03_36	Sg_A11_2	0.7594	0.7594	0.001	0.001	Positive
edge_283	Sg_C03_36	Sg_B25_38	0.7066	0.7066	0.001	0.001	Positive
edge_284	Sg_C03_36	Sg_B27_18	0.4572	0.4572	0.001	0.001	Positive
edge_285	Sg_C04_25	Gp_MJ1_12	0.4525	0.4525	0.001	0.001	Positive
edge_286	Sg_C04_25	Gp_NH_148	0.4108	0.4108	0.001	0.001	Positive
edge_287	Sg_C04_25	Sg_A27_31	0.4417	0.4417	0.001	0.001	Positive
edge_288	Sg_C04_25	Sg_B07_62	-0.4116	0.4116	0.001	0.001	Negative
edge_289	Sg_C04_33	Gp_MJ1_444	-0.521	0.521	0.001	0.001	Negative
edge_290	Sg_C04_33	Sg_A17_17	-0.4906	0.4906	0.001	0.001	Negative
edge_291	Sg_C04_33	Sg_A19_11	-0.3859	0.3859	0.001	0.001	Negative
edge_292	Sg_C04_33	Sg_A19_12	-0.4635	0.4635	0.001	0.001	Negative
edge_293	Sg_C04_33	Sg_A22_3	-0.5838	0.5838	0.001	0.001	Negative
edge_294	Sg_C04_33	Sg_A22_8	-0.52	0.52	0.001	0.001	Negative
edge_295	Sg_C04_33	Sg_A27_23	0.4134	0.4134	0.001	0.001	Positive
edge_296	Sg_C04_33	Sg_A27_31	-0.4037	0.4037	0.001	0.001	Negative
edge_297	Sg_C04_33	Sg_B03_29	0.5688	0.5688	0.001	0.001	Positive
edge_298	Sg_C04_33	Sg_B07_12	0.4235	0.4235	0.001	0.001	Positive
edge_299	Sg_C04_33	Sg_B07_50	0.459	0.459	0.001	0.001	Positive
edge_300	Sg_C04_33	Sg_B15_35	-0.4581	0.4581	0.001	0.001	Negative
edge_301	Sg_C04_33	Sg_B19_58	0.4301	0.4301	0.001	0.001	Positive
edge_302	Sg_C14_34	Gp_MJ2_113	-0.4626	0.4626	0.001	0.001	Negative
edge_303	Sg_C14_34	Gp_MJ3_477	-0.4549	0.4549	0.001	0.001	Negative
edge_304	Sg_CA11_3	Sg_B07_62	-0.3969	0.3969	0.001	0.001	Negative
edge_305	Sg_CA11_3	Sg_C02_30	0.6011	0.6011	0.001	0.001	Positive
edge_306	Sg_CA11_3	Sg_C14_34	0.4485	0.4485	0.001	0.001	Positive
edge_307	Sg_CA11_52	Gp_MJ1_12	0.5544	0.5544	0.001	0.001	Positive
edge_308	Sg_CA11_52	Gp_MJ1_272	0.4295	0.4295	0.001	0.001	Positive
edge_309	Sg_CA11_52	Gp_MJ1_444	0.5064	0.5064	0.001	0.001	Positive
edge_310	Sg_CA11_52	Gp_MJ4_65	0.6057	0.6057	0.001	0.001	Positive
edge_311	Sg_CA11_52	Gp_YAB_333	-0.4815	0.4815	0.001	0.001	Negative
edge_312	Sg_CA11_52	Sg_A11_10	0.4184	0.4184	0.001	0.001	Positive
edge_313	Sg_CA11_52	Sg_A17_17	0.4981	0.4981	0.001	0.001	Positive
edge_314	Sg_CA11_52	Sg_A19_11	0.6498	0.6498	0.001	0.001	Positive
edge_315	Sg_CA11_52	Sg_A19_18	0.4386	0.4386	0.001	0.001	Positive
edge_316	Sg_CA11_52	Sg_A20_2	-0.4898	0.4898	0.001	0.001	Negative
edge_317	Sg_CA11_52	Sg_A22_3	0.3942	0.3942	0.001	0.001	Positive
edge_318	Sg_CA11_52	Sg_A22_8	0.4678	0.4678	0.001	0.001	Positive
edge_319	Sg_CA11_52	Sg_A27_31	0.4315	0.4315	0.001	0.001	Positive
edge_320	Sg_CA11_52	Sg_B07_12	-0.4589	0.4589	0.001	0.001	Negative
edge_321	Sg_CA11_52	Sg_B15_22	0.7695	0.7695	0.001	0.001	Positive
edge_322	Sg_CA11_52	Sg_B15_35	0.4311	0.4311	0.001	0.001	Positive
edge_323	Sg_CA11_52	Sg_B15_52	0.3997	0.3997	0.001	0.001	Positive
edge_324	Sg_CA13_9	Gp_MJ2_113	-0.5139	0.5139	0.001	0.001	Negative
edge_325	Sg_CA13_9	Gp_MJ3_477	-0.3959	0.3959	0.001	0.001	Negative
edge_326	Sg_CA13_9	Sg_A27_31	0.4801	0.4801	0.001	0.001	Positive
edge_327	Sg_CA13_9	Sg_B07_62	-0.4413	0.4413	0.001	0.001	Negative
edge_328	Sg_CA13_9	Sg_C02_30	0.4519	0.4519	0.001	0.001	Positive
edge_329	Sg_CA13_9	Sg_C14_34	0.5605	0.5605	0.001	0.001	Positive
edge_330	Sg_CA13_9	Sg_CA11_3	0.507	0.507	0.001	0.001	Positive
edge_331	Sg_CA25_14	Gp_MJ2_113	-0.4957	0.4957	0.001	0.001	Negative
edge_332	Sg_CA25_14	Gp_MJ3_477	-0.5049	0.5049	0.001	0.001	Negative
edge_333	Sg_CA25_14	Gp_meta27_511	-0.4387	0.4387	0.001	0.001	Negative
edge_334	Sg_CA25_14	Sg_B07_50	0.4476	0.4476	0.001	0.001	Positive
edge_335	Sg_CA25_14	Sg_B15_23	-0.4192	0.4192	0.001	0.001	Negative
edge_336	Sg_CA25_14	Sg_B26_35	0.4783	0.4783	0.001	0.001	Positive
edge_337	Sg_CA25_14	Sg_B26_4	0.4916	0.4916	0.001	0.001	Positive
edge_338	Sg_CA25_21	Gp_MJ1_12	-0.4307	0.4307	0.001	0.001	Negative
edge_339	Sg_CA25_21	Gp_MJ2_113	0.6089	0.6089	0.001	0.001	Positive
edge_340	Sg_CA25_21	Sg_B07_12	0.5798	0.5798	0.001	0.001	Positive
edge_341	Sg_CA25_21	Sg_B07_53	0.6595	0.6595	0.001	0.001	Positive
edge_342	Sg_CA25_21	Sg_B07_62	0.7168	0.7168	0.001	0.001	Positive
edge_343	Sg_CA25_21	Sg_B14_13	0.5722	0.5722	0.001	0.001	Positive
edge_344	Sg_CA25_21	Sg_B15_23	0.6797	0.6797	0.001	0.001	Positive
edge_345	Sg_CA25_21	Sg_CA11_52	-0.453	0.453	0.001	0.001	Negative
edge_346	Sg_CA40A_55	Sg_B07_50	0.4323	0.4323	0.001	0.001	Positive
edge_347	Sg_CA40A_55	Sg_B26_35	0.4895	0.4895	0.001	0.001	Positive
edge_348	Sg_CA9_20	Gp_MJ1_12	0.5601	0.5601	0.001	0.001	Positive
edge_349	Sg_CA9_20	Gp_MJ1_149	0.3906	0.3906	0.001	0.001	Positive
edge_350	Sg_CA9_20	Gp_MJ1_444	0.5813	0.5813	0.001	0.001	Positive
edge_351	Sg_CA9_20	Gp_NH_148	0.4079	0.4079	0.001	0.001	Positive
edge_352	Sg_CA9_20	Sg_A11_10	0.4993	0.4993	0.001	0.001	Positive
edge_353	Sg_CA9_20	Sg_A17_17	0.4696	0.4696	0.001	0.001	Positive
edge_354	Sg_CA9_20	Sg_A19_18	0.4543	0.4543	0.001	0.001	Positive
edge_355	Sg_CA9_20	Sg_A19_51	0.4466	0.4466	0.001	0.001	Positive
edge_356	Sg_CA9_20	Sg_A22_19	0.4739	0.4739	0.001	0.001	Positive
edge_357	Sg_CA9_20	Sg_A22_3	0.4746	0.4746	0.001	0.001	Positive
edge_358	Sg_CA9_20	Sg_A22_8	0.6149	0.6149	0.001	0.001	Positive
edge_359	Sg_CA9_20	Sg_B15_35	0.4639	0.4639	0.001	0.001	Positive
edge_360	Sg_CB03_1	Sg_B23_42	-0.457	0.457	0.001	0.001	Negative
edge_361	Sg_CB03_2	Sg_A19_51	0.4225	0.4225	0.001	0.001	Positive
edge_362	Sg_CB03_2	Sg_B07_38	0.4967	0.4967	0.001	0.001	Positive
edge_363	Sg_CB03_2	Sg_CB03_1	0.4173	0.4173	0.001	0.001	Positive
edge_364	Sg_CB03_44	Gp_MJ4_65	0.6608	0.6608	0.001	0.001	Positive
edge_365	Sg_CB03_44	Sg_A11_12	0.3971	0.3971	0.001	0.001	Positive
edge_366	Sg_CB03_44	Sg_A19_11	0.5269	0.5269	0.001	0.001	Positive
edge_367	Sg_CB03_44	Sg_A19_36	0.7754	0.7754	0.001	0.001	Positive
edge_368	Sg_CB03_44	Sg_B15_22	0.5068	0.5068	0.001	0.001	Positive
edge_369	Sg_CB03_47	Sg_A19_18	0.4482	0.4482	0.001	0.001	Positive
edge_370	Sg_CB03_47	Sg_A20_2	-0.4121	0.4121	0.001	0.001	Negative
edge_371	Sg_CB03_47	Sg_A22_8	0.4083	0.4083	0.001	0.001	Positive
edge_372	Sg_CB03_47	Sg_B07_12	-0.5035	0.5035	0.001	0.001	Negative
edge_373	Sg_CB03_47	Sg_B07_53	-0.4628	0.4628	0.001	0.001	Negative
edge_374	Sg_CB03_47	Sg_B14_13	-0.4202	0.4202	0.001	0.001	Negative
edge_375	Sg_CB03_47	Sg_B15_23	-0.4467	0.4467	0.001	0.001	Negative
edge_376	Sg_CD22A_27	Sg_A07_40	0.4578	0.4578	0.001	0.001	Positive
edge_377	Sg_CD23A_20	Gp_MJ1_12	0.6037	0.6037	0.001	0.001	Positive
edge_378	Sg_CD23A_20	Gp_MJ1_272	0.536	0.536	0.001	0.001	Positive
edge_379	Sg_CD23A_20	Gp_MJ1_444	0.663	0.663	0.001	0.001	Positive
edge_380	Sg_CD23A_20	Gp_MJ4_65	0.4197	0.4197	0.001	0.001	Positive
edge_381	Sg_CD23A_20	Gp_YAB_333	-0.5712	0.5712	0.001	0.001	Negative
edge_382	Sg_CD23A_20	Sg_A11_10	0.5704	0.5704	0.001	0.001	Positive
edge_383	Sg_CD23A_20	Sg_A17_17	0.6672	0.6672	0.001	0.001	Positive
edge_384	Sg_CD23A_20	Sg_A19_12	0.5548	0.5548	0.001	0.001	Positive
edge_385	Sg_CD23A_20	Sg_A19_18	0.7855	0.7855	0.001	0.001	Positive
edge_386	Sg_CD23A_20	Sg_A19_51	0.6806	0.6806	0.001	0.001	Positive
edge_387	Sg_CD23A_20	Sg_A20_2	-0.556	0.556	0.001	0.001	Negative
edge_388	Sg_CD23A_20	Sg_A20_35	-0.4456	0.4456	0.001	0.001	Negative
edge_389	Sg_CD23A_20	Sg_A22_19	0.473	0.473	0.001	0.001	Positive
edge_390	Sg_CD23A_20	Sg_A22_3	0.5996	0.5996	0.001	0.001	Positive
edge_391	Sg_CD23A_20	Sg_A22_8	0.7085	0.7085	0.001	0.001	Positive
edge_392	Sg_CD23A_20	Sg_A27_23	-0.4972	0.4972	0.001	0.001	Negative
edge_393	Sg_CD23A_20	Sg_A27_31	0.4541	0.4541	0.001	0.001	Positive
edge_394	Sg_CD23A_20	Sg_A28_8	-0.4868	0.4868	0.001	0.001	Negative
edge_395	Sg_CD23A_20	Sg_B03_29	-0.5595	0.5595	0.001	0.001	Negative
edge_396	Sg_CD23A_20	Sg_B15_35	0.5874	0.5874	0.001	0.001	Positive
edge_397	Sg_CD23A_20	Sg_B15_52	0.5537	0.5537	0.001	0.001	Positive
edge_398	Sg_CD23A_20	Sg_B25_10	0.4727	0.4727	0.001	0.001	Positive
edge_399	Sg_CD23A_20	Sg_CA11_52	0.4911	0.4911	0.001	0.001	Positive
edge_400	Sg_CD23A_20	Sg_CA9_20	0.5329	0.5329	0.001	0.001	Positive
edge_401	Sg_CD23A_20	Sg_CB03_2	0.3774	0.3774	0.001	0.001	Positive
edge_402	Sg_CD23A_20	Sg_CB03_47	0.4308	0.4308	0.001	0.001	Positive
edge_403	Sg_CD23A_32	Gp_MJ1_12	-0.3797	0.3797	0.001	0.001	Negative
edge_404	Sg_CD23A_32	Gp_MJ2_113	0.555	0.555	0.001	0.001	Positive
edge_405	Sg_CD23A_32	Gp_MJ3_477	0.4575	0.4575	0.001	0.001	Positive
edge_406	Sg_CD23A_32	Gp_meta27_16	-0.4623	0.4623	0.001	0.001	Negative
edge_407	Sg_CD23A_32	Sg_B07_53	0.3838	0.3838	0.001	0.001	Positive
edge_408	Sg_CD23A_32	Sg_B07_62	0.5043	0.5043	0.001	0.001	Positive
edge_409	Sg_CD23A_32	Sg_B14_13	0.4337	0.4337	0.001	0.001	Positive
edge_410	Sg_CD23A_32	Sg_B15_23	0.472	0.472	0.001	0.001	Positive
edge_411	Sg_CD24A_10	Gp_MJ2_113	0.6338	0.6338	0.001	0.001	Positive
edge_412	Sg_CD24A_10	Gp_MJ3_477	0.4702	0.4702	0.001	0.001	Positive
edge_413	Sg_CD24A_10	Sg_B07_12	0.5812	0.5812	0.001	0.001	Positive
edge_414	Sg_CD24A_10	Sg_B07_53	0.5302	0.5302	0.001	0.001	Positive
edge_415	Sg_CD24A_10	Sg_B07_62	0.5446	0.5446	0.001	0.001	Positive
edge_416	Sg_CD24A_10	Sg_B08_36	0.4977	0.4977	0.001	0.001	Positive
edge_417	Sg_CD24A_10	Sg_B14_13	0.6387	0.6387	0.001	0.001	Positive
edge_418	Sg_CD24A_10	Sg_B15_23	0.6306	0.6306	0.001	0.001	Positive
edge_419	Sg_CD24A_10	Sg_CA25_21	0.6432	0.6432	0.001	0.001	Positive
edge_420	Sg_CD25A_53	Gp_MJ1_12	-0.4644	0.4644	0.001	0.001	Negative
edge_421	Sg_CD25A_53	Gp_MJ1_272	-0.4655	0.4655	0.001	0.001	Negative
edge_422	Sg_CD25A_53	Gp_MJ1_444	-0.6038	0.6038	0.001	0.001	Negative
edge_423	Sg_CD25A_53	Gp_MJ4_65	-0.3844	0.3844	0.001	0.001	Negative
edge_424	Sg_CD25A_53	Gp_YAB_333	0.6606	0.6606	0.001	0.001	Positive
edge_425	Sg_CD25A_53	Sg_A11_10	-0.4924	0.4924	0.001	0.001	Negative
edge_426	Sg_CD25A_53	Sg_A17_17	-0.5467	0.5467	0.001	0.001	Negative
edge_427	Sg_CD25A_53	Sg_A19_12	-0.5147	0.5147	0.001	0.001	Negative
edge_428	Sg_CD25A_53	Sg_A19_18	-0.4557	0.4557	0.001	0.001	Negative
edge_429	Sg_CD25A_53	Sg_A19_51	-0.5109	0.5109	0.001	0.001	Negative
edge_430	Sg_CD25A_53	Sg_A20_2	0.6464	0.6464	0.001	0.001	Positive
edge_431	Sg_CD25A_53	Sg_A20_35	0.6313	0.6313	0.001	0.001	Positive
edge_432	Sg_CD25A_53	Sg_A22_19	-0.454	0.454	0.001	0.001	Negative
edge_433	Sg_CD25A_53	Sg_A22_3	-0.4555	0.4555	0.001	0.001	Negative
edge_434	Sg_CD25A_53	Sg_A22_8	-0.5557	0.5557	0.001	0.001	Negative
edge_435	Sg_CD25A_53	Sg_A27_23	0.709	0.709	0.001	0.001	Positive
edge_436	Sg_CD25A_53	Sg_A27_31	-0.4654	0.4654	0.001	0.001	Negative
edge_437	Sg_CD25A_53	Sg_A28_8	0.5335	0.5335	0.001	0.001	Positive
edge_438	Sg_CD25A_53	Sg_B03_29	0.4254	0.4254	0.001	0.001	Positive
edge_439	Sg_CD25A_53	Sg_B07_12	0.56	0.56	0.001	0.001	Positive
edge_440	Sg_CD25A_53	Sg_B07_38	-0.4127	0.4127	0.001	0.001	Negative
edge_441	Sg_CD25A_53	Sg_B15_35	-0.4823	0.4823	0.001	0.001	Negative
edge_442	Sg_CD25A_53	Sg_B15_52	-0.472	0.472	0.001	0.001	Negative
edge_443	Sg_CD25A_53	Sg_C04_33	0.545	0.545	0.001	0.001	Positive
edge_444	Sg_CD25A_53	Sg_CA11_52	-0.5167	0.5167	0.001	0.001	Negative
edge_445	Sg_CD25A_53	Sg_CD23A_20	-0.5809	0.5809	0.001	0.001	Negative
edge_446	Sg_CD26A_19	Gp_MJ1_12	-0.4489	0.4489	0.001	0.001	Negative
edge_447	Sg_CD26A_19	Gp_MJ1_444	-0.4893	0.4893	0.001	0.001	Negative
edge_448	Sg_CD26A_19	Gp_MJ4_65	-0.5221	0.5221	0.001	0.001	Negative
edge_449	Sg_CD26A_19	Gp_YAB_333	0.4285	0.4285	0.001	0.001	Positive
edge_450	Sg_CD26A_19	Sg_A11_10	-0.4241	0.4241	0.001	0.001	Negative
edge_451	Sg_CD26A_19	Sg_A19_11	-0.4505	0.4505	0.001	0.001	Negative
edge_452	Sg_CD26A_19	Sg_A20_2	0.5432	0.5432	0.001	0.001	Positive
edge_453	Sg_CD26A_19	Sg_A22_3	-0.3766	0.3766	0.001	0.001	Negative
edge_454	Sg_CD26A_19	Sg_A27_31	-0.4122	0.4122	0.001	0.001	Negative
edge_455	Sg_CD26A_19	Sg_B03_29	0.4349	0.4349	0.001	0.001	Positive
edge_456	Sg_CD26A_19	Sg_B07_12	0.6616	0.6616	0.001	0.001	Positive
edge_457	Sg_CD26A_19	Sg_B07_53	0.4679	0.4679	0.001	0.001	Positive
edge_458	Sg_CD26A_19	Sg_B07_62	0.4942	0.4942	0.001	0.001	Positive
edge_459	Sg_CD26A_19	Sg_B14_13	0.505	0.505	0.001	0.001	Positive
edge_460	Sg_CD26A_19	Sg_B15_22	-0.5668	0.5668	0.001	0.001	Negative
edge_461	Sg_CD26A_19	Sg_B15_23	0.48	0.48	0.001	0.001	Positive
edge_462	Sg_CD26A_19	Sg_B15_35	-0.398	0.398	0.001	0.001	Negative
edge_463	Sg_CD26A_19	Sg_CA11_52	-0.5856	0.5856	0.001	0.001	Negative
edge_464	Sg_CD26A_19	Sg_CA25_21	0.6154	0.6154	0.001	0.001	Positive
edge_465	Sg_CD26A_19	Sg_CB03_47	-0.5156	0.5156	0.001	0.001	Negative
edge_466	Sg_CD26A_19	Sg_CD23A_20	-0.449	0.449	0.001	0.001	Negative
edge_467	Sg_CD26A_19	Sg_CD24A_10	0.5604	0.5604	0.001	0.001	Positive
edge_468	Sg_CD26A_19	Sg_CD25A_53	0.5053	0.5053	0.001	0.001	Positive
edge_469	Sg_CD27A_46	Gp_MJ1_444	0.4011	0.4011	0.001	0.001	Positive
edge_470	Sg_CD27A_46	Gp_MJ4_197	0.3941	0.3941	0.001	0.001	Positive
edge_471	Sg_CD27A_46	Gp_YAB_333	-0.553	0.553	0.001	0.001	Negative
edge_472	Sg_CD27A_46	Sg_A15_26	0.4019	0.4019	0.001	0.001	Positive
edge_473	Sg_CD27A_46	Sg_A17_17	0.4426	0.4426	0.001	0.001	Positive
edge_474	Sg_CD27A_46	Sg_A19_18	0.5169	0.5169	0.001	0.001	Positive
edge_475	Sg_CD27A_46	Sg_A20_2	-0.4257	0.4257	0.001	0.001	Negative
edge_476	Sg_CD27A_46	Sg_A22_3	0.4171	0.4171	0.001	0.001	Positive
edge_477	Sg_CD27A_46	Sg_A27_23	-0.4393	0.4393	0.001	0.001	Negative
edge_478	Sg_CD27A_46	Sg_A28_8	-0.3615	0.3615	0.001	0.001	Negative
edge_479	Sg_CD27A_46	Sg_B07_12	-0.5403	0.5403	0.001	0.001	Negative
edge_480	Sg_CD27A_46	Sg_B14_13	-0.4009	0.4009	0.001	0.001	Negative
edge_481	Sg_CD27A_46	Sg_B15_22	0.4124	0.4124	0.001	0.001	Positive
edge_482	Sg_CD27A_46	Sg_B15_35	0.5232	0.5232	0.001	0.001	Positive
edge_483	Sg_CD27A_46	Sg_B15_52	0.4126	0.4126	0.001	0.001	Positive
edge_484	Sg_CD27A_46	Sg_B25_10	0.4118	0.4118	0.001	0.001	Positive
edge_485	Sg_CD27A_46	Sg_CA11_52	0.4177	0.4177	0.001	0.001	Positive
edge_486	Sg_CD27A_46	Sg_CD23A_20	0.4972	0.4972	0.001	0.001	Positive
edge_487	Sg_CD27A_46	Sg_CD25A_53	-0.4393	0.4393	0.001	0.001	Negative
edge_488	Sg_CD30A_34	Gp_MJ1_12	-0.5685	0.5685	0.001	0.001	Negative
edge_489	Sg_CD30A_34	Gp_MJ1_444	-0.4452	0.4452	0.001	0.001	Negative
edge_490	Sg_CD30A_34	Gp_MJ2_113	0.6793	0.6793	0.001	0.001	Positive
edge_491	Sg_CD30A_34	Gp_MJ3_477	0.5646	0.5646	0.001	0.001	Positive
edge_492	Sg_CD30A_34	Sg_A19_18	-0.3793	0.3793	0.001	0.001	Negative
edge_493	Sg_CD30A_34	Sg_A27_31	-0.3978	0.3978	0.001	0.001	Negative
edge_494	Sg_CD30A_34	Sg_B07_12	0.6627	0.6627	0.001	0.001	Positive
edge_495	Sg_CD30A_34	Sg_B07_53	0.7153	0.7153	0.001	0.001	Positive
edge_496	Sg_CD30A_34	Sg_B07_62	0.7661	0.7661	0.001	0.001	Positive
edge_497	Sg_CD30A_34	Sg_B08_36	0.6654	0.6654	0.001	0.001	Positive
edge_498	Sg_CD30A_34	Sg_B14_13	0.654	0.654	0.001	0.001	Positive
edge_499	Sg_CD30A_34	Sg_B15_23	0.8612	0.8612	0.001	0.001	Positive
edge_500	Sg_CD30A_34	Sg_CA13_9	-0.4791	0.4791	0.001	0.001	Negative
edge_501	Sg_CD30A_34	Sg_CA25_21	0.7147	0.7147	0.001	0.001	Positive
edge_502	Sg_CD30A_34	Sg_CA9_20	-0.3935	0.3935	0.001	0.001	Negative
edge_503	Sg_CD30A_34	Sg_CB03_47	-0.4682	0.4682	0.001	0.001	Negative
edge_504	Sg_CD30A_34	Sg_CD23A_32	0.4646	0.4646	0.001	0.001	Positive
edge_505	Sg_CD30A_34	Sg_CD24A_10	0.6353	0.6353	0.001	0.001	Positive
edge_506	Sg_CD30A_34	Sg_CD26A_19	0.5429	0.5429	0.001	0.001	Positive
edge_507	Sg_CE19A_15	Sg_A11_10	-0.3792	0.3792	0.001	0.001	Negative
edge_508	Sg_CE19A_15	Sg_A22_8	-0.425	0.425	0.001	0.001	Negative
edge_509	Sg_CE19A_15	Sg_B07_12	0.5256	0.5256	0.001	0.001	Positive
edge_510	Sg_CE19A_15	Sg_B14_13	0.4995	0.4995	0.001	0.001	Positive
edge_511	Sg_CE19A_15	Sg_CA25_21	0.4692	0.4692	0.001	0.001	Positive
edge_512	Sg_CE19A_15	Sg_CD24A_10	0.4718	0.4718	0.001	0.001	Positive
edge_513	Sg_CE19A_15	Sg_CD26A_19	0.5763	0.5763	0.001	0.001	Positive
edge_514	Sg_CE19A_15	Sg_CD27A_46	-0.395	0.395	0.001	0.001	Negative
edge_515	Sg_CE19A_15	Sg_CD30A_34	0.4303	0.4303	0.001	0.001	Positive
edge_516	Sg_CE19A_24	Gp_MJ2_113	0.5235	0.5235	0.001	0.001	Positive
edge_517	Sg_CE19A_24	Gp_MJ3_477	0.5764	0.5764	0.001	0.001	Positive
edge_518	Sg_CE19A_24	Gp_meta27_16	-0.4044	0.4044	0.001	0.001	Negative
edge_519	Sg_CE19A_24	Sg_B07_53	0.4556	0.4556	0.001	0.001	Positive
edge_520	Sg_CE19A_24	Sg_B07_62	0.5271	0.5271	0.001	0.001	Positive
edge_521	Sg_CE19A_24	Sg_B08_36	0.5273	0.5273	0.001	0.001	Positive
edge_522	Sg_CE19A_24	Sg_B14_13	0.6088	0.6088	0.001	0.001	Positive
edge_523	Sg_CE19A_24	Sg_B15_23	0.6573	0.6573	0.001	0.001	Positive
edge_524	Sg_CE19A_24	Sg_CA13_9	-0.3823	0.3823	0.001	0.001	Negative
edge_525	Sg_CE19A_24	Sg_CA25_21	0.4221	0.4221	0.001	0.001	Positive
edge_526	Sg_CE19A_24	Sg_CD23A_32	0.49	0.49	0.001	0.001	Positive
edge_527	Sg_CE19A_24	Sg_CD30A_34	0.6028	0.6028	0.001	0.001	Positive
edge_528	Sg_CE19A_29	Gp_MJ1_444	-0.4778	0.4778	0.001	0.001	Negative
edge_529	Sg_CE19A_29	Sg_A11_10	-0.3901	0.3901	0.001	0.001	Negative
edge_530	Sg_CE19A_29	Sg_B07_12	0.5906	0.5906	0.001	0.001	Positive
edge_531	Sg_CE19A_29	Sg_B07_53	0.4325	0.4325	0.001	0.001	Positive
edge_532	Sg_CE19A_29	Sg_B07_62	0.6075	0.6075	0.001	0.001	Positive
edge_533	Sg_CE19A_29	Sg_B08_36	0.513	0.513	0.001	0.001	Positive
edge_534	Sg_CE19A_29	Sg_B15_23	0.5515	0.5515	0.001	0.001	Positive
edge_535	Sg_CE19A_29	Sg_CA25_21	0.5449	0.5449	0.001	0.001	Positive
edge_536	Sg_CE19A_29	Sg_CD23A_20	-0.445	0.445	0.001	0.001	Negative
edge_537	Sg_CE19A_29	Sg_CD24A_10	0.3872	0.3872	0.001	0.001	Positive
edge_538	Sg_CE19A_29	Sg_CD26A_19	0.4885	0.4885	0.001	0.001	Positive
edge_539	Sg_CE19A_29	Sg_CD27A_46	-0.4134	0.4134	0.001	0.001	Negative
edge_540	Sg_CE19A_29	Sg_CD30A_34	0.5932	0.5932	0.001	0.001	Positive
edge_541	Sg_CE19A_29	Sg_CE19A_15	0.4028	0.4028	0.001	0.001	Positive
edge_542	Sg_CE19A_36	Gp_MJ1_272	0.4843	0.4843	0.001	0.001	Positive
edge_543	Sg_CE19A_36	Gp_MJ1_444	0.5568	0.5568	0.001	0.001	Positive
edge_544	Sg_CE19A_36	Gp_MJ3_477	0.5521	0.5521	0.001	0.001	Positive
edge_545	Sg_CE19A_36	Gp_YAB_333	-0.6	0.6	0.001	0.001	Negative
edge_546	Sg_CE19A_36	Sg_A07_40	0.3712	0.3712	0.001	0.001	Positive
edge_547	Sg_CE19A_36	Sg_A11_10	0.4916	0.4916	0.001	0.001	Positive
edge_548	Sg_CE19A_36	Sg_A17_17	0.6975	0.6975	0.001	0.001	Positive
edge_549	Sg_CE19A_36	Sg_A19_12	0.7731	0.7731	0.001	0.001	Positive
edge_550	Sg_CE19A_36	Sg_A19_18	0.5981	0.5981	0.001	0.001	Positive
edge_551	Sg_CE19A_36	Sg_A19_51	0.7618	0.7618	0.001	0.001	Positive
edge_552	Sg_CE19A_36	Sg_A20_2	-0.5178	0.5178	0.001	0.001	Negative
edge_553	Sg_CE19A_36	Sg_A20_35	-0.5433	0.5433	0.001	0.001	Negative
edge_554	Sg_CE19A_36	Sg_A22_19	0.5859	0.5859	0.001	0.001	Positive
edge_555	Sg_CE19A_36	Sg_A22_3	0.5586	0.5586	0.001	0.001	Positive
edge_556	Sg_CE19A_36	Sg_A22_8	0.5471	0.5471	0.001	0.001	Positive
edge_557	Sg_CE19A_36	Sg_A27_23	-0.522	0.522	0.001	0.001	Negative
edge_558	Sg_CE19A_36	Sg_A28_8	-0.63	0.63	0.001	0.001	Negative
edge_559	Sg_CE19A_36	Sg_B03_29	-0.5781	0.5781	0.001	0.001	Negative
edge_560	Sg_CE19A_36	Sg_B03_38	-0.4611	0.4611	0.001	0.001	Negative
edge_561	Sg_CE19A_36	Sg_B07_38	0.5814	0.5814	0.001	0.001	Positive
edge_562	Sg_CE19A_36	Sg_B15_35	0.5282	0.5282	0.001	0.001	Positive
edge_563	Sg_CE19A_36	Sg_B15_52	0.6697	0.6697	0.001	0.001	Positive
edge_564	Sg_CE19A_36	Sg_B25_10	0.4892	0.4892	0.001	0.001	Positive
edge_565	Sg_CE19A_36	Sg_B26_35	-0.5034	0.5034	0.001	0.001	Negative
edge_566	Sg_CE19A_36	Sg_C04_33	-0.4875	0.4875	0.001	0.001	Negative
edge_567	Sg_CE19A_36	Sg_CA40A_55	-0.4255	0.4255	0.001	0.001	Negative
edge_568	Sg_CE19A_36	Sg_CA9_20	0.4452	0.4452	0.001	0.001	Positive
edge_569	Sg_CE19A_36	Sg_CD23A_20	0.7813	0.7813	0.001	0.001	Positive
edge_570	Sg_CE19A_36	Sg_CD25A_53	-0.6188	0.6188	0.001	0.001	Negative
edge_571	Sg_CE19A_36	Sg_CD27A_46	0.4412	0.4412	0.001	0.001	Positive
edge_572	Sg_CG50A_22	Sg_A15_26	0.5054	0.5054	0.001	0.001	Positive
edge_573	Sg_CG50A_22	Sg_A19_18	0.5169	0.5169	0.001	0.001	Positive
edge_574	Sg_CG50A_22	Sg_CD23A_20	0.4955	0.4955	0.001	0.001	Positive
edge_575	Sg_CG50A_49	Gp_MJ1_149	-0.4378	0.4378	0.001	0.001	Negative
edge_576	Sg_CG50A_49	Gp_MJ1_444	-0.4239	0.4239	0.001	0.001	Negative
edge_577	Sg_CG50A_49	Gp_YAB_333	0.7348	0.7348	0.001	0.001	Positive
edge_578	Sg_CG50A_49	Sg_A17_17	-0.515	0.515	0.001	0.001	Negative
edge_579	Sg_CG50A_49	Sg_A19_11	-0.414	0.414	0.001	0.001	Negative
edge_580	Sg_CG50A_49	Sg_A19_12	-0.5238	0.5238	0.001	0.001	Negative
edge_581	Sg_CG50A_49	Sg_A19_18	-0.4736	0.4736	0.001	0.001	Negative
edge_582	Sg_CG50A_49	Sg_A19_51	-0.618	0.618	0.001	0.001	Negative
edge_583	Sg_CG50A_49	Sg_A20_2	0.6233	0.6233	0.001	0.001	Positive
edge_584	Sg_CG50A_49	Sg_A20_35	0.6623	0.6623	0.001	0.001	Positive
edge_585	Sg_CG50A_49	Sg_A22_19	-0.4443	0.4443	0.001	0.001	Negative
edge_586	Sg_CG50A_49	Sg_A22_8	-0.4927	0.4927	0.001	0.001	Negative
edge_587	Sg_CG50A_49	Sg_A27_23	0.7405	0.7405	0.001	0.001	Positive
edge_588	Sg_CG50A_49	Sg_A28_8	0.7701	0.7701	0.001	0.001	Positive
edge_589	Sg_CG50A_49	Sg_B03_29	0.4224	0.4224	0.001	0.001	Positive
edge_590	Sg_CG50A_49	Sg_B07_12	0.393	0.393	0.001	0.001	Positive
edge_591	Sg_CG50A_49	Sg_B07_38	-0.4568	0.4568	0.001	0.001	Negative
edge_592	Sg_CG50A_49	Sg_B15_22	-0.421	0.421	0.001	0.001	Negative
edge_593	Sg_CG50A_49	Sg_B15_35	-0.397	0.397	0.001	0.001	Negative
edge_594	Sg_CG50A_49	Sg_B15_52	-0.5113	0.5113	0.001	0.001	Negative
edge_595	Sg_CG50A_49	Sg_B25_10	-0.3718	0.3718	0.001	0.001	Negative
edge_596	Sg_CG50A_49	Sg_C04_33	0.3872	0.3872	0.001	0.001	Positive
edge_597	Sg_CG50A_49	Sg_CD23A_20	-0.5359	0.5359	0.001	0.001	Negative
edge_598	Sg_CG50A_49	Sg_CD25A_53	0.7037	0.7037	0.001	0.001	Positive
edge_599	Sg_CG50A_49	Sg_CD26A_19	0.405	0.405	0.001	0.001	Positive
edge_600	Sg_CG50A_49	Sg_CD27A_46	-0.5222	0.5222	0.001	0.001	Negative
edge_601	Sg_CG50A_49	Sg_CE19A_36	-0.6452	0.6452	0.001	0.001	Negative
edge_602	Sg_CG50A_74	Gp_YAB_339	0.7991	0.7991	0.001	0.001	Positive
edge_603	Sg_CG50A_74	Gp_meta27_511	0.4974	0.4974	0.001	0.001	Positive
edge_604	Sg_CG50A_74	Sg_A11_12	0.9036	0.9036	0.001	0.001	Positive
edge_605	Sg_CG50A_74	Sg_A11_2	0.9197	0.9197	0.001	0.001	Positive
edge_606	Sg_CG50A_74	Sg_A19_36	0.3735	0.3735	0.001	0.001	Positive
edge_607	Sg_CG50A_74	Sg_B25_38	0.8326	0.8326	0.001	0.001	Positive
edge_608	Sg_CG50A_74	Sg_C03_36	0.7455	0.7455	0.001	0.001	Positive
edge_609	Sg_CG50A_74	Sg_CA9_20	-0.4254	0.4254	0.001	0.001	Negative
edge_610	Sg_CK05A_18	Gp_MJ1_12	-0.5115	0.5115	0.001	0.001	Negative
edge_611	Sg_CK05A_18	Gp_MJ2_113	0.6756	0.6756	0.001	0.001	Positive
edge_612	Sg_CK05A_18	Gp_MJ3_477	0.5819	0.5819	0.001	0.001	Positive
edge_613	Sg_CK05A_18	Gp_meta27_16	-0.4788	0.4788	0.001	0.001	Negative
edge_614	Sg_CK05A_18	Sg_A27_31	-0.4221	0.4221	0.001	0.001	Negative
edge_615	Sg_CK05A_18	Sg_B07_12	0.6544	0.6544	0.001	0.001	Positive
edge_616	Sg_CK05A_18	Sg_B07_53	0.6632	0.6632	0.001	0.001	Positive
edge_617	Sg_CK05A_18	Sg_B07_62	0.7665	0.7665	0.001	0.001	Positive
edge_618	Sg_CK05A_18	Sg_B08_36	0.5443	0.5443	0.001	0.001	Positive
edge_619	Sg_CK05A_18	Sg_B14_13	0.7176	0.7176	0.001	0.001	Positive
edge_620	Sg_CK05A_18	Sg_B15_23	0.8053	0.8053	0.001	0.001	Positive
edge_621	Sg_CK05A_18	Sg_CA13_9	-0.473	0.473	0.001	0.001	Negative
edge_622	Sg_CK05A_18	Sg_CA25_21	0.6855	0.6855	0.001	0.001	Positive
edge_623	Sg_CK05A_18	Sg_CB03_47	-0.4276	0.4276	0.001	0.001	Negative
edge_624	Sg_CK05A_18	Sg_CD23A_32	0.4713	0.4713	0.001	0.001	Positive
edge_625	Sg_CK05A_18	Sg_CD24A_10	0.6491	0.6491	0.001	0.001	Positive
edge_626	Sg_CK05A_18	Sg_CD26A_19	0.5098	0.5098	0.001	0.001	Positive
edge_627	Sg_CK05A_18	Sg_CD30A_34	0.818	0.818	0.001	0.001	Positive
edge_628	Sg_CK05A_18	Sg_CE19A_15	0.5424	0.5424	0.001	0.001	Positive
edge_629	Sg_CK05A_18	Sg_CE19A_24	0.571	0.571	0.001	0.001	Positive
edge_630	Sg_CK05A_18	Sg_CE19A_29	0.5054	0.5054	0.001	0.001	Positive
edge_631	Sg_CK05A_21	Sg_A15_26	0.4353	0.4353	0.001	0.001	Positive
edge_632	Sg_CK05A_21	Sg_CG50A_22	0.492	0.492	0.001	0.001	Positive
edge_633	Sg_CK05A_46	Sg_A37_36	0.4465	0.4465	0.001	0.001	Positive
edge_634	Sg_CK05A_46	Sg_B14_1	-0.3971	0.3971	0.001	0.001	Negative
edge_635	Sg_CK05A_46	Sg_C04_33	0.4546	0.4546	0.001	0.001	Positive
edge_636	Sg_CK05A_46	Sg_CE19A_24	0.4192	0.4192	0.001	0.001	Positive
edge_637	Sg_CK05A_56	Gp_MJ3_477	0.4769	0.4769	0.001	0.001	Positive
edge_638	Sg_CK05A_56	Sg_A22_3	0.4403	0.4403	0.001	0.001	Positive
edge_639	Sg_CK28A_36	Sg_A19_12	0.6482	0.6482	0.001	0.001	Positive
edge_640	Sg_CK28A_36	Sg_A19_51	0.5306	0.5306	0.001	0.001	Positive
edge_641	Sg_CK28A_36	Sg_A28_8	-0.4793	0.4793	0.001	0.001	Negative
edge_642	Sg_CK28A_36	Sg_B07_38	0.4431	0.4431	0.001	0.001	Positive
edge_643	Sg_CK28A_36	Sg_B07_62	0.4303	0.4303	0.001	0.001	Positive
edge_644	Sg_CK28A_36	Sg_B15_23	0.3764	0.3764	0.001	0.001	Positive
edge_645	Sg_CK28A_36	Sg_B26_35	-0.4797	0.4797	0.001	0.001	Negative
edge_646	Sg_CK28A_36	Sg_CA25_21	0.4443	0.4443	0.001	0.001	Positive
edge_647	Sg_CK28A_36	Sg_CE19A_24	0.4675	0.4675	0.001	0.001	Positive
edge_648	Sg_CK28A_36	Sg_CE19A_36	0.5976	0.5976	0.001	0.001	Positive
edge_649	Sg_CK28A_36	Sg_CG50A_22	0.4775	0.4775	0.001	0.001	Positive
edge_650	Sg_CK28A_36	Sg_CG50A_49	-0.4197	0.4197	0.001	0.001	Negative
edge_651	Sg_CK28A_47	Sg_A22_19	-0.4192	0.4192	0.001	0.001	Negative
edge_652	Sg_CK51A_47	Gp_MJ3_477	0.4787	0.4787	0.001	0.001	Positive
edge_653	Sg_CK51A_47	Sg_B03_38	-0.4534	0.4534	0.001	0.001	Negative
edge_654	Sg_CK51A_47	Sg_B14_13	0.3978	0.3978	0.001	0.001	Positive
edge_655	Sg_CK51A_47	Sg_B19_40	-0.4218	0.4218	0.001	0.001	Negative
edge_656	Sg_CK51A_47	Sg_B26_38	0.5303	0.5303	0.001	0.001	Positive
edge_657	Sg_CK51A_47	Sg_CE19A_24	0.5385	0.5385	0.001	0.001	Positive
edge_658	Sg_CK51A_47	Sg_CE19A_36	0.4702	0.4702	0.001	0.001	Positive
edge_659	Sg_CK51A_47	Sg_CK05A_46	0.4668	0.4668	0.001	0.001	Positive
edge_660	Sg_CK51A_47	Sg_CK28A_36	0.4969	0.4969	0.001	0.001	Positive
edge_661	Sg_CK52A_43	Sg_B03_29	0.4438	0.4438	0.001	0.001	Positive
edge_662	Sg_CK52A_43	Sg_B03_38	0.4083	0.4083	0.001	0.001	Positive
edge_663	Sg_CK52A_43	Sg_B07_50	0.4183	0.4183	0.001	0.001	Positive
edge_664	Sg_CK52A_43	Sg_B15_35	-0.4116	0.4116	0.001	0.001	Negative
edge_665	Sg_CK52A_43	Sg_B25_10	-0.3785	0.3785	0.001	0.001	Negative
edge_666	Sg_CK52A_43	Sg_C04_33	0.4167	0.4167	0.001	0.001	Positive
edge_667	Sg_CK52A_43	Sg_CA40A_55	0.3897	0.3897	0.001	0.001	Positive
edge_668	Sg_CK52A_43	Sg_CD28A_40	0.4574	0.4574	0.001	0.001	Positive
edge_669	Sg_CK52A_74	Gp_MJ1_12	-0.4759	0.4759	0.001	0.001	Negative
edge_670	Sg_CK52A_74	Gp_MJ2_113	0.5093	0.5093	0.001	0.001	Positive
edge_671	Sg_CK52A_74	Gp_MJ3_477	0.4534	0.4534	0.001	0.001	Positive
edge_672	Sg_CK52A_74	Sg_B07_53	0.7206	0.7206	0.001	0.001	Positive
edge_673	Sg_CK52A_74	Sg_B07_62	0.6634	0.6634	0.001	0.001	Positive
edge_674	Sg_CK52A_74	Sg_B14_13	0.4892	0.4892	0.001	0.001	Positive
edge_675	Sg_CK52A_74	Sg_B15_23	0.7067	0.7067	0.001	0.001	Positive
edge_676	Sg_CK52A_74	Sg_CA25_21	0.5259	0.5259	0.001	0.001	Positive
edge_677	Sg_CK52A_74	Sg_CD23A_32	0.4791	0.4791	0.001	0.001	Positive
edge_678	Sg_CK52A_74	Sg_CD30A_34	0.6571	0.6571	0.001	0.001	Positive
edge_679	Sg_CK52A_74	Sg_CE19A_24	0.5029	0.5029	0.001	0.001	Positive
edge_680	Sg_CK52A_74	Sg_CK05A_18	0.6197	0.6197	0.001	0.001	Positive
edge_681	Sg_CM17_16	Gp_MJ1_149	-0.3878	0.3878	0.001	0.001	Negative
edge_682	Sg_CM17_16	Gp_YAB_333	0.6696	0.6696	0.001	0.001	Positive
edge_683	Sg_CM17_16	Sg_A17_17	-0.5192	0.5192	0.001	0.001	Negative
edge_684	Sg_CM17_16	Sg_A19_12	-0.5529	0.5529	0.001	0.001	Negative
edge_685	Sg_CM17_16	Sg_A19_18	-0.4732	0.4732	0.001	0.001	Negative
edge_686	Sg_CM17_16	Sg_A19_51	-0.6279	0.6279	0.001	0.001	Negative
edge_687	Sg_CM17_16	Sg_A20_2	0.4606	0.4606	0.001	0.001	Positive
edge_688	Sg_CM17_16	Sg_A20_35	0.668	0.668	0.001	0.001	Positive
edge_689	Sg_CM17_16	Sg_A22_19	-0.4796	0.4796	0.001	0.001	Negative
edge_690	Sg_CM17_16	Sg_A22_8	-0.4656	0.4656	0.001	0.001	Negative
edge_691	Sg_CM17_16	Sg_A27_23	0.6957	0.6957	0.001	0.001	Positive
edge_692	Sg_CM17_16	Sg_A28_8	0.9075	0.9075	0.001	0.001	Positive
edge_693	Sg_CM17_16	Sg_A37_36	-0.4459	0.4459	0.001	0.001	Negative
edge_694	Sg_CM17_16	Sg_B03_29	0.3933	0.3933	0.001	0.001	Positive
edge_695	Sg_CM17_16	Sg_B07_38	-0.4555	0.4555	0.001	0.001	Negative
edge_696	Sg_CM17_16	Sg_B15_52	-0.5418	0.5418	0.001	0.001	Negative
edge_697	Sg_CM17_16	Sg_C02_30	0.5238	0.5238	0.001	0.001	Positive
edge_698	Sg_CM17_16	Sg_CD23A_20	-0.5888	0.5888	0.001	0.001	Negative
edge_699	Sg_CM17_16	Sg_CD25A_53	0.567	0.567	0.001	0.001	Positive
edge_700	Sg_CM17_16	Sg_CD27A_46	-0.4789	0.4789	0.001	0.001	Negative
edge_701	Sg_CM17_16	Sg_CE19A_36	-0.6545	0.6545	0.001	0.001	Negative
edge_702	Sg_CM17_16	Sg_CG50A_49	0.7669	0.7669	0.001	0.001	Positive
edge_703	Sg_CM17_16	Sg_CK28A_36	-0.4453	0.4453	0.001	0.001	Negative
edge_704	Sg_CM17_58	Sg_B26_35	0.4438	0.4438	0.001	0.001	Positive
edge_705	Sg_CM17_58	Sg_CA25_14	0.418	0.418	0.001	0.001	Positive
edge_706	Sg_CM17_7	Gp_MJ1_272	-0.4001	0.4001	0.001	0.001	Negative
edge_707	Sg_CM17_7	Gp_MJ1_444	-0.425	0.425	0.001	0.001	Negative
edge_708	Sg_CM17_7	Gp_MJ4_65	-0.4025	0.4025	0.001	0.001	Negative
edge_709	Sg_CM17_7	Sg_A19_12	-0.4527	0.4527	0.001	0.001	Negative
edge_710	Sg_CM17_7	Sg_A19_51	-0.3862	0.3862	0.001	0.001	Negative
edge_711	Sg_CM17_7	Sg_B03_29	0.602	0.602	0.001	0.001	Positive
edge_712	Sg_CM17_7	Sg_B07_50	0.4504	0.4504	0.001	0.001	Positive
edge_713	Sg_CM17_7	Sg_B15_35	-0.4193	0.4193	0.001	0.001	Negative
edge_714	Sg_CM17_7	Sg_C04_33	0.5339	0.5339	0.001	0.001	Positive
edge_715	Sg_CM17_7	Sg_CA9_20	-0.4103	0.4103	0.001	0.001	Negative
edge_716	Sg_CM17_7	Sg_CD23A_20	-0.3753	0.3753	0.001	0.001	Negative
edge_717	Sg_CM17_7	Sg_CE19A_36	-0.4737	0.4737	0.001	0.001	Negative
edge_718	Sg_CM17_7	Sg_CK52A_43	0.5426	0.5426	0.001	0.001	Positive
edge_719	Sg_CM21_15	Gp_MJ1_12	-0.5434	0.5434	0.001	0.001	Negative
edge_720	Sg_CM21_15	Gp_MJ2_113	0.6386	0.6386	0.001	0.001	Positive
edge_721	Sg_CM21_15	Gp_MJ3_477	0.4785	0.4785	0.001	0.001	Positive
edge_722	Sg_CM21_15	Gp_MJ4_197	-0.4601	0.4601	0.001	0.001	Negative
edge_723	Sg_CM21_15	Gp_meta27_16	-0.5051	0.5051	0.001	0.001	Negative
edge_724	Sg_CM21_15	Sg_A07_40	-0.3606	0.3606	0.001	0.001	Negative
edge_725	Sg_CM21_15	Sg_A22_8	-0.4005	0.4005	0.001	0.001	Negative
edge_726	Sg_CM21_15	Sg_A27_31	-0.5476	0.5476	0.001	0.001	Negative
edge_727	Sg_CM21_15	Sg_A34_5	0.3877	0.3877	0.001	0.001	Positive
edge_728	Sg_CM21_15	Sg_B07_12	0.4794	0.4794	0.001	0.001	Positive
edge_729	Sg_CM21_15	Sg_B07_53	0.5751	0.5751	0.001	0.001	Positive
edge_730	Sg_CM21_15	Sg_B07_62	0.6613	0.6613	0.001	0.001	Positive
edge_731	Sg_CM21_15	Sg_B14_13	0.67	0.67	0.001	0.001	Positive
edge_732	Sg_CM21_15	Sg_B15_23	0.6884	0.6884	0.001	0.001	Positive
edge_733	Sg_CM21_15	Sg_CA13_9	-0.5025	0.5025	0.001	0.001	Negative
edge_734	Sg_CM21_15	Sg_CA25_21	0.5248	0.5248	0.001	0.001	Positive
edge_735	Sg_CM21_15	Sg_CD23A_32	0.4911	0.4911	0.001	0.001	Positive
edge_736	Sg_CM21_15	Sg_CD24A_10	0.449	0.449	0.001	0.001	Positive
edge_737	Sg_CM21_15	Sg_CD26A_19	0.385	0.385	0.001	0.001	Positive
edge_738	Sg_CM21_15	Sg_CD30A_34	0.632	0.632	0.001	0.001	Positive
edge_739	Sg_CM21_15	Sg_CE19A_24	0.4564	0.4564	0.001	0.001	Positive
edge_740	Sg_CM21_15	Sg_CK05A_18	0.7153	0.7153	0.001	0.001	Positive
edge_741	Sg_CM21_15	Sg_CK52A_74	0.5131	0.5131	0.001	0.001	Positive
edge_742	Sg_CM21_57	Gp_MJ2_113	0.6815	0.6815	0.001	0.001	Positive
edge_743	Sg_CM21_57	Gp_MJ3_477	0.6528	0.6528	0.001	0.001	Positive
edge_744	Sg_CM21_57	Sg_B07_12	0.5968	0.5968	0.001	0.001	Positive
edge_745	Sg_CM21_57	Sg_B07_53	0.6728	0.6728	0.001	0.001	Positive
edge_746	Sg_CM21_57	Sg_B07_62	0.6422	0.6422	0.001	0.001	Positive
edge_747	Sg_CM21_57	Sg_B08_36	0.571	0.571	0.001	0.001	Positive
edge_748	Sg_CM21_57	Sg_B14_13	0.6863	0.6863	0.001	0.001	Positive
edge_749	Sg_CM21_57	Sg_B15_23	0.8653	0.8653	0.001	0.001	Positive
edge_750	Sg_CM21_57	Sg_CA13_9	-0.4579	0.4579	0.001	0.001	Negative
edge_751	Sg_CM21_57	Sg_CA25_21	0.6264	0.6264	0.001	0.001	Positive
edge_752	Sg_CM21_57	Sg_CB03_47	-0.4985	0.4985	0.001	0.001	Negative
edge_753	Sg_CM21_57	Sg_CD24A_10	0.5316	0.5316	0.001	0.001	Positive
edge_754	Sg_CM21_57	Sg_CD30A_34	0.7794	0.7794	0.001	0.001	Positive
edge_755	Sg_CM21_57	Sg_CE19A_24	0.6254	0.6254	0.001	0.001	Positive
edge_756	Sg_CM21_57	Sg_CE19A_29	0.5073	0.5073	0.001	0.001	Positive
edge_757	Sg_CM21_57	Sg_CK05A_18	0.7295	0.7295	0.001	0.001	Positive
edge_758	Sg_CM21_57	Sg_CK28A_36	0.4437	0.4437	0.001	0.001	Positive
edge_759	Sg_CM21_57	Sg_CK52A_74	0.6445	0.6445	0.001	0.001	Positive
edge_760	Sg_CM21_57	Sg_CM21_15	0.5778	0.5778	0.001	0.001	Positive
edge_761	Sg_CM29A_16	Sg_A20_2	0.459	0.459	0.001	0.001	Positive
edge_762	Sg_CM29A_16	Sg_A20_35	0.3831	0.3831	0.001	0.001	Positive
edge_763	Sg_CM29A_16	Sg_B03_29	0.698	0.698	0.001	0.001	Positive
edge_764	Sg_CM29A_16	Sg_B07_50	0.5675	0.5675	0.001	0.001	Positive
edge_765	Sg_CM29A_16	Sg_B15_52	-0.4223	0.4223	0.001	0.001	Negative
edge_766	Sg_CM29A_16	Sg_B19_58	0.4401	0.4401	0.001	0.001	Positive
edge_767	Sg_CM29A_16	Sg_B25_10	-0.4761	0.4761	0.001	0.001	Negative
edge_768	Sg_CM29A_16	Sg_B26_4	0.4596	0.4596	0.001	0.001	Positive
edge_769	Sg_CM29A_16	Sg_C04_33	0.5983	0.5983	0.001	0.001	Positive
edge_770	Sg_CM29A_16	Sg_CK05A_46	0.434	0.434	0.001	0.001	Positive
edge_771	Sg_CM29A_16	Sg_CK52A_43	0.4997	0.4997	0.001	0.001	Positive
edge_772	Sg_CM29A_16	Sg_CM17_7	0.4949	0.4949	0.001	0.001	Positive
edge_773	Sg_CM30A_3	Sg_A11_10	0.5073	0.5073	0.001	0.001	Positive
edge_774	Sg_CM30A_3	Sg_B25_10	0.4249	0.4249	0.001	0.001	Positive
edge_775	Sg_CM30A_3	Sg_B26_38	0.8613	0.8613	0.001	0.001	Positive
edge_776	Sg_CM30A_3	Sg_CA40A_55	-0.3735	0.3735	0.001	0.001	Negative
edge_777	Sg_CM30A_3	Sg_CD23A_20	0.5072	0.5072	0.001	0.001	Positive
edge_778	Sg_CM30A_3	Sg_CK51A_47	0.5742	0.5742	0.001	0.001	Positive
edge_779	Sg_CM31A_43	Gp_MJ1_12	0.5427	0.5427	0.001	0.001	Positive
edge_780	Sg_CM31A_43	Gp_MJ1_149	0.3946	0.3946	0.001	0.001	Positive
edge_781	Sg_CM31A_43	Gp_MJ1_272	0.4399	0.4399	0.001	0.001	Positive
edge_782	Sg_CM31A_43	Gp_MJ1_444	0.5199	0.5199	0.001	0.001	Positive
edge_783	Sg_CM31A_43	Gp_MJ4_65	0.6091	0.6091	0.001	0.001	Positive
edge_784	Sg_CM31A_43	Gp_YAB_333	-0.5148	0.5148	0.001	0.001	Negative
edge_785	Sg_CM31A_43	Sg_A11_10	0.4512	0.4512	0.001	0.001	Positive
edge_786	Sg_CM31A_43	Sg_A17_17	0.5229	0.5229	0.001	0.001	Positive
edge_787	Sg_CM31A_43	Sg_A19_11	0.6831	0.6831	0.001	0.001	Positive
edge_788	Sg_CM31A_43	Sg_A19_18	0.4381	0.4381	0.001	0.001	Positive
edge_789	Sg_CM31A_43	Sg_A20_2	-0.5002	0.5002	0.001	0.001	Negative
edge_790	Sg_CM31A_43	Sg_A22_8	0.4977	0.4977	0.001	0.001	Positive
edge_791	Sg_CM31A_43	Sg_A27_31	0.4038	0.4038	0.001	0.001	Positive
edge_792	Sg_CM31A_43	Sg_B07_12	-0.4474	0.4474	0.001	0.001	Negative
edge_793	Sg_CM31A_43	Sg_B15_22	0.7777	0.7777	0.001	0.001	Positive
edge_794	Sg_CM31A_43	Sg_B15_35	0.4882	0.4882	0.001	0.001	Positive
edge_795	Sg_CM31A_43	Sg_B15_52	0.442	0.442	0.001	0.001	Positive
edge_796	Sg_CM31A_43	Sg_C04_33	-0.3887	0.3887	0.001	0.001	Negative
edge_797	Sg_CM31A_43	Sg_CA11_52	0.9743	0.9743	0.001	0.001	Positive
edge_798	Sg_CM31A_43	Sg_CA25_21	-0.3823	0.3823	0.001	0.001	Negative
edge_799	Sg_CM31A_43	Sg_CA9_20	0.4472	0.4472	0.001	0.001	Positive
edge_800	Sg_CM31A_43	Sg_CD23A_20	0.5025	0.5025	0.001	0.001	Positive
edge_801	Sg_CM31A_43	Sg_CD25A_53	-0.5397	0.5397	0.001	0.001	Negative
edge_802	Sg_CM31A_43	Sg_CD26A_19	-0.5304	0.5304	0.001	0.001	Negative
edge_803	Sg_CM31A_43	Sg_CE19A_36	0.4535	0.4535	0.001	0.001	Positive
edge_804	Sg_CM31A_43	Sg_CG50A_49	-0.4298	0.4298	0.001	0.001	Negative
edge_805	Sg_CM31A_52	Gp_YAB_339	0.7807	0.7807	0.001	0.001	Positive
edge_806	Sg_CM31A_52	Gp_meta27_511	0.5981	0.5981	0.001	0.001	Positive
edge_807	Sg_CM31A_52	Sg_A11_12	0.9307	0.9307	0.001	0.001	Positive
edge_808	Sg_CM31A_52	Sg_A11_2	0.7621	0.7621	0.001	0.001	Positive
edge_809	Sg_CM31A_52	Sg_A19_36	0.4331	0.4331	0.001	0.001	Positive
edge_810	Sg_CM31A_52	Sg_B25_38	0.8719	0.8719	0.001	0.001	Positive
edge_811	Sg_CM31A_52	Sg_B27_18	0.4521	0.4521	0.001	0.001	Positive
edge_812	Sg_CM31A_52	Sg_C03_36	0.6542	0.6542	0.001	0.001	Positive
edge_813	Sg_CM31A_52	Sg_CG50A_74	0.882	0.882	0.001	0.001	Positive
edge_814	Sg_CM32A_26	Gp_YAB_333	-0.4228	0.4228	0.001	0.001	Negative
edge_815	Sg_CM32A_26	Sg_A19_18	0.5508	0.5508	0.001	0.001	Positive
edge_816	Sg_CM32A_26	Sg_CB03_47	0.5573	0.5573	0.001	0.001	Positive
edge_817	Sg_CM32A_26	Sg_CG50A_22	0.5297	0.5297	0.001	0.001	Positive
edge_818	Sg_CM32A_49	Gp_MJ1_12	0.4352	0.4352	0.001	0.001	Positive
edge_819	Sg_CM32A_49	Gp_MJ1_444	0.5819	0.5819	0.001	0.001	Positive
edge_820	Sg_CM32A_49	Gp_MJ4_65	0.4553	0.4553	0.001	0.001	Positive
edge_821	Sg_CM32A_49	Sg_A19_11	0.4473	0.4473	0.001	0.001	Positive
edge_822	Sg_CM32A_49	Sg_A22_3	0.4991	0.4991	0.001	0.001	Positive
edge_823	Sg_CM32A_49	Sg_A22_8	0.5391	0.5391	0.001	0.001	Positive
edge_824	Sg_CM32A_49	Sg_B03_29	-0.5106	0.5106	0.001	0.001	Negative
edge_825	Sg_CM32A_49	Sg_B07_12	-0.5948	0.5948	0.001	0.001	Negative
edge_826	Sg_CM32A_49	Sg_B07_38	0.4942	0.4942	0.001	0.001	Positive
edge_827	Sg_CM32A_49	Sg_B08_36	-0.4437	0.4437	0.001	0.001	Negative
edge_828	Sg_CM32A_49	Sg_B15_22	0.4091	0.4091	0.001	0.001	Positive
edge_829	Sg_CM32A_49	Sg_B15_23	-0.4524	0.4524	0.001	0.001	Negative
edge_830	Sg_CM32A_49	Sg_B15_35	0.4402	0.4402	0.001	0.001	Positive
edge_831	Sg_CM32A_49	Sg_B25_10	0.4185	0.4185	0.001	0.001	Positive
edge_832	Sg_CM32A_49	Sg_B27_18	0.4811	0.4811	0.001	0.001	Positive
edge_833	Sg_CM32A_49	Sg_C04_33	-0.4931	0.4931	0.001	0.001	Negative
edge_834	Sg_CM32A_49	Sg_CA9_20	0.4748	0.4748	0.001	0.001	Positive
edge_835	Sg_CM32A_49	Sg_CD23A_20	0.4666	0.4666	0.001	0.001	Positive
edge_836	Sg_CM32A_49	Sg_CD26A_19	-0.4537	0.4537	0.001	0.001	Negative
edge_837	Sg_CM32A_49	Sg_CD27A_46	0.462	0.462	0.001	0.001	Positive
edge_838	Sg_CM32A_49	Sg_CD30A_34	-0.486	0.486	0.001	0.001	Negative
edge_839	Sg_CM32A_49	Sg_CE19A_29	-0.5374	0.5374	0.001	0.001	Negative
edge_840	Sg_CM32A_49	Sg_CE19A_36	0.47	0.47	0.001	0.001	Positive
edge_841	Sg_CM33A_60	Sg_A20_2	0.3895	0.3895	0.001	0.001	Positive
edge_842	Sg_CM33A_60	Sg_A22_3	-0.4351	0.4351	0.001	0.001	Negative
edge_843	Sg_CM33A_60	Sg_B03_29	0.7436	0.7436	0.001	0.001	Positive
edge_844	Sg_CM33A_60	Sg_B07_50	0.5285	0.5285	0.001	0.001	Positive
edge_845	Sg_CM33A_60	Sg_B15_35	-0.5062	0.5062	0.001	0.001	Negative
edge_846	Sg_CM33A_60	Sg_B15_52	-0.4248	0.4248	0.001	0.001	Negative
edge_847	Sg_CM33A_60	Sg_B19_58	0.5808	0.5808	0.001	0.001	Positive
edge_848	Sg_CM33A_60	Sg_B25_10	-0.4517	0.4517	0.001	0.001	Negative
edge_849	Sg_CM33A_60	Sg_B27_6	-0.4241	0.4241	0.001	0.001	Negative
edge_850	Sg_CM33A_60	Sg_C04_33	0.5855	0.5855	0.001	0.001	Positive
edge_851	Sg_CM33A_60	Sg_CK05A_46	0.4666	0.4666	0.001	0.001	Positive
edge_852	Sg_CM33A_60	Sg_CK52A_43	0.555	0.555	0.001	0.001	Positive
edge_853	Sg_CM33A_60	Sg_CM17_7	0.551	0.551	0.001	0.001	Positive
edge_854	Sg_CM33A_60	Sg_CM29A_16	0.7148	0.7148	0.001	0.001	Positive
edge_855	Sg_CM33A_9	Gp_MJ1_12	0.5428	0.5428	0.001	0.001	Positive
edge_856	Sg_CM33A_9	Gp_MJ1_272	0.456	0.456	0.001	0.001	Positive
edge_857	Sg_CM33A_9	Gp_MJ1_444	0.5447	0.5447	0.001	0.001	Positive
edge_858	Sg_CM33A_9	Gp_YAB_333	-0.5747	0.5747	0.001	0.001	Negative
edge_859	Sg_CM33A_9	Sg_A11_10	0.4663	0.4663	0.001	0.001	Positive
edge_860	Sg_CM33A_9	Sg_A17_17	0.575	0.575	0.001	0.001	Positive
edge_861	Sg_CM33A_9	Sg_A19_12	0.4534	0.4534	0.001	0.001	Positive
edge_862	Sg_CM33A_9	Sg_A19_18	0.7683	0.7683	0.001	0.001	Positive
edge_863	Sg_CM33A_9	Sg_A19_51	0.6218	0.6218	0.001	0.001	Positive
edge_864	Sg_CM33A_9	Sg_A20_2	-0.4866	0.4866	0.001	0.001	Negative
edge_865	Sg_CM33A_9	Sg_A20_35	-0.4078	0.4078	0.001	0.001	Negative
edge_866	Sg_CM33A_9	Sg_A27_23	-0.4594	0.4594	0.001	0.001	Negative
edge_867	Sg_CM33A_9	Sg_B03_29	-0.4532	0.4532	0.001	0.001	Negative
edge_868	Sg_CM33A_9	Sg_B15_35	0.4388	0.4388	0.001	0.001	Positive
edge_869	Sg_CM33A_9	Sg_B15_52	0.4542	0.4542	0.001	0.001	Positive
edge_870	Sg_CM33A_9	Sg_B25_10	0.4062	0.4062	0.001	0.001	Positive
edge_871	Sg_CM33A_9	Sg_CA11_52	0.479	0.479	0.001	0.001	Positive
edge_872	Sg_CM33A_9	Sg_CA9_20	0.4143	0.4143	0.001	0.001	Positive
edge_873	Sg_CM33A_9	Sg_CB03_47	0.5495	0.5495	0.001	0.001	Positive
edge_874	Sg_CM33A_9	Sg_CD23A_20	0.8604	0.8604	0.001	0.001	Positive
edge_875	Sg_CM33A_9	Sg_CD25A_53	-0.5189	0.5189	0.001	0.001	Negative
edge_876	Sg_CM33A_9	Sg_CD26A_19	-0.4901	0.4901	0.001	0.001	Negative
edge_877	Sg_CM33A_9	Sg_CD27A_46	0.5322	0.5322	0.001	0.001	Positive
edge_878	Sg_CM33A_9	Sg_CE19A_29	-0.4385	0.4385	0.001	0.001	Negative
edge_879	Sg_CM33A_9	Sg_CE19A_36	0.6988	0.6988	0.001	0.001	Positive
edge_880	Sg_CM33A_9	Sg_CG50A_22	0.5624	0.5624	0.001	0.001	Positive
edge_881	Sg_CM33A_9	Sg_CG50A_49	-0.5749	0.5749	0.001	0.001	Negative
edge_882	Sg_CM33A_9	Sg_CM17_16	-0.5602	0.5602	0.001	0.001	Negative
edge_883	Sg_CM33A_9	Sg_CM30A_3	0.3986	0.3986	0.001	0.001	Positive
edge_884	Sg_CM33A_9	Sg_CM31A_43	0.4652	0.4652	0.001	0.001	Positive
edge_885	Sg_CM33A_9	Sg_CM32A_26	0.6913	0.6913	0.001	0.001	Positive
edge_886	Sg_CM33A_9	Sg_CM32A_49	0.4247	0.4247	0.001	0.001	Positive
edge_887	Sg_CM35A_15	Gp_MJ3_477	-0.4179	0.4179	0.001	0.001	Negative
edge_888	Sg_CM35A_15	Sg_B03_29	0.4227	0.4227	0.001	0.001	Positive
edge_889	Sg_CM35A_15	Sg_B07_50	0.4584	0.4584	0.001	0.001	Positive
edge_890	Sg_CM35A_15	Sg_B26_4	0.5879	0.5879	0.001	0.001	Positive
edge_891	Sg_CM35A_15	Sg_B27_6	-0.4458	0.4458	0.001	0.001	Negative
edge_892	Sg_CM35A_15	Sg_CD28A_40	0.5153	0.5153	0.001	0.001	Positive
edge_893	Sg_CM35A_15	Sg_CM17_58	0.496	0.496	0.001	0.001	Positive
edge_894	Sg_CM35A_15	Sg_CM29A_16	0.4785	0.4785	0.001	0.001	Positive
edge_895	Sg_CM35A_15	Sg_CM33A_60	0.5626	0.5626	0.001	0.001	Positive
edge_896	Sg_D02_31	Sg_B26_38	0.4382	0.4382	0.001	0.001	Positive
edge_897	Sg_D02_32	Gp_MJ1_12	0.5477	0.5477	0.001	0.001	Positive
edge_898	Sg_D02_32	Gp_MJ1_272	0.6749	0.6749	0.001	0.001	Positive
edge_899	Sg_D02_32	Gp_MJ1_444	0.6366	0.6366	0.001	0.001	Positive
edge_900	Sg_D02_32	Gp_YAB_333	-0.695	0.695	0.001	0.001	Negative
edge_901	Sg_D02_32	Sg_A07_40	0.498	0.498	0.001	0.001	Positive
edge_902	Sg_D02_32	Sg_A11_10	0.4889	0.4889	0.001	0.001	Positive
edge_903	Sg_D02_32	Sg_A17_17	0.7364	0.7364	0.001	0.001	Positive
edge_904	Sg_D02_32	Sg_A19_12	0.6247	0.6247	0.001	0.001	Positive
edge_905	Sg_D02_32	Sg_A19_18	0.6775	0.6775	0.001	0.001	Positive
edge_906	Sg_D02_32	Sg_A19_51	0.6091	0.6091	0.001	0.001	Positive
edge_907	Sg_D02_32	Sg_A20_2	-0.6237	0.6237	0.001	0.001	Negative
edge_908	Sg_D02_32	Sg_A20_35	-0.5739	0.5739	0.001	0.001	Negative
edge_909	Sg_D02_32	Sg_A22_19	0.5588	0.5588	0.001	0.001	Positive
edge_910	Sg_D02_32	Sg_A22_3	0.4934	0.4934	0.001	0.001	Positive
edge_911	Sg_D02_32	Sg_A22_8	0.7341	0.7341	0.001	0.001	Positive
edge_912	Sg_D02_32	Sg_A27_23	-0.682	0.682	0.001	0.001	Negative
edge_913	Sg_D02_32	Sg_A27_31	0.4217	0.4217	0.001	0.001	Positive
edge_914	Sg_D02_32	Sg_A28_8	-0.5814	0.5814	0.001	0.001	Negative
edge_915	Sg_D02_32	Sg_B03_29	-0.5787	0.5787	0.001	0.001	Negative
edge_916	Sg_D02_32	Sg_B07_12	-0.4709	0.4709	0.001	0.001	Negative
edge_917	Sg_D02_32	Sg_B15_22	0.3717	0.3717	0.001	0.001	Positive
edge_918	Sg_D02_32	Sg_B15_35	0.6172	0.6172	0.001	0.001	Positive
edge_919	Sg_D02_32	Sg_B15_52	0.5585	0.5585	0.001	0.001	Positive
edge_920	Sg_D02_32	Sg_C04_33	-0.5381	0.5381	0.001	0.001	Negative
edge_921	Sg_D02_32	Sg_CA11_52	0.5136	0.5136	0.001	0.001	Positive
edge_922	Sg_D02_32	Sg_CA9_20	0.5821	0.5821	0.001	0.001	Positive
edge_923	Sg_D02_32	Sg_CD23A_20	0.7484	0.7484	0.001	0.001	Positive
edge_924	Sg_D02_32	Sg_CD25A_53	-0.6733	0.6733	0.001	0.001	Negative
edge_925	Sg_D02_32	Sg_CD26A_19	-0.4239	0.4239	0.001	0.001	Negative
edge_926	Sg_D02_32	Sg_CD27A_46	0.539	0.539	0.001	0.001	Positive
edge_927	Sg_D02_32	Sg_CE19A_36	0.7099	0.7099	0.001	0.001	Positive
edge_928	Sg_D02_32	Sg_CG50A_49	-0.7054	0.7054	0.001	0.001	Negative
edge_929	Sg_D02_32	Sg_CM17_16	-0.6349	0.6349	0.001	0.001	Negative
edge_930	Sg_D02_32	Sg_CM17_7	-0.466	0.466	0.001	0.001	Negative
edge_931	Sg_D02_32	Sg_CM31A_43	0.5246	0.5246	0.001	0.001	Positive
edge_932	Sg_D02_32	Sg_CM33A_9	0.6554	0.6554	0.001	0.001	Positive
edge_933	Sg_D02_44	Sg_C03_36	-0.3962	0.3962	0.001	0.001	Negative
edge_934	Sg_D02_9	Gp_MJ1_12	0.4785	0.4785	0.001	0.001	Positive
edge_935	Sg_D02_9	Gp_MJ2_113	-0.4119	0.4119	0.001	0.001	Negative
edge_936	Sg_D02_9	Gp_NH_148	0.4614	0.4614	0.001	0.001	Positive
edge_937	Sg_D02_9	Sg_A27_31	0.4088	0.4088	0.001	0.001	Positive
edge_938	Sg_D02_9	Sg_B04_2	0.5452	0.5452	0.001	0.001	Positive
edge_939	Sg_D02_9	Sg_B07_53	-0.477	0.477	0.001	0.001	Negative
edge_940	Sg_D02_9	Sg_B14_13	-0.3815	0.3815	0.001	0.001	Negative
edge_941	Sg_D02_9	Sg_B15_23	-0.3841	0.3841	0.001	0.001	Negative
edge_942	Sg_D02_9	Sg_CA25_21	-0.4274	0.4274	0.001	0.001	Negative
edge_943	Sg_D02_9	Sg_CD30A_34	-0.4034	0.4034	0.001	0.001	Negative
edge_944	Sg_D02_9	Sg_CK05A_18	-0.4031	0.4031	0.001	0.001	Negative
edge_945	Sg_D02_9	Sg_CM21_15	-0.4644	0.4644	0.001	0.001	Negative
edge_946	Sg_D03_75	Gp_MJ1_12	0.4032	0.4032	0.001	0.001	Positive
edge_947	Sg_D03_75	Sg_A11_10	0.4283	0.4283	0.001	0.001	Positive
edge_948	Sg_D03_75	Sg_A19_18	0.5518	0.5518	0.001	0.001	Positive
edge_949	Sg_D03_75	Sg_A22_8	0.4388	0.4388	0.001	0.001	Positive
edge_950	Sg_D03_75	Sg_CA9_20	0.4597	0.4597	0.001	0.001	Positive
edge_951	Sg_D03_75	Sg_CD22A_27	0.488	0.488	0.001	0.001	Positive
edge_952	Sg_D03_75	Sg_CD23A_20	0.5363	0.5363	0.001	0.001	Positive
edge_953	Sg_D03_75	Sg_CD27A_46	0.5004	0.5004	0.001	0.001	Positive
edge_954	Sg_D03_75	Sg_CM33A_9	0.4736	0.4736	0.001	0.001	Positive
edge_955	Sg_D03_75	Sg_D02_32	0.4318	0.4318	0.001	0.001	Positive
edge_956	Sg_D03_78	Gp_EAB_462	0.417	0.417	0.001	0.001	Positive
edge_957	Sg_D03_78	Sg_C02_30	0.4988	0.4988	0.001	0.001	Positive
edge_958	Sg_D03_78	Sg_CA11_3	0.5498	0.5498	0.001	0.001	Positive
edge_959	Sg_D09_14	Gp_YAB_339	0.7322	0.7322	0.001	0.001	Positive
edge_960	Sg_D09_14	Gp_meta27_511	0.6029	0.6029	0.001	0.001	Positive
edge_961	Sg_D09_14	Sg_A11_12	0.8481	0.8481	0.001	0.001	Positive
edge_962	Sg_D09_14	Sg_A11_2	0.7594	0.7594	0.001	0.001	Positive
edge_963	Sg_D09_14	Sg_A19_36	0.4305	0.4305	0.001	0.001	Positive
edge_964	Sg_D09_14	Sg_B15_22	0.4058	0.4058	0.001	0.001	Positive
edge_965	Sg_D09_14	Sg_B25_38	0.8855	0.8855	0.001	0.001	Positive
edge_966	Sg_D09_14	Sg_B27_18	0.5533	0.5533	0.001	0.001	Positive
edge_967	Sg_D09_14	Sg_C03_36	0.6941	0.6941	0.001	0.001	Positive
edge_968	Sg_D09_14	Sg_CG50A_74	0.8158	0.8158	0.001	0.001	Positive
edge_969	Sg_D09_14	Sg_CM31A_52	0.8935	0.8935	0.001	0.001	Positive
edge_970	Sg_D09_14	Sg_CM32A_49	0.4421	0.4421	0.001	0.001	Positive
edge_971	Sg_D09_14	Sg_D02_44	-0.3824	0.3824	0.001	0.001	Negative
edge_972	Sg_D10_17	Gp_MJ1_12	-0.4504	0.4504	0.001	0.001	Negative
edge_973	Sg_D10_17	Gp_MJ2_113	0.6567	0.6567	0.001	0.001	Positive
edge_974	Sg_D10_17	Gp_MJ3_477	0.6071	0.6071	0.001	0.001	Positive
edge_975	Sg_D10_17	Sg_B07_12	0.6552	0.6552	0.001	0.001	Positive
edge_976	Sg_D10_17	Sg_B07_53	0.712	0.712	0.001	0.001	Positive
edge_977	Sg_D10_17	Sg_B07_62	0.7171	0.7171	0.001	0.001	Positive
edge_978	Sg_D10_17	Sg_B08_36	0.6377	0.6377	0.001	0.001	Positive
edge_979	Sg_D10_17	Sg_B14_13	0.6742	0.6742	0.001	0.001	Positive
edge_980	Sg_D10_17	Sg_B15_23	0.9505	0.9505	0.001	0.001	Positive
edge_981	Sg_D10_17	Sg_CA25_21	0.6176	0.6176	0.001	0.001	Positive
edge_982	Sg_D10_17	Sg_CB03_47	-0.4941	0.4941	0.001	0.001	Negative
edge_983	Sg_D10_17	Sg_CD23A_32	0.3849	0.3849	0.001	0.001	Positive
edge_984	Sg_D10_17	Sg_CD24A_10	0.6376	0.6376	0.001	0.001	Positive
edge_985	Sg_D10_17	Sg_CD26A_19	0.4643	0.4643	0.001	0.001	Positive
edge_986	Sg_D10_17	Sg_CD30A_34	0.8427	0.8427	0.001	0.001	Positive
edge_987	Sg_D10_17	Sg_CE19A_24	0.6153	0.6153	0.001	0.001	Positive
edge_988	Sg_D10_17	Sg_CE19A_29	0.549	0.549	0.001	0.001	Positive
edge_989	Sg_D10_17	Sg_CK05A_18	0.7609	0.7609	0.001	0.001	Positive
edge_990	Sg_D10_17	Sg_CK51A_47	0.3954	0.3954	0.001	0.001	Positive
edge_991	Sg_D10_17	Sg_CK52A_74	0.6885	0.6885	0.001	0.001	Positive
edge_992	Sg_D10_17	Sg_CM21_15	0.6181	0.6181	0.001	0.001	Positive
edge_993	Sg_D10_17	Sg_CM21_57	0.859	0.859	0.001	0.001	Positive
edge_994	Sg_D10_17	Sg_CM32A_49	-0.4744	0.4744	0.001	0.001	Negative
edge_995	Sg_D18_45	Gp_MJ1_12	0.4765	0.4765	0.001	0.001	Positive
edge_996	Sg_D18_45	Gp_MJ1_149	0.3677	0.3677	0.001	0.001	Positive
edge_997	Sg_D18_45	Gp_MJ1_444	0.5627	0.5627	0.001	0.001	Positive
edge_998	Sg_D18_45	Sg_A11_10	0.601	0.601	0.001	0.001	Positive
edge_999	Sg_D18_45	Sg_A19_18	0.4428	0.4428	0.001	0.001	Positive
edge_1000	Sg_D18_45	Sg_A19_51	0.4294	0.4294	0.001	0.001	Positive
edge_1001	Sg_D18_45	Sg_A22_3	0.4189	0.4189	0.001	0.001	Positive
edge_1002	Sg_D18_45	Sg_A22_8	0.5179	0.5179	0.001	0.001	Positive
edge_1003	Sg_D18_45	Sg_A27_31	0.565	0.565	0.001	0.001	Positive
edge_1004	Sg_D18_45	Sg_B04_2	0.4705	0.4705	0.001	0.001	Positive
edge_1005	Sg_D18_45	Sg_CA9_20	0.4949	0.4949	0.001	0.001	Positive
edge_1006	Sg_D18_45	Sg_CD23A_20	0.5011	0.5011	0.001	0.001	Positive
edge_1007	Sg_D18_45	Sg_CD25A_53	-0.3575	0.3575	0.001	0.001	Negative
edge_1008	Sg_E04_12	Gp_MJ1_12	0.4807	0.4807	0.001	0.001	Positive
edge_1009	Sg_E04_12	Gp_MJ1_272	0.4603	0.4603	0.001	0.001	Positive
edge_1010	Sg_E04_12	Gp_MJ1_444	0.4992	0.4992	0.001	0.001	Positive
edge_1011	Sg_E04_12	Gp_YAB_333	-0.4896	0.4896	0.001	0.001	Negative
edge_1012	Sg_E04_12	Sg_A11_10	0.4976	0.4976	0.001	0.001	Positive
edge_1013	Sg_E04_12	Sg_A17_17	0.6685	0.6685	0.001	0.001	Positive
edge_1014	Sg_E04_12	Sg_A19_12	0.4863	0.4863	0.001	0.001	Positive
edge_1015	Sg_E04_12	Sg_A19_18	0.6365	0.6365	0.001	0.001	Positive
edge_1016	Sg_E04_12	Sg_A19_51	0.5404	0.5404	0.001	0.001	Positive
edge_1017	Sg_E04_12	Sg_A20_2	-0.4665	0.4665	0.001	0.001	Negative
edge_1018	Sg_E04_12	Sg_A22_19	0.6636	0.6636	0.001	0.001	Positive
edge_1019	Sg_E04_12	Sg_A22_3	0.6672	0.6672	0.001	0.001	Positive
edge_1020	Sg_E04_12	Sg_A22_8	0.5689	0.5689	0.001	0.001	Positive
edge_1021	Sg_E04_12	Sg_A27_23	-0.4431	0.4431	0.001	0.001	Negative
edge_1022	Sg_E04_12	Sg_A27_31	0.4006	0.4006	0.001	0.001	Positive
edge_1023	Sg_E04_12	Sg_B03_29	-0.5155	0.5155	0.001	0.001	Negative
edge_1024	Sg_E04_12	Sg_B07_12	-0.4957	0.4957	0.001	0.001	Negative
edge_1025	Sg_E04_12	Sg_B15_35	0.6735	0.6735	0.001	0.001	Positive
edge_1026	Sg_E04_12	Sg_B15_52	0.5192	0.5192	0.001	0.001	Positive
edge_1027	Sg_E04_12	Sg_B25_10	0.5737	0.5737	0.001	0.001	Positive
edge_1028	Sg_E04_12	Sg_C02_30	-0.3876	0.3876	0.001	0.001	Negative
edge_1029	Sg_E04_12	Sg_C04_33	-0.5099	0.5099	0.001	0.001	Negative
edge_1030	Sg_E04_12	Sg_CA11_52	0.4681	0.4681	0.001	0.001	Positive
edge_1031	Sg_E04_12	Sg_CA40A_55	-0.4428	0.4428	0.001	0.001	Negative
edge_1032	Sg_E04_12	Sg_CA9_20	0.4928	0.4928	0.001	0.001	Positive
edge_1033	Sg_E04_12	Sg_CB03_2	0.381	0.381	0.001	0.001	Positive
edge_1034	Sg_E04_12	Sg_CD23A_20	0.6948	0.6948	0.001	0.001	Positive
edge_1035	Sg_E04_12	Sg_CD25A_53	-0.5718	0.5718	0.001	0.001	Negative
edge_1036	Sg_E04_12	Sg_CD27A_46	0.5624	0.5624	0.001	0.001	Positive
edge_1037	Sg_E04_12	Sg_CE19A_36	0.691	0.691	0.001	0.001	Positive
edge_1038	Sg_E04_12	Sg_CG50A_49	-0.5276	0.5276	0.001	0.001	Negative
edge_1039	Sg_E04_12	Sg_CK51A_47	0.3947	0.3947	0.001	0.001	Positive
edge_1040	Sg_E04_12	Sg_CM17_16	-0.4391	0.4391	0.001	0.001	Negative
edge_1041	Sg_E04_12	Sg_CM31A_43	0.5141	0.5141	0.001	0.001	Positive
edge_1042	Sg_E04_12	Sg_CM33A_9	0.5538	0.5538	0.001	0.001	Positive
edge_1043	Sg_E04_12	Sg_D02_32	0.7333	0.7333	0.001	0.001	Positive
edge_1044	Sg_E04_12	Sg_D18_45	0.4384	0.4384	0.001	0.001	Positive
edge_1045	Sg_E06_10	Sg_B03_29	0.5161	0.5161	0.001	0.001	Positive
edge_1046	Sg_E06_10	Sg_C04_33	0.4052	0.4052	0.001	0.001	Positive
edge_1047	Sg_E06_10	Sg_CK52A_43	0.4594	0.4594	0.001	0.001	Positive
edge_1048	Sg_E06_10	Sg_CM17_7	0.6139	0.6139	0.001	0.001	Positive
edge_1049	Sg_E06_10	Sg_CM33A_60	0.5778	0.5778	0.001	0.001	Positive
edge_1050	Sg_E06_10	Sg_CM35A_15	0.3812	0.3812	0.001	0.001	Positive
edge_1051	Sg_E06_24	Sg_B19_40	0.8291	0.8291	0.001	0.001	Positive
edge_1052	Sg_E06_24	Sg_CB03_47	0.6725	0.6725	0.001	0.001	Positive
edge_1053	Sg_E06_24	Sg_CK51A_47	-0.4102	0.4102	0.001	0.001	Negative
edge_1054	Sg_E10_50	Gp_MJ1_12	0.6778	0.6778	0.001	0.001	Positive
edge_1055	Sg_E10_50	Gp_MJ1_444	0.6444	0.6444	0.001	0.001	Positive
edge_1056	Sg_E10_50	Gp_MJ4_197	0.5342	0.5342	0.001	0.001	Positive
edge_1057	Sg_E10_50	Gp_NH_148	0.4022	0.4022	0.001	0.001	Positive
edge_1058	Sg_E10_50	Gp_YAB_333	-0.4361	0.4361	0.001	0.001	Negative
edge_1059	Sg_E10_50	Sg_A11_10	0.5829	0.5829	0.001	0.001	Positive
edge_1060	Sg_E10_50	Sg_A19_11	0.3597	0.3597	0.001	0.001	Positive
edge_1061	Sg_E10_50	Sg_A19_18	0.5801	0.5801	0.001	0.001	Positive
edge_1062	Sg_E10_50	Sg_A20_2	-0.4718	0.4718	0.001	0.001	Negative
edge_1063	Sg_E10_50	Sg_A22_3	0.5343	0.5343	0.001	0.001	Positive
edge_1064	Sg_E10_50	Sg_A22_8	0.64	0.64	0.001	0.001	Positive
edge_1065	Sg_E10_50	Sg_A27_31	0.6589	0.6589	0.001	0.001	Positive
edge_1066	Sg_E10_50	Sg_B07_12	-0.4934	0.4934	0.001	0.001	Negative
edge_1067	Sg_E10_50	Sg_B07_62	-0.3782	0.3782	0.001	0.001	Negative
edge_1068	Sg_E10_50	Sg_B14_13	-0.3954	0.3954	0.001	0.001	Negative
edge_1069	Sg_E10_50	Sg_B15_23	-0.4849	0.4849	0.001	0.001	Negative
edge_1070	Sg_E10_50	Sg_C04_25	0.3667	0.3667	0.001	0.001	Positive
edge_1071	Sg_E10_50	Sg_CA11_52	0.5073	0.5073	0.001	0.001	Positive
edge_1072	Sg_E10_50	Sg_CA13_9	0.4284	0.4284	0.001	0.001	Positive
edge_1073	Sg_E10_50	Sg_CA9_20	0.5927	0.5927	0.001	0.001	Positive
edge_1074	Sg_E10_50	Sg_CB03_47	0.4583	0.4583	0.001	0.001	Positive
edge_1075	Sg_E10_50	Sg_CD23A_20	0.6153	0.6153	0.001	0.001	Positive
edge_1076	Sg_E10_50	Sg_CD25A_53	-0.517	0.517	0.001	0.001	Negative
edge_1077	Sg_E10_50	Sg_CD26A_19	-0.5208	0.5208	0.001	0.001	Negative
edge_1078	Sg_E10_50	Sg_CD30A_34	-0.5116	0.5116	0.001	0.001	Negative
edge_1079	Sg_E10_50	Sg_CM21_15	-0.5206	0.5206	0.001	0.001	Negative
edge_1080	Sg_E10_50	Sg_CM31A_43	0.491	0.491	0.001	0.001	Positive
edge_1081	Sg_E10_50	Sg_CM32A_49	0.5069	0.5069	0.001	0.001	Positive
edge_1082	Sg_E10_50	Sg_CM33A_9	0.5611	0.5611	0.001	0.001	Positive
edge_1083	Sg_E10_50	Sg_D02_32	0.5519	0.5519	0.001	0.001	Positive
edge_1084	Sg_E10_50	Sg_D03_75	0.4186	0.4186	0.001	0.001	Positive
edge_1085	Sg_E10_50	Sg_D10_17	-0.4296	0.4296	0.001	0.001	Negative
edge_1086	Sg_E10_50	Sg_D18_45	0.5377	0.5377	0.001	0.001	Positive
edge_1087	Sg_E10_50	Sg_E04_12	0.5303	0.5303	0.001	0.001	Positive
edge_1088	Sg_EA47_17	Gp_YAB_339	0.6096	0.6096	0.001	0.001	Positive
edge_1089	Sg_EA47_17	Sg_A11_12	0.7381	0.7381	0.001	0.001	Positive
edge_1090	Sg_EA47_17	Sg_A11_2	0.7723	0.7723	0.001	0.001	Positive
edge_1091	Sg_EA47_17	Sg_B25_38	0.8029	0.8029	0.001	0.001	Positive
edge_1092	Sg_EA47_17	Sg_B27_18	0.3625	0.3625	0.001	0.001	Positive
edge_1093	Sg_EA47_17	Sg_C03_36	0.6284	0.6284	0.001	0.001	Positive
edge_1094	Sg_EA47_17	Sg_CG50A_74	0.6948	0.6948	0.001	0.001	Positive
edge_1095	Sg_EA47_17	Sg_CM31A_52	0.6292	0.6292	0.001	0.001	Positive
edge_1096	Sg_EA47_17	Sg_D09_14	0.694	0.694	0.001	0.001	Positive
edge_1097	Sg_EA47_9	Gp_MJ1_12	0.5128	0.5128	0.001	0.001	Positive
edge_1098	Sg_EA47_9	Gp_MJ1_444	0.5059	0.5059	0.001	0.001	Positive
edge_1099	Sg_EA47_9	Gp_MJ4_197	0.4677	0.4677	0.001	0.001	Positive
edge_1100	Sg_EA47_9	Sg_A22_8	0.4862	0.4862	0.001	0.001	Positive
edge_1101	Sg_EA47_9	Sg_A27_31	0.5355	0.5355	0.001	0.001	Positive
edge_1102	Sg_EA47_9	Sg_B07_12	-0.4425	0.4425	0.001	0.001	Negative
edge_1103	Sg_EA47_9	Sg_B15_23	-0.4199	0.4199	0.001	0.001	Negative
edge_1104	Sg_EA47_9	Sg_CA9_20	0.4167	0.4167	0.001	0.001	Positive
edge_1105	Sg_EA47_9	Sg_CD23A_20	0.4165	0.4165	0.001	0.001	Positive
edge_1106	Sg_EA47_9	Sg_CD30A_34	-0.4104	0.4104	0.001	0.001	Negative
edge_1107	Sg_EA47_9	Sg_CK52A_74	-0.4172	0.4172	0.001	0.001	Negative
edge_1108	Sg_EA47_9	Sg_CM21_15	-0.3966	0.3966	0.001	0.001	Negative
edge_1109	Sg_EA47_9	Sg_CM32A_49	0.4027	0.4027	0.001	0.001	Positive
edge_1110	Sg_EA47_9	Sg_D10_17	-0.4427	0.4427	0.001	0.001	Negative
edge_1111	Sg_EA47_9	Sg_D18_45	0.4986	0.4986	0.001	0.001	Positive
edge_1112	Sg_EA47_9	Sg_E04_12	0.4413	0.4413	0.001	0.001	Positive
edge_1113	Sg_EA47_9	Sg_E10_50	0.5951	0.5951	0.001	0.001	Positive
edge_1114	Sg_EA57_9	Gp_MJ1_12	0.5826	0.5826	0.001	0.001	Positive
edge_1115	Sg_EA57_9	Gp_MJ1_444	0.6029	0.6029	0.001	0.001	Positive
edge_1116	Sg_EA57_9	Gp_MJ4_65	0.7099	0.7099	0.001	0.001	Positive
edge_1117	Sg_EA57_9	Gp_YAB_333	-0.5831	0.5831	0.001	0.001	Negative
edge_1118	Sg_EA57_9	Sg_A11_10	0.4697	0.4697	0.001	0.001	Positive
edge_1119	Sg_EA57_9	Sg_A17_17	0.5959	0.5959	0.001	0.001	Positive
edge_1120	Sg_EA57_9	Sg_A19_11	0.6915	0.6915	0.001	0.001	Positive
edge_1121	Sg_EA57_9	Sg_A20_2	-0.5884	0.5884	0.001	0.001	Negative
edge_1122	Sg_EA57_9	Sg_A22_3	0.4659	0.4659	0.001	0.001	Positive
edge_1123	Sg_EA57_9	Sg_A22_8	0.5022	0.5022	0.001	0.001	Positive
edge_1124	Sg_EA57_9	Sg_A27_23	-0.5004	0.5004	0.001	0.001	Negative
edge_1125	Sg_EA57_9	Sg_A27_31	0.4057	0.4057	0.001	0.001	Positive
edge_1126	Sg_EA57_9	Sg_B03_29	-0.5044	0.5044	0.001	0.001	Negative
edge_1127	Sg_EA57_9	Sg_B07_12	-0.4592	0.4592	0.001	0.001	Negative
edge_1128	Sg_EA57_9	Sg_B15_22	0.809	0.809	0.001	0.001	Positive
edge_1129	Sg_EA57_9	Sg_B15_35	0.5245	0.5245	0.001	0.001	Positive
edge_1130	Sg_EA57_9	Sg_B15_52	0.5065	0.5065	0.001	0.001	Positive
edge_1131	Sg_EA57_9	Sg_B27_18	0.4363	0.4363	0.001	0.001	Positive
edge_1132	Sg_EA57_9	Sg_CA11_52	0.8116	0.8116	0.001	0.001	Positive
edge_1133	Sg_EA57_9	Sg_CA25_21	-0.415	0.415	0.001	0.001	Negative
edge_1134	Sg_EA57_9	Sg_CA9_20	0.4792	0.4792	0.001	0.001	Positive
edge_1135	Sg_EA57_9	Sg_CB03_44	0.4985	0.4985	0.001	0.001	Positive
edge_1136	Sg_EA57_9	Sg_CD23A_20	0.5196	0.5196	0.001	0.001	Positive
edge_1137	Sg_EA57_9	Sg_CD25A_53	-0.5356	0.5356	0.001	0.001	Negative
edge_1138	Sg_EA57_9	Sg_CD26A_19	-0.5636	0.5636	0.001	0.001	Negative
edge_1139	Sg_EA57_9	Sg_CD27A_46	0.4399	0.4399	0.001	0.001	Positive
edge_1140	Sg_EA57_9	Sg_CE19A_36	0.472	0.472	0.001	0.001	Positive
edge_1141	Sg_EA57_9	Sg_CG50A_49	-0.4456	0.4456	0.001	0.001	Negative
edge_1142	Sg_EA57_9	Sg_CM17_16	-0.4059	0.4059	0.001	0.001	Negative
edge_1143	Sg_EA57_9	Sg_CM31A_43	0.8321	0.8321	0.001	0.001	Positive
edge_1144	Sg_EA57_9	Sg_CM32A_49	0.5279	0.5279	0.001	0.001	Positive
edge_1145	Sg_EA57_9	Sg_CM33A_9	0.4721	0.4721	0.001	0.001	Positive
edge_1146	Sg_EA57_9	Sg_D02_32	0.5433	0.5433	0.001	0.001	Positive
edge_1147	Sg_EA57_9	Sg_E04_12	0.4856	0.4856	0.001	0.001	Positive
edge_1148	Sg_EA57_9	Sg_E10_50	0.5423	0.5423	0.001	0.001	Positive
edge_1149	Sg_EA61_27	Gp_MJ2_113	-0.4889	0.4889	0.001	0.001	Negative
edge_1150	Sg_EA61_27	Gp_MJ3_477	-0.4816	0.4816	0.001	0.001	Negative
edge_1151	Sg_EA61_27	Gp_meta27_511	-0.3911	0.3911	0.001	0.001	Negative
edge_1152	Sg_EA61_27	Sg_B04_2	0.4896	0.4896	0.001	0.001	Positive
edge_1153	Sg_EA61_27	Sg_B07_53	-0.4594	0.4594	0.001	0.001	Negative
edge_1154	Sg_EA61_27	Sg_B07_62	-0.4137	0.4137	0.001	0.001	Negative
edge_1155	Sg_EA61_27	Sg_B15_23	-0.4554	0.4554	0.001	0.001	Negative
edge_1156	Sg_EA61_27	Sg_B19_40	0.8186	0.8186	0.001	0.001	Positive
edge_1157	Sg_EA61_27	Sg_CB03_47	0.7184	0.7184	0.001	0.001	Positive
edge_1158	Sg_EA61_27	Sg_CD24A_10	-0.4241	0.4241	0.001	0.001	Negative
edge_1159	Sg_EA61_27	Sg_CD30A_34	-0.4548	0.4548	0.001	0.001	Negative
edge_1160	Sg_EA61_27	Sg_CK52A_74	-0.437	0.437	0.001	0.001	Negative
edge_1161	Sg_EA61_27	Sg_CM21_57	-0.5243	0.5243	0.001	0.001	Negative
edge_1162	Sg_EA61_27	Sg_D10_17	-0.4734	0.4734	0.001	0.001	Negative
edge_1163	Sg_EA61_27	Sg_E06_24	0.9028	0.9028	0.001	0.001	Positive
edge_1164	Sg_EB03_22	Gp_MJ2_113	-0.4934	0.4934	0.001	0.001	Negative
edge_1165	Sg_EB03_22	Gp_MJ3_477	-0.4583	0.4583	0.001	0.001	Negative
edge_1166	Sg_EB03_22	Gp_NH_148	0.4454	0.4454	0.001	0.001	Positive
edge_1167	Sg_EB03_22	Gp_meta27_16	0.3676	0.3676	0.001	0.001	Positive
edge_1168	Sg_EB03_22	Sg_B07_53	-0.367	0.367	0.001	0.001	Negative
edge_1169	Sg_EB03_22	Sg_B07_62	-0.545	0.545	0.001	0.001	Negative
edge_1170	Sg_EB03_22	Sg_B26_35	0.5177	0.5177	0.001	0.001	Positive
edge_1171	Sg_EB03_22	Sg_CA25_21	-0.4045	0.4045	0.001	0.001	Negative
edge_1172	Sg_EB03_22	Sg_CD30A_34	-0.509	0.509	0.001	0.001	Negative
edge_1173	Sg_EB03_22	Sg_CE19A_24	-0.4445	0.4445	0.001	0.001	Negative
edge_1174	Sg_EB03_22	Sg_CK05A_18	-0.4757	0.4757	0.001	0.001	Negative
edge_1175	Sg_EB03_22	Sg_CK52A_74	-0.4442	0.4442	0.001	0.001	Negative
edge_1176	Sg_EB03_22	Sg_CM21_15	-0.5384	0.5384	0.001	0.001	Negative
edge_1177	Sg_EB03_22	Sg_CM21_57	-0.4818	0.4818	0.001	0.001	Negative
edge_1178	Sg_EB03_22	Sg_CM32A_49	0.4397	0.4397	0.001	0.001	Positive
edge_1179	Sg_EB03_22	Sg_D10_17	-0.52	0.52	0.001	0.001	Negative
edge_1180	Sg_EB08_12	Gp_MJ4_65	0.5157	0.5157	0.001	0.001	Positive
edge_1181	Sg_EB08_12	Sg_A11_10	0.4216	0.4216	0.001	0.001	Positive
edge_1182	Sg_EB08_12	Sg_A19_11	0.3926	0.3926	0.001	0.001	Positive
edge_1183	Sg_EB08_12	Sg_B07_12	-0.3875	0.3875	0.001	0.001	Negative
edge_1184	Sg_EB08_12	Sg_B08_36	-0.39	0.39	0.001	0.001	Negative
edge_1185	Sg_EB08_12	Sg_B25_10	0.4714	0.4714	0.001	0.001	Positive
edge_1186	Sg_EB08_12	Sg_CM32A_49	0.497	0.497	0.001	0.001	Positive
edge_1187	Sg_EB08_12	Sg_EA57_9	0.5174	0.5174	0.001	0.001	Positive
edge_1188	Sg_EB09_7	Gp_YAB_339	0.7505	0.7505	0.001	0.001	Positive
edge_1189	Sg_EB09_7	Sg_A11_12	0.8952	0.8952	0.001	0.001	Positive
edge_1190	Sg_EB09_7	Sg_A11_2	0.8682	0.8682	0.001	0.001	Positive
edge_1191	Sg_EB09_7	Sg_A19_36	0.4173	0.4173	0.001	0.001	Positive
edge_1192	Sg_EB09_7	Sg_B25_38	0.92	0.92	0.001	0.001	Positive
edge_1193	Sg_EB09_7	Sg_B27_18	0.4028	0.4028	0.001	0.001	Positive
edge_1194	Sg_EB09_7	Sg_C03_36	0.7018	0.7018	0.001	0.001	Positive
edge_1195	Sg_EB09_7	Sg_CD22A_27	-0.3578	0.3578	0.001	0.001	Negative
edge_1196	Sg_EB09_7	Sg_CG50A_74	0.8602	0.8602	0.001	0.001	Positive
edge_1197	Sg_EB09_7	Sg_CM31A_52	0.8345	0.8345	0.001	0.001	Positive
edge_1198	Sg_EB09_7	Sg_D09_14	0.8495	0.8495	0.001	0.001	Positive
edge_1199	Sg_EB09_7	Sg_EA47_17	0.8902	0.8902	0.001	0.001	Positive
edge_1200	Sg_EB10_11	Sg_B07_38	-0.3902	0.3902	0.001	0.001	Negative
edge_1201	Sg_EB10_11	Sg_B19_40	0.9131	0.9131	0.001	0.001	Positive
edge_1202	Sg_EB10_11	Sg_CE19A_36	-0.4011	0.4011	0.001	0.001	Negative
edge_1203	Sg_EB10_11	Sg_CK51A_47	-0.4854	0.4854	0.001	0.001	Negative
edge_1204	Sg_EB10_11	Sg_E06_24	0.8304	0.8304	0.001	0.001	Positive
edge_1205	Sg_EB10_11	Sg_EA61_27	0.7564	0.7564	0.001	0.001	Positive
edge_1206	Sg_EB13_4	Gp_MJ1_12	-0.4703	0.4703	0.001	0.001	Negative
edge_1207	Sg_EB13_4	Gp_MJ2_113	0.7604	0.7604	0.001	0.001	Positive
edge_1208	Sg_EB13_4	Gp_MJ3_477	0.6413	0.6413	0.001	0.001	Positive
edge_1209	Sg_EB13_4	Gp_meta27_16	-0.4371	0.4371	0.001	0.001	Negative
edge_1210	Sg_EB13_4	Sg_A34_19	0.4885	0.4885	0.001	0.001	Positive
edge_1211	Sg_EB13_4	Sg_B07_12	0.5795	0.5795	0.001	0.001	Positive
edge_1212	Sg_EB13_4	Sg_B07_53	0.69	0.69	0.001	0.001	Positive
edge_1213	Sg_EB13_4	Sg_B07_62	0.6693	0.6693	0.001	0.001	Positive
edge_1214	Sg_EB13_4	Sg_B08_36	0.5238	0.5238	0.001	0.001	Positive
edge_1215	Sg_EB13_4	Sg_B14_13	0.8094	0.8094	0.001	0.001	Positive
edge_1216	Sg_EB13_4	Sg_B15_23	0.8224	0.8224	0.001	0.001	Positive
edge_1217	Sg_EB13_4	Sg_B19_40	-0.3763	0.3763	0.001	0.001	Negative
edge_1218	Sg_EB13_4	Sg_CA13_9	-0.407	0.407	0.001	0.001	Negative
edge_1219	Sg_EB13_4	Sg_CA25_14	-0.4052	0.4052	0.001	0.001	Negative
edge_1220	Sg_EB13_4	Sg_CA25_21	0.6306	0.6306	0.001	0.001	Positive
edge_1221	Sg_EB13_4	Sg_CB03_47	-0.4369	0.4369	0.001	0.001	Negative
edge_1222	Sg_EB13_4	Sg_CD23A_32	0.4797	0.4797	0.001	0.001	Positive
edge_1223	Sg_EB13_4	Sg_CD24A_10	0.6767	0.6767	0.001	0.001	Positive
edge_1224	Sg_EB13_4	Sg_CD26A_19	0.4719	0.4719	0.001	0.001	Positive
edge_1225	Sg_EB13_4	Sg_CD30A_34	0.7399	0.7399	0.001	0.001	Positive
edge_1226	Sg_EB13_4	Sg_CE19A_15	0.5031	0.5031	0.001	0.001	Positive
edge_1227	Sg_EB13_4	Sg_CE19A_24	0.6877	0.6877	0.001	0.001	Positive
edge_1228	Sg_EB13_4	Sg_CK05A_18	0.7975	0.7975	0.001	0.001	Positive
edge_1229	Sg_EB13_4	Sg_CK51A_47	0.5404	0.5404	0.001	0.001	Positive
edge_1230	Sg_EB13_4	Sg_CK52A_74	0.6211	0.6211	0.001	0.001	Positive
edge_1231	Sg_EB13_4	Sg_CM21_15	0.706	0.706	0.001	0.001	Positive
edge_1232	Sg_EB13_4	Sg_CM21_57	0.7696	0.7696	0.001	0.001	Positive
edge_1233	Sg_EB13_4	Sg_D02_9	-0.4314	0.4314	0.001	0.001	Negative
edge_1234	Sg_EB13_4	Sg_D10_17	0.8198	0.8198	0.001	0.001	Positive
edge_1235	Sg_EB13_4	Sg_EA61_27	-0.4499	0.4499	0.001	0.001	Negative
edge_1236	Sg_EB13_4	Sg_EB03_22	-0.4756	0.4756	0.001	0.001	Negative
edge_1237	Sg_EB21_10	Gp_MJ2_113	-0.4283	0.4283	0.001	0.001	Negative
edge_1238	Sg_EB21_10	Gp_meta27_511	-0.4303	0.4303	0.001	0.001	Negative
edge_1239	Sg_EB21_10	Sg_B04_2	0.4151	0.4151	0.001	0.001	Positive
edge_1240	Sg_EB21_10	Sg_B07_12	-0.424	0.424	0.001	0.001	Negative
edge_1241	Sg_EB21_10	Sg_B07_53	-0.45	0.45	0.001	0.001	Negative
edge_1242	Sg_EB21_10	Sg_B19_40	0.7068	0.7068	0.001	0.001	Positive
edge_1243	Sg_EB21_10	Sg_CB03_47	0.7026	0.7026	0.001	0.001	Positive
edge_1244	Sg_EB21_10	Sg_CD30A_34	-0.4251	0.4251	0.001	0.001	Negative
edge_1245	Sg_EB21_10	Sg_CM21_57	-0.4505	0.4505	0.001	0.001	Negative
edge_1246	Sg_EB21_10	Sg_D10_17	-0.436	0.436	0.001	0.001	Negative
edge_1247	Sg_EB21_10	Sg_E06_24	0.8157	0.8157	0.001	0.001	Positive
edge_1248	Sg_EB21_10	Sg_E10_50	0.417	0.417	0.001	0.001	Positive
edge_1249	Sg_EB21_10	Sg_EA61_27	0.8509	0.8509	0.001	0.001	Positive
edge_1250	Sg_EB21_10	Sg_EB10_11	0.6375	0.6375	0.001	0.001	Positive
edge_1251	Sg_EM03_4	Sg_A19_12	-0.4406	0.4406	0.001	0.001	Negative
edge_1252	Sg_EM03_4	Sg_A20_35	0.4153	0.4153	0.001	0.001	Positive
edge_1253	Sg_EM03_4	Sg_A28_8	0.3857	0.3857	0.001	0.001	Positive
edge_1254	Sg_EM03_4	Sg_CE19A_36	-0.4415	0.4415	0.001	0.001	Negative
edge_1255	Sg_EM03_4	Sg_CK51A_47	-0.4127	0.4127	0.001	0.001	Negative
edge_1256	Sg_EM03_7	Gp_MJ1_12	-0.3897	0.3897	0.001	0.001	Negative
edge_1257	Sg_EM03_7	Gp_MJ1_444	-0.4607	0.4607	0.001	0.001	Negative
edge_1258	Sg_EM03_7	Gp_MJ4_65	-0.4408	0.4408	0.001	0.001	Negative
edge_1259	Sg_EM03_7	Sg_A19_11	-0.4339	0.4339	0.001	0.001	Negative
edge_1260	Sg_EM03_7	Sg_A20_2	0.5049	0.5049	0.001	0.001	Positive
edge_1261	Sg_EM03_7	Sg_A22_8	-0.4374	0.4374	0.001	0.001	Negative
edge_1262	Sg_EM03_7	Sg_B07_12	0.5779	0.5779	0.001	0.001	Positive
edge_1263	Sg_EM03_7	Sg_B08_36	0.4138	0.4138	0.001	0.001	Positive
edge_1264	Sg_EM03_7	Sg_B15_22	-0.4505	0.4505	0.001	0.001	Negative
edge_1265	Sg_EM03_7	Sg_B15_23	0.473	0.473	0.001	0.001	Positive
edge_1266	Sg_EM03_7	Sg_B15_35	-0.4607	0.4607	0.001	0.001	Negative
edge_1267	Sg_EM03_7	Sg_CD24A_10	0.474	0.474	0.001	0.001	Positive
edge_1268	Sg_EM03_7	Sg_CD25A_53	0.4516	0.4516	0.001	0.001	Positive
edge_1269	Sg_EM03_7	Sg_CD26A_19	0.597	0.597	0.001	0.001	Positive
edge_1270	Sg_EM03_7	Sg_CD27A_46	-0.4194	0.4194	0.001	0.001	Negative
edge_1271	Sg_EM03_7	Sg_CD30A_34	0.4508	0.4508	0.001	0.001	Positive
edge_1272	Sg_EM03_7	Sg_CE19A_15	0.4602	0.4602	0.001	0.001	Positive
edge_1273	Sg_EM03_7	Sg_CE19A_29	0.6071	0.6071	0.001	0.001	Positive
edge_1274	Sg_EM03_7	Sg_CE19A_36	-0.3949	0.3949	0.001	0.001	Negative
edge_1275	Sg_EM03_7	Sg_CG50A_49	0.4439	0.4439	0.001	0.001	Positive
edge_1276	Sg_EM03_7	Sg_CK05A_18	0.4731	0.4731	0.001	0.001	Positive
edge_1277	Sg_EM03_7	Sg_CM32A_49	-0.5966	0.5966	0.001	0.001	Negative
edge_1278	Sg_EM03_7	Sg_CM33A_9	-0.4447	0.4447	0.001	0.001	Negative
edge_1279	Sg_EM03_7	Sg_D10_17	0.4565	0.4565	0.001	0.001	Positive
edge_1280	Sg_EM03_7	Sg_E10_50	-0.4216	0.4216	0.001	0.001	Negative
edge_1281	Sg_EM03_7	Sg_EA57_9	-0.5277	0.5277	0.001	0.001	Negative
edge_1282	Sg_EM03_7	Sg_EB08_12	-0.3792	0.3792	0.001	0.001	Negative
edge_1283	Sg_EM03_7	Sg_EB13_4	0.3999	0.3999	0.001	0.001	Positive
edge_1284	Sg_EM12_46	Gp_MJ1_12	-0.4647	0.4647	0.001	0.001	Negative
edge_1285	Sg_EM12_46	Gp_MJ1_444	-0.5427	0.5427	0.001	0.001	Negative
edge_1286	Sg_EM12_46	Gp_MJ2_113	0.4636	0.4636	0.001	0.001	Positive
edge_1287	Sg_EM12_46	Gp_MJ4_197	-0.4145	0.4145	0.001	0.001	Negative
edge_1288	Sg_EM12_46	Gp_meta27_16	-0.3656	0.3656	0.001	0.001	Negative
edge_1289	Sg_EM12_46	Sg_A11_10	-0.4158	0.4158	0.001	0.001	Negative
edge_1290	Sg_EM12_46	Sg_A19_18	-0.451	0.451	0.001	0.001	Negative
edge_1291	Sg_EM12_46	Sg_A20_2	0.5025	0.5025	0.001	0.001	Positive
edge_1292	Sg_EM12_46	Sg_A22_8	-0.4783	0.4783	0.001	0.001	Negative
edge_1293	Sg_EM12_46	Sg_A27_31	-0.419	0.419	0.001	0.001	Negative
edge_1294	Sg_EM12_46	Sg_B07_12	0.6754	0.6754	0.001	0.001	Positive
edge_1295	Sg_EM12_46	Sg_B07_53	0.5465	0.5465	0.001	0.001	Positive
edge_1296	Sg_EM12_46	Sg_B07_62	0.5665	0.5665	0.001	0.001	Positive
edge_1297	Sg_EM12_46	Sg_B14_13	0.5083	0.5083	0.001	0.001	Positive
edge_1298	Sg_EM12_46	Sg_B15_23	0.6042	0.6042	0.001	0.001	Positive
edge_1299	Sg_EM12_46	Sg_C04_25	-0.3879	0.3879	0.001	0.001	Negative
edge_1300	Sg_EM12_46	Sg_CA11_52	-0.4485	0.4485	0.001	0.001	Negative
edge_1301	Sg_EM12_46	Sg_CA25_21	0.6178	0.6178	0.001	0.001	Positive
edge_1302	Sg_EM12_46	Sg_CA9_20	-0.3989	0.3989	0.001	0.001	Negative
edge_1303	Sg_EM12_46	Sg_CD23A_20	-0.3941	0.3941	0.001	0.001	Negative
edge_1304	Sg_EM12_46	Sg_CD24A_10	0.4893	0.4893	0.001	0.001	Positive
edge_1305	Sg_EM12_46	Sg_CD25A_53	0.4552	0.4552	0.001	0.001	Positive
edge_1306	Sg_EM12_46	Sg_CD26A_19	0.5236	0.5236	0.001	0.001	Positive
edge_1307	Sg_EM12_46	Sg_CD27A_46	-0.4294	0.4294	0.001	0.001	Negative
edge_1308	Sg_EM12_46	Sg_CD30A_34	0.6641	0.6641	0.001	0.001	Positive
edge_1309	Sg_EM12_46	Sg_CE19A_15	0.4842	0.4842	0.001	0.001	Positive
edge_1310	Sg_EM12_46	Sg_CE19A_29	0.4957	0.4957	0.001	0.001	Positive
edge_1311	Sg_EM12_46	Sg_CK05A_18	0.6223	0.6223	0.001	0.001	Positive
edge_1312	Sg_EM12_46	Sg_CM21_15	0.5018	0.5018	0.001	0.001	Positive
edge_1313	Sg_EM12_46	Sg_CM21_57	0.5028	0.5028	0.001	0.001	Positive
edge_1314	Sg_EM12_46	Sg_CM31A_43	-0.436	0.436	0.001	0.001	Negative
edge_1315	Sg_EM12_46	Sg_CM33A_9	-0.3943	0.3943	0.001	0.001	Negative
edge_1316	Sg_EM12_46	Sg_D02_32	-0.4149	0.4149	0.001	0.001	Negative
edge_1317	Sg_EM12_46	Sg_D02_9	-0.4073	0.4073	0.001	0.001	Negative
edge_1318	Sg_EM12_46	Sg_D10_17	0.615	0.615	0.001	0.001	Positive
edge_1319	Sg_EM12_46	Sg_E10_50	-0.4696	0.4696	0.001	0.001	Negative
edge_1320	Sg_EM12_46	Sg_EA57_9	-0.4615	0.4615	0.001	0.001	Negative
edge_1321	Sg_EM12_46	Sg_EB13_4	0.5561	0.5561	0.001	0.001	Positive
edge_1322	Sg_EM12_46	Sg_EB21_10	-0.4004	0.4004	0.001	0.001	Negative
edge_1323	Sg_EM12_46	Sg_EM03_7	0.5115	0.5115	0.001	0.001	Positive
edge_1324	Sg_EM12_61	Gp_MJ1_272	0.4611	0.4611	0.001	0.001	Positive
edge_1325	Sg_EM12_61	Gp_YAB_333	-0.4727	0.4727	0.001	0.001	Negative
edge_1326	Sg_EM12_61	Sg_A17_17	0.4829	0.4829	0.001	0.001	Positive
edge_1327	Sg_EM12_61	Sg_A19_18	0.5205	0.5205	0.001	0.001	Positive
edge_1328	Sg_EM12_61	Sg_A20_2	-0.359	0.359	0.001	0.001	Negative
edge_1329	Sg_EM12_61	Sg_A22_8	0.4715	0.4715	0.001	0.001	Positive
edge_1330	Sg_EM12_61	Sg_A27_23	-0.404	0.404	0.001	0.001	Negative
edge_1331	Sg_EM12_61	Sg_A37_36	0.6	0.6	0.001	0.001	Positive
edge_1332	Sg_EM12_61	Sg_C02_30	-0.4218	0.4218	0.001	0.001	Negative
edge_1333	Sg_EM12_61	Sg_CD23A_20	0.5646	0.5646	0.001	0.001	Positive
edge_1334	Sg_EM12_61	Sg_CD25A_53	-0.437	0.437	0.001	0.001	Negative
edge_1335	Sg_EM12_61	Sg_CD27A_46	0.5184	0.5184	0.001	0.001	Positive
edge_1336	Sg_EM12_61	Sg_CG50A_49	-0.4988	0.4988	0.001	0.001	Negative
edge_1337	Sg_EM12_61	Sg_CM17_16	-0.5043	0.5043	0.001	0.001	Negative
edge_1338	Sg_EM12_61	Sg_CM33A_9	0.6097	0.6097	0.001	0.001	Positive
edge_1339	Sg_EM12_61	Sg_D02_32	0.6128	0.6128	0.001	0.001	Positive
edge_1340	Sg_EM12_61	Sg_E04_12	0.4099	0.4099	0.001	0.001	Positive
edge_1341	Sg_EM22_6	Gp_YAB_339	0.7725	0.7725	0.001	0.001	Positive
edge_1342	Sg_EM22_6	Gp_meta27_511	0.414	0.414	0.001	0.001	Positive
edge_1343	Sg_EM22_6	Sg_A11_12	0.8874	0.8874	0.001	0.001	Positive
edge_1344	Sg_EM22_6	Sg_A11_2	0.8864	0.8864	0.001	0.001	Positive
edge_1345	Sg_EM22_6	Sg_A19_36	0.4169	0.4169	0.001	0.001	Positive
edge_1346	Sg_EM22_6	Sg_B25_38	0.8179	0.8179	0.001	0.001	Positive
edge_1347	Sg_EM22_6	Sg_B27_18	0.4059	0.4059	0.001	0.001	Positive
edge_1348	Sg_EM22_6	Sg_C03_36	0.7666	0.7666	0.001	0.001	Positive
edge_1349	Sg_EM22_6	Sg_CB03_44	0.3715	0.3715	0.001	0.001	Positive
edge_1350	Sg_EM22_6	Sg_CG50A_74	0.9453	0.9453	0.001	0.001	Positive
edge_1351	Sg_EM22_6	Sg_CM31A_52	0.8367	0.8367	0.001	0.001	Positive
edge_1352	Sg_EM22_6	Sg_D09_14	0.7885	0.7885	0.001	0.001	Positive
edge_1353	Sg_EM22_6	Sg_EA47_17	0.7154	0.7154	0.001	0.001	Positive
edge_1354	Sg_EM22_6	Sg_EB09_7	0.8506	0.8506	0.001	0.001	Positive
edge_1355	Sg_EM25_40	Sg_A19_18	0.4823	0.4823	0.001	0.001	Positive
edge_1356	Sg_EM25_40	Sg_CA11_3	0.4532	0.4532	0.001	0.001	Positive
edge_1357	Sg_EM25_40	Sg_CD23A_20	0.4983	0.4983	0.001	0.001	Positive
edge_1358	Sg_EM25_40	Sg_CD30A_34	-0.4505	0.4505	0.001	0.001	Negative
edge_1359	Sg_EM25_40	Sg_CE19A_29	-0.4071	0.4071	0.001	0.001	Negative
edge_1360	Sg_EM25_40	Sg_CG50A_22	0.4814	0.4814	0.001	0.001	Positive
edge_1361	Sg_EM25_40	Sg_CM33A_9	0.5619	0.5619	0.001	0.001	Positive
edge_1362	Sg_EM30_38	Gp_YAB_333	0.4643	0.4643	0.001	0.001	Positive
edge_1363	Sg_EM30_38	Sg_A20_35	0.4812	0.4812	0.001	0.001	Positive
edge_1364	Sg_EM30_38	Sg_A27_23	0.5467	0.5467	0.001	0.001	Positive
edge_1365	Sg_EM30_38	Sg_A28_8	0.5905	0.5905	0.001	0.001	Positive
edge_1366	Sg_EM30_38	Sg_CD25A_53	0.5218	0.5218	0.001	0.001	Positive
edge_1367	Sg_EM30_38	Sg_CG50A_49	0.5151	0.5151	0.001	0.001	Positive
edge_1368	Sg_EM30_38	Sg_CK28A_47	0.4435	0.4435	0.001	0.001	Positive
edge_1369	Sg_EM30_38	Sg_CM17_16	0.5722	0.5722	0.001	0.001	Positive
edge_1370	Sg_EM34_4	Gp_YAB_339	0.6834	0.6834	0.001	0.001	Positive
edge_1371	Sg_EM34_4	Gp_meta27_511	0.6164	0.6164	0.001	0.001	Positive
edge_1372	Sg_EM34_4	Sg_A11_12	0.8834	0.8834	0.001	0.001	Positive
edge_1373	Sg_EM34_4	Sg_A11_2	0.6355	0.6355	0.001	0.001	Positive
edge_1374	Sg_EM34_4	Sg_A19_36	0.4713	0.4713	0.001	0.001	Positive
edge_1375	Sg_EM34_4	Sg_B07_38	0.4587	0.4587	0.001	0.001	Positive
edge_1376	Sg_EM34_4	Sg_B25_38	0.726	0.726	0.001	0.001	Positive
edge_1377	Sg_EM34_4	Sg_B27_18	0.4212	0.4212	0.001	0.001	Positive
edge_1378	Sg_EM34_4	Sg_C03_36	0.4884	0.4884	0.001	0.001	Positive
edge_1379	Sg_EM34_4	Sg_CG50A_74	0.7997	0.7997	0.001	0.001	Positive
edge_1380	Sg_EM34_4	Sg_CM31A_52	0.9016	0.9016	0.001	0.001	Positive
edge_1381	Sg_EM34_4	Sg_CM32A_49	0.446	0.446	0.001	0.001	Positive
edge_1382	Sg_EM34_4	Sg_D09_14	0.8248	0.8248	0.001	0.001	Positive
edge_1383	Sg_EM34_4	Sg_EA47_17	0.4951	0.4951	0.001	0.001	Positive
edge_1384	Sg_EM34_4	Sg_EB09_7	0.7127	0.7127	0.001	0.001	Positive
edge_1385	Sg_EM34_4	Sg_EM22_6	0.7541	0.7541	0.001	0.001	Positive
edge_1386	Sg_G06_49	Sg_A11_12	0.4781	0.4781	0.001	0.001	Positive
edge_1387	Sg_G06_49	Sg_B08_36	-0.385	0.385	0.001	0.001	Negative
edge_1388	Sg_G06_49	Sg_B25_38	0.414	0.414	0.001	0.001	Positive
edge_1389	Sg_G06_49	Sg_CG50A_74	0.4483	0.4483	0.001	0.001	Positive
edge_1390	Sg_G06_49	Sg_CM31A_52	0.4787	0.4787	0.001	0.001	Positive
edge_1391	Sg_G06_49	Sg_D09_14	0.5294	0.5294	0.001	0.001	Positive
edge_1392	Sg_G06_49	Sg_EB09_7	0.4168	0.4168	0.001	0.001	Positive
edge_1393	Sg_G06_49	Sg_EM22_6	0.4965	0.4965	0.001	0.001	Positive
edge_1394	Sg_G06_49	Sg_EM34_4	0.5479	0.5479	0.001	0.001	Positive
edge_1395	Sg_G06_9	Gp_MJ2_113	0.4429	0.4429	0.001	0.001	Positive
edge_1396	Sg_G06_9	Gp_MJ3_477	0.5893	0.5893	0.001	0.001	Positive
edge_1397	Sg_G06_9	Sg_B07_53	0.4349	0.4349	0.001	0.001	Positive
edge_1398	Sg_G06_9	Sg_B08_36	0.416	0.416	0.001	0.001	Positive
edge_1399	Sg_G06_9	Sg_B14_13	0.4559	0.4559	0.001	0.001	Positive
edge_1400	Sg_G06_9	Sg_B15_23	0.5108	0.5108	0.001	0.001	Positive
edge_1401	Sg_G06_9	Sg_CD23A_32	0.4438	0.4438	0.001	0.001	Positive
edge_1402	Sg_G06_9	Sg_CD30A_34	0.4758	0.4758	0.001	0.001	Positive
edge_1403	Sg_G06_9	Sg_CE19A_24	0.4407	0.4407	0.001	0.001	Positive
edge_1404	Sg_G06_9	Sg_CK05A_18	0.5109	0.5109	0.001	0.001	Positive
edge_1405	Sg_G06_9	Sg_CK52A_74	0.459	0.459	0.001	0.001	Positive
edge_1406	Sg_G06_9	Sg_CM21_15	0.4531	0.4531	0.001	0.001	Positive
edge_1407	Sg_G06_9	Sg_CM21_57	0.4996	0.4996	0.001	0.001	Positive
edge_1408	Sg_G06_9	Sg_D10_17	0.5291	0.5291	0.001	0.001	Positive
edge_1409	Sg_G06_9	Sg_EB13_4	0.5583	0.5583	0.001	0.001	Positive
edge_1410	Sg_G09_4	Gp_MJ1_12	-0.4641	0.4641	0.001	0.001	Negative
edge_1411	Sg_G09_4	Gp_MJ2_113	0.4678	0.4678	0.001	0.001	Positive
edge_1412	Sg_G09_4	Gp_MJ3_477	0.4214	0.4214	0.001	0.001	Positive
edge_1413	Sg_G09_4	Gp_meta27_16	-0.4314	0.4314	0.001	0.001	Negative
edge_1414	Sg_G09_4	Gp_meta27_511	0.5116	0.5116	0.001	0.001	Positive
edge_1415	Sg_G09_4	Sg_A24_54	-0.4282	0.4282	0.001	0.001	Negative
edge_1416	Sg_G09_4	Sg_A27_31	-0.4882	0.4882	0.001	0.001	Negative
edge_1417	Sg_G09_4	Sg_B07_62	0.4347	0.4347	0.001	0.001	Positive
edge_1418	Sg_G09_4	Sg_B15_23	0.3686	0.3686	0.001	0.001	Positive
edge_1419	Sg_G09_4	Sg_CA25_14	-0.4166	0.4166	0.001	0.001	Negative
edge_1420	Sg_G09_4	Sg_CD23A_32	0.4326	0.4326	0.001	0.001	Positive
edge_1421	Sg_G09_4	Sg_CD30A_34	0.3892	0.3892	0.001	0.001	Positive
edge_1422	Sg_G09_4	Sg_CM21_15	0.4064	0.4064	0.001	0.001	Positive
edge_1423	Sg_G09_4	Sg_EM12_46	0.4302	0.4302	0.001	0.001	Positive
edge_1424	Sg_G10_35	Sg_B26_35	0.4321	0.4321	0.001	0.001	Positive
edge_1425	Sg_G10_35	Sg_CM32A_49	0.4146	0.4146	0.001	0.001	Positive
edge_1426	Sg_G10_35	Sg_EB03_22	0.8103	0.8103	0.001	0.001	Positive
edge_1427	Sg_G11_20	Sg_B26_35	0.4496	0.4496	0.001	0.001	Positive
edge_1428	Sg_G18_1	Sg_A20_35	0.4591	0.4591	0.001	0.001	Positive
edge_1429	Sg_G18_1	Sg_A27_23	0.4164	0.4164	0.001	0.001	Positive
edge_1430	Sg_G18_1	Sg_CD23A_20	-0.403	0.403	0.001	0.001	Negative
edge_1431	Sg_G18_1	Sg_CM33A_9	-0.4635	0.4635	0.001	0.001	Negative
edge_1432	Sg_G18_19	Gp_MJ2_113	0.7106	0.7106	0.001	0.001	Positive
edge_1433	Sg_G18_19	Gp_MJ3_477	0.7166	0.7166	0.001	0.001	Positive
edge_1434	Sg_G18_19	Gp_meta27_511	0.6477	0.6477	0.001	0.001	Positive
edge_1435	Sg_G18_19	Sg_A24_54	-0.3894	0.3894	0.001	0.001	Negative
edge_1436	Sg_G18_19	Sg_B07_38	0.52	0.52	0.001	0.001	Positive
edge_1437	Sg_G18_19	Sg_B07_62	0.4797	0.4797	0.001	0.001	Positive
edge_1438	Sg_G18_19	Sg_B14_13	0.4246	0.4246	0.001	0.001	Positive
edge_1439	Sg_G18_19	Sg_B15_23	0.4963	0.4963	0.001	0.001	Positive
edge_1440	Sg_G18_19	Sg_B26_35	-0.4951	0.4951	0.001	0.001	Negative
edge_1441	Sg_G18_19	Sg_C14_34	-0.4523	0.4523	0.001	0.001	Negative
edge_1442	Sg_G18_19	Sg_CA13_9	-0.5324	0.5324	0.001	0.001	Negative
edge_1443	Sg_G18_19	Sg_CD23A_32	0.5425	0.5425	0.001	0.001	Positive
edge_1444	Sg_G18_19	Sg_CD24A_10	0.3786	0.3786	0.001	0.001	Positive
edge_1445	Sg_G18_19	Sg_CD30A_34	0.4938	0.4938	0.001	0.001	Positive
edge_1446	Sg_G18_19	Sg_CE19A_24	0.478	0.478	0.001	0.001	Positive
edge_1447	Sg_G18_19	Sg_CK51A_47	0.4499	0.4499	0.001	0.001	Positive
edge_1448	Sg_G18_19	Sg_CM21_15	0.5008	0.5008	0.001	0.001	Positive
edge_1449	Sg_G18_19	Sg_CM21_57	0.4646	0.4646	0.001	0.001	Positive
edge_1450	Sg_G18_19	Sg_D02_9	-0.4368	0.4368	0.001	0.001	Negative
edge_1451	Sg_G18_19	Sg_D10_17	0.4617	0.4617	0.001	0.001	Positive
edge_1452	Sg_G18_19	Sg_EA61_27	-0.4501	0.4501	0.001	0.001	Negative
edge_1453	Sg_G18_19	Sg_EB03_22	-0.4454	0.4454	0.001	0.001	Negative
edge_1454	Sg_G18_19	Sg_EB13_4	0.5337	0.5337	0.001	0.001	Positive
edge_1455	Sg_G18_19	Sg_G06_9	0.4622	0.4622	0.001	0.001	Positive
edge_1456	Sg_G18_19	Sg_G09_4	0.6223	0.6223	0.001	0.001	Positive
edge_1457	Sg_G19_41	Gp_MJ1_12	0.4455	0.4455	0.001	0.001	Positive
edge_1458	Sg_G19_41	Gp_MJ1_444	0.5118	0.5118	0.001	0.001	Positive
edge_1459	Sg_G19_41	Gp_MJ4_197	0.4519	0.4519	0.001	0.001	Positive
edge_1460	Sg_G19_41	Gp_NH_148	0.3886	0.3886	0.001	0.001	Positive
edge_1461	Sg_G19_41	Gp_meta27_16	0.4319	0.4319	0.001	0.001	Positive
edge_1462	Sg_G19_41	Sg_A11_10	0.429	0.429	0.001	0.001	Positive
edge_1463	Sg_G19_41	Sg_B07_12	-0.3897	0.3897	0.001	0.001	Negative
edge_1464	Sg_G19_41	Sg_CA11_52	0.4181	0.4181	0.001	0.001	Positive
edge_1465	Sg_G19_41	Sg_CA25_21	-0.3808	0.3808	0.001	0.001	Negative
edge_1466	Sg_G19_41	Sg_CA9_20	0.4064	0.4064	0.001	0.001	Positive
edge_1467	Sg_G19_41	Sg_CD26A_19	-0.5135	0.5135	0.001	0.001	Negative
edge_1468	Sg_G19_41	Sg_CK05A_18	-0.477	0.477	0.001	0.001	Negative
edge_1469	Sg_G19_41	Sg_CM21_15	-0.4629	0.4629	0.001	0.001	Negative
edge_1470	Sg_G19_41	Sg_CM31A_43	0.4007	0.4007	0.001	0.001	Positive
edge_1471	Sg_G19_41	Sg_D02_9	0.466	0.466	0.001	0.001	Positive
edge_1472	Sg_G19_41	Sg_E10_50	0.465	0.465	0.001	0.001	Positive
edge_1473	Sg_G19_41	Sg_EM12_46	-0.438	0.438	0.001	0.001	Negative
edge_1474	Sg_G21_58	Sg_B15_35	-0.4049	0.4049	0.001	0.001	Negative
edge_1475	Sg_G21_58	Sg_B26_35	0.3926	0.3926	0.001	0.001	Positive
edge_1476	Sg_G21_58	Sg_C02_30	0.6709	0.6709	0.001	0.001	Positive
edge_1477	Sg_G21_58	Sg_C14_34	0.3899	0.3899	0.001	0.001	Positive
edge_1478	Sg_G21_58	Sg_CA11_3	0.5907	0.5907	0.001	0.001	Positive
edge_1479	Sg_G21_58	Sg_CA13_9	0.4982	0.4982	0.001	0.001	Positive
edge_1480	Sg_G21_58	Sg_CM17_16	0.4189	0.4189	0.001	0.001	Positive
edge_1481	Sg_G21_58	Sg_D03_78	0.5783	0.5783	0.001	0.001	Positive
edge_1482	Sg_G22_16	Gp_YAB_339	0.8182	0.8182	0.001	0.001	Positive
edge_1483	Sg_G22_16	Gp_meta27_511	0.5238	0.5238	0.001	0.001	Positive
edge_1484	Sg_G22_16	Sg_A11_12	0.9066	0.9066	0.001	0.001	Positive
edge_1485	Sg_G22_16	Sg_A11_2	0.8378	0.8378	0.001	0.001	Positive
edge_1486	Sg_G22_16	Sg_A19_36	0.4244	0.4244	0.001	0.001	Positive
edge_1487	Sg_G22_16	Sg_B25_38	0.9045	0.9045	0.001	0.001	Positive
edge_1488	Sg_G22_16	Sg_C03_36	0.6528	0.6528	0.001	0.001	Positive
edge_1489	Sg_G22_16	Sg_CG50A_74	0.8682	0.8682	0.001	0.001	Positive
edge_1490	Sg_G22_16	Sg_CM31A_52	0.8768	0.8768	0.001	0.001	Positive
edge_1491	Sg_G22_16	Sg_D09_14	0.8562	0.8562	0.001	0.001	Positive
edge_1492	Sg_G22_16	Sg_EA47_17	0.7759	0.7759	0.001	0.001	Positive
edge_1493	Sg_G22_16	Sg_EB09_7	0.905	0.905	0.001	0.001	Positive
edge_1494	Sg_G22_16	Sg_EM22_6	0.8492	0.8492	0.001	0.001	Positive
edge_1495	Sg_G22_16	Sg_EM34_4	0.7707	0.7707	0.001	0.001	Positive
edge_1496	Sg_G22_16	Sg_G06_49	0.3947	0.3947	0.001	0.001	Positive
edge_1497	Sg_G26_10	Gp_MJ1_444	-0.463	0.463	0.001	0.001	Negative
edge_1498	Sg_G26_10	Sg_A20_2	0.4602	0.4602	0.001	0.001	Positive
edge_1499	Sg_G26_10	Sg_A22_8	-0.4277	0.4277	0.001	0.001	Negative
edge_1500	Sg_G26_10	Sg_B03_29	0.6456	0.6456	0.001	0.001	Positive
edge_1501	Sg_G26_10	Sg_B07_12	0.4578	0.4578	0.001	0.001	Positive
edge_1502	Sg_G26_10	Sg_B15_25	-0.3468	0.3468	0.001	0.001	Negative
edge_1503	Sg_G26_10	Sg_B15_35	-0.5574	0.5574	0.001	0.001	Negative
edge_1504	Sg_G26_10	Sg_C04_33	0.4074	0.4074	0.001	0.001	Positive
edge_1505	Sg_G26_10	Sg_CE19A_29	0.4078	0.4078	0.001	0.001	Positive
edge_1506	Sg_G26_10	Sg_CE19A_36	-0.4178	0.4178	0.001	0.001	Negative
edge_1507	Sg_G26_10	Sg_CK52A_43	0.4194	0.4194	0.001	0.001	Positive
edge_1508	Sg_G26_10	Sg_CM17_7	0.5145	0.5145	0.001	0.001	Positive
edge_1509	Sg_G26_10	Sg_CM29A_16	0.472	0.472	0.001	0.001	Positive
edge_1510	Sg_G26_10	Sg_CM32A_49	-0.5289	0.5289	0.001	0.001	Negative
edge_1511	Sg_G26_10	Sg_CM33A_60	0.4645	0.4645	0.001	0.001	Positive
edge_1512	Sg_G26_10	Sg_E04_12	-0.4489	0.4489	0.001	0.001	Negative
edge_1513	Sg_G26_10	Sg_EA57_9	-0.4501	0.4501	0.001	0.001	Negative
edge_1514	Sg_G26_10	Sg_EM03_7	0.4633	0.4633	0.001	0.001	Positive
edge_1515	Sg_G26_22	Gp_MJ1_12	-0.471	0.471	0.001	0.001	Negative
edge_1516	Sg_G26_22	Gp_MJ2_113	0.7072	0.7072	0.001	0.001	Positive
edge_1517	Sg_G26_22	Gp_MJ3_477	0.5893	0.5893	0.001	0.001	Positive
edge_1518	Sg_G26_22	Sg_B07_12	0.6111	0.6111	0.001	0.001	Positive
edge_1519	Sg_G26_22	Sg_B07_53	0.6509	0.6509	0.001	0.001	Positive
edge_1520	Sg_G26_22	Sg_B07_62	0.7004	0.7004	0.001	0.001	Positive
edge_1521	Sg_G26_22	Sg_B08_36	0.5527	0.5527	0.001	0.001	Positive
edge_1522	Sg_G26_22	Sg_B14_13	0.7267	0.7267	0.001	0.001	Positive
edge_1523	Sg_G26_22	Sg_B15_23	0.8079	0.8079	0.001	0.001	Positive
edge_1524	Sg_G26_22	Sg_CA13_9	-0.4146	0.4146	0.001	0.001	Negative
edge_1525	Sg_G26_22	Sg_CA25_21	0.6787	0.6787	0.001	0.001	Positive
edge_1526	Sg_G26_22	Sg_CD23A_32	0.4954	0.4954	0.001	0.001	Positive
edge_1527	Sg_G26_22	Sg_CD24A_10	0.6063	0.6063	0.001	0.001	Positive
edge_1528	Sg_G26_22	Sg_CD30A_34	0.8232	0.8232	0.001	0.001	Positive
edge_1529	Sg_G26_22	Sg_CE19A_15	0.4728	0.4728	0.001	0.001	Positive
edge_1530	Sg_G26_22	Sg_CE19A_24	0.6401	0.6401	0.001	0.001	Positive
edge_1531	Sg_G26_22	Sg_CE19A_29	0.5207	0.5207	0.001	0.001	Positive
edge_1532	Sg_G26_22	Sg_CK05A_18	0.7458	0.7458	0.001	0.001	Positive
edge_1533	Sg_G26_22	Sg_CK52A_74	0.6217	0.6217	0.001	0.001	Positive
edge_1534	Sg_G26_22	Sg_CM21_15	0.6437	0.6437	0.001	0.001	Positive
edge_1535	Sg_G26_22	Sg_CM21_57	0.7915	0.7915	0.001	0.001	Positive
edge_1536	Sg_G26_22	Sg_D10_17	0.7588	0.7588	0.001	0.001	Positive
edge_1537	Sg_G26_22	Sg_EA61_27	-0.444	0.444	0.001	0.001	Negative
edge_1538	Sg_G26_22	Sg_EB03_22	-0.5063	0.5063	0.001	0.001	Negative
edge_1539	Sg_G26_22	Sg_EB13_4	0.7731	0.7731	0.001	0.001	Positive
edge_1540	Sg_G26_22	Sg_EM12_46	0.5846	0.5846	0.001	0.001	Positive
edge_1541	Sg_G26_22	Sg_G06_9	0.4338	0.4338	0.001	0.001	Positive
edge_1542	Sg_G26_22	Sg_G18_19	0.5216	0.5216	0.001	0.001	Positive
edge_1543	Sg_G26_28	Gp_YAB_333	-0.5426	0.5426	0.001	0.001	Negative
edge_1544	Sg_G26_28	Sg_A17_17	0.4707	0.4707	0.001	0.001	Positive
edge_1545	Sg_G26_28	Sg_A19_12	0.5322	0.5322	0.001	0.001	Positive
edge_1546	Sg_G26_28	Sg_A19_18	0.6438	0.6438	0.001	0.001	Positive
edge_1547	Sg_G26_28	Sg_A19_51	0.5442	0.5442	0.001	0.001	Positive
edge_1548	Sg_G26_28	Sg_A20_2	-0.3717	0.3717	0.001	0.001	Negative
edge_1549	Sg_G26_28	Sg_A22_19	0.5214	0.5214	0.001	0.001	Positive
edge_1550	Sg_G26_28	Sg_A22_3	0.4065	0.4065	0.001	0.001	Positive
edge_1551	Sg_G26_28	Sg_A22_8	0.5209	0.5209	0.001	0.001	Positive
edge_1552	Sg_G26_28	Sg_A27_23	-0.4326	0.4326	0.001	0.001	Negative
edge_1553	Sg_G26_28	Sg_A28_8	-0.5203	0.5203	0.001	0.001	Negative
edge_1554	Sg_G26_28	Sg_B15_35	0.438	0.438	0.001	0.001	Positive
edge_1555	Sg_G26_28	Sg_CA9_20	0.5735	0.5735	0.001	0.001	Positive
edge_1556	Sg_G26_28	Sg_CD23A_20	0.6557	0.6557	0.001	0.001	Positive
edge_1557	Sg_G26_28	Sg_CD25A_53	-0.4154	0.4154	0.001	0.001	Negative
edge_1558	Sg_G26_28	Sg_CE19A_36	0.6581	0.6581	0.001	0.001	Positive
edge_1559	Sg_G26_28	Sg_CG50A_49	-0.4979	0.4979	0.001	0.001	Negative
edge_1560	Sg_G26_28	Sg_CK28A_36	0.5509	0.5509	0.001	0.001	Positive
edge_1561	Sg_G26_28	Sg_CM17_16	-0.5883	0.5883	0.001	0.001	Negative
edge_1562	Sg_G26_28	Sg_CM33A_9	0.6016	0.6016	0.001	0.001	Positive
edge_1563	Sg_G26_28	Sg_D02_32	0.5945	0.5945	0.001	0.001	Positive
edge_1564	Sg_G26_28	Sg_D18_45	0.4104	0.4104	0.001	0.001	Positive
edge_1565	Sg_G26_28	Sg_E04_12	0.5361	0.5361	0.001	0.001	Positive
edge_1566	Sg_G26_28	Sg_E10_50	0.4518	0.4518	0.001	0.001	Positive
edge_1567	Sg_G29_33	Sg_B19_40	0.6456	0.6456	0.001	0.001	Positive
edge_1568	Sg_G29_33	Sg_E06_24	0.694	0.694	0.001	0.001	Positive
edge_1569	Sg_G29_33	Sg_EA61_27	0.5855	0.5855	0.001	0.001	Positive
edge_1570	Sg_G29_33	Sg_EB10_11	0.7689	0.7689	0.001	0.001	Positive
edge_1571	Sg_G29_33	Sg_EB21_10	0.6248	0.6248	0.001	0.001	Positive
edge_1572	Sg_G33_7	Gp_MJ1_444	-0.4179	0.4179	0.001	0.001	Negative
edge_1573	Sg_G33_7	Gp_MJ4_65	-0.4978	0.4978	0.001	0.001	Negative
edge_1574	Sg_G33_7	Sg_A19_11	-0.4496	0.4496	0.001	0.001	Negative
edge_1575	Sg_G33_7	Sg_B03_29	0.4935	0.4935	0.001	0.001	Positive
edge_1576	Sg_G33_7	Sg_B27_18	-0.5198	0.5198	0.001	0.001	Negative
edge_1577	Sg_G33_7	Sg_CB03_44	-0.4278	0.4278	0.001	0.001	Negative
edge_1578	Sg_G33_7	Sg_CM32A_49	-0.4908	0.4908	0.001	0.001	Negative
edge_1579	Sg_G33_7	Sg_CM33A_60	0.4346	0.4346	0.001	0.001	Positive
edge_1580	Sg_G33_7	Sg_D09_14	-0.4601	0.4601	0.001	0.001	Negative
edge_1581	Sg_G33_7	Sg_E06_10	0.4722	0.4722	0.001	0.001	Positive
edge_1582	Sg_G33_7	Sg_EA57_9	-0.489	0.489	0.001	0.001	Negative
edge_1583	Sg_G33_7	Sg_EM03_7	0.4472	0.4472	0.001	0.001	Positive
edge_1584	Sg_G33_7	Sg_G26_10	0.4462	0.4462	0.001	0.001	Positive
edge_1585	Sg_G39_28	Sg_B07_12	0.5299	0.5299	0.001	0.001	Positive
edge_1586	Sg_G39_28	Sg_B15_52	-0.437	0.437	0.001	0.001	Negative
edge_1587	Sg_G39_28	Sg_CA25_21	0.4569	0.4569	0.001	0.001	Positive
edge_1588	Sg_G39_28	Sg_CD26A_19	0.5005	0.5005	0.001	0.001	Positive
edge_1589	Sg_G39_28	Sg_CE19A_29	0.4828	0.4828	0.001	0.001	Positive
edge_1590	Sg_G39_28	Sg_CM32A_49	-0.3891	0.3891	0.001	0.001	Negative
edge_1591	Sg_G39_28	Sg_D02_32	-0.4042	0.4042	0.001	0.001	Negative
edge_1592	Sg_G39_28	Sg_EM03_7	0.5648	0.5648	0.001	0.001	Positive
edge_1593	Sg_G39_28	Sg_EM12_46	0.4881	0.4881	0.001	0.001	Positive
edge_1594	Sg_G43_29	Gp_MJ1_12	-0.5385	0.5385	0.001	0.001	Negative
edge_1595	Sg_G43_29	Gp_MJ1_444	-0.4969	0.4969	0.001	0.001	Negative
edge_1596	Sg_G43_29	Gp_MJ2_113	0.4296	0.4296	0.001	0.001	Positive
edge_1597	Sg_G43_29	Gp_YAB_333	0.5866	0.5866	0.001	0.001	Positive
edge_1598	Sg_G43_29	Sg_A19_11	-0.4453	0.4453	0.001	0.001	Negative
edge_1599	Sg_G43_29	Sg_A19_18	-0.4546	0.4546	0.001	0.001	Negative
edge_1600	Sg_G43_29	Sg_A20_2	0.6143	0.6143	0.001	0.001	Positive
edge_1601	Sg_G43_29	Sg_A22_8	-0.5143	0.5143	0.001	0.001	Negative
edge_1602	Sg_G43_29	Sg_A27_23	0.5389	0.5389	0.001	0.001	Positive
edge_1603	Sg_G43_29	Sg_B07_12	0.5514	0.5514	0.001	0.001	Positive
edge_1604	Sg_G43_29	Sg_B07_53	0.4172	0.4172	0.001	0.001	Positive
edge_1605	Sg_G43_29	Sg_B15_22	-0.3751	0.3751	0.001	0.001	Negative
edge_1606	Sg_G43_29	Sg_B15_23	0.5038	0.5038	0.001	0.001	Positive
edge_1607	Sg_G43_29	Sg_CA25_21	0.4654	0.4654	0.001	0.001	Positive
edge_1608	Sg_G43_29	Sg_CB03_47	-0.4595	0.4595	0.001	0.001	Negative
edge_1609	Sg_G43_29	Sg_CD23A_20	-0.4394	0.4394	0.001	0.001	Negative
edge_1610	Sg_G43_29	Sg_CD24A_10	0.5656	0.5656	0.001	0.001	Positive
edge_1611	Sg_G43_29	Sg_CD25A_53	0.5319	0.5319	0.001	0.001	Positive
edge_1612	Sg_G43_29	Sg_CD26A_19	0.4468	0.4468	0.001	0.001	Positive
edge_1613	Sg_G43_29	Sg_CD30A_34	0.5105	0.5105	0.001	0.001	Positive
edge_1614	Sg_G43_29	Sg_CE19A_15	0.3891	0.3891	0.001	0.001	Positive
edge_1615	Sg_G43_29	Sg_CG50A_49	0.431	0.431	0.001	0.001	Positive
edge_1616	Sg_G43_29	Sg_CK05A_18	0.5237	0.5237	0.001	0.001	Positive
edge_1617	Sg_G43_29	Sg_CM21_15	0.4538	0.4538	0.001	0.001	Positive
edge_1618	Sg_G43_29	Sg_CM21_57	0.4622	0.4622	0.001	0.001	Positive
edge_1619	Sg_G43_29	Sg_CM31A_43	-0.4434	0.4434	0.001	0.001	Negative
edge_1620	Sg_G43_29	Sg_CM33A_9	-0.4456	0.4456	0.001	0.001	Negative
edge_1621	Sg_G43_29	Sg_D02_32	-0.5213	0.5213	0.001	0.001	Negative
edge_1622	Sg_G43_29	Sg_D10_17	0.5444	0.5444	0.001	0.001	Positive
edge_1623	Sg_G43_29	Sg_E10_50	-0.4173	0.4173	0.001	0.001	Negative
edge_1624	Sg_G43_29	Sg_EA57_9	-0.5069	0.5069	0.001	0.001	Negative
edge_1625	Sg_G43_29	Sg_EB13_4	0.5608	0.5608	0.001	0.001	Positive
edge_1626	Sg_G43_29	Sg_EB21_10	-0.5057	0.5057	0.001	0.001	Negative
edge_1627	Sg_G43_29	Sg_EM03_7	0.4453	0.4453	0.001	0.001	Positive
edge_1628	Sg_G43_29	Sg_EM12_46	0.5843	0.5843	0.001	0.001	Positive
edge_1629	Sg_G43_29	Sg_G26_22	0.4902	0.4902	0.001	0.001	Positive
edge_1630	Sg_G46_28	Sg_CA40A_55	0.4174	0.4174	0.001	0.001	Positive
edge_1631	Sg_G46_28	Sg_CD25A_53	0.4507	0.4507	0.001	0.001	Positive
edge_1632	Sg_G46_28	Sg_G43_29	0.4875	0.4875	0.001	0.001	Positive
edge_1633	Sg_G47_17	Gp_MJ2_113	0.5239	0.5239	0.001	0.001	Positive
edge_1634	Sg_G47_17	Gp_MJ3_477	0.5983	0.5983	0.001	0.001	Positive
edge_1635	Sg_G47_17	Sg_A17_17	0.457	0.457	0.001	0.001	Positive
edge_1636	Sg_G47_17	Sg_A22_19	0.4007	0.4007	0.001	0.001	Positive
edge_1637	Sg_G47_17	Sg_B03_38	-0.4505	0.4505	0.001	0.001	Negative
edge_1638	Sg_G47_17	Sg_B19_40	-0.3837	0.3837	0.001	0.001	Negative
edge_1639	Sg_G47_17	Sg_B25_10	0.5375	0.5375	0.001	0.001	Positive
edge_1640	Sg_G47_17	Sg_B26_35	-0.4954	0.4954	0.001	0.001	Negative
edge_1641	Sg_G47_17	Sg_C04_33	-0.3947	0.3947	0.001	0.001	Negative
edge_1642	Sg_G47_17	Sg_C14_34	-0.4424	0.4424	0.001	0.001	Negative
edge_1643	Sg_G47_17	Sg_CA40A_55	-0.3958	0.3958	0.001	0.001	Negative
edge_1644	Sg_G47_17	Sg_CE19A_36	0.5394	0.5394	0.001	0.001	Positive
edge_1645	Sg_G47_17	Sg_CM17_58	-0.4025	0.4025	0.001	0.001	Negative
edge_1646	Sg_G47_17	Sg_CM17_7	-0.3959	0.3959	0.001	0.001	Negative
edge_1647	Sg_G47_17	Sg_CM35A_15	-0.5774	0.5774	0.001	0.001	Negative
edge_1648	Sg_G47_17	Sg_E04_12	0.4339	0.4339	0.001	0.001	Positive
edge_1649	Sg_G47_17	Sg_EB13_4	0.4211	0.4211	0.001	0.001	Positive
edge_1650	Sg_G47_17	Sg_G06_9	0.4203	0.4203	0.001	0.001	Positive
edge_1651	Sg_G47_17	Sg_G18_19	0.5261	0.5261	0.001	0.001	Positive
edge_1652	Sg_H04_45	Sg_A22_8	-0.4339	0.4339	0.001	0.001	Negative
edge_1653	Sg_H04_45	Sg_A28_8	0.4495	0.4495	0.001	0.001	Positive
edge_1654	Sg_H04_45	Sg_A37_36	-0.4382	0.4382	0.001	0.001	Negative
edge_1655	Sg_H04_45	Sg_C02_30	0.8261	0.8261	0.001	0.001	Positive
edge_1656	Sg_H04_45	Sg_CA11_3	0.5773	0.5773	0.001	0.001	Positive
edge_1657	Sg_H04_45	Sg_CA13_9	0.4059	0.4059	0.001	0.001	Positive
edge_1658	Sg_H04_45	Sg_CM17_16	0.4927	0.4927	0.001	0.001	Positive
edge_1659	Sg_H04_45	Sg_D03_78	0.6062	0.6062	0.001	0.001	Positive
edge_1660	Sg_H04_45	Sg_G21_58	0.7208	0.7208	0.001	0.001	Positive
edge_1661	Sg_I01_33	Sg_A19_18	-0.4621	0.4621	0.001	0.001	Negative
edge_1662	Sg_I01_33	Sg_CD23A_20	-0.4156	0.4156	0.001	0.001	Negative
edge_1663	Sg_I01_33	Sg_CD26A_19	0.4626	0.4626	0.001	0.001	Positive
edge_1664	Sg_I01_33	Sg_CE19A_15	0.4688	0.4688	0.001	0.001	Positive
edge_1665	Sg_I01_33	Sg_CM32A_26	-0.4285	0.4285	0.001	0.001	Negative
edge_1666	Sg_I01_33	Sg_CM33A_9	-0.4968	0.4968	0.001	0.001	Negative
edge_1667	Sg_I01_33	Sg_D02_32	-0.3862	0.3862	0.001	0.001	Negative
edge_1668	Sg_I01_33	Sg_EM03_7	0.4388	0.4388	0.001	0.001	Positive
edge_1669	Sg_I01_33	Sg_EM12_46	0.3895	0.3895	0.001	0.001	Positive
edge_1670	Sg_I01_33	Sg_G39_28	0.4611	0.4611	0.001	0.001	Positive
edge_1671	Sg_I05_27	Gp_MJ1_12	-0.4846	0.4846	0.001	0.001	Negative
edge_1672	Sg_I05_27	Gp_MJ1_272	-0.4509	0.4509	0.001	0.001	Negative
edge_1673	Sg_I05_27	Gp_MJ1_444	-0.4169	0.4169	0.001	0.001	Negative
edge_1674	Sg_I05_27	Gp_NH_148	-0.3754	0.3754	0.001	0.001	Negative
edge_1675	Sg_I05_27	Gp_meta27_511	0.4995	0.4995	0.001	0.001	Positive
edge_1676	Sg_I05_27	Sg_A11_10	-0.4402	0.4402	0.001	0.001	Negative
edge_1677	Sg_I05_27	Sg_A17_17	-0.4673	0.4673	0.001	0.001	Negative
edge_1678	Sg_I05_27	Sg_A20_2	0.3948	0.3948	0.001	0.001	Positive
edge_1679	Sg_I05_27	Sg_A22_8	-0.5021	0.5021	0.001	0.001	Negative
edge_1680	Sg_I05_27	Sg_B15_35	-0.4598	0.4598	0.001	0.001	Negative
edge_1681	Sg_I05_27	Sg_CA11_52	-0.4397	0.4397	0.001	0.001	Negative
edge_1682	Sg_I05_27	Sg_CA9_20	-0.5492	0.5492	0.001	0.001	Negative
edge_1683	Sg_I05_27	Sg_CD23A_20	-0.4316	0.4316	0.001	0.001	Negative
edge_1684	Sg_I05_27	Sg_CM17_7	0.4753	0.4753	0.001	0.001	Positive
edge_1685	Sg_I05_27	Sg_CM31A_43	-0.4666	0.4666	0.001	0.001	Negative
edge_1686	Sg_I05_27	Sg_D02_32	-0.5462	0.5462	0.001	0.001	Negative
edge_1687	Sg_I05_27	Sg_E04_12	-0.4926	0.4926	0.001	0.001	Negative
edge_1688	Sg_I05_27	Sg_E10_50	-0.3729	0.3729	0.001	0.001	Negative
edge_1689	Sg_I05_27	Sg_EM34_4	0.4042	0.4042	0.001	0.001	Positive
edge_1690	Sg_I05_27	Sg_G09_4	0.4537	0.4537	0.001	0.001	Positive
edge_1691	Sg_I05_27	Sg_G18_19	0.46	0.46	0.001	0.001	Positive
edge_1692	Sg_I05_27	Sg_G22_16	0.3892	0.3892	0.001	0.001	Positive
edge_1693	Sg_I05_65	Gp_MJ3_477	-0.3997	0.3997	0.001	0.001	Negative
edge_1694	Sg_I05_65	Sg_B26_35	0.3907	0.3907	0.001	0.001	Positive
edge_1695	Sg_I05_65	Sg_CM29A_16	0.4185	0.4185	0.001	0.001	Positive
edge_1696	Sg_I06_25	Gp_MJ1_12	0.525	0.525	0.001	0.001	Positive
edge_1697	Sg_I06_25	Gp_MJ1_272	0.5214	0.5214	0.001	0.001	Positive
edge_1698	Sg_I06_25	Gp_MJ1_444	0.5175	0.5175	0.001	0.001	Positive
edge_1699	Sg_I06_25	Gp_YAB_333	-0.4364	0.4364	0.001	0.001	Negative
edge_1700	Sg_I06_25	Sg_A11_10	0.6225	0.6225	0.001	0.001	Positive
edge_1701	Sg_I06_25	Sg_A17_17	0.6187	0.6187	0.001	0.001	Positive
edge_1702	Sg_I06_25	Sg_A19_12	0.4868	0.4868	0.001	0.001	Positive
edge_1703	Sg_I06_25	Sg_A19_18	0.6341	0.6341	0.001	0.001	Positive
edge_1704	Sg_I06_25	Sg_A19_51	0.5421	0.5421	0.001	0.001	Positive
edge_1705	Sg_I06_25	Sg_A20_2	-0.5059	0.5059	0.001	0.001	Negative
edge_1706	Sg_I06_25	Sg_A20_35	-0.3941	0.3941	0.001	0.001	Negative
edge_1707	Sg_I06_25	Sg_A22_3	0.461	0.461	0.001	0.001	Positive
edge_1708	Sg_I06_25	Sg_A22_8	0.6659	0.6659	0.001	0.001	Positive
edge_1709	Sg_I06_25	Sg_A27_23	-0.4764	0.4764	0.001	0.001	Negative
edge_1710	Sg_I06_25	Sg_B03_29	-0.4964	0.4964	0.001	0.001	Negative
edge_1711	Sg_I06_25	Sg_B15_25	0.3999	0.3999	0.001	0.001	Positive
edge_1712	Sg_I06_25	Sg_B15_35	0.6064	0.6064	0.001	0.001	Positive
edge_1713	Sg_I06_25	Sg_B15_52	0.4971	0.4971	0.001	0.001	Positive
edge_1714	Sg_I06_25	Sg_C04_33	-0.4134	0.4134	0.001	0.001	Negative
edge_1715	Sg_I06_25	Sg_CA11_52	0.5027	0.5027	0.001	0.001	Positive
edge_1716	Sg_I06_25	Sg_CA40A_55	-0.4586	0.4586	0.001	0.001	Negative
edge_1717	Sg_I06_25	Sg_CA9_20	0.5701	0.5701	0.001	0.001	Positive
edge_1718	Sg_I06_25	Sg_CD23A_20	0.7204	0.7204	0.001	0.001	Positive
edge_1719	Sg_I06_25	Sg_CD25A_53	-0.4824	0.4824	0.001	0.001	Negative
edge_1720	Sg_I06_25	Sg_CE19A_36	0.6194	0.6194	0.001	0.001	Positive
edge_1721	Sg_I06_25	Sg_CG50A_49	-0.4783	0.4783	0.001	0.001	Negative
edge_1722	Sg_I06_25	Sg_CM17_16	-0.427	0.427	0.001	0.001	Negative
edge_1723	Sg_I06_25	Sg_CM17_7	-0.4521	0.4521	0.001	0.001	Negative
edge_1724	Sg_I06_25	Sg_CM31A_43	0.518	0.518	0.001	0.001	Positive
edge_1725	Sg_I06_25	Sg_CM33A_9	0.6406	0.6406	0.001	0.001	Positive
edge_1726	Sg_I06_25	Sg_D02_32	0.7244	0.7244	0.001	0.001	Positive
edge_1727	Sg_I06_25	Sg_D03_75	0.4782	0.4782	0.001	0.001	Positive
edge_1728	Sg_I06_25	Sg_D18_45	0.3975	0.3975	0.001	0.001	Positive
edge_1729	Sg_I06_25	Sg_E04_12	0.6024	0.6024	0.001	0.001	Positive
edge_1730	Sg_I06_25	Sg_E10_50	0.4524	0.4524	0.001	0.001	Positive
edge_1731	Sg_I06_25	Sg_EA57_9	0.4508	0.4508	0.001	0.001	Positive
edge_1732	Sg_I06_25	Sg_G26_28	0.5518	0.5518	0.001	0.001	Positive
edge_1733	Sg_I06_25	Sg_G43_29	-0.4382	0.4382	0.001	0.001	Negative
edge_1734	Sg_I06_25	Sg_I05_27	-0.5993	0.5993	0.001	0.001	Negative
edge_1735	Sg_I07_11	Gp_YAB_339	0.7266	0.7266	0.001	0.001	Positive
edge_1736	Sg_I07_11	Gp_meta27_511	0.5889	0.5889	0.001	0.001	Positive
edge_1737	Sg_I07_11	Sg_A11_12	0.9004	0.9004	0.001	0.001	Positive
edge_1738	Sg_I07_11	Sg_A11_2	0.6744	0.6744	0.001	0.001	Positive
edge_1739	Sg_I07_11	Sg_A19_36	0.4294	0.4294	0.001	0.001	Positive
edge_1740	Sg_I07_11	Sg_B25_38	0.7087	0.7087	0.001	0.001	Positive
edge_1741	Sg_I07_11	Sg_C03_36	0.5071	0.5071	0.001	0.001	Positive
edge_1742	Sg_I07_11	Sg_CB03_44	0.3889	0.3889	0.001	0.001	Positive
edge_1743	Sg_I07_11	Sg_CG50A_74	0.8423	0.8423	0.001	0.001	Positive
edge_1744	Sg_I07_11	Sg_CM31A_52	0.8808	0.8808	0.001	0.001	Positive
edge_1745	Sg_I07_11	Sg_D09_14	0.7469	0.7469	0.001	0.001	Positive
edge_1746	Sg_I07_11	Sg_EA47_17	0.4826	0.4826	0.001	0.001	Positive
edge_1747	Sg_I07_11	Sg_EB09_7	0.7037	0.7037	0.001	0.001	Positive
edge_1748	Sg_I07_11	Sg_EM22_6	0.7923	0.7923	0.001	0.001	Positive
edge_1749	Sg_I07_11	Sg_EM34_4	0.9464	0.9464	0.001	0.001	Positive
edge_1750	Sg_I07_11	Sg_G06_49	0.4697	0.4697	0.001	0.001	Positive
edge_1751	Sg_I07_11	Sg_G18_19	0.3903	0.3903	0.001	0.001	Positive
edge_1752	Sg_I07_11	Sg_G22_16	0.7692	0.7692	0.001	0.001	Positive
edge_1753	Sg_I07_11	Sg_I05_27	0.4752	0.4752	0.001	0.001	Positive
edge_1754	Sg_I09_29	Sg_CE19A_24	0.4114	0.4114	0.001	0.001	Positive
edge_1755	Sg_I12_32	Gp_MJ1_272	0.4375	0.4375	0.001	0.001	Positive
edge_1756	Sg_I12_32	Gp_MJ1_444	0.5733	0.5733	0.001	0.001	Positive
edge_1757	Sg_I12_32	Gp_MJ4_65	0.4791	0.4791	0.001	0.001	Positive
edge_1758	Sg_I12_32	Gp_YAB_333	-0.5941	0.5941	0.001	0.001	Negative
edge_1759	Sg_I12_32	Sg_A11_10	0.453	0.453	0.001	0.001	Positive
edge_1760	Sg_I12_32	Sg_A17_17	0.6543	0.6543	0.001	0.001	Positive
edge_1761	Sg_I12_32	Sg_A19_11	0.3889	0.3889	0.001	0.001	Positive
edge_1762	Sg_I12_32	Sg_A19_12	0.5964	0.5964	0.001	0.001	Positive
edge_1763	Sg_I12_32	Sg_A19_18	0.6064	0.6064	0.001	0.001	Positive
edge_1764	Sg_I12_32	Sg_A19_51	0.7399	0.7399	0.001	0.001	Positive
edge_1765	Sg_I12_32	Sg_A20_2	-0.6066	0.6066	0.001	0.001	Negative
edge_1766	Sg_I12_32	Sg_A20_35	-0.5264	0.5264	0.001	0.001	Negative
edge_1767	Sg_I12_32	Sg_A22_3	0.4984	0.4984	0.001	0.001	Positive
edge_1768	Sg_I12_32	Sg_A22_8	0.563	0.563	0.001	0.001	Positive
edge_1769	Sg_I12_32	Sg_A27_23	-0.5601	0.5601	0.001	0.001	Negative
edge_1770	Sg_I12_32	Sg_A28_8	-0.5533	0.5533	0.001	0.001	Negative
edge_1771	Sg_I12_32	Sg_B03_29	-0.5962	0.5962	0.001	0.001	Negative
edge_1772	Sg_I12_32	Sg_B07_38	0.5965	0.5965	0.001	0.001	Positive
edge_1773	Sg_I12_32	Sg_B15_22	0.4903	0.4903	0.001	0.001	Positive
edge_1774	Sg_I12_32	Sg_B15_35	0.5537	0.5537	0.001	0.001	Positive
edge_1775	Sg_I12_32	Sg_B15_52	0.6652	0.6652	0.001	0.001	Positive
edge_1776	Sg_I12_32	Sg_B25_10	0.5056	0.5056	0.001	0.001	Positive
edge_1777	Sg_I12_32	Sg_B26_35	-0.4399	0.4399	0.001	0.001	Negative
edge_1778	Sg_I12_32	Sg_C04_33	-0.4487	0.4487	0.001	0.001	Negative
edge_1779	Sg_I12_32	Sg_CA11_52	0.4495	0.4495	0.001	0.001	Positive
edge_1780	Sg_I12_32	Sg_CA9_20	0.4168	0.4168	0.001	0.001	Positive
edge_1781	Sg_I12_32	Sg_CB03_47	0.4612	0.4612	0.001	0.001	Positive
edge_1782	Sg_I12_32	Sg_CD23A_20	0.7801	0.7801	0.001	0.001	Positive
edge_1783	Sg_I12_32	Sg_CD25A_53	-0.5961	0.5961	0.001	0.001	Negative
edge_1784	Sg_I12_32	Sg_CD26A_19	-0.4626	0.4626	0.001	0.001	Negative
edge_1785	Sg_I12_32	Sg_CD27A_46	0.5588	0.5588	0.001	0.001	Positive
edge_1786	Sg_I12_32	Sg_CE19A_36	0.8403	0.8403	0.001	0.001	Positive
edge_1787	Sg_I12_32	Sg_CG50A_49	-0.7267	0.7267	0.001	0.001	Negative
edge_1788	Sg_I12_32	Sg_CK28A_36	0.42	0.42	0.001	0.001	Positive
edge_1789	Sg_I12_32	Sg_CM17_16	-0.6229	0.6229	0.001	0.001	Negative
edge_1790	Sg_I12_32	Sg_CM31A_43	0.4551	0.4551	0.001	0.001	Positive
edge_1791	Sg_I12_32	Sg_CM32A_26	0.5674	0.5674	0.001	0.001	Positive
edge_1792	Sg_I12_32	Sg_CM32A_49	0.5485	0.5485	0.001	0.001	Positive
edge_1793	Sg_I12_32	Sg_CM33A_9	0.8119	0.8119	0.001	0.001	Positive
edge_1794	Sg_I12_32	Sg_D02_32	0.6956	0.6956	0.001	0.001	Positive
edge_1795	Sg_I12_32	Sg_E04_12	0.6048	0.6048	0.001	0.001	Positive
edge_1796	Sg_I12_32	Sg_E10_50	0.4174	0.4174	0.001	0.001	Positive
edge_1797	Sg_I12_32	Sg_EA57_9	0.5017	0.5017	0.001	0.001	Positive
edge_1798	Sg_I12_32	Sg_EM03_7	-0.5175	0.5175	0.001	0.001	Negative
edge_1799	Sg_I12_32	Sg_EM12_61	0.4401	0.4401	0.001	0.001	Positive
edge_1800	Sg_I12_32	Sg_G26_10	-0.4294	0.4294	0.001	0.001	Negative
edge_1801	Sg_I12_32	Sg_G26_28	0.5417	0.5417	0.001	0.001	Positive
edge_1802	Sg_I12_32	Sg_I01_33	-0.3999	0.3999	0.001	0.001	Negative
edge_1803	Sg_I12_32	Sg_I06_25	0.6463	0.6463	0.001	0.001	Positive
edge_1804	Sg_I12_44	Gp_MJ1_12	-0.6175	0.6175	0.001	0.001	Negative
edge_1805	Sg_I12_44	Gp_MJ1_444	-0.6198	0.6198	0.001	0.001	Negative
edge_1806	Sg_I12_44	Gp_MJ4_65	-0.5891	0.5891	0.001	0.001	Negative
edge_1807	Sg_I12_44	Gp_NH_148	-0.4523	0.4523	0.001	0.001	Negative
edge_1808	Sg_I12_44	Gp_YAB_333	0.4185	0.4185	0.001	0.001	Positive
edge_1809	Sg_I12_44	Sg_A11_10	-0.4346	0.4346	0.001	0.001	Negative
edge_1810	Sg_I12_44	Sg_A17_17	-0.4509	0.4509	0.001	0.001	Negative
edge_1811	Sg_I12_44	Sg_A19_11	-0.4993	0.4993	0.001	0.001	Negative
edge_1812	Sg_I12_44	Sg_A19_18	-0.4426	0.4426	0.001	0.001	Negative
edge_1813	Sg_I12_44	Sg_A20_2	0.4877	0.4877	0.001	0.001	Positive
edge_1814	Sg_I12_44	Sg_A22_3	-0.42	0.42	0.001	0.001	Negative
edge_1815	Sg_I12_44	Sg_A22_8	-0.5624	0.5624	0.001	0.001	Negative
edge_1816	Sg_I12_44	Sg_A27_31	-0.4098	0.4098	0.001	0.001	Negative
edge_1817	Sg_I12_44	Sg_B03_29	0.4563	0.4563	0.001	0.001	Positive
edge_1818	Sg_I12_44	Sg_B07_12	0.6901	0.6901	0.001	0.001	Positive
edge_1819	Sg_I12_44	Sg_B07_53	0.4768	0.4768	0.001	0.001	Positive
edge_1820	Sg_I12_44	Sg_B07_62	0.5329	0.5329	0.001	0.001	Positive
edge_1821	Sg_I12_44	Sg_B14_13	0.4958	0.4958	0.001	0.001	Positive
edge_1822	Sg_I12_44	Sg_B15_22	-0.5911	0.5911	0.001	0.001	Negative
edge_1823	Sg_I12_44	Sg_B15_23	0.5323	0.5323	0.001	0.001	Positive
edge_1824	Sg_I12_44	Sg_B15_35	-0.5551	0.5551	0.001	0.001	Negative
edge_1825	Sg_I12_44	Sg_B27_18	-0.3659	0.3659	0.001	0.001	Negative
edge_1826	Sg_I12_44	Sg_CA11_52	-0.5654	0.5654	0.001	0.001	Negative
edge_1827	Sg_I12_44	Sg_CA25_21	0.5985	0.5985	0.001	0.001	Positive
edge_1828	Sg_I12_44	Sg_CA9_20	-0.4746	0.4746	0.001	0.001	Negative
edge_1829	Sg_I12_44	Sg_CB03_44	-0.4416	0.4416	0.001	0.001	Negative
edge_1830	Sg_I12_44	Sg_CD23A_20	-0.5061	0.5061	0.001	0.001	Negative
edge_1831	Sg_I12_44	Sg_CD24A_10	0.5049	0.5049	0.001	0.001	Positive
edge_1832	Sg_I12_44	Sg_CD25A_53	0.4356	0.4356	0.001	0.001	Positive
edge_1833	Sg_I12_44	Sg_CD26A_19	0.6648	0.6648	0.001	0.001	Positive
edge_1834	Sg_I12_44	Sg_CD27A_46	-0.4946	0.4946	0.001	0.001	Negative
edge_1835	Sg_I12_44	Sg_CD30A_34	0.5601	0.5601	0.001	0.001	Positive
edge_1836	Sg_I12_44	Sg_CE19A_15	0.5695	0.5695	0.001	0.001	Positive
edge_1837	Sg_I12_44	Sg_CE19A_29	0.585	0.585	0.001	0.001	Positive
edge_1838	Sg_I12_44	Sg_CE19A_36	-0.3979	0.3979	0.001	0.001	Negative
edge_1839	Sg_I12_44	Sg_CK05A_18	0.5298	0.5298	0.001	0.001	Positive
edge_1840	Sg_I12_44	Sg_CM21_15	0.5089	0.5089	0.001	0.001	Positive
edge_1841	Sg_I12_44	Sg_CM31A_43	-0.5453	0.5453	0.001	0.001	Negative
edge_1842	Sg_I12_44	Sg_CM32A_49	-0.6169	0.6169	0.001	0.001	Negative
edge_1843	Sg_I12_44	Sg_CM33A_9	-0.4432	0.4432	0.001	0.001	Negative
edge_1844	Sg_I12_44	Sg_D02_32	-0.5369	0.5369	0.001	0.001	Negative
edge_1845	Sg_I12_44	Sg_D02_9	-0.4069	0.4069	0.001	0.001	Negative
edge_1846	Sg_I12_44	Sg_D03_75	-0.3835	0.3835	0.001	0.001	Negative
edge_1847	Sg_I12_44	Sg_D10_17	0.4767	0.4767	0.001	0.001	Positive
edge_1848	Sg_I12_44	Sg_E10_50	-0.5113	0.5113	0.001	0.001	Negative
edge_1849	Sg_I12_44	Sg_EA57_9	-0.6963	0.6963	0.001	0.001	Negative
edge_1850	Sg_I12_44	Sg_EB08_12	-0.5032	0.5032	0.001	0.001	Negative
edge_1851	Sg_I12_44	Sg_EB13_4	0.5263	0.5263	0.001	0.001	Positive
edge_1852	Sg_I12_44	Sg_EM03_7	0.698	0.698	0.001	0.001	Positive
edge_1853	Sg_I12_44	Sg_EM12_46	0.6184	0.6184	0.001	0.001	Positive
edge_1854	Sg_I12_44	Sg_G09_4	0.4811	0.4811	0.001	0.001	Positive
edge_1855	Sg_I12_44	Sg_G19_41	-0.4802	0.4802	0.001	0.001	Negative
edge_1856	Sg_I12_44	Sg_G26_10	0.4917	0.4917	0.001	0.001	Positive
edge_1857	Sg_I12_44	Sg_G26_22	0.5642	0.5642	0.001	0.001	Positive
edge_1858	Sg_I12_44	Sg_G33_7	0.4933	0.4933	0.001	0.001	Positive
edge_1859	Sg_I12_44	Sg_G39_28	0.6766	0.6766	0.001	0.001	Positive
edge_1860	Sg_I12_44	Sg_I12_32	-0.4782	0.4782	0.001	0.001	Negative
edge_1861	Sg_I12_6	Sg_B07_53	-0.4992	0.4992	0.001	0.001	Negative
edge_1862	Sg_I12_6	Sg_B19_40	0.8347	0.8347	0.001	0.001	Positive
edge_1863	Sg_I12_6	Sg_CB03_47	0.6496	0.6496	0.001	0.001	Positive
edge_1864	Sg_I12_6	Sg_CK51A_47	-0.556	0.556	0.001	0.001	Negative
edge_1865	Sg_I12_6	Sg_D10_17	-0.4119	0.4119	0.001	0.001	Negative
edge_1866	Sg_I12_6	Sg_E06_24	0.8682	0.8682	0.001	0.001	Positive
edge_1867	Sg_I12_6	Sg_EA61_27	0.7815	0.7815	0.001	0.001	Positive
edge_1868	Sg_I12_6	Sg_EB10_11	0.8138	0.8138	0.001	0.001	Positive
edge_1869	Sg_I12_6	Sg_EB21_10	0.674	0.674	0.001	0.001	Positive
edge_1870	Sg_I12_6	Sg_G29_33	0.6145	0.6145	0.001	0.001	Positive
edge_1871	Sg_K01_3	Sg_B26_38	0.4977	0.4977	0.001	0.001	Positive
edge_1872	Sg_K01_3	Sg_CM30A_3	0.4761	0.4761	0.001	0.001	Positive
edge_1873	Sg_K01_5	Sg_B19_40	0.8752	0.8752	0.001	0.001	Positive
edge_1874	Sg_K01_5	Sg_CB03_47	0.4547	0.4547	0.001	0.001	Positive
edge_1875	Sg_K01_5	Sg_CK51A_47	-0.4715	0.4715	0.001	0.001	Negative
edge_1876	Sg_K01_5	Sg_E06_24	0.8652	0.8652	0.001	0.001	Positive
edge_1877	Sg_K01_5	Sg_EA61_27	0.7916	0.7916	0.001	0.001	Positive
edge_1878	Sg_K01_5	Sg_EB10_11	0.9324	0.9324	0.001	0.001	Positive
edge_1879	Sg_K01_5	Sg_EB21_10	0.7344	0.7344	0.001	0.001	Positive
edge_1880	Sg_K01_5	Sg_G29_33	0.8631	0.8631	0.001	0.001	Positive
edge_1881	Sg_K01_5	Sg_I12_6	0.8226	0.8226	0.001	0.001	Positive
edge_1882	Sg_K09_1	Gp_MJ1_12	0.5349	0.5349	0.001	0.001	Positive
edge_1883	Sg_K09_1	Gp_MJ1_272	0.5154	0.5154	0.001	0.001	Positive
edge_1884	Sg_K09_1	Gp_MJ1_444	0.651	0.651	0.001	0.001	Positive
edge_1885	Sg_K09_1	Gp_MJ4_65	0.4202	0.4202	0.001	0.001	Positive
edge_1886	Sg_K09_1	Gp_YAB_333	-0.6009	0.6009	0.001	0.001	Negative
edge_1887	Sg_K09_1	Sg_A11_10	0.5085	0.5085	0.001	0.001	Positive
edge_1888	Sg_K09_1	Sg_A17_17	0.6428	0.6428	0.001	0.001	Positive
edge_1889	Sg_K09_1	Sg_A19_11	0.4282	0.4282	0.001	0.001	Positive
edge_1890	Sg_K09_1	Sg_A19_12	0.4988	0.4988	0.001	0.001	Positive
edge_1891	Sg_K09_1	Sg_A19_18	0.5806	0.5806	0.001	0.001	Positive
edge_1892	Sg_K09_1	Sg_A19_51	0.5307	0.5307	0.001	0.001	Positive
edge_1893	Sg_K09_1	Sg_A20_2	-0.5494	0.5494	0.001	0.001	Negative
edge_1894	Sg_K09_1	Sg_A22_19	0.5865	0.5865	0.001	0.001	Positive
edge_1895	Sg_K09_1	Sg_A22_3	0.5517	0.5517	0.001	0.001	Positive
edge_1896	Sg_K09_1	Sg_A22_8	0.7203	0.7203	0.001	0.001	Positive
edge_1897	Sg_K09_1	Sg_A27_23	-0.5616	0.5616	0.001	0.001	Negative
edge_1898	Sg_K09_1	Sg_A27_31	0.4388	0.4388	0.001	0.001	Positive
edge_1899	Sg_K09_1	Sg_B03_29	-0.5439	0.5439	0.001	0.001	Negative
edge_1900	Sg_K09_1	Sg_B07_12	-0.5345	0.5345	0.001	0.001	Negative
edge_1901	Sg_K09_1	Sg_B15_22	0.402	0.402	0.001	0.001	Positive
edge_1902	Sg_K09_1	Sg_B15_35	0.7379	0.7379	0.001	0.001	Positive
edge_1903	Sg_K09_1	Sg_B15_52	0.5656	0.5656	0.001	0.001	Positive
edge_1904	Sg_K09_1	Sg_C04_33	-0.5725	0.5725	0.001	0.001	Negative
edge_1905	Sg_K09_1	Sg_CA11_52	0.4799	0.4799	0.001	0.001	Positive
edge_1906	Sg_K09_1	Sg_CA9_20	0.6065	0.6065	0.001	0.001	Positive
edge_1907	Sg_K09_1	Sg_CB03_47	0.4864	0.4864	0.001	0.001	Positive
edge_1908	Sg_K09_1	Sg_CD23A_20	0.7189	0.7189	0.001	0.001	Positive
edge_1909	Sg_K09_1	Sg_CD25A_53	-0.6761	0.6761	0.001	0.001	Negative
edge_1910	Sg_K09_1	Sg_CD26A_19	-0.4698	0.4698	0.001	0.001	Negative
edge_1911	Sg_K09_1	Sg_CD27A_46	0.5708	0.5708	0.001	0.001	Positive
edge_1912	Sg_K09_1	Sg_CE19A_29	-0.4429	0.4429	0.001	0.001	Negative
edge_1913	Sg_K09_1	Sg_CE19A_36	0.6084	0.6084	0.001	0.001	Positive
edge_1914	Sg_K09_1	Sg_CG50A_49	-0.597	0.597	0.001	0.001	Negative
edge_1915	Sg_K09_1	Sg_CM17_16	-0.4609	0.4609	0.001	0.001	Negative
edge_1916	Sg_K09_1	Sg_CM29A_16	-0.3815	0.3815	0.001	0.001	Negative
edge_1917	Sg_K09_1	Sg_CM31A_43	0.5398	0.5398	0.001	0.001	Positive
edge_1918	Sg_K09_1	Sg_CM32A_49	0.5889	0.5889	0.001	0.001	Positive
edge_1919	Sg_K09_1	Sg_CM33A_9	0.5805	0.5805	0.001	0.001	Positive
edge_1920	Sg_K09_1	Sg_D02_32	0.7427	0.7427	0.001	0.001	Positive
edge_1921	Sg_K09_1	Sg_D18_45	0.4608	0.4608	0.001	0.001	Positive
edge_1922	Sg_K09_1	Sg_E04_12	0.6779	0.6779	0.001	0.001	Positive
edge_1923	Sg_K09_1	Sg_E10_50	0.5205	0.5205	0.001	0.001	Positive
edge_1924	Sg_K09_1	Sg_EA47_9	0.5594	0.5594	0.001	0.001	Positive
edge_1925	Sg_K09_1	Sg_EA57_9	0.5483	0.5483	0.001	0.001	Positive
edge_1926	Sg_K09_1	Sg_EM03_7	-0.5372	0.5372	0.001	0.001	Negative
edge_1927	Sg_K09_1	Sg_EM12_46	-0.4871	0.4871	0.001	0.001	Negative
edge_1928	Sg_K09_1	Sg_EM12_61	0.4919	0.4919	0.001	0.001	Positive
edge_1929	Sg_K09_1	Sg_G26_10	-0.4394	0.4394	0.001	0.001	Negative
edge_1930	Sg_K09_1	Sg_G26_28	0.5232	0.5232	0.001	0.001	Positive
edge_1931	Sg_K09_1	Sg_G43_29	-0.5595	0.5595	0.001	0.001	Negative
edge_1932	Sg_K09_1	Sg_I05_27	-0.4685	0.4685	0.001	0.001	Negative
edge_1933	Sg_K09_1	Sg_I06_25	0.6396	0.6396	0.001	0.001	Positive
edge_1934	Sg_K09_1	Sg_I12_32	0.6544	0.6544	0.001	0.001	Positive
edge_1935	Sg_K09_1	Sg_I12_44	-0.5572	0.5572	0.001	0.001	Negative
edge_1936	Sg_K09_61	Gp_YAB_339	0.7945	0.7945	0.001	0.001	Positive
edge_1937	Sg_K09_61	Gp_meta27_511	0.411	0.411	0.001	0.001	Positive
edge_1938	Sg_K09_61	Sg_A11_12	0.9335	0.9335	0.001	0.001	Positive
edge_1939	Sg_K09_61	Sg_A11_2	0.844	0.844	0.001	0.001	Positive
edge_1940	Sg_K09_61	Sg_A19_36	0.4409	0.4409	0.001	0.001	Positive
edge_1941	Sg_K09_61	Sg_B25_38	0.8633	0.8633	0.001	0.001	Positive
edge_1942	Sg_K09_61	Sg_B27_18	0.3896	0.3896	0.001	0.001	Positive
edge_1943	Sg_K09_61	Sg_C03_36	0.6917	0.6917	0.001	0.001	Positive
edge_1944	Sg_K09_61	Sg_CG50A_74	0.8958	0.8958	0.001	0.001	Positive
edge_1945	Sg_K09_61	Sg_CM31A_52	0.8658	0.8658	0.001	0.001	Positive
edge_1946	Sg_K09_61	Sg_D09_14	0.8215	0.8215	0.001	0.001	Positive
edge_1947	Sg_K09_61	Sg_EA47_17	0.7947	0.7947	0.001	0.001	Positive
edge_1948	Sg_K09_61	Sg_EB09_7	0.9089	0.9089	0.001	0.001	Positive
edge_1949	Sg_K09_61	Sg_EM22_6	0.8921	0.8921	0.001	0.001	Positive
edge_1950	Sg_K09_61	Sg_EM34_4	0.7933	0.7933	0.001	0.001	Positive
edge_1951	Sg_K09_61	Sg_G06_49	0.4511	0.4511	0.001	0.001	Positive
edge_1952	Sg_K09_61	Sg_G22_16	0.9029	0.9029	0.001	0.001	Positive
edge_1953	Sg_K09_61	Sg_I07_11	0.7978	0.7978	0.001	0.001	Positive
edge_1954	Sg_K10_28	Gp_MJ3_477	-0.4861	0.4861	0.001	0.001	Negative
edge_1955	Sg_K10_28	Gp_YAB_333	0.6195	0.6195	0.001	0.001	Positive
edge_1956	Sg_K10_28	Sg_A17_17	-0.4736	0.4736	0.001	0.001	Negative
edge_1957	Sg_K10_28	Sg_A19_12	-0.5606	0.5606	0.001	0.001	Negative
edge_1958	Sg_K10_28	Sg_A19_51	-0.5634	0.5634	0.001	0.001	Negative
edge_1959	Sg_K10_28	Sg_A20_2	0.414	0.414	0.001	0.001	Positive
edge_1960	Sg_K10_28	Sg_A20_35	0.6758	0.6758	0.001	0.001	Positive
edge_1961	Sg_K10_28	Sg_A22_19	-0.4292	0.4292	0.001	0.001	Negative
edge_1962	Sg_K10_28	Sg_A27_23	0.6214	0.6214	0.001	0.001	Positive
edge_1963	Sg_K10_28	Sg_A28_8	0.9256	0.9256	0.001	0.001	Positive
edge_1964	Sg_K10_28	Sg_B07_38	-0.3808	0.3808	0.001	0.001	Negative
edge_1965	Sg_K10_28	Sg_B15_52	-0.4904	0.4904	0.001	0.001	Negative
edge_1966	Sg_K10_28	Sg_B26_35	0.4586	0.4586	0.001	0.001	Positive
edge_1967	Sg_K10_28	Sg_C02_30	0.4168	0.4168	0.001	0.001	Positive
edge_1968	Sg_K10_28	Sg_CD23A_20	-0.4316	0.4316	0.001	0.001	Negative
edge_1969	Sg_K10_28	Sg_CD25A_53	0.4987	0.4987	0.001	0.001	Positive
edge_1970	Sg_K10_28	Sg_CE19A_36	-0.6418	0.6418	0.001	0.001	Negative
edge_1971	Sg_K10_28	Sg_CG50A_49	0.7198	0.7198	0.001	0.001	Positive
edge_1972	Sg_K10_28	Sg_CK28A_36	-0.5311	0.5311	0.001	0.001	Negative
edge_1973	Sg_K10_28	Sg_CK28A_47	0.4149	0.4149	0.001	0.001	Positive
edge_1974	Sg_K10_28	Sg_CM17_16	0.871	0.871	0.001	0.001	Positive
edge_1975	Sg_K10_28	Sg_D02_32	-0.5098	0.5098	0.001	0.001	Negative
edge_1976	Sg_K10_28	Sg_EM03_4	0.4602	0.4602	0.001	0.001	Positive
edge_1977	Sg_K10_28	Sg_EM30_38	0.5897	0.5897	0.001	0.001	Positive
edge_1978	Sg_K10_28	Sg_G06_9	-0.4209	0.4209	0.001	0.001	Negative
edge_1979	Sg_K10_28	Sg_G18_1	0.3694	0.3694	0.001	0.001	Positive
edge_1980	Sg_K10_28	Sg_G18_19	-0.4352	0.4352	0.001	0.001	Negative
edge_1981	Sg_K10_28	Sg_G26_22	-0.3639	0.3639	0.001	0.001	Negative
edge_1982	Sg_K10_28	Sg_G26_28	-0.5125	0.5125	0.001	0.001	Negative
edge_1983	Sg_K10_28	Sg_I12_32	-0.5193	0.5193	0.001	0.001	Negative
edge_1984	Sg_K14_18	Gp_MJ2_113	-0.4948	0.4948	0.001	0.001	Negative
edge_1985	Sg_K14_18	Sg_B07_62	-0.5502	0.5502	0.001	0.001	Negative
edge_1986	Sg_K14_18	Sg_B15_23	-0.5174	0.5174	0.001	0.001	Negative
edge_1987	Sg_K14_18	Sg_B26_35	0.5315	0.5315	0.001	0.001	Positive
edge_1988	Sg_K14_18	Sg_CA25_21	-0.4264	0.4264	0.001	0.001	Negative
edge_1989	Sg_K14_18	Sg_CD30A_34	-0.5246	0.5246	0.001	0.001	Negative
edge_1990	Sg_K14_18	Sg_CK05A_18	-0.4145	0.4145	0.001	0.001	Negative
edge_1991	Sg_K14_18	Sg_CM21_15	-0.4654	0.4654	0.001	0.001	Negative
edge_1992	Sg_K14_18	Sg_CM21_57	-0.4569	0.4569	0.001	0.001	Negative
edge_1993	Sg_K14_18	Sg_CM32A_49	0.462	0.462	0.001	0.001	Positive
edge_1994	Sg_K14_18	Sg_D10_17	-0.5174	0.5174	0.001	0.001	Negative
edge_1995	Sg_K14_18	Sg_EB03_22	0.8876	0.8876	0.001	0.001	Positive
edge_1996	Sg_K14_18	Sg_EB13_4	-0.469	0.469	0.001	0.001	Negative
edge_1997	Sg_K14_18	Sg_G10_35	0.8276	0.8276	0.001	0.001	Positive
edge_1998	Sg_K14_18	Sg_G18_19	-0.4336	0.4336	0.001	0.001	Negative
edge_1999	Sg_K14_18	Sg_G26_22	-0.5182	0.5182	0.001	0.001	Negative
edge_2000	Sg_K15_44	Gp_MJ1_12	0.7905	0.7905	0.001	0.001	Positive
edge_2001	Sg_K15_44	Gp_MJ1_272	0.5412	0.5412	0.001	0.001	Positive
edge_2002	Sg_K15_44	Gp_MJ1_444	0.758	0.758	0.001	0.001	Positive
edge_2003	Sg_K15_44	Gp_MJ4_197	0.5463	0.5463	0.001	0.001	Positive
edge_2004	Sg_K15_44	Gp_NH_148	0.433	0.433	0.001	0.001	Positive
edge_2005	Sg_K15_44	Gp_YAB_333	-0.5426	0.5426	0.001	0.001	Negative
edge_2006	Sg_K15_44	Sg_A07_40	0.4934	0.4934	0.001	0.001	Positive
edge_2007	Sg_K15_44	Sg_A11_10	0.6403	0.6403	0.001	0.001	Positive
edge_2008	Sg_K15_44	Sg_A17_17	0.4715	0.4715	0.001	0.001	Positive
edge_2009	Sg_K15_44	Sg_A19_12	0.4224	0.4224	0.001	0.001	Positive
edge_2010	Sg_K15_44	Sg_A19_18	0.6806	0.6806	0.001	0.001	Positive
edge_2011	Sg_K15_44	Sg_A19_51	0.5073	0.5073	0.001	0.001	Positive
edge_2012	Sg_K15_44	Sg_A20_2	-0.6114	0.6114	0.001	0.001	Negative
edge_2013	Sg_K15_44	Sg_A22_3	0.4248	0.4248	0.001	0.001	Positive
edge_2014	Sg_K15_44	Sg_A22_8	0.8139	0.8139	0.001	0.001	Positive
edge_2015	Sg_K15_44	Sg_A27_23	-0.5249	0.5249	0.001	0.001	Negative
edge_2016	Sg_K15_44	Sg_A27_31	0.6499	0.6499	0.001	0.001	Positive
edge_2017	Sg_K15_44	Sg_B03_29	-0.4978	0.4978	0.001	0.001	Negative
edge_2018	Sg_K15_44	Sg_B04_2	0.4855	0.4855	0.001	0.001	Positive
edge_2019	Sg_K15_44	Sg_B07_12	-0.5872	0.5872	0.001	0.001	Negative
edge_2020	Sg_K15_44	Sg_B14_13	-0.406	0.406	0.001	0.001	Negative
edge_2021	Sg_K15_44	Sg_B15_23	-0.4818	0.4818	0.001	0.001	Negative
edge_2022	Sg_K15_44	Sg_B15_35	0.542	0.542	0.001	0.001	Positive
edge_2023	Sg_K15_44	Sg_C04_33	-0.44	0.44	0.001	0.001	Negative
edge_2024	Sg_K15_44	Sg_CA11_52	0.5711	0.5711	0.001	0.001	Positive
edge_2025	Sg_K15_44	Sg_CA9_20	0.5981	0.5981	0.001	0.001	Positive
edge_2026	Sg_K15_44	Sg_CD22A_27	0.4988	0.4988	0.001	0.001	Positive
edge_2027	Sg_K15_44	Sg_CD23A_20	0.7836	0.7836	0.001	0.001	Positive
edge_2028	Sg_K15_44	Sg_CD24A_10	-0.3745	0.3745	0.001	0.001	Negative
edge_2029	Sg_K15_44	Sg_CD25A_53	-0.6018	0.6018	0.001	0.001	Negative
edge_2030	Sg_K15_44	Sg_CD26A_19	-0.5558	0.5558	0.001	0.001	Negative
edge_2031	Sg_K15_44	Sg_CD27A_46	0.4831	0.4831	0.001	0.001	Positive
edge_2032	Sg_K15_44	Sg_CD30A_34	-0.5239	0.5239	0.001	0.001	Negative
edge_2033	Sg_K15_44	Sg_CE19A_15	-0.4723	0.4723	0.001	0.001	Negative
edge_2034	Sg_K15_44	Sg_CE19A_29	-0.4922	0.4922	0.001	0.001	Negative
edge_2035	Sg_K15_44	Sg_CE19A_36	0.5579	0.5579	0.001	0.001	Positive
edge_2036	Sg_K15_44	Sg_CG50A_49	-0.4695	0.4695	0.001	0.001	Negative
edge_2037	Sg_K15_44	Sg_CK05A_18	-0.4394	0.4394	0.001	0.001	Negative
edge_2038	Sg_K15_44	Sg_CM17_7	-0.4376	0.4376	0.001	0.001	Negative
edge_2039	Sg_K15_44	Sg_CM21_15	-0.4543	0.4543	0.001	0.001	Negative
edge_2040	Sg_K15_44	Sg_CM31A_43	0.562	0.562	0.001	0.001	Positive
edge_2041	Sg_K15_44	Sg_CM32A_49	0.5079	0.5079	0.001	0.001	Positive
edge_2042	Sg_K15_44	Sg_CM33A_9	0.649	0.649	0.001	0.001	Positive
edge_2043	Sg_K15_44	Sg_D02_32	0.7229	0.7229	0.001	0.001	Positive
edge_2044	Sg_K15_44	Sg_D02_9	0.4122	0.4122	0.001	0.001	Positive
edge_2045	Sg_K15_44	Sg_D03_75	0.5319	0.5319	0.001	0.001	Positive
edge_2046	Sg_K15_44	Sg_D10_17	-0.4697	0.4697	0.001	0.001	Negative
edge_2047	Sg_K15_44	Sg_D18_45	0.5184	0.5184	0.001	0.001	Positive
edge_2048	Sg_K15_44	Sg_E04_12	0.5529	0.5529	0.001	0.001	Positive
edge_2049	Sg_K15_44	Sg_E10_50	0.7181	0.7181	0.001	0.001	Positive
edge_2050	Sg_K15_44	Sg_EA47_9	0.4758	0.4758	0.001	0.001	Positive
edge_2051	Sg_K15_44	Sg_EA57_9	0.5821	0.5821	0.001	0.001	Positive
edge_2052	Sg_K15_44	Sg_EB13_4	-0.461	0.461	0.001	0.001	Negative
edge_2053	Sg_K15_44	Sg_EM03_7	-0.5058	0.5058	0.001	0.001	Negative
edge_2054	Sg_K15_44	Sg_EM12_46	-0.5913	0.5913	0.001	0.001	Negative
edge_2055	Sg_K15_44	Sg_EM12_61	0.4717	0.4717	0.001	0.001	Positive
edge_2056	Sg_K15_44	Sg_G09_4	-0.4256	0.4256	0.001	0.001	Negative
edge_2057	Sg_K15_44	Sg_G19_41	0.4403	0.4403	0.001	0.001	Positive
edge_2058	Sg_K15_44	Sg_G26_28	0.5185	0.5185	0.001	0.001	Positive
edge_2059	Sg_K15_44	Sg_G43_29	-0.6014	0.6014	0.001	0.001	Negative
edge_2060	Sg_K15_44	Sg_I05_27	-0.5495	0.5495	0.001	0.001	Negative
edge_2061	Sg_K15_44	Sg_I06_25	0.7284	0.7284	0.001	0.001	Positive
edge_2062	Sg_K15_44	Sg_I12_32	0.5866	0.5866	0.001	0.001	Positive
edge_2063	Sg_K15_44	Sg_I12_44	-0.5849	0.5849	0.001	0.001	Negative
edge_2064	Sg_K15_44	Sg_K09_1	0.6792	0.6792	0.001	0.001	Positive
edge_2065	Sg_K16_17	Sg_B03_38	0.4234	0.4234	0.001	0.001	Positive
edge_2066	Sg_K16_17	Sg_EM03_4	0.4499	0.4499	0.001	0.001	Positive
edge_2067	Sg_K16_50	Sg_B14_1	0.6396	0.6396	0.001	0.001	Positive
edge_2068	Sg_K16_53	Sg_CA13_9	0.7277	0.7277	0.001	0.001	Positive
edge_2069	Sg_K16_53	Sg_CK05A_18	-0.4251	0.4251	0.001	0.001	Negative
edge_2070	Sg_K16_53	Sg_CK52A_74	-0.4036	0.4036	0.001	0.001	Negative
edge_2071	Sg_K16_53	Sg_CM21_57	-0.3888	0.3888	0.001	0.001	Negative
edge_2072	Sg_K16_53	Sg_G18_19	-0.4429	0.4429	0.001	0.001	Negative
edge_2073	Sg_K16_53	Sg_G21_58	0.3546	0.3546	0.001	0.001	Positive
edge_2074	Sg_K17_22	Gp_MJ1_12	-0.5088	0.5088	0.001	0.001	Negative
edge_2075	Sg_K17_22	Gp_MJ1_444	-0.648	0.648	0.001	0.001	Negative
edge_2076	Sg_K17_22	Gp_MJ4_65	-0.3994	0.3994	0.001	0.001	Negative
edge_2077	Sg_K17_22	Gp_NH_148	-0.438	0.438	0.001	0.001	Negative
edge_2078	Sg_K17_22	Sg_A11_10	-0.4359	0.4359	0.001	0.001	Negative
edge_2079	Sg_K17_22	Sg_A17_17	-0.433	0.433	0.001	0.001	Negative
edge_2080	Sg_K17_22	Sg_A20_2	0.4201	0.4201	0.001	0.001	Positive
edge_2081	Sg_K17_22	Sg_A22_3	-0.4065	0.4065	0.001	0.001	Negative
edge_2082	Sg_K17_22	Sg_A22_8	-0.4991	0.4991	0.001	0.001	Negative
edge_2083	Sg_K17_22	Sg_B07_12	0.6082	0.6082	0.001	0.001	Positive
edge_2084	Sg_K17_22	Sg_B07_53	0.4464	0.4464	0.001	0.001	Positive
edge_2085	Sg_K17_22	Sg_B15_23	0.5118	0.5118	0.001	0.001	Positive
edge_2086	Sg_K17_22	Sg_B15_35	-0.5378	0.5378	0.001	0.001	Negative
edge_2087	Sg_K17_22	Sg_B15_52	-0.4044	0.4044	0.001	0.001	Negative
edge_2088	Sg_K17_22	Sg_CA25_21	0.4257	0.4257	0.001	0.001	Positive
edge_2089	Sg_K17_22	Sg_CB03_47	-0.4228	0.4228	0.001	0.001	Negative
edge_2090	Sg_K17_22	Sg_CD23A_20	-0.4559	0.4559	0.001	0.001	Negative
edge_2091	Sg_K17_22	Sg_CD26A_19	0.5599	0.5599	0.001	0.001	Positive
edge_2092	Sg_K17_22	Sg_CD30A_34	0.5305	0.5305	0.001	0.001	Positive
edge_2093	Sg_K17_22	Sg_CE19A_29	0.4568	0.4568	0.001	0.001	Positive
edge_2094	Sg_K17_22	Sg_CK05A_18	0.4993	0.4993	0.001	0.001	Positive
edge_2095	Sg_K17_22	Sg_CM21_57	0.4573	0.4573	0.001	0.001	Positive
edge_2096	Sg_K17_22	Sg_CM32A_49	-0.549	0.549	0.001	0.001	Negative
edge_2097	Sg_K17_22	Sg_D02_32	-0.4549	0.4549	0.001	0.001	Negative
edge_2098	Sg_K17_22	Sg_D03_75	-0.3761	0.3761	0.001	0.001	Negative
edge_2099	Sg_K17_22	Sg_D10_17	0.519	0.519	0.001	0.001	Positive
edge_2100	Sg_K17_22	Sg_E10_50	-0.4427	0.4427	0.001	0.001	Negative
edge_2101	Sg_K17_22	Sg_EA57_9	-0.4607	0.4607	0.001	0.001	Negative
edge_2102	Sg_K17_22	Sg_EB13_4	0.5338	0.5338	0.001	0.001	Positive
edge_2103	Sg_K17_22	Sg_EM03_7	0.5165	0.5165	0.001	0.001	Positive
edge_2104	Sg_K17_22	Sg_EM12_46	0.5135	0.5135	0.001	0.001	Positive
edge_2105	Sg_K17_22	Sg_EM12_61	-0.4013	0.4013	0.001	0.001	Negative
edge_2106	Sg_K17_22	Sg_G19_41	-0.404	0.404	0.001	0.001	Negative
edge_2107	Sg_K17_22	Sg_G26_10	0.4127	0.4127	0.001	0.001	Positive
edge_2108	Sg_K17_22	Sg_G26_22	0.5282	0.5282	0.001	0.001	Positive
edge_2109	Sg_K17_22	Sg_G33_7	0.3879	0.3879	0.001	0.001	Positive
edge_2110	Sg_K17_22	Sg_G39_28	0.5241	0.5241	0.001	0.001	Positive
edge_2111	Sg_K17_22	Sg_G43_29	0.462	0.462	0.001	0.001	Positive
edge_2112	Sg_K17_22	Sg_I12_44	0.602	0.602	0.001	0.001	Positive
edge_2113	Sg_K17_22	Sg_K09_1	-0.5261	0.5261	0.001	0.001	Negative
edge_2114	Sg_K17_22	Sg_K15_44	-0.5756	0.5756	0.001	0.001	Negative
edge_2115	Sg_K22_12	Sg_CB03_44	0.3987	0.3987	0.001	0.001	Positive
edge_2116	Sg_K22_12	Sg_G06_9	0.385	0.385	0.001	0.001	Positive
edge_2117	Sg_K22_12	Sg_G18_19	0.4375	0.4375	0.001	0.001	Positive
edge_2118	Sg_K22_14	Sg_B26_38	0.4919	0.4919	0.001	0.001	Positive
edge_2119	Sg_K22_14	Sg_CM30A_3	0.4732	0.4732	0.001	0.001	Positive
edge_2120	Sg_K22_14	Sg_D02_31	0.6404	0.6404	0.001	0.001	Positive
edge_2121	Sg_K22_66	Gp_MJ1_12	0.6035	0.6035	0.001	0.001	Positive
edge_2122	Sg_K22_66	Gp_MJ1_444	0.507	0.507	0.001	0.001	Positive
edge_2123	Sg_K22_66	Gp_MJ2_113	-0.4236	0.4236	0.001	0.001	Negative
edge_2124	Sg_K22_66	Gp_MJ4_197	0.4614	0.4614	0.001	0.001	Positive
edge_2125	Sg_K22_66	Gp_NH_148	0.396	0.396	0.001	0.001	Positive
edge_2126	Sg_K22_66	Gp_meta27_16	0.4411	0.4411	0.001	0.001	Positive
edge_2127	Sg_K22_66	Sg_A11_12	-0.4238	0.4238	0.001	0.001	Negative
edge_2128	Sg_K22_66	Sg_A19_18	0.4634	0.4634	0.001	0.001	Positive
edge_2129	Sg_K22_66	Sg_A22_8	0.5452	0.5452	0.001	0.001	Positive
edge_2130	Sg_K22_66	Sg_A27_31	0.6307	0.6307	0.001	0.001	Positive
edge_2131	Sg_K22_66	Sg_B04_2	0.4955	0.4955	0.001	0.001	Positive
edge_2132	Sg_K22_66	Sg_B07_12	-0.4351	0.4351	0.001	0.001	Negative
edge_2133	Sg_K22_66	Sg_B07_53	-0.4453	0.4453	0.001	0.001	Negative
edge_2134	Sg_K22_66	Sg_B07_62	-0.5464	0.5464	0.001	0.001	Negative
edge_2135	Sg_K22_66	Sg_B14_13	-0.4935	0.4935	0.001	0.001	Negative
edge_2136	Sg_K22_66	Sg_B15_23	-0.4803	0.4803	0.001	0.001	Negative
edge_2137	Sg_K22_66	Sg_B25_38	-0.4078	0.4078	0.001	0.001	Negative
edge_2138	Sg_K22_66	Sg_C04_25	0.5572	0.5572	0.001	0.001	Positive
edge_2139	Sg_K22_66	Sg_CA11_52	0.4328	0.4328	0.001	0.001	Positive
edge_2140	Sg_K22_66	Sg_CA9_20	0.4465	0.4465	0.001	0.001	Positive
edge_2141	Sg_K22_66	Sg_CD23A_20	0.4658	0.4658	0.001	0.001	Positive
edge_2142	Sg_K22_66	Sg_CD25A_53	-0.4	0.4	0.001	0.001	Negative
edge_2143	Sg_K22_66	Sg_CD30A_34	-0.5116	0.5116	0.001	0.001	Negative
edge_2144	Sg_K22_66	Sg_CE19A_29	-0.4034	0.4034	0.001	0.001	Negative
edge_2145	Sg_K22_66	Sg_CK05A_18	-0.5551	0.5551	0.001	0.001	Negative
edge_2146	Sg_K22_66	Sg_CK52A_74	-0.4791	0.4791	0.001	0.001	Negative
edge_2147	Sg_K22_66	Sg_CM21_15	-0.6465	0.6465	0.001	0.001	Negative
edge_2148	Sg_K22_66	Sg_CM21_57	-0.434	0.434	0.001	0.001	Negative
edge_2149	Sg_K22_66	Sg_CM31A_43	0.4133	0.4133	0.001	0.001	Positive
edge_2150	Sg_K22_66	Sg_D02_9	0.5401	0.5401	0.001	0.001	Positive
edge_2151	Sg_K22_66	Sg_D03_75	0.3853	0.3853	0.001	0.001	Positive
edge_2152	Sg_K22_66	Sg_D10_17	-0.4393	0.4393	0.001	0.001	Negative
edge_2153	Sg_K22_66	Sg_D18_45	0.4646	0.4646	0.001	0.001	Positive
edge_2154	Sg_K22_66	Sg_E10_50	0.5642	0.5642	0.001	0.001	Positive
edge_2155	Sg_K22_66	Sg_EA47_9	0.5204	0.5204	0.001	0.001	Positive
edge_2156	Sg_K22_66	Sg_EA61_27	0.4537	0.4537	0.001	0.001	Positive
edge_2157	Sg_K22_66	Sg_EB03_22	0.3902	0.3902	0.001	0.001	Positive
edge_2158	Sg_K22_66	Sg_EM12_46	-0.548	0.548	0.001	0.001	Negative
edge_2159	Sg_K22_66	Sg_G19_41	0.4729	0.4729	0.001	0.001	Positive
edge_2160	Sg_K22_66	Sg_G22_16	-0.4094	0.4094	0.001	0.001	Negative
edge_2161	Sg_K22_66	Sg_G26_22	-0.4588	0.4588	0.001	0.001	Negative
edge_2162	Sg_K22_66	Sg_G43_29	-0.4733	0.4733	0.001	0.001	Negative
edge_2163	Sg_K22_66	Sg_I05_27	-0.4394	0.4394	0.001	0.001	Negative
edge_2164	Sg_K22_66	Sg_I12_44	-0.4036	0.4036	0.001	0.001	Negative
edge_2165	Sg_K22_66	Sg_K09_1	0.523	0.523	0.001	0.001	Positive
edge_2166	Sg_K22_66	Sg_K15_44	0.5957	0.5957	0.001	0.001	Positive
edge_2167	Sg_K22_8	Gp_MJ1_12	0.4974	0.4974	0.001	0.001	Positive
edge_2168	Sg_K22_8	Gp_MJ1_272	0.5056	0.5056	0.001	0.001	Positive
edge_2169	Sg_K22_8	Gp_MJ1_444	0.6544	0.6544	0.001	0.001	Positive
edge_2170	Sg_K22_8	Gp_MJ4_65	0.3651	0.3651	0.001	0.001	Positive
edge_2171	Sg_K22_8	Gp_YAB_333	-0.5073	0.5073	0.001	0.001	Negative
edge_2172	Sg_K22_8	Sg_A11_10	0.6099	0.6099	0.001	0.001	Positive
edge_2173	Sg_K22_8	Sg_A17_17	0.5448	0.5448	0.001	0.001	Positive
edge_2174	Sg_K22_8	Sg_A19_11	0.4346	0.4346	0.001	0.001	Positive
edge_2175	Sg_K22_8	Sg_A19_12	0.4987	0.4987	0.001	0.001	Positive
edge_2176	Sg_K22_8	Sg_A19_18	0.5249	0.5249	0.001	0.001	Positive
edge_2177	Sg_K22_8	Sg_A19_51	0.6025	0.6025	0.001	0.001	Positive
edge_2178	Sg_K22_8	Sg_A20_2	-0.5999	0.5999	0.001	0.001	Negative
edge_2179	Sg_K22_8	Sg_A20_35	-0.44	0.44	0.001	0.001	Negative
edge_2180	Sg_K22_8	Sg_A22_19	0.5153	0.5153	0.001	0.001	Positive
edge_2181	Sg_K22_8	Sg_A22_3	0.4813	0.4813	0.001	0.001	Positive
edge_2182	Sg_K22_8	Sg_A22_8	0.7449	0.7449	0.001	0.001	Positive
edge_2183	Sg_K22_8	Sg_A27_23	-0.55	0.55	0.001	0.001	Negative
edge_2184	Sg_K22_8	Sg_A27_31	0.4251	0.4251	0.001	0.001	Positive
edge_2185	Sg_K22_8	Sg_A28_8	-0.4181	0.4181	0.001	0.001	Negative
edge_2186	Sg_K22_8	Sg_B03_29	-0.5416	0.5416	0.001	0.001	Negative
edge_2187	Sg_K22_8	Sg_B07_12	-0.6093	0.6093	0.001	0.001	Negative
edge_2188	Sg_K22_8	Sg_B15_35	0.5744	0.5744	0.001	0.001	Positive
edge_2189	Sg_K22_8	Sg_B15_52	0.528	0.528	0.001	0.001	Positive
edge_2190	Sg_K22_8	Sg_B25_10	0.4852	0.4852	0.001	0.001	Positive
edge_2191	Sg_K22_8	Sg_C04_33	-0.5467	0.5467	0.001	0.001	Negative
edge_2192	Sg_K22_8	Sg_CA9_20	0.5188	0.5188	0.001	0.001	Positive
edge_2193	Sg_K22_8	Sg_CB03_47	0.4224	0.4224	0.001	0.001	Positive
edge_2194	Sg_K22_8	Sg_CD23A_20	0.6518	0.6518	0.001	0.001	Positive
edge_2195	Sg_K22_8	Sg_CD25A_53	-0.6289	0.6289	0.001	0.001	Negative
edge_2196	Sg_K22_8	Sg_CD27A_46	0.5041	0.5041	0.001	0.001	Positive
edge_2197	Sg_K22_8	Sg_CE19A_36	0.679	0.679	0.001	0.001	Positive
edge_2198	Sg_K22_8	Sg_CG50A_49	-0.5773	0.5773	0.001	0.001	Negative
edge_2199	Sg_K22_8	Sg_CM17_16	-0.4896	0.4896	0.001	0.001	Negative
edge_2200	Sg_K22_8	Sg_CM32A_49	0.5903	0.5903	0.001	0.001	Positive
edge_2201	Sg_K22_8	Sg_CM33A_9	0.5156	0.5156	0.001	0.001	Positive
edge_2202	Sg_K22_8	Sg_D02_32	0.7461	0.7461	0.001	0.001	Positive
edge_2203	Sg_K22_8	Sg_E04_12	0.6954	0.6954	0.001	0.001	Positive
edge_2204	Sg_K22_8	Sg_E10_50	0.5698	0.5698	0.001	0.001	Positive
edge_2205	Sg_K22_8	Sg_EA47_9	0.4451	0.4451	0.001	0.001	Positive
edge_2206	Sg_K22_8	Sg_EA57_9	0.4266	0.4266	0.001	0.001	Positive
edge_2207	Sg_K22_8	Sg_EM12_46	-0.4044	0.4044	0.001	0.001	Negative
edge_2208	Sg_K22_8	Sg_G26_10	-0.4433	0.4433	0.001	0.001	Negative
edge_2209	Sg_K22_8	Sg_G26_28	0.4553	0.4553	0.001	0.001	Positive
edge_2210	Sg_K22_8	Sg_G43_29	-0.5042	0.5042	0.001	0.001	Negative
edge_2211	Sg_K22_8	Sg_I06_25	0.6279	0.6279	0.001	0.001	Positive
edge_2212	Sg_K22_8	Sg_I12_32	0.6646	0.6646	0.001	0.001	Positive
edge_2213	Sg_K22_8	Sg_I12_44	-0.4812	0.4812	0.001	0.001	Negative
edge_2214	Sg_K22_8	Sg_K09_1	0.6943	0.6943	0.001	0.001	Positive
edge_2215	Sg_K22_8	Sg_K15_44	0.7071	0.7071	0.001	0.001	Positive
edge_2216	Sg_K22_8	Sg_K17_22	-0.4294	0.4294	0.001	0.001	Negative
edge_2217	Sg_K31_45	Sg_A01_16	0.6699	0.6699	0.001	0.001	Positive
edge_2218	Sg_K32_30	Gp_YAB_339	0.6395	0.6395	0.001	0.001	Positive
edge_2219	Sg_K32_30	Gp_meta27_511	0.5003	0.5003	0.001	0.001	Positive
edge_2220	Sg_K32_30	Sg_A11_12	0.7792	0.7792	0.001	0.001	Positive
edge_2221	Sg_K32_30	Sg_A11_2	0.7176	0.7176	0.001	0.001	Positive
edge_2222	Sg_K32_30	Sg_B25_38	0.7209	0.7209	0.001	0.001	Positive
edge_2223	Sg_K32_30	Sg_C03_36	0.5641	0.5641	0.001	0.001	Positive
edge_2224	Sg_K32_30	Sg_CG50A_74	0.7671	0.7671	0.001	0.001	Positive
edge_2225	Sg_K32_30	Sg_CM31A_52	0.7518	0.7518	0.001	0.001	Positive
edge_2226	Sg_K32_30	Sg_D09_14	0.7183	0.7183	0.001	0.001	Positive
edge_2227	Sg_K32_30	Sg_EA47_17	0.5552	0.5552	0.001	0.001	Positive
edge_2228	Sg_K32_30	Sg_EB09_7	0.7337	0.7337	0.001	0.001	Positive
edge_2229	Sg_K32_30	Sg_EM22_6	0.7153	0.7153	0.001	0.001	Positive
edge_2230	Sg_K32_30	Sg_EM34_4	0.7478	0.7478	0.001	0.001	Positive
edge_2231	Sg_K32_30	Sg_G18_19	0.4383	0.4383	0.001	0.001	Positive
edge_2232	Sg_K32_30	Sg_G22_16	0.7359	0.7359	0.001	0.001	Positive
edge_2233	Sg_K32_30	Sg_I07_11	0.7789	0.7789	0.001	0.001	Positive
edge_2234	Sg_K32_30	Sg_K09_61	0.7269	0.7269	0.001	0.001	Positive
edge_2235	Sg_K34_1	Sg_A19_18	0.5573	0.5573	0.001	0.001	Positive
edge_2236	Sg_K34_1	Sg_B26_4	0.5219	0.5219	0.001	0.001	Positive
edge_2237	Sg_K34_1	Sg_CD23A_20	0.513	0.513	0.001	0.001	Positive
edge_2238	Sg_K34_1	Sg_CM32A_26	0.6539	0.6539	0.001	0.001	Positive
edge_2239	Sg_K34_1	Sg_CM33A_9	0.6204	0.6204	0.001	0.001	Positive
edge_2240	Sg_K34_1	Sg_D03_75	0.534	0.534	0.001	0.001	Positive
edge_2241	Sg_K34_1	Sg_G26_28	0.4353	0.4353	0.001	0.001	Positive
edge_2242	Sg_K34_1	Sg_I06_25	0.4432	0.4432	0.001	0.001	Positive
edge_2243	Sg_K34_1	Sg_I12_32	0.4116	0.4116	0.001	0.001	Positive
edge_2244	Sg_K36_16	Gp_MJ1_12	0.734	0.734	0.001	0.001	Positive
edge_2245	Sg_K36_16	Gp_MJ1_272	0.5288	0.5288	0.001	0.001	Positive
edge_2246	Sg_K36_16	Gp_MJ1_444	0.6637	0.6637	0.001	0.001	Positive
edge_2247	Sg_K36_16	Gp_YAB_333	-0.4693	0.4693	0.001	0.001	Negative
edge_2248	Sg_K36_16	Sg_A07_40	0.4581	0.4581	0.001	0.001	Positive
edge_2249	Sg_K36_16	Sg_A11_10	0.6184	0.6184	0.001	0.001	Positive
edge_2250	Sg_K36_16	Sg_A19_18	0.6202	0.6202	0.001	0.001	Positive
edge_2251	Sg_K36_16	Sg_A19_51	0.4387	0.4387	0.001	0.001	Positive
edge_2252	Sg_K36_16	Sg_A20_2	-0.5543	0.5543	0.001	0.001	Negative
edge_2253	Sg_K36_16	Sg_A22_8	0.8017	0.8017	0.001	0.001	Positive
edge_2254	Sg_K36_16	Sg_A27_23	-0.4647	0.4647	0.001	0.001	Negative
edge_2255	Sg_K36_16	Sg_A27_31	0.5942	0.5942	0.001	0.001	Positive
edge_2256	Sg_K36_16	Sg_B03_29	-0.4174	0.4174	0.001	0.001	Negative
edge_2257	Sg_K36_16	Sg_B04_2	0.4969	0.4969	0.001	0.001	Positive
edge_2258	Sg_K36_16	Sg_B07_12	-0.5233	0.5233	0.001	0.001	Negative
edge_2259	Sg_K36_16	Sg_B15_23	-0.4724	0.4724	0.001	0.001	Negative
edge_2260	Sg_K36_16	Sg_B15_35	0.4859	0.4859	0.001	0.001	Positive
edge_2261	Sg_K36_16	Sg_CA11_52	0.4746	0.4746	0.001	0.001	Positive
edge_2262	Sg_K36_16	Sg_CA9_20	0.554	0.554	0.001	0.001	Positive
edge_2263	Sg_K36_16	Sg_CD22A_27	0.4824	0.4824	0.001	0.001	Positive
edge_2264	Sg_K36_16	Sg_CD23A_20	0.7004	0.7004	0.001	0.001	Positive
edge_2265	Sg_K36_16	Sg_CD25A_53	-0.5206	0.5206	0.001	0.001	Negative
edge_2266	Sg_K36_16	Sg_CD26A_19	-0.4713	0.4713	0.001	0.001	Negative
edge_2267	Sg_K36_16	Sg_CD30A_34	-0.4857	0.4857	0.001	0.001	Negative
edge_2268	Sg_K36_16	Sg_CE19A_15	-0.4301	0.4301	0.001	0.001	Negative
edge_2269	Sg_K36_16	Sg_CE19A_29	-0.4245	0.4245	0.001	0.001	Negative
edge_2270	Sg_K36_16	Sg_CE19A_36	0.4644	0.4644	0.001	0.001	Positive
edge_2271	Sg_K36_16	Sg_CG50A_49	-0.4011	0.4011	0.001	0.001	Negative
edge_2272	Sg_K36_16	Sg_CK52A_74	-0.4477	0.4477	0.001	0.001	Negative
edge_2273	Sg_K36_16	Sg_CM17_16	-0.3922	0.3922	0.001	0.001	Negative
edge_2274	Sg_K36_16	Sg_CM17_7	-0.4207	0.4207	0.001	0.001	Negative
edge_2275	Sg_K36_16	Sg_CM21_15	-0.4286	0.4286	0.001	0.001	Negative
edge_2276	Sg_K36_16	Sg_CM31A_43	0.4697	0.4697	0.001	0.001	Positive
edge_2277	Sg_K36_16	Sg_CM33A_9	0.5527	0.5527	0.001	0.001	Positive
edge_2278	Sg_K36_16	Sg_D02_32	0.643	0.643	0.001	0.001	Positive
edge_2279	Sg_K36_16	Sg_D03_75	0.508	0.508	0.001	0.001	Positive
edge_2280	Sg_K36_16	Sg_D10_17	-0.4641	0.4641	0.001	0.001	Negative
edge_2281	Sg_K36_16	Sg_D18_45	0.5032	0.5032	0.001	0.001	Positive
edge_2282	Sg_K36_16	Sg_E04_12	0.4782	0.4782	0.001	0.001	Positive
edge_2283	Sg_K36_16	Sg_E10_50	0.6521	0.6521	0.001	0.001	Positive
edge_2284	Sg_K36_16	Sg_EA57_9	0.4693	0.4693	0.001	0.001	Positive
edge_2285	Sg_K36_16	Sg_EB13_4	-0.452	0.452	0.001	0.001	Negative
edge_2286	Sg_K36_16	Sg_EM03_7	-0.4319	0.4319	0.001	0.001	Negative
edge_2287	Sg_K36_16	Sg_EM12_46	-0.5504	0.5504	0.001	0.001	Negative
edge_2288	Sg_K36_16	Sg_EM12_61	0.4103	0.4103	0.001	0.001	Positive
edge_2289	Sg_K36_16	Sg_G18_1	-0.3846	0.3846	0.001	0.001	Negative
edge_2290	Sg_K36_16	Sg_G26_28	0.477	0.477	0.001	0.001	Positive
edge_2291	Sg_K36_16	Sg_G43_29	-0.5596	0.5596	0.001	0.001	Negative
edge_2292	Sg_K36_16	Sg_I05_27	-0.5452	0.5452	0.001	0.001	Negative
edge_2293	Sg_K36_16	Sg_I06_25	0.6914	0.6914	0.001	0.001	Positive
edge_2294	Sg_K36_16	Sg_I12_32	0.4861	0.4861	0.001	0.001	Positive
edge_2295	Sg_K36_16	Sg_I12_44	-0.4821	0.4821	0.001	0.001	Negative
edge_2296	Sg_K36_16	Sg_K09_1	0.5913	0.5913	0.001	0.001	Positive
edge_2297	Sg_K36_16	Sg_K15_44	0.9682	0.9682	0.001	0.001	Positive
edge_2298	Sg_K36_16	Sg_K17_22	-0.4989	0.4989	0.001	0.001	Negative
edge_2299	Sg_K36_16	Sg_K22_66	0.5531	0.5531	0.001	0.001	Positive
edge_2300	Sg_K36_16	Sg_K22_8	0.6616	0.6616	0.001	0.001	Positive
edge_2301	Sg_K36_17	Gp_YAB_339	0.7109	0.7109	0.001	0.001	Positive
edge_2302	Sg_K36_17	Sg_A11_12	0.817	0.817	0.001	0.001	Positive
edge_2303	Sg_K36_17	Sg_A11_2	0.8341	0.8341	0.001	0.001	Positive
edge_2304	Sg_K36_17	Sg_B25_38	0.8499	0.8499	0.001	0.001	Positive
edge_2305	Sg_K36_17	Sg_C03_36	0.6982	0.6982	0.001	0.001	Positive
edge_2306	Sg_K36_17	Sg_CG50A_74	0.7989	0.7989	0.001	0.001	Positive
edge_2307	Sg_K36_17	Sg_CK52A_43	-0.4172	0.4172	0.001	0.001	Negative
edge_2308	Sg_K36_17	Sg_CM31A_52	0.7287	0.7287	0.001	0.001	Positive
edge_2309	Sg_K36_17	Sg_D09_14	0.7699	0.7699	0.001	0.001	Positive
edge_2310	Sg_K36_17	Sg_EA47_17	0.9167	0.9167	0.001	0.001	Positive
edge_2311	Sg_K36_17	Sg_EB09_7	0.9361	0.9361	0.001	0.001	Positive
edge_2312	Sg_K36_17	Sg_EM22_6	0.799	0.799	0.001	0.001	Positive
edge_2313	Sg_K36_17	Sg_EM34_4	0.6158	0.6158	0.001	0.001	Positive
edge_2314	Sg_K36_17	Sg_G22_16	0.8487	0.8487	0.001	0.001	Positive
edge_2315	Sg_K36_17	Sg_I07_11	0.5938	0.5938	0.001	0.001	Positive
edge_2316	Sg_K36_17	Sg_K09_61	0.8778	0.8778	0.001	0.001	Positive
edge_2317	Sg_K36_17	Sg_K32_30	0.6148	0.6148	0.001	0.001	Positive
edge_2318	Sg_K36_27	Gp_MJ1_12	0.5509	0.5509	0.001	0.001	Positive
edge_2319	Sg_K36_27	Gp_MJ1_149	0.3907	0.3907	0.001	0.001	Positive
edge_2320	Sg_K36_27	Gp_MJ1_444	0.6613	0.6613	0.001	0.001	Positive
edge_2321	Sg_K36_27	Gp_MJ4_197	0.5596	0.5596	0.001	0.001	Positive
edge_2322	Sg_K36_27	Gp_meta27_511	-0.4044	0.4044	0.001	0.001	Negative
edge_2323	Sg_K36_27	Sg_A07_40	0.4588	0.4588	0.001	0.001	Positive
edge_2324	Sg_K36_27	Sg_A20_2	-0.4352	0.4352	0.001	0.001	Negative
edge_2325	Sg_K36_27	Sg_A22_8	0.5939	0.5939	0.001	0.001	Positive
edge_2326	Sg_K36_27	Sg_A27_23	-0.4652	0.4652	0.001	0.001	Negative
edge_2327	Sg_K36_27	Sg_A27_31	0.6564	0.6564	0.001	0.001	Positive
edge_2328	Sg_K36_27	Sg_B04_2	0.4355	0.4355	0.001	0.001	Positive
edge_2329	Sg_K36_27	Sg_CA9_20	0.592	0.592	0.001	0.001	Positive
edge_2330	Sg_K36_27	Sg_CD23A_20	0.4604	0.4604	0.001	0.001	Positive
edge_2331	Sg_K36_27	Sg_CD25A_53	-0.4289	0.4289	0.001	0.001	Negative
edge_2332	Sg_K36_27	Sg_CD30A_34	-0.4883	0.4883	0.001	0.001	Negative
edge_2333	Sg_K36_27	Sg_CK05A_18	-0.4034	0.4034	0.001	0.001	Negative
edge_2334	Sg_K36_27	Sg_CM21_15	-0.5514	0.5514	0.001	0.001	Negative
edge_2335	Sg_K36_27	Sg_D02_32	0.4869	0.4869	0.001	0.001	Positive
edge_2336	Sg_K36_27	Sg_D18_45	0.5183	0.5183	0.001	0.001	Positive
edge_2337	Sg_K36_27	Sg_E10_50	0.6336	0.6336	0.001	0.001	Positive
edge_2338	Sg_K36_27	Sg_EA57_9	0.4605	0.4605	0.001	0.001	Positive
edge_2339	Sg_K36_27	Sg_EB13_4	-0.4521	0.4521	0.001	0.001	Negative
edge_2340	Sg_K36_27	Sg_EM12_46	-0.4406	0.4406	0.001	0.001	Negative
edge_2341	Sg_K36_27	Sg_G43_29	-0.4254	0.4254	0.001	0.001	Negative
edge_2342	Sg_K36_27	Sg_I05_27	-0.3851	0.3851	0.001	0.001	Negative
edge_2343	Sg_K36_27	Sg_I12_44	-0.5199	0.5199	0.001	0.001	Negative
edge_2344	Sg_K36_27	Sg_K09_1	0.5084	0.5084	0.001	0.001	Positive
edge_2345	Sg_K36_27	Sg_K15_44	0.6279	0.6279	0.001	0.001	Positive
edge_2346	Sg_K36_27	Sg_K22_66	0.4492	0.4492	0.001	0.001	Positive
edge_2347	Sg_K36_27	Sg_K22_8	0.4434	0.4434	0.001	0.001	Positive
edge_2348	Sg_K36_27	Sg_K36_16	0.5642	0.5642	0.001	0.001	Positive
edge_2349	Sg_K36_29	Gp_MJ1_12	0.5888	0.5888	0.001	0.001	Positive
edge_2350	Sg_K36_29	Gp_MJ1_272	0.515	0.515	0.001	0.001	Positive
edge_2351	Sg_K36_29	Gp_MJ1_444	0.5571	0.5571	0.001	0.001	Positive
edge_2352	Sg_K36_29	Gp_MJ4_197	0.4098	0.4098	0.001	0.001	Positive
edge_2353	Sg_K36_29	Gp_YAB_333	-0.5041	0.5041	0.001	0.001	Negative
edge_2354	Sg_K36_29	Sg_A07_40	0.4937	0.4937	0.001	0.001	Positive
edge_2355	Sg_K36_29	Sg_A11_10	0.5221	0.5221	0.001	0.001	Positive
edge_2356	Sg_K36_29	Sg_A19_12	0.4539	0.4539	0.001	0.001	Positive
edge_2357	Sg_K36_29	Sg_A19_18	0.5591	0.5591	0.001	0.001	Positive
edge_2358	Sg_K36_29	Sg_A19_51	0.4633	0.4633	0.001	0.001	Positive
edge_2359	Sg_K36_29	Sg_A20_2	-0.543	0.543	0.001	0.001	Negative
edge_2360	Sg_K36_29	Sg_A22_8	0.7713	0.7713	0.001	0.001	Positive
edge_2361	Sg_K36_29	Sg_A27_23	-0.4382	0.4382	0.001	0.001	Negative
edge_2362	Sg_K36_29	Sg_A27_31	0.499	0.499	0.001	0.001	Positive
edge_2363	Sg_K36_29	Sg_B03_29	-0.3784	0.3784	0.001	0.001	Negative
edge_2364	Sg_K36_29	Sg_B07_12	-0.4404	0.4404	0.001	0.001	Negative
edge_2365	Sg_K36_29	Sg_CA9_20	0.5911	0.5911	0.001	0.001	Positive
edge_2366	Sg_K36_29	Sg_CB03_2	0.4225	0.4225	0.001	0.001	Positive
edge_2367	Sg_K36_29	Sg_CD22A_27	0.4116	0.4116	0.001	0.001	Positive
edge_2368	Sg_K36_29	Sg_CD23A_20	0.5804	0.5804	0.001	0.001	Positive
edge_2369	Sg_K36_29	Sg_CD25A_53	-0.4892	0.4892	0.001	0.001	Negative
edge_2370	Sg_K36_29	Sg_CE19A_15	-0.3463	0.3463	0.001	0.001	Negative
edge_2371	Sg_K36_29	Sg_CE19A_36	0.4678	0.4678	0.001	0.001	Positive
edge_2372	Sg_K36_29	Sg_CM21_15	-0.4265	0.4265	0.001	0.001	Negative
edge_2373	Sg_K36_29	Sg_CM33A_9	0.4349	0.4349	0.001	0.001	Positive
edge_2374	Sg_K36_29	Sg_D02_32	0.6774	0.6774	0.001	0.001	Positive
edge_2375	Sg_K36_29	Sg_D18_45	0.3592	0.3592	0.001	0.001	Positive
edge_2376	Sg_K36_29	Sg_E04_12	0.5124	0.5124	0.001	0.001	Positive
edge_2377	Sg_K36_29	Sg_E10_50	0.6595	0.6595	0.001	0.001	Positive
edge_2378	Sg_K36_29	Sg_EA47_9	0.4592	0.4592	0.001	0.001	Positive
edge_2379	Sg_K36_29	Sg_EM12_46	-0.4304	0.4304	0.001	0.001	Negative
edge_2380	Sg_K36_29	Sg_G26_28	0.4212	0.4212	0.001	0.001	Positive
edge_2381	Sg_K36_29	Sg_G43_29	-0.5352	0.5352	0.001	0.001	Negative
edge_2382	Sg_K36_29	Sg_I05_27	-0.5492	0.5492	0.001	0.001	Negative
edge_2383	Sg_K36_29	Sg_I06_25	0.5837	0.5837	0.001	0.001	Positive
edge_2384	Sg_K36_29	Sg_K09_1	0.5562	0.5562	0.001	0.001	Positive
edge_2385	Sg_K36_29	Sg_K15_44	0.7843	0.7843	0.001	0.001	Positive
edge_2386	Sg_K36_29	Sg_K22_66	0.4807	0.4807	0.001	0.001	Positive
edge_2387	Sg_K36_29	Sg_K22_8	0.7479	0.7479	0.001	0.001	Positive
edge_2388	Sg_K36_29	Sg_K36_16	0.781	0.781	0.001	0.001	Positive
edge_2389	Sg_K36_29	Sg_K36_27	0.5791	0.5791	0.001	0.001	Positive
edge_2390	Sg_K36_3	Gp_MJ2_113	0.5481	0.5481	0.001	0.001	Positive
edge_2391	Sg_K36_3	Gp_MJ3_477	0.4866	0.4866	0.001	0.001	Positive
edge_2392	Sg_K36_3	Sg_A19_11	-0.3815	0.3815	0.001	0.001	Negative
edge_2393	Sg_K36_3	Sg_B07_12	0.5652	0.5652	0.001	0.001	Positive
edge_2394	Sg_K36_3	Sg_B07_53	0.5452	0.5452	0.001	0.001	Positive
edge_2395	Sg_K36_3	Sg_B07_62	0.5124	0.5124	0.001	0.001	Positive
edge_2396	Sg_K36_3	Sg_B08_36	0.5656	0.5656	0.001	0.001	Positive
edge_2397	Sg_K36_3	Sg_B14_13	0.595	0.595	0.001	0.001	Positive
edge_2398	Sg_K36_3	Sg_B15_23	0.6776	0.6776	0.001	0.001	Positive
edge_2399	Sg_K36_3	Sg_CA25_21	0.5618	0.5618	0.001	0.001	Positive
edge_2400	Sg_K36_3	Sg_CD24A_10	0.638	0.638	0.001	0.001	Positive
edge_2401	Sg_K36_3	Sg_CD26A_19	0.4569	0.4569	0.001	0.001	Positive
edge_2402	Sg_K36_3	Sg_CD30A_34	0.6846	0.6846	0.001	0.001	Positive
edge_2403	Sg_K36_3	Sg_CE19A_24	0.492	0.492	0.001	0.001	Positive
edge_2404	Sg_K36_3	Sg_CE19A_29	0.3853	0.3853	0.001	0.001	Positive
edge_2405	Sg_K36_3	Sg_CK05A_18	0.5492	0.5492	0.001	0.001	Positive
edge_2406	Sg_K36_3	Sg_CM21_15	0.4526	0.4526	0.001	0.001	Positive
edge_2407	Sg_K36_3	Sg_CM21_57	0.5865	0.5865	0.001	0.001	Positive
edge_2408	Sg_K36_3	Sg_D10_17	0.6852	0.6852	0.001	0.001	Positive
edge_2409	Sg_K36_3	Sg_EB08_12	-0.3779	0.3779	0.001	0.001	Negative
edge_2410	Sg_K36_3	Sg_EB13_4	0.5933	0.5933	0.001	0.001	Positive
edge_2411	Sg_K36_3	Sg_EM12_46	0.5304	0.5304	0.001	0.001	Positive
edge_2412	Sg_K36_3	Sg_G06_9	0.4068	0.4068	0.001	0.001	Positive
edge_2413	Sg_K36_3	Sg_G18_19	0.3931	0.3931	0.001	0.001	Positive
edge_2414	Sg_K36_3	Sg_G26_22	0.6891	0.6891	0.001	0.001	Positive
edge_2415	Sg_K36_3	Sg_G43_29	0.4937	0.4937	0.001	0.001	Positive
edge_2416	Sg_K36_3	Sg_K17_22	0.4091	0.4091	0.001	0.001	Positive
edge_2417	Sg_K36_6	Gp_MJ1_272	0.4875	0.4875	0.001	0.001	Positive
edge_2418	Sg_K36_6	Gp_YAB_333	-0.5353	0.5353	0.001	0.001	Negative
edge_2419	Sg_K36_6	Sg_A17_17	0.6117	0.6117	0.001	0.001	Positive
edge_2420	Sg_K36_6	Sg_A19_12	0.6699	0.6699	0.001	0.001	Positive
edge_2421	Sg_K36_6	Sg_A19_51	0.6286	0.6286	0.001	0.001	Positive
edge_2422	Sg_K36_6	Sg_A20_2	-0.5008	0.5008	0.001	0.001	Negative
edge_2423	Sg_K36_6	Sg_A20_35	-0.5338	0.5338	0.001	0.001	Negative
edge_2424	Sg_K36_6	Sg_A22_19	0.573	0.573	0.001	0.001	Positive
edge_2425	Sg_K36_6	Sg_A22_3	0.4992	0.4992	0.001	0.001	Positive
edge_2426	Sg_K36_6	Sg_A22_8	0.4311	0.4311	0.001	0.001	Positive
edge_2427	Sg_K36_6	Sg_A27_23	-0.5877	0.5877	0.001	0.001	Negative
edge_2428	Sg_K36_6	Sg_A28_8	-0.6142	0.6142	0.001	0.001	Negative
edge_2429	Sg_K36_6	Sg_B03_29	-0.5113	0.5113	0.001	0.001	Negative
edge_2430	Sg_K36_6	Sg_B07_38	0.5788	0.5788	0.001	0.001	Positive
edge_2431	Sg_K36_6	Sg_B15_35	0.4772	0.4772	0.001	0.001	Positive
edge_2432	Sg_K36_6	Sg_B15_52	0.5974	0.5974	0.001	0.001	Positive
edge_2433	Sg_K36_6	Sg_B25_10	0.4388	0.4388	0.001	0.001	Positive
edge_2434	Sg_K36_6	Sg_B26_35	-0.4631	0.4631	0.001	0.001	Negative
edge_2435	Sg_K36_6	Sg_C02_30	-0.4859	0.4859	0.001	0.001	Negative
edge_2436	Sg_K36_6	Sg_CA40A_55	-0.4953	0.4953	0.001	0.001	Negative
edge_2437	Sg_K36_6	Sg_CD23A_20	0.6791	0.6791	0.001	0.001	Positive
edge_2438	Sg_K36_6	Sg_CD25A_53	-0.5547	0.5547	0.001	0.001	Negative
edge_2439	Sg_K36_6	Sg_CD27A_46	0.435	0.435	0.001	0.001	Positive
edge_2440	Sg_K36_6	Sg_CE19A_36	0.7674	0.7674	0.001	0.001	Positive
edge_2441	Sg_K36_6	Sg_CG50A_22	0.4325	0.4325	0.001	0.001	Positive
edge_2442	Sg_K36_6	Sg_CG50A_49	-0.5974	0.5974	0.001	0.001	Negative
edge_2443	Sg_K36_6	Sg_CK28A_36	0.5087	0.5087	0.001	0.001	Positive
edge_2444	Sg_K36_6	Sg_CM17_16	-0.6412	0.6412	0.001	0.001	Negative
edge_2445	Sg_K36_6	Sg_CM32A_49	0.4417	0.4417	0.001	0.001	Positive
edge_2446	Sg_K36_6	Sg_CM33A_9	0.5611	0.5611	0.001	0.001	Positive
edge_2447	Sg_K36_6	Sg_D02_32	0.6462	0.6462	0.001	0.001	Positive
edge_2448	Sg_K36_6	Sg_E04_12	0.6159	0.6159	0.001	0.001	Positive
edge_2449	Sg_K36_6	Sg_G26_28	0.5414	0.5414	0.001	0.001	Positive
edge_2450	Sg_K36_6	Sg_I06_25	0.4998	0.4998	0.001	0.001	Positive
edge_2451	Sg_K36_6	Sg_I12_32	0.6686	0.6686	0.001	0.001	Positive
edge_2452	Sg_K36_6	Sg_K09_1	0.5617	0.5617	0.001	0.001	Positive
edge_2453	Sg_K36_6	Sg_K10_28	-0.5586	0.5586	0.001	0.001	Negative
edge_2454	Sg_K36_6	Sg_K15_44	0.4521	0.4521	0.001	0.001	Positive
edge_2455	Sg_K36_6	Sg_K22_8	0.6218	0.6218	0.001	0.001	Positive
edge_2456	Sg_K36_8	Gp_MJ2_113	-0.4588	0.4588	0.001	0.001	Negative
edge_2457	Sg_K36_8	Gp_MJ3_477	-0.4898	0.4898	0.001	0.001	Negative
edge_2458	Sg_K36_8	Sg_B14_13	-0.4751	0.4751	0.001	0.001	Negative
edge_2459	Sg_K36_8	Sg_CM21_57	-0.4717	0.4717	0.001	0.001	Negative
edge_2460	Sg_K36_8	Sg_G06_9	-0.3891	0.3891	0.001	0.001	Negative
edge_2461	Sg_K36_8	Sg_G18_19	-0.4376	0.4376	0.001	0.001	Negative
edge_2462	Sg_K36_8	Sg_G26_22	-0.4366	0.4366	0.001	0.001	Negative
edge_2463	Sg_K36_8	Sg_I05_65	0.4262	0.4262	0.001	0.001	Positive
edge_2464	Sg_K36_8	Sg_K36_3	-0.4125	0.4125	0.001	0.001	Negative
edge_2465	Sg_K40_29	Gp_MJ1_444	0.4452	0.4452	0.001	0.001	Positive
edge_2466	Sg_K40_29	Gp_NH_148	0.4362	0.4362	0.001	0.001	Positive
edge_2467	Sg_K40_29	Sg_A11_10	0.4339	0.4339	0.001	0.001	Positive
edge_2468	Sg_K40_29	Sg_B15_25	0.4191	0.4191	0.001	0.001	Positive
edge_2469	Sg_K40_29	Sg_B19_30	0.4829	0.4829	0.001	0.001	Positive
edge_2470	Sg_K40_29	Sg_B26_38	0.5348	0.5348	0.001	0.001	Positive
edge_2471	Sg_K40_29	Sg_CD23A_20	0.3916	0.3916	0.001	0.001	Positive
edge_2472	Sg_K40_29	Sg_CD24A_1	0.4263	0.4263	0.001	0.001	Positive
edge_2473	Sg_K40_29	Sg_CM30A_3	0.4647	0.4647	0.001	0.001	Positive
edge_2474	Sg_K40_29	Sg_D03_75	0.4713	0.4713	0.001	0.001	Positive
edge_2475	Sg_K40_29	Sg_K22_14	0.451	0.451	0.001	0.001	Positive
edge_2476	Sg_K40_38	Sg_A20_35	0.3803	0.3803	0.001	0.001	Positive
edge_2477	Sg_K40_38	Sg_B07_38	-0.4561	0.4561	0.001	0.001	Negative
edge_2478	Sg_K40_38	Sg_B19_17	0.5798	0.5798	0.001	0.001	Positive
edge_2479	Sg_K40_38	Sg_CG50A_49	0.3654	0.3654	0.001	0.001	Positive
edge_2480	Sg_K40_38	Sg_CM32A_49	-0.3692	0.3692	0.001	0.001	Negative
edge_2481	Sg_K40_38	Sg_I05_65	0.3937	0.3937	0.001	0.001	Positive
edge_2482	Sg_K40_38	Sg_K36_6	-0.4148	0.4148	0.001	0.001	Negative
edge_2483	Sg_K40_4	Gp_MJ4_65	-0.4013	0.4013	0.001	0.001	Negative
edge_2484	Sg_K40_4	Sg_A22_3	-0.424	0.424	0.001	0.001	Negative
edge_2485	Sg_K40_4	Sg_B03_29	0.5985	0.5985	0.001	0.001	Positive
edge_2486	Sg_K40_4	Sg_B07_50	0.4676	0.4676	0.001	0.001	Positive
edge_2487	Sg_K40_4	Sg_B15_35	-0.4568	0.4568	0.001	0.001	Negative
edge_2488	Sg_K40_4	Sg_B19_58	0.458	0.458	0.001	0.001	Positive
edge_2489	Sg_K40_4	Sg_B26_4	0.3905	0.3905	0.001	0.001	Positive
edge_2490	Sg_K40_4	Sg_B27_6	-0.4496	0.4496	0.001	0.001	Negative
edge_2491	Sg_K40_4	Sg_C04_33	0.4736	0.4736	0.001	0.001	Positive
edge_2492	Sg_K40_4	Sg_CD28A_40	0.439	0.439	0.001	0.001	Positive
edge_2493	Sg_K40_4	Sg_CK52A_43	0.5548	0.5548	0.001	0.001	Positive
edge_2494	Sg_K40_4	Sg_CM17_7	0.5003	0.5003	0.001	0.001	Positive
edge_2495	Sg_K40_4	Sg_CM29A_16	0.5916	0.5916	0.001	0.001	Positive
edge_2496	Sg_K40_4	Sg_CM33A_60	0.7309	0.7309	0.001	0.001	Positive
edge_2497	Sg_K40_4	Sg_CM35A_15	0.506	0.506	0.001	0.001	Positive
edge_2498	Sg_K40_4	Sg_D02_44	0.4888	0.4888	0.001	0.001	Positive
edge_2499	Sg_K40_4	Sg_E06_10	0.5458	0.5458	0.001	0.001	Positive
edge_2500	Sg_K40_4	Sg_EA57_9	-0.48	0.48	0.001	0.001	Negative
edge_2501	Sg_K40_4	Sg_G26_10	0.5065	0.5065	0.001	0.001	Positive
edge_2502	Sg_K40_4	Sg_G33_7	0.5366	0.5366	0.001	0.001	Positive
edge_2503	Sg_K40_76	Gp_MJ1_272	0.4658	0.4658	0.001	0.001	Positive
edge_2504	Sg_K40_76	Sg_A07_40	0.4082	0.4082	0.001	0.001	Positive
edge_2505	Sg_K40_76	Sg_D02_32	0.454	0.454	0.001	0.001	Positive
edge_2506	Sg_K40_76	Sg_D03_75	0.3933	0.3933	0.001	0.001	Positive
edge_2507	Sg_K40_76	Sg_E10_50	0.3833	0.3833	0.001	0.001	Positive
edge_2508	Sg_K40_76	Sg_EM12_61	0.4215	0.4215	0.001	0.001	Positive
edge_2509	Sg_K40_76	Sg_I01_33	-0.3672	0.3672	0.001	0.001	Negative
edge_2510	Sg_K46_34	Gp_MJ1_272	-0.4378	0.4378	0.001	0.001	Negative
edge_2511	Sg_K46_34	Sg_A17_17	-0.4093	0.4093	0.001	0.001	Negative
edge_2512	Sg_K46_34	Sg_A22_19	-0.4691	0.4691	0.001	0.001	Negative
edge_2513	Sg_K46_34	Sg_A28_8	0.4581	0.4581	0.001	0.001	Positive
edge_2514	Sg_K46_34	Sg_B15_35	-0.444	0.444	0.001	0.001	Negative
edge_2515	Sg_K46_34	Sg_C02_30	0.8954	0.8954	0.001	0.001	Positive
edge_2516	Sg_K46_34	Sg_CA11_3	0.5043	0.5043	0.001	0.001	Positive
edge_2517	Sg_K46_34	Sg_CA13_9	0.4873	0.4873	0.001	0.001	Positive
edge_2518	Sg_K46_34	Sg_CD23A_20	-0.4009	0.4009	0.001	0.001	Negative
edge_2519	Sg_K46_34	Sg_CM17_16	0.4855	0.4855	0.001	0.001	Positive
edge_2520	Sg_K46_34	Sg_D03_78	0.4961	0.4961	0.001	0.001	Positive
edge_2521	Sg_K46_34	Sg_EM12_61	-0.4336	0.4336	0.001	0.001	Negative
edge_2522	Sg_K46_34	Sg_G21_58	0.6337	0.6337	0.001	0.001	Positive
edge_2523	Sg_K46_34	Sg_H04_45	0.7818	0.7818	0.001	0.001	Positive
edge_2524	Sg_K46_34	Sg_K16_53	0.4254	0.4254	0.001	0.001	Positive
edge_2525	Sg_K46_34	Sg_K34_1	-0.3858	0.3858	0.001	0.001	Negative
edge_2526	Sg_K46_34	Sg_K36_6	-0.4659	0.4659	0.001	0.001	Negative
edge_2527	Sg_M01_13	Gp_MJ1_272	-0.4159	0.4159	0.001	0.001	Negative
edge_2528	Sg_M01_13	Gp_MJ3_477	-0.4304	0.4304	0.001	0.001	Negative
edge_2529	Sg_M01_13	Sg_A17_17	-0.4203	0.4203	0.001	0.001	Negative
edge_2530	Sg_M01_13	Sg_A19_12	-0.5459	0.5459	0.001	0.001	Negative
edge_2531	Sg_M01_13	Sg_A19_51	-0.5166	0.5166	0.001	0.001	Negative
edge_2532	Sg_M01_13	Sg_A20_2	0.4111	0.4111	0.001	0.001	Positive
edge_2533	Sg_M01_13	Sg_A20_35	0.4668	0.4668	0.001	0.001	Positive
edge_2534	Sg_M01_13	Sg_A22_19	-0.3905	0.3905	0.001	0.001	Negative
edge_2535	Sg_M01_13	Sg_A22_3	-0.4076	0.4076	0.001	0.001	Negative
edge_2536	Sg_M01_13	Sg_B03_29	0.6628	0.6628	0.001	0.001	Positive
edge_2537	Sg_M01_13	Sg_B03_38	0.3873	0.3873	0.001	0.001	Positive
edge_2538	Sg_M01_13	Sg_B07_50	0.5204	0.5204	0.001	0.001	Positive
edge_2539	Sg_M01_13	Sg_B15_52	-0.5168	0.5168	0.001	0.001	Negative
edge_2540	Sg_M01_13	Sg_B19_58	0.5306	0.5306	0.001	0.001	Positive
edge_2541	Sg_M01_13	Sg_B25_10	-0.4936	0.4936	0.001	0.001	Negative
edge_2542	Sg_M01_13	Sg_B26_35	0.4474	0.4474	0.001	0.001	Positive
edge_2543	Sg_M01_13	Sg_C04_33	0.5792	0.5792	0.001	0.001	Positive
edge_2544	Sg_M01_13	Sg_CA40A_55	0.4632	0.4632	0.001	0.001	Positive
edge_2545	Sg_M01_13	Sg_CD23A_20	-0.4343	0.4343	0.001	0.001	Negative
edge_2546	Sg_M01_13	Sg_CE19A_36	-0.5342	0.5342	0.001	0.001	Negative
edge_2547	Sg_M01_13	Sg_CK52A_43	0.5688	0.5688	0.001	0.001	Positive
edge_2548	Sg_M01_13	Sg_CM17_58	0.4262	0.4262	0.001	0.001	Positive
edge_2549	Sg_M01_13	Sg_CM17_7	0.5973	0.5973	0.001	0.001	Positive
edge_2550	Sg_M01_13	Sg_CM29A_16	0.6889	0.6889	0.001	0.001	Positive
edge_2551	Sg_M01_13	Sg_CM33A_60	0.6148	0.6148	0.001	0.001	Positive
edge_2552	Sg_M01_13	Sg_CM35A_15	0.4985	0.4985	0.001	0.001	Positive
edge_2553	Sg_M01_13	Sg_D02_32	-0.4369	0.4369	0.001	0.001	Negative
edge_2554	Sg_M01_13	Sg_E04_12	-0.4843	0.4843	0.001	0.001	Negative
edge_2555	Sg_M01_13	Sg_E06_10	0.432	0.432	0.001	0.001	Positive
edge_2556	Sg_M01_13	Sg_EM03_4	0.3832	0.3832	0.001	0.001	Positive
edge_2557	Sg_M01_13	Sg_G11_20	0.4087	0.4087	0.001	0.001	Positive
edge_2558	Sg_M01_13	Sg_G26_10	0.4089	0.4089	0.001	0.001	Positive
edge_2559	Sg_M01_13	Sg_G47_17	-0.4298	0.4298	0.001	0.001	Negative
edge_2560	Sg_M01_13	Sg_K22_8	-0.4735	0.4735	0.001	0.001	Negative
edge_2561	Sg_M01_13	Sg_K36_6	-0.4799	0.4799	0.001	0.001	Negative
edge_2562	Sg_M01_13	Sg_K40_4	0.5471	0.5471	0.001	0.001	Positive
edge_2563	Sg_M01_30	Sg_A11_47	0.3905	0.3905	0.001	0.001	Positive
edge_2564	Sg_M01_30	Sg_B07_50	0.4796	0.4796	0.001	0.001	Positive
edge_2565	Sg_M01_30	Sg_B19_58	0.4935	0.4935	0.001	0.001	Positive
edge_2566	Sg_M01_30	Sg_CD28A_40	0.3899	0.3899	0.001	0.001	Positive
edge_2567	Sg_M01_30	Sg_CK05A_46	0.4857	0.4857	0.001	0.001	Positive
edge_2568	Sg_M01_30	Sg_CK52A_43	0.4663	0.4663	0.001	0.001	Positive
edge_2569	Sg_M01_30	Sg_CM17_7	0.4008	0.4008	0.001	0.001	Positive
edge_2570	Sg_M01_30	Sg_CM29A_16	0.5752	0.5752	0.001	0.001	Positive
edge_2571	Sg_M01_30	Sg_CM33A_60	0.5557	0.5557	0.001	0.001	Positive
edge_2572	Sg_M01_30	Sg_E06_10	0.4462	0.4462	0.001	0.001	Positive
edge_2573	Sg_M01_30	Sg_K40_4	0.5546	0.5546	0.001	0.001	Positive
edge_2574	Sg_M01_30	Sg_M01_13	0.5485	0.5485	0.001	0.001	Positive
edge_2575	Sg_M02_37	Gp_MJ2_113	-0.3859	0.3859	0.001	0.001	Negative
edge_2576	Sg_M02_37	Sg_B07_38	-0.429	0.429	0.001	0.001	Negative
edge_2577	Sg_M02_37	Sg_B19_40	0.9529	0.9529	0.001	0.001	Positive
edge_2578	Sg_M02_37	Sg_CB03_47	0.4625	0.4625	0.001	0.001	Positive
edge_2579	Sg_M02_37	Sg_CK51A_47	-0.38	0.38	0.001	0.001	Negative
edge_2580	Sg_M02_37	Sg_E06_24	0.8775	0.8775	0.001	0.001	Positive
edge_2581	Sg_M02_37	Sg_EA61_27	0.8586	0.8586	0.001	0.001	Positive
edge_2582	Sg_M02_37	Sg_EB10_11	0.8975	0.8975	0.001	0.001	Positive
edge_2583	Sg_M02_37	Sg_EB21_10	0.7516	0.7516	0.001	0.001	Positive
edge_2584	Sg_M02_37	Sg_G18_19	-0.4318	0.4318	0.001	0.001	Negative
edge_2585	Sg_M02_37	Sg_G29_33	0.6521	0.6521	0.001	0.001	Positive
edge_2586	Sg_M02_37	Sg_I12_6	0.8141	0.8141	0.001	0.001	Positive
edge_2587	Sg_M02_37	Sg_K01_5	0.8669	0.8669	0.001	0.001	Positive
edge_2588	Sg_M02_5	Gp_MJ1_12	0.6128	0.6128	0.001	0.001	Positive
edge_2589	Sg_M02_5	Gp_MJ1_444	0.4731	0.4731	0.001	0.001	Positive
edge_2590	Sg_M02_5	Gp_MJ4_197	0.578	0.578	0.001	0.001	Positive
edge_2591	Sg_M02_5	Gp_NH_148	0.536	0.536	0.001	0.001	Positive
edge_2592	Sg_M02_5	Gp_meta27_16	0.3971	0.3971	0.001	0.001	Positive
edge_2593	Sg_M02_5	Sg_A22_8	0.4857	0.4857	0.001	0.001	Positive
edge_2594	Sg_M02_5	Sg_A27_31	0.5324	0.5324	0.001	0.001	Positive
edge_2595	Sg_M02_5	Sg_B04_2	0.4162	0.4162	0.001	0.001	Positive
edge_2596	Sg_M02_5	Sg_B07_12	-0.4543	0.4543	0.001	0.001	Negative
edge_2597	Sg_M02_5	Sg_B07_53	-0.4119	0.4119	0.001	0.001	Negative
edge_2598	Sg_M02_5	Sg_C04_25	0.3944	0.3944	0.001	0.001	Positive
edge_2599	Sg_M02_5	Sg_CM21_15	-0.4618	0.4618	0.001	0.001	Negative
edge_2600	Sg_M02_5	Sg_D02_9	0.5119	0.5119	0.001	0.001	Positive
edge_2601	Sg_M02_5	Sg_E10_50	0.4707	0.4707	0.001	0.001	Positive
edge_2602	Sg_M02_5	Sg_EA47_9	0.4503	0.4503	0.001	0.001	Positive
edge_2603	Sg_M02_5	Sg_EB03_22	0.4064	0.4064	0.001	0.001	Positive
edge_2604	Sg_M02_5	Sg_EB13_4	-0.3906	0.3906	0.001	0.001	Negative
edge_2605	Sg_M02_5	Sg_EM12_46	-0.3945	0.3945	0.001	0.001	Negative
edge_2606	Sg_M02_5	Sg_G19_41	0.4378	0.4378	0.001	0.001	Positive
edge_2607	Sg_M02_5	Sg_G46_28	-0.4361	0.4361	0.001	0.001	Negative
edge_2608	Sg_M02_5	Sg_K15_44	0.5564	0.5564	0.001	0.001	Positive
edge_2609	Sg_M02_5	Sg_K22_66	0.5023	0.5023	0.001	0.001	Positive
edge_2610	Sg_M02_5	Sg_K36_16	0.5228	0.5228	0.001	0.001	Positive
edge_2611	Sg_M02_5	Sg_K36_29	0.4493	0.4493	0.001	0.001	Positive
edge_2612	Sg_M02_8	Gp_meta27_511	-0.3932	0.3932	0.001	0.001	Negative
edge_2613	Sg_M02_8	Sg_B04_2	0.3825	0.3825	0.001	0.001	Positive
edge_2614	Sg_M02_8	Sg_D18_45	0.4913	0.4913	0.001	0.001	Positive
edge_2615	Sg_M02_8	Sg_EB13_4	-0.3868	0.3868	0.001	0.001	Negative
edge_2616	Sg_M02_8	Sg_K22_66	0.4263	0.4263	0.001	0.001	Positive
edge_2617	Sg_M02_8	Sg_K32_30	-0.3995	0.3995	0.001	0.001	Negative
edge_2618	Sg_M02_8	Sg_K36_27	0.4414	0.4414	0.001	0.001	Positive
edge_2619	Sg_M03_37	Gp_MJ1_12	0.3949	0.3949	0.001	0.001	Positive
edge_2620	Sg_M03_37	Gp_MJ4_65	0.4953	0.4953	0.001	0.001	Positive
edge_2621	Sg_M03_37	Sg_A19_11	0.4382	0.4382	0.001	0.001	Positive
edge_2622	Sg_M03_37	Sg_A19_36	0.5899	0.5899	0.001	0.001	Positive
edge_2623	Sg_M03_37	Sg_B15_35	0.3766	0.3766	0.001	0.001	Positive
edge_2624	Sg_M03_37	Sg_CB03_44	0.6638	0.6638	0.001	0.001	Positive
edge_2625	Sg_M03_37	Sg_CK52A_74	-0.3963	0.3963	0.001	0.001	Negative
edge_2626	Sg_M03_37	Sg_I12_44	-0.416	0.416	0.001	0.001	Negative
edge_2627	Sg_M03_38	Gp_YAB_333	0.6112	0.6112	0.001	0.001	Positive
edge_2628	Sg_M03_38	Sg_A19_12	-0.393	0.393	0.001	0.001	Negative
edge_2629	Sg_M03_38	Sg_A19_51	-0.4451	0.4451	0.001	0.001	Negative
edge_2630	Sg_M03_38	Sg_A20_35	0.5734	0.5734	0.001	0.001	Positive
edge_2631	Sg_M03_38	Sg_A27_23	0.6069	0.6069	0.001	0.001	Positive
edge_2632	Sg_M03_38	Sg_A28_8	0.5981	0.5981	0.001	0.001	Positive
edge_2633	Sg_M03_38	Sg_CD25A_53	0.6138	0.6138	0.001	0.001	Positive
edge_2634	Sg_M03_38	Sg_CG50A_49	0.6485	0.6485	0.001	0.001	Positive
edge_2635	Sg_M03_38	Sg_CK28A_47	0.4005	0.4005	0.001	0.001	Positive
edge_2636	Sg_M03_38	Sg_CM17_16	0.5989	0.5989	0.001	0.001	Positive
edge_2637	Sg_M03_38	Sg_CM31A_43	-0.4092	0.4092	0.001	0.001	Negative
edge_2638	Sg_M03_38	Sg_D02_32	-0.4811	0.4811	0.001	0.001	Negative
edge_2639	Sg_M03_38	Sg_EA57_9	-0.3615	0.3615	0.001	0.001	Negative
edge_2640	Sg_M03_38	Sg_EM30_38	0.5843	0.5843	0.001	0.001	Positive
edge_2641	Sg_M03_38	Sg_G18_1	0.4934	0.4934	0.001	0.001	Positive
edge_2642	Sg_M03_38	Sg_I12_32	-0.4074	0.4074	0.001	0.001	Negative
edge_2643	Sg_M03_38	Sg_K09_1	-0.4555	0.4555	0.001	0.001	Negative
edge_2644	Sg_M03_38	Sg_K10_28	0.6239	0.6239	0.001	0.001	Positive
edge_2645	Sg_M03_38	Sg_K36_29	-0.3937	0.3937	0.001	0.001	Negative
edge_2646	Sg_M07_23	Sg_B26_38	0.5265	0.5265	0.001	0.001	Positive
edge_2647	Sg_M07_23	Sg_CK51A_47	0.4147	0.4147	0.001	0.001	Positive
edge_2648	Sg_M07_23	Sg_CM30A_3	0.4645	0.4645	0.001	0.001	Positive
edge_2649	Sg_M07_23	Sg_D02_31	0.8246	0.8246	0.001	0.001	Positive
edge_2650	Sg_M07_23	Sg_K22_14	0.7689	0.7689	0.001	0.001	Positive
edge_2651	Sg_M07_23	Sg_K40_29	0.485	0.485	0.001	0.001	Positive
edge_2652	Sg_M07_27	Sg_A22_8	-0.3963	0.3963	0.001	0.001	Negative
edge_2653	Sg_M07_27	Sg_B03_29	0.4267	0.4267	0.001	0.001	Positive
edge_2654	Sg_M07_27	Sg_B25_10	-0.506	0.506	0.001	0.001	Negative
edge_2655	Sg_M07_27	Sg_B26_4	0.4718	0.4718	0.001	0.001	Positive
edge_2656	Sg_M07_27	Sg_C04_33	0.441	0.441	0.001	0.001	Positive
edge_2657	Sg_M07_27	Sg_CA40A_55	0.4735	0.4735	0.001	0.001	Positive
edge_2658	Sg_M07_27	Sg_CM17_58	0.5154	0.5154	0.001	0.001	Positive
edge_2659	Sg_M07_27	Sg_CM17_7	0.3979	0.3979	0.001	0.001	Positive
edge_2660	Sg_M07_27	Sg_CM29A_16	0.456	0.456	0.001	0.001	Positive
edge_2661	Sg_M07_27	Sg_CM32A_49	-0.3981	0.3981	0.001	0.001	Negative
edge_2662	Sg_M07_27	Sg_CM33A_60	0.4088	0.4088	0.001	0.001	Positive
edge_2663	Sg_M07_27	Sg_CM35A_15	0.5038	0.5038	0.001	0.001	Positive
edge_2664	Sg_M07_27	Sg_D02_44	0.4234	0.4234	0.001	0.001	Positive
edge_2665	Sg_M07_27	Sg_G47_17	-0.4226	0.4226	0.001	0.001	Negative
edge_2666	Sg_M07_27	Sg_K15_44	-0.3805	0.3805	0.001	0.001	Negative
edge_2667	Sg_M07_27	Sg_K22_8	-0.4816	0.4816	0.001	0.001	Negative
edge_2668	Sg_M07_27	Sg_M01_13	0.5338	0.5338	0.001	0.001	Positive
edge_2669	Sg_M07_39	Sg_A22_8	-0.3639	0.3639	0.001	0.001	Negative
edge_2670	Sg_M07_39	Sg_B03_29	0.4196	0.4196	0.001	0.001	Positive
edge_2671	Sg_M07_39	Sg_B07_12	0.43	0.43	0.001	0.001	Positive
edge_2672	Sg_M07_39	Sg_B15_22	-0.3972	0.3972	0.001	0.001	Negative
edge_2673	Sg_M07_39	Sg_CD26A_19	0.4487	0.4487	0.001	0.001	Positive
edge_2674	Sg_M07_39	Sg_CM32A_49	-0.4531	0.4531	0.001	0.001	Negative
edge_2675	Sg_M07_39	Sg_EA57_9	-0.5027	0.5027	0.001	0.001	Negative
edge_2676	Sg_M07_39	Sg_EB08_12	-0.3934	0.3934	0.001	0.001	Negative
edge_2677	Sg_M07_39	Sg_EM03_7	0.5705	0.5705	0.001	0.001	Positive
edge_2678	Sg_M07_39	Sg_EM12_46	0.5103	0.5103	0.001	0.001	Positive
edge_2679	Sg_M07_39	Sg_G19_41	-0.3712	0.3712	0.001	0.001	Negative
edge_2680	Sg_M07_39	Sg_G26_10	0.4423	0.4423	0.001	0.001	Positive
edge_2681	Sg_M07_39	Sg_I12_44	0.6067	0.6067	0.001	0.001	Positive
edge_2682	Sg_M07_39	Sg_K09_1	-0.4028	0.4028	0.001	0.001	Negative
edge_2683	Sg_M07_39	Sg_K15_44	-0.4433	0.4433	0.001	0.001	Negative
edge_2684	Sg_M07_39	Sg_K17_22	0.4465	0.4465	0.001	0.001	Positive
edge_2685	Sg_M07_4	Gp_MJ1_12	-0.4162	0.4162	0.001	0.001	Negative
edge_2686	Sg_M07_4	Gp_MJ1_444	-0.5679	0.5679	0.001	0.001	Negative
edge_2687	Sg_M07_4	Gp_YAB_333	0.4985	0.4985	0.001	0.001	Positive
edge_2688	Sg_M07_4	Sg_A11_10	-0.4896	0.4896	0.001	0.001	Negative
edge_2689	Sg_M07_4	Sg_A17_17	-0.4257	0.4257	0.001	0.001	Negative
edge_2690	Sg_M07_4	Sg_A19_11	-0.3883	0.3883	0.001	0.001	Negative
edge_2691	Sg_M07_4	Sg_A19_18	-0.4919	0.4919	0.001	0.001	Negative
edge_2692	Sg_M07_4	Sg_A19_51	-0.3997	0.3997	0.001	0.001	Negative
edge_2693	Sg_M07_4	Sg_A20_2	0.545	0.545	0.001	0.001	Positive
edge_2694	Sg_M07_4	Sg_A22_3	-0.489	0.489	0.001	0.001	Negative
edge_2695	Sg_M07_4	Sg_A22_8	-0.5196	0.5196	0.001	0.001	Negative
edge_2696	Sg_M07_4	Sg_B07_12	0.6598	0.6598	0.001	0.001	Positive
edge_2697	Sg_M07_4	Sg_B07_53	0.4624	0.4624	0.001	0.001	Positive
edge_2698	Sg_M07_4	Sg_B15_35	-0.5257	0.5257	0.001	0.001	Negative
edge_2699	Sg_M07_4	Sg_B15_52	-0.4306	0.4306	0.001	0.001	Negative
edge_2700	Sg_M07_4	Sg_B25_10	-0.3616	0.3616	0.001	0.001	Negative
edge_2701	Sg_M07_4	Sg_CA11_52	-0.5204	0.5204	0.001	0.001	Negative
edge_2702	Sg_M07_4	Sg_CB03_47	-0.4225	0.4225	0.001	0.001	Negative
edge_2703	Sg_M07_4	Sg_CD23A_20	-0.5527	0.5527	0.001	0.001	Negative
edge_2704	Sg_M07_4	Sg_CD25A_53	0.5318	0.5318	0.001	0.001	Positive
edge_2705	Sg_M07_4	Sg_CD26A_19	0.5332	0.5332	0.001	0.001	Positive
edge_2706	Sg_M07_4	Sg_CD27A_46	-0.5638	0.5638	0.001	0.001	Negative
edge_2707	Sg_M07_4	Sg_CD30A_34	0.5026	0.5026	0.001	0.001	Positive
edge_2708	Sg_M07_4	Sg_CE19A_15	0.4292	0.4292	0.001	0.001	Positive
edge_2709	Sg_M07_4	Sg_CE19A_29	0.4053	0.4053	0.001	0.001	Positive
edge_2710	Sg_M07_4	Sg_CE19A_36	-0.4303	0.4303	0.001	0.001	Negative
edge_2711	Sg_M07_4	Sg_CG50A_49	0.4488	0.4488	0.001	0.001	Positive
edge_2712	Sg_M07_4	Sg_CK52A_74	0.3566	0.3566	0.001	0.001	Positive
edge_2713	Sg_M07_4	Sg_CM31A_43	-0.5438	0.5438	0.001	0.001	Negative
edge_2714	Sg_M07_4	Sg_CM32A_49	-0.4208	0.4208	0.001	0.001	Negative
edge_2715	Sg_M07_4	Sg_CM33A_9	-0.5047	0.5047	0.001	0.001	Negative
edge_2716	Sg_M07_4	Sg_D02_32	-0.5553	0.5553	0.001	0.001	Negative
edge_2717	Sg_M07_4	Sg_D18_45	-0.4145	0.4145	0.001	0.001	Negative
edge_2718	Sg_M07_4	Sg_E04_12	-0.5176	0.5176	0.001	0.001	Negative
edge_2719	Sg_M07_4	Sg_E10_50	-0.457	0.457	0.001	0.001	Negative
edge_2720	Sg_M07_4	Sg_EA57_9	-0.4451	0.4451	0.001	0.001	Negative
edge_2721	Sg_M07_4	Sg_EB21_10	-0.3851	0.3851	0.001	0.001	Negative
edge_2722	Sg_M07_4	Sg_EM03_7	0.4261	0.4261	0.001	0.001	Positive
edge_2723	Sg_M07_4	Sg_EM12_46	0.638	0.638	0.001	0.001	Positive
edge_2724	Sg_M07_4	Sg_EM12_61	-0.4214	0.4214	0.001	0.001	Negative
edge_2725	Sg_M07_4	Sg_G26_28	-0.4159	0.4159	0.001	0.001	Negative
edge_2726	Sg_M07_4	Sg_G39_28	0.3605	0.3605	0.001	0.001	Positive
edge_2727	Sg_M07_4	Sg_G43_29	0.5602	0.5602	0.001	0.001	Positive
edge_2728	Sg_M07_4	Sg_G46_28	0.4414	0.4414	0.001	0.001	Positive
edge_2729	Sg_M07_4	Sg_I05_27	0.5007	0.5007	0.001	0.001	Positive
edge_2730	Sg_M07_4	Sg_I06_25	-0.5932	0.5932	0.001	0.001	Negative
edge_2731	Sg_M07_4	Sg_I12_32	-0.4974	0.4974	0.001	0.001	Negative
edge_2732	Sg_M07_4	Sg_I12_44	0.4282	0.4282	0.001	0.001	Positive
edge_2733	Sg_M07_4	Sg_K09_1	-0.6532	0.6532	0.001	0.001	Negative
edge_2734	Sg_M07_4	Sg_K15_44	-0.6349	0.6349	0.001	0.001	Negative
edge_2735	Sg_M07_4	Sg_K17_22	0.4976	0.4976	0.001	0.001	Positive
edge_2736	Sg_M07_4	Sg_K22_66	-0.4727	0.4727	0.001	0.001	Negative
edge_2737	Sg_M07_4	Sg_K22_8	-0.5871	0.5871	0.001	0.001	Negative
edge_2738	Sg_M07_4	Sg_K36_16	-0.5823	0.5823	0.001	0.001	Negative
edge_2739	Sg_M07_4	Sg_K36_29	-0.4652	0.4652	0.001	0.001	Negative
edge_2740	Sg_M07_4	Sg_K36_3	0.4085	0.4085	0.001	0.001	Positive
edge_2741	Sg_M08_36	Gp_MJ2_113	-0.4726	0.4726	0.001	0.001	Negative
edge_2742	Sg_M08_36	Gp_MJ3_477	-0.5231	0.5231	0.001	0.001	Negative
edge_2743	Sg_M08_36	Gp_meta27_16	0.4299	0.4299	0.001	0.001	Positive
edge_2744	Sg_M08_36	Sg_B07_38	-0.4665	0.4665	0.001	0.001	Negative
edge_2745	Sg_M08_36	Sg_B07_62	-0.4672	0.4672	0.001	0.001	Negative
edge_2746	Sg_M08_36	Sg_B15_23	-0.4298	0.4298	0.001	0.001	Negative
edge_2747	Sg_M08_36	Sg_B19_40	0.3963	0.3963	0.001	0.001	Positive
edge_2748	Sg_M08_36	Sg_C14_34	0.5587	0.5587	0.001	0.001	Positive
edge_2749	Sg_M08_36	Sg_CA11_3	0.4969	0.4969	0.001	0.001	Positive
edge_2750	Sg_M08_36	Sg_CA13_9	0.7251	0.7251	0.001	0.001	Positive
edge_2751	Sg_M08_36	Sg_CA25_21	-0.4674	0.4674	0.001	0.001	Negative
edge_2752	Sg_M08_36	Sg_CD30A_34	-0.4695	0.4695	0.001	0.001	Negative
edge_2753	Sg_M08_36	Sg_CE19A_24	-0.4228	0.4228	0.001	0.001	Negative
edge_2754	Sg_M08_36	Sg_CK05A_18	-0.4116	0.4116	0.001	0.001	Negative
edge_2755	Sg_M08_36	Sg_CM21_15	-0.4132	0.4132	0.001	0.001	Negative
edge_2756	Sg_M08_36	Sg_CM21_57	-0.4992	0.4992	0.001	0.001	Negative
edge_2757	Sg_M08_36	Sg_E06_24	0.437	0.437	0.001	0.001	Positive
edge_2758	Sg_M08_36	Sg_EA61_27	0.4704	0.4704	0.001	0.001	Positive
edge_2759	Sg_M08_36	Sg_G09_4	-0.431	0.431	0.001	0.001	Negative
edge_2760	Sg_M08_36	Sg_G18_19	-0.5528	0.5528	0.001	0.001	Negative
edge_2761	Sg_M08_36	Sg_G47_17	-0.3818	0.3818	0.001	0.001	Negative
edge_2762	Sg_M08_36	Sg_K16_53	0.5618	0.5618	0.001	0.001	Positive
edge_2763	Sg_M08_36	Sg_K36_8	0.4472	0.4472	0.001	0.001	Positive
edge_2764	Sg_M08_36	Sg_K46_34	0.4832	0.4832	0.001	0.001	Positive
edge_2765	Sg_M08_36	Sg_M02_37	0.4233	0.4233	0.001	0.001	Positive
edge_2766	Sg_M11_5	Gp_YAB_339	0.7613	0.7613	0.001	0.001	Positive
edge_2767	Sg_M11_5	Gp_meta27_511	0.5784	0.5784	0.001	0.001	Positive
edge_2768	Sg_M11_5	Sg_A11_12	0.9418	0.9418	0.001	0.001	Positive
edge_2769	Sg_M11_5	Sg_A11_2	0.7489	0.7489	0.001	0.001	Positive
edge_2770	Sg_M11_5	Sg_A19_36	0.4778	0.4778	0.001	0.001	Positive
edge_2771	Sg_M11_5	Sg_B25_38	0.762	0.762	0.001	0.001	Positive
edge_2772	Sg_M11_5	Sg_C03_36	0.571	0.571	0.001	0.001	Positive
edge_2773	Sg_M11_5	Sg_CG50A_74	0.8907	0.8907	0.001	0.001	Positive
edge_2774	Sg_M11_5	Sg_CM31A_52	0.9121	0.9121	0.001	0.001	Positive
edge_2775	Sg_M11_5	Sg_D09_14	0.7749	0.7749	0.001	0.001	Positive
edge_2776	Sg_M11_5	Sg_EA47_17	0.5661	0.5661	0.001	0.001	Positive
edge_2777	Sg_M11_5	Sg_EB09_7	0.7723	0.7723	0.001	0.001	Positive
edge_2778	Sg_M11_5	Sg_EM22_6	0.8572	0.8572	0.001	0.001	Positive
edge_2779	Sg_M11_5	Sg_EM34_4	0.9315	0.9315	0.001	0.001	Positive
edge_2780	Sg_M11_5	Sg_G06_49	0.4642	0.4642	0.001	0.001	Positive
edge_2781	Sg_M11_5	Sg_G22_16	0.8224	0.8224	0.001	0.001	Positive
edge_2782	Sg_M11_5	Sg_I05_27	0.4595	0.4595	0.001	0.001	Positive
edge_2783	Sg_M11_5	Sg_I07_11	0.9745	0.9745	0.001	0.001	Positive
edge_2784	Sg_M11_5	Sg_K09_61	0.8709	0.8709	0.001	0.001	Positive
edge_2785	Sg_M11_5	Sg_K32_30	0.7844	0.7844	0.001	0.001	Positive
edge_2786	Sg_M11_5	Sg_K36_17	0.6773	0.6773	0.001	0.001	Positive
edge_2787	Sg_M11_7	Gp_YAB_333	-0.4128	0.4128	0.001	0.001	Negative
edge_2788	Sg_M11_7	Sg_A17_17	0.5492	0.5492	0.001	0.001	Positive
edge_2789	Sg_M11_7	Sg_A19_18	0.5744	0.5744	0.001	0.001	Positive
edge_2790	Sg_M11_7	Sg_A19_51	0.5166	0.5166	0.001	0.001	Positive
edge_2791	Sg_M11_7	Sg_A28_8	-0.4622	0.4622	0.001	0.001	Negative
edge_2792	Sg_M11_7	Sg_B15_52	0.497	0.497	0.001	0.001	Positive
edge_2793	Sg_M11_7	Sg_CD23A_20	0.5078	0.5078	0.001	0.001	Positive
edge_2794	Sg_M11_7	Sg_CE19A_36	0.4637	0.4637	0.001	0.001	Positive
edge_2795	Sg_M11_7	Sg_CG50A_22	0.4245	0.4245	0.001	0.001	Positive
edge_2796	Sg_M11_7	Sg_CG50A_49	-0.4229	0.4229	0.001	0.001	Negative
edge_2797	Sg_M11_7	Sg_CK05A_21	0.4344	0.4344	0.001	0.001	Positive
edge_2798	Sg_M11_7	Sg_CM17_16	-0.4899	0.4899	0.001	0.001	Negative
edge_2799	Sg_M11_7	Sg_CM32A_26	0.4402	0.4402	0.001	0.001	Positive
edge_2800	Sg_M11_7	Sg_CM33A_9	0.5191	0.5191	0.001	0.001	Positive
edge_2801	Sg_M11_7	Sg_D02_32	0.5215	0.5215	0.001	0.001	Positive
edge_2802	Sg_M11_7	Sg_E04_12	0.3944	0.3944	0.001	0.001	Positive
edge_2803	Sg_M11_7	Sg_G26_28	0.462	0.462	0.001	0.001	Positive
edge_2804	Sg_M11_7	Sg_G39_28	-0.4133	0.4133	0.001	0.001	Negative
edge_2805	Sg_M11_7	Sg_I01_33	-0.3964	0.3964	0.001	0.001	Negative
edge_2806	Sg_M11_7	Sg_I12_32	0.4999	0.4999	0.001	0.001	Positive
edge_2807	Sg_M11_7	Sg_K34_1	0.4828	0.4828	0.001	0.001	Positive
edge_2808	Sg_M11_7	Sg_K36_6	0.527	0.527	0.001	0.001	Positive
edge_2809	Sg_M12_17	Sg_CB03_47	-0.4006	0.4006	0.001	0.001	Negative
edge_2810	Sg_M12_17	Sg_CM32A_49	-0.455	0.455	0.001	0.001	Negative
edge_2811	Sg_M12_21	Gp_MJ2_113	0.7472	0.7472	0.001	0.001	Positive
edge_2812	Sg_M12_21	Gp_MJ3_477	0.6279	0.6279	0.001	0.001	Positive
edge_2813	Sg_M12_21	Sg_A34_19	0.4555	0.4555	0.001	0.001	Positive
edge_2814	Sg_M12_21	Sg_B07_12	0.5811	0.5811	0.001	0.001	Positive
edge_2815	Sg_M12_21	Sg_B07_53	0.6899	0.6899	0.001	0.001	Positive
edge_2816	Sg_M12_21	Sg_B07_62	0.6522	0.6522	0.001	0.001	Positive
edge_2817	Sg_M12_21	Sg_B08_36	0.552	0.552	0.001	0.001	Positive
edge_2818	Sg_M12_21	Sg_B14_13	0.8137	0.8137	0.001	0.001	Positive
edge_2819	Sg_M12_21	Sg_B15_23	0.8385	0.8385	0.001	0.001	Positive
edge_2820	Sg_M12_21	Sg_B19_40	-0.3852	0.3852	0.001	0.001	Negative
edge_2821	Sg_M12_21	Sg_CA13_9	-0.3953	0.3953	0.001	0.001	Negative
edge_2822	Sg_M12_21	Sg_CA25_21	0.6462	0.6462	0.001	0.001	Positive
edge_2823	Sg_M12_21	Sg_CB03_47	-0.4406	0.4406	0.001	0.001	Negative
edge_2824	Sg_M12_21	Sg_CD23A_32	0.4164	0.4164	0.001	0.001	Positive
edge_2825	Sg_M12_21	Sg_CD24A_10	0.7347	0.7347	0.001	0.001	Positive
edge_2826	Sg_M12_21	Sg_CD26A_19	0.4484	0.4484	0.001	0.001	Positive
edge_2827	Sg_M12_21	Sg_CD30A_34	0.7642	0.7642	0.001	0.001	Positive
edge_2828	Sg_M12_21	Sg_CE19A_15	0.5119	0.5119	0.001	0.001	Positive
edge_2829	Sg_M12_21	Sg_CE19A_24	0.6419	0.6419	0.001	0.001	Positive
edge_2830	Sg_M12_21	Sg_CE19A_29	0.4308	0.4308	0.001	0.001	Positive
edge_2831	Sg_M12_21	Sg_CK05A_18	0.805	0.805	0.001	0.001	Positive
edge_2832	Sg_M12_21	Sg_CK51A_47	0.4758	0.4758	0.001	0.001	Positive
edge_2833	Sg_M12_21	Sg_CK52A_74	0.5784	0.5784	0.001	0.001	Positive
edge_2834	Sg_M12_21	Sg_CM21_15	0.6848	0.6848	0.001	0.001	Positive
edge_2835	Sg_M12_21	Sg_CM21_57	0.8067	0.8067	0.001	0.001	Positive
edge_2836	Sg_M12_21	Sg_CM35A_15	-0.3933	0.3933	0.001	0.001	Negative
edge_2837	Sg_M12_21	Sg_D10_17	0.8503	0.8503	0.001	0.001	Positive
edge_2838	Sg_M12_21	Sg_EA61_27	-0.4584	0.4584	0.001	0.001	Negative
edge_2839	Sg_M12_21	Sg_EB03_22	-0.4665	0.4665	0.001	0.001	Negative
edge_2840	Sg_M12_21	Sg_EB13_4	0.9521	0.9521	0.001	0.001	Positive
edge_2841	Sg_M12_21	Sg_EM03_7	0.3857	0.3857	0.001	0.001	Positive
edge_2842	Sg_M12_21	Sg_EM12_46	0.5523	0.5523	0.001	0.001	Positive
edge_2843	Sg_M12_21	Sg_G06_9	0.5468	0.5468	0.001	0.001	Positive
edge_2844	Sg_M12_21	Sg_G18_19	0.4692	0.4692	0.001	0.001	Positive
edge_2845	Sg_M12_21	Sg_G26_22	0.7686	0.7686	0.001	0.001	Positive
edge_2846	Sg_M12_21	Sg_G43_29	0.5451	0.5451	0.001	0.001	Positive
edge_2847	Sg_M12_21	Sg_G47_17	0.3761	0.3761	0.001	0.001	Positive
edge_2848	Sg_M12_21	Sg_I12_44	0.4995	0.4995	0.001	0.001	Positive
edge_2849	Sg_M12_21	Sg_I12_6	-0.4486	0.4486	0.001	0.001	Negative
edge_2850	Sg_M12_21	Sg_K14_18	-0.4855	0.4855	0.001	0.001	Negative
edge_2851	Sg_M12_21	Sg_K15_44	-0.3816	0.3816	0.001	0.001	Negative
edge_2852	Sg_M12_21	Sg_K36_3	0.6387	0.6387	0.001	0.001	Positive
edge_2853	Sg_M12_39	Gp_MJ1_12	-0.5303	0.5303	0.001	0.001	Negative
edge_2854	Sg_M12_39	Gp_MJ1_444	-0.4103	0.4103	0.001	0.001	Negative
edge_2855	Sg_M12_39	Gp_MJ2_113	0.6657	0.6657	0.001	0.001	Positive
edge_2856	Sg_M12_39	Gp_MJ3_477	0.5248	0.5248	0.001	0.001	Positive
edge_2857	Sg_M12_39	Gp_NH_148	-0.3826	0.3826	0.001	0.001	Negative
edge_2858	Sg_M12_39	Sg_B07_12	0.6325	0.6325	0.001	0.001	Positive
edge_2859	Sg_M12_39	Sg_B07_53	0.7156	0.7156	0.001	0.001	Positive
edge_2860	Sg_M12_39	Sg_B07_62	0.7423	0.7423	0.001	0.001	Positive
edge_2861	Sg_M12_39	Sg_B08_36	0.5579	0.5579	0.001	0.001	Positive
edge_2862	Sg_M12_39	Sg_B14_13	0.6055	0.6055	0.001	0.001	Positive
edge_2863	Sg_M12_39	Sg_B15_23	0.8166	0.8166	0.001	0.001	Positive
edge_2864	Sg_M12_39	Sg_CA11_3	-0.4051	0.4051	0.001	0.001	Negative
edge_2865	Sg_M12_39	Sg_CA25_21	0.7105	0.7105	0.001	0.001	Positive
edge_2866	Sg_M12_39	Sg_CB03_47	-0.3775	0.3775	0.001	0.001	Negative
edge_2867	Sg_M12_39	Sg_CD23A_32	0.4639	0.4639	0.001	0.001	Positive
edge_2868	Sg_M12_39	Sg_CD24A_10	0.5599	0.5599	0.001	0.001	Positive
edge_2869	Sg_M12_39	Sg_CD26A_19	0.4763	0.4763	0.001	0.001	Positive
edge_2870	Sg_M12_39	Sg_CD30A_34	0.8736	0.8736	0.001	0.001	Positive
edge_2871	Sg_M12_39	Sg_CE19A_15	0.396	0.396	0.001	0.001	Positive
edge_2872	Sg_M12_39	Sg_CE19A_24	0.6318	0.6318	0.001	0.001	Positive
edge_2873	Sg_M12_39	Sg_CE19A_29	0.556	0.556	0.001	0.001	Positive
edge_2874	Sg_M12_39	Sg_CK05A_18	0.744	0.744	0.001	0.001	Positive
edge_2875	Sg_M12_39	Sg_CK52A_74	0.6898	0.6898	0.001	0.001	Positive
edge_2876	Sg_M12_39	Sg_CM21_15	0.5933	0.5933	0.001	0.001	Positive
edge_2877	Sg_M12_39	Sg_CM21_57	0.7887	0.7887	0.001	0.001	Positive
edge_2878	Sg_M12_39	Sg_D02_9	-0.4233	0.4233	0.001	0.001	Negative
edge_2879	Sg_M12_39	Sg_D10_17	0.7745	0.7745	0.001	0.001	Positive
edge_2880	Sg_M12_39	Sg_E10_50	-0.4505	0.4505	0.001	0.001	Negative
edge_2881	Sg_M12_39	Sg_EB08_12	-0.3997	0.3997	0.001	0.001	Negative
edge_2882	Sg_M12_39	Sg_EB13_4	0.7013	0.7013	0.001	0.001	Positive
edge_2883	Sg_M12_39	Sg_EM12_46	0.6117	0.6117	0.001	0.001	Positive
edge_2884	Sg_M12_39	Sg_G06_9	0.4009	0.4009	0.001	0.001	Positive
edge_2885	Sg_M12_39	Sg_G18_19	0.5259	0.5259	0.001	0.001	Positive
edge_2886	Sg_M12_39	Sg_G26_22	0.8626	0.8626	0.001	0.001	Positive
edge_2887	Sg_M12_39	Sg_G43_29	0.4725	0.4725	0.001	0.001	Positive
edge_2888	Sg_M12_39	Sg_I12_44	0.5695	0.5695	0.001	0.001	Positive
edge_2889	Sg_M12_39	Sg_K10_28	-0.4548	0.4548	0.001	0.001	Negative
edge_2890	Sg_M12_39	Sg_K14_18	-0.4995	0.4995	0.001	0.001	Negative
edge_2891	Sg_M12_39	Sg_K15_44	-0.4566	0.4566	0.001	0.001	Negative
edge_2892	Sg_M12_39	Sg_K17_22	0.5645	0.5645	0.001	0.001	Positive
edge_2893	Sg_M12_39	Sg_K22_66	-0.4468	0.4468	0.001	0.001	Negative
edge_2894	Sg_M12_39	Sg_K36_16	-0.4337	0.4337	0.001	0.001	Negative
edge_2895	Sg_M12_39	Sg_K36_3	0.6638	0.6638	0.001	0.001	Positive
edge_2896	Sg_M12_39	Sg_M03_37	-0.3745	0.3745	0.001	0.001	Negative
edge_2897	Sg_M12_39	Sg_M07_4	0.4525	0.4525	0.001	0.001	Positive
edge_2898	Sg_M12_39	Sg_M08_36	-0.4592	0.4592	0.001	0.001	Negative
edge_2899	Sg_M12_39	Sg_M12_21	0.7035	0.7035	0.001	0.001	Positive
edge_2900	Sg_M12_6	Gp_MJ1_12	0.5376	0.5376	0.001	0.001	Positive
edge_2901	Sg_M12_6	Gp_MJ1_444	0.6257	0.6257	0.001	0.001	Positive
edge_2902	Sg_M12_6	Gp_MJ4_197	0.4686	0.4686	0.001	0.001	Positive
edge_2903	Sg_M12_6	Sg_A11_10	0.5055	0.5055	0.001	0.001	Positive
edge_2904	Sg_M12_6	Sg_A22_8	0.5746	0.5746	0.001	0.001	Positive
edge_2905	Sg_M12_6	Sg_A27_31	0.4926	0.4926	0.001	0.001	Positive
edge_2906	Sg_M12_6	Sg_B07_12	-0.5096	0.5096	0.001	0.001	Negative
edge_2907	Sg_M12_6	Sg_B07_53	-0.4114	0.4114	0.001	0.001	Negative
edge_2908	Sg_M12_6	Sg_B07_62	-0.3931	0.3931	0.001	0.001	Negative
edge_2909	Sg_M12_6	Sg_B14_13	-0.4081	0.4081	0.001	0.001	Negative
edge_2910	Sg_M12_6	Sg_B15_23	-0.5289	0.5289	0.001	0.001	Negative
edge_2911	Sg_M12_6	Sg_CA25_21	-0.4736	0.4736	0.001	0.001	Negative
edge_2912	Sg_M12_6	Sg_CA9_20	0.4705	0.4705	0.001	0.001	Positive
edge_2913	Sg_M12_6	Sg_CD30A_34	-0.5387	0.5387	0.001	0.001	Negative
edge_2914	Sg_M12_6	Sg_CE19A_29	-0.4274	0.4274	0.001	0.001	Negative
edge_2915	Sg_M12_6	Sg_CK05A_18	-0.5742	0.5742	0.001	0.001	Negative
edge_2916	Sg_M12_6	Sg_CK52A_74	-0.409	0.409	0.001	0.001	Negative
edge_2917	Sg_M12_6	Sg_CM21_15	-0.4661	0.4661	0.001	0.001	Negative
edge_2918	Sg_M12_6	Sg_CM32A_49	0.4729	0.4729	0.001	0.001	Positive
edge_2919	Sg_M12_6	Sg_D02_9	0.4999	0.4999	0.001	0.001	Positive
edge_2920	Sg_M12_6	Sg_D10_17	-0.4938	0.4938	0.001	0.001	Negative
edge_2921	Sg_M12_6	Sg_E10_50	0.5444	0.5444	0.001	0.001	Positive
edge_2922	Sg_M12_6	Sg_EA47_9	0.4842	0.4842	0.001	0.001	Positive
edge_2923	Sg_M12_6	Sg_EA57_9	0.4595	0.4595	0.001	0.001	Positive
edge_2924	Sg_M12_6	Sg_EB03_22	0.3808	0.3808	0.001	0.001	Positive
edge_2925	Sg_M12_6	Sg_EB13_4	-0.4569	0.4569	0.001	0.001	Negative
edge_2926	Sg_M12_6	Sg_EM12_46	-0.5182	0.5182	0.001	0.001	Negative
edge_2927	Sg_M12_6	Sg_G19_41	0.4162	0.4162	0.001	0.001	Positive
edge_2928	Sg_M12_6	Sg_G43_29	-0.4832	0.4832	0.001	0.001	Negative
edge_2929	Sg_M12_6	Sg_K09_1	0.4431	0.4431	0.001	0.001	Positive
edge_2930	Sg_M12_6	Sg_K15_44	0.6135	0.6135	0.001	0.001	Positive
edge_2931	Sg_M12_6	Sg_K22_66	0.5739	0.5739	0.001	0.001	Positive
edge_2932	Sg_M12_6	Sg_K22_8	0.4079	0.4079	0.001	0.001	Positive
edge_2933	Sg_M12_6	Sg_K36_16	0.5681	0.5681	0.001	0.001	Positive
edge_2934	Sg_M12_6	Sg_K36_27	0.5558	0.5558	0.001	0.001	Positive
edge_2935	Sg_M12_6	Sg_K36_29	0.4912	0.4912	0.001	0.001	Positive
edge_2936	Sg_M12_6	Sg_M02_5	0.5726	0.5726	0.001	0.001	Positive
edge_2937	Sg_M12_6	Sg_M02_8	0.4723	0.4723	0.001	0.001	Positive
edge_2938	Sg_M12_6	Sg_M12_21	-0.4225	0.4225	0.001	0.001	Negative
edge_2939	Sg_M14_27	Sg_CM17_7	0.387	0.387	0.001	0.001	Positive
edge_2940	Sg_M14_34	Sg_A01_16	0.5339	0.5339	0.001	0.001	Positive
edge_2941	Sg_M15_10	Gp_MJ1_444	-0.5241	0.5241	0.001	0.001	Negative
edge_2942	Sg_M15_10	Gp_MJ4_65	-0.5101	0.5101	0.001	0.001	Negative
edge_2943	Sg_M15_10	Gp_YAB_333	0.3771	0.3771	0.001	0.001	Positive
edge_2944	Sg_M15_10	Sg_A11_10	-0.416	0.416	0.001	0.001	Negative
edge_2945	Sg_M15_10	Sg_A19_11	-0.4624	0.4624	0.001	0.001	Negative
edge_2946	Sg_M15_10	Sg_A20_2	0.4881	0.4881	0.001	0.001	Positive
edge_2947	Sg_M15_10	Sg_A27_23	0.4391	0.4391	0.001	0.001	Positive
edge_2948	Sg_M15_10	Sg_B03_29	0.6436	0.6436	0.001	0.001	Positive
edge_2949	Sg_M15_10	Sg_B07_12	0.4988	0.4988	0.001	0.001	Positive
edge_2950	Sg_M15_10	Sg_B15_22	-0.4505	0.4505	0.001	0.001	Negative
edge_2951	Sg_M15_10	Sg_B15_35	-0.4342	0.4342	0.001	0.001	Negative
edge_2952	Sg_M15_10	Sg_B25_10	-0.4827	0.4827	0.001	0.001	Negative
edge_2953	Sg_M15_10	Sg_B27_6	-0.3842	0.3842	0.001	0.001	Negative
edge_2954	Sg_M15_10	Sg_C04_33	0.5369	0.5369	0.001	0.001	Positive
edge_2955	Sg_M15_10	Sg_CA11_52	-0.4482	0.4482	0.001	0.001	Negative
edge_2956	Sg_M15_10	Sg_CD25A_53	0.4674	0.4674	0.001	0.001	Positive
edge_2957	Sg_M15_10	Sg_CD26A_19	0.4561	0.4561	0.001	0.001	Positive
edge_2958	Sg_M15_10	Sg_CE19A_29	0.451	0.451	0.001	0.001	Positive
edge_2959	Sg_M15_10	Sg_CG50A_49	0.4232	0.4232	0.001	0.001	Positive
edge_2960	Sg_M15_10	Sg_CK52A_43	0.3875	0.3875	0.001	0.001	Positive
edge_2961	Sg_M15_10	Sg_CM17_7	0.4047	0.4047	0.001	0.001	Positive
edge_2962	Sg_M15_10	Sg_CM29A_16	0.6492	0.6492	0.001	0.001	Positive
edge_2963	Sg_M15_10	Sg_CM31A_43	-0.4989	0.4989	0.001	0.001	Negative
edge_2964	Sg_M15_10	Sg_CM32A_49	-0.5385	0.5385	0.001	0.001	Negative
edge_2965	Sg_M15_10	Sg_CM33A_60	0.5807	0.5807	0.001	0.001	Positive
edge_2966	Sg_M15_10	Sg_E04_12	-0.4405	0.4405	0.001	0.001	Negative
edge_2967	Sg_M15_10	Sg_EA57_9	-0.5913	0.5913	0.001	0.001	Negative
edge_2968	Sg_M15_10	Sg_EB08_12	-0.5712	0.5712	0.001	0.001	Negative
edge_2969	Sg_M15_10	Sg_EM03_7	0.4345	0.4345	0.001	0.001	Positive
edge_2970	Sg_M15_10	Sg_G18_1	0.4106	0.4106	0.001	0.001	Positive
edge_2971	Sg_M15_10	Sg_G26_10	0.5715	0.5715	0.001	0.001	Positive
edge_2972	Sg_M15_10	Sg_G33_7	0.4254	0.4254	0.001	0.001	Positive
edge_2973	Sg_M15_10	Sg_I12_32	-0.4122	0.4122	0.001	0.001	Negative
edge_2974	Sg_M15_10	Sg_I12_44	0.5092	0.5092	0.001	0.001	Positive
edge_2975	Sg_M15_10	Sg_K09_1	-0.5159	0.5159	0.001	0.001	Negative
edge_2976	Sg_M15_10	Sg_K22_8	-0.5009	0.5009	0.001	0.001	Negative
edge_2977	Sg_M15_10	Sg_K40_4	0.5042	0.5042	0.001	0.001	Positive
edge_2978	Sg_M15_10	Sg_M07_39	0.4892	0.4892	0.001	0.001	Positive
edge_2979	Sg_M15_10	Sg_M07_4	0.4165	0.4165	0.001	0.001	Positive
edge_2980	Sg_M15_29	Gp_MJ1_12	-0.484	0.484	0.001	0.001	Negative
edge_2981	Sg_M15_29	Gp_MJ1_444	-0.402	0.402	0.001	0.001	Negative
edge_2982	Sg_M15_29	Gp_MJ2_113	0.6793	0.6793	0.001	0.001	Positive
edge_2983	Sg_M15_29	Gp_MJ3_477	0.5457	0.5457	0.001	0.001	Positive
edge_2984	Sg_M15_29	Sg_A34_19	0.6135	0.6135	0.001	0.001	Positive
edge_2985	Sg_M15_29	Sg_B07_12	0.5911	0.5911	0.001	0.001	Positive
edge_2986	Sg_M15_29	Sg_B07_53	0.6433	0.6433	0.001	0.001	Positive
edge_2987	Sg_M15_29	Sg_B07_62	0.6222	0.6222	0.001	0.001	Positive
edge_2988	Sg_M15_29	Sg_B08_36	0.5041	0.5041	0.001	0.001	Positive
edge_2989	Sg_M15_29	Sg_B14_13	0.6394	0.6394	0.001	0.001	Positive
edge_2990	Sg_M15_29	Sg_B15_23	0.7541	0.7541	0.001	0.001	Positive
edge_2991	Sg_M15_29	Sg_CA25_21	0.6496	0.6496	0.001	0.001	Positive
edge_2992	Sg_M15_29	Sg_CB03_47	-0.3935	0.3935	0.001	0.001	Negative
edge_2993	Sg_M15_29	Sg_CD24A_10	0.5851	0.5851	0.001	0.001	Positive
edge_2994	Sg_M15_29	Sg_CD26A_19	0.4778	0.4778	0.001	0.001	Positive
edge_2995	Sg_M15_29	Sg_CD30A_34	0.7718	0.7718	0.001	0.001	Positive
edge_2996	Sg_M15_29	Sg_CE19A_24	0.5773	0.5773	0.001	0.001	Positive
edge_2997	Sg_M15_29	Sg_CK05A_18	0.67	0.67	0.001	0.001	Positive
edge_2998	Sg_M15_29	Sg_CK52A_74	0.6481	0.6481	0.001	0.001	Positive
edge_2999	Sg_M15_29	Sg_CM21_15	0.575	0.575	0.001	0.001	Positive
edge_3000	Sg_M15_29	Sg_CM21_57	0.6871	0.6871	0.001	0.001	Positive
edge_3001	Sg_M15_29	Sg_D02_9	-0.4119	0.4119	0.001	0.001	Negative
edge_3002	Sg_M15_29	Sg_D10_17	0.7381	0.7381	0.001	0.001	Positive
edge_3003	Sg_M15_29	Sg_EA61_27	-0.4523	0.4523	0.001	0.001	Negative
edge_3004	Sg_M15_29	Sg_EB03_22	-0.4751	0.4751	0.001	0.001	Negative
edge_3005	Sg_M15_29	Sg_EB13_4	0.7992	0.7992	0.001	0.001	Positive
edge_3006	Sg_M15_29	Sg_EB21_10	-0.4092	0.4092	0.001	0.001	Negative
edge_3007	Sg_M15_29	Sg_EM12_46	0.5941	0.5941	0.001	0.001	Positive
edge_3008	Sg_M15_29	Sg_G06_9	0.4749	0.4749	0.001	0.001	Positive
edge_3009	Sg_M15_29	Sg_G18_19	0.5332	0.5332	0.001	0.001	Positive
edge_3010	Sg_M15_29	Sg_G26_22	0.7777	0.7777	0.001	0.001	Positive
edge_3011	Sg_M15_29	Sg_G39_28	0.3876	0.3876	0.001	0.001	Positive
edge_3012	Sg_M15_29	Sg_G43_29	0.4631	0.4631	0.001	0.001	Positive
edge_3013	Sg_M15_29	Sg_I12_44	0.537	0.537	0.001	0.001	Positive
edge_3014	Sg_M15_29	Sg_K10_28	-0.3566	0.3566	0.001	0.001	Negative
edge_3015	Sg_M15_29	Sg_K14_18	-0.5097	0.5097	0.001	0.001	Negative
edge_3016	Sg_M15_29	Sg_K15_44	-0.524	0.524	0.001	0.001	Negative
edge_3017	Sg_M15_29	Sg_K17_22	0.5971	0.5971	0.001	0.001	Positive
edge_3018	Sg_M15_29	Sg_K22_66	-0.3841	0.3841	0.001	0.001	Negative
edge_3019	Sg_M15_29	Sg_K36_16	-0.5423	0.5423	0.001	0.001	Negative
edge_3020	Sg_M15_29	Sg_K36_27	-0.4171	0.4171	0.001	0.001	Negative
edge_3021	Sg_M15_29	Sg_K36_3	0.6031	0.6031	0.001	0.001	Positive
edge_3022	Sg_M15_29	Sg_M07_4	0.4244	0.4244	0.001	0.001	Positive
edge_3023	Sg_M15_29	Sg_M12_21	0.7674	0.7674	0.001	0.001	Positive
edge_3024	Sg_M15_29	Sg_M12_39	0.7784	0.7784	0.001	0.001	Positive
edge_3025	Sg_M15_29	Sg_M12_6	-0.4451	0.4451	0.001	0.001	Negative
edge_3026	Sg_M17_3	Sg_A11_47	0.5683	0.5683	0.001	0.001	Positive
edge_3027	Sg_M17_3	Sg_B07_50	0.4296	0.4296	0.001	0.001	Positive
edge_3028	Sg_M17_3	Sg_B26_4	0.5711	0.5711	0.001	0.001	Positive
edge_3029	Sg_M17_3	Sg_CA11_45	0.4353	0.4353	0.001	0.001	Positive
edge_3030	Sg_M17_3	Sg_CA25_14	0.5291	0.5291	0.001	0.001	Positive
edge_3031	Sg_M17_3	Sg_CG50A_22	0.4642	0.4642	0.001	0.001	Positive
edge_3032	Sg_M17_3	Sg_CK05A_21	0.4149	0.4149	0.001	0.001	Positive
edge_3033	Sg_M17_3	Sg_CM29A_16	0.446	0.446	0.001	0.001	Positive
edge_3034	Sg_M17_3	Sg_CM32A_26	0.4464	0.4464	0.001	0.001	Positive
edge_3035	Sg_M17_3	Sg_CM35A_15	0.6837	0.6837	0.001	0.001	Positive
edge_3036	Sg_M17_3	Sg_M01_13	0.4913	0.4913	0.001	0.001	Positive
edge_3037	Sg_M17_3	Sg_M01_30	0.4124	0.4124	0.001	0.001	Positive
edge_3038	Sg_M17_33	Gp_YAB_333	0.4117	0.4117	0.001	0.001	Positive
edge_3039	Sg_M17_33	Sg_A17_17	-0.418	0.418	0.001	0.001	Negative
edge_3040	Sg_M17_33	Sg_A19_12	-0.4735	0.4735	0.001	0.001	Negative
edge_3041	Sg_M17_33	Sg_A19_51	-0.4916	0.4916	0.001	0.001	Negative
edge_3042	Sg_M17_33	Sg_A20_2	0.4641	0.4641	0.001	0.001	Positive
edge_3043	Sg_M17_33	Sg_B03_29	0.5766	0.5766	0.001	0.001	Positive
edge_3044	Sg_M17_33	Sg_B07_12	0.3724	0.3724	0.001	0.001	Positive
edge_3045	Sg_M17_33	Sg_B15_22	-0.4752	0.4752	0.001	0.001	Negative
edge_3046	Sg_M17_33	Sg_B15_35	-0.4166	0.4166	0.001	0.001	Negative
edge_3047	Sg_M17_33	Sg_B15_52	-0.5391	0.5391	0.001	0.001	Negative
edge_3048	Sg_M17_33	Sg_B27_18	-0.4015	0.4015	0.001	0.001	Negative
edge_3049	Sg_M17_33	Sg_C04_33	0.5114	0.5114	0.001	0.001	Positive
edge_3050	Sg_M17_33	Sg_CA11_52	-0.3931	0.3931	0.001	0.001	Negative
edge_3051	Sg_M17_33	Sg_CD23A_20	-0.4798	0.4798	0.001	0.001	Negative
edge_3052	Sg_M17_33	Sg_CD25A_53	0.444	0.444	0.001	0.001	Positive
edge_3053	Sg_M17_33	Sg_CD27A_46	-0.4046	0.4046	0.001	0.001	Negative
edge_3054	Sg_M17_33	Sg_CE19A_36	-0.539	0.539	0.001	0.001	Negative
edge_3055	Sg_M17_33	Sg_CG50A_49	0.4879	0.4879	0.001	0.001	Positive
edge_3056	Sg_M17_33	Sg_CM17_7	0.4524	0.4524	0.001	0.001	Positive
edge_3057	Sg_M17_33	Sg_CM29A_16	0.4228	0.4228	0.001	0.001	Positive
edge_3058	Sg_M17_33	Sg_CM32A_49	-0.4638	0.4638	0.001	0.001	Negative
edge_3059	Sg_M17_33	Sg_CM33A_9	-0.3959	0.3959	0.001	0.001	Negative
edge_3060	Sg_M17_33	Sg_D02_32	-0.4857	0.4857	0.001	0.001	Negative
edge_3061	Sg_M17_33	Sg_D02_44	0.4037	0.4037	0.001	0.001	Positive
edge_3062	Sg_M17_33	Sg_EA57_9	-0.467	0.467	0.001	0.001	Negative
edge_3063	Sg_M17_33	Sg_EM03_7	0.4474	0.4474	0.001	0.001	Positive
edge_3064	Sg_M17_33	Sg_G26_10	0.4977	0.4977	0.001	0.001	Positive
edge_3065	Sg_M17_33	Sg_I01_33	0.4344	0.4344	0.001	0.001	Positive
edge_3066	Sg_M17_33	Sg_I12_32	-0.5809	0.5809	0.001	0.001	Negative
edge_3067	Sg_M17_33	Sg_I12_44	0.3942	0.3942	0.001	0.001	Positive
edge_3068	Sg_M17_33	Sg_K09_1	-0.5227	0.5227	0.001	0.001	Negative
edge_3069	Sg_M17_33	Sg_K22_8	-0.4346	0.4346	0.001	0.001	Negative
edge_3070	Sg_M17_33	Sg_K36_6	-0.4711	0.4711	0.001	0.001	Negative
edge_3071	Sg_M17_33	Sg_K40_4	0.3934	0.3934	0.001	0.001	Positive
edge_3072	Sg_M17_33	Sg_M07_4	0.4023	0.4023	0.001	0.001	Positive
edge_3073	Sg_M21_45	Gp_MJ1_444	0.5058	0.5058	0.001	0.001	Positive
edge_3074	Sg_M21_45	Sg_A11_10	0.4256	0.4256	0.001	0.001	Positive
edge_3075	Sg_M21_45	Sg_A22_8	0.51	0.51	0.001	0.001	Positive
edge_3076	Sg_M21_45	Sg_CA9_20	0.5319	0.5319	0.001	0.001	Positive
edge_3077	Sg_M21_45	Sg_CD23A_20	0.4979	0.4979	0.001	0.001	Positive
edge_3078	Sg_M21_45	Sg_CM33A_9	0.4487	0.4487	0.001	0.001	Positive
edge_3079	Sg_M21_45	Sg_D03_75	0.5065	0.5065	0.001	0.001	Positive
edge_3080	Sg_M21_45	Sg_D18_45	0.4477	0.4477	0.001	0.001	Positive
edge_3081	Sg_M21_45	Sg_E10_50	0.4086	0.4086	0.001	0.001	Positive
edge_3082	Sg_M21_45	Sg_I06_25	0.4304	0.4304	0.001	0.001	Positive
edge_3083	Sg_M21_45	Sg_I12_44	-0.4374	0.4374	0.001	0.001	Negative
edge_3084	Sg_M21_45	Sg_K09_1	0.4386	0.4386	0.001	0.001	Positive
edge_3085	Sg_M21_45	Sg_K15_44	0.5007	0.5007	0.001	0.001	Positive
edge_3086	Sg_M21_45	Sg_K22_66	0.4157	0.4157	0.001	0.001	Positive
edge_3087	Sg_M21_45	Sg_K36_29	0.412	0.412	0.001	0.001	Positive
edge_3088	Sg_M21_45	Sg_K40_29	0.5766	0.5766	0.001	0.001	Positive
edge_3089	Sg_OA11r1_10	Gp_MJ4_65	0.4641	0.4641	0.001	0.001	Positive
edge_3090	Sg_OA11r1_10	Sg_B15_22	0.3966	0.3966	0.001	0.001	Positive
edge_3091	Sg_OA11r1_10	Sg_CB03_44	0.4243	0.4243	0.001	0.001	Positive
edge_3092	Sg_OA11r1_10	Sg_CD26A_19	-0.4554	0.4554	0.001	0.001	Negative
edge_3093	Sg_OA11r1_10	Sg_EM30_38	0.5085	0.5085	0.001	0.001	Positive
edge_3094	Sg_OA11r1_10	Sg_K17_22	-0.4485	0.4485	0.001	0.001	Negative
edge_3095	Sg_OA11r1_12	Gp_YAB_333	0.7308	0.7308	0.001	0.001	Positive
edge_3096	Sg_OA11r1_12	Sg_A17_17	-0.5528	0.5528	0.001	0.001	Negative
edge_3097	Sg_OA11r1_12	Sg_A19_12	-0.5369	0.5369	0.001	0.001	Negative
edge_3098	Sg_OA11r1_12	Sg_A19_18	-0.4705	0.4705	0.001	0.001	Negative
edge_3099	Sg_OA11r1_12	Sg_A19_51	-0.5897	0.5897	0.001	0.001	Negative
edge_3100	Sg_OA11r1_12	Sg_A20_2	0.5038	0.5038	0.001	0.001	Positive
edge_3101	Sg_OA11r1_12	Sg_A20_35	0.6986	0.6986	0.001	0.001	Positive
edge_3102	Sg_OA11r1_12	Sg_A22_8	-0.3949	0.3949	0.001	0.001	Negative
edge_3103	Sg_OA11r1_12	Sg_A27_23	0.7955	0.7955	0.001	0.001	Positive
edge_3104	Sg_OA11r1_12	Sg_A28_8	0.8651	0.8651	0.001	0.001	Positive
edge_3105	Sg_OA11r1_12	Sg_B07_38	-0.4212	0.4212	0.001	0.001	Negative
edge_3106	Sg_OA11r1_12	Sg_B15_52	-0.4871	0.4871	0.001	0.001	Negative
edge_3107	Sg_OA11r1_12	Sg_CD23A_20	-0.5268	0.5268	0.001	0.001	Negative
edge_3108	Sg_OA11r1_12	Sg_CD25A_53	0.5828	0.5828	0.001	0.001	Positive
edge_3109	Sg_OA11r1_12	Sg_CD27A_46	-0.5074	0.5074	0.001	0.001	Negative
edge_3110	Sg_OA11r1_12	Sg_CE19A_36	-0.6317	0.6317	0.001	0.001	Negative
edge_3111	Sg_OA11r1_12	Sg_CG50A_49	0.8329	0.8329	0.001	0.001	Positive
edge_3112	Sg_OA11r1_12	Sg_CK28A_47	0.3898	0.3898	0.001	0.001	Positive
edge_3113	Sg_OA11r1_12	Sg_CM17_16	0.8499	0.8499	0.001	0.001	Positive
edge_3114	Sg_OA11r1_12	Sg_CM32A_26	-0.4568	0.4568	0.001	0.001	Negative
edge_3115	Sg_OA11r1_12	Sg_CM33A_9	-0.5772	0.5772	0.001	0.001	Negative
edge_3116	Sg_OA11r1_12	Sg_D02_32	-0.6525	0.6525	0.001	0.001	Negative
edge_3117	Sg_OA11r1_12	Sg_E04_12	-0.4341	0.4341	0.001	0.001	Negative
edge_3118	Sg_OA11r1_12	Sg_EM12_61	-0.4433	0.4433	0.001	0.001	Negative
edge_3119	Sg_OA11r1_12	Sg_EM30_38	0.5901	0.5901	0.001	0.001	Positive
edge_3120	Sg_OA11r1_12	Sg_G18_1	0.4473	0.4473	0.001	0.001	Positive
edge_3121	Sg_OA11r1_12	Sg_G26_28	-0.5323	0.5323	0.001	0.001	Negative
edge_3122	Sg_OA11r1_12	Sg_I06_25	-0.4648	0.4648	0.001	0.001	Negative
edge_3123	Sg_OA11r1_12	Sg_I12_32	-0.6813	0.6813	0.001	0.001	Negative
edge_3124	Sg_OA11r1_12	Sg_K09_1	-0.4767	0.4767	0.001	0.001	Negative
edge_3125	Sg_OA11r1_12	Sg_K10_28	0.8051	0.8051	0.001	0.001	Positive
edge_3126	Sg_OA11r1_12	Sg_K22_8	-0.4648	0.4648	0.001	0.001	Negative
edge_3127	Sg_OA11r1_12	Sg_K36_6	-0.5974	0.5974	0.001	0.001	Negative
edge_3128	Sg_OA11r1_12	Sg_M03_38	0.6256	0.6256	0.001	0.001	Positive
edge_3129	Sg_OA11r1_12	Sg_M11_7	-0.4733	0.4733	0.001	0.001	Negative
edge_3130	Sg_OA11r1_9	Gp_MJ4_197	0.3855	0.3855	0.001	0.001	Positive
edge_3131	Sg_OA11r1_9	Sg_CA11_52	0.4445	0.4445	0.001	0.001	Positive
edge_3132	Sg_OA11r1_9	Sg_CM31A_43	0.4373	0.4373	0.001	0.001	Positive
edge_3133	Sg_OA11r1_9	Sg_EA57_9	0.4316	0.4316	0.001	0.001	Positive
edge_3134	Sg_OA11r1_9	Sg_G19_41	0.4155	0.4155	0.001	0.001	Positive
edge_3135	Sg_OA11r1_9	Sg_G26_28	0.4974	0.4974	0.001	0.001	Positive
edge_3136	Sg_OA11r1_9	Sg_K15_44	0.4373	0.4373	0.001	0.001	Positive
edge_3137	Sg_OA11r1_9	Sg_K36_16	0.3885	0.3885	0.001	0.001	Positive
edge_3138	Sg_OA13r1_14	Sg_B03_38	0.6269	0.6269	0.001	0.001	Positive
edge_3139	Sg_OA13r1_14	Sg_B25_10	-0.4126	0.4126	0.001	0.001	Negative
edge_3140	Sg_OA13r1_14	Sg_CE19A_36	-0.3936	0.3936	0.001	0.001	Negative
edge_3141	Sg_OA13r1_14	Sg_E04_12	-0.4434	0.4434	0.001	0.001	Negative
edge_3142	Sg_OA13r1_14	Sg_EM03_4	0.4279	0.4279	0.001	0.001	Positive
edge_3143	Sg_OA13r1_14	Sg_G47_17	-0.495	0.495	0.001	0.001	Negative
edge_3144	Sg_OA13r1_14	Sg_K16_17	0.5733	0.5733	0.001	0.001	Positive
edge_3145	Sg_OA13r1_14	Sg_M01_13	0.5283	0.5283	0.001	0.001	Positive
edge_3146	Sg_OA13r1_14	Sg_M17_3	0.402	0.402	0.001	0.001	Positive
edge_3147	Sg_OA13r1_52	Sg_A07_40	0.498	0.498	0.001	0.001	Positive
edge_3148	Sg_OA13r1_52	Sg_CD23A_32	-0.4656	0.4656	0.001	0.001	Negative
edge_3149	Sg_OA13r1_52	Sg_CD24A_1	0.7551	0.7551	0.001	0.001	Positive
edge_3150	Sg_OA13r1_52	Sg_CM17_58	0.5083	0.5083	0.001	0.001	Positive
edge_3151	Sg_OA13r1_52	Sg_K36_16	0.3847	0.3847	0.001	0.001	Positive
edge_3152	Sg_OA13r1_52	Sg_M21_45	0.4974	0.4974	0.001	0.001	Positive
edge_3153	Sg_OA7r2_37	Sg_A01_16	-0.3566	0.3566	0.001	0.001	Negative
edge_3154	Sg_OA7r2_37	Sg_B26_38	0.6526	0.6526	0.001	0.001	Positive
edge_3155	Sg_OA7r2_37	Sg_CM30A_3	0.5137	0.5137	0.001	0.001	Positive
edge_3156	Sg_OA7r2_37	Sg_K40_29	0.5205	0.5205	0.001	0.001	Positive
edge_3157	Sg_OA7r2_38	Gp_MJ1_444	0.5606	0.5606	0.001	0.001	Positive
edge_3158	Sg_OA7r2_38	Gp_MJ4_65	0.4767	0.4767	0.001	0.001	Positive
edge_3159	Sg_OA7r2_38	Gp_YAB_333	-0.4621	0.4621	0.001	0.001	Negative
edge_3160	Sg_OA7r2_38	Sg_A17_17	0.4883	0.4883	0.001	0.001	Positive
edge_3161	Sg_OA7r2_38	Sg_A19_11	0.4343	0.4343	0.001	0.001	Positive
edge_3162	Sg_OA7r2_38	Sg_A19_18	0.4222	0.4222	0.001	0.001	Positive
edge_3163	Sg_OA7r2_38	Sg_A19_51	0.457	0.457	0.001	0.001	Positive
edge_3164	Sg_OA7r2_38	Sg_A20_2	-0.5302	0.5302	0.001	0.001	Negative
edge_3165	Sg_OA7r2_38	Sg_A22_3	0.4402	0.4402	0.001	0.001	Positive
edge_3166	Sg_OA7r2_38	Sg_A22_8	0.491	0.491	0.001	0.001	Positive
edge_3167	Sg_OA7r2_38	Sg_A27_23	-0.4414	0.4414	0.001	0.001	Negative
edge_3168	Sg_OA7r2_38	Sg_A28_8	-0.3523	0.3523	0.001	0.001	Negative
edge_3169	Sg_OA7r2_38	Sg_B03_29	-0.5778	0.5778	0.001	0.001	Negative
edge_3170	Sg_OA7r2_38	Sg_B07_12	-0.4763	0.4763	0.001	0.001	Negative
edge_3171	Sg_OA7r2_38	Sg_B07_38	0.5709	0.5709	0.001	0.001	Positive
edge_3172	Sg_OA7r2_38	Sg_B08_36	-0.4103	0.4103	0.001	0.001	Negative
edge_3173	Sg_OA7r2_38	Sg_B15_22	0.5032	0.5032	0.001	0.001	Positive
edge_3174	Sg_OA7r2_38	Sg_B15_35	0.4503	0.4503	0.001	0.001	Positive
edge_3175	Sg_OA7r2_38	Sg_B15_52	0.5487	0.5487	0.001	0.001	Positive
edge_3176	Sg_OA7r2_38	Sg_B27_18	0.5617	0.5617	0.001	0.001	Positive
edge_3177	Sg_OA7r2_38	Sg_C04_33	-0.5271	0.5271	0.001	0.001	Negative
edge_3178	Sg_OA7r2_38	Sg_CB03_47	0.4267	0.4267	0.001	0.001	Positive
edge_3179	Sg_OA7r2_38	Sg_CD23A_20	0.594	0.594	0.001	0.001	Positive
edge_3180	Sg_OA7r2_38	Sg_CD26A_19	-0.5088	0.5088	0.001	0.001	Negative
edge_3181	Sg_OA7r2_38	Sg_CD27A_46	0.5352	0.5352	0.001	0.001	Positive
edge_3182	Sg_OA7r2_38	Sg_CE19A_29	-0.5266	0.5266	0.001	0.001	Negative
edge_3183	Sg_OA7r2_38	Sg_CE19A_36	0.6021	0.6021	0.001	0.001	Positive
edge_3184	Sg_OA7r2_38	Sg_CG50A_49	-0.519	0.519	0.001	0.001	Negative
edge_3185	Sg_OA7r2_38	Sg_CM17_16	-0.4319	0.4319	0.001	0.001	Negative
edge_3186	Sg_OA7r2_38	Sg_CM32A_49	0.7038	0.7038	0.001	0.001	Positive
edge_3187	Sg_OA7r2_38	Sg_CM33A_9	0.6913	0.6913	0.001	0.001	Positive
edge_3188	Sg_OA7r2_38	Sg_D02_32	0.5086	0.5086	0.001	0.001	Positive
edge_3189	Sg_OA7r2_38	Sg_D09_14	0.5791	0.5791	0.001	0.001	Positive
edge_3190	Sg_OA7r2_38	Sg_E10_50	0.4019	0.4019	0.001	0.001	Positive
edge_3191	Sg_OA7r2_38	Sg_EA57_9	0.5065	0.5065	0.001	0.001	Positive
edge_3192	Sg_OA7r2_38	Sg_EM03_7	-0.5686	0.5686	0.001	0.001	Negative
edge_3193	Sg_OA7r2_38	Sg_EM25_40	0.4115	0.4115	0.001	0.001	Positive
edge_3194	Sg_OA7r2_38	Sg_EM34_4	0.477	0.477	0.001	0.001	Positive
edge_3195	Sg_OA7r2_38	Sg_G06_49	0.4582	0.4582	0.001	0.001	Positive
edge_3196	Sg_OA7r2_38	Sg_G26_10	-0.518	0.518	0.001	0.001	Negative
edge_3197	Sg_OA7r2_38	Sg_G39_28	-0.4497	0.4497	0.001	0.001	Negative
edge_3198	Sg_OA7r2_38	Sg_I12_32	0.7731	0.7731	0.001	0.001	Positive
edge_3199	Sg_OA7r2_38	Sg_I12_44	-0.5511	0.5511	0.001	0.001	Negative
edge_3200	Sg_OA7r2_38	Sg_K09_1	0.5755	0.5755	0.001	0.001	Positive
edge_3201	Sg_OA7r2_38	Sg_K15_44	0.5143	0.5143	0.001	0.001	Positive
edge_3202	Sg_OA7r2_38	Sg_K17_22	-0.5161	0.5161	0.001	0.001	Negative
edge_3203	Sg_OA7r2_38	Sg_K22_8	0.5334	0.5334	0.001	0.001	Positive
edge_3204	Sg_OA7r2_38	Sg_K36_6	0.4967	0.4967	0.001	0.001	Positive
edge_3205	Sg_OA7r2_38	Sg_K40_38	-0.4498	0.4498	0.001	0.001	Negative
edge_3206	Sg_OA7r2_38	Sg_M07_39	-0.4259	0.4259	0.001	0.001	Negative
edge_3207	Sg_OA7r2_38	Sg_M07_4	-0.4468	0.4468	0.001	0.001	Negative
edge_3208	Sg_OA7r2_38	Sg_M15_10	-0.5587	0.5587	0.001	0.001	Negative
edge_3209	Sg_OA7r2_38	Sg_M17_33	-0.5272	0.5272	0.001	0.001	Negative
edge_3210	Sg_OA7r2_38	Sg_OA11r1_10	0.4378	0.4378	0.001	0.001	Positive
edge_3211	Sg_OA7r2_38	Sg_OA11r1_12	-0.4704	0.4704	0.001	0.001	Negative
edge_3212	Sg_OA7r2_4	Gp_YAB_333	0.5541	0.5541	0.001	0.001	Positive
edge_3213	Sg_OA7r2_4	Sg_A19_12	-0.4339	0.4339	0.001	0.001	Negative
edge_3214	Sg_OA7r2_4	Sg_A19_51	-0.4422	0.4422	0.001	0.001	Negative
edge_3215	Sg_OA7r2_4	Sg_A20_2	0.5079	0.5079	0.001	0.001	Positive
edge_3216	Sg_OA7r2_4	Sg_A20_35	0.4868	0.4868	0.001	0.001	Positive
edge_3217	Sg_OA7r2_4	Sg_A22_8	-0.4675	0.4675	0.001	0.001	Negative
edge_3218	Sg_OA7r2_4	Sg_A27_23	0.5779	0.5779	0.001	0.001	Positive
edge_3219	Sg_OA7r2_4	Sg_A27_31	-0.4253	0.4253	0.001	0.001	Negative
edge_3220	Sg_OA7r2_4	Sg_A28_8	0.45	0.45	0.001	0.001	Positive
edge_3221	Sg_OA7r2_4	Sg_B07_12	0.4934	0.4934	0.001	0.001	Positive
edge_3222	Sg_OA7r2_4	Sg_B15_22	-0.3694	0.3694	0.001	0.001	Negative
edge_3223	Sg_OA7r2_4	Sg_C04_33	0.3759	0.3759	0.001	0.001	Positive
edge_3224	Sg_OA7r2_4	Sg_CA11_52	-0.4512	0.4512	0.001	0.001	Negative
edge_3225	Sg_OA7r2_4	Sg_CD23A_20	-0.4291	0.4291	0.001	0.001	Negative
edge_3226	Sg_OA7r2_4	Sg_CD25A_53	0.7371	0.7371	0.001	0.001	Positive
edge_3227	Sg_OA7r2_4	Sg_CD27A_46	-0.3943	0.3943	0.001	0.001	Negative
edge_3228	Sg_OA7r2_4	Sg_CE19A_36	-0.4591	0.4591	0.001	0.001	Negative
edge_3229	Sg_OA7r2_4	Sg_CG50A_49	0.6041	0.6041	0.001	0.001	Positive
edge_3230	Sg_OA7r2_4	Sg_CM17_16	0.4819	0.4819	0.001	0.001	Positive
edge_3231	Sg_OA7r2_4	Sg_CM31A_43	-0.4981	0.4981	0.001	0.001	Negative
edge_3232	Sg_OA7r2_4	Sg_D02_32	-0.5031	0.5031	0.001	0.001	Negative
edge_3233	Sg_OA7r2_4	Sg_E10_50	-0.4173	0.4173	0.001	0.001	Negative
edge_3234	Sg_OA7r2_4	Sg_EA57_9	-0.4434	0.4434	0.001	0.001	Negative
edge_3235	Sg_OA7r2_4	Sg_EM30_38	0.5079	0.5079	0.001	0.001	Positive
edge_3236	Sg_OA7r2_4	Sg_G43_29	0.4949	0.4949	0.001	0.001	Positive
edge_3237	Sg_OA7r2_4	Sg_G46_28	0.502	0.502	0.001	0.001	Positive
edge_3238	Sg_OA7r2_4	Sg_K09_1	-0.5049	0.5049	0.001	0.001	Negative
edge_3239	Sg_OA7r2_4	Sg_K10_28	0.4346	0.4346	0.001	0.001	Positive
edge_3240	Sg_OA7r2_4	Sg_K15_44	-0.5298	0.5298	0.001	0.001	Negative
edge_3241	Sg_OA7r2_4	Sg_K22_8	-0.5631	0.5631	0.001	0.001	Negative
edge_3242	Sg_OA7r2_4	Sg_K36_16	-0.4793	0.4793	0.001	0.001	Negative
edge_3243	Sg_OA7r2_4	Sg_K36_29	-0.4972	0.4972	0.001	0.001	Negative
edge_3244	Sg_OA7r2_4	Sg_K36_6	-0.4519	0.4519	0.001	0.001	Negative
edge_3245	Sg_OA7r2_4	Sg_M02_5	-0.4746	0.4746	0.001	0.001	Negative
edge_3246	Sg_OA7r2_4	Sg_M03_38	0.583	0.583	0.001	0.001	Positive
edge_3247	Sg_OA7r2_4	Sg_M07_27	0.4938	0.4938	0.001	0.001	Positive
edge_3248	Sg_OA7r2_4	Sg_M07_4	0.5001	0.5001	0.001	0.001	Positive
edge_3249	Sg_OA7r2_4	Sg_OA11r1_12	0.4962	0.4962	0.001	0.001	Positive
edge_3250	Sg_OA7r2_4	Sg_OA11r1_9	-0.4598	0.4598	0.001	0.001	Negative
edge_3251	Sg_OB03r2_1	Sg_A01_16	0.8336	0.8336	0.001	0.001	Positive
edge_3252	Sg_OB03r2_1	Sg_K31_45	0.7037	0.7037	0.001	0.001	Positive
edge_3253	Sg_OB03r2_1	Sg_M14_34	0.4037	0.4037	0.001	0.001	Positive
edge_3254	Sg_OB03r2_39	Gp_MJ1_12	0.7796	0.7796	0.001	0.001	Positive
edge_3255	Sg_OB03r2_39	Gp_MJ1_272	0.5311	0.5311	0.001	0.001	Positive
edge_3256	Sg_OB03r2_39	Gp_MJ1_444	0.7759	0.7759	0.001	0.001	Positive
edge_3257	Sg_OB03r2_39	Gp_MJ4_197	0.5381	0.5381	0.001	0.001	Positive
edge_3258	Sg_OB03r2_39	Gp_MJ4_65	0.5473	0.5473	0.001	0.001	Positive
edge_3259	Sg_OB03r2_39	Gp_NH_148	0.4536	0.4536	0.001	0.001	Positive
edge_3260	Sg_OB03r2_39	Gp_YAB_333	-0.5969	0.5969	0.001	0.001	Negative
edge_3261	Sg_OB03r2_39	Sg_A07_40	0.5174	0.5174	0.001	0.001	Positive
edge_3262	Sg_OB03r2_39	Sg_A11_10	0.6635	0.6635	0.001	0.001	Positive
edge_3263	Sg_OB03r2_39	Sg_A17_17	0.5685	0.5685	0.001	0.001	Positive
edge_3264	Sg_OB03r2_39	Sg_A19_11	0.4546	0.4546	0.001	0.001	Positive
edge_3265	Sg_OB03r2_39	Sg_A19_12	0.476	0.476	0.001	0.001	Positive
edge_3266	Sg_OB03r2_39	Sg_A19_18	0.6443	0.6443	0.001	0.001	Positive
edge_3267	Sg_OB03r2_39	Sg_A19_51	0.5493	0.5493	0.001	0.001	Positive
edge_3268	Sg_OB03r2_39	Sg_A20_2	-0.5952	0.5952	0.001	0.001	Negative
edge_3269	Sg_OB03r2_39	Sg_A20_35	-0.4229	0.4229	0.001	0.001	Negative
edge_3270	Sg_OB03r2_39	Sg_A22_19	0.4749	0.4749	0.001	0.001	Positive
edge_3271	Sg_OB03r2_39	Sg_A22_3	0.4594	0.4594	0.001	0.001	Positive
edge_3272	Sg_OB03r2_39	Sg_A22_8	0.8246	0.8246	0.001	0.001	Positive
edge_3273	Sg_OB03r2_39	Sg_A27_23	-0.592	0.592	0.001	0.001	Negative
edge_3274	Sg_OB03r2_39	Sg_A27_31	0.5969	0.5969	0.001	0.001	Positive
edge_3275	Sg_OB03r2_39	Sg_B03_29	-0.5907	0.5907	0.001	0.001	Negative
edge_3276	Sg_OB03r2_39	Sg_B07_12	-0.572	0.572	0.001	0.001	Negative
edge_3277	Sg_OB03r2_39	Sg_B15_23	-0.4217	0.4217	0.001	0.001	Negative
edge_3278	Sg_OB03r2_39	Sg_B15_35	0.6114	0.6114	0.001	0.001	Positive
edge_3279	Sg_OB03r2_39	Sg_B15_52	0.4585	0.4585	0.001	0.001	Positive
edge_3280	Sg_OB03r2_39	Sg_CA11_52	0.5821	0.5821	0.001	0.001	Positive
edge_3281	Sg_OB03r2_39	Sg_CA9_20	0.6872	0.6872	0.001	0.001	Positive
edge_3282	Sg_OB03r2_39	Sg_CD22A_27	0.4979	0.4979	0.001	0.001	Positive
edge_3283	Sg_OB03r2_39	Sg_CD23A_20	0.7621	0.7621	0.001	0.001	Positive
edge_3284	Sg_OB03r2_39	Sg_CD24A_10	-0.3883	0.3883	0.001	0.001	Negative
edge_3285	Sg_OB03r2_39	Sg_CD25A_53	-0.5829	0.5829	0.001	0.001	Negative
edge_3286	Sg_OB03r2_39	Sg_CD26A_19	-0.5501	0.5501	0.001	0.001	Negative
edge_3287	Sg_OB03r2_39	Sg_CD27A_46	0.4962	0.4962	0.001	0.001	Positive
edge_3288	Sg_OB03r2_39	Sg_CD30A_34	-0.4824	0.4824	0.001	0.001	Negative
edge_3289	Sg_OB03r2_39	Sg_CE19A_15	-0.4737	0.4737	0.001	0.001	Negative
edge_3290	Sg_OB03r2_39	Sg_CE19A_29	-0.4425	0.4425	0.001	0.001	Negative
edge_3291	Sg_OB03r2_39	Sg_CE19A_36	0.5968	0.5968	0.001	0.001	Positive
edge_3292	Sg_OB03r2_39	Sg_CG50A_49	-0.5136	0.5136	0.001	0.001	Negative
edge_3293	Sg_OB03r2_39	Sg_CM17_16	-0.508	0.508	0.001	0.001	Negative
edge_3294	Sg_OB03r2_39	Sg_CM17_7	-0.4642	0.4642	0.001	0.001	Negative
edge_3295	Sg_OB03r2_39	Sg_CM21_15	-0.4263	0.4263	0.001	0.001	Negative
edge_3296	Sg_OB03r2_39	Sg_CM31A_43	0.5987	0.5987	0.001	0.001	Positive
edge_3297	Sg_OB03r2_39	Sg_CM32A_49	0.5796	0.5796	0.001	0.001	Positive
edge_3298	Sg_OB03r2_39	Sg_CM33A_9	0.6355	0.6355	0.001	0.001	Positive
edge_3299	Sg_OB03r2_39	Sg_D02_32	0.7705	0.7705	0.001	0.001	Positive
edge_3300	Sg_OB03r2_39	Sg_D02_9	0.4265	0.4265	0.001	0.001	Positive
edge_3301	Sg_OB03r2_39	Sg_D03_75	0.4808	0.4808	0.001	0.001	Positive
edge_3302	Sg_OB03r2_39	Sg_D10_17	-0.4005	0.4005	0.001	0.001	Negative
edge_3303	Sg_OB03r2_39	Sg_D18_45	0.4721	0.4721	0.001	0.001	Positive
edge_3304	Sg_OB03r2_39	Sg_E04_12	0.5927	0.5927	0.001	0.001	Positive
edge_3305	Sg_OB03r2_39	Sg_E10_50	0.7221	0.7221	0.001	0.001	Positive
edge_3306	Sg_OB03r2_39	Sg_EA57_9	0.6848	0.6848	0.001	0.001	Positive
edge_3307	Sg_OB03r2_39	Sg_EB08_12	0.4603	0.4603	0.001	0.001	Positive
edge_3308	Sg_OB03r2_39	Sg_EB13_4	-0.4418	0.4418	0.001	0.001	Negative
edge_3309	Sg_OB03r2_39	Sg_EB21_10	0.3976	0.3976	0.001	0.001	Positive
edge_3310	Sg_OB03r2_39	Sg_EM03_7	-0.5192	0.5192	0.001	0.001	Negative
edge_3311	Sg_OB03r2_39	Sg_EM12_46	-0.5338	0.5338	0.001	0.001	Negative
edge_3312	Sg_OB03r2_39	Sg_EM12_61	0.4865	0.4865	0.001	0.001	Positive
edge_3313	Sg_OB03r2_39	Sg_G09_4	-0.4151	0.4151	0.001	0.001	Negative
edge_3314	Sg_OB03r2_39	Sg_G18_1	-0.4032	0.4032	0.001	0.001	Negative
edge_3315	Sg_OB03r2_39	Sg_G26_10	-0.4936	0.4936	0.001	0.001	Negative
edge_3316	Sg_OB03r2_39	Sg_G26_22	-0.426	0.426	0.001	0.001	Negative
edge_3317	Sg_OB03r2_39	Sg_G26_28	0.604	0.604	0.001	0.001	Positive
edge_3318	Sg_OB03r2_39	Sg_G39_28	-0.4327	0.4327	0.001	0.001	Negative
edge_3319	Sg_OB03r2_39	Sg_G43_29	-0.6082	0.6082	0.001	0.001	Negative
edge_3320	Sg_OB03r2_39	Sg_I05_27	-0.5428	0.5428	0.001	0.001	Negative
edge_3321	Sg_OB03r2_39	Sg_I06_25	0.7308	0.7308	0.001	0.001	Positive
edge_3322	Sg_OB03r2_39	Sg_I12_32	0.6035	0.6035	0.001	0.001	Positive
edge_3323	Sg_OB03r2_39	Sg_I12_44	-0.6795	0.6795	0.001	0.001	Negative
edge_3324	Sg_OB03r2_39	Sg_K09_1	0.7152	0.7152	0.001	0.001	Positive
edge_3325	Sg_OB03r2_39	Sg_K15_44	0.9224	0.9224	0.001	0.001	Positive
edge_3326	Sg_OB03r2_39	Sg_K17_22	-0.6064	0.6064	0.001	0.001	Negative
edge_3327	Sg_OB03r2_39	Sg_K22_66	0.5078	0.5078	0.001	0.001	Positive
edge_3328	Sg_OB03r2_39	Sg_K22_8	0.732	0.732	0.001	0.001	Positive
edge_3329	Sg_OB03r2_39	Sg_K36_16	0.8596	0.8596	0.001	0.001	Positive
edge_3330	Sg_OB03r2_39	Sg_K36_27	0.6626	0.6626	0.001	0.001	Positive
edge_3331	Sg_OB03r2_39	Sg_K36_29	0.7763	0.7763	0.001	0.001	Positive
edge_3332	Sg_OB03r2_39	Sg_K36_6	0.5235	0.5235	0.001	0.001	Positive
edge_3333	Sg_OB03r2_39	Sg_M02_5	0.5179	0.5179	0.001	0.001	Positive
edge_3334	Sg_OB03r2_39	Sg_M07_4	-0.5867	0.5867	0.001	0.001	Negative
edge_3335	Sg_OB03r2_39	Sg_M12_39	-0.4351	0.4351	0.001	0.001	Negative
edge_3336	Sg_OB03r2_39	Sg_M12_6	0.5579	0.5579	0.001	0.001	Positive
edge_3337	Sg_OB03r2_39	Sg_M15_10	-0.4886	0.4886	0.001	0.001	Negative
edge_3338	Sg_OB03r2_39	Sg_M15_29	-0.4702	0.4702	0.001	0.001	Negative
edge_3339	Sg_OB03r2_39	Sg_M17_33	-0.4333	0.4333	0.001	0.001	Negative
edge_3340	Sg_OB03r2_39	Sg_M21_45	0.5516	0.5516	0.001	0.001	Positive
edge_3341	Sg_OB03r2_39	Sg_OA11r1_12	-0.4732	0.4732	0.001	0.001	Negative
edge_3342	Sg_OB03r2_39	Sg_OA11r1_9	0.4439	0.4439	0.001	0.001	Positive
edge_3343	Sg_OB03r2_39	Sg_OA13r1_52	0.4411	0.4411	0.001	0.001	Positive
edge_3344	Sg_OB03r2_39	Sg_OA7r2_38	0.5291	0.5291	0.001	0.001	Positive
edge_3345	Sg_OB03r2_6	Sg_B03_29	-0.4843	0.4843	0.001	0.001	Negative
edge_3346	Sg_OB03r2_6	Sg_B25_10	0.438	0.438	0.001	0.001	Positive
edge_3347	Sg_OB03r2_6	Sg_C04_33	-0.4652	0.4652	0.001	0.001	Negative
edge_3348	Sg_OB03r2_6	Sg_CM29A_16	-0.4905	0.4905	0.001	0.001	Negative
edge_3349	Sg_OB03r2_6	Sg_CM33A_60	-0.5227	0.5227	0.001	0.001	Negative
edge_3350	Sg_OB03r2_6	Sg_CM35A_15	-0.4177	0.4177	0.001	0.001	Negative
edge_3351	Sg_OB03r2_6	Sg_E04_12	0.3863	0.3863	0.001	0.001	Positive
edge_3352	Sg_OB03r2_6	Sg_G47_17	0.5424	0.5424	0.001	0.001	Positive
edge_3353	Sg_OB05r2_32	Gp_MJ1_272	0.52	0.52	0.001	0.001	Positive
edge_3354	Sg_OB05r2_32	Gp_YAB_333	-0.6492	0.6492	0.001	0.001	Negative
edge_3355	Sg_OB05r2_32	Sg_A17_17	0.6109	0.6109	0.001	0.001	Positive
edge_3356	Sg_OB05r2_32	Sg_A19_12	0.6176	0.6176	0.001	0.001	Positive
edge_3357	Sg_OB05r2_32	Sg_A19_18	0.5287	0.5287	0.001	0.001	Positive
edge_3358	Sg_OB05r2_32	Sg_A19_51	0.561	0.561	0.001	0.001	Positive
edge_3359	Sg_OB05r2_32	Sg_A20_2	-0.4706	0.4706	0.001	0.001	Negative
edge_3360	Sg_OB05r2_32	Sg_A20_35	-0.5354	0.5354	0.001	0.001	Negative
edge_3361	Sg_OB05r2_32	Sg_A22_19	0.6213	0.6213	0.001	0.001	Positive
edge_3362	Sg_OB05r2_32	Sg_A27_23	-0.5839	0.5839	0.001	0.001	Negative
edge_3363	Sg_OB05r2_32	Sg_A28_8	-0.6254	0.6254	0.001	0.001	Negative
edge_3364	Sg_OB05r2_32	Sg_B03_29	-0.4441	0.4441	0.001	0.001	Negative
edge_3365	Sg_OB05r2_32	Sg_B15_35	0.4859	0.4859	0.001	0.001	Positive
edge_3366	Sg_OB05r2_32	Sg_B15_52	0.5807	0.5807	0.001	0.001	Positive
edge_3367	Sg_OB05r2_32	Sg_B26_35	-0.3899	0.3899	0.001	0.001	Negative
edge_3368	Sg_OB05r2_32	Sg_CA40A_55	-0.445	0.445	0.001	0.001	Negative
edge_3369	Sg_OB05r2_32	Sg_CD23A_20	0.576	0.576	0.001	0.001	Positive
edge_3370	Sg_OB05r2_32	Sg_CD25A_53	-0.4933	0.4933	0.001	0.001	Negative
edge_3371	Sg_OB05r2_32	Sg_CD27A_46	0.4569	0.4569	0.001	0.001	Positive
edge_3372	Sg_OB05r2_32	Sg_CE19A_36	0.6203	0.6203	0.001	0.001	Positive
edge_3373	Sg_OB05r2_32	Sg_CG50A_49	-0.6192	0.6192	0.001	0.001	Negative
edge_3374	Sg_OB05r2_32	Sg_CK05A_21	0.4532	0.4532	0.001	0.001	Positive
edge_3375	Sg_OB05r2_32	Sg_CK28A_36	0.4314	0.4314	0.001	0.001	Positive
edge_3376	Sg_OB05r2_32	Sg_CM17_16	-0.6134	0.6134	0.001	0.001	Negative
edge_3377	Sg_OB05r2_32	Sg_CM33A_9	0.4279	0.4279	0.001	0.001	Positive
edge_3378	Sg_OB05r2_32	Sg_D02_32	0.6743	0.6743	0.001	0.001	Positive
edge_3379	Sg_OB05r2_32	Sg_E04_12	0.5935	0.5935	0.001	0.001	Positive
edge_3380	Sg_OB05r2_32	Sg_EA57_9	0.3931	0.3931	0.001	0.001	Positive
edge_3381	Sg_OB05r2_32	Sg_G06_9	0.436	0.436	0.001	0.001	Positive
edge_3382	Sg_OB05r2_32	Sg_G26_28	0.4707	0.4707	0.001	0.001	Positive
edge_3383	Sg_OB05r2_32	Sg_H04_45	-0.4378	0.4378	0.001	0.001	Negative
edge_3384	Sg_OB05r2_32	Sg_I06_25	0.4871	0.4871	0.001	0.001	Positive
edge_3385	Sg_OB05r2_32	Sg_I12_32	0.5452	0.5452	0.001	0.001	Positive
edge_3386	Sg_OB05r2_32	Sg_K09_1	0.5761	0.5761	0.001	0.001	Positive
edge_3387	Sg_OB05r2_32	Sg_K10_28	-0.584	0.584	0.001	0.001	Negative
edge_3388	Sg_OB05r2_32	Sg_K22_8	0.5008	0.5008	0.001	0.001	Positive
edge_3389	Sg_OB05r2_32	Sg_K36_6	0.701	0.701	0.001	0.001	Positive
edge_3390	Sg_OB05r2_32	Sg_K46_34	-0.4872	0.4872	0.001	0.001	Negative
edge_3391	Sg_OB05r2_32	Sg_M01_13	-0.403	0.403	0.001	0.001	Negative
edge_3392	Sg_OB05r2_32	Sg_M03_38	-0.4307	0.4307	0.001	0.001	Negative
edge_3393	Sg_OB05r2_32	Sg_M07_4	-0.4425	0.4425	0.001	0.001	Negative
edge_3394	Sg_OB05r2_32	Sg_M17_33	-0.511	0.511	0.001	0.001	Negative
edge_3395	Sg_OB05r2_32	Sg_OA11r1_12	-0.6133	0.6133	0.001	0.001	Negative
edge_3396	Sg_OB05r2_32	Sg_OA7r2_4	-0.3967	0.3967	0.001	0.001	Negative
edge_3397	Sg_OB05r2_32	Sg_OB03r2_39	0.4539	0.4539	0.001	0.001	Positive
edge_3398	Sg_OB05r2_38	Gp_MJ1_12	0.6321	0.6321	0.001	0.001	Positive
edge_3399	Sg_OB05r2_38	Gp_MJ1_444	0.5791	0.5791	0.001	0.001	Positive
edge_3400	Sg_OB05r2_38	Gp_MJ4_197	0.4383	0.4383	0.001	0.001	Positive
edge_3401	Sg_OB05r2_38	Gp_NH_148	0.4907	0.4907	0.001	0.001	Positive
edge_3402	Sg_OB05r2_38	Gp_meta27_16	0.4194	0.4194	0.001	0.001	Positive
edge_3403	Sg_OB05r2_38	Sg_A11_10	0.4549	0.4549	0.001	0.001	Positive
edge_3404	Sg_OB05r2_38	Sg_A22_3	0.4164	0.4164	0.001	0.001	Positive
edge_3405	Sg_OB05r2_38	Sg_A27_31	0.5747	0.5747	0.001	0.001	Positive
edge_3406	Sg_OB05r2_38	Sg_B04_2	0.3908	0.3908	0.001	0.001	Positive
edge_3407	Sg_OB05r2_38	Sg_B07_62	-0.4937	0.4937	0.001	0.001	Negative
edge_3408	Sg_OB05r2_38	Sg_B15_23	-0.5499	0.5499	0.001	0.001	Negative
edge_3409	Sg_OB05r2_38	Sg_CA9_20	0.4212	0.4212	0.001	0.001	Positive
edge_3410	Sg_OB05r2_38	Sg_CD23A_20	0.4249	0.4249	0.001	0.001	Positive
edge_3411	Sg_OB05r2_38	Sg_CD30A_34	-0.5352	0.5352	0.001	0.001	Negative
edge_3412	Sg_OB05r2_38	Sg_CK05A_18	-0.5011	0.5011	0.001	0.001	Negative
edge_3413	Sg_OB05r2_38	Sg_CK52A_74	-0.472	0.472	0.001	0.001	Negative
edge_3414	Sg_OB05r2_38	Sg_CM21_15	-0.5113	0.5113	0.001	0.001	Negative
edge_3415	Sg_OB05r2_38	Sg_D02_9	0.4924	0.4924	0.001	0.001	Positive
edge_3416	Sg_OB05r2_38	Sg_D10_17	-0.4875	0.4875	0.001	0.001	Negative
edge_3417	Sg_OB05r2_38	Sg_D18_45	0.5479	0.5479	0.001	0.001	Positive
edge_3418	Sg_OB05r2_38	Sg_E10_50	0.6283	0.6283	0.001	0.001	Positive
edge_3419	Sg_OB05r2_38	Sg_EA47_9	0.5001	0.5001	0.001	0.001	Positive
edge_3420	Sg_OB05r2_38	Sg_EA57_9	0.4346	0.4346	0.001	0.001	Positive
edge_3421	Sg_OB05r2_38	Sg_EM12_46	-0.4495	0.4495	0.001	0.001	Negative
edge_3422	Sg_OB05r2_38	Sg_K15_44	0.5932	0.5932	0.001	0.001	Positive
edge_3423	Sg_OB05r2_38	Sg_K22_66	0.5698	0.5698	0.001	0.001	Positive
edge_3424	Sg_OB05r2_38	Sg_K36_16	0.5346	0.5346	0.001	0.001	Positive
edge_3425	Sg_OB05r2_38	Sg_K36_27	0.5559	0.5559	0.001	0.001	Positive
edge_3426	Sg_OB05r2_38	Sg_M02_8	0.4821	0.4821	0.001	0.001	Positive
edge_3427	Sg_OB05r2_38	Sg_M12_39	-0.4709	0.4709	0.001	0.001	Negative
edge_3428	Sg_OB05r2_38	Sg_M12_6	0.5654	0.5654	0.001	0.001	Positive
edge_3429	Sg_OB05r2_38	Sg_M15_29	-0.4229	0.4229	0.001	0.001	Negative
edge_3430	Sg_OB05r2_8	Sg_B07_53	-0.5314	0.5314	0.001	0.001	Negative
edge_3431	Sg_OB05r2_8	Sg_B14_13	-0.4238	0.4238	0.001	0.001	Negative
edge_3432	Sg_OB05r2_8	Sg_B19_40	0.7867	0.7867	0.001	0.001	Positive
edge_3433	Sg_OB05r2_8	Sg_CB03_47	0.6767	0.6767	0.001	0.001	Positive
edge_3434	Sg_OB05r2_8	Sg_CK51A_47	-0.5357	0.5357	0.001	0.001	Negative
edge_3435	Sg_OB05r2_8	Sg_E06_24	0.7534	0.7534	0.001	0.001	Positive
edge_3436	Sg_OB05r2_8	Sg_EA61_27	0.718	0.718	0.001	0.001	Positive
edge_3437	Sg_OB05r2_8	Sg_EB10_11	0.7676	0.7676	0.001	0.001	Positive
edge_3438	Sg_OB05r2_8	Sg_EB13_4	-0.4931	0.4931	0.001	0.001	Negative
edge_3439	Sg_OB05r2_8	Sg_EB21_10	0.6378	0.6378	0.001	0.001	Positive
edge_3440	Sg_OB05r2_8	Sg_G26_22	-0.3914	0.3914	0.001	0.001	Negative
edge_3441	Sg_OB05r2_8	Sg_G29_33	0.4855	0.4855	0.001	0.001	Positive
edge_3442	Sg_OB05r2_8	Sg_I12_6	0.9114	0.9114	0.001	0.001	Positive
edge_3443	Sg_OB05r2_8	Sg_K01_5	0.7456	0.7456	0.001	0.001	Positive
edge_3444	Sg_OB05r2_8	Sg_M02_37	0.7488	0.7488	0.001	0.001	Positive
edge_3445	Sg_OB05r2_8	Sg_M12_21	-0.4896	0.4896	0.001	0.001	Negative
edge_3446	Sg_OB24r1_18	Gp_MJ1_12	0.4931	0.4931	0.001	0.001	Positive
edge_3447	Sg_OB24r1_18	Gp_MJ1_444	0.5697	0.5697	0.001	0.001	Positive
edge_3448	Sg_OB24r1_18	Gp_NH_148	0.5019	0.5019	0.001	0.001	Positive
edge_3449	Sg_OB24r1_18	Sg_A11_10	0.4955	0.4955	0.001	0.001	Positive
edge_3450	Sg_OB24r1_18	Sg_A19_11	0.3963	0.3963	0.001	0.001	Positive
edge_3451	Sg_OB24r1_18	Sg_A20_2	-0.4186	0.4186	0.001	0.001	Negative
edge_3452	Sg_OB24r1_18	Sg_A22_19	0.3912	0.3912	0.001	0.001	Positive
edge_3453	Sg_OB24r1_18	Sg_A22_8	0.4642	0.4642	0.001	0.001	Positive
edge_3454	Sg_OB24r1_18	Sg_B07_12	-0.5133	0.5133	0.001	0.001	Negative
edge_3455	Sg_OB24r1_18	Sg_B15_35	0.4483	0.4483	0.001	0.001	Positive
edge_3456	Sg_OB24r1_18	Sg_B27_18	0.3586	0.3586	0.001	0.001	Positive
edge_3457	Sg_OB24r1_18	Sg_CA9_20	0.4611	0.4611	0.001	0.001	Positive
edge_3458	Sg_OB24r1_18	Sg_CD30A_34	-0.4521	0.4521	0.001	0.001	Negative
edge_3459	Sg_OB24r1_18	Sg_CE19A_29	-0.5416	0.5416	0.001	0.001	Negative
edge_3460	Sg_OB24r1_18	Sg_CK05A_18	-0.4356	0.4356	0.001	0.001	Negative
edge_3461	Sg_OB24r1_18	Sg_CM31A_43	0.4408	0.4408	0.001	0.001	Positive
edge_3462	Sg_OB24r1_18	Sg_CM32A_49	0.5309	0.5309	0.001	0.001	Positive
edge_3463	Sg_OB24r1_18	Sg_D02_32	0.4234	0.4234	0.001	0.001	Positive
edge_3464	Sg_OB24r1_18	Sg_D18_45	0.4731	0.4731	0.001	0.001	Positive
edge_3465	Sg_OB24r1_18	Sg_E04_12	0.4867	0.4867	0.001	0.001	Positive
edge_3466	Sg_OB24r1_18	Sg_EA57_9	0.4957	0.4957	0.001	0.001	Positive
edge_3467	Sg_OB24r1_18	Sg_EB08_12	0.5064	0.5064	0.001	0.001	Positive
edge_3468	Sg_OB24r1_18	Sg_EM03_7	-0.4637	0.4637	0.001	0.001	Negative
edge_3469	Sg_OB24r1_18	Sg_EM12_46	-0.4516	0.4516	0.001	0.001	Negative
edge_3470	Sg_OB24r1_18	Sg_G43_29	-0.3976	0.3976	0.001	0.001	Negative
edge_3471	Sg_OB24r1_18	Sg_I12_44	-0.5433	0.5433	0.001	0.001	Negative
edge_3472	Sg_OB24r1_18	Sg_K09_1	0.5291	0.5291	0.001	0.001	Positive
edge_3473	Sg_OB24r1_18	Sg_K15_44	0.4447	0.4447	0.001	0.001	Positive
edge_3474	Sg_OB24r1_18	Sg_K17_22	-0.4764	0.4764	0.001	0.001	Negative
edge_3475	Sg_OB24r1_18	Sg_K22_8	0.4763	0.4763	0.001	0.001	Positive
edge_3476	Sg_OB24r1_18	Sg_M07_39	-0.4735	0.4735	0.001	0.001	Negative
edge_3477	Sg_OB24r1_18	Sg_M07_4	-0.4095	0.4095	0.001	0.001	Negative
edge_3478	Sg_OB24r1_18	Sg_M12_39	-0.4467	0.4467	0.001	0.001	Negative
edge_3479	Sg_OB24r1_18	Sg_M12_6	0.4351	0.4351	0.001	0.001	Positive
edge_3480	Sg_OB24r1_18	Sg_M15_10	-0.5171	0.5171	0.001	0.001	Negative
edge_3481	Sg_OB24r1_18	Sg_M21_45	0.3841	0.3841	0.001	0.001	Positive
edge_3482	Sg_OB24r1_18	Sg_OB03r2_39	0.447	0.447	0.001	0.001	Positive
edge_3483	Sg_OB24r1_18	Sg_OB05r2_38	0.4195	0.4195	0.001	0.001	Positive
edge_3484	Sg_OG24B2A_25	Sg_B07_38	-0.4619	0.4619	0.001	0.001	Negative
edge_3485	Sg_OG24B2A_25	Sg_C02_30	0.5689	0.5689	0.001	0.001	Positive
edge_3486	Sg_OG24B2A_25	Sg_D03_78	0.5691	0.5691	0.001	0.001	Positive
edge_3487	Sg_OG24B2A_25	Sg_G21_58	0.5492	0.5492	0.001	0.001	Positive
edge_3488	Sg_OG24B2A_25	Sg_H04_45	0.6379	0.6379	0.001	0.001	Positive
edge_3489	Sg_OG24B2A_25	Sg_K46_34	0.5218	0.5218	0.001	0.001	Positive
edge_3490	Sg_OG24B2A_25	Sg_M08_36	0.4367	0.4367	0.001	0.001	Positive
edge_3491	Sg_OG24B2A_8	Gp_MJ1_12	-0.5394	0.5394	0.001	0.001	Negative
edge_3492	Sg_OG24B2A_8	Gp_MJ1_444	-0.4315	0.4315	0.001	0.001	Negative
edge_3493	Sg_OG24B2A_8	Gp_MJ2_113	0.6199	0.6199	0.001	0.001	Positive
edge_3494	Sg_OG24B2A_8	Sg_A11_10	-0.4131	0.4131	0.001	0.001	Negative
edge_3495	Sg_OG24B2A_8	Sg_A20_2	0.4305	0.4305	0.001	0.001	Positive
edge_3496	Sg_OG24B2A_8	Sg_A22_8	-0.45	0.45	0.001	0.001	Negative
edge_3497	Sg_OG24B2A_8	Sg_B07_12	0.7396	0.7396	0.001	0.001	Positive
edge_3498	Sg_OG24B2A_8	Sg_B07_53	0.7151	0.7151	0.001	0.001	Positive
edge_3499	Sg_OG24B2A_8	Sg_B07_62	0.6402	0.6402	0.001	0.001	Positive
edge_3500	Sg_OG24B2A_8	Sg_B08_36	0.4647	0.4647	0.001	0.001	Positive
edge_3501	Sg_OG24B2A_8	Sg_B14_13	0.6704	0.6704	0.001	0.001	Positive
edge_3502	Sg_OG24B2A_8	Sg_B15_23	0.7416	0.7416	0.001	0.001	Positive
edge_3503	Sg_OG24B2A_8	Sg_CA25_21	0.6724	0.6724	0.001	0.001	Positive
edge_3504	Sg_OG24B2A_8	Sg_CB03_47	-0.5268	0.5268	0.001	0.001	Negative
edge_3505	Sg_OG24B2A_8	Sg_CD24A_10	0.6344	0.6344	0.001	0.001	Positive
edge_3506	Sg_OG24B2A_8	Sg_CD26A_19	0.639	0.639	0.001	0.001	Positive
edge_3507	Sg_OG24B2A_8	Sg_CD27A_46	-0.4935	0.4935	0.001	0.001	Negative
edge_3508	Sg_OG24B2A_8	Sg_CD30A_34	0.754	0.754	0.001	0.001	Positive
edge_3509	Sg_OG24B2A_8	Sg_CE19A_15	0.7678	0.7678	0.001	0.001	Positive
edge_3510	Sg_OG24B2A_8	Sg_CE19A_24	0.4544	0.4544	0.001	0.001	Positive
edge_3511	Sg_OG24B2A_8	Sg_CE19A_29	0.5842	0.5842	0.001	0.001	Positive
edge_3512	Sg_OG24B2A_8	Sg_CK05A_18	0.7786	0.7786	0.001	0.001	Positive
edge_3513	Sg_OG24B2A_8	Sg_CK52A_74	0.5498	0.5498	0.001	0.001	Positive
edge_3514	Sg_OG24B2A_8	Sg_CM21_15	0.5913	0.5913	0.001	0.001	Positive
edge_3515	Sg_OG24B2A_8	Sg_CM21_57	0.6901	0.6901	0.001	0.001	Positive
edge_3516	Sg_OG24B2A_8	Sg_CM32A_49	-0.4854	0.4854	0.001	0.001	Negative
edge_3517	Sg_OG24B2A_8	Sg_D10_17	0.721	0.721	0.001	0.001	Positive
edge_3518	Sg_OG24B2A_8	Sg_EA61_27	-0.4422	0.4422	0.001	0.001	Negative
edge_3519	Sg_OG24B2A_8	Sg_EB13_4	0.7313	0.7313	0.001	0.001	Positive
edge_3520	Sg_OG24B2A_8	Sg_EB21_10	-0.4307	0.4307	0.001	0.001	Negative
edge_3521	Sg_OG24B2A_8	Sg_EM03_7	0.5446	0.5446	0.001	0.001	Positive
edge_3522	Sg_OG24B2A_8	Sg_EM12_46	0.6629	0.6629	0.001	0.001	Positive
edge_3523	Sg_OG24B2A_8	Sg_G09_4	0.3965	0.3965	0.001	0.001	Positive
edge_3524	Sg_OG24B2A_8	Sg_G19_41	-0.4193	0.4193	0.001	0.001	Negative
edge_3525	Sg_OG24B2A_8	Sg_G26_22	0.7627	0.7627	0.001	0.001	Positive
edge_3526	Sg_OG24B2A_8	Sg_G39_28	0.5329	0.5329	0.001	0.001	Positive
edge_3527	Sg_OG24B2A_8	Sg_G43_29	0.5708	0.5708	0.001	0.001	Positive
edge_3528	Sg_OG24B2A_8	Sg_I12_44	0.7119	0.7119	0.001	0.001	Positive
edge_3529	Sg_OG24B2A_8	Sg_K09_1	-0.4643	0.4643	0.001	0.001	Negative
edge_3530	Sg_OG24B2A_8	Sg_K15_44	-0.5691	0.5691	0.001	0.001	Negative
edge_3531	Sg_OG24B2A_8	Sg_K17_22	0.5886	0.5886	0.001	0.001	Positive
edge_3532	Sg_OG24B2A_8	Sg_K22_66	-0.501	0.501	0.001	0.001	Negative
edge_3533	Sg_OG24B2A_8	Sg_K22_8	-0.4046	0.4046	0.001	0.001	Negative
edge_3534	Sg_OG24B2A_8	Sg_K36_16	-0.5231	0.5231	0.001	0.001	Negative
edge_3535	Sg_OG24B2A_8	Sg_K36_3	0.5591	0.5591	0.001	0.001	Positive
edge_3536	Sg_OG24B2A_8	Sg_M03_37	-0.4324	0.4324	0.001	0.001	Negative
edge_3537	Sg_OG24B2A_8	Sg_M07_39	0.3995	0.3995	0.001	0.001	Positive
edge_3538	Sg_OG24B2A_8	Sg_M07_4	0.553	0.553	0.001	0.001	Positive
edge_3539	Sg_OG24B2A_8	Sg_M12_21	0.7524	0.7524	0.001	0.001	Positive
edge_3540	Sg_OG24B2A_8	Sg_M12_39	0.7198	0.7198	0.001	0.001	Positive
edge_3541	Sg_OG24B2A_8	Sg_M15_10	0.3624	0.3624	0.001	0.001	Positive
edge_3542	Sg_OG24B2A_8	Sg_M15_29	0.7051	0.7051	0.001	0.001	Positive
edge_3543	Sg_OG24B2A_8	Sg_OB03r2_39	-0.5593	0.5593	0.001	0.001	Negative
edge_3544	Sg_OG24B2A_8	Sg_OB24r1_18	-0.4568	0.4568	0.001	0.001	Negative
edge_3545	Sg_OM21r1_55	Gp_MJ1_12	-0.3954	0.3954	0.001	0.001	Negative
edge_3546	Sg_OM21r1_55	Gp_MJ1_444	-0.5413	0.5413	0.001	0.001	Negative
edge_3547	Sg_OM21r1_55	Gp_MJ4_65	-0.4402	0.4402	0.001	0.001	Negative
edge_3548	Sg_OM21r1_55	Sg_A11_10	-0.3875	0.3875	0.001	0.001	Negative
edge_3549	Sg_OM21r1_55	Sg_A17_17	-0.4271	0.4271	0.001	0.001	Negative
edge_3550	Sg_OM21r1_55	Sg_A20_2	0.4051	0.4051	0.001	0.001	Positive
edge_3551	Sg_OM21r1_55	Sg_A22_3	-0.5067	0.5067	0.001	0.001	Negative
edge_3552	Sg_OM21r1_55	Sg_B03_29	0.6654	0.6654	0.001	0.001	Positive
edge_3553	Sg_OM21r1_55	Sg_B07_12	0.3595	0.3595	0.001	0.001	Positive
edge_3554	Sg_OM21r1_55	Sg_B15_35	-0.4804	0.4804	0.001	0.001	Negative
edge_3555	Sg_OM21r1_55	Sg_B15_52	-0.4202	0.4202	0.001	0.001	Negative
edge_3556	Sg_OM21r1_55	Sg_B19_58	0.593	0.593	0.001	0.001	Positive
edge_3557	Sg_OM21r1_55	Sg_B25_10	-0.4471	0.4471	0.001	0.001	Negative
edge_3558	Sg_OM21r1_55	Sg_C04_33	0.6186	0.6186	0.001	0.001	Positive
edge_3559	Sg_OM21r1_55	Sg_CA40A_55	0.4076	0.4076	0.001	0.001	Positive
edge_3560	Sg_OM21r1_55	Sg_CD23A_20	-0.5171	0.5171	0.001	0.001	Negative
edge_3561	Sg_OM21r1_55	Sg_CE19A_36	-0.4674	0.4674	0.001	0.001	Negative
edge_3562	Sg_OM21r1_55	Sg_CK05A_46	0.3983	0.3983	0.001	0.001	Positive
edge_3563	Sg_OM21r1_55	Sg_CK52A_43	0.5218	0.5218	0.001	0.001	Positive
edge_3564	Sg_OM21r1_55	Sg_CM17_7	0.6169	0.6169	0.001	0.001	Positive
edge_3565	Sg_OM21r1_55	Sg_CM29A_16	0.5992	0.5992	0.001	0.001	Positive
edge_3566	Sg_OM21r1_55	Sg_CM32A_49	-0.4615	0.4615	0.001	0.001	Negative
edge_3567	Sg_OM21r1_55	Sg_CM33A_60	0.6685	0.6685	0.001	0.001	Positive
edge_3568	Sg_OM21r1_55	Sg_D02_32	-0.4713	0.4713	0.001	0.001	Negative
edge_3569	Sg_OM21r1_55	Sg_E04_12	-0.4508	0.4508	0.001	0.001	Negative
edge_3570	Sg_OM21r1_55	Sg_E06_10	0.5407	0.5407	0.001	0.001	Positive
edge_3571	Sg_OM21r1_55	Sg_EA57_9	-0.4082	0.4082	0.001	0.001	Negative
edge_3572	Sg_OM21r1_55	Sg_G26_10	0.4481	0.4481	0.001	0.001	Positive
edge_3573	Sg_OM21r1_55	Sg_G33_7	0.4179	0.4179	0.001	0.001	Positive
edge_3574	Sg_OM21r1_55	Sg_I05_27	0.4068	0.4068	0.001	0.001	Positive
edge_3575	Sg_OM21r1_55	Sg_I05_65	0.4681	0.4681	0.001	0.001	Positive
edge_3576	Sg_OM21r1_55	Sg_I06_25	-0.4372	0.4372	0.001	0.001	Negative
edge_3577	Sg_OM21r1_55	Sg_I12_32	-0.4934	0.4934	0.001	0.001	Negative
edge_3578	Sg_OM21r1_55	Sg_K09_1	-0.5032	0.5032	0.001	0.001	Negative
edge_3579	Sg_OM21r1_55	Sg_K15_44	-0.4699	0.4699	0.001	0.001	Negative
edge_3580	Sg_OM21r1_55	Sg_K36_16	-0.4298	0.4298	0.001	0.001	Negative
edge_3581	Sg_OM21r1_55	Sg_K40_4	0.551	0.551	0.001	0.001	Positive
edge_3582	Sg_OM21r1_55	Sg_M01_13	0.6549	0.6549	0.001	0.001	Positive
edge_3583	Sg_OM21r1_55	Sg_M01_30	0.5819	0.5819	0.001	0.001	Positive
edge_3584	Sg_OM21r1_55	Sg_M07_27	0.4762	0.4762	0.001	0.001	Positive
edge_3585	Sg_OM21r1_55	Sg_M07_4	0.457	0.457	0.001	0.001	Positive
edge_3586	Sg_OM21r1_55	Sg_M15_10	0.5463	0.5463	0.001	0.001	Positive
edge_3587	Sg_OM21r1_55	Sg_OA7r2_38	-0.5412	0.5412	0.001	0.001	Negative
edge_3588	Sg_OM21r1_55	Sg_OB03r2_39	-0.445	0.445	0.001	0.001	Negative
edge_3589	Sg_OM21r1_55	Sg_OB03r2_6	-0.4198	0.4198	0.001	0.001	Negative
edge_3590	Sg_P15_12	Gp_MJ1_444	0.4121	0.4121	0.001	0.001	Positive
edge_3591	Sg_P15_12	Gp_MJ4_65	0.4384	0.4384	0.001	0.001	Positive
edge_3592	Sg_P15_12	Sg_A17_17	0.6279	0.6279	0.001	0.001	Positive
edge_3593	Sg_P15_12	Sg_A19_11	0.5556	0.5556	0.001	0.001	Positive
edge_3594	Sg_P15_12	Sg_A19_12	0.4053	0.4053	0.001	0.001	Positive
edge_3595	Sg_P15_12	Sg_A20_2	-0.4451	0.4451	0.001	0.001	Negative
edge_3596	Sg_P15_12	Sg_A22_19	0.6819	0.6819	0.001	0.001	Positive
edge_3597	Sg_P15_12	Sg_A22_3	0.4806	0.4806	0.001	0.001	Positive
edge_3598	Sg_P15_12	Sg_A22_8	0.4614	0.4614	0.001	0.001	Positive
edge_3599	Sg_P15_12	Sg_A27_23	-0.4847	0.4847	0.001	0.001	Negative
edge_3600	Sg_P15_12	Sg_A28_8	-0.4556	0.4556	0.001	0.001	Negative
edge_3601	Sg_P15_12	Sg_B15_22	0.4586	0.4586	0.001	0.001	Positive
edge_3602	Sg_P15_12	Sg_B15_35	0.4934	0.4934	0.001	0.001	Positive
edge_3603	Sg_P15_12	Sg_B15_52	0.6049	0.6049	0.001	0.001	Positive
edge_3604	Sg_P15_12	Sg_C04_33	-0.4168	0.4168	0.001	0.001	Negative
edge_3605	Sg_P15_12	Sg_CA40A_55	-0.4308	0.4308	0.001	0.001	Negative
edge_3606	Sg_P15_12	Sg_CD25A_53	-0.4399	0.4399	0.001	0.001	Negative
edge_3607	Sg_P15_12	Sg_CE19A_36	0.5194	0.5194	0.001	0.001	Positive
edge_3608	Sg_P15_12	Sg_CG50A_49	-0.5216	0.5216	0.001	0.001	Negative
edge_3609	Sg_P15_12	Sg_CM17_16	-0.4976	0.4976	0.001	0.001	Negative
edge_3610	Sg_P15_12	Sg_CM31A_43	0.4791	0.4791	0.001	0.001	Positive
edge_3611	Sg_P15_12	Sg_CM32A_49	0.4113	0.4113	0.001	0.001	Positive
edge_3612	Sg_P15_12	Sg_D02_32	0.5474	0.5474	0.001	0.001	Positive
edge_3613	Sg_P15_12	Sg_E04_12	0.4864	0.4864	0.001	0.001	Positive
edge_3614	Sg_P15_12	Sg_EA57_9	0.511	0.511	0.001	0.001	Positive
edge_3615	Sg_P15_12	Sg_G26_10	-0.3938	0.3938	0.001	0.001	Negative
edge_3616	Sg_P15_12	Sg_G26_28	0.5227	0.5227	0.001	0.001	Positive
edge_3617	Sg_P15_12	Sg_I06_25	0.4871	0.4871	0.001	0.001	Positive
edge_3618	Sg_P15_12	Sg_I12_44	-0.4351	0.4351	0.001	0.001	Negative
edge_3619	Sg_P15_12	Sg_K09_1	0.5964	0.5964	0.001	0.001	Positive
edge_3620	Sg_P15_12	Sg_K10_28	-0.4426	0.4426	0.001	0.001	Negative
edge_3621	Sg_P15_12	Sg_K22_8	0.4498	0.4498	0.001	0.001	Positive
edge_3622	Sg_P15_12	Sg_K36_6	0.5319	0.5319	0.001	0.001	Positive
edge_3623	Sg_P15_12	Sg_M07_4	-0.4042	0.4042	0.001	0.001	Negative
edge_3624	Sg_P15_12	Sg_M17_33	-0.4958	0.4958	0.001	0.001	Negative
edge_3625	Sg_P15_12	Sg_OA7r2_38	0.4396	0.4396	0.001	0.001	Positive
edge_3626	Sg_P15_12	Sg_OB03r2_39	0.5279	0.5279	0.001	0.001	Positive
edge_3627	Sg_P15_15	Sg_A22_19	0.4131	0.4131	0.001	0.001	Positive
edge_3628	Sg_P15_15	Sg_K01_3	0.6536	0.6536	0.001	0.001	Positive
edge_3629	Sg_P15_2	Sg_CA11_3	0.4881	0.4881	0.001	0.001	Positive
edge_3630	Sg_P15_2	Sg_CA13_9	0.6663	0.6663	0.001	0.001	Positive
edge_3631	Sg_P15_2	Sg_CD30A_34	-0.3602	0.3602	0.001	0.001	Negative
edge_3632	Sg_P15_2	Sg_EM25_40	0.4017	0.4017	0.001	0.001	Positive
edge_3633	Sg_P15_2	Sg_M08_36	0.4817	0.4817	0.001	0.001	Positive
edge_3634	Sg_P15_21	Sg_C02_30	0.5015	0.5015	0.001	0.001	Positive
edge_3635	Sg_P15_21	Sg_CM17_16	0.355	0.355	0.001	0.001	Positive
edge_3636	Sg_P15_21	Sg_D03_78	0.6896	0.6896	0.001	0.001	Positive
edge_3637	Sg_P15_21	Sg_G21_58	0.5823	0.5823	0.001	0.001	Positive
edge_3638	Sg_P15_21	Sg_H04_45	0.5937	0.5937	0.001	0.001	Positive
edge_3639	Sg_P15_21	Sg_K46_34	0.4841	0.4841	0.001	0.001	Positive
edge_3640	Sg_P15_21	Sg_OG24B2A_25	0.5709	0.5709	0.001	0.001	Positive
edge_3641	Sg_P22_10	Gp_YAB_339	0.7587	0.7587	0.001	0.001	Positive
edge_3642	Sg_P22_10	Gp_meta27_511	0.4551	0.4551	0.001	0.001	Positive
edge_3643	Sg_P22_10	Sg_A11_12	0.8798	0.8798	0.001	0.001	Positive
edge_3644	Sg_P22_10	Sg_A11_2	0.8383	0.8383	0.001	0.001	Positive
edge_3645	Sg_P22_10	Sg_B25_38	0.8892	0.8892	0.001	0.001	Positive
edge_3646	Sg_P22_10	Sg_B27_18	0.4217	0.4217	0.001	0.001	Positive
edge_3647	Sg_P22_10	Sg_C03_36	0.7025	0.7025	0.001	0.001	Positive
edge_3648	Sg_P22_10	Sg_CG50A_74	0.8447	0.8447	0.001	0.001	Positive
edge_3649	Sg_P22_10	Sg_CM31A_52	0.8468	0.8468	0.001	0.001	Positive
edge_3650	Sg_P22_10	Sg_D09_14	0.8611	0.8611	0.001	0.001	Positive
edge_3651	Sg_P22_10	Sg_E06_10	-0.3674	0.3674	0.001	0.001	Negative
edge_3652	Sg_P22_10	Sg_EA47_17	0.8602	0.8602	0.001	0.001	Positive
edge_3653	Sg_P22_10	Sg_EB09_7	0.9281	0.9281	0.001	0.001	Positive
edge_3654	Sg_P22_10	Sg_EM22_6	0.8448	0.8448	0.001	0.001	Positive
edge_3655	Sg_P22_10	Sg_EM34_4	0.7489	0.7489	0.001	0.001	Positive
edge_3656	Sg_P22_10	Sg_G22_16	0.9011	0.9011	0.001	0.001	Positive
edge_3657	Sg_P22_10	Sg_I07_11	0.7193	0.7193	0.001	0.001	Positive
edge_3658	Sg_P22_10	Sg_K09_61	0.9085	0.9085	0.001	0.001	Positive
edge_3659	Sg_P22_10	Sg_K32_30	0.7326	0.7326	0.001	0.001	Positive
edge_3660	Sg_P22_10	Sg_K36_17	0.8905	0.8905	0.001	0.001	Positive
edge_3661	Sg_P22_10	Sg_M11_5	0.7754	0.7754	0.001	0.001	Positive
edge_3662	Sg_P22_13	Sg_A01_16	0.6854	0.6854	0.001	0.001	Positive
edge_3663	Sg_P22_13	Sg_K31_45	0.4663	0.4663	0.001	0.001	Positive
edge_3664	Sg_P22_13	Sg_OB03r2_1	0.5655	0.5655	0.001	0.001	Positive
edge_3665	Sg_P23_1	Gp_MJ3_477	-0.4618	0.4618	0.001	0.001	Negative
edge_3666	Sg_P23_1	Sg_B19_40	0.8866	0.8866	0.001	0.001	Positive
edge_3667	Sg_P23_1	Sg_CB03_47	0.5373	0.5373	0.001	0.001	Positive
edge_3668	Sg_P23_1	Sg_CM21_57	-0.3887	0.3887	0.001	0.001	Negative
edge_3669	Sg_P23_1	Sg_E06_24	0.8819	0.8819	0.001	0.001	Positive
edge_3670	Sg_P23_1	Sg_EA61_27	0.8686	0.8686	0.001	0.001	Positive
edge_3671	Sg_P23_1	Sg_EB10_11	0.8919	0.8919	0.001	0.001	Positive
edge_3672	Sg_P23_1	Sg_EB21_10	0.7304	0.7304	0.001	0.001	Positive
edge_3673	Sg_P23_1	Sg_G29_33	0.6642	0.6642	0.001	0.001	Positive
edge_3674	Sg_P23_1	Sg_I12_6	0.7763	0.7763	0.001	0.001	Positive
edge_3675	Sg_P23_1	Sg_K01_5	0.8839	0.8839	0.001	0.001	Positive
edge_3676	Sg_P23_1	Sg_M02_37	0.889	0.889	0.001	0.001	Positive
edge_3677	Sg_P23_1	Sg_OB05r2_8	0.7181	0.7181	0.001	0.001	Positive
edge_3678	Sg_P27_36	Gp_MJ1_444	0.4277	0.4277	0.001	0.001	Positive
edge_3679	Sg_P27_36	Sg_A27_31	0.4687	0.4687	0.001	0.001	Positive
edge_3680	Sg_P27_36	Sg_EA47_9	0.7657	0.7657	0.001	0.001	Positive
edge_3681	Sg_P27_36	Sg_K36_27	0.4838	0.4838	0.001	0.001	Positive
edge_3682	Sg_P27_36	Sg_OB05r2_38	0.5135	0.5135	0.001	0.001	Positive
edge_3683	Sg_P27_38	Sg_CD28A_40	0.3714	0.3714	0.001	0.001	Positive
edge_3684	Sg_P27_4	Gp_MJ1_444	-0.3845	0.3845	0.001	0.001	Negative
edge_3685	Sg_P27_4	Gp_MJ2_113	0.4643	0.4643	0.001	0.001	Positive
edge_3686	Sg_P27_4	Sg_A19_11	-0.4364	0.4364	0.001	0.001	Negative
edge_3687	Sg_P27_4	Sg_A34_5	0.5385	0.5385	0.001	0.001	Positive
edge_3688	Sg_P27_4	Sg_B07_12	0.4392	0.4392	0.001	0.001	Positive
edge_3689	Sg_P27_4	Sg_B07_53	0.4976	0.4976	0.001	0.001	Positive
edge_3690	Sg_P27_4	Sg_B07_62	0.5172	0.5172	0.001	0.001	Positive
edge_3691	Sg_P27_4	Sg_B14_13	0.6361	0.6361	0.001	0.001	Positive
edge_3692	Sg_P27_4	Sg_B15_23	0.5306	0.5306	0.001	0.001	Positive
edge_3693	Sg_P27_4	Sg_CA25_21	0.5569	0.5569	0.001	0.001	Positive
edge_3694	Sg_P27_4	Sg_CD24A_10	0.5753	0.5753	0.001	0.001	Positive
edge_3695	Sg_P27_4	Sg_CD26A_19	0.4704	0.4704	0.001	0.001	Positive
edge_3696	Sg_P27_4	Sg_CD30A_34	0.5176	0.5176	0.001	0.001	Positive
edge_3697	Sg_P27_4	Sg_CE19A_24	0.4962	0.4962	0.001	0.001	Positive
edge_3698	Sg_P27_4	Sg_CK05A_18	0.5744	0.5744	0.001	0.001	Positive
edge_3699	Sg_P27_4	Sg_CK52A_74	0.3861	0.3861	0.001	0.001	Positive
edge_3700	Sg_P27_4	Sg_CM21_15	0.5594	0.5594	0.001	0.001	Positive
edge_3701	Sg_P27_4	Sg_CM31A_43	-0.4117	0.4117	0.001	0.001	Negative
edge_3702	Sg_P27_4	Sg_D10_17	0.5043	0.5043	0.001	0.001	Positive
edge_3703	Sg_P27_4	Sg_E10_50	-0.4572	0.4572	0.001	0.001	Negative
edge_3704	Sg_P27_4	Sg_EA57_9	-0.4243	0.4243	0.001	0.001	Negative
edge_3705	Sg_P27_4	Sg_EB13_4	0.6761	0.6761	0.001	0.001	Positive
edge_3706	Sg_P27_4	Sg_EM12_46	0.5654	0.5654	0.001	0.001	Positive
edge_3707	Sg_P27_4	Sg_G19_41	-0.4521	0.4521	0.001	0.001	Negative
edge_3708	Sg_P27_4	Sg_G26_22	0.5827	0.5827	0.001	0.001	Positive
edge_3709	Sg_P27_4	Sg_G43_29	0.5577	0.5577	0.001	0.001	Positive
edge_3710	Sg_P27_4	Sg_I09_29	0.3784	0.3784	0.001	0.001	Positive
edge_3711	Sg_P27_4	Sg_I12_44	0.4732	0.4732	0.001	0.001	Positive
edge_3712	Sg_P27_4	Sg_K15_44	-0.4404	0.4404	0.001	0.001	Negative
edge_3713	Sg_P27_4	Sg_K22_66	-0.5217	0.5217	0.001	0.001	Negative
edge_3714	Sg_P27_4	Sg_K36_16	-0.4065	0.4065	0.001	0.001	Negative
edge_3715	Sg_P27_4	Sg_K36_29	-0.41	0.41	0.001	0.001	Negative
edge_3716	Sg_P27_4	Sg_K36_3	0.5821	0.5821	0.001	0.001	Positive
edge_3717	Sg_P27_4	Sg_M02_5	-0.4249	0.4249	0.001	0.001	Negative
edge_3718	Sg_P27_4	Sg_M12_21	0.645	0.645	0.001	0.001	Positive
edge_3719	Sg_P27_4	Sg_M12_39	0.5027	0.5027	0.001	0.001	Positive
edge_3720	Sg_P27_4	Sg_M12_6	-0.4645	0.4645	0.001	0.001	Negative
edge_3721	Sg_P27_4	Sg_M15_29	0.557	0.557	0.001	0.001	Positive
edge_3722	Sg_P27_4	Sg_OG24B2A_8	0.5367	0.5367	0.001	0.001	Positive
edge_3723	Sg_P30_9	Gp_MJ1_12	0.4354	0.4354	0.001	0.001	Positive
edge_3724	Sg_P30_9	Gp_MJ1_149	0.3705	0.3705	0.001	0.001	Positive
edge_3725	Sg_P30_9	Gp_MJ1_444	0.5131	0.5131	0.001	0.001	Positive
edge_3726	Sg_P30_9	Gp_YAB_333	-0.4986	0.4986	0.001	0.001	Negative
edge_3727	Sg_P30_9	Sg_A11_10	0.5457	0.5457	0.001	0.001	Positive
edge_3728	Sg_P30_9	Sg_A17_17	0.5535	0.5535	0.001	0.001	Positive
edge_3729	Sg_P30_9	Sg_A19_12	0.5624	0.5624	0.001	0.001	Positive
edge_3730	Sg_P30_9	Sg_A19_18	0.6002	0.6002	0.001	0.001	Positive
edge_3731	Sg_P30_9	Sg_A19_51	0.5508	0.5508	0.001	0.001	Positive
edge_3732	Sg_P30_9	Sg_A20_2	-0.5206	0.5206	0.001	0.001	Negative
edge_3733	Sg_P30_9	Sg_A22_19	0.3848	0.3848	0.001	0.001	Positive
edge_3734	Sg_P30_9	Sg_A22_3	0.4729	0.4729	0.001	0.001	Positive
edge_3735	Sg_P30_9	Sg_A22_8	0.6	0.6	0.001	0.001	Positive
edge_3736	Sg_P30_9	Sg_A27_23	-0.4743	0.4743	0.001	0.001	Negative
edge_3737	Sg_P30_9	Sg_A27_31	0.4767	0.4767	0.001	0.001	Positive
edge_3738	Sg_P30_9	Sg_B07_12	-0.4097	0.4097	0.001	0.001	Negative
edge_3739	Sg_P30_9	Sg_B15_35	0.4964	0.4964	0.001	0.001	Positive
edge_3740	Sg_P30_9	Sg_B15_52	0.4796	0.4796	0.001	0.001	Positive
edge_3741	Sg_P30_9	Sg_B25_10	0.4232	0.4232	0.001	0.001	Positive
edge_3742	Sg_P30_9	Sg_B26_35	-0.4306	0.4306	0.001	0.001	Negative
edge_3743	Sg_P30_9	Sg_CA11_52	0.4364	0.4364	0.001	0.001	Positive
edge_3744	Sg_P30_9	Sg_CA40A_55	-0.4024	0.4024	0.001	0.001	Negative
edge_3745	Sg_P30_9	Sg_CD23A_20	0.7544	0.7544	0.001	0.001	Positive
edge_3746	Sg_P30_9	Sg_CD25A_53	-0.5822	0.5822	0.001	0.001	Negative
edge_3747	Sg_P30_9	Sg_CE19A_36	0.6737	0.6737	0.001	0.001	Positive
edge_3748	Sg_P30_9	Sg_CG50A_49	-0.5135	0.5135	0.001	0.001	Negative
edge_3749	Sg_P30_9	Sg_CK28A_36	0.4672	0.4672	0.001	0.001	Positive
edge_3750	Sg_P30_9	Sg_CM17_16	-0.4292	0.4292	0.001	0.001	Negative
edge_3751	Sg_P30_9	Sg_CM31A_43	0.4563	0.4563	0.001	0.001	Positive
edge_3752	Sg_P30_9	Sg_CM33A_9	0.5956	0.5956	0.001	0.001	Positive
edge_3753	Sg_P30_9	Sg_D02_32	0.6754	0.6754	0.001	0.001	Positive
edge_3754	Sg_P30_9	Sg_D18_45	0.4223	0.4223	0.001	0.001	Positive
edge_3755	Sg_P30_9	Sg_E04_12	0.6952	0.6952	0.001	0.001	Positive
edge_3756	Sg_P30_9	Sg_E10_50	0.543	0.543	0.001	0.001	Positive
edge_3757	Sg_P30_9	Sg_EM12_61	0.438	0.438	0.001	0.001	Positive
edge_3758	Sg_P30_9	Sg_G26_28	0.6	0.6	0.001	0.001	Positive
edge_3759	Sg_P30_9	Sg_G43_29	-0.4284	0.4284	0.001	0.001	Negative
edge_3760	Sg_P30_9	Sg_I05_27	-0.4409	0.4409	0.001	0.001	Negative
edge_3761	Sg_P30_9	Sg_I06_25	0.6195	0.6195	0.001	0.001	Positive
edge_3762	Sg_P30_9	Sg_I12_32	0.5715	0.5715	0.001	0.001	Positive
edge_3763	Sg_P30_9	Sg_K09_1	0.5627	0.5627	0.001	0.001	Positive
edge_3764	Sg_P30_9	Sg_K10_28	-0.3797	0.3797	0.001	0.001	Negative
edge_3765	Sg_P30_9	Sg_K15_44	0.6829	0.6829	0.001	0.001	Positive
edge_3766	Sg_P30_9	Sg_K17_22	-0.4186	0.4186	0.001	0.001	Negative
edge_3767	Sg_P30_9	Sg_K22_66	0.4398	0.4398	0.001	0.001	Positive
edge_3768	Sg_P30_9	Sg_K22_8	0.6778	0.6778	0.001	0.001	Positive
edge_3769	Sg_P30_9	Sg_K36_16	0.621	0.621	0.001	0.001	Positive
edge_3770	Sg_P30_9	Sg_K36_29	0.6174	0.6174	0.001	0.001	Positive
edge_3771	Sg_P30_9	Sg_K36_6	0.5836	0.5836	0.001	0.001	Positive
edge_3772	Sg_P30_9	Sg_M07_27	-0.3796	0.3796	0.001	0.001	Negative
edge_3773	Sg_P30_9	Sg_M07_4	-0.4896	0.4896	0.001	0.001	Negative
edge_3774	Sg_P30_9	Sg_OA11r1_12	-0.4398	0.4398	0.001	0.001	Negative
edge_3775	Sg_P30_9	Sg_OA11r1_9	0.4511	0.4511	0.001	0.001	Positive
edge_3776	Sg_P30_9	Sg_OA7r2_4	-0.5328	0.5328	0.001	0.001	Negative
edge_3777	Sg_P30_9	Sg_OB03r2_39	0.6615	0.6615	0.001	0.001	Positive
edge_3778	Sg_P30_9	Sg_OB05r2_32	0.5233	0.5233	0.001	0.001	Positive
edge_3779	Sg_X05_12	Sg_B03_29	0.4119	0.4119	0.001	0.001	Positive
edge_3780	Sg_X05_12	Sg_B15_52	-0.4072	0.4072	0.001	0.001	Negative
edge_3781	Sg_X05_12	Sg_CA40A_55	0.3963	0.3963	0.001	0.001	Positive
edge_3782	Sg_X05_12	Sg_CM35A_15	0.4038	0.4038	0.001	0.001	Positive
edge_3783	Sg_X05_12	Sg_D09_14	-0.3933	0.3933	0.001	0.001	Negative
edge_3784	Sg_X05_12	Sg_I09_29	-0.4035	0.4035	0.001	0.001	Negative
edge_3785	Sg_X05_12	Sg_M02_8	0.4036	0.4036	0.001	0.001	Positive
edge_3786	Sg_X05_3	Gp_MJ1_272	-0.3745	0.3745	0.001	0.001	Negative
edge_3787	Sg_X05_3	Gp_YAB_333	0.7127	0.7127	0.001	0.001	Positive
edge_3788	Sg_X05_3	Sg_A17_17	-0.4675	0.4675	0.001	0.001	Negative
edge_3789	Sg_X05_3	Sg_A19_12	-0.5343	0.5343	0.001	0.001	Negative
edge_3790	Sg_X05_3	Sg_A19_18	-0.4743	0.4743	0.001	0.001	Negative
edge_3791	Sg_X05_3	Sg_A19_51	-0.5598	0.5598	0.001	0.001	Negative
edge_3792	Sg_X05_3	Sg_A20_35	0.6335	0.6335	0.001	0.001	Positive
edge_3793	Sg_X05_3	Sg_A22_8	-0.4217	0.4217	0.001	0.001	Negative
edge_3794	Sg_X05_3	Sg_A27_23	0.6259	0.6259	0.001	0.001	Positive
edge_3795	Sg_X05_3	Sg_A28_8	0.9333	0.9333	0.001	0.001	Positive
edge_3796	Sg_X05_3	Sg_B15_52	-0.4806	0.4806	0.001	0.001	Negative
edge_3797	Sg_X05_3	Sg_C02_30	0.4333	0.4333	0.001	0.001	Positive
edge_3798	Sg_X05_3	Sg_CD23A_20	-0.5236	0.5236	0.001	0.001	Negative
edge_3799	Sg_X05_3	Sg_CD25A_53	0.5056	0.5056	0.001	0.001	Positive
edge_3800	Sg_X05_3	Sg_CE19A_36	-0.6146	0.6146	0.001	0.001	Negative
edge_3801	Sg_X05_3	Sg_CG50A_49	0.7723	0.7723	0.001	0.001	Positive
edge_3802	Sg_X05_3	Sg_CK28A_36	-0.4772	0.4772	0.001	0.001	Negative
edge_3803	Sg_X05_3	Sg_CM17_16	0.8799	0.8799	0.001	0.001	Positive
edge_3804	Sg_X05_3	Sg_CM32A_26	-0.3786	0.3786	0.001	0.001	Negative
edge_3805	Sg_X05_3	Sg_CM33A_9	-0.4915	0.4915	0.001	0.001	Negative
edge_3806	Sg_X05_3	Sg_D02_32	-0.5998	0.5998	0.001	0.001	Negative
edge_3807	Sg_X05_3	Sg_E04_12	-0.3841	0.3841	0.001	0.001	Negative
edge_3808	Sg_X05_3	Sg_EM12_61	-0.4135	0.4135	0.001	0.001	Negative
edge_3809	Sg_X05_3	Sg_EM30_38	0.4878	0.4878	0.001	0.001	Positive
edge_3810	Sg_X05_3	Sg_G26_28	-0.5555	0.5555	0.001	0.001	Negative
edge_3811	Sg_X05_3	Sg_H04_45	0.4133	0.4133	0.001	0.001	Positive
edge_3812	Sg_X05_3	Sg_I12_32	-0.5609	0.5609	0.001	0.001	Negative
edge_3813	Sg_X05_3	Sg_K10_28	0.8848	0.8848	0.001	0.001	Positive
edge_3814	Sg_X05_3	Sg_K22_8	-0.4409	0.4409	0.001	0.001	Negative
edge_3815	Sg_X05_3	Sg_K36_6	-0.6037	0.6037	0.001	0.001	Negative
edge_3816	Sg_X05_3	Sg_K46_34	0.4518	0.4518	0.001	0.001	Positive
edge_3817	Sg_X05_3	Sg_M03_38	0.5685	0.5685	0.001	0.001	Positive
edge_3818	Sg_X05_3	Sg_M11_7	-0.5118	0.5118	0.001	0.001	Negative
edge_3819	Sg_X05_3	Sg_OA11r1_12	0.8315	0.8315	0.001	0.001	Positive
edge_3820	Sg_X05_3	Sg_OA7r2_4	0.4289	0.4289	0.001	0.001	Positive
edge_3821	Sg_X05_3	Sg_OB03r2_39	-0.4391	0.4391	0.001	0.001	Negative
edge_3822	Sg_X05_3	Sg_OB05r2_32	-0.6073	0.6073	0.001	0.001	Negative
edge_3823	Sg_X05_3	Sg_P15_12	-0.4438	0.4438	0.001	0.001	Negative
edge_3824	Sg_X05_3	Sg_P30_9	-0.4154	0.4154	0.001	0.001	Negative
edge_3825	Sg_Y07_14	Gp_MJ1_12	0.5688	0.5688	0.001	0.001	Positive
edge_3826	Sg_Y07_14	Gp_MJ1_444	0.4564	0.4564	0.001	0.001	Positive
edge_3827	Sg_Y07_14	Gp_MJ2_113	-0.548	0.548	0.001	0.001	Negative
edge_3828	Sg_Y07_14	Gp_MJ4_197	0.4606	0.4606	0.001	0.001	Positive
edge_3829	Sg_Y07_14	Gp_meta27_16	0.5243	0.5243	0.001	0.001	Positive
edge_3830	Sg_Y07_14	Gp_meta27_511	-0.3933	0.3933	0.001	0.001	Negative
edge_3831	Sg_Y07_14	Sg_A22_8	0.4487	0.4487	0.001	0.001	Positive
edge_3832	Sg_Y07_14	Sg_A24_54	0.416	0.416	0.001	0.001	Positive
edge_3833	Sg_Y07_14	Sg_A27_31	0.5167	0.5167	0.001	0.001	Positive
edge_3834	Sg_Y07_14	Sg_B07_53	-0.4318	0.4318	0.001	0.001	Negative
edge_3835	Sg_Y07_14	Sg_B14_13	-0.5478	0.5478	0.001	0.001	Negative
edge_3836	Sg_Y07_14	Sg_B15_23	-0.6223	0.6223	0.001	0.001	Negative
edge_3837	Sg_Y07_14	Sg_CD30A_34	-0.5465	0.5465	0.001	0.001	Negative
edge_3838	Sg_Y07_14	Sg_CE19A_24	-0.5254	0.5254	0.001	0.001	Negative
edge_3839	Sg_Y07_14	Sg_CK05A_18	-0.5605	0.5605	0.001	0.001	Negative
edge_3840	Sg_Y07_14	Sg_CK52A_74	-0.4866	0.4866	0.001	0.001	Negative
edge_3841	Sg_Y07_14	Sg_CM21_15	-0.7113	0.7113	0.001	0.001	Negative
edge_3842	Sg_Y07_14	Sg_CM21_57	-0.4887	0.4887	0.001	0.001	Negative
edge_3843	Sg_Y07_14	Sg_D02_9	0.5206	0.5206	0.001	0.001	Positive
edge_3844	Sg_Y07_14	Sg_D10_17	-0.5833	0.5833	0.001	0.001	Negative
edge_3845	Sg_Y07_14	Sg_D18_45	0.4748	0.4748	0.001	0.001	Positive
edge_3846	Sg_Y07_14	Sg_E10_50	0.533	0.533	0.001	0.001	Positive
edge_3847	Sg_Y07_14	Sg_EA47_9	0.4227	0.4227	0.001	0.001	Positive
edge_3848	Sg_Y07_14	Sg_EB03_22	0.4676	0.4676	0.001	0.001	Positive
edge_3849	Sg_Y07_14	Sg_EB13_4	-0.6538	0.6538	0.001	0.001	Negative
edge_3850	Sg_Y07_14	Sg_EM12_46	-0.4354	0.4354	0.001	0.001	Negative
edge_3851	Sg_Y07_14	Sg_G06_9	-0.3991	0.3991	0.001	0.001	Negative
edge_3852	Sg_Y07_14	Sg_G18_19	-0.4654	0.4654	0.001	0.001	Negative
edge_3853	Sg_Y07_14	Sg_G26_22	-0.5297	0.5297	0.001	0.001	Negative
edge_3854	Sg_Y07_14	Sg_G43_29	-0.5122	0.5122	0.001	0.001	Negative
edge_3855	Sg_Y07_14	Sg_I09_29	-0.4955	0.4955	0.001	0.001	Negative
edge_3856	Sg_Y07_14	Sg_I12_44	-0.374	0.374	0.001	0.001	Negative
edge_3857	Sg_Y07_14	Sg_K15_44	0.5842	0.5842	0.001	0.001	Positive
edge_3858	Sg_Y07_14	Sg_K17_22	-0.4295	0.4295	0.001	0.001	Negative
edge_3859	Sg_Y07_14	Sg_K22_66	0.5827	0.5827	0.001	0.001	Positive
edge_3860	Sg_Y07_14	Sg_K36_16	0.577	0.577	0.001	0.001	Positive
edge_3861	Sg_Y07_14	Sg_K36_27	0.6042	0.6042	0.001	0.001	Positive
edge_3862	Sg_Y07_14	Sg_K36_29	0.4892	0.4892	0.001	0.001	Positive
edge_3863	Sg_Y07_14	Sg_M02_5	0.4456	0.4456	0.001	0.001	Positive
edge_3864	Sg_Y07_14	Sg_M02_8	0.4917	0.4917	0.001	0.001	Positive
edge_3865	Sg_Y07_14	Sg_M12_21	-0.6056	0.6056	0.001	0.001	Negative
edge_3866	Sg_Y07_14	Sg_M12_39	-0.5072	0.5072	0.001	0.001	Negative
edge_3867	Sg_Y07_14	Sg_M12_6	0.6047	0.6047	0.001	0.001	Positive
edge_3868	Sg_Y07_14	Sg_M15_29	-0.6435	0.6435	0.001	0.001	Negative
edge_3869	Sg_Y07_14	Sg_OB03r2_39	0.5278	0.5278	0.001	0.001	Positive
edge_3870	Sg_Y07_14	Sg_OB05r2_38	0.6049	0.6049	0.001	0.001	Positive
edge_3871	Sg_Y07_14	Sg_OG24B2A_8	-0.4762	0.4762	0.001	0.001	Negative
edge_3872	Sg_Y07_14	Sg_P27_4	-0.5058	0.5058	0.001	0.001	Negative
edge_3873	Sg_Y07_23	Gp_MJ2_113	-0.4022	0.4022	0.001	0.001	Negative
edge_3874	Sg_Y07_23	Gp_MJ3_477	-0.464	0.464	0.001	0.001	Negative
edge_3875	Sg_Y07_23	Sg_CM21_15	-0.3744	0.3744	0.001	0.001	Negative
edge_3876	Sg_Y07_23	Sg_CM35A_15	0.4409	0.4409	0.001	0.001	Positive
edge_3877	Sg_Y07_23	Sg_M07_27	0.3964	0.3964	0.001	0.001	Positive
edge_3878	Sg_Y19_10	Gp_YAB_339	0.939	0.939	0.001	0.001	Positive
edge_3879	Sg_Y19_10	Sg_A11_12	0.818	0.818	0.001	0.001	Positive
edge_3880	Sg_Y19_10	Sg_A11_2	0.741	0.741	0.001	0.001	Positive
edge_3881	Sg_Y19_10	Sg_A19_36	0.4118	0.4118	0.001	0.001	Positive
edge_3882	Sg_Y19_10	Sg_B25_38	0.7513	0.7513	0.001	0.001	Positive
edge_3883	Sg_Y19_10	Sg_B27_18	0.3813	0.3813	0.001	0.001	Positive
edge_3884	Sg_Y19_10	Sg_C03_36	0.5901	0.5901	0.001	0.001	Positive
edge_3885	Sg_Y19_10	Sg_CB03_44	0.4006	0.4006	0.001	0.001	Positive
edge_3886	Sg_Y19_10	Sg_CG50A_74	0.813	0.813	0.001	0.001	Positive
edge_3887	Sg_Y19_10	Sg_CM31A_52	0.7861	0.7861	0.001	0.001	Positive
edge_3888	Sg_Y19_10	Sg_D09_14	0.6995	0.6995	0.001	0.001	Positive
edge_3889	Sg_Y19_10	Sg_EA47_17	0.6394	0.6394	0.001	0.001	Positive
edge_3890	Sg_Y19_10	Sg_EB09_7	0.7665	0.7665	0.001	0.001	Positive
edge_3891	Sg_Y19_10	Sg_EM22_6	0.8105	0.8105	0.001	0.001	Positive
edge_3892	Sg_Y19_10	Sg_EM34_4	0.6999	0.6999	0.001	0.001	Positive
edge_3893	Sg_Y19_10	Sg_G22_16	0.8153	0.8153	0.001	0.001	Positive
edge_3894	Sg_Y19_10	Sg_I07_11	0.7414	0.7414	0.001	0.001	Positive
edge_3895	Sg_Y19_10	Sg_K09_61	0.8395	0.8395	0.001	0.001	Positive
edge_3896	Sg_Y19_10	Sg_K22_66	-0.4425	0.4425	0.001	0.001	Negative
edge_3897	Sg_Y19_10	Sg_K32_30	0.6444	0.6444	0.001	0.001	Positive
edge_3898	Sg_Y19_10	Sg_K36_17	0.7233	0.7233	0.001	0.001	Positive
edge_3899	Sg_Y19_10	Sg_M11_5	0.7933	0.7933	0.001	0.001	Positive
edge_3900	Sg_Y19_10	Sg_P22_10	0.7647	0.7647	0.001	0.001	Positive
edge_3901	Sg_Y19_13	Gp_MJ3_477	0.5944	0.5944	0.001	0.001	Positive
edge_3902	Sg_Y19_13	Sg_B07_38	0.463	0.463	0.001	0.001	Positive
edge_3903	Sg_Y19_13	Sg_B07_62	0.4288	0.4288	0.001	0.001	Positive
edge_3904	Sg_Y19_13	Sg_B08_36	0.4049	0.4049	0.001	0.001	Positive
edge_3905	Sg_Y19_13	Sg_B15_23	0.3837	0.3837	0.001	0.001	Positive
edge_3906	Sg_Y19_13	Sg_B15_52	0.4326	0.4326	0.001	0.001	Positive
edge_3907	Sg_Y19_13	Sg_B26_35	-0.5134	0.5134	0.001	0.001	Negative
edge_3908	Sg_Y19_13	Sg_C14_34	-0.4775	0.4775	0.001	0.001	Negative
edge_3909	Sg_Y19_13	Sg_CA11_3	-0.4164	0.4164	0.001	0.001	Negative
edge_3910	Sg_Y19_13	Sg_CB03_2	0.4163	0.4163	0.001	0.001	Positive
edge_3911	Sg_Y19_13	Sg_CD30A_34	0.4282	0.4282	0.001	0.001	Positive
edge_3912	Sg_Y19_13	Sg_CE19A_24	0.5236	0.5236	0.001	0.001	Positive
edge_3913	Sg_Y19_13	Sg_CE19A_36	0.4752	0.4752	0.001	0.001	Positive
edge_3914	Sg_Y19_13	Sg_CK28A_36	0.6302	0.6302	0.001	0.001	Positive
edge_3915	Sg_Y19_13	Sg_CK51A_47	0.4097	0.4097	0.001	0.001	Positive
edge_3916	Sg_Y19_13	Sg_CM21_57	0.4661	0.4661	0.001	0.001	Positive
edge_3917	Sg_Y19_13	Sg_E06_24	-0.3796	0.3796	0.001	0.001	Negative
edge_3918	Sg_Y19_13	Sg_G18_19	0.5191	0.5191	0.001	0.001	Positive
edge_3919	Sg_Y19_13	Sg_M08_36	-0.5373	0.5373	0.001	0.001	Negative
edge_3920	Sg_Y19_13	Sg_M15_17	0.4242	0.4242	0.001	0.001	Positive
edge_3921	Sg_YA03_20	Gp_MJ1_12	0.4162	0.4162	0.001	0.001	Positive
edge_3922	Sg_YA03_20	Gp_YAB_333	-0.4292	0.4292	0.001	0.001	Negative
edge_3923	Sg_YA03_20	Sg_A01_16	0.4152	0.4152	0.001	0.001	Positive
edge_3924	Sg_YA03_20	Sg_A22_8	0.4191	0.4191	0.001	0.001	Positive
edge_3925	Sg_YA03_20	Sg_B07_12	-0.3956	0.3956	0.001	0.001	Negative
edge_3926	Sg_YA03_20	Sg_C04_33	-0.4022	0.4022	0.001	0.001	Negative
edge_3927	Sg_YA03_20	Sg_CB03_47	0.6649	0.6649	0.001	0.001	Positive
edge_3928	Sg_YA03_20	Sg_CD23A_20	0.4219	0.4219	0.001	0.001	Positive
edge_3929	Sg_YA03_20	Sg_CD26A_19	-0.4102	0.4102	0.001	0.001	Negative
edge_3930	Sg_YA03_20	Sg_CE19A_29	-0.4127	0.4127	0.001	0.001	Negative
edge_3931	Sg_YA03_20	Sg_CM33A_9	0.4602	0.4602	0.001	0.001	Positive
edge_3932	Sg_YA03_20	Sg_E06_24	0.4914	0.4914	0.001	0.001	Positive
edge_3933	Sg_YA03_20	Sg_EA61_27	0.5453	0.5453	0.001	0.001	Positive
edge_3934	Sg_YA03_20	Sg_EB21_10	0.4948	0.4948	0.001	0.001	Positive
edge_3935	Sg_YA03_20	Sg_EM12_61	0.3778	0.3778	0.001	0.001	Positive
edge_3936	Sg_YA03_20	Sg_G43_29	-0.4449	0.4449	0.001	0.001	Negative
edge_3937	Sg_YA03_20	Sg_I12_6	0.4176	0.4176	0.001	0.001	Positive
edge_3938	Sg_YA03_20	Sg_K09_1	0.4372	0.4372	0.001	0.001	Positive
edge_3939	Sg_YA03_20	Sg_K15_44	0.4307	0.4307	0.001	0.001	Positive
edge_3940	Sg_YA03_20	Sg_K31_45	0.5215	0.5215	0.001	0.001	Positive
edge_3941	Sg_YA03_20	Sg_M07_4	-0.4515	0.4515	0.001	0.001	Negative
edge_3942	Sg_YA03_20	Sg_M17_33	-0.4718	0.4718	0.001	0.001	Negative
edge_3943	Sg_YA03_20	Sg_OB03r2_1	0.4986	0.4986	0.001	0.001	Positive
edge_3944	Sg_YA03_20	Sg_OB05r2_8	0.3979	0.3979	0.001	0.001	Positive
edge_3945	Sg_YA03_20	Sg_OM21r1_55	-0.3406	0.3406	0.001	0.001	Negative
edge_3946	Sg_YA04_9	Gp_MJ1_12	0.555	0.555	0.001	0.001	Positive
edge_3947	Sg_YA04_9	Gp_MJ1_444	0.563	0.563	0.001	0.001	Positive
edge_3948	Sg_YA04_9	Gp_MJ4_197	0.4564	0.4564	0.001	0.001	Positive
edge_3949	Sg_YA04_9	Gp_meta27_511	-0.4158	0.4158	0.001	0.001	Negative
edge_3950	Sg_YA04_9	Sg_A11_10	0.4387	0.4387	0.001	0.001	Positive
edge_3951	Sg_YA04_9	Sg_A22_8	0.5444	0.5444	0.001	0.001	Positive
edge_3952	Sg_YA04_9	Sg_A27_31	0.5604	0.5604	0.001	0.001	Positive
edge_3953	Sg_YA04_9	Sg_B14_13	-0.401	0.401	0.001	0.001	Negative
edge_3954	Sg_YA04_9	Sg_CA9_20	0.514	0.514	0.001	0.001	Positive
edge_3955	Sg_YA04_9	Sg_CD30A_34	-0.4801	0.4801	0.001	0.001	Negative
edge_3956	Sg_YA04_9	Sg_CG50A_74	-0.401	0.401	0.001	0.001	Negative
edge_3957	Sg_YA04_9	Sg_CK05A_18	-0.4122	0.4122	0.001	0.001	Negative
edge_3958	Sg_YA04_9	Sg_CM21_15	-0.5607	0.5607	0.001	0.001	Negative
edge_3959	Sg_YA04_9	Sg_D10_17	-0.4267	0.4267	0.001	0.001	Negative
edge_3960	Sg_YA04_9	Sg_D18_45	0.4515	0.4515	0.001	0.001	Positive
edge_3961	Sg_YA04_9	Sg_E10_50	0.7047	0.7047	0.001	0.001	Positive
edge_3962	Sg_YA04_9	Sg_EA47_17	-0.4374	0.4374	0.001	0.001	Negative
edge_3963	Sg_YA04_9	Sg_EA47_9	0.4988	0.4988	0.001	0.001	Positive
edge_3964	Sg_YA04_9	Sg_EB03_22	0.385	0.385	0.001	0.001	Positive
edge_3965	Sg_YA04_9	Sg_EB09_7	-0.4087	0.4087	0.001	0.001	Negative
edge_3966	Sg_YA04_9	Sg_EM22_6	-0.4091	0.4091	0.001	0.001	Negative
edge_3967	Sg_YA04_9	Sg_G19_41	0.4535	0.4535	0.001	0.001	Positive
edge_3968	Sg_YA04_9	Sg_G22_16	-0.4148	0.4148	0.001	0.001	Negative
edge_3969	Sg_YA04_9	Sg_I09_29	-0.4217	0.4217	0.001	0.001	Negative
edge_3970	Sg_YA04_9	Sg_K09_61	-0.3911	0.3911	0.001	0.001	Negative
edge_3971	Sg_YA04_9	Sg_K15_44	0.5893	0.5893	0.001	0.001	Positive
edge_3972	Sg_YA04_9	Sg_K22_66	0.4975	0.4975	0.001	0.001	Positive
edge_3973	Sg_YA04_9	Sg_K36_16	0.5748	0.5748	0.001	0.001	Positive
edge_3974	Sg_YA04_9	Sg_K36_17	-0.4078	0.4078	0.001	0.001	Negative
edge_3975	Sg_YA04_9	Sg_K36_27	0.7526	0.7526	0.001	0.001	Positive
edge_3976	Sg_YA04_9	Sg_K36_29	0.6502	0.6502	0.001	0.001	Positive
edge_3977	Sg_YA04_9	Sg_M02_8	0.4718	0.4718	0.001	0.001	Positive
edge_3978	Sg_YA04_9	Sg_M12_39	-0.4188	0.4188	0.001	0.001	Negative
edge_3979	Sg_YA04_9	Sg_M12_6	0.5602	0.5602	0.001	0.001	Positive
edge_3980	Sg_YA04_9	Sg_M15_29	-0.4979	0.4979	0.001	0.001	Negative
edge_3981	Sg_YA04_9	Sg_OB03r2_39	0.5969	0.5969	0.001	0.001	Positive
edge_3982	Sg_YA04_9	Sg_OB05r2_38	0.6208	0.6208	0.001	0.001	Positive
edge_3983	Sg_YA04_9	Sg_P27_36	0.4231	0.4231	0.001	0.001	Positive
edge_3984	Sg_YA04_9	Sg_Y07_14	0.6875	0.6875	0.001	0.001	Positive
edge_3985	Sg_YA12_28	Gp_MJ1_12	0.5605	0.5605	0.001	0.001	Positive
edge_3986	Sg_YA12_28	Gp_MJ1_272	0.5831	0.5831	0.001	0.001	Positive
edge_3987	Sg_YA12_28	Gp_MJ1_444	0.6219	0.6219	0.001	0.001	Positive
edge_3988	Sg_YA12_28	Gp_MJ4_65	0.4368	0.4368	0.001	0.001	Positive
edge_3989	Sg_YA12_28	Gp_YAB_333	-0.6338	0.6338	0.001	0.001	Negative
edge_3990	Sg_YA12_28	Sg_A07_40	0.4834	0.4834	0.001	0.001	Positive
edge_3991	Sg_YA12_28	Sg_A11_10	0.4958	0.4958	0.001	0.001	Positive
edge_3992	Sg_YA12_28	Sg_A15_26	0.4418	0.4418	0.001	0.001	Positive
edge_3993	Sg_YA12_28	Sg_A17_17	0.868	0.868	0.001	0.001	Positive
edge_3994	Sg_YA12_28	Sg_A19_11	0.4101	0.4101	0.001	0.001	Positive
edge_3995	Sg_YA12_28	Sg_A19_12	0.6684	0.6684	0.001	0.001	Positive
edge_3996	Sg_YA12_28	Sg_A19_18	0.6786	0.6786	0.001	0.001	Positive
edge_3997	Sg_YA12_28	Sg_A19_51	0.6654	0.6654	0.001	0.001	Positive
edge_3998	Sg_YA12_28	Sg_A20_2	-0.6454	0.6454	0.001	0.001	Negative
edge_3999	Sg_YA12_28	Sg_A20_35	-0.5496	0.5496	0.001	0.001	Negative
edge_4000	Sg_YA12_28	Sg_A22_19	0.5863	0.5863	0.001	0.001	Positive
edge_4001	Sg_YA12_28	Sg_A22_3	0.6244	0.6244	0.001	0.001	Positive
edge_4002	Sg_YA12_28	Sg_A22_8	0.6102	0.6102	0.001	0.001	Positive
edge_4003	Sg_YA12_28	Sg_A27_23	-0.6228	0.6228	0.001	0.001	Negative
edge_4004	Sg_YA12_28	Sg_A27_31	0.3702	0.3702	0.001	0.001	Positive
edge_4005	Sg_YA12_28	Sg_A28_8	-0.4761	0.4761	0.001	0.001	Negative
edge_4006	Sg_YA12_28	Sg_B03_29	-0.6653	0.6653	0.001	0.001	Negative
edge_4007	Sg_YA12_28	Sg_B07_12	-0.4935	0.4935	0.001	0.001	Negative
edge_4008	Sg_YA12_28	Sg_B15_35	0.6351	0.6351	0.001	0.001	Positive
edge_4009	Sg_YA12_28	Sg_B15_52	0.6498	0.6498	0.001	0.001	Positive
edge_4010	Sg_YA12_28	Sg_B25_10	0.4559	0.4559	0.001	0.001	Positive
edge_4011	Sg_YA12_28	Sg_C04_33	-0.5617	0.5617	0.001	0.001	Negative
edge_4012	Sg_YA12_28	Sg_CA11_52	0.5513	0.5513	0.001	0.001	Positive
edge_4013	Sg_YA12_28	Sg_CA40A_55	-0.4011	0.4011	0.001	0.001	Negative
edge_4014	Sg_YA12_28	Sg_CA9_20	0.5606	0.5606	0.001	0.001	Positive
edge_4015	Sg_YA12_28	Sg_CD23A_20	0.7741	0.7741	0.001	0.001	Positive
edge_4016	Sg_YA12_28	Sg_CD25A_53	-0.6384	0.6384	0.001	0.001	Negative
edge_4017	Sg_YA12_28	Sg_CD26A_19	-0.4683	0.4683	0.001	0.001	Negative
edge_4018	Sg_YA12_28	Sg_CD27A_46	0.5314	0.5314	0.001	0.001	Positive
edge_4019	Sg_YA12_28	Sg_CE19A_36	0.7913	0.7913	0.001	0.001	Positive
edge_4020	Sg_YA12_28	Sg_CG50A_49	-0.6155	0.6155	0.001	0.001	Negative
edge_4021	Sg_YA12_28	Sg_CM17_16	-0.5192	0.5192	0.001	0.001	Negative
edge_4022	Sg_YA12_28	Sg_CM17_7	-0.478	0.478	0.001	0.001	Negative
edge_4023	Sg_YA12_28	Sg_CM29A_16	-0.4251	0.4251	0.001	0.001	Negative
edge_4024	Sg_YA12_28	Sg_CM31A_43	0.5648	0.5648	0.001	0.001	Positive
edge_4025	Sg_YA12_28	Sg_CM32A_49	0.4955	0.4955	0.001	0.001	Positive
edge_4026	Sg_YA12_28	Sg_CM33A_60	-0.469	0.469	0.001	0.001	Negative
edge_4027	Sg_YA12_28	Sg_CM33A_9	0.6947	0.6947	0.001	0.001	Positive
edge_4028	Sg_YA12_28	Sg_D02_32	0.8419	0.8419	0.001	0.001	Positive
edge_4029	Sg_YA12_28	Sg_D03_75	0.4076	0.4076	0.001	0.001	Positive
edge_4030	Sg_YA12_28	Sg_E04_12	0.7834	0.7834	0.001	0.001	Positive
edge_4031	Sg_YA12_28	Sg_E10_50	0.5575	0.5575	0.001	0.001	Positive
edge_4032	Sg_YA12_28	Sg_EA57_9	0.6181	0.6181	0.001	0.001	Positive
edge_4033	Sg_YA12_28	Sg_EM03_7	-0.4462	0.4462	0.001	0.001	Negative
edge_4034	Sg_YA12_28	Sg_EM12_61	0.4644	0.4644	0.001	0.001	Positive
edge_4035	Sg_YA12_28	Sg_EM25_40	0.4065	0.4065	0.001	0.001	Positive
edge_4036	Sg_YA12_28	Sg_G26_10	-0.5295	0.5295	0.001	0.001	Negative
edge_4037	Sg_YA12_28	Sg_G26_28	0.5452	0.5452	0.001	0.001	Positive
edge_4038	Sg_YA12_28	Sg_G39_28	-0.4223	0.4223	0.001	0.001	Negative
edge_4039	Sg_YA12_28	Sg_G43_29	-0.4737	0.4737	0.001	0.001	Negative
edge_4040	Sg_YA12_28	Sg_I01_33	-0.3891	0.3891	0.001	0.001	Negative
edge_4041	Sg_YA12_28	Sg_I05_27	-0.5295	0.5295	0.001	0.001	Negative
edge_4042	Sg_YA12_28	Sg_I06_25	0.7345	0.7345	0.001	0.001	Positive
edge_4043	Sg_YA12_28	Sg_I12_32	0.7765	0.7765	0.001	0.001	Positive
edge_4044	Sg_YA12_28	Sg_I12_44	-0.5552	0.5552	0.001	0.001	Negative
edge_4045	Sg_YA12_28	Sg_K09_1	0.7112	0.7112	0.001	0.001	Positive
edge_4046	Sg_YA12_28	Sg_K10_28	-0.4421	0.4421	0.001	0.001	Negative
edge_4047	Sg_YA12_28	Sg_K15_44	0.6762	0.6762	0.001	0.001	Positive
edge_4048	Sg_YA12_28	Sg_K17_22	-0.4624	0.4624	0.001	0.001	Negative
edge_4049	Sg_YA12_28	Sg_K22_8	0.7339	0.7339	0.001	0.001	Positive
edge_4050	Sg_YA12_28	Sg_K36_16	0.5463	0.5463	0.001	0.001	Positive
edge_4051	Sg_YA12_28	Sg_K36_29	0.6149	0.6149	0.001	0.001	Positive
edge_4052	Sg_YA12_28	Sg_K36_6	0.6728	0.6728	0.001	0.001	Positive
edge_4053	Sg_YA12_28	Sg_M01_13	-0.4615	0.4615	0.001	0.001	Negative
edge_4054	Sg_YA12_28	Sg_M07_4	-0.5277	0.5277	0.001	0.001	Negative
edge_4055	Sg_YA12_28	Sg_M11_7	0.532	0.532	0.001	0.001	Positive
edge_4056	Sg_YA12_28	Sg_M15_10	-0.5027	0.5027	0.001	0.001	Negative
edge_4057	Sg_YA12_28	Sg_M17_33	-0.5282	0.5282	0.001	0.001	Negative
edge_4058	Sg_YA12_28	Sg_OA11r1_12	-0.5969	0.5969	0.001	0.001	Negative
edge_4059	Sg_YA12_28	Sg_OA7r2_38	0.5849	0.5849	0.001	0.001	Positive
edge_4060	Sg_YA12_28	Sg_OA7r2_4	-0.4768	0.4768	0.001	0.001	Negative
edge_4061	Sg_YA12_28	Sg_OB03r2_39	0.7506	0.7506	0.001	0.001	Positive
edge_4062	Sg_YA12_28	Sg_OB05r2_32	0.6199	0.6199	0.001	0.001	Positive
edge_4063	Sg_YA12_28	Sg_OB24r1_18	0.409	0.409	0.001	0.001	Positive
edge_4064	Sg_YA12_28	Sg_OM21r1_55	-0.4944	0.4944	0.001	0.001	Negative
edge_4065	Sg_YA12_28	Sg_P15_12	0.5735	0.5735	0.001	0.001	Positive
edge_4066	Sg_YA12_28	Sg_P30_9	0.698	0.698	0.001	0.001	Positive
edge_4067	Sg_YA12_28	Sg_X05_3	-0.4744	0.4744	0.001	0.001	Negative
edge_4068	Sg_YA12_28	Sg_YA03_20	0.4969	0.4969	0.001	0.001	Positive
edge_4069	Sg_YA12_4	Gp_MJ3_423	0.5804	0.5804	0.001	0.001	Positive
edge_4070	Sg_YA12_4	Sg_B14_1	0.5359	0.5359	0.001	0.001	Positive
edge_4071	Sg_YA12_4	Sg_CK05A_46	-0.3801	0.3801	0.001	0.001	Negative
edge_4072	Sg_YA12_4	Sg_K16_50	0.5164	0.5164	0.001	0.001	Positive
edge_4073	Sg_YA13_10	Gp_MJ1_12	0.4122	0.4122	0.001	0.001	Positive
edge_4074	Sg_YA13_10	Gp_MJ4_197	0.4145	0.4145	0.001	0.001	Positive
edge_4075	Sg_YA13_10	Gp_YAB_333	-0.4527	0.4527	0.001	0.001	Negative
edge_4076	Sg_YA13_10	Sg_A19_18	0.5408	0.5408	0.001	0.001	Positive
edge_4077	Sg_YA13_10	Sg_A27_23	-0.4742	0.4742	0.001	0.001	Negative
edge_4078	Sg_YA13_10	Sg_B04_2	0.4216	0.4216	0.001	0.001	Positive
edge_4079	Sg_YA13_10	Sg_CA11_45	0.847	0.847	0.001	0.001	Positive
edge_4080	Sg_YA13_10	Sg_CD22A_27	0.552	0.552	0.001	0.001	Positive
edge_4081	Sg_YA13_10	Sg_CD23A_20	0.4786	0.4786	0.001	0.001	Positive
edge_4082	Sg_YA13_10	Sg_CD27A_46	0.4229	0.4229	0.001	0.001	Positive
edge_4083	Sg_YA13_10	Sg_CG50A_22	0.4166	0.4166	0.001	0.001	Positive
edge_4084	Sg_YA13_10	Sg_CG50A_49	-0.5224	0.5224	0.001	0.001	Negative
edge_4085	Sg_YA13_10	Sg_CM17_16	-0.4905	0.4905	0.001	0.001	Negative
edge_4086	Sg_YA13_10	Sg_CM33A_9	0.5473	0.5473	0.001	0.001	Positive
edge_4087	Sg_YA13_10	Sg_D02_32	0.4546	0.4546	0.001	0.001	Positive
edge_4088	Sg_YA13_10	Sg_D03_75	0.4583	0.4583	0.001	0.001	Positive
edge_4089	Sg_YA13_10	Sg_E10_50	0.4116	0.4116	0.001	0.001	Positive
edge_4090	Sg_YA13_10	Sg_EM12_61	0.374	0.374	0.001	0.001	Positive
edge_4091	Sg_YA13_10	Sg_G26_28	0.4368	0.4368	0.001	0.001	Positive
edge_4092	Sg_YA13_10	Sg_I06_25	0.4645	0.4645	0.001	0.001	Positive
edge_4093	Sg_YA13_10	Sg_K15_44	0.5566	0.5566	0.001	0.001	Positive
edge_4094	Sg_YA13_10	Sg_K36_16	0.5314	0.5314	0.001	0.001	Positive
edge_4095	Sg_YA13_10	Sg_M03_38	-0.4669	0.4669	0.001	0.001	Negative
edge_4096	Sg_YA13_10	Sg_OA11r1_12	-0.5157	0.5157	0.001	0.001	Negative
edge_4097	Sg_YA13_10	Sg_OA7r2_4	-0.4411	0.4411	0.001	0.001	Negative
edge_4098	Sg_YA13_10	Sg_OB03r2_39	0.5164	0.5164	0.001	0.001	Positive
edge_4099	Sg_YA31_31	Gp_YAB_333	0.6195	0.6195	0.001	0.001	Positive
edge_4100	Sg_YA31_31	Sg_A17_17	-0.4435	0.4435	0.001	0.001	Negative
edge_4101	Sg_YA31_31	Sg_A19_12	-0.5085	0.5085	0.001	0.001	Negative
edge_4102	Sg_YA31_31	Sg_A19_51	-0.4646	0.4646	0.001	0.001	Negative
edge_4103	Sg_YA31_31	Sg_A20_2	0.4315	0.4315	0.001	0.001	Positive
edge_4104	Sg_YA31_31	Sg_A20_35	0.5841	0.5841	0.001	0.001	Positive
edge_4105	Sg_YA31_31	Sg_A27_23	0.6633	0.6633	0.001	0.001	Positive
edge_4106	Sg_YA31_31	Sg_A28_8	0.8809	0.8809	0.001	0.001	Positive
edge_4107	Sg_YA31_31	Sg_A37_36	-0.4477	0.4477	0.001	0.001	Negative
edge_4108	Sg_YA31_31	Sg_B07_38	-0.4676	0.4676	0.001	0.001	Negative
edge_4109	Sg_YA31_31	Sg_B15_52	-0.5093	0.5093	0.001	0.001	Negative
edge_4110	Sg_YA31_31	Sg_CD25A_53	0.53	0.53	0.001	0.001	Positive
edge_4111	Sg_YA31_31	Sg_CE19A_36	-0.5961	0.5961	0.001	0.001	Negative
edge_4112	Sg_YA31_31	Sg_CG50A_49	0.7156	0.7156	0.001	0.001	Positive
edge_4113	Sg_YA31_31	Sg_CM17_16	0.8423	0.8423	0.001	0.001	Positive
edge_4114	Sg_YA31_31	Sg_CM33A_9	-0.4576	0.4576	0.001	0.001	Negative
edge_4115	Sg_YA31_31	Sg_D02_32	-0.5698	0.5698	0.001	0.001	Negative
edge_4116	Sg_YA31_31	Sg_EM03_4	0.4082	0.4082	0.001	0.001	Positive
edge_4117	Sg_YA31_31	Sg_EM12_61	-0.4666	0.4666	0.001	0.001	Negative
edge_4118	Sg_YA31_31	Sg_EM30_38	0.5858	0.5858	0.001	0.001	Positive
edge_4119	Sg_YA31_31	Sg_G06_9	-0.392	0.392	0.001	0.001	Negative
edge_4120	Sg_YA31_31	Sg_G26_28	-0.4507	0.4507	0.001	0.001	Negative
edge_4121	Sg_YA31_31	Sg_H04_45	0.4501	0.4501	0.001	0.001	Positive
edge_4122	Sg_YA31_31	Sg_I12_32	-0.5395	0.5395	0.001	0.001	Negative
edge_4123	Sg_YA31_31	Sg_K09_1	-0.4219	0.4219	0.001	0.001	Negative
edge_4124	Sg_YA31_31	Sg_K10_28	0.8542	0.8542	0.001	0.001	Positive
edge_4125	Sg_YA31_31	Sg_K22_8	-0.436	0.436	0.001	0.001	Negative
edge_4126	Sg_YA31_31	Sg_K36_6	-0.6173	0.6173	0.001	0.001	Negative
edge_4127	Sg_YA31_31	Sg_M03_38	0.5723	0.5723	0.001	0.001	Positive
edge_4128	Sg_YA31_31	Sg_OA11r1_12	0.7839	0.7839	0.001	0.001	Positive
edge_4129	Sg_YA31_31	Sg_OA7r2_38	-0.4003	0.4003	0.001	0.001	Negative
edge_4130	Sg_YA31_31	Sg_OA7r2_4	0.4689	0.4689	0.001	0.001	Positive
edge_4131	Sg_YA31_31	Sg_OB05r2_32	-0.5289	0.5289	0.001	0.001	Negative
edge_4132	Sg_YA31_31	Sg_OG24B2A_25	0.3503	0.3503	0.001	0.001	Positive
edge_4133	Sg_YA31_31	Sg_P30_9	-0.4224	0.4224	0.001	0.001	Negative
edge_4134	Sg_YA31_31	Sg_X05_3	0.8264	0.8264	0.001	0.001	Positive
edge_4135	Sg_YA31_31	Sg_YA12_28	-0.4459	0.4459	0.001	0.001	Negative
edge_4136	Sg_YB34_1	Sg_A27_31	0.5182	0.5182	0.001	0.001	Positive
edge_4137	Sg_YB34_1	Sg_CA11_52	0.3896	0.3896	0.001	0.001	Positive
edge_4138	Sg_YB34_1	Sg_CD23A_32	-0.3761	0.3761	0.001	0.001	Negative
edge_4139	Sg_YB34_1	Sg_D02_9	0.4297	0.4297	0.001	0.001	Positive
edge_4140	Sg_YB34_1	Sg_E10_50	0.4162	0.4162	0.001	0.001	Positive
edge_4141	Sg_YB34_1	Sg_K16_53	0.4285	0.4285	0.001	0.001	Positive
edge_4142	Sg_YB34_1	Sg_K22_66	0.4452	0.4452	0.001	0.001	Positive
edge_4143	Sg_YB34_1	Sg_K36_27	0.4228	0.4228	0.001	0.001	Positive
edge_4144	Sg_YB34_1	Sg_M12_6	0.4344	0.4344	0.001	0.001	Positive
edge_4145	Sg_YB34_1	Sg_OB03r2_39	0.3753	0.3753	0.001	0.001	Positive
edge_4146	Sg_YB35_19	Gp_MJ1_12	0.6229	0.6229	0.001	0.001	Positive
edge_4147	Sg_YB35_19	Gp_MJ1_444	0.6889	0.6889	0.001	0.001	Positive
edge_4148	Sg_YB35_19	Gp_MJ4_197	0.5052	0.5052	0.001	0.001	Positive
edge_4149	Sg_YB35_19	Gp_YAB_333	-0.4347	0.4347	0.001	0.001	Negative
edge_4150	Sg_YB35_19	Sg_A07_40	0.5145	0.5145	0.001	0.001	Positive
edge_4151	Sg_YB35_19	Sg_A11_10	0.4855	0.4855	0.001	0.001	Positive
edge_4152	Sg_YB35_19	Sg_A19_18	0.4861	0.4861	0.001	0.001	Positive
edge_4153	Sg_YB35_19	Sg_A20_2	-0.4975	0.4975	0.001	0.001	Negative
edge_4154	Sg_YB35_19	Sg_A22_8	0.6319	0.6319	0.001	0.001	Positive
edge_4155	Sg_YB35_19	Sg_A27_23	-0.3828	0.3828	0.001	0.001	Negative
edge_4156	Sg_YB35_19	Sg_A27_31	0.6016	0.6016	0.001	0.001	Positive
edge_4157	Sg_YB35_19	Sg_B07_12	-0.4715	0.4715	0.001	0.001	Negative
edge_4158	Sg_YB35_19	Sg_B14_13	-0.5068	0.5068	0.001	0.001	Negative
edge_4159	Sg_YB35_19	Sg_B15_22	0.3864	0.3864	0.001	0.001	Positive
edge_4160	Sg_YB35_19	Sg_CA11_52	0.5005	0.5005	0.001	0.001	Positive
edge_4161	Sg_YB35_19	Sg_CA9_20	0.5197	0.5197	0.001	0.001	Positive
edge_4162	Sg_YB35_19	Sg_CD22A_27	0.4043	0.4043	0.001	0.001	Positive
edge_4163	Sg_YB35_19	Sg_CD23A_20	0.5498	0.5498	0.001	0.001	Positive
edge_4164	Sg_YB35_19	Sg_CD25A_53	-0.4478	0.4478	0.001	0.001	Negative
edge_4165	Sg_YB35_19	Sg_CD26A_19	-0.5407	0.5407	0.001	0.001	Negative
edge_4166	Sg_YB35_19	Sg_CE19A_15	-0.4681	0.4681	0.001	0.001	Negative
edge_4167	Sg_YB35_19	Sg_CE19A_36	0.4096	0.4096	0.001	0.001	Positive
edge_4168	Sg_YB35_19	Sg_CG50A_49	-0.4033	0.4033	0.001	0.001	Negative
edge_4169	Sg_YB35_19	Sg_CK05A_18	-0.4596	0.4596	0.001	0.001	Negative
edge_4170	Sg_YB35_19	Sg_CM21_15	-0.552	0.552	0.001	0.001	Negative
edge_4171	Sg_YB35_19	Sg_CM31A_43	0.4672	0.4672	0.001	0.001	Positive
edge_4172	Sg_YB35_19	Sg_CM32A_49	0.449	0.449	0.001	0.001	Positive
edge_4173	Sg_YB35_19	Sg_CM33A_9	0.5134	0.5134	0.001	0.001	Positive
edge_4174	Sg_YB35_19	Sg_D02_32	0.5267	0.5267	0.001	0.001	Positive
edge_4175	Sg_YB35_19	Sg_D03_75	0.3893	0.3893	0.001	0.001	Positive
edge_4176	Sg_YB35_19	Sg_E10_50	0.6588	0.6588	0.001	0.001	Positive
edge_4177	Sg_YB35_19	Sg_EA47_9	0.4301	0.4301	0.001	0.001	Positive
edge_4178	Sg_YB35_19	Sg_EA57_9	0.4988	0.4988	0.001	0.001	Positive
edge_4179	Sg_YB35_19	Sg_EB13_4	-0.5091	0.5091	0.001	0.001	Negative
edge_4180	Sg_YB35_19	Sg_EM03_7	-0.4566	0.4566	0.001	0.001	Negative
edge_4181	Sg_YB35_19	Sg_EM12_46	-0.4833	0.4833	0.001	0.001	Negative
edge_4182	Sg_YB35_19	Sg_G19_41	0.6564	0.6564	0.001	0.001	Positive
edge_4183	Sg_YB35_19	Sg_G39_28	-0.4073	0.4073	0.001	0.001	Negative
edge_4184	Sg_YB35_19	Sg_G43_29	-0.4619	0.4619	0.001	0.001	Negative
edge_4185	Sg_YB35_19	Sg_I06_25	0.4451	0.4451	0.001	0.001	Positive
edge_4186	Sg_YB35_19	Sg_I12_32	0.507	0.507	0.001	0.001	Positive
edge_4187	Sg_YB35_19	Sg_I12_44	-0.5793	0.5793	0.001	0.001	Negative
edge_4188	Sg_YB35_19	Sg_K15_44	0.7283	0.7283	0.001	0.001	Positive
edge_4189	Sg_YB35_19	Sg_K17_22	-0.4608	0.4608	0.001	0.001	Negative
edge_4190	Sg_YB35_19	Sg_K22_66	0.5127	0.5127	0.001	0.001	Positive
edge_4191	Sg_YB35_19	Sg_K22_8	0.6054	0.6054	0.001	0.001	Positive
edge_4192	Sg_YB35_19	Sg_K36_16	0.6578	0.6578	0.001	0.001	Positive
edge_4193	Sg_YB35_19	Sg_K36_27	0.6128	0.6128	0.001	0.001	Positive
edge_4194	Sg_YB35_19	Sg_K36_29	0.7341	0.7341	0.001	0.001	Positive
edge_4195	Sg_YB35_19	Sg_M02_5	0.453	0.453	0.001	0.001	Positive
edge_4196	Sg_YB35_19	Sg_M02_8	0.4254	0.4254	0.001	0.001	Positive
edge_4197	Sg_YB35_19	Sg_M07_4	-0.4667	0.4667	0.001	0.001	Negative
edge_4198	Sg_YB35_19	Sg_M12_6	0.5102	0.5102	0.001	0.001	Positive
edge_4199	Sg_YB35_19	Sg_M15_29	-0.4456	0.4456	0.001	0.001	Negative
edge_4200	Sg_YB35_19	Sg_M21_45	0.4684	0.4684	0.001	0.001	Positive
edge_4201	Sg_YB35_19	Sg_OA11r1_12	-0.3594	0.3594	0.001	0.001	Negative
edge_4202	Sg_YB35_19	Sg_OA11r1_9	0.4096	0.4096	0.001	0.001	Positive
edge_4203	Sg_YB35_19	Sg_OA7r2_4	-0.4375	0.4375	0.001	0.001	Negative
edge_4204	Sg_YB35_19	Sg_OB03r2_39	0.7122	0.7122	0.001	0.001	Positive
edge_4205	Sg_YB35_19	Sg_OB05r2_38	0.5262	0.5262	0.001	0.001	Positive
edge_4206	Sg_YB35_19	Sg_OG24B2A_8	-0.4932	0.4932	0.001	0.001	Negative
edge_4207	Sg_YB35_19	Sg_P27_4	-0.5194	0.5194	0.001	0.001	Negative
edge_4208	Sg_YB35_19	Sg_P30_9	0.4776	0.4776	0.001	0.001	Positive
edge_4209	Sg_YB35_19	Sg_Y07_14	0.5201	0.5201	0.001	0.001	Positive
edge_4210	Sg_YB35_19	Sg_YA04_9	0.6514	0.6514	0.001	0.001	Positive
edge_4211	Sg_YB35_19	Sg_YA12_28	0.5042	0.5042	0.001	0.001	Positive
edge_4212	Sg_YB35_19	Sg_YA13_10	0.4258	0.4258	0.001	0.001	Positive
edge_4213	Sg_YB35_41	Sg_OA7r2_37	0.4915	0.4915	0.001	0.001	Positive
edge_4214	Sg_YB35_7	Sg_B07_53	-0.3791	0.3791	0.001	0.001	Negative
edge_4215	Sg_YB35_7	Sg_B19_40	0.7835	0.7835	0.001	0.001	Positive
edge_4216	Sg_YB35_7	Sg_CA11_3	0.4118	0.4118	0.001	0.001	Positive
edge_4217	Sg_YB35_7	Sg_CB03_47	0.5935	0.5935	0.001	0.001	Positive
edge_4218	Sg_YB35_7	Sg_E06_24	0.8175	0.8175	0.001	0.001	Positive
edge_4219	Sg_YB35_7	Sg_EA61_27	0.8572	0.8572	0.001	0.001	Positive
edge_4220	Sg_YB35_7	Sg_EB10_11	0.75	0.75	0.001	0.001	Positive
edge_4221	Sg_YB35_7	Sg_EB21_10	0.7957	0.7957	0.001	0.001	Positive
edge_4222	Sg_YB35_7	Sg_G29_33	0.5778	0.5778	0.001	0.001	Positive
edge_4223	Sg_YB35_7	Sg_I12_6	0.7158	0.7158	0.001	0.001	Positive
edge_4224	Sg_YB35_7	Sg_K01_5	0.7473	0.7473	0.001	0.001	Positive
edge_4225	Sg_YB35_7	Sg_M02_37	0.7995	0.7995	0.001	0.001	Positive
edge_4226	Sg_YB35_7	Sg_M08_36	0.4471	0.4471	0.001	0.001	Positive
edge_4227	Sg_YB35_7	Sg_OB05r2_8	0.6811	0.6811	0.001	0.001	Positive
edge_4228	Sg_YB35_7	Sg_P23_1	0.8186	0.8186	0.001	0.001	Positive
edge_4229	Sg_YB35_7	Sg_YA03_20	0.4983	0.4983	0.001	0.001	Positive
edge_4230	Sg_YB36_42	Gp_MJ1_12	0.7047	0.7047	0.001	0.001	Positive
edge_4231	Sg_YB36_42	Gp_MJ1_272	0.5748	0.5748	0.001	0.001	Positive
edge_4232	Sg_YB36_42	Gp_MJ1_444	0.7091	0.7091	0.001	0.001	Positive
edge_4233	Sg_YB36_42	Gp_MJ4_65	0.4578	0.4578	0.001	0.001	Positive
edge_4234	Sg_YB36_42	Gp_YAB_333	-0.5914	0.5914	0.001	0.001	Negative
edge_4235	Sg_YB36_42	Sg_A07_40	0.4994	0.4994	0.001	0.001	Positive
edge_4236	Sg_YB36_42	Sg_A11_10	0.6192	0.6192	0.001	0.001	Positive
edge_4237	Sg_YB36_42	Sg_A17_17	0.5891	0.5891	0.001	0.001	Positive
edge_4238	Sg_YB36_42	Sg_A19_12	0.5432	0.5432	0.001	0.001	Positive
edge_4239	Sg_YB36_42	Sg_A19_18	0.7147	0.7147	0.001	0.001	Positive
edge_4240	Sg_YB36_42	Sg_A19_51	0.6158	0.6158	0.001	0.001	Positive
edge_4241	Sg_YB36_42	Sg_A20_2	-0.6131	0.6131	0.001	0.001	Negative
edge_4242	Sg_YB36_42	Sg_A20_35	-0.4387	0.4387	0.001	0.001	Negative
edge_4243	Sg_YB36_42	Sg_A22_19	0.4456	0.4456	0.001	0.001	Positive
edge_4244	Sg_YB36_42	Sg_A22_3	0.476	0.476	0.001	0.001	Positive
edge_4245	Sg_YB36_42	Sg_A22_8	0.7786	0.7786	0.001	0.001	Positive
edge_4246	Sg_YB36_42	Sg_A27_23	-0.5515	0.5515	0.001	0.001	Negative
edge_4247	Sg_YB36_42	Sg_A27_31	0.552	0.552	0.001	0.001	Positive
edge_4248	Sg_YB36_42	Sg_A28_8	-0.4365	0.4365	0.001	0.001	Negative
edge_4249	Sg_YB36_42	Sg_B03_29	-0.551	0.551	0.001	0.001	Negative
edge_4250	Sg_YB36_42	Sg_B07_12	-0.5343	0.5343	0.001	0.001	Negative
edge_4251	Sg_YB36_42	Sg_B15_35	0.5772	0.5772	0.001	0.001	Positive
edge_4252	Sg_YB36_42	Sg_B15_52	0.4902	0.4902	0.001	0.001	Positive
edge_4253	Sg_YB36_42	Sg_B25_10	0.4372	0.4372	0.001	0.001	Positive
edge_4254	Sg_YB36_42	Sg_C04_33	-0.4453	0.4453	0.001	0.001	Negative
edge_4255	Sg_YB36_42	Sg_CA11_52	0.5353	0.5353	0.001	0.001	Positive
edge_4256	Sg_YB36_42	Sg_CA9_20	0.6083	0.6083	0.001	0.001	Positive
edge_4257	Sg_YB36_42	Sg_CD22A_27	0.5341	0.5341	0.001	0.001	Positive
edge_4258	Sg_YB36_42	Sg_CD23A_20	0.8609	0.8609	0.001	0.001	Positive
edge_4259	Sg_YB36_42	Sg_CD25A_53	-0.6283	0.6283	0.001	0.001	Negative
edge_4260	Sg_YB36_42	Sg_CD26A_19	-0.4943	0.4943	0.001	0.001	Negative
edge_4261	Sg_YB36_42	Sg_CD27A_46	0.512	0.512	0.001	0.001	Positive
edge_4262	Sg_YB36_42	Sg_CE19A_15	-0.4137	0.4137	0.001	0.001	Negative
edge_4263	Sg_YB36_42	Sg_CE19A_29	-0.4762	0.4762	0.001	0.001	Negative
edge_4264	Sg_YB36_42	Sg_CE19A_36	0.6859	0.6859	0.001	0.001	Positive
edge_4265	Sg_YB36_42	Sg_CG50A_49	-0.5644	0.5644	0.001	0.001	Negative
edge_4266	Sg_YB36_42	Sg_CM17_16	-0.5586	0.5586	0.001	0.001	Negative
edge_4267	Sg_YB36_42	Sg_CM17_7	-0.4765	0.4765	0.001	0.001	Negative
edge_4268	Sg_YB36_42	Sg_CM31A_43	0.5462	0.5462	0.001	0.001	Positive
edge_4269	Sg_YB36_42	Sg_CM32A_49	0.4855	0.4855	0.001	0.001	Positive
edge_4270	Sg_YB36_42	Sg_CM33A_9	0.7074	0.7074	0.001	0.001	Positive
edge_4271	Sg_YB36_42	Sg_D02_32	0.7895	0.7895	0.001	0.001	Positive
edge_4272	Sg_YB36_42	Sg_D03_75	0.5303	0.5303	0.001	0.001	Positive
edge_4273	Sg_YB36_42	Sg_D18_45	0.4556	0.4556	0.001	0.001	Positive
edge_4274	Sg_YB36_42	Sg_E04_12	0.651	0.651	0.001	0.001	Positive
edge_4275	Sg_YB36_42	Sg_E10_50	0.6794	0.6794	0.001	0.001	Positive
edge_4276	Sg_YB36_42	Sg_EA47_9	0.414	0.414	0.001	0.001	Positive
edge_4277	Sg_YB36_42	Sg_EA57_9	0.5561	0.5561	0.001	0.001	Positive
edge_4278	Sg_YB36_42	Sg_EM03_7	-0.4781	0.4781	0.001	0.001	Negative
edge_4279	Sg_YB36_42	Sg_EM12_46	-0.5106	0.5106	0.001	0.001	Negative
edge_4280	Sg_YB36_42	Sg_EM12_61	0.5241	0.5241	0.001	0.001	Positive
edge_4281	Sg_YB36_42	Sg_G26_28	0.5925	0.5925	0.001	0.001	Positive
edge_4282	Sg_YB36_42	Sg_G43_29	-0.5597	0.5597	0.001	0.001	Negative
edge_4283	Sg_YB36_42	Sg_I01_33	-0.3925	0.3925	0.001	0.001	Negative
edge_4284	Sg_YB36_42	Sg_I05_27	-0.5612	0.5612	0.001	0.001	Negative
edge_4285	Sg_YB36_42	Sg_I06_25	0.7739	0.7739	0.001	0.001	Positive
edge_4286	Sg_YB36_42	Sg_I12_32	0.6844	0.6844	0.001	0.001	Positive
edge_4287	Sg_YB36_42	Sg_I12_44	-0.5259	0.5259	0.001	0.001	Negative
edge_4288	Sg_YB36_42	Sg_K09_1	0.7065	0.7065	0.001	0.001	Positive
edge_4289	Sg_YB36_42	Sg_K15_44	0.9473	0.9473	0.001	0.001	Positive
edge_4290	Sg_YB36_42	Sg_K17_22	-0.4966	0.4966	0.001	0.001	Negative
edge_4291	Sg_YB36_42	Sg_K22_66	0.49	0.49	0.001	0.001	Positive
edge_4292	Sg_YB36_42	Sg_K22_8	0.7722	0.7722	0.001	0.001	Positive
edge_4293	Sg_YB36_42	Sg_K36_16	0.9092	0.9092	0.001	0.001	Positive
edge_4294	Sg_YB36_42	Sg_K36_27	0.5491	0.5491	0.001	0.001	Positive
edge_4295	Sg_YB36_42	Sg_K36_29	0.7884	0.7884	0.001	0.001	Positive
edge_4296	Sg_YB36_42	Sg_K36_6	0.5897	0.5897	0.001	0.001	Positive
edge_4297	Sg_YB36_42	Sg_M01_13	-0.418	0.418	0.001	0.001	Negative
edge_4298	Sg_YB36_42	Sg_M02_5	0.4402	0.4402	0.001	0.001	Positive
edge_4299	Sg_YB36_42	Sg_M03_38	-0.4335	0.4335	0.001	0.001	Negative
edge_4300	Sg_YB36_42	Sg_M07_4	-0.6397	0.6397	0.001	0.001	Negative
edge_4301	Sg_YB36_42	Sg_M12_6	0.4758	0.4758	0.001	0.001	Positive
edge_4302	Sg_YB36_42	Sg_M17_33	-0.466	0.466	0.001	0.001	Negative
edge_4303	Sg_YB36_42	Sg_M21_45	0.4466	0.4466	0.001	0.001	Positive
edge_4304	Sg_YB36_42	Sg_OA11r1_12	-0.5072	0.5072	0.001	0.001	Negative
edge_4305	Sg_YB36_42	Sg_OA7r2_38	0.5196	0.5196	0.001	0.001	Positive
edge_4306	Sg_YB36_42	Sg_OA7r2_4	-0.5531	0.5531	0.001	0.001	Negative
edge_4307	Sg_YB36_42	Sg_OB03r2_39	0.9077	0.9077	0.001	0.001	Positive
edge_4308	Sg_YB36_42	Sg_OB05r2_32	0.5449	0.5449	0.001	0.001	Positive
edge_4309	Sg_YB36_42	Sg_OB24r1_18	0.3952	0.3952	0.001	0.001	Positive
edge_4310	Sg_YB36_42	Sg_OG24B2A_8	-0.4691	0.4691	0.001	0.001	Negative
edge_4311	Sg_YB36_42	Sg_OM21r1_55	-0.4998	0.4998	0.001	0.001	Negative
edge_4312	Sg_YB36_42	Sg_P15_12	0.444	0.444	0.001	0.001	Positive
edge_4313	Sg_YB36_42	Sg_P30_9	0.7492	0.7492	0.001	0.001	Positive
edge_4314	Sg_YB36_42	Sg_X05_3	-0.4859	0.4859	0.001	0.001	Negative
edge_4315	Sg_YB36_42	Sg_Y07_14	0.4138	0.4138	0.001	0.001	Positive
edge_4316	Sg_YB36_42	Sg_YA03_20	0.4397	0.4397	0.001	0.001	Positive
edge_4317	Sg_YB36_42	Sg_YA04_9	0.4962	0.4962	0.001	0.001	Positive
edge_4318	Sg_YB36_42	Sg_YA12_28	0.7768	0.7768	0.001	0.001	Positive
edge_4319	Sg_YB36_42	Sg_YA13_10	0.5786	0.5786	0.001	0.001	Positive
edge_4320	Sg_YB36_42	Sg_YA31_31	-0.4047	0.4047	0.001	0.001	Negative
edge_4321	Sg_YB36_42	Sg_YB35_19	0.6486	0.6486	0.001	0.001	Positive
edge_4322	Sg_YB37_28	Gp_MJ1_12	0.485	0.485	0.001	0.001	Positive
edge_4323	Sg_YB37_28	Gp_MJ1_444	0.5859	0.5859	0.001	0.001	Positive
edge_4324	Sg_YB37_28	Gp_MJ4_197	0.5613	0.5613	0.001	0.001	Positive
edge_4325	Sg_YB37_28	Gp_NH_148	0.4297	0.4297	0.001	0.001	Positive
edge_4326	Sg_YB37_28	Gp_meta27_16	0.357	0.357	0.001	0.001	Positive
edge_4327	Sg_YB37_28	Sg_A11_10	0.4174	0.4174	0.001	0.001	Positive
edge_4328	Sg_YB37_28	Sg_A22_3	0.4506	0.4506	0.001	0.001	Positive
edge_4329	Sg_YB37_28	Sg_A22_8	0.4759	0.4759	0.001	0.001	Positive
edge_4330	Sg_YB37_28	Sg_A27_31	0.4355	0.4355	0.001	0.001	Positive
edge_4331	Sg_YB37_28	Sg_B07_12	-0.4291	0.4291	0.001	0.001	Negative
edge_4332	Sg_YB37_28	Sg_CD23A_20	0.423	0.423	0.001	0.001	Positive
edge_4333	Sg_YB37_28	Sg_CM32A_49	0.6391	0.6391	0.001	0.001	Positive
edge_4334	Sg_YB37_28	Sg_D02_9	0.4643	0.4643	0.001	0.001	Positive
edge_4335	Sg_YB37_28	Sg_E10_50	0.5243	0.5243	0.001	0.001	Positive
edge_4336	Sg_YB37_28	Sg_EB03_22	0.4874	0.4874	0.001	0.001	Positive
edge_4337	Sg_YB37_28	Sg_EM12_46	-0.4345	0.4345	0.001	0.001	Negative
edge_4338	Sg_YB37_28	Sg_G19_41	0.4897	0.4897	0.001	0.001	Positive
edge_4339	Sg_YB37_28	Sg_K14_18	0.4588	0.4588	0.001	0.001	Positive
edge_4340	Sg_YB37_28	Sg_K15_44	0.6059	0.6059	0.001	0.001	Positive
edge_4341	Sg_YB37_28	Sg_K17_22	-0.4967	0.4967	0.001	0.001	Negative
edge_4342	Sg_YB37_28	Sg_K22_66	0.4924	0.4924	0.001	0.001	Positive
edge_4343	Sg_YB37_28	Sg_K36_16	0.5346	0.5346	0.001	0.001	Positive
edge_4344	Sg_YB37_28	Sg_K36_27	0.4995	0.4995	0.001	0.001	Positive
edge_4345	Sg_YB37_28	Sg_M02_5	0.5005	0.5005	0.001	0.001	Positive
edge_4346	Sg_YB37_28	Sg_M07_39	-0.4081	0.4081	0.001	0.001	Negative
edge_4347	Sg_YB37_28	Sg_M12_39	-0.4011	0.4011	0.001	0.001	Negative
edge_4348	Sg_YB37_28	Sg_M12_6	0.5283	0.5283	0.001	0.001	Positive
edge_4349	Sg_YB37_28	Sg_M15_29	-0.4993	0.4993	0.001	0.001	Negative
edge_4350	Sg_YB37_28	Sg_OA7r2_38	0.4722	0.4722	0.001	0.001	Positive
edge_4351	Sg_YB37_28	Sg_OB03r2_39	0.5613	0.5613	0.001	0.001	Positive
edge_4352	Sg_YB37_28	Sg_OB05r2_38	0.5163	0.5163	0.001	0.001	Positive
edge_4353	Sg_YB37_28	Sg_OG24B2A_8	-0.4394	0.4394	0.001	0.001	Negative
edge_4354	Sg_YB37_28	Sg_OM21r1_55	-0.3842	0.3842	0.001	0.001	Negative
edge_4355	Sg_YB37_28	Sg_Y07_14	0.4966	0.4966	0.001	0.001	Positive
edge_4356	Sg_YB37_28	Sg_YA04_9	0.5145	0.5145	0.001	0.001	Positive
edge_4357	Sg_YB37_28	Sg_YB35_19	0.4891	0.4891	0.001	0.001	Positive
edge_4358	Sg_YB37_28	Sg_YB36_42	0.4996	0.4996	0.001	0.001	Positive
edge_4359	Sg_YB37_7	Gp_MJ2_113	0.5011	0.5011	0.001	0.001	Positive
edge_4360	Sg_YB37_7	Gp_MJ3_477	0.5205	0.5205	0.001	0.001	Positive
edge_4361	Sg_YB37_7	Gp_YAB_339	0.5262	0.5262	0.001	0.001	Positive
edge_4362	Sg_YB37_7	Gp_meta27_511	0.6702	0.6702	0.001	0.001	Positive
edge_4363	Sg_YB37_7	Sg_A11_12	0.6697	0.6697	0.001	0.001	Positive
edge_4364	Sg_YB37_7	Sg_A11_2	0.4824	0.4824	0.001	0.001	Positive
edge_4365	Sg_YB37_7	Sg_B03_29	-0.3965	0.3965	0.001	0.001	Negative
edge_4366	Sg_YB37_7	Sg_B07_38	0.6118	0.6118	0.001	0.001	Positive
edge_4367	Sg_YB37_7	Sg_B15_52	0.465	0.465	0.001	0.001	Positive
edge_4368	Sg_YB37_7	Sg_B19_40	-0.4425	0.4425	0.001	0.001	Negative
edge_4369	Sg_YB37_7	Sg_B25_10	0.42	0.42	0.001	0.001	Positive
edge_4370	Sg_YB37_7	Sg_B25_38	0.6484	0.6484	0.001	0.001	Positive
edge_4371	Sg_YB37_7	Sg_B27_18	0.5276	0.5276	0.001	0.001	Positive
edge_4372	Sg_YB37_7	Sg_CE19A_36	0.4658	0.4658	0.001	0.001	Positive
edge_4373	Sg_YB37_7	Sg_CG50A_74	0.5881	0.5881	0.001	0.001	Positive
edge_4374	Sg_YB37_7	Sg_CM31A_52	0.7225	0.7225	0.001	0.001	Positive
edge_4375	Sg_YB37_7	Sg_CM32A_49	0.4777	0.4777	0.001	0.001	Positive
edge_4376	Sg_YB37_7	Sg_D09_14	0.7559	0.7559	0.001	0.001	Positive
edge_4377	Sg_YB37_7	Sg_EA61_27	-0.4631	0.4631	0.001	0.001	Negative
edge_4378	Sg_YB37_7	Sg_EB09_7	0.5688	0.5688	0.001	0.001	Positive
edge_4379	Sg_YB37_7	Sg_EM22_6	0.5573	0.5573	0.001	0.001	Positive
edge_4380	Sg_YB37_7	Sg_EM34_4	0.8025	0.8025	0.001	0.001	Positive
edge_4381	Sg_YB37_7	Sg_G06_49	0.4384	0.4384	0.001	0.001	Positive
edge_4382	Sg_YB37_7	Sg_G09_4	0.4406	0.4406	0.001	0.001	Positive
edge_4383	Sg_YB37_7	Sg_G18_19	0.682	0.682	0.001	0.001	Positive
edge_4384	Sg_YB37_7	Sg_G22_16	0.6395	0.6395	0.001	0.001	Positive
edge_4385	Sg_YB37_7	Sg_G33_7	-0.4448	0.4448	0.001	0.001	Negative
edge_4386	Sg_YB37_7	Sg_I07_11	0.7082	0.7082	0.001	0.001	Positive
edge_4387	Sg_YB37_7	Sg_I12_32	0.4694	0.4694	0.001	0.001	Positive
edge_4388	Sg_YB37_7	Sg_K09_61	0.5655	0.5655	0.001	0.001	Positive
edge_4389	Sg_YB37_7	Sg_K32_30	0.6613	0.6613	0.001	0.001	Positive
edge_4390	Sg_YB37_7	Sg_K36_17	0.4596	0.4596	0.001	0.001	Positive
edge_4391	Sg_YB37_7	Sg_K36_6	0.4932	0.4932	0.001	0.001	Positive
edge_4392	Sg_YB37_7	Sg_K40_38	-0.4329	0.4329	0.001	0.001	Negative
edge_4393	Sg_YB37_7	Sg_M01_13	-0.458	0.458	0.001	0.001	Negative
edge_4394	Sg_YB37_7	Sg_M02_37	-0.4802	0.4802	0.001	0.001	Negative
edge_4395	Sg_YB37_7	Sg_M11_5	0.6824	0.6824	0.001	0.001	Positive
edge_4396	Sg_YB37_7	Sg_OA7r2_38	0.5723	0.5723	0.001	0.001	Positive
edge_4397	Sg_YB37_7	Sg_P15_2	-0.3802	0.3802	0.001	0.001	Negative
edge_4398	Sg_YB37_7	Sg_P22_10	0.5836	0.5836	0.001	0.001	Positive
edge_4399	Sg_YB37_7	Sg_Y19_10	0.4982	0.4982	0.001	0.001	Positive
edge_4400	Sg_YB38_12	Gp_MJ1_12	0.6015	0.6015	0.001	0.001	Positive
edge_4401	Sg_YB38_12	Gp_MJ1_272	0.7189	0.7189	0.001	0.001	Positive
edge_4402	Sg_YB38_12	Gp_MJ1_444	0.6223	0.6223	0.001	0.001	Positive
edge_4403	Sg_YB38_12	Gp_YAB_333	-0.6299	0.6299	0.001	0.001	Negative
edge_4404	Sg_YB38_12	Sg_A07_40	0.4353	0.4353	0.001	0.001	Positive
edge_4405	Sg_YB38_12	Sg_A11_10	0.5607	0.5607	0.001	0.001	Positive
edge_4406	Sg_YB38_12	Sg_A17_17	0.6159	0.6159	0.001	0.001	Positive
edge_4407	Sg_YB38_12	Sg_A19_12	0.5642	0.5642	0.001	0.001	Positive
edge_4408	Sg_YB38_12	Sg_A19_18	0.6807	0.6807	0.001	0.001	Positive
edge_4409	Sg_YB38_12	Sg_A19_51	0.6378	0.6378	0.001	0.001	Positive
edge_4410	Sg_YB38_12	Sg_A20_2	-0.5901	0.5901	0.001	0.001	Negative
edge_4411	Sg_YB38_12	Sg_A20_35	-0.4563	0.4563	0.001	0.001	Negative
edge_4412	Sg_YB38_12	Sg_A22_19	0.4721	0.4721	0.001	0.001	Positive
edge_4413	Sg_YB38_12	Sg_A22_3	0.4991	0.4991	0.001	0.001	Positive
edge_4414	Sg_YB38_12	Sg_A22_8	0.7331	0.7331	0.001	0.001	Positive
edge_4415	Sg_YB38_12	Sg_A27_23	-0.5966	0.5966	0.001	0.001	Negative
edge_4416	Sg_YB38_12	Sg_A27_31	0.4566	0.4566	0.001	0.001	Positive
edge_4417	Sg_YB38_12	Sg_A28_8	-0.4267	0.4267	0.001	0.001	Negative
edge_4418	Sg_YB38_12	Sg_B03_29	-0.5627	0.5627	0.001	0.001	Negative
edge_4419	Sg_YB38_12	Sg_B04_2	0.4448	0.4448	0.001	0.001	Positive
edge_4420	Sg_YB38_12	Sg_B07_12	-0.5851	0.5851	0.001	0.001	Negative
edge_4421	Sg_YB38_12	Sg_B15_35	0.7002	0.7002	0.001	0.001	Positive
edge_4422	Sg_YB38_12	Sg_B15_52	0.5583	0.5583	0.001	0.001	Positive
edge_4423	Sg_YB38_12	Sg_C02_30	-0.3849	0.3849	0.001	0.001	Negative
edge_4424	Sg_YB38_12	Sg_C04_33	-0.4799	0.4799	0.001	0.001	Negative
edge_4425	Sg_YB38_12	Sg_CA11_52	0.4806	0.4806	0.001	0.001	Positive
edge_4426	Sg_YB38_12	Sg_CA9_20	0.5421	0.5421	0.001	0.001	Positive
edge_4427	Sg_YB38_12	Sg_CB03_47	0.4948	0.4948	0.001	0.001	Positive
edge_4428	Sg_YB38_12	Sg_CD23A_20	0.7187	0.7187	0.001	0.001	Positive
edge_4429	Sg_YB38_12	Sg_CD25A_53	-0.656	0.656	0.001	0.001	Negative
edge_4430	Sg_YB38_12	Sg_CD26A_19	-0.5376	0.5376	0.001	0.001	Negative
edge_4431	Sg_YB38_12	Sg_CD27A_46	0.5286	0.5286	0.001	0.001	Positive
edge_4432	Sg_YB38_12	Sg_CE19A_15	-0.4148	0.4148	0.001	0.001	Negative
edge_4433	Sg_YB38_12	Sg_CE19A_36	0.6552	0.6552	0.001	0.001	Positive
edge_4434	Sg_YB38_12	Sg_CG50A_49	-0.6266	0.6266	0.001	0.001	Negative
edge_4435	Sg_YB38_12	Sg_CM17_16	-0.528	0.528	0.001	0.001	Negative
edge_4436	Sg_YB38_12	Sg_CM17_7	-0.4779	0.4779	0.001	0.001	Negative
edge_4437	Sg_YB38_12	Sg_CM31A_43	0.4987	0.4987	0.001	0.001	Positive
edge_4438	Sg_YB38_12	Sg_CM32A_49	0.4482	0.4482	0.001	0.001	Positive
edge_4439	Sg_YB38_12	Sg_CM33A_9	0.6419	0.6419	0.001	0.001	Positive
edge_4440	Sg_YB38_12	Sg_D02_32	0.8416	0.8416	0.001	0.001	Positive
edge_4441	Sg_YB38_12	Sg_D03_75	0.4798	0.4798	0.001	0.001	Positive
edge_4442	Sg_YB38_12	Sg_D18_45	0.4208	0.4208	0.001	0.001	Positive
edge_4443	Sg_YB38_12	Sg_E04_12	0.6883	0.6883	0.001	0.001	Positive
edge_4444	Sg_YB38_12	Sg_E10_50	0.6145	0.6145	0.001	0.001	Positive
edge_4445	Sg_YB38_12	Sg_EA57_9	0.4914	0.4914	0.001	0.001	Positive
edge_4446	Sg_YB38_12	Sg_EM03_7	-0.4364	0.4364	0.001	0.001	Negative
edge_4447	Sg_YB38_12	Sg_EM12_46	-0.475	0.475	0.001	0.001	Negative
edge_4448	Sg_YB38_12	Sg_EM12_61	0.5497	0.5497	0.001	0.001	Positive
edge_4449	Sg_YB38_12	Sg_G26_28	0.5268	0.5268	0.001	0.001	Positive
edge_4450	Sg_YB38_12	Sg_G43_29	-0.5082	0.5082	0.001	0.001	Negative
edge_4451	Sg_YB38_12	Sg_I01_33	-0.4462	0.4462	0.001	0.001	Negative
edge_4452	Sg_YB38_12	Sg_I05_27	-0.5035	0.5035	0.001	0.001	Negative
edge_4453	Sg_YB38_12	Sg_I06_25	0.6717	0.6717	0.001	0.001	Positive
edge_4454	Sg_YB38_12	Sg_I12_32	0.6495	0.6495	0.001	0.001	Positive
edge_4455	Sg_YB38_12	Sg_I12_44	-0.5669	0.5669	0.001	0.001	Negative
edge_4456	Sg_YB38_12	Sg_K09_1	0.7411	0.7411	0.001	0.001	Positive
edge_4457	Sg_YB38_12	Sg_K15_44	0.7825	0.7825	0.001	0.001	Positive
edge_4458	Sg_YB38_12	Sg_K17_22	-0.5482	0.5482	0.001	0.001	Negative
edge_4459	Sg_YB38_12	Sg_K22_66	0.4886	0.4886	0.001	0.001	Positive
edge_4460	Sg_YB38_12	Sg_K22_8	0.7571	0.7571	0.001	0.001	Positive
edge_4461	Sg_YB38_12	Sg_K34_1	0.417	0.417	0.001	0.001	Positive
edge_4462	Sg_YB38_12	Sg_K36_16	0.7226	0.7226	0.001	0.001	Positive
edge_4463	Sg_YB38_12	Sg_K36_27	0.5446	0.5446	0.001	0.001	Positive
edge_4464	Sg_YB38_12	Sg_K36_29	0.7056	0.7056	0.001	0.001	Positive
edge_4465	Sg_YB38_12	Sg_K36_6	0.585	0.585	0.001	0.001	Positive
edge_4466	Sg_YB38_12	Sg_K40_76	0.5197	0.5197	0.001	0.001	Positive
edge_4467	Sg_YB38_12	Sg_K46_34	-0.4002	0.4002	0.001	0.001	Negative
edge_4468	Sg_YB38_12	Sg_M01_13	-0.4351	0.4351	0.001	0.001	Negative
edge_4469	Sg_YB38_12	Sg_M03_38	-0.4053	0.4053	0.001	0.001	Negative
edge_4470	Sg_YB38_12	Sg_M07_39	-0.3895	0.3895	0.001	0.001	Negative
edge_4471	Sg_YB38_12	Sg_M07_4	-0.6016	0.6016	0.001	0.001	Negative
edge_4472	Sg_YB38_12	Sg_M11_7	0.5359	0.5359	0.001	0.001	Positive
edge_4473	Sg_YB38_12	Sg_M17_33	-0.4472	0.4472	0.001	0.001	Negative
edge_4474	Sg_YB38_12	Sg_M21_45	0.4238	0.4238	0.001	0.001	Positive
edge_4475	Sg_YB38_12	Sg_OA11r1_12	-0.5179	0.5179	0.001	0.001	Negative
edge_4476	Sg_YB38_12	Sg_OA7r2_38	0.48	0.48	0.001	0.001	Positive
edge_4477	Sg_YB38_12	Sg_OA7r2_4	-0.4765	0.4765	0.001	0.001	Negative
edge_4478	Sg_YB38_12	Sg_OB03r2_39	0.7836	0.7836	0.001	0.001	Positive
edge_4479	Sg_YB38_12	Sg_OB05r2_32	0.5718	0.5718	0.001	0.001	Positive
edge_4480	Sg_YB38_12	Sg_OB05r2_38	0.4246	0.4246	0.001	0.001	Positive
edge_4481	Sg_YB38_12	Sg_OG24B2A_8	-0.4952	0.4952	0.001	0.001	Negative
edge_4482	Sg_YB38_12	Sg_OM21r1_55	-0.4521	0.4521	0.001	0.001	Negative
edge_4483	Sg_YB38_12	Sg_P30_9	0.7056	0.7056	0.001	0.001	Positive
edge_4484	Sg_YB38_12	Sg_X05_3	-0.4794	0.4794	0.001	0.001	Negative
edge_4485	Sg_YB38_12	Sg_Y07_14	0.4099	0.4099	0.001	0.001	Positive
edge_4486	Sg_YB38_12	Sg_YA04_9	0.4227	0.4227	0.001	0.001	Positive
edge_4487	Sg_YB38_12	Sg_YA12_28	0.7423	0.7423	0.001	0.001	Positive
edge_4488	Sg_YB38_12	Sg_YA13_10	0.4802	0.4802	0.001	0.001	Positive
edge_4489	Sg_YB38_12	Sg_YA31_31	-0.4368	0.4368	0.001	0.001	Negative
edge_4490	Sg_YB38_12	Sg_YB35_19	0.5901	0.5901	0.001	0.001	Positive
edge_4491	Sg_YB38_12	Sg_YB36_42	0.7854	0.7854	0.001	0.001	Positive
edge_4492	Sg_YB38_12	Sg_YB37_28	0.4076	0.4076	0.001	0.001	Positive
edge_4493	Sg_YB38_21	Sg_A11_12	0.4578	0.4578	0.001	0.001	Positive
edge_4494	Sg_YB38_21	Sg_A27_23	-0.3669	0.3669	0.001	0.001	Negative
edge_4495	Sg_YB38_21	Sg_B03_29	-0.4078	0.4078	0.001	0.001	Negative
edge_4496	Sg_YB38_21	Sg_B07_12	-0.4043	0.4043	0.001	0.001	Negative
edge_4497	Sg_YB38_21	Sg_B07_38	0.5039	0.5039	0.001	0.001	Positive
edge_4498	Sg_YB38_21	Sg_B15_35	0.4176	0.4176	0.001	0.001	Positive
edge_4499	Sg_YB38_21	Sg_B15_52	0.4228	0.4228	0.001	0.001	Positive
edge_4500	Sg_YB38_21	Sg_CD27A_46	0.485	0.485	0.001	0.001	Positive
edge_4501	Sg_YB38_21	Sg_CE19A_36	0.4369	0.4369	0.001	0.001	Positive
edge_4502	Sg_YB38_21	Sg_CG50A_49	-0.4093	0.4093	0.001	0.001	Negative
edge_4503	Sg_YB38_21	Sg_CM31A_52	0.5478	0.5478	0.001	0.001	Positive
edge_4504	Sg_YB38_21	Sg_CM32A_49	0.4802	0.4802	0.001	0.001	Positive
edge_4505	Sg_YB38_21	Sg_D09_14	0.5219	0.5219	0.001	0.001	Positive
edge_4506	Sg_YB38_21	Sg_E04_12	0.385	0.385	0.001	0.001	Positive
edge_4507	Sg_YB38_21	Sg_EM34_4	0.663	0.663	0.001	0.001	Positive
edge_4508	Sg_YB38_21	Sg_G26_10	-0.4093	0.4093	0.001	0.001	Negative
edge_4509	Sg_YB38_21	Sg_G47_17	0.4256	0.4256	0.001	0.001	Positive
edge_4510	Sg_YB38_21	Sg_I07_11	0.5502	0.5502	0.001	0.001	Positive
edge_4511	Sg_YB38_21	Sg_I12_32	0.521	0.521	0.001	0.001	Positive
edge_4512	Sg_YB38_21	Sg_K22_8	0.4439	0.4439	0.001	0.001	Positive
edge_4513	Sg_YB38_21	Sg_K32_30	0.4325	0.4325	0.001	0.001	Positive
edge_4514	Sg_YB38_21	Sg_K36_6	0.4708	0.4708	0.001	0.001	Positive
edge_4515	Sg_YB38_21	Sg_M11_5	0.5057	0.5057	0.001	0.001	Positive
edge_4516	Sg_YB38_21	Sg_OA7r2_38	0.577	0.577	0.001	0.001	Positive
edge_4517	Sg_YB38_21	Sg_YA12_28	0.4141	0.4141	0.001	0.001	Positive
edge_4518	Sg_YB38_21	Sg_YB37_7	0.634	0.634	0.001	0.001	Positive
edge_4519	Sg_YB38_6	Gp_meta27_511	-0.4147	0.4147	0.001	0.001	Negative
edge_4520	Sg_YB38_6	Sg_A11_12	-0.4039	0.4039	0.001	0.001	Negative
edge_4521	Sg_YB38_6	Sg_A22_8	0.4392	0.4392	0.001	0.001	Positive
edge_4522	Sg_YB38_6	Sg_EA47_9	0.4045	0.4045	0.001	0.001	Positive
edge_4523	Sg_YB38_6	Sg_EA61_27	0.4252	0.4252	0.001	0.001	Positive
edge_4524	Sg_YB38_6	Sg_EM12_46	-0.4017	0.4017	0.001	0.001	Negative
edge_4525	Sg_YB38_6	Sg_I05_27	-0.4558	0.4558	0.001	0.001	Negative
edge_4526	Sg_YB38_6	Sg_K01_5	0.4105	0.4105	0.001	0.001	Positive
edge_4527	Sg_YB38_6	Sg_K15_44	0.4229	0.4229	0.001	0.001	Positive
edge_4528	Sg_YB38_6	Sg_K22_66	0.4419	0.4419	0.001	0.001	Positive
edge_4529	Sg_YB38_6	Sg_K32_30	-0.4182	0.4182	0.001	0.001	Negative
edge_4530	Sg_YB38_6	Sg_K36_16	0.4574	0.4574	0.001	0.001	Positive
edge_4531	Sg_YB38_6	Sg_K36_27	0.3671	0.3671	0.001	0.001	Positive
edge_4532	Sg_YB38_6	Sg_K36_29	0.4537	0.4537	0.001	0.001	Positive
edge_4533	Sg_YB38_6	Sg_M02_37	0.3932	0.3932	0.001	0.001	Positive
edge_4534	Sg_YB38_6	Sg_P23_1	0.4066	0.4066	0.001	0.001	Positive
edge_4535	Sg_YB38_6	Sg_YB37_7	-0.437	0.437	0.001	0.001	Negative
edge_4536	Sg_YB39_24	Gp_MJ1_12	0.4821	0.4821	0.001	0.001	Positive
edge_4537	Sg_YB39_24	Gp_MJ1_444	0.46	0.46	0.001	0.001	Positive
edge_4538	Sg_YB39_24	Gp_YAB_333	-0.5417	0.5417	0.001	0.001	Negative
edge_4539	Sg_YB39_24	Sg_A11_10	0.3927	0.3927	0.001	0.001	Positive
edge_4540	Sg_YB39_24	Sg_A17_17	0.5252	0.5252	0.001	0.001	Positive
edge_4541	Sg_YB39_24	Sg_A19_18	0.67	0.67	0.001	0.001	Positive
edge_4542	Sg_YB39_24	Sg_A19_51	0.4408	0.4408	0.001	0.001	Positive
edge_4543	Sg_YB39_24	Sg_A20_2	-0.4626	0.4626	0.001	0.001	Negative
edge_4544	Sg_YB39_24	Sg_A22_8	0.4314	0.4314	0.001	0.001	Positive
edge_4545	Sg_YB39_24	Sg_A27_23	-0.4622	0.4622	0.001	0.001	Negative
edge_4546	Sg_YB39_24	Sg_B07_12	-0.4517	0.4517	0.001	0.001	Negative
edge_4547	Sg_YB39_24	Sg_B15_52	0.4093	0.4093	0.001	0.001	Positive
edge_4548	Sg_YB39_24	Sg_CA11_45	0.3827	0.3827	0.001	0.001	Positive
edge_4549	Sg_YB39_24	Sg_CA11_52	0.5121	0.5121	0.001	0.001	Positive
edge_4550	Sg_YB39_24	Sg_CB03_47	0.6866	0.6866	0.001	0.001	Positive
edge_4551	Sg_YB39_24	Sg_CD23A_20	0.6024	0.6024	0.001	0.001	Positive
edge_4552	Sg_YB39_24	Sg_CD25A_53	-0.5067	0.5067	0.001	0.001	Negative
edge_4553	Sg_YB39_24	Sg_CD26A_19	-0.4901	0.4901	0.001	0.001	Negative
edge_4554	Sg_YB39_24	Sg_CD27A_46	0.4131	0.4131	0.001	0.001	Positive
edge_4555	Sg_YB39_24	Sg_CD30A_34	-0.4501	0.4501	0.001	0.001	Negative
edge_4556	Sg_YB39_24	Sg_CE19A_29	-0.4479	0.4479	0.001	0.001	Negative
edge_4557	Sg_YB39_24	Sg_CE19A_36	0.4364	0.4364	0.001	0.001	Positive
edge_4558	Sg_YB39_24	Sg_CG50A_49	-0.5311	0.5311	0.001	0.001	Negative
edge_4559	Sg_YB39_24	Sg_CM31A_43	0.5147	0.5147	0.001	0.001	Positive
edge_4560	Sg_YB39_24	Sg_CM32A_26	0.5683	0.5683	0.001	0.001	Positive
edge_4561	Sg_YB39_24	Sg_CM33A_9	0.6568	0.6568	0.001	0.001	Positive
edge_4562	Sg_YB39_24	Sg_D02_32	0.53	0.53	0.001	0.001	Positive
edge_4563	Sg_YB39_24	Sg_E04_12	0.4142	0.4142	0.001	0.001	Positive
edge_4564	Sg_YB39_24	Sg_E06_24	0.4342	0.4342	0.001	0.001	Positive
edge_4565	Sg_YB39_24	Sg_E10_50	0.4481	0.4481	0.001	0.001	Positive
edge_4566	Sg_YB39_24	Sg_EA57_9	0.4588	0.4588	0.001	0.001	Positive
edge_4567	Sg_YB39_24	Sg_EA61_27	0.5135	0.5135	0.001	0.001	Positive
edge_4568	Sg_YB39_24	Sg_EB21_10	0.6895	0.6895	0.001	0.001	Positive
edge_4569	Sg_YB39_24	Sg_EM03_7	-0.3883	0.3883	0.001	0.001	Negative
edge_4570	Sg_YB39_24	Sg_EM12_46	-0.4681	0.4681	0.001	0.001	Negative
edge_4571	Sg_YB39_24	Sg_EM12_61	0.5875	0.5875	0.001	0.001	Positive
edge_4572	Sg_YB39_24	Sg_G26_28	0.3848	0.3848	0.001	0.001	Positive
edge_4573	Sg_YB39_24	Sg_G43_29	-0.5407	0.5407	0.001	0.001	Negative
edge_4574	Sg_YB39_24	Sg_I01_33	-0.4025	0.4025	0.001	0.001	Negative
edge_4575	Sg_YB39_24	Sg_I06_25	0.5501	0.5501	0.001	0.001	Positive
edge_4576	Sg_YB39_24	Sg_I12_32	0.522	0.522	0.001	0.001	Positive
edge_4577	Sg_YB39_24	Sg_K09_1	0.5572	0.5572	0.001	0.001	Positive
edge_4578	Sg_YB39_24	Sg_K15_44	0.587	0.587	0.001	0.001	Positive
edge_4579	Sg_YB39_24	Sg_K17_22	-0.4661	0.4661	0.001	0.001	Negative
edge_4580	Sg_YB39_24	Sg_K22_8	0.4011	0.4011	0.001	0.001	Positive
edge_4581	Sg_YB39_24	Sg_K31_45	0.4968	0.4968	0.001	0.001	Positive
edge_4582	Sg_YB39_24	Sg_K36_16	0.497	0.497	0.001	0.001	Positive
edge_4583	Sg_YB39_24	Sg_K36_27	0.3812	0.3812	0.001	0.001	Positive
edge_4584	Sg_YB39_24	Sg_M07_4	-0.5748	0.5748	0.001	0.001	Negative
edge_4585	Sg_YB39_24	Sg_M11_7	0.4335	0.4335	0.001	0.001	Positive
edge_4586	Sg_YB39_24	Sg_OA11r1_12	-0.4553	0.4553	0.001	0.001	Negative
edge_4587	Sg_YB39_24	Sg_OB03r2_39	0.5711	0.5711	0.001	0.001	Positive
edge_4588	Sg_YB39_24	Sg_OB05r2_32	0.494	0.494	0.001	0.001	Positive
edge_4589	Sg_YB39_24	Sg_OG24B2A_8	-0.4901	0.4901	0.001	0.001	Negative
edge_4590	Sg_YB39_24	Sg_P30_9	0.4475	0.4475	0.001	0.001	Positive
edge_4591	Sg_YB39_24	Sg_X05_3	-0.4314	0.4314	0.001	0.001	Negative
edge_4592	Sg_YB39_24	Sg_YA03_20	0.6564	0.6564	0.001	0.001	Positive
edge_4593	Sg_YB39_24	Sg_YA12_28	0.5721	0.5721	0.001	0.001	Positive
edge_4594	Sg_YB39_24	Sg_YA13_10	0.5549	0.5549	0.001	0.001	Positive
edge_4595	Sg_YB39_24	Sg_YB35_7	0.5292	0.5292	0.001	0.001	Positive
edge_4596	Sg_YB39_24	Sg_YB36_42	0.6254	0.6254	0.001	0.001	Positive
edge_4597	Sg_YB39_24	Sg_YB38_12	0.5886	0.5886	0.001	0.001	Positive
edge_4598	Sg_YB41_11	Gp_MJ1_12	0.5151	0.5151	0.001	0.001	Positive
edge_4599	Sg_YB41_11	Gp_MJ1_444	0.4623	0.4623	0.001	0.001	Positive
edge_4600	Sg_YB41_11	Gp_NH_148	0.4483	0.4483	0.001	0.001	Positive
edge_4601	Sg_YB41_11	Gp_meta27_16	0.4939	0.4939	0.001	0.001	Positive
edge_4602	Sg_YB41_11	Sg_B07_12	-0.4977	0.4977	0.001	0.001	Negative
edge_4603	Sg_YB41_11	Sg_B07_53	-0.4315	0.4315	0.001	0.001	Negative
edge_4604	Sg_YB41_11	Sg_B07_62	-0.4928	0.4928	0.001	0.001	Negative
edge_4605	Sg_YB41_11	Sg_B14_13	-0.518	0.518	0.001	0.001	Negative
edge_4606	Sg_YB41_11	Sg_B15_23	-0.532	0.532	0.001	0.001	Negative
edge_4607	Sg_YB41_11	Sg_CA25_21	-0.5068	0.5068	0.001	0.001	Negative
edge_4608	Sg_YB41_11	Sg_CD30A_34	-0.5577	0.5577	0.001	0.001	Negative
edge_4609	Sg_YB41_11	Sg_CK05A_18	-0.5827	0.5827	0.001	0.001	Negative
edge_4610	Sg_YB41_11	Sg_CK52A_74	-0.4162	0.4162	0.001	0.001	Negative
edge_4611	Sg_YB41_11	Sg_CM21_15	-0.5075	0.5075	0.001	0.001	Negative
edge_4612	Sg_YB41_11	Sg_CM21_57	-0.4409	0.4409	0.001	0.001	Negative
edge_4613	Sg_YB41_11	Sg_CM32A_49	0.5481	0.5481	0.001	0.001	Positive
edge_4614	Sg_YB41_11	Sg_D02_9	0.4518	0.4518	0.001	0.001	Positive
edge_4615	Sg_YB41_11	Sg_D10_17	-0.5017	0.5017	0.001	0.001	Negative
edge_4616	Sg_YB41_11	Sg_E10_50	0.5087	0.5087	0.001	0.001	Positive
edge_4617	Sg_YB41_11	Sg_EA57_9	0.4459	0.4459	0.001	0.001	Positive
edge_4618	Sg_YB41_11	Sg_EB03_22	0.467	0.467	0.001	0.001	Positive
edge_4619	Sg_YB41_11	Sg_EB13_4	-0.5532	0.5532	0.001	0.001	Negative
edge_4620	Sg_YB41_11	Sg_EM12_46	-0.4926	0.4926	0.001	0.001	Negative
edge_4621	Sg_YB41_11	Sg_G19_41	0.5462	0.5462	0.001	0.001	Positive
edge_4622	Sg_YB41_11	Sg_G26_22	-0.3938	0.3938	0.001	0.001	Negative
edge_4623	Sg_YB41_11	Sg_I12_44	-0.5404	0.5404	0.001	0.001	Negative
edge_4624	Sg_YB41_11	Sg_K14_18	0.4323	0.4323	0.001	0.001	Positive
edge_4625	Sg_YB41_11	Sg_K15_44	0.4741	0.4741	0.001	0.001	Positive
edge_4626	Sg_YB41_11	Sg_K17_22	-0.4266	0.4266	0.001	0.001	Negative
edge_4627	Sg_YB41_11	Sg_K22_66	0.4587	0.4587	0.001	0.001	Positive
edge_4628	Sg_YB41_11	Sg_M02_5	0.5124	0.5124	0.001	0.001	Positive
edge_4629	Sg_YB41_11	Sg_M07_39	-0.3979	0.3979	0.001	0.001	Negative
edge_4630	Sg_YB41_11	Sg_M12_21	-0.5641	0.5641	0.001	0.001	Negative
edge_4631	Sg_YB41_11	Sg_M12_39	-0.4834	0.4834	0.001	0.001	Negative
edge_4632	Sg_YB41_11	Sg_M12_6	0.5163	0.5163	0.001	0.001	Positive
edge_4633	Sg_YB41_11	Sg_M15_29	-0.5513	0.5513	0.001	0.001	Negative
edge_4634	Sg_YB41_11	Sg_OB03r2_39	0.4501	0.4501	0.001	0.001	Positive
edge_4635	Sg_YB41_11	Sg_OB05r2_38	0.4948	0.4948	0.001	0.001	Positive
edge_4636	Sg_YB41_11	Sg_OG24B2A_8	-0.4938	0.4938	0.001	0.001	Negative
edge_4637	Sg_YB41_11	Sg_Y07_14	0.5667	0.5667	0.001	0.001	Positive
edge_4638	Sg_YB41_11	Sg_YA04_9	0.5034	0.5034	0.001	0.001	Positive
edge_4639	Sg_YB41_11	Sg_YB35_19	0.4782	0.4782	0.001	0.001	Positive
edge_4640	Sg_YB41_11	Sg_YB37_28	0.7232	0.7232	0.001	0.001	Positive
edge_4641	Sg_YB41_12	Sg_A01_16	0.6755	0.6755	0.001	0.001	Positive
edge_4642	Sg_YB41_12	Sg_A17_17	0.4057	0.4057	0.001	0.001	Positive
edge_4643	Sg_YB41_12	Sg_A19_51	0.4649	0.4649	0.001	0.001	Positive
edge_4644	Sg_YB41_12	Sg_A28_8	-0.4111	0.4111	0.001	0.001	Negative
edge_4645	Sg_YB41_12	Sg_CG50A_22	0.3876	0.3876	0.001	0.001	Positive
edge_4646	Sg_YB41_12	Sg_CG50A_49	-0.4108	0.4108	0.001	0.001	Negative
edge_4647	Sg_YB41_12	Sg_CM17_16	-0.4125	0.4125	0.001	0.001	Negative
edge_4648	Sg_YB41_12	Sg_K31_45	0.651	0.651	0.001	0.001	Positive
edge_4649	Sg_YB41_12	Sg_M11_7	0.4303	0.4303	0.001	0.001	Positive
edge_4650	Sg_YB41_12	Sg_OB03r2_1	0.7249	0.7249	0.001	0.001	Positive
edge_4651	Sg_YB41_12	Sg_OB05r2_32	0.3423	0.3423	0.001	0.001	Positive
edge_4652	Sg_YB41_12	Sg_P22_13	0.4626	0.4626	0.001	0.001	Positive
edge_4653	Sg_YB41_12	Sg_YA03_20	0.436	0.436	0.001	0.001	Positive
edge_4654	Sg_YB41_12	Sg_YB39_24	0.4643	0.4643	0.001	0.001	Positive
edge_4655	Sg_YB46_3	Gp_MJ2_113	0.6187	0.6187	0.001	0.001	Positive
edge_4656	Sg_YB46_3	Gp_MJ3_477	0.541	0.541	0.001	0.001	Positive
edge_4657	Sg_YB46_3	Gp_MJ4_197	-0.3741	0.3741	0.001	0.001	Negative
edge_4658	Sg_YB46_3	Sg_A20_2	0.4108	0.4108	0.001	0.001	Positive
edge_4659	Sg_YB46_3	Sg_B07_12	0.6007	0.6007	0.001	0.001	Positive
edge_4660	Sg_YB46_3	Sg_B07_53	0.5806	0.5806	0.001	0.001	Positive
edge_4661	Sg_YB46_3	Sg_B07_62	0.5276	0.5276	0.001	0.001	Positive
edge_4662	Sg_YB46_3	Sg_B08_36	0.4618	0.4618	0.001	0.001	Positive
edge_4663	Sg_YB46_3	Sg_B14_13	0.587	0.587	0.001	0.001	Positive
edge_4664	Sg_YB46_3	Sg_B15_23	0.7098	0.7098	0.001	0.001	Positive
edge_4665	Sg_YB46_3	Sg_CA25_21	0.5314	0.5314	0.001	0.001	Positive
edge_4666	Sg_YB46_3	Sg_CB03_47	-0.5514	0.5514	0.001	0.001	Negative
edge_4667	Sg_YB46_3	Sg_CD24A_10	0.5507	0.5507	0.001	0.001	Positive
edge_4668	Sg_YB46_3	Sg_CD26A_19	0.496	0.496	0.001	0.001	Positive
edge_4669	Sg_YB46_3	Sg_CD30A_34	0.6442	0.6442	0.001	0.001	Positive
edge_4670	Sg_YB46_3	Sg_CE19A_24	0.5264	0.5264	0.001	0.001	Positive
edge_4671	Sg_YB46_3	Sg_CK05A_18	0.6307	0.6307	0.001	0.001	Positive
edge_4672	Sg_YB46_3	Sg_CK51A_47	0.4621	0.4621	0.001	0.001	Positive
edge_4673	Sg_YB46_3	Sg_CK52A_74	0.4849	0.4849	0.001	0.001	Positive
edge_4674	Sg_YB46_3	Sg_CM21_15	0.5021	0.5021	0.001	0.001	Positive
edge_4675	Sg_YB46_3	Sg_CM21_57	0.6978	0.6978	0.001	0.001	Positive
edge_4676	Sg_YB46_3	Sg_D10_17	0.7361	0.7361	0.001	0.001	Positive
edge_4677	Sg_YB46_3	Sg_E06_24	-0.4693	0.4693	0.001	0.001	Negative
edge_4678	Sg_YB46_3	Sg_EA61_27	-0.5236	0.5236	0.001	0.001	Negative
edge_4679	Sg_YB46_3	Sg_EB13_4	0.7237	0.7237	0.001	0.001	Positive
edge_4680	Sg_YB46_3	Sg_EB21_10	-0.5086	0.5086	0.001	0.001	Negative
edge_4681	Sg_YB46_3	Sg_EM12_46	0.5453	0.5453	0.001	0.001	Positive
edge_4682	Sg_YB46_3	Sg_G26_22	0.6107	0.6107	0.001	0.001	Positive
edge_4683	Sg_YB46_3	Sg_G43_29	0.493	0.493	0.001	0.001	Positive
edge_4684	Sg_YB46_3	Sg_I12_6	-0.5061	0.5061	0.001	0.001	Negative
edge_4685	Sg_YB46_3	Sg_K15_44	-0.4123	0.4123	0.001	0.001	Negative
edge_4686	Sg_YB46_3	Sg_K17_22	0.4265	0.4265	0.001	0.001	Positive
edge_4687	Sg_YB46_3	Sg_K36_16	-0.3989	0.3989	0.001	0.001	Negative
edge_4688	Sg_YB46_3	Sg_K36_3	0.5265	0.5265	0.001	0.001	Positive
edge_4689	Sg_YB46_3	Sg_M02_37	-0.3812	0.3812	0.001	0.001	Negative
edge_4690	Sg_YB46_3	Sg_M07_4	0.442	0.442	0.001	0.001	Positive
edge_4691	Sg_YB46_3	Sg_M12_21	0.6953	0.6953	0.001	0.001	Positive
edge_4692	Sg_YB46_3	Sg_M12_39	0.5654	0.5654	0.001	0.001	Positive
edge_4693	Sg_YB46_3	Sg_M15_29	0.616	0.616	0.001	0.001	Positive
edge_4694	Sg_YB46_3	Sg_OB05r2_8	-0.5414	0.5414	0.001	0.001	Negative
edge_4695	Sg_YB46_3	Sg_OG24B2A_8	0.596	0.596	0.001	0.001	Positive
edge_4696	Sg_YB46_3	Sg_P27_4	0.486	0.486	0.001	0.001	Positive
edge_4697	Sg_YB46_3	Sg_Y07_14	-0.4906	0.4906	0.001	0.001	Negative
edge_4698	Sg_YB50_23	Gp_MJ1_272	-0.4658	0.4658	0.001	0.001	Negative
edge_4699	Sg_YB50_23	Gp_YAB_333	0.7872	0.7872	0.001	0.001	Positive
edge_4700	Sg_YB50_23	Sg_A17_17	-0.4809	0.4809	0.001	0.001	Negative
edge_4701	Sg_YB50_23	Sg_A19_12	-0.5178	0.5178	0.001	0.001	Negative
edge_4702	Sg_YB50_23	Sg_A19_18	-0.4408	0.4408	0.001	0.001	Negative
edge_4703	Sg_YB50_23	Sg_A19_51	-0.5493	0.5493	0.001	0.001	Negative
edge_4704	Sg_YB50_23	Sg_A20_2	0.6093	0.6093	0.001	0.001	Positive
edge_4705	Sg_YB50_23	Sg_A20_35	0.702	0.702	0.001	0.001	Positive
edge_4706	Sg_YB50_23	Sg_A27_23	0.7852	0.7852	0.001	0.001	Positive
edge_4707	Sg_YB50_23	Sg_A28_8	0.7381	0.7381	0.001	0.001	Positive
edge_4708	Sg_YB50_23	Sg_B03_29	0.3876	0.3876	0.001	0.001	Positive
edge_4709	Sg_YB50_23	Sg_B15_52	-0.449	0.449	0.001	0.001	Negative
edge_4710	Sg_YB50_23	Sg_CD23A_20	-0.448	0.448	0.001	0.001	Negative
edge_4711	Sg_YB50_23	Sg_CD25A_53	0.6122	0.6122	0.001	0.001	Positive
edge_4712	Sg_YB50_23	Sg_CD26A_19	0.3716	0.3716	0.001	0.001	Positive
edge_4713	Sg_YB50_23	Sg_CE19A_36	-0.5725	0.5725	0.001	0.001	Negative
edge_4714	Sg_YB50_23	Sg_CG50A_22	-0.3783	0.3783	0.001	0.001	Negative
edge_4715	Sg_YB50_23	Sg_CG50A_49	0.7474	0.7474	0.001	0.001	Positive
edge_4716	Sg_YB50_23	Sg_CM17_16	0.6963	0.6963	0.001	0.001	Positive
edge_4717	Sg_YB50_23	Sg_CM31A_43	-0.3613	0.3613	0.001	0.001	Negative
edge_4718	Sg_YB50_23	Sg_CM32A_26	-0.41	0.41	0.001	0.001	Negative
edge_4719	Sg_YB50_23	Sg_CM33A_9	-0.5015	0.5015	0.001	0.001	Negative
edge_4720	Sg_YB50_23	Sg_D02_32	-0.6131	0.6131	0.001	0.001	Negative
edge_4721	Sg_YB50_23	Sg_EA57_9	-0.4601	0.4601	0.001	0.001	Negative
edge_4722	Sg_YB50_23	Sg_EM30_38	0.5492	0.5492	0.001	0.001	Positive
edge_4723	Sg_YB50_23	Sg_G18_1	0.4228	0.4228	0.001	0.001	Positive
edge_4724	Sg_YB50_23	Sg_G26_28	-0.4208	0.4208	0.001	0.001	Negative
edge_4725	Sg_YB50_23	Sg_G43_29	0.4789	0.4789	0.001	0.001	Positive
edge_4726	Sg_YB50_23	Sg_I12_32	-0.6023	0.6023	0.001	0.001	Negative
edge_4727	Sg_YB50_23	Sg_K09_1	-0.5037	0.5037	0.001	0.001	Negative
edge_4728	Sg_YB50_23	Sg_K10_28	0.6922	0.6922	0.001	0.001	Positive
edge_4729	Sg_YB50_23	Sg_K15_44	-0.4341	0.4341	0.001	0.001	Negative
edge_4730	Sg_YB50_23	Sg_K22_8	-0.4768	0.4768	0.001	0.001	Negative
edge_4731	Sg_YB50_23	Sg_K36_16	-0.3612	0.3612	0.001	0.001	Negative
edge_4732	Sg_YB50_23	Sg_K36_29	-0.4218	0.4218	0.001	0.001	Negative
edge_4733	Sg_YB50_23	Sg_K36_6	-0.5154	0.5154	0.001	0.001	Negative
edge_4734	Sg_YB50_23	Sg_M03_38	0.64	0.64	0.001	0.001	Positive
edge_4735	Sg_YB50_23	Sg_M11_7	-0.4568	0.4568	0.001	0.001	Negative
edge_4736	Sg_YB50_23	Sg_OA11r1_12	0.7852	0.7852	0.001	0.001	Positive
edge_4737	Sg_YB50_23	Sg_OA7r2_4	0.5089	0.5089	0.001	0.001	Positive
edge_4738	Sg_YB50_23	Sg_OB03r2_39	-0.4839	0.4839	0.001	0.001	Negative
edge_4739	Sg_YB50_23	Sg_OB05r2_32	-0.5346	0.5346	0.001	0.001	Negative
edge_4740	Sg_YB50_23	Sg_P15_12	-0.4339	0.4339	0.001	0.001	Negative
edge_4741	Sg_YB50_23	Sg_P30_9	-0.3733	0.3733	0.001	0.001	Negative
edge_4742	Sg_YB50_23	Sg_X05_3	0.7268	0.7268	0.001	0.001	Positive
edge_4743	Sg_YB50_23	Sg_YA12_28	-0.5627	0.5627	0.001	0.001	Negative
edge_4744	Sg_YB50_23	Sg_YA31_31	0.6846	0.6846	0.001	0.001	Positive
edge_4745	Sg_YB50_23	Sg_YB36_42	-0.4698	0.4698	0.001	0.001	Negative
edge_4746	Sg_YB50_23	Sg_YB38_12	-0.537	0.537	0.001	0.001	Negative
edge_4747	Sg_YB50_23	Sg_YB39_24	-0.4367	0.4367	0.001	0.001	Negative
edge_4748	Sg_YB55_11	Sg_K40_4	0.4144	0.4144	0.001	0.001	Positive
edge_4749	Sg_YB59_31	Gp_MJ1_12	0.4713	0.4713	0.001	0.001	Positive
edge_4750	Sg_YB59_31	Gp_MJ1_444	0.497	0.497	0.001	0.001	Positive
edge_4751	Sg_YB59_31	Gp_MJ4_65	0.4345	0.4345	0.001	0.001	Positive
edge_4752	Sg_YB59_31	Gp_YAB_333	-0.453	0.453	0.001	0.001	Negative
edge_4753	Sg_YB59_31	Sg_A11_10	0.5584	0.5584	0.001	0.001	Positive
edge_4754	Sg_YB59_31	Sg_A17_17	0.4978	0.4978	0.001	0.001	Positive
edge_4755	Sg_YB59_31	Sg_A19_12	0.5117	0.5117	0.001	0.001	Positive
edge_4756	Sg_YB59_31	Sg_A19_18	0.4502	0.4502	0.001	0.001	Positive
edge_4757	Sg_YB59_31	Sg_A19_51	0.6361	0.6361	0.001	0.001	Positive
edge_4758	Sg_YB59_31	Sg_A20_2	-0.4574	0.4574	0.001	0.001	Negative
edge_4759	Sg_YB59_31	Sg_A20_35	-0.433	0.433	0.001	0.001	Negative
edge_4760	Sg_YB59_31	Sg_A22_8	0.5659	0.5659	0.001	0.001	Positive
edge_4761	Sg_YB59_31	Sg_A27_23	-0.4822	0.4822	0.001	0.001	Negative
edge_4762	Sg_YB59_31	Sg_A28_8	-0.4997	0.4997	0.001	0.001	Negative
edge_4763	Sg_YB59_31	Sg_B03_29	-0.5469	0.5469	0.001	0.001	Negative
edge_4764	Sg_YB59_31	Sg_B15_35	0.4538	0.4538	0.001	0.001	Positive
edge_4765	Sg_YB59_31	Sg_B15_52	0.5174	0.5174	0.001	0.001	Positive
edge_4766	Sg_YB59_31	Sg_B25_10	0.4663	0.4663	0.001	0.001	Positive
edge_4767	Sg_YB59_31	Sg_CA11_52	0.4466	0.4466	0.001	0.001	Positive
edge_4768	Sg_YB59_31	Sg_CD23A_20	0.6341	0.6341	0.001	0.001	Positive
edge_4769	Sg_YB59_31	Sg_CD25A_53	-0.4777	0.4777	0.001	0.001	Negative
edge_4770	Sg_YB59_31	Sg_CE19A_36	0.6389	0.6389	0.001	0.001	Positive
edge_4771	Sg_YB59_31	Sg_CG50A_49	-0.5398	0.5398	0.001	0.001	Negative
edge_4772	Sg_YB59_31	Sg_CM17_16	-0.5222	0.5222	0.001	0.001	Negative
edge_4773	Sg_YB59_31	Sg_CM17_7	-0.4981	0.4981	0.001	0.001	Negative
edge_4774	Sg_YB59_31	Sg_CM31A_43	0.4559	0.4559	0.001	0.001	Positive
edge_4775	Sg_YB59_31	Sg_CM33A_9	0.5656	0.5656	0.001	0.001	Positive
edge_4776	Sg_YB59_31	Sg_D02_32	0.5616	0.5616	0.001	0.001	Positive
edge_4777	Sg_YB59_31	Sg_E04_12	0.5528	0.5528	0.001	0.001	Positive
edge_4778	Sg_YB59_31	Sg_E10_50	0.4411	0.4411	0.001	0.001	Positive
edge_4779	Sg_YB59_31	Sg_EA57_9	0.4678	0.4678	0.001	0.001	Positive
edge_4780	Sg_YB59_31	Sg_I05_27	-0.3849	0.3849	0.001	0.001	Negative
edge_4781	Sg_YB59_31	Sg_I06_25	0.6098	0.6098	0.001	0.001	Positive
edge_4782	Sg_YB59_31	Sg_I12_32	0.5892	0.5892	0.001	0.001	Positive
edge_4783	Sg_YB59_31	Sg_K09_1	0.5164	0.5164	0.001	0.001	Positive
edge_4784	Sg_YB59_31	Sg_K10_28	-0.4413	0.4413	0.001	0.001	Negative
edge_4785	Sg_YB59_31	Sg_K15_44	0.6079	0.6079	0.001	0.001	Positive
edge_4786	Sg_YB59_31	Sg_K17_22	-0.4391	0.4391	0.001	0.001	Negative
edge_4787	Sg_YB59_31	Sg_K22_8	0.578	0.578	0.001	0.001	Positive
edge_4788	Sg_YB59_31	Sg_K36_16	0.5481	0.5481	0.001	0.001	Positive
edge_4789	Sg_YB59_31	Sg_K36_29	0.4645	0.4645	0.001	0.001	Positive
edge_4790	Sg_YB59_31	Sg_K36_6	0.5133	0.5133	0.001	0.001	Positive
edge_4791	Sg_YB59_31	Sg_M01_13	-0.4403	0.4403	0.001	0.001	Negative
edge_4792	Sg_YB59_31	Sg_M07_4	-0.4271	0.4271	0.001	0.001	Negative
edge_4793	Sg_YB59_31	Sg_M17_33	-0.4354	0.4354	0.001	0.001	Negative
edge_4794	Sg_YB59_31	Sg_OA11r1_12	-0.4754	0.4754	0.001	0.001	Negative
edge_4795	Sg_YB59_31	Sg_OA7r2_38	0.4149	0.4149	0.001	0.001	Positive
edge_4796	Sg_YB59_31	Sg_OB03r2_39	0.6527	0.6527	0.001	0.001	Positive
edge_4797	Sg_YB59_31	Sg_OB05r2_32	0.477	0.477	0.001	0.001	Positive
edge_4798	Sg_YB59_31	Sg_OM21r1_55	-0.4189	0.4189	0.001	0.001	Negative
edge_4799	Sg_YB59_31	Sg_P30_9	0.5844	0.5844	0.001	0.001	Positive
edge_4800	Sg_YB59_31	Sg_X05_3	-0.4849	0.4849	0.001	0.001	Negative
edge_4801	Sg_YB59_31	Sg_YA03_20	0.4841	0.4841	0.001	0.001	Positive
edge_4802	Sg_YB59_31	Sg_YA12_28	0.6317	0.6317	0.001	0.001	Positive
edge_4803	Sg_YB59_31	Sg_YA31_31	-0.4242	0.4242	0.001	0.001	Negative
edge_4804	Sg_YB59_31	Sg_YB36_42	0.6591	0.6591	0.001	0.001	Positive
edge_4805	Sg_YB59_31	Sg_YB38_12	0.5641	0.5641	0.001	0.001	Positive
edge_4806	Sg_YB59_31	Sg_YB39_24	0.573	0.573	0.001	0.001	Positive
edge_4807	Sg_Z02_23	Sg_A19_12	0.4711	0.4711	0.001	0.001	Positive
edge_4808	Sg_Z02_23	Sg_A37_36	0.4965	0.4965	0.001	0.001	Positive
edge_4809	Sg_Z02_23	Sg_CB03_2	0.4685	0.4685	0.001	0.001	Positive
edge_4810	Sg_Z02_23	Sg_CK28A_36	0.5602	0.5602	0.001	0.001	Positive
edge_4811	Sg_Z02_23	Sg_K36_6	0.4651	0.4651	0.001	0.001	Positive
edge_4812	Sg_Z02_43	Gp_MJ1_444	-0.401	0.401	0.001	0.001	Negative
edge_4813	Sg_Z02_43	Gp_MJ2_113	0.5559	0.5559	0.001	0.001	Positive
edge_4814	Sg_Z02_43	Gp_MJ3_477	0.4621	0.4621	0.001	0.001	Positive
edge_4815	Sg_Z02_43	Sg_A19_11	-0.4515	0.4515	0.001	0.001	Negative
edge_4816	Sg_Z02_43	Sg_B07_12	0.7304	0.7304	0.001	0.001	Positive
edge_4817	Sg_Z02_43	Sg_B07_53	0.7015	0.7015	0.001	0.001	Positive
edge_4818	Sg_Z02_43	Sg_B07_62	0.6671	0.6671	0.001	0.001	Positive
edge_4819	Sg_Z02_43	Sg_B08_36	0.529	0.529	0.001	0.001	Positive
edge_4820	Sg_Z02_43	Sg_B14_13	0.661	0.661	0.001	0.001	Positive
edge_4821	Sg_Z02_43	Sg_B15_23	0.7928	0.7928	0.001	0.001	Positive
edge_4822	Sg_Z02_43	Sg_CA25_21	0.6112	0.6112	0.001	0.001	Positive
edge_4823	Sg_Z02_43	Sg_CB03_47	-0.5281	0.5281	0.001	0.001	Negative
edge_4824	Sg_Z02_43	Sg_CD24A_10	0.5544	0.5544	0.001	0.001	Positive
edge_4825	Sg_Z02_43	Sg_CD26A_19	0.5676	0.5676	0.001	0.001	Positive
edge_4826	Sg_Z02_43	Sg_CD27A_46	-0.5238	0.5238	0.001	0.001	Negative
edge_4827	Sg_Z02_43	Sg_CD30A_34	0.7584	0.7584	0.001	0.001	Positive
edge_4828	Sg_Z02_43	Sg_CE19A_15	0.5165	0.5165	0.001	0.001	Positive
edge_4829	Sg_Z02_43	Sg_CE19A_24	0.5837	0.5837	0.001	0.001	Positive
edge_4830	Sg_Z02_43	Sg_CE19A_29	0.6307	0.6307	0.001	0.001	Positive
edge_4831	Sg_Z02_43	Sg_CK05A_18	0.7298	0.7298	0.001	0.001	Positive
edge_4832	Sg_Z02_43	Sg_CK52A_74	0.5875	0.5875	0.001	0.001	Positive
edge_4833	Sg_Z02_43	Sg_CM21_15	0.5919	0.5919	0.001	0.001	Positive
edge_4834	Sg_Z02_43	Sg_CM21_57	0.7604	0.7604	0.001	0.001	Positive
edge_4835	Sg_Z02_43	Sg_CM32A_49	-0.4876	0.4876	0.001	0.001	Negative
edge_4836	Sg_Z02_43	Sg_D10_17	0.7919	0.7919	0.001	0.001	Positive
edge_4837	Sg_Z02_43	Sg_E10_50	-0.4373	0.4373	0.001	0.001	Negative
edge_4838	Sg_Z02_43	Sg_EA61_27	-0.4951	0.4951	0.001	0.001	Negative
edge_4839	Sg_Z02_43	Sg_EB08_12	-0.4291	0.4291	0.001	0.001	Negative
edge_4840	Sg_Z02_43	Sg_EB13_4	0.7578	0.7578	0.001	0.001	Positive
edge_4841	Sg_Z02_43	Sg_EM03_7	0.4989	0.4989	0.001	0.001	Positive
edge_4842	Sg_Z02_43	Sg_EM12_46	0.5627	0.5627	0.001	0.001	Positive
edge_4843	Sg_Z02_43	Sg_G06_9	0.4151	0.4151	0.001	0.001	Positive
edge_4844	Sg_Z02_43	Sg_G26_22	0.7078	0.7078	0.001	0.001	Positive
edge_4845	Sg_Z02_43	Sg_G39_28	0.437	0.437	0.001	0.001	Positive
edge_4846	Sg_Z02_43	Sg_G43_29	0.4372	0.4372	0.001	0.001	Positive
edge_4847	Sg_Z02_43	Sg_I12_44	0.5736	0.5736	0.001	0.001	Positive
edge_4848	Sg_Z02_43	Sg_I12_6	-0.4845	0.4845	0.001	0.001	Negative
edge_4849	Sg_Z02_43	Sg_K09_1	-0.4029	0.4029	0.001	0.001	Negative
edge_4850	Sg_Z02_43	Sg_K15_44	-0.4763	0.4763	0.001	0.001	Negative
edge_4851	Sg_Z02_43	Sg_K17_22	0.5227	0.5227	0.001	0.001	Positive
edge_4852	Sg_Z02_43	Sg_K36_16	-0.4365	0.4365	0.001	0.001	Negative
edge_4853	Sg_Z02_43	Sg_K36_3	0.6207	0.6207	0.001	0.001	Positive
edge_4854	Sg_Z02_43	Sg_M07_4	0.5272	0.5272	0.001	0.001	Positive
edge_4855	Sg_Z02_43	Sg_M12_21	0.7801	0.7801	0.001	0.001	Positive
edge_4856	Sg_Z02_43	Sg_M12_39	0.6697	0.6697	0.001	0.001	Positive
edge_4857	Sg_Z02_43	Sg_M12_6	-0.4653	0.4653	0.001	0.001	Negative
edge_4858	Sg_Z02_43	Sg_M15_29	0.6834	0.6834	0.001	0.001	Positive
edge_4859	Sg_Z02_43	Sg_OA7r2_38	-0.4307	0.4307	0.001	0.001	Negative
edge_4860	Sg_Z02_43	Sg_OB03r2_39	-0.4439	0.4439	0.001	0.001	Negative
edge_4861	Sg_Z02_43	Sg_OB05r2_8	-0.5185	0.5185	0.001	0.001	Negative
edge_4862	Sg_Z02_43	Sg_OG24B2A_8	0.7916	0.7916	0.001	0.001	Positive
edge_4863	Sg_Z02_43	Sg_P27_4	0.4871	0.4871	0.001	0.001	Positive
edge_4864	Sg_Z02_43	Sg_Y07_14	-0.5058	0.5058	0.001	0.001	Negative
edge_4865	Sg_Z02_43	Sg_YB36_42	-0.3763	0.3763	0.001	0.001	Negative
edge_4866	Sg_Z02_43	Sg_YB37_28	-0.4001	0.4001	0.001	0.001	Negative
edge_4867	Sg_Z02_43	Sg_YB38_12	-0.4223	0.4223	0.001	0.001	Negative
edge_4868	Sg_Z02_43	Sg_YB39_24	-0.3757	0.3757	0.001	0.001	Negative
edge_4869	Sg_Z02_43	Sg_YB41_11	-0.4996	0.4996	0.001	0.001	Negative
edge_4870	Sg_Z02_43	Sg_YB46_3	0.6565	0.6565	0.001	0.001	Positive
edge_4871	Sg_Z02_5	Sg_B14_1	0.4348	0.4348	0.001	0.001	Positive
edge_4872	Sg_Z02_5	Sg_B27_18	0.4225	0.4225	0.001	0.001	Positive
edge_4873	Sg_Z02_5	Sg_CA25_14	-0.4002	0.4002	0.001	0.001	Negative
edge_4874	Sg_Z03_24	Gp_MJ1_12	-0.558	0.558	0.001	0.001	Negative
edge_4875	Sg_Z03_24	Gp_MJ1_272	-0.3693	0.3693	0.001	0.001	Negative
edge_4876	Sg_Z03_24	Gp_MJ1_444	-0.6092	0.6092	0.001	0.001	Negative
edge_4877	Sg_Z03_24	Gp_MJ2_113	0.4119	0.4119	0.001	0.001	Positive
edge_4878	Sg_Z03_24	Gp_MJ4_197	-0.4004	0.4004	0.001	0.001	Negative
edge_4879	Sg_Z03_24	Gp_MJ4_65	-0.4612	0.4612	0.001	0.001	Negative
edge_4880	Sg_Z03_24	Gp_YAB_333	0.4116	0.4116	0.001	0.001	Positive
edge_4881	Sg_Z03_24	Sg_A11_10	-0.5525	0.5525	0.001	0.001	Negative
edge_4882	Sg_Z03_24	Sg_A19_11	-0.4579	0.4579	0.001	0.001	Negative
edge_4883	Sg_Z03_24	Sg_A19_18	-0.4762	0.4762	0.001	0.001	Negative
edge_4884	Sg_Z03_24	Sg_A20_2	0.5802	0.5802	0.001	0.001	Positive
edge_4885	Sg_Z03_24	Sg_A22_3	-0.3551	0.3551	0.001	0.001	Negative
edge_4886	Sg_Z03_24	Sg_A22_8	-0.6529	0.6529	0.001	0.001	Negative
edge_4887	Sg_Z03_24	Sg_A27_23	0.4102	0.4102	0.001	0.001	Positive
edge_4888	Sg_Z03_24	Sg_A27_31	-0.4197	0.4197	0.001	0.001	Negative
edge_4889	Sg_Z03_24	Sg_B03_29	0.5272	0.5272	0.001	0.001	Positive
edge_4890	Sg_Z03_24	Sg_B07_12	0.6999	0.6999	0.001	0.001	Positive
edge_4891	Sg_Z03_24	Sg_B07_53	0.4791	0.4791	0.001	0.001	Positive
edge_4892	Sg_Z03_24	Sg_B07_62	0.47	0.47	0.001	0.001	Positive
edge_4893	Sg_Z03_24	Sg_B14_13	0.4131	0.4131	0.001	0.001	Positive
edge_4894	Sg_Z03_24	Sg_B15_23	0.5693	0.5693	0.001	0.001	Positive
edge_4895	Sg_Z03_24	Sg_B15_35	-0.5846	0.5846	0.001	0.001	Negative
edge_4896	Sg_Z03_24	Sg_CA11_52	-0.5179	0.5179	0.001	0.001	Negative
edge_4897	Sg_Z03_24	Sg_CA25_21	0.5405	0.5405	0.001	0.001	Positive
edge_4898	Sg_Z03_24	Sg_CA9_20	-0.5717	0.5717	0.001	0.001	Negative
edge_4899	Sg_Z03_24	Sg_CD23A_20	-0.5001	0.5001	0.001	0.001	Negative
edge_4900	Sg_Z03_24	Sg_CD24A_10	0.5392	0.5392	0.001	0.001	Positive
edge_4901	Sg_Z03_24	Sg_CD25A_53	0.4396	0.4396	0.001	0.001	Positive
edge_4902	Sg_Z03_24	Sg_CD26A_19	0.6471	0.6471	0.001	0.001	Positive
edge_4903	Sg_Z03_24	Sg_CD27A_46	-0.4165	0.4165	0.001	0.001	Negative
edge_4904	Sg_Z03_24	Sg_CD30A_34	0.601	0.601	0.001	0.001	Positive
edge_4905	Sg_Z03_24	Sg_CE19A_15	0.5335	0.5335	0.001	0.001	Positive
edge_4906	Sg_Z03_24	Sg_CE19A_29	0.5961	0.5961	0.001	0.001	Positive
edge_4907	Sg_Z03_24	Sg_CK05A_18	0.4676	0.4676	0.001	0.001	Positive
edge_4908	Sg_Z03_24	Sg_CM17_7	0.3973	0.3973	0.001	0.001	Positive
edge_4909	Sg_Z03_24	Sg_CM21_15	0.4145	0.4145	0.001	0.001	Positive
edge_4910	Sg_Z03_24	Sg_CM21_57	0.4335	0.4335	0.001	0.001	Positive
edge_4911	Sg_Z03_24	Sg_CM31A_43	-0.5276	0.5276	0.001	0.001	Negative
edge_4912	Sg_Z03_24	Sg_CM32A_49	-0.6014	0.6014	0.001	0.001	Negative
edge_4913	Sg_Z03_24	Sg_D02_32	-0.5694	0.5694	0.001	0.001	Negative
edge_4914	Sg_Z03_24	Sg_D10_17	0.5425	0.5425	0.001	0.001	Positive
edge_4915	Sg_Z03_24	Sg_E04_12	-0.4602	0.4602	0.001	0.001	Negative
edge_4916	Sg_Z03_24	Sg_E10_50	-0.5402	0.5402	0.001	0.001	Negative
edge_4917	Sg_Z03_24	Sg_EA47_9	-0.4833	0.4833	0.001	0.001	Negative
edge_4918	Sg_Z03_24	Sg_EA57_9	-0.6282	0.6282	0.001	0.001	Negative
edge_4919	Sg_Z03_24	Sg_EB08_12	-0.5631	0.5631	0.001	0.001	Negative
edge_4920	Sg_Z03_24	Sg_EB13_4	0.4747	0.4747	0.001	0.001	Positive
edge_4921	Sg_Z03_24	Sg_EM03_7	0.7152	0.7152	0.001	0.001	Positive
edge_4922	Sg_Z03_24	Sg_EM12_46	0.6942	0.6942	0.001	0.001	Positive
edge_4923	Sg_Z03_24	Sg_G09_4	0.5294	0.5294	0.001	0.001	Positive
edge_4924	Sg_Z03_24	Sg_G26_10	0.5189	0.5189	0.001	0.001	Positive
edge_4925	Sg_Z03_24	Sg_G26_22	0.5305	0.5305	0.001	0.001	Positive
edge_4926	Sg_Z03_24	Sg_G39_28	0.6081	0.6081	0.001	0.001	Positive
edge_4927	Sg_Z03_24	Sg_G43_29	0.5208	0.5208	0.001	0.001	Positive
edge_4928	Sg_Z03_24	Sg_I05_27	0.4607	0.4607	0.001	0.001	Positive
edge_4929	Sg_Z03_24	Sg_I06_25	-0.5342	0.5342	0.001	0.001	Negative
edge_4930	Sg_Z03_24	Sg_I12_32	-0.4374	0.4374	0.001	0.001	Negative
edge_4931	Sg_Z03_24	Sg_I12_44	0.8235	0.8235	0.001	0.001	Positive
edge_4932	Sg_Z03_24	Sg_K09_1	-0.6035	0.6035	0.001	0.001	Negative
edge_4933	Sg_Z03_24	Sg_K15_44	-0.6685	0.6685	0.001	0.001	Negative
edge_4934	Sg_Z03_24	Sg_K17_22	0.5705	0.5705	0.001	0.001	Positive
edge_4935	Sg_Z03_24	Sg_K22_66	-0.3947	0.3947	0.001	0.001	Negative
edge_4936	Sg_Z03_24	Sg_K22_8	-0.5975	0.5975	0.001	0.001	Negative
edge_4937	Sg_Z03_24	Sg_K36_16	-0.6044	0.6044	0.001	0.001	Negative
edge_4938	Sg_Z03_24	Sg_K36_27	-0.5153	0.5153	0.001	0.001	Negative
edge_4939	Sg_Z03_24	Sg_K36_29	-0.5818	0.5818	0.001	0.001	Negative
edge_4940	Sg_Z03_24	Sg_K36_3	0.526	0.526	0.001	0.001	Positive
edge_4941	Sg_Z03_24	Sg_K40_4	0.4286	0.4286	0.001	0.001	Positive
edge_4942	Sg_Z03_24	Sg_M07_39	0.6533	0.6533	0.001	0.001	Positive
edge_4943	Sg_Z03_24	Sg_M07_4	0.5551	0.5551	0.001	0.001	Positive
edge_4944	Sg_Z03_24	Sg_M12_21	0.4758	0.4758	0.001	0.001	Positive
edge_4945	Sg_Z03_24	Sg_M12_39	0.5863	0.5863	0.001	0.001	Positive
edge_4946	Sg_Z03_24	Sg_M12_6	-0.5127	0.5127	0.001	0.001	Negative
edge_4947	Sg_Z03_24	Sg_M15_10	0.5705	0.5705	0.001	0.001	Positive
edge_4948	Sg_Z03_24	Sg_M15_29	0.5365	0.5365	0.001	0.001	Positive
edge_4949	Sg_Z03_24	Sg_M17_33	0.4576	0.4576	0.001	0.001	Positive
edge_4950	Sg_Z03_24	Sg_M21_45	-0.4617	0.4617	0.001	0.001	Negative
edge_4951	Sg_Z03_24	Sg_OA7r2_38	-0.4727	0.4727	0.001	0.001	Negative
edge_4952	Sg_Z03_24	Sg_OB03r2_39	-0.7327	0.7327	0.001	0.001	Negative
edge_4953	Sg_Z03_24	Sg_OB05r2_38	-0.4067	0.4067	0.001	0.001	Negative
edge_4954	Sg_Z03_24	Sg_OB24r1_18	-0.5589	0.5589	0.001	0.001	Negative
edge_4955	Sg_Z03_24	Sg_OG24B2A_8	0.6841	0.6841	0.001	0.001	Positive
edge_4956	Sg_Z03_24	Sg_OM21r1_55	0.3807	0.3807	0.001	0.001	Positive
edge_4957	Sg_Z03_24	Sg_P27_4	0.454	0.454	0.001	0.001	Positive
edge_4958	Sg_Z03_24	Sg_YA03_20	-0.3878	0.3878	0.001	0.001	Negative
edge_4959	Sg_Z03_24	Sg_YA04_9	-0.4105	0.4105	0.001	0.001	Negative
edge_4960	Sg_Z03_24	Sg_YA12_28	-0.5886	0.5886	0.001	0.001	Negative
edge_4961	Sg_Z03_24	Sg_YB35_19	-0.5418	0.5418	0.001	0.001	Negative
edge_4962	Sg_Z03_24	Sg_YB36_42	-0.6271	0.6271	0.001	0.001	Negative
edge_4963	Sg_Z03_24	Sg_YB38_12	-0.6215	0.6215	0.001	0.001	Negative
edge_4964	Sg_Z03_24	Sg_YB39_24	-0.5022	0.5022	0.001	0.001	Negative
edge_4965	Sg_Z03_24	Sg_YB41_11	-0.4559	0.4559	0.001	0.001	Negative
edge_4966	Sg_Z03_24	Sg_YB59_31	-0.4007	0.4007	0.001	0.001	Negative
edge_4967	Sg_Z03_24	Sg_Z02_43	0.5819	0.5819	0.001	0.001	Positive
edge_4968	Sg_Z06_28	Gp_MJ1_12	-0.4257	0.4257	0.001	0.001	Negative
edge_4969	Sg_Z06_28	Gp_MJ2_113	0.4781	0.4781	0.001	0.001	Positive
edge_4970	Sg_Z06_28	Sg_B07_12	0.4923	0.4923	0.001	0.001	Positive
edge_4971	Sg_Z06_28	Sg_B07_53	0.519	0.519	0.001	0.001	Positive
edge_4972	Sg_Z06_28	Sg_B07_62	0.4337	0.4337	0.001	0.001	Positive
edge_4973	Sg_Z06_28	Sg_B14_13	0.7022	0.7022	0.001	0.001	Positive
edge_4974	Sg_Z06_28	Sg_B15_23	0.5729	0.5729	0.001	0.001	Positive
edge_4975	Sg_Z06_28	Sg_CA25_21	0.5028	0.5028	0.001	0.001	Positive
edge_4976	Sg_Z06_28	Sg_CB03_47	-0.4665	0.4665	0.001	0.001	Negative
edge_4977	Sg_Z06_28	Sg_CD24A_10	0.5616	0.5616	0.001	0.001	Positive
edge_4978	Sg_Z06_28	Sg_CD30A_34	0.5242	0.5242	0.001	0.001	Positive
edge_4979	Sg_Z06_28	Sg_CE19A_24	0.4715	0.4715	0.001	0.001	Positive
edge_4980	Sg_Z06_28	Sg_CK05A_18	0.5885	0.5885	0.001	0.001	Positive
edge_4981	Sg_Z06_28	Sg_CK51A_47	0.418	0.418	0.001	0.001	Positive
edge_4982	Sg_Z06_28	Sg_CM21_15	0.5478	0.5478	0.001	0.001	Positive
edge_4983	Sg_Z06_28	Sg_CM21_57	0.5604	0.5604	0.001	0.001	Positive
edge_4984	Sg_Z06_28	Sg_CM32A_49	-0.4226	0.4226	0.001	0.001	Negative
edge_4985	Sg_Z06_28	Sg_D02_9	-0.3811	0.3811	0.001	0.001	Negative
edge_4986	Sg_Z06_28	Sg_D10_17	0.5567	0.5567	0.001	0.001	Positive
edge_4987	Sg_Z06_28	Sg_EB13_4	0.6539	0.6539	0.001	0.001	Positive
edge_4988	Sg_Z06_28	Sg_EM12_46	0.4453	0.4453	0.001	0.001	Positive
edge_4989	Sg_Z06_28	Sg_G06_9	0.3865	0.3865	0.001	0.001	Positive
edge_4990	Sg_Z06_28	Sg_G26_22	0.597	0.597	0.001	0.001	Positive
edge_4991	Sg_Z06_28	Sg_G43_29	0.559	0.559	0.001	0.001	Positive
edge_4992	Sg_Z06_28	Sg_I12_44	0.4691	0.4691	0.001	0.001	Positive
edge_4993	Sg_Z06_28	Sg_I12_6	-0.3964	0.3964	0.001	0.001	Negative
edge_4994	Sg_Z06_28	Sg_K22_66	-0.4307	0.4307	0.001	0.001	Negative
edge_4995	Sg_Z06_28	Sg_K36_3	0.5478	0.5478	0.001	0.001	Positive
edge_4996	Sg_Z06_28	Sg_M12_21	0.6593	0.6593	0.001	0.001	Positive
edge_4997	Sg_Z06_28	Sg_M12_6	-0.4732	0.4732	0.001	0.001	Negative
edge_4998	Sg_Z06_28	Sg_M15_29	0.4564	0.4564	0.001	0.001	Positive
edge_4999	Sg_Z06_28	Sg_OB03r2_39	-0.3937	0.3937	0.001	0.001	Negative
edge_5000	Sg_Z06_28	Sg_OB05r2_8	-0.495	0.495	0.001	0.001	Negative
edge_5001	Sg_Z06_28	Sg_OG24B2A_8	0.5495	0.5495	0.001	0.001	Positive
edge_5002	Sg_Z06_28	Sg_P27_4	0.592	0.592	0.001	0.001	Positive
edge_5003	Sg_Z06_28	Sg_Y07_14	-0.4167	0.4167	0.001	0.001	Negative
edge_5004	Sg_Z06_28	Sg_YB35_19	-0.5426	0.5426	0.001	0.001	Negative
edge_5005	Sg_Z06_28	Sg_YB46_3	0.4083	0.4083	0.001	0.001	Positive
edge_5006	Sg_Z06_28	Sg_Z02_43	0.5111	0.5111	0.001	0.001	Positive
edge_5007	Sg_Z06_28	Sg_Z03_24	0.4527	0.4527	0.001	0.001	Positive
edge_5008	Sg_Z07_36	Gp_MJ3_477	-0.4165	0.4165	0.001	0.001	Negative
edge_5009	Sg_Z07_36	Sg_A11_12	-0.3675	0.3675	0.001	0.001	Negative
edge_5010	Sg_Z07_36	Sg_A19_12	-0.4178	0.4178	0.001	0.001	Negative
edge_5011	Sg_Z07_36	Sg_A19_51	-0.3991	0.3991	0.001	0.001	Negative
edge_5012	Sg_Z07_36	Sg_A20_35	0.5183	0.5183	0.001	0.001	Positive
edge_5013	Sg_Z07_36	Sg_A27_23	0.3955	0.3955	0.001	0.001	Positive
edge_5014	Sg_Z07_36	Sg_A28_8	0.4489	0.4489	0.001	0.001	Positive
edge_5015	Sg_Z07_36	Sg_B03_29	0.4885	0.4885	0.001	0.001	Positive
edge_5016	Sg_Z07_36	Sg_B15_52	-0.3992	0.3992	0.001	0.001	Negative
edge_5017	Sg_Z07_36	Sg_B25_38	-0.4359	0.4359	0.001	0.001	Negative
edge_5018	Sg_Z07_36	Sg_B26_35	0.4224	0.4224	0.001	0.001	Positive
edge_5019	Sg_Z07_36	Sg_B26_4	0.4263	0.4263	0.001	0.001	Positive
edge_5020	Sg_Z07_36	Sg_CA25_14	0.4185	0.4185	0.001	0.001	Positive
edge_5021	Sg_Z07_36	Sg_CA40A_55	0.4773	0.4773	0.001	0.001	Positive
edge_5022	Sg_Z07_36	Sg_CE19A_36	-0.46	0.46	0.001	0.001	Negative
edge_5023	Sg_Z07_36	Sg_CG50A_49	0.5075	0.5075	0.001	0.001	Positive
edge_5024	Sg_Z07_36	Sg_CK52A_43	0.4123	0.4123	0.001	0.001	Positive
edge_5025	Sg_Z07_36	Sg_CM17_7	0.3702	0.3702	0.001	0.001	Positive
edge_5026	Sg_Z07_36	Sg_CM29A_16	0.4587	0.4587	0.001	0.001	Positive
edge_5027	Sg_Z07_36	Sg_D09_14	-0.4937	0.4937	0.001	0.001	Negative
edge_5028	Sg_Z07_36	Sg_E06_10	0.4049	0.4049	0.001	0.001	Positive
edge_5029	Sg_Z07_36	Sg_G18_19	-0.3967	0.3967	0.001	0.001	Negative
edge_5030	Sg_Z07_36	Sg_G22_16	-0.4209	0.4209	0.001	0.001	Negative
edge_5031	Sg_Z07_36	Sg_I05_65	0.3924	0.3924	0.001	0.001	Positive
edge_5032	Sg_Z07_36	Sg_I12_32	-0.4506	0.4506	0.001	0.001	Negative
edge_5033	Sg_Z07_36	Sg_K09_61	-0.3873	0.3873	0.001	0.001	Negative
edge_5034	Sg_Z07_36	Sg_K10_28	0.4277	0.4277	0.001	0.001	Positive
edge_5035	Sg_Z07_36	Sg_K36_6	-0.4356	0.4356	0.001	0.001	Negative
edge_5036	Sg_Z07_36	Sg_M01_13	0.5128	0.5128	0.001	0.001	Positive
edge_5037	Sg_Z07_36	Sg_M07_27	0.4847	0.4847	0.001	0.001	Positive
edge_5038	Sg_Z07_36	Sg_M17_33	0.4541	0.4541	0.001	0.001	Positive
edge_5039	Sg_Z07_36	Sg_OB05r2_32	-0.4575	0.4575	0.001	0.001	Negative
edge_5040	Sg_Z07_36	Sg_P22_10	-0.4123	0.4123	0.001	0.001	Negative
edge_5041	Sg_Z07_36	Sg_X05_12	0.5031	0.5031	0.001	0.001	Positive
edge_5042	Sg_Z07_36	Sg_YB37_7	-0.5162	0.5162	0.001	0.001	Negative
edge_5043	Sg_Z07_36	Sg_YB59_31	-0.3751	0.3751	0.001	0.001	Negative
edge_5044	Sg_Z07_42	Gp_MJ1_12	0.698	0.698	0.001	0.001	Positive
edge_5045	Sg_Z07_42	Gp_MJ1_272	0.4701	0.4701	0.001	0.001	Positive
edge_5046	Sg_Z07_42	Gp_MJ1_444	0.7206	0.7206	0.001	0.001	Positive
edge_5047	Sg_Z07_42	Gp_MJ4_197	0.5198	0.5198	0.001	0.001	Positive
edge_5048	Sg_Z07_42	Gp_MJ4_65	0.4091	0.4091	0.001	0.001	Positive
edge_5049	Sg_Z07_42	Gp_NH_148	0.4208	0.4208	0.001	0.001	Positive
edge_5050	Sg_Z07_42	Gp_YAB_333	-0.4463	0.4463	0.001	0.001	Negative
edge_5051	Sg_Z07_42	Sg_A11_10	0.5976	0.5976	0.001	0.001	Positive
edge_5052	Sg_Z07_42	Sg_A19_18	0.5528	0.5528	0.001	0.001	Positive
edge_5053	Sg_Z07_42	Sg_A20_2	-0.5362	0.5362	0.001	0.001	Negative
edge_5054	Sg_Z07_42	Sg_A22_8	0.8383	0.8383	0.001	0.001	Positive
edge_5055	Sg_Z07_42	Sg_A27_23	-0.4425	0.4425	0.001	0.001	Negative
edge_5056	Sg_Z07_42	Sg_A27_31	0.603	0.603	0.001	0.001	Positive
edge_5057	Sg_Z07_42	Sg_B03_29	-0.4396	0.4396	0.001	0.001	Negative
edge_5058	Sg_Z07_42	Sg_B07_12	-0.5035	0.5035	0.001	0.001	Negative
edge_5059	Sg_Z07_42	Sg_B07_53	-0.4181	0.4181	0.001	0.001	Negative
edge_5060	Sg_Z07_42	Sg_B15_23	-0.5215	0.5215	0.001	0.001	Negative
edge_5061	Sg_Z07_42	Sg_B15_25	0.451	0.451	0.001	0.001	Positive
edge_5062	Sg_Z07_42	Sg_B15_35	0.4863	0.4863	0.001	0.001	Positive
edge_5063	Sg_Z07_42	Sg_CA11_52	0.4698	0.4698	0.001	0.001	Positive
edge_5064	Sg_Z07_42	Sg_CA25_21	-0.4415	0.4415	0.001	0.001	Negative
edge_5065	Sg_Z07_42	Sg_CA9_20	0.6214	0.6214	0.001	0.001	Positive
edge_5066	Sg_Z07_42	Sg_CD22A_27	0.4421	0.4421	0.001	0.001	Positive
edge_5067	Sg_Z07_42	Sg_CD23A_20	0.6422	0.6422	0.001	0.001	Positive
edge_5068	Sg_Z07_42	Sg_CD25A_53	-0.4401	0.4401	0.001	0.001	Negative
edge_5069	Sg_Z07_42	Sg_CD26A_19	-0.5263	0.5263	0.001	0.001	Negative
edge_5070	Sg_Z07_42	Sg_CD30A_34	-0.5214	0.5214	0.001	0.001	Negative
edge_5071	Sg_Z07_42	Sg_CE19A_15	-0.4917	0.4917	0.001	0.001	Negative
edge_5072	Sg_Z07_42	Sg_CE19A_29	-0.3897	0.3897	0.001	0.001	Negative
edge_5073	Sg_Z07_42	Sg_CE19A_36	0.4186	0.4186	0.001	0.001	Positive
edge_5074	Sg_Z07_42	Sg_CK05A_18	-0.4582	0.4582	0.001	0.001	Negative
edge_5075	Sg_Z07_42	Sg_CK52A_74	-0.4675	0.4675	0.001	0.001	Negative
edge_5076	Sg_Z07_42	Sg_CM21_15	-0.529	0.529	0.001	0.001	Negative
edge_5077	Sg_Z07_42	Sg_CM21_57	-0.3852	0.3852	0.001	0.001	Negative
edge_5078	Sg_Z07_42	Sg_CM31A_43	0.4643	0.4643	0.001	0.001	Positive
edge_5079	Sg_Z07_42	Sg_CM32A_49	0.5187	0.5187	0.001	0.001	Positive
edge_5080	Sg_Z07_42	Sg_CM33A_9	0.5107	0.5107	0.001	0.001	Positive
edge_5081	Sg_Z07_42	Sg_D02_32	0.5984	0.5984	0.001	0.001	Positive
edge_5082	Sg_Z07_42	Sg_D03_75	0.5297	0.5297	0.001	0.001	Positive
edge_5083	Sg_Z07_42	Sg_D10_17	-0.5027	0.5027	0.001	0.001	Negative
edge_5084	Sg_Z07_42	Sg_D18_45	0.4972	0.4972	0.001	0.001	Positive
edge_5085	Sg_Z07_42	Sg_E10_50	0.6933	0.6933	0.001	0.001	Positive
edge_5086	Sg_Z07_42	Sg_EA47_9	0.4351	0.4351	0.001	0.001	Positive
edge_5087	Sg_Z07_42	Sg_EA57_9	0.53	0.53	0.001	0.001	Positive
edge_5088	Sg_Z07_42	Sg_EB13_4	-0.5537	0.5537	0.001	0.001	Negative
edge_5089	Sg_Z07_42	Sg_EM03_7	-0.4676	0.4676	0.001	0.001	Negative
edge_5090	Sg_Z07_42	Sg_EM12_46	-0.5674	0.5674	0.001	0.001	Negative
edge_5091	Sg_Z07_42	Sg_G19_41	0.4691	0.4691	0.001	0.001	Positive
edge_5092	Sg_Z07_42	Sg_G26_22	-0.4737	0.4737	0.001	0.001	Negative
edge_5093	Sg_Z07_42	Sg_G26_28	0.4662	0.4662	0.001	0.001	Positive
edge_5094	Sg_Z07_42	Sg_G43_29	-0.5369	0.5369	0.001	0.001	Negative
edge_5095	Sg_Z07_42	Sg_I05_27	-0.4713	0.4713	0.001	0.001	Negative
edge_5096	Sg_Z07_42	Sg_I06_25	0.6169	0.6169	0.001	0.001	Positive
edge_5097	Sg_Z07_42	Sg_I12_32	0.4644	0.4644	0.001	0.001	Positive
edge_5098	Sg_Z07_42	Sg_I12_44	-0.6003	0.6003	0.001	0.001	Negative
edge_5099	Sg_Z07_42	Sg_K09_1	0.5914	0.5914	0.001	0.001	Positive
edge_5100	Sg_Z07_42	Sg_K15_44	0.9237	0.9237	0.001	0.001	Positive
edge_5101	Sg_Z07_42	Sg_K17_22	-0.558	0.558	0.001	0.001	Negative
edge_5102	Sg_Z07_42	Sg_K22_66	0.5566	0.5566	0.001	0.001	Positive
edge_5103	Sg_Z07_42	Sg_K22_8	0.6252	0.6252	0.001	0.001	Positive
edge_5104	Sg_Z07_42	Sg_K34_1	0.4163	0.4163	0.001	0.001	Positive
edge_5105	Sg_Z07_42	Sg_K36_16	0.9252	0.9252	0.001	0.001	Positive
edge_5106	Sg_Z07_42	Sg_K36_27	0.6729	0.6729	0.001	0.001	Positive
edge_5107	Sg_Z07_42	Sg_K36_29	0.7713	0.7713	0.001	0.001	Positive
edge_5108	Sg_Z07_42	Sg_M02_5	0.5154	0.5154	0.001	0.001	Positive
edge_5109	Sg_Z07_42	Sg_M07_39	-0.4371	0.4371	0.001	0.001	Negative
edge_5110	Sg_Z07_42	Sg_M07_4	-0.5377	0.5377	0.001	0.001	Negative
edge_5111	Sg_Z07_42	Sg_M12_21	-0.4679	0.4679	0.001	0.001	Negative
edge_5112	Sg_Z07_42	Sg_M12_6	0.6173	0.6173	0.001	0.001	Positive
edge_5113	Sg_Z07_42	Sg_M15_10	-0.3534	0.3534	0.001	0.001	Negative
edge_5114	Sg_Z07_42	Sg_M15_29	-0.5997	0.5997	0.001	0.001	Negative
edge_5115	Sg_Z07_42	Sg_M21_45	0.5571	0.5571	0.001	0.001	Positive
edge_5116	Sg_Z07_42	Sg_OA11r1_9	0.3951	0.3951	0.001	0.001	Positive
edge_5117	Sg_Z07_42	Sg_OA7r2_38	0.483	0.483	0.001	0.001	Positive
edge_5118	Sg_Z07_42	Sg_OB03r2_39	0.8836	0.8836	0.001	0.001	Positive
edge_5119	Sg_Z07_42	Sg_OB05r2_38	0.569	0.569	0.001	0.001	Positive
edge_5120	Sg_Z07_42	Sg_OG24B2A_8	-0.5696	0.5696	0.001	0.001	Negative
edge_5121	Sg_Z07_42	Sg_OM21r1_55	-0.4046	0.4046	0.001	0.001	Negative
edge_5122	Sg_Z07_42	Sg_P27_4	-0.4636	0.4636	0.001	0.001	Negative
edge_5123	Sg_Z07_42	Sg_P30_9	0.5292	0.5292	0.001	0.001	Positive
edge_5124	Sg_Z07_42	Sg_Y07_14	0.6268	0.6268	0.001	0.001	Positive
edge_5125	Sg_Z07_42	Sg_YA04_9	0.683	0.683	0.001	0.001	Positive
edge_5126	Sg_Z07_42	Sg_YA12_28	0.4986	0.4986	0.001	0.001	Positive
edge_5127	Sg_Z07_42	Sg_YA13_10	0.4446	0.4446	0.001	0.001	Positive
edge_5128	Sg_Z07_42	Sg_YB34_1	0.4198	0.4198	0.001	0.001	Positive
edge_5129	Sg_Z07_42	Sg_YB35_19	0.7593	0.7593	0.001	0.001	Positive
edge_5130	Sg_Z07_42	Sg_YB36_42	0.8263	0.8263	0.001	0.001	Positive
edge_5131	Sg_Z07_42	Sg_YB37_28	0.6335	0.6335	0.001	0.001	Positive
edge_5132	Sg_Z07_42	Sg_YB38_12	0.7004	0.7004	0.001	0.001	Positive
edge_5133	Sg_Z07_42	Sg_YB41_11	0.5029	0.5029	0.001	0.001	Positive
edge_5134	Sg_Z07_42	Sg_Z02_43	-0.4853	0.4853	0.001	0.001	Negative
edge_5135	Sg_Z07_42	Sg_Z03_24	-0.674	0.674	0.001	0.001	Negative
edge_5136	Sg_Z09_20	Gp_MJ3_477	0.4531	0.4531	0.001	0.001	Positive
edge_5137	Sg_Z09_20	Sg_A11_10	0.5562	0.5562	0.001	0.001	Positive
edge_5138	Sg_Z09_20	Sg_A17_17	0.4252	0.4252	0.001	0.001	Positive
edge_5139	Sg_Z09_20	Sg_A19_51	0.455	0.455	0.001	0.001	Positive
edge_5140	Sg_Z09_20	Sg_B15_25	0.4554	0.4554	0.001	0.001	Positive
edge_5141	Sg_Z09_20	Sg_B19_30	0.4088	0.4088	0.001	0.001	Positive
edge_5142	Sg_Z09_20	Sg_B25_10	0.4246	0.4246	0.001	0.001	Positive
edge_5143	Sg_Z09_20	Sg_B26_38	0.6328	0.6328	0.001	0.001	Positive
edge_5144	Sg_Z09_20	Sg_CD23A_20	0.5194	0.5194	0.001	0.001	Positive
edge_5145	Sg_Z09_20	Sg_CK51A_47	0.705	0.705	0.001	0.001	Positive
edge_5146	Sg_Z09_20	Sg_CM17_16	-0.3498	0.3498	0.001	0.001	Negative
edge_5147	Sg_Z09_20	Sg_CM30A_3	0.6541	0.6541	0.001	0.001	Positive
edge_5148	Sg_Z09_20	Sg_D02_32	0.4259	0.4259	0.001	0.001	Positive
edge_5149	Sg_Z09_20	Sg_D03_75	0.4829	0.4829	0.001	0.001	Positive
edge_5150	Sg_Z09_20	Sg_D18_45	0.4691	0.4691	0.001	0.001	Positive
edge_5151	Sg_Z09_20	Sg_E04_12	0.4333	0.4333	0.001	0.001	Positive
edge_5152	Sg_Z09_20	Sg_EM12_61	0.4375	0.4375	0.001	0.001	Positive
edge_5153	Sg_Z09_20	Sg_G37_59	0.4995	0.4995	0.001	0.001	Positive
edge_5154	Sg_Z09_20	Sg_G47_17	0.425	0.425	0.001	0.001	Positive
edge_5155	Sg_Z09_20	Sg_I05_27	-0.4352	0.4352	0.001	0.001	Negative
edge_5156	Sg_Z09_20	Sg_I06_25	0.4709	0.4709	0.001	0.001	Positive
edge_5157	Sg_Z09_20	Sg_K01_3	0.4274	0.4274	0.001	0.001	Positive
edge_5158	Sg_Z09_20	Sg_K15_44	0.4047	0.4047	0.001	0.001	Positive
edge_5159	Sg_Z09_20	Sg_K40_29	0.6546	0.6546	0.001	0.001	Positive
edge_5160	Sg_Z09_20	Sg_M07_23	0.4986	0.4986	0.001	0.001	Positive
edge_5161	Sg_Z09_20	Sg_M21_45	0.5377	0.5377	0.001	0.001	Positive
edge_5162	Sg_Z09_20	Sg_OA7r2_37	0.5055	0.5055	0.001	0.001	Positive
edge_5163	Sg_Z09_20	Sg_OG24B2A_39	0.4531	0.4531	0.001	0.001	Positive
edge_5164	Sg_Z09_20	Sg_P15_15	0.3658	0.3658	0.001	0.001	Positive
edge_5165	Sg_Z09_20	Sg_P30_9	0.5337	0.5337	0.001	0.001	Positive
edge_5166	Sg_Z10_1	Gp_MJ1_12	0.5423	0.5423	0.001	0.001	Positive
edge_5167	Sg_Z10_1	Gp_MJ1_444	0.6935	0.6935	0.001	0.001	Positive
edge_5168	Sg_Z10_1	Gp_MJ4_65	0.4992	0.4992	0.001	0.001	Positive
edge_5169	Sg_Z10_1	Gp_NH_148	0.4391	0.4391	0.001	0.001	Positive
edge_5170	Sg_Z10_1	Sg_A11_10	0.649	0.649	0.001	0.001	Positive
edge_5171	Sg_Z10_1	Sg_A17_17	0.5702	0.5702	0.001	0.001	Positive
edge_5172	Sg_Z10_1	Sg_A19_18	0.6076	0.6076	0.001	0.001	Positive
edge_5173	Sg_Z10_1	Sg_A19_51	0.5965	0.5965	0.001	0.001	Positive
edge_5174	Sg_Z10_1	Sg_A20_2	-0.5286	0.5286	0.001	0.001	Negative
edge_5175	Sg_Z10_1	Sg_A22_19	0.4642	0.4642	0.001	0.001	Positive
edge_5176	Sg_Z10_1	Sg_A22_3	0.6129	0.6129	0.001	0.001	Positive
edge_5177	Sg_Z10_1	Sg_A22_8	0.6612	0.6612	0.001	0.001	Positive
edge_5178	Sg_Z10_1	Sg_A27_23	-0.3838	0.3838	0.001	0.001	Negative
edge_5179	Sg_Z10_1	Sg_A27_31	0.4911	0.4911	0.001	0.001	Positive
edge_5180	Sg_Z10_1	Sg_B03_29	-0.4602	0.4602	0.001	0.001	Negative
edge_5181	Sg_Z10_1	Sg_B07_12	-0.474	0.474	0.001	0.001	Negative
edge_5182	Sg_Z10_1	Sg_B15_25	0.4935	0.4935	0.001	0.001	Positive
edge_5183	Sg_Z10_1	Sg_B15_35	0.551	0.551	0.001	0.001	Positive
edge_5184	Sg_Z10_1	Sg_B15_52	0.4574	0.4574	0.001	0.001	Positive
edge_5185	Sg_Z10_1	Sg_B25_10	0.4289	0.4289	0.001	0.001	Positive
edge_5186	Sg_Z10_1	Sg_CA11_52	0.4822	0.4822	0.001	0.001	Positive
edge_5187	Sg_Z10_1	Sg_CA9_20	0.6593	0.6593	0.001	0.001	Positive
edge_5188	Sg_Z10_1	Sg_CD22A_27	0.4236	0.4236	0.001	0.001	Positive
edge_5189	Sg_Z10_1	Sg_CD23A_20	0.7622	0.7622	0.001	0.001	Positive
edge_5190	Sg_Z10_1	Sg_CD25A_53	-0.5532	0.5532	0.001	0.001	Negative
edge_5191	Sg_Z10_1	Sg_CD26A_19	-0.4829	0.4829	0.001	0.001	Negative
edge_5192	Sg_Z10_1	Sg_CD27A_46	0.4393	0.4393	0.001	0.001	Positive
edge_5193	Sg_Z10_1	Sg_CE19A_15	-0.4401	0.4401	0.001	0.001	Negative
edge_5194	Sg_Z10_1	Sg_CE19A_29	-0.4545	0.4545	0.001	0.001	Negative
edge_5195	Sg_Z10_1	Sg_CE19A_36	0.6259	0.6259	0.001	0.001	Positive
edge_5196	Sg_Z10_1	Sg_CG50A_49	-0.4991	0.4991	0.001	0.001	Negative
edge_5197	Sg_Z10_1	Sg_CM17_16	-0.4821	0.4821	0.001	0.001	Negative
edge_5198	Sg_Z10_1	Sg_CM17_7	-0.4492	0.4492	0.001	0.001	Negative
edge_5199	Sg_Z10_1	Sg_CM31A_43	0.5123	0.5123	0.001	0.001	Positive
edge_5200	Sg_Z10_1	Sg_CM32A_49	0.4591	0.4591	0.001	0.001	Positive
edge_5201	Sg_Z10_1	Sg_CM33A_9	0.6221	0.6221	0.001	0.001	Positive
edge_5202	Sg_Z10_1	Sg_D02_32	0.6385	0.6385	0.001	0.001	Positive
edge_5203	Sg_Z10_1	Sg_D03_75	0.6261	0.6261	0.001	0.001	Positive
edge_5204	Sg_Z10_1	Sg_D18_45	0.5982	0.5982	0.001	0.001	Positive
edge_5205	Sg_Z10_1	Sg_E04_12	0.6102	0.6102	0.001	0.001	Positive
edge_5206	Sg_Z10_1	Sg_E10_50	0.6118	0.6118	0.001	0.001	Positive
edge_5207	Sg_Z10_1	Sg_EA57_9	0.4829	0.4829	0.001	0.001	Positive
edge_5208	Sg_Z10_1	Sg_EM03_7	-0.4893	0.4893	0.001	0.001	Negative
edge_5209	Sg_Z10_1	Sg_EM12_46	-0.4849	0.4849	0.001	0.001	Negative
edge_5210	Sg_Z10_1	Sg_EM12_61	0.3911	0.3911	0.001	0.001	Positive
edge_5211	Sg_Z10_1	Sg_G19_41	0.4549	0.4549	0.001	0.001	Positive
edge_5212	Sg_Z10_1	Sg_G26_10	-0.4011	0.4011	0.001	0.001	Negative
edge_5213	Sg_Z10_1	Sg_G26_28	0.6106	0.6106	0.001	0.001	Positive
edge_5214	Sg_Z10_1	Sg_G39_28	-0.4065	0.4065	0.001	0.001	Negative
edge_5215	Sg_Z10_1	Sg_I01_33	-0.4277	0.4277	0.001	0.001	Negative
edge_5216	Sg_Z10_1	Sg_I05_27	-0.531	0.531	0.001	0.001	Negative
edge_5217	Sg_Z10_1	Sg_I06_25	0.6808	0.6808	0.001	0.001	Positive
edge_5218	Sg_Z10_1	Sg_I12_32	0.6181	0.6181	0.001	0.001	Positive
edge_5219	Sg_Z10_1	Sg_K09_1	0.6429	0.6429	0.001	0.001	Positive
edge_5220	Sg_Z10_1	Sg_K15_44	0.7703	0.7703	0.001	0.001	Positive
edge_5221	Sg_Z10_1	Sg_K17_22	-0.5176	0.5176	0.001	0.001	Negative
edge_5222	Sg_Z10_1	Sg_K22_66	0.4326	0.4326	0.001	0.001	Positive
edge_5223	Sg_Z10_1	Sg_K22_8	0.6359	0.6359	0.001	0.001	Positive
edge_5224	Sg_Z10_1	Sg_K34_1	0.4402	0.4402	0.001	0.001	Positive
edge_5225	Sg_Z10_1	Sg_K36_16	0.7035	0.7035	0.001	0.001	Positive
edge_5226	Sg_Z10_1	Sg_K36_27	0.504	0.504	0.001	0.001	Positive
edge_5227	Sg_Z10_1	Sg_K36_29	0.5536	0.5536	0.001	0.001	Positive
edge_5228	Sg_Z10_1	Sg_K36_6	0.5105	0.5105	0.001	0.001	Positive
edge_5229	Sg_Z10_1	Sg_K40_29	0.4567	0.4567	0.001	0.001	Positive
edge_5230	Sg_Z10_1	Sg_K40_76	0.4198	0.4198	0.001	0.001	Positive
edge_5231	Sg_Z10_1	Sg_M07_39	-0.4098	0.4098	0.001	0.001	Negative
edge_5232	Sg_Z10_1	Sg_M07_4	-0.6033	0.6033	0.001	0.001	Negative
edge_5233	Sg_Z10_1	Sg_M11_7	0.4306	0.4306	0.001	0.001	Positive
edge_5234	Sg_Z10_1	Sg_M21_45	0.5009	0.5009	0.001	0.001	Positive
edge_5235	Sg_Z10_1	Sg_OA7r2_38	0.4695	0.4695	0.001	0.001	Positive
edge_5236	Sg_Z10_1	Sg_OA7r2_4	-0.4154	0.4154	0.001	0.001	Negative
edge_5237	Sg_Z10_1	Sg_OB03r2_39	0.7472	0.7472	0.001	0.001	Positive
edge_5238	Sg_Z10_1	Sg_OB05r2_32	0.4053	0.4053	0.001	0.001	Positive
edge_5239	Sg_Z10_1	Sg_OB05r2_38	0.4438	0.4438	0.001	0.001	Positive
edge_5240	Sg_Z10_1	Sg_OB24r1_18	0.4857	0.4857	0.001	0.001	Positive
edge_5241	Sg_Z10_1	Sg_OG24B2A_8	-0.4631	0.4631	0.001	0.001	Negative
edge_5242	Sg_Z10_1	Sg_OM21r1_55	-0.4655	0.4655	0.001	0.001	Negative
edge_5243	Sg_Z10_1	Sg_P15_12	0.4492	0.4492	0.001	0.001	Positive
edge_5244	Sg_Z10_1	Sg_P30_9	0.6421	0.6421	0.001	0.001	Positive
edge_5245	Sg_Z10_1	Sg_X05_3	-0.3916	0.3916	0.001	0.001	Negative
edge_5246	Sg_Z10_1	Sg_YA12_28	0.6404	0.6404	0.001	0.001	Positive
edge_5247	Sg_Z10_1	Sg_YA13_10	0.4616	0.4616	0.001	0.001	Positive
edge_5248	Sg_Z10_1	Sg_YB35_19	0.5791	0.5791	0.001	0.001	Positive
edge_5249	Sg_Z10_1	Sg_YB36_42	0.7881	0.7881	0.001	0.001	Positive
edge_5250	Sg_Z10_1	Sg_YB38_12	0.6959	0.6959	0.001	0.001	Positive
edge_5251	Sg_Z10_1	Sg_YB39_24	0.5078	0.5078	0.001	0.001	Positive
edge_5252	Sg_Z10_1	Sg_YB59_31	0.5573	0.5573	0.001	0.001	Positive
edge_5253	Sg_Z10_1	Sg_Z03_24	-0.5711	0.5711	0.001	0.001	Negative
edge_5254	Sg_Z10_1	Sg_Z07_42	0.7187	0.7187	0.001	0.001	Positive
edge_5255	Sg_Z10_1	Sg_Z09_20	0.573	0.573	0.001	0.001	Positive
edge_5256	Sg_Z12_45	Gp_MJ1_12	0.3966	0.3966	0.001	0.001	Positive
edge_5257	Sg_Z12_45	Sg_B07_53	-0.5005	0.5005	0.001	0.001	Negative
edge_5258	Sg_Z12_45	Sg_B07_62	-0.4041	0.4041	0.001	0.001	Negative
edge_5259	Sg_Z12_45	Sg_B15_23	-0.4837	0.4837	0.001	0.001	Negative
edge_5260	Sg_Z12_45	Sg_CA25_21	-0.4291	0.4291	0.001	0.001	Negative
edge_5261	Sg_Z12_45	Sg_CD30A_34	-0.4925	0.4925	0.001	0.001	Negative
edge_5262	Sg_Z12_45	Sg_CK05A_18	-0.5058	0.5058	0.001	0.001	Negative
edge_5263	Sg_Z12_45	Sg_CM21_57	-0.4855	0.4855	0.001	0.001	Negative
edge_5264	Sg_Z12_45	Sg_D02_9	0.5096	0.5096	0.001	0.001	Positive
edge_5265	Sg_Z12_45	Sg_D10_17	-0.4587	0.4587	0.001	0.001	Negative
edge_5266	Sg_Z12_45	Sg_EB08_12	0.4542	0.4542	0.001	0.001	Positive
edge_5267	Sg_Z12_45	Sg_EM12_46	-0.4335	0.4335	0.001	0.001	Negative
edge_5268	Sg_Z12_45	Sg_I12_44	-0.4363	0.4363	0.001	0.001	Negative
edge_5269	Sg_Z12_45	Sg_K17_22	-0.3719	0.3719	0.001	0.001	Negative
edge_5270	Sg_Z12_45	Sg_K22_66	0.4417	0.4417	0.001	0.001	Positive
edge_5271	Sg_Z12_45	Sg_M12_21	-0.4381	0.4381	0.001	0.001	Negative
edge_5272	Sg_Z12_45	Sg_M12_39	-0.5164	0.5164	0.001	0.001	Negative
edge_5273	Sg_Z12_45	Sg_M12_6	0.4633	0.4633	0.001	0.001	Positive
edge_5274	Sg_Z12_45	Sg_M15_10	-0.4052	0.4052	0.001	0.001	Negative
edge_5275	Sg_Z12_45	Sg_M15_29	-0.4038	0.4038	0.001	0.001	Negative
edge_5276	Sg_Z12_45	Sg_OB05r2_38	0.4883	0.4883	0.001	0.001	Positive
edge_5277	Sg_Z12_45	Sg_OB24r1_18	0.8386	0.8386	0.001	0.001	Positive
edge_5278	Sg_Z12_45	Sg_YB34_1	0.4536	0.4536	0.001	0.001	Positive
edge_5279	Sg_Z14_36	Gp_MJ1_12	-0.5437	0.5437	0.001	0.001	Negative
edge_5280	Sg_Z14_36	Gp_MJ1_444	-0.4768	0.4768	0.001	0.001	Negative
edge_5281	Sg_Z14_36	Gp_MJ2_113	0.6428	0.6428	0.001	0.001	Positive
edge_5282	Sg_Z14_36	Gp_MJ3_477	0.4823	0.4823	0.001	0.001	Positive
edge_5283	Sg_Z14_36	Sg_A19_11	-0.4681	0.4681	0.001	0.001	Negative
edge_5284	Sg_Z14_36	Sg_A22_8	-0.5215	0.5215	0.001	0.001	Negative
edge_5285	Sg_Z14_36	Sg_B07_12	0.711	0.711	0.001	0.001	Positive
edge_5286	Sg_Z14_36	Sg_B07_53	0.7592	0.7592	0.001	0.001	Positive
edge_5287	Sg_Z14_36	Sg_B07_62	0.663	0.663	0.001	0.001	Positive
edge_5288	Sg_Z14_36	Sg_B08_36	0.5511	0.5511	0.001	0.001	Positive
edge_5289	Sg_Z14_36	Sg_B14_13	0.747	0.747	0.001	0.001	Positive
edge_5290	Sg_Z14_36	Sg_B15_23	0.8072	0.8072	0.001	0.001	Positive
edge_5291	Sg_Z14_36	Sg_CA11_52	-0.4289	0.4289	0.001	0.001	Negative
edge_5292	Sg_Z14_36	Sg_CA13_9	-0.389	0.389	0.001	0.001	Negative
edge_5293	Sg_Z14_36	Sg_CA25_21	0.7509	0.7509	0.001	0.001	Positive
edge_5294	Sg_Z14_36	Sg_CB03_44	-0.3806	0.3806	0.001	0.001	Negative
edge_5295	Sg_Z14_36	Sg_CB03_47	-0.546	0.546	0.001	0.001	Negative
edge_5296	Sg_Z14_36	Sg_CD24A_10	0.6979	0.6979	0.001	0.001	Positive
edge_5297	Sg_Z14_36	Sg_CD26A_19	0.6062	0.6062	0.001	0.001	Positive
edge_5298	Sg_Z14_36	Sg_CD27A_46	-0.4816	0.4816	0.001	0.001	Negative
edge_5299	Sg_Z14_36	Sg_CD30A_34	0.7781	0.7781	0.001	0.001	Positive
edge_5300	Sg_Z14_36	Sg_CE19A_15	0.528	0.528	0.001	0.001	Positive
edge_5301	Sg_Z14_36	Sg_CE19A_24	0.6116	0.6116	0.001	0.001	Positive
edge_5302	Sg_Z14_36	Sg_CE19A_29	0.5759	0.5759	0.001	0.001	Positive
edge_5303	Sg_Z14_36	Sg_CK05A_18	0.7644	0.7644	0.001	0.001	Positive
edge_5304	Sg_Z14_36	Sg_CK52A_74	0.614	0.614	0.001	0.001	Positive
edge_5305	Sg_Z14_36	Sg_CM21_15	0.6311	0.6311	0.001	0.001	Positive
edge_5306	Sg_Z14_36	Sg_CM21_57	0.7956	0.7956	0.001	0.001	Positive
edge_5307	Sg_Z14_36	Sg_CM32A_49	-0.449	0.449	0.001	0.001	Negative
edge_5308	Sg_Z14_36	Sg_D02_9	-0.4725	0.4725	0.001	0.001	Negative
edge_5309	Sg_Z14_36	Sg_D10_17	0.8075	0.8075	0.001	0.001	Positive
edge_5310	Sg_Z14_36	Sg_E10_50	-0.4705	0.4705	0.001	0.001	Negative
edge_5311	Sg_Z14_36	Sg_EA47_9	-0.4208	0.4208	0.001	0.001	Negative
edge_5312	Sg_Z14_36	Sg_EA61_27	-0.4554	0.4554	0.001	0.001	Negative
edge_5313	Sg_Z14_36	Sg_EB03_22	-0.3666	0.3666	0.001	0.001	Negative
edge_5314	Sg_Z14_36	Sg_EB08_12	-0.4245	0.4245	0.001	0.001	Negative
edge_5315	Sg_Z14_36	Sg_EB13_4	0.8566	0.8566	0.001	0.001	Positive
edge_5316	Sg_Z14_36	Sg_EB21_10	-0.4066	0.4066	0.001	0.001	Negative
edge_5317	Sg_Z14_36	Sg_EM03_7	0.4955	0.4955	0.001	0.001	Positive
edge_5318	Sg_Z14_36	Sg_EM12_46	0.6518	0.6518	0.001	0.001	Positive
edge_5319	Sg_Z14_36	Sg_G06_9	0.4801	0.4801	0.001	0.001	Positive
edge_5320	Sg_Z14_36	Sg_G18_19	0.4463	0.4463	0.001	0.001	Positive
edge_5321	Sg_Z14_36	Sg_G19_41	-0.3963	0.3963	0.001	0.001	Negative
edge_5322	Sg_Z14_36	Sg_G26_22	0.7961	0.7961	0.001	0.001	Positive
edge_5323	Sg_Z14_36	Sg_G39_28	0.4646	0.4646	0.001	0.001	Positive
edge_5324	Sg_Z14_36	Sg_G43_29	0.6221	0.6221	0.001	0.001	Positive
edge_5325	Sg_Z14_36	Sg_I12_44	0.6448	0.6448	0.001	0.001	Positive
edge_5326	Sg_Z14_36	Sg_K15_44	-0.5716	0.5716	0.001	0.001	Negative
edge_5327	Sg_Z14_36	Sg_K17_22	0.6126	0.6126	0.001	0.001	Positive
edge_5328	Sg_Z14_36	Sg_K22_66	-0.5207	0.5207	0.001	0.001	Negative
edge_5329	Sg_Z14_36	Sg_K22_8	-0.4021	0.4021	0.001	0.001	Negative
edge_5330	Sg_Z14_36	Sg_K36_16	-0.5418	0.5418	0.001	0.001	Negative
edge_5331	Sg_Z14_36	Sg_K36_27	-0.415	0.415	0.001	0.001	Negative
edge_5332	Sg_Z14_36	Sg_K36_3	0.677	0.677	0.001	0.001	Positive
edge_5333	Sg_Z14_36	Sg_M02_5	-0.4223	0.4223	0.001	0.001	Negative
edge_5334	Sg_Z14_36	Sg_M07_4	0.5139	0.5139	0.001	0.001	Positive
edge_5335	Sg_Z14_36	Sg_M12_21	0.843	0.843	0.001	0.001	Positive
edge_5336	Sg_Z14_36	Sg_M12_39	0.7801	0.7801	0.001	0.001	Positive
edge_5337	Sg_Z14_36	Sg_M12_6	-0.5124	0.5124	0.001	0.001	Negative
edge_5338	Sg_Z14_36	Sg_M15_29	0.7464	0.7464	0.001	0.001	Positive
edge_5339	Sg_Z14_36	Sg_OA7r2_38	-0.4106	0.4106	0.001	0.001	Negative
edge_5340	Sg_Z14_36	Sg_OB03r2_39	-0.5416	0.5416	0.001	0.001	Negative
edge_5341	Sg_Z14_36	Sg_OB05r2_38	-0.4325	0.4325	0.001	0.001	Negative
edge_5342	Sg_Z14_36	Sg_OB05r2_8	-0.4589	0.4589	0.001	0.001	Negative
edge_5343	Sg_Z14_36	Sg_OB24r1_18	-0.4838	0.4838	0.001	0.001	Negative
edge_5344	Sg_Z14_36	Sg_OG24B2A_8	0.7992	0.7992	0.001	0.001	Positive
edge_5345	Sg_Z14_36	Sg_P27_4	0.7099	0.7099	0.001	0.001	Positive
edge_5346	Sg_Z14_36	Sg_Y07_14	-0.6034	0.6034	0.001	0.001	Negative
edge_5347	Sg_Z14_36	Sg_YA04_9	-0.4186	0.4186	0.001	0.001	Negative
edge_5348	Sg_Z14_36	Sg_YB35_19	-0.4956	0.4956	0.001	0.001	Negative
edge_5349	Sg_Z14_36	Sg_YB37_28	-0.3928	0.3928	0.001	0.001	Negative
edge_5350	Sg_Z14_36	Sg_YB38_12	-0.4461	0.4461	0.001	0.001	Negative
edge_5351	Sg_Z14_36	Sg_YB39_24	-0.438	0.438	0.001	0.001	Negative
edge_5352	Sg_Z14_36	Sg_YB41_11	-0.5105	0.5105	0.001	0.001	Negative
edge_5353	Sg_Z14_36	Sg_YB46_3	0.6884	0.6884	0.001	0.001	Positive
edge_5354	Sg_Z14_36	Sg_Z02_43	0.8161	0.8161	0.001	0.001	Positive
edge_5355	Sg_Z14_36	Sg_Z03_24	0.6398	0.6398	0.001	0.001	Positive
edge_5356	Sg_Z14_36	Sg_Z06_28	0.6271	0.6271	0.001	0.001	Positive
edge_5357	Sg_Z14_36	Sg_Z07_42	-0.5936	0.5936	0.001	0.001	Negative
edge_5358	Sg_Z14_36	Sg_Z10_1	-0.3948	0.3948	0.001	0.001	Negative
edge_5359	Sg_Z14_36	Sg_Z12_45	-0.5325	0.5325	0.001	0.001	Negative
edge_5360	Sg_Z14_45	Gp_MJ2_113	-0.4197	0.4197	0.001	0.001	Negative
edge_5361	Sg_Z14_45	Gp_MJ3_477	-0.4472	0.4472	0.001	0.001	Negative
edge_5362	Sg_Z14_45	Sg_B19_40	0.9088	0.9088	0.001	0.001	Positive
edge_5363	Sg_Z14_45	Sg_CB03_47	0.4955	0.4955	0.001	0.001	Positive
edge_5364	Sg_Z14_45	Sg_CK51A_47	-0.4548	0.4548	0.001	0.001	Negative
edge_5365	Sg_Z14_45	Sg_E06_24	0.8404	0.8404	0.001	0.001	Positive
edge_5366	Sg_Z14_45	Sg_EA61_27	0.822	0.822	0.001	0.001	Positive
edge_5367	Sg_Z14_45	Sg_EB10_11	0.893	0.893	0.001	0.001	Positive
edge_5368	Sg_Z14_45	Sg_EB21_10	0.7154	0.7154	0.001	0.001	Positive
edge_5369	Sg_Z14_45	Sg_G29_33	0.6224	0.6224	0.001	0.001	Positive
edge_5370	Sg_Z14_45	Sg_I12_6	0.8235	0.8235	0.001	0.001	Positive
edge_5371	Sg_Z14_45	Sg_K01_5	0.8659	0.8659	0.001	0.001	Positive
edge_5372	Sg_Z14_45	Sg_M02_37	0.8959	0.8959	0.001	0.001	Positive
edge_5373	Sg_Z14_45	Sg_OB05r2_8	0.8093	0.8093	0.001	0.001	Positive
edge_5374	Sg_Z14_45	Sg_P23_1	0.8978	0.8978	0.001	0.001	Positive
edge_5375	Sg_Z14_45	Sg_YB35_7	0.7655	0.7655	0.001	0.001	Positive
edge_5376	Sg_Z14_45	Sg_YB37_7	-0.4129	0.4129	0.001	0.001	Negative
edge_5377	Sg_Z14_45	Sg_YB38_6	0.3752	0.3752	0.001	0.001	Positive
edge_5378	Sg_Z14_58	Sg_B15_35	-0.4268	0.4268	0.001	0.001	Negative
edge_5379	Sg_Z14_58	Sg_B15_52	-0.38	0.38	0.001	0.001	Negative
edge_5380	Sg_Z14_58	Sg_B25_10	-0.4632	0.4632	0.001	0.001	Negative
edge_5381	Sg_Z14_58	Sg_B26_35	0.4397	0.4397	0.001	0.001	Positive
edge_5382	Sg_Z14_58	Sg_C02_30	0.5625	0.5625	0.001	0.001	Positive
edge_5383	Sg_Z14_58	Sg_C14_34	0.4084	0.4084	0.001	0.001	Positive
edge_5384	Sg_Z14_58	Sg_CA13_9	0.4667	0.4667	0.001	0.001	Positive
edge_5385	Sg_Z14_58	Sg_CD27A_46	-0.4125	0.4125	0.001	0.001	Negative
edge_5386	Sg_Z14_58	Sg_CM17_16	0.4293	0.4293	0.001	0.001	Positive
edge_5387	Sg_Z14_58	Sg_G21_58	0.7726	0.7726	0.001	0.001	Positive
edge_5388	Sg_Z14_58	Sg_H04_45	0.5889	0.5889	0.001	0.001	Positive
edge_5389	Sg_Z14_58	Sg_K36_6	-0.378	0.378	0.001	0.001	Negative
edge_5390	Sg_Z14_58	Sg_K46_34	0.5732	0.5732	0.001	0.001	Positive
edge_5391	Sg_Z14_58	Sg_M08_36	0.4417	0.4417	0.001	0.001	Positive
edge_5392	Sg_Z14_58	Sg_OA11r1_12	0.3757	0.3757	0.001	0.001	Positive
edge_5393	Sg_Z14_58	Sg_OB05r2_32	-0.438	0.438	0.001	0.001	Negative
edge_5394	Sg_Z14_58	Sg_OG24B2A_25	0.4162	0.4162	0.001	0.001	Positive
edge_5395	Sg_Z15_39	Gp_MJ1_12	-0.531	0.531	0.001	0.001	Negative
edge_5396	Sg_Z15_39	Gp_MJ1_444	-0.4523	0.4523	0.001	0.001	Negative
edge_5397	Sg_Z15_39	Gp_MJ2_113	0.6339	0.6339	0.001	0.001	Positive
edge_5398	Sg_Z15_39	Gp_MJ3_477	0.5146	0.5146	0.001	0.001	Positive
edge_5399	Sg_Z15_39	Sg_A20_2	0.424	0.424	0.001	0.001	Positive
edge_5400	Sg_Z15_39	Sg_A22_8	-0.4499	0.4499	0.001	0.001	Negative
edge_5401	Sg_Z15_39	Sg_A27_31	-0.4084	0.4084	0.001	0.001	Negative
edge_5402	Sg_Z15_39	Sg_B07_12	0.7344	0.7344	0.001	0.001	Positive
edge_5403	Sg_Z15_39	Sg_B07_53	0.6987	0.6987	0.001	0.001	Positive
edge_5404	Sg_Z15_39	Sg_B07_62	0.688	0.688	0.001	0.001	Positive
edge_5405	Sg_Z15_39	Sg_B08_36	0.6224	0.6224	0.001	0.001	Positive
edge_5406	Sg_Z15_39	Sg_B14_13	0.6464	0.6464	0.001	0.001	Positive
edge_5407	Sg_Z15_39	Sg_B15_23	0.789	0.789	0.001	0.001	Positive
edge_5408	Sg_Z15_39	Sg_B15_35	-0.4381	0.4381	0.001	0.001	Negative
edge_5409	Sg_Z15_39	Sg_CA25_21	0.6309	0.6309	0.001	0.001	Positive
edge_5410	Sg_Z15_39	Sg_CB03_47	-0.4417	0.4417	0.001	0.001	Negative
edge_5411	Sg_Z15_39	Sg_CD23A_32	0.434	0.434	0.001	0.001	Positive
edge_5412	Sg_Z15_39	Sg_CD24A_10	0.6261	0.6261	0.001	0.001	Positive
edge_5413	Sg_Z15_39	Sg_CD26A_19	0.5506	0.5506	0.001	0.001	Positive
edge_5414	Sg_Z15_39	Sg_CD27A_46	-0.5719	0.5719	0.001	0.001	Negative
edge_5415	Sg_Z15_39	Sg_CD30A_34	0.8831	0.8831	0.001	0.001	Positive
edge_5416	Sg_Z15_39	Sg_CE19A_15	0.4996	0.4996	0.001	0.001	Positive
edge_5417	Sg_Z15_39	Sg_CE19A_24	0.533	0.533	0.001	0.001	Positive
edge_5418	Sg_Z15_39	Sg_CE19A_29	0.6149	0.6149	0.001	0.001	Positive
edge_5419	Sg_Z15_39	Sg_CK05A_18	0.7693	0.7693	0.001	0.001	Positive
edge_5420	Sg_Z15_39	Sg_CK52A_74	0.581	0.581	0.001	0.001	Positive
edge_5421	Sg_Z15_39	Sg_CM21_15	0.6493	0.6493	0.001	0.001	Positive
edge_5422	Sg_Z15_39	Sg_CM21_57	0.7804	0.7804	0.001	0.001	Positive
edge_5423	Sg_Z15_39	Sg_CM32A_49	-0.5865	0.5865	0.001	0.001	Negative
edge_5424	Sg_Z15_39	Sg_D02_9	-0.3825	0.3825	0.001	0.001	Negative
edge_5425	Sg_Z15_39	Sg_D10_17	0.7896	0.7896	0.001	0.001	Positive
edge_5426	Sg_Z15_39	Sg_E10_50	-0.4795	0.4795	0.001	0.001	Negative
edge_5427	Sg_Z15_39	Sg_EA47_9	-0.4569	0.4569	0.001	0.001	Negative
edge_5428	Sg_Z15_39	Sg_EB03_22	-0.4826	0.4826	0.001	0.001	Negative
edge_5429	Sg_Z15_39	Sg_EB08_12	-0.4534	0.4534	0.001	0.001	Negative
edge_5430	Sg_Z15_39	Sg_EB13_4	0.7318	0.7318	0.001	0.001	Positive
edge_5431	Sg_Z15_39	Sg_EM03_7	0.5258	0.5258	0.001	0.001	Positive
edge_5432	Sg_Z15_39	Sg_EM12_46	0.636	0.636	0.001	0.001	Positive
edge_5433	Sg_Z15_39	Sg_G26_22	0.7872	0.7872	0.001	0.001	Positive
edge_5434	Sg_Z15_39	Sg_G43_29	0.5136	0.5136	0.001	0.001	Positive
edge_5435	Sg_Z15_39	Sg_I12_44	0.651	0.651	0.001	0.001	Positive
edge_5436	Sg_Z15_39	Sg_K09_1	-0.4978	0.4978	0.001	0.001	Negative
edge_5437	Sg_Z15_39	Sg_K14_18	-0.4734	0.4734	0.001	0.001	Negative
edge_5438	Sg_Z15_39	Sg_K15_44	-0.518	0.518	0.001	0.001	Negative
edge_5439	Sg_Z15_39	Sg_K17_22	0.5693	0.5693	0.001	0.001	Positive
edge_5440	Sg_Z15_39	Sg_K22_66	-0.4395	0.4395	0.001	0.001	Negative
edge_5441	Sg_Z15_39	Sg_K22_8	-0.4303	0.4303	0.001	0.001	Negative
edge_5442	Sg_Z15_39	Sg_K36_16	-0.4642	0.4642	0.001	0.001	Negative
edge_5443	Sg_Z15_39	Sg_K36_27	-0.4747	0.4747	0.001	0.001	Negative
edge_5444	Sg_Z15_39	Sg_K36_3	0.6253	0.6253	0.001	0.001	Positive
edge_5445	Sg_Z15_39	Sg_M07_39	0.4353	0.4353	0.001	0.001	Positive
edge_5446	Sg_Z15_39	Sg_M07_4	0.5238	0.5238	0.001	0.001	Positive
edge_5447	Sg_Z15_39	Sg_M12_21	0.7481	0.7481	0.001	0.001	Positive
edge_5448	Sg_Z15_39	Sg_M12_39	0.8206	0.8206	0.001	0.001	Positive
edge_5449	Sg_Z15_39	Sg_M12_6	-0.493	0.493	0.001	0.001	Negative
edge_5450	Sg_Z15_39	Sg_M15_10	0.4546	0.4546	0.001	0.001	Positive
edge_5451	Sg_Z15_39	Sg_M15_29	0.7178	0.7178	0.001	0.001	Positive
edge_5452	Sg_Z15_39	Sg_OA7r2_38	-0.4412	0.4412	0.001	0.001	Negative
edge_5453	Sg_Z15_39	Sg_OB03r2_39	-0.5224	0.5224	0.001	0.001	Negative
edge_5454	Sg_Z15_39	Sg_OB05r2_38	-0.4407	0.4407	0.001	0.001	Negative
edge_5455	Sg_Z15_39	Sg_OB24r1_18	-0.53	0.53	0.001	0.001	Negative
edge_5456	Sg_Z15_39	Sg_OG24B2A_8	0.7732	0.7732	0.001	0.001	Positive
edge_5457	Sg_Z15_39	Sg_P27_4	0.4807	0.4807	0.001	0.001	Positive
edge_5458	Sg_Z15_39	Sg_Y07_14	-0.4826	0.4826	0.001	0.001	Negative
edge_5459	Sg_Z15_39	Sg_YA04_9	-0.4392	0.4392	0.001	0.001	Negative
edge_5460	Sg_Z15_39	Sg_YB35_19	-0.4152	0.4152	0.001	0.001	Negative
edge_5461	Sg_Z15_39	Sg_YB37_28	-0.453	0.453	0.001	0.001	Negative
edge_5462	Sg_Z15_39	Sg_YB38_12	-0.436	0.436	0.001	0.001	Negative
edge_5463	Sg_Z15_39	Sg_YB39_24	-0.3806	0.3806	0.001	0.001	Negative
edge_5464	Sg_Z15_39	Sg_YB41_11	-0.502	0.502	0.001	0.001	Negative
edge_5465	Sg_Z15_39	Sg_YB46_3	0.619	0.619	0.001	0.001	Positive
edge_5466	Sg_Z15_39	Sg_Z02_43	0.7829	0.7829	0.001	0.001	Positive
edge_5467	Sg_Z15_39	Sg_Z03_24	0.6565	0.6565	0.001	0.001	Positive
edge_5468	Sg_Z15_39	Sg_Z06_28	0.575	0.575	0.001	0.001	Positive
edge_5469	Sg_Z15_39	Sg_Z07_42	-0.5234	0.5234	0.001	0.001	Negative
edge_5470	Sg_Z15_39	Sg_Z12_45	-0.5416	0.5416	0.001	0.001	Negative
edge_5471	Sg_Z15_39	Sg_Z14_36	0.8007	0.8007	0.001	0.001	Positive
edge_5472	Sg_Z15_51	Gp_MJ1_272	0.6125	0.6125	0.001	0.001	Positive
edge_5473	Sg_Z15_51	Gp_MJ1_444	0.5536	0.5536	0.001	0.001	Positive
edge_5474	Sg_Z15_51	Gp_MJ4_65	0.4303	0.4303	0.001	0.001	Positive
edge_5475	Sg_Z15_51	Gp_YAB_333	-0.5271	0.5271	0.001	0.001	Negative
edge_5476	Sg_Z15_51	Sg_A11_10	0.4922	0.4922	0.001	0.001	Positive
edge_5477	Sg_Z15_51	Sg_A15_26	0.4402	0.4402	0.001	0.001	Positive
edge_5478	Sg_Z15_51	Sg_A17_17	0.7915	0.7915	0.001	0.001	Positive
edge_5479	Sg_Z15_51	Sg_A19_12	0.5198	0.5198	0.001	0.001	Positive
edge_5480	Sg_Z15_51	Sg_A19_18	0.4699	0.4699	0.001	0.001	Positive
edge_5481	Sg_Z15_51	Sg_A19_51	0.6137	0.6137	0.001	0.001	Positive
edge_5482	Sg_Z15_51	Sg_A20_2	-0.474	0.474	0.001	0.001	Negative
edge_5483	Sg_Z15_51	Sg_A20_35	-0.4894	0.4894	0.001	0.001	Negative
edge_5484	Sg_Z15_51	Sg_A22_19	0.6632	0.6632	0.001	0.001	Positive
edge_5485	Sg_Z15_51	Sg_A22_3	0.5898	0.5898	0.001	0.001	Positive
edge_5486	Sg_Z15_51	Sg_A22_8	0.5846	0.5846	0.001	0.001	Positive
edge_5487	Sg_Z15_51	Sg_A27_23	-0.5123	0.5123	0.001	0.001	Negative
edge_5488	Sg_Z15_51	Sg_A28_8	-0.4908	0.4908	0.001	0.001	Negative
edge_5489	Sg_Z15_51	Sg_B03_29	-0.6264	0.6264	0.001	0.001	Negative
edge_5490	Sg_Z15_51	Sg_B15_35	0.7267	0.7267	0.001	0.001	Positive
edge_5491	Sg_Z15_51	Sg_B15_52	0.629	0.629	0.001	0.001	Positive
edge_5492	Sg_Z15_51	Sg_B25_10	0.607	0.607	0.001	0.001	Positive
edge_5493	Sg_Z15_51	Sg_C02_30	-0.5892	0.5892	0.001	0.001	Negative
edge_5494	Sg_Z15_51	Sg_C04_33	-0.5412	0.5412	0.001	0.001	Negative
edge_5495	Sg_Z15_51	Sg_CA11_52	0.4441	0.4441	0.001	0.001	Positive
edge_5496	Sg_Z15_51	Sg_CA9_20	0.4799	0.4799	0.001	0.001	Positive
edge_5497	Sg_Z15_51	Sg_CD23A_20	0.6914	0.6914	0.001	0.001	Positive
edge_5498	Sg_Z15_51	Sg_CD25A_53	-0.5402	0.5402	0.001	0.001	Negative
edge_5499	Sg_Z15_51	Sg_CD27A_46	0.4139	0.4139	0.001	0.001	Positive
edge_5500	Sg_Z15_51	Sg_CE19A_36	0.6573	0.6573	0.001	0.001	Positive
edge_5501	Sg_Z15_51	Sg_CG50A_49	-0.5485	0.5485	0.001	0.001	Negative
edge_5502	Sg_Z15_51	Sg_CM17_16	-0.5234	0.5234	0.001	0.001	Negative
edge_5503	Sg_Z15_51	Sg_CM17_7	-0.4598	0.4598	0.001	0.001	Negative
edge_5504	Sg_Z15_51	Sg_CM31A_43	0.5014	0.5014	0.001	0.001	Positive
edge_5505	Sg_Z15_51	Sg_CM32A_49	0.4107	0.4107	0.001	0.001	Positive
edge_5506	Sg_Z15_51	Sg_CM33A_9	0.5284	0.5284	0.001	0.001	Positive
edge_5507	Sg_Z15_51	Sg_D02_32	0.6878	0.6878	0.001	0.001	Positive
edge_5508	Sg_Z15_51	Sg_E04_12	0.6946	0.6946	0.001	0.001	Positive
edge_5509	Sg_Z15_51	Sg_E10_50	0.4065	0.4065	0.001	0.001	Positive
edge_5510	Sg_Z15_51	Sg_EA57_9	0.5287	0.5287	0.001	0.001	Positive
edge_5511	Sg_Z15_51	Sg_EM12_61	0.4151	0.4151	0.001	0.001	Positive
edge_5512	Sg_Z15_51	Sg_G26_28	0.4524	0.4524	0.001	0.001	Positive
edge_5513	Sg_Z15_51	Sg_G47_17	0.4795	0.4795	0.001	0.001	Positive
edge_5514	Sg_Z15_51	Sg_H04_45	-0.4565	0.4565	0.001	0.001	Negative
edge_5515	Sg_Z15_51	Sg_I06_25	0.5786	0.5786	0.001	0.001	Positive
edge_5516	Sg_Z15_51	Sg_I12_32	0.6683	0.6683	0.001	0.001	Positive
edge_5517	Sg_Z15_51	Sg_I12_44	-0.405	0.405	0.001	0.001	Negative
edge_5518	Sg_Z15_51	Sg_K09_1	0.72	0.72	0.001	0.001	Positive
edge_5519	Sg_Z15_51	Sg_K10_28	-0.4545	0.4545	0.001	0.001	Negative
edge_5520	Sg_Z15_51	Sg_K15_44	0.5144	0.5144	0.001	0.001	Positive
edge_5521	Sg_Z15_51	Sg_K22_8	0.6575	0.6575	0.001	0.001	Positive
edge_5522	Sg_Z15_51	Sg_K36_16	0.4424	0.4424	0.001	0.001	Positive
edge_5523	Sg_Z15_51	Sg_K36_29	0.4352	0.4352	0.001	0.001	Positive
edge_5524	Sg_Z15_51	Sg_K36_6	0.5573	0.5573	0.001	0.001	Positive
edge_5525	Sg_Z15_51	Sg_K40_4	-0.4453	0.4453	0.001	0.001	Negative
edge_5526	Sg_Z15_51	Sg_K46_34	-0.5946	0.5946	0.001	0.001	Negative
edge_5527	Sg_Z15_51	Sg_M01_13	-0.4764	0.4764	0.001	0.001	Negative
edge_5528	Sg_Z15_51	Sg_M07_27	-0.3718	0.3718	0.001	0.001	Negative
edge_5529	Sg_Z15_51	Sg_M07_4	-0.4656	0.4656	0.001	0.001	Negative
edge_5530	Sg_Z15_51	Sg_M15_10	-0.4485	0.4485	0.001	0.001	Negative
edge_5531	Sg_Z15_51	Sg_M17_33	-0.5145	0.5145	0.001	0.001	Negative
edge_5532	Sg_Z15_51	Sg_M21_45	0.4105	0.4105	0.001	0.001	Positive
edge_5533	Sg_Z15_51	Sg_OA11r1_12	-0.5142	0.5142	0.001	0.001	Negative
edge_5534	Sg_Z15_51	Sg_OA7r2_38	0.4651	0.4651	0.001	0.001	Positive
edge_5535	Sg_Z15_51	Sg_OB03r2_39	0.5813	0.5813	0.001	0.001	Positive
edge_5536	Sg_Z15_51	Sg_OB05r2_32	0.6123	0.6123	0.001	0.001	Positive
edge_5537	Sg_Z15_51	Sg_OM21r1_55	-0.4587	0.4587	0.001	0.001	Negative
edge_5538	Sg_Z15_51	Sg_P15_12	0.538	0.538	0.001	0.001	Positive
edge_5539	Sg_Z15_51	Sg_P30_9	0.5521	0.5521	0.001	0.001	Positive
edge_5540	Sg_Z15_51	Sg_X05_12	-0.4017	0.4017	0.001	0.001	Negative
edge_5541	Sg_Z15_51	Sg_X05_3	-0.487	0.487	0.001	0.001	Negative
edge_5542	Sg_Z15_51	Sg_YA12_28	0.7541	0.7541	0.001	0.001	Positive
edge_5543	Sg_Z15_51	Sg_YB36_42	0.6317	0.6317	0.001	0.001	Positive
edge_5544	Sg_Z15_51	Sg_YB38_12	0.6651	0.6651	0.001	0.001	Positive
edge_5545	Sg_Z15_51	Sg_YB59_31	0.5151	0.5151	0.001	0.001	Positive
edge_5546	Sg_Z15_51	Sg_Z03_24	-0.4584	0.4584	0.001	0.001	Negative
edge_5547	Sg_Z15_51	Sg_Z07_36	-0.4276	0.4276	0.001	0.001	Negative
edge_5548	Sg_Z15_51	Sg_Z09_20	0.4387	0.4387	0.001	0.001	Positive
edge_5549	Sg_Z15_51	Sg_Z10_1	0.6358	0.6358	0.001	0.001	Positive
edge_5550	Sg_Z15_51	Sg_Z14_58	-0.4751	0.4751	0.001	0.001	Negative
edge_5551	Sg_Z16_22	Sg_A11_2	-0.4071	0.4071	0.001	0.001	Negative
edge_5552	Sg_Z16_22	Sg_EA47_17	-0.4668	0.4668	0.001	0.001	Negative
edge_5553	Sg_Z16_22	Sg_EB09_7	-0.4325	0.4325	0.001	0.001	Negative
edge_5554	Sg_Z16_22	Sg_EM12_61	0.3297	0.3297	0.001	0.001	Positive
edge_5555	Sg_Z16_22	Sg_K36_17	-0.4199	0.4199	0.001	0.001	Negative
edge_5556	Sg_Z16_22	Sg_Y07_14	0.4403	0.4403	0.001	0.001	Positive
edge_5557	Sg_Z17_26	Gp_MJ1_12	-0.3926	0.3926	0.001	0.001	Negative
edge_5558	Sg_Z17_26	Gp_MJ1_444	-0.4574	0.4574	0.001	0.001	Negative
edge_5559	Sg_Z17_26	Gp_MJ4_65	-0.5066	0.5066	0.001	0.001	Negative
edge_5560	Sg_Z17_26	Gp_YAB_333	0.4081	0.4081	0.001	0.001	Positive
edge_5561	Sg_Z17_26	Sg_A11_10	-0.516	0.516	0.001	0.001	Negative
edge_5562	Sg_Z17_26	Sg_A17_17	-0.5294	0.5294	0.001	0.001	Negative
edge_5563	Sg_Z17_26	Sg_A19_12	-0.4551	0.4551	0.001	0.001	Negative
edge_5564	Sg_Z17_26	Sg_A20_2	0.51	0.51	0.001	0.001	Positive
edge_5565	Sg_Z17_26	Sg_A22_19	-0.4438	0.4438	0.001	0.001	Negative
edge_5566	Sg_Z17_26	Sg_A22_3	-0.4419	0.4419	0.001	0.001	Negative
edge_5567	Sg_Z17_26	Sg_A22_8	-0.4678	0.4678	0.001	0.001	Negative
edge_5568	Sg_Z17_26	Sg_A27_23	0.4257	0.4257	0.001	0.001	Positive
edge_5569	Sg_Z17_26	Sg_B03_29	0.652	0.652	0.001	0.001	Positive
edge_5570	Sg_Z17_26	Sg_B03_38	0.3911	0.3911	0.001	0.001	Positive
edge_5571	Sg_Z17_26	Sg_B15_22	-0.5271	0.5271	0.001	0.001	Negative
edge_5572	Sg_Z17_26	Sg_B15_35	-0.5356	0.5356	0.001	0.001	Negative
edge_5573	Sg_Z17_26	Sg_B15_52	-0.4961	0.4961	0.001	0.001	Negative
edge_5574	Sg_Z17_26	Sg_B27_18	-0.4357	0.4357	0.001	0.001	Negative
edge_5575	Sg_Z17_26	Sg_C04_33	0.4342	0.4342	0.001	0.001	Positive
edge_5576	Sg_Z17_26	Sg_CA11_52	-0.5315	0.5315	0.001	0.001	Negative
edge_5577	Sg_Z17_26	Sg_CA9_20	-0.4358	0.4358	0.001	0.001	Negative
edge_5578	Sg_Z17_26	Sg_CD23A_20	-0.4405	0.4405	0.001	0.001	Negative
edge_5579	Sg_Z17_26	Sg_CD25A_53	0.4557	0.4557	0.001	0.001	Positive
edge_5580	Sg_Z17_26	Sg_CD26A_19	0.5351	0.5351	0.001	0.001	Positive
edge_5581	Sg_Z17_26	Sg_CE19A_36	-0.5484	0.5484	0.001	0.001	Negative
edge_5582	Sg_Z17_26	Sg_CK52A_43	0.4681	0.4681	0.001	0.001	Positive
edge_5583	Sg_Z17_26	Sg_CM29A_16	0.5142	0.5142	0.001	0.001	Positive
edge_5584	Sg_Z17_26	Sg_CM31A_43	-0.5491	0.5491	0.001	0.001	Negative
edge_5585	Sg_Z17_26	Sg_CM32A_49	-0.4996	0.4996	0.001	0.001	Negative
edge_5586	Sg_Z17_26	Sg_CM33A_60	0.5654	0.5654	0.001	0.001	Positive
edge_5587	Sg_Z17_26	Sg_CM33A_9	-0.3684	0.3684	0.001	0.001	Negative
edge_5588	Sg_Z17_26	Sg_E04_12	-0.4823	0.4823	0.001	0.001	Negative
edge_5589	Sg_Z17_26	Sg_EA57_9	-0.6459	0.6459	0.001	0.001	Negative
edge_5590	Sg_Z17_26	Sg_EB08_12	-0.4277	0.4277	0.001	0.001	Negative
edge_5591	Sg_Z17_26	Sg_EM03_7	0.5009	0.5009	0.001	0.001	Positive
edge_5592	Sg_Z17_26	Sg_EM12_46	0.4777	0.4777	0.001	0.001	Positive
edge_5593	Sg_Z17_26	Sg_G26_10	0.5574	0.5574	0.001	0.001	Positive
edge_5594	Sg_Z17_26	Sg_G33_7	0.4481	0.4481	0.001	0.001	Positive
edge_5595	Sg_Z17_26	Sg_G39_28	0.4937	0.4937	0.001	0.001	Positive
edge_5596	Sg_Z17_26	Sg_I06_25	-0.4303	0.4303	0.001	0.001	Negative
edge_5597	Sg_Z17_26	Sg_I12_32	-0.4531	0.4531	0.001	0.001	Negative
edge_5598	Sg_Z17_26	Sg_I12_44	0.6592	0.6592	0.001	0.001	Positive
edge_5599	Sg_Z17_26	Sg_K09_1	-0.5449	0.5449	0.001	0.001	Negative
edge_5600	Sg_Z17_26	Sg_K15_44	-0.4814	0.4814	0.001	0.001	Negative
edge_5601	Sg_Z17_26	Sg_K17_22	0.3772	0.3772	0.001	0.001	Positive
edge_5602	Sg_Z17_26	Sg_K22_8	-0.463	0.463	0.001	0.001	Negative
edge_5603	Sg_Z17_26	Sg_K40_4	0.6003	0.6003	0.001	0.001	Positive
edge_5604	Sg_Z17_26	Sg_M07_39	0.5595	0.5595	0.001	0.001	Positive
edge_5605	Sg_Z17_26	Sg_M07_4	0.4677	0.4677	0.001	0.001	Positive
edge_5606	Sg_Z17_26	Sg_M15_10	0.5868	0.5868	0.001	0.001	Positive
edge_5607	Sg_Z17_26	Sg_M17_33	0.5169	0.5169	0.001	0.001	Positive
edge_5608	Sg_Z17_26	Sg_OA7r2_38	-0.4846	0.4846	0.001	0.001	Negative
edge_5609	Sg_Z17_26	Sg_OB03r2_39	-0.5778	0.5778	0.001	0.001	Negative
edge_5610	Sg_Z17_26	Sg_OG24B2A_8	0.4668	0.4668	0.001	0.001	Positive
edge_5611	Sg_Z17_26	Sg_OM21r1_55	0.438	0.438	0.001	0.001	Positive
edge_5612	Sg_Z17_26	Sg_P15_12	-0.4078	0.4078	0.001	0.001	Negative
edge_5613	Sg_Z17_26	Sg_YA12_28	-0.5595	0.5595	0.001	0.001	Negative
edge_5614	Sg_Z17_26	Sg_YB36_42	-0.4743	0.4743	0.001	0.001	Negative
edge_5615	Sg_Z17_26	Sg_YB38_12	-0.5233	0.5233	0.001	0.001	Negative
edge_5616	Sg_Z17_26	Sg_YB41_11	-0.3917	0.3917	0.001	0.001	Negative
edge_5617	Sg_Z17_26	Sg_YB59_31	-0.4306	0.4306	0.001	0.001	Negative
edge_5618	Sg_Z17_26	Sg_Z03_24	0.7114	0.7114	0.001	0.001	Positive
edge_5619	Sg_Z17_26	Sg_Z07_42	-0.455	0.455	0.001	0.001	Negative
edge_5620	Sg_Z17_26	Sg_Z15_39	0.4302	0.4302	0.001	0.001	Positive
