#OTU ID	A04	A18	G11	Z16	B04	EA44	EA47	EA48	EA49	EA50	EA51	EA53	EA54	EA55	EA57	EA58	EA60	EA61	EA63	EA68	EA70	EA72	EA73	EA76	EB01	EB02	EB03	EB04	EB05	EB07	EB08	EB09	EB10	EB13	EB16	EB17	EB20	EB21	EB24	EB28	EM03	EM12	EM22	EM25	EM27	EM30	EM32	EM33	EM34	E12	K16	M12	P24	P31	CA40A	CD21A	CD24A	CD25A	CD27A	CD28A	CD29A	CD30A	CE19A	CM28A	CM29A	CM30A	CM31A	CM32A	CM33A	CM34A	CM35A	CM36A
Gp_EAB_462	293	9546	2916	677	59	9	170	746	413	254	79	54	162	135	61	144	122	219	3588	151	203	86	22	216	141	71	255	362	75	49	148	5567	13	388	125	170	259	293	67	197	647	105	10	461	27	100	57	266	11	15	294	329	389	51	1068	130	1423	604	152	265	711	913	284	693	755	113	5250	1200	25985	2102	535	131
Gp_MJ1_12	2739	131	251	403	1546	5	2782	1573	1018	4593	977	979	1838	1846	819	552	1063	13219	1907	1122	2678	1912	3942	1984	1681	960	9016	3417	2191	2002	1755	11721	3355	1746	2957	1449	1978	3982	2238	1832	1215	3594	5454	2149	1793	1978	1769	2145	3865	1779	1796	559	2490	5171	461	761	151	499	61	239	745	209	147	650	411	107	722	742	681	187	475	660
Gp_MJ1_149	2	33	83	9	14	14	73	43	11	280	16	378	79	25	91	287	91	122	244	37	113	198	15	106	31	16	28	31	10	340	110	40	169	104	63	51	662	194	42	148	128	90	329	198	102	28	158	262	16	6	146	6	79	42	28	7	6	16	70	8	311	12	7	12	31	71	73	22	19	18	16	5
Gp_MJ1_272	119	13	13	323	192	8	223	62	1658	49	164	64	159	128	53	83	36	720	63	150	72	49924	89	155	50	43	197	69	155	125	201	130	674	215	246	172	51	2270	153	6451	148	251	484	2077	466	109	473	107	342	38	158	82	91	479	201	32	246	66	70	14	45	42	9	66	63	41	148	81	43	30	53	144
Gp_MJ1_444	625	892	78	343	687	330	1266	468	558	199	330	424	300	367	291	588	751	1181	3594	1506	3392	1201	1593	6359	408	478	1278	540	411	385	1056	1013	1326	1663	937	984	6367	1479	1106	607	522	931	826	811	2738	773	1091	812	599	337	750	456	534	1589	122	324	211	217	70	85	381	145	42	139	250	431	169	250	138	261	753	275
Gp_MJ2_113	593	7936	162	194	904	198	4625	1988	2022	283	14872	705	1122	1660	56	444	2212	718	370	579	933	128	225	363	596	821	344	2227	1291	145	1084	285	696	1911	467	4242	357	162	191	1044	419	315	277	188	54	14435	129	398	47	404	366	1006	507	287	1235	803	1536	1946	1671	980	344	2051	871	791	2752	1741	996	278	652	767	6326	798
Gp_MJ3_423	37	11	10	694	207	316	47	315	144	123	186	29161	3923	3556	92	33001	5631	4838	81	3733	23720	7769	49	300	434	330	398	224	103	78	89	751	205	216	1121	99	3100	1100	516	1287	4005	198	73767	3597	159	3	216	775	270	197	1282	115	198	5315	67	20	9	8	5	34	20	76	193	81	39	39	277	33	11	28	468	169
Gp_MJ3_477	806	3304	120	2122	499	253	1074	1350	3063	441	2071	2004	3711	2282	177	445	2623	581	818	990	546	710	449	657	644	943	620	1324	4040	214	1019	469	560	1828	531	2144	545	760	1235	1217	1514	2845	557	550	815	3645	663	1251	428	1217	521	808	509	1496	1308	558	1666	4959	1255	913	3938	1391	4412	1045	2550	1557	1790	843	2399	1674	5724	810
Gp_MJ4_197	1860	65	32	520	3218	0	13235	141	349	8	123	1213	4512	74	37	6349	277	773	3282	2143	2606	876	309	4512	744	397	220	626	59	906	730	447	442	147	401	128	212	7065	3838	126	92	3437	263	718	357	1289	328	8347	432	31	193	10	156	2208	45	4	134	13	6	8	11	8	1	24	15	22	13	69	106	7	28	13
Gp_MJ4_65	36	0	5	2	21	300150	28	38	2	36	7	562	9	12	62	27	3	9	36	36	99	13	4	19	10	1	5	2	198	412	49	9	15	4	20	0	10	37	1	2	8	4	165	35	22	4	2391	67	35	3	3	5	8	38	4	1	2	5	3	1	5	0	0	8	1	1	4	1	0	0	65	1
Gp_NH_148	116	61	22	483	492	3	1141	1808	94	425	25850	2813	1260	163	1394	2447	1536	2921	181	749	2100	6908	156	20697	1910	5558	4215	2231	134	470	367	726	191	691	215	19559	1932	388	5013	156	2204	334	449	1831	370	5593	337	170	254	54	14008	1033	367	5396	121	17	41	146	31	13	94	24	2	75	2443	89	72	101	61	22	757	64
Gp_YAB_333	83	42	394	1058	6	1	57	244	48	122	63	8	15	14	7	11	29	5	16	59	2	8	0	221	1697	289165	3	4624	230	16	0	26	0	3890	27	4463	85	4	1	27	99	13	1	17	1	86	1	14	1	17	10	4	1267	1	81	738	825	104	9	10	13	3057	13	5183	26	3	20	9	14	8	73	12
Gp_YAB_339	7	51	391	87	12711	2153	19	2919	3023	2	0	345	19	723	15692	972	689	637	98	3978	2661	55	163	3923	928	3	7	470	16	508	809	288	6	179	503	197	1607	2	130	165	195	245	89	887	511	45	124	712	199	522	33	1412	6181	24	356	113	1862	172	92	397	6452	589	443	5254	521	882	183	389	947	888	441	771
Gp_meta27_16	1443	619	377	8382	305	2	16901	1578	2681	9383	121	10624	5152	5684	1896	145	2635	10018	5720	7649	2583	10110	510	8775	9244	3363	2391	3324	78	1101	2882	1158	308	9384	161	10365	2270	16349	237	183	6234	117	331	1110	353	4769	259	162	203	36	314	40	4815	373	564	113	21	575	14	14	54	75	5	354	304	34	2566	1048	50	696	44	2874
Gp_meta27_511	686	815	14149	2696	373	426	208	938	5411	184	861	562	1034	576	91	1481	753	167	485	640	1310	131	242	399	510	1088	383	766	1554	89	852	6398	71	1085	142	888	325	77	341	258	1329	438	80	498	26	570	100	2302	159	422	281	1300	514	194	1916	861	27085	1549	328	1051	1142	646	713	864	482	1957	393	4794	825	2170	13501	648
Sg_A01_16	854	1	40419	86	0	1	106	3	79	1031	0	30	232	303	483	127	41	22	3913	5856	41	4	2	4	0	0	106	4	43	13	2	9	533	24	1	0	27	3	17	58	21	2	1218	3	58	18	223	136	1283	6	3	15	4	8	15	0	0	15	2	2	9	1103	14	3	3	0	6	2147	1	58	3	16
Sg_A07_40	164540	29	1939	95	341	8	2458	380	242	222	5755	12831	7921	289	521	160	238	464	919	22317	2048	2705	826	416	187	265	1722	2939	86	1723	280	483	1209	340	430	3360	274	2143	4941	1200	5318	6619	227	3253	799	136	779	16686	157	81	17903	22144	851	5629	944	84	141	686	1339	202	719	42329	29	3610	55985	221	1780	986	10511	5184	7841	6589
Sg_A11_10	6457	164	510	736	4382	20	3078	3924	771	1948	1182	809	1001	10654	733	1157	4886	4947	6422	13865	5335	23980	2548	2950	632	21650	2715	1629	728	979	1082	1354	3239	8949	9551	16627	2345	2701	3984	4804	3450	78706	5305	1982	1823	3073	3968	7351	3329	278	7477	288	886	5595	343	4278	1691	762	152	43	370	85	1036	405	1682	579	292	2791	266	232	831	244
Sg_A11_12	49	495	464	28	669	3731	80	778	1072	7	4	291	43	4745	4525	3344	5121	905	201	3224	2286	209	855	2833	3713	10	58	66	52	241	3899	5225	12	83	660	755	341	0	261	60	751	296	365	1426	298	45	227	630	57	1313	151	6139	1912	185	1852	484	2169	1316	289	3007	1594	3648	253	1636	644	6338	143	1147	354	5750	689	3107
Sg_A11_2	35	128	2924	92	507	10811	47	6895	4160	472	19	4438	254	61840	28516	2471	2600	889	3092	5591	1596	4115	1251	4232	15668	27	55	3488	151	1076	1141	10636	328	16520	94681	3703	2039	1	9559	298	441	4684	726	1452	57558	12581	26933	7228	76	10211	37	1315	10303	155	40307	2324	907	1038	156	1934	8318	844	106	3919	252	287	9433	1363	147	1968	11410	23346
Sg_A11_47	146	62	536	523	150	0	128	308	104	211	116	166	77	73	27	179	926	2099	185	31395	141	236	242	307	180	110	169	9481	48	63	175	130	173	332	125	218	6614	112	195	2726	163	365	164	4468	78	325	111	18575	138	15	161	49	811	172	131	91	117	143	44	46	165	253	11	542	99	65	98	199	142	131	200	134
Sg_A15_26	149	177	76	78	113	16	68	192	52	168	94	90	68	79	32	64	55	101	70	125	128	161	37	115	109	106	349	124	119	43	144	144	270	98	133	158	136	85	102	137	91	119	174	147	250	156	212	80	11	87	95	38	66	206	89	38	77	25	53	22	88	216	36	56	28830	31	59	58	83	46	39	46
Sg_A17_17	529	459	373	2450	6911	10	1373	904	730	3647	22516	1417	585	28774	14601	7390	769	1426	961	1450	1031	6820	7255	2486	2949	643	16757	1361	4553	680	3132	879	75836	47191	3595	9886	999	3308	3107	6664	4934	1433	79453	12957	308626	19282	250235	2182	3253	26881	2392	4432	10098	8175	609	348	890	403	842	3095	1011	3482	271	1740	21596	15891	8613	7031	1421	271	10648	3387
Sg_A19_11	20	0	28	5	72	327	65	12	13	129	81	12	20	227	776	182	12	9	175	442	6199	26	19	462	93	11	30	1	14	2027	123	33	43	12	131	2	136	21	19	20	6	107	32	37	104	20	112	251	6	620	67	219	56	37	1941	1	18	17	0	1	0	25	0	43	5	10	3642	1	1	296	57	2
Sg_A19_12	1617	2251	441	4734	18393	67	1912	844	3361	1455	3994	1745	15844	4794	978	1167	2297	7670	1278	2537	1961	4573	2696	2181	1721	2609	3899	3189	1205	1228	6177	2145	8884	1761	14587	3746	1622	2392	2535	7640	9519	4008	3808	2223	5301	2671	2563	1790	980	10365	18236	2717	926	4006	25334	2833	2263	4632	4714	8769	913	4029	1665	776	2531	434	5554	19159	6629	2743	14531	9630
Sg_A19_18	2071	7484	1556	6169	689	2	3202	1250	3930	462	876	1207	543	1607	353	784	1361	947	1426	1115	731	1016	3297	607	1393	955	1063	2882	2427	1549	1472	1205	1290	2348	2988	1120	897	2902	2325	1287	2560	2515	2494	1936	473	1782	1882	1979	2962	41	1349	600	697	2605	5183	506	650	1499	464	936	7523	1201	156	2037	3537	752	2984	4370	1631	4555	1416	1362
Sg_A19_36	11	0	11	19	3111	8282	1	12563	26	47	0	6	12	1102	2304	763	12	320	99	1033	1002	19	1	690	21	5	3	18	12	7676	1044	5	295	1	778	5	28	4	0	37	2232	21	3683	31	16	20	823	455	26	96	9	1	214	4	784	1	4	4	0	0	8	8	0	22	11	6	5	7	3	3	4	2
Sg_A19_51	934	1284	1399	3588	642	42	1933	1027	1877	383	1122	1232	1463	2087	323	589	314	653	787	566	433	775	2720	1145	405	799	1933	435	4559	230	532	291	1716	985	695	606	517	935	1696	972	574	407	1536	852	1169	2294	1327	764	428	6352	1680	363	558	906	1161	601	1171	634	1189	1256	1207	349	1444	649	579	1978	853	2343	803	501	751	12171
Sg_A20_2	141	221	25314	9	0	7	48	7251	367	145	788	32	292	344	279	18	8547	15	102	46	20	12	2	13	3156	7785	13	419	1997	23	197	146	3	562	37	272	4081	5	18	191	37924	129	15	12	5	452	8	2327	4	44	302	19	9039	42	1573	33365	29760	2670	118	55	321	289	2236	2078	127	198	364	1254	77	96	325	576
Sg_A20_35	224	67	2023	9	174	0	25	1366	88	58	22	6	95	10	337	42	12	3	20	41	2	1	1	29	501	2254	1	922	501	4	1	366	0	463	31	82	10470	1	2	3	23	1	1	906	0	114	1	140	0	329	1213	0	805	60	8536	11211	597	2987	23	18	123	350	22	648	14	3	25	13	446	9	17	4
Sg_A22_19	92	26	18	222	1073	20	498	1248	412	2112	32746	414	372	1542	481	390	193	571	273	502	244	6876	2410	525	414	203	59778	1172	47219	241	3959	457	3784	41687	1157	29148	368	764	2782	3892	490	665	9844	18356	104759	201465	59032	258	608	1726	995	5400	741	2655	1448	52	125	507	3933	2793	140	36	137	226	179	7114	3148	20973	105	55	889	12264
Sg_A22_22	3	338	6	1	2	0	339	4	213	2	0	139	5	6	12	3	162	2	28913	6	68	1	2	3	1	1	1	4	6	11	4	4	2	0	6	8	13	344	192	100	0	9	0	76	1	4	1	2	6	13	6	1	3	1	1	1	14	15	1866	3541	127	0	2023	27	269	56	7	3	93	14	1	6
Sg_A22_3	1	3	0	18	271	427	68	34	7	51	176	17	26	80	60	127	9	35	62	19	57	76	172	50	31	59	158	40	123	69	15	5	178	220	379	140	35	43	50	89	35	29	58	93	36	485	373	41	9	1266	49	43	3	54	25	3	3	16	7	9	21	1	17	11	30	21	13	102	9	4	16	7
Sg_A22_8	8465	1798	1582	6776	158698	14	35847	37488	14579	9867	122069	34204	4659	118611	46195	22187	22021	39439	16421	49533	111652	38854	87037	48172	19178	27641	114856	8969	49219	251972	90843	117651	124142	14114	220670	64739	77760	95045	331910	97812	95139	105807	442507	47026	50924	165539	460373	28610	789196	1152	21248	20634	32065	95669	4098	1503	2972	1425	592	338	2989	1989	378	2009	2337	1705	6729	8719	1985	1657	3425	3469
Sg_A24_54	92	75	3251	630	216	1	299	2276	185	76	318	626	190	368	38	205	9663	18761	285	2389	307	289	132	352	504	244	308	2891	259	173	145	419	373	263	206	392	891	299	465	30462	158	561	90	609	408	130	71	2078	36	61	197	72	5491	393	81	563	269	105	19	31	505	2215	15	2679	207	113	148	230	223	73	1556	132
Sg_A27_23	2165	418	19767	41	26	5	198	15797	1761	494	591	222	314	114	162	15	109	14	21	1052	25	69	6	341	5924	10500	27	3000	3490	141	60	416	4	4418	462	882	2953	7	32	116	167	50	8	134	0	1226	33	1233	0	5664	221	10	7869	724	1910	9707	7501	4597	251	71	196	3025	233	6271	147	31	238	65	5152	164	309	51
Sg_A27_31	2024	939	360	1308	4968	22	121682	12313	10491	2485	2572	2996	25152	1724	4645	2681	4309	45650	33089	26675	8604	58064	5657	49006	1690	15267	7209	11145	10027	11375	3711	21350	3966	12755	67395	5626	3124	26606	82090	20603	23807	4836	5438	20560	33709	9834	3422	39563	88654	875	77833	706	21236	9363	358	533	518	271	53	216	143	90	39	600	377	332	3157	1458	709	1802	785	639
Sg_A28_8	469	168	18154	395	843	0	4100	23352	5182	9210	97	18	37	1073	1322	522	896	632	1085	3785	232	664	1	47	48014	89799	1676	9170	31351	300	229	2025	0	44492	3744	16270	12473	63	3	495	4401	4	5	206	0	3181	3	469	64	3230	12	1	16076	9	5603	176531	139086	15199	95	308	660	4030	105	18153	234	4	207	2046	124	59	61	13
Sg_A33_4	14	3	13	3	193	1571	110	7188	110	129	30	17250	842	2160	11053	655	11627	10120	17	5241	762	421	71	34226	1298	7713	9784	628	51	7426	104579	62	341	110	176	192	13665	111	679	73019	18275	38	6427	120309	39	79	527	102	206	4180	54	9	75632	2520	67	5	27	13	49	14	8	4	47	363	17	26	37	393	557	118	215	183
Sg_A34_19	26368	1157	1238	2286	143	0	115	192	1483	114	19265	278	476	183	19	1565	1561	402	1847	93	231	97	295	1394	1749	447	208	698	64475	92	138	105	174	40518	119	2249	74	118	4354	392	2631	386	2941	179	6	417	619	268	86	88	149	8707	68	9796	424	190	39557	357	265	522	450	187	751	326	524	750	633	4323	781	231	1039	861
Sg_A34_5	276	265	47	21	375	0	16	294	88	522	53	15	625	48	2	36	208	21	99	57	41	184	23	17	2508	469	14	153	257	36	40	21	5	1272	76	351	98	625	41	48	271	74	53	43	23	161	90	17	3	54	30	19	98	40	130	438	243	118	74	129	58	108	1121	61	185	14	77	54	39	269	606	22
Sg_A37_36	749	111	346	456	507	4	380	2517	451	103	32838	31607	868	147	170	261	432	657	470	288	36162	1352	97	678	244	356	6475	441	202	5841	253	900	576	2090	782	2827	310	4181	85136	61679	95369	5211	59348	21378	50	9705	69	684	81	69	59052	74466	297	2533	364	508	465	919	3362	484	8009	546	90	2754	26360	150882	646	673	1786	61165	453	45368
Sg_B03_29	50852	23302	79266	3354	1279	17	8344	24292	18411	35	52	181	362	66	22	43	6733	7082	4296	1140	1571	136	40	371	6797	1614	37	14933	118	12	4205	8502	36	698	2922	4523	7686	491	62	11284	152	4157	8	3060	8	83	3	8058	17	23	464	28	26370	96	5507	4446	420	23997	2757	411	78092	33975	359	36183	5414	122	26999	4825	3985	10083	13675	513
Sg_B03_38	6740	16	89	344	759	0	1468	3690	496	3	25	752	277	4	39	156	5852	10289	551	330	1483	3143	1	442	36	922	5745	6507	9	535	0	293	3	551	3	43	22428	1949	131	321	4219	769	1	381	1	3	3	9899	4	3	803	130	12515	619	163	62	430	335	164	0	417	1803	8	329	42	0	21	7152	99	3608	95	279
Sg_B04_2	145	348	1120	7843	44362	2	67515	8087	406	73598	445	27785	13613	28080	3601	109957	8533	14454	33580	3664	14612	43392	4567	21684	7785	20567	53942	9420	598	15390	8201	2467	13463	67428	25659	36247	7079	2450	68151	47903	13632	13603	248	22276	34962	409	2368	9277	43249	351	3125	5734	3835	53517	438	185	2644	755	2743	88	314	922	69	206	919	1476	2055	2268	1838	2011	1820	893
Sg_B07_12	749	5243	502	48	8	245	719	769	1969	78	1511	1846	3612	2388	3	23	1622	125	917	86	207	50	49	128	438	370	2	1149	2188	47	204	78	53	1156	79	1728	3982	50	499	950	3138	855	120	111	1	3303	235	507	1	209	387	234	202	388	2129	305	1025	27944	540	2665	546	627	3462	647	1163	532	3251	1892	43938	891	1164	1749
Sg_B07_38	125	123	105	958	186	71	188	362	610	236	175	271	1260	538	73	139	173	387	517	298	128	619	87	123	182	64	572	215	587	103	347	170	208	204	209	213	140	161	271	3041	1382	152	400	265	147	955	429	142	62	239	877	613	196	380	324	73	443	755	207164	708	2307	471	6503	390	460	870	1793	455	326	544	166	1564
Sg_B07_50	51	12486	727	179	71	7	68	165	106	21	50	66	84	17	9	13	146	84	50	86	63	62	4	23	99	31	13	263	25	15	30	141	8	55	17	69	1009	458	17	170	54	30	2	46	0	15	93	108	24	4	248	5	4501	35	1426	192	115	950	356	1738	644	2646	68	59934	1199	39	448	3200	1397	457	754	104
Sg_B07_53	2043	19022	264	34	53	19401	6600	410	2616	7648	1327	662	13760	951	324	78	2900	853	35309	210	69	79	26	19	2057	282	98	595	2385	80	471	182	22	3409	66	1237	278	22	166	23840	126439	1584	4456	75	26	1441	140	191	3	5645	261	10430	2294	432	787	771	5522	162897	19720	1014	231	929	1761	957	310792	935	1441	60090	8398	984	115223	1258
Sg_B07_62	696	583	32	23	10	1	29	216	777	3	511	83	683	80	1	6	226	46	26	278	13	20	10	5	53	21	4	398	70	1	24	9	6	147	14	109	28	18	49	43	8889	37	7	5	7	145	43	409	1	378	982	111	16	70	76262	64	312	449	1188	515	50	1020	747	111	2089	166	457	119	709	1557	279	177
Sg_B08_36	483	1128	219	1237	296	4	2178	1202	2342	62	2707	862	8752	1274	32	444	22551	477	257	509	651	613	938	758	163	485	264	354	2905	78	129	151	739	470	224	1169	405	423	2388	390	3840	610	339	249	679	735	838	288	98	170	458	222	337	640	965	135	3145	1772	421	2463	214	1663	860	544	3773	501	786	122	396	922	2088	376
Sg_B14_1	146	0	1	19	40	44	42	514	68	23	25	44616	110	466	245	31155	423	4907	3	1219	72828	16020	522	1157	862	250	53	710	25	36	25	4842	58	22	312	108	211	39	156	1868	3093	137	2602	4834	189	40	439	4848	13	24	1914	11	137	241	23	186	409	1	1	34	57	81	210	17	481	16	116	559	361	558	31	65
Sg_B14_13	567	1399	329	905	372	12	82	506	1246	291	193095	919	965	1145	12	126	14233	431	903	179	294	473	196	348	1909	7229	36	3006	7640	5	1305	78	2290	42209	2927	40596	393	691	1026	2456	7272	20337	18	693	15	1352	132	162	33	4595	5106	802	136	446	29165	3486	6622	36333	8091	2200	528	5690	4742	4082	8711	1083	14408	606	2870	2040	72163	677
Sg_B15_22	109	53	112	723	961	801	1192	43	334	1771	79	238	571	13	5261	726	45	81	1627	836	190	214	1538	1542	80	116	833	13	52	62786	2086	3011	2599	659	2713	27	1056	638	399	69	53	139	543	96	10082	536	7445	3170	178	99	146	224	152	1644	13	65	411	706	7	150	220	52	47	69	197	1327	451	333	12	4	153	9
Sg_B15_23	2564	3701	235	697	740	43	3594	5225	5875	463	13695	19661	10348	7740	281	807	3948	249	1673	670	380	2366	1547	273	1298	4016	40	4138	34905	151	485	125	563	3868	497	5608	2524	120	2736	2706	4241	11928	1067	982	158	50537	8045	2306	34	3148	988	28564	1415	1037	3097	1903	3378	6143	1516	3230	1199	2948	9740	8949	4482	26208	10114	599	1991	2988	14672	9978
Sg_B15_25	1048	29	60	778	417	33	873	2603	492	1632	87	23140	22319	747	383	1130	254	460	277	1157	352	434	528	188	3400	8633	900	3181	247	369	300	335	444	9104	655	17846	679	421	532	192	1528	271	128	1189	366	1280	113	249	276	32	733	7757	369	659	324	610	944	163	49	186	798	243	77	584	2610	145	473	292	1418	763	627	6407
Sg_B15_35	140	34	28	691	1990	14	1923	101	409	191	24676	120	173	3936	148	218	125	734	248	1007	382	415	3098	21657	1116	140	154634	530	7157	2873	66064	291	97504	4682	3529	836	956	1214	581	255	9282	264	18282	945	81100	233	48985	764	733	8812	1339	102	284	975	253	32	549	62	63	29	763	41	44	329	117	132	2563	215	235	22	41	227
Sg_B15_52	588	5	8	227	2648	124364	1263	1554	356	8	11418	1809	470	2524	235	1000	169	57	213	208	259	2479	571	448	83	62	10178	28	4944	558	371	33	14128	184	172	2606	16	38	319	125	11503	34	5492	128	20224	1767	13098	62	1497	4611	94	1219	91	145	16	18	232	56	32	186	9	240	21441	4156	987	626	4766	3482	51	2208	94	267
Sg_B19_17	125	6584	121	521	1137	0	10997	16991	188	20	90	250	8286	124	15	69	505	3674	35689	25046	306	426	93	158	8598	92	124	74132	293	1004	88	1265	195	2694	71	3065	6104	2042	7811	129	15925	307	54	96	201	316	138	215	51	57	198	70	2989	261	2152	18850	76195	3752	4378	119	33387	11515	33	24004	402	46	23823	197	5432	30	8659	336
Sg_B19_30	196	819	5998	407540	43965	6	14763	69396	17424	323	611	10294	18193	721	117	606	18873	3488	88542	17449	23183	1085	423	18479	21729	24775	4291	95126	757	2094	5317	46390	327	5775	229	14977	74543	1909	56144	11040	32328	217409	339	7182	416	9745	619	33691	111	85	21101	10640	87034	30798	4133	184	347	233	29	15	8301	730	21	4410	282	34613	87307	85453	1212	870	35058	38141
Sg_B19_40	14	163	1168	34	831	1	1838	423	144	190	1	18	703	1851	83	2241	1635	1935	435	632	647	11	0	1362	1344	164	3709	861	3	739	232	1409	3477	413	447	777	1339	2872	2953	750	515	6	2	682	5	7	2992	725	30	408	1980	3	1814	3	235	25	15	202	28	106	14	173	19	34	95	10	234	1155	85	379	270	93
Sg_B19_58	121	784	570	423	65	5	214	492	200	17	22	84	101	47	25	41	75	78	148	78	1015	47	5	26	177	127	18	523	115	20	15	123	36	849	118	2662	9320	50	49	224	84	178	16	89	28	34	20	152	7	22	105	3405	217	54	1755	180	131	1542	146	240	694	730	36	2620	730	58	276	494	980	457	418	251
Sg_B23_42	1581	863	3465	14674	493	11	359	6340	5489	402	8569	2818	1780	2255	969	284	412	395	593	1725	255	508	729	384	5534	4046	377	4567	483	160	410	470	216	7547	497	9655	1246	373	748	5224	1766	1313	365	343	261	14065	199	542	292	89	677	3062	909	491	4392	1069	3928	5056	2389	646	2458	1033	1881	8579	2454	862	1072	3403	1450	659	2855	21948
Sg_B25_10	681	56	68	100	41335	404	292	1101	159	645	413	254	147	18649	124	333	166	377	244	147	291	636	668	262	225	116	958	99	95	465	3909	301	21538	566	2491	419	403	49725	455	466	457	363	468	380	167	139	639	213	238	99	370	79	200	1140	58	26	134	199	146	10	173	27	35	305	87	46	149	256	158	116	75	236
Sg_B25_38	68	320	163	41	423	4102	221	1476	439	77	16	337	153	3397	11861	2480	2607	548	399	1343	540	386	219	2656	2029	46	327	175	259	192	1373	2003	36	611	3919	2731	883	3	819	54	583	208	133	675	1603	229	987	784	143	2639	28	1914	1109	32	2780	777	763	812	233	871	1506	955	304	2737	189	154	507	1773	361	1087	531	2637
Sg_B26_35	231	28396	19111	10921	7854	0	38	8320	157	7	15	17	26	24	6	25	95	35	96	79	10942	5096	15	60	38	109	10	1512	381	1012	26	5584	5	527	67	3150	9242	61	6688	75	75	2700	18	24341	3	55	34	2172	41	0	2486	12	12224	38	693	912	35	1980	43	286	1768	118	4	3412	3080	6	89	103	3666	956	4732	198
Sg_B26_38	202	1072	251	2105	1314	4	333	2151	796	424	26718	4550	298	19883	456	464	1889	517	432	1102	421	545	352	907	30005	10291	484	5898	799	562	633	1834	330	7686	3818	22122	4600	599	5285	1168	4325	840	789	2283	3003	892	1096	600	471	242	459	441	1063	376	3760	3891	334	1363	175	84	879	356	172	1012	492	3622	727	1480	161	29	14432	4943
Sg_B26_4	289	1867	1863	395	88	0	185	1030	433	127	53	328	146	38	27	64	151	230	155	256	207	152	91	141	172	96	144	1218	200	91	185	699	82	105	126	270	876	150	278	270	122	101	48	312	56	90	46	1003	16	26	423	31	303	166	2488	294	121	762	641	732	7706	1614	75	1559	5260	248	516	5247	2053	1374	444	348
Sg_B27_18	996	270	236	434	1327	1672	430	1251	1539	1074	415	3113	482	3582	2034	25248	15569	3586	692	2071	14646	3544	22077	3324	892	320	1082	616	288	1584	827	1625	990	1052	5847	624	6257	1398	622	2160	1703	685	49394	4989	2120	504	2221	2220	765	291	4521	135	453	4209	273	135	232	55	66	168	268	122	206	199	154	87	157	447	427	251	185	418
Sg_B27_6	759	66	89	887	567	50943	1113	423	844	155	156	11069	4024	1208	2098	9402	4176	14673	320	9708	23740	29408	393	652	1480	77	5310	1270	126	417	242	4522	791	180	355	208	1371	3414	822	10599	7556	301	2222	8973	2398	214	366	2129	557	24	582	805	8818	6836	119	507	122	14	38	39	166	188	506	110	257	57	1344	292	72	60	769	464
Sg_C02_30	1349	1132	17390	7803	515	0	4170	2757	20480	153	3	300	2689	527	1348	1173	2003	491	6951	2864	1015	1923	449	3174	91633	14539	1680	10798	201285	199	1182	587	2	10453	4720	44162	5270	10	2112	2429	1576	25483	2	4751	6	358	0	1093	2	2	1444	228	1578	232	3415	5262	183	5048	35	81	12112	193	19	9564	2393	1458	873	2940	170	64	2847	530
Sg_C03_36	618	2292	544	270	213	934	112	70197	2177	44	7	1626	2841	2832	1337	9582	423	177	341	4950	298	184	149	888	2415	129	239	423	775	549	261	624	23	1275	2688	466	349	14	419	126	179	155	384	354	5023	290	917	16952	42	2910	42	510	1471	31	2974	183	385	121	104	587	942	474	31	738	116	514	329	425	91	328	764	17445
Sg_C04_25	191	594	512	279	334	2	382	3463	3197	1224	404	235	913	338	80	424	5443	8137	11764	4373	13304	518	671	2326	208	2896	8123	2270	160	164	2178	3726	386	3517	432	4833	3312	423	2256	5326	605	5808	389	5494	688	3854	341	3914	116	22	17290	57	5247	4678	1069	183	276	301	71	74	1233	516	1090	1384	409	342	3419	377	3953	151	1506	1791
Sg_C04_33	248	7772	18757	604	58	13	1219	685	890	29	56	558	2579	123	67	32	464	224	659	1996	405	385	20	148	389	191	77	1854	163	27	111	1273	14	185	172	211	344	225	332	7039	548	144	5	444	12	85	3	301	3	30	539	67	265	4444	4316	2326	976	28250	953	4182	1106	3212	434	1240	2074	720	1968	15722	2874	826	5388	1123
Sg_C14_34	17909	691	22861	339	6872	0	366	1786	1105	131	34	100	18859	58	44	104	27266	67088	6530	8959	1415	11422	72	8130	2070	609	23867	904	152	3053	2328	4741	6	806	127	778	2949	5544	11466	17515	17384	6976	37	6813	11	355	32	97635	27	5	97	60	3777	960	1172	10788	89	782	1752	179	3845	53	109	6251	1001	5942	5274	44794	15573	3210	164	114385
Sg_CA11_3	44078	32224	75283	53278	381	7	6342	10876	43233	1109	137	26964	17606	2202	2289	9500	1798	1286	4637	9755	1999	756	7618	3656	13209	22460	337	20803	34807	1397	1846	16713	197	52481	24060	9368	6624	188	13907	26545	9344	48394	42	6501	279	5377	79	13361	59	92	12633	1461	11646	462	15107	7098	1418	4756	206	4791	33022	5024	161	5625	2656	1284	414	17103	1159	813	10672	56745
Sg_CA11_45	245	30	201	6546	16424	0	109	144	125	86	365	1461	45774	1134	17	80193	35764	25832	114	155	353	88880	66	239	63	63	109	136	138	72	9798	104	5099	76	59354	120	1914	630	1404	1170	2468	1181	480	19711	50	96	42	179878	93	9	511	1924	1889	99639	49	3859	35	78	36	59	168	53	7	132	245	2126	16638	15088	103	569	537	3241
Sg_CA11_52	229	5	1489	529	6947	15927	28694	12	1151	50896	1341	4500	7812	37	94337	3814	178	396	30010	2239	2361	1994	4435	7172	744	140	5555	72	1874	297634	37557	5801	11187	3619	6920	56	4937	7911	1100	923	538	258	4141	63	4298	610	19728	16183	214	996	286	311	465	16093	31	347	338	6808	29	141	337	88	56	104	530	1573	2430	601	20	22	1922	8
Sg_CA13_9	1912	1150	18127	706	809	0	4418	709	486	1574	54	461	359	158	350	173	718	6426	4045	621	4894	677	57	4531	644	1217	451	1613	97	473	1364	2858	40	1855	845	1739	2411	961	973	14680	636	665	75	4910	57	4688	14	1922	16	12	364	99	1635	4428	5727	420	570	1514	138	222	1945	243	64	166	398	132	7150	3325	3058	3401	639	2159
Sg_CA25_14	4086	437	512	383	378	5	100	4089	2128	107	61	62	90	51	30	65	86	248	87	392	195	316	141	100	3226	63	217	4949	63	122	109	159	52	224	125	124	2470	158	144	156	998	278	53	226	37	63	22	102	81	25	440	122	5645	357	1271	9084	146	16157	792	4591	4020	229	165	2658	2715	28	1853	16687	1859	88238	122	146
Sg_CA25_21	575	2022	182	402	65	47	406	10015	8045	238	2432	683	16391	586	16	43	1908	152	705	2596	175	197	53	25	412	578	47	14633	975	52	138	110	50	704	265	4318	1021	358	704	549	6179	246	49	203	37	3299	101	195	4	1877	2690	1184	296	3058	33788	281	4000	4745	8188	11510	223	23912	5324	1328	8751	5169	3346	474	2134	1726	1837	4197
Sg_CA40A_55	31	34	348	145	8	0	55	476	107	8	0	33	40	7	4	15	17	1522	42	15	1705	16	42	108	52	7	12	703	58	10	7	1426	2	17	9	43	474	114	6	36	24	13	10	25	5	7	7	24	4	6	33	7	150	42	10009	22	19	3450	13596	99	6115	104	29	4209	8379	15	115	99	25113	2179	9993	29
Sg_CA9_20	8952	728	668	3705	50101	14	33629	3177	3892	3352	16361	39739	2470	5600	1129	15612	23570	27788	23409	8723	29845	7260	5868	14137	11457	2610	58794	3638	2461	17466	24878	15433	5768	4532	11421	4229	34983	112048	12145	15799	6000	30825	3708	5487	4949	14750	2651	7018	6601	337	48398	1185	21312	142559	841	494	2153	649	927	245	1150	899	351	510	1107	1092	4396	1977	1033	564	653	747
Sg_CA9_31	1937	3145	105	3229	2119	3	3150	6515	97	29	257	4203	5588	36	33	14	7095	16451	3256	9201	22	16558	62	4620	873	44	5681	1970	45	881	12986	2585	72	298	6505	131	42	17541	7807	9337	8333	6488	10	25119	8	39	11	47	28	14	23922	55	11598	3288	111	23	192	628	1850	80	479	444	4146	106	298	19	5952	1333	131	1352	56	183
Sg_CB03_1	2879	2042	697	1	476	0	1361	366	486	2	230	2158	2917	1162	787	5687	74	1681	410	638	421	467	2	512	12	87	4759	377	4	5	8	410	332	20	1868	30	79	4213	1792	2417	326	3	5	346	2920	7	4	1115	50	872	3331	3	237	4653	25	3	20	14	3	499	12	95	7	34	118	122	183	65	56	28	50	191
Sg_CB03_2	279	239	120	587	499	2	153	313	1584	41	145	188	390	2376	390	243	108	952	196	334	443	405	853	246	96	91	245	304	1566	136	167	173	225	698	331	262	220	175	261	14401	472	265	441	226	814	374	348	89	18	178	16647	213	187	246	115730	143	892	103	61989	119649	335	482	469490	1017	130	793	847	9992	7303	390	740	4233
Sg_CB03_44	0	0	1	7	17	56484	11	124	5	53	5	33	21	34	385	833	8	45	70	390	1120	21	7	18	111	3	4	2	23	834	18	4	19	5	61	8	81	4	5	11	396	45	36	66	12	9	41	73	28	20	22	2	23	2	100	1	4	0	0	0	3	5	1	15	0	1	6	0	5	7	5	1
Sg_CB03_47	1868	676	2454	1713	1139	225	1700	1041	1239	483	333	915	952	1552	1157	2443	1664	2125	1240	1237	1344	898	1367	1668	1226	595	2701	1357	802	696	861	1715	2721	1106	1045	1182	1612	2481	2150	1309	842	974	742	1512	623	618	2793	1380	663	876	1878	713	1538	1017	1216	464	440	1069	289	552	1252	850	267	1045	589	469	985	1807	1159	2307	643	973
Sg_CD22A_27	21	15	10	11	32	25	11	33	300	12	13	27	142	8	25	16	23	29	30	99	29	20	41	20	7	5	94	39	25	3	30	36	4	4	38	8	36	62	9	25	39	19	3	17	48	13	1	22	0	16	5007	18	21	185	34	16	18	56	110	106	48	45	5	71	86	48	29	57	233	24	352	77
Sg_CD22A_44	131	1194	1126	262	103	253	131	609	408	126	66	122	2702	351	4351	177	14604	6480	731	6059	246	5373	83	561	431	64	155	675	78	99	74	267	97	210	220	463	206	301	2866	462	5187	834	17	413	82	165	421	4460	50	2400	281	30	434	240	875	253	909	2145	278	326	960	2790	112	4724	741	96	1771	1277	1412	288	313	220
Sg_CD23A_20	2664	2003	2068	5164	2680	29	2216	2859	3768	1590	4071	2055	2016	2389	721	1583	1495	2829	2066	2207	2210	3150	6285	3195	3478	5283	3985	4739	14095	1897	2166	2620	3407	4416	2565	5457	2830	4324	4179	2873	1686	2734	3719	2264	3297	3468	3665	4565	4595	687	2610	715	2523	3522	4685	2529	1506	3897	2063	1228	3287	4931	691	6743	3386	1537	3114	3669	5860	2485	3411	7444
Sg_CD23A_32	562	85170	2871	16261	446	130	1171	1939	9375	166	1980	21384	1775	22405	1265	741	797	540	305	1476	230	642	98	371	1233	14365	841	4228	272	357	508	593	1589	1864	1035	3657	253	1109	537	1133	2039	468	633	848	398	21778	1899	300	74	42234	1142	151	643	309	533	376	499	1454	708	811	335	1118	2861	554	1395	231	3397	760	1035	859	1791	13725
Sg_CD24A_1	325	437	2018	2510	849	6	797	827	695	771	1361	2408	935	1089	149	444	398	2346	1361	2845	1308	1034	693	2747	14344	683	1538	1639	572	647	494	847	597	897	832	1531	2681	1170	3720	915	708	25399	821	649	409	1275	926	903	1189	45	525	330	14879	948	1932	1641	33865	659	109	88	2534	182	133	616	998	441	555	1982	613	128	793	2097
Sg_CD24A_10	422	5076	180	12	48	15	202	245	4682	18	766	235	815	252	10	31	1141	187	215	846	74	27	12	12	211	156	10	607	2777	5	53	204	28	462	35	978	166	28	622	447	852	287	23	519	10	2826	26	74	3	14007	143	61	71	90	318	2375	23845	1400	883	717	67	1653	1648	97	511	135	1834	2559	987	1437	1161	478
Sg_CD25A_53	70	35	166	15	4	0	30	254	262	0	22	7	50	43	7	7	26	4	19	24	9	10	3	293	141	746	2	148	387	3	3	11	0	120	6	62	7796	1	3	86	23	12	2	10	0	91	1	11	1	3	3	322	242	3	97	344	642	365770	46	43	144	189	356	231	41	9	49	17	50788	45	55	21
Sg_CD26A_19	346	2138	261	3	65	0	42	13126	625	32	484	7737	7021	15421	43	487	1737	439	936	127	695	262	90	80	347	4327	38	5060	279	51	270	570	2	666	211	939	761	156	447	4127	4649	1214	8	1095	1	25497	19	3668	1	145	2492	748	4681	676	18635	4823	4904	23647	821	7459	61	12654	14514	4243	857	823	8677	6576	8895	5515	16696	1069
Sg_CD27A_46	937	57	641	160	53	180	72	138	188	215	35	69	128	38	33	63	52	109	99	86	152	120	101	88	75	73	115	252	55	76	78	128	69	38	89	87	114	127	79	80	62	65	89	95	66	35	141	45	10	8	69	26	49	360	19820	20	72	57	73064	44	297	58	26	185	15155	46	27	561	200	62668	71	29
Sg_CD28A_40	82	72	1048	5038	28	2	72	338	79	25	10	70	57	31	5	31	209	6115	124	230	64	2202	94	328	17	18	73	61	31	44	24	53	127	39	52	29	126	313	37	84	135	542	49	84	48	19	61	97	13	14	919	13	185	4617	198	20	72	82	12495	12172	341	74	93	77	1035	39	69	166	636	2916	989	67
Sg_CD30A_34	709	1135	137	47	48	7	398	430	8489	101	1772	786	63776	1127	30	44	3603	60	459	1699	187	78	55	108	197	757	20	273	1822	5	168	12	31	565	95	770	90	32	687	837	1258	1121	27	88	12	3111	263	346	3	173	714	562	89	455	1306	601	743	1682	525	1675	42	30832	3375	450	3035	1108	1665	210	616	1172	1606	1770
Sg_CE19A_15	3339	7519	1501	815	484	14	6541	21033	5609	79	753	83	2104	13209	713	436	5195	966	2603	2827	2022	622	7	373	8735	2244	110	10150	608	188	77	194	179	4003	147	2271	1659	790	1000	2922	1106	572	12	816	2	2883	31	6240	0	4880	4024	357	1788	1975	5746	2350	6812	3335	14749	16783	134	26205	45025	7946	3823	383	11752	11065	2975	13993	11889	15082
Sg_CE19A_24	6074	2450	2147	2405	367	26	374	1720	3005	85	2856	17977	2878	2524	45	1418	1018	198	1042	358	180	318	220	187	2553	295	210	586	10191	163	172	185	463	1291	371	1051	345	256	1401	929	674	646	3989	258	661	1780	2142	407	472	1787	455	628	274	519	593	254	1195	235	416	2740	610	930	6503	269	953	5356	984	282	421	868	1501	22998
Sg_CE19A_29	313	367	93	361	20	2	11	1928	19301	19	465	37	7102	7764	2	2	2207	551	531	342	1044	345	1	44	91	19	62	5691	50	2	129	27	145	361	202	1370	537	248	255	2639	3897	18	3	129	0	3993	3	524	0	28	407	169	487	283	3480	416	1220	8912	3844	3598	38	7107	30031	1945	4734	860	25455	2666	616	779	8845	3536
Sg_CE19A_36	1853	1069	693	5435	3712	240	2167	1541	2748	1412	2876	1939	3677	2109	294	1536	1672	2308	1474	1706	1487	2200	2486	2318	1008	1311	2452	1925	2958	1078	2151	2280	3563	1703	4258	2776	1312	1933	2429	2990	3028	2186	1964	1673	2170	2522	1951	1067	2453	2036	3870	1412	1080	2901	6313	969	1827	2705	12470	1890	2045	2674	2361	1937	1743	3912	3911	5244	2010	1883	4827	3537
Sg_CG50A_22	954	538	898	1033	251	240	482	1213	590	483	273	389	423	291	108	261	435	707	636	746	910	427	385	496	431	325	568	1691	982	187	333	868	317	683	385	530	944	370	527	939	565	715	181	580	414	549	446	1388	191	141	887	277	707	803	1727	417	432	1166	722	2769	962	2205	214	1724	1920	328	1261	6002	1640	1129	2211	884
Sg_CG50A_49	8267	121	22680	256	286	4	158	7988	555	412	539	188	166	847	62	17	75	64	1892	2472	24	45	7	1279	6684	5776	47	3307	676	17	33	5274	4	2722	330	1104	627	8	3	69	373	43	1	48	0	461	21	59	2	64	28	8	3126	6	364	15292	9026	932	23	70	7595	3099	251	2832	161	12	83	85	90	47	78	10
Sg_CG50A_74	41	239	726	50	381	3014	17	2271	3310	75	5	2550	76	14995	5052	1617	2791	783	529	3108	1251	593	611	1312	3863	7	11	811	67	932	1811	1901	39	2558	14325	1774	638	6	1735	79	370	709	802	1001	134061	1936	6904	1537	156	2452	96	3112	2998	89	7046	544	888	621	181	1871	5283	1479	190	951	477	2569	1331	433	189	2722	2144	7600
Sg_CK05A_18	10072	15579	951	3500	264	93	1943	27505	27496	3124	10839	16103	16369	31400	177	1097	5281	579	1227	710	1496	1420	1516	604	3843	3913	236	5685	65536	360	3314	466	816	10939	1370	4757	1814	1155	596	2298	9685	5980	636	444	262	31289	2675	674	45	1642	1413	2893	1603	557	17783	2389	16354	5077	14455	9343	637	14628	14305	9959	17280	4222	22022	428	6461	14179	27830	9245
Sg_CK05A_21	875	413	632	1237	200	11	499	357	646	75	243	273	1270	583	61	465	167	316	2667	259	330	358	72	568	163	111	153	632	170	277	103	135	344	463	724	127	284	245	2365	485	641	437	802	298	182	256	649	533	92	180	644	127	481	564	849	92	419	228	245	514	472	284	2031	649	366	25596	7218	3231	474	265	277	3315
Sg_CK05A_46	725	1557	15075	1719	172	8	532	9849	1014	213	453	306	685	199	61	221	2576	1854	489	324	247	250	137	277	1765	285	366	1553	449	99	216	1074	484	359	217	402	1543	359	225	1032	441	173	166	253	168	345	212	419	280	118	675	192	742	491	9027	1027	497	32988	824	1180	13746	1363	542	25586	1797	231	1686	1494	12950	1285	1664	709
Sg_CK05A_56	336	2949	121	227	138	804	369	2699	821	159	713	219	424	5836	233	328	697	330	518	874	162	135	144	227	873	679	268	1359	679	548	497	594	629	1535	356	336	1503	255	1476	423	325	150	114	204	510	17232	303	267	13	5396	199	242	265	883	382	991	503	1057	376	4774	188	548	9783	603	877	498	621	480	405	536	1536	477
Sg_CK28A_36	192	146	20	1286	24	220	86	50	311	61	306	2279	5257	419	78	28	14	28	82	138	17	485	49	39	78	33	114	76	5794	8	118	45	113	42	35	170	29	47	170	357	19304	421	582	25	115	325	850	52	29	1568	818	269	25	276	87	13	2700	10013	4991	372	64	29	1906	67	224	720	72	112	77	2486	24	4069
Sg_CK28A_47	1	1771	4913	357	47	1	0	10	6	10	2	1	10	19	0	10	1	3	1	3	23	20	2	3	1643	3	117	23	9	44	1	126	360	695	7	6312	152	10	88	0	2	1	163	6	0	1	21	4	2	1	67	4	487	1	1654	7625	1	1120	4	0	261	4	2	2230	3	1	3043	4	2	1	2	6173
Sg_CK51A_47	1614	2526	1690	3546	725	124	884	3481	2814	3845	3835	1192	1334	905	171	467	836	824	1437	1549	1101	1404	342	1563	1580	2239	2049	1170	2623	239	930	1453	581	2317	1099	2321	1761	1143	993	1207	1554	1917	596	1890	500	4034	828	1309	329	294	1622	832	1469	3075	8232	3619	1657	3483	1099	609	1534	823	2779	842	1544	978	1039	529	911	411	13706	3355
Sg_CK52A_43	172	552	12852	199	74	1	69	777	294	15	555	46	32	65	32	17	124	268	150	155	173	32	73	42	484	55	42	3644	34	27	130	1215	9	57	51	141	911	243	59	163	37	131	76	79	8	19	4	1360	23	12	190	13	2812	42	3873	497	101	1028	1594	2397	4282	2767	61	8609	3792	48	1295	4710	18672	1151	482	118
Sg_CK52A_74	420	1661	92	108	33	664	660	211	3102	671	2298	1454	1345	1492	27	34	744	5483	1571	779	50	46	53	92	246	458	22	143	1633	31	102	53	74	441	59	820	378	18	131	1442	7239	272	272	42	238	863	100	169	44	228	121	849	183	2025	669	1430	741	5350	405410	887	55	649	1099	416	9849	189	1690	3339	490	447	5453	617
Sg_CM17_16	173	13	1425	529	5735	3	381	1729	391	931	191	34	3	168	83	49	95	25	78	442	20	49	0	23	4574	7389	95	1147	891	37	9	405	3	3758	313	1891	1199	9	0	58	770	7	0	23	0	179	7	74	9	489	2	4	1267	3	574	12413	14700	2183	17	55	127	812	93	1057	80	13	131	381	19	5	42	3
Sg_CM17_58	21209	42	3611	54	28	0	62	18748	3556	36	22	32	74	58	14	40	29	77	11463	9445	9597	640	135	67	288	37	15	42900	128	77	32	208	41	175	76	400	3215	41	91	29447	4415	414	16	158	22	35	20	23	88	7	4072	14	5948	35	16934	2787	69	41414	75745	157867	1433	52723	39	23718	58007	130	41427	97052	8537	8086	65379	98
Sg_CM17_7	646	3021	9234	2289	144	24	549	1056	1049	367	28	383	424	213	51	399	1304	808	496	1134	538	849	19	207	664	335	286	1812	241	127	209	1252	97	514	415	593	1926	446	1686	2235	503	246	34	953	62	207	21	749	25	21	1909	545	2282	330	17448	2178	1166	14855	4787	14187	4365	30811	704	8740	10424	396	2146	32962	12016	12424	6958	1120
Sg_CM21_15	909	2223	369	33	7	0	53	100	542	230	2252	23945	101	1634	141	37	104	9	67	19	1	19	51	2	223	400	10	68	382	11	69	7	72	536	19	300	51	12	70	5126	189	189	0	8	126	467	80	87	3	69	71	2794	524	19	396	60	52	185	689	741	16	866	989	426	431	1166	1759	81	209	258	4816	576
Sg_CM21_57	5323	17913	427	247	135	45	524	795	5080	56	1842	3868	12001	2195	50	245	1731	131	400	694	150	214	406	149	429	780	14	1366	44370	26	507	42	1056	6664	2040	3567	323	149	2900	1994	5413	6573	5138	362	65	30773	959	1783	7	1403	1320	3668	540	548	1395	6031	1269	2511	2576	1439	100	618	70077	2059	47301	2525	8901	256	302	2817	8153	1527
Sg_CM29A_16	450	9299	15783	1621	60	0	175	3943	1463	41	20	153	92	52	15	51	4869	257	489	828	322	86	52	55	514	138	75	8608	71	18	74	2277	103	169	106	316	2573	90	70	318	119	759	86	133	13	81	93	164	130	9	6133	23	398	1211	5541	140	169	7669	342	510	3198	3034	272	2517	15025	116	707	1875	5968	498	368	269
Sg_CM30A_3	4125	4615	1255	11740	6872	2	3480	3028	5162	2315	186453	22515	1599	98802	2752	3666	9653	3056	3199	6451	1986	4451	7825	3245	68709	58540	4788	7061	5196	4585	4646	11195	3840	49625	22351	103345	14123	4404	11189	8471	4478	6601	4002	11718	18150	4388	4041	4326	3462	1604	3259	2379	6661	5932	21740	25823	1527	3468	1259	550	3236	2512	745	5481	3623	101326	3062	10407	1107	833	7122	24936
Sg_CM31A_43	81	49	393	136	1475	3393	6681	6	228	11625	436	1032	1396	16	33931	1080	86	77	6339	433	404	563	883	1135	245	198	1071	39	475	119376	7954	1394	2656	1035	1480	56	1806	1709	921	477	545	139	891	28	3834	215	6315	3603	108	184	86	70	230	3640	94	76	81	1876	12	64	63	26	152	126	183	560	10805	126	56	21	926	13
Sg_CM31A_52	86	321	295	24	781	12963	95	720	859	32	6	305	194	1974	2834	2315	3395	703	234	2603	1808	249	908	2500	1091	52	204	144	111	236	4461	881	35	370	1822	439	290	13	324	86	664	349	264	1919	1328	346	626	700	401	1926	285	5513	1326	168	1357	648	2872	1416	287	3374	631	2491	803	1504	502	3881	4330	858	342	5377	703	1078
Sg_CM32A_26	1212	2047	3242	3583	1409	27	1210	1431	1357	495	239	1618	1431	870	321	924	1123	1022	908	2066	848	1149	85	1259	1094	723	2818	3699	1054	526	843	1431	1710	1156	1089	1485	1365	2066	1331	2202	1275	1478	282	1104	1314	654	565	1082	233	334	3302	323	2061	1137	17350	2127	1187	11602	1507	3449	6340	2864	1303	18750	3363	876	2968	140478	22579	2939	2279	1837
Sg_CM32A_49	2049	581	452	1402	8964	1158	1188	1570	1853	711	1286	655	600	1031	1984	1974	2351	1750	1244	2658	5514	1774	3141	11501	1107	1133	3672	1128	1181	899	15956	6946	10359	3781	1702	2481	2944	1322	1722	1391	2293	1137	2294	4808	1660	2477	8135	1041	1338	889	992	2653	5292	1918	696	717	1249	1431	1700	1597	704	1769	788	858	1832	3092	1892	33836	539	3054	1700	538
Sg_CM33A_39	1	44	13	10	0	0	1	5	34	0	1	650	1011	720	61	0	127	1	5	8	2	3	0	0	1	0	0	7	5	5	0	36	0	0	0	0	7	10	0	143	4	13	0	9	13	1	0	2	0	2	2	90	2994	2	14	8	1	396	17136	75	4	65	151	3640	141	5	445	11	10258	26	813	2
Sg_CM33A_60	1312	1164	2912	451	112	0	410	5608	1189	42	29	145	175	24	13	15	442	339	293	205	130	68	61	101	875	250	32	1809	77	20	158	7115	29	106	131	559	3958	79	68	670	127	213	7	180	27	47	10	328	11	13	314	31	1477	163	3869	274	220	1810	352	324	3105	1789	135	2595	1001	74	1709	869	61048	848	856	376
Sg_CM33A_9	10123	3700	35025	8444	4421	236	3944	16527	37935	2371	2267	3924	3623	2413	778	3909	2082	3645	3338	3231	2757	3555	4387	2947	1957	2680	3348	9021	4123	2738	2368	4448	4247	4476	3677	13822	8722	4313	5018	4579	2215	5306	3842	4342	4449	2651	3492	4233	1955	1290	3668	2284	2863	3774	11065	5512	2214	5113	2078	1922	69415	5842	1352	6217	3783	2436	4957	6660	77557	3365	3999	5777
Sg_CM35A_15	1238	1712	3131	272	118	1	275	1326	532	46	42	585	368	122	36	78	445	359	297	305	235	240	315	228	1302	77	182	7996	191	43	89	530	92	112	76	280	1955	307	300	944	339	145	34	680	62	61	7	325	24	27	8860	424	4285	165	3318	293	4761	2439	548	754	2422	1346	152	10793	1383	250	2039	4615	8284	33925	27110	451
Sg_D02_31	138	30270	10804	3052	1762	0	175	4973	36719	209	188	646	1684	1685	64	2204	925	1807	979	25466	897	6497	416	2464	1516	18471	229	32041	702	446	6098	555	101	5508	910	6072	18768	1165	757	3458	1164	1844	270	265	1061	735	198	285	146	166	442	558	451	273	6001	40508	2036	181	51	79	61719	1252	62	1884	11296	31064	864	159	11166	419	11069	308
Sg_D02_32	303	27	62	1692	2457	14	1486	266	546	466	716	535	243	1180	372	2307	359	622	645	808	383	7743	1973	1959	528	158	3737	505	1107	3328	2098	1433	4877	663	1567	673	1179	2988	4316	1379	377	891	2273	1475	5531	1599	2126	955	978	325	1151	213	411	1446	162	111	179	214	79	47	84	140	55	277	301	243	201	324	231	57	491	219
Sg_D02_44	663219	171	24269	468	1799	0	9241	8593	72004	57	50	111	121	356	10	62	79	874	65	262	141	125	96	78	217	21026	87	13560	97	49	47	302	40	3434	47	173	512	73	27740	73186	8653	12050	32	1067	47	28	44	128	30	10	22851	61458	28765	23699	9806	4639	74399	489	4338	323	69926	106490	6889	48168	405	58	262034	203	18336	858	130	94117
Sg_D02_9	1013	311	354	1195	16087	5	3934	4432	252	6311	2859	2764	5428	382	4203	5362	1960	7719	1975	7398	6321	7285	3345	13000	1012	4711	21138	2287	170	4552	9126	10585	434	10264	4685	2124	3171	25992	9854	7747	3695	10130	683	8374	313	7120	355	23775	158	66	13042	96	6508	9056	720	314	1225	233	142	12	49	215	34	584	287	42	1474	4046	261	422	1564	87
Sg_D03_75	1521	406	522	1015	640	187	608	500	1553	289	247	397	794	306	140	316	289	512	752	775	511	521	647	462	381	393	740	846	944	254	406	536	601	342	636	495	595	790	1195	561	450	688	243	474	846	262	317	402	258	95	631	230	544	1247	1023	352	716	617	169	359	1017	1181	129	1733	915	536	556	973	1588	628	900	326
Sg_D03_78	4435	2039	12219	9747	375	81	3652	4106	3084	377	83	4104	1209	2076	419	2271	1153	2222	1536	2316	862	1265	411	1039	1247	3325	315	5935	1342	402	617	2396	44	5337	3248	3113	2075	390	3164	2054	2956	2773	23	7212	10	1085	21	2722	22	173	862	370	1258	790	4412	2263	1081	2240	635	357	6213	1692	254	3849	2118	571	1269	4250	2600	951	3273	7588
Sg_D09_14	726	1191	1641	833	908	9966	1590	2573	2363	293	38	1063	423	5437	15434	5059	5511	1291	1376	5139	3057	503	1377	5159	2938	575	368	738	766	1559	4924	2481	133	1705	7575	4787	1165	92	1361	300	1208	878	439	2005	5527	751	2190	1748	232	1971	387	8556	3074	391	4350	1351	4058	1354	471	4307	2894	4760	334	3383	755	5169	865	2407	954	5000	1435	3483
Sg_D10_17	4082	2179	427	291	475	22	1835	2870	1975	95	6374	29856	16142	18029	124	800	2000	129	1193	1222	310	1270	3734	100	854	3076	33	2102	86990	94	249	152	676	2851	243	4603	1121	72	1379	1572	2060	5047	3295	575	92	76376	5242	3630	59	1833	422	11925	2190	541	1915	1576	2327	6331	1127	1077	422	1557	4259	3591	3597	9846	3246	983	1299	4401	6042	5968
Sg_D18_45	3659	24	123	721	3998	5	18535	3203	1091	33390	32970	8501	6325	6246	32	27291	5552	29350	52707	4960	5568	20251	75532	3121	2165	6846	16357	1884	3377	7206	1551	1566	116	4626	4257	1898	14524	36486	27683	6913	6720	14398	1059	7841	29401	3501	52	5816	29	19	64555	5107	6126	17842	58	179	433	36	25	79	17	25	30	46	27	187	777	363	153	2844	59	61
Sg_E04_12	283	210	5	75	2518	9	941	405	856	996	4653	1033	63	2347	541	706	484	170	1149	483	291	2480	3224	468	739	196	2606	277	966	256	1444	525	11965	5311	5607	1430	259	1160	3178	1874	472	473	21130	1892	1612	1645	23169	835	5772	5007	1208	195	259	1626	68	44	122	37	177	90	11	34	603	838	125	579	338	358	49	44	149	314
Sg_E06_10	441	3651	1557	1317	66	3	178	828	816	59	19	527	822	169	31	178	424	14021	402	440	225	3708	30	105	619	212	144	1444	250	44	100	788	37	160	243	257	615	201	468	479	210	152	75	315	49	96	8	346	6	25	856	249	1600	403	4473	1421	348	2276	20047	721	3045	1075	144	3410	28573	186	1944	1488	6161	12354	562	810
Sg_E06_24	111	456	1728	139	783	232	1814	635	120	326	43	246	812	2177	164	2737	1685	1888	677	685	786	110	8	1531	1794	232	3513	820	100	787	301	2508	3146	431	1076	731	1052	3293	1879	829	562	30	32	965	148	102	3437	841	38	387	2097	102	2354	116	332	107	72	373	79	65	276	234	81	745	129	67	306	1720	219	419	300	153
Sg_E10_50	10903	2339	1504	6644	20222	429	35485	15169	7871	5295	5737	17551	6382	4167	7852	13549	9541	16906	26368	25045	25903	21095	17897	14174	7159	7818	15949	5530	3527	11114	36878	12127	10510	6127	23705	7608	11623	33491	16576	7787	18120	33878	10240	12033	7698	7390	10772	38173	9007	1258	37547	2665	25495	31595	3781	1319	2810	2258	1528	1838	3208	3498	1062	3255	2452	3107	4807	6209	4867	3685	4456	2583
Sg_EA47_17	193	36829	27033	1243	1366	312886	125675	62872	5677	226	818	13909	8202	42054	778285	122132	15230	2997	23443	62659	3231	2973	134	6614	9931	108	12664	3489	1531	1487	28388	8755	49	1602	169163	198160	3096	75	16410	188	1303	4519	1166	6440	49418	187	12918	3983	526	10112	21	60103	21518	176	90862	1030	20720	7759	5065	15060	43376	24783	388	78387	167	892	11014	61532	15606	2333	4790	43798
Sg_EA47_9	119	679	1610	787	115	174	79589	1052	115	820	146	212	544	137	129	2168	471	1143	500	702	2832	320	4163	1458	450	182	369	1022	101	202	731	470	84	4028	4162	296	612	3085	3300	1913	2133	1408	235	556	145	2302	93	1212	1546	19	1086	171	535	1862	514	139	203	264	87	43	665	358	349	218	178	303	240	501	393	246	114	252
Sg_EA57_9	12	11	38	49	273	952	825	231	114	1413	85	217	236	109	86471	206	78	509	1072	215	119	190	852	767	418	95	442	19	210	28859	1823	362	1431	184	395	153	1457	362	412	134	63	173	869	322	6597	1776	3426	803	915	72	311	42	245	645	106	159	45	1499	198	739	19	49	106	264	19	65	351	128	581	7	63	58
Sg_EA61_27	331	259	1498	758	902	0	1568	452	175	285	35	125	685	11468	132	2287	58772	69938	373	669	740	171	26	1407	1215	174	3748	728	336	620	288	1696	4859	452	510	771	841	2982	1955	707	655	25	232	652	84	167	4179	1056	164	389	1816	63	2108	228	356	51	29	272	91	24	121	259	15	61	72	65	427	1080	126	620	370	104
Sg_EB03_22	635	3004	761	3	86370	2	52	6741	8987	3	11	26	9	10	1670	97	11	76	27	5830	40199	217	242	97642	8153	568	36234	4870	49	199	9453	14825	12024	21863	36	1965	5838	36	24	35	33	11	18	4415	47	118	6926	59	295	9	51	43	21363	64	244	9	5	2143	5	131	411	52	9	241	954	6	9019	567	1068	2	10	9
Sg_EB08_12	3	6	13	5	176291	41	278	3874	4	108	6	120	29	6236	374	62	69	101	73	44	118	82	19	269	130	28	361	36	8	744	65183	77	87267	602	38960	6	134	18353	29	310	93	22	105	508	70	1	144	230	12	23	22	2	296	75	3	3	1	14	1	2	0	2	1	120	3	2	36	354	2	1	9	5
Sg_EB09_7	48	1253	5452	406	573	17198	1597	7264	1587	22	80	1103	422	180182	46452	7254	39273	11410	1966	6113	2609	1545	500	3295	342248	49	681	1284	1210	184	3419	548567	15	1318	11753	9273	3833	5	7901	697	992	674	1015	1200	3515	254	5252	1348	176	5870	77	4479	20564	109	48312	1330	2574	4339	397	4751	44593	29512	261	7069	301	1573	884	21173	1211	1752	10065	109384
Sg_EB10_11	31	130	833	79	809	3	2048	473	13	144	22	8	560	1661	96	1809	1621	1975	513	531	665	6	3	1251	1030	164	3489	720	0	593	289	1276	146596	298	482	552	829	2869	1432	773	449	2	1	917	5	18	2271	777	43	420	1790	9	3138	4	214	21	1	153	16	11	15	82	8	21	19	3	189	1010	41	311	151	88
Sg_EB13_4	5506	21647	762	1578	929	52	1506	4195	22402	4146	82681	15768	7352	2839	225	663	9486	781	1113	943	890	947	873	646	5721	9787	891	3112	20507	269	2334	467	1505	35214	1989	25927	1784	518	2192	2742	6884	9320	450	693	619	11721	3443	2013	192	2990	1955	11592	1867	1476	14286	6386	8711	10375	16360	15154	929	5860	24311	9439	13615	14256	33378	2300	9627	4489	20405	19705
Sg_EB21_10	55	347	1029	156	876	18	6238	422	94	680	45	75	322	878	62	1275	707	939	397	376	409	157	283	796	622	157	1900	546	88	493	302	890	3734	261	600	455	579	108912	1004	1656	437	73	95	670	148	64	1549	560	143	216	1995	13	1211	173	161	26	47	161	51	64	112	79	72	56	58	37	231	3738	78	239	177	135
Sg_EM03_4	15138	14	1360	23058	17	10	3730	270	5	9	6	23	95184	29	16	25	5995	500	39	622	10200	88	0	201	29	17	40	1326	3	27	4	328	17	24	49	15	563	11240	97	1954	28092	7164	55	21	22	2	12	35	12	31	3746	46	1246	4070	16	6	339	194	8662	9	3636	4	3	3	16	3	5	7394	234	146	10686	7
Sg_EM03_7	2101	10304	358	364	163	1	52	718	5099	6	322	208	3139	212	1	1	137	437	2893	836	181	56	8	8	51	16	246	1834	193	4	32	8	27	99	9	185	1379	6	351	3407	16358	3526	14	207	0	289	0	40	0	1179	1628	18	109	412	991	34	294	66	150	494	1160	259	382	8681	444	41	1660	255	47	4631	2941	75
Sg_EM12_46	319	274	110	5	3	0	47	34	185	0	209	19	209	270	1	9	95	1910	36	22	21	16	4	4	37	140	2	255	109	1	3	27	0	36	6	69	9	3	18	59	86	10233	0	34	0	473	11	24	1	9	19	55	79	40	44	71	167	166	86	149	6	187	180	253	213	60	225	220	255	63	202	28
Sg_EM12_61	6051	1096	1675	11642	4974	334	2138	23143	1951	1489	7555	178802	1948	2085	611	2042	2184	2954	3077	2111	8002	4454	3292	2414	1861	1639	3968	3940	1654	3371	2723	2594	3435	2260	3971	3190	3101	35619	17028	14153	21307	269847	11980	3968	2524	4133	1741	4127	1905	479	12456	15765	2934	6672	964	759	1039	857	971	693	3130	757	237	1647	5535	29236	1599	3448	8267	11025	1894	9153
Sg_EM22_6	31	260	798	137	481	36047	21	1378	13846	11	4	2214	145	4239	7036	2843	2858	698	7827	2760	5018	205	1065	2004	7526	197	14	1689	244	1131	2067	2308	20	38963	20415	878	1008	2	2657	1552	397	916	28614	1725	6204	223	2032	7078	220	1019	87	3258	3784	114	6164	300	1034	549	159	1929	1794	1680	400	982	360	3348	286	443	247	3157	1633	3164
Sg_EM25_40	2100	759	3046	3384	384	9	1403	3487	2820	1084	112	806	862	1332	417	547	670	798	3218	789	424	652	1154	919	1203	1808	351	2189	3574	832	456	1085	560	2296	1401	1771	878	297	1758	1386	2036	1539	729	9129	320	588	565	2540	117	72	857	766	1318	925	1835	1176	1167	1140	284	544	2638	662	222	2584	809	446	3729	1998	772	936	1763	2718
Sg_EM30_38	2543	1891	24532	1994	2461	819	2600	50890	12067	3873	2597	3607	1172	1992	3152	2389	1611	3426	1148	8037	5567	3641	1072	2564	48466	219438	2748	12966	85628	1045	2991	4743	1259	33177	2764	11927	21269	1522	3536	4355	4519	1562	3853	5670	1331	60199	2269	1840	968	24896	2700	474	22906	1634	10460	346228	36214	3801	789	422	1356	1729	5424	34231	906	1333	797	954	639	740	3232	851
Sg_EM30_40	11944	785	636	738	655	22	827	16070	1272	306	865	28595	23671	1163	70	458	9785	21781	1053	49399	51253	1029	466	1433	408	671	435	2171	255	496	6153	30834	730	523	392	13854	1327	2984	2364	1740	42678	780	1255	9682	413	20577	530	664	752	119	2367	843	2468	16058	1430	2863	1602	701	301	128	2152	3431	636	30954	5597	1858	2593	645	771	778	11508	1478
Sg_EM34_4	7699	30465	18097	5235	98062	282612	8085	53940	98233	3598	2739	23927	11611	23310	25697	303126	556337	96153	9357	348388	249916	16792	113731	307425	37579	2684	5145	13671	4529	28233	529783	38458	7593	7352	10847	6037	17998	6908	9697	8967	83762	36529	52289	256308	9075	12194	11518	54809	491920	170556	23409	639326	143724	25516	69481	52536	228586	127872	37952	363732	16927	371630	153764	161484	74681	727652	12054	65374	42026	662190	74326	10146
Sg_G06_49	76	7369	15193	19356	414	360	179	87	86	103	11	58	54	73	1260	280	419	399	170	4057	222	49	92	321	42066	7901	9	601	93	59	393	564	53	11275	399	620	4025	29	64	56	3040	111	42	243	37	57	29	244	23	55	353	298	1717	240	129	8910	172	16259	2736	250	18432	5035	1406	8217	13612	461	6743	7428	175	754	93	279
Sg_G06_9	12	2	5	126	106	1	25	371	310	2	34941	20857	1114	34545	18	7	2096	200	42	54	51	350	154	320	28	14	180	93	10	26	19	115	449	64	54	2307	36	85	132	37178	270	2735	178	26	373	49103	57	35	117	5955	40	745	25	114	1812	61	33648	24	295	9	16	3	4791	8	875	15745	3750	24	6679	87	5131	24270
Sg_G09_4	1058	267946	4317	18	261	314	745	3025	3026	114	650	5324	2747	1404	526	911	2076	673	317	931	988	1094	166	630	754	191	420	2292	2327	440	1191	285	643	2175	125	3470	253	1566	5717	767	13709	32057	137	538	42	18941	284	1749	26	298	947	873	794	6041	271	1158	16087	880	591	49658	50	5318	7543	4803	42289	2030	41572	13721	2695	12204	8128	1128
Sg_G10_35	719	450	263	88	11363	18	62	692	804	10	67	37	60	113	3610	44	33	52	28	650	4301	46	65	9752	735	1252	927	575	311	2384	1569	5449	29760	3436	93	3388	5053	38	111	67	53	58	71	7951	106	237	16218	29	406	18	65	57	9680	119	908	57	81	402	32	133	98	244	88	33	2006	23	1032	1148	112	66	47	66
Sg_G11_20	3	5113	10057	35	78	0	5895	2256	13	2	13	12	10	6	5	23	21	32	8	17	2847	12	2	2850	14	16	5	689	18	1210	12	901	8	194	14	1463	3884	35	51	21	21	35	10	16	8	20	1	5393	65	4	34	5	2091	30	636	762	11405	588	2677	41	95782	14	4	3656	30921	12	69	185	38	11133	16774	107084
Sg_G18_1	3457	32569	27140	4569	2172	8	5	8975	8286	4	2363	3370	3295	795	7	6	586	34	402	1927	317	23	4	1222	1982	209	16	8778	40	308	133	721	161	1254	136	87	7178	71	8	5840	2187	57	15	129	1	4179	90	11	4	12505	6	2218	5242	103	11799	789	6	5402	10482	5391	5358	7139	8712	4697	7833	1291	7498	2205	10702	3014	682	11297
Sg_G18_19	3713	7112	3060	889	944	1012	1658	1863	4437	708	2955	1745	3897	2634	199	1351	2683	1145	1526	1311	1040	1052	1223	801	1034	1268	1109	3033	2841	523	2314	945	1266	1311	896	1879	1598	1595	1379	2644	3142	1585	867	1262	826	2442	893	1501	587	1456	1604	2972	1854	1262	2932	1269	2243	4225	2402	2760	1382	3193	5288	3143	3281	2441	4368	3332	5604	3453	4176	2058
Sg_G19_41	283	109	160	547	596	4	751	1479	1191	790	854	1892	2960	373	241	278	5829	2028	1258	6379	2812	25694	649	2825	455	417	1186	863	486	522	614	1041	439	692	546	620	1645	4949	5896	547	601	3308	772	1659	361	913	423	1589	186	64	887	1177	921	2918	267	138	2097	1424	95	122	375	3757	21	1653	1157	151	630	703	1623	100	360	255
Sg_G21_58	1143	274	1287	1209	67	1	1208	1821	862	200	6	461	360	352	78	159	71	240	2608	570	84	131	90	343	1040	969	41	1544	1341	526	48	28159	0	1263	504	1208	902	13	271	385	1926	565	3	712	2	237	7	2679	13	4	207	244	10692	53	15980	797	296	376	17	62	1694	88	11	258	180	263	35	544	81	130	637	743
Sg_G22_16	58	744	714	614	917	5685	549	1486	36327	3	12	433	152	4502	12318	3406	3801	738	411	3973	1893	254	640	2540	3227	10	175	182	163	193	2542	2398	12	135	2776	3496	637	5	441	32	572	213	33683	936	815	36	597	480	48	3422	134	4189	20181	131	12247	547	1478	779	239	2155	1314	2401	165	1846	382	3126	236	1324	354	2889	472	1928
Sg_G26_10	1146	45558	2670	1384	35	1	8088	2810	17178	1	215	88	4641	47	3	14	289	1944	29	182	806	1112	16	10	684	47	743	9494	48	27	735	657	33	202	768	559	1186	391	17	14722	1141	371	7	392	18	7	9	1634	3	5	708	5	623	280	4383	747	50	6031	7018	438	365	537	13188	2754	4548	4467	84611	10760	409	7393	1308	10964
Sg_G26_22	153	717	83	5	24	12	33	143	1207	26	908	1671	924	422	5	38	353	20	44	122	63	97	43	38	106	278	9	239	1735	3	53	10	33	2494	41	975	75	18	4463	7893	795	240	25	40	0	1318	43	168	0	116	186	41	104	160	1024	102	356	12103	364	323	29	514	1360	163	691	320	846	44	10246	490	4070	283
Sg_G26_28	814	1671	1389	1405	951	73	2842	5679	2408	896	500	1189	608	1039	198	1200	639	1031	1021	715	776	916	1614	914	1125	2815	1784	2639	2497	781	638	914	1033	1510	937	4475	3963	913	2252	3204	1589	1298	937	1183	667	4069	509	1078	1020	176	5430	475	2430	1082	3348	800	705	6425	1762	1429	1593	1090	1299	1012	769	901	5208	10994	751	1101	901	1488
Sg_G29_33	27	85	440	8	330	0	1025	217	15	283	12	3	180	543	49	856	149	213	90	175	236	5	27	448	469	97	1716	208	12	244	127	338	2194	59	225	133	301	1213	390	3881	122	1	59	386	23	25	978	166	24	86	1260	2	1233	13	51	24	0	42	12	5	4	48	6	3	3	29	68	830	70	101	32	18
Sg_G33_7	1794	5751	21349	1074	327	6	1608	4780	989	51	228	388	187	108	19	84	476	315	558	912	310	86	46	351	504	424	343	11072	374	97	184	592	101	270	428	5166	2195	349	91	571	319	260	17	495	8	96	242	427	7	19	368	105	1100	120	1045	422	99	1731	295	460	4862	1637	122	2854	626	517	1276	716	690	848	770	2261
Sg_G37_59	219	4385	234	1422	480	13	258	534	661	411	1430	531	605	591	58	326	427	267	475	625	225	632	442	335	879	913	378	671	760	97	135	886	1442	530	307	841	63883	768	389	865	841	862	564	274	355	524	531	508	1031	55	227	210	409	372	290	759	816	257	186	10313	97426	247	336	424	479	400	874	615	417	138	547	314
Sg_G39_28	7371	100601	9091	339	3693	1	31355	5542	34785	47	325	44	114185	90913	7	4	41623	49	18690	6427	6681	1427	2	106	4176	56	914	38325	116	221	6123	7533	1	739	1557	2590	398	870	10427	47934	14327	25792	2	3477	2	416	2	525	0	3775	7734	101	3036	5781	5740	12036	26316	48417	10907	3797	40	14799	108747	406	36986	2739	57082	82241	18012	29602	217	3796
Sg_G43_29	313	524	329	3	9	1	32	647	272	67	923	283	86	140	15	18	66	14	56	5338	26	20	11	14	168	949	2	294	545	3	31	25	8	497	27	439	164	10	37	173	162	82	8	17	0	308	28	63	0	41	46	124	1885	40	299	761	426	275	210	362	14	450	252	422	313	89	352	76	237	378	427	137
Sg_G46_28	666	1910	441	603	574	93	729	1205	1777	237	815	1146	1802	1212	142	497	776	27026	635	520	775	790	672	811	539	722	723	1155	924	346	459	728	689	961	553	1335	5030	675	641	1293	1022	1026	453	801	550	1271	231	1261	218	312	875	256	34238	1122	1713	475	994	2646	1931	1056	1105	2543	2423	2217	1362	346	2952	2725	1715	1743	2461	1429
Sg_G46_34	2974	2961	4254	5756	134	329	3553	1021	10858	879	92	12676	18010	332	2187	266	1190	1168	748	901	703	3062	384	361	1389	1851	615	2196	664	148	476	977	282	439	1241	1470	960	4241	826	1120	7625	932	183	1633	149	505	214	1167	104	63	1673	2114	2044	4971	3757	807	794	3595	1236	1067	3089	5637	5237	8063	5281	6594	4798	2928	3755	6768	2872	28491
Sg_G46_4	7952	10	492	4	4291	0	77	3	23	2	4	9	50	29	8	79	12	96	12	15	11	35	3	12	10	3	151	38	4	2	9359	9	10560	1129	495	14	17	2394	16	8732	11	3	6	4	20	113	128	5	11	18	3342	4	40	26	5	5	1	4	4	2	2	16	11	18	2	7	2	19	2	372	137	3
Sg_G47_17	270	384	18	4690	1690	12	164	423	431	195	4015	273	118	841	77	104	297	306	132	129	409	292	106	322	3507	22392	408	1600	304	55	254	137	5614	18883	8179	12275	224	185	172	295	359	237	607	396	413	648	586	214	372	3227	271	82	156	284	574	47	65	2945	211	46	34	40	988	114	19403	695	118	82	68	69	207	147
Sg_H04_45	5920	1125	11103	64156	454	6	4769	5689	14765	849	10	1761	1932	2122	946	1444	1515	6680	6691	3079	3643	819	508	1194	10569	10755	351	16978	23031	731	845	1925	7	10361	4047	7855	3771	54	2158	2810	2979	5221	18	4971	34	1159	15	4693	3	11	937	1250	1993	217	58456	101406	1142	3127	110	235	100093	2706	136	2981	2035	1129	406	3324	594	467	3578	3425
Sg_I01_33	96	3097	22	296	160	0	1	5	9062	1	33	15	74	7	0	5	6915	1702	1	2792	1953	1896	2	547	28	4	0	22	34	0	28	120	0	145	3	2967	70	282	0	7	4	8	2	628	0	21	6	4	0	1	615	6	30	763	426	141	5701	1984	2326	1822	21	10955	2052	623	10397	4	14	1225	4867	17534	12559	5
Sg_I05_27	727	19721	26167	7023	338	568	754	1604	1815	246	80	1462	1232	257	109	936	5803	3683	442	4606	2169	308	470	966	2148	249	197	3084	793	203	1300	3325	58	404	216	670	5435	1176	351	6721	818	372	153	1815	32	467	102	643	14	615	7829	1687	6151	513	79101	8339	1484	69091	31584	78924	7445	135787	1410	8304	37988	2263	4872	161155	30444	7298	45739	1183
Sg_I05_65	6542	23	16497	32	446	0	4788	737	257	30	28	184	415	129	6	101	203	492	302	2773	2035	400	46	148	4434	93	69	47142	41	72	121	2068	41	217	28	944	6436	190	138	110	1021	18545	35	1948	17	56	39	553	55	8	1128	80	134	208	52	80	296	309	17	14	68949	657	25	1191	298	21	858	10	2657	20	182	217
Sg_I06_25	400	551	95	11744	9022	2	2132	1165	585	2675	329	284	479	2059	279	1990	390	602	401	1131	359	1506	1375	629	1498	7426	1208	3440	2466	3940	851	1430	4942	1980	2683	1683	893	7900	1628	4992	1521	652	853	365	4885	18246	659	549	7983	302	824	231	499	1218	570	80	2957	231	30	39	616	171	9	163	145	264	984	737	176	85	115	5411
Sg_I07_11	909	4463	2723	156	11927	35295	216	6645	13069	87	26	3234	463	3252	2657	43468	81826	13821	942	49151	36271	1851	15442	44301	5688	147	30	372	520	3545	59734	6059	178	519	1396	385	2266	97	696	870	11980	5324	5535	32726	172	513	687	7527	4334	734570	2898	90248	20095	2849	3715	7318	32828	17117	5246	51000	2614	51618	6943	22684	10019	100099	1324	11294	5398	89263	8973	1124
Sg_I09_29	25226	400	34361	33578	126	1	4453	14309	5554	34253	18	18537	20516	26696	3514	3398	3235	601	1793	6135	937	155	2958	741	8735	53078	2125	11072	1862	300	125	1222	17	21533	9760	12740	7557	45	4654	10589	35357	613	3	2268	28	33555	489	2950	190	4	1632	10228	3277	1004	6970	10226	28955	17111	580	1572	20767	508	537	4205	2292	10715	936	9130	2723	6595	22518	52922
Sg_I12_32	1177	938	1279	3197	2033	825	1149	995	1560	904	759	2049	1233	2450	1047	2374	1232	1412	1112	1257	1555	1587	2690	1149	759	685	1576	1474	4981	824	1348	1117	3203	1372	1405	1304	1017	1644	1517	1929	1087	1156	2280	1725	2562	1036	1852	1279	864	1326	1719	1032	1278	2605	1197	399	1020	1223	2125	1500	1417	1355	1695	1401	940	1129	1123	1452	1066	1153	1525	1977
Sg_I12_44	7081	42274	951	34	15	1	6365	3847	249	3	5256	20429	23238	7925	4	6	2769	160	831	165	222	87	4	61	1545	80	4	4385	228	21	264	1215	9	519	52	2107	182	158	877	2143	750	908	1	230	210	2709	6	131	1	112	3370	4393	271	205	338	708	2446	1551	641	3031	25	6098	5510	4414	5026	132	3530	779	1767	1785	1096	28372
Sg_I12_6	19	185	1643	57	730	420	1581	431	15	294	14	21	836	2505	207	2716	1672	1968	413	809	907	54	53	1539	1503	119	3957	757	32	537	403	1955	4180	519	795	768	883	2971	2230	849	522	41	31	628	27	71	4826	764	37	552	1729	143	1614	46	416	38	37	285	33	17	82	100	26	69	15	8	229	1209	43	573	219	118
Sg_I13_16	5	822	616	71	0	0	9	10	467	3	0	9	12	11	5	2	18	18	6	7	5	15	3	6	34	2	2	3	4	3	16	1	1	9	1	1	6	4	2	8	89	12	12	7	13	4	4	14	1	10	275	36	55	24	9022	80	128	91	24924	35830	314	5271	9080	1976	1125	2266	51	682	1703	98	1638	20
Sg_K01_3	8777	166	237	816	5837	1	2827	1141	158	765	655	9082	518	402	1731	554	262	1794	278	2078	193	9286	348	709	25736	322	4279	17654	2484	286	1999	959	200	24342	332	5500	638	271	535	3290	6220	419	367	4140	1730	275	70	15430	54	19	1762	8794	8205	3908	456	6554	946	3261	22	19	502	122	5	2779	218	207	196	307	620	164	381	23540
Sg_K01_5	72	122	776	35	639	1	1322	348	50	175	48	23	408	955	49	1654	720	815	281	405	430	20	19	893	784	128	2062	426	13	614	172	816	1920	254	290	470	576	1966	1079	1306	467	10	15	621	25	28	2085	562	98	254	1969	2	1444	22	142	20	8	117	19	19	22	74	17	21	48	15	139	1041	69	227	141	98
Sg_K09_1	298	56	67	1231	2220	6	967	497	351	163	1402	1045	356	2392	228	925	326	841	456	712	818	1900	2104	1170	426	349	1764	337	620	740	931	793	14361	458	1255	715	539	2353	2176	11231	435	1031	6656	741	2288	563	8199	464	1706	286	868	163	640	2098	263	85	281	145	59	27	80	114	147	162	172	161	325	279	137	172	327	348
Sg_K09_61	32	368	555	47	474	5036	273	2470	1015	9	8	297	126	10255	6795	2537	1953	395	572	1909	803	394	370	2391	22629	50	101	624	409	194	2497	5001	9	277	5032	1494	776	9	2087	731	791	196	259	941	914	131	466	9143	807	2274	92	4967	3986	90	1344	317	1549	1531	310	2213	1359	1021	1186	2208	261	2197	260	1395	372	992	687	1667
Sg_K10_28	91	40	9687	273	124	0	456	5254	1173	1390	87	19	2	291	205	87	213	109	185	2724	24	117	3	11	20669	16714	239	2894	5233	76	231	1554	0	9173	934	3684	2010	14	1	47	904	0	1	51	1	310	3	282	4	319	2	0	6884	1	923	79037	16021	2005	18	27	209	931	42	3516	313	2	116	547	18	17	22	1
Sg_K14_18	1940	1546	1429	66	25986	144	114	1801	1820	124	110	94	89	102	8765	48	40	157	63	1440	10622	211	141	24917	1200	7246	1260	1549	81	633	2837	21424	67271	7444	130	9863	26779	250	192	112	142	96	191	20594	220	120	40905	313	162	18	94	83	54161	241	1595	37	24	1792	21	21	193	444	8	86	5103	49	3383	1016	215	55	33	44
Sg_K15_44	2613	241	334	1020	9187	3	12273	3719	7233	1392	4051	2615	2612	3068	1681	10302	3696	11961	9324	5175	7950	15334	69778	30997	2692	3129	27724	4322	4258	8357	5212	15731	43139	2629	15223	7029	8347	45667	19825	8060	3606	5999	8411	9386	39934	3065	7012	8826	8942	588	9788	1578	6236	42295	460	263	880	308	175	114	409	235	209	343	503	453	1056	968	395	645	410	531
Sg_K16_17	30	12	76	227	22325	1	648	202	202	6	39	510	12255	2	21	4792	18	42	12713	12692	419	16	6	4	31	556	23	7144	8	3	5	7	3	36	8	47	41	16	107	95	71	28318	5	189	4	3	1	7265	1	3	43188	5730	677	395	121	50	10561	10	7	31	525	69	0	9019	31	10	10	323	76	383	75	207
Sg_K16_50	350	3	8	51	80	69	13	16909	184	49	10	36348	344	275	1070	888	232	78845	17	2266	7913	97408	220	30804	22904	2511	228	108	8	37	53	603	954	68	5405	2949	3623	137	10296	83190	43044	4075	1903	15307	8734	1758	587	184	13	13	77274	4	3742	115	211	811	16	0	3	305	235	17	36	10	31	81	4	41	52	18	1250	730
Sg_K16_53	2614	30261	1957	2601	6244	1	6858	9917	1063	5088	178	856	992	888	780	703	12387	117592	6693	3942	17422	1523	1098	40930	1693	2199	2260	2120	1332	1145	35770	4381	341	17589	18312	9349	10667	27731	15781	1793	1141	1643	374	21294	62	1203	319	3148	520	74	106612	484	9627	100525	3120	5059	1304	4013	323	2417	8199	892	975	955	5641	344	7382	1964	32738	60899	14303	4339
Sg_K17_22	655	1712	3472	304	30	4	256	297	377	21	239	277	772	245	30	26	342	48	85	105	157	115	3	38	138	132	23	868	392	23	61	161	13	148	308	414	259	15	113	264	354	376	14	373	17	238	195	129	0	44	84	152	130	204	211	310	251	1008	296	379	492	216	638	5083	616	200	258	610	954	774	411	226
Sg_K22_12	8	38	0	19	120	166	2378	22	95	28420	126	7	594	9	8	916	1987	1	2892	542	11	3	7	890	39	42	3	2	3	64870	401	114	3703	10	3	11	53331	23	6	8	7	57	6	1	6	1445	11817	9934	1	23	117	74	3776	680	61	1	0	490	22	71	4	74	74	42	54	74	2564	580	15	37	182	58
Sg_K22_14	781	4560	5016	18780	976	17	1296	5217	6613	605	935	5022	996	17491	337	7059	2874	1306	8900	7107	1586	1743	725	920	14139	5081	1152	7729	1180	226	1335	390	366	14613	4303	31928	5178	633	1192	1740	3093	1775	577	1459	452	8018	722	1834	128	79	1512	4491	1451	2385	1424	27726	1030	672	180	55	10814	5987	87	11340	1862	4558	724	836	1883	1441	2727	1564
Sg_K22_66	702	457	544	843	877	1	2236	1076	1157	577	390	716	1470	304	191	515	487	1233	1414	2575	3408	1008	826	4582	1245	1608	848	1776	512	368	406	2261	743	1481	585	2259	2320	1252	1231	457	3348	3447	741	986	619	675	304	1129	453	102	4801	459	2010	3417	750	1094	382	1576	141	546	1323	752	62	484	514	209	1329	909	1283	370	670	535
Sg_K22_8	132	301	62	154	2267	10	793	624	343	387	1038	218	341	2211	237	331	340	898	1094	589	966	37011	1468	3033	265	320	1465	370	322	1410	5701	1259	28056	424	965	601	534	3235	1378	714	556	1224	6900	8173	779	1431	1514	505	380	256	4103	245	416	1364	261	38	101	230	121	121	136	80	83	86	479	279	193	260	118	113	181	184
Sg_K31_45	144	13	215	15	6	17	82	16	29	2203	2	29	45	107	156	58	12	29	306	780	35	35	8	29	6	1	24	18	10	12	7	14	31	10	6	21	26	28	19	41	23	17	14334	14	473	4	29	117	575	12	10	3835	49	5	839	2	14	30	5	122	21	133	6	19	20	5	310	156	27	1816	11	16
Sg_K32_30	4	14	31	1	13	640	4	29947	52	3	4	11	6	421	209	120	75	24	13	118	107	16	40	480	163	0	0	14	16	5	103	62	1	69	153	120	103	1	81	43	70	16	10	59	8	6	37	45	15	305	8	92	2688	0	66	20	91	32	173327	96	49	10	5	3352	55	43	6	31	12	78	41	73
Sg_K34_1	407	411	2410	917	573	4	325	432	272	168	137	182	410	217	100	153	264	235	290	2812	4832	225	116	413	170	188	283	4133	589	188	307	1423	784	508	396	382	2896	449	336	722	952	287	169	312	538	234	193	219	67	185	347	93	2608	190	12029	2079	339	649	386	36182	1915	872	418	1065	15996	218	648	10017	846	14072	9559	568
Sg_K36_16	10967	183	431	2502	48027	6	61126	8029	40034	761	10611	7536	9752	18781	4227	19872	16220	44199	79815	15366	25806	55725	630852	155866	6387	11376	141426	16464	22550	41773	17934	76344	295769	6340	90866	34890	32417	253954	117205	28426	4993	20783	43150	33582	238698	9826	39255	38141	81829	95	30733	3833	17549	250308	460	170	4170	129	202	51	294	221	34	429	150	719	3301	813	464	2470	277	263
Sg_K36_17	108	2210	20734	209	346	20754	1801	11680	4905	124	736	7178	615	17894	54622	9409	17623	4629	7361	9239	5539	20816	387	1767	16396	42	969	1014	15781	257	2961	9411	16	2571	32072	14438	42418	4	16262	49	504	501	5527	1330	9295	63	9722	10062	109	2247	31	5427	6225	34	10656	13730	1432	913	370	4624	8075	3441	430	6967	1295	536	926	15941	1243	2180	945	9393
Sg_K36_27	3155	359	311	381	2345	3	3888	12776	1249	945	1129	932	715	905	862	1483	11026	38339	4393	9691	8226	60672	4914	6560	5987	3662	16779	1677	485	5269	7110	9501	2158	1888	16985	2676	9968	9796	14018	11410	2648	16379	2658	63906	1879	4063	2767	5257	1020	234	22711	452	18227	10209	349	410	515	626	71	38	491	186	43	942	279	227	1527	787	304	446	2299	242
Sg_K36_29	3434	548	333	2201	36573	2	31996	5199	23876	3138	1230	62038	13866	15997	5545	13760	14540	5267	29819	32107	13108	41683	19048	25123	5290	4146	60653	3790	13465	11324	19163	18901	2399	7521	22202	7965	14682	40724	24096	25257	3465	31291	75619	13219	1915	5993	3386	16254	9110	203	25474	7009	4490	19421	639	567	2782	673	283	263	311	940	140	1703	2114	940	3500	1699	1473	490	3025	4609
Sg_K36_3	367	775	1732	12	95	3	110	145	488	56	886	222	341	540	18	73	367	139	103	154	29	137	25	223	109	109	3	2592	471	4	34	18	49	361	79	1304	103	26	83	701	411	160	105	38	1	533	56	73	0	677	4614	99	438	119	1352	206	1251	4297	524	16864	35	2023	2003	826	642	58020	10312	133	390	2170	73487	137
Sg_K36_6	1626	220	413	3028	2554	297	1658	1326	1790	1262	1641	3351	1809	1635	459	1458	650	1274	1096	958	839	16252	6184	1088	722	750	4295	1546	5816	768	1543	1237	5850	1538	2403	1387	935	2340	3206	2499	1284	1550	7281	1663	11548	3490	11338	1194	1384	9189	4237	592	888	4291	1124	391	685	751	705	1800	1448	701	3078	1782	648	1206	1308	6961	579	644	775	2029
Sg_K36_8	5443	307	2194	102	2435	0	26945	1189	3438	5	37	34009	10124	19	9	57	201	1792	56	7535	12129	490	1	2595	3959	14	27592	2242	75	3090	4107	204	65	56	1436	116	4330	1457	15	104	1893	59	6	592	42	6322	4	6104	0	9	8218	2459	4816	182	58	5	198	8	118	329	79	37	18	19	374	92	257	367	37	416	208	5
Sg_K40_29	1008	722	137	977	232	3	256	7505	2435	382	400	362	276	2281	41	375	931	787	11971	5608	1317	833	1249	571	461	434	205	2557	520	135	323	306	257	1631	232	2640	2883	530	2104	166	154	1958	193	235	481	258	53	316	202	16	307	246	1920	341	256	564	243	1001	87	328	1606	1358	19	1928	4355	666	309	505	9664	110	506	264
Sg_K40_38	68	75	218	383	49	34	112	12072	74	16	9	67	76	12	7	48	21412	64	62	65	137	80	2	2593	46	103	11	37844	105	9	3279	53	41	191	44	260	252	19	21247	54	57	127	2	60	21	465	2	181	32	0	47	46	167	93	88	46	274	1224	47	92	233	81	40	549	106	26	128	120	46358	316	4187	333
Sg_K40_4	177	550	5939	264	120	6	144	563	698	3	11	126	263	144	18	23	330	367	794	5223	306	86	16	76	1423	66	1001	2031	176	15	380	314	106	416	53	1475	643	74	139	656	157	126	151	855	6	54	19	474	1	223	10959	48	3524	109	62728	5920	902	45662	546	2734	19145	971	275	88607	4865	202	990	2896	4352	2090	528	377
Sg_K40_76	278	649	235	1672	553	51	393	630	743	554	430	426	397	438	118	1289	194	819	577	910	545	738	362	713	477	364	625	667	479	159	457	546	150	334	585	567	13153	507	691	1207	3836	544	975	582	314	393	100	363	67	29	996	201	479	713	424	7474	2805	81	36	19	15137	69	37	10993	173	348	564	350	1170	293	5348	326
Sg_K46_34	2754	4119	35907	4884	2269	0	12756	7139	119643	262	6	603	1122	1070	4679	2693	5011	1242	34307	4246	1686	558	133	910	19221	33201	382	25823	43891	256	2627	955	0	25949	8851	19820	3698	45	10705	10689	1545	6072	2	10476	0	864	11	3789	3	3	1342	584	4882	160	3372	7867	590	8211	63	280	23659	257	33	6690	10735	657	237	13309	117	115	15568	1221
Sg_M01_13	239	7434	3483	60899	43	0	89	3926	5323	38	14	296	221	26	20	72	2387	2843	100	2069	2074	95	5	158	1240	49	22	20385	60	60	24	3386	6	104	38	344	2385	39	44	128	91	104	3	148	3	25	1	85	22	4	191	154	509	78	7816	732	99	5872	117	1237	5060	425	398	11451	13913	41	608	13341	16407	747	175	251
Sg_M01_30	797	2578	1363	1243	184	3	464	1043	746	136	87	355	515	199	47	224	1095	516	6811	1010	3272	324	193	132	409	332	199	13765	179	85	162	4283	243	439	214	1115	8401	323	372	12584	294	298	44	343	101	179	55	272	68	91	960	125	695	282	4288	528	400	2407	797	887	27654	1036	503	6197	3184	288	2033	3325	14022	2728	1096	991
Sg_M02_37	39	161	1559	77	1085	1	1795	408	17	162	22	23	875	2090	102	2283	1594	1873	559	847	801	35	4	1419	1436	159	4091	1380	49	1139	282	1978	4061	379	478	629	945	3018	2514	600	639	6	36	747	12	16	2982	861	49	388	3461	4	2313	37	235	51	23	183	16	19	31	148	29	57	19	11	327	1316	65	491	191	133
Sg_M02_5	82	18	129	321	366	11	687	874	169	69388	191	294	217	190	12726	440	131	451	8468	3688	1879	885	629	38744	207	8195	1879	1673	690	210	8648	350	564	23327	460	9067	6655	620	496	252	174	320	573	4093	569	150	616	385	259	20	811	109	325	800	37	38	320	79	20	9	55	41	7	29	66	30	87	111	40	28	74	74
Sg_M02_8	611	60	272	234	624	9	2647	1008	95	974	86	3237	187	108	699	7254	3164	3949	6314	5668	1165	7653	568	2116	2203	762	1317	1626	155	505	1414	762	246	1965	7050	1141	745	648	2845	167	647	224	104	7811	111	346	49	175	266	31	857	321	1293	953	127	78	68	214	45	16	113	69	25	126	109	76	95	350	102	52	72	99
Sg_M03_37	289	67	170	247	104	1472	179	575	559	222	36	94	113	117	379	108295	532	65	564	579	3076	177	36	350	10800	378	281	255	936	2575	5813	281	236	262	798	245	628	90	78	181	92	818	34	5368	148	82	325	676	601	27	4701	55	152	358	308	242	147	253	54	45	153	301	17	1472	185	89	204	475	105	237	179	117
Sg_M03_38	51	32	82	10	3	7	12	47281	15	15	5	2	6	9	6	8	10	3	4	35	2	1	0	3	75	1068	3	119	45	3	4	15	0	85	3	50	2100	9	5	5	41	2	4	3	4	26	4	3	2	67	3	3	212	2	19	139	60	31	12	13	16	30	2	333	8	3	7	5	3	3	10	4
Sg_M07_23	92	7201	2645	2630	612	1	116	1565	8630	36	326	425	623	1471	46	833	477	705	708	6159	2294	1742	187	465	1443	5468	168	7147	244	198	1425	194	89	1939	468	2897	6302	353	446	1079	575	824	526	256	55	604	93	325	191	57	1678	572	236	335	2089	10103	566	221	31	581	18997	588	2190	1089	2689	6961	439	140	2412	314	2952	321
Sg_M07_27	602	25	124	59	23	0	42	71	183	5	19	20	38	18	5	25	37	20	46	64	44	26	2	4	18	73	8	202	53	3	9	286	0	11	14	55	66	19	173	142	50	77	1	58	1	17	0	40	3	3	95	91	61	86	233	68	144	245	37	546	38360	364	34	352	198	11	322	189	8605	356	119	303
Sg_M07_39	178	5830	49	29	86	0	17	209	4649	2	33	50	23286	4338	3	0	1607	879	381	183	18	196	0	49	543	14	3	33	30	3	28	18	0	101	20	19	62	61	117	2508	91	148	0	291	0	100	0	1594	0	126	972	3	2677	2064	18	20	2098	115	285	11215	14	7796	1955	2378	944	29	5756	464	71	2169	901	165
Sg_M07_4	3644	1430	4216	114	6	11	11	1588	5672	58	388	26	88	23	1	9	6631	871	35	941	758	8	2	2	30	45	4	33	110	69	389	3168	4	73	6	72	1644	32	38	61	124	74	7	2037	0	156	7	785	0	12	30	140	7227	32	3724	140	4258	11087	753	3784	316	7192	410	54358	3878	122	5633	820	6857	38	1932	108
Sg_M08_36	753	3122	26925	535	1677	3	1343	2451	1170	1533	230	13471	454	360	1194	537	4046	15946	4546	8012	4108	10863	2650	4577	2588	6688	620	7648	331	2056	3211	6457	504	3570	1933	1552	4467	2012	6742	2349	7280	15724	289	6983	270	367	319	1083	49	31	2841	152	3817	1740	12172	1680	312	1365	3343	190	3133	1738	126	1009	445	184	6254	1947	1509	3017	227	35869
Sg_M11_5	123	518	475	29	2305	25500	90	1334	3003	12	2	545	82	968	1175	8829	10657	1965	248	8305	7487	330	3169	8194	1367	19	54	104	139	755	15665	1245	27	184	592	107	1786	13	112	139	2014	878	741	4250	293	125	218	1332	416	7236	633	13752	3743	350	756	1020	7476	2706	990	10445	726	9639	1891	5797	1839	17474	450	2002	1372	18386	1153	608
Sg_M11_7	913	43	1601	234	43	3	82	85	274	50	28	131	69	68	26	80	179	91	116	102	97	78	222	112	60	36	35	67	30	68	70	45	91	82	93	87	143	100	129	880	73	128	92	92	26	74	137	118	111	25	84	28	120	628	244	139	81	100	1268	3546	1116	601	36	547	477	43	348	634	946	560	494	133
Sg_M12_17	140	85	6211	54025	810	2	404	17243	24131	1597	680	10971	1092	33392	195	2909	11889	1963	10679	103069	1534	31946	405	1073	53093	591	809	3819	182778	616	418	1306	1041	796	1413	3458	5726	797	5221	6273	4252	2346	1190	2516	771	469	1927	16656	1710	107	2926	20193	51590	890	2182	140	28499	22633	1348	86	708	305	29	647	374	450	8535	841	192	60	23756	1179
Sg_M12_21	29030	134311	1001	2418	3462	359	7070	18908	162554	22425	363665	65924	45630	12168	740	2670	45661	1984	3584	3593	3953	2961	5613	638	20899	36369	1240	12088	81694	412	10901	863	3907	87459	6513	99088	7579	1892	9852	11551	29428	40670	227	1390	832	73900	10872	10589	357	14298	6571	131172	6450	3297	67340	12434	18982	43588	77793	83574	1381	28863	132002	43549	63859	95535	186319	8022	56636	25111	66731	163114
Sg_M12_39	6800	40414	2623	194	1402	50	2978	7469	133280	298	36632	68626	143995	9321	210	6371	32261	1256	3405	5988	7311	1871	959	3620	1467	7676	205	4207	40799	701	1351	965	643	6561	689	7888	3367	602	14499	12671	49189	21408	1902	5684	73	21076	2986	22971	7	3909	6409	90043	2228	17884	15224	5707	14792	11888	5828	14205	1317	51683	11009	7754	38889	31138	96841	2348	8580	90760	108512	66634
Sg_M12_6	6539	418	619	1304	41396	14	42449	25909	6971	9251	22887	15987	4640	1742	671	138960	6715	43921	46446	23093	17117	89848	372657	30475	20020	8304	42000	10629	1374	32911	19596	25072	4923	15696	31011	12599	20879	65135	23475	37655	43111	14188	5600	54328	29332	11917	4858	51306	7904	17681	106756	68692	35929	10244	504	437	1629	439	255	97	341	200	186	770	419	367	2079	1886	1296	952	478	1070
Sg_M14_27	11944	3451	8399	12426	2074	4	9429	5112	791	1488	202	1460	929	4177	2641	4169	2152	1268	15364	3332	247	10099	482	2005	4246	3037	5764	2780	846	3809	2708	1354	5483	9935	7603	8218	1029	311	43390	437	742	3374	133	10666	4582	3064	31	6175	801	423	2192	5924	1226	5980	854	398	994	783	284	196	1290	778	262	858	1157	257	1311	1410	1302	577	1531	1627
Sg_M14_34	12	12	17205	17	0	0	9	6	2	151356	5	60	5	0	285	18	6	2	7	3	1	39	5	7	67	1	4	2	1	1	0	0	73	2	5	2	0	0	2	5	1	3	10940	4	5	29	34	4	0	4282	1	31	3	0	15	8	0	36	7	3	2	75	0	9	4	7	2	438	4	4	1	4
Sg_M15_10	350	1411	5973	2726	165	6	751	7508	6256	91	70	768	659	73	42	43	966	378	304	614	115	75	62	229	5072	2179	105	8296	311	51	182	846	198	612	225	2391	2796	570	68	4789	3138	144	60	250	369	2121	75	494	56	49	1610	311	3121	1992	3229	3092	4774	6044	627	240	8519	16983	302	23051	3778	1433	9588	5487	6687	395	638	7195
Sg_M15_17	368	14824	617	10439	491	2	562	21504	363	175	348	6286	477	913	85	1668	676	3495	1318	752	639	528	230	1697	1041	1696	253	1632	8454	247	3065	234	1834	1138	612	6646	6613	758	2085	1959	4172	31444	532	817	106	633	148	2767	44	52	1148	719	1261	321	659	713	7789	2454	227	93	12476	9658	48	902	881	19854	1279	282	2160	447	2143	4871
Sg_M15_29	3369	1660	278	195	55	10	163	333	3764	21	6803	1845	3896	467	5	456	1136	125	432	124	226	89	30	144	372	522	9	314	9791	20	62	67	40	9251	62	637	157	30	1142	539	5128	624	1019	163	6	1298	150	563	0	144	310	2657	129	2394	1078	330	4699	1247	556	796	77	1228	2305	370	1285	948	2644	1046	343	2221	5731	1336
Sg_M17_3	324	1321	2014	1082	148	18	330	2019	352	38	57	339	296	84	51	89	10527	326	496	354	289	287	872	954	386	213	389	21064	519	200	171	3219	404	235	162	1106	4498	2944	304	550	302	154	71	302	351	78	22	300	38	20	705	167	903	251	17281	270	185	2561	2204	3518	11503	859	117	6256	20752	105	1427	4582	16012	16793	560	520
Sg_M17_33	73	21885	5943	63	16	0	174	6370	8225	9	62	22	31462	13	7	7	349	223	7537	2372	950	141	7	82	3570	24	44	3050	38	136	361	248	39	58	40	3004	1583	51	141	257	130	67	3	6742	3	37	6	183	38	9	161	32	1868	159	394	614	13400	3312	2567	232	3813	72015	144	19289	480	904	21910	1161	13836	1157	227	258
Sg_M21_45	303	113	231	1480	1086	2	670	724	496	953	612	570	410	416	209	818	291	706	825	990	601	1353	689	1552	1011	687	661	1116	2172	2643	1075	762	611	817	784	765	111099	712	873	748	374	1174	1016	1098	687	534	757	501	195	79	1192	310	940	1040	230	12446	398	274	129	107	628	193	39	272	68400	354	510	523	1927	102	663	356
Sg_OA11r1_10	3522	846	7159	13556	2069	4820	2099	4217	1613	4061	865	2136	1016	1236	4311	2685	842	1806	3172	1892	2056	1417	1590	1731	4736	11750	1889	2566	3649	10403	1765	1591	1938	5569	2536	2752	3469	1674	1613	1640	1825	1605	2369	1741	2136	1494	2073	3019	1983	688	1605	973	2598	2145	867	20522	9447	1837	234	166	926	696	319	1581	612	454	623	689	463	259	1055	750
Sg_OA11r1_12	699	223	13335	175	61	43	404	11411	1136	1316	177	10	121	209	137	82	214	63	128	1136	31	122	3	74	8417	57655	188	8266	3131	65	106	532	0	6042	527	3485	9458	15	21	83	678	13	16	68	1	695	20	119	3	1024	7	32	2597	8	1049	19283	12527	13811	78	18	316	694	161	2394	100	57	109	174	132	9	383	4
Sg_OA11r1_9	92	35	311	13453	309	6	4555	118	4432	259	179	27468	105	117	51	24990	148	8564	257	199	1912	449	763	7415	8047	194	547	1705	101	134	3714	15424	326	1359	416	1656	254	448	22527	151	118	595	268	476	411	776	323	229	88	60	1316	40	331	564	2480	37	55	115	53	34	199	917	12	115	67	52	71	325	2395	43	89	126
Sg_OA13r1_14	435	1493	7444	9188	1768	1	36241	8397	9062	11	2211	32865	718	15	1915	367	242	1121	1103	878	18739	336	7	66	1419	27636	246	1038	33	53	15	129	0	207	16	595	2027	112	4805	7326	2979	2336	4	9115	4	3	2	871	1	6	2705	473	703	18376	5005	3233	886	53	492	7	71	594	0	619	609	12	594	19706	3507	241	2992	12151
Sg_OA13r1_52	1018	184	8416	1192	428	6	393	401	406	345	449	816	298	217	89	125	314	7517	400	1038	1208	751	261	1080	3464	358	730	784	460	181	382	455	595	347	558	654	1016	796	963	598	290	7172	639	458	281	886	720	452	598	94	360	176	2172	583	707	545	2208	1407	177	154	546	101	346	219	286	273	395	581	284	81	203	777
Sg_OA7r2_37	214	225	985	5905	212	1	287	302	1212	59	1384	378	704	313	225	548	168	258	590	10281	346	437	473	244	25071	695	766	849	640	47	234	211	79	1100	157	490	4019	823	1014	992	3222	1380	132	1630	64	232	44	972	23	11	363	167	364	413	28854	480	5030	1815	3949	6	441	1877	14	394	367	143	2481	1940	260	1803	181	2382
Sg_OA7r2_38	5322	1286	2450	6612	2105	1046	3182	3112	2770	1774	2864	3064	1399	2818	1779	2956	2121	4200	3129	3022	3685	3517	4110	3356	2926	2252	1722	3042	3123	1833	3455	3224	1722	3102	3582	3902	9776	2342	3161	3487	2566	3775	1942	4214	1570	1738	1529	2759	1604	946	3157	2263	3063	3228	2388	1521	1541	1210	480	1191	3000	1475	544	1590	1603	1286	1375	2110	19703	2271	2277	3175
Sg_OA7r2_4	17	13	230	10	0	2	21	22	26	15	162	2	14	11	0	27	10	5	11	28	1	2	0	39	424	83	1	53	13	3	2	52	0	64	6	55	29699	1	17	6	50	10	1	0	0	12	2	15	0	1	5	13	50	1	14	268	74	13035	10	15	59	31	185	223	16	18	6	23	242491	12	77	3
Sg_OB03r2_1	27755	3	1599	3349	0	1	120	3	2698	1287	1	16	6972	7615	163	83	16	7	68783	890	26	3	0	2	5	2	3188	24	12	5	2	8	12876	949	4	8	13	1	25	142	13	4	38403	1	81	9	6150	65	30547	5	7	158	0	2	7	0	1	13	3	71	3	46	13	4	3	1	2	102	1	61	0	199
Sg_OB03r2_39	792	56	31	270	3135	45	6485	868	1583	475	3196	867	846	3614	484	2172	1239	3086	2087	1700	2311	4628	7136	8349	600	1465	5076	1157	1463	4570	3150	4161	14405	840	7154	2009	3088	11068	11118	2353	943	2304	6329	2743	11092	1776	3554	2678	12259	177	3047	341	1689	11340	195	69	183	203	42	29	91	61	29	72	160	202	216	412	168	137	142	245
Sg_OB03r2_6	40	486	19	220872	393	3157	44	92	1710	15870	40601	87	110	6372	371	620	59	65	1754	296	71	561	162	94	10816	14185	73	3838	2315	1315	255	234	1032	22275	134	668	106	195	54	1471	52	64	4506	129	3149	50214	628	86	242	111170	176	1214	88	138	17	7	24	40	106	17	19	9	75	37	85	39	47	81	12	507	149	128
Sg_OB05r2_32	1530	413	79	466	1241	40	30381	89	13757	72	661	2354	12037	4420	3708	15273	2758	325	3302	296	101	2773	671	207	242	1946	2837	148	11361	403	1465	68	24153	318	12772	352	54	240	7433	2592	2041	4902	12918	518	17675	26188	146	118	5233	8222	6302	305	459	13154	30	15	166	31	341	103	62	41	10410	50	158	4	552	123	26	294	1398	1918
Sg_OB05r2_38	2258	492	696	3615	3650	1	13756	15285	3181	1835	4758	350	8660	441	16148	774	9155	16286	16455	11790	21794	2203	1459	11811	6193	8748	37318	5807	13288	16295	4998	17363	4774	9976	5953	12268	17963	26385	16194	29531	18810	32542	78730	10890	592	4052	2253	556	458	1114	9130	6018	8768	47952	570	315	788	1735	146	47	449	475	124	579	1124	70	2332	2206	230	1294	79	1267
Sg_OB05r2_8	21	146	770	25	945	234	2335	543	130	249	10	52	569	1557	958	2436	1374	1157	600	770	638	35	162	1134	1012	222	2604	598	42	595	655	1067	4356	318	519	576	978	3193	1412	673	820	36	108	1075	57	90	2231	782	77	796	1896	808	2915	70	206	23	2	221	52	275	19	115	121	226	26	401	227	1272	67	3791	255	95
Sg_OB24r1_18	6149	4420	2494	8254	126045	107	7778	9550	3103	396746	30391	20878	22633	5648	15720	5848	5330	90536	12296	56104	16389	127410	20598	47281	59745	25835	280976	5130	25260	31897	163691	58358	11621	40258	35694	40964	26316	30107	53175	8313	6320	14975	154003	30134	11059	183075	10051	3325	12290	698	4808	3709	10925	79897	4911	3044	5020	1232	1575	267	1681	2001	1323	2483	9344	12217	2486	5232	1541	2509	1489	6673
Sg_OG24B2A_25	75974	1105	34707	108252	1236	49	5212	14006	10841	1873	591	3576	23141	30725	2674	5779	1407	2359	14135	25693	1590	31071	7804	4722	15718	11298	1438	25741	22300	1661	1471	7018	300	42925	21443	7015	16613	1242	3830	8368	13412	17131	318	36719	1014	2957	344	29443	543	332	3383	24302	6411	2661	6968	16032	6402	4236	798	773	25083	5238	475	5344	4163	19402	1037	9104	4201	4268	10846	9281
Sg_OG24B2A_39	206	86	47	12769	634	17	7829	76	223	221	413	84	148	2023	56	6639	63	1132	221	7170	33934	388	54	136	263	1328	64	791	85	532	389	413	2237	3257	4474	1833	1157	366	687	33195	2469	428	58	86	217	1777	110	255	38	22	198	31	116	235	206	11	5150	216	16	47	88	9	10	90	107	14	57	4448	492	602	579	560
Sg_OG24B2A_8	822	2103	345	44	55	6	548	1045	1123	31	2009	314	2109	1421	47	51	892	84	283	210	320	68	51	290	605	279	15	1030	7835	8	74	44	14	598	119	631	210	50	220	434	13150	201	21	83	1	512	31	554	0	550	431	6558	242	283	4803	467	936	1537	1396	1690	133	2822	1471	1644	1225	688	1353	1235	4285	1481	1789	1569
Sg_OM21r1_55	102	63465	9424	179	54	2	135	2339	186	9	39	133	424	205	41	31	329	347	209	246	275	63	58	33	1219	151	43	649	103	92	23	3841	13	422	62	211	1801	601	139	398	287	86	17	96	59	34	4	222	7	12	9516	32	615	148	2881	529	586	1473	1103	500	5109	2634	148	11605	2249	124	33099	4830	141549	15289	553	263
Sg_P15_12	61	5	7	42	98	82	162	22	41	84	7052	33	49	197	306	82	74	107	140	59	4755	267	254	200	56	21	225	22	53	255	51	44	203	107	221	63	67	115	182	124	56	97	131	107	163	74	319	92	77	158	80	84	114	102	56	8	20	114	47	11	17	18	31	33	23	72	105	54	15	73	22	44
Sg_P15_15	2249	276	320	1607	1091	3	690	439	187	205	500	51389	205	373	345	3165	198	561	179	634	265	1903	591	353	6506	247	939	4786	676	145	457	215	116	3862	133	1275	400	120	232	821	1312	491	1000	958	9533	81	389	3113	76	51	457	4499	1727	759	307	1417	204	654	16	166	229	71	698	512	251	187	195	149	216	147	237	5186
Sg_P15_2	39192	4080	4290	13798	1224	14	93441	2909	10343	51481	202	1259	1140	593	12786	1720	1783	14567	112495	7848	3902	1356	224	5265	17960	15843	1024	15337	1325	9622	2367	58733	104	4346	1781	28493	4509	1741	1820	4768	2770	8025	314	6302	53	11105	90	3843	48	91	1653	241	1992	16585	9142	1096	13784	1846	464	730	2154	6311	192	1294	1245	375	4801	5459	5977	5565	1512	5112
Sg_P15_21	35166	973	64341	8414	2299	8	34173	29619	12709	1709	78	20020	2160	16207	805	22842	1726	1688	7775	10799	899	991	479	4041	3994	11652	3316	24026	8380	1564	966	9923	243	42218	25989	24672	8421	162	26041	11314	12450	2744	17	62592	51	996	21	26400	13	133	2222	1380	3434	1191	4705	6363	1581	2523	1054	604	24706	1243	1093	6450	3137	1510	1193	16721	1442	1007	26468	11457
Sg_P22_10	52	322	387	17	275	3476	302	860	363	4	11	224	85	1987	7712	1510	1153	300	320	1068	462	143	158	768	1284	2	107	92	59	59	476	867	0	164	2104	2194	323	3	330	31	163	101	179	282	636	58	305	728	48	419	15	1963	1123	12	2004	126	465	173	78	939	3014	1822	51	1366	44	1128	172	863	255	352	1211	1090
Sg_P22_13	123	40	6347	18	3	0	165	257	11	8650	6	5600	152	102	45099	18555	3446	1775	1621	741	5708	288	54	71	8	1	62	58	2935	1219	77	771	259	28	13	40	2435	29	0	2777	132	112	148	40	590	2172	1653	18576	275	6	298	14	221	1320	553	1	1	2874	137	6	22	7374	1892	593	502	91	582	51	3	379	1	43
Sg_P23_1	96	156	1292	60	786	1	1495	431	87	190	20	23	668	1761	91	1942	1683	2049	413	509	744	58	2	1337	1016	114	3242	863	57	678	261	1028	3108	385	490	627	725	2531	1274	668	579	35	22	685	4	16	2753	820	33	308	1715	15	1440	42	266	37	35	240	33	29	138	143	30	82	84	8	426	1175	76	358	355	137
Sg_P27_36	46	389	22	5541	189	165	1671	5226	19	4467	95	39	3380	52	1087	4546	2081	9099	3831	4526	9610	134	42321	13252	3654	1189	289	3076	59	105	6080	1864	309	43722	36687	417	4335	22207	26899	13573	18590	7249	105	3033	133	24340	400	8468	13510	157	9085	10	120	13551	311	836	1111	68	197	24	151	42	270	33	43	1802	97	1132	141	5	421	482
Sg_P27_38	895	441	305	855	219	0	16	23	21	14	462	10	2332	9	272	208	1668	327	102	68	125	438	17	390	1356	21	40	907	38	6	90	75	19	173	172	96	159	113	69	2751	1839	306	11	123	3	20	2	918	5	5	8525	5436	25	97	85	63	8160	6064	86	39	27596	21476	5435	65	426	20	136	2677	9440	332	7770	6240
Sg_P27_4	1275	2298	2025	67	52	2	192	1600	1545	182	4078	1134	1165	721	21	1196	2100	85	881	144	120	150	50	106	821	2556	23	606	3014	29	113	184	78	1387	172	1066	372	107	360	723	9463	374	424	113	110	1912	1731	1126	162	157	419	403	384	270	1713	2288	1652	1172	1198	1138	439	660	2816	1819	1522	458	1165	4159	1225	1628	3530	411
Sg_P30_9	3226	1317	666	6194	6920	74	2579	2392	6714	6142	10594	2436	4170	2420	539	7093	2392	2982	3460	2955	3552	11896	3714	3697	2411	2811	13002	2460	2537	4154	9024	2694	11690	2723	6018	4928	2388	3752	6633	3494	9027	6843	6623	4102	3030	5625	7708	3547	2673	733	4157	2233	1500	16124	2622	951	1968	1620	7327	1478	1865	3376	877	1286	1479	1797	3056	7118	1419	2380	2143	1482
Sg_X03_29	27	11	57	108	0	2	5	20	29	0	1	9	9	3	13	1	80	33	6	100	7	6	0	9	3	7	0	9	2	1	8	17	1	2	3	3	11	19	3	65	13	7	3	6	0	2	4	15	0	3	19	6	10	27	488	23	22	41	369	10543	366	106	3	209	81	9	22	142	1977	48	240	16
Sg_X05_12	113	717	18620	11724	1380	3	684	1590	3824	170	83	94	193	111	370	54	579	4399	289	5966	6584	149	21	98	794	283	126	4565	85	127	57	537	28	1630	89	3746	5507	133	179	157	428	174	44	2935	41	407	13	5831	19	23	10682	26	6574	163	306	313	92	534	248	419	1237	635	37	805	485	75	485	5693	2305	414	2266	234
Sg_X05_3	532	260	19673	1053	1518	35	6410	14162	4813	145900	551	159	95	6369	1349	6370	9724	1952	2808	7350	406	3232	8	41	78369	86153	7908	16465	3836	1620	71	3188	7	134983	8382	81359	13577	828	6	884	55462	5	1	985	0	466	21	1299	1106	7996	32	32	23465	1	4670	320155	238915	26640	75	443	1046	7901	460	15624	580	55	210	3244	225	25	229	7
Sg_Y07_14	158	403	512	102	3140	0	4606	1280	1346	106	120	960	1198	117	875	1199	1438	8258	2644	3226	3172	3302	717	5034	1031	168	256	863	65	1155	5819	3192	388	561	10593	850	3645	8316	2329	1613	1615	1074	410	5190	425	1299	363	7127	537	7	1900	39	5040	2440	103	53	91	122	59	9	62	76	55	327	207	11	1397	157	286	72	179	102
Sg_Y07_23	6748	12962	307	2308	26649	1	492	910	637	427	548	1133	601	53233	635	20923	12088	1021	31958	1807	1483	24482	106	5236	207	261	246	15593	133	8568	588	1018	3376	6645	215	2090	3807	546	390	744	479	469	1033	92797	2808	326	181	21914	48	68	62023	329	780	940	216	190	1113	16990	74	1579	2019	750	177	4043	322	67	1319	926	2665	497	362	1286
Sg_Y07_27	2575	290	504	2733	454	6	175	2659	2972	195	207	188	123	227	45	247	2627	705	324	150	151	4573	5642	172	1432	173	384	1074	249	58	239	829	872	2195	1265	2661	1469	191	376	6053	365	193	223	232	1031	133	268	1614	46	16362	197	65	777	559	571	168	141	1938	259	343	14601	2175	85	1469	1153	9444	5214	550	151	721	1332	295
Sg_Y19_10	23	223	1620	82	7637	3036	16	1842	3652	7	1	163	84	1550	11309	1076	1400	1104	99	8925	4920	57	244	5253	2267	9	8	230	38	342	2128	505	4	142	1217	395	1224	13	370	742	472	141	306	2706	312	107	166	1203	719	734	60	1907	5386	56	644	115	584	336	156	1329	4887	1061	691	1786	300	1945	279	659	743	1865	559	513
Sg_Y19_13	516	4323	27	1644	65	9	165	270	2485	3	1278	12605	745	3708	477	11	356	51	79	504	15	1211	386	10	128	166	9	154	18056	7	249	48	82	230	469	883	82	18	481	2314	217	611	806	27	141	3568	1395	38	223	20968	2170	1237	199	324	327	11	639	81	765	914	133	1017	1516	379	804	1456	2043	206	86	571	1351	9505
Sg_YA03_20	1688	639	2296	2318	1327	467	4409	1157	887	1875	595	644	1564	2896	618	2506	2518	2505	4294	1435	1758	816	1290	2372	2108	941	3955	1582	745	998	773	3388	4763	1476	1163	1774	1802	4328	3715	1645	1039	1005	1924	1558	399	905	2256	1319	2588	838	2466	533	2962	884	974	448	750	698	519	297	896	707	316	1059	644	365	618	2345	1001	1460	711	1036
Sg_YA04_9	651	69	103	810	3034	1	871	1810	390	359	1476	596	329	408	1496	352	1473	10136	1732	2832	18658	8168	956	2925	1019	746	2107	430	192	4491	5938	21670	453	505	2344	813	11099	9082	1688	1480	2059	2361	341	7378	476	600	125	2095	117	22	2698	59	8346	2099	400	154	103	163	81	18	226	47	11	163	151	138	387	342	267	76	323	160
Sg_YA12_28	3270	656	1024	3160	3696	98	4552	2447	4358	1444	2116	4930	2379	4955	1199	2176	1513	1882	4239	3178	1998	5119	7341	4520	1736	2048	5762	2147	4796	1633	2362	2520	6579	4112	3527	2767	2127	4135	4476	3663	2558	3577	8810	3623	6294	2190	17078	3122	2468	1630	3470	1834	1704	3940	1864	1412	1684	1458	544	887	2378	1216	455	1270	1346	2034	1180	2416	1107	1292	2230	2857
Sg_YA12_4	642	10	29	415	3782	4797	3879	16705	1623	7337	1834	38657	328	23486	5782	28183	10489	50224	4567	7606	82152	40589	13	22758	4207	8402	27685	15273	5221	3742	89	19406	8498	22658	26959	9309	37260	1583	24252	72987	11809	14853	65268	15346	9064	25	4485	27627	20291	874	35619	370	8613	63616	335	190	394	28	197	1136	284	89	144	153	63	7	1018	4171	844	353	868	126
Sg_YA13_10	1664	317	642	3390	6237	28	1012	648	2144	454	1002	1640	15145	1144	267	23500	11258	9051	978	1223	918	30038	2683	1291	413	368	2473	804	805	539	3656	968	2874	1195	19988	746	1175	1688	1733	973	3687	8251	1334	8339	1192	751	690	46700	2008	305	1213	2752	1222	32346	588	1422	658	499	432	385	1313	710	360	1112	1486	1140	5598	5382	1080	922	2296	2062
Sg_YA31_31	320	361	6265	737	229	16	942	34541	1822	4295	303	97	21	452	499	193	501	273	341	1273	102	236	4	56	13164	32511	561	4378	9105	289	155	2277	7	42215	1568	7755	3370	58	14	116	2386	14	4	145	3	1029	9	3005	35	587	18	7	13669	14	1743	61828	26233	3968	23	136	219	1070	315	5515	230	14	159	698	100	31	120	13
Sg_YB34_1	97	421	290	321	373	0	3835	1798	258	2058	232	83	9933	167	63	1057	800	3126	899	560	2546	193	72	1119	298	4161	264	1458	315	191	120	332	650	3040	448	1967	580	5830	3714	4389	1265	4549	227	375	229	297	180	4128	268	50	10635	101	393	11991	66	42	317	145	155	7	50	17	25	44	287	135	437	437	210	10	123	154
Sg_YB35_19	281	65	160	306	4477	3	2986	4339	1240	899	281	2139	1177	809	311	3208	1936	23762	2108	4952	49796	2559	2865	32378	2291	994	3394	816	545	1493	17058	1855	1191	2392	5368	765	6826	2722	9223	1272	3107	9268	3262	2479	1021	2775	400	4303	5283	73	1422	451	555	8303	484	62	142	592	31	32	127	111	39	245	161	560	319	366	719	116	588	2031
Sg_YB35_41	74	187	279	1356	724	4	528	8143	14843	168	221	1463	23737	38175	252	268	405	676	1239	5369	184	329	567	305	3201	13555	362	9997	245	497	905	158	300	5118	3689	29565	2788	467	2670	1170	1700	531	118	1252	288	891	144	939	30	7	568	1145	890	617	3780	62	37798	1905	667	191	94968	2102	9	14742	35179	50	10591	4089	11978	9	3624	504
Sg_YB35_7	238	290	1569	182	880	48	1791	661	113	1803	81	62	873	3179	146	2716	2850	3392	427	858	980	115	122	1859	1415	193	4111	743	37	647	476	1808	4066	412	859	765	916	3614	2211	923	623	114	86	1011	86	141	3741	1045	360	418	2025	26	1824	190	394	37	26	222	26	20	31	155	72	62	52	18	235	1561	94	687	335	128
Sg_YB36_42	6299	2794	562	2852	16193	281	18545	4286	13384	2930	7083	14321	6094	9094	2592	7568	6379	10382	14409	9616	9759	19058	64680	33238	3191	4446	37922	5397	10430	10264	8386	18707	51637	3944	21763	10506	9633	54244	27522	12060	3571	12025	22194	9688	51009	6775	10340	11772	19874	358	12256	2789	5860	50683	1457	671	2077	1559	1044	1465	986	1072	3486	1103	1097	1180	2870	2058	1480	1379	3241	2214
Sg_YB37_21	9377	3937	1911	549	109	15	2826	2976	730	332	2601	360	1172	660	73	187	1517	120	530	185	153	431	325	866	1172	7311	374	2392	10312	119	291	865	115	6972	1243	11123	1027	112	1013	408	611	417	1358	1231	206	297	47	219	116	91	162	234	477	373	927	155	1501	720	73	168	499	767	767	827	351	81	683	621	503	299	173	249
Sg_YB37_28	711	247	450	4566	8939	86	8461	1445	3208	2397	3104	2990	824	1234	672	1289	1200	6265	6746	2756	8791	2046	1710	11782	2307	1157	16995	2878	2546	1184	1381	3982	4373	2061	37893	3465	6213	3081	3112	1422	2183	1414	3822	36273	4668	13254	3867	9191	3226	760	7017	923	1356	4118	654	224	1430	645	258	323	834	816	155	416	936	546	2485	1052	393	636	1155	1534
Sg_YB37_7	2209	1715	237	518	1287	3662	436	1193	2281	543	3989	1962	1084	813	1693	3044	5118	1528	641	3678	3362	1249	2091	3334	1053	671	863	447	1699	1008	5384	1077	707	1253	993	1436	826	616	815	965	1396	937	1667	2257	994	1013	1174	949	625	1253	937	4000	1860	827	1172	727	2307	1218	1207	3721	655	3441	1610	1788	1700	5888	1734	1102	985	5011	2021	931
Sg_YB38_12	1630	209	372	3745	5999	113	3545	1582	1486	5344	7450	2292	1530	6569	697	5837	1495	3191	3702	2886	2344	4552	4321	4478	1643	1308	6215	1688	2899	1755	3081	2765	24639	2998	6503	2685	1913	7746	4878	3118	2141	4281	17441	3481	6832	4612	86776	2533	6697	33556	3356	1114	1894	5098	1486	501	754	704	428	462	865	762	171	641	795	6202	1383	1721	663	549	651	1123
Sg_YB38_21	1601	210	432	60	12214	1311	185	280	445	134	4399	225	146	1459	2564	1204	1642	472	286	886	578	373	990	684	221	90	1193	165	153	266	1916	230	18576	587	2098	143	238	19452	403	263	615	265	248	652	128	225	841	250	532	901	231	1537	500	373	193	106	299	273	217	1370	207	757	359	556	275	2363	422	516	234	4557	256	185
Sg_YB38_6	4021	15	85	214	13937	15	42732	1469	932	6	3009	489	28449	2833	3190	2353	6371	5892	39868	247	986	4756	31730	6226	748	89	25207	1137	11971	10203	673	128	920	1984	36232	2603	2042	777	21613	5139	347	9364	363	24986	77	1180	34964	11169	3	6323	1304	6448	570	7409	196	13	1472	29	2	54	79	59	9	46	894	15748	1280	394	1497	424	1063	2977
Sg_YB39_24	4848	3149	1986	1506	2706	188	5237	1219	1237	22115	1558	3568	1608	1629	588	2657	1367	2669	2317	1739	1917	3350	4774	2557	1940	935	4712	1321	1127	1214	1575	2453	3919	2122	2883	1709	1869	12745	4069	2824	2025	3515	3518	2568	3131	2478	3444	3268	3019	708	4657	1059	2221	5019	537	396	544	381	349	303	645	554	537	449	750	1674	1382	2189	510	1140	510	1170
Sg_YB41_11	192	203	299	7257	25694	7	2675	3097	551	416	374	1813	292	519	116	596	719	36170	1703	11592	6903	632	1491	39136	5209	305	5476	9153	375	393	354	19567	1842	921	11263	776	8549	791	1782	1146	565	545	1899	11520	3313	4000	1764	2868	1117	511	2409	202	4966	1375	137	87	144	302	131	57	223	71	15	143	188	133	801	469	141	159	213	322
Sg_YB41_12	1838	6	682	118	12	68	29731	9	26	251951	10	38	995	8199	762	1558	11	35	7940	1493	42	27	20	420	5	7	41	11	24	22	9	41	257	150	20	8	24	60	2466	4281	1774	9	27035	36	11921	105	1517	5188	67275	183	11	540	3	29	19	2	4	31	7	162	24	182	116	201	7	6	11	1191	10	17836	9	893
Sg_YB46_3	1456	1266	194	371	349	10	324	1501	793	114	13250	1641	1591	5702	81	290	788	280	439	343	536	272	580	261	531	2280	212	2478	5233	385	453	460	174	4924	1330	24820	1315	685	1236	511	1030	1597	888	337	24	4162	1109	519	976	239	234	1163	467	421	758	643	13570	2158	384	570	483	834	1479	1665	4033	1473	1595	788	858	1111	2704	512
Sg_YB50_23	199	142	794	40	7	0	21	1364	48	101	17	27	12	6	21	26	7	5	9	100	2	22	0	13	725	2256	6	644	601	15	6	116	0	12306	95	212	13998	2	3	6	144	3	1	21	0	10309	1	23	2	100	7	0	444	12	231	1864	642	299	15	12	52	182	7	3873	16	12	59	10	39	23	19	5
Sg_YB55_11	72	18	9522	4	11	1	16	18	38	20	8	12	86	1064	17	70	218	5289	27270	6	135	10387	1	39	1681	3	27	29	6	1144	291	549	722	14	28	419	3003	60	16	10844	21	24	5	7583	11	3356	0	10089	2	326	128	8	3802	16	325	2	38	75	169	86	32	6	3	12	4	16	631	34	170	8	17	836
Sg_YB59_31	531	783	1064	967	762	2638	1689	1638	1965	2590	1558	2287	1350	1390	956	1455	1091	1441	1469	1254	1923	1570	2230	1846	1513	1227	2435	1450	1724	2200	1181	1652	2454	1839	1812	1636	2011	2429	2754	1727	1677	2508	3318	1690	2163	1895	2620	1596	1325	947	2043	1059	1574	2531	927	222	421	621	257	294	830	1095	119	1298	515	329	745	1272	641	615	2036	603
Sg_Z02_23	6636	4118	2486	7458	1499	52	3442	1770	1193	1572	1382	1967	10272	5006	2098	2506	2612	3444	1811	3159	4155	1483	456	1296	1333	934	1029	7150	12113	687	705	1579	20135	1252	1896	2083	1121	671	1792	2306	6592	1132	5953	2694	2573	838	647	1787	569	4810	4022	1189	1528	2905	3102	635	1367	1384	47811	8891	3884	5988	33515	2612	3154	4606	7501	1752	1996	5193	1948	9749
Sg_Z02_43	2130	2443	743	336	154	29	2364	3608	2782	75	16815	859	8723	20736	875	263	12035	1995	5790	1396	882	2020	78	216	1757	14023	105	9847	68541	18	1648	139	405	6210	547	6829	155	577	7275	19902	13071	7616	86	1408	3	64045	8146	1549	78	2017	7305	11490	261	5691	74118	11439	2600	13773	1826	24777	340	29994	133175	581	5872	10312	2381	2101	3751	15216	27881	23296
Sg_Z02_5	35	148	51	245	68	71	135	172	95	66	57	33099	183	1008	23	5508	1489	9523	75	1753	17293	1833	155	1952	798	62	86	197	131	52	43	1402	24	112	110	103	269	186	240	15863	311	89	568	7291	41	50	158	2181	48	3	1092	15	41	199	135	86	485	78	90	124	536	178	140	80	136	121	121	281	315	319	229	469
Sg_Z03_24	34561	22415	9336	717	209	27	8016	7492	1697	15	6589	17147	115786	28542	92	64	17722	3097	5604	1794	2605	711	32	64	1421	3343	103	9300	597	62	482	674	16	1337	228	1149	2604	460	1017	16178	12798	1810	20	1577	3	18815	38	1772	0	251	1894	134	2085	1189	5296	7251	15950	10725	13531	4745	71	27523	13672	22403	17966	1367	33578	9227	9415	25135	21487	10486
Sg_Z06_28	3012	3747	1740	251	532	5	186	2284	28464	271	1552	275	686	12457	480	3090	284	532	2040	156	93	534	476	13	1704	1722	105	10732	190	18	985	295	1885	24600	447	7574	1258	232	387	7306	3279	2733	2525	1586	5	877	29	134	12	8123	4323	60	4192	1571	1719	854	12729	2868	1533	740	202	45111	576	11277	11702	1069	9891	1538	637	1305	89971	526
Sg_Z07_36	3138	41403	3666	31	95	1	24	217	21112	18	4	20	44	26	5	20	814	1542	22	3892	2290	1453	12	12	122	22	42	64803	33	6	293	593	7	163	18	183	160	2252	34	68	13024	274	7	1363	5	15	1	148	2	0	116	827	401	249	60262	428	51	772	8359	55972	39735	203	1893	23129	30740	10	564	1455	22082	5643	182	91
Sg_Z07_42	800	45	60	187	5421	3	4575	6726	5620	283	3341	1603	749	4044	2165	2032	12226	14698	10378	6586	14010	5068	20253	54941	1571	1966	12333	1430	2463	6384	3789	9021	18796	815	10406	3674	21331	66266	10468	3719	1740	4546	12331	16705	16772	3852	10288	3601	24508	142	47302	1017	14548	17988	211	100	273	293	43	22	30	111	2	377	81	74	718	405	1648	159	67	113
Sg_Z09_20	1049	579	601	18305	2072	9	2221	2297	1915	1879	6389	3246	2246	4042	390	1538	1450	2298	4182	7169	2374	3738	1136	2215	4410	2524	4434	8754	9455	621	1128	2139	1722	3551	2380	12318	10336	1956	3390	2713	2302	5692	1113	2106	1652	3533	1404	2817	536	353	1909	1665	3630	2988	1223	3630	20982	2629	458	277	4930	1489	520	1203	1819	2110	2552	1678	1549	670	5667	2207
Sg_Z10_1	1157	4145	464	1872	2407	389	2721	3374	2762	3959	2794	9373	9006	1393	710	4552	1171	2232	2811	41929	2534	2485	3447	3854	2551	2158	3169	2367	1657	3026	3210	2608	3499	1820	2489	2117	3544	5768	6102	1618	1643	2735	2660	2225	3083	2335	3033	5091	2746	531	2216	762	1908	7277	1508	1068	1101	751	400	1014	734	1441	1409	774	8492	636	1090	1532	859	803	4400	561
Sg_Z12_45	341	555	191	622	11442	2	685	1763	176	29147	3224	2134	3168	69	2371	1029	886	12648	1253	6496	2721	10925	1036	7849	7131	3868	33290	873	2541	3844	18829	10017	136	6385	3063	4318	3796	7542	6461	2118	1266	2928	14711	4216	110	15650	76	4927	62	45	2801	495	2396	10163	549	307	576	150	87	5	71	149	11	295	917	589	371	1128	148	164	152	535
Sg_Z14_36	550	2892	587	101	66	20	580	680	5537	520	9797	1633	2423	1271	21	102	1326	104	199	220	260	71	134	61	1189	1251	33	873	3012	15	217	153	93	1333	96	2132	583	51	515	531	2302	693	28	127	20	3643	274	326	8	221	399	1746	362	317	1605	922	1719	3634	1335	1604	180	1174	6359	1391	2368	1527	3379	543	1264	1086	2467	3949
Sg_Z14_45	127	155	828	27	717	215	2276	929	34	187	8	12	526	1279	127	1789	1286	1473	1057	524	613	19	7	1061	1072	238	2830	593	17	784	394	1988	4893	282	486	613	974	4174	1310	1070	749	12	4	1166	3	22	6216	1064	64	313	2307	11	3103	48	185	24	25	195	10	20	12	116	27	74	37	6	241	1613	98	544	317	80
Sg_Z14_58	3902	3443	15197	4901	1341	0	48586	101997	5371	766	97	1502	1495	2066	336	812	783	1696	77741	25103	574	707	431	15267	4685	17224	261	29761	8296	17251	243	9068	21	4440	2049	24402	31948	204	1374	1681	47445	2168	7	9903	14	2097	12	74911	10	5	839	763	1080	384	3241	3447	1166	1785	1222	1740	11494	549	258	1026	906	866	268	1740	1295	431	2243	2972
Sg_Z15_39	10158	30150	629	71	239	235	519	1481	6966	552	5079	2050	48922	4704	67	202	2329	103	1162	1441	1283	278	52	81	425	3138	32	1367	4041	18	305	137	86	929	305	3195	454	126	655	1596	1632	576	75	85	58	6926	294	2901	29	387	729	319	557	2428	2353	1207	1888	2939	2287	2589	63	2204	7584	900	12438	3017	2112	432	2024	3343	13374	3841
Sg_Z15_51	102	21	27	300	153292	7	352	123	98	504	21745	529	109	2215	9831	139	110	387	209	197	217	2023	2003	208	963	106	9523	96	5864	134	545	217	41241	1016	715	373	184	2908	640	176	167	259	24478	348	85569	718	106326	206	10079	36318	316	3485	149	499	103	21	54	36	65	48	37	143	18	32	1141	1968	103	253	43	165	94	1264
Sg_Z16_22	2211	94	120	100472	77	8	167	260	520	182	852	107	112	115	35	332	73	219	400	246	95	302	159	154	67	166	49	414	163	120	458	233	190	82	359	425	319	187	233	212	236	89	130	281	188	92	41	162	19	495	536	150	262	282	192	35	365	254	108	133	373	414	170	297	133	6767	1103	187	124	131	690	405
Sg_Z17_26	1518	6131	6534	183	10	2	79	2504	72	0	18	52	1157	5082	22	593	5617	765	1073	689	918	6	0	21	2502	10	2	11932	39	9	52	327	1	86	25	279	949	85	16	8539	7739	112	1	470	0	16	0	3354	1	23	2388	3231	3416	1489	5223	3926	9229	77	1072	4958	287	7561	216	5122	143	6	142	1397	3156	2949	4926	1385
