	Gp_EAB_462	Gp_MJ1_12	Gp_MJ1_149	Gp_MJ1_272	Gp_MJ1_444	Gp_MJ2_113	Gp_MJ3_423	Gp_MJ3_477	Gp_MJ4_197	Gp_MJ4_65	Gp_NH_148	Gp_YAB_333	Gp_YAB_339	Gp_meta27_16	Gp_meta27_511	Sg_A01_16	Sg_A07_40	Sg_A11_10	Sg_A11_12	Sg_A11_2	Sg_A11_47	Sg_A15_26	Sg_A17_17	Sg_A19_11	Sg_A19_12	Sg_A19_18	Sg_A19_36	Sg_A19_51	Sg_A20_2	Sg_A20_35	Sg_A22_19	Sg_A22_22	Sg_A22_3	Sg_A22_8	Sg_A24_54	Sg_A27_23	Sg_A27_31	Sg_A28_8	Sg_A33_4	Sg_A34_19	Sg_A34_5	Sg_A37_36	Sg_B03_29	Sg_B03_38	Sg_B04_2	Sg_B07_12	Sg_B07_38	Sg_B07_50	Sg_B07_53	Sg_B07_62	Sg_B08_36	Sg_B14_1	Sg_B14_13	Sg_B15_22	Sg_B15_23	Sg_B15_25	Sg_B15_35	Sg_B15_52	Sg_B19_17	Sg_B19_30	Sg_B19_40	Sg_B19_58	Sg_B23_42	Sg_B25_10	Sg_B25_38	Sg_B26_35	Sg_B26_38	Sg_B26_4	Sg_B27_18	Sg_B27_6	Sg_C02_30	Sg_C03_36	Sg_C04_25	Sg_C04_33	Sg_C14_34	Sg_CA11_3	Sg_CA11_45	Sg_CA11_52	Sg_CA13_9	Sg_CA25_14	Sg_CA25_21	Sg_CA40A_55	Sg_CA9_20	Sg_CA9_31	Sg_CB03_1	Sg_CB03_2	Sg_CB03_44	Sg_CB03_47	Sg_CD22A_27	Sg_CD22A_44	Sg_CD23A_20	Sg_CD23A_32	Sg_CD24A_1	Sg_CD24A_10	Sg_CD25A_53	Sg_CD26A_19	Sg_CD27A_46	Sg_CD28A_40	Sg_CD30A_34	Sg_CE19A_15	Sg_CE19A_24	Sg_CE19A_29	Sg_CE19A_36	Sg_CG50A_22	Sg_CG50A_49	Sg_CG50A_74	Sg_CK05A_18	Sg_CK05A_21	Sg_CK05A_46	Sg_CK05A_56	Sg_CK28A_36	Sg_CK28A_47	Sg_CK51A_47	Sg_CK52A_43	Sg_CK52A_74	Sg_CM17_16	Sg_CM17_58	Sg_CM17_7	Sg_CM21_15	Sg_CM21_57	Sg_CM29A_16	Sg_CM30A_3	Sg_CM31A_43	Sg_CM31A_52	Sg_CM32A_26	Sg_CM32A_49	Sg_CM33A_39	Sg_CM33A_60	Sg_CM33A_9	Sg_CM35A_15	Sg_D02_31	Sg_D02_32	Sg_D02_44	Sg_D02_9	Sg_D03_75	Sg_D03_78	Sg_D09_14	Sg_D10_17	Sg_D18_45	Sg_E04_12	Sg_E06_10	Sg_E06_24	Sg_E10_50	Sg_EA47_17	Sg_EA47_9	Sg_EA57_9	Sg_EA61_27	Sg_EB03_22	Sg_EB08_12	Sg_EB09_7	Sg_EB10_11	Sg_EB13_4	Sg_EB21_10	Sg_EM03_4	Sg_EM03_7	Sg_EM12_46	Sg_EM12_61	Sg_EM22_6	Sg_EM25_40	Sg_EM30_38	Sg_EM30_40	Sg_EM34_4	Sg_G06_49	Sg_G06_9	Sg_G09_4	Sg_G10_35	Sg_G11_20	Sg_G18_1	Sg_G18_19	Sg_G19_41	Sg_G21_58	Sg_G22_16	Sg_G26_10	Sg_G26_22	Sg_G26_28	Sg_G29_33	Sg_G33_7	Sg_G37_59	Sg_G39_28	Sg_G43_29	Sg_G46_28	Sg_G46_34	Sg_G46_4	Sg_G47_17	Sg_H04_45	Sg_I01_33	Sg_I05_27	Sg_I05_65	Sg_I06_25	Sg_I07_11	Sg_I09_29	Sg_I12_32	Sg_I12_44	Sg_I12_6	Sg_I13_16	Sg_K01_3	Sg_K01_5	Sg_K09_1	Sg_K09_61	Sg_K10_28	Sg_K14_18	Sg_K15_44	Sg_K16_17	Sg_K16_50	Sg_K16_53	Sg_K17_22	Sg_K22_12	Sg_K22_14	Sg_K22_66	Sg_K22_8	Sg_K31_45	Sg_K32_30	Sg_K34_1	Sg_K36_16	Sg_K36_17	Sg_K36_27	Sg_K36_29	Sg_K36_3	Sg_K36_6	Sg_K36_8	Sg_K40_29	Sg_K40_38	Sg_K40_4	Sg_K40_76	Sg_K46_34	Sg_M01_13	Sg_M01_30	Sg_M02_37	Sg_M02_5	Sg_M02_8	Sg_M03_37	Sg_M03_38	Sg_M07_23	Sg_M07_27	Sg_M07_39	Sg_M07_4	Sg_M08_36	Sg_M11_5	Sg_M11_7	Sg_M12_17	Sg_M12_21	Sg_M12_39	Sg_M12_6	Sg_M14_27	Sg_M14_34	Sg_M15_10	Sg_M15_17	Sg_M15_29	Sg_M17_3	Sg_M17_33	Sg_M21_45	Sg_OA11r1_10	Sg_OA11r1_12	Sg_OA11r1_9	Sg_OA13r1_14	Sg_OA13r1_52	Sg_OA7r2_37	Sg_OA7r2_38	Sg_OA7r2_4	Sg_OB03r2_1	Sg_OB03r2_39	Sg_OB03r2_6	Sg_OB05r2_32	Sg_OB05r2_38	Sg_OB05r2_8	Sg_OB24r1_18	Sg_OG24B2A_25	Sg_OG24B2A_39	Sg_OG24B2A_8	Sg_OM21r1_55	Sg_P15_12	Sg_P15_15	Sg_P15_2	Sg_P15_21	Sg_P22_10	Sg_P22_13	Sg_P23_1	Sg_P27_36	Sg_P27_38	Sg_P27_4	Sg_P30_9	Sg_X03_29	Sg_X05_12	Sg_X05_3	Sg_Y07_14	Sg_Y07_23	Sg_Y07_27	Sg_Y19_10	Sg_Y19_13	Sg_YA03_20	Sg_YA04_9	Sg_YA12_28	Sg_YA12_4	Sg_YA13_10	Sg_YA31_31	Sg_YB34_1	Sg_YB35_19	Sg_YB35_41	Sg_YB35_7	Sg_YB36_42	Sg_YB37_21	Sg_YB37_28	Sg_YB37_7	Sg_YB38_12	Sg_YB38_21	Sg_YB38_6	Sg_YB39_24	Sg_YB41_11	Sg_YB41_12	Sg_YB46_3	Sg_YB50_23	Sg_YB55_11	Sg_YB59_31	Sg_Z02_23	Sg_Z02_43	Sg_Z02_5	Sg_Z03_24	Sg_Z06_28	Sg_Z07_36	Sg_Z07_42	Sg_Z09_20	Sg_Z10_1	Sg_Z12_45	Sg_Z14_36	Sg_Z14_45	Sg_Z14_58	Sg_Z15_39	Sg_Z15_51	Sg_Z16_22	Sg_Z17_26
Gp_EAB_462	1	-0.2685	-0.373	-0.2889	0.017	-0.2645	-0.1265	-0.252	-0.3997	-0.1983	-0.2477	0.3463	0.2021	-0.1318	0.2557	-0.0733	-0.1596	-0.2589	0.2092	0.1529	-0.2541	-0.3816	-0.3948	-0.3269	-0.2712	-0.0012	-0.3282	-0.1581	0.3048	0.4459	-0.3302	0.0161	-0.3189	-0.4125	-0.2647	0.4435	-0.454	0.4248	-0.236	-0.0742	0.2132	0.0529	0.3781	-0.0279	-0.0509	0.0799	-0.0533	0.3296	-0.0872	-0.073	-0.3396	-0.1714	-0.1379	-0.4302	-0.2947	-0.1969	-0.3813	-0.2325	-0.024	-0.216	0.2088	0.2642	0.2242	-0.2142	0.1033	0.3253	-0.1685	0.1486	-0.408	-0.3283	0.3883	0.1076	0.0092	0.2898	0.2762	0.1904	-0.3263	-0.3237	0.293	0.1906	-0.0101	0.1509	-0.4457	-0.089	-0.0553	-0.1609	-0.13	0.1047	-0.1616	0.3653	-0.1747	0.0377	-0.3736	0.1755	0.2013	0.0751	-0.1248	0.1354	-0.1872	0.0849	-0.1138	-0.0909	-0.3467	0.045	0.3982	0.1668	-0.0349	0.0201	0.2975	-0.0511	-0.2569	0.2496	-0.1959	0.3165	-0.0406	0.4389	0.1311	0.3955	-0.2177	-0.2259	0.4035	-0.2674	-0.3387	0.2321	0.3462	-0.3177	0.169	0.42	0.2025	0.3774	-0.0475	-0.6357	0.2557	-0.2759	-0.3467	0.4082	0.2164	-0.2231	-0.284	-0.3924	0.3512	0.3049	-0.5032	0.2311	-0.0697	-0.3454	0.1477	0.037	-0.1371	0.2037	0.2198	-0.1654	-0.0088	0.0284	0.0479	0.2209	-0.2554	0.1642	0.1804	0.2648	-0.1012	0.2178	0.396	-0.2044	0.1963	-0.1033	0.1357	0.3672	0.0181	-0.3628	0.2625	0.2959	0.2506	-0.1305	0.0594	0.2594	0.344	0.1424	0.1446	0.2868	-0.1765	0.1066	-0.0251	-0.2182	0.3365	0.1762	0.3097	-0.0857	-0.517	0.1656	0.2517	-0.2097	0.4172	0.1429	0.3324	-0.1344	0.1106	-0.2976	0.2064	0.4269	-0.0109	-0.4471	-0.2479	-0.0593	0.3797	0.2283	-0.2413	-0.2596	-0.2469	-0.4955	-0.1277	0.1349	0.0711	-0.4249	0.2289	-0.3282	-0.4252	-0.1769	-0.4723	-0.0575	-0.0659	0.2921	0.3485	-0.3491	0.4304	0.2559	0.3235	0.1183	-0.4445	-0.2634	-0.148	0.2258	0.0398	0.2195	0.1616	0.1523	0.293	0.1975	0.0242	-0.2075	-0.2021	-0.2439	-0.4601	0.3235	0.1112	0.3392	0.0829	-0.1055	0.2784	0.3343	-0.281	-0.0049	0.2438	-0.1626	0.0672	-0.2898	-0.1492	-0.2116	0.1148	-0.2254	-0.4925	-0.0353	-0.3099	-0.2271	0.0421	-0.3271	0.2682	-0.1567	-0.125	0.3952	-0.5569	-0.2311	0.2394	0.3227	0.186	0.221	0.2214	-0.2327	0.1072	0.1459	-0.3981	0.1967	0.1627	0.3318	-0.0528	-0.0406	0.168	0.203	-0.1834	0.1745	-0.2379	-0.3975	-0.0996	-0.4718	0.4161	-0.2545	-0.3627	-0.0825	0.0434	-0.4891	0.2083	-0.4726	-0.1565	-0.4866	0.0245	-0.1371	-0.3825	-0.3016	-0.2207	-0.186	0.3129	0.2666	-0.1265	0.1218	-0.1428	-0.375	0.3018	-0.0726	0.3781	-0.4631	-0.4138	-0.4472	-0.1582	0.1131	0.1639	0.2649	-0.2117	-0.3492	-0.2145	0.1994
Gp_MJ1_12	-0.2685	1	0.1748	0.1211	0.0872	-0.3113	0.0877	-0.2549	0.529	0.1753	0.3164	-0.2456	-0.0844	0.3559	-0.2616	0.2316	0.0706	0.3093	-0.2087	-0.094	0.265	0.1298	0.0236	0.2387	0.1932	0.2503	0.1056	-0.0531	-0.2882	-0.2457	-0.0562	-0.2098	-0.0692	0.6317	0.3297	-0.2876	0.6205	-0.1166	0.0237	-0.1985	-0.0595	-0.0147	-0.1025	0.029	0.4646	-0.2935	-0.2118	-0.2502	-0.3676	-0.3522	-0.0457	0.1849	-0.3261	0.2572	-0.2505	0.3132	0.1172	-0.0531	0.0382	0.2896	-0.0255	-0.1772	-0.0984	-0.027	-0.2125	-0.2155	0.2356	0.0235	0.1681	0.2934	0.0482	-0.2097	0.4229	0.0076	0.1152	0.1335	0.3754	0.3732	0.0986	-0.1867	-0.4822	-0.0447	0.5997	-0.0087	-0.0504	0.0092	0.0994	0.0463	-0.0148	-0.2034	0.1779	-0.3988	0.431	-0.5228	-0.1598	-0.4283	0.095	-0.0881	-0.2087	-0.365	-0.2658	-0.2389	0.0959	-0.0123	-0.1677	-0.1322	-0.5357	0.0448	-0.377	-0.3277	-0.1677	-0.4042	0.0051	-0.1309	-0.3754	-0.1631	-0.1159	-0.0957	-0.1806	-0.2496	-0.2485	0.1501	0.3909	-0.2063	-0.1819	0.1353	-0.2967	-0.3471	0.0388	-0.0878	0.0344	0.3558	-0.0802	0.4559	0.4909	-0.037	-0.1599	-0.2596	0.6499	-0.0149	-0.2157	-0.0497	0.7026	-0.2175	0.2117	0.2249	0.0067	0.1098	-0.0575	-0.217	-0.1232	-0.29	0.0494	-0.0881	-0.3777	-0.3535	0.313	-0.1133	0.2163	-0.1153	0.0322	-0.2756	-0.3329	0.016	-0.2582	0.0696	0.0711	-0.3758	-0.3549	0.2101	0.2041	-0.2553	-0.1263	-0.3291	0.0356	-0.0749	-0.3262	-0.0505	-0.1395	-0.3368	-0.0436	-0.3081	-0.0452	-0.1308	0.0999	-0.1809	-0.3587	0.1688	0.5495	-0.196	0.0487	-0.0269	-0.351	0.0377	-0.3091	0.038	0.0317	0.2338	-0.2196	-0.1519	0.2352	0.7477	0.1703	0.069	0.0562	-0.4002	0.0835	0.0886	0.3933	0.3503	0.3273	-0.3444	-0.083	0.7217	-0.1721	0.5039	0.7138	-0.3138	0.2059	0.2018	0.1151	-0.3814	-0.1947	0.3008	0.1011	-0.0364	-0.2075	0.057	0.4119	0.6106	0.182	-0.222	0.0039	-0.1655	-0.2135	-0.2006	0.1095	-0.2724	0.0368	0.3374	-0.2952	-0.2355	0.5997	0.1146	-0.1474	-0.0441	0.0753	-0.2519	-0.0728	-0.3121	0.3999	0.3218	-0.0885	0.5143	0.0109	0.2733	0.0051	-0.024	-0.0964	0.425	0.6362	0.0078	0.1744	0.3829	0.0385	0.4803	0.0758	0.1976	-0.3974	-0.3048	0.2596	-0.0178	0.2199	0.1036	-0.1629	-0.1474	-0.1121	0.212	-0.196	-0.2839	0.2501	-0.144	-0.0753	-0.043	0.4331	0.0682	-0.1764	-0.1423	-0.1792	0.0347	0.4752	0.3322	0.1444	0.3724	-0.1209	0.4749	0.6004	0.1033	0.0168	0.6497	-0.0549	0.5108	-0.1505	0.4705	-0.1644	0.3445	0.2676	0.706	0.188	-0.1837	-0.1928	-0.1814	0.1619	-0.1269	-0.293	0.1118	-0.3042	-0.2651	-0.0836	0.673	0.254	0.3833	0.4847	-0.4958	-0.0295	0.0831	-0.1799	0.2006	0.1447	-0.2924
Gp_MJ1_149	-0.373	0.1748	1	0.1993	0.2322	0.1553	0.5235	0.2483	0.3451	0.2013	0.1375	-0.2959	-0.2306	0.2059	-0.1539	0.2503	0.0802	0.2819	-0.2081	-0.0236	0.0777	0.2365	0.2783	0.2674	0.0964	-0.2912	0.2137	0.0132	-0.3258	-0.1572	0.2064	0.1985	0.3525	0.3126	0.1193	-0.2839	0.546	-0.3271	0.2001	0.1304	-0.1557	-0.0106	-0.3767	-0.0598	0.0338	-0.0829	0.2936	-0.2586	0.2358	0.0862	0.3207	0.3774	0.1846	0.4711	0.1495	0.1351	0.3017	0.1503	-0.0099	0.1754	0.0244	-0.3099	-0.2778	0.1262	-0.1533	-0.1904	0.0145	-0.2575	0.4503	0.475	-0.398	-0.0496	0.2028	-0.1126	-0.0877	-0.3619	0.5158	0.4764	-0.2016	-0.1824	-0.0179	-0.091	0.4354	0.0502	-0.0291	0.1578	0.1972	-0.2242	0.1661	-0.1978	-0.0884	-0.2392	0.0972	-0.1724	-0.345	-0.1375	0.1894	-0.1875	0.1572	0.013	-0.1331	0.0746	0.1303	-0.2072	-0.2979	-0.0719	0.057	-0.2703	-0.3586	0.0107	0.1775	-0.2702	0.0221	-0.3674	0.0991	-0.3525	-0.0905	-0.4075	0.0686	0.1672	-0.3129	0.0712	0.4891	-0.2187	-0.3745	0.232	0.0566	-0.3726	-0.1814	-0.3327	-0.1613	0.4951	-0.1966	0.2819	0.1772	-0.4331	-0.2166	0.0817	0.2952	0.3604	-0.3913	-0.0281	0.3696	-0.2288	0.0287	0.3545	-0.0252	0.0379	0.252	-0.2173	0.0545	0.0806	0.1396	0.1199	0.0145	-0.3353	0.1952	-0.1231	-0.2821	-0.2641	0.0766	-0.2583	-0.2977	0.3628	-0.193	0.0933	-0.1226	-0.3604	-0.0862	0.3909	-0.288	-0.2873	-0.4098	0.0791	-0.1095	-0.0916	-0.279	0.0921	-0.1877	-0.2341	0.1445	-0.2389	0.1909	0.2246	-0.3631	-0.1462	-0.3877	-0.1037	0.2104	-0.2101	-0.3719	0.0429	-0.3146	0.0148	-0.3051	-0.0891	-0.0505	0.3488	-0.2101	-0.323	0.0464	0.4685	0.0541	0.2519	-0.3302	-0.1795	0.3411	0.0527	0.0554	0.3317	0.3065	-0.2036	-0.1521	0.4061	-0.2398	0.528	0.3374	0.0101	0.3056	0.008	-0.1034	-0.1557	-0.326	0.2348	-0.3649	-0.3902	-0.421	-0.0053	0.3217	0.1562	0.0589	-0.1702	-0.0871	-0.1487	-0.2256	-0.1637	-0.2663	-0.2119	-0.0858	0.0736	0.1087	0.1283	0.3235	-0.3172	-0.1217	-0.3396	-0.0464	0.0706	-0.2846	-0.3701	0.27	-0.1128	-0.2758	0.3547	-0.0366	0.1593	-0.0881	0.0069	-0.0841	0.2616	0.4851	0.1679	0.1135	0.5618	0.0793	0.3938	-0.2587	0.134	0.069	-0.3973	0.303	-0.0163	-0.2088	-0.2748	-0.1823	0.095	-0.0673	0.0489	-0.0973	-0.0877	0.335	-0.1621	-0.201	-0.302	0.1245	-0.1831	-0.3624	-0.2405	0.0947	-0.104	0.4421	0.3295	0.5038	0.5138	-0.3011	0.199	0.3767	-0.0646	0.0113	0.4749	-0.4441	0.5234	0.0432	0.3775	-0.0271	0.106	0.2813	0.3963	0.1408	0.1437	-0.218	-0.2488	0.173	-0.2522	0.1481	0.3056	-0.3833	-0.0272	-0.2194	0.399	0.0909	0.2149	0.3242	-0.1518	0.0457	-0.1196	0.2153	0.386	0.025	-0.2709
Gp_MJ1_272	-0.2889	0.1211	0.1993	1	0.4885	0.3446	0.2733	0.3984	0.2048	0.3262	0.1832	-0.4396	-0.0855	-0.1885	0.0171	0.0503	0.1435	0.1707	-0.0187	-0.0134	-0.0056	0.6007	0.6049	0.1126	0.4844	0.0524	0.2266	0.502	-0.2797	-0.3793	0.5762	0.2444	0.5793	0.5567	-0.0303	-0.3392	0.1827	-0.4562	0.0487	0.2978	0.0265	-0.0749	-0.4592	-0.1539	-0.0685	-0.0168	0.4015	-0.3062	0.0631	0.2247	0.2736	0.1131	0.2138	0.2062	0.1951	-0.1018	0.562	0.531	-0.1726	-0.065	-0.3396	-0.479	-0.242	0.5479	0.0697	-0.4097	-0.0657	-0.1705	0.2369	0.4	-0.483	0.0249	-0.1434	-0.2577	-0.4879	-0.4591	0.0172	0.0973	-0.3745	-0.1163	0.1366	-0.4585	0.3398	-0.0889	-0.1672	0.321	0.2089	0.0915	0.1202	-0.2723	0.4893	0.3195	0.0477	0.0882	-0.3703	-0.2329	0.1192	0.0245	0.359	0.0895	0.2973	-0.0846	0.4853	0.0966	-0.4989	-0.0114	0.2674	0.0517	-0.1776	0.0242	0.4919	-0.0725	0.1418	-0.5267	0.1928	-0.3841	-0.1693	-0.4781	0.2076	0.2901	-0.3691	0.0384	0.1504	0.0995	-0.0706	0.3413	-0.2073	-0.2817	0.0551	-0.2953	-0.2058	0.617	-0.1421	0.0577	0.3017	-0.2467	0.0505	0.1668	0.042	0.5552	-0.3668	-0.1472	0.3999	-0.1612	0.1684	0.1977	-0.1895	-0.235	0.2895	-0.1184	-0.3436	0.2029	0.1266	-0.1301	0.0939	-0.0254	0.3598	-0.039	-0.185	-0.3207	0.0392	0.1999	-0.2689	0.5495	0.1431	-0.3055	-0.2797	-0.329	0.2435	0.1884	-0.3945	-0.0716	-0.3991	0.1738	0.2554	-0.4106	-0.283	0.1968	0.016	-0.1144	0.2224	-0.1297	0.1475	0.2931	-0.46	-0.2763	-0.1704	-0.0896	0.3811	0.0803	-0.3183	0.5882	-0.1405	-0.0954	-0.0771	-0.152	-0.1951	0.4866	0.0256	-0.5789	-0.2814	0.4212	-0.0666	0.0078	-0.3577	-0.0071	0.132	0.1	0.3392	0.4675	-0.0203	0.0639	0.1147	0.3604	-0.1421	0.3615	0.3329	0.1059	0.7979	-0.0778	-0.2003	-0.2137	-0.4147	0.1306	-0.4959	-0.3254	-0.403	-0.2913	0.1225	-0.0482	-0.0468	-0.3867	-0.0311	-0.1022	0.02	-0.2488	-0.0539	0.0063	0.1439	-0.1488	0.2496	0.2631	0.2954	-0.2175	-0.0671	-0.3482	-0.1171	0.2033	-0.3098	-0.4321	0.1362	-0.0919	-0.4906	0.4114	-0.0455	0.2086	-0.0871	0.187	-0.3944	0.0533	0.4928	0.2586	0.5051	0.0735	0.0536	0.1764	-0.2683	-0.0227	0.1082	-0.4016	0.599	0.1018	-0.263	-0.2215	-0.0632	-0.0572	-0.2607	-0.1272	-0.104	-0.0406	0.4995	-0.1299	-0.3193	-0.4803	-0.1686	0.1031	0.0121	0.0203	0.4252	0.1715	0.1155	0.6061	0.103	0.3217	-0.5089	0.1671	0.429	-0.1126	-0.0383	0.5141	-0.1636	0.3444	0.3335	0.5776	0.2711	0.0663	0.5231	0.2296	0.203	0.0176	-0.4487	-0.0498	0.5031	0.3065	0.2636	0.1246	-0.2796	0.2227	-0.4417	0.3529	0.0996	0.2604	-0.045	0.143	-0.314	-0.3597	0.1263	0.6848	0.3766	-0.3133
Gp_MJ1_444	0.017	0.0872	0.2322	0.4885	1	0.1041	0.3049	0.3385	0.092	0.2402	0.2435	-0.3698	-0.1313	-0.1357	0.0752	0.146	0.0614	-0.0068	-0.0992	-0.0776	-0.2038	0.1508	0.4631	0.0518	0.3992	-0.1905	0.129	0.3016	-0.3504	-0.3304	0.3615	0.1838	0.4081	0.3486	-0.1015	-0.3088	0.2389	-0.3499	0.1953	0.2439	-0.0623	0.066	-0.4989	-0.076	0.0647	-0.1059	0.4925	-0.3639	0.1084	0.2291	0.1655	0.1478	0.0758	0.2305	0.0601	0.0487	0.4398	0.3063	0.0145	0.1468	-0.1269	-0.3848	-0.3097	0.3639	0.1331	-0.1339	0.0992	-0.2441	0.0444	0.3328	-0.3184	-0.0337	-0.1217	-0.0617	-0.1543	-0.3702	0.0986	0.2707	-0.0496	-0.0494	0.1426	-0.3252	0.2953	0.0451	-0.005	0.0767	0.148	-0.0775	0.0403	-0.0954	0.0931	0.1349	0.0769	0.0115	-0.2869	-0.2099	-0.1271	-0.0421	0.2753	0.1976	0.1652	0.0622	0.3319	-0.2203	-0.3231	-0.094	0.3852	-0.0132	-0.3575	-0.1043	0.4292	-0.0273	0.1053	-0.4044	0.1227	-0.1806	-0.2834	-0.3883	-0.0423	0.1898	-0.3374	0.14	0.2353	0.034	-0.3321	0.201	-0.0861	-0.2716	-0.1642	-0.3231	-0.2326	0.4112	0.0146	0.1981	0.0139	-0.2156	-0.0842	-0.0096	0.2796	0.4763	-0.4386	0.0779	0.2362	-0.0273	0.4842	0.2903	-0.0365	-0.1606	0.3284	-0.0913	-0.1104	0.0858	0.155	-0.1338	0.0279	-0.1074	0.3761	0.0017	-0.2893	-0.3012	0.0208	0.207	-0.0988	0.2526	0.0199	-0.183	-0.1995	-0.1367	0.033	0.1975	-0.1864	-0.1147	-0.2951	0.0708	0.0819	-0.16	-0.2955	0.5826	0.0176	-0.1983	0.117	-0.3601	0.1238	0.2836	-0.3434	-0.2281	-0.329	-0.0909	0.2597	-0.0569	-0.225	0.0904	-0.011	-0.0851	-0.0593	-0.0874	-0.0188	0.4868	0.053	-0.364	-0.1623	0.2634	-0.0515	0.1448	-0.1004	0.0763	0.148	0.0432	-0.0325	0.4099	0.0843	-0.1016	-0.1843	0.3122	-0.067	0.2529	0.2826	-0.0906	0.4384	-0.2171	-0.114	-0.1095	-0.3904	0.0531	-0.2722	-0.3803	-0.4741	-0.0533	0.0527	-0.2028	-0.068	-0.2056	-0.175	-0.0956	0.0884	-0.2612	-0.1016	-0.0842	0.0639	-0.2431	0.1063	-0.0073	0.1924	-0.0621	-0.1136	-0.3917	0.0011	-0.0173	-0.3752	-0.3075	0.0401	-0.2481	-0.385	0.258	0.1279	0.207	0.0084	-0.0381	-0.3038	0.1275	0.3994	0.243	0.2168	0.1747	0.1281	0.2911	-0.264	0.0814	-0.0068	-0.3839	0.2748	0.1536	-0.1411	-0.1735	-0.0312	0.0458	-0.0827	0.0985	0.0462	0.0622	0.1545	-0.1955	-0.4155	-0.3386	-0.1204	-0.1203	-0.2237	0.0116	0.2934	0.0409	0.0439	0.3297	0.342	0.1953	-0.3581	-0.0325	0.3374	-0.2131	-0.0054	0.3754	-0.2877	0.1457	0.1952	0.3566	0.263	0.0367	0.2424	0.0651	0.1916	0.0549	-0.3701	-0.0252	0.4358	0.2937	0.0493	0.0903	-0.2845	0.0968	-0.1529	0.2306	0.0519	0.1202	0.1984	0.0017	-0.0425	-0.1065	0.0021	0.4696	0.0767	-0.2758
Gp_MJ2_113	-0.2645	-0.3113	0.1553	0.3446	0.1041	1	0.0066	0.8175	-0.0172	0.3173	0.0286	0.0201	-0.0102	-0.2773	0.5384	0.1394	-0.0565	-0.1196	0.0648	0.0111	-0.2046	0.3317	0.5295	0.0294	0.2204	-0.3617	0.0542	0.3517	0.0031	-0.1252	0.4978	0.1863	0.5061	-0.0116	-0.1718	-0.0386	-0.0511	-0.2689	0.0625	0.4588	0.1282	-0.114	-0.4879	-0.2161	-0.4596	0.3387	0.5634	-0.3312	0.734	0.6108	0.6408	0.0428	0.5089	0.1314	0.7623	0.0938	0.3425	0.5189	-0.269	-0.1813	-0.4867	-0.3696	-0.228	0.3635	0.2561	-0.4232	-0.0865	-0.3331	0.1744	0.1027	-0.4607	0.1197	-0.5522	-0.3486	-0.4721	-0.4344	0.094	-0.0088	-0.5277	-0.1719	0.5596	-0.2775	-0.0407	-0.0865	-0.1871	0.1386	0.1226	-0.3806	-0.0718	-0.3003	0.1681	0.4048	-0.1115	0.4585	-0.0998	0.2583	0.036	-0.2612	0.6933	0.2559	0.4144	0.2883	0.5282	-0.2018	-0.1394	0.0157	0.5833	-0.3995	-0.0359	0.4161	0.6098	-0.0819	0.4547	-0.4424	0.7012	-0.2109	-0.1305	-0.443	0.559	0.7151	-0.43	-0.0373	0.0291	0.0683	-0.2328	0.3976	-0.0151	-0.3739	-0.1562	-0.5459	-0.205	0.3534	-0.3265	-0.2936	-0.1378	-0.2707	0.0762	0.7256	-0.203	0.529	-0.3785	-0.4315	0.0008	-0.0282	-0.238	0.0973	-0.4796	-0.3717	0.0757	0.0052	-0.3832	0.8186	-0.3284	-0.039	0.1501	0.4078	0.1139	0.0089	-0.4788	-0.1353	-0.0598	0.214	-0.11	0.4387	0.1088	-0.1036	-0.3536	-0.274	0.6756	0.0234	-0.4617	0.0168	-0.3165	0.7324	-0.1895	-0.3192	-0.1895	0.1242	0.0562	0.2149	0.4378	0.0445	0.0205	0.5385	-0.504	0.2104	-0.0503	-0.3314	0.2078	0.1543	-0.2988	0.4058	0.1163	-0.4024	-0.1112	-0.1988	-0.3811	0.1607	0.0432	-0.3107	-0.4266	-0.1002	-0.1962	-0.0391	-0.5106	0.2626	0.1921	0.1293	-0.1509	0.3222	-0.0939	0.1056	-0.0969	-0.1204	0.0035	-0.1802	-0.2059	0.6456	0.4719	-0.4692	-0.2481	-0.0484	-0.2644	-0.0252	-0.4722	-0.452	-0.3285	-0.4789	-0.0462	-0.3945	-0.189	-0.0066	-0.1227	-0.1901	-0.0336	0.0481	-0.444	0.0647	-0.0492	-0.1591	0.8191	0.6612	-0.1703	-0.4153	0.1911	-0.4491	-0.184	0.6787	-0.4207	-0.0905	-0.0267	-0.0651	-0.1528	0.0407	-0.3211	0.091	-0.0887	0.1261	-0.0472	0.0123	0.0697	0.2923	0.2179	-0.0672	-0.2949	-0.0691	-0.3145	-0.0794	0.5382	-0.2328	0.4247	0.0761	-0.4662	-0.3511	0.0394	0.0317	-0.48	-0.1331	-0.1497	0.3988	0.2913	-0.0198	-0.3658	-0.2521	-0.4522	-0.2	-0.1174	0.0593	0.6654	-0.2291	-0.2688	0.348	0.0067	0.2528	-0.2301	-0.2102	-0.1146	-0.0492	-0.3874	0.1361	-0.2008	0.1412	0.6702	0.2068	0.3462	-0.0423	0.1748	-0.1932	0.0757	0.6156	-0.0767	-0.232	0.2338	-0.0434	0.538	0.2405	-0.0988	0.5605	-0.3639	-0.136	0.0823	0.2645	-0.3437	0.6438	-0.4665	-0.3216	0.6551	0.4498	0.1498	-0.0885
Gp_MJ3_423	-0.1265	0.0877	0.5235	0.2733	0.3049	0.0066	1	0.1974	0.2586	0.2253	0.2498	-0.3368	0.0736	0.1122	-0.1065	0.0736	0.1079	0.1524	0.2044	0.2693	-0.0621	0.1815	0.1823	0.3473	0.1223	-0.3733	0.309	-0.0282	-0.2093	-0.1416	0.2198	0.1617	0.4806	0.436	0.0469	-0.2138	0.356	-0.232	0.3983	0.0399	-0.1159	0.0011	-0.3796	-0.1163	0.1339	-0.2016	0.2827	-0.3227	0.0303	0.0623	0.1609	0.6643	0.1179	0.3318	-0.0139	0.1471	0.266	0.2687	-0.1266	0.1009	0.064	-0.4303	-0.3601	0.3517	0.1386	-0.2511	-0.1162	-0.4016	0.577	0.5939	-0.4252	0.1877	0.2489	-0.147	-0.1391	-0.356	0.123	0.3733	-0.3234	-0.107	-0.1071	-0.249	0.3404	-0.1152	-0.1739	0.2231	0.263	-0.0971	0.132	-0.1298	0.008	-0.2027	0.1832	-0.2089	-0.1779	-0.1495	0.0799	-0.2151	0.097	0.242	-0.2726	-0.0809	0.0103	-0.3199	-0.2372	0.2207	0.0944	-0.2073	-0.4925	-0.0697	0.149	-0.1176	-0.1631	-0.5215	-0.0511	-0.185	-0.2239	-0.5282	0.0989	0.0132	-0.3848	-0.023	0.3727	0.1955	-0.3691	0.2249	-0.2112	-0.3129	-0.2815	-0.3309	-0.1377	0.3568	-0.0132	0.3574	-0.0266	-0.4426	0.1275	-0.0385	0.1907	0.36	-0.3648	0.1199	0.3558	0.1355	0.1727	0.3757	0.079	0.0552	0.4987	0.1659	0.1236	-0.0217	0.1458	0.022	-0.1164	-0.3666	0.1577	0.215	-0.2866	-0.2344	0.0751	0.126	-0.2209	0.372	-0.2214	-0.015	-0.221	-0.2832	-0.2234	0.2646	-0.3241	0.0958	-0.4101	-0.0858	-0.2056	-0.0726	-0.3872	-0.0014	-0.1738	-0.2539	-0.0203	-0.4102	0.0229	0.2317	-0.3415	-0.2399	-0.366	-0.0048	0.1588	0.1595	-0.4006	0.1182	-0.3424	0.1512	-0.2204	-0.0538	-0.04	0.38	0.1592	-0.1894	0.1195	0.3992	-0.0511	0.454	-0.3709	-0.4205	0.2836	0.1315	-0.0419	0.2448	0.0245	0.1131	-0.0603	0.3877	0.1518	0.3742	0.2851	-0.2082	0.2653	-0.117	-0.0076	-0.1779	-0.3209	0.2697	-0.3703	-0.2377	-0.4974	0.0219	0.0784	0.0003	0.1681	-0.1	-0.1113	-0.3184	-0.2195	-0.1969	-0.3149	0.1197	-0.2116	-0.0249	0.0173	-0.1212	0.3095	-0.3107	0.0092	-0.3876	-0.0223	-0.164	-0.4747	-0.4049	0.2044	-0.1015	-0.1788	0.2917	-0.0256	0.2708	-0.0324	0.1678	-0.0985	0.1162	0.4403	0.124	-0.0678	0.4008	0.1137	0.3784	-0.3378	0.1728	-0.0765	-0.3487	0.1591	0.0967	-0.3246	-0.2691	0.155	0.0745	0.0515	0.0091	-0.0472	-0.212	0.2566	-0.2992	-0.2602	-0.1872	0.0687	-0.2475	-0.1477	0.029	-0.0309	0.0038	0.1627	0.2826	0.6545	0.1463	-0.1901	0.1805	0.3688	-0.1127	0.0721	0.3301	-0.5803	0.372	0.1728	0.3209	0.0402	0.0232	0.2062	0.2644	-0.0121	-0.0512	-0.2033	-0.2841	0.2319	-0.1335	0.0107	0.2598	-0.4485	-0.053	-0.2793	0.3679	0.0325	0.1417	0.2674	-0.1697	0.0637	-0.1913	-0.015	0.3117	0.0522	-0.4115
Gp_MJ3_477	-0.252	-0.2549	0.2483	0.3984	0.3385	0.8175	0.1974	1	0.094	0.2619	0.0896	-0.1235	-0.1726	-0.3551	0.4571	0.1424	0.015	-0.0166	-0.1198	-0.132	-0.157	0.3983	0.5812	-0.014	0.3327	-0.3887	0.0779	0.5103	-0.0624	-0.25	0.5823	0.2635	0.6194	0.066	-0.1362	-0.1606	0.0579	-0.3487	0.1002	0.4922	0.1479	-0.0007	-0.5875	-0.1951	-0.3571	0.2175	0.6472	-0.4641	0.6497	0.7235	0.676	0.1776	0.5763	0.1755	0.7839	0.1489	0.4031	0.5203	-0.2714	-0.1243	-0.5423	-0.4969	-0.2517	0.3614	0.1263	-0.5096	-0.1104	-0.4264	0.1746	0.232	-0.5351	-0.0176	-0.5457	-0.3339	-0.4256	-0.4354	0.0699	0.1015	-0.4547	-0.2564	0.5258	-0.3744	0.0131	0.0033	-0.1524	0.1626	0.1016	-0.3764	0.0132	-0.3904	0.2088	0.4517	0.0394	0.3857	-0.2608	0.2416	0.0357	-0.2394	0.7507	0.3329	0.5188	0.3452	0.6421	-0.248	-0.201	-0.1631	0.7356	-0.3033	-0.1261	0.4546	0.7535	-0.0099	0.5188	-0.5473	0.6864	-0.2335	-0.2398	-0.5286	0.5894	0.7912	-0.5223	-0.0101	0.1333	-0.0896	-0.3499	0.4471	-0.0407	-0.46	-0.2106	-0.5831	-0.0853	0.4561	-0.2925	-0.2329	-0.0268	-0.2942	-0.1409	0.7201	-0.0841	0.6496	-0.4228	-0.4104	0.1128	-0.1908	-0.0458	0.2266	-0.4937	-0.3774	0.0718	-0.1834	-0.4474	0.8422	-0.3363	-0.0228	0.1692	0.3406	0.2928	-0.1296	-0.4128	-0.1391	-0.0571	0.1166	-0.1792	0.4993	0.1208	-0.1135	-0.3816	-0.3084	0.5865	0.0965	-0.4389	-0.1968	-0.3888	0.7151	-0.0546	-0.3724	-0.2515	0.3422	0.0754	0.0748	0.3892	-0.1036	-0.0305	0.6656	-0.538	0.13	-0.2659	-0.3042	0.269	0.0116	-0.3686	0.4027	0.0597	-0.496	-0.0721	-0.0743	-0.4508	0.2877	-0.1079	-0.37	-0.4017	-0.0093	-0.1998	0.0932	-0.5462	0.2442	0.1373	0.2392	-0.2133	0.4823	-0.1109	0.0136	-0.164	-0.0158	-0.168	-0.1425	-0.0375	0.5912	0.5334	-0.4264	-0.2169	-0.0654	-0.3842	0.0504	-0.5272	-0.5227	-0.4834	-0.4977	0.0005	-0.392	-0.2176	-0.1055	-0.03	-0.2304	-0.0526	-0.0284	-0.4063	-0.0726	-0.0458	-0.071	0.852	0.6398	-0.1499	-0.4004	0.1762	-0.5339	-0.0665	0.6346	-0.5917	-0.1916	0.1084	-0.0551	-0.2287	0.1168	-0.2318	0.1994	0.0158	0.1492	-0.2021	0.0323	0.2069	0.3973	0.313	-0.0292	-0.314	0.072	-0.2873	0.0854	0.5814	-0.384	0.4309	0.1672	-0.3888	-0.3387	-0.1141	-0.0532	-0.5227	-0.0476	-0.0401	0.3982	0.4329	-0.1247	-0.4715	-0.3134	-0.5488	-0.2498	-0.0874	-0.0783	0.7461	-0.2492	-0.1898	0.4166	0.2399	0.2675	-0.269	-0.157	-0.0625	0.0216	-0.4312	0.2694	-0.3566	0.2325	0.6159	0.3076	0.2885	0.0422	0.1816	-0.1098	0.0941	0.7085	-0.2281	-0.2295	0.3209	0.042	0.6042	0.3741	-0.2084	0.5533	-0.3351	-0.0952	0.2532	0.4092	-0.2181	0.5684	-0.5132	-0.3506	0.606	0.4988	0.2079	-0.1803
Gp_MJ4_197	-0.3997	0.529	0.3451	0.2048	0.092	-0.0172	0.2586	0.094	1	0.1532	0.2425	-0.1665	-0.2692	0.3323	-0.2086	0.284	0.1154	0.2915	-0.3218	-0.0887	0.2394	0.2957	0.206	0.1716	0.2047	-0.0616	0.2162	0.0591	-0.26	-0.1899	0.0393	-0.0854	0.1002	0.5179	0.2849	-0.2316	0.5798	-0.1438	0.1343	-0.0269	0.0324	-0.0138	-0.287	0.2428	0.2191	-0.0204	-0.0287	-0.3606	-0.0951	-0.0589	0.2519	0.2788	0.1011	0.4035	0.1241	0.2121	0.1586	-0.0947	-0.0462	0.2715	-0.0069	-0.1645	-0.1922	0.0472	-0.2283	-0.295	0.0491	-0.2335	0.1848	0.3328	-0.2331	-0.0801	0.3505	-0.0363	-0.0842	0.0176	0.2161	0.3704	-0.1065	-0.2137	-0.173	-0.2009	0.5415	-0.153	-0.1316	-0.0486	0.1007	-0.1643	0.0191	-0.3664	0.1348	-0.3468	0.4142	-0.3162	-0.0904	-0.1335	0.0101	-0.318	0.1442	0.0298	-0.2464	-0.0098	0.2004	-0.3222	-0.1153	-0.1856	-0.2003	-0.1805	-0.4637	0.0165	-0.0066	-0.2994	0.0701	-0.2858	-0.0916	-0.1446	-0.2984	-0.3487	0.0315	0.0583	-0.4021	0.119	0.3662	-0.3098	-0.4083	0.0812	-0.3407	-0.4369	-0.1807	-0.269	0.055	0.4746	-0.0013	0.3632	0.289	-0.2657	-0.2478	0.0639	0.4221	0.1786	-0.2455	-0.1353	0.6748	-0.2799	0.2923	0.3253	-0.0447	-0.019	0.0037	-0.2406	-0.0443	0.0072	0.001	0.0582	-0.2229	-0.1696	0.3508	-0.2083	-0.0508	-0.0883	0.1868	-0.4643	-0.3262	0.0915	-0.0927	-0.0513	-0.1794	-0.3532	-0.199	0.3627	-0.0681	-0.3734	-0.3577	-0.039	-0.1037	-0.2054	-0.4401	-0.0606	0.0177	-0.3453	0.108	-0.3478	-0.0414	0.1587	-0.1248	-0.0742	-0.4334	0.1418	0.5626	-0.3812	-0.2025	-0.0084	-0.2632	0.005	-0.3563	-0.0629	-0.0194	0.2212	-0.3172	-0.1755	-0.0015	0.6308	0.0236	0.2138	-0.1945	-0.3496	0.29	0.1456	0.1141	0.4407	0.2294	-0.3683	-0.178	0.6289	-0.2518	0.507	0.5764	0.0345	0.278	0.184	0.1303	-0.3019	-0.3593	0.3225	-0.1279	-0.214	-0.4356	0.0519	0.5317	0.5206	0.0895	-0.1268	-0.0375	-0.3558	-0.0874	-0.0737	0.0155	-0.4395	-0.2105	0.2391	0.0399	0.0696	0.5472	-0.1506	-0.1529	-0.3263	0.2288	0.0253	-0.2256	-0.3871	0.4183	0.346	-0.0702	0.5149	0.0284	0.3296	0.0165	0.0909	-0.0615	0.3562	0.6478	0.1408	0.0782	0.3292	-0.0156	0.3724	-0.1125	0.198	-0.0989	-0.3733	0.2802	-0.0414	-0.0251	-0.132	-0.225	-0.097	-0.1171	0.383	-0.2333	-0.2693	0.2404	-0.4645	-0.1155	-0.0584	0.2555	-0.0845	-0.1791	-0.3611	0.0476	-0.076	0.4069	0.3602	0.2833	0.2788	-0.0908	0.3069	0.5357	-0.0463	0.0324	0.6056	-0.1794	0.5567	-0.1303	0.4351	-0.3144	0.1423	0.2674	0.6494	0.1819	0.185	-0.1268	-0.3006	0.1112	-0.324	0.0704	0.2668	-0.2782	0.012	-0.2824	0.5734	0.3037	0.3748	0.278	-0.1375	-0.0294	-0.0147	0.216	0.2486	-0.0547	-0.3574
Gp_MJ4_65	-0.1983	0.1753	0.2013	0.3262	0.2402	0.3173	0.2253	0.2619	0.1532	1	0.4013	-0.208	0.2032	-0.0459	0.0962	0.268	-0.0743	0.075	0.1697	0.1585	-0.1002	0.2383	0.3052	0.4561	0.1231	-0.2292	0.2427	0.1484	-0.2446	-0.1583	0.279	-0.0434	0.3317	0.4008	-0.0758	-0.2165	0.2396	-0.2437	0.3607	-0.0575	-0.1541	-0.2659	-0.3696	-0.1456	0.0378	-0.1626	0.2786	-0.372	0.178	0.0872	0.0564	0.2311	-0.08	0.466	0.1601	0.1878	0.1947	0.4554	-0.3245	0.0597	-0.0543	-0.3106	-0.1658	0.3562	0.1841	-0.2173	0.0879	-0.2862	0.3043	0.3203	-0.2598	0.1409	-0.0919	-0.2558	-0.3465	-0.2799	0.1097	0.3985	-0.2107	-0.1943	-0.0552	-0.3511	0.2446	0.0009	-0.0332	0.1065	0.5591	0	-0.0261	-0.2922	0.2743	0.0668	-0.0824	-0.2096	-0.2363	-0.2986	0.1097	-0.286	0.1422	-0.1488	-0.0088	-0.2516	0.2836	-0.2416	-0.2247	0.2147	0.0453	-0.2833	-0.3503	0.0823	0.2897	-0.0423	0.2053	-0.4009	0.1522	-0.2817	-0.3645	-0.4368	0.0535	0.1447	-0.4224	0.0739	0.4283	0.2207	-0.2459	0.5021	-0.0515	-0.304	-0.0913	-0.4157	-0.1584	0.3575	-0.212	0.242	0.0755	-0.3115	0.1821	0.1497	0.1353	0.3514	-0.3255	-0.1796	0.3541	0.0163	-0.1279	0.4967	-0.0267	0.1098	0.3713	0.0402	-0.0967	0.1285	0.0157	-0.1082	-0.2886	-0.1601	0.0036	0.1823	-0.256	-0.1688	-0.069	0.3197	-0.1491	0.2237	-0.1708	0.0735	-0.2745	-0.3168	0.1501	0.0532	-0.2323	0.0552	-0.2485	0.0634	-0.0112	-0.1574	-0.2811	0.0094	-0.3247	-0.1896	0.2795	-0.1275	-0.0194	0.2777	-0.211	-0.2811	-0.1985	-0.2916	0.2294	0.2842	-0.2451	0.212	-0.2086	-0.015	-0.3593	-0.2918	-0.0419	0.2325	0.199	-0.2681	0.098	0.3643	-0.179	0.1287	-0.1526	-0.3	0.3022	-0.0634	0.0248	0.3815	0.1479	0.0862	-0.1508	0.3388	0.0376	0.2426	0.2591	-0.0025	0.4444	-0.2308	-0.0825	-0.236	-0.3491	0.1686	-0.2008	-0.309	-0.3856	-0.0402	0.2599	0.0613	0.1792	0.096	-0.1644	-0.2636	-0.3482	-0.2206	-0.1467	0.2204	-0.2215	-0.281	0.15	0.0236	0.3723	-0.0831	-0.077	-0.2709	-0.1649	-0.0143	-0.3219	-0.3675	0.0371	0.0764	-0.131	0.1466	-0.2142	-0.0183	-0.1739	0.1982	-0.1042	0.2386	0.3966	0.1532	0.1654	0.3026	0.0393	0.3908	-0.262	-0.1024	-0.0607	-0.3863	0.4381	0.0614	-0.2639	-0.2182	0.131	0.1962	-0.1253	-0.062	-0.2829	-0.1	0.167	-0.2138	-0.2473	-0.2357	0.0241	-0.2522	-0.275	0.2327	0.2122	0.0376	0.2261	0.294	0.0061	0.252	-0.2296	0.408	0.2462	-0.1401	0.0244	0.4219	-0.3341	0.3352	0.4882	0.3639	0.3057	-0.0391	0.2791	0.1045	0.2881	0.0728	-0.0873	-0.3268	0.0769	-0.0326	-0.0003	0.127	-0.4085	-0.0379	-0.2259	0.3887	0.0235	0.3338	0.229	0.0191	-0.0725	-0.1261	0.1317	0.403	0.0256	-0.4485
Gp_NH_148	-0.2477	0.3164	0.1375	0.1832	0.2435	0.0286	0.2498	0.0896	0.2425	0.4013	1	-0.2946	0.1201	0.2806	-0.1013	0.1963	-0.0452	0.3005	0.0332	0.1037	-0.1343	0.2312	0.124	0.3601	0.1854	-0.1743	0.2449	-0.0668	-0.2616	-0.3216	0.2645	-0.1614	0.2204	0.4584	0.0481	-0.3216	0.4714	-0.1951	0.3845	-0.2112	-0.2498	-0.2529	-0.1504	-0.0901	0.2967	-0.4425	0.0408	-0.3787	-0.1837	-0.265	-0.0881	0.3147	-0.2297	0.4462	-0.0507	0.2202	0.2484	0.1684	0.0089	0.3174	-0.0617	-0.2767	-0.166	0.2357	0.0892	-0.1923	0.3431	-0.3159	0.1797	0.2801	0.0156	0.0331	0.2913	-0.2554	-0.1725	0.0203	0.0544	0.5527	-0.0697	-0.3273	-0.3891	-0.2694	0.4411	-0.1071	-0.1053	-0.0919	0.2902	0.0459	-0.244	-0.0131	0.1758	-0.0695	0.2861	-0.4785	-0.2635	-0.3239	0.005	-0.365	-0.1581	-0.271	-0.1562	-0.2586	0.2176	-0.2454	-0.2473	0.1286	-0.2009	-0.1602	-0.5058	-0.2142	0.0353	-0.0429	0.0848	-0.2579	-0.3162	-0.2055	-0.3117	-0.3519	-0.0839	-0.1105	-0.4242	0.3223	0.5595	0.0987	-0.3495	0.3864	-0.1306	-0.2668	-0.2045	-0.3337	-0.0791	0.3492	-0.1966	0.5565	0.0642	-0.2127	0.0838	-0.0564	0.3836	0.2981	-0.2379	-0.0299	0.3485	0.0074	0.0114	0.5598	0.027	0.307	0.3077	-0.018	-0.0904	-0.0673	-0.0013	0.0686	-0.2005	-0.3158	0.0846	0.1191	-0.0575	-0.19	0.2273	0.1495	-0.0695	0.0021	-0.2677	0.2438	-0.1329	-0.319	-0.0789	0.318	0.0077	-0.0457	-0.162	-0.1557	0.2044	-0.2128	-0.1793	0.0494	-0.1722	-0.4519	0.1092	-0.0925	-0.2401	0.149	0.0412	-0.2363	-0.3563	0.0348	0.3669	0.1293	-0.1513	-0.0284	-0.3372	0.0568	-0.4786	-0.0046	-0.0361	0.1475	0.1386	-0.1614	0.3254	0.426	0.0337	0.3527	0.0411	-0.3658	0.1948	0.1084	0.1275	0.4393	0.1134	0.1058	-0.3007	0.4368	-0.0209	0.1653	0.3661	-0.2063	0.1891	-0.2647	0.1594	-0.2069	-0.4095	0.5497	0.0893	-0.2307	-0.387	0.0119	0.3493	0.2354	0.1773	-0.0351	-0.0425	-0.3023	-0.2874	-0.3829	-0.0564	0.0251	-0.2765	-0.0706	-0.0769	-0.3202	0.4613	0.0286	-0.1509	-0.2161	-0.0339	-0.3113	-0.2491	-0.3249	0.2391	0.0632	-0.1426	0.256	0.0011	0.2738	0.1665	0.0848	-0.2795	0.3312	0.4942	0.0389	0.0441	0.3915	0.051	0.661	-0.1338	0.2483	-0.3427	-0.4377	0.3287	0.1286	-0.1016	-0.1387	0.0508	0.0611	0.0031	0.1982	-0.2865	-0.3186	0.1679	-0.3497	-0.2125	-0.1526	0.0806	-0.0364	-0.0438	0.1383	-0.0708	0.0115	0.1678	0.2405	0.2486	0.1321	-0.1572	0.317	0.3721	-0.0369	0.029	0.4063	-0.03	0.3569	0.2349	0.3675	0.0286	0.0432	0.2819	0.2607	0.194	-0.0916	-0.1978	-0.3198	0.1288	-0.1483	-0.2383	0.1543	-0.4268	-0.1336	-0.2973	0.4607	0.3269	0.4599	0.5681	-0.2871	-0.0503	-0.0151	-0.1948	0.2743	0.1421	-0.4318
Gp_YAB_333	0.3463	-0.2456	-0.2959	-0.4396	-0.3698	0.0201	-0.3368	-0.1235	-0.1665	-0.208	-0.2946	1	0.105	-0.0976	0.392	0.0147	-0.1837	-0.3875	0.0697	-0.0006	-0.079	-0.3089	-0.4276	-0.1343	-0.4862	-0.2495	-0.275	-0.2478	0.6494	0.7723	-0.4447	-0.1131	-0.3362	-0.5594	-0.1643	0.7635	-0.4144	0.8055	-0.2515	-0.0381	0.3939	-0.0931	0.2969	0.071	-0.3476	0.3803	-0.2966	0.1674	0.0934	-0.0065	-0.1643	-0.2754	-0.0771	-0.1267	0.0765	-0.1344	-0.4283	-0.2684	-0.007	-0.2048	0.0652	0.3929	0.3191	-0.2718	0.0565	0.0455	-0.0398	-0.0155	-0.3984	-0.4832	0.3429	0.018	-0.2799	0.0644	0.1751	0.312	-0.3371	-0.1645	0.1735	-0.0918	0.0456	0.0255	-0.4807	-0.2898	0.0383	-0.4197	-0.3539	-0.216	-0.3189	0.0484	-0.4205	0.1159	-0.2585	0.2487	0.6714	0.2634	-0.2721	-0.1312	-0.0687	0.104	-0.0085	0.0487	-0.403	-0.0982	0.8876	-0.0121	-0.0005	-0.2396	0.2043	0.2976	-0.1966	0.2805	0.2039	0.2276	0.1755	0.7331	-0.0428	0.1778	0.0479	0.0672	0.1087	-0.1235	-0.1409	-0.029	0.0635	-0.1733	0.1139	0.1156	-0.0655	0.0874	0.0267	-0.5392	0.1659	-0.3501	-0.4806	0.2643	0.0817	0.1803	-0.4246	-0.3996	0.1042	-0.0715	-0.3994	0.0955	-0.3133	-0.1857	-0.0524	0.068	-0.146	0.0673	0.1227	0.1256	-0.2111	0.0828	0.094	0.3066	-0.3546	-0.0038	0.0507	0.7192	-0.2652	-0.0387	0.4526	-0.2155	0.0756	0.111	0.0452	0.2765	0.1385	-0.448	0.2669	0.1532	0.1101	0.1661	-0.1834	0.11	0.1889	0.1041	-0.0197	0.6386	0.0058	0.15	-0.1843	-0.1007	0.2461	0.2188	0.2146	-0.0918	-0.3444	0.0098	0.3322	-0.2779	0.2741	-0.0598	0.0443	-0.0984	-0.0601	-0.3269	0.0368	0.7898	-0.027	-0.5345	0.1093	-0.177	0.1717	0.1796	0.2408	-0.073	-0.3607	-0.4413	-0.1619	0.1174	-0.2576	-0.4849	0.0718	-0.4365	-0.5215	0.0942	-0.4887	-0.0502	-0.0522	0.1349	0.1721	-0.192	0.3312	0.0298	0.2001	-0.072	-0.3897	-0.1616	-0.1179	0.6623	0.0248	0.1199	0.0525	0.1995	-0.0398	0.0759	-0.3135	-0.0391	0.0485	0.0307	-0.4143	0.0829	0.3304	0.1954	-0.0295	0.1163	0.0475	0.2106	-0.3357	0.5443	0.8146	-0.2302	-0.0953	-0.3047	-0.1172	-0.2556	0.6061	-0.2234	-0.4917	-0.0066	-0.3271	-0.4033	-0.1849	-0.4101	0.3014	-0.259	0.1043	0.2169	-0.4602	-0.2349	0.0289	0.2091	0.049	0.2579	0.0007	-0.1783	0.0161	0.2885	-0.5037	-0.0323	0.263	0.733	-0.1674	-0.0393	0.0393	0.01	-0.1234	-0.1457	-0.3585	-0.4214	-0.3096	-0.5016	0.833	-0.4924	-0.444	0.1284	-0.1226	-0.5186	0.279	-0.454	-0.0633	-0.5315	-0.1933	-0.186	-0.4335	-0.3064	-0.203	0.1921	0.8131	-0.1089	-0.365	-0.2689	0.0136	-0.2359	0.3396	-0.0024	0.0808	-0.4937	-0.2241	-0.3011	-0.3442	0.3475	0.0017	0.2861	0.142	-0.4589	-0.2524	0.2069
Gp_YAB_339	0.2021	-0.0844	-0.2306	-0.0855	-0.1313	-0.0102	0.0736	-0.1726	-0.2692	0.2032	0.1201	0.105	1	-0.0247	0.1806	-0.1389	-0.2234	-0.0974	0.7981	0.7388	-0.3113	0.1533	0.0615	0.2165	-0.1848	0.0168	0.2694	-0.1349	-0.0334	0.0401	-0.0246	-0.1386	0.0595	0.0419	-0.3019	0.0189	-0.2019	0.1235	0.2433	-0.2099	-0.1362	-0.1053	-0.0159	-0.1478	-0.0793	-0.2009	-0.1332	0.0654	-0.1465	-0.2398	-0.3045	0.0317	-0.2881	-0.0721	-0.2306	-0.0557	0.0067	0.1548	0.0288	-0.1683	0.0025	-0.0953	0.1457	0.1889	0.6733	0.0391	-0.1376	0.0111	0.1494	-0.0116	-0.0524	0.6686	0.0098	-0.0275	-0.135	-0.1089	-0.3253	-0.0483	-0.1811	-0.2283	-0.2566	-0.0006	-0.2112	-0.2286	-0.2303	-0.0432	0.3105	0.1491	-0.1309	0.3767	0.1751	0.0168	-0.1897	-0.0514	0.0987	-0.2061	0.1059	-0.0544	-0.2902	-0.0251	-0.1819	-0.345	-0.1285	0.0156	0.1054	0.8161	-0.1879	-0.124	-0.0526	-0.0898	-0.097	-0.0398	-0.0685	-0.0681	-0.1832	0.0507	0.0405	0.0362	-0.1194	-0.2365	0.0167	-0.1447	-0.0612	0.7643	0.0477	0.1288	-0.0386	-0.0554	0.2025	-0.0229	-0.052	-0.1021	-0.1452	0.0055	-0.0596	-0.1189	0.7232	-0.1236	-0.2374	-0.036	-0.0019	0.0601	-0.1635	0.6191	-0.2888	0.0477	0.0245	0.0909	0.268	0.6822	0.0377	-0.1561	0.0028	0.1664	-0.2261	-0.101	-0.2288	0.8124	-0.1186	-0.0184	-0.1778	0.6122	0.3039	-0.0605	-0.2158	0.0372	-0.1172	0.2239	-0.0291	-0.145	-0.1771	0.7964	0.0763	-0.2026	0.0335	-0.0281	0.0303	-0.3121	-0.1933	0.1402	0.0004	0.0136	0.0149	-0.2209	0.0069	-0.0412	0.2631	-0.2149	-0.0488	0.7525	-0.0209	0.1757	-0.2585	0.0965	-0.0592	-0.048	-0.0376	-0.0615	0.8075	0.2291	0.0799	-0.0694	-0.1696	0.0514	0.0127	-0.102	-0.1005	-0.0141	-0.0364	-0.2155	-0.1155	0.5886	-0.0072	-0.0445	0.6612	-0.1748	-0.2357	-0.2748	0.0465	-0.1444	-0.0511	-0.2173	-0.0219	-0.0359	-0.0566	0.0783	0.0437	-0.0172	-0.0824	-0.105	0.3229	0.1751	-0.1493	-0.2128	-0.2319	-0.1254	-0.2835	0.7732	0.0126	-0.2663	-0.1738	-0.3655	-0.073	-0.0584	-0.0158	0.1206	-0.0793	-0.3745	0.0773	0.0357	-0.1672	0.0623	0.1259	-0.2452	-0.1486	-0.0922	-0.0848	0.0942	0.0402	-0.1592	-0.128	-0.0289	-0.1418	-0.0927	0.0495	0.1298	-0.0496	-0.2067	-0.2982	0.0241	-0.0089	-0.0831	-0.1333	-0.0432	0.7495	0.1253	-0.0055	-0.2009	-0.2731	-0.2114	-0.1632	0.1495	-0.099	0.1775	-0.0963	-0.0174	-0.0695	0.9144	-0.1374	0.1464	-0.3088	0.0784	-0.1139	-0.2853	0.1303	-0.0462	-0.0388	0.0056	-0.0769	-0.1454	-0.0673	-0.1638	0.3717	-0.0095	0.4024	-0.339	0.0092	-0.2334	-0.0089	-0.2244	0.1413	-0.0251	-0.0251	0.0124	-0.2481	-0.0595	-0.2375	-0.2957	-0.069	-0.0698	-0.1419	-0.0323	0.0321	-0.0644	0.0046	-0.2295	-0.3268	0.0866	-0.0044	-0.1962
Gp_meta27_16	-0.1318	0.3559	0.2059	-0.1885	-0.1357	-0.2773	0.1122	-0.3551	0.3323	-0.0459	0.2806	-0.0976	-0.0247	1	-0.3315	-0.0795	-0.0307	0.2427	-0.0273	0.0822	0.0817	-0.1953	-0.2677	0.2725	-0.1233	-0.0599	0.1781	-0.4142	-0.1483	-0.0147	-0.202	-0.1893	-0.2054	0.1117	0.3274	0.0126	0.4667	0.0992	0.1707	-0.2081	-0.0565	-0.0737	0.2553	0.2896	0.1453	-0.3449	-0.2854	0.1381	-0.2777	-0.4014	-0.0629	0.1505	-0.2109	0.2383	-0.3257	0.2085	-0.1444	-0.2415	0.1724	0.5324	0.0871	0.0656	-0.147	-0.144	-0.1279	0.2686	0.1996	0.1762	0.0386	0.1629	0.1212	-0.1103	0.5043	0.015	0.2584	0.1101	0.2371	0.2937	0.0276	0.0762	-0.4085	0.1722	0.3228	-0.041	-0.1603	-0.1677	0.0816	-0.1959	-0.128	0.024	-0.244	-0.5486	0.3288	-0.4475	-0.0337	-0.1928	0.1421	-0.227	-0.259	-0.2417	-0.5791	-0.1223	-0.2529	-0.1165	0.0389	0.0071	-0.5173	-0.1089	-0.1627	-0.2736	-0.5221	-0.2195	-0.241	0.0864	-0.4008	0.0847	0.0114	0.0829	-0.3972	-0.3361	0.0214	0.1702	0.1984	-0.0834	-0.1867	-0.0956	-0.1788	0.0754	-0.2202	0.1063	0.0018	0.0086	0.078	0.4308	0.171	-0.2011	-0.1104	-0.2732	0.3922	-0.1678	0.1338	-0.049	0.2172	0.1235	0.1961	0.1608	0.0916	0.3681	0.0614	0.1174	0.0897	-0.3712	-0.0011	0.2488	-0.1659	-0.3797	-0.0228	-0.0275	-0.0345	0.0069	0.2768	-0.3185	-0.0138	-0.2853	-0.2911	0.3969	0.2743	0.1367	-0.5028	0.2592	-0.0079	-0.015	-0.1	-0.3045	-0.1492	-0.1179	-0.0637	-0.0853	-0.0891	-0.3519	-0.2407	-0.162	-0.3222	-0.139	0.108	0.0999	-0.1777	0.3836	0.1033	-0.173	-0.0777	-0.4231	-0.3113	0.1032	-0.2624	-0.0264	-0.0237	-0.0424	-0.0996	0.1463	0.4834	0.3252	0.252	0.1094	0.0528	-0.2473	0.0731	0.0079	0.2537	0.0331	0.0552	-0.2185	-0.048	0.2992	0.0661	0.2119	0.2922	-0.2677	-0.1566	0.2002	0.302	-0.1251	0.1225	0.3279	0.1626	0.1916	0.0611	0.0794	0.3793	0.4677	0.1993	-0.023	-0.0467	-0.0415	-0.1732	0.0115	0.006	-0.1585	-0.2191	0.066	-0.3687	-0.2728	0.3677	-0.0892	-0.1582	0.0837	0.1239	-0.2223	0.2356	0.0744	0.2306	0.0365	0.045	0.3859	0.2493	0.1189	0.185	-0.0714	0.0326	0.0434	0.2535	-0.2333	-0.3948	0.4072	-0.0679	0.2154	-0.0978	0.2793	-0.3803	0.1104	0.0924	-0.0596	0.0955	-0.1017	0.0071	-0.1611	0.0789	0.2761	-0.1264	-0.3487	-0.0398	-0.1775	0.0898	0.1532	0.4825	0.1163	-0.1208	-0.0856	-0.513	-0.1409	0.262	-0.1628	0.2725	0.1339	0.082	0.3563	0.4425	0.0446	0.0279	0.19	-0.0282	0.2394	-0.3059	0.0623	-0.4007	0.1385	-0.0474	0.4575	-0.2126	-0.1619	0.0651	-0.1571	-0.1348	-0.3909	-0.2429	-0.0063	-0.2361	-0.2853	0.1873	0.3026	0.1425	0.1801	0.4252	-0.4865	0.0825	0.0481	-0.2192	-0.124	-0.1785	-0.0831
Gp_meta27_511	0.2557	-0.2616	-0.1539	0.0171	0.0752	0.5384	-0.1065	0.4571	-0.2086	0.0962	-0.1013	0.392	0.1806	-0.3315	1	-0.0816	-0.3524	-0.3346	0.2396	0.1497	-0.3654	0.0763	0.1405	-0.0858	-0.1464	-0.2675	-0.0718	0.188	0.2282	0.2017	0.0337	0.1912	0.1425	-0.2594	-0.4604	0.214	-0.3437	0.1659	-0.0791	0.2457	0.3578	0.0507	-0.1733	-0.2523	-0.3694	0.3709	0.3293	-0.168	0.4535	0.3362	0.2401	-0.1629	0.2691	-0.1268	0.4124	-0.0408	0.0092	0.2724	-0.1972	-0.3371	-0.3183	-0.0651	0.0237	0.0892	0.41	-0.2258	-0.1603	-0.1273	-0.032	-0.1375	0.0088	0.229	-0.4829	-0.285	-0.1747	-0.0944	-0.1623	-0.2107	-0.0265	-0.2482	0.3383	-0.221	-0.3429	-0.2227	-0.118	-0.1546	-0.0124	-0.1779	-0.3772	-0.0255	-0.0333	0.3693	-0.2814	0.4306	0.0762	0.0858	-0.1283	-0.0727	0.3613	0.1008	0.3169	-0.1109	0.1956	-0.121	0.2233	0.1523	0.3167	-0.3449	0.0915	0.318	0.3311	0.1338	0.3852	-0.1829	0.4908	0.2465	-0.1313	-0.1442	0.2569	0.4662	-0.1305	-0.2308	-0.1769	0.2385	-0.0767	0.2457	-0.0985	-0.1649	0.1373	-0.2818	-0.1941	-0.112	-0.1635	-0.4351	-0.3678	0.1983	0.3402	0.4608	-0.27	0.1046	-0.1408	-0.0669	-0.2539	0.2142	-0.304	-0.1103	-0.2993	-0.2248	-0.1212	0.1817	-0.2419	0.5231	-0.31	-0.0369	0.1407	0.4959	0.0066	0.1635	-0.231	0.2077	-0.0682	0.4024	0.1596	0.1774	0.2506	-0.1341	-0.0966	0.0089	0.6709	-0.4496	-0.1018	0.2526	-0.1644	0.4929	-0.1284	-0.1673	0.0832	0.1295	0.02	0.4821	0.2994	0.0493	-0.0866	0.2806	-0.0796	0.223	0.2198	-0.279	-0.0312	0.3081	0.1124	0.245	0.3101	-0.1732	-0.0292	-0.1964	-0.2751	-0.0493	0.2539	0.1604	-0.3465	-0.3644	-0.2027	-0.2229	-0.0019	0.4371	0.0778	-0.136	-0.3401	0.0432	-0.2123	0.3815	-0.2415	-0.3355	0.209	-0.4214	-0.4632	0.3403	0.0801	-0.2604	-0.3021	-0.0261	-0.2059	-0.2615	-0.0137	-0.2923	-0.1069	-0.3229	-0.2641	-0.423	-0.2287	0.3228	-0.1311	-0.1003	0.1327	0.1085	-0.1937	0.2079	-0.0752	-0.2258	0.4316	0.3349	-0.3627	-0.0794	0.1534	-0.1017	-0.0954	0.4236	-0.2441	0.1401	-0.0732	0.2122	0.1944	-0.0991	-0.3709	-0.1427	-0.2873	0.1208	0.1536	-0.2535	-0.2628	0.1162	0.0827	-0.3577	-0.1636	-0.1788	0.0088	-0.3483	0.2618	-0.1158	0.0202	-0.2006	-0.0772	0.0306	0.2071	0.0446	-0.3111	-0.2278	-0.0185	0.3926	-0.0952	0.0666	-0.0969	0.1659	-0.4032	-0.2405	-0.0755	0.223	0.2638	0.0234	-0.487	0.1257	-0.2221	-0.1465	0.1958	-0.3905	-0.3057	-0.1304	-0.288	-0.1864	0.0742	-0.126	0.5951	-0.0806	0.2687	-0.0754	-0.023	-0.3225	-0.0558	0.5331	0.2311	-0.0523	0.0749	0.0037	0.1918	0.0257	0.1674	0.3294	-0.0895	-0.4256	-0.1853	0.0245	-0.3488	0.5715	-0.3253	-0.0174	0.4258	0.136	-0.0162	0.0248
Sg_A01_16	-0.0733	0.2316	0.2503	0.0503	0.146	0.1394	0.0736	0.1424	0.284	0.268	0.1963	0.0147	-0.1389	-0.0795	-0.0816	1	0.068	-0.0007	-0.2699	-0.0693	0.0577	0.0777	0.1171	0.1171	0.0945	-0.0873	0.0149	0.0576	0.1122	0.0591	-0.008	-0.0248	0.0962	0.1254	0.0338	0.0213	0.2174	-0.0672	-0.0723	0.1257	-0.0873	-0.1373	-0.2653	-0.1285	0.0585	-0.023	0.2245	-0.298	0.1358	0.0423	0.0792	0.0776	-0.086	0.2081	0.125	0.0227	-0.0758	-0.0233	0.0073	0.2658	0.1014	-0.1454	0.0257	-0.0165	-0.2384	-0.2343	0.0202	-0.1245	-0.0137	0.1367	-0.0915	-0.1636	0.0373	0.0891	-0.0453	0.0656	0.1804	0.289	-0.0971	-0.2163	-0.0255	-0.1801	0.178	-0.0751	-0.0367	0.0188	0.0266	0.0971	0.0744	-0.1735	0.0633	-0.1078	0.0655	-0.0167	-0.0435	-0.2036	-0.1375	-0.3388	0.1297	-0.0054	0.0039	0.0542	0.0507	-0.2583	0.0543	-0.0698	0.0125	-0.1951	-0.3173	0.0667	0.1807	-0.1781	0.3517	-0.1517	0.1291	-0.1111	-0.1962	-0.1432	0.2173	0.1384	-0.3	0.0102	0.2856	-0.1808	-0.2273	0.0862	0.0971	-0.3198	-0.0775	-0.3363	-0.0268	0.1837	-0.2209	0.0054	0.036	-0.0574	-0.2373	0.1754	0.1833	0.0538	-0.2659	0.0243	0.1676	-0.347	-0.0746	0.1465	0.0452	-0.0729	-0.038	-0.2904	0.0464	0.2039	0.074	-0.127	-0.1484	-0.0591	0.0908	-0.113	-0.0778	0.0852	-0.1628	-0.1081	-0.2095	0.1362	-0.0576	-0.0058	-0.1204	-0.4029	0.1052	0.084	0.0909	-0.3383	-0.1993	0.0122	-0.0939	0.0586	-0.242	0.1798	-0.1801	0.0327	0.0434	-0.0659	-0.015	0.0113	-0.0558	-0.1129	-0.3001	-0.1536	0.2258	-0.1638	0.0234	0.0367	-0.0303	0.0089	-0.2241	-0.0284	0.1526	0.0389	-0.2322	-0.1082	0.011	0.2213	-0.0977	0.05	-0.1239	-0.1201	0.368	0.0511	-0.1093	0.0986	0.6659	-0.3078	-0.1608	0.2401	-0.3165	0.1513	0.1928	0.1149	0.1427	-0.1745	-0.089	-0.1146	-0.2715	0.0606	0.0167	-0.2137	-0.2036	0.1407	0.1049	0.2035	-0.0354	0.1153	-0.0552	-0.3071	-0.2751	0.0883	-0.0426	-0.181	-0.2009	0.1653	0.1858	0.0301	0.1024	0.0789	0.268	-0.2454	-0.0046	0.0813	-0.2383	-0.2131	0.0234	0.1704	-0.016	0.124	-0.1311	0.1116	-0.0267	-0.0893	0.0982	0.7847	0.2287	0.0679	0.0951	0.1495	0.0232	0.2026	0.0196	-0.1063	0.0211	-0.3464	0.1232	0.0765	-0.0706	0.0391	-0.277	0.4332	0.0035	-0.0461	-0.2516	0.1938	0.0525	-0.2305	-0.133	-0.086	0.0003	-0.1597	-0.2801	-0.1409	0.2042	0.0223	0.1953	0.2374	-0.0065	0.152	-0.0107	0.1836	0.0346	-0.0698	0.1186	0.2759	-0.0688	0.1252	0.0355	0.1014	-0.0627	0.0507	0.2422	0.2115	0.5822	0.1111	0.0663	-0.1468	0.2443	-0.2149	-0.0225	0.0496	-0.1604	0.0725	-0.2033	0.1603	0.1052	0.1883	0.0767	0.1567	0.0836	0.0947	0.3071	0.0481	-0.0407	-0.1257
Sg_A07_40	-0.1596	0.0706	0.0802	0.1435	0.0614	-0.0565	0.1079	0.015	0.1154	-0.0743	-0.0452	-0.1837	-0.2234	-0.0307	-0.3524	0.068	1	0.1996	-0.1346	-0.0397	0.4077	0.0674	-0.0687	0.1417	0.0339	0.1744	0.0653	0.0468	-0.0899	-0.1247	0.1315	0.037	0.0826	0.2057	0.2844	-0.0976	0.1292	-0.1912	-0.0089	0.0184	-0.2053	-0.0309	-0.0347	0.3298	0.0955	-0.1525	-0.032	0.0716	-0.0997	-0.0024	-0.0683	-0.0089	-0.0863	0.1345	0.0197	0.107	0.071	0.1206	0.1496	0.1208	-0.0802	-0.1907	-0.2137	0.021	-0.1378	-0.0707	-0.0363	-0.0162	-0.0632	0.1539	-0.1686	-0.0794	0.1449	0.1307	0.0351	-0.0129	0.0138	0.1281	-0.0525	0.1268	-0.1737	0.0711	0.1438	0.3512	0.0024	0.062	-0.0294	-0.0636	0.2078	-0.0804	0.0962	-0.1449	0.3035	-0.1087	-0.0378	-0.0152	-0.0676	0.1635	0.0838	0.0373	-0.1498	0.1019	-0.0488	0.0758	-0.1369	-0.1303	0.0071	0.0245	-0.07	-0.0948	0.0442	-0.071	-0.0813	0.0362	-0.0604	-0.1464	0.2179	0.0293	-0.0003	-0.0555	-0.0788	-0.0289	0.143	-0.1362	0.0883	-0.2096	0.0977	0.0491	-0.0189	0.0588	0.1175	0.1641	0.2178	-0.0677	0.2794	-0.1758	-0.1341	-0.0606	0.1231	-0.0273	0.0288	-0.172	0.1626	-0.032	0.1843	0.0844	-0.1339	-0.2635	0.0601	-0.0938	-0.0576	-0.1262	-0.062	-0.0886	-0.106	-0.1754	0.1339	-0.1071	0.1748	-0.1512	0.0212	-0.2121	-0.0191	0.1296	-0.0491	-0.2194	0.143	-0.2573	-0.2625	0.249	0.0731	-0.1441	0.0085	-0.0024	0.1187	0.0606	-0.1472	0.253	-0.0443	-0.2587	-0.2608	0.1821	-0.0272	-0.1127	-0.0908	-0.1038	-0.1437	0.0901	0.0158	-0.2272	-0.0667	-0.0726	-0.038	-0.1565	0.1652	0.14	-0.0612	0.1561	-0.1439	-0.1897	-0.2359	0.1415	0.3774	0.1098	0.0081	-0.2382	0.013	0.2555	0.1966	0.0603	-0.0328	-0.1131	0.1057	0.1094	-0.0848	0.1099	0.2956	0.0927	-0.0105	-0.0328	0.1587	0.0968	0.1107	0.0477	-0.1432	0.1362	0.0314	-0.1313	-0.0677	0.0688	-0.0113	-0.22	0.171	0.121	-0.0758	-0.0229	-0.0315	-0.0832	0.1103	0.1238	-0.0555	0.0132	0.0082	-0.1235	0.0299	-0.1255	0.3113	0.012	0.0969	-0.1842	0.1404	-0.1409	-0.1483	0.0912	0.4067	0.2405	0.2466	0.0207	-0.1485	0.0305	0.1136	-0.1115	-0.0105	0.0011	-0.1853	-0.0025	0.111	0.3051	0.0775	0.0453	0.0003	0.2473	-0.1314	-0.089	-0.0642	-0.0244	-0.1461	-0.0568	0.0582	-0.1657	0.1889	0.0204	-0.0113	-0.1782	-0.0306	0.0174	-0.1464	-0.2272	-0.007	-0.2015	0.1228	0.0076	0.0932	0.0473	-0.1818	0.051	0.0684	0.2755	-0.1078	0.1551	-0.0976	0.1517	-0.2313	0.0734	-0.0689	0.1338	-0.0647	0.107	-0.1344	-0.0777	-0.2268	-0.0649	0.0358	0.0246	0.0543	0.0874	0.0667	0.0416	-0.0141	0.1627	0.2437	0.0532	-0.0318	-0.2147	-0.0912	0.1551	-0.0731	0.0077	0.1442	0.0131
Sg_A11_10	-0.2589	0.3093	0.2819	0.1707	-0.0068	-0.1196	0.1524	-0.0166	0.2915	0.075	0.3005	-0.3875	-0.0974	0.2427	-0.3346	-0.0007	0.1996	1	-0.1459	0.0727	0.2982	0.2665	0.1326	0.2274	0.0134	0.104	0.1597	-0.0167	-0.4022	-0.4148	0.1035	0.0071	0.0913	0.3969	0.2837	-0.2961	0.3711	-0.2004	0.061	-0.0688	-0.1202	-0.142	-0.0745	-0.0744	0.4292	-0.3162	-0.2262	-0.1332	-0.2711	-0.1671	-0.0352	0.1752	0.043	0.1698	-0.0688	0.3408	0.1514	0.0199	0.0124	0.3392	0.1345	-0.259	-0.0924	0.0616	-0.1315	0.012	0.1725	-0.0223	0.159	0.1513	-0.0642	0.0234	0.3658	-0.1224	-0.0969	-0.0124	0.1691	0.3078	-0.0743	-0.0188	-0.3669	-0.1653	0.4358	0.038	-0.1558	-0.0028	0.0751	0.0107	-0.0014	-0.0217	0.1673	-0.1827	0.2222	-0.365	-0.4023	-0.3317	0.1846	-0.1343	-0.145	-0.2687	-0.1582	-0.2382	0.0901	-0.0271	-0.2787	0.0401	-0.3084	0.0917	-0.1977	-0.1852	-0.0912	-0.2044	-0.0293	-0.0037	-0.2703	-0.1955	-0.0769	-0.0783	-0.0609	-0.1728	-0.225	0.2605	0.3487	-0.1051	-0.0291	0.1703	-0.0027	-0.1242	-0.0063	-0.0905	-0.1841	0.3161	0.0354	0.4716	0.3528	-0.2167	-0.0798	-0.1598	0.3944	0.1678	-0.1317	-0.0347	0.3901	-0.1723	0.0459	0.3318	0.1216	0.2347	0.0754	-0.1445	0.1224	-0.1295	0.1401	0.0418	-0.1335	-0.4485	0.19	-0.0581	0.0739	-0.1922	0.0287	-0.146	-0.2617	0.1163	-0.2047	0.2302	0.0082	-0.1577	-0.226	0.2816	-0.0207	-0.1715	-0.1928	-0.2209	0.1301	0.0357	-0.0944	-0.0838	-0.0368	-0.4594	-0.0735	-0.1279	-0.0368	0.087	-0.0527	-0.1935	-0.1834	0.0806	0.3848	-0.1074	-0.0587	-0.0461	-0.2803	0.1463	-0.143	0.0192	0.1127	0.2214	-0.0888	-0.2049	0.2607	0.4687	0.0711	0.0503	-0.0345	-0.3387	-0.1612	-0.0154	0.3266	0.262	0.0258	-0.0426	0.029	0.4218	-0.1792	0.2464	0.383	-0.1657	0.1285	0.0346	0.0277	-0.1033	-0.061	0.3674	-0.0923	-0.0515	-0.2251	0.2042	0.4006	0.3395	0.131	-0.3044	-0.1789	-0.1625	-0.2691	-0.1914	-0.0481	-0.0946	0.0197	0.1839	-0.0661	-0.1876	0.426	0.0617	-0.0404	-0.1703	0.0125	-0.1868	0.0271	-0.1662	0.367	0.0793	-0.2389	0.3638	-0.0158	0.1894	0.0744	0.1105	-0.3796	0.1802	0.4246	0.0428	0.1415	0.4016	0.1179	0.347	-0.1311	0.2201	-0.2063	-0.2116	0.2503	0.0477	-0.0282	-0.1843	-0.0915	-0.1958	0.0992	0.1676	-0.213	-0.3215	0.3518	-0.2819	-0.1017	-0.1452	0.1439	0.1002	0.0374	-0.0904	-0.1237	0.009	0.2518	0.178	0.2605	0.2327	-0.1738	0.407	0.3831	0.1115	0.176	0.4815	-0.0463	0.498	-0.1083	0.3218	-0.0337	0.2205	0.2362	0.4313	0.1295	-0.093	-0.3176	-0.1302	-0.0355	-0.1294	0.0542	0.108	-0.2427	-0.1453	-0.0468	0.3832	0.2454	0.3177	0.3626	-0.3774	0.0942	-0.0117	-0.2157	0.2174	0.0195	-0.2459
Sg_A11_12	0.2092	-0.2087	-0.2081	-0.0187	-0.0992	0.0648	0.2044	-0.1198	-0.3218	0.1697	0.0332	0.0697	0.7981	-0.0273	0.2396	-0.2699	-0.1346	-0.1459	1	0.7741	-0.283	0.0489	0.0329	0.2833	-0.268	-0.1746	0.2941	-0.1633	-0.0395	0.066	0.0628	-0.0732	0.1095	0.0007	-0.2887	0.107	-0.2484	0.1122	0.2831	-0.1432	-0.1526	-0.1744	-0.0154	-0.1475	-0.145	-0.1515	0.0156	0.0933	-0.0392	-0.1416	-0.261	0.1509	-0.2699	-0.0491	-0.1646	-0.0967	0.0416	0.299	-0.1287	-0.26	0.081	0.0351	-0.06	0.2125	0.7887	0.0887	-0.1843	-0.1726	0.2579	0.0679	-0.1077	0.6063	0.0203	-0.0158	-0.1387	-0.2473	-0.3868	-0.124	-0.2311	-0.0358	-0.1339	-0.0718	-0.2954	-0.3658	-0.2276	0.0509	0.3264	0.1273	-0.0533	0.3558	0.0679	0.0414	-0.2323	-0.0317	0.1008	-0.1774	-0.0617	-0.0122	-0.2203	0.074	-0.1768	-0.3583	-0.2491	-0.085	0.0505	0.8436	-0.047	-0.1776	-0.0699	-0.0802	-0.0827	0.0546	-0.1196	-0.1467	-0.0302	0.0929	0.0575	-0.0292	-0.0757	-0.1527	-0.0391	-0.2316	-0.114	0.9224	0.1335	0.1287	-0.0359	0.0401	0.0598	-0.087	-0.1368	-0.131	-0.1438	-0.0357	-0.2309	-0.1917	0.8488	-0.0957	-0.2707	-0.0158	-0.0511	0.1601	-0.1891	0.8063	-0.3213	0.0182	0.099	0.0898	0.2587	0.8676	0.1356	-0.1537	0.0898	0.0519	-0.1798	-0.0122	-0.3064	0.8549	-0.1803	0.0025	-0.1224	0.7265	0.3011	0.0019	-0.0555	-0.0311	-0.1754	0.1804	0.0254	-0.1959	-0.2663	0.9342	-0.0261	-0.1556	-0.0503	0.0423	-0.0209	-0.2612	-0.1554	0.1336	-0.0173	0.0237	-0.0282	-0.1206	-0.0887	-0.1344	0.3055	-0.1377	-0.2033	0.861	-0.0734	0.2094	-0.213	0.1615	0.0411	-0.1055	0.0016	-0.0871	0.9137	0.1941	0.0463	-0.1821	-0.1571	0.1187	-0.0724	-0.1239	0.0615	-0.0522	-0.1258	-0.2871	-0.2195	0.7152	-0.0005	-0.1662	0.8367	-0.1363	-0.3308	-0.2689	0.0084	-0.2256	-0.1516	-0.2106	0.0396	-0.1411	-0.1539	-0.0104	0.0469	0	-0.1223	-0.214	0.1722	0.2717	-0.168	-0.2455	-0.0749	-0.0745	-0.3795	0.8679	-0.0739	-0.3671	-0.1315	-0.2673	-0.1179	-0.0841	-0.0279	0.0551	-0.0675	-0.2711	0.0527	0.081	-0.1642	-0.0245	0.1256	-0.2312	-0.1145	-0.0937	-0.1482	0.0955	0.0779	-0.3223	-0.2124	-0.0675	-0.201	-0.0394	0.1194	0.07	-0.1317	-0.2262	-0.2009	0.1126	-0.0247	-0.0844	-0.2807	-0.1236	0.8424	0.1716	0.0697	-0.3238	-0.2406	-0.1943	-0.1446	0.1195	-0.0661	0.1197	-0.0708	-0.129	-0.0565	0.7801	-0.1354	0.1698	-0.338	0.0046	-0.0281	-0.3575	0.1039	-0.1255	-0.0673	-0.0354	-0.0219	-0.2672	-0.1406	-0.1127	0.4366	-0.0894	0.4114	-0.3605	-0.0038	-0.2036	-0.1388	-0.2486	0.1349	0.0328	0.0402	0.0746	-0.2224	-0.0399	-0.1352	-0.2208	-0.1184	-0.1438	-0.2518	-0.1491	-0.0058	0.0332	0.0596	-0.2115	-0.2945	0.068	-0.0059	-0.156
Sg_A11_2	0.1529	-0.094	-0.0236	-0.0134	-0.0776	0.0111	0.2693	-0.132	-0.0887	0.1585	0.1037	-0.0006	0.7388	0.0822	0.1497	-0.0693	-0.0397	0.0727	0.7741	1	-0.1574	0.1487	0.0192	0.3468	-0.2924	-0.1574	0.2687	-0.2093	-0.1494	-0.0034	0.0036	-0.0254	0.1538	0.153	-0.2324	0.0073	-0.0947	0.1113	0.2268	-0.05	-0.1772	-0.0969	-0.0744	-0.1333	0.0029	-0.2597	-0.1098	0.0144	-0.1288	-0.2332	-0.2534	0.1254	-0.2394	0.06	-0.2291	0.0188	0.0341	0.1582	0.0352	-0.0027	0.1387	-0.1053	0.0014	0.1716	0.7145	0.0188	-0.1287	-0.0841	0.2475	0.0874	-0.105	0.7519	0.1946	-0.0254	-0.1505	-0.0939	-0.2902	0.0377	-0.1909	-0.1551	-0.239	-0.0312	-0.1084	-0.3522	-0.3167	-0.1697	0.2424	0.1255	-0.0875	0.4006	0.1158	-0.1194	-0.1197	-0.115	-0.0185	-0.1802	-0.0122	-0.1935	-0.2067	-0.0256	-0.318	-0.3873	-0.2619	-0.1309	0.0428	0.9442	-0.2451	-0.3533	-0.2344	-0.1138	-0.1703	-0.1538	-0.1319	-0.1534	-0.1244	0.0481	-0.0294	-0.0825	-0.0714	-0.2211	-0.1159	-0.1308	0.0351	0.7796	-0.0479	0.1392	-0.1034	-0.0843	0.1155	-0.1484	-0.1224	-0.0017	-0.154	0.1386	-0.0908	-0.1707	0.8291	-0.1722	-0.111	-0.0489	-0.1237	0.1144	-0.0309	0.7054	-0.2045	0.1533	0.0703	0.1723	0.209	0.7964	0.166	-0.1563	0.1095	0.1877	-0.2321	-0.0778	-0.1374	0.8998	-0.1462	-0.0376	-0.0794	0.446	0.2478	-0.0913	-0.14	0.0419	-0.0205	0.1023	-0.0412	-0.0256	-0.1583	0.7352	-0.0919	-0.2703	-0.1039	-0.0075	-0.0799	-0.2563	-0.2626	-0.0707	-0.1448	-0.0414	-0.1042	-0.1766	-0.0164	-0.0735	0.153	-0.0932	-0.0301	0.5777	-0.0505	0.1149	-0.3294	0.194	-0.0912	-0.0381	0.0257	-0.0596	0.8189	0.1755	0.1017	0.0454	-0.1554	0.0485	0.0052	-0.2037	0.0629	-0.0605	-0.0041	-0.1434	-0.0668	0.617	-0.0731	0.055	0.7874	-0.0787	-0.1616	-0.331	0.0069	-0.1135	-0.0667	-0.1858	-0.0399	-0.0639	-0.1044	-0.0118	-0.0493	0.0345	0.001	0.0021	0.1824	0.2587	-0.1656	-0.334	-0.2217	-0.0631	-0.2627	0.6117	-0.1565	-0.222	-0.1522	-0.3717	-0.021	-0.0908	-0.003	-0.0088	0.0531	-0.3189	0.0564	-0.0423	-0.0206	0.0368	0.06	-0.0378	-0.1256	0.0006	-0.0487	0.2034	0.022	-0.1692	0.0062	-0.1395	-0.2726	0.1094	0.0706	0.1787	-0.0095	-0.165	-0.2368	-0.0683	-0.0064	0.0095	-0.2224	-0.0683	0.8373	0.2401	0.0674	-0.1674	-0.2949	-0.2297	-0.0592	-0.0124	-0.1328	0.1657	-0.0734	-0.1851	-0.27	0.6681	-0.273	0.126	-0.2441	0.0676	0.0504	-0.2728	0.0915	-0.0526	0.044	0.0083	0.0445	-0.0223	-0.0834	0.0246	0.3067	-0.0238	0.2415	-0.2267	0.0997	-0.0821	-0.005	-0.178	0.0526	-0.017	-0.0283	-0.201	-0.2015	-0.042	-0.2995	-0.2863	-0.1221	0.0014	-0.1159	0.0156	0.0982	-0.0526	0.0741	-0.1051	-0.2234	0.0794	-0.1068	-0.2554
Sg_A11_47	-0.2541	0.265	0.0777	-0.0056	-0.2038	-0.2046	-0.0621	-0.157	0.2394	-0.1002	-0.1343	-0.079	-0.3113	0.0817	-0.3654	0.0577	0.4077	0.2982	-0.283	-0.1574	1	-0.0139	-0.097	0.1758	0.0967	0.2458	-0.0214	-0.143	-0.1113	-0.062	-0.1156	0.0204	-0.124	0.2125	0.7263	-0.0724	0.2026	0.0272	-0.0392	-0.0028	-0.1659	0.0778	0.1247	0.3533	0.1721	-0.143	-0.3127	0.073	-0.1885	-0.0786	-0.0671	-0.0448	0.0049	0.1353	-0.1298	0.0212	-0.0521	-0.2168	0.0594	0.0923	0.0242	0.1263	-0.0165	-0.2472	-0.3227	0.0443	0.141	0.0883	-0.0811	0.0825	-0.008	-0.2658	0.1706	0.0621	-0.0169	0.1638	0.145	0.1807	0.0695	0.3284	-0.0903	0.1321	0.1649	0.1432	-0.1374	0.0985	-0.0264	-0.1189	0.1134	-0.2423	0.0481	-0.2948	0.2467	-0.2859	-0.0385	-0.0652	0.0243	-0.08	-0.1013	-0.1422	-0.1217	0.031	-0.1064	0.1301	-0.0621	-0.233	-0.1664	0.0646	-0.0185	-0.169	-0.1772	-0.1293	-0.1465	0.1974	-0.1132	-0.0741	0.176	0.1074	-0.0532	-0.1327	0.085	0.1359	0.1823	-0.3199	0.0175	-0.157	-0.1453	0.0836	-0.0325	0.1548	0.3168	0.0782	0.273	-0.0109	0.3781	-0.0333	-0.3118	-0.2209	0.1895	-0.2148	0.0584	-0.2852	0.2905	-0.2225	0.1367	0.0325	-0.1554	0.1019	-0.123	-0.1777	-0.1072	-0.1548	-0.1802	-0.0194	-0.1888	-0.093	0.2114	-0.2311	0.1453	0.0233	0.0918	-0.4265	-0.1093	-0.1149	-0.2484	0.1059	0.1629	-0.1	-0.3349	0.2034	0.1022	-0.2889	0.0066	-0.1061	0.1428	-0.1567	-0.1291	-0.1065	-0.0929	-0.2759	-0.096	0.1091	-0.2419	-0.1342	0.1022	0.0127	-0.0744	0.284	0.0686	-0.3714	-0.1044	-0.1933	-0.2634	-0.1485	0.1118	0.172	-0.1479	0.0485	-0.3263	0.0083	0.1801	0.2291	0.2518	0.0604	0.0468	-0.2354	0.0648	0.167	0.1528	0.0237	0.0854	-0.2587	0.2561	0.1885	-0.2394	0.2227	0.3058	0.0374	-0.0255	0.2373	0.1619	0.0234	0.2392	0.2306	-0.0224	0.1897	0.0682	-0.0589	0.1063	0.2287	0.2245	-0.1399	0.2616	0.1249	-0.146	0.0223	0.2387	-0.3073	0.1731	0.3425	-0.1241	-0.0347	0.1682	-0.1025	-0.0374	0.059	0.2861	-0.0366	0.1676	-0.1583	0.3396	0.1174	0.0449	0.2039	0.2683	0.1075	0.1218	0.0942	0.073	0.0825	0.1504	-0.1496	-0.0487	0.1368	-0.2118	0.0358	0.0024	0.2169	-0.0147	0.0554	-0.0116	0.1448	-0.0077	0.015	-0.2089	-0.0118	-0.1518	0.1529	0.2951	-0.1282	0.0975	0.0492	0.4013	0.0751	0.0153	-0.046	0.0832	-0.3438	-0.1727	-0.3218	0.2478	-0.0696	-0.0236	0.1265	-0.0008	0.0523	0.0151	0.497	-0.0967	0.1324	0.055	0.2336	-0.3588	0.0581	-0.3823	0.1576	-0.0693	0.2993	-0.0708	-0.0324	-0.1512	-0.1354	-0.1359	-0.1416	0.0785	0.0547	-0.03	-0.0883	0.1218	0.2582	0.2361	-0.0341	0.1249	-0.3093	-0.1107	0.1056	-0.1014	-0.0729	0.071	0.1482
Sg_A15_26	-0.3816	0.1298	0.2365	0.6007	0.1508	0.3317	0.1815	0.3983	0.2957	0.2383	0.2312	-0.3089	0.1533	-0.1953	0.0763	0.0777	0.0674	0.2665	0.0489	0.1487	-0.0139	1	0.6615	0.1457	0.3448	0.0547	0.3237	0.5593	-0.2395	-0.3894	0.531	0.2245	0.6023	0.438	-0.109	-0.3431	0.1884	-0.364	0.1301	0.2013	-0.1387	-0.122	-0.3921	-0.2919	-0.1261	-0.0352	0.2201	-0.3633	0.0075	0.0342	0.1251	0.147	0.2275	0.2608	0.2016	-0.1037	0.5695	0.4262	-0.0985	-0.1359	-0.2149	-0.4664	-0.0916	0.4108	0.132	-0.3995	-0.1829	-0.243	0.4173	0.2089	-0.4965	0.3099	-0.0458	-0.3002	-0.5364	-0.3938	0.0543	0.1016	-0.4217	-0.3239	-0.0534	-0.2564	0.3638	-0.1216	-0.1165	0.2947	0.2323	0.2002	0.1676	-0.118	0.5765	0.3167	0.1271	0.0167	-0.2429	-0.1607	0.2933	-0.0996	0.0854	-0.0669	0.278	-0.1538	0.5219	0.1221	-0.3655	0.1469	0.1052	-0.121	-0.2035	0.0837	0.4332	-0.1741	0.3203	-0.4783	0.1692	-0.4052	-0.1386	-0.4914	0.2007	0.1333	-0.4071	-0.0367	0.1558	0.0614	-0.1089	0.5988	-0.1749	-0.3536	0.115	-0.3241	-0.2359	0.6286	-0.2372	0.132	0.3312	-0.3788	0.1253	0.0875	0.0182	0.5885	-0.3143	-0.1759	0.4085	-0.1071	-0.0944	0.3019	-0.1498	-0.1088	0.1547	-0.0798	-0.2513	0.2606	0.0965	0.1122	-0.0549	-0.0013	0.3099	0.1061	-0.2782	-0.2334	0.054	0.1436	-0.2118	0.3318	-0.0043	-0.0274	-0.1962	-0.3472	0.3495	0.1895	-0.4877	-0.0249	-0.3783	0.0698	0.2327	-0.3275	-0.1826	-0.0544	-0.1023	-0.0514	0.2514	-0.1271	0.235	0.275	-0.4768	-0.1924	-0.1015	-0.2183	0.4994	0.1377	-0.5003	0.6452	-0.3029	-0.0288	-0.1427	-0.1251	-0.0933	0.4784	0.092	-0.4184	-0.0806	0.4023	-0.25	-0.0548	-0.3156	0.0063	-0.0322	0.098	0.0862	0.5261	0.1049	0.2065	-0.0071	0.3168	-0.0876	0.344	0.2119	0.078	0.678	-0.2005	-0.3032	-0.2049	-0.353	0.1621	-0.4816	-0.315	-0.3882	-0.1599	0.1983	-0.0397	0.0424	-0.29	-0.1778	-0.3697	-0.1509	-0.0939	-0.1506	0.0923	0.0354	-0.0954	0.2482	0.0461	0.2373	-0.3266	-0.1717	-0.3741	-0.1034	0.0402	-0.2609	-0.2918	0.1948	0.1926	-0.358	0.2267	-0.2655	0.3044	-0.049	0.2977	-0.3147	0.0786	0.4386	0.3416	0.5054	0.0693	0.1211	0.3536	-0.2868	-0.1132	0.0417	-0.3774	0.5268	-0.0726	-0.2654	-0.3873	0.0608	-0.0361	-0.2238	-0.0428	-0.202	-0.0584	0.6061	-0.1398	-0.3284	-0.3528	-0.2173	-0.0016	0.0421	0.1989	0.4062	0.1574	0.0539	0.6519	0.0687	0.3689	-0.3602	0.1465	0.2506	-0.0923	0.014	0.4862	-0.1353	0.4401	0.4669	0.6105	0.3515	-0.054	0.6908	0.2373	0.3631	0.0235	-0.3326	-0.0345	0.3621	0.0818	0.1511	0.3417	-0.3839	0.0549	-0.4221	0.2759	0.2439	0.5075	-0.0192	0.0243	-0.1933	-0.4686	0.0296	0.665	0.2417	-0.3213
Sg_A17_17	-0.3948	0.0236	0.2783	0.6049	0.4631	0.5295	0.1823	0.5812	0.206	0.3052	0.124	-0.4276	0.0615	-0.2677	0.1405	0.1171	-0.0687	0.1326	0.0329	0.0192	-0.097	0.6615	1	0.1009	0.5463	-0.0713	0.3152	0.537	-0.3427	-0.4571	0.7363	0.3322	0.6926	0.3876	-0.1205	-0.4326	0.2201	-0.5588	0.1561	0.3724	-0.0403	-0.0597	-0.6775	-0.3458	-0.2045	0.0768	0.526	-0.4861	0.3392	0.3167	0.3282	0.2124	0.3694	0.2933	0.3608	0.0255	0.7063	0.5844	-0.1693	-0.1613	-0.2045	-0.5141	-0.2815	0.4157	0.2054	-0.3607	-0.0171	-0.2921	0.3522	0.3314	-0.6897	0.1747	-0.3036	-0.3599	-0.5664	-0.5972	0.2397	0.1493	-0.5258	-0.1914	0.262	-0.323	0.3612	-0.0895	-0.1432	0.306	0.3083	-0.0047	0.2197	-0.2142	0.4331	0.3659	-0.0478	0.1733	-0.3625	-0.1299	0.1293	-0.1461	0.3955	0.1532	0.4012	0.0249	0.701	-0.08	-0.4944	0.0631	0.3893	-0.1201	-0.1738	0.1992	0.651	-0.1346	0.398	-0.5858	0.4325	-0.4964	-0.1685	-0.589	0.2851	0.4063	-0.4813	0.1167	0.165	0.0766	-0.2459	0.5203	-0.1807	-0.4455	-0.0282	-0.5203	-0.2657	0.7257	-0.2086	0.0655	0.1783	-0.4409	0.0332	0.3379	0.0243	0.7792	-0.4603	-0.1609	0.3205	-0.0468	0.0713	0.2922	-0.1563	-0.3092	0.1997	-0.0202	-0.1882	0.4445	0.1456	-0.0455	-0.026	0.0238	0.3885	0.0957	-0.4779	-0.301	0.0357	0.2726	-0.2859	0.4635	-0.0079	-0.1931	-0.3366	-0.2277	0.4049	0.1736	-0.6212	-0.0239	-0.4689	0.301	0.0752	-0.2593	-0.3751	0.0926	-0.034	-0.0563	0.3821	-0.1563	0.2691	0.4915	-0.6532	-0.1174	-0.211	-0.1777	0.5205	0.1525	-0.4867	0.6305	-0.1987	-0.0921	-0.1222	-0.1899	-0.0715	0.4954	0.117	-0.588	-0.3138	0.3282	-0.2677	0.0996	-0.5222	0.1109	0.0584	0.1644	0.0878	0.5245	0.1025	0.0697	0.015	0.2849	-0.0195	0.3366	0.2146	0.2269	0.8159	-0.3221	-0.285	-0.2583	-0.4879	0.0558	-0.6786	-0.4803	-0.515	-0.0981	0.2578	-0.1627	-0.0103	-0.3054	-0.2577	-0.3473	-0.0682	-0.1106	-0.3099	0.0426	0.1149	-0.1651	0.4615	0.2795	0.1855	-0.3599	-0.0881	-0.5234	-0.2854	0.2953	-0.4442	-0.3672	0.0597	-0.0873	-0.5124	0.0516	-0.2645	0.2311	-0.0897	0.1153	-0.3911	0.1586	0.4413	0.4335	0.5292	0.1852	0.152	0.2231	-0.4652	-0.08	0.204	-0.4913	0.6488	0.0871	-0.389	-0.4865	0.0558	-0.1178	-0.2275	-0.0175	-0.2157	0.1493	0.5839	-0.1303	-0.4502	-0.5345	-0.248	-0.1889	-0.0968	0.1976	0.6039	0.1175	-0.0002	0.7901	0.1346	0.5388	-0.5473	0.0835	0.2952	-0.2065	-0.0156	0.5037	-0.336	0.3822	0.5559	0.6144	0.4672	-0.169	0.6494	0.0775	0.3852	0.2427	-0.4072	-0.0806	0.5633	0.2439	0.3477	0.3926	-0.441	0.2605	-0.4649	0.2592	0.098	0.3085	-0.1006	0.2161	-0.134	-0.5479	0.2185	0.7776	0.276	-0.3257
Sg_A19_11	-0.3269	0.2387	0.2674	0.1126	0.0518	0.0294	0.3473	-0.014	0.1716	0.4561	0.3601	-0.1343	0.2165	0.2725	-0.0858	0.1171	0.1417	0.2274	0.2833	0.3468	0.1758	0.1457	0.1009	1	-0.1162	-0.3198	0.3776	-0.226	-0.252	0.0019	0.1273	-0.0371	0.2473	0.3942	0.158	-0.1307	0.4	-0.0777	0.5276	-0.1104	-0.1686	-0.2327	-0.2508	0.1475	0.0526	-0.3245	-0.063	-0.2437	-0.0744	-0.1338	-0.1894	0.4555	-0.1986	0.5681	-0.1454	0.3569	0.1464	0.2923	0.0955	0.2448	0.0109	-0.2041	-0.2018	0.0895	0.2611	-0.1716	0.2819	-0.27	0.3993	0.4145	-0.2294	0.1305	0.2243	-0.2213	-0.2806	-0.2033	0.0813	0.5796	-0.1606	-0.1111	-0.23	-0.1593	0.2617	-0.198	-0.3254	-0.0042	0.4381	-0.1489	-0.07	-0.0741	0.0414	-0.2299	0.208	-0.4799	-0.0124	-0.5122	0.0357	-0.3732	-0.2015	-0.2114	-0.3054	-0.3544	-0.1115	-0.2824	-0.0826	0.3261	-0.2166	-0.3453	-0.4157	-0.0852	-0.0568	-0.1164	0.05	-0.2404	-0.0747	-0.1271	-0.1486	-0.3227	-0.0113	-0.1795	-0.3287	0.2392	0.5819	0.2463	-0.3045	0.3192	-0.1139	-0.2311	-0.1929	-0.2971	-0.1248	0.2937	-0.0081	0.3846	0.0531	-0.4466	0.2175	-0.1183	0.275	0.1819	-0.2931	-0.2092	0.3027	0.2113	-0.0492	0.5627	-0.0947	0.2651	0.3476	0.2632	-0.0443	-0.0863	-0.05	0.0616	-0.4247	-0.4205	-0.0379	0.3673	-0.2815	0.0019	0.0322	0.1788	0.0878	0.0513	-0.4582	0.2343	-0.0454	-0.2108	-0.2007	0.1326	-0.2125	0.1594	-0.3276	-0.192	-0.019	-0.2344	-0.3909	0.0042	-0.5478	-0.3129	-0.0162	-0.1572	-0.2567	0.1803	-0.1533	-0.1716	-0.2773	-0.0282	0.2142	0.252	-0.2236	-0.0596	-0.4738	-0.0131	-0.3904	0.0024	-0.1539	0.1169	0.2761	-0.0384	0.3186	0.3711	0.1357	0.3209	-0.1666	-0.4982	0.4266	0.0602	0.1033	0.2097	0.1011	0.2061	-0.1822	0.3526	0.1564	0.2384	0.1935	-0.1968	0.1638	-0.1447	0.0127	-0.2497	-0.3229	0.3461	-0.1993	-0.2206	-0.2196	-0.0867	0.3773	0.1372	0.5457	0.2184	-0.1306	-0.29	-0.5661	-0.2097	-0.2771	0.224	-0.3287	-0.1165	-0.0512	-0.349	0.4242	-0.1659	0.0416	-0.3091	0.0657	-0.284	-0.1232	-0.3223	0.0419	0.1597	0.0576	0.0815	-0.0064	0.119	0.0896	0.343	0.2039	0.0668	0.3794	0.0513	-0.1555	0.4348	-0.0807	0.469	-0.2343	0.1586	-0.2559	-0.234	0.472	0.1326	-0.3517	-0.2994	0.2421	0.1087	-0.1511	-0.0253	-0.2364	-0.303	0.1104	-0.2316	-0.1256	-0.0469	0.0473	-0.1593	-0.3135	0.1806	-0.199	-0.119	0.1133	0.1559	0.1555	0.0887	-0.0554	0.2228	0.2575	0.0663	-0.0663	0.298	-0.2981	0.337	0.2665	0.2291	0.073	-0.0236	0.1613	0.2211	0.0487	-0.1051	0.0135	-0.4354	0.0589	-0.3127	-0.2238	0.1411	-0.4785	-0.2278	-0.1202	0.4279	0.1724	0.2607	0.3995	-0.3093	-0.1029	-0.0955	-0.2206	0.2583	-0.0121	-0.4107
Sg_A19_12	-0.2712	0.1932	0.0964	0.4844	0.3992	0.2204	0.1223	0.3327	0.2047	0.1231	0.1854	-0.4862	-0.1848	-0.1233	-0.1464	0.0945	0.0339	0.0134	-0.268	-0.2924	0.0967	0.3448	0.5463	-0.1162	1	0.1819	0.0101	0.3816	-0.3817	-0.4816	0.5059	-0.0268	0.394	0.4954	0.1115	-0.4795	0.3082	-0.4778	0.0551	0.2562	-0.1136	-0.1747	-0.4417	-0.0405	0.1227	-0.1496	0.3544	-0.483	0.0883	0.1644	0.3741	0.169	0.3237	0.1964	0.1878	0.035	0.4034	0.2753	-0.011	0.0258	-0.1294	-0.4266	-0.122	0.2755	-0.2049	-0.2955	0.139	-0.159	0.2255	0.3678	-0.3672	-0.1591	-0.0436	-0.2156	-0.2331	-0.2276	0.2616	0.2014	-0.1343	-0.0881	0.1433	-0.1076	0.4366	0.1589	0.086	0.4388	0.1351	0.1158	0.2114	-0.3189	0.351	0.2121	0.1331	-0.0508	-0.389	-0.0411	0.1306	-0.0429	0.3313	-0.0487	0.2125	0.164	0.7291	-0.0368	-0.5009	-0.2742	0.2295	0.2762	-0.2477	-0.0499	0.3555	-0.0686	-0.013	-0.4137	0.0615	-0.3744	-0.1951	-0.4126	0.2255	0.1824	-0.3814	0.2525	0.1918	-0.1617	-0.2645	0.2557	-0.2072	-0.2991	-0.152	-0.3252	0.0681	0.5456	-0.0823	0.1656	0.2245	-0.2012	-0.2674	0.1263	0.1767	0.5184	-0.3185	-0.0781	0.4047	-0.2675	0.2782	0.1248	0.0091	-0.1914	0.1744	-0.305	-0.1767	0.2356	0.1059	-0.1435	0.1257	-0.0131	0.2105	-0.2132	-0.1754	-0.3204	0.1006	-0.0235	-0.2653	0.2693	0.0425	-0.1149	-0.3137	-0.194	0.0833	0.2844	-0.2341	-0.2983	-0.1758	0.1128	0.0881	-0.0887	-0.3931	0.0883	0.0383	-0.2128	0.1695	-0.2233	0.2752	0.3044	-0.326	-0.1072	-0.3974	-0.0232	0.3504	-0.1465	-0.264	0.2918	-0.1535	0.0194	-0.0405	0.0627	0.0591	0.3995	-0.218	-0.5003	-0.175	0.4366	-0.0781	0.1017	-0.2244	-0.0359	-0.0673	0.1873	0.2159	0.5102	0.1048	-0.36	0.0655	0.4664	-0.2615	0.3523	0.4741	0.1866	0.5207	-0.0615	0.043	-0.1776	-0.3766	0.1611	-0.3115	-0.353	-0.4436	0.0321	0.1812	0.0897	-0.0061	-0.5375	0.1222	-0.1672	-0.013	-0.2474	0.0663	-0.243	0.1779	0.1083	0.2419	0.2483	0.3476	-0.06	-0.1236	-0.4557	-0.1031	0.2209	-0.3743	-0.3813	0.2122	-0.2638	-0.525	0.2486	0.0991	0.1336	0.02	0.1478	-0.5087	0.2102	0.5108	0.3267	0.3369	0.0982	0.0777	0.2211	-0.3426	0.2536	0.0037	-0.39	0.4216	0.2114	-0.0047	-0.2215	-0.2473	-0.2679	-0.089	0.1621	0.0301	0.0972	0.4923	-0.0842	-0.4196	-0.4702	0.0365	0.0573	0.103	-0.1038	0.4484	0.0773	0.2818	0.4802	0.1777	0.4817	-0.4935	0.2338	0.3738	-0.0494	0.0916	0.4657	-0.235	0.2137	0.1627	0.5384	0.1279	0.1033	0.4003	0.1945	0.336	-0.0025	-0.5067	-0.0756	0.4291	0.2956	0.2892	0.1879	-0.2348	0.2801	-0.3326	0.4267	0.211	0.1966	0.126	0.0007	-0.0713	-0.3594	0.0444	0.5015	0.3662	-0.192
Sg_A19_18	-0.0012	0.2503	-0.2912	0.0524	-0.1905	-0.3617	-0.3733	-0.3887	-0.0616	-0.2292	-0.1743	-0.2495	0.0168	-0.0599	-0.2675	-0.0873	0.1744	0.104	-0.1746	-0.1574	0.2458	0.0547	-0.0713	-0.3198	0.1819	1	-0.0614	0.1723	-0.1253	-0.1631	-0.0829	-0.1053	-0.2741	0.0843	0.1572	-0.232	-0.16	-0.1997	-0.3047	-0.176	-0.122	0.1866	0.2905	-0.0622	0.2989	-0.1254	-0.2436	0.312	-0.3282	-0.259	-0.1692	-0.423	-0.1492	-0.2794	-0.3338	-0.1743	-0.0828	-0.1586	0.0052	-0.0233	-0.0373	0.0862	0.2361	-0.0938	-0.3267	0.1414	-0.066	0.6383	-0.2525	-0.1356	0.2386	0.0143	0.2113	0.0846	0.1045	0.2696	-0.0121	-0.2354	0.2745	0.187	-0.1954	0.2719	0.0653	0.4249	0.1554	0.084	-0.1143	0.4591	0.0676	0.125	0.4709	0.0958	0.0765	-0.1088	-0.109	-0.167	0.1718	0.3926	-0.2052	-0.3793	0.1223	-0.1319	0.0627	0.5623	-0.2591	-0.0975	-0.3508	0.4832	0.3494	-0.2327	-0.0992	-0.0771	-0.1222	0.3334	-0.3392	-0.1803	0.2812	0.4311	-0.1376	-0.3092	0.4462	-0.0549	-0.2451	-0.1285	0.3631	-0.2898	-0.0042	0.2412	0.6017	0.4229	0.217	-0.0699	-0.006	-0.1515	0.4777	0.4106	-0.0933	-0.276	0.0876	-0.226	0.3323	0.0708	0.0069	-0.1566	0.1965	-0.3189	0.0896	-0.1938	-0.2971	-0.1618	-0.1481	-0.3143	0.0641	-0.1963	-0.003	-0.0709	0.1214	-0.1484	0.5467	-0.1671	0.1173	-0.1022	-0.0804	-0.1587	0.0348	-0.283	0.2513	0.0124	-0.111	0.0272	0.3134	-0.073	0.2935	-0.2466	0.3632	0.1407	0.2482	-0.2841	0.1495	-0.0332	-0.121	0.2291	0.1571	-0.4752	0.3429	-0.1053	0.2393	0.2435	0.0642	-0.0946	0.3001	0.2162	0.0654	0.0222	0.2639	0.15	0.16	-0.1163	-0.1937	-0.1632	-0.1452	0.103	0.1167	-0.2651	0.3782	0.0753	-0.402	0.0104	0.4531	-0.0875	0.1166	-0.1934	0.3897	0.0793	-0.1369	-0.0152	0.1741	-0.0972	-0.0033	0.3392	0.1699	0.0168	0.1802	-0.083	0.2154	0.4215	0.4056	0.1388	-0.0612	0.2425	0.0311	-0.397	0.2666	0.2733	0.1057	-0.0584	0.5287	-0.0796	0.5097	0.2406	-0.3332	-0.067	-0.0359	0.3297	-0.1858	0.3203	0.0018	-0.1437	0.4061	0.1109	0.1414	-0.1354	-0.3384	0.0278	0.0981	-0.1119	0.0882	0.0642	-0.2286	0.0346	-0.0863	-0.2245	0.2793	-0.3302	0.0541	-0.1654	0.3354	0.0017	-0.1338	0.1309	-0.0464	-0.0392	0.3962	0.3194	-0.1241	-0.1385	0.0593	0.101	0.1509	-0.0137	0.0816	0.3529	0.2377	-0.2491	0.0744	0.2998	0.1743	0.0186	-0.1148	0.2149	0.0875	0.1043	-0.3688	0.0134	-0.2311	0.2799	0.1345	0.2198	0.1442	0.0242	0.4047	-0.0482	-0.3118	0.1009	0.0151	0.1342	0.075	0.0591	0.0772	-0.2752	-0.2847	0.3403	0.0852	0.3432	-0.1081	-0.1552	0.2957	-0.0606	0.1681	0.0103	0.1097	-0.0195	-0.0982	-0.2439	0.0189	0.1008	-0.2364	-0.0766	0.1814	0.2644
Sg_A19_36	-0.3282	0.1056	0.2137	0.2266	0.129	0.0542	0.309	0.0779	0.2162	0.2427	0.2449	-0.275	0.2694	0.1781	-0.0718	0.0149	0.0653	0.1597	0.2941	0.2687	-0.0214	0.3237	0.3152	0.3776	0.0101	-0.0614	1	0.0618	-0.1479	-0.2089	0.2363	0.0614	0.238	0.1978	0.0678	-0.2435	0.218	-0.1892	0.5149	0.0411	-0.0767	-0.1397	-0.2831	-0.0549	-0.1919	-0.1524	0.1388	-0.0689	0.0814	-0.1552	0.0522	0.1625	-0.0117	0.2921	-0.0109	0.079	0.292	0.3112	-0.0672	0.01	-0.0841	-0.2413	-0.2558	0.3219	0.2976	-0.0743	-0.0347	-0.1885	0.3948	0.335	-0.4724	0.3101	0.1629	-0.1817	-0.3729	-0.3658	0.0496	0.1595	-0.4208	0.0209	-0.1614	-0.0845	0.2762	-0.1266	-0.296	0.1277	0.5114	-0.1192	0.1605	0.038	0.2208	-0.1399	0.2198	-0.2182	-0.0766	-0.2252	0.2888	-0.2375	0.0538	0.1033	-0.142	-0.1067	0.0464	-0.0707	-0.1979	0.254	-0.0859	-0.1288	-0.1991	-0.0025	0.1304	-0.1578	0.078	-0.2827	-0.0278	-0.1408	0.055	-0.3124	0.0504	0.0928	-0.2618	-0.016	0.1436	0.2303	-0.1735	0.2829	-0.1019	-0.1292	-0.1758	-0.1775	-0.0268	0.3082	-0.1792	0.233	0.1403	-0.5491	0.178	0.0089	0.1988	0.2997	-0.1592	-0.1408	0.3261	0.1797	-0.0078	0.3309	-0.096	0.1565	0.3582	0.3067	-0.1538	0.0109	-0.0471	0.2036	-0.3011	-0.2361	0.0326	0.3113	-0.4303	-0.2022	0.2277	0.2001	-0.1092	0.1151	-0.1706	0.0726	-0.0994	-0.1443	-0.1208	0.292	-0.4954	0.1903	-0.302	-0.0098	0.0448	-0.316	-0.2985	0.0827	-0.0834	-0.302	0.1843	-0.1398	-0.088	0.0815	-0.2828	-0.0959	-0.0781	0.0604	0.3226	0.2472	-0.3628	0.1396	-0.2719	-0.0235	-0.1412	-0.0899	-0.1834	0.1724	0.2907	-0.1196	0.1386	0.3018	-0.1406	0.123	-0.2139	-0.277	0.2177	0.185	0.0739	0.189	0.1276	0.3078	0.0775	0.3085	0.1966	0.2143	0.1429	-0.0007	0.3543	-0.0793	0.0099	-0.3605	-0.2499	0.2056	-0.4435	-0.0866	-0.286	-0.0804	0.3067	0.0067	0.2184	-0.0383	-0.1479	-0.3786	-0.2297	-0.0797	-0.302	0.2285	-0.0418	-0.1677	0.0543	-0.0625	0.2373	-0.5169	-0.0926	-0.1391	0.0525	-0.0548	-0.0803	-0.2138	0.1251	-0.0105	-0.2059	0.0798	-0.081	0.2182	-0.0065	0.0235	-0.1716	0.0361	0.2708	0.0281	-0.0791	0.16	0.0543	0.3074	-0.3869	0.0222	-0.1149	-0.1407	0.27	-0.0109	-0.4104	-0.4328	0.2695	0.0797	-0.1471	-0.089	-0.1642	-0.2712	0.0736	-0.1056	-0.1012	-0.1496	-0.1293	-0.237	-0.1827	0.3565	0.0639	-0.1421	0.0448	0.3172	0.167	0.1349	-0.1754	0.1789	0.2775	-0.0486	-0.1219	0.2577	-0.284	0.2501	0.2977	0.2572	0.228	-0.172	0.1873	0.1487	0.0861	-0.0012	-0.1685	-0.2564	0.0172	-0.0992	0.1	0.1352	-0.2846	-0.1148	-0.1784	0.2917	0.1833	0.2932	0.1501	-0.136	-0.1346	-0.4824	-0.0293	0.2604	0.0494	-0.2577
Sg_A19_51	-0.1581	-0.0531	0.0132	0.502	0.3016	0.3517	-0.0282	0.5103	0.0591	0.1484	-0.0668	-0.2478	-0.1349	-0.4142	0.188	0.0576	0.0468	-0.0167	-0.1633	-0.2093	-0.143	0.5593	0.537	-0.226	0.3816	0.1723	0.0618	1	-0.1172	-0.3592	0.5594	0.2227	0.4562	0.1704	-0.2009	-0.3338	-0.0581	-0.4483	-0.1214	0.3611	0.072	0.1098	-0.3932	-0.2572	-0.2277	0.1612	0.4769	-0.2255	0.268	0.3649	0.3082	-0.2246	0.3655	-0.0104	0.4335	-0.2628	0.4232	0.5127	-0.2033	-0.246	-0.2984	-0.3325	-0.0322	0.373	-0.0423	-0.3316	-0.2533	-0.1472	0.0667	0.124	-0.4138	-0.0212	-0.3727	-0.1214	-0.3947	-0.3282	0.0465	-0.1644	-0.2646	-0.1209	0.2903	-0.222	0.1435	0.1614	0.1248	0.3555	0.0673	0.2214	0.1649	-0.1968	0.5162	0.5507	-0.1898	0.2717	-0.2934	0.0687	0.0455	0.1645	0.4084	0.0937	0.5942	0.0905	0.6086	0.1029	-0.3578	-0.1607	0.398	0.1986	0.129	0.3265	0.6551	0.0969	0.4521	-0.4921	0.429	-0.3257	-0.1263	-0.3226	0.3151	0.4331	-0.216	-0.1634	-0.1102	-0.087	0.0823	0.4522	-0.0051	-0.2311	0.1406	-0.2174	-0.1785	0.4528	-0.0765	-0.1904	0.1754	-0.112	-0.0891	0.4082	0.0132	0.5615	-0.1976	-0.056	0.2362	-0.3004	0.0532	0.0678	-0.1253	-0.459	0.0074	-0.3293	-0.2877	0.4085	0.1138	-0.2726	0.1617	0.1638	0.3105	-0.2109	-0.117	-0.1118	-0.1102	0.1534	-0.22	0.4034	0.2174	-0.2671	-0.1631	-0.2503	0.4817	-0.0569	-0.2706	-0.2062	-0.1593	0.3055	0.1771	-0.1373	-0.1478	0.1805	0.0675	0.1946	0.2852	-0.0337	0.3593	0.3657	-0.4193	-0.0743	-0.0365	-0.3229	0.33	0.0152	-0.2081	0.7403	0.1457	-0.1162	0.1839	-0.2189	0.0051	0.3997	-0.1385	-0.4388	-0.387	0.118	-0.2024	-0.2249	-0.2172	0.3192	-0.13	-0.0911	0.0303	0.4365	0.0464	0.0021	0.0702	0.0966	-0.2515	0.0558	0.0862	0.3443	0.6258	-0.2809	-0.4283	-0.0915	-0.1931	-0.2347	-0.4327	-0.3044	-0.2273	-0.1138	-0.0536	-0.2635	-0.3275	-0.2481	-0.1889	-0.1228	0.1316	0.0006	-0.0877	-0.0273	0.2509	-0.1455	0.362	0.3578	-0.0565	-0.1529	-0.0737	-0.3108	-0.3028	0.3584	-0.2655	-0.0948	-0.0405	-0.0306	-0.4719	0.048	-0.1581	-0.0722	-0.2061	0.1104	-0.4179	0.0889	0.2198	0.4146	0.5842	-0.2884	0.1244	0.0526	-0.2071	-0.1807	0.3517	-0.2309	0.4167	-0.1655	-0.0298	-0.2321	-0.157	-0.124	-0.2063	-0.1451	0.012	0.3031	0.4722	0.0154	-0.393	-0.4666	-0.285	-0.0349	0.0737	-0.0146	0.7104	0.1707	-0.1475	0.5269	-0.0701	0.2925	-0.387	0.0934	0.0081	-0.2227	0.0103	0.3299	0.0098	0.1754	0.3816	0.474	0.4045	0.049	0.4796	-0.046	0.2917	0.2972	-0.2647	0.209	0.3423	0.4512	0.3236	0.0603	0.024	0.3617	-0.2176	0.0023	-0.0126	0.2232	-0.2397	0.332	-0.1866	-0.2563	0.2484	0.4655	0.3452	-0.2259
Sg_A20_2	0.3048	-0.2882	-0.3258	-0.2797	-0.3504	0.0031	-0.2093	-0.0624	-0.26	-0.2446	-0.2616	0.6494	-0.0334	-0.1483	0.2282	0.1122	-0.0899	-0.4022	-0.0395	-0.1494	-0.1113	-0.2395	-0.3427	-0.252	-0.3817	-0.1253	-0.1479	-0.1172	1	0.6581	-0.2585	-0.0615	-0.1607	-0.6224	-0.1047	0.7402	-0.433	0.5008	-0.1665	0.0072	0.3078	-0.0755	0.3378	-0.1413	-0.3957	0.4571	-0.1368	0.3138	0.1287	0.0194	-0.1165	-0.176	-0.0536	-0.3918	0.0718	-0.2424	-0.3721	-0.2298	0.0949	-0.1949	0.005	0.3604	0.306	-0.191	-0.1108	0.1841	-0.1157	0.1076	-0.3067	-0.4146	0.2127	-0.1119	-0.3547	0.0906	0.0525	0.2605	-0.2325	-0.3965	-0.0029	0.0691	0.1379	0.0578	-0.4291	-0.1412	0.0301	-0.1107	-0.3273	-0.1454	-0.0716	0.017	-0.3202	0.2133	-0.1763	0.3684	0.6728	0.3364	-0.1126	0.0302	0.0056	0.2392	0.1737	0.0845	-0.3236	0.1155	0.6166	-0.1442	0.0557	-0.1479	0.3702	0.3099	-0.0326	0.231	0.2741	0.2833	0.1887	0.3962	0.1417	0.2576	0.0615	0.1148	0.2088	-0.17	-0.3547	-0.1728	0.2068	-0.2234	0.1833	0.3274	-0.0335	0.2335	0.0922	-0.4758	0.1016	-0.4727	-0.3455	0.324	-0.1189	0.2115	-0.4048	-0.34	0.2007	-0.0819	-0.4242	-0.0894	-0.2643	-0.3871	-0.1013	-0.0264	-0.2081	-0.0245	-0.006	0.1808	-0.2288	0.0305	0.1828	0.408	-0.3286	-0.1327	0.0637	0.515	-0.1034	-0.0603	0.2287	-0.1041	0.2204	0.0796	0.2185	0.0768	0.2091	-0.391	0.179	0.0245	0.0942	0.2391	-0.0597	0.0585	0.3824	0.0812	0.1644	0.5336	0.0817	0.1571	-0.2	-0.1122	0.1728	0.2096	0.3266	0.0215	-0.3329	-0.0449	0.219	-0.1036	0.2825	-0.093	0.1861	-0.0075	-0.1066	-0.2803	-0.1433	0.4501	-0.0025	-0.5366	-0.0102	-0.0817	0.0208	0.2819	-0.053	-0.0153	-0.3028	-0.3471	-0.0093	0.0898	-0.0437	-0.5671	-0.0723	-0.406	-0.512	0.196	-0.3742	0.085	-0.12	0.1967	0.3139	-0.2517	0.2522	0.2469	0.3249	-0.1439	-0.4057	-0.3106	-0.1271	0.4366	0.1801	0.178	0.0664	0.4456	0.0798	-0.0202	-0.1881	-0.1213	0.0951	0.1591	-0.4115	-0.0307	0.2724	0.3308	0.005	0.1961	0.114	0.29	-0.3798	0.3077	0.5429	-0.2976	-0.1225	-0.1457	-0.0198	-0.2163	0.5072	-0.0641	-0.5336	-0.141	-0.1522	-0.4104	-0.1464	-0.4608	0.2938	-0.2933	0.1869	0.3196	-0.4329	-0.1255	0.0112	0.2182	-0.1628	0.1562	-0.026	-0.2375	0.0607	0.2257	-0.416	0.0742	0.3605	0.3597	-0.3122	0.077	0.1971	-0.0878	-0.0164	-0.1578	-0.2426	-0.2701	-0.1989	-0.3376	0.5152	-0.3941	-0.5456	0.0702	-0.1064	-0.5445	0.2665	-0.4706	-0.0934	-0.4882	-0.1268	-0.1819	-0.3737	-0.2464	-0.1758	0.1242	0.5859	-0.0022	-0.2407	-0.1421	0.0523	-0.0799	0.3108	0.1402	0.1655	-0.5326	-0.0908	-0.2205	-0.4619	0.3866	-0.069	0.1457	0.1618	-0.4145	-0.0923	0.3685
Sg_A20_35	0.4459	-0.2457	-0.1572	-0.3793	-0.3304	-0.1252	-0.1416	-0.25	-0.1899	-0.1583	-0.3216	0.7723	0.0401	-0.0147	0.2017	0.0591	-0.1247	-0.4148	0.066	-0.0034	-0.062	-0.3894	-0.4571	0.0019	-0.4816	-0.1631	-0.2089	-0.3592	0.6581	1	-0.4314	-0.1314	-0.3065	-0.4875	-0.1305	0.8153	-0.3373	0.6843	-0.1127	-0.1663	0.3317	-0.0926	0.2878	0.0398	-0.2827	0.3114	-0.2615	0.2988	0.0717	-0.0555	-0.234	-0.1336	-0.1925	-0.1522	-0.1335	-0.1449	-0.4555	-0.2487	-0.0111	-0.083	0.1286	0.3981	0.31	-0.2603	-0.0412	0.1183	0.0317	0.0525	-0.3254	-0.303	0.2735	-0.017	-0.0878	0.0959	0.1438	0.249	-0.2347	-0.1671	0.1635	0.1017	0.0188	0.0426	-0.3484	-0.1554	0.01	-0.2477	-0.2389	-0.1722	-0.1353	0.0217	-0.3536	0.0724	-0.265	0.1193	0.6848	0.1545	-0.1533	-0.098	-0.166	0.0732	-0.1015	-0.0259	-0.4871	0.0108	0.7628	-0.0155	-0.104	-0.2467	0.2425	0.2456	-0.2893	0.2174	0.0742	0.2902	0.1774	0.5855	0.06	0.2311	0.0141	-0.0829	0.2173	-0.0609	-0.1497	-0.0459	0.1163	-0.2938	0.2131	0.2663	-0.0016	0.2598	0.0906	-0.5441	0.2924	-0.294	-0.3532	0.2641	0.0088	0.0154	-0.3406	-0.4244	0.1721	-0.08	-0.4212	0.0743	-0.23	-0.2299	-0.0253	0.0633	-0.0835	0.1375	0.1143	-0.0473	-0.1899	0.0278	0.0002	0.1928	-0.3933	0.025	0.0899	0.6672	-0.0228	-0.0672	0.3945	-0.1645	0.0314	0.0145	0.0185	0.1939	0.041	-0.2829	0.2424	0.1358	0.0075	0.037	-0.1046	0.1409	0.1663	0.0318	-0.1408	0.5407	-0.0843	0.103	-0.1809	-0.1425	0.2851	0.1289	0.158	0.0472	-0.4459	-0.0254	0.2798	-0.285	0.2481	-0.0422	0.0605	-0.0451	-0.0493	-0.2874	-0.0206	0.6698	0.0033	-0.4615	0.033	-0.0234	0.1149	0.0541	0.2209	-0.1127	-0.2436	-0.4229	0.0171	0.0331	-0.086	-0.4566	0.0747	-0.2658	-0.433	-0.0685	-0.4971	0.0249	-0.0089	0.2453	0.2099	-0.16	0.32	0.1375	0.2821	-0.047	-0.3239	-0.1513	0.0208	0.6793	0.1624	0.2463	-0.0452	0.1797	0.0957	0.0089	-0.3326	-0.0863	-0.0966	-0.0664	-0.3345	0.1575	0.3034	0.2232	0.0514	0.0016	0.1609	0.1506	-0.3966	0.3645	0.6492	-0.2725	0.0585	-0.291	0.0031	-0.2152	0.6826	-0.2128	-0.4589	-0.0627	-0.3205	-0.3159	-0.1426	-0.3916	0.2956	-0.2133	0.0099	0.2902	-0.387	-0.1521	0.0016	0.2099	-0.0183	0.3134	0.0092	-0.2116	0.0793	0.1498	-0.4172	0.0046	0.3454	0.5097	-0.0607	-0.0179	0.0445	-0.075	-0.2081	-0.089	-0.1065	-0.4365	-0.1799	-0.4266	0.6906	-0.3015	-0.3561	0.104	-0.0719	-0.5149	0.1653	-0.4094	-0.1567	-0.4553	-0.2217	-0.2035	-0.427	-0.2489	-0.2672	-0.0404	0.776	-0.1142	-0.2848	-0.259	-0.0615	-0.2526	0.2749	-0.0596	0.1302	-0.4102	-0.2234	-0.3325	-0.2733	0.1827	0.0312	0.244	0.0192	-0.4218	-0.3067	0.2119
Sg_A22_19	-0.3302	-0.0562	0.2064	0.5762	0.3615	0.4978	0.2198	0.5823	0.0393	0.279	0.2645	-0.4447	-0.0246	-0.202	0.0337	-0.008	0.1315	0.1035	0.0628	0.0036	-0.1156	0.531	0.7363	0.1273	0.5059	-0.0829	0.2363	0.5594	-0.2585	-0.4314	1	0.195	0.7319	0.3938	-0.113	-0.4282	0.2593	-0.5646	0.1796	0.3128	-0.076	-0.1362	-0.5079	-0.3275	-0.1552	-0.0433	0.5474	-0.3337	0.374	0.3025	0.3081	0.281	0.2163	0.2565	0.3354	0.0377	0.7073	0.6716	-0.2228	-0.1063	-0.2699	-0.5102	-0.2998	0.4435	0.1254	-0.298	0.021	-0.281	0.2868	0.3882	-0.6195	0.0757	-0.2089	-0.278	-0.5704	-0.5807	0.1194	0.1532	-0.5351	-0.0051	0.2013	-0.1955	0.3219	-0.0131	-0.1373	0.3914	0.3316	-0.0533	0.141	-0.1477	0.4642	0.3749	0.033	0.0521	-0.332	0.0062	0.161	-0.0306	0.3744	0.0656	0.3522	0.031	0.5754	-0.0071	-0.5119	0.0715	0.3729	-0.1449	-0.079	0.1428	0.5931	0.0166	0.3401	-0.5333	0.3967	-0.5113	-0.0421	-0.4488	0.3453	0.3522	-0.4125	0.1071	0.2248	0.1293	-0.1004	0.5605	-0.0749	-0.2695	-0.1063	-0.4239	-0.1781	0.6632	-0.278	-0.0015	0.1817	-0.4596	0.0172	0.3499	0.0905	0.786	-0.4361	-0.2142	0.2711	-0.0526	0.0495	0.3203	-0.1907	-0.2357	0.2092	-0.0194	-0.2341	0.3938	0.0467	-0.1258	-0.0513	-0.027	0.3049	0.0692	-0.3205	-0.2515	0.1046	0.2628	-0.1443	0.4781	-0.0138	-0.1221	-0.3049	-0.3487	0.3288	0.2843	-0.5076	-0.0122	-0.4134	0.2801	0.1421	-0.1764	-0.2836	0.167	-0.1328	-0.1436	0.365	-0.1401	0.1449	0.4917	-0.5144	-0.085	-0.1516	-0.1376	0.305	0.1759	-0.4257	0.5713	-0.1945	-0.1916	0.0404	-0.0547	-0.1223	0.4354	0.1077	-0.5513	-0.234	0.2514	-0.1764	0.1832	-0.4787	0.0652	0.069	0.2078	0.1144	0.5546	-0.0461	0.0308	0.0781	0.2098	-0.0276	0.2092	0.196	0.1955	0.6703	-0.4375	-0.1834	-0.201	-0.382	0.1194	-0.6088	-0.4396	-0.3997	-0.2204	0.1479	-0.2697	-0.0275	-0.3087	-0.0795	-0.2537	-0.1857	-0.15	-0.3317	0.1134	0.1098	-0.2483	0.4168	0.2501	0.1058	-0.3009	-0.0259	-0.4346	-0.3224	0.26	-0.3724	-0.3028	0.0928	-0.2235	-0.5411	0.0256	-0.1162	0.1696	0.0246	0.0971	-0.4262	0.0028	0.4085	0.3423	0.4151	0.1311	0.0115	0.2498	-0.3368	0.1481	0.2189	-0.3354	0.6381	0.2061	-0.3763	-0.4718	0.0145	-0.1054	-0.2095	-0.0852	-0.2893	0.073	0.6111	-0.06	-0.4755	-0.6028	-0.2528	-0.1377	0.0091	0.0977	0.5856	0.04	-0.0097	0.6276	0.1729	0.3968	-0.5502	0.0646	0.1875	-0.0804	-0.0698	0.3985	-0.2865	0.343	0.4945	0.5538	0.3962	-0.1342	0.4624	0.0348	0.1538	0.178	-0.4043	-0.0927	0.5102	0.267	0.2991	0.3209	-0.3891	0.224	-0.3432	0.2605	0.2011	0.2714	-0.0541	0.1546	-0.2221	-0.4647	0.1041	0.688	0.4282	-0.4364
Sg_A22_22	0.0161	-0.2098	0.1985	0.2444	0.1838	0.1863	0.1617	0.2635	-0.0854	-0.0434	-0.1614	-0.1131	-0.1386	-0.1893	0.1912	-0.0248	0.037	0.0071	-0.0732	-0.0254	0.0204	0.2245	0.3322	-0.0371	-0.0268	-0.1053	0.0614	0.2227	-0.0615	-0.1314	0.195	1	0.2863	-0.0527	-0.1418	-0.1967	-0.1125	-0.2088	-0.2771	0.3523	0.057	0.3847	-0.0427	-0.0477	-0.1983	0.1811	0.2026	0.1293	0.1454	0.2296	0.0396	-0.0645	0.3078	0.068	0.1621	-0.1832	0.1519	0.1956	-0.051	-0.2347	-0.1672	-0.0834	-0.1671	-0.0971	0.0452	-0.1456	-0.3062	0.0422	0.0421	-0.0051	-0.2535	-0.0264	-0.2134	-0.0253	-0.0045	-0.2732	0.1622	0.0028	-0.1715	0.1781	0.2441	0.0378	-0.0704	0.1079	-0.1497	0.0175	-0.0088	0.0352	0.2281	0.1601	0.0977	0.0715	-0.0118	0.2366	-0.1579	0.0808	0.1693	0.0702	0.2697	0.1506	0.1431	0.1204	0.0933	0.1728	-0.2037	-0.0466	0.3401	0.0219	0.2704	-0.0164	0.2047	-0.0568	0.1243	-0.0492	0.2273	-0.2113	0.2347	-0.0562	0.0949	0.2132	0.0981	-0.2515	-0.034	-0.059	0.0836	0.0256	-0.108	0.0979	0.2393	0.0746	-0.1104	0.1228	-0.0282	-0.2215	0.074	-0.0884	-0.0206	0.1151	-0.1837	0.1223	0.0388	-0.0507	-0.16	0.0361	0.0521	-0.0733	-0.1507	-0.15	-0.1097	-0.0497	-0.0793	0.2193	0.0146	0.223	0.0583	0.1166	0.3686	-0.1113	-0.0942	-0.0367	-0.05	0.0591	-0.0929	0.204	0.0049	-0.2398	0.1495	0.1022	0.1655	0.0197	-0.3127	-0.0748	-0.0795	0.1653	0.1323	-0.2396	0.0784	0.2387	0.0365	-0.0042	0.1644	0.178	0.063	0.0708	-0.2905	-0.0095	0.0994	0.0995	-0.0104	-0.0301	-0.2502	0.2419	0.0838	-0.0765	0.1184	-0.1454	-0.2138	0.0373	-0.0391	-0.2401	-0.1592	-0.1725	0.1728	-0.1087	-0.0766	0.2653	0.0353	0.1399	0.05	0.0419	-0.1235	0.156	0.2867	-0.2303	-0.0685	-0.0098	-0.1335	0.2204	0.2893	-0.1216	-0.0538	0.2525	0.0073	-0.0081	-0.2718	0.0806	0.0266	-0.2002	-0.1285	-0.1813	-0.1252	-0.1482	-0.0157	0.1626	0.1421	0.0132	-0.0873	-0.0463	0.2542	-0.1561	0.2253	0.2572	-0.2803	-0.2829	0.0362	0.0301	-0.0947	0.2963	-0.026	0.003	-0.0272	-0.0223	-0.2409	-0.0093	-0.0433	0.1099	-0.0614	0.0143	-0.0962	-0.1069	-0.1383	-0.0371	0.17	0.0614	-0.0888	-0.2084	-0.1072	-0.0893	0.2854	0.0297	0.0885	-0.0429	-0.1125	-0.1544	-0.0089	0.0544	-0.1426	-0.1794	0.1989	0.2477	0.1935	0.1854	-0.0059	-0.1799	-0.2326	-0.1706	-0.1447	-0.0023	0.0937	0.0929	-0.2965	0.1958	-0.0484	0.245	-0.2324	-0.1914	-0.1635	0.0499	-0.1101	-0.0403	-0.0885	0.027	0.0843	0.043	0.0679	0.0135	0.1977	-0.1548	-0.026	0.1644	-0.2183	0.0493	0.2328	0.2019	0.2881	0.012	-0.0089	0.2142	0.0806	-0.1943	-0.1099	-0.0525	-0.2632	0.1995	-0.1265	-0.1068	0.1385	0.21	0.0699	0.0007
Sg_A22_3	-0.3189	-0.0692	0.3525	0.5793	0.4081	0.5061	0.4806	0.6194	0.1002	0.3317	0.2204	-0.3362	0.0595	-0.2054	0.1425	0.0962	0.0826	0.0913	0.1095	0.1538	-0.124	0.6023	0.6926	0.2473	0.394	-0.2741	0.238	0.4562	-0.1607	-0.3065	0.7319	0.2863	1	0.419	-0.1394	-0.3292	0.2476	-0.4617	0.21	0.3931	-0.0635	-0.1942	-0.6049	-0.3579	-0.1774	-0.0664	0.456	-0.4177	0.329	0.2712	0.2903	0.3627	0.3242	0.3568	0.2937	0.0787	0.6163	0.5809	-0.1015	-0.1165	-0.3071	-0.5866	-0.1977	0.5288	0.1923	-0.3927	-0.0374	-0.3545	0.3978	0.4096	-0.6136	0.2668	-0.2364	-0.4014	-0.5159	-0.4785	0.0577	0.28	-0.5513	-0.1845	0.126	-0.327	0.3683	-0.0597	-0.1139	0.2797	0.1621	-0.1047	0.1777	-0.1885	0.2854	0.354	0.0972	0.1207	-0.278	-0.0501	0.1347	-0.2158	0.3848	0.1139	0.1948	-0.0163	0.4408	-0.1561	-0.353	0.1615	0.3899	-0.28	-0.3425	0.1133	0.487	-0.0469	0.3279	-0.6617	0.3746	-0.4195	-0.1711	-0.6291	0.3685	0.3204	-0.5495	0.1158	0.3034	0.1443	-0.351	0.5551	-0.0972	-0.3931	-0.2247	-0.5524	-0.2624	0.6256	-0.2414	0.1062	0.0544	-0.4493	0.1027	0.2794	0.074	0.7691	-0.5501	-0.213	0.2895	0.0399	0.1091	0.4109	-0.2466	-0.2055	0.3919	0.0889	-0.2001	0.4522	0.0466	-0.0481	-0.0864	-0.0759	0.1953	0.1612	-0.3611	-0.2483	0.0387	0.256	-0.126	0.4906	-0.1031	-0.0864	-0.2038	-0.2674	0.2609	0.1752	-0.5231	0.0541	-0.5343	0.2672	-0.0001	-0.3234	-0.3551	0.1677	-0.2199	-0.0114	0.2876	-0.2264	0.1118	0.52	-0.5885	-0.096	-0.2988	-0.174	0.3426	0.163	-0.4281	0.5255	-0.2751	-0.0959	-0.0951	-0.1567	-0.213	0.562	0.1415	-0.4581	-0.2019	0.2658	-0.1999	0.2539	-0.5177	-0.0045	0.156	0.1611	0.0222	0.5665	-0.0658	0.15	-0.1458	0.2307	0.0581	0.1972	0.159	0.1754	0.6463	-0.3767	-0.257	-0.2599	-0.4441	0.0815	-0.5845	-0.424	-0.5325	-0.2443	0.1058	-0.2313	0.0992	-0.2216	-0.1845	-0.3412	-0.218	-0.1018	-0.3877	0.1293	-0.0808	-0.1563	0.4526	0.2185	0.1482	-0.42	-0.0441	-0.5806	-0.2727	0.2053	-0.5194	-0.3997	0.0214	-0.08	-0.3948	0.1118	-0.2339	0.288	0.0506	0.236	-0.27	0.0536	0.4356	0.3278	0.3795	0.1147	-0.0033	0.2273	-0.3942	0.0351	0.1859	-0.447	0.577	0.1702	-0.424	-0.3882	0.1085	-0.0268	-0.2567	0.006	-0.1906	0.0766	0.5455	-0.2633	-0.4185	-0.4517	-0.3339	-0.1984	-0.0734	0.1209	0.4425	0.0046	-0.1149	0.6467	0.3255	0.3316	-0.4454	0.0452	0.1864	-0.073	-0.0695	0.4093	-0.3775	0.3838	0.5287	0.5773	0.3658	-0.0765	0.4498	0.1009	0.1224	0.1905	-0.3058	-0.1649	0.4791	0.0539	0.2979	0.2749	-0.4604	0.2454	-0.4418	0.206	0.1536	0.3205	-0.0809	0.1685	-0.2529	-0.3995	0.1712	0.6348	0.3013	-0.3806
Sg_A22_8	-0.4125	0.6317	0.3126	0.5567	0.3486	-0.0116	0.436	0.066	0.5179	0.4008	0.4584	-0.5594	0.0419	0.1117	-0.2594	0.1254	0.2057	0.3969	0.0007	0.153	0.2125	0.438	0.3876	0.3942	0.4954	0.0843	0.1978	0.1704	-0.6224	-0.4875	0.3938	-0.0527	0.419	1	0.19	-0.6028	0.6467	-0.4452	0.2138	-0.0393	-0.1818	-0.1297	-0.478	0.0551	0.533	-0.4464	0.0396	-0.5311	-0.237	-0.1264	0.0633	0.3569	-0.0909	0.4325	-0.0568	0.2978	0.5115	0.3318	-0.027	0.269	-0.0912	-0.5045	-0.215	0.3408	0.0152	-0.4178	0.2492	-0.269	0.4261	0.5814	-0.3282	0.0328	0.3198	-0.1418	-0.2331	-0.2127	0.2295	0.4965	-0.1964	-0.2501	-0.3171	-0.348	0.7313	-0.0336	-0.1022	0.2328	0.2997	0.093	0.07	-0.265	0.4184	-0.1858	0.343	-0.4594	-0.45	-0.4462	0.1069	-0.1502	0.0191	-0.269	-0.1808	-0.2733	0.3333	-0.1475	-0.5153	0.135	-0.202	0.0126	-0.6138	-0.3245	0.1123	-0.3573	-0.0714	-0.4846	-0.2243	-0.454	-0.3224	-0.4875	0.0452	-0.0905	-0.5044	0.3188	0.5369	0.1044	-0.3617	0.3697	-0.3653	-0.5125	-0.1015	-0.3756	0.023	0.7298	-0.0414	0.5152	0.447	-0.3589	0.0575	-0.1375	0.5427	0.4316	-0.4455	-0.077	0.7769	-0.1063	0.2697	0.4479	-0.0138	-0.0117	0.2987	-0.0527	-0.1538	-0.145	0.1567	-0.2162	-0.3301	-0.4243	0.3493	0.1207	0.0163	-0.348	0.1247	0.0092	-0.3558	0.3461	-0.3248	-0.1184	-0.3041	-0.4722	-0.2594	0.4192	-0.1168	-0.1026	-0.327	-0.2487	0.0783	-0.198	-0.5732	-0.0897	-0.2967	-0.4914	0.0007	-0.3897	0.0839	0.1517	-0.1995	-0.3748	-0.5242	-0.0072	0.564	0.0278	-0.1877	0.2511	-0.4867	0.0508	-0.3663	0.0549	-0.0022	0.5178	0.0398	-0.4571	0.0386	0.8463	0.0657	0.2435	-0.2222	-0.4874	0.2022	0.1928	0.4407	0.6451	0.1589	-0.1523	-0.123	0.8415	-0.0484	0.6192	0.7866	-0.2758	0.5619	-0.0094	0.0909	-0.4075	-0.4843	0.4219	-0.2673	-0.3385	-0.5435	-0.0175	0.4274	0.3864	0.3201	-0.3434	-0.0001	-0.3256	-0.2779	-0.4593	-0.1089	-0.0579	-0.008	0.1324	-0.1	-0.1689	0.7226	-0.0096	-0.1715	-0.3982	0.0461	-0.2187	-0.3531	-0.5828	0.3945	0.0441	-0.4219	0.477	0.0942	0.2881	0.1218	0.2375	-0.3523	0.2665	0.8665	0.2014	0.3228	0.4271	0.1128	0.5842	-0.1784	0.2621	-0.2875	-0.5654	0.5697	0.2237	-0.0772	-0.1541	0.0136	-0.1764	-0.1379	0.1681	-0.1999	-0.3746	0.5216	-0.3184	-0.2989	-0.3561	0.284	-0.0207	-0.1371	0.0092	0.0657	0.1283	0.4036	0.5578	0.3025	0.4031	-0.4425	0.5108	0.7053	0.0507	0.0872	0.7978	-0.2976	0.6262	0.1402	0.784	0.0756	0.2762	0.4833	0.562	0.2679	-0.1742	-0.4846	-0.2789	0.3517	0.0599	-0.0563	0.2239	-0.5276	-0.1459	-0.4179	0.8349	0.3321	0.4141	0.4548	-0.3979	-0.08	-0.1656	-0.1634	0.5851	0.3281	-0.6208
Sg_A24_54	-0.2647	0.3297	0.1193	-0.0303	-0.1015	-0.1718	0.0469	-0.1362	0.2849	-0.0758	0.0481	-0.1643	-0.3019	0.3274	-0.4604	0.0338	0.2844	0.2837	-0.2887	-0.2324	0.7263	-0.109	-0.1205	0.158	0.1115	0.1572	0.0678	-0.2009	-0.1047	-0.1305	-0.113	-0.1418	-0.1394	0.19	1	-0.0853	0.3193	-0.0342	0.0783	-0.1107	-0.1962	0.1201	0.0735	0.3678	0.2414	-0.1736	-0.266	0.0456	-0.1705	-0.069	0.0546	0.054	0.0213	0.1701	-0.1225	0.1792	-0.0355	-0.2295	0.0702	0.3222	-0.1537	0.0489	-0.1615	-0.1919	-0.3096	0.0275	0.2773	0.0949	0.0147	0.0959	-0.0133	-0.3396	0.1423	0.0451	0.0081	0.1103	0.1419	0.2636	-0.1041	0.236	-0.0989	0.1987	0.2674	0.1436	-0.2557	0.1252	0.0628	-0.2372	0.0845	-0.2168	0.0284	-0.3472	0.3554	-0.3258	-0.0148	-0.026	0.1394	-0.1448	-0.0535	-0.0754	-0.2105	0.1075	-0.1046	0.0935	-0.1436	-0.2798	-0.1821	0.0662	-0.0747	-0.1932	-0.2012	-0.2215	-0.1086	0.1142	-0.1933	-0.1099	0.1219	0.0448	-0.038	-0.1208	-0.0107	0.285	0.2523	-0.316	-0.0509	-0.1663	-0.0987	-0.0412	-0.1423	0.0916	0.2925	0.137	0.2229	0.1031	0.315	-0.0935	-0.358	-0.1868	0.3129	-0.1201	0.0561	-0.3666	0.3225	-0.1939	0.2798	0.098	-0.2499	0.0802	-0.0231	-0.1877	-0.2184	-0.1364	-0.2655	0.0673	-0.2037	-0.1801	0.2149	-0.2862	0.1107	-0.1381	0.0694	-0.3917	-0.2137	-0.0548	-0.3246	0.1822	0.211	-0.1286	-0.3904	0.3357	0.1166	-0.2638	-0.0572	-0.0348	0.0582	-0.2249	-0.1762	-0.0948	0.0145	-0.36	-0.0795	-0.078	-0.2434	-0.0206	0.0627	0.0154	-0.1611	0.2822	0.206	-0.3201	-0.14	-0.2519	-0.3283	-0.2939	0.0317	0.1021	-0.2064	0.0468	-0.3496	-0.0549	0.2814	0.3075	0.2379	0.208	-0.135	-0.2599	0.0705	0.2633	0.0921	0.1105	-0.0053	-0.3486	0.2213	0.2627	-0.1782	0.2427	0.3382	-0.0228	-0.0365	0.2315	0.3262	0.0987	0.1938	0.3904	0.0352	0.1938	0.1016	-0.128	0.1678	0.1947	0.2677	-0.2505	0.2391	0.0483	-0.2922	-0.0648	0.1433	-0.3289	0.1127	0.4039	-0.1144	-0.0261	0.2087	-0.1706	-0.0064	0.0028	0.2333	-0.0398	0.1467	-0.1465	0.401	0.1207	-0.03	0.3412	0.254	0.1974	0.2918	0.1142	0.0846	0.1921	0.2346	-0.0177	-0.2168	0.2292	-0.2816	0.0261	0.0086	0.3295	-0.0068	0.0678	-0.0058	0.1254	-0.0237	0.0228	-0.1911	-0.0736	-0.2249	0.2941	0.3065	-0.1058	0.0183	-0.0252	0.2967	0.0327	0.0634	-0.0144	0.0527	-0.3176	-0.1513	-0.4183	0.3311	-0.0445	0.1623	0.105	-0.0627	0.1451	0.225	0.3925	-0.1945	0.1596	-0.0306	0.1517	-0.331	0.1262	-0.29	0.2533	-0.1335	0.3799	-0.1277	0.0056	-0.1591	-0.1822	-0.08	-0.1439	0.0076	0.0661	-0.1144	-0.1328	0.1354	0.3334	0.3505	0.0568	0.1065	-0.3186	-0.176	0.1181	-0.0475	-0.0493	0.0103	0.0686
Sg_A27_23	0.4435	-0.2876	-0.2839	-0.3392	-0.3088	-0.0386	-0.2138	-0.1606	-0.2316	-0.2165	-0.3216	0.7635	0.0189	0.0126	0.214	0.0213	-0.0976	-0.2961	0.107	0.0073	-0.0724	-0.3431	-0.4326	-0.1307	-0.4795	-0.232	-0.2435	-0.3338	0.7402	0.8153	-0.4282	-0.1967	-0.3292	-0.6028	-0.0853	1	-0.4473	0.7658	-0.1352	-0.1373	0.3247	-0.1807	0.3751	-0.022	-0.367	0.3617	-0.2606	0.2836	0.0055	-0.045	-0.1957	-0.1543	-0.1445	-0.2629	-0.0625	-0.1277	-0.4941	-0.3048	-0.1025	-0.1343	0.1415	0.3951	0.2929	-0.2184	0.0001	0.2633	-0.0366	0.0108	-0.3529	-0.4347	0.2867	-0.0545	-0.2049	0.0903	0.1602	0.2495	-0.3372	-0.3083	0.1355	0.0723	0.0428	-0.0345	-0.4509	-0.2382	0.0221	-0.2349	-0.3194	-0.1931	-0.2028	0.0189	-0.4499	0.1778	-0.2778	0.2077	0.6887	0.2322	-0.2271	-0.0757	-0.1309	0.199	0.0101	0.0191	-0.4647	0.0197	0.8019	-0.0218	-0.0337	-0.2265	0.254	0.3064	-0.2242	0.2276	0.0916	0.2868	0.1487	0.6979	-0.0079	0.2409	-0.0929	-0.0539	0.1453	-0.1128	-0.2877	-0.0183	0.2112	-0.2725	0.153	0.3384	-0.0801	0.235	-0.0123	-0.6176	0.3308	-0.3108	-0.4369	0.256	0.0332	0.041	-0.4222	-0.4596	0.2022	-0.0619	-0.4031	0.0904	-0.2055	-0.2965	-0.0145	0.0905	-0.1295	0.1363	0.1592	0.0006	-0.1699	0.0689	0.1953	0.3038	-0.44	0.0016	0.0204	0.6641	-0.1186	-0.0229	0.3915	-0.1872	0.2078	0.1246	0.0344	0.2753	0.091	-0.3633	0.2052	0.1739	0.0792	0.0531	-0.0936	0.1492	0.2403	0.0619	0.1585	0.545	-0.0684	0.1493	-0.2798	-0.0964	0.251	0.1413	0.2289	0.038	-0.4368	0.0055	0.264	-0.3187	0.3041	-0.0193	0.1648	-0.0371	-0.0274	-0.2801	-0.0233	0.6881	0.0617	-0.5199	-0.055	-0.0895	0.075	0.1275	0.0759	-0.1101	-0.2982	-0.5384	-0.0819	0.0696	-0.1105	-0.5416	0.113	-0.3395	-0.5073	-0.0378	-0.509	0.0354	-0.0843	0.2503	0.3572	-0.2048	0.3101	0.1519	0.2991	-0.0603	-0.3996	-0.2179	-0.1136	0.5767	0.0884	0.1687	0.0987	0.2964	0.0596	0.0373	-0.3642	-0.1374	-0.0544	-0.0161	-0.3657	0.1466	0.2771	0.2393	0.0859	0.0305	0.1465	0.2865	-0.388	0.3591	0.7433	-0.1813	-0.0716	-0.2311	-0.0732	-0.2024	0.5656	-0.2226	-0.5262	-0.0931	-0.2851	-0.3252	-0.1288	-0.418	0.2105	-0.2293	0.0122	0.3368	-0.4802	-0.1138	-0.0749	0.1853	0.015	0.2081	0.0444	-0.1575	0.0455	0.1736	-0.4563	-0.0283	0.3077	0.5969	-0.1317	0.0711	0.1656	-0.0163	-0.1826	-0.1607	-0.1594	-0.4667	-0.1017	-0.4918	0.7361	-0.4156	-0.4173	0.0422	-0.0684	-0.5611	0.2246	-0.4665	-0.1145	-0.5964	-0.189	-0.2437	-0.4341	-0.2354	-0.2527	0.0177	0.7491	-0.0238	-0.3175	-0.2012	0.0105	-0.23	0.3053	-0.0233	0.1621	-0.5244	-0.2588	-0.2709	-0.3012	0.2527	0.0375	0.1979	0.0306	-0.5	-0.2562	0.3605
Sg_A27_31	-0.454	0.6205	0.546	0.1827	0.2389	-0.0511	0.356	0.0579	0.5798	0.2396	0.4714	-0.4144	-0.2019	0.4667	-0.3437	0.2174	0.1292	0.3711	-0.2484	-0.0947	0.2026	0.1884	0.2201	0.4	0.3082	-0.16	0.218	-0.0581	-0.433	-0.3373	0.2593	-0.1125	0.2476	0.6467	0.3193	-0.4473	1	-0.3422	0.2392	-0.128	-0.2318	-0.0788	-0.2754	0.2149	0.2922	-0.3788	0.0698	-0.3551	-0.0686	-0.0868	0.1409	0.4317	-0.1541	0.4303	-0.0127	0.3769	0.3073	0.1271	0.1091	0.3952	-0.0456	-0.285	-0.3471	0.0678	-0.1468	-0.2908	0.3457	-0.3029	0.2937	0.6031	-0.2425	-0.2294	0.4125	-0.0758	-0.0246	-0.2118	0.4818	0.5593	-0.118	-0.1819	-0.3391	-0.071	0.6844	0.0021	-0.0449	0.1159	0.2131	-0.2459	0.0356	-0.236	0.0432	-0.4023	0.4204	-0.5283	-0.3181	-0.3262	0.1419	-0.2071	0.0004	-0.1628	-0.3013	-0.0538	0.2161	-0.1881	-0.3489	-0.1226	-0.2363	-0.0809	-0.4852	-0.26	0.0119	-0.3755	0.0234	-0.2488	-0.1589	-0.375	-0.135	-0.3119	-0.0835	-0.0582	-0.3705	0.3831	0.5704	-0.2443	-0.3671	0.2673	-0.1647	-0.3419	-0.3711	-0.2734	0.0087	0.5954	-0.0681	0.5255	0.3581	-0.4389	-0.2826	-0.0727	0.7065	0.3282	-0.341	-0.176	0.6087	-0.2629	0.2523	0.4076	-0.067	0.13	0.1998	-0.1797	-0.1024	-0.1507	0.0271	-0.021	-0.2926	-0.5191	0.3105	-0.1068	-0.1676	-0.2095	0.2394	-0.3125	-0.3442	0.1657	-0.366	0.1611	-0.1236	-0.3898	-0.3652	0.5122	-0.1187	-0.3374	-0.2723	-0.1965	-0.0479	-0.1605	-0.4379	0.1004	-0.387	-0.5359	0.0095	-0.3524	-0.0087	0.1823	-0.1836	-0.0961	-0.5641	0.1952	0.463	-0.2659	-0.3328	-0.0861	-0.435	-0.0511	-0.39	0.0417	-0.0792	0.3793	-0.2259	-0.3288	0.2314	0.7479	0.1095	0.3587	-0.2654	-0.3582	0.2257	0.2264	0.2054	0.5638	0.2603	-0.3286	-0.1687	0.7149	-0.2255	0.6232	0.7113	-0.1597	0.3016	0.0132	0.1674	-0.2652	-0.2715	0.523	-0.2277	-0.2367	-0.439	-0.0324	0.5667	0.4844	0.1639	-0.2566	-0.0409	-0.1738	-0.3257	-0.2931	-0.1212	-0.3399	-0.1234	0.1867	-0.1212	-0.1146	0.6344	-0.1931	-0.1351	-0.311	0.0284	-0.1997	-0.2352	-0.3534	0.3813	0.0158	-0.2889	0.4406	0.2138	0.3223	0.1956	-0.0177	-0.1588	0.3657	0.771	0.1658	0.1035	0.6409	-0.0598	0.5304	-0.1683	0.4336	-0.2038	-0.4053	0.494	0.1275	-0.0753	-0.301	-0.2153	-0.1472	-0.1621	0.2304	-0.1948	-0.4364	0.358	-0.3277	-0.1834	-0.2848	0.4199	0.0643	-0.1533	-0.231	0.005	-0.1008	0.5098	0.3182	0.4485	0.5309	-0.324	0.4621	0.5813	0.0632	-0.0376	0.6898	-0.2925	0.6237	-0.0742	0.6281	-0.1003	0.2611	0.308	0.621	0.0833	-0.0436	-0.2244	-0.3615	0.213	-0.1633	-0.1335	0.2882	-0.5562	-0.1987	-0.1876	0.7471	0.4194	0.4309	0.491	-0.5113	-0.0497	-0.1032	-0.0003	0.4019	0.1008	-0.4814
Sg_A28_8	0.4248	-0.1166	-0.3271	-0.4562	-0.3499	-0.2689	-0.232	-0.3487	-0.1438	-0.2437	-0.1951	0.8055	0.1235	0.0992	0.1659	-0.0672	-0.1912	-0.2004	0.1122	0.1113	0.0272	-0.364	-0.5588	-0.0777	-0.4778	-0.1997	-0.1892	-0.4483	0.5008	0.6843	-0.5646	-0.2088	-0.4617	-0.4452	-0.0342	0.7658	-0.3422	1	-0.1907	-0.1516	0.3595	-0.1372	0.4296	0.1333	-0.1596	0.1594	-0.5013	0.2073	-0.2002	-0.2065	-0.3091	-0.1692	-0.1917	-0.1735	-0.2131	-0.0955	-0.468	-0.3985	-0.0068	-0.0765	0.2796	0.3848	0.2776	-0.3105	0.01	0.2458	0.024	0.0405	-0.3477	-0.525	0.4355	0.02	-0.023	0.0865	0.3023	0.3629	-0.435	-0.1609	0.2918	0.0132	-0.1603	0.0633	-0.4167	-0.3478	0.0115	-0.4696	-0.3046	-0.0674	-0.2533	0.1047	-0.4583	-0.0768	-0.1053	0.016	0.5952	0.1796	-0.2267	-0.166	-0.2742	0.0131	-0.1994	-0.0186	-0.5017	-0.0156	0.8734	0.0604	-0.228	-0.0802	0.0964	0.1428	-0.4425	0.2164	-0.0586	0.3274	-0.1092	0.8505	-0.078	0.2634	-0.1347	-0.1692	0.1722	-0.0586	-0.1556	0.0395	0.1493	-0.2234	0.0624	0.2423	-0.0983	0.263	0.0781	-0.6406	0.3105	-0.0861	-0.3889	0.2513	0.0962	-0.1499	-0.3103	-0.5194	0.2277	0.075	-0.2697	0.1279	-0.2413	-0.1462	0.1711	0.3617	-0.0594	0.1318	0.3131	-0.1714	-0.0286	0.1231	0.0424	0.1694	-0.4009	0.0671	0.1139	0.6644	-0.1747	-0.0624	0.4314	-0.373	0.1385	0.2931	0.1445	0.3825	-0.1051	-0.3634	0.3368	0.1729	0.2159	-0.1526	-0.1573	0.1995	0.1725	0.0212	0.0198	0.3355	-0.1796	0.0701	-0.2547	-0.1613	0.3608	0.1372	0.1952	0.124	-0.3826	0.0063	0.3056	-0.4614	0.2283	0.1522	0.1011	0.0482	0.0853	-0.3098	0.0947	0.9244	0.2796	-0.3601	0.0518	-0.2297	0.2835	-0.0072	0.1179	-0.1196	-0.2828	-0.529	-0.1525	0.1076	-0.1871	-0.3224	0.141	-0.3085	-0.3438	-0.1911	-0.575	0.099	0.0507	0.1434	0.2686	-0.104	0.4286	0.1924	0.2312	0.0934	-0.3702	0.0168	-0.0004	0.5607	0.0243	0.1009	0.0879	0.1686	0.1336	0.0832	-0.3447	0.0434	-0.2144	-0.2433	-0.2353	0.2202	0.2888	0.3271	0.1107	-0.1525	0.1563	0.1948	-0.257	0.5083	0.8818	-0.1241	-0.0716	-0.1993	-0.0331	-0.2068	0.4864	-0.2152	-0.3845	-0.0176	-0.4647	-0.2349	0.005	-0.2948	0.2371	-0.1666	-0.1757	0.2923	-0.5349	-0.1185	0.1167	0.2467	0.0878	0.165	0.2254	-0.1104	0.1061	0.0592	-0.5186	-0.1093	0.3434	0.9186	0.0896	0.0611	0.1294	0.0642	-0.391	-0.0278	-0.1991	-0.537	-0.172	-0.5969	0.9395	-0.3382	-0.2749	0.0902	0.0618	-0.4383	0.2212	-0.451	-0.2219	-0.5692	-0.2911	-0.1944	-0.4129	-0.2019	-0.202	-0.0374	0.7452	-0.05	-0.4205	-0.2917	-0.1301	-0.3579	0.2822	-0.1936	0.1809	-0.3618	-0.2155	-0.258	-0.1053	0.0405	0.1906	0.2985	-0.0714	-0.5666	-0.3833	0.2293
Sg_A33_4	-0.236	0.0237	0.2001	0.0487	0.1953	0.0625	0.3983	0.1002	0.1343	0.3607	0.3845	-0.2515	0.2433	0.1707	-0.0791	-0.0723	-0.0089	0.061	0.2831	0.2268	-0.0392	0.1301	0.1561	0.5276	0.0551	-0.3047	0.5149	-0.1214	-0.1665	-0.1127	0.1796	-0.2771	0.21	0.2138	0.0783	-0.1352	0.2392	-0.1907	1	-0.0859	-0.177	-0.225	-0.3117	0.0864	-0.0523	-0.1834	0.1682	-0.2302	0.0278	-0.0401	0.012	0.5351	-0.0176	0.4011	-0.0956	0.3004	0.2708	0.139	0.0452	0.1872	0.0216	-0.1632	-0.19	0.4574	0.3136	0.041	0.1734	-0.3091	0.4371	0.4465	-0.3321	0.2747	0.1942	-0.1653	-0.3691	-0.2295	0.0747	0.3935	-0.2671	-0.0202	-0.0208	-0.1181	0.256	-0.1309	-0.2389	0.1602	0.5198	-0.2726	-0.0042	-0.0625	0.0201	-0.162	0.2352	-0.2608	0.0192	-0.1445	0.0462	-0.21	-0.1681	0.1123	-0.1943	-0.1321	0.0504	-0.4	-0.1562	0.2061	-0.0144	-0.3349	-0.3851	-0.0238	0.0768	0.0359	-0.0785	-0.263	-0.0805	-0.1362	-0.1345	-0.4006	-0.1021	-0.1333	-0.2425	0.1504	0.3777	0.1892	-0.3709	0.2957	-0.1683	-0.2013	-0.3637	-0.2675	-0.0539	0.2631	-0.0113	0.422	-0.0988	-0.5161	0.1193	-0.135	0.1404	0.3095	-0.1886	-0.0912	0.3151	0.2419	0.0822	0.5054	-0.0637	0.2749	0.5721	0.3185	-0.0555	-0.0197	-0.0927	0.0574	-0.3244	-0.27	-0.0799	0.3029	-0.4539	-0.2486	0.1346	0.1456	0.0352	-0.0524	-0.3137	0.3137	-0.223	-0.1275	-0.149	0.2659	-0.3946	0.1953	-0.2804	-0.0505	-0.0929	-0.2244	-0.2783	-0.0347	-0.1751	-0.3297	0.1562	-0.3504	-0.1175	0.2614	-0.2038	0.0291	-0.2103	-0.1367	0.1629	0.1994	-0.395	-0.0998	-0.3779	-0.0391	-0.2701	0.0412	-0.1161	0.1867	0.2755	-0.1107	0.3405	0.273	-0.1933	0.5216	-0.2255	-0.3944	0.2269	0.0444	-0.1127	0.2349	0.0501	0.1769	-0.2034	0.2818	0.1912	0.2232	0.1185	-0.1657	0.1426	-0.1302	-0.0877	-0.2547	-0.2677	0.2906	-0.2512	-0.2427	-0.326	-0.0087	0.3194	-0.0799	0.4062	0.0816	-0.1061	-0.308	-0.3561	-0.0063	-0.2697	0.1884	-0.2606	-0.1666	0.0202	-0.2668	0.4493	-0.3507	-0.1446	-0.2649	0.0803	-0.2383	-0.1712	-0.1714	0.0876	-0.1247	-0.0778	0.0053	0.0384	0.3299	0.0422	0.1196	0.0399	-0.0331	0.3081	0.1287	-0.2571	0.291	0.0077	0.5188	-0.4106	0.1195	-0.1249	-0.1163	0.2191	0.2248	-0.4065	-0.3982	0.2417	0.0271	-0.0752	0.1794	-0.0808	-0.2964	0.1228	-0.1997	-0.2271	-0.124	-0.0745	-0.2195	-0.1143	0.1866	-0.0092	-0.2757	0.2108	0.0839	0.3534	0.081	-0.1296	0.1071	0.2208	-0.0742	-0.0806	0.1721	-0.3354	0.3201	0.2673	0.1663	0.1437	-0.0738	0.0199	0.1268	0.0359	-0.0571	-0.1308	-0.3875	-0.0558	-0.2917	-0.1596	0.292	-0.4594	-0.1616	-0.0348	0.3597	0.1761	0.225	0.4098	-0.2405	-0.039	-0.4052	-0.2161	0.2497	-0.0306	-0.2706
Sg_A34_19	-0.0742	-0.1985	0.1304	0.2978	0.2439	0.4588	0.0399	0.4922	-0.0269	-0.0575	-0.2112	-0.0381	-0.2099	-0.2081	0.2457	0.1257	0.0184	-0.0688	-0.1432	-0.05	-0.0028	0.2013	0.3724	-0.1104	0.2562	-0.176	0.0411	0.3611	0.0072	-0.1663	0.3128	0.3523	0.3931	-0.0393	-0.1107	-0.1373	-0.128	-0.1516	-0.0859	1	0.3697	0.0007	-0.332	-0.1697	-0.2512	0.261	0.3933	-0.3195	0.5004	0.4705	0.4504	-0.0791	0.6288	0.0366	0.4146	-0.0311	0.2385	0.2494	0.0307	-0.1064	-0.2358	-0.2668	-0.0207	0.2572	-0.013	-0.1506	-0.1512	-0.1539	0.1167	0.0332	-0.372	0.0024	-0.3508	-0.1666	-0.3147	-0.3116	0.0879	-0.0069	-0.3568	-0.0432	0.5603	-0.218	-0.0133	-0.0879	-0.1262	0.0851	-0.0367	-0.1625	0.1107	-0.2245	0.126	0.1952	0.024	0.4759	-0.175	0.3009	-0.162	-0.2385	0.5908	0.2112	0.3034	0.3903	0.333	-0.2552	-0.1184	-0.1583	0.4218	-0.1874	-0.0684	0.1488	0.4378	-0.0438	0.2699	-0.3497	0.5049	-0.031	-0.0987	-0.3241	0.3952	0.4958	-0.215	-0.1052	-0.0119	-0.085	-0.2796	0.1622	-0.0667	-0.1991	-0.1398	-0.4016	-0.2566	0.2669	-0.1556	-0.1562	-0.1411	-0.1623	-0.1244	0.3524	-0.1046	0.3426	-0.3394	-0.1735	0.0036	-0.0502	-0.0086	-0.0381	-0.1998	-0.2531	0.0377	-0.122	-0.1806	0.6524	-0.0483	0.0089	0.149	0.4131	0.2004	-0.1489	-0.3008	-0.1627	-0.1467	-0.0021	-0.0575	0.106	0.1701	-0.1375	0.0383	-0.139	0.3298	-0.099	-0.271	-0.1488	-0.3094	0.4475	-0.2352	-0.2659	-0.1257	0.4051	0.1915	0.1264	0.1946	-0.0724	0.0218	0.2382	-0.4385	0.3051	-0.1848	-0.185	0.1164	-0.1227	-0.1678	0.2291	0.0799	-0.1794	0.0056	-0.0342	-0.184	0.1517	-0.0841	-0.212	-0.293	-0.0595	-0.0885	-0.2523	-0.2273	0.1964	0.0343	0.0285	-0.0267	0.1858	0.0398	-0.0441	-0.0885	-0.0298	-0.1338	-0.07	-0.0501	0.448	0.3025	-0.2607	-0.2455	-0.1057	-0.2477	-0.1815	-0.3712	-0.2593	-0.2808	-0.229	-0.1629	-0.2652	-0.1987	-0.2033	-0.201	-0.1675	0.1899	0.2869	-0.2526	-0.1017	-0.0391	-0.0168	0.6282	0.518	-0.1415	-0.3184	0.1925	-0.2535	-0.1425	0.7022	-0.301	-0.1305	-0.0428	-0.1014	-0.2402	0.1913	-0.1021	0.131	0.0031	-0.0424	-0.1321	0.001	0.0452	0.0252	0.0536	-0.034	-0.0645	-0.1488	-0.2373	0.0583	0.4855	-0.1955	0.1923	0.1159	-0.2337	-0.1263	-0.0135	-0.0827	-0.2032	-0.2005	-0.0383	0.5255	0.2738	-0.0671	-0.2605	-0.0592	-0.4128	-0.3209	-0.1945	-0.1288	0.3786	-0.1777	-0.3125	0.284	0.0557	0.1883	-0.1401	-0.2436	-0.0527	0.0653	-0.1327	0.1504	-0.0613	0.0465	0.2733	0.0729	0.0053	0.1874	0.1409	0.0098	0.1476	0.4239	-0.2708	0.0384	0.1476	-0.0918	0.5948	0.1053	-0.0423	0.4871	-0.1557	-0.1421	0.0304	0.0938	-0.2666	0.5145	-0.2181	-0.1074	0.4234	0.1569	0.2008	0.0998
Sg_A34_5	0.2132	-0.0595	-0.1557	0.0265	-0.0623	0.1282	-0.1159	0.1479	0.0324	-0.1541	-0.2498	0.3939	-0.1362	-0.0565	0.3578	-0.0873	-0.2053	-0.1202	-0.1526	-0.1772	-0.1659	-0.1387	-0.0403	-0.1686	-0.1136	-0.122	-0.0767	0.072	0.3078	0.3317	-0.076	0.057	-0.0635	-0.1818	-0.1962	0.3247	-0.2318	0.3595	-0.177	0.3697	1	-0.043	-0.0736	-0.0365	-0.1402	0.3256	0.0003	-0.0806	0.2307	0.2111	0.2265	-0.1302	0.2771	-0.1599	0.1248	0.033	-0.0416	0.0442	-0.1836	-0.1838	-0.084	-0.068	0.203	0.1086	-0.0765	-0.1322	-0.1882	-0.0644	-0.0579	-0.1956	-0.0081	-0.0486	-0.3118	-0.029	-0.1377	0.028	-0.0968	-0.1835	-0.0429	-0.114	0.2016	-0.2232	-0.0915	-0.115	-0.0974	-0.2277	-0.1371	-0.1977	-0.2091	-0.112	-0.0773	0.1146	-0.1153	0.3227	0.1901	0.1355	-0.0364	-0.1297	0.2942	0.0374	0.0529	0.1161	0.0425	-0.1188	0.4077	-0.2262	0.1332	-0.1395	0.1294	0.2838	0.0855	0.2074	0.1919	-0.1236	0.2516	0.4262	-0.1844	-0.0489	0.1327	0.2635	-0.0204	-0.2072	-0.1685	-0.128	-0.1416	0.0453	-0.1139	-0.0967	-0.0492	-0.0288	-0.2188	-0.1563	0.1548	-0.1842	-0.2043	0.171	-0.0923	0.249	-0.1311	0.063	-0.0497	-0.0722	-0.0411	-0.1358	-0.0647	-0.1639	-0.0371	-0.0952	-0.0312	-0.1705	-0.0182	0.3289	-0.0922	-0.035	0.1087	0.23	-0.0332	-0.2145	-0.0072	0.3393	-0.1162	-0.0225	0.1559	0.1368	0.2431	-0.0452	-0.0415	0.1045	0.1933	-0.2726	0.0211	-0.1548	-0.2039	0.3138	-0.1888	-0.0849	-0.0572	0.1959	0.1574	0.3449	0.0604	-0.062	-0.1645	0.2894	0.0169	0.1642	-0.0011	-0.0367	0.068	-0.0556	0.2262	0.0133	0.286	-0.0674	-0.04	-0.0241	-0.1088	-0.0729	-0.166	0.3051	-0.191	-0.1276	-0.0271	-0.1947	-0.0654	0.1641	0.0634	-0.1587	-0.1219	-0.0718	-0.1658	-0.0151	-0.1368	-0.0773	-0.1806	-0.2278	-0.1404	0.2632	-0.0243	0.0618	-0.138	-0.1256	-0.1533	-0.1729	-0.0072	-0.0822	-0.041	-0.1115	-0.1555	-0.1158	-0.1373	0.2267	-0.1658	0.0582	0.1771	0.1572	-0.0366	-0.092	-0.2077	-0.0774	0.2618	0.2687	-0.0662	0.0638	0.2791	0.0231	-0.0971	0.463	-0.136	0.0336	-0.2365	0.3	0.3184	0.0245	-0.1542	-0.0949	-0.0769	-0.0894	0.1736	-0.2486	-0.0912	0.1767	-0.0027	-0.1786	0.0565	-0.2333	0.0152	-0.1099	0.0853	0.0674	-0.0615	-0.0829	0.0611	0.117	-0.1595	-0.1778	-0.1023	-0.0962	-0.1983	0.3018	-0.1048	-0.1404	0.0194	0.3693	-0.2003	-0.0838	0.0655	-0.1499	0.0334	0.0164	-0.2499	0.0119	-0.0761	-0.1472	0.3935	-0.1678	-0.0375	-0.0707	-0.0743	-0.0324	0.0802	-0.0623	0.1156	-0.1068	-0.1428	-0.001	-0.1492	-0.0601	-0.1823	0.3271	0.3104	0.0233	-0.0938	-0.14	0.2874	-0.1659	0.1356	0.2749	0.0142	-0.1612	-0.1435	-0.0248	-0.1803	0.3537	-0.096	0.0598	0.2719	-0.0927	0.0307	0.0284
Sg_A37_36	0.0529	-0.0147	-0.0106	-0.0749	0.066	-0.114	0.0011	-0.0007	-0.0138	-0.2659	-0.2529	-0.0931	-0.1053	-0.0737	0.0507	-0.1373	-0.0309	-0.142	-0.1744	-0.0969	0.0778	-0.122	-0.0597	-0.2327	-0.1747	0.1866	-0.1397	0.1098	-0.0755	-0.0926	-0.1362	0.3847	-0.1942	-0.1297	0.1201	-0.1807	-0.0788	-0.1372	-0.225	0.0007	-0.043	1	0.1302	0.0809	-0.0316	0.1204	0.0361	0.2397	0.0093	0.2769	0.1743	-0.1602	0.0497	-0.294	-0.0267	-0.1169	-0.0115	-0.1804	-0.0284	0.0155	-0.2661	0.1623	0.0123	-0.2504	0.0186	-0.0201	-0.1459	0.2071	-0.2211	-0.1126	0.1054	-0.1879	-0.118	0.2494	0.2109	-0.0246	0.1839	-0.2145	-0.0146	0.1841	0.1908	0.1751	-0.1685	0.2534	-0.0997	-0.0538	-0.1048	-0.0318	0.1293	0.0834	0.0814	-0.1459	0.1043	0.2321	0.0041	0.1794	0.0599	0.2702	0.1287	0.2662	0.1417	0.2057	-0.0411	0.2565	-0.1802	-0.1207	0.1996	0.2063	0.3323	-0.0759	0.0076	-0.1907	0.0355	0.197	0.0186	-0.1575	0.2221	0.2978	-0.1214	0.1143	0.396	-0.171	-0.2562	-0.1502	0.1458	-0.311	-0.0455	0.0136	0.2891	0.3817	0.2011	-0.059	0.1078	-0.3128	0.2528	0.2613	-0.1289	-0.0572	0.0219	-0.2039	0.365	0.002	-0.1729	-0.0614	0.2818	-0.258	-0.2349	-0.251	-0.3679	-0.125	-0.2402	-0.0778	-0.1624	0.0316	0.0667	0.1546	0.6798	-0.166	0.2069	-0.0894	0.0855	-0.1117	-0.2388	-0.0037	-0.0566	-0.3341	0.2035	0.0609	-0.0111	0.0422	0.1035	-0.1411	0.1957	0.0338	0.1857	-0.1004	0.1561	-0.0717	0.2329	-0.054	0.0377	0.0218	0.1376	-0.2646	0.0885	0.245	0.1421	0.2126	-0.0092	-0.1285	0.0339	0.011	0.1425	-0.3234	0.1315	0.0484	-0.2107	-0.079	-0.141	-0.1553	-0.1849	-0.1272	0.1296	-0.141	0.0653	0.2832	-0.1495	0.0907	0.0123	-0.0877	-0.1299	-0.0309	0.3659	-0.1476	-0.0634	-0.1339	-0.0611	0.0928	-0.0333	0.1046	0.1883	0.3069	0.2342	-0.0043	0.0259	0.3888	0.2325	-0.2228	-0.129	-0.1539	-0.1	-0.1426	0.1772	0.4366	0.2524	0.1008	0.0609	-0.1818	0.4606	0.0684	-0.0986	0.0999	-0.2939	-0.0462	-0.0726	0.288	0.211	0.0356	0.1242	0.1948	0.1923	-0.0535	-0.1648	0.0301	0.1136	0.0922	0.0866	-0.0735	0.0214	-0.0553	-0.1682	-0.2251	0.022	-0.0545	-0.2283	-0.2026	0.2023	0.0312	0.2685	0.1626	-0.0523	-0.0757	0.0765	0.2161	-0.0304	-0.0754	-0.1805	0.139	0.4009	0.1147	-0.064	0.3204	0.2203	-0.0721	-0.0136	0.0704	0.0361	-0.0981	-0.0102	-0.1288	-0.1289	-0.131	-0.0407	0.0696	-0.1623	-0.237	-0.2049	0.151	-0.2918	-0.1013	0.1272	-0.1383	-0.2177	-0.0658	0.0067	0.258	-0.043	-0.1822	-0.2216	0.1725	-0.0866	0.1248	0.0675	0.1559	-0.0243	-0.0213	0.2194	0.0716	0.2202	-0.1554	0.0448	-0.0932	-0.1403	0.0279	-0.1798	0.1194	0.1994	-0.0068	0.0083	0.1325
Sg_B03_29	0.3781	-0.1025	-0.3767	-0.4592	-0.4989	-0.4879	-0.3796	-0.5875	-0.287	-0.3696	-0.1504	0.2969	-0.0159	0.2553	-0.1733	-0.2653	-0.0347	-0.0745	-0.0154	-0.0744	0.1247	-0.3921	-0.6775	-0.2508	-0.4417	0.2905	-0.2831	-0.3932	0.3378	0.2878	-0.5079	-0.0427	-0.6049	-0.478	0.0735	0.3751	-0.2754	0.4296	-0.3117	-0.332	-0.0736	0.1302	1	0.1797	0.0918	0.0704	-0.5046	0.6563	-0.3975	-0.3649	-0.5028	-0.3484	-0.3324	-0.3963	-0.422	-0.264	-0.6003	-0.6107	0.0674	-0.1015	0.2392	0.6767	0.1799	-0.5007	-0.1852	0.4887	-0.0918	0.4401	-0.4413	-0.4763	0.6647	-0.1088	0.2693	0.3334	0.4565	0.5224	-0.2079	-0.3521	0.4436	0.2708	-0.2189	0.4529	-0.3948	0.0919	0.1745	-0.161	-0.309	0.188	-0.1101	0.4096	-0.2741	-0.1101	-0.0279	-0.0735	0.3277	0.184	0.0026	0.3515	-0.4777	-0.1566	-0.1063	-0.0779	-0.5463	0.4224	0.3374	-0.052	-0.3491	0.3021	0.5039	-0.2618	-0.5094	0.1181	-0.3255	0.7302	-0.4247	0.3084	0.3331	0.6817	-0.438	-0.4671	0.7347	-0.175	-0.3646	-0.09	0.5251	-0.4702	0.1487	0.8114	0.2666	0.6809	0.1481	-0.7037	0.142	-0.1359	-0.0868	0.5095	-0.0131	-0.3789	-0.1071	-0.6715	0.6277	0.2223	-0.4029	0.0485	-0.0086	-0.4401	0.1721	0.2805	-0.3472	0.0393	0.2079	-0.4466	-0.0115	0.1921	0.1185	0.1274	-0.2471	-0.1156	0.4773	0.2257	0.0581	-0.2546	0.2511	-0.5282	0.048	0.1498	0.4666	0.3181	-0.2644	-0.1374	0.4719	0.0805	0.5776	-0.3438	0.2236	0.242	0.7392	-0.1906	0.2107	0.0569	-0.2331	0.4147	-0.2012	-0.542	0.6284	0.1594	0.4207	0.2413	-0.5425	-0.1563	0.3028	-0.3853	0.2514	0.1412	0.2174	0.0363	0.1026	-0.527	-0.0988	0.4244	0.3262	-0.3998	0.1511	-0.2135	0.494	0.2073	-0.3203	-0.1194	0.0712	-0.5748	-0.1036	0.033	0.1922	-0.44	0.0239	-0.3032	-0.335	-0.2407	-0.6597	0.3071	0.2011	0.3231	0.6377	-0.0335	0.6006	0.635	0.6867	0.0939	-0.2313	0.1323	-0.0464	0.0973	0.2217	0.4378	0.2443	0.1965	0.4734	-0.033	0.1264	0.0705	-0.4821	-0.2503	-0.3571	0.3276	-0.044	0.7655	0.0759	-0.3018	0.5454	0.538	-0.1232	0.0145	0.3177	-0.0885	0.1381	-0.2449	0.0187	-0.1637	0.2907	-0.2231	-0.566	-0.4817	-0.2054	-0.1485	-0.0722	-0.3273	0.4842	0.0441	-0.1743	0.6402	-0.5513	-0.2292	0.3868	0.4352	-0.0166	0.0674	0.288	0.0675	0.1833	-0.0853	-0.4295	0.3496	0.6068	0.3472	0.1957	0.3345	0.3301	-0.025	-0.5266	0.0794	-0.09	-0.5791	-0.2639	-0.3812	0.3742	-0.1308	-0.3831	0.112	0.0736	-0.5702	0.5415	-0.331	-0.5674	-0.616	-0.3473	0.024	-0.4023	-0.0608	-0.3352	-0.3131	0.2608	0.2392	-0.378	0.0478	-0.3423	-0.282	0.4297	-0.2031	0.4747	-0.3723	-0.1681	-0.3555	-0.047	-0.2035	0.1662	0.4179	-0.3037	-0.6984	-0.206	0.496
Sg_B03_38	-0.0279	0.029	-0.0598	-0.1539	-0.076	-0.2161	-0.1163	-0.1951	0.2428	-0.1456	-0.0901	0.071	-0.1478	0.2896	-0.2523	-0.1285	0.3298	-0.0744	-0.1475	-0.1333	0.3533	-0.2919	-0.3458	0.1475	-0.0405	-0.0622	-0.0549	-0.2572	-0.1413	0.0398	-0.3275	-0.0477	-0.3579	0.0551	0.3678	-0.022	0.2149	0.1333	0.0864	-0.1697	-0.0365	0.0809	0.1797	1	0.1105	-0.0707	-0.2449	0.1556	-0.2135	-0.0086	-0.0923	-0.0872	-0.0477	0.1081	-0.0253	0.1526	-0.2424	-0.2946	0.3271	0.2001	-0.0949	0.2589	-0.0258	-0.2225	-0.1307	0.0525	0.1265	0.0402	-0.2057	0.119	0.0807	-0.3015	0.1688	0.2687	0.2742	0.1273	-0.0504	0.1933	0.2437	0.1303	-0.0395	0.2632	-0.0749	0.082	-0.1074	-0.0979	-0.0369	-0.2867	-0.0433	-0.0444	-0.2152	-0.409	0.2934	-0.1862	0.0953	0.0847	-0.1333	0.0927	-0.0497	0.058	-0.3593	0.2075	-0.2025	-0.0593	0.0769	-0.2048	-0.045	0.16	-0.0073	-0.175	-0.2828	-0.0212	-0.3636	0.2779	-0.1797	0.1241	0.19	0.2012	-0.1913	-0.1498	0.2063	0.1151	0.1471	-0.1734	-0.0009	-0.4284	-0.117	0.1364	-0.224	0.2458	0.3918	-0.0961	0.3681	0.0208	0.0353	-0.1055	-0.233	-0.1026	0.0529	-0.3015	0.3077	-0.2021	0.0305	-0.027	0.2138	-0.0135	-0.1628	0.0225	0.0458	-0.0431	-0.1218	-0.2496	-0.2486	0.1079	-0.0562	-0.1597	-0.0614	-0.1762	0.0954	0.011	-0.0096	-0.3801	0.1408	-0.194	-0.1572	0.0085	0.0549	0.2193	-0.4663	0.1671	0.1115	-0.141	0.2532	-0.1079	-0.0183	-0.2047	-0.1412	0.1431	-0.0409	-0.2497	-0.1739	0.0182	-0.1672	-0.0538	0.1248	0.1615	-0.143	0.232	-0.1563	-0.298	-0.015	-0.4489	-0.0537	-0.213	0.0059	0.1895	-0.2396	-0.1419	-0.1823	0.1656	0.0685	0.0045	0.3788	0.1714	0.0575	-0.118	0.1236	0.2161	0.0556	-0.1116	-0.1919	-0.2453	0.0116	0.0402	-0.0821	0.1163	0.1817	0.0351	-0.2138	0.2537	0.3206	0.1408	0.224	0.2011	0.1111	0.2014	0.1776	-0.1807	0.1127	0.2368	0.1947	-0.0525	0.2417	0.2286	-0.0003	-0.0559	0.0953	-0.2263	-0.0117	0.187	-0.1866	-0.0157	0.126	-0.0688	0.0281	0.0877	0.4166	-0.0647	0.2712	0.0917	0.0651	-0.0396	0.1566	0.0631	0.6002	0.116	0.2666	0.0135	0.2292	-0.1488	0.0157	-0.0242	-0.3862	0.0458	-0.3319	-0.1149	0.0865	0.3396	0.0226	0.2584	-0.1305	0.1625	0.1299	-0.008	-0.1111	-0.1865	-0.217	0.1531	0.3157	-0.2325	-0.1752	-0.0186	0.1534	0.2255	0.2224	0.1312	0.0103	-0.2083	-0.189	-0.2731	0.1453	-0.3839	0.0105	-0.1377	0.1471	-0.0087	0.0621	0.2246	-0.2486	-0.0973	-0.0116	-0.0504	-0.4288	-0.1022	-0.4058	0.1915	-0.3976	0.1107	-0.2908	0.0143	0.0087	-0.146	-0.2648	-0.0664	-0.0511	-0.0515	0.0567	-0.1475	0.3191	0.1602	0.1686	-0.1202	0.0864	-0.2657	-0.1335	0.1247	-0.1078	-0.226	-0.1014	0.0476
Sg_B04_2	-0.0509	0.4646	0.0338	-0.0685	0.0647	-0.4596	0.1339	-0.3571	0.2191	0.0378	0.2967	-0.3476	-0.0793	0.1453	-0.3694	0.0585	0.0955	0.4292	-0.145	0.0029	0.1721	-0.1261	-0.2045	0.0526	0.1227	0.2989	-0.1919	-0.2277	-0.3957	-0.2827	-0.1552	-0.1983	-0.1774	0.533	0.2414	-0.367	0.2922	-0.1596	-0.0523	-0.2512	-0.1402	-0.0316	0.0918	0.1105	1	-0.4357	-0.2732	-0.2188	-0.4429	-0.3436	-0.2358	0.0755	-0.2689	0.0856	-0.3164	0.3047	-0.0581	-0.2388	0.1306	0.456	0.2435	0.0101	0.0981	-0.1255	-0.2406	0.0705	0.2713	0.1067	0.1011	0.1006	0.2974	-0.111	0.4671	0.0896	0.2024	0.3569	0.0835	0.3251	0.2718	-0.1078	-0.36	-0.0263	0.3974	0.0853	0.1263	0.0512	-0.0031	0.3022	-0.0547	0.0084	0.089	-0.3182	0.2606	-0.43	-0.3107	-0.2631	-0.0006	0.0536	-0.3122	-0.4047	-0.2952	-0.2688	-0.1088	0.0008	-0.2357	-0.0043	-0.3914	0.2749	-0.3444	-0.4762	-0.2667	-0.2299	-0.2922	0.137	-0.5035	-0.1576	-0.1883	0.0828	-0.1714	-0.4116	-0.0139	0.2953	0.3408	-0.0489	-0.1775	-0.0672	-0.1757	-0.0805	0.0615	-0.0228	0.1157	0.1331	0.0662	0.4659	0.2185	0.1408	-0.0718	-0.38	0.4964	-0.1298	-0.0173	0.2584	0.3153	-0.0809	0.2992	0.1175	0.3026	0.2236	-0.0419	-0.1295	0.1604	-0.3742	0.1972	-0.1965	-0.2073	-0.3663	0.0814	-0.0599	0.4995	-0.271	0.0668	-0.1534	-0.2511	-0.0706	-0.2499	0.0302	-0.0007	-0.2108	-0.4299	0.224	0.4799	-0.1482	0.0715	-0.4447	0.0178	0.2325	-0.0577	-0.2109	-0.0941	-0.3922	-0.2884	-0.2565	-0.028	-0.2316	0.3759	-0.3348	-0.2947	0.0774	0.121	-0.1265	0.3135	-0.2283	-0.2846	0.1979	-0.2515	0.2153	0.3004	0.033	-0.1124	-0.1095	0.287	0.4381	0.2033	0.1238	0.2234	-0.3943	-0.0578	0.0075	0.3416	0.1921	0.1208	-0.2863	-0.1211	0.4803	-0.097	0.2975	0.481	-0.4599	-0.1758	0.2319	0.3017	-0.1011	-0.1361	0.3	0.3849	0.0267	-0.0155	0.3283	0.2201	0.433	0.2736	-0.1842	0.0996	-0.1064	-0.1367	-0.2761	0.1701	-0.154	-0.0391	0.33	-0.3608	-0.3386	0.453	0.4917	-0.1008	0.0444	0.1123	-0.3807	0.0075	-0.1532	0.3891	-0.0032	-0.2034	0.2443	0.1862	0.0426	0.2646	0.109	-0.1091	0.2357	0.3589	-0.1907	0.0826	0.3229	0.2081	0.3309	0.3011	0.2922	-0.3184	-0.1923	-0.0751	0.1635	0.3719	0.3233	-0.0831	-0.1014	0.2275	0.3435	-0.0561	-0.2471	0.0956	-0.1862	0.1157	-0.0687	0.3862	0.0361	-0.014	-0.1688	-0.3618	0.2048	0.3743	-0.0029	0.1549	-0.001	-0.1229	0.4644	0.4007	0.1236	0.3348	0.3008	0.0726	0.2779	-0.3129	0.2078	-0.2477	0.4271	0.0586	0.3967	0.1982	-0.3044	-0.3496	-0.0056	-0.051	0.0137	-0.291	0.0526	-0.1489	-0.3395	0.0102	0.4595	0.2622	0.1124	0.4609	-0.4574	0.2757	0.3787	-0.3555	-0.0953	0.0452	-0.1768
Sg_B07_12	0.0799	-0.2935	-0.0829	-0.0168	-0.1059	0.3387	-0.2016	0.2175	-0.0204	-0.1626	-0.4425	0.3803	-0.2009	-0.3449	0.3709	-0.023	-0.1525	-0.3162	-0.1515	-0.2597	-0.143	-0.0352	0.0768	-0.3245	-0.1496	-0.1254	-0.1524	0.1612	0.4571	0.3114	-0.0433	0.1811	-0.0664	-0.4464	-0.1736	0.3617	-0.3788	0.1594	-0.1834	0.261	0.3256	0.1204	0.0704	-0.0707	-0.4357	1	0.2026	0.1152	0.4484	0.3662	0.2921	-0.1288	0.3995	-0.283	0.4196	-0.2439	-0.1488	-0.0767	-0.0826	-0.3192	-0.0952	0.2355	0.0248	-0.0576	-0.097	-0.0112	-0.3349	0.0226	-0.1376	-0.3151	-0.0585	-0.1061	-0.4279	-0.0548	-0.1027	-0.045	-0.0415	-0.4213	-0.0385	0.0664	0.5492	0.1129	-0.3556	-0.0828	-0.0128	-0.0023	-0.2581	-0.2599	-0.0982	-0.1152	-0.1727	0.2429	-0.2272	0.5627	0.5032	0.5177	-0.123	0.1491	0.3583	0.3965	0.4083	0.3142	0.0813	-0.0245	0.2366	-0.2309	0.3488	-0.109	0.373	0.4255	0.3187	0.1112	0.1807	0.097	0.4699	0.1693	0.1389	0.0769	0.2269	0.3904	0.1859	-0.3379	-0.3639	-0.202	0.1468	-0.185	0.0514	0.1494	0.1298	0.0915	-0.2123	-0.1919	-0.0299	-0.4503	-0.3515	0.2221	-0.1166	0.457	-0.3315	-0.0095	-0.0371	-0.1042	-0.2191	-0.1759	-0.1745	-0.4117	-0.1982	-0.3126	-0.2501	-0.1544	-0.0292	0.4456	-0.1905	0.0733	0.2334	0.5407	0.0249	-0.2683	-0.1784	0.1103	-0.1814	-0.1467	-0.0205	0.1024	0.4196	-0.1902	-0.0228	-0.0135	0.5005	-0.3612	-0.0517	-0.0919	-0.0844	0.5507	-0.2127	0.0468	0.2582	0.0506	0.457	0.5484	0.4526	0.083	0.0752	0.1473	-0.1165	0.3438	0.3616	-0.1653	-0.0887	-0.1901	0.065	0.1226	0.4311	-0.1515	0.0967	-0.146	-0.0688	-0.1005	-0.1995	0.0524	-0.4009	-0.431	-0.1673	-0.1427	-0.1827	0.3745	-0.0164	-0.1421	-0.2859	-0.1748	-0.1078	-0.0344	0.0696	-0.4399	-0.1311	-0.199	-0.4324	0.4623	-0.0119	-0.098	-0.3135	0.1123	0.0968	-0.307	-0.0574	-0.0737	0.0963	-0.1815	-0.2702	-0.3251	-0.2837	0.0848	-0.1589	0.0781	0.311	0.3431	-0.0248	-0.1801	-0.0043	-0.0042	0.4421	0.5131	-0.3616	-0.1169	0.1326	0.1165	-0.1698	0.4585	-0.0137	0.152	-0.2804	0.0656	0.216	-0.1362	-0.3056	-0.0114	-0.3237	-0.0973	0.3673	-0.0677	-0.3712	0.0889	0.1145	-0.3514	-0.0989	-0.3868	0.0349	-0.2433	0.4713	0.1946	-0.1341	-0.2318	-0.0708	0.1215	-0.1948	0.0538	-0.1369	-0.0874	0.0419	0.3764	-0.1452	0.1298	0.003	0.0751	-0.2821	-0.0852	0.1172	-0.1925	0.3799	-0.1399	-0.2008	0.001	-0.1649	-0.0956	0.143	-0.4673	-0.3474	-0.2778	-0.1757	-0.3158	0.1026	-0.1797	0.0302	-0.2683	-0.065	-0.2072	-0.1738	-0.1557	-0.1008	0.4257	0.2209	0.0887	0.0227	0.0331	0.3043	0.0664	0.4233	0.4465	0.0635	-0.4193	-0.3498	-0.2804	-0.4764	0.6317	-0.1189	0.0446	0.4519	-0.1103	-0.1095	0.4352
Sg_B07_38	-0.0533	-0.2118	0.2936	0.4015	0.4925	0.5634	0.2827	0.6472	-0.0287	0.2786	0.0408	-0.2966	-0.1332	-0.2854	0.3293	0.2245	-0.032	-0.2262	0.0156	-0.1098	-0.3127	0.2201	0.526	-0.063	0.3544	-0.2436	0.1388	0.4769	-0.1368	-0.2615	0.5474	0.2026	0.456	0.0396	-0.266	-0.2606	0.0698	-0.5013	0.1682	0.3933	0.0003	0.0361	-0.5046	-0.2449	-0.2732	0.2026	1	-0.3542	0.6587	0.5011	0.5419	0.2042	0.3016	0.1377	0.4459	-0.0636	0.3615	0.5345	-0.2614	-0.1474	-0.1898	-0.2885	-0.29	0.3883	0.1213	-0.2614	-0.2778	-0.3436	0.2392	0.3603	-0.5218	-0.0507	-0.2941	-0.1892	-0.3937	-0.5467	0.1659	0.0338	-0.3036	-0.0719	0.4461	-0.1227	-0.016	-0.0455	-0.0655	0.3505	0.2471	-0.1042	0.1171	-0.2103	0.1407	0.2529	-0.16	0.4036	-0.2818	0.1028	-0.0308	0.013	0.5702	0.3532	0.377	0.2039	0.4949	-0.2192	-0.3767	-0.0838	0.603	-0.1413	-0.0764	0.2386	0.7146	-0.0128	0.2658	-0.5251	0.5805	-0.3245	-0.0924	-0.4128	0.2852	0.5507	-0.2699	-0.2478	0.0486	0.0711	-0.1883	0.3271	-0.0321	-0.2539	-0.1746	-0.4329	-0.2865	0.3703	-0.344	-0.1912	-0.1272	-0.3179	-0.0513	0.4862	-0.0286	0.5359	-0.3122	0.0485	-0.0009	-0.0499	0.0041	0.0859	-0.0997	-0.2598	0.1919	-0.082	-0.1825	0.493	0.0331	-0.1242	0.1802	0.1557	0.2337	-0.0599	-0.4711	-0.3444	-0.0217	0.2767	-0.2491	0.4459	0.2532	-0.1785	-0.3421	-0.278	0.5129	0.0619	-0.4704	-0.0693	-0.3788	0.4967	-0.1231	-0.0861	-0.2289	0.302	0.0971	0.1406	0.4075	-0.1345	0.2039	0.3951	-0.5286	0.038	-0.0827	-0.2993	0.062	0.13	-0.4233	0.4074	0.0946	-0.1596	-0.03	-0.2684	-0.0671	0.2667	0.0209	-0.4816	-0.3374	0.0269	-0.2616	0.1341	-0.3545	0.2528	0.1927	-0.0417	-0.1933	0.2729	0.0719	-0.0018	0.0266	0.0455	-0.0864	0.1267	-0.0533	0.4173	0.4792	-0.3796	-0.3537	-0.1535	-0.2997	-0.1314	-0.5088	-0.4773	-0.3421	-0.1597	-0.0479	-0.3963	-0.3512	-0.1507	-0.221	-0.184	0.0588	0.0664	-0.2802	0.0772	0.0157	-0.2207	0.5258	0.4527	-0.0904	-0.318	-0.0177	-0.449	-0.2114	0.4325	-0.446	-0.0976	0.0628	-0.3802	-0.4555	0.0733	-0.0529	0.1233	-0.2632	-0.0386	-0.2324	0.1499	0.1566	0.2324	0.2288	0.0648	0.0455	0.1535	-0.3523	-0.0501	0.4605	-0.2719	0.3266	-0.0571	-0.2715	-0.357	-0.0502	0.202	-0.1787	-0.137	-0.1082	0.3058	0.2656	0.0204	-0.4202	-0.5227	-0.2634	-0.253	-0.0928	-0.0034	0.6807	0.0275	-0.0037	0.3444	0.2297	0.2521	-0.4483	-0.0283	0.0068	-0.259	-0.0751	0.179	-0.3026	0.1816	0.4844	0.2347	0.2997	-0.0612	0.3091	-0.1052	0.2146	0.3823	-0.2932	0.0323	0.3787	0.1769	0.2718	0.1936	-0.1395	0.3402	-0.2248	0.0145	-0.1166	0.0686	-0.0689	0.4326	-0.1193	-0.3093	0.4277	0.4784	0.1276	-0.0924
Sg_B07_50	0.3296	-0.2502	-0.2586	-0.3062	-0.3639	-0.3312	-0.3227	-0.4641	-0.3606	-0.372	-0.3787	0.1674	0.0654	0.1381	-0.168	-0.298	0.0716	-0.1332	0.0933	0.0144	0.073	-0.3633	-0.4861	-0.2437	-0.483	0.312	-0.0689	-0.2255	0.3138	0.2988	-0.3337	0.1293	-0.4177	-0.5311	0.0456	0.2836	-0.3551	0.2073	-0.2302	-0.3195	-0.0806	0.2397	0.6563	0.1556	-0.2188	0.1152	-0.3542	1	-0.1736	-0.1987	-0.3119	-0.3904	-0.2861	-0.4253	-0.3553	-0.3147	-0.3773	-0.3151	0.0918	-0.1977	0.0195	0.4916	0.0767	-0.3432	-0.0481	0.4428	-0.2681	0.6001	-0.4048	-0.3242	0.3699	0.0634	0.1479	0.3874	0.313	0.2925	-0.1042	-0.4415	0.2318	0.5862	-0.0452	0.5104	-0.409	0.2735	0.0221	-0.1188	-0.1851	0.0297	0.1213	0.4919	-0.1662	-0.103	-0.1412	0.0029	0.3113	0.1636	0.208	0.4055	-0.3216	0.0535	-0.1408	0.0522	-0.5018	0.5284	0.179	0.0505	-0.1882	0.2261	0.6714	-0.1313	-0.4541	0.1323	-0.323	0.6545	-0.2277	0.1153	0.6557	0.721	-0.3213	-0.3435	0.7518	-0.3465	-0.4851	-0.0231	0.5922	-0.5116	0.3041	0.707	0.3731	0.7851	0.1163	-0.6053	0.0553	-0.324	0.1218	0.3425	0.0346	-0.2895	-0.2127	-0.5634	0.5652	0.0354	-0.5011	0.1389	-0.0305	-0.4602	-0.0314	0.0579	-0.259	0.1891	0.063	-0.3901	-0.1147	0.1914	0.072	0.0295	-0.1909	-0.0073	0.3204	0.1049	0.0675	-0.1305	0.2985	-0.3061	0.1016	-0.0155	0.4202	0.42	-0.19	-0.0337	0.1898	0.2128	0.4415	-0.1677	0.1792	0.0902	0.5749	-0.1155	0.1377	0.0872	-0.1516	0.4098	-0.0621	-0.4519	0.3765	0.1212	0.6624	0.2699	-0.4698	-0.0483	0.1411	-0.2027	0.2745	0.0039	0.5301	-0.0384	-0.0538	-0.4438	-0.0204	0.2643	0.0819	-0.4747	0.2045	-0.1722	0.3469	0.2804	-0.3015	-0.1546	0.0161	-0.5629	-0.1364	0.1217	0.4753	-0.5328	0.1196	-0.3312	-0.4177	-0.0706	-0.3894	0.3052	0.0507	0.3644	0.7025	-0.2195	0.3147	0.685	0.755	-0.0298	-0.2088	-0.0223	-0.0646	0.043	0.1594	0.534	0.1874	0.1526	0.3518	0.1011	0.3941	-0.1045	-0.3784	-0.1053	-0.4481	0.0139	-0.1275	0.6584	0.022	-0.1864	0.7327	0.5432	-0.2524	-0.1631	0.1187	-0.2425	0.2015	-0.2274	-0.0418	-0.1387	0.2531	-0.3194	-0.6076	-0.3567	-0.1752	-0.2935	-0.1104	-0.4439	0.2622	-0.145	-0.0444	0.7983	-0.4549	-0.2524	0.2659	0.1978	0.0288	0.1001	0.0915	-0.1344	0.2284	-0.1639	-0.3911	0.527	0.4713	0.1132	0.0321	0.3156	0.1395	0.0397	-0.356	-0.035	-0.183	-0.4768	-0.3165	-0.2495	0.1484	-0.2186	-0.4181	0.1209	-0.084	-0.5803	0.3649	-0.3581	-0.4537	-0.5151	-0.1549	-0.2221	-0.4455	-0.238	-0.4454	-0.3058	0.1796	0.2855	-0.3073	0.1015	-0.1927	-0.3911	0.4373	-0.1696	0.5905	-0.4358	-0.2868	-0.4518	-0.2311	-0.138	0.0176	0.2155	-0.2594	-0.447	-0.2098	0.4201
Sg_B07_53	-0.0872	-0.3676	0.2358	0.0631	0.1084	0.734	0.0303	0.6497	-0.0951	0.178	-0.1837	0.0934	-0.1465	-0.2777	0.4535	0.1358	-0.0997	-0.2711	-0.0392	-0.1288	-0.1885	0.0075	0.3392	-0.0744	0.0883	-0.3282	0.0814	0.268	0.1287	0.0717	0.374	0.1454	0.329	-0.237	-0.1705	0.0055	-0.0686	-0.2002	0.0278	0.5004	0.2307	0.0093	-0.3975	-0.2135	-0.4429	0.4484	0.6587	-0.1736	1	0.6318	0.6024	0.0147	0.4599	-0.0261	0.6455	-0.0276	0.131	0.389	-0.1504	-0.1738	-0.312	-0.1451	-0.1906	0.2001	0.082	-0.1996	-0.1608	-0.2304	0.0936	0.0531	-0.3535	-0.0067	-0.4242	-0.1776	-0.3332	-0.3971	0.1785	-0.1105	-0.3548	0.0135	0.6484	-0.0696	-0.1382	0.0059	-0.008	0.1191	0.1037	-0.4461	0.0119	-0.1971	-0.004	0.2661	-0.2209	0.4859	0.0202	0.4192	0.017	-0.2445	0.6575	0.3906	0.3494	0.4274	0.3314	-0.2058	-0.047	-0.1225	0.6019	-0.3641	0.0599	0.4753	0.5545	-0.0171	0.3706	-0.3064	0.7981	-0.1223	0.0497	-0.2082	0.531	0.7029	-0.1872	-0.1343	-0.0697	-0.0526	-0.2167	0.2218	0.1585	-0.1945	-0.221	-0.3748	-0.1605	0.1365	-0.3041	-0.3719	-0.2279	-0.1773	-0.1052	0.6714	-0.1728	0.37	-0.2313	-0.2995	-0.169	-0.0862	-0.2377	-0.0415	-0.3774	-0.3068	-0.0026	-0.0787	-0.2394	0.7354	-0.3381	-0.0116	0.1815	0.4009	0.0514	-0.0933	-0.4497	-0.127	0.0448	0.1459	-0.0769	0.3089	0.1547	-0.1455	-0.2453	-0.1963	0.5626	-0.0257	-0.3207	-0.1052	-0.3078	0.7605	-0.2976	-0.1123	-0.0772	0.225	0.0782	0.3152	0.4726	-0.0204	0.0523	0.3925	-0.3656	0.2924	0.0555	-0.2207	-0.0447	0.0725	-0.224	0.1939	0.2803	-0.3691	-0.0132	-0.2324	-0.2724	-0.018	-0.0776	-0.2013	-0.4017	-0.248	-0.196	-0.0063	-0.3766	0.3203	0.1999	0.0259	-0.3364	0.1491	-0.0045	-0.043	-0.0642	-0.2425	-0.0926	-0.1942	-0.3215	0.6829	0.2258	-0.4	-0.2443	-0.0733	-0.1308	-0.1651	-0.3438	-0.3342	-0.1914	-0.3341	-0.1241	-0.436	-0.1941	0.0937	-0.1271	-0.0856	0.0347	0.1944	-0.34	-0.0017	0.0036	-0.1899	0.7215	0.6606	-0.295	-0.3931	0.1955	-0.2743	-0.2571	0.696	-0.2772	0.0635	-0.0612	-0.2075	-0.126	-0.1177	-0.1758	-0.0595	-0.1258	-0.0436	0.0763	-0.0222	-0.1259	0.1368	0.0504	-0.0646	-0.194	-0.1749	-0.2162	-0.08	0.6787	-0.0863	0.1806	-0.0563	-0.4092	-0.2163	-0.0841	0.1041	-0.3412	-0.187	-0.0808	0.4905	0.0581	0.0396	-0.1909	-0.244	-0.3968	-0.3148	-0.1446	-0.088	0.5779	-0.352	-0.1823	0.1462	0.043	0.1628	-0.1831	-0.2554	-0.2152	-0.0352	-0.3303	-0.0588	-0.2269	0.0156	0.4577	0.0056	0.2206	-0.1756	-0.0915	-0.2621	-0.0516	0.5922	0.0398	-0.1964	0.0422	-0.083	0.5249	0.151	0.0731	0.4904	-0.0658	-0.248	-0.0302	0.0151	-0.3379	0.5939	-0.3062	-0.1325	0.6828	0.1927	0.0056	0.0422
Sg_B07_62	-0.073	-0.3522	0.0862	0.2247	0.2291	0.6108	0.0623	0.7235	-0.0589	0.0872	-0.265	-0.0065	-0.2398	-0.4014	0.3362	0.0423	-0.0024	-0.1671	-0.1416	-0.2332	-0.0786	0.0342	0.3167	-0.1338	0.1644	-0.259	-0.1552	0.3649	0.0194	-0.0555	0.3025	0.2296	0.2712	-0.1264	-0.069	-0.045	-0.0868	-0.2065	-0.0401	0.4705	0.2111	0.2769	-0.3649	-0.0086	-0.3436	0.3662	0.5011	-0.1987	0.6318	1	0.597	0.0629	0.4626	-0.1265	0.6396	0.0596	0.1678	0.3308	-0.1963	-0.1473	-0.4237	-0.1201	-0.273	0.1071	0.0904	-0.3432	-0.0921	-0.2204	-0.0131	0.0854	-0.2524	-0.1707	-0.5327	-0.0752	-0.21	-0.3632	0.1133	-0.1348	-0.3144	-0.0425	0.7034	-0.23	-0.2505	0.0569	-0.0154	0.1154	-0.0372	-0.3738	0.1004	-0.3374	0.1158	0.3388	-0.0649	0.4516	-0.0515	0.3186	-0.0734	-0.0324	0.6734	0.3952	0.5527	0.4788	0.4323	-0.1688	-0.1105	-0.2331	0.7354	-0.0907	0.093	0.3719	0.6161	-0.0123	0.4046	-0.267	0.6538	-0.1517	-0.0939	-0.2386	0.425	0.7216	-0.1525	-0.0547	-0.1125	-0.129	-0.1393	0.0309	0.1297	-0.2244	-0.0952	-0.2757	0.0278	0.2111	-0.1536	-0.4168	-0.1074	-0.0344	-0.1835	0.5942	-0.2388	0.3326	-0.1838	-0.3065	-0.1393	-0.1787	-0.0694	-0.1179	-0.4143	-0.5003	-0.1042	-0.1935	-0.3425	0.6335	-0.2574	-0.2125	0.1769	0.3728	0.3076	-0.2145	-0.2299	-0.0583	-0.1447	0.0313	-0.2622	0.4037	0.1489	-0.32	-0.2794	-0.1682	0.4818	-0.0807	-0.1956	-0.171	-0.1502	0.5988	-0.162	-0.1364	-0.0825	0.2672	0.0843	0.1261	0.1956	-0.0809	0.0307	0.4711	-0.3275	0.1465	-0.1147	-0.211	0.0218	-0.0515	-0.2023	0.2684	0.3	-0.519	0.111	0.0449	-0.3111	0.0188	-0.15	-0.2579	-0.496	-0.2013	-0.0985	-0.0351	-0.4542	0.3073	0.0315	0.1993	-0.2359	0.1454	-0.1663	-0.0387	-0.0351	-0.1938	-0.1571	-0.2738	-0.165	0.48	0.2971	-0.2834	-0.2217	0.1022	-0.1265	-0.0824	-0.3188	-0.2592	-0.2253	-0.4333	-0.1047	-0.3555	-0.1977	-0.0564	0.0676	0.0892	0.0889	0.0655	-0.2362	-0.0968	0.1182	-0.0363	0.655	0.5972	-0.2955	-0.2212	0.2331	-0.2221	-0.1091	0.5919	-0.4098	-0.0021	-0.025	-0.128	-0.1271	0.0167	-0.0815	0.041	0.017	0.0867	0.0375	-0.0275	-0.0465	0.3149	0.2054	-0.091	-0.2795	-0.2236	-0.0311	0.0282	0.6886	-0.1368	0.2291	0.2179	-0.2698	-0.1093	-0.1569	-0.1207	-0.4124	-0.2268	0.15	0.4604	0.2097	0.0364	-0.2281	-0.2127	-0.3405	-0.0809	-0.0819	-0.1938	0.6342	-0.2187	-0.2644	0.1375	0.0951	0.1625	-0.174	-0.1979	-0.2055	0.1016	-0.3979	0.03	-0.2292	0.0177	0.2712	0.0414	0.2751	0.0482	-0.0436	-0.2174	-0.0829	0.5846	-0.0734	-0.1244	0.2559	0.1373	0.516	0.2314	0.0501	0.472	-0.0962	-0.2312	0.1034	0.0802	-0.3806	0.5952	-0.3888	-0.0964	0.6172	0.2438	-0.0015	0.0251
Sg_B08_36	-0.3396	-0.0457	0.3207	0.2736	0.1655	0.6408	0.1609	0.676	0.2519	0.0564	-0.0881	-0.1643	-0.3045	-0.0629	0.2401	0.0792	-0.0683	-0.0352	-0.261	-0.2534	-0.0671	0.1251	0.3282	-0.1894	0.3741	-0.1692	0.0522	0.3082	-0.1165	-0.234	0.3081	0.0396	0.2903	0.0633	0.0546	-0.1957	0.1409	-0.3091	0.012	0.4504	0.2265	0.1743	-0.5028	-0.0923	-0.2358	0.2921	0.5419	-0.3119	0.6024	0.597	1	0.1487	0.5509	0.051	0.6702	0.1786	0.2871	0.3107	-0.2218	0.0484	-0.4358	-0.3478	-0.1445	0.2936	-0.124	-0.3331	-0.1676	-0.2266	0.198	0.2537	-0.4423	-0.1557	-0.3433	-0.2711	-0.3008	-0.3923	0.2913	0.0321	-0.3623	-0.0093	0.4924	-0.1054	0.0954	0.0321	-0.1854	0.1869	0.0467	-0.4486	0.0829	-0.5192	0.0779	0.0501	0.134	0.3355	-0.1679	0.3017	0.1708	-0.204	0.7775	0.2699	0.2397	0.5254	0.5519	-0.2015	-0.2174	-0.3049	0.4675	-0.1345	-0.0468	0.3655	0.4432	-0.1886	0.2448	-0.4169	0.499	-0.1347	-0.1023	-0.3331	0.4378	0.6855	-0.3224	-0.1018	0.0193	-0.2559	-0.3492	0.1609	-0.0765	-0.4384	-0.2195	-0.3167	-0.0507	0.3634	-0.2645	-0.1589	0.1257	-0.2281	-0.3106	0.6151	0.0419	0.4181	-0.3151	-0.3557	0.2023	-0.2733	0.0795	0.0234	-0.3337	-0.2588	0.0043	-0.2604	-0.3753	0.6388	-0.2905	-0.0509	0.1798	0.2835	0.3253	-0.2985	-0.3524	-0.2401	0.0937	-0.1539	-0.3452	0.398	0.1817	-0.0591	-0.2623	-0.2905	0.364	0.149	-0.3221	-0.2925	-0.3033	0.616	-0.2884	-0.2485	-0.3029	0.1237	0.2568	0.0361	0.3466	-0.2308	0.0922	0.3933	-0.4405	0.2234	-0.1836	-0.041	0.3068	-0.1859	-0.2323	0.17	-0.0008	-0.3895	-0.0463	0.03	-0.3327	0.2463	-0.2943	-0.3227	-0.3645	0.1382	-0.0597	-0.0146	-0.4404	0.0953	0.114	0.0694	-0.0813	0.3679	-0.0505	-0.2538	0.081	0.1625	-0.2374	-0.0133	0.0943	0.6322	0.3789	-0.1461	-0.0341	-0.1135	-0.1959	0.0252	-0.4432	-0.2874	-0.3636	-0.343	0.0781	-0.1656	-0.2584	-0.2472	-0.0252	-0.0378	0.0937	0.1029	-0.3241	-0.2592	0.0398	0.1483	0.6685	0.7155	0.0588	-0.3908	0.0379	-0.4292	-0.0008	0.6503	-0.3535	-0.1647	0.3206	-0.1461	-0.2213	0.3332	-0.1372	0.1994	-0.0724	0.0312	-0.1426	0.1168	0.2704	0.1763	0.1175	0.0178	-0.2534	0.0334	-0.3597	0.1695	0.4359	-0.2187	0.3344	0.1102	-0.219	-0.2525	-0.2326	-0.1577	-0.4038	0.0856	-0.0329	0.2847	0.2646	-0.0603	-0.3338	-0.2402	-0.2118	-0.1355	-0.0815	-0.2953	0.5486	-0.3287	0.0118	0.2172	0.2689	0.3371	-0.2449	-0.0854	0.1422	0.0052	-0.3443	0.3174	-0.3111	0.2185	0.2941	0.256	-0.0033	0.198	0.0669	0.0436	-0.0532	0.6382	-0.2323	-0.1098	0.1548	-0.163	0.5697	0.2543	-0.0498	0.4898	-0.2475	0.0693	0.1764	0.2853	-0.0866	0.4426	-0.3884	-0.2509	0.6945	0.3613	0.157	0.0227
Sg_B14_1	-0.1714	0.1849	0.3774	0.1131	0.1478	0.0428	0.6643	0.1776	0.2788	0.2311	0.3147	-0.2754	0.0317	0.1505	-0.1629	0.0776	-0.0089	0.1752	0.1509	0.1254	-0.0448	0.147	0.2124	0.4555	0.169	-0.423	0.1625	-0.2246	-0.176	-0.1336	0.281	-0.0645	0.3627	0.3569	0.054	-0.1543	0.4317	-0.1692	0.5351	-0.0791	-0.1302	-0.1602	-0.3484	-0.0872	0.0755	-0.1288	0.2042	-0.3904	0.0147	0.0629	0.1487	1	0.0787	0.3424	-0.018	0.3631	0.3319	0.1906	-0.0438	0.1438	0.1794	-0.3548	-0.3146	0.2392	0.038	-0.1502	0.0798	-0.3842	0.553	0.5093	-0.3241	0.063	0.2407	-0.2003	-0.1236	-0.3339	0.1804	0.4044	-0.2567	-0.0786	-0.1064	-0.1189	0.3181	-0.2448	-0.2211	0.1177	0.2849	-0.2238	0.063	-0.1901	-0.0463	-0.278	0.3138	-0.2148	-0.049	-0.195	0.0611	-0.219	-0.0426	0.0985	-0.2755	-0.0769	0.0723	-0.4858	-0.1679	0.1324	0.0398	-0.3193	-0.4614	-0.0378	0.06	-0.0252	-0.0948	-0.3776	-0.0538	-0.1782	-0.2176	-0.4247	0.0499	-0.0654	-0.368	0.1156	0.4175	0.0925	-0.358	0.2438	-0.2176	-0.3648	-0.3334	-0.3285	-0.1184	0.3265	-0.1385	0.3959	-0.0685	-0.4464	-0.0162	-0.0435	0.1412	0.3606	-0.3385	0.0321	0.3321	0.0642	0.0205	0.3953	0.1058	0.2253	0.3499	0.1122	0.1836	0.0198	0.0878	0.0723	-0.2938	-0.3224	0.0441	0.1783	-0.3664	-0.1466	0.0517	0.045	-0.1225	0.2142	-0.2388	0.222	-0.228	-0.1976	-0.156	0.1785	-0.3351	0.0466	-0.4137	-0.0433	-0.2436	0.01	-0.36	-0.0753	-0.1882	-0.2888	0.0202	-0.4387	-0.0101	0.2973	-0.3314	-0.0637	-0.3263	0.0035	0.2001	0.138	-0.4178	-0.0394	-0.4032	0.1086	-0.2763	0.11	-0.001	0.2695	0.1125	-0.2001	0.2419	0.3917	-0.1348	0.6453	-0.3974	-0.4753	0.2417	0.1279	-0.167	0.2576	-0.0005	-0.0197	-0.1224	0.3767	0.0534	0.3668	0.2714	-0.154	0.1414	-0.1623	0.0128	-0.1994	-0.3405	0.3146	-0.2832	-0.287	-0.4435	0.111	0.3086	0.0831	0.2717	-0.0671	-0.0722	-0.3315	-0.3672	-0.0736	-0.2765	0.0949	-0.3154	0.0378	0.1087	-0.1933	0.4558	-0.1978	0.0132	-0.3753	0.0735	-0.2062	-0.3642	-0.3521	0.1932	-0.0473	-0.0061	0.1254	-0.1197	0.4133	0.0289	0.1255	-0.0203	0.1393	0.448	0.2558	-0.1355	0.5223	0.0749	0.4525	-0.3453	0.2189	-0.152	-0.2695	0.2643	0.2335	-0.3711	-0.2826	0.0234	0.0023	0.1131	0.0946	-0.2131	-0.2779	0.253	-0.2983	-0.2894	-0.1433	0.1496	-0.1655	0.0035	-0.0525	-0.0136	-0.0562	0.3159	0.1811	0.5676	0.19	-0.1267	0.181	0.3384	-0.1039	0.0614	0.3159	-0.5974	0.3849	0.1458	0.2516	0.0073	-0.0598	0.1366	0.3002	0.033	-0.0538	-0.114	-0.302	0.2756	-0.2598	-0.1178	0.438	-0.5246	-0.0681	-0.1591	0.4102	0.1254	0.1832	0.3765	-0.2049	0.1166	-0.3027	-0.0859	0.3599	-0.0227	-0.3118
Sg_B14_13	-0.1379	-0.3261	0.1846	0.2138	0.0758	0.5089	0.1179	0.5763	0.1011	-0.08	-0.2297	-0.0771	-0.2881	-0.2109	0.2691	-0.086	-0.0863	0.043	-0.2699	-0.2394	0.0049	0.2275	0.3694	-0.1986	0.3237	-0.1492	-0.0117	0.3655	-0.0536	-0.1925	0.2163	0.3078	0.3242	-0.0909	0.0213	-0.1445	-0.1541	-0.1917	-0.0176	0.6288	0.2771	0.0497	-0.3324	-0.0477	-0.2689	0.3995	0.3016	-0.2861	0.4599	0.4626	0.5509	0.0787	1	0.0436	0.591	0.012	0.1754	0.1592	-0.0169	-0.1263	-0.2232	-0.3537	-0.0575	0.2174	-0.1958	-0.1642	-0.1045	-0.1383	0.1518	0.0093	-0.3702	-0.0529	-0.3683	-0.3226	-0.1883	-0.2477	0.011	-0.0555	-0.2388	-0.0456	0.5919	-0.1712	0.0338	0.0844	-0.0765	0.0872	-0.0593	-0.2184	-0.0042	-0.3758	0.16	0.2296	0.0046	0.4737	-0.2091	0.4208	0.0056	-0.1647	0.5952	0.2921	0.2839	0.3939	0.4449	-0.2957	-0.1814	-0.2964	0.5157	-0.0315	0.0511	0.348	0.4178	0.1637	0.0913	-0.2844	0.4359	-0.0521	-0.1509	-0.3584	0.5482	0.5549	-0.1907	0.0282	-0.0572	-0.2371	-0.2387	0.1495	-0.1822	-0.2431	-0.0651	-0.3371	-0.0485	0.2482	-0.0311	-0.1294	-0.144	-0.1447	-0.2606	0.4788	-0.1928	0.4046	-0.1462	-0.2141	0.0353	-0.235	0.0354	-0.0196	-0.203	-0.27	0.0382	-0.2742	-0.1393	0.6785	-0.1533	0.1527	0.2905	0.3983	0.1268	-0.3281	-0.3145	-0.1976	-0.0137	-0.0947	-0.0157	0.1462	0.1719	-0.0323	-0.0996	-0.0058	0.339	-0.0959	-0.323	-0.2704	-0.2664	0.6151	-0.1688	-0.244	-0.1277	0.0967	0.3396	0.1226	0.3085	-0.0621	0.1708	0.4717	-0.4283	0.3595	-0.1489	-0.2313	0.2021	-0.1706	-0.2238	0.2481	0.1403	-0.1327	-0.072	-0.159	-0.1916	0.1665	-0.2591	-0.2606	-0.2726	-0.0764	-0.1475	-0.0719	-0.288	0.1599	-0.0359	0.0891	-0.1114	0.2561	-0.2047	-0.1427	-0.0001	-0.074	-0.2619	-0.0408	-0.058	0.5908	0.277	-0.1022	-0.0881	0.0175	-0.2137	-0.0771	-0.3615	-0.2415	-0.2832	-0.1362	-0.0807	-0.2844	-0.1359	-0.3349	-0.0346	-0.193	0.1773	0.1299	-0.1133	-0.2115	-0.0148	0.1241	0.695	0.5873	-0.1047	-0.3192	0.1505	-0.2836	-0.0576	0.6768	-0.2672	-0.1425	0.0036	-0.1703	-0.2076	0.1109	-0.2158	0.1038	-0.044	0.1678	-0.205	-0.0767	0.0373	0.2585	0.0835	-0.1153	-0.1025	-0.2066	-0.3572	0.0049	0.53	-0.1232	0.1554	-0.0505	-0.1966	-0.1861	-0.2046	-0.2461	-0.16	0.056	0.1923	0.3993	0.2871	-0.1216	-0.2565	-0.1124	-0.3569	-0.271	0.083	-0.2313	0.4598	-0.2107	-0.1496	0.2609	0.1189	0.1617	-0.1754	-0.1574	-0.0083	-0.0717	-0.1195	0.1035	-0.2202	0.0232	0.2417	0.1326	-0.0157	0.1188	0.0421	-0.0726	0.0587	0.5844	-0.2697	-0.0554	0.0982	0.0204	0.6553	0.2228	0.1191	0.5898	-0.1286	-0.1612	0.0236	0.0898	-0.3151	0.5024	-0.1959	-0.2454	0.5135	0.2052	0.1328	0.1352
Sg_B15_22	-0.4302	0.2572	0.4711	0.2062	0.2305	0.1314	0.3318	0.1755	0.4035	0.466	0.4462	-0.1267	-0.0721	0.2383	-0.1268	0.2081	0.1345	0.1698	-0.0491	0.06	0.1353	0.2608	0.2933	0.5681	0.1964	-0.2794	0.2921	-0.0104	-0.3918	-0.1522	0.2565	0.068	0.3568	0.4325	0.1701	-0.2629	0.4303	-0.1735	0.4011	0.0366	-0.1599	-0.294	-0.3963	0.1081	0.0856	-0.283	0.1377	-0.4253	-0.0261	-0.1265	0.051	0.3424	0.0436	1	0.0722	0.3504	0.3098	0.2546	-0.1551	0.1718	0.0291	-0.262	-0.1859	0.1748	0.0153	-0.2323	0.249	-0.3465	0.3767	0.4474	-0.3658	0.0315	0.1422	-0.2776	-0.2542	-0.1845	0.2092	0.8434	-0.0968	-0.1927	-0.1952	-0.1848	0.4216	-0.1185	-0.1173	-0.0756	0.3885	-0.086	0.0144	-0.251	0.059	-0.0988	0.1734	-0.4256	-0.1948	-0.3069	-0.0235	-0.3849	0.0438	-0.2351	-0.2204	-0.1998	0.1758	-0.3526	-0.138	0.0348	-0.0812	-0.3454	-0.4888	0.0446	0.0921	-0.005	0.0619	-0.4396	-0.0375	-0.1219	-0.3468	-0.6105	0.0117	-0.0223	-0.5331	0.2572	0.8071	-0.0463	-0.5145	0.3856	-0.1965	-0.4305	-0.2785	-0.5185	-0.1376	0.5232	-0.1642	0.5282	0.0516	-0.5366	0.0107	0.0554	0.2032	0.3841	-0.4058	-0.127	0.4438	0.0912	0.1289	0.776	0.0223	0.2457	0.4071	-0.0049	0.0126	0.0663	0.1266	0.1207	-0.2498	-0.3584	0.0587	-0.0042	-0.2479	-0.0379	-0.0082	-0.075	-0.0368	0.0643	-0.3897	0.2511	-0.1911	-0.2377	-0.1423	0.2797	-0.2887	-0.1021	-0.4169	-0.0452	-0.0595	-0.2219	-0.5142	0.162	-0.3424	-0.2797	0.1572	-0.0845	-0.118	0.2967	-0.3011	-0.2303	-0.4842	-0.113	0.3269	-0.0858	-0.3198	-0.0088	-0.5236	0.0745	-0.4473	-0.2206	0.0003	0.2552	0.0058	-0.1017	0.183	0.4441	0.1627	0.3709	-0.0975	-0.4248	0.6513	0.1417	0.1582	0.377	0.128	-0.0796	-0.2667	0.4583	-0.0038	0.4061	0.3871	-0.1265	0.3236	-0.1491	0.0596	-0.2639	-0.4866	0.3696	-0.2859	-0.4553	-0.4825	0.0537	0.3344	0.2348	0.2304	0.0319	-0.1292	-0.3837	-0.4149	-0.2798	-0.1758	-0.0729	-0.3927	0.0665	0.0829	-0.1039	0.4363	-0.2166	-0.1049	-0.5621	-0.1146	-0.0414	-0.3926	-0.5088	0.1374	0.1874	-0.0469	0.3194	0.0062	0.1124	-0.0622	0.129	-0.0221	0.1561	0.5452	0.1369	-0.0114	0.4281	0.0472	0.481	-0.3153	0.1801	-0.1314	-0.4575	0.3684	0.0629	-0.2069	-0.427	0.0639	0.2058	-0.0512	0.1457	-0.2036	-0.0602	0.3159	-0.353	-0.3349	-0.1121	0.0376	-0.3189	-0.3667	-0.0805	0.0046	-0.0554	0.2496	0.3099	0.2178	0.3058	-0.1081	0.227	0.4293	-0.0224	0.1125	0.4628	-0.2746	0.4826	0.2062	0.3429	-0.1352	0.0181	0.3488	0.3318	0.2673	0.0732	-0.1993	-0.3635	0.0671	-0.2704	0.0235	0.2214	-0.4783	-0.1756	-0.3437	0.5135	0.1185	0.2586	0.3675	-0.1658	0.0389	-0.1159	-0.0694	0.3445	0.0931	-0.4241
Sg_B15_23	-0.2947	-0.2505	0.1495	0.1951	0.0601	0.7623	-0.0139	0.7839	0.1241	0.1601	-0.0507	0.0765	-0.2306	-0.3257	0.4124	0.125	0.0197	-0.0688	-0.1646	-0.2291	-0.1298	0.2016	0.3608	-0.1454	0.1878	-0.3338	-0.0109	0.4335	0.0718	-0.1335	0.3354	0.1621	0.2937	-0.0568	-0.1225	-0.0625	-0.0127	-0.2131	-0.0956	0.4146	0.1248	-0.0267	-0.422	-0.0253	-0.3164	0.4196	0.4459	-0.3553	0.6455	0.6396	0.6702	-0.018	0.591	0.0722	1	0.1295	0.1977	0.4008	-0.1453	-0.1011	-0.4184	-0.2484	-0.151	0.2078	-0.0171	-0.3639	-0.0385	-0.3623	0.0931	0.0837	-0.3875	-0.1865	-0.5676	-0.2114	-0.2511	-0.3313	0.0899	-0.0446	-0.3203	-0.1865	0.5708	-0.287	-0.0993	-0.0288	0.0055	0.103	0.0275	-0.402	-0.0285	-0.4775	0.0601	0.3572	-0.0811	0.4047	-0.1186	0.3866	-0.0886	-0.184	0.777	0.3346	0.4782	0.4168	0.5045	-0.2479	-0.0665	-0.2363	0.5907	-0.1764	-0.002	0.5748	0.6324	-0.0067	0.4288	-0.346	0.6721	-0.076	-0.2008	-0.3649	0.63	0.8295	-0.4026	0.0481	0.005	-0.2019	-0.2393	0.2528	0.0221	-0.354	-0.1903	-0.4627	0.0185	0.3224	-0.2211	-0.2678	-0.1058	-0.2162	-0.2033	0.8909	-0.1638	0.4098	-0.2628	-0.3822	0.0441	-0.2653	-0.2314	0.034	-0.4257	-0.3564	-0.0807	-0.2341	-0.3743	0.8088	-0.37	-0.0826	0.264	0.4557	0.1014	-0.2418	-0.3422	-0.038	-0.0656	-0.0325	-0.1993	0.3855	0.1459	-0.0789	-0.3612	-0.3353	0.5295	-0.0342	-0.2696	-0.229	-0.1435	0.7617	-0.2478	-0.225	-0.1645	0.2263	0.1686	0.2114	0.3458	0.06	0.0296	0.4531	-0.4378	0.2099	-0.1553	-0.2934	0.2142	-0.086	-0.1701	0.2753	0.1453	-0.412	-0.1065	-0.1097	-0.3457	0.1322	-0.1976	-0.2353	-0.4346	-0.1372	-0.0259	-0.0417	-0.4544	0.2156	0.1692	0.1774	-0.191	0.3208	-0.0191	-0.0753	-0.1587	-0.1286	-0.1906	-0.1802	-0.0852	0.6808	0.3621	-0.3487	-0.1331	-0.039	-0.1774	-0.0349	-0.3875	-0.4283	-0.3535	-0.4003	-0.0614	-0.3077	-0.2959	-0.0169	-0.0161	-0.1813	0.0872	0.103	-0.3789	-0.1543	-0.0892	0.0536	0.8219	0.7559	-0.1682	-0.3268	0.2325	-0.3807	-0.0778	0.714	-0.4089	-0.0826	0.0612	-0.0114	-0.0348	0.0371	-0.1673	-0.0174	-0.0837	-0.0281	-0.0563	0.0791	0.0619	0.2536	0.2434	-0.1195	-0.3021	-0.1311	-0.1972	0.0516	0.6457	-0.2577	0.2545	0.0606	-0.2608	-0.2724	-0.1933	-0.0813	-0.4465	-0.2123	-0.0097	0.3994	0.2332	-0.1142	-0.3381	-0.1761	-0.351	-0.2354	-0.0316	-0.188	0.6933	-0.3101	-0.1837	0.2263	0.0354	0.2176	-0.1165	-0.1674	-0.1116	-0.0487	-0.376	0.1452	-0.227	0.0838	0.4291	0.1523	0.0968	0.0798	-0.0003	-0.1268	0.0801	0.7699	-0.1147	-0.2007	0.0412	0.0625	0.6775	0.3992	0.0306	0.5616	-0.2595	-0.1749	0.1593	0.2361	-0.3588	0.6392	-0.4273	-0.1953	0.7171	0.2574	0.2332	-0.0426
Sg_B15_25	-0.1969	0.3132	0.1351	-0.1018	0.0487	0.0938	0.1471	0.1489	0.2121	0.1878	0.2202	-0.1344	-0.0557	0.2085	-0.0408	0.0227	0.107	0.3408	-0.0967	0.0188	0.0212	-0.1037	0.0255	0.3569	0.035	-0.1743	0.079	-0.2628	-0.2424	-0.1449	0.0377	-0.1832	0.0787	0.2978	0.1792	-0.1277	0.3769	-0.0955	0.3004	-0.0311	0.033	-0.1169	-0.264	0.1526	0.3047	-0.2439	-0.0636	-0.3147	-0.0276	0.0596	0.1786	0.3631	0.012	0.3504	0.1295	1	0.1835	0.1121	0.0128	0.3376	-0.1565	-0.2675	0.0483	0.0639	-0.0431	-0.1461	0.488	-0.1385	0.2481	0.3682	-0.0573	-0.0502	0.071	-0.1962	-0.1067	-0.0051	0.2337	0.4847	-0.0748	-0.1067	-0.201	-0.0638	0.3338	0.0267	-0.2329	-0.1791	0.1276	-0.4238	-0.0125	-0.2571	-0.0673	-0.2266	0.421	-0.2528	-0.1008	-0.2129	0.0044	-0.2014	0.148	-0.1816	-0.2732	-0.0441	0.0588	-0.2989	-0.0299	-0.0585	-0.1717	-0.2672	-0.3805	-0.1861	-0.0847	-0.2618	0.0638	-0.068	-0.0669	0.0413	-0.1977	-0.2518	-0.0312	-0.0492	-0.3169	0.4792	0.468	-0.1721	-0.3519	0.0859	-0.1067	-0.3395	-0.2883	-0.2656	0.0936	0.2743	-0.0377	0.3933	0.0932	-0.2721	-0.1395	0.0841	0.3649	0.1169	-0.1726	-0.3309	0.3075	-0.0059	0.1515	0.3858	-0.2118	0.1538	0.1706	0.0295	-0.1916	0.0866	-0.2807	-0.0344	-0.3369	-0.336	0.0191	-0.0001	0.0025	-0.0878	0.034	-0.1443	-0.0935	0.0519	-0.4012	0.1999	-0.1146	-0.1373	-0.2338	0.2145	0.0661	-0.1171	-0.1926	-0.0375	-0.317	-0.1613	-0.4327	0.1435	-0.1402	-0.3778	-0.016	-0.2199	-0.2261	0.1783	0.0417	0.1249	-0.4646	0.0067	0.362	-0.1361	0.0766	-0.3178	-0.3191	-0.2214	-0.2973	0.149	-0.2237	0.1976	-0.0973	-0.063	0.0981	0.3421	0.1191	0.2803	-0.1678	-0.4329	0.1163	0.2637	0.1667	0.2351	-0.0579	-0.1951	-0.2338	0.3817	0.0329	0.0775	0.4058	-0.1036	-0.0247	-0.0416	0.3411	-0.106	-0.227	0.4435	0.0063	-0.1848	-0.2354	-0.0956	0.4008	0.2175	0.3332	-0.1177	0.0185	-0.1769	-0.4264	-0.1508	-0.255	-0.1474	-0.3317	0.3306	0.1413	-0.0384	0.3814	-0.0598	0.0651	-0.3044	0.164	-0.0118	-0.2011	-0.2685	0.311	0.0997	0.0126	0.1916	0.099	0.3152	0.3549	0.1174	0.0856	0.0734	0.4193	0.006	-0.1883	0.2794	-0.2787	0.1773	-0.0244	0.5377	-0.0246	-0.2413	0.1874	0.4051	-0.1089	-0.1581	0.0046	-0.2243	-0.2653	0.1831	-0.1573	-0.1788	0.1468	-0.2932	-0.1985	0.0423	0.1577	-0.1863	-0.1031	-0.0821	-0.0967	-0.3733	0.2191	0.04	0.2264	0.1804	0.0038	0.2567	0.2487	0.2205	-0.2001	0.3796	-0.2238	0.2984	0.0936	0.1941	-0.1605	0.3501	-0.1309	0.28	-0.0353	0.2168	-0.1526	-0.4013	-0.1355	-0.3482	0.1737	0.302	-0.3733	-0.2145	0.066	0.4126	0.3537	0.3295	0.2138	-0.219	-0.1807	0.0103	0.0366	0.067	0.0957	-0.193
Sg_B15_35	-0.3813	0.1172	0.3017	0.562	0.4398	0.3425	0.266	0.4031	0.1586	0.1947	0.2484	-0.4283	0.0067	-0.1444	0.0092	-0.0758	0.071	0.1514	0.0416	0.0341	-0.0521	0.5695	0.7063	0.1464	0.4034	-0.0828	0.292	0.4232	-0.3721	-0.4555	0.7073	0.1519	0.6163	0.5115	-0.0355	-0.4941	0.3073	-0.468	0.2708	0.2385	-0.0416	-0.0115	-0.6003	-0.2424	-0.0581	-0.1488	0.3615	-0.3773	0.131	0.1678	0.2871	0.3319	0.1754	0.3098	0.1977	0.1835	1	0.6023	-0.1134	-0.0945	-0.1449	-0.5496	-0.2872	0.5024	0.1296	-0.2936	0.0907	-0.2817	0.4417	0.4528	-0.5684	0.1885	-0.1497	-0.2934	-0.5029	-0.5582	0.2751	0.207	-0.5341	-0.0635	0.0579	-0.2576	0.4821	-0.0743	-0.166	0.2224	0.2786	-0.0635	0.2273	-0.2028	0.3433	0.1607	0.1168	0.0423	-0.3308	-0.1908	0.1069	-0.063	0.2337	0.0302	0.2042	-0.0172	0.5189	-0.0949	-0.4728	0.0652	0.249	-0.1393	-0.3088	-0.0172	0.4249	-0.1133	0.1876	-0.553	0.2095	-0.4302	-0.1915	-0.588	0.0749	0.2177	-0.4025	0.1587	0.2388	0.0434	-0.2329	0.535	-0.1724	-0.5065	-0.1692	-0.3746	-0.1865	0.7158	-0.154	0.235	0.2399	-0.4797	0.0076	0.1033	0.1572	0.7445	-0.4671	-0.1026	0.4478	-0.0805	0.0824	0.4079	-0.062	-0.1279	0.3413	-0.0314	-0.1485	0.1763	0.1926	-0.1861	-0.1495	-0.1533	0.356	0.1326	-0.3712	-0.3148	0.1115	0.1754	-0.2479	0.4552	-0.1203	-0.0442	-0.2369	-0.2855	0.2181	0.2451	-0.4992	-0.0166	-0.4431	0.1751	0.0069	-0.2363	-0.4062	0.1214	-0.0973	-0.2461	0.2054	-0.2586	0.266	0.3853	-0.5648	-0.1219	-0.1969	-0.1561	0.4676	0.1038	-0.4537	0.4651	-0.3094	-0.0731	-0.0485	-0.037	-0.0817	0.6544	0.1018	-0.4697	-0.1627	0.4524	-0.1073	0.188	-0.4595	-0.0612	0.1049	0.1124	0.146	0.5747	0.0387	0.0902	-0.0735	0.4131	-0.0288	0.4082	0.3591	0.0118	0.6694	-0.2522	-0.1978	-0.2448	-0.4278	0.1459	-0.5793	-0.4185	-0.5258	-0.0815	0.2693	-0.1758	0.0741	-0.2794	-0.1882	-0.2239	-0.0667	-0.2052	-0.3279	0.0809	0.0771	-0.1425	0.2226	0.0523	0.3687	-0.4042	-0.1824	-0.4581	-0.0896	0.0816	-0.3887	-0.4013	0.1118	-0.105	-0.4232	0.1308	-0.1058	0.3093	0.0548	0.0207	-0.3469	0.002	0.5805	0.4296	0.3402	0.2492	0.2325	0.3534	-0.4149	0.0624	0.0348	-0.3992	0.5283	0.1221	-0.3858	-0.4759	0.0157	-0.1861	-0.0999	-0.0314	-0.0791	-0.1516	0.5557	-0.1416	-0.3176	-0.377	-0.0678	-0.1628	0.0431	0.0653	0.3811	0.0367	0.1115	0.5546	0.284	0.4798	-0.4163	0.1028	0.3481	-0.1155	0.0157	0.5735	-0.3495	0.4364	0.4357	0.6259	0.3113	0.0126	0.543	0.1321	0.2125	0.0999	-0.4191	-0.0786	0.3866	0.1056	0.1923	0.3998	-0.4807	0.0379	-0.3935	0.4432	0.1825	0.3317	0.1112	-0.0651	-0.0719	-0.4566	0.0373	0.7594	0.3281	-0.416
Sg_B15_52	-0.2325	-0.0531	0.1503	0.531	0.3063	0.5189	0.2687	0.5203	-0.0947	0.4554	0.1684	-0.2684	0.1548	-0.2415	0.2724	-0.0233	0.1206	0.0199	0.299	0.1582	-0.2168	0.4262	0.5844	0.2923	0.2753	-0.1586	0.3112	0.5127	-0.2298	-0.2487	0.6716	0.1956	0.5809	0.3318	-0.2295	-0.3048	0.1271	-0.3985	0.139	0.2494	0.0442	-0.1804	-0.6107	-0.2946	-0.2388	-0.0767	0.5345	-0.3151	0.389	0.3308	0.3107	0.1906	0.1592	0.2546	0.4008	0.1121	0.6023	1	-0.2166	-0.1391	-0.2458	-0.5522	-0.3393	0.4447	0.2766	-0.3995	-0.0999	-0.3448	0.4106	0.4243	-0.5707	0.1716	-0.3195	-0.4357	-0.5421	-0.6252	0.0693	0.1241	-0.4604	-0.122	0.1405	-0.3132	0.1789	-0.0374	-0.1359	0.2209	0.3939	0.0045	0.1122	-0.2249	0.4127	0.2959	-0.1676	0.0249	-0.2919	-0.2336	0.1403	-0.1456	0.431	-0.0181	0.2403	-0.0533	0.5264	-0.1089	-0.3499	0.2146	0.3327	-0.1299	-0.12	0.2564	0.5458	-0.0001	0.3448	-0.6048	0.4339	-0.2485	-0.1516	-0.5252	0.3067	0.4079	-0.4542	-0.0562	0.1691	0.3149	-0.0792	0.6206	-0.0431	-0.3545	-0.0405	-0.4094	-0.238	0.5343	-0.2197	-0.0145	0.1258	-0.4643	0.2342	0.3999	0.0053	0.631	-0.4171	-0.2161	0.1886	0.102	-0.1812	0.3093	-0.0926	-0.203	0.2929	0.1133	-0.1995	0.3348	0.0519	-0.2302	-0.1113	-0.0478	0.116	0.2509	-0.4116	-0.1072	-0.0068	0.5564	-0.0653	0.5001	0.07	-0.1115	-0.3137	-0.2882	0.4211	-0.0673	-0.4665	0.1862	-0.4108	0.3259	-0.027	-0.1351	-0.4218	0.2341	-0.3174	-0.0008	0.2452	-0.0548	0.1164	0.4141	-0.563	-0.2779	-0.0686	-0.2651	0.2994	0.4563	-0.3376	0.5868	-0.151	-0.0959	-0.0512	-0.2001	-0.108	0.4121	0.3011	-0.3788	-0.2722	0.2126	-0.0376	0.0109	-0.3822	-0.128	0.1921	0.059	0.0357	0.4393	-0.0725	0.3065	-0.0155	0.1752	0.125	0.1261	0.1348	0.2466	0.6631	-0.4324	-0.2139	-0.2256	-0.3538	0.0465	-0.5744	-0.4037	-0.3689	-0.1739	0.0968	-0.2484	-0.0909	-0.0574	-0.2004	-0.2585	-0.1962	-0.2937	-0.4005	0.3977	-0.0916	-0.2913	0.3657	0.2225	0.1339	-0.3543	-0.0047	-0.4283	-0.307	0.2695	-0.3128	-0.3414	-0.0165	-0.0901	-0.343	0.0272	-0.1657	0.0303	-0.1195	0.1631	-0.2808	-0.0432	0.3241	0.3455	0.3095	0.076	0.0978	0.2289	-0.4199	-0.0846	0.166	-0.3326	0.5873	0.0247	-0.3964	-0.5216	0.1876	-0.0485	-0.2319	-0.4561	-0.2129	-0.019	0.4268	-0.1121	-0.4331	-0.3933	-0.1673	-0.2471	-0.164	0.2549	0.4764	0.0834	-0.1283	0.4986	0.0095	0.2888	-0.3633	0.1793	0.2048	-0.0731	-0.0519	0.4117	-0.3944	0.2393	0.7305	0.5016	0.4907	-0.1373	0.4381	-0.1519	0.1366	0.2165	-0.2081	-0.1173	0.3703	0.2072	0.2837	0.1642	-0.2975	0.1387	-0.3443	0.2138	0.0209	0.3518	-0.0513	0.1868	-0.1843	-0.3281	0.2214	0.6484	0.3521	-0.401
Sg_B19_17	-0.024	0.0382	-0.0099	-0.1726	0.0145	-0.269	-0.1266	-0.2714	-0.0462	-0.3245	0.0089	-0.007	0.0288	0.1724	-0.1972	0.0073	0.1496	0.0124	-0.1287	0.0352	0.0594	-0.0985	-0.1693	0.0955	-0.011	0.0052	-0.0672	-0.2033	0.0949	-0.0111	-0.2228	-0.051	-0.1015	-0.027	0.0702	-0.1025	0.1091	-0.0068	0.0452	0.0307	-0.1836	-0.0284	0.0674	0.3271	0.1306	-0.0826	-0.2614	0.0918	-0.1504	-0.1963	-0.2218	-0.0438	-0.0169	-0.1551	-0.1453	0.0128	-0.1134	-0.2166	1	0.3941	0.035	0.1143	0.0488	-0.189	-0.1234	0.2153	0.248	0.2493	-0.1439	-0.0345	0.2062	-0.0713	0.2097	0.0448	0.2203	0.2314	0.0655	0.0673	0.1838	-0.0905	-0.0313	0.2682	0.0766	-0.0376	0.0057	-0.1008	-0.275	-0.072	-0.0877	0.1717	-0.2245	-0.3043	0.2078	-0.049	0.0386	0.0405	-0.0155	-0.0259	-0.2412	-0.031	-0.1992	0.1472	-0.1713	-0.0869	0.024	-0.048	-0.1675	0.0974	-0.0564	-0.1724	-0.2819	-0.1359	-0.1967	0.2491	-0.2048	-0.0069	0.2737	0.217	-0.037	-0.2056	0.1715	0.2672	0.0203	-0.143	-0.0743	-0.2474	-0.0166	0.094	-0.0213	0.1281	0.2203	-0.0031	0.1265	0.1239	0.0166	0.0577	-0.1747	-0.1971	0.0535	-0.2	0.1581	-0.0066	-0.1347	-0.0024	0.0855	-0.0979	-0.0482	0.0705	-0.041	-0.0423	0.0055	-0.139	-0.0721	0.1464	0.0425	-0.0812	-0.1048	0.0293	0.0279	-0.1296	0.074	-0.2055	0.1778	-0.2622	-0.1124	0.1343	0.3474	0.1849	-0.2819	-0.0459	0.2107	-0.0676	0.161	-0.1049	-0.0021	-0.0688	0.1377	0.1642	-0.1137	-0.0645	-0.2537	-0.1077	0.0132	-0.2199	0.1265	0.1478	-0.0472	0.0287	-0.0318	-0.1925	0.1467	-0.3062	-0.0815	0.0088	-0.1255	0.2545	-0.0301	-0.0772	-0.0349	0.0057	0.1386	-0.001	0.2696	0.0061	0.1493	-0.0551	-0.1892	0.144	0.1267	0.0354	0.0469	-0.1362	-0.2149	-0.0092	-0.0865	0.0149	0.002	-0.0283	-0.2164	0.185	0.1274	0.011	0.0946	0.0926	0.2858	0.1964	0.1854	0.0227	0.1769	0.1167	0.2659	-0.0888	0.1847	0.0268	-0.0947	0.0768	0.0604	-0.1524	0.0123	0.1378	-0.1363	-0.2359	0.0765	-0.0578	0.0055	0.1695	0.1607	-0.1586	0.3654	0.0994	0.048	-0.1789	-0.0309	-0.0977	0.2551	0.1761	0.2721	-0.0142	0.1067	0.1095	-0.0158	-0.1165	-0.2107	0.0679	-0.0875	0.0357	0.1554	0.1148	-0.0596	0.0843	-0.0956	0.1511	0.1563	0.1421	-0.0643	-0.2086	0.0072	0.0398	0.1632	-0.1436	-0.1191	-0.0589	0.0566	0.0487	0.0753	0.1914	-0.1251	-0.0663	-0.2533	-0.1642	0.0001	-0.1182	-0.0292	-0.0288	-0.0262	-0.0436	0.0323	0.1091	-0.036	-0.0593	0.0876	-0.1911	-0.3312	-0.0766	-0.1591	0.102	-0.2118	-0.0387	-0.0462	-0.1464	-0.0556	-0.0147	-0.0708	-0.1749	-0.1761	0.0658	0.0019	-0.155	0.2526	0.0192	0.2269	0.0104	0.0988	-0.2485	0.0147	0.1221	-0.1808	-0.1529	-0.0102	0.1393
Sg_B19_30	-0.216	0.2896	0.1754	-0.065	0.1468	-0.1813	0.1009	-0.1243	0.2715	0.0597	0.3174	-0.2048	-0.1683	0.5324	-0.3371	0.2658	0.1208	0.3392	-0.26	-0.0027	0.0923	-0.1359	-0.1613	0.2448	0.0258	-0.0233	0.01	-0.246	-0.1949	-0.083	-0.1063	-0.2347	-0.1165	0.269	0.3222	-0.1343	0.3952	-0.0765	0.1872	-0.1064	-0.1838	0.0155	-0.1015	0.2001	0.456	-0.3192	-0.1474	-0.1977	-0.1738	-0.1473	0.0484	0.1438	-0.1263	0.1718	-0.1011	0.3376	-0.0945	-0.1391	0.3941	1	-0.0134	-0.1204	-0.0581	-0.058	-0.2314	0.0882	0.3635	0.1143	-0.043	0.1189	0.0947	-0.2428	0.2847	-0.0263	0.1296	0.1619	0.159	0.4091	0.0126	-0.0513	-0.2024	-0.0436	0.377	0.022	-0.1466	-0.0935	-0.0126	-0.1283	-0.1141	-0.1589	-0.0957	-0.4591	0.4094	-0.3424	-0.1076	-0.1961	0.0927	-0.2843	-0.1113	-0.2184	-0.3242	-0.0175	-0.1093	-0.2123	-0.0488	-0.0909	-0.2648	-0.071	-0.3127	-0.1633	-0.2568	-0.3047	0.0314	0.0924	-0.2269	-0.001	-0.1401	0.0368	-0.0176	-0.1524	-0.1452	0.4305	0.3473	-0.183	-0.351	-0.0016	-0.1093	-0.1971	-0.186	-0.0966	0.1594	0.2243	0.0934	0.3589	0.2619	-0.1591	-0.3054	-0.1532	0.4594	-0.0284	-0.0285	-0.133	0.2369	-0.1227	0.3145	0.2513	0.0021	0.258	-0.0061	-0.1128	-0.0637	-0.1249	-0.0989	-0.0259	-0.2509	-0.2921	0.2137	-0.1321	0.0427	-0.0724	0.1934	-0.2477	-0.2009	-0.1409	-0.3076	0.32	0.0367	-0.1688	-0.3338	0.2748	0.1918	-0.2708	-0.1877	-0.1712	-0.166	-0.0248	-0.1776	0.0886	-0.2449	-0.3603	-0.2498	-0.4103	-0.2484	-0.0896	0.1051	-0.0304	-0.3415	0.17	0.2277	-0.2583	0.1398	-0.4094	-0.3264	-0.1319	-0.3818	0.2221	0.0423	0.0921	-0.1987	-0.0758	0.3888	0.3508	0.2342	0.106	-0.0222	-0.3481	0.1531	0.1602	0.1571	0.3066	0.2165	-0.412	-0.1693	0.3597	-0.1711	0.1238	0.3726	-0.1859	-0.073	0.0274	0.378	-0.0252	-0.1096	0.4284	0.2142	-0.0327	-0.059	0.0728	0.2997	0.3002	0.2699	0.0037	0.1009	-0.1351	-0.3859	-0.0465	-0.0877	-0.2876	-0.2459	0.29	-0.1025	-0.2419	0.3968	0.1052	0.1113	-0.1255	0.1956	-0.1898	0.1099	-0.1101	0.4209	0.0106	-0.1166	0.2968	0.2592	0.2471	0.4619	-0.0188	0.0175	0.3405	0.3528	-0.1406	-0.2716	0.2876	-0.1737	0.2984	0.0791	0.286	-0.1345	-0.1772	0.2045	0.3057	0.0705	0.0122	-0.1927	0.0001	-0.025	0.3304	-0.0137	-0.1466	0.09	-0.3642	-0.1326	-0.0233	0.2725	0.0356	-0.2518	-0.2594	-0.255	-0.2105	0.3154	-0.1109	0.1714	0.0749	-0.0613	0.3621	0.4207	0.1679	0.0409	0.3167	-0.0967	0.1845	-0.2242	0.1963	-0.2505	0.3814	-0.0076	0.2711	0.1347	-0.0425	-0.0816	-0.2452	0.0353	-0.3546	-0.1817	0.1052	-0.2592	-0.2048	0.0915	0.3184	0.4888	0.3646	0.3686	-0.3312	0.0139	0.12	-0.057	-0.0101	-0.1229	-0.1568
Sg_B19_40	0.2088	-0.0255	0.0244	-0.3396	-0.1269	-0.4867	0.064	-0.5423	-0.0069	-0.0543	-0.0617	0.0652	0.0025	0.0871	-0.3183	0.1014	-0.0802	0.1345	0.081	0.1387	0.0242	-0.2149	-0.2045	0.0109	-0.1294	-0.0373	-0.0841	-0.2984	0.005	0.1286	-0.2699	-0.1672	-0.3071	-0.0912	-0.1537	0.1415	-0.0456	0.2796	0.0216	-0.2358	-0.084	-0.2661	0.2392	-0.0949	0.2435	-0.0952	-0.1898	0.0195	-0.312	-0.4237	-0.4358	0.1794	-0.2232	0.0291	-0.4184	-0.1565	-0.1449	-0.2458	0.035	-0.0134	1	0.2882	0.0667	-0.1921	-0.1238	0.4653	-0.037	-0.0555	0.0927	-0.1246	0.2112	0.1043	0.3864	0.1232	0.2433	0.1692	0.0205	-0.0192	0.2984	0.1267	-0.2724	0.1264	-0.0007	-0.1556	0.2941	-0.0811	0.0125	0.4372	0.059	0.1587	-0.2858	-0.2401	-0.2975	-0.1726	0.0731	-0.1324	-0.2025	0.0226	-0.4691	-0.1237	-0.2896	-0.2932	-0.2977	-0.2284	0.176	0.1691	-0.323	0.1469	-0.1201	-0.0856	-0.3081	0.2182	-0.3661	0.1665	-0.3055	0.1926	-0.1945	0.0632	-0.3749	-0.4397	0.1182	-0.0761	-0.0257	0.0665	0.0821	-0.0504	0.0148	0.2235	-0.0667	0.0919	-0.2419	-0.2415	0.1607	0.3576	-0.3188	0.0046	0.0976	-0.4033	-0.028	-0.2108	0.0443	0.6685	-0.0331	0.0859	-0.1561	-0.0194	0.8772	0.4553	0.0909	0.0588	0.8936	-0.4684	0.7189	-0.0885	0.0032	-0.2539	-0.3582	0.1407	-0.0431	0.1525	-0.1063	-0.0391	0.0655	-0.2877	0.1319	0.297	0.0575	0.1964	-0.217	-0.2047	0.1317	0.0663	0.0885	-0.4517	-0.2094	0.6926	0.0816	-0.2346	-0.0652	-0.0334	-0.2816	-0.0226	0.2576	-0.1913	0.1428	-0.2037	0.0947	-0.0658	-0.2467	-0.0138	0.0462	-0.2387	0.0113	0.8008	-0.0257	-0.1086	0.8132	-0.0714	0.1167	0.2839	0.3778	0.0558	-0.0904	-0.0082	0.2864	-0.2549	0.0262	-0.4279	-0.0985	-0.3299	0.2452	-0.0015	-0.0814	0.0862	0.0636	0.2869	-0.0123	-0.4018	-0.375	0.144	-0.1674	-0.0579	0.0952	-0.2245	0.1965	0.0119	-0.0136	0.8693	0.0349	0.2117	-0.0557	0.2356	-0.2705	-0.1637	0.0991	0.1175	0.2169	0.0871	-0.2777	-0.1474	-0.4447	-0.4824	0.2046	0.3508	-0.0991	0.1056	-0.0922	-0.4188	0.066	0.0281	-0.2274	-0.0481	0.2153	-0.1957	-0.064	-0.2648	-0.3331	-0.1763	0.0077	0.1334	-0.0384	-0.0309	-0.1574	0.2979	0.7158	0.1497	-0.0703	-0.2103	-0.4095	0.0785	-0.3698	-0.2297	0.1316	-0.0163	0.0407	0.2092	0.8727	-0.0257	-0.1609	-0.2421	-0.2028	-0.1571	0.1566	0.218	0.4721	-0.0446	0.0875	-0.042	-0.3565	0.4247	0.2548	-0.262	0.0628	-0.1185	0.2699	0.2035	-0.0244	-0.3747	0.8209	-0.0867	0.0053	-0.0537	-0.3182	-0.2773	-0.1638	-0.2576	0.1408	0.0048	0.2939	-0.4353	0.1977	0.2099	-0.2146	-0.0548	-0.3614	-0.0771	0.0482	-0.3105	0.0425	0.0858	-0.4302	-0.3483	0.3085	-0.2541	0.9191	0.1634	-0.3401	-0.2518	-0.339	0.0287
Sg_B19_58	0.2642	-0.1772	-0.3099	-0.479	-0.3848	-0.3696	-0.4303	-0.4969	-0.1645	-0.3106	-0.2767	0.3929	-0.0953	0.0656	-0.0651	-0.1454	-0.1907	-0.259	0.0351	-0.1053	0.1263	-0.4664	-0.5141	-0.2041	-0.4266	0.0862	-0.2413	-0.3325	0.3604	0.3981	-0.5102	-0.0834	-0.5866	-0.5045	0.0489	0.3951	-0.285	0.3848	-0.1632	-0.2668	-0.068	0.1623	0.6767	0.2589	0.0101	0.2355	-0.2885	0.4916	-0.1451	-0.1201	-0.3478	-0.3548	-0.3537	-0.262	-0.2484	-0.2675	-0.5496	-0.5522	0.1143	-0.1204	0.2882	1	0.2113	-0.5253	-0.0386	0.4856	0.013	0.2109	-0.4113	-0.407	0.5432	-0.2008	0.1167	0.3663	0.2865	0.4197	-0.1072	-0.2808	0.3765	0.2749	0.0272	0.3518	-0.4665	-0.1833	0.1674	-0.1168	-0.2655	0.091	-0.0009	0.2783	-0.4253	-0.0621	-0.1832	0.0036	0.4382	0.2211	-0.2433	0.2493	-0.338	-0.0059	0.0178	-0.0236	-0.492	0.195	0.3619	-0.0748	-0.1821	0.2143	0.3977	-0.0545	-0.4095	0.0397	-0.1449	0.574	-0.125	0.2961	0.2377	0.5337	-0.3713	-0.2512	0.5777	-0.0978	-0.3	-0.079	0.3298	-0.5184	0.1561	0.6092	0.0678	0.4989	0.1413	-0.5614	0.1044	-0.1765	-0.2726	0.4216	-0.0056	-0.1877	-0.2103	-0.6352	0.5389	0.271	-0.4273	0.1463	-0.0758	-0.4007	0.159	0.2197	-0.3596	0.1293	0.2024	-0.3283	0.0351	-0.05	0.1479	0.199	-0.2355	-0.1225	0.3307	0.2931	-0.015	-0.2262	0.0892	-0.4535	0.0927	0.0484	0.1901	0.2901	-0.1283	-0.1969	0.3793	0.1193	0.4143	-0.2287	0.0618	0.2378	0.5007	-0.1708	0.1549	0.2071	-0.0509	0.2821	-0.1127	-0.4303	0.5071	0.0883	0.3553	0.1741	-0.5525	-0.1513	0.2844	-0.3646	0.2169	0.1026	0.1282	-0.0447	0.1777	-0.5446	-0.0426	0.4044	0.1652	-0.4855	0.093	-0.1248	0.3637	0.2297	-0.0162	-0.1622	-0.0687	-0.5664	-0.0074	0.01	0.029	-0.4729	0.0964	-0.2189	-0.4336	-0.1634	-0.5921	0.2244	-0.043	0.2054	0.5268	-0.1162	0.4985	0.3876	0.549	0.1513	-0.1126	0.0619	-0.0635	0.3352	0.1657	0.3344	0.2318	0.3095	0.3352	-0.0845	-0.007	0.0049	-0.3653	-0.1085	-0.312	0.2994	-0.119	0.5481	0.0007	-0.1673	0.3936	0.4986	-0.1345	0.0988	0.3599	-0.1729	0.147	-0.2996	-0.14	-0.2755	0.5016	-0.1339	-0.5537	-0.3613	-0.1846	-0.11	0.0314	-0.3311	0.4041	-0.1137	0.0269	0.5083	-0.4949	-0.1926	0.3051	0.3469	0.0227	0.1784	0.2173	-0.0115	0.203	0.0575	-0.4795	0.1919	0.5853	0.281	0.1661	0.2347	0.2199	-0.1255	-0.3223	0.042	-0.0917	-0.5459	-0.3065	-0.3418	0.3634	-0.2429	-0.4504	0.0256	0.1031	-0.6208	0.5539	-0.3019	-0.5127	-0.6016	-0.2958	-0.0854	-0.3499	-0.1077	-0.2158	-0.1821	0.3548	0.154	-0.3597	0.006	-0.2637	-0.2091	0.4436	-0.2077	0.3355	-0.3664	-0.2336	-0.4959	-0.1029	0.0186	0.2217	0.3849	-0.1341	-0.6167	-0.2564	0.4382
Sg_B23_42	0.2242	-0.0984	-0.2778	-0.242	-0.3097	-0.228	-0.3601	-0.2517	-0.1922	-0.1658	-0.166	0.3191	0.1457	-0.147	0.0237	0.0257	-0.2137	-0.0924	-0.06	0.0014	-0.0165	-0.0916	-0.2815	-0.2018	-0.122	0.2361	-0.2558	-0.0322	0.306	0.31	-0.2998	-0.1671	-0.1977	-0.215	-0.1615	0.2929	-0.3471	0.2776	-0.19	-0.0207	0.203	0.0123	0.1799	-0.0258	0.0981	0.0248	-0.29	0.0767	-0.1906	-0.273	-0.1445	-0.3146	-0.0575	-0.1859	-0.151	0.0483	-0.2872	-0.3393	0.0488	-0.0581	0.0667	0.2113	1	-0.0698	-0.1806	0.1941	0.067	0.1746	-0.2303	-0.3189	0.2882	-0.037	-0.1482	0.0948	0.047	0.3349	-0.217	-0.1342	0.2582	-0.0056	-0.1004	0.028	-0.2032	0.1188	0.0873	-0.1031	-0.1466	0.1995	-0.0483	0.0098	-0.0007	0.1693	-0.173	0.2204	0.2155	0.1013	-0.0573	0.0599	-0.1431	-0.1414	-0.0467	-0.1157	-0.2006	0.1489	0.2982	-0.0005	-0.1805	0.0698	0.1509	-0.0387	-0.2434	0.2183	0.0289	0.2698	-0.0875	0.2611	-0.0282	0.2897	-0.1096	-0.1954	0.1911	0.0635	-0.1432	-0.066	0.015	-0.1403	0.046	0.1055	0.136	0.2557	0.0742	-0.3077	0.1797	-0.1495	-0.0873	0.3097	-0.0208	-0.0754	-0.1787	-0.3401	0.239	-0.0212	-0.2568	-0.0555	-0.1306	-0.242	0.0704	0.1903	-0.119	-0.0322	-0.0391	-0.0318	-0.0891	0.0421	0.134	0.0699	-0.2641	-0.0558	0.341	0.2504	-0.0698	-0.017	0.295	-0.2579	0.0646	0.0591	0.1006	0.2752	-0.0098	-0.2212	0.2808	0.0036	0.1928	-0.1602	0.0892	-0.0349	0.1053	-0.2055	0.1695	0.3856	0.0337	0.1852	0.0554	-0.2879	0.3603	0.216	0.0883	0.0135	-0.1374	-0.0131	0.4314	-0.128	-0.0008	0.0784	0.0447	0.1044	0.034	-0.0903	-0.0726	0.2906	0.0469	-0.2564	-0.0224	-0.1659	0.3196	0.0637	-0.1509	-0.2811	0.0209	-0.233	-0.0306	-0.0127	0.0626	-0.1806	-0.0623	-0.172	-0.1543	0.005	-0.303	0.1637	0.043	0.0898	0.1312	-0.1899	0.3246	0.1711	0.2631	0.1065	-0.2024	-0.0364	0.1185	0.1335	0.0448	0.1611	0.0661	0.2539	0.1595	-0.0175	-0.1345	-0.0297	-0.105	-0.0301	-0.0496	0.3491	-0.1125	0.1479	0.115	-0.053	0.219	0.1207	-0.1264	0.2228	0.2436	-0.2624	0.0936	-0.2073	0.1125	0.0401	0.1495	-0.0989	-0.2493	-0.2837	-0.0488	-0.3782	-0.0279	-0.2252	0.1772	-0.0103	-0.0486	0.0901	-0.2177	0.0015	0.2573	0.3337	-0.0054	0.0469	0.041	0.1021	-0.0684	0.0795	-0.2645	0.0733	0.2227	0.2543	-0.0866	0.0413	0.2934	0.0866	-0.1298	-0.0722	-0.0362	-0.2614	-0.298	-0.2731	0.2859	-0.078	-0.3438	0.1501	0.0977	-0.2934	0.4384	-0.3615	-0.1072	-0.1576	-0.2086	0.0627	-0.18	-0.1365	0.036	-0.0842	0.2481	0.2143	-0.3867	-0.048	0.0964	-0.1785	0.2179	-0.1054	0.1598	-0.2073	-0.0966	-0.1748	-0.0892	0.0974	0.0445	0.1168	-0.1644	-0.3013	0.1737	0.227
Sg_B25_10	-0.2142	-0.027	0.1262	0.5479	0.3639	0.3635	0.3517	0.3614	0.0472	0.3562	0.2357	-0.2718	0.1889	-0.144	0.0892	-0.0165	0.021	0.0616	0.2125	0.1716	-0.2472	0.4108	0.4157	0.0895	0.2755	-0.0938	0.3219	0.373	-0.191	-0.2603	0.4435	-0.0971	0.5288	0.3408	-0.1919	-0.2184	0.0678	-0.3105	0.4574	0.2572	0.1086	-0.2504	-0.5007	-0.2225	-0.1255	-0.0576	0.3883	-0.3432	0.2001	0.1071	0.2936	0.2392	0.2174	0.1748	0.2078	0.0639	0.5024	0.4447	-0.189	-0.058	-0.1921	-0.5253	-0.0698	1	0.2189	-0.2453	-0.1591	-0.2828	0.351	0.3772	-0.5406	0.3632	-0.1345	-0.2136	-0.5082	-0.4772	-0.1122	0.1219	-0.4657	-0.0939	0.0659	-0.3336	0.2739	0.0068	-0.0905	0.2455	0.3094	-0.1168	0.0114	-0.1607	0.3279	0.2708	0.0877	0.184	-0.2196	0.0015	0.0272	-0.1514	0.2756	0.1581	0.052	-0.0226	0.3265	-0.225	-0.2623	0.169	0.2601	-0.1872	-0.3428	0.081	0.4168	0.1035	0.0418	-0.5856	0.2223	-0.1589	-0.2495	-0.5252	0.2304	0.1499	-0.3923	-0.0498	0.1525	0.2218	-0.2732	0.4717	-0.1863	-0.3546	-0.2344	-0.4093	-0.3482	0.3973	-0.1166	0.2316	-0.0316	-0.4269	0.1548	0.1521	-0.0006	0.6389	-0.3862	-0.1006	0.3524	0.0705	0.0452	0.3323	-0.0819	-0.0355	0.6961	0.1478	-0.1731	0.268	0.027	-0.156	-0.0103	-0.1209	0.0432	0.2359	-0.4064	-0.3683	-0.0761	0.3144	-0.0224	0.3172	0.0034	0.0479	-0.3044	-0.2261	0.1664	0.1893	-0.5128	0.1162	-0.3399	0.23	-0.107	-0.2661	-0.2892	0.0868	-0.012	0.0482	0.2486	-0.2967	0.2171	0.3569	-0.4746	-0.0115	-0.1709	-0.1727	0.36	0.2529	-0.3251	0.3826	-0.1791	-0.0399	-0.1178	-0.2034	-0.1384	0.5157	0.2344	-0.3119	-0.062	0.2616	-0.1945	0.1582	-0.4242	-0.0941	0.1284	-0.1077	-0.0084	0.3538	0.0052	0.1643	-0.1393	0.2714	0.1166	0.1809	0.1549	0.1117	0.5449	-0.2405	-0.2655	-0.3971	-0.3002	0.0136	-0.5071	-0.3077	-0.499	-0.1282	-0.0147	-0.2541	-0.02	-0.1743	-0.2989	-0.2253	-0.0162	0.0318	-0.2903	0.246	-0.076	-0.2435	0.292	0.1445	0.3045	-0.3239	0.0258	-0.4664	-0.2435	0.1214	-0.3449	-0.2036	-0.0037	-0.1901	-0.2707	0.1618	-0.0532	0.3236	-0.1148	-0.04	-0.2902	-0.0571	0.3472	0.2679	0.1242	-0.025	0.0606	0.2233	-0.489	-0.0076	0.0788	-0.2783	0.3647	0.1305	-0.4187	-0.3917	0.1947	-0.0175	-0.1483	0.0312	-0.2146	0.0203	0.3629	-0.2871	-0.4764	-0.2668	-0.1989	-0.1727	0.1049	0.2104	0.3373	-0.0736	-0.0205	0.3326	0.2405	0.0861	-0.2769	0.1179	0.3523	-0.2017	-0.0239	0.3333	-0.3262	0.2746	0.4597	0.4408	0.3076	0.0264	0.2107	0.0205	0.049	0.0869	-0.2669	-0.0975	0.1281	0.0539	0.1644	0.1725	-0.3748	0.1997	-0.2479	0.2302	0.0162	0.2713	0.0179	0.0551	-0.1818	-0.5377	0.1005	0.5227	0.2786	-0.3597
Sg_B25_38	0.1033	-0.2125	-0.1533	0.0697	0.1331	0.2561	0.1386	0.1263	-0.2283	0.1841	0.0892	0.0565	0.6733	-0.1279	0.41	-0.2384	-0.1378	-0.1315	0.7887	0.7145	-0.3227	0.132	0.2054	0.2611	-0.2049	-0.3267	0.2976	-0.0423	-0.1108	-0.0412	0.1254	0.0452	0.1923	0.0152	-0.3096	0.0001	-0.1468	0.01	0.3136	-0.013	-0.0765	0.0186	-0.1852	-0.1307	-0.2406	-0.097	0.1213	-0.0481	0.082	0.0904	-0.124	0.038	-0.1958	0.0153	-0.0171	-0.0431	0.1296	0.2766	-0.1234	-0.2314	-0.1238	-0.0386	-0.1806	0.2189	1	-0.122	-0.0841	-0.3242	0.1839	0.0306	-0.168	0.5949	-0.1436	0.0091	-0.2147	-0.2605	-0.2266	-0.0814	-0.252	-0.1833	0.0111	-0.179	-0.2376	-0.3193	-0.2178	-0.071	0.3147	-0.0288	-0.0889	0.3806	0.0686	0.1441	-0.2051	0.0679	0.0406	-0.1349	-0.0888	-0.0017	-0.0374	0.1818	0.0214	-0.3268	-0.0515	-0.0965	-0.0096	0.7186	0.1212	-0.2835	-0.117	0.013	0.1209	-0.0353	0.0789	-0.2132	0.0865	-0.0298	-0.0192	-0.1654	-0.0339	0.0489	-0.1768	-0.1412	-0.0738	0.7665	-0.0088	0.188	0.0184	-0.1208	0.0066	-0.2358	-0.2092	0.0334	-0.1569	-0.0475	-0.2378	-0.1784	0.8303	0.0278	-0.167	0.1264	-0.1951	0.0633	-0.1505	0.763	-0.1965	0.1014	-0.1387	-0.0604	0.1932	0.7753	-0.056	0.0563	0.0007	0.0808	-0.1367	0.0911	-0.0193	0.7619	-0.2934	-0.0128	-0.152	0.6154	0.1516	0.0866	-0.0536	-0.1266	-0.2149	0.0848	0.1926	-0.0602	-0.3344	0.7474	-0.0342	0.0036	-0.0093	-0.1046	-0.0601	-0.0566	-0.1784	0.0607	0	0.0141	-0.0183	0.0526	-0.1948	-0.0117	0.167	-0.2303	0.0129	0.6537	-0.1441	0.227	-0.0959	-0.014	-0.0175	-0.1191	-0.1157	-0.0577	0.8499	0.0716	-0.1183	-0.1292	-0.2066	0.0514	-0.1116	0.1072	0.0786	0.0085	-0.1954	-0.0895	-0.2275	0.7375	-0.1009	-0.0937	0.7878	-0.2245	-0.3271	-0.1452	0.1447	-0.2707	-0.212	-0.146	-0.114	-0.1201	-0.254	-0.186	-0.1281	-0.1875	-0.0829	-0.3043	0.035	0.3105	-0.2168	-0.1844	-0.0352	-0.1254	-0.412	0.614	0.036	-0.3769	0.0303	-0.159	-0.1762	-0.1605	0.0277	-0.0957	-0.0342	-0.1342	-0.1419	0.0581	-0.1455	0.0539	0.0407	-0.2126	-0.1091	-0.0256	-0.146	0.1034	0	-0.3307	-0.1085	0.0214	-0.0754	-0.0121	0.0138	0.1173	-0.0962	-0.2172	-0.0838	-0.0337	0.0834	-0.0348	-0.2889	-0.2016	0.82	0.1718	-0.1522	-0.2212	-0.2201	-0.0734	-0.0938	0.1438	-0.2292	0.0366	-0.2434	-0.0645	-0.2516	0.6661	0.0415	0.1178	-0.4166	0.1036	-0.029	-0.1775	0.0045	-0.2666	-0.1089	-0.0809	-0.1878	-0.1336	-0.0706	-0.0443	0.4996	-0.0156	0.5519	-0.301	0.1174	-0.2632	-0.0829	-0.0556	0.0916	-0.0193	0.0949	0.0878	-0.1844	-0.0286	-0.1835	-0.0464	-0.2103	-0.117	-0.1467	-0.0629	-0.0467	0.1701	-0.1201	-0.2534	-0.1178	0.2283	-0.0962	-0.2512
Sg_B26_35	0.3253	-0.2155	-0.1904	-0.4097	-0.1339	-0.4232	-0.2511	-0.5096	-0.295	-0.2173	-0.1923	0.0455	0.0391	0.2686	-0.2258	-0.2343	-0.0707	0.012	0.0887	0.0188	0.0443	-0.3995	-0.3607	-0.1716	-0.2955	0.1414	-0.0743	-0.3316	0.1841	0.1183	-0.298	-0.1456	-0.3927	-0.4178	0.0275	0.2633	-0.2908	0.2458	0.041	-0.1506	-0.1322	-0.0201	0.4887	0.0525	0.0705	-0.0112	-0.2614	0.4428	-0.1996	-0.3432	-0.3331	-0.1502	-0.1642	-0.2323	-0.3639	-0.1461	-0.2936	-0.3995	0.2153	0.0882	0.4653	0.4856	0.1941	-0.2453	-0.122	1	0.0947	0.3882	-0.2396	-0.3515	0.3076	-0.051	0.1945	0.1571	0.2771	0.1682	-0.0476	-0.2109	0.2948	0.4987	-0.0359	0.3216	-0.2239	0.0012	0.1855	-0.0307	0.0002	0.0996	-0.0924	0.1947	-0.3277	-0.1926	-0.1321	-0.0717	0.1295	0.1314	-0.1024	0.1942	-0.3561	-0.0433	-0.1955	-0.068	-0.436	0.1428	0.1261	0.0415	-0.2427	0.1391	0.255	-0.0746	-0.4501	0.1081	-0.4298	0.5308	-0.2577	0.2153	0.2345	0.5104	-0.4769	-0.4138	0.4838	0.0293	-0.2603	0.0132	0.2945	-0.3822	0.1602	0.5714	0.0122	0.4389	-0.0179	-0.4752	0.2331	0.0704	-0.1625	0.1147	-0.0302	-0.405	-0.1133	-0.4372	0.4471	0.342	-0.385	0.2357	0.0637	-0.2081	0.3605	0.357	-0.1274	0.1889	0.4003	-0.399	0.1761	0.0172	0.1278	0.0093	-0.3226	0.0209	0.0576	0.0009	0.134	-0.0517	0.211	-0.4923	0.1146	0.2877	0.2994	0.415	-0.2878	-0.1923	0.1168	0.191	0.3168	-0.2666	0.0167	0.3101	0.3999	-0.0842	0.2509	0.0071	-0.1254	0.0897	-0.0681	-0.4163	0.2377	0.1869	0.3575	0.1704	-0.4568	-0.0486	0.1495	-0.4545	0.0951	0.3238	0.2675	0.0404	0.3174	-0.202	0.0576	0.2739	0.3458	-0.3	-0.0941	-0.1122	0.4017	0.0444	-0.2634	-0.2417	0.0045	-0.4698	0.0247	-0.0887	0.1287	-0.3259	0.1499	-0.0365	-0.2458	-0.2313	-0.4871	0.2267	0.0867	0.1229	0.5092	-0.2036	0.3197	0.4312	0.3782	0.3648	-0.1134	-0.1335	0.0848	0.019	0.0061	0.1795	0.1985	0.3556	0.2644	0.0554	-0.0121	-0.1884	-0.4019	-0.2676	-0.097	0.2121	-0.2041	0.4401	0.1189	-0.2476	0.5212	0.3953	-0.1425	-0.2922	0.1505	-0.2157	0.0499	-0.1851	-0.1211	-0.2796	0.059	-0.211	-0.4066	-0.4211	-0.266	0.0752	0.271	-0.1486	-0.0241	-0.0613	-0.2295	0.476	-0.4375	-0.0462	0.1838	0.0837	0.0913	-0.0079	0.4537	0.0175	0.1744	-0.1692	-0.3627	0.1134	0.3858	0.201	0.219	0.0707	0.192	0.0213	-0.4359	0.0048	0.062	-0.4957	-0.0702	-0.2149	0.1803	-0.0925	-0.1921	-0.1247	0.3218	-0.4077	0.2239	-0.3239	-0.4118	-0.5073	-0.2121	-0.1797	-0.2947	-0.163	-0.1471	-0.2672	0.0418	0.3352	-0.3603	0.008	-0.1769	-0.1587	0.2507	-0.2625	0.5372	-0.2687	-0.2262	-0.3313	0.0977	-0.226	0.4174	0.1387	-0.3325	-0.4371	-0.1634	0.4598
Sg_B26_38	-0.1685	0.2356	0.0145	-0.0657	0.0992	-0.0865	-0.1162	-0.1104	0.0491	0.0879	0.3431	-0.0398	-0.1376	0.1996	-0.1603	0.0202	-0.0363	0.1725	-0.1843	-0.1287	0.141	-0.1829	-0.0171	0.2819	0.139	-0.066	-0.0347	-0.2533	-0.1157	0.0317	0.021	-0.3062	-0.0374	0.2492	0.2773	-0.0366	0.3457	0.024	0.1734	-0.1512	-0.1882	-0.1459	-0.0918	0.1265	0.2713	-0.3349	-0.2778	-0.2681	-0.1608	-0.0921	-0.1676	0.0798	-0.1045	0.249	-0.0385	0.488	0.0907	-0.0999	0.248	0.3635	-0.037	0.013	0.067	-0.1591	-0.0841	0.0947	1	-0.0518	-0.0575	0.1176	0.2315	-0.2872	0.1035	-0.1449	0.0678	0.1724	0.1949	0.3516	0.1132	-0.0769	-0.1453	-0.1928	0.3879	-0.0323	0.0983	-0.0805	-0.0192	-0.1862	-0.2157	-0.2685	-0.0594	-0.0091	0.1878	-0.3537	-0.1222	-0.2074	-0.1916	-0.1433	-0.1252	-0.2704	-0.049	-0.1231	-0.0528	-0.1288	-0.0353	-0.1402	-0.25	-0.0542	-0.3098	-0.2345	-0.1783	-0.0958	0.0288	0.0878	-0.1269	-0.0244	-0.2181	-0.1339	0.0049	-0.0532	-0.2663	0.9267	0.3689	-0.1784	-0.2213	-0.0457	0.0543	-0.1519	-0.2679	-0.223	0.3142	0.2273	0.1837	0.363	0.0059	0.0019	-0.1626	-0.0768	0.3295	-0.0085	-0.0739	-0.1751	0.1202	-0.0893	0.1207	0.2661	-0.141	0.0757	0.0149	-0.0633	-0.1724	-0.1041	-0.1279	-0.1342	-0.099	-0.2404	-0.0723	-0.0778	0.1185	0.0532	0.2712	-0.1561	-0.0509	-0.0669	-0.4201	0.0935	-0.0981	-0.0485	-0.2818	0.1893	0.2785	-0.1456	0.0041	-0.1599	0.049	-0.1408	-0.278	0.0786	-0.217	-0.2846	-0.152	-0.1003	-0.2082	0.0611	0.2438	0.0457	-0.5031	0.0954	0.1897	-0.2081	0.2241	-0.2811	-0.1604	-0.1147	-0.2968	0.2115	-0.0682	0.1288	-0.1017	0.0077	0.1217	0.2402	0.0452	0.1577	0.0712	-0.2644	0.0794	0.315	0.3151	0.2196	0.0847	-0.2372	-0.2449	0.2691	-0.0497	0.1275	0.3669	-0.3117	-0.1223	0.0114	0.3765	0.0326	-0.2181	0.3697	0.2182	-0.1718	-0.2008	-0.0191	0.3666	0.1469	0.3177	0.0221	0.2778	-0.042	-0.2791	-0.2765	0.0393	-0.3022	-0.2084	0.1769	-0.0983	-0.2075	0.2797	0.2291	0.0412	-0.0836	0.1769	-0.1499	-0.1159	-0.31	0.0958	-0.013	0.0001	0.0111	0.1708	-0.0174	0.4108	-0.0081	-0.0018	0.1303	0.3263	0.0295	-0.0277	0.2279	-0.1228	0.1043	0.1639	0.3542	-0.13	-0.3285	0.1892	0.3876	0.0301	0.075	-0.1114	-0.1618	-0.0896	0.1221	0.1343	-0.1432	0.0157	-0.2647	0.0772	0.0219	0.2083	0.0234	0.0385	-0.1224	-0.1047	-0.1701	0.261	0.0096	0.0853	0.1734	0.0168	0.211	0.1901	0.1725	-0.0623	0.2062	0.097	0.0289	-0.1074	0.1765	-0.0676	0.2729	-0.0639	0.1741	0.0556	-0.0495	0.0042	-0.2831	-0.034	-0.0502	0.0314	0.1226	-0.17	-0.2093	-0.1	0.3095	0.3878	0.1304	0.1816	-0.2346	-0.0875	0.0849	-0.1409	-0.014	0.1149	-0.1261
Sg_B26_4	0.1486	0.0235	-0.2575	-0.1705	-0.2441	-0.3331	-0.4016	-0.4264	-0.2335	-0.2862	-0.3159	-0.0155	0.0111	0.1762	-0.1273	-0.1245	-0.0162	-0.0223	-0.1726	-0.0841	0.0883	-0.243	-0.2921	-0.27	-0.159	0.6383	-0.1885	-0.1472	0.1076	0.0525	-0.281	0.0422	-0.3545	-0.269	0.0949	0.0108	-0.3029	0.0405	-0.3091	-0.1539	-0.0644	0.2071	0.4401	0.0402	0.1067	0.0226	-0.3436	0.6001	-0.2304	-0.2204	-0.2266	-0.3842	-0.1383	-0.3465	-0.3623	-0.1385	-0.2817	-0.3448	0.2493	0.1143	-0.0555	0.2109	0.1746	-0.2828	-0.3242	0.3882	-0.0518	1	-0.3373	-0.2743	0.4303	0.0037	0.1689	0.1634	0.3324	0.4122	0.0491	-0.271	0.314	0.3264	-0.028	0.4323	-0.1653	0.3373	0.0937	-0.1158	-0.2436	0.1826	-0.0427	0.2849	0.0314	-0.0933	0.0278	0.0364	0.0116	0.0152	0.2079	0.3392	-0.2646	-0.2344	-0.0607	0.0367	-0.2495	0.5058	-0.0096	-0.0572	-0.3343	0.2464	0.4768	-0.2284	-0.3751	-0.0036	-0.249	0.5377	-0.2768	-0.0214	0.4609	0.63	-0.1901	-0.3104	0.5941	-0.0775	-0.3206	-0.1484	0.3486	-0.4627	0.0983	0.381	0.5172	0.5198	0.1943	-0.3667	-0.0473	-0.2354	0.2797	0.5064	-0.1163	-0.2879	-0.1	-0.463	0.4677	0.0587	-0.3267	-0.0542	0.0887	-0.3671	-0.0142	-0.0686	-0.3647	-0.0743	-0.0348	-0.2905	-0.0874	0.0733	0.09	-0.0424	-0.0235	-0.1388	0.418	-0.0816	0.0649	-0.2	0.0837	-0.2775	0.0443	-0.0818	0.5447	0.3735	-0.1319	-0.1008	0.3302	0.0081	0.3173	-0.1821	0.1238	0.0707	0.4782	-0.1885	0.1294	0.0688	-0.2181	0.1805	-0.0953	-0.4446	0.4107	0.0842	0.4483	0.3143	-0.2238	-0.1748	0.3657	-0.1235	0.1902	-0.007	0.3478	0.1812	0.0305	-0.3234	-0.1975	0.0683	0.0076	-0.2168	0.1828	-0.3104	0.3932	0.2678	-0.4025	-0.0838	0.2999	-0.2889	0.0105	-0.1814	0.3596	-0.2527	-0.0907	-0.2242	-0.1192	-0.1181	-0.2275	0.4282	0.175	0.2378	0.3509	-0.1804	0.4288	0.566	0.6089	0.0494	-0.0501	0.2152	0.0358	-0.2088	0.166	0.3528	0.0451	0.1637	0.4723	-0.0798	0.4213	0.1624	-0.296	-0.0626	-0.2261	0.213	-0.0973	0.511	0.0033	-0.077	0.6021	0.3998	-0.0181	-0.1901	-0.096	-0.0622	0.0414	-0.1331	0.0904	0.0417	0.0568	-0.0727	-0.3556	-0.3252	-0.0312	-0.2989	-0.0928	-0.3995	0.3625	-0.1608	-0.0404	0.384	-0.2288	0.014	0.4621	0.4301	-0.1799	-0.1436	0.1029	0.0495	0.2561	0.0645	-0.1565	0.3976	0.3313	0.0203	0.0959	0.2557	0.0304	-0.0224	-0.3556	0.0727	-0.034	-0.1877	-0.3869	-0.0384	-0.0345	0.0596	-0.041	0.1152	0.0316	-0.268	0.366	-0.2565	-0.4235	-0.269	-0.2023	0.0819	-0.2652	-0.0467	-0.0747	-0.2008	-0.0873	0.3177	-0.0952	0.069	-0.123	-0.232	0.3242	-0.1439	0.5241	-0.266	-0.0734	-0.1906	-0.2148	-0.1613	-0.0023	0.2239	-0.1962	-0.3083	-0.0815	0.4149
Sg_B27_18	-0.408	0.1681	0.4503	0.2369	0.0444	0.1744	0.577	0.1746	0.1848	0.3043	0.1797	-0.3984	0.1494	0.0386	-0.032	-0.0137	-0.0632	0.159	0.2579	0.2475	-0.0811	0.4173	0.3522	0.3993	0.2255	-0.2525	0.3948	0.0667	-0.3067	-0.3254	0.2868	0.0421	0.3978	0.4261	0.0147	-0.3529	0.2937	-0.3477	0.4371	0.1167	-0.0579	-0.2211	-0.4413	-0.2057	0.1011	-0.1376	0.2392	-0.4048	0.0936	-0.0131	0.198	0.553	0.1518	0.3767	0.0931	0.2481	0.4417	0.4106	-0.1439	-0.043	0.0927	-0.4113	-0.2303	0.351	0.1839	-0.2396	-0.0575	-0.3373	1	0.5159	-0.4508	0.2503	0.082	-0.1826	-0.3303	-0.3963	0.352	0.2515	-0.3611	-0.2413	-0.0714	-0.1349	0.3991	-0.0737	-0.0304	0.4089	0.4474	0.0418	0.2333	-0.1206	0.1393	-0.096	0.0591	-0.1756	-0.2651	-0.2608	0.2819	-0.1288	0.0564	-0.1192	-0.1056	-0.1888	0.213	-0.1824	-0.4016	0.2646	-0.044	-0.2512	-0.4486	-0.0608	0.1947	-0.2316	-0.062	-0.5337	0.0388	-0.3473	-0.238	-0.5493	0.0752	-0.0009	-0.4371	0.0121	0.2828	0.2131	-0.3099	0.4877	-0.1378	-0.4168	-0.1648	-0.4052	-0.2215	0.5095	-0.2289	0.365	0.0844	-0.4821	0.2097	0.0008	0.129	0.4324	-0.4186	0.0324	0.4326	0.1155	-0.1986	0.3056	0.1154	0.0949	0.3774	0.1205	0.0521	0.094	0.1792	0.111	-0.143	-0.242	-0.0276	0.2518	-0.395	-0.323	0.0156	0.1927	-0.3629	0.4181	-0.2002	0.1569	-0.247	-0.3047	0.0441	0.208	-0.4401	0.1078	-0.4261	0.0111	-0.3303	-0.0752	-0.3946	-0.22	-0.2053	-0.1992	0.0644	-0.2778	0.1116	0.2679	-0.4065	-0.2846	-0.1861	-0.2152	0.3463	0.2783	-0.386	0.2915	-0.4761	0.1928	-0.2559	0.0516	0.073	0.3897	0.1698	-0.3319	0.117	0.4653	-0.1463	0.2743	-0.394	-0.3354	0.1412	0.0081	-0.0635	0.3497	0.1865	0.1976	-0.0571	0.4409	0.1351	0.4305	0.2894	-0.1257	0.3956	0.0095	-0.1129	-0.254	-0.3738	0.1827	-0.4472	-0.394	-0.4232	0.0988	0.34	0.0252	0.2103	-0.1477	-0.2669	-0.4466	-0.2758	-0.1371	-0.3871	0.2311	-0.2018	-0.0058	0.1147	-0.011	0.4687	-0.3148	-0.1053	-0.3998	-0.0767	-0.0004	-0.36	-0.3394	0.1588	-0.0605	-0.2232	0.1469	-0.1702	0.1706	-0.1076	0.3555	-0.1005	0.0584	0.4559	0.2008	0.1287	0.3832	0.3004	0.4213	-0.4056	0.0239	-0.1237	-0.3487	0.3051	0.0733	-0.2686	-0.3455	0.1615	-0.0878	0.0095	-0.1166	-0.1876	-0.1695	0.3483	-0.1422	-0.2866	-0.2501	0.1028	-0.264	-0.1083	0.1418	0.0509	0.0944	0.2873	0.3917	0.3923	0.4287	-0.3058	0.2947	0.3253	-0.2189	0.1469	0.4011	-0.5089	0.4578	0.4595	0.4278	0.1578	0.0439	0.4085	0.3238	0.241	-0.0664	-0.312	-0.0861	0.0989	-0.138	0.0889	0.3708	-0.5215	-0.1312	-0.2694	0.4599	0.033	0.262	0.2281	-0.1286	0.0979	-0.358	-0.022	0.4082	0.1684	-0.3175
Sg_B27_6	-0.3283	0.2934	0.475	0.4	0.3328	0.1027	0.5939	0.232	0.3328	0.3203	0.2801	-0.4832	-0.0116	0.1629	-0.1375	0.1367	0.1539	0.1513	0.0679	0.0874	0.0825	0.2089	0.3314	0.4145	0.3678	-0.1356	0.335	0.124	-0.4146	-0.303	0.3882	-0.0051	0.4096	0.5814	0.0959	-0.4347	0.6031	-0.525	0.4465	0.0332	-0.1956	-0.1126	-0.4763	0.119	0.1006	-0.3151	0.3603	-0.3242	0.0531	0.0854	0.2537	0.5093	0.0093	0.4474	0.0837	0.3682	0.4528	0.4243	-0.0345	0.1189	-0.1246	-0.407	-0.3189	0.3772	0.0306	-0.3515	0.1176	-0.2743	0.5159	1	-0.4773	0.0527	0.2586	-0.1822	-0.2776	-0.4121	0.4057	0.498	-0.2511	-0.0836	-0.1255	-0.1699	0.5179	-0.0103	-0.2223	0.3279	0.3663	-0.1806	0.1177	-0.2512	0.2036	-0.1444	0.1868	-0.3295	-0.3834	-0.385	0.0496	-0.0925	0.1583	-0.0242	-0.1675	-0.0897	0.2869	-0.2552	-0.4763	0.0871	-0.0201	-0.179	-0.377	-0.1247	0.2247	-0.186	-0.0747	-0.4866	0.0723	-0.3728	-0.0952	-0.468	0.0043	0.011	-0.3546	0.1363	0.5015	0.0645	-0.2549	0.2445	-0.2542	-0.3719	-0.2223	-0.3468	0.0319	0.6067	-0.1209	0.3522	0.2541	-0.4596	-0.0352	0.0847	0.3108	0.4223	-0.4087	-0.161	0.5011	-0.0117	0.1912	0.4345	-0.0795	-0.0974	0.442	0.0498	-0.1909	-0.032	-0.003	-0.0875	-0.2066	-0.4389	0.1637	0.1339	-0.2945	-0.2335	0.118	0.0218	-0.2487	0.4097	-0.3508	-0.0948	-0.2929	-0.2836	-0.1894	0.3441	-0.3252	-0.0204	-0.4203	-0.0714	-0.0808	-0.2846	-0.4903	0.1869	-0.3246	-0.3524	0.0494	-0.2799	0.0225	0.2219	-0.3293	-0.2107	-0.4256	-0.0102	0.2789	0.0301	-0.3283	0.1926	-0.4744	-0.0726	-0.2038	0.0921	-0.213	0.4779	0.0236	-0.4277	-0.0725	0.5473	0.0063	0.4825	-0.3684	-0.3897	0.261	0.2309	0.237	0.4766	0.1767	-0.11	-0.0086	0.5231	0.0215	0.5145	0.5202	-0.1279	0.4475	-0.0795	0.0529	-0.1913	-0.3562	0.3911	-0.4611	-0.2934	-0.4473	-0.0688	0.4797	0.217	0.152	-0.243	0.0334	-0.2009	-0.3288	-0.3379	-0.2848	-0.0221	-0.0777	0.05	0.0207	0.0285	0.5018	-0.3241	-0.0094	-0.4531	-0.0033	-0.0444	-0.3304	-0.4097	0.2833	-0.2228	-0.4242	0.3356	0.2057	0.214	0.0213	0.1603	-0.1329	0.1577	0.6198	0.1244	0.1076	0.3511	-0.0674	0.4159	-0.3381	0.3276	-0.1089	-0.4238	0.4272	0.2512	-0.319	-0.3675	0.0188	-0.1422	-0.2095	-0.0233	-0.1054	-0.2831	0.4638	-0.1883	-0.339	-0.4425	0.109	-0.1204	-0.1344	-0.0255	0.1098	-0.0815	0.3852	0.3814	0.4575	0.4664	-0.4043	0.3579	0.4725	-0.0081	-0.1037	0.5417	-0.4621	0.5439	0.2294	0.565	-0.044	0.2017	0.2571	0.4052	0.0895	-0.0087	-0.3752	-0.2736	0.2454	-0.0575	0.0769	0.4124	-0.5943	-0.1545	-0.2319	0.602	0.2195	0.2912	0.2969	-0.2977	-0.1566	-0.3016	-0.027	0.4634	0.3064	-0.4741
Sg_C02_30	0.3883	0.0482	-0.398	-0.483	-0.3184	-0.4607	-0.4252	-0.5351	-0.2331	-0.2598	0.0156	0.3429	-0.0524	0.1212	0.0088	-0.0915	-0.1686	-0.0642	-0.1077	-0.105	-0.008	-0.4965	-0.6897	-0.2294	-0.3672	0.2386	-0.4724	-0.4138	0.2127	0.2735	-0.6195	-0.2535	-0.6136	-0.3282	-0.0133	0.2867	-0.2425	0.4355	-0.3321	-0.372	-0.0081	0.1054	0.6647	0.0807	0.2974	-0.0585	-0.5218	0.3699	-0.3535	-0.2524	-0.4423	-0.3241	-0.3702	-0.3658	-0.3875	-0.0573	-0.5684	-0.5707	0.2062	0.0947	0.2112	0.5432	0.2882	-0.5406	-0.168	0.3076	0.2315	0.4303	-0.4508	-0.4773	1	-0.1363	0.2517	0.2226	0.5763	0.7721	-0.1256	-0.2178	0.6251	0.0003	-0.1925	0.164	-0.2734	0.087	0.3394	-0.3468	-0.4207	0.2573	-0.3174	0.2676	-0.281	-0.1069	-0.0987	-0.1261	0.1849	-0.0229	-0.1233	0.1702	-0.4883	-0.2535	-0.118	-0.1058	-0.4489	0.1934	0.37	-0.0796	-0.3589	0.2028	0.1681	-0.2794	-0.5472	0.1926	-0.178	0.6218	-0.4102	0.357	0.0968	0.5902	-0.3335	-0.3515	0.4666	0.1005	-0.2427	-0.0738	0.2534	-0.4049	0.1765	0.4076	0.2791	0.4256	0.1782	-0.6217	0.1177	-0.0457	-0.1333	0.7706	0.0458	-0.3644	-0.0196	-0.6805	0.4628	0.2886	-0.3638	-0.0065	-0.0798	-0.3404	0.1986	0.1781	-0.4129	-0.0944	0.211	-0.3884	0.0056	0.0053	0.0937	0.0435	-0.2175	-0.1326	0.6362	0.211	0.1017	-0.1265	0.1684	-0.4176	0.0802	0.008	0.3555	0.3257	-0.1513	-0.3199	0.8073	-0.0035	0.4968	-0.3221	0.0795	0.2793	0.5275	-0.1744	0.0984	0.0883	-0.3563	0.2828	-0.2088	-0.4178	0.8564	0.0202	0.2585	0.1462	-0.3573	-0.1116	0.6593	-0.4116	0.367	0.186	0.0511	0.1695	0.2301	-0.5145	-0.0994	0.4095	0.1658	-0.3076	0.1377	-0.1918	0.6544	0.0633	-0.2558	-0.1739	0.0313	-0.4429	-0.093	-0.0042	-0.0826	-0.2765	-0.0435	-0.3882	-0.2066	-0.294	-0.6797	0.2663	0.2241	0.2669	0.2825	-0.0829	0.9206	0.3936	0.5079	0.2326	-0.0594	0.3064	0.0284	0.2147	0.1843	0.3035	0.2201	0.0069	0.4808	-0.109	0.0443	0.1444	-0.4377	-0.3371	-0.1954	0.5998	-0.0971	0.5918	0.0841	-0.3225	0.3999	0.3282	-0.0052	0.1068	0.3602	-0.1268	0.036	-0.2972	0.1165	0.0398	0.2106	0.0156	-0.4089	-0.3412	-0.1433	-0.1709	0.0232	-0.1941	0.649	-0.0154	-0.2065	0.2677	-0.4956	-0.0734	0.5145	0.7378	-0.1067	0.0231	0.3306	0.129	0.1367	-0.0331	-0.4946	0.143	0.5009	0.4031	0.2888	0.2693	0.1508	-0.1102	-0.5303	0.1376	-0.0751	-0.4973	-0.313	-0.349	0.3783	0.0027	-0.2928	0.0964	0.1412	-0.4199	0.5753	-0.3126	-0.4317	-0.494	-0.2285	0.0937	-0.377	-0.0744	-0.1766	-0.2903	0.3505	0.1894	-0.2763	-0.0582	-0.3719	-0.2995	0.48	-0.243	0.3139	-0.2911	-0.1089	-0.2536	0.0681	-0.1196	0.2109	0.6845	-0.2118	-0.675	-0.232	0.3707
Sg_C03_36	0.1076	-0.2097	-0.0496	0.0249	-0.0337	0.1197	0.1877	-0.0176	-0.0801	0.1409	0.0331	0.018	0.6686	-0.1103	0.229	-0.1636	-0.0794	0.0234	0.6063	0.7519	-0.2658	0.3099	0.1747	0.1305	-0.1591	0.0143	0.3101	-0.0212	-0.1119	-0.017	0.0757	-0.0264	0.2668	0.0328	-0.3396	-0.0545	-0.2294	0.02	0.2747	0.0024	-0.0486	-0.1879	-0.1088	-0.3015	-0.111	-0.1061	-0.0507	0.0634	-0.0067	-0.1707	-0.1557	0.063	-0.0529	0.0315	-0.1865	-0.0502	0.1885	0.1716	-0.0713	-0.2428	0.1043	-0.2008	-0.037	0.3632	0.5949	-0.051	-0.2872	0.0037	0.2503	0.0527	-0.1363	1	0.1378	-0.182	-0.3304	-0.0695	-0.2463	-0.0528	-0.2296	-0.1164	-0.1693	0.0246	-0.0127	-0.1701	-0.1999	-0.1545	0.1809	0.1344	-0.0192	0.3965	0.2397	0.1257	-0.1088	0.0103	0.0438	-0.1076	0.1124	-0.1152	-0.1711	-0.0331	-0.1983	-0.3055	-0.0362	-0.0475	0.0494	0.7307	-0.1335	-0.3318	-0.137	-0.046	-0.0247	0.0099	-0.0458	-0.1952	-0.0355	0.0102	-0.0036	-0.1698	-0.0457	-0.2096	-0.0648	-0.2501	-0.0621	0.5677	-0.0606	0.2171	-0.0378	-0.0796	0.1982	-0.1583	-0.2988	-0.0027	-0.2434	0.1266	-0.1048	-0.0917	0.7048	-0.1391	-0.1874	0.1709	-0.1883	0.0863	-0.01	0.5794	-0.1456	0.1809	0.0837	0.0336	0.3428	0.6283	0.1671	-0.0165	0.1191	0.1728	-0.225	-0.0589	-0.1839	0.7397	-0.1723	-0.1451	-0.059	0.3837	0.2752	-0.0471	-0.09	-0.0072	-0.0108	0.1298	0.1294	-0.0086	-0.2022	0.6263	-0.16	-0.1106	-0.1337	-0.0083	0.0556	-0.2189	-0.1979	0.0274	-0.0498	-0.0489	0.099	-0.0342	-0.0709	-0.0856	0.2489	-0.1689	0.0499	0.4557	-0.1502	0.2673	-0.1939	0.2115	0.0239	-0.1414	0.0454	0.0554	0.6769	0.1118	-0.0571	-0.0044	-0.2485	0.0075	0.0096	-0.0655	-0.0989	-0.1534	-0.1175	-0.0574	-0.1119	0.5785	-0.0694	0.006	0.6274	-0.1425	-0.2438	-0.1867	0.0573	-0.1587	-0.1859	-0.1472	-0.1473	-0.1445	-0.146	-0.0217	-0.0749	0.1191	0.0062	-0.0481	0.1134	0.1637	-0.2735	-0.2595	-0.1379	-0.0713	-0.1689	0.5412	-0.0349	-0.2476	-0.0353	-0.255	-0.0598	-0.1762	-0.0677	-0.08	-0.1162	-0.2214	0.0024	-0.0724	-0.0852	0.0193	-0.0302	-0.1264	-0.2694	0.0183	-0.0899	0.2335	-0.0101	-0.248	-0.039	0.048	-0.1109	-0.0997	0.1713	0.0943	-0.0697	-0.2364	-0.1866	-0.0052	-0.0679	-0.1047	-0.2409	-0.1173	0.6996	0.2006	0.0922	-0.035	-0.2977	-0.1198	0.0107	0.017	-0.1387	0.0717	-0.2353	-0.1595	-0.165	0.5989	-0.1487	0.1732	-0.2906	0.186	-0.003	-0.1893	0.0594	-0.0665	0.0188	-0.1152	0.0969	-0.0222	-0.0773	0.1091	0.3724	0.0333	0.3384	-0.3344	0.1301	-0.1388	-0.0071	-0.1415	0.0338	0.0052	-0.014	-0.1856	-0.1322	0.0266	-0.2504	-0.1308	-0.1471	-0.0802	-0.1249	0.0228	-0.0506	0.0057	0.088	-0.1439	-0.165	0.1427	-0.2259	-0.182
Sg_C04_25	0.0092	0.4229	0.2028	-0.1434	-0.1217	-0.5522	0.2489	-0.5457	0.3505	-0.0919	0.2913	-0.2799	0.0098	0.5043	-0.4829	0.0373	0.1449	0.3658	0.0203	0.1946	0.1706	-0.0458	-0.3036	0.2243	-0.0436	0.2113	0.1629	-0.3727	-0.3547	-0.0878	-0.2089	-0.2134	-0.2364	0.3198	0.1423	-0.2049	0.4125	-0.023	0.1942	-0.3508	-0.3118	-0.118	0.2693	0.1688	0.4671	-0.4279	-0.2941	0.1479	-0.4242	-0.5327	-0.3433	0.2407	-0.3683	0.1422	-0.5676	0.071	-0.1497	-0.3195	0.2097	0.2847	0.3864	0.1167	-0.1482	-0.1345	-0.1436	0.1945	0.1035	0.1689	0.082	0.2586	0.2517	0.1378	1	0.0996	0.2433	0.2724	0.1869	0.2596	0.2462	0.1179	-0.4889	0.2323	0.401	-0.0558	0.0349	-0.035	0.0722	0.1996	-0.0041	0.2524	0.0466	-0.5183	0.3183	-0.603	-0.1361	-0.2504	0.0577	-0.0246	-0.574	-0.2319	-0.5835	-0.2088	-0.2926	-0.0306	-0.1378	0.1317	-0.6036	0.1004	-0.2695	-0.4729	-0.528	-0.1608	-0.5313	0.1802	-0.5722	-0.0816	0.1771	0.1436	-0.3289	-0.623	0.1209	0.0357	0.2484	0.0002	0.019	-0.1846	-0.0785	0.1534	0.0016	0.1715	0.0122	-0.043	-0.0249	0.5788	0.1783	-0.0502	0.0503	-0.5867	0.4215	-0.2552	0.1331	0.305	0.2525	0.096	0.1536	0.1699	0.3287	0.3394	0.0409	0.0982	0.3189	-0.6039	0.2231	0.1338	-0.2433	-0.5098	-0.0674	0.1283	0.1951	-0.199	0.304	-0.2847	-0.0056	-0.3068	-0.1813	0.0742	0.1338	-0.0193	-0.5409	0.3373	0.2142	0.0085	0.0462	-0.6327	0.0749	0.1825	-0.012	-0.196	-0.1463	-0.4452	-0.3218	-0.1747	-0.025	-0.3488	0.3167	-0.1422	-0.1533	0.2872	-0.0056	-0.1447	-0.0353	-0.2967	-0.1878	0.3988	-0.1097	0.0788	0.2749	-0.1255	0.0149	0.0421	0.3872	0.4242	0.0552	0.1621	0.3066	-0.4697	-0.0151	-0.069	0.3001	-0.0606	0.2091	-0.1347	0.0434	0.4147	0.0536	0.408	0.3409	-0.4897	-0.2698	0.1802	0.1719	-0.1152	0.0222	0.2722	0.3	0.2063	0.0402	0.3819	0.3979	0.6254	0.1729	-0.1228	0.0226	-0.1192	-0.1157	-0.18	0.2708	-0.1057	-0.0316	0.1644	-0.5587	-0.5423	0.3958	0.1585	-0.2231	0.1471	0.1329	-0.5485	0.2842	-0.0175	0.2968	-0.1035	-0.1637	0.2602	0.2108	0.1609	0.0379	0.018	-0.0936	0.1419	0.2747	-0.2422	-0.197	0.4049	0.2154	0.416	0.0656	0.2278	-0.4552	0.0694	-0.1115	-0.0821	0.1494	0.0586	0.0482	0.0337	0.3507	0.2031	-0.1289	-0.5128	0.0762	-0.0972	0.1211	-0.0202	0.5341	0.1188	-0.0699	-0.1008	-0.5143	0.1242	0.4327	-0.1057	0.2316	0.0419	-0.0422	0.3955	0.4093	0.0033	0.3016	0.1998	0.0587	0.34	-0.4501	0.0322	-0.3241	0.0574	0.0503	0.4755	0.0282	-0.5478	-0.1464	-0.066	-0.0915	-0.2587	-0.4511	-0.0683	-0.0969	-0.4325	0.1297	0.4306	0.0588	0.0504	0.5747	-0.6515	0.3224	0.1741	-0.474	-0.1528	-0.2207	-0.1115
Sg_C04_33	0.2898	0.0076	-0.1126	-0.2577	-0.0617	-0.3486	-0.147	-0.3339	-0.0363	-0.2558	-0.2554	0.0644	-0.0275	0.015	-0.285	0.0891	0.1307	-0.1224	-0.0158	-0.0254	0.0621	-0.3002	-0.3599	-0.2213	-0.2156	0.0846	-0.1817	-0.1214	0.0906	0.0959	-0.278	-0.0253	-0.4014	-0.1418	0.0451	0.0903	-0.0758	0.0865	-0.1653	-0.1666	-0.029	0.2494	0.3334	0.2687	0.0896	-0.0548	-0.1892	0.3874	-0.1776	-0.0752	-0.2711	-0.2003	-0.3226	-0.2776	-0.2114	-0.1962	-0.2934	-0.4357	0.0448	-0.0263	0.1232	0.3663	0.0948	-0.2136	0.0091	0.1571	-0.1449	0.1634	-0.1826	-0.1822	0.2226	-0.182	0.0996	1	0.3988	0.1767	0.0052	-0.2567	0.2408	0.1852	-0.0688	0.14	-0.2497	0.1834	0.1671	0.0159	-0.0886	0.0748	0.2524	0.4476	-0.2156	-0.1994	-0.0533	0.0282	0.1248	0.057	-0.077	0.3263	-0.1997	0.1259	-0.0721	0.0979	-0.4222	0.1914	0.1032	-0.0143	-0.0664	0.1404	0.2085	-0.2071	-0.248	-0.0712	-0.2003	0.3584	-0.25	-0.0239	0.1411	0.4911	-0.1721	-0.2104	0.3947	-0.1456	-0.274	0.009	0.2487	-0.3978	0.2884	0.258	0.0762	0.427	0.1925	-0.2977	0.1111	-0.2125	0.121	0.2234	-0.0508	-0.2507	-0.0021	-0.3693	0.3674	0.2907	-0.164	-0.0526	0.0524	-0.3085	0.0524	-0.0775	-0.2158	-0.0204	0.0991	-0.3079	0.0348	-0.0424	0.1706	0.0261	0.0635	-0.0729	0.316	0.0875	-0.1587	-0.1653	0.045	-0.1522	-0.0569	-0.1129	0.0346	0.0416	-0.3443	0.2786	0.1811	-0.0339	0.4508	-0.2618	0.1075	0.2174	0.2728	-0.051	0.1398	-0.0384	-0.2292	0.1795	0.092	-0.3511	0.2677	-0.0206	0.1841	0.0507	-0.2602	-0.0941	0.1556	-0.2301	0.2335	-0.0089	0.2183	0.0734	0.141	-0.3196	-0.086	0.1064	0.0262	-0.1866	0.0831	-0.0482	0.2149	0.3152	-0.0652	-0.0109	-0.1359	-0.343	0.2923	-0.1357	0.1171	-0.1504	-0.0439	-0.1012	-0.0737	-0.1761	-0.2491	0.2751	0.0267	0.173	0.4427	-0.1389	0.1908	0.2794	0.3517	0.0525	-0.1982	0.0064	-0.0738	0.0342	0.0773	0.2936	0.1584	0.2085	0.2153	0.0064	0.3373	-0.0085	-0.3164	-0.1432	-0.2406	0.2818	0.0191	0.3267	0.2067	-0.1563	0.2642	0.4516	-0.168	-0.0377	0.1072	-0.0526	0.3831	-0.1711	0	-0.2798	0.1267	-0.0087	-0.2709	-0.1305	-0.115	-0.0463	-0.0064	-0.2365	0.2779	-0.0445	-0.0623	0.4278	-0.3438	-0.0314	0.3822	0.2652	-0.1019	0.1375	0.1427	-0.0654	0.066	0.0567	-0.3248	0.3016	0.1396	0.0266	0.1479	0.2809	0.049	-0.0393	-0.1582	0.0612	-0.0073	-0.31	-0.1423	-0.1108	0.0753	-0.1881	-0.222	-0.0085	-0.0206	-0.3166	0.2096	-0.2305	-0.4528	-0.2976	-0.0617	0.0444	-0.3074	0.0582	-0.0399	-0.3262	0.0542	0.2226	-0.1531	0.2137	-0.197	-0.1981	0.2357	-0.0546	0.3225	-0.1393	-0.1079	-0.4161	-0.0801	-0.1107	0.1297	0.1411	-0.182	-0.3038	0.0215	0.0008
Sg_C14_34	0.2762	0.1152	-0.0877	-0.4879	-0.1543	-0.4721	-0.1391	-0.4256	-0.0842	-0.3465	-0.1725	0.1751	-0.135	0.2584	-0.1747	-0.0453	0.0351	-0.0969	-0.1387	-0.1505	-0.0169	-0.5364	-0.5664	-0.2806	-0.2331	0.1045	-0.3729	-0.3947	0.0525	0.1438	-0.5704	-0.0045	-0.5159	-0.2331	0.0081	0.1602	-0.0246	0.3023	-0.3691	-0.3147	-0.1377	0.2109	0.4565	0.2742	0.2024	-0.1027	-0.3937	0.313	-0.3332	-0.21	-0.3008	-0.1236	-0.1883	-0.2542	-0.2511	-0.1067	-0.5029	-0.5421	0.2203	0.1296	0.2433	0.2865	0.047	-0.5082	-0.2147	0.2771	0.0678	0.3324	-0.3303	-0.2776	0.5763	-0.3304	0.2433	0.3988	1	0.4647	0.029	-0.1473	0.5495	0.0318	-0.1632	0.1987	-0.1999	0.2944	0.4382	-0.2772	-0.3972	0.1574	-0.1127	0.2101	-0.4219	-0.3049	0.0133	-0.0485	0.0278	0.1021	-0.1672	0.2619	-0.2674	0.0106	-0.2202	0.079	-0.4158	0.0278	0.2043	-0.154	-0.1844	0.3065	0.0986	-0.2008	-0.4662	0.0576	-0.3928	0.4642	-0.3924	0.1929	0.1088	0.5044	-0.2113	-0.2232	0.3244	-0.0015	-0.2099	-0.1161	0.1888	-0.5301	0.0576	0.218	0.1334	0.3472	0.3069	-0.4657	0.1919	-0.0465	-0.0854	0.4076	-0.124	-0.2816	0.0137	-0.5971	0.3432	0.3285	-0.2629	-0.0021	0.0548	-0.3845	0.2616	0.0176	-0.3471	-0.1048	0.3225	-0.3966	0.1346	0.065	0.1941	-0.0516	-0.1398	-0.1826	0.4179	0.1649	-0.101	-0.2626	0.0373	-0.2838	0.0955	-0.076	0.2771	0.4039	-0.3851	-0.1435	0.4417	-0.0637	0.4922	-0.2238	-0.0274	0.3651	0.2831	-0.0458	0.1846	0.025	-0.4346	0.1696	0.0464	-0.3951	0.3976	0.0911	0.0425	0.1883	-0.3543	-0.1917	0.4167	-0.4419	0.3602	0.2095	0.1283	0.1758	0.2304	-0.3432	-0.1993	0.2835	0.0897	-0.1969	0.2758	-0.0664	0.4093	0.0742	-0.1487	0.0417	0.0602	-0.3494	-0.0355	-0.2522	-0.0316	-0.1735	-0.0356	-0.0964	0.0155	-0.2214	-0.516	0.3632	0.2858	0.2572	0.3108	-0.1733	0.5158	0.3366	0.298	0.2388	-0.1702	0.2896	-0.1213	0.0173	0.2348	0.2754	0.3433	-0.0283	0.2728	-0.1802	0.1653	0.1626	-0.3778	-0.1345	-0.1852	0.3911	0.0212	0.3945	0.2424	-0.2079	0.2346	0.3333	-0.1196	-0.0905	0.2552	-0.101	0.2051	-0.1827	0.0646	-0.212	-0.0148	0.024	-0.2926	-0.2344	-0.1956	-0.0343	-0.0021	-0.2411	0.3798	0.0343	-0.1556	0.2046	-0.4933	-0.0599	0.4356	0.4662	-0.1623	-0.0986	0.3552	0.1095	0.3382	-0.0687	-0.3315	0.1902	0.208	0.2902	0.4334	0.2689	-0.0277	-0.1907	-0.4048	0.1321	0.0753	-0.4846	0.0131	-0.1537	0.2281	0.0547	-0.0939	0.0759	0.1202	-0.2947	0.1198	-0.3513	-0.5611	-0.3613	-0.2504	0.155	-0.3602	-0.0572	-0.129	-0.2353	0.193	0.2242	-0.1625	0.1545	-0.2472	-0.2427	0.4288	-0.0778	0.3049	-0.2395	-0.1481	-0.2556	0.048	-0.2087	0.3102	0.3429	-0.1611	-0.5107	-0.2202	0.246
Sg_CA11_3	0.1904	0.1335	-0.3619	-0.4591	-0.3702	-0.4344	-0.356	-0.4354	0.0176	-0.2799	0.0203	0.312	-0.1089	0.1101	-0.0944	0.0656	-0.0129	-0.0124	-0.2473	-0.0939	0.1638	-0.3938	-0.5972	-0.2033	-0.2276	0.2696	-0.3658	-0.3282	0.2605	0.249	-0.5807	-0.2732	-0.4785	-0.2127	0.1103	0.2495	-0.2118	0.3629	-0.2295	-0.3116	0.028	-0.0246	0.5224	0.1273	0.3569	-0.045	-0.5467	0.2925	-0.3971	-0.3632	-0.3923	-0.3339	-0.2477	-0.1845	-0.3313	-0.0051	-0.5582	-0.6252	0.2314	0.1619	0.1692	0.4197	0.3349	-0.4772	-0.2605	0.1682	0.1724	0.4122	-0.3963	-0.4121	0.7721	-0.0695	0.2724	0.1767	0.4647	1	-0.1372	-0.0968	0.5181	-0.0743	-0.2157	0.1403	-0.0936	0.1418	0.2579	-0.325	-0.4768	0.2459	-0.2017	0.1859	-0.2731	-0.1108	0.0358	-0.1456	0.1869	0.074	-0.1541	0.0945	-0.3947	-0.182	-0.1572	-0.1075	-0.3663	0.0938	0.3973	-0.1416	-0.3849	0.1848	0.0438	-0.1848	-0.5267	0.1269	-0.171	0.4997	-0.4403	0.3041	0.0188	0.4224	-0.164	-0.3298	0.2844	0.1003	-0.1331	-0.2357	0.0325	-0.3714	0.0347	0.2525	0.1926	0.2743	0.2454	-0.488	0.1042	0.0448	-0.0517	0.6646	-0.065	-0.2593	0.1127	-0.6211	0.3409	0.2191	-0.1357	-0.0876	0.0679	-0.2263	0.1249	0.1342	-0.361	-0.1193	0.1831	-0.2506	-0.0494	0.0378	0.0258	0.0318	-0.2153	-0.1904	0.655	0.2062	0.0202	-0.3666	0.1397	-0.4194	0.0469	0.0759	0.2819	0.2402	-0.2071	-0.1386	0.768	-0.1338	0.3345	-0.2318	0.0206	0.1918	0.3176	-0.2231	0.1064	0.0631	-0.3185	0.2448	-0.3017	-0.3522	0.7655	0.077	0.0909	0.0734	-0.177	-0.327	0.6158	-0.3776	0.2133	0.1931	-0.0094	0.1215	0.2108	-0.4315	-0.2549	0.3832	0.1678	-0.1758	0.1857	-0.0824	0.5294	-0.0348	-0.1619	-0.1275	0.1067	-0.305	0.0261	-0.131	-0.1351	-0.1201	-0.1104	-0.3295	-0.0525	-0.1852	-0.5811	0.345	0.1922	0.1395	0.1411	-0.0525	0.7984	0.2761	0.4074	0.2506	0.014	0.4295	0.0355	0.2223	0.1862	0.0837	0.0834	0.0243	0.4521	-0.2665	-0.0632	0.3621	-0.2994	-0.2382	-0.1055	0.4763	-0.0823	0.4184	0.1525	-0.2276	0.2668	0.169	-0.0138	0.193	0.3149	-0.0866	0.0453	-0.1847	0.1368	0.0468	0.2087	0.1415	-0.2497	-0.2952	-0.1037	-0.24	-0.0249	-0.1098	0.5795	0.0067	-0.1542	0.2108	-0.4742	-0.0827	0.566	0.6728	-0.1767	0.0766	0.2293	0.3198	0.1238	-0.0521	-0.3375	0.0387	0.4166	0.3943	0.1496	0.1616	0.0865	-0.228	-0.4499	0.0534	0.008	-0.3291	-0.2538	-0.3094	0.3601	0.0383	-0.2633	0.1226	0.1588	-0.2762	0.5572	-0.1559	-0.4604	-0.4042	-0.4415	0.1273	-0.3141	0.0651	0.0083	-0.1638	0.2507	0.0479	-0.2959	-0.1969	-0.2568	-0.3036	0.4074	-0.1086	0.1894	-0.1787	-0.0432	-0.1882	0.1068	-0.0765	0.169	0.6044	-0.1984	-0.6782	-0.1839	0.3357
Sg_CA11_45	-0.3263	0.3754	0.5158	0.0172	0.0986	0.094	0.123	0.0699	0.2161	0.1097	0.0544	-0.3371	-0.3253	0.2371	-0.1623	0.1804	0.0138	0.1691	-0.3868	-0.2902	0.145	0.0543	0.2397	0.0813	0.2616	-0.0121	0.0496	0.0465	-0.2325	-0.2347	0.1194	0.1622	0.0577	0.2295	0.1419	-0.3372	0.4818	-0.435	0.0747	0.0879	-0.0968	0.1839	-0.2079	-0.0504	0.0835	-0.0415	0.1659	-0.1042	0.1785	0.1133	0.2913	0.1804	0.011	0.2092	0.0899	0.2337	0.2751	0.0693	0.0655	0.159	0.0205	-0.1072	-0.217	-0.1122	-0.2266	-0.0476	0.1949	0.0491	0.352	0.4057	-0.1256	-0.2463	0.1869	0.0052	0.029	-0.1372	1	0.2391	-0.1076	0.0587	0.0466	0.1069	0.5201	0.2398	0.1436	0.25	0.134	-0.1679	0.2505	-0.1534	-0.0301	-0.2503	0.0635	-0.1634	-0.2668	-0.1386	0.2373	0.0197	0.0848	-0.1259	-0.0165	0.1647	0.2981	0.0444	-0.3622	-0.2962	-0.0857	-0.0809	-0.0785	-0.0708	0.0487	-0.3723	0.0279	-0.102	0.0727	-0.4572	0.1209	-0.1396	-0.1803	0.0528	-0.1027	0.1372	0.2271	-0.4312	-0.1601	0.0799	0.0908	-0.2102	-0.1184	-0.059	-0.0502	0.3843	-0.0742	0.2561	0.3245	-0.1243	-0.3353	0.0152	0.3466	0.1581	-0.1307	-0.0478	0.3145	-0.2916	0.0581	0.1365	-0.0384	-0.1133	-0.1323	-0.3477	-0.0442	0.0209	0.0426	-0.0158	-0.0668	-0.2189	0.3037	-0.28	-0.1843	-0.1701	0.2149	-0.3569	-0.5459	0.2561	-0.2699	-0.0242	0.0409	-0.2224	-0.0324	0.2704	-0.1274	-0.4168	-0.1237	0.0129	-0.1169	0.0035	-0.1556	0.066	-0.0963	-0.25	0.014	-0.1135	0.1013	0.0306	-0.1829	-0.0054	-0.2536	0.0874	0.2615	-0.3656	-0.1734	-0.0262	-0.1201	-0.0056	-0.1216	0.1109	0.0209	0.2251	-0.4029	-0.4148	-0.0434	0.4091	0.0322	0.11	-0.1373	-0.0458	-0.0141	0.0424	0.2543	0.3193	0.4053	-0.3359	0.114	0.3422	-0.3042	0.3981	0.3869	0.0593	0.2081	0.0149	0.0229	0.0607	-0.0567	0.1678	-0.1465	-0.0907	-0.2144	0.0664	0.4754	0.2822	-0.027	-0.1804	-0.0421	0.1358	-0.0988	-0.0268	-0.095	-0.4348	0.183	0.1153	-0.0034	0.1357	0.3589	-0.1991	-0.1631	-0.1383	-0.0206	0.1665	-0.0972	-0.0969	0.2062	-0.1485	-0.3524	0.1906	0.0204	0.0869	-0.0653	-0.0702	-0.1167	0.2801	0.3697	-0.0178	0.2237	0.5083	0.0921	0.2632	-0.1666	0.1148	-0.0068	-0.1962	0.248	0.0967	-0.0429	-0.1608	-0.3489	-0.2033	-0.0785	0.0213	0.0417	-0.0066	0.3552	0.1082	-0.0587	-0.3698	0.295	-0.0416	-0.2113	-0.3449	0.0343	-0.113	0.4733	0.1927	0.2631	0.8883	-0.3831	0.2784	0.2445	-0.0729	-0.0257	0.4466	-0.1777	0.4843	-0.0581	0.3004	-0.0671	0.265	0.2891	0.3601	0.1733	0.0028	-0.2442	-0.0983	0.0868	-0.1562	0.107	0.3008	-0.2542	-0.0091	0.0289	0.4187	0.1105	0.2165	0.2877	-0.2198	0.0311	-0.0667	0.1086	0.2528	0.1061	-0.0464
Sg_CA11_52	-0.3237	0.3732	0.4764	0.0973	0.2707	-0.0088	0.3733	0.1015	0.3704	0.3985	0.5527	-0.1645	-0.0483	0.2937	-0.2107	0.289	0.1281	0.3078	-0.124	0.0377	0.1807	0.1016	0.1493	0.5796	0.2014	-0.2354	0.1595	-0.1644	-0.3965	-0.1671	0.1532	0.0028	0.28	0.4965	0.2636	-0.3083	0.5593	-0.1609	0.3935	-0.0069	-0.1835	-0.2145	-0.3521	0.1933	0.3251	-0.4213	0.0338	-0.4415	-0.1105	-0.1348	0.0321	0.4044	-0.0555	0.8434	-0.0446	0.4847	0.207	0.1241	0.0673	0.4091	-0.0192	-0.2808	-0.1342	0.1219	-0.0814	-0.2109	0.3516	-0.271	0.2515	0.498	-0.2178	-0.0528	0.2596	-0.2567	-0.1473	-0.0968	0.2391	1	-0.0294	-0.1994	-0.2856	-0.1172	0.461	-0.1005	-0.2219	-0.0589	0.2804	-0.1767	-0.0791	-0.213	0.0107	-0.2823	0.3444	-0.5528	-0.2235	-0.379	0.0052	-0.457	-0.0638	-0.2945	-0.3477	-0.1218	0.118	-0.3491	-0.1231	0.0138	-0.1514	-0.2703	-0.539	-0.1261	-0.0273	-0.1042	0.0318	-0.2856	-0.1599	-0.0982	-0.2202	-0.4384	-0.0191	-0.1597	-0.4455	0.3615	0.9629	-0.0863	-0.5067	0.2754	-0.1619	-0.4259	-0.3178	-0.4442	-0.0094	0.463	-0.0583	0.5815	0.1295	-0.4475	-0.1198	-0.0803	0.3331	0.3084	-0.3748	-0.1705	0.4335	0.0053	0.2539	0.8035	-0.0001	0.2812	0.4094	-0.0885	-0.0185	-0.0119	0.0168	0.0894	-0.3385	-0.4847	0.1255	-0.0011	-0.1064	-0.0745	-0.0042	-0.0906	-0.0413	0.0425	-0.528	0.2719	-0.1189	-0.2486	-0.3205	0.2915	-0.0859	-0.1816	-0.3328	-0.1673	-0.0073	-0.1935	-0.4722	0.2365	-0.4115	-0.4105	0.1309	-0.2842	-0.1708	0.2316	-0.1448	-0.2085	-0.5684	0.0353	0.298	-0.0947	-0.1489	-0.1987	-0.5921	-0.0276	-0.4522	0.0088	-0.0781	0.2315	-0.0421	-0.0665	0.3012	0.5051	0.2534	0.4782	-0.0725	-0.5368	0.5304	0.253	0.2133	0.3814	0.1379	-0.2067	-0.3024	0.5101	-0.0986	0.3675	0.4608	-0.1842	0.1736	-0.1154	0.2455	-0.2201	-0.4388	0.5233	-0.1053	-0.3185	-0.4416	0.0335	0.3806	0.3111	0.3972	-0.0367	0.0131	-0.2612	-0.5113	-0.3282	-0.2007	-0.1237	-0.3126	0.1992	0.0048	-0.2164	0.5185	-0.1257	0.0411	-0.5025	-0.0534	-0.1567	-0.2937	-0.483	0.2877	0.1578	-0.0617	0.3707	0.112	0.2483	0.1452	0.095	0.0097	0.2844	0.5749	0.0868	-0.149	0.5202	-0.105	0.5483	-0.1811	0.3689	-0.2091	-0.4892	0.3306	0.2311	-0.1587	-0.2968	-0.0075	0.0826	-0.0936	0.2852	-0.1536	-0.0994	0.3016	-0.4172	-0.3161	-0.0576	0.0792	-0.2553	-0.377	-0.1031	-0.1337	-0.1468	0.2853	0.213	0.338	0.2572	-0.0626	0.2536	0.4884	0.192	0.0192	0.4874	-0.3209	0.4755	0.0822	0.3411	-0.1712	0.2326	0.1835	0.3635	0.1644	0.0225	-0.1996	-0.4589	0.0781	-0.3978	-0.0826	0.1946	-0.5682	-0.2615	-0.1961	0.5714	0.3303	0.3636	0.5136	-0.3494	-0.01	0.0128	-0.1489	0.2796	0.0989	-0.4554
Sg_CA13_9	0.293	0.0986	-0.2016	-0.3745	-0.0496	-0.5277	-0.3234	-0.4547	-0.1065	-0.2107	-0.0697	0.1735	-0.1811	0.0276	-0.0265	-0.0971	-0.0525	-0.0743	-0.2311	-0.1909	0.0695	-0.4217	-0.5258	-0.1606	-0.1343	0.2745	-0.4208	-0.2646	-0.0029	0.1635	-0.5351	-0.1715	-0.5513	-0.1964	-0.1041	0.1355	-0.118	0.2918	-0.2671	-0.3568	-0.0429	-0.0146	0.4436	0.2437	0.2718	-0.0385	-0.3036	0.2318	-0.3548	-0.3144	-0.3623	-0.2567	-0.2388	-0.0968	-0.3203	-0.0748	-0.5341	-0.4604	0.1838	0.0126	0.2984	0.3765	0.2582	-0.4657	-0.252	0.2948	0.1132	0.314	-0.3611	-0.2511	0.6251	-0.2296	0.2462	0.2408	0.5495	0.5181	-0.1076	-0.0294	1	0.0283	-0.1988	0.2247	-0.231	0.1882	0.416	-0.3698	-0.3136	0.2803	-0.2873	0.2014	-0.2522	-0.0803	-0.1077	-0.2313	0.0713	-0.1337	-0.2117	0.3228	-0.3673	-0.3391	-0.0612	-0.1492	-0.2662	0.1694	0.1967	-0.1939	-0.3157	0.2382	0.1667	-0.128	-0.32	0.2252	-0.347	0.5094	-0.4114	0.2819	0.0369	0.4792	-0.3162	-0.3614	0.422	0.0316	-0.0644	-0.1668	0.2287	-0.3931	0.1174	0.367	0.2968	0.3876	0.1744	-0.4554	0.1511	0.0366	-0.05	0.5506	-0.064	-0.3062	0.0406	-0.5373	0.2896	0.3363	-0.2482	-0.0613	0.1058	-0.1863	0.3113	0.179	-0.3083	-0.1861	0.2193	-0.4071	0.1205	0.0201	0.2436	-0.0263	-0.2486	-0.2202	0.458	0.2034	0.0208	-0.1969	0.2923	-0.4558	0.1866	0.0267	0.2248	0.2923	-0.2163	-0.2055	0.5623	-0.1492	0.5079	-0.3364	0.1669	0.2948	0.3316	0.0403	0.0715	0.0364	-0.2483	0.2894	-0.0694	-0.3276	0.5553	-0.1038	0.1545	0.1446	-0.2915	-0.2558	0.4614	-0.3752	0.282	0.2961	0.0717	0.1957	0.2977	-0.3609	-0.1783	0.3107	0.0761	-0.1601	0.1519	-0.1433	0.7829	0.108	-0.1381	-0.1718	0.0037	-0.2785	0.0109	-0.1881	-0.0507	-0.106	-0.1227	-0.1227	-0.0257	-0.2331	-0.4802	0.4163	0.1806	0.2039	0.2103	-0.1256	0.5758	0.1927	0.3683	0.3015	-0.12	0.2599	-0.1022	0.0774	0.1779	0.3063	0.2439	-0.1464	0.6377	-0.2254	0.0568	0.1734	-0.4336	-0.2733	-0.0745	0.6338	-0.1287	0.3252	0.1718	-0.3348	0.34	0.2142	-0.0795	-0.043	0.2644	-0.107	0.1845	-0.3059	-0.0852	0.1007	0.0906	-0.1051	-0.2438	-0.2548	-0.0244	-0.1715	0.1299	-0.0535	0.3833	-0.0153	-0.3059	0.1592	-0.4075	-0.0673	0.6708	0.4419	-0.1967	0.0437	0.3222	0.1338	0.1929	-0.0639	-0.4246	0.1895	0.1804	0.188	0.22	0.3157	-0.0091	-0.2071	-0.3955	0.2575	0.0976	-0.3983	-0.2769	-0.2591	0.254	-0.0076	-0.0853	-0.0236	0.2573	-0.2606	0.3865	-0.2632	-0.4402	-0.353	-0.3043	-0.0259	-0.2657	-0.0586	-0.0201	-0.2486	0.102	0.3529	-0.2286	0.1471	-0.3487	-0.2955	0.4108	-0.179	0.3598	-0.1493	-0.1735	-0.2789	0.1955	-0.2215	0.2869	0.4836	-0.2946	-0.4669	-0.1864	0.3444
Sg_CA25_14	0.1906	-0.1867	-0.1824	-0.1163	-0.0494	-0.1719	-0.107	-0.2564	-0.2137	-0.1943	-0.3273	-0.0918	-0.2283	0.0762	-0.2482	-0.2163	0.1268	-0.0188	-0.0358	-0.1551	0.3284	-0.3239	-0.1914	-0.1111	-0.0881	0.187	0.0209	-0.1209	0.0691	0.1017	-0.0051	0.1781	-0.1845	-0.2501	0.236	0.0723	-0.1819	0.0132	-0.0202	-0.0432	-0.114	0.1841	0.2708	0.1303	-0.1078	0.0664	-0.0719	0.5862	0.0135	-0.0425	-0.0093	-0.0786	-0.0456	-0.1927	-0.1865	-0.1067	-0.0635	-0.122	-0.0905	-0.0513	0.1267	0.2749	-0.0056	-0.0939	-0.1833	0.4987	-0.0769	0.3264	-0.2413	-0.0836	0.0003	-0.1164	0.1179	0.1852	0.0318	-0.0743	0.0587	-0.1994	0.0283	1	0.1567	0.4034	-0.1371	0.1992	-0.1249	0.1473	0.0731	-0.124	0.2406	0.0669	-0.0522	-0.1702	0.0371	-0.0467	0.1795	0.1787	0.1314	0.1751	-0.0646	0.1278	-0.1866	0.1529	-0.2679	0.2949	-0.0491	-0.1434	-0.0046	0.1616	0.4285	-0.1304	-0.2829	0.1394	-0.3252	0.4239	0.0258	0.0266	0.5081	0.4238	-0.1504	-0.2145	0.4448	-0.1383	-0.2466	-0.1355	0.3441	-0.3124	0.105	0.5167	0.0049	0.517	0.0128	-0.3165	0.1979	-0.1245	0.1123	-0.0345	-0.1928	-0.2426	-0.0333	-0.2292	0.2774	-0.0601	-0.2236	0.069	0.1666	-0.1977	0.0289	0.1776	-0.059	0.1297	0.0594	-0.1971	-0.0982	-0.0347	-0.1018	-0.0193	0.0052	-0.1262	-0.0117	-0.0495	0.2125	-0.1296	0.1041	-0.2165	0.0185	0.0829	0.2009	0.229	-0.2051	0.1153	-0.1008	0.021	0.1632	-0.0887	-0.0403	0.0446	0.1416	0.0151	0.1057	-0.117	0.006	0.0636	-0.0108	-0.1875	0.0365	0.1975	0.4049	0.4362	-0.2897	-0.1728	-0.1378	-0.2428	0.1001	0.0047	0.5593	-0.0231	-0.0242	-0.0734	-0.1159	0.0625	0.1688	-0.2659	0.101	-0.0424	0.153	0.0427	-0.1142	-0.1657	-0.0132	-0.2883	-0.0741	-0.1432	0.6354	-0.2818	0.025	-0.0349	-0.1584	0.0476	-0.1824	0.034	0.0807	0.2779	0.5587	-0.1595	-0.0177	0.4455	0.3542	0.0657	-0.1739	-0.1916	0.0056	-0.0841	0.0444	0.3948	0.1449	0.2732	0.2153	-0.0818	0.3206	-0.1484	-0.1324	0.0098	-0.1469	-0.099	-0.0839	0.2066	0.0654	-0.0189	0.4773	0.262	-0.0274	-0.2843	-0.0637	-0.1521	0.2657	-0.0404	-0.0255	-0.1819	0.0763	-0.2463	-0.2943	-0.2631	-0.2594	-0.0794	-0.0642	-0.3058	-0.1977	0.0901	0.027	0.6102	-0.2173	0.001	-0.0098	-0.1727	-0.0832	0.1084	0.1068	-0.0169	0.2783	-0.0855	-0.1459	0.2961	0.289	-0.053	0.0637	-0.0193	0.2166	-0.2029	-0.1466	-0.1868	-0.0248	-0.4121	-0.0966	-0.0364	-0.026	-0.1488	-0.234	0.1051	0.0317	-0.3241	0.0458	-0.1631	-0.3424	-0.275	-0.2098	-0.1105	-0.2975	-0.1424	-0.3378	-0.2183	-0.0826	0.1596	-0.2101	0.0806	0.0427	-0.2016	0.2181	-0.0289	0.5193	-0.1688	-0.1647	-0.399	-0.1122	-0.147	0.0526	-0.0291	-0.2109	-0.1516	-0.1412	0.2766
Sg_CA25_21	-0.0101	-0.4822	-0.0179	0.1366	0.1426	0.5596	-0.1071	0.5258	-0.173	-0.0552	-0.3891	0.0456	-0.2566	-0.4085	0.3383	-0.0255	-0.1737	-0.3669	-0.1339	-0.239	-0.0903	-0.0534	0.262	-0.23	0.1433	-0.1954	-0.1614	0.2903	0.1379	0.0188	0.2013	0.2441	0.126	-0.3171	-0.0989	0.0428	-0.3391	-0.1603	-0.0208	0.5603	0.2016	0.1908	-0.2189	-0.0395	-0.36	0.5492	0.4461	-0.0452	0.6484	0.7034	0.4924	-0.1064	0.5919	-0.1952	0.5708	-0.201	0.0579	0.1405	-0.0313	-0.2024	-0.2724	0.0272	-0.1004	0.0659	0.0111	-0.0359	-0.1453	-0.028	-0.0714	-0.1255	-0.1925	-0.1693	-0.4889	-0.0688	-0.1632	-0.2157	0.0466	-0.2856	-0.1988	0.1567	1	-0.1297	-0.3561	-0.0085	0.04	0.1911	-0.0089	-0.2444	-0.0273	-0.2387	0.0182	0.341	-0.2885	0.5696	0.0247	0.5337	-0.1023	-0.0422	0.5355	0.5514	0.549	0.5457	0.2894	-0.1133	-0.0978	-0.2473	0.6923	-0.0638	0.2458	0.4568	0.517	0.1715	0.1291	-0.075	0.6173	-0.0975	0.0447	-0.09	0.4769	0.6143	0.0604	-0.1311	-0.282	-0.1296	-0.1157	-0.011	0.0068	-0.0157	-0.0125	-0.1812	-0.0595	-0.0085	-0.0773	-0.4305	-0.2908	0.0448	-0.1625	0.493	-0.3378	0.1684	-0.1012	-0.176	-0.307	-0.1354	-0.0423	-0.2949	-0.3294	-0.3523	-0.2074	-0.1327	-0.2358	0.6724	-0.2448	-0.0707	0.3589	0.6107	0.1023	-0.216	-0.3259	-0.1609	-0.0311	0.0185	-0.0291	0.1104	0.3446	-0.2416	-0.1453	-0.0203	0.5278	-0.1938	-0.2197	-0.1122	-0.0026	0.6346	-0.1615	-0.1662	0.1119	0.1359	0.3317	0.3015	0.2533	0.0368	0.058	0.3097	-0.266	0.3465	0.1268	-0.2526	-0.1543	-0.0833	-0.1399	0.1972	0.4043	-0.33	0.1802	-0.0178	-0.2156	-0.1895	-0.1708	-0.1976	-0.3555	-0.3896	-0.1686	-0.1118	-0.2762	0.3853	0.0357	-0.0426	-0.2171	-0.0095	-0.0718	-0.072	0.0737	-0.3863	-0.1622	-0.2154	-0.4118	0.5603	0.1829	-0.1528	-0.2891	0.1328	-0.0403	-0.3344	-0.189	-0.2056	-0.0119	-0.3134	-0.2627	-0.4816	-0.1995	-0.0028	-0.0044	0.0269	0.3525	0.2767	-0.0723	-0.1725	0.1398	-0.1598	0.6733	0.6202	-0.3546	-0.2346	0.103	-0.0746	-0.127	0.6444	-0.1428	0.1951	-0.1954	-0.2839	-0.1253	-0.1615	-0.1782	-0.1545	-0.1314	0.0527	0.0973	-0.1105	-0.2749	0.0974	0.1335	-0.1563	-0.1608	-0.2888	-0.1419	-0.1141	0.6984	0.0698	0.0377	0.032	-0.198	-0.0321	-0.1567	-0.0158	-0.2301	-0.1414	0.2237	0.5141	0.0252	0.2249	-0.0959	-0.1717	-0.4382	-0.1897	-0.081	-0.2351	0.5424	-0.2469	-0.2851	0.0262	-0.0674	0.0605	-0.1773	-0.4096	-0.3192	-0.0748	-0.2473	-0.2285	-0.0178	-0.2304	0.2246	-0.2147	0.1133	-0.0601	-0.1225	-0.355	0.0339	0.4793	-0.1369	0.0695	0.0643	0.1584	0.5053	0.1326	0.2518	0.5561	0.0178	-0.4043	-0.1266	-0.1307	-0.3956	0.6999	-0.2654	-0.1099	0.5075	0.0747	0.0595	0.2803
Sg_CA40A_55	0.1509	-0.0447	-0.091	-0.4585	-0.3252	-0.2775	-0.249	-0.3744	-0.2009	-0.3511	-0.2694	0.0255	-0.0006	0.1722	-0.221	-0.1801	0.0711	-0.1653	-0.0718	-0.0312	0.1321	-0.2564	-0.323	-0.1593	-0.1076	0.2719	-0.0845	-0.222	0.0578	0.0426	-0.1955	0.0378	-0.327	-0.348	0.1987	-0.0345	-0.071	0.0633	-0.1181	-0.218	-0.2232	0.1751	0.4529	0.2632	-0.0263	0.1129	-0.1227	0.5104	-0.0696	-0.23	-0.1054	-0.1189	-0.1712	-0.1848	-0.287	-0.0638	-0.2576	-0.3132	0.2682	-0.0436	0.1264	0.3518	0.028	-0.3336	-0.179	0.3216	-0.1928	0.4323	-0.1349	-0.1699	0.164	0.0246	0.2323	0.14	0.1987	0.1403	0.1069	-0.1172	0.2247	0.4034	-0.1297	1	-0.1899	0.1936	-0.0674	0.0208	-0.1225	-0.0416	0.1288	0.3768	-0.1538	-0.3122	0.1405	-0.0447	0.2244	0.2524	0.2756	0.3076	-0.237	-0.1614	-0.2516	0.1612	-0.2372	0.3355	0.0285	-0.0302	-0.2321	0.1735	0.4173	-0.2127	-0.3486	-0.1074	-0.3287	0.4338	-0.1671	-0.0025	0.6389	0.4877	-0.2475	-0.3746	0.5529	-0.2553	-0.1552	-0.1617	0.3682	-0.3545	0.1385	0.454	0.1561	0.5138	0.1318	-0.3442	-0.0501	-0.1129	0.0411	0.094	-0.1145	-0.2367	-0.0352	-0.3208	0.3693	0.0085	-0.2534	0.1012	0.0378	-0.2449	0.046	0.1636	-0.1541	0.0503	0.0952	-0.2648	-0.0809	0.2813	-0.1127	-0.0847	-0.1369	-0.0163	0.1004	-0.1044	-0.0234	-0.3083	0.1121	-0.3022	-0.0427	0.1979	0.4643	0.2936	-0.1862	0.0671	0.0969	0.0108	0.3343	-0.145	-0.0641	0.1959	0.2945	-0.0961	0.0074	-0.0163	-0.0449	0.0895	0.0909	-0.2925	0.1945	0.2559	0.3678	0.2478	-0.2685	-0.2101	-0.0359	-0.2779	-0.019	-0.0047	0.347	0.1088	0.0428	-0.2491	-0.0773	0.1483	0.1715	-0.1859	0.1407	-0.0357	0.2019	0.1448	-0.2843	-0.0452	-0.0494	-0.3097	-0.1047	-0.1415	0.383	-0.1995	0.0966	-0.0787	-0.2025	0.0184	-0.3928	0.1771	0.1751	0.2329	0.5103	-0.0823	0.183	0.4471	0.5225	0.0754	-0.0344	0.0371	-0.0118	-0.1476	0.1142	0.3092	-0.0848	0.1829	0.212	-0.0726	0.2763	0.1958	-0.2472	-0.116	-0.2494	-0.0919	-0.0607	0.3209	0.0106	-0.1542	0.5332	0.3446	0.0689	-0.2223	-0.0081	-0.193	0.1916	0.0769	-0.0063	-0.0645	0.1941	-0.1088	-0.3027	-0.1611	-0.3543	-0.0698	-0.1344	-0.1847	0.1581	0.139	-0.0499	0.5392	-0.349	-0.0929	0.2521	0.0222	0.0327	0.0426	0.0632	0.1359	0.1927	-0.0102	-0.1981	0.4087	0.1872	0.049	0.1462	0.0869	0.0715	-0.0209	-0.2254	-0.079	0.0515	-0.365	-0.106	-0.0729	0.0546	-0.0852	-0.2054	0.0749	-0.0312	-0.3314	0.0943	-0.1946	-0.4231	-0.3157	-0.2133	-0.0574	-0.2915	-0.1305	-0.2957	-0.1381	0.0083	0.2603	-0.2153	-0.0926	-0.2557	-0.1583	0.1544	-0.2366	0.5723	-0.1129	-0.1123	-0.2895	-0.0322	-0.2636	0.1127	0.077	-0.1954	-0.2936	-0.2775	0.376
Sg_CA9_20	-0.4457	0.5997	0.4354	0.3398	0.2953	-0.0407	0.3404	0.0131	0.5415	0.2446	0.4411	-0.4807	-0.2112	0.3228	-0.3429	0.178	0.1438	0.4358	-0.2954	-0.1084	0.1649	0.3638	0.3612	0.2617	0.4366	0.0653	0.2762	0.1435	-0.4291	-0.3484	0.3219	-0.0704	0.3683	0.7313	0.2674	-0.4509	0.6844	-0.4167	0.256	-0.0133	-0.0915	-0.1685	-0.3948	-0.0749	0.3974	-0.3556	-0.016	-0.409	-0.1382	-0.2505	0.0954	0.3181	0.0338	0.4216	-0.0993	0.3338	0.4821	0.1789	0.0766	0.377	-0.0007	-0.4665	-0.2032	0.2739	-0.2376	-0.2239	0.3879	-0.1653	0.3991	0.5179	-0.2734	-0.0127	0.401	-0.2497	-0.1999	-0.0936	0.5201	0.461	-0.231	-0.1371	-0.3561	-0.1899	1	0.1149	0.0218	0.1891	0.1586	-0.049	0.097	-0.2548	0.2813	-0.2185	0.389	-0.4315	-0.3571	-0.334	0.2128	-0.1844	-0.0307	-0.3102	-0.2595	-0.1402	0.2779	-0.1647	-0.4025	-0.1501	-0.2884	-0.0709	-0.505	-0.2918	-0.0178	-0.3344	0.0129	-0.3931	-0.1771	-0.3905	-0.2204	-0.4697	-0.0429	-0.1445	-0.4666	0.4399	0.4795	-0.2632	-0.3703	0.3467	-0.2329	-0.4154	-0.2338	-0.3142	-0.0453	0.6689	0.0507	0.6318	0.3875	-0.3529	-0.2374	-0.1686	0.6624	0.4374	-0.3724	-0.1305	0.7477	-0.2602	0.3718	0.4604	0.0158	0.0109	0.2649	-0.2384	-0.0666	-0.1132	0.1281	-0.0614	-0.3469	-0.4855	0.2542	-0.1282	-0.0886	-0.2469	0.3332	-0.2502	-0.3593	0.2502	-0.4039	0.0401	-0.1221	-0.3481	-0.2934	0.5012	-0.0916	-0.3437	-0.4288	-0.1878	0.0029	-0.1742	-0.5107	0.0363	-0.2447	-0.4333	-0.0236	-0.4181	0.0729	0.1725	-0.1807	-0.2281	-0.5905	0.0804	0.6339	-0.2773	-0.1834	0.0805	-0.402	0.0951	-0.3586	0.0154	0.0515	0.5871	-0.2503	-0.4278	0.1214	0.8147	-0.0159	0.2456	-0.1865	-0.442	0.1056	0.1642	0.3708	0.6884	0.2662	-0.3456	-0.1182	0.7862	-0.2349	0.6355	0.7628	-0.1995	0.3729	-0.0229	0.1773	-0.2315	-0.407	0.4661	-0.1958	-0.2456	-0.4858	0.1472	0.6078	0.4091	0.1992	-0.2976	-0.0462	-0.2596	-0.3007	-0.352	-0.099	-0.3431	-0.1106	0.1809	-0.1096	-0.1504	0.7281	-0.1242	-0.1658	-0.3507	0.0233	-0.1215	-0.2271	-0.5281	0.3465	0.0139	-0.4492	0.4031	0.0502	0.3465	0.2158	0.076	-0.3231	0.3228	0.8203	0.1743	0.2646	0.435	0.1639	0.5186	-0.2492	0.2439	-0.2966	-0.4476	0.4554	0.1548	-0.1367	-0.2143	-0.2075	-0.2087	-0.0575	0.3215	-0.1423	-0.3209	0.4906	-0.3988	-0.1743	-0.3445	0.3011	-0.0742	-0.0874	-0.2213	-0.0184	-0.024	0.5461	0.4841	0.3918	0.5968	-0.3819	0.5407	0.6777	-0.0427	0.1418	0.7793	-0.2272	0.6468	0.0096	0.7332	-0.058	0.3043	0.4388	0.6002	0.2444	-0.133	-0.3215	-0.264	0.2379	-0.1397	-0.0043	0.2083	-0.4809	-0.1305	-0.2796	0.7857	0.3721	0.4654	0.4443	-0.4666	0.0255	-0.1462	-0.1	0.4284	0.1775	-0.4244
Sg_CA9_31	-0.089	-0.0087	0.0502	-0.0889	0.0451	-0.0865	-0.1152	0.0033	-0.153	0.0009	-0.1071	-0.2898	-0.2286	-0.041	-0.2227	-0.0751	0.3512	0.038	-0.3658	-0.3522	0.1432	-0.1216	-0.0895	-0.198	0.1589	0.4249	-0.1266	0.1614	-0.1412	-0.1554	-0.0131	0.1079	-0.0597	-0.0336	0.1436	-0.2382	0.0021	-0.3478	-0.1309	-0.0879	-0.115	0.2534	0.0919	0.082	0.0853	-0.0828	-0.0455	0.2735	0.0059	0.0569	0.0321	-0.2448	0.0844	-0.1185	-0.0288	0.0267	-0.0743	-0.0374	-0.0376	0.022	-0.1556	-0.1833	0.1188	0.0068	-0.3193	0.0012	-0.0323	0.3373	-0.0737	-0.0103	0.087	-0.1701	-0.0558	0.1834	0.2944	0.1418	0.2398	-0.1005	0.1882	0.1992	-0.0085	0.1936	0.1149	1	0.3901	0.1128	-0.0137	0.099	0.217	0.0109	0.215	0.0765	0.0644	0.0459	-0.1924	0.102	0.2439	0.3183	0.116	-0.1021	0.0532	0.1498	0.1503	0.2965	-0.3206	-0.3286	0.1127	0.2729	0.2076	-0.1709	0.0425	0.0987	-0.1101	0.2279	-0.0914	-0.3392	0.1814	0.2486	-0.0539	-0.0458	0.2187	-0.0029	-0.1422	-0.3167	0.1177	-0.1452	0.2253	0.1507	0.276	0.294	0.1762	-0.0239	0.1299	-0.1519	0.3439	0.1994	-0.3086	-0.0881	0.1728	-0.0368	0.1609	-0.1616	-0.0365	-0.2601	0.1759	-0.2018	-0.0634	-0.2787	-0.049	-0.3313	-0.1234	-0.0774	-0.109	0.0002	0.0948	-0.1151	0.1453	-0.3121	0.3038	-0.2413	0.0626	-0.1587	-0.0586	0.0232	-0.0009	-0.1819	0.2114	0.0519	-0.0877	0.2154	0.1577	-0.3441	0.2276	0.1072	0.188	0.0932	0.1346	-0.006	0.0996	-0.123	-0.0455	0.2752	0.2028	-0.0678	0.1409	0.0259	0.0209	0.077	0.0585	-0.2408	0.1138	-0.0014	0.2264	-0.1357	0.2168	0.0719	-0.0003	0.0862	-0.3841	-0.3187	-0.1789	-0.0217	0.2561	-0.0859	0.1593	0.1332	-0.3388	-0.0036	0.1211	0.1177	0.0104	-0.2418	0.2769	-0.0291	-0.2775	-0.0608	0.2289	0.1802	0.0164	0.2156	0.2479	0.2695	0.1788	-0.0626	0.0725	0.2789	0.1932	0.0033	-0.0412	0.0109	-0.0297	-0.3562	0.1634	0.4066	0.1353	-0.1248	0.243	-0.1946	0.4053	-0.0062	-0.0765	0.1837	-0.0756	0.1038	-0.1685	0.123	0.0761	0.0803	0.1772	0.0722	-0.058	-0.3455	-0.3354	-0.1468	0.3234	-0.0227	0.2071	0.1416	-0.2666	-0.0288	-0.0888	-0.1495	0.1844	-0.1937	-0.1313	-0.1577	0.0743	0.1816	0.0974	0.141	-0.0127	0.0709	0.2019	0.1306	-0.2845	-0.2078	-0.0717	0.1894	0.2564	-0.0039	0.0791	0.3128	0.0359	-0.3447	0.0672	0.0706	0.0321	-0.1802	0.0383	-0.1284	0.1642	-0.076	-0.077	0.2558	-0.3857	0.2372	-0.1018	0.1666	-0.058	0.0131	-0.0203	-0.0656	-0.1587	0.1344	0.0411	0.1651	-0.1277	-0.1187	-0.1204	-0.042	-0.2406	0.1523	-0.0717	0.3164	0.1254	-0.0748	0.2437	0.1818	0.3018	-0.0068	0.0526	0.0129	-0.0601	-0.1626	-0.0432	0.0992	0.0034	-0.0393	0.1223	0.1439
Sg_CB03_1	-0.0553	-0.0504	-0.0291	-0.1672	-0.005	-0.1871	-0.1739	-0.1524	-0.1316	-0.0332	-0.1053	0.0383	-0.2303	-0.1603	-0.118	-0.0367	0.0024	-0.1558	-0.2276	-0.3167	-0.1374	-0.1165	-0.1432	-0.3254	0.086	0.1554	-0.296	0.1248	0.0301	0.01	-0.1373	-0.1497	-0.1139	-0.1022	-0.2557	0.0221	-0.0449	0.0115	-0.2389	-0.1262	-0.0974	-0.0997	0.1745	-0.1074	0.1263	-0.0128	-0.0655	0.0221	-0.008	-0.0154	-0.1854	-0.2211	-0.0765	-0.1173	0.0055	-0.2329	-0.166	-0.1359	0.0057	-0.1466	0.2941	0.1674	0.0873	-0.0905	-0.2178	0.1855	0.0983	0.0937	-0.0304	-0.2223	0.3394	-0.1999	0.0349	0.1671	0.4382	0.2579	0.1436	-0.2219	0.416	-0.1249	0.04	-0.0674	0.0218	0.3901	1	0.0533	-0.2137	0.3242	0.0562	0.0053	-0.1122	0.2509	-0.2706	0.0532	-0.0869	0.1427	-0.1232	0.3101	-0.108	-0.0649	0.244	0.0483	0.0016	0.1138	-0.0039	-0.2449	0.0771	0.3165	-0.0432	0.0412	0.0438	0.2351	-0.1424	0.1169	-0.0825	-0.0584	-0.1415	0.0764	-0.0904	-0.0395	0.0765	0.1209	-0.1984	-0.2111	0.0806	-0.0422	0.3097	0.1723	-0.0242	0.0366	0.058	-0.1412	0.066	0.0607	-0.1492	0.2555	-0.1198	-0.0844	-0.0118	-0.1039	0.0909	0.3674	-0.1357	-0.199	-0.0327	-0.1964	0.3417	-0.0863	-0.1448	-0.2942	0.3061	-0.1504	0.3494	-0.1823	0.3277	0.0209	-0.2624	-0.2361	0.1975	0.0398	0.0825	-0.0847	-0.1003	-0.0643	0.2325	-0.1357	0.0068	0.0874	0.0184	-0.1259	0.267	-0.2246	0.3674	-0.0738	0.0166	0.4687	0.2012	-0.0674	0.0512	0.2136	-0.2088	0.1855	0.2608	-0.1054	0.1766	-0.1756	-0.0542	-0.1046	-0.1545	-0.1638	0.2403	-0.0187	0.4053	0.3471	0.1234	0.024	0.4826	-0.0737	-0.2485	-0.0066	-0.0962	-0.078	-0.0119	-0.1619	0.2716	0.1831	-0.1318	-0.1545	-0.0439	-0.046	0.1492	-0.1276	-0.2184	-0.0544	-0.1979	0.0331	0.0463	-0.0797	-0.1463	0.2382	-0.0356	0.0194	0.0774	-0.293	0.2651	-0.0124	-0.0078	0.3412	-0.0828	0.0878	-0.244	0.0261	-0.0017	0.1173	0.4294	-0.0414	0.288	-0.1424	0.056	-0.0285	-0.1995	0.0175	-0.0055	0.3325	-0.1772	0.1357	-0.1727	-0.0687	-0.0462	0.1996	-0.2884	-0.2042	0.0169	-0.2651	0.0417	-0.3231	-0.1207	-0.0596	-0.1667	-0.0117	-0.1229	-0.0929	0.3943	-0.1239	0.3984	-0.0714	0.1735	-0.1972	0.023	-0.052	-0.2058	-0.077	0.2772	0.2061	-0.2687	-0.1107	0.3892	-0.0134	0.1498	0.0335	-0.0885	0.0292	0.1198	-0.0913	0.3151	0.1755	0.0777	-0.2383	0.0247	0.2469	0.1537	-0.1496	-0.0873	0.116	-0.0649	0.1625	-0.0757	-0.1817	0.4042	-0.0855	0.1564	-0.1458	-0.2001	-0.097	0.0619	-0.0506	0.0285	-0.1224	0.1742	-0.1841	0.0605	0.3185	-0.1663	0.3512	-0.0668	-0.1406	0.3488	0.0098	0.035	-0.0813	-0.2011	-0.1183	-0.0163	-0.0353	0.3899	0.2082	0.0069	-0.2422	-0.0185	0.2042
Sg_CB03_2	-0.1609	0.0092	0.1578	0.321	0.0767	0.1386	0.2231	0.1626	-0.0486	0.1065	-0.0919	-0.4197	-0.0432	-0.1677	-0.1546	0.0188	0.062	-0.0028	0.0509	-0.1697	0.0985	0.2947	0.306	-0.0042	0.4388	0.084	0.1277	0.3555	-0.1107	-0.2477	0.3914	0.0175	0.2797	0.2328	0.1252	-0.2349	0.1159	-0.4696	0.1602	0.0851	-0.2277	-0.0538	-0.161	-0.0979	0.0512	-0.0023	0.3505	-0.1188	0.1191	0.1154	0.1869	0.1177	0.0872	-0.0756	0.103	-0.1791	0.2224	0.2209	-0.1008	-0.0935	-0.0811	-0.1168	-0.1031	0.2455	-0.071	-0.0307	-0.0805	-0.1158	0.4089	0.3279	-0.3468	-0.1545	-0.035	0.0159	-0.2772	-0.325	0.25	-0.0589	-0.3698	0.1473	0.1911	0.0208	0.1891	0.1128	0.0533	1	0.2639	0.0885	0.2841	-0.2411	0.2186	0.135	-0.077	-0.0007	-0.2538	0.0025	0.3292	0.1672	0.051	0.117	0.2187	0.0844	0.2546	0.2356	-0.4454	-0.0654	0.2087	0.2369	0.0191	-0.0786	0.2784	-0.0939	-0.0547	-0.1948	0.2411	-0.4366	0.1973	-0.1266	0.1738	0.0566	-0.1044	-0.0279	-0.0011	0.0479	0.124	0.2345	0.0404	0.0449	-0.1063	-0.0848	0.0035	0.2956	0.0757	-0.0759	0.219	-0.2556	-0.1328	-0.0067	0.0652	0.3274	-0.1221	-0.0127	0.1872	-0.1762	0.0338	-0.054	-0.0377	-0.2114	0.1384	-0.1202	-0.1581	0.0975	0.0344	-0.0914	0.0505	-0.0244	0.0981	-0.0481	-0.174	-0.3628	0.13	0.1188	-0.4153	0.491	-0.0336	-0.0985	-0.2596	-0.2799	0.0694	0.1711	-0.3146	-0.0529	-0.1321	0.0485	0.0855	-0.0143	-0.1123	-0.1566	-0.002	0.017	0.1919	-0.2524	0.2486	0.2045	-0.2428	-0.1167	-0.0296	-0.1184	0.0143	0.1223	-0.2339	0.3627	-0.1758	-0.0659	0.1856	0.0728	-0.0094	0.3636	-0.0941	-0.4264	-0.0162	0.1748	-0.2116	0.1373	-0.4145	-0.0088	-0.1803	0.0298	0.114	0.1886	0.2064	-0.0904	0.3351	0.1087	-0.1499	0.3464	0.1247	0.049	0.3348	-0.0072	-0.1351	-0.0757	0.0284	-0.0655	-0.343	-0.1244	-0.1398	-0.0748	0.1305	-0.2459	0.0915	-0.3311	0.0125	-0.0747	-0.004	0.1015	-0.2422	0.054	0.2806	-0.0754	0.1247	0.189	0.131	-0.198	-0.0426	-0.2013	-0.1127	0.1193	-0.102	-0.0451	0.134	-0.3406	-0.4586	0.0268	0.0696	0.0098	-0.1114	0.0972	-0.1739	0.1365	0.1546	0.1442	0.3327	0.0703	0.0422	0.1465	-0.2518	0.0978	0.0827	-0.0439	0.2659	0.0307	-0.1372	-0.2153	-0.1335	-0.1478	-0.1289	-0.002	0.0696	0.0299	0.4115	0.1022	-0.1006	-0.4702	0.0127	-0.0798	0.2358	0.0158	0.3879	0.0694	0.2567	0.2547	0.2746	0.3672	-0.4415	0.1529	0.0125	-0.1069	-0.0137	0.1007	-0.2993	0.2098	0.1965	0.306	0.2253	0.2012	0.2314	0.1652	0.0742	-0.1563	-0.3347	0.0943	0.2079	0.2464	0.1353	0.1906	-0.1847	0.0225	-0.1266	0.1922	0.0489	0.0579	-0.0122	-0.0285	-0.0879	-0.3764	-0.0708	0.2979	0.3467	-0.0871
Sg_CB03_44	-0.13	0.0994	0.1972	0.2089	0.148	0.1226	0.263	0.1016	0.1007	0.5591	0.2902	-0.3539	0.3105	0.0816	-0.0124	0.0266	-0.0294	0.0751	0.3264	0.2424	-0.0264	0.2323	0.3083	0.4381	0.1351	-0.1143	0.5114	0.0673	-0.3273	-0.2389	0.3316	-0.0088	0.1621	0.2997	0.0628	-0.3194	0.2131	-0.3046	0.5198	-0.0367	-0.1371	-0.1048	-0.309	-0.0369	-0.0031	-0.2581	0.2471	-0.1851	0.1037	-0.0372	0.0467	0.2849	-0.0593	0.3885	0.0275	0.1276	0.2786	0.3939	-0.275	-0.0126	0.0125	-0.2655	-0.1466	0.3094	0.3147	0.0002	-0.0192	-0.2436	0.4474	0.3663	-0.4207	0.1809	0.0722	-0.0886	-0.3972	-0.4768	0.134	0.2804	-0.3136	0.0731	-0.0089	-0.1225	0.1586	-0.0137	-0.2137	0.2639	1	0.0046	0.1164	-0.0738	0.36	-0.1145	-0.0834	-0.2589	-0.2626	-0.2767	0.2725	-0.1711	0.0195	-0.0204	-0.1623	-0.2919	0.2052	-0.1058	-0.383	0.2957	-0.0379	-0.1929	-0.17	0.0731	0.1888	0.0555	-0.0095	-0.2813	0.0191	-0.3035	-0.0811	-0.2877	-0.0654	-0.0114	-0.229	-0.0701	0.2868	0.3008	-0.1443	0.4136	-0.0717	-0.173	-0.0131	-0.2036	-0.1543	0.3078	-0.1468	0.1901	0.1166	-0.5107	0.2382	0.0081	0.0818	0.2973	-0.1502	-0.1045	0.2494	0.2285	-0.1505	0.3548	-0.0129	0.241	0.3373	0.2506	-0.0884	0.0141	-0.0086	0.0869	-0.3333	-0.1592	0.037	0.3012	-0.4195	-0.2551	0.104	0.3621	-0.0613	0.1165	-0.1667	0.1316	-0.1637	-0.268	0.0316	0.1955	-0.4668	0.2114	-0.176	-0.0332	0.0462	-0.1528	-0.2502	-0.0956	-0.2328	-0.298	0.1551	-0.0679	0.0728	0.1481	-0.2973	-0.1099	-0.0326	-0.1835	0.2126	0.3892	-0.4491	0.1447	-0.3373	0.0284	-0.1137	-0.1803	-0.0479	0.0908	0.3369	-0.2494	0.2201	0.3253	-0.154	0.2059	-0.1717	-0.2634	0.2254	-0.1268	-0.0933	0.2261	0.1459	0.2267	0.1444	0.3105	0.2022	0.3065	0.1488	-0.038	0.3857	-0.1441	-0.0651	-0.2329	-0.2347	0.1206	-0.334	-0.1753	-0.2367	0.0031	0.1966	-0.0812	0.2649	-0.0322	-0.1747	-0.2738	-0.3013	-0.0467	-0.1869	0.3175	-0.0199	-0.3414	0.0151	-0.0962	0.3369	-0.2582	-0.158	-0.1909	-0.0621	-0.0516	-0.0564	-0.1747	0.1581	-0.0148	-0.2286	0.003	-0.0097	-0.0383	-0.21	0.1671	-0.19	0.0067	0.2851	0.0172	-0.013	0.3449	0.1257	0.4077	-0.4486	-0.0063	-0.1724	-0.1102	0.3123	-0.0177	-0.3085	-0.4471	0.3046	0.1073	-0.0948	-0.1892	-0.3137	-0.2199	0.1375	0.0664	-0.181	-0.2726	0.0295	-0.312	-0.2339	0.3205	0.1016	-0.0424	0.2268	0.243	0.0284	0.2369	-0.3023	0.2548	0.2442	-0.1543	0.0078	0.2806	-0.3381	0.2236	0.4006	0.2662	0.2656	-0.2022	0.2476	0.079	0.1955	-0.0357	-0.2681	-0.1739	-0.0384	0.0436	-0.0534	0.2268	-0.4208	-0.1595	-0.0329	0.3946	-0.0227	0.138	0.2508	-0.1309	-0.0309	-0.351	-0.0853	0.4325	0.1085	-0.4226
Sg_CB03_47	0.1047	0.0463	-0.2242	0.0915	-0.0775	-0.3806	-0.0971	-0.3764	-0.1643	0	0.0459	-0.216	0.1491	-0.1959	-0.1779	0.0971	-0.0636	0.0107	0.1273	0.1255	-0.1189	0.2002	-0.0047	-0.1489	0.1158	0.4591	-0.1192	0.2214	-0.1454	-0.1722	-0.0533	0.0352	-0.1047	0.093	-0.2372	-0.1931	-0.2459	-0.0674	-0.2726	-0.1625	-0.1977	-0.0318	0.188	-0.2867	0.3022	-0.2599	-0.1042	0.0297	-0.4461	-0.3738	-0.4486	-0.2238	-0.2184	-0.086	-0.402	-0.4238	-0.0635	0.0045	-0.072	-0.1283	0.4372	0.091	0.1995	-0.1168	-0.0288	0.0996	-0.1862	0.1826	0.0418	-0.1806	0.2573	0.1344	0.1996	0.0748	0.1574	0.2459	-0.1679	-0.1767	0.2803	-0.124	-0.2444	-0.0416	-0.049	0.099	0.3242	0.0885	0.0046	1	0.1273	0.2527	0.3169	0.2176	-0.2811	-0.095	-0.2314	-0.2805	-0.0839	0.285	-0.3875	-0.3155	0.1144	-0.4244	0.0427	0.2725	-0.2343	0.2022	-0.2506	0.4575	0.0644	-0.1552	-0.0771	0.1558	-0.1271	0.0606	-0.333	-0.1525	-0.1312	0.1413	-0.1556	-0.3475	0.1515	-0.1892	-0.1823	0.2498	0.3086	0.0656	-0.0122	0.1218	0.4916	0.1281	-0.1539	-0.0511	-0.0915	0.0799	0.0766	0.3186	0.2875	-0.3595	-0.06	-0.1345	0.1395	0.5907	-0.0841	0.0934	-0.1371	-0.1581	0.6357	0.055	-0.1303	-0.0239	0.3861	-0.3576	0.6576	-0.1976	0.159	-0.0873	-0.08	0.0793	0.3839	-0.0427	-0.1791	0.2744	-0.0466	-0.1246	0.3046	-0.1288	0.083	0.0703	0.0908	-0.2237	0.2246	0.1405	0.2037	-0.4413	0.2537	0.3885	0.1912	-0.3095	-0.0292	0.0425	-0.2546	0.2535	0.373	-0.3043	0.1831	-0.4029	0.203	-0.1422	-0.094	0.2348	0.1723	0.3903	0.0611	0.6088	0.0635	-0.0791	0.6494	-0.0709	0.1675	-0.0835	0.0758	0.055	-0.0691	-0.3306	0.4064	0.0029	-0.2026	-0.3023	0.176	-0.1312	0.1969	0.1517	0.1391	0.052	0.0552	0.1344	0.0466	-0.3372	0.0291	0.128	-0.1835	0.0472	-0.0773	-0.2464	0.2124	0.0966	0.2207	0.5749	-0.1307	0.203	-0.143	-0.0963	-0.0945	-0.1067	0.1797	-0.133	0.389	0.2176	0.1078	-0.0881	-0.3987	-0.3189	-0.0068	0.5407	-0.1948	0.1596	-0.1826	-0.3304	0.092	0.0053	-0.1482	-0.0151	-0.2187	-0.1441	-0.1442	-0.3002	-0.1854	0.1675	-0.2904	0.1714	-0.0674	-0.047	0.344	-0.1053	0.6155	0.077	0.1495	-0.2998	-0.3093	-0.0433	-0.0734	-0.2413	0.4035	0.2463	0.1037	0.1455	0.57	-0.1235	-0.0459	-0.0695	0.0886	0.144	0.0379	-0.1368	0.2334	0.2419	0.0955	0.1827	-0.1298	0.7542	0.0454	0.1281	-0.3363	-0.0776	-0.1191	0.3349	-0.036	-0.2734	0.6903	-0.0182	0.3211	-0.1298	-0.0203	0.0502	0.1613	-0.0934	0.5175	-0.0735	0.5146	-0.5256	-0.1281	0.4843	0.1863	0.4271	-0.3617	-0.2163	0.2002	-0.1342	-0.1662	-0.0277	-0.2586	-0.1074	0.0639	-0.1047	0.5495	0.1538	-0.3544	-0.0397	0.0424	-0.0093
Sg_CD22A_27	-0.1616	-0.0148	0.1661	0.1202	0.0403	-0.0718	0.132	0.0132	0.0191	-0.0261	-0.244	-0.3189	-0.1309	-0.128	-0.3772	0.0744	0.2078	-0.0014	-0.0533	-0.0875	0.1134	0.1676	0.2197	-0.07	0.2114	0.0676	0.1605	0.1649	-0.0716	-0.1353	0.141	0.2281	0.1777	0.07	0.0845	-0.2028	0.0356	-0.2533	-0.0042	0.1107	-0.2091	0.1293	-0.1101	-0.0433	-0.0547	-0.0982	0.1171	0.1213	0.0119	0.1004	0.0829	0.063	-0.0042	0.0144	-0.0285	-0.0125	0.2273	0.1122	-0.0877	-0.1141	0.059	-0.0009	-0.0483	0.0114	-0.0889	-0.0924	-0.2157	-0.0427	0.2333	0.1177	-0.3174	-0.0192	-0.0041	0.2524	-0.1127	-0.2017	0.2505	-0.0791	-0.2873	0.2406	-0.0273	0.1288	0.097	0.217	0.0562	0.2841	0.1164	0.1273	1	0.0219	0.0602	-0.0075	0.1078	0.0878	-0.0399	0.042	0.185	0.1686	0.0772	0.1213	0.0363	0.1326	0.1338	0.1653	-0.2552	-0.1061	0.1139	0.2672	0.045	-0.1308	0.0363	-0.1834	0.0323	-0.0969	0.0555	-0.3162	0.1461	-0.0999	-0.0536	-0.0085	0.0133	-0.1473	-0.1017	-0.1571	0.0721	-0.0348	0.247	0.0314	-0.0838	0.1511	0.0626	0.1847	-0.1088	0.0084	0.2821	-0.237	-0.2084	-0.0732	-0.0169	0.1088	0.085	0.0212	0.1266	-0.087	0.0032	-0.0311	0.082	-0.0249	0.0931	-0.0402	0.0438	-0.0739	0.2223	-0.0159	-0.088	-0.0544	0.0923	-0.0963	0.0021	-0.1745	-0.0338	-0.1115	-0.3066	0.1308	-0.036	-0.0645	0.0405	-0.1225	-0.0642	0.3127	-0.2152	-0.1136	-0.0348	-0.1185	-0.0513	0.0999	-0.1295	-0.0495	-0.0062	-0.2157	-0.0426	-0.0228	0.3854	-0.0393	-0.293	-0.1759	-0.0542	0.0476	0.0182	-0.1009	-0.3606	0.1194	-0.1387	0.0535	0.2332	-0.1201	0.1122	0.1614	-0.1192	-0.2743	-0.0076	0.121	0.1112	-0.0283	-0.2355	0.0464	-0.103	-0.0155	-0.0215	0.0355	0.2015	-0.0402	0.2585	0.1039	-0.0611	0.2039	0.1611	0.0038	0.2022	0.051	-0.1508	0.0662	0.1528	-0.0813	-0.2884	0.1144	0.0384	0.1091	0.0467	0.0518	-0.0201	-0.2223	-0.0184	0.0875	-0.0034	0.152	-0.0598	0.025	0.22	0.0929	-0.0264	0.1044	0.0556	-0.2141	-0.1473	-0.0703	-0.006	0.0512	-0.0137	-0.0383	-0.0119	-0.0729	-0.2794	-0.023	0.2498	0.1424	0.0846	-0.0696	-0.0648	0.1057	0.0909	0.0523	0.1186	0.0458	0.1907	-0.0981	-0.1715	-0.0365	0.148	0.1841	0.0425	-0.0175	-0.0478	-0.2239	-0.1011	-0.0124	0.0203	-0.1441	0.0963	-0.0143	0.2403	0.1479	0.017	-0.2804	0.1366	0.0417	0.0085	-0.0635	0.1604	0.0106	0.2177	0.0902	0.0743	0.3224	-0.2521	0.1209	-0.0528	0.0265	0.1132	0.1013	-0.2302	0.1057	-0.1178	0.1317	0.0563	0.004	0.1985	0.1404	0.1793	-0.2038	-0.2371	0.007	0.0225	0.1028	0.1071	0.054	-0.0905	-0.0163	-0.0087	0.1405	-0.0391	-0.1259	-0.0889	-0.1084	0.1348	-0.1611	-0.0373	0.1394	-0.0615	-0.0108
Sg_CD22A_44	0.3653	-0.2034	-0.1978	-0.2723	-0.0954	-0.3003	-0.1298	-0.3904	-0.3664	-0.2922	-0.0131	0.0484	0.3767	0.024	-0.0255	-0.1735	-0.0804	-0.0217	0.3558	0.4006	-0.2423	-0.118	-0.2142	-0.0741	-0.3189	0.125	0.038	-0.1968	0.017	0.0217	-0.1477	0.1601	-0.1885	-0.265	-0.2168	0.0189	-0.236	0.1047	-0.0625	-0.2245	-0.112	0.0834	0.4096	-0.0444	0.0084	-0.1152	-0.2103	0.4919	-0.1971	-0.3374	-0.5192	-0.1901	-0.3758	-0.251	-0.4775	-0.2571	-0.2028	-0.2249	0.1717	-0.1589	0.1587	0.2783	0.0098	-0.1607	0.3806	0.1947	-0.2685	0.2849	-0.1206	-0.2512	0.2676	0.3965	0.2524	0.4476	0.2101	0.1859	-0.1534	-0.213	0.2014	0.0669	-0.2387	0.3768	-0.2548	0.0109	0.0053	-0.2411	-0.0738	0.2527	0.0219	1	-0.1293	-0.0234	-0.1614	-0.0392	0.1312	-0.0737	0.0559	0.2812	-0.4364	-0.0873	-0.1429	-0.2061	-0.4043	0.268	0.061	0.4399	-0.2099	0.0757	0.2781	-0.2488	-0.3188	-0.0033	-0.219	0.3128	-0.3876	0.0152	0.3512	0.4404	-0.3033	-0.4736	0.465	-0.2756	-0.229	0.3725	0.3655	-0.2046	0.238	0.3972	0.2697	0.401	-0.1437	-0.4055	-0.0991	-0.0629	-0.1666	0.2207	0.448	-0.3772	-0.0998	-0.2629	0.3068	0.3769	-0.3838	0.4191	-0.0405	-0.1802	0.1403	0.1225	-0.0856	0.3918	0.2523	-0.339	0.1341	0.1862	0.0351	-0.1136	-0.1783	0.3901	0.1491	0.0758	-0.1529	0.234	0.3404	-0.2741	-0.0247	-0.0449	0.2786	0.359	-0.1157	0.0909	0.0724	0.4151	0.3628	-0.3559	0.2264	0.2263	0.4531	-0.0614	-0.0231	0.0274	-0.1833	0.2719	0.0486	-0.3886	0.2445	-0.0581	0.4337	0.0583	-0.3056	0.2796	0.1326	-0.1049	0.1763	0.2388	0.2606	-0.0031	0.1828	-0.4414	0.3941	0.1812	0.1176	-0.3004	-0.0167	-0.0308	0.3428	0.324	-0.1733	-0.1299	-0.136	-0.3791	-0.0471	0.3787	0.0527	-0.2858	0.3772	-0.2954	-0.4378	-0.2512	-0.3032	0.0261	-0.0711	0.1948	0.2882	-0.0707	0.2441	0.2879	0.4682	0.1601	-0.192	-0.0242	-0.0472	0.1155	-0.1034	0.1647	-0.0011	-0.0571	0.1552	0.3517	0.2827	-0.1651	-0.3997	-0.4007	-0.3354	0.1626	-0.0455	0.357	-0.1167	-0.3789	0.4192	0.5207	-0.2445	-0.0686	-0.0135	-0.2671	0.0422	-0.1313	-0.0614	-0.0698	0.019	-0.2622	-0.4209	-0.1643	-0.1807	-0.0976	0.1324	-0.1242	0.2058	-0.2006	-0.2527	0.4243	-0.3358	-0.1642	0.1798	0.1606	0.3754	0.1912	0.2626	-0.0799	-0.0469	-0.0315	-0.3262	0.3771	0.0807	0.0255	-0.0682	0.2765	-0.0427	0.3983	-0.3816	0.2283	-0.3075	-0.2071	-0.2295	-0.2826	0.0625	-0.2619	-0.2127	-0.0886	0.1006	-0.4366	0.3645	-0.2842	-0.1723	-0.348	0.2066	-0.2864	-0.1331	-0.2447	-0.0561	-0.4324	0.0927	0.2686	-0.0604	0.1665	-0.417	-0.3992	0.1693	-0.1564	0.3479	-0.2756	-0.2644	-0.3614	-0.0138	-0.1921	0.2019	0.091	-0.4286	-0.2343	-0.1451	0.0473
Sg_CD23A_20	-0.1747	0.1779	-0.0884	0.4893	0.0931	0.1681	0.008	0.2088	0.1348	0.2743	0.1758	-0.4205	0.1751	-0.244	-0.0333	0.0633	0.0962	0.1673	0.0679	0.1158	0.0481	0.5765	0.4331	0.0414	0.351	0.4709	0.2208	0.5162	-0.3202	-0.3536	0.4642	0.0977	0.2854	0.4184	0.0284	-0.4499	0.0432	-0.4583	0.0201	0.126	-0.0773	0.0814	-0.2741	-0.2152	0.089	-0.1727	0.1407	-0.1662	-0.004	0.1158	0.0779	-0.0463	0.16	0.059	0.0601	-0.0673	0.3433	0.4127	-0.2245	-0.0957	-0.2858	-0.4253	-0.0007	0.3279	0.0686	-0.3277	-0.0594	0.0314	0.1393	0.2036	-0.281	0.2397	0.0466	-0.2156	-0.4219	-0.2731	-0.0301	0.0107	-0.2522	-0.0522	0.0182	-0.1538	0.2813	0.215	-0.1122	0.2186	0.36	0.3169	0.0602	-0.1293	1	0.2885	0.1163	-0.0658	-0.3232	-0.1638	0.237	0.0167	0.1022	-0.2087	0.2206	-0.1663	0.4648	0.1776	-0.5417	0.148	0.0531	0.0711	0.0094	-0.0987	0.3916	0.001	0.1727	-0.251	0.0856	-0.4848	0.0026	-0.2029	0.2461	0.0653	-0.1717	-0.0487	0.0705	0.1527	0.0735	0.3106	-0.1441	-0.2349	0.4146	-0.1727	0.029	0.4703	-0.2743	-0.0151	0.4245	-0.0915	0.1571	0.0364	0.0765	0.3732	-0.1655	-0.2788	0.239	-0.0404	-0.0166	0.1033	-0.1527	-0.2942	-0.0235	-0.0521	-0.3927	0.1425	-0.0441	-0.0149	-0.1979	0.0155	0.3276	0.121	0.0597	-0.3064	0.0746	0.2455	-0.0828	0.1645	-0.0327	-0.3254	-0.1424	-0.3258	0.2437	0.1329	-0.1735	0.0122	-0.1861	0.0228	0.3738	-0.2478	-0.1636	-0.1023	-0.0869	-0.161	0.1535	-0.0553	0.2023	0.0949	-0.158	-0.1779	-0.0641	-0.1084	0.4643	0.2297	-0.2313	0.6545	-0.1799	-0.1829	-0.0033	-0.0538	-0.1029	0.1806	0.1265	-0.4698	-0.2071	0.3399	-0.1599	-0.1418	-0.0787	-0.1002	-0.1552	0.1536	0.232	0.3998	0.0182	0.0897	0.2965	0.3029	0.005	0.1789	0.286	0.0527	0.5335	-0.1192	-0.0024	-0.1322	-0.2754	0.1	-0.269	-0.0214	-0.1457	-0.1326	0.1478	-0.0001	0.0426	-0.376	0.1288	-0.1759	-0.1395	-0.297	0.1178	0.1363	0.2541	-0.1115	0.1386	0.0579	0.1179	-0.0146	-0.0421	-0.0938	-0.0765	0.0798	-0.037	-0.2808	0.1617	-0.0196	-0.5516	0.115	-0.0644	0.1372	0.0944	0.3633	-0.3732	0.0374	0.2999	0.105	0.4245	-0.0904	0.0042	0.1955	-0.0425	-0.0343	0.0683	-0.2364	0.4187	-0.0107	-0.1337	-0.1459	0.1368	-0.0566	-0.2598	-0.0996	-0.1769	-0.022	0.4849	0.0919	-0.239	-0.4686	-0.2012	-0.0665	-0.0078	0.2054	0.3686	0.1276	0.0604	0.5214	-0.1755	0.2063	-0.4603	0.3382	0.2538	0.1614	-0.0476	0.3941	-0.031	0.2235	0.3437	0.5404	0.3401	0.0266	0.4429	0.1033	0.2518	-0.0331	-0.439	0.0796	0.3201	0.3106	0.1049	0.166	-0.173	0.0407	-0.183	0.2729	0.2797	0.3971	-0.0641	0.04	-0.2557	-0.2695	-0.0198	0.5263	0.2426	-0.272
Sg_CD23A_32	0.0377	-0.3988	-0.2392	0.3195	0.1349	0.4048	-0.2027	0.4517	-0.3468	0.0668	-0.0695	0.1159	0.0168	-0.5486	0.3693	-0.1078	-0.1449	-0.1827	0.0414	-0.1194	-0.2948	0.3167	0.3659	-0.2299	0.2121	0.0958	-0.1399	0.5507	0.2133	0.0724	0.3749	0.0715	0.354	-0.1858	-0.3472	0.1778	-0.4023	-0.0768	-0.162	0.1952	0.1146	-0.1459	-0.1101	-0.409	-0.3182	0.2429	0.2529	-0.103	0.2661	0.3388	0.0501	-0.278	0.2296	-0.0988	0.3572	-0.2266	0.1607	0.2959	-0.3043	-0.4591	-0.2401	-0.0621	0.1693	0.2708	0.1441	-0.1926	-0.0091	-0.0933	-0.096	-0.1444	-0.1069	0.1257	-0.5183	-0.1994	-0.3049	-0.1108	-0.2503	-0.2823	-0.0803	-0.1702	0.341	-0.3122	-0.2185	0.0765	0.2509	0.135	-0.1145	0.2176	-0.0075	-0.0234	0.2885	1	-0.3993	0.3715	0.0264	0.1645	-0.1706	0.1323	0.2726	0.1034	0.7448	-0.0538	0.413	0.2502	-0.0153	-0.0365	0.4255	0.0764	0.222	0.4266	0.5622	0.3043	0.4074	-0.2344	0.4608	-0.035	-0.213	-0.1879	0.3214	0.3406	-0.1461	0.0582	-0.2125	0.0627	0.1439	0.2474	0.1569	0.0316	0.178	-0.1965	-0.1878	0.0565	-0.0945	-0.2721	-0.2111	0.2221	0.1378	0.4195	-0.3732	0.3462	-0.1346	-0.0711	-0.211	-0.0429	-0.1561	-0.0747	-0.1497	-0.3632	0.0052	-0.0583	-0.2229	0.4466	0.0057	-0.2054	0.4524	0.3636	-0.1229	-0.0201	0.01	0.1414	-0.1623	0.3199	0.0907	0.243	0.2627	-0.248	-0.232	-0.0054	0.6209	-0.1893	-0.0895	0.0743	-0.0268	0.3485	0.2485	-0.0578	0.1882	0.1157	0.1399	0.451	0.2314	0.2823	0.1609	0.3068	-0.1437	-0.0727	0.0904	-0.2537	-0.0584	0.1658	0.0274	0.5659	0.2946	-0.1161	0.1825	-0.1663	-0.057	0.0981	0.0388	-0.1002	-0.4099	-0.3473	-0.2186	-0.1686	-0.1391	0.4789	-0.1385	-0.0526	-0.0169	0.0788	-0.1033	0.2127	-0.0885	-0.367	0.0226	-0.2989	-0.3346	0.1853	0.2658	-0.2695	-0.3758	0.1185	-0.1409	-0.2496	-0.1708	-0.2716	-0.0529	-0.1823	-0.3221	-0.4262	-0.2371	0.0614	-0.0007	0.0377	0.1824	-0.0502	0.0556	0.0889	0.0725	-0.2752	0.3648	0.3487	-0.3696	0.1505	0.1099	-0.2018	-0.3452	0.2921	-0.3197	0.0638	-0.3812	0.0064	-0.0758	-0.2271	-0.2378	-0.3214	-0.101	0.1386	-0.0984	-0.2287	-0.2189	0.2673	0.5172	-0.4569	0.0424	-0.2878	0.0538	-0.1778	0.3393	-0.1536	0.139	-0.0502	-0.1118	-0.0041	0.0185	-0.0157	-0.1437	-0.1902	0.0455	0.4593	0.2169	0.0882	-0.1976	-0.2394	-0.4872	0.1374	0.2867	0.1461	0.51	0.1782	-0.3074	0.2594	-0.1648	-0.048	-0.0679	-0.1854	-0.2787	-0.1542	-0.0206	-0.1677	0.2167	-0.1866	0.4367	0.0666	0.4066	-0.1967	0.1977	-0.3375	0.1315	0.1798	0.029	0.1327	0.1716	0.5031	0.3382	0.0548	0.1482	0.3948	-0.2599	-0.4234	-0.0864	0.0002	-0.4707	0.4902	-0.2101	-0.152	0.1274	0.1732	0.2334	0.0221
Sg_CD24A_1	-0.3736	0.431	0.0972	0.0477	0.0769	-0.1115	0.1832	0.0394	0.4142	-0.0824	0.2861	-0.2585	-0.1897	0.3288	-0.2814	0.0655	0.3035	0.2222	-0.2323	-0.1197	0.2467	0.1271	-0.0478	0.208	0.1331	0.0765	0.2198	-0.1898	-0.1763	-0.265	0.033	-0.0118	0.0972	0.343	0.3554	-0.2778	0.4204	-0.1053	0.2352	0.024	-0.1153	0.1043	-0.0279	0.2934	0.2606	-0.2272	-0.16	-0.1412	-0.2209	-0.0649	0.134	0.3138	0.0046	0.1734	-0.0811	0.421	0.1168	-0.1676	0.2078	0.4094	-0.2975	-0.1832	-0.173	0.0877	-0.2051	-0.1321	0.1878	0.0278	0.0591	0.1868	-0.0987	-0.1088	0.3183	-0.0533	0.0133	0.0358	0.0635	0.3444	-0.1077	0.0371	-0.2885	0.1405	0.389	0.0644	-0.2706	-0.077	-0.0834	-0.2811	0.1078	-0.1614	0.1163	-0.3993	1	-0.271	0.0065	-0.0245	0.0728	-0.0856	0.0185	-0.1426	-0.3057	0.1557	-0.0068	-0.0829	-0.1353	-0.2495	-0.1291	-0.0256	-0.3262	-0.4424	-0.165	-0.3784	-0.0153	0.0221	-0.2754	-0.1182	0.0733	-0.0618	0.0339	-0.1244	-0.1385	0.2145	0.3165	-0.2828	-0.2642	-0.1086	-0.2213	-0.183	-0.2167	-0.044	0.2642	0.2664	-0.1302	0.2858	0.3523	-0.2307	-0.3506	-0.1885	0.4579	0.0747	-0.0312	-0.2919	0.4001	-0.1036	0.3826	0.2436	-0.2633	0.0807	0.076	-0.093	-0.31	-0.0561	-0.287	0.0844	-0.3452	-0.2347	0.3291	-0.1701	0.1374	-0.2574	0.1424	-0.3912	-0.1312	-0.1328	-0.2997	0.1319	0.1067	-0.2484	-0.4203	0.4682	0.0238	-0.2717	-0.1297	-0.1273	-0.0008	-0.3178	-0.2433	0.1474	-0.0328	-0.5156	-0.006	-0.3921	-0.198	-0.0239	-0.0174	0.1094	-0.4144	0.3988	0.3747	-0.3169	-0.1593	-0.2488	-0.3439	-0.3217	-0.2134	0.3	-0.3346	0.1991	-0.2162	-0.1422	0.2165	0.386	0.2484	0.1233	-0.1149	-0.2974	0.0251	0.4833	0.1632	0.2922	-0.0125	-0.3136	-0.0611	0.4021	-0.1494	0.1579	0.494	-0.0454	0.0202	0.0638	0.4088	-0.1526	-0.1287	0.5256	-0.0359	0.1527	-0.1327	-0.2562	0.2905	0.2853	0.2779	-0.3606	0.2554	-0.0525	-0.2405	-0.041	-0.06	-0.2589	-0.0385	0.4109	0.0115	-0.0581	0.3091	-0.152	0.0394	-0.0583	0.3906	-0.1013	-0.0449	-0.2263	0.4768	0.0705	-0.1099	0.3684	0.2075	0.7729	0.5242	0.006	0.0145	0.1318	0.3821	-0.0695	-0.1899	0.1833	-0.3664	0.2185	0.0225	0.5054	-0.0517	-0.0457	0.2007	0.3891	-0.0192	-0.0603	-0.1458	-0.1843	-0.3074	0.3873	0.0767	-0.2072	0.2267	-0.2388	-0.0508	0.0062	0.1172	0.0563	-0.0186	-0.2084	-0.1517	-0.3037	0.1784	0.0745	0.2323	0.0789	-0.0876	0.1552	0.3532	0.3748	-0.2866	0.3295	-0.196	0.3308	-0.2292	0.261	-0.2622	0.3977	-0.0666	0.4457	-0.1338	0.0506	-0.2909	-0.3233	0.1679	-0.2982	-0.068	0.2286	-0.2439	-0.036	0.0863	0.3722	0.6575	0.447	0.2448	-0.3678	-0.3018	-0.0948	-0.0262	0.0755	-0.0155	-0.0475
Sg_CD24A_10	0.1755	-0.5228	-0.1724	0.0882	0.0115	0.4585	-0.2089	0.3857	-0.3162	-0.2096	-0.4785	0.2487	-0.0514	-0.4475	0.4306	-0.0167	-0.1087	-0.365	-0.0317	-0.115	-0.2859	0.0167	0.1733	-0.4799	-0.0508	-0.1088	-0.2182	0.2717	0.3684	0.1193	0.0521	0.2366	0.1207	-0.4594	-0.3258	0.2077	-0.5283	0.016	-0.2608	0.4759	0.3227	0.2321	-0.0735	-0.1862	-0.43	0.5627	0.4036	0.0029	0.4859	0.4516	0.3355	-0.2148	0.4737	-0.4256	0.4047	-0.2528	0.0423	0.0249	-0.049	-0.3424	-0.1726	0.0036	0.2204	0.184	0.0679	-0.0717	-0.3537	0.0364	-0.1756	-0.3295	-0.1261	0.0103	-0.603	0.0282	-0.0485	-0.1456	-0.1634	-0.5528	-0.2313	-0.0467	0.5696	-0.0447	-0.4315	0.0459	0.0532	-0.0007	-0.2589	-0.095	0.0878	-0.0392	-0.0658	0.3715	-0.271	1	0.1205	0.5548	-0.1605	0.2112	0.4891	0.4999	0.4387	0.3461	0.1336	-0.0615	0.1036	-0.1285	0.5975	-0.0077	0.322	0.2742	0.4018	0.1867	0.2073	-0.071	0.5382	0.0293	0.0242	0.0048	0.3052	0.5333	0.1187	-0.3122	-0.5347	-0.016	0.0645	-0.1027	0.0417	-0.0107	0.0399	-0.0562	-0.1379	-0.1545	-0.0821	-0.5844	-0.3633	0.1854	-0.0319	0.4527	-0.4839	0.0735	0.0742	0.015	-0.4264	-0.0501	-0.1947	-0.4724	-0.1597	-0.3534	-0.1076	-0.058	-0.0856	0.5234	-0.0696	0.0093	0.3974	0.56	0.0391	-0.1222	-0.173	-0.0397	-0.2495	0.1055	0.0259	0.1635	0.4292	-0.2496	0.057	0.1817	0.5545	-0.3055	-0.1875	0.0272	-0.0136	0.5926	-0.1363	-0.0237	0.2361	0.0639	0.4631	0.5898	0.1719	0.1585	0.2827	0.1158	-0.2655	0.4231	0.2431	-0.2884	-0.1831	0.023	0.006	0.2336	0.4729	-0.1779	0.1685	-0.1778	-0.1117	-0.0194	-0.0247	-0.0836	-0.4628	-0.5057	-0.1765	-0.2716	-0.2176	0.6046	-0.1546	-0.1593	-0.2565	-0.1319	-0.2269	0.1231	0.0556	-0.466	-0.0492	-0.3134	-0.4738	0.5326	0.0448	-0.1209	-0.3339	0.1426	0.0842	-0.4821	-0.1765	-0.02	0.0765	-0.1987	-0.4329	-0.5221	-0.42	0.0098	-0.1385	0.138	0.4158	0.4574	-0.1458	0.0656	0.117	-0.1468	0.5219	0.5632	-0.4977	-0.151	0.1694	0.029	-0.0442	0.5773	-0.1444	0.2919	-0.2987	-0.1467	0.0065	-0.2604	-0.1251	0.0129	-0.1123	-0.1598	0.0266	-0.1466	-0.412	0.0438	0.099	-0.4367	-0.0641	-0.5308	-0.0167	-0.3286	0.6087	0.1446	-0.1347	-0.1123	-0.1357	0.1147	-0.0428	0.0164	-0.0819	-0.1306	0.101	0.5046	-0.0917	0.209	0.0121	0.0064	-0.3929	-0.0519	0.206	0.0048	0.4722	-0.0618	-0.3496	-0.0509	-0.1527	-0.1344	-0.0019	-0.406	-0.4429	-0.1422	-0.1466	-0.3384	0.1033	-0.3873	0.1614	-0.2194	0.1439	-0.0124	-0.0987	-0.4184	0.0099	0.4184	0.0954	0.2632	0.0072	0.1854	0.3703	0.019	0.3713	0.5169	-0.0423	-0.5294	-0.2895	-0.2685	-0.599	0.6984	-0.114	-0.1449	0.4964	0.0077	-0.0082	0.3649
Sg_CD25A_53	0.2013	-0.1598	-0.345	-0.3703	-0.2869	-0.0998	-0.1779	-0.2608	-0.0904	-0.2363	-0.2635	0.6714	0.0987	-0.0337	0.0762	-0.0435	-0.0378	-0.4023	0.1008	-0.0185	-0.0385	-0.2429	-0.3625	-0.0124	-0.389	-0.109	-0.0766	-0.2934	0.6728	0.6848	-0.332	-0.1579	-0.278	-0.45	-0.0148	0.6887	-0.3181	0.5952	0.0192	-0.175	0.1901	0.0041	0.3277	0.0953	-0.3107	0.5032	-0.2818	0.3113	0.0202	-0.0515	-0.1679	-0.049	-0.2091	-0.1948	-0.1186	-0.1008	-0.3308	-0.2919	0.0386	-0.1076	0.0731	0.4382	0.2155	-0.2196	0.0406	0.1295	-0.1222	0.0116	-0.2651	-0.3834	0.1849	0.0438	-0.1361	0.1248	0.0278	0.1869	-0.2668	-0.2235	0.0713	0.1795	0.0247	0.2244	-0.3571	-0.1924	-0.0869	-0.2538	-0.2626	-0.2314	-0.0399	0.1312	-0.3232	0.0264	0.0065	0.1205	1	0.261	-0.132	-0.0102	-0.1708	0.1979	-0.0325	0.0618	-0.3955	0.0423	0.6671	-0.0156	-0.0597	-0.1675	0.2336	0.1669	-0.188	0.0865	0.1182	0.3169	0.0278	0.4954	0.134	0.2432	-0.124	-0.1611	0.2578	-0.1749	-0.2143	-0.0561	0.127	-0.2904	0.0825	0.2867	-0.0662	0.335	0.007	-0.4581	0.1819	-0.2553	-0.3379	0.1474	0.0118	-0.0115	-0.2797	-0.348	0.1168	-0.1515	-0.2576	0.1132	-0.0699	-0.2441	-0.0709	0.0775	-0.0898	0.1633	0.0697	-0.0418	-0.2146	0.0694	-0.0819	0.2276	-0.2388	0.0254	0.0075	0.5014	-0.1184	-0.0839	0.3191	-0.2802	0.0231	0.0743	0.076	0.125	0.0156	-0.2301	0.1608	0.1648	0.0646	0.0264	-0.1741	0.1238	0.1933	-0.0041	0.098	0.4006	0.1303	0	-0.1412	-0.1905	0.184	0.1679	0.3239	0.1238	-0.2605	-0.0253	0.1294	-0.2829	0.1522	-0.1	0.1151	0.0079	-0.0326	-0.2565	0.004	0.5678	0.055	-0.4205	0.102	0.0142	0.0571	0.0575	0.1333	-0.0027	-0.3282	-0.3895	-0.1239	0.0592	-0.0345	-0.4017	0.1188	-0.294	-0.4454	0.0075	-0.4286	-0.0337	-0.0316	0.1599	0.2968	-0.0637	0.2297	0.2101	0.3137	-0.0905	-0.3534	-0.1881	0.127	0.4729	0.0504	0.1749	0.0036	0.2431	0.0161	0.0364	-0.2117	-0.0764	-0.0878	-0.0889	-0.239	-0.0116	0.1651	0.2225	0.0349	-0.1172	0.163	0.2104	-0.3445	0.4102	0.6449	-0.2411	-0.0051	-0.0281	0.0425	-0.1237	0.7162	-0.2016	-0.4242	-0.0981	-0.3453	-0.3602	-0.1565	-0.3168	0.21	-0.1221	0.0287	0.4067	-0.3767	-0.1386	-0.1073	0.1047	0.0406	0.2196	-0.0176	-0.0108	0.0331	0.0679	-0.4819	0.0575	0.253	0.4529	-0.1255	0.1287	0.1091	0.0008	-0.1467	-0.2518	-0.219	-0.3851	-0.175	-0.4516	0.5866	-0.47	-0.3746	0.1003	-0.1161	-0.5157	0.203	-0.3841	-0.1778	-0.451	-0.1472	-0.3143	-0.3885	-0.1876	-0.2763	-0.0589	0.6413	-0.1509	-0.2421	-0.2238	-0.1472	-0.1403	0.2741	-0.0334	0.1911	-0.3326	-0.114	-0.2964	-0.2694	0.1544	0.0107	0.1799	-0.0536	-0.3879	-0.3162	0.2903
Sg_CD26A_19	0.0751	-0.4283	-0.1375	-0.2329	-0.2099	0.2583	-0.1495	0.2416	-0.1335	-0.2986	-0.3239	0.2634	-0.2061	-0.1928	0.0858	-0.2036	-0.0152	-0.3317	-0.1774	-0.1802	-0.0652	-0.1607	-0.1299	-0.5122	-0.0411	-0.167	-0.2252	0.0687	0.3364	0.1545	0.0062	0.0808	-0.0501	-0.4462	-0.026	0.2322	-0.3262	0.1796	-0.1445	0.3009	0.1355	0.1794	0.184	0.0847	-0.2631	0.5177	0.1028	0.1636	0.4192	0.3186	0.3017	-0.195	0.4208	-0.3069	0.3866	-0.2129	-0.1908	-0.2336	0.0405	-0.1961	-0.1324	0.2211	0.1013	0.0015	-0.1349	0.1314	-0.2074	0.0152	-0.2608	-0.385	-0.0229	-0.1076	-0.2504	0.057	0.1021	0.074	-0.1386	-0.379	-0.1337	0.1787	0.5337	0.2524	-0.334	0.102	0.1427	0.0025	-0.2767	-0.2805	0.042	-0.0737	-0.1638	0.1645	-0.0245	0.5548	0.261	1	-0.0887	0.0484	0.3449	0.5213	0.2056	0.6045	0.0346	-0.0274	0.1816	-0.2619	0.429	0.0265	0.2917	0.2687	0.1161	0.1287	-0.1153	0.1276	0.3696	0.1175	0.1903	0.111	0.3239	0.3563	0.1547	-0.1873	-0.356	-0.2477	0.0122	-0.2085	-0.0049	0.2047	-0.1651	0.0918	0.1088	-0.2545	-0.0123	-0.2855	-0.3223	0.0783	-0.2201	0.3285	-0.3301	-0.0945	0.1988	-0.1674	-0.3062	-0.0612	-0.0778	-0.3597	-0.2254	-0.1116	-0.1464	-0.0889	-0.0511	0.3959	-0.2788	0.1883	0.3657	0.5275	-0.0394	-0.2547	-0.0563	-0.0881	-0.0624	-0.3071	0.0948	-0.1811	0.3235	-0.0022	0.0527	0.1511	0.2034	-0.0152	-0.0171	-0.1156	0.1815	0.4588	-0.1754	0.0051	0.2631	-0.0008	0.4807	0.3011	0.2144	0.0561	0.0886	0.0851	-0.0339	0.5221	0.133	-0.0499	-0.307	-0.2824	-0.1	-0.1247	0.3581	-0.2431	0.1858	-0.0899	-0.1624	-0.1914	-0.2068	0.1394	-0.1413	-0.4749	-0.0589	-0.1731	-0.1369	0.3201	-0.162	0.0153	-0.2079	-0.1462	-0.2996	-0.1484	0.0753	-0.4581	-0.0378	-0.237	-0.3481	0.4138	-0.2245	-0.0841	-0.0641	0.2041	0.3315	-0.2193	0.018	0.1554	0.118	-0.2428	-0.3834	-0.328	-0.3333	-0.0384	0.0963	0.1145	0.3694	0.3857	-0.0094	-0.2286	0.0127	-0.0061	0.4	0.4922	-0.4606	-0.2153	0.0843	0.1942	-0.0602	0.4494	-0.0066	0.3132	-0.1489	-0.1865	0.1212	-0.1535	0.0165	0.0654	-0.0021	-0.2475	0.1204	-0.214	-0.3762	-0.0755	-0.1444	-0.2518	-0.2341	-0.4102	0.0282	0.0456	0.6153	0.3409	-0.3629	-0.0485	-0.0506	0.0616	-0.0821	-0.0635	-0.1012	0.0773	0.2425	0.3387	-0.0569	0.1174	0.0602	0.1666	-0.2162	-0.1043	0.2219	-0.2274	0.2995	-0.3745	-0.1766	-0.3011	0.0273	-0.1785	0.1246	-0.4254	-0.4177	0.0336	-0.2249	-0.4028	0.0872	-0.3302	-0.1579	-0.3521	-0.229	-0.0372	-0.3921	-0.3147	-0.2577	0.3622	0.0571	0.0348	-0.3256	-0.0056	0.3847	0.026	0.3748	0.342	0.163	-0.4247	-0.1041	-0.2039	-0.3865	0.4323	-0.1293	-0.0102	0.3611	-0.2851	-0.0802	0.3574
Sg_CD27A_46	-0.1248	0.095	0.1894	0.1192	-0.1271	0.036	0.0799	0.0357	0.0101	0.1097	0.005	-0.2721	0.1059	0.1421	-0.1283	-0.1375	-0.0676	0.1846	-0.0617	-0.0122	0.0243	0.2933	0.1293	0.0357	0.1306	0.1718	0.2888	0.0455	-0.1126	-0.1533	0.161	0.1693	0.1347	0.1069	0.1394	-0.2271	0.1419	-0.2267	0.0462	-0.162	-0.0364	0.0599	0.0026	-0.1333	-0.0006	-0.123	-0.0308	0.208	0.017	-0.0734	0.1708	0.0611	0.0056	-0.0235	-0.0886	0.0044	0.1069	0.1403	-0.0155	0.0927	-0.2025	-0.2433	-0.0573	0.0272	-0.0888	-0.1024	-0.1916	0.2079	0.2819	0.0496	-0.1233	0.1124	0.0577	-0.077	-0.1672	-0.1541	0.2373	0.0052	-0.2117	0.1314	-0.1023	0.2756	0.2128	0.2439	-0.1232	0.3292	0.2725	-0.0839	0.185	0.0559	0.237	-0.1706	0.0728	-0.1605	-0.132	-0.0887	1	-0.0482	-0.0648	-0.1884	-0.1198	0.0549	0.1076	0.3993	-0.1862	0.0266	-0.0898	0.0215	0.2229	-0.068	-0.0589	-0.1452	0.005	0.0313	-0.078	-0.2596	0.3352	0.0563	0.0227	-0.0507	0.0883	-0.1059	-0.0301	-0.0809	0.0193	0.2896	0.0187	0.104	0.1917	0.2338	0.0988	0.1286	-0.1098	-0.0251	0.4899	-0.1776	-0.1012	-0.1223	0.0602	0.1629	0.085	-0.3155	0.1274	-0.1651	0.0337	0.0072	-0.1852	0.1819	0.0095	-0.0966	-0.2351	0.0106	-0.1881	0.4063	-0.2351	-0.1283	0.1324	-0.0179	-0.1006	-0.2199	0.3542	-0.0242	-0.1867	0.2355	-0.1888	0.189	0.1277	-0.0276	-0.0413	0.2741	-0.2475	-0.0965	-0.0371	-0.0156	0.1129	-0.1788	0.095	-0.2048	-0.1592	-0.1813	0.0365	-0.1143	0.0114	0.1042	0.0174	-0.1445	0.1837	0.0777	0.1919	0.0498	-0.2195	0.0887	-0.1991	-0.1667	0.0885	0.0723	-0.2053	0.0399	-0.1054	-0.1874	0.2186	0.2321	-0.0288	0.0187	-0.1073	-0.0452	-0.2114	0.0725	0.061	0.2328	-0.054	0.0353	0.4138	0.1533	-0.1573	0.0477	0.0338	0.0588	0.2267	0.2027	0.1818	0.0101	0.1174	0.1487	-0.0845	0.1921	0.1063	-0.1786	0.2433	0.0206	0.2537	-0.2219	0.0945	0.0713	-0.2653	-0.049	-0.0147	0.0131	0.2987	-0.0239	0.0204	-0.0323	0.108	-0.3335	-0.171	0.0954	-0.0792	-0.0383	0.2526	0.0297	0.3069	-0.0415	-0.2347	0.0816	-0.0796	0.0458	0.0764	0.2864	-0.1348	-0.0163	0.135	0.0435	0.1183	0.0986	-0.1349	0.1529	-0.084	0.0154	-0.1405	0.1423	0.1706	-0.0224	-0.0051	-0.1616	-0.1018	-0.072	-0.1987	0.1191	-0.0918	-0.1263	0.1228	0.2147	0.0337	-0.2371	-0.0389	0.0169	-0.0593	0.1194	-0.0073	-0.0572	0.126	0.1398	0.0586	0.3096	-0.259	0.2323	0.1192	0.1228	-0.1626	0.1441	-0.2273	0.166	0.0851	0.2143	0.1822	-0.0039	0.0522	0.04	-0.1665	-0.1194	-0.1557	-0.0023	-0.0263	-0.095	0.0386	0.0349	-0.2338	-0.2201	0.1312	0.1849	0.1831	0.2557	0.0578	-0.2104	-0.2017	-0.2905	-0.0514	0.235	0.0038	-0.0927
Sg_CD28A_40	0.1354	-0.0881	-0.1875	0.0245	-0.0421	-0.2612	-0.2151	-0.2394	-0.318	-0.286	-0.365	-0.1312	-0.0544	-0.227	-0.0727	-0.3388	0.1635	-0.1343	-0.0122	-0.1935	-0.08	-0.0996	-0.1461	-0.3732	-0.0429	0.3926	-0.2375	0.1645	0.0302	-0.098	-0.0306	0.0702	-0.2158	-0.1502	-0.1448	-0.0757	-0.2071	-0.166	-0.21	-0.2385	-0.1297	0.2702	0.3515	0.0927	0.0536	0.1491	0.013	0.4055	-0.2445	-0.0324	-0.204	-0.219	-0.1647	-0.3849	-0.184	-0.2014	-0.063	-0.1456	-0.0259	-0.2843	0.0226	0.2493	0.0599	-0.1514	-0.0017	0.1942	-0.1433	0.3392	-0.1288	-0.0925	0.1702	-0.1152	-0.0246	0.3263	0.2619	0.0945	0.0197	-0.457	0.3228	0.1751	-0.0422	0.3076	-0.1844	0.3183	0.3101	0.1672	-0.1711	0.285	0.1686	0.2812	0.0167	0.1323	-0.0856	0.2112	-0.0102	0.0484	-0.0482	1	-0.1443	-0.029	0.2248	-0.1298	-0.1051	0.4788	-0.2149	-0.1193	-0.0094	0.4636	0.4898	-0.2114	0.0096	0.0857	-0.2213	0.3291	-0.1997	-0.2161	0.3406	0.4089	-0.2852	-0.1839	0.5094	-0.192	-0.4043	-0.0196	0.5932	-0.3761	0.218	0.3796	0.3756	0.4656	0.0824	-0.1641	0.028	-0.2971	0.0966	0.3213	0.0281	-0.1379	-0.0494	-0.2276	0.309	0.3321	-0.2338	0.0125	0.0996	-0.4524	0.109	-0.2702	-0.2116	-0.0298	0.0237	-0.3323	0.2007	-0.1609	0.1851	-0.0298	-0.0066	-0.1675	0.3713	-0.0696	-0.1596	-0.0691	-0.0633	0.0822	0.2236	-0.3006	0.1331	0.1587	-0.0337	-0.024	0.152	0.0886	0.4002	-0.1483	0.2278	0.2637	0.3516	-0.075	0.1788	0.1263	-0.1607	0.2465	0.3261	-0.3013	0.1035	-0.01	0.3252	-0.0488	-0.2583	-0.0799	0.1576	0.1533	0.2621	0.093	0.4152	0.145	0.1731	-0.0098	-0.0358	-0.1752	-0.2542	-0.1728	0.0365	-0.1493	0.2217	0.4012	-0.4003	-0.0705	0.102	-0.2033	-0.1659	0.0164	0.3475	-0.1785	0.0176	-0.012	-0.0438	-0.1422	-0.1053	0.2723	-0.0654	0.2943	0.2885	-0.2424	0.035	0.2234	0.4339	0.053	-0.1884	-0.0811	-0.2854	-0.257	0.1304	0.4662	0.261	-0.0277	0.225	0.0433	0.4673	0.0887	-0.3166	0.0369	-0.223	0.2863	-0.1252	0.392	0.0742	-0.1469	0.2616	0.2605	-0.1284	-0.2825	-0.2147	-0.263	0.2025	-0.1001	-0.0985	-0.0667	-0.0918	-0.2723	-0.2547	-0.0915	0.3069	-0.3223	0.1335	-0.2759	0.2922	-0.1093	0.0131	0.3721	-0.1907	-0.0314	0.4197	0.2289	-0.0752	-0.1014	0.1107	-0.1105	0.2439	-0.1114	-0.0562	0.5444	0.1484	-0.2382	0.14	0.4529	0.2325	-0.032	0.0324	0.3553	0.0913	-0.1122	-0.2308	0.0039	-0.1847	-0.0421	-0.1963	-0.1376	0.0927	-0.2368	0.2772	-0.164	-0.3214	-0.0941	0.1009	0.0606	-0.0262	-0.0788	-0.0597	-0.2328	-0.1345	0.5006	0.098	0.5765	-0.233	-0.1438	0.3694	-0.022	0.2677	-0.1353	-0.2283	-0.4209	-0.1985	-0.0682	0.1216	0.0519	-0.2318	-0.1024	0.0441	0.3162
Sg_CD30A_34	-0.1872	-0.2087	0.1572	0.359	0.2753	0.6933	0.097	0.7507	0.1442	0.1422	-0.1581	-0.0687	-0.2902	-0.259	0.3613	0.1297	0.0838	-0.145	-0.2203	-0.2067	-0.1013	0.0854	0.3955	-0.2015	0.3313	-0.2052	0.0538	0.4084	0.0056	-0.166	0.3744	0.2697	0.3848	0.0191	-0.0535	-0.1309	0.0004	-0.2742	-0.1681	0.5908	0.2942	0.1287	-0.4777	-0.0497	-0.3122	0.3583	0.5702	-0.3216	0.6575	0.6734	0.7775	-0.0426	0.5952	0.0438	0.777	0.148	0.2337	0.431	-0.2412	-0.1113	-0.4691	-0.338	-0.1431	0.2756	-0.0374	-0.3561	-0.1252	-0.2646	0.0564	0.1583	-0.4883	-0.1711	-0.574	-0.1997	-0.2674	-0.3947	0.0848	-0.0638	-0.3673	-0.0646	0.5355	-0.237	-0.0307	0.116	-0.108	0.051	0.0195	-0.3875	0.0772	-0.4364	0.1022	0.2726	0.0185	0.4891	-0.1708	0.3449	-0.0648	-0.1443	1	0.3366	0.3705	0.4256	0.5032	-0.2315	-0.177	-0.2652	0.6038	-0.1258	-0.0225	0.396	0.5836	-0.1433	0.3417	-0.4283	0.6068	-0.104	-0.2228	-0.3666	0.5209	0.8115	-0.3546	-0.0336	-0.0615	-0.1782	-0.2846	0.0906	-0.0532	-0.3312	-0.169	-0.3802	-0.0255	0.3344	-0.199	-0.3356	-0.0524	-0.1809	-0.2171	0.7632	-0.0443	0.3983	-0.2961	-0.3563	0.0621	-0.197	0.0576	-0.0764	-0.402	-0.4225	0.0003	-0.1838	-0.3921	0.7277	-0.298	-0.1534	0.2435	0.3945	0.264	-0.2549	-0.2965	-0.1212	-0.0892	-0.0288	-0.2251	0.4151	0.2503	-0.2675	-0.2622	-0.2477	0.4192	0.0621	-0.3017	-0.2353	-0.2667	0.7347	-0.2218	-0.2679	-0.299	0.3489	0.2492	0.1241	0.354	0.0082	0.0421	0.3635	-0.4673	0.2424	-0.2261	-0.1501	0.2368	-0.153	-0.1548	0.2463	0.1972	-0.4104	-0.0278	-0.1436	-0.3588	0.2194	-0.2165	-0.3334	-0.5653	-0.0363	-0.0278	-0.1177	-0.4223	0.2338	0.1704	0.1761	-0.0756	0.3207	-0.0906	-0.1665	-0.0311	0.0091	-0.1484	-0.1299	0.0492	0.6988	0.4304	-0.2174	-0.0188	-0.0665	-0.2361	-0.0385	-0.4726	-0.3169	-0.369	-0.4201	-0.1122	-0.3107	-0.3405	-0.2004	0.0132	-0.0601	0.1246	0.0599	-0.263	-0.1936	-0.0332	0.0056	0.7461	0.8349	-0.1764	-0.3297	0.163	-0.3795	-0.0126	0.7917	-0.4574	-0.1993	0.0707	-0.1263	-0.2194	0.212	-0.078	0.0834	-0.0659	-0.0554	-0.1754	0.0357	0.1373	0.1556	0.1738	-0.1208	-0.3069	-0.2426	-0.2472	0.144	0.5853	-0.2605	0.2949	0.1332	-0.2344	-0.2001	-0.1338	-0.079	-0.4531	-0.1519	0.0192	0.3947	0.1723	-0.0966	-0.3069	-0.2402	-0.3418	-0.2222	-0.0888	-0.1899	0.6317	-0.2759	-0.1865	0.2797	0.0734	0.2017	-0.2431	-0.1363	-0.0195	0.002	-0.3503	0.224	-0.2287	0.0066	0.3355	0.2032	0.0769	0.1265	0.0194	-0.1281	-0.0012	0.7514	-0.215	-0.1288	0.1884	0.1231	0.7543	0.1569	0.0595	0.6513	-0.2367	-0.0819	0.0889	0.1488	-0.3779	0.6377	-0.4347	-0.1892	0.7895	0.3057	0.2579	-0.0122
Sg_CE19A_15	0.0849	-0.365	0.013	0.0895	0.1976	0.2559	0.242	0.3329	0.0298	-0.1488	-0.271	0.104	-0.0251	-0.2417	0.1008	-0.0054	0.0373	-0.2687	0.074	-0.0256	-0.1422	-0.0669	0.1532	-0.2114	-0.0487	-0.3793	0.1033	0.0937	0.2392	0.0732	0.0656	0.1506	0.1139	-0.269	-0.0754	0.199	-0.1628	0.0131	0.1123	0.2112	0.0374	0.2662	-0.1566	0.058	-0.4047	0.3965	0.3532	0.0535	0.3906	0.3952	0.2699	0.0985	0.2921	-0.2351	0.3346	-0.1816	0.0302	-0.0181	-0.031	-0.2184	-0.1237	-0.0059	-0.1414	0.1581	0.1818	-0.0433	-0.2704	-0.2344	-0.1192	-0.0242	-0.2535	-0.0331	-0.2319	0.1259	0.0106	-0.182	-0.1259	-0.2945	-0.3391	0.1278	0.5514	-0.1614	-0.3102	-0.1021	-0.0649	0.117	-0.0204	-0.3155	0.1213	-0.0873	-0.2087	0.1034	-0.1426	0.4999	0.1979	0.5213	-0.1884	-0.029	0.3366	1	0.1801	0.4452	0.0101	-0.1872	0.0845	-0.0733	0.5884	-0.0084	0.0337	0.3119	0.3152	0.1535	-0.0477	-0.0956	0.3712	0.0534	0.0852	-0.0856	0.2439	0.4136	-0.0364	-0.2255	-0.2959	-0.0016	-0.0853	-0.1403	-0.0529	-0.0322	-0.2778	-0.0723	-0.0663	-0.109	0.0891	-0.2571	-0.3007	-0.16	-0.0633	0.2975	-0.2532	0.0444	0.0032	-0.0126	-0.1919	0.0059	0.0499	-0.208	-0.23	-0.2149	0.0802	0.0828	-0.0247	0.3143	-0.1611	0.1094	0.3005	0.2891	0.1401	0.001	-0.3471	-0.1537	-0.0592	0.0385	0.0026	0.1345	0.296	-0.227	-0.2119	0.0913	0.1502	-0.0164	-0.2744	0.0551	-0.0355	0.4045	-0.1642	-0.1163	-0.0261	0.1342	0.4446	0.2148	0.1926	-0.0723	0.1386	0.1371	-0.2833	0.374	0.0893	-0.1031	-0.1584	0.0108	-0.2835	0.0103	0.3132	-0.1733	0.1835	-0.2275	-0.2025	-0.0228	0.009	-0.0165	-0.2158	-0.2992	-0.119	0.1465	-0.378	0.1828	0.0684	0.0134	-0.2941	-0.2132	-0.1463	0.0824	0.0956	-0.2878	0.0303	-0.0492	-0.2971	0.3383	0.0765	-0.1363	-0.2236	0.0345	0.0736	-0.2489	-0.2486	-0.0527	-0.1242	-0.2186	-0.2834	-0.372	-0.1957	0.0309	-0.1331	-0.0542	0.3863	0.2814	-0.2488	-0.0178	0.0849	-0.2197	0.3701	0.3503	-0.2966	-0.4229	0.0589	-0.0686	0.0553	0.254	-0.1955	0.1478	-0.1784	-0.182	0.0528	-0.1415	0.0399	0.082	-0.1266	-0.232	0.0471	-0.0391	-0.2034	0.0558	-0.0966	-0.0844	-0.1342	-0.2214	-0.208	-0.0179	0.5351	0.1297	-0.1792	-0.1533	-0.3681	-0.1215	0.0181	0.0906	-0.1073	-0.0295	0.1397	0.0835	-0.1273	0.043	-0.052	0.0325	-0.2382	-0.1204	0.0924	-0.025	0.3876	-0.3407	-0.165	-0.082	0.2548	-0.1404	-0.0111	-0.4459	-0.2937	-0.1271	-0.2508	-0.247	-0.1843	-0.2355	0.0502	-0.2488	0.0478	-0.2112	-0.2121	-0.2438	-0.1125	0.2534	0.0621	-0.1329	-0.0593	0.0857	0.3037	0.1014	0.1611	0.3229	-0.0421	-0.2971	-0.2095	-0.2437	-0.2822	0.4122	-0.12	-0.1842	0.3077	-0.0039	-0.0494	0.0931
Sg_CE19A_24	-0.1138	-0.2658	-0.1331	0.2973	0.1652	0.4144	-0.2726	0.5188	-0.2464	-0.0088	-0.1562	-0.0085	-0.1819	-0.5791	0.3169	0.0039	-0.1498	-0.1582	-0.1768	-0.318	-0.1217	0.278	0.4012	-0.3054	0.2125	0.1223	-0.142	0.5942	0.1737	-0.1015	0.3522	0.1431	0.1948	-0.1808	-0.2105	0.0101	-0.3013	-0.1994	-0.1943	0.3034	0.0529	0.1417	-0.1063	-0.3593	-0.2952	0.4083	0.377	-0.1408	0.3494	0.5527	0.2397	-0.2755	0.2839	-0.2204	0.4782	-0.2732	0.2042	0.2403	-0.1992	-0.3242	-0.2896	0.0178	-0.0467	0.052	0.0214	-0.1955	-0.049	-0.0607	-0.1056	-0.1675	-0.118	-0.1983	-0.5835	-0.0721	-0.2202	-0.1572	-0.0165	-0.3477	-0.0612	-0.1866	0.549	-0.2516	-0.2595	0.0532	0.244	0.2187	-0.1623	0.1144	0.0363	-0.1429	0.2206	0.7448	-0.3057	0.4387	-0.0325	0.2056	-0.1198	0.2248	0.3705	0.1801	1	0.1702	0.4832	0.2288	-0.1529	-0.2377	0.5278	0.1668	0.3004	0.4396	0.7149	0.0513	0.467	-0.1262	0.4721	-0.1963	-0.1326	-0.1111	0.3443	0.5467	0.0026	-0.0017	-0.2741	-0.1284	0.1868	0.1763	0.1718	-0.0014	0.2088	-0.1312	0.0264	0.1588	-0.1579	-0.4079	-0.0298	0.2218	-0.118	0.4768	-0.2505	0.3012	-0.1249	-0.0581	-0.1384	-0.318	-0.1042	-0.1959	-0.2203	-0.4346	-0.2903	-0.3099	-0.3211	0.502	-0.0202	-0.2517	0.4234	0.5355	0.1983	-0.2278	-0.0403	0.052	-0.1338	0.128	-0.2364	0.2765	0.3065	-0.2783	-0.2039	-0.2048	0.6623	-0.1888	-0.0904	-0.1718	0.0681	0.4613	0.2761	-0.0175	0.2541	0.1398	0.285	0.3146	0.3042	0.2147	0.1236	0.2475	-0.184	-0.0013	0.1162	-0.3336	0.018	-0.0134	0.0106	0.5255	0.3724	-0.2927	0.1588	0.0323	-0.0674	0.0214	-0.1703	-0.2605	-0.4216	-0.2409	-0.238	-0.2438	-0.187	0.5556	-0.1628	0.0993	-0.0012	0.157	0.0781	0.0461	-0.0454	-0.2807	-0.2438	-0.2539	-0.2543	0.3067	0.354	-0.1306	-0.3648	0.0758	-0.0898	-0.1958	-0.2081	-0.2782	-0.0556	-0.2738	-0.2237	-0.448	-0.2843	-0.0519	0.1016	0.0685	0.2775	0.0238	0.047	-0.0942	0.2754	-0.0505	0.4597	0.4453	-0.3674	0.0526	0.1217	-0.0399	-0.2181	0.3876	-0.3154	0.1335	-0.2178	-0.0707	-0.1617	-0.132	-0.2764	-0.2004	-0.1458	0.0344	-0.0996	-0.0075	-0.1569	0.2264	0.6173	-0.3341	0.0031	-0.1494	0.1096	-0.2019	0.4747	-0.1872	0.1974	-0.0099	-0.0274	0.0317	-0.2284	-0.0839	-0.1939	-0.1828	0.2004	0.4843	0.224	0.2325	-0.1414	-0.3208	-0.4591	0.1575	0.151	-0.0494	0.6614	0.1063	-0.2277	0.2828	-0.1594	0.1266	-0.1905	-0.2254	-0.2917	-0.0732	-0.1409	-0.0471	0.1789	-0.1227	0.3098	0.026	0.3716	-0.0358	0.234	-0.2774	0.2587	0.359	-0.1353	0.1971	0.2644	0.4834	0.342	0.1439	0.2212	0.4457	-0.2164	-0.3403	0.022	0.088	-0.3762	0.5457	-0.2523	-0.165	0.3301	0.1914	0.2367	0.1789
Sg_CE19A_29	-0.0909	-0.2389	0.0746	-0.0846	0.0622	0.2883	-0.0809	0.3452	-0.0098	-0.2516	-0.2586	0.0487	-0.345	-0.1223	-0.1109	0.0542	0.1019	-0.2382	-0.3583	-0.3873	0.031	-0.1538	0.0249	-0.3544	0.164	-0.1319	-0.1067	0.0905	0.0845	-0.0259	0.031	0.1204	-0.0163	-0.2733	0.1075	0.0191	-0.0538	-0.0186	-0.1321	0.3903	0.1161	0.2057	-0.0779	0.2075	-0.2688	0.3142	0.2039	0.0522	0.4274	0.4788	0.5254	-0.0769	0.3939	-0.1998	0.4168	-0.0441	-0.0172	-0.0533	0.1472	-0.0175	-0.2932	-0.0236	-0.1157	-0.0226	-0.3268	-0.068	-0.1231	0.0367	-0.1888	-0.0897	-0.1058	-0.3055	-0.2088	0.0979	0.079	-0.1075	0.1647	-0.1218	-0.1492	0.1529	0.5457	0.1612	-0.1402	0.1498	0.0483	0.0844	-0.2919	-0.4244	0.1326	-0.2061	-0.1663	-0.0538	0.1557	0.3461	0.0618	0.6045	0.0549	-0.1298	0.4256	0.4452	0.1702	1	0.1558	-0.0695	0.0712	-0.4485	0.4973	0.0727	0.1661	0.1446	0.1745	-0.0521	-0.0194	0.0362	0.326	0.0514	0.229	0.0472	0.336	0.4444	0.0743	-0.0693	-0.1653	-0.377	-0.1157	-0.2206	0.1277	0.0082	-0.2921	0.0596	0.2018	-0.0833	0.031	-0.2293	-0.0216	-0.0453	-0.4985	0.2711	-0.1162	0.0429	0.0979	-0.285	-0.1693	-0.3474	0.1447	-0.1699	-0.303	-0.2804	-0.1346	-0.3549	-0.1989	0.3833	-0.3307	0.1086	0.2807	0.2778	0.1336	-0.3768	-0.1625	-0.1675	0.0859	-0.3231	-0.0076	-0.0114	0.1495	-0.1231	0.0035	0.0876	0.0127	0.1318	-0.0405	-0.3433	0.186	0.3594	-0.1162	-0.1404	0.0002	0.2866	0.3725	0.0489	0.1007	-0.0512	-0.014	0.1359	-0.1217	0.275	-0.1203	0.1347	-0.1244	-0.3501	-0.1131	-0.1826	0.3046	-0.4265	0.1678	0.2239	-0.2971	-0.0872	-0.3898	-0.0332	-0.2471	-0.2335	0.0176	-0.0786	-0.182	0.1415	-0.0786	0.2397	-0.1142	-0.048	-0.0552	-0.3387	0.1169	-0.208	-0.3579	-0.1323	-0.078	0.4953	-0.0463	-0.1139	0.1375	0.2086	0.201	-0.0379	-0.0986	0.1349	0.0124	-0.302	-0.0877	-0.1327	-0.2676	-0.2068	0.0893	0.1941	0.2863	0.1921	-0.0962	-0.3167	0.1209	0.1584	0.4484	0.4717	-0.2695	-0.3228	0.0551	0.0237	0.0844	0.4548	0.0079	0.144	-0.0174	-0.3156	-0.0332	0.0467	0.0685	0.2042	0.2041	-0.2235	0.0274	0.0883	-0.1386	0.0932	-0.1067	-0.0424	-0.3334	-0.2385	-0.1153	0.2125	0.5138	0.1607	-0.0861	0.2303	-0.094	0.004	-0.3523	-0.1488	-0.2231	0.0625	0.2867	0.3383	-0.0264	0.0545	-0.0351	0.0355	-0.1898	-0.0904	0.0068	-0.2965	0.3393	-0.4582	-0.1306	-0.1746	0.1459	0.1076	-0.0091	-0.3319	-0.1434	0.1618	-0.4021	-0.1226	-0.128	-0.1848	-0.1399	-0.1984	-0.1424	0.1537	-0.3566	-0.1743	-0.1817	0.3287	-0.0678	0.0024	-0.0401	-0.0968	0.482	0.0363	0.2123	0.3345	0.0879	-0.2156	0.1487	0.065	-0.1785	0.281	-0.2534	-0.0242	0.4295	-0.1467	0.0786	0.3429
Sg_CE19A_36	-0.3467	0.0959	0.1303	0.4853	0.3319	0.5282	0.0103	0.6421	0.2004	0.2836	0.2176	-0.403	-0.1285	-0.2529	0.1956	0.0507	-0.0488	0.0901	-0.2491	-0.2619	-0.1064	0.5219	0.701	-0.1115	0.7291	0.0627	0.0464	0.6086	-0.3236	-0.4871	0.5754	0.0933	0.4408	0.3333	-0.1046	-0.4647	0.2161	-0.5017	0.0504	0.333	0.0425	-0.0411	-0.5463	-0.2025	-0.1088	0.0813	0.4949	-0.5018	0.3314	0.4323	0.5519	0.0723	0.4449	0.1758	0.5045	0.0588	0.5189	0.5264	-0.1713	-0.1093	-0.2977	-0.492	-0.2006	0.3265	-0.0515	-0.436	-0.0528	-0.2495	0.213	0.2869	-0.4489	-0.0362	-0.2926	-0.4222	-0.4158	-0.3663	0.2981	0.118	-0.2662	-0.2679	0.2894	-0.2372	0.2779	0.1503	0.0016	0.2546	0.2052	0.0427	0.1338	-0.4043	0.4648	0.413	-0.0068	0.1336	-0.3955	0.0346	0.1076	-0.1051	0.5032	0.0101	0.4832	0.1558	1	-0.0558	-0.4978	-0.2413	0.3699	0.1043	-0.1001	0.2949	0.642	-0.0577	0.3227	-0.4927	0.3762	-0.4118	-0.2412	-0.4876	0.2857	0.4741	-0.428	0.0217	0.1388	-0.1815	-0.2181	0.4574	-0.148	-0.4364	0.014	-0.4062	-0.15	0.6122	-0.2397	0.0592	0.2346	-0.1851	-0.1862	0.4485	0.0517	0.6558	-0.3493	-0.2343	0.3398	-0.2834	-0.0201	0.1972	-0.1224	-0.3167	0.0779	-0.3563	-0.2899	0.5036	0.0139	-0.1388	0.1588	0.1832	0.3528	-0.2152	-0.2849	-0.3004	-0.0066	0.0798	-0.3419	0.3568	0.2035	-0.1164	-0.2996	-0.3028	0.5281	0.0654	-0.3357	-0.2898	-0.273	0.415	0.074	-0.1542	-0.2582	0.1235	0.0864	-0.114	0.3692	-0.101	0.3012	0.5114	-0.4861	-0.0332	-0.228	-0.2201	0.4554	-0.0472	-0.3711	0.5243	-0.0354	-0.1407	-0.1187	-0.1098	-0.0674	0.3939	-0.1707	-0.5316	-0.3415	0.3273	-0.1384	-0.0679	-0.3208	0.1221	-0.1452	0.0442	0.1112	0.614	0.0295	-0.1314	-0.0242	0.2991	-0.2628	0.1883	0.3053	0.4074	0.6702	-0.2572	-0.2389	-0.1409	-0.4137	0.0715	-0.4296	-0.4029	-0.4728	-0.1201	0.1847	-0.0309	-0.1967	-0.4111	-0.0899	-0.1771	0.0418	-0.1824	-0.0704	-0.1752	0.1306	-0.0304	0.4907	0.4457	0.2181	-0.18	-0.1015	-0.472	-0.2345	0.431	-0.4478	-0.2962	0.1317	-0.0986	-0.4758	0.2035	-0.1612	0.1375	-0.1149	0.1815	-0.465	0.175	0.4425	0.439	0.5178	0.0601	0.0767	0.2497	-0.3659	0.0637	0.2334	-0.4348	0.5454	0.0152	-0.1124	-0.3538	-0.2015	-0.3389	-0.2683	0.0074	-0.0815	0.171	0.6338	-0.064	-0.5158	-0.4695	-0.1466	0.0057	0.0132	-0.0498	0.6665	0.0681	0.1164	0.5768	0.0898	0.5551	-0.4633	0.1987	0.2396	-0.1506	-0.0558	0.5458	-0.2275	0.3401	0.4863	0.5774	0.2819	0.0348	0.5397	0.0525	0.3425	0.3533	-0.4418	-0.0986	0.3708	0.226	0.3786	0.3502	-0.2235	0.411	-0.3844	0.251	0.1767	0.4437	0.0117	0.2289	-0.204	-0.3346	0.3215	0.655	0.2627	-0.2283
Sg_CG50A_22	0.045	-0.0123	-0.2072	0.0966	-0.2203	-0.2018	-0.3199	-0.248	-0.3222	-0.2416	-0.2454	-0.0982	0.0156	-0.1165	-0.121	-0.2583	0.0758	-0.0271	-0.085	-0.1309	0.1301	0.1221	-0.08	-0.2824	-0.0368	0.5623	-0.0707	0.1029	0.1155	0.0108	-0.0071	0.1728	-0.1561	-0.1475	0.0935	0.0197	-0.1881	-0.0156	-0.4	-0.2552	-0.1188	0.2565	0.4224	-0.0593	0.0008	-0.0245	-0.2192	0.5284	-0.2058	-0.1688	-0.2015	-0.4858	-0.2957	-0.3526	-0.2479	-0.2989	-0.0949	-0.1089	-0.0869	-0.2123	-0.2284	0.195	0.1489	-0.225	-0.0965	0.1428	-0.1288	0.5058	-0.1824	-0.2552	0.1934	-0.0475	-0.0306	0.1914	0.0278	0.0938	0.0444	-0.3491	0.1694	0.2949	-0.1133	0.3355	-0.1647	0.2965	0.1138	0.2356	-0.1058	0.2725	0.1653	0.268	0.1776	0.2502	-0.0829	-0.0615	0.0423	-0.0274	0.3993	0.4788	-0.2315	-0.1872	0.2288	-0.0695	-0.0558	1	-0.1273	-0.0718	-0.1882	0.3476	0.5705	-0.1159	-0.0929	-0.1173	-0.0696	0.4391	-0.1068	-0.1637	0.5362	0.5277	-0.1684	-0.2382	0.4933	-0.1138	-0.3253	-0.1094	0.5853	-0.1907	0.2569	0.4708	0.4542	0.59	0.1101	-0.1982	0.0534	-0.3073	0.4645	0.3394	-0.0263	-0.2445	-0.1029	-0.2409	0.4002	-0.0821	-0.2529	-0.0943	0.0117	-0.3315	-0.1609	-0.1009	-0.315	-0.0912	-0.2863	-0.2442	-0.1022	0.0626	0.2058	0.0306	0.0987	-0.1503	0.3871	-0.0439	0.1552	-0.0369	-0.107	0.0593	0.0801	-0.1602	0.2492	0.0794	0.0208	0.1118	0.1168	-0.0133	0.3895	-0.2018	0.3917	-0.0532	0.4404	-0.1463	0.0518	0.0496	-0.0692	0.3291	0.052	-0.3256	0.2377	-0.1077	0.4755	0.3326	-0.2034	-0.0473	0.0753	0.1786	0.0969	-0.1299	0.4618	0.1469	-0.1232	-0.0985	-0.1483	-0.0132	-0.0493	-0.148	0.0713	-0.331	0.225	0.3866	-0.4445	0.0366	0.2308	-0.2022	-0.0061	0.0363	0.5759	-0.2602	-0.0631	-0.0986	-0.1249	-0.1102	0.0072	0.2947	0.0909	0.3559	0.444	-0.0865	0.1004	0.4636	0.5506	-0.2309	-0.2403	-0.0644	-0.0428	-0.226	0.21	0.5196	0.1253	-0.0018	0.3673	-0.065	0.5718	0.0338	-0.2962	0.0099	-0.3046	0.1258	-0.0874	0.3861	-0.0354	-0.1306	0.4485	0.3031	0.0081	-0.0543	-0.1387	-0.1171	0.0942	-0.1941	0.0948	0.0734	0.0055	-0.2312	-0.2892	-0.1855	0.3268	-0.28	-0.0736	-0.3283	0.3219	-0.034	-0.0494	0.3546	-0.0998	-0.0565	0.3363	0.1596	-0.1158	-0.0501	-0.1611	-0.0875	0.2668	-0.004	0.0112	0.5414	0.3253	-0.1475	-0.0539	0.4676	0.243	0.0771	-0.1055	0.189	0.001	-0.0659	-0.3212	0.0906	-0.0967	-0.0598	-0.1966	0.1397	-0.0947	-0.2343	0.3578	-0.1583	-0.1667	-0.0589	0.094	-0.0033	0.0335	-0.1059	-0.1632	-0.3414	-0.0929	0.3594	-0.0523	0.3524	-0.0871	-0.2044	0.183	-0.1634	0.262	-0.214	0.0552	-0.1025	-0.2948	-0.2092	-0.1877	0.0327	-0.2485	-0.0745	0.1024	0.2759
Sg_CG50A_49	0.3982	-0.1677	-0.2979	-0.4989	-0.3231	-0.1394	-0.2372	-0.201	-0.1153	-0.2247	-0.2473	0.8876	0.1054	0.0389	0.2233	0.0543	-0.1369	-0.2787	0.0505	0.0428	-0.0621	-0.3655	-0.4944	-0.0826	-0.5009	-0.2591	-0.1979	-0.3578	0.6166	0.7628	-0.5119	-0.2037	-0.353	-0.5153	-0.1436	0.8019	-0.3489	0.8734	-0.1562	-0.1184	0.4077	-0.1802	0.3374	0.0769	-0.2357	0.2366	-0.3767	0.179	-0.047	-0.1105	-0.2174	-0.1679	-0.1814	-0.138	-0.0665	-0.0299	-0.4728	-0.3499	0.024	-0.0488	0.176	0.3619	0.2982	-0.2623	-0.0096	0.1261	-0.0353	-0.0096	-0.4016	-0.4763	0.37	0.0494	-0.1378	0.1032	0.2043	0.3973	-0.3622	-0.1231	0.1967	-0.0491	-0.0978	0.0285	-0.4025	-0.3206	-0.0039	-0.4454	-0.383	-0.2343	-0.2552	0.061	-0.5417	-0.0153	-0.1353	0.1036	0.6671	0.1816	-0.1862	-0.2149	-0.177	0.0845	-0.1529	0.0712	-0.4978	-0.1273	1	-0.0064	-0.1148	-0.2154	0.1098	0.2468	-0.325	0.2266	0.1421	0.2464	0.0318	0.8395	-0.0886	0.1935	-0.0407	-0.0526	0.1123	-0.0861	-0.1445	-0.0673	-0.0323	-0.1781	0.093	0.1847	-0.1708	0.153	0.0266	-0.6109	0.2573	-0.1764	-0.4174	0.2177	0.0054	0.0395	-0.2888	-0.4216	0.1592	-0.0067	-0.2974	0.0643	-0.1703	-0.1173	0.0267	0.2325	-0.0688	0.1016	0.2152	0.0138	-0.1641	0.0812	-0.0159	0.1643	-0.4005	0.0244	0.068	0.7045	-0.1625	-0.1254	0.4414	-0.2859	0.0092	0.2687	0.0713	0.308	-0.0669	-0.348	0.3105	0.114	0.1301	-0.0109	-0.2556	0.1513	0.1519	0.1094	-0.0476	0.4816	-0.1731	0.0509	-0.317	-0.1049	0.336	0.1707	0.1189	0.0151	-0.338	-0.0689	0.3275	-0.4405	0.2226	0.0067	0.0301	-0.0188	-0.0119	-0.3022	0.0051	0.8733	0.1574	-0.4337	0.0735	-0.1019	0.1851	0.0363	0.1865	-0.0992	-0.3386	-0.4878	-0.0845	0.063	-0.2823	-0.3735	0.0601	-0.4443	-0.4333	-0.0496	-0.5666	-0.0322	-0.0134	0.0707	0.2198	-0.1549	0.3888	0.0903	0.1979	0.0137	-0.334	-0.0436	-0.0239	0.6857	-0.0269	0.0695	-0.0121	0.2637	-0.0116	0.0344	-0.4034	0.0384	-0.0389	-0.1589	-0.3155	0.1181	0.2939	0.1995	0.0461	-0.0572	0.0659	0.1995	-0.2813	0.5141	0.8661	-0.1794	-0.0815	-0.2315	-0.0141	-0.2904	0.5833	-0.1356	-0.4067	0.0104	-0.4086	-0.3004	-0.1417	-0.2999	0.2795	-0.1479	-0.0535	0.267	-0.4932	-0.1249	0.0766	0.2198	0.0199	0.2801	0.0846	-0.0621	-0.0265	0.192	-0.5296	-0.145	0.2697	0.8059	-0.0865	-0.032	0.0506	0.0137	-0.2666	-0.1445	-0.3165	-0.4755	-0.1481	-0.5513	0.9124	-0.3774	-0.362	0.1012	-0.0653	-0.4537	0.2062	-0.3728	-0.1773	-0.574	-0.2598	-0.1798	-0.4867	-0.2208	-0.2336	0.0907	0.8151	-0.1417	-0.382	-0.3851	-0.0571	-0.2566	0.2298	-0.0978	0.1305	-0.4419	-0.1709	-0.2376	-0.1682	0.172	0.0797	0.2864	0.0181	-0.5664	-0.3367	0.214
Sg_CG50A_74	0.1668	-0.1322	-0.0719	-0.0114	-0.094	0.0157	0.2207	-0.1631	-0.1856	0.2147	0.1286	-0.0121	0.8161	0.0071	0.1523	-0.0698	-0.1303	0.0401	0.8436	0.9442	-0.233	0.1469	0.0631	0.3261	-0.2742	-0.0975	0.254	-0.1607	-0.1442	-0.0155	0.0715	-0.0466	0.1615	0.135	-0.2798	-0.0218	-0.1226	0.0604	0.2061	-0.1583	-0.2262	-0.1207	-0.052	-0.2048	-0.0043	-0.2309	-0.0838	0.0505	-0.1225	-0.2331	-0.3049	0.1324	-0.2964	0.0348	-0.2363	-0.0585	0.0652	0.2146	-0.048	-0.0909	0.1691	-0.0748	-0.0005	0.169	0.7186	0.0415	-0.1402	-0.0572	0.2646	0.0871	-0.0796	0.7307	0.1317	-0.0143	-0.154	-0.1416	-0.2962	0.0138	-0.1939	-0.1434	-0.2473	-0.0302	-0.1501	-0.3286	-0.2449	-0.0654	0.2957	0.2022	-0.1061	0.4399	0.148	-0.0365	-0.2495	-0.1285	-0.0156	-0.2619	0.0266	-0.1193	-0.2652	-0.0733	-0.2377	-0.4485	-0.2413	-0.0718	-0.0064	1	-0.2166	-0.2679	-0.1582	-0.0982	-0.1232	-0.0616	-0.1067	-0.1327	-0.1269	-0.0138	-0.0028	-0.0327	-0.0887	-0.2441	-0.0637	-0.1407	0.0263	0.8616	0.053	0.1736	-0.0246	-0.049	0.1658	-0.1242	-0.1451	-0.0185	-0.1864	0.0799	-0.1151	-0.1399	0.8651	-0.1574	-0.1646	0.0074	-0.12	0.1779	-0.0943	0.6847	-0.2687	0.1375	0.1363	0.1307	0.21	0.7845	0.211	-0.1888	0.1724	0.1255	-0.245	-0.1149	-0.1889	0.9203	-0.141	-0.0175	-0.0998	0.5902	0.225	-0.0032	-0.1624	0.0057	-0.0777	0.1145	0.0111	-0.1068	-0.1738	0.8022	-0.0604	-0.2752	-0.0414	0.0891	-0.0228	-0.3358	-0.2855	0.0071	-0.0663	-0.0008	-0.0355	-0.1612	-0.0117	-0.1557	0.2584	-0.1377	-0.0693	0.7187	-0.0024	0.2073	-0.3086	0.235	-0.0363	-0.0553	0.1065	-0.0705	0.8605	0.1466	0.0763	-0.0075	-0.2032	0.1143	-0.0158	-0.1608	0.0594	-0.0884	-0.0346	-0.172	-0.0593	0.6615	-0.0312	-0.004	0.777	-0.096	-0.2246	-0.3519	0.0399	-0.1468	-0.0964	-0.1954	-0.0346	-0.0995	-0.1042	-0.0167	-0.0215	0.0983	-0.0063	-0.0531	0.2137	0.2499	-0.1966	-0.3178	-0.2289	-0.1156	-0.2796	0.735	-0.0798	-0.2759	-0.1889	-0.3927	-0.0355	-0.028	-0.0057	0.0103	-0.0836	-0.3742	0.0663	0.0039	-0.1207	-0.0023	0.0398	-0.1428	-0.1972	-0.1154	-0.1231	0.1977	0.0125	-0.1403	-0.0514	-0.0831	-0.161	0.0646	0.1488	0.1685	-0.0182	-0.2537	-0.2877	-0.0619	0.031	-0.05	-0.2256	-0.0643	0.8137	0.2383	0.1388	-0.2076	-0.3245	-0.2292	-0.0777	0.0375	-0.1196	0.0851	-0.0569	-0.1486	-0.1786	0.7596	-0.2153	0.2303	-0.2666	0.1002	-0.0027	-0.2676	0.0486	-0.0362	0.0105	-0.0671	0.0984	-0.0845	-0.0838	-0.0097	0.3605	-0.0048	0.3626	-0.3054	0.1277	-0.1372	0.0266	-0.2377	0.0751	0.0424	0.0372	-0.0613	-0.263	-0.0621	-0.2717	-0.3121	-0.141	-0.0234	-0.1959	-0.0515	0.0632	-0.0442	0.1311	-0.1291	-0.2717	0.1166	-0.0465	-0.2737
Sg_CK05A_18	-0.0349	-0.5357	0.057	0.2674	0.3852	0.5833	0.0944	0.7356	-0.2003	0.0453	-0.2009	-0.0005	-0.1879	-0.5173	0.3167	0.0125	0.0071	-0.3084	-0.047	-0.2451	-0.1664	0.1052	0.3893	-0.2166	0.2295	-0.3508	-0.0859	0.398	0.0557	-0.104	0.3729	0.3401	0.3899	-0.202	-0.1821	-0.0337	-0.2363	-0.228	-0.0144	0.4218	0.1332	0.1996	-0.3491	-0.045	-0.3914	0.3488	0.603	-0.1882	0.6019	0.7354	0.4675	0.0398	0.5157	-0.0812	0.5907	-0.1717	0.249	0.3327	-0.1675	-0.2648	-0.323	-0.1821	-0.1805	0.2601	0.1212	-0.2427	-0.25	-0.3343	-0.044	-0.0201	-0.3589	-0.1335	-0.6036	-0.0664	-0.1844	-0.3849	-0.0857	-0.1514	-0.3157	-0.0046	0.6923	-0.2321	-0.2884	0.1127	0.0771	0.2087	-0.0379	-0.2506	0.1139	-0.2099	0.0531	0.4255	-0.1291	0.5975	-0.0597	0.429	-0.0898	-0.0094	0.6038	0.5884	0.5278	0.4973	0.3699	-0.1882	-0.1148	-0.2166	1	0.0117	0.0495	0.3357	0.6505	0.2461	0.227	-0.2826	0.6128	-0.1369	-0.0744	-0.2765	0.4416	0.6655	-0.1676	-0.1595	-0.1413	-0.0217	-0.1645	0.1582	0.0741	-0.1621	-0.2335	-0.3022	-0.031	0.1251	-0.1219	-0.4043	-0.249	-0.1564	-0.1554	0.4935	-0.2997	0.4448	-0.1856	-0.1425	-0.2341	-0.1193	0.0365	-0.0664	-0.278	-0.3791	0.0435	-0.1521	-0.2037	0.6265	-0.1639	-0.0461	0.3259	0.4169	0.2148	-0.1344	-0.3454	-0.1402	-0.1332	0.2202	-0.0007	0.3426	0.2674	-0.2365	-0.3492	-0.0279	0.4705	-0.0844	-0.3618	-0.1248	-0.1425	0.6644	0.0277	-0.1358	-0.0586	0.344	0.245	0.2606	0.3497	-0.0493	0.1603	0.4699	-0.4394	0.1488	-0.0522	-0.2928	-0.0718	0.0764	-0.272	0.26	0.2885	-0.3776	0.119	-0.1424	-0.2544	0.1184	-0.0555	-0.2655	-0.3928	-0.3449	-0.1073	0.0559	-0.445	0.3819	0.1335	0.1547	-0.3564	0.093	-0.2296	0.0548	-0.0567	-0.3179	-0.1479	-0.2013	-0.2912	0.5715	0.3105	-0.3124	-0.2086	0.0132	-0.1255	-0.1751	-0.3868	-0.2951	-0.2625	-0.3366	-0.2549	-0.6138	-0.2316	-0.0536	0.0187	0.0048	0.2897	0.0359	-0.2927	0.0562	0.1097	-0.2365	0.6604	0.5565	-0.3637	-0.3019	0.1385	-0.2609	-0.0703	0.5207	-0.4025	0.0429	-0.1872	-0.2812	-0.1437	-0.1641	-0.0511	0.0921	-0.0403	-0.0413	-0.0714	-0.1472	-0.1723	0.2636	0.2156	-0.1415	-0.1567	-0.1584	-0.2422	-0.0599	0.6576	-0.0527	0.1236	0.0218	-0.3681	-0.2047	-0.1132	0.0318	-0.2567	-0.0618	0.1909	0.4189	0.1324	0.024	-0.2411	-0.228	-0.4719	-0.2066	0.0874	-0.0861	0.6737	-0.2218	-0.2872	0.0723	0.1221	0.0084	-0.2149	-0.3934	-0.3119	-0.0032	-0.2914	-0.1437	-0.3111	-0.1454	0.3596	-0.0295	0.2922	-0.1037	-0.0375	-0.4155	-0.0377	0.481	-0.1323	-0.0286	0.243	0.2949	0.4609	0.1701	0.1222	0.5227	-0.1299	-0.3176	-0.0268	-0.0065	-0.3019	0.6034	-0.2594	-0.2665	0.4795	0.2768	0.1272	0.0853
Sg_CK05A_21	0.0201	0.0448	-0.2703	0.0517	-0.0132	-0.3995	-0.2073	-0.3033	-0.1805	-0.2833	-0.1602	-0.2396	-0.124	-0.1089	-0.3449	-0.1951	0.0245	0.0917	-0.1776	-0.3533	0.0646	-0.121	-0.1201	-0.3453	0.2762	0.4832	-0.1288	0.1986	-0.1479	-0.2467	-0.1449	0.0219	-0.28	0.0126	0.0662	-0.2265	-0.0809	-0.0802	-0.3349	-0.1874	-0.1395	0.2063	0.3021	0.16	0.2749	-0.109	-0.1413	0.2261	-0.3641	-0.0907	-0.1345	-0.3193	-0.0315	-0.3454	-0.1764	-0.2672	-0.1393	-0.1299	0.0974	-0.071	0.1469	0.2143	0.0698	-0.1872	-0.2835	0.1391	-0.0542	0.2464	-0.2512	-0.179	0.2028	-0.3318	0.1004	0.1404	0.3065	0.1848	-0.0809	-0.2703	0.2382	0.1616	-0.0638	0.1735	-0.0709	0.2729	0.3165	0.2369	-0.1929	0.4575	0.2672	0.0757	0.0711	0.0764	-0.0256	-0.0077	-0.1675	0.0265	0.0215	0.4636	-0.1258	-0.0084	0.1668	0.0727	0.1043	0.3476	-0.2154	-0.2679	0.0117	1	0.2974	-0.2011	-0.0861	0.09	-0.2862	0.2548	-0.3417	-0.0617	0.1365	0.2882	-0.1118	-0.1353	0.3371	-0.0177	-0.274	-0.1425	0.3691	-0.2624	0.079	0.3185	0.1465	0.3986	0.17	-0.151	0.1627	0.0088	0.1408	0.2181	-0.2408	-0.186	0.0923	-0.1675	0.3644	0.3514	-0.0718	-0.2569	0.2002	-0.3328	0.3415	-0.0211	-0.1131	-0.2761	0.1502	-0.3397	0.3384	-0.2225	0.2534	-0.1172	0.0077	-0.2867	0.3524	-0.1181	-0.0807	-0.0506	-0.1413	-0.0627	0.2204	-0.1194	0.0751	0.1942	-0.199	-0.0498	0.2439	-0.1475	0.4431	-0.2555	0.3068	0.3199	0.1425	-0.127	0.2161	-0.0664	-0.1305	0.0805	0.3913	-0.2174	0.1377	-0.14	0.0601	0.1016	-0.128	-0.0869	0.1646	0.0454	0.218	0.2495	0.2649	-0.0103	0.3249	-0.0534	-0.1949	-0.0772	0.0505	0.0004	0.2249	-0.2795	0.1837	0.1083	-0.3488	-0.1067	0.2995	-0.1686	-0.084	-0.1297	0.2763	0.0296	-0.2548	0.0559	0.1163	-0.0582	-0.0529	0.2656	0.0261	0.0662	0.2353	-0.0944	0.1379	0.3034	0.2458	0.2777	-0.1012	0.1464	-0.1448	-0.3666	0.1138	0.2724	0.3321	-0.1422	0.3045	-0.0441	0.4027	0.1681	-0.3053	-0.0187	-0.0045	0.2973	-0.1268	0.2853	-0.0851	-0.1659	0.1829	0.1822	-0.087	-0.2445	-0.2459	-0.0395	0.2079	-0.1802	-0.0562	-0.1317	-0.2924	0.0598	-0.084	0.02	0.254	-0.1604	0.2666	-0.1469	0.0548	0.0097	-0.0476	0.2518	-0.0881	-0.2065	0.4028	0.1441	-0.2519	-0.2727	0.2786	0.0201	0.34	-0.1214	0.0055	0.1866	0.1705	-0.1056	0.3266	0.43	0.3716	-0.0451	0.0593	0.317	0.0623	-0.1286	-0.1349	-0.0559	-0.1319	0.1938	-0.008	-0.0501	0.2875	-0.0653	0.2089	-0.2349	-0.4047	-0.0243	0.0155	0.1677	0.0546	-0.0867	0.0973	-0.2681	-0.2041	0.248	0.0196	0.5705	-0.1079	-0.3323	0.4129	0.0152	0.0941	0.0044	-0.1347	-0.2243	0.0405	-0.1912	0.2526	0.0729	-0.2221	-0.1365	0.0846	0.1895
Sg_CK05A_46	0.2975	-0.377	-0.3586	-0.1776	-0.3575	-0.0359	-0.4925	-0.1261	-0.4637	-0.3503	-0.5058	0.2043	-0.0526	-0.1627	0.0915	-0.3173	-0.07	-0.1977	-0.0699	-0.2344	-0.0185	-0.2035	-0.1738	-0.4157	-0.2477	0.3494	-0.1991	0.129	0.3702	0.2425	-0.079	0.2704	-0.3425	-0.6138	-0.0747	0.254	-0.4852	0.0964	-0.3851	-0.0684	0.1294	0.3323	0.5039	-0.0073	-0.3444	0.373	-0.0764	0.6714	0.0599	0.093	-0.0468	-0.4614	0.0511	-0.4888	-0.002	-0.3805	-0.3088	-0.12	-0.0564	-0.3127	-0.1201	0.3977	0.1509	-0.3428	-0.117	0.255	-0.3098	0.4768	-0.4486	-0.377	0.1681	-0.137	-0.2695	0.2085	0.0986	0.0438	-0.0785	-0.539	0.1667	0.4285	0.2458	0.4173	-0.505	0.2076	-0.0432	0.0191	-0.17	0.0644	0.045	0.2781	0.0094	0.222	-0.3262	0.322	0.2336	0.2917	0.2229	0.4898	-0.0225	0.0337	0.3004	0.1661	-0.1001	0.5705	0.1098	-0.1582	0.0495	0.2974	1	0.2146	-0.0302	0.2099	0.0353	0.5122	0.1323	0.0739	0.5539	0.617	-0.0381	0.0293	0.6908	-0.3569	-0.5413	-0.1164	0.6666	-0.335	0.1986	0.6143	0.4866	0.6499	0.0975	-0.4455	0.0883	-0.592	0.0769	0.3845	-0.1021	0.1101	-0.4077	-0.325	0.548	-0.0793	-0.5703	-0.0463	-0.082	-0.5245	-0.1087	-0.1617	-0.4302	-0.0606	-0.1197	0.0054	-0.1638	0.1076	0.25	0.3324	-0.0221	-0.2521	0.1975	0.2475	-0.0307	-0.0411	0.1931	-0.1391	0.212	-0.111	0.3229	0.3446	0.1822	-0.2107	0.0488	0.0674	0.421	0.1021	0.2935	0.0736	0.6109	-0.0494	0.2274	0.3178	0.0258	0.4655	0.0735	-0.2124	0.1622	0.1859	0.628	0.1192	-0.4303	-0.043	0.1267	0.0847	0.3784	-0.1748	0.4826	0.0039	-0.1118	-0.4012	-0.1265	0.12	-0.1631	-0.5774	0.0383	-0.328	0.2475	0.5293	-0.3958	-0.0885	0.0069	-0.354	-0.2389	0.045	0.5868	-0.6437	-0.0783	-0.4029	-0.5255	0.2258	-0.2177	0.1119	-0.0358	0.5171	0.6021	-0.2747	0.0732	0.5306	0.7123	-0.1424	-0.3481	-0.2659	-0.3184	-0.0096	0.1852	0.5914	0.1996	0.2493	0.2792	-0.0037	0.4432	-0.0841	-0.0249	0.2242	-0.6028	0.0724	0.0898	0.5287	-0.1295	0.1978	0.5372	0.5482	-0.242	-0.1012	0.0198	-0.3057	0.0032	-0.3523	-0.1198	-0.1302	0.1359	-0.3219	-0.6407	-0.1589	0.0804	-0.4383	-0.1838	-0.5832	0.2136	-0.2308	0.1954	0.6506	-0.2531	-0.1872	0.2535	0.1206	-0.1159	-0.0381	-0.0453	-0.2113	0.2216	0.2562	-0.1949	0.6101	0.2912	-0.0473	-0.2525	0.3267	0.2226	0.0057	0.0453	0.0811	-0.2954	-0.2798	-0.4671	-0.1135	0.0877	-0.3088	-0.4865	0.0427	-0.1598	-0.5496	0.4143	-0.4383	-0.2201	-0.399	0.0175	-0.0998	-0.2621	-0.4198	-0.2788	0.0084	0.1554	0.391	-0.135	0.3316	0.0433	-0.2292	0.4752	0.1229	0.4013	-0.5689	-0.2181	-0.3696	-0.4991	0.1991	-0.1105	0.0382	-0.0067	-0.2539	-0.0104	0.4324
Sg_CK05A_56	-0.0511	-0.3277	0.0107	0.0242	-0.1043	0.4161	-0.0697	0.4546	0.0165	0.0823	-0.2142	0.2976	-0.0898	-0.2736	0.318	0.0667	-0.0948	-0.1852	-0.0802	-0.1138	-0.169	0.0837	0.1992	-0.0852	-0.0499	-0.2327	-0.0025	0.3265	0.3099	0.2456	0.1428	-0.0164	0.1133	-0.3245	-0.1932	0.3064	-0.26	0.1428	-0.0238	0.1488	0.2838	-0.0759	-0.2618	-0.175	-0.4762	0.4255	0.2386	-0.1313	0.4753	0.3719	0.3655	-0.0378	0.348	0.0446	0.5748	-0.1861	-0.0172	0.2564	-0.1724	-0.1633	-0.0856	-0.0545	-0.0387	0.081	0.013	-0.0746	-0.2345	-0.2284	-0.0608	-0.1247	-0.2794	-0.046	-0.4729	-0.2071	-0.2008	-0.1848	-0.0708	-0.1261	-0.128	-0.1304	0.4568	-0.2127	-0.2918	-0.1709	0.0412	-0.0786	0.0731	-0.1552	-0.1308	-0.2488	-0.0987	0.4266	-0.4424	0.2742	0.1669	0.2687	-0.068	-0.2114	0.396	0.3119	0.4396	0.1446	0.2949	-0.1159	0.2468	-0.0982	0.3357	-0.2011	0.2146	1	0.4156	0.2276	0.3394	-0.2519	0.5468	0.2096	-0.1759	-0.1644	0.4056	0.5033	-0.1667	-0.1816	-0.1048	-0.1264	-0.0471	0.1981	0.0529	-0.1652	-0.0162	-0.1866	-0.1467	-0.0181	0.0128	-0.2592	-0.2279	-0.066	-0.0682	0.637	-0.413	0.2094	-0.0696	-0.1528	-0.1178	-0.1192	-0.2454	0.054	-0.1432	-0.1307	-0.1052	-0.1259	-0.0428	0.5576	-0.1236	-0.0925	0.2871	0.4197	-0.1194	-0.1331	-0.3579	0.3369	-0.1259	0.0462	0.0088	0.1884	0.3058	0.0447	-0.1992	-0.0625	0.5187	-0.317	-0.2622	-0.0816	-0.0812	0.5469	-0.1269	0.0298	0.0237	0.093	0.0943	0.4399	0.1603	0.1637	0.032	0.3269	-0.3353	0.1486	0.1319	-0.2796	-0.0471	0.0111	-0.0854	0.2064	0.2465	-0.1049	0.0626	-0.1664	-0.0619	-0.1164	-0.1189	0.135	-0.2522	-0.2449	-0.1876	-0.0124	-0.2477	0.2009	0.2077	-0.1352	-0.2964	0.03	0.0155	0.0012	-0.1287	-0.2929	-0.0808	-0.2469	-0.3919	0.4828	0.1619	-0.2046	-0.3382	-0.0023	-0.0532	-0.2813	-0.2534	-0.255	-0.105	-0.114	-0.2647	-0.3256	-0.2419	0.3417	-0.0819	-0.1165	0.0524	0.2384	-0.1016	-0.0949	-0.1591	-0.105	0.496	0.4068	-0.2444	-0.1571	0.2595	-0.2822	-0.226	0.43	-0.1965	0.1112	-0.228	0.1789	0.2836	-0.1871	-0.3919	-0.3535	-0.3727	-0.0566	0.0795	-0.052	-0.1558	0.2715	0.1727	-0.1954	-0.0054	-0.1295	-0.1871	-0.2645	0.3185	-0.0716	0.0451	-0.1537	-0.2215	-0.2214	-0.0963	0.0648	-0.1213	-0.2244	-0.0413	0.3697	0.0469	-0.0461	-0.2369	0.0234	-0.3902	-0.0294	-0.068	-0.1418	0.4025	-0.0923	-0.1752	0.0512	-0.0732	-0.0333	0.1984	-0.235	-0.1768	-0.2735	-0.0736	-0.0674	-0.072	-0.1385	0.2975	-0.1479	0.1108	-0.3401	0.0216	-0.3842	0.0898	0.4981	0.2582	-0.0157	-0.0922	0.0042	0.3235	0.1198	0.1266	0.4108	-0.1553	-0.3656	-0.154	0.0493	-0.314	0.4952	-0.1198	-0.1674	0.4561	0.08	0.0112	0.0117
Sg_CK28A_36	-0.2569	-0.1677	0.1775	0.4919	0.4292	0.6098	0.149	0.7535	-0.0066	0.2897	0.0353	-0.1966	-0.097	-0.5221	0.3311	0.1807	0.0442	-0.0912	-0.0827	-0.1703	-0.1772	0.4332	0.651	-0.0568	0.3555	-0.0992	0.1304	0.6551	-0.0326	-0.2893	0.5931	0.2047	0.487	0.1123	-0.2012	-0.2242	0.0119	-0.4425	0.0768	0.4378	0.0855	0.0076	-0.5094	-0.2828	-0.2667	0.3187	0.7146	-0.4541	0.5545	0.6161	0.4432	0.06	0.4178	0.0921	0.6324	-0.0847	0.4249	0.5458	-0.2819	-0.2568	-0.3081	-0.4095	-0.2434	0.4168	0.1209	-0.4501	-0.1783	-0.3751	0.1947	0.2247	-0.5472	-0.0247	-0.528	-0.248	-0.4662	-0.5267	0.0487	-0.0273	-0.32	-0.2829	0.517	-0.3486	-0.0178	0.0425	0.0438	0.2784	0.1888	-0.0771	0.0363	-0.3188	0.3916	0.5622	-0.165	0.4018	-0.188	0.1161	-0.0589	0.0096	0.5836	0.3152	0.7149	0.1745	0.642	-0.0929	-0.325	-0.1232	0.6505	-0.0861	-0.0302	0.4156	1	0.0742	0.5056	-0.513	0.593	-0.3466	-0.2368	-0.4927	0.4431	0.6722	-0.3493	-0.1001	0.0505	-0.028	-0.166	0.4374	-0.0341	-0.3224	-0.0018	-0.5125	-0.1781	0.4932	-0.2612	-0.2458	-0.0519	-0.2238	-0.0712	0.6333	-0.1043	0.6494	-0.4606	-0.1823	0.1373	-0.2511	-0.0561	0.0923	-0.2462	-0.4405	0.1156	-0.2404	-0.3332	0.6449	-0.0326	-0.1599	0.2045	0.2953	0.2804	-0.0856	-0.3792	-0.2122	-0.1481	0.2424	-0.2447	0.4882	0.173	-0.2548	-0.343	-0.443	0.6073	-0.0246	-0.3831	-0.1779	-0.2739	0.581	0.0419	-0.1535	-0.1277	0.2862	0.1064	0.1588	0.4093	-0.0367	0.1828	0.5002	-0.5266	-0.0606	-0.1301	-0.3871	0.2766	0.1009	-0.3498	0.6224	0.0993	-0.3247	-0.0487	-0.1222	-0.1618	0.2822	-0.0441	-0.4635	-0.4309	0.0563	-0.1891	0.0334	-0.4483	0.2904	0.0898	0.1395	-0.1212	0.3972	0.0676	0.0749	-0.0859	0.0418	-0.1939	0.0275	-0.0161	0.4225	0.6197	-0.3335	-0.3805	-0.1662	-0.3885	-0.111	-0.5717	-0.5225	-0.4183	-0.3062	-0.1351	-0.425	-0.2381	-0.1399	-0.1114	-0.1976	0.0787	-0.0494	-0.2517	0.012	0.1051	-0.1809	0.6365	0.5046	-0.098	-0.268	0.1561	-0.3986	-0.2538	0.4632	-0.5705	-0.1938	-0.0723	-0.1424	-0.3292	-0.0007	-0.1986	0.0301	-0.14	0.1209	-0.2125	0.1133	0.1819	0.3547	0.5057	-0.0794	-0.0126	0.1034	-0.173	-0.0857	0.5339	-0.4419	0.3856	0.0262	-0.3425	-0.3009	-0.1076	0.0235	-0.3227	-0.1791	-0.0897	0.3965	0.3633	0.022	-0.4325	-0.4753	-0.5009	-0.1833	-0.0912	0.0284	0.8064	-0.0155	-0.1199	0.5422	0.1315	0.2524	-0.3816	-0.0621	0.0113	-0.1154	-0.1746	0.2731	-0.2542	0.1774	0.5583	0.3358	0.4471	-0.0649	0.3536	-0.1115	0.2916	0.5095	-0.2897	-0.0434	0.3682	0.3542	0.4004	0.3888	-0.1675	0.4473	-0.3564	-0.0251	0.1007	0.2511	-0.2434	0.5221	-0.2767	-0.3214	0.446	0.5248	0.2385	-0.1512
Sg_CK28A_47	0.2496	-0.4042	-0.2702	-0.0725	-0.0273	-0.0819	-0.1176	-0.0099	-0.2994	-0.0423	-0.0429	0.2805	-0.0398	-0.2195	0.1338	-0.1781	-0.071	-0.2044	0.0546	-0.1538	-0.1293	-0.1741	-0.1346	-0.1164	-0.0686	-0.0771	-0.1578	0.0969	0.231	0.2174	0.0166	-0.0568	-0.0469	-0.3573	-0.2215	0.2276	-0.3755	0.2164	0.0359	-0.0438	0.2074	-0.1907	0.1181	-0.0212	-0.2299	0.1112	-0.0128	0.1323	-0.0171	-0.0123	-0.1886	-0.0252	0.1637	-0.005	-0.0067	-0.2618	-0.1133	-0.0001	-0.1359	-0.3047	0.2182	0.0397	0.2183	0.1035	-0.0353	0.1081	-0.0958	-0.0036	-0.2316	-0.186	0.1926	0.0099	-0.1608	-0.0712	0.0576	0.1269	-0.3723	-0.1042	0.2252	0.1394	0.1715	-0.1074	-0.3344	0.0987	0.2351	-0.0939	0.0555	0.1558	-0.1834	-0.0033	0.001	0.3043	-0.3784	0.1867	0.0865	0.1287	-0.1452	0.0857	-0.1433	0.1535	0.0513	-0.0521	-0.0577	-0.1173	0.2266	-0.0616	0.2461	0.09	0.2099	0.2276	0.0742	1	-0.063	0.0756	0.0579	0.2781	-0.0127	0.0281	0.0474	0.0198	0.0917	-0.1509	-0.0945	0.0702	0.0967	0.0869	0.0804	0.1974	0.02	0.0086	-0.1279	-0.3268	0.1368	-0.1412	-0.4088	0.1738	0.0714	0.0569	-0.374	0.0375	0.0708	0.1785	-0.3158	0.0412	-0.1618	0.0068	0.2535	0.0993	0.1378	-0.028	0.2779	0.0574	0.1488	0.084	0.1501	0.0822	-0.3288	-0.0586	-0.0066	0.2242	-0.0294	0.2308	0.4957	-0.1293	0.2814	0.0692	0.0983	0.3097	0.1619	-0.4276	0.0496	0.0649	0.1069	0.0937	0.0931	0.1539	0.1892	0.0403	0.0508	0.3132	-0.0391	0.2257	0.0707	0.2636	0.1066	0.0484	0.214	-0.1065	-0.2394	0.1421	0.1123	0.0477	0.2539	0.2551	0.2356	-0.1497	0.1866	-0.1852	0.0879	0.2525	0.024	-0.4012	0.0157	0.0971	0.1965	0.1016	0.0477	-0.3412	-0.3041	-0.2296	-0.3195	0.2499	0.0265	-0.3443	-0.0297	-0.2458	-0.3351	0.092	-0.1617	-0.0549	-0.1795	0.0434	-0.0251	-0.4076	0.1481	-0.0213	0.0743	0.2464	-0.2619	-0.1964	-0.1403	0.2246	-0.1159	0.0434	0.2553	0.1038	0.1596	0.1718	-0.0595	-0.2882	0.0385	-0.0592	-0.1693	0.1383	0.015	0.0447	-0.2351	0.0256	0.0647	0.102	-0.3659	-0.0357	0.2407	-0.4197	-0.0058	-0.3209	-0.1819	0.0867	-0.0496	-0.2519	-0.3317	0.0799	-0.0352	-0.3247	0.1864	-0.1432	-0.0592	-0.2288	0.0382	0.1696	-0.2115	-0.1851	0.0164	0.0351	-0.0518	0.0655	0.3295	-0.0504	-0.0766	0.1081	-0.1756	0.0387	0.0155	0.1495	-0.1627	-0.1532	0.1909	-0.0391	0.0509	0.1021	-0.2111	-0.1831	-0.1845	-0.3203	0.2206	-0.1648	-0.2686	-0.183	0.2318	-0.372	0.0808	-0.2886	0.05	-0.2773	0.0059	-0.3284	-0.1771	-0.3248	-0.0924	-0.0249	0.2369	0.1916	-0.1449	0.1857	-0.067	-0.0849	0.279	0.0929	0.0643	-0.3137	-0.3822	-0.3469	-0.1193	0.2276	0.221	0.0649	-0.144	-0.1412	-0.0186	0.0757
Sg_CK51A_47	-0.1959	0.0051	0.0221	0.1418	0.1053	0.4547	-0.1631	0.5188	0.0701	0.2053	0.0848	0.2039	-0.0685	-0.241	0.3852	0.3517	-0.0813	-0.0293	-0.1196	-0.1319	-0.1465	0.3203	0.398	0.05	-0.013	-0.1222	0.078	0.4521	0.2741	0.0742	0.3401	0.1243	0.3279	-0.0714	-0.1086	0.0916	0.0234	-0.0586	-0.0785	0.2699	0.1919	0.0355	-0.3255	-0.3636	-0.2922	0.1807	0.2658	-0.323	0.3706	0.4046	0.2448	-0.0948	0.0913	0.0619	0.4288	0.0638	0.1876	0.3448	-0.1967	0.0314	-0.3661	-0.1449	0.0289	0.0418	0.0789	-0.4298	0.0288	-0.249	-0.062	-0.0747	-0.178	-0.0458	-0.5313	-0.2003	-0.3928	-0.171	0.0279	0.0318	-0.347	-0.3252	0.1291	-0.3287	0.0129	-0.1101	-0.1424	-0.0547	-0.0095	-0.1271	0.0323	-0.219	0.1727	0.4074	-0.0153	0.2073	0.1182	-0.1153	0.005	-0.2213	0.3417	-0.0477	0.467	-0.0194	0.3227	-0.0696	0.1421	-0.1067	0.227	-0.2862	0.0353	0.3394	0.5056	-0.063	1	-0.3149	0.4996	-0.0254	-0.2316	-0.2568	0.2967	0.5148	-0.3501	0.0529	0.0677	-0.1245	-0.1808	0.405	0.0866	-0.331	0.0289	-0.3594	-0.1276	0.3149	-0.1881	-0.3311	0.0325	-0.0245	-0.1139	0.5308	0.007	0.3538	-0.2663	-0.3449	0.0864	-0.2047	-0.1616	0.1165	-0.3296	-0.2747	-0.1394	-0.1826	-0.3582	0.54	-0.1833	-0.1898	-0.1406	0.2054	0.2565	-0.147	-0.0874	0.3024	-0.102	0.1439	-0.1777	0.299	-0.0649	-0.0611	-0.0728	-0.352	0.5046	-0.1081	-0.0494	-0.1543	-0.3353	0.3452	-0.0272	-0.1828	-0.1006	0.2222	-0.1964	0.2181	0.2396	-0.0331	-0.0675	0.3327	-0.1867	-0.0621	-0.1178	-0.1484	0.3261	0.0624	-0.0186	0.3838	0.0002	-0.4025	-0.1321	-0.0775	-0.2036	0.1302	-0.0881	-0.0981	-0.2267	-0.0319	-0.0382	-0.1081	-0.2718	0.2461	0.1335	0.1214	-0.2324	0.3304	0.1199	0.077	-0.2239	-0.0415	-0.1884	-0.2671	-0.0989	0.2975	0.3023	-0.4129	-0.2608	-0.0356	-0.3097	0.009	-0.1824	-0.3339	-0.1422	-0.2668	0.0075	-0.1629	-0.1018	0.2497	-0.0945	-0.1344	-0.2525	0.1342	-0.3187	-0.0262	-0.1112	-0.0615	0.4487	0.2828	-0.1362	-0.0996	0.1921	-0.2514	-0.2144	0.3545	-0.3373	-0.1471	0.0703	0.4766	0.0226	-0.022	-0.2751	0.0002	0.1429	0.0387	0.094	0.2791	0.0861	0.2935	0.2915	-0.1944	-0.1992	-0.0353	0.1257	-0.147	0.326	-0.3414	0.3853	0.0549	-0.1998	-0.0781	-0.1179	0.1127	-0.3974	-0.1324	-0.2487	0.436	0.1533	-0.1422	-0.1494	-0.1168	-0.4093	-0.1024	-0.1814	0.0272	0.4554	-0.0692	-0.277	0.4247	-0.1522	0.1449	0.0311	-0.04	-0.1475	0.1035	-0.2375	0.1793	0.0663	0.138	0.4427	0.2738	0.3736	0.0259	0.2726	-0.0045	0.2146	0.4733	0.2618	-0.2096	0.3171	-0.0472	0.2215	0.2149	-0.1518	0.26	-0.2911	-0.1553	0.2984	0.3335	-0.3146	0.4274	-0.313	-0.0148	0.4253	0.2622	0.0552	-0.2087
Sg_CK52A_43	0.3165	-0.1309	-0.3674	-0.5267	-0.4044	-0.4424	-0.5215	-0.5473	-0.2858	-0.4009	-0.2579	0.2276	-0.0681	0.0864	-0.1829	-0.1517	0.0362	-0.0037	-0.1467	-0.1534	0.1974	-0.4783	-0.5858	-0.2404	-0.4137	0.3334	-0.2827	-0.4921	0.2833	0.2902	-0.5333	-0.0492	-0.6617	-0.4846	0.1142	0.2868	-0.2488	0.3274	-0.263	-0.3497	-0.1236	0.197	0.7302	0.2779	0.137	0.097	-0.5251	0.6545	-0.3064	-0.267	-0.4169	-0.3776	-0.2844	-0.4396	-0.346	-0.068	-0.553	-0.6048	0.2491	0.0924	0.1665	0.574	0.2698	-0.5856	-0.2132	0.5308	0.0878	0.5377	-0.5337	-0.4866	0.6218	-0.1952	0.1802	0.3584	0.4642	0.4997	-0.102	-0.2856	0.5094	0.4239	-0.075	0.4338	-0.3931	0.2279	0.1169	-0.1948	-0.2813	0.0606	-0.0969	0.3128	-0.251	-0.2344	0.0221	-0.071	0.3169	0.1276	0.0313	0.3291	-0.4283	-0.0956	-0.1262	0.0362	-0.4927	0.4391	0.2464	-0.1327	-0.2826	0.2548	0.5122	-0.2519	-0.513	0.0756	-0.3149	1	-0.3377	0.2067	0.5029	0.8308	-0.3094	-0.4176	0.7342	0.0124	-0.3119	-0.1922	0.4898	-0.5891	0.271	0.671	0.284	0.6921	0.2849	-0.6327	0.2013	-0.2226	0.0652	0.4702	-0.1561	-0.3947	-0.066	-0.6971	0.5833	0.0545	-0.5275	-0.0344	0.0071	-0.4454	0.0636	0.1822	-0.464	-0.0071	0.1088	-0.3786	-0.1746	0.1389	0.0451	0.1015	-0.14	-0.1688	0.4435	0.1381	0.123	-0.2506	0.2398	-0.5335	0.0735	0.0728	0.349	0.3203	-0.2524	-0.1112	0.4615	-0.0287	0.57	-0.2625	0.1857	0.2298	0.601	-0.1116	0.156	-0.0323	-0.1678	0.3341	-0.14	-0.5237	0.6005	0.243	0.4645	0.2948	-0.4486	-0.2264	0.3976	-0.509	0.2722	-0.0014	0.2741	0.2287	0.0692	-0.5106	-0.1674	0.33	0.2027	-0.431	0.1441	-0.2031	0.5189	0.1544	-0.3419	-0.0051	0.0174	-0.5198	-0.0217	-0.11	0.2974	-0.4573	-0.0806	-0.2769	-0.2717	-0.1222	-0.6364	0.3747	0.3309	0.4223	0.5949	-0.0481	0.5783	0.6262	0.6843	0.0894	-0.1644	0.0658	0.0701	0.0302	0.2784	0.4778	0.1879	0.1711	0.4552	-0.1533	0.232	0.1378	-0.367	-0.1955	-0.3213	0.3407	0.0092	0.6682	0.2458	-0.2514	0.6952	0.494	-0.1033	-0.0756	0.2392	-0.2923	0.2271	-0.1394	0.1953	-0.1574	0.3121	-0.1612	-0.5775	-0.4791	-0.2287	-0.1825	-0.1647	-0.3765	0.4566	0.0578	-0.0991	0.6068	-0.5029	-0.0342	0.4128	0.3545	-0.1548	0.0314	0.1732	0.09	0.26	-0.17	-0.4455	0.3662	0.5352	0.2654	0.1446	0.3064	0.1904	-0.1247	-0.4421	-0.0556	-0.016	-0.6122	-0.4069	-0.2885	0.2693	-0.193	-0.4277	0.2435	-0.001	-0.559	0.4575	-0.4123	-0.5571	-0.5715	-0.2975	0.0263	-0.4844	-0.1883	-0.2424	-0.2938	0.1658	0.217	-0.3797	0.003	-0.2558	-0.2421	0.4649	-0.2203	0.5713	-0.3569	0.0028	-0.3157	-0.1167	-0.2032	0.125	0.3665	-0.2589	-0.5912	-0.2307	0.5401
Sg_CK52A_74	-0.0406	-0.3754	0.0991	0.1928	0.1227	0.7012	-0.0511	0.6864	-0.0916	0.1522	-0.3162	0.1755	-0.1832	-0.4008	0.4908	0.1291	-0.0604	-0.2703	-0.0302	-0.1244	-0.1132	0.1692	0.4325	-0.0747	0.0615	-0.3392	-0.0278	0.429	0.1887	0.1774	0.3967	0.2273	0.3746	-0.2243	-0.1933	0.1487	-0.1589	-0.1092	-0.0805	0.5049	0.2516	0.0186	-0.4247	-0.1797	-0.5035	0.4699	0.5805	-0.2277	0.7981	0.6538	0.499	-0.0538	0.4359	-0.0375	0.6721	-0.0669	0.2095	0.4339	-0.2048	-0.2269	-0.3055	-0.125	-0.0875	0.2223	0.0865	-0.2577	-0.1269	-0.2768	0.0388	0.0723	-0.4102	-0.0355	-0.5722	-0.25	-0.3924	-0.4403	0.0727	-0.1599	-0.4114	0.0258	0.6173	-0.1671	-0.1771	-0.0914	-0.0825	0.2411	0.0191	-0.333	0.0555	-0.3876	0.0856	0.4608	-0.2754	0.5382	0.0278	0.3696	-0.078	-0.1997	0.6068	0.3712	0.4721	0.326	0.3762	-0.1068	0.0318	-0.1269	0.6128	-0.3417	0.1323	0.5468	0.593	0.0579	0.4996	-0.3377	1	-0.0352	0.0063	-0.2535	0.5412	0.693	-0.2733	-0.1062	-0.1066	-0.0532	-0.0708	0.274	0.0558	-0.2053	-0.1453	-0.379	-0.1599	0.199	-0.088	-0.4166	-0.1626	-0.1485	-0.1015	0.664	-0.3193	0.3931	-0.2572	-0.3841	-0.1434	-0.087	-0.2757	-0.0291	-0.3694	-0.3982	-0.0237	-0.077	-0.2899	0.7268	-0.2684	-0.0563	0.158	0.4574	0.1149	-0.0791	-0.4111	0.0474	-0.058	0.1403	-0.1318	0.4208	0.1877	-0.1772	-0.2673	-0.1293	0.6575	-0.1813	-0.3477	-0.0888	-0.3936	0.7012	-0.254	-0.1929	-0.1274	0.2839	-0.0032	0.4363	0.3675	-0.0425	0.0717	0.505	-0.4354	0.2396	0.0362	-0.2026	-0.0358	0.0351	-0.2186	0.3672	0.1922	-0.416	0.0872	-0.188	-0.3128	0.2113	-0.0652	-0.1448	-0.4553	-0.3014	-0.226	-0.0808	-0.492	0.3342	0.1154	0.0143	-0.2663	0.1797	-0.0262	-0.0035	0.0178	-0.3355	-0.0491	-0.122	-0.2893	0.5429	0.3043	-0.4339	-0.3418	0.0615	-0.0888	-0.2837	-0.4356	-0.3368	-0.2095	-0.3611	-0.126	-0.4913	-0.2628	0.178	-0.1319	-0.0572	0.0755	0.2804	-0.3835	-0.0443	-0.0568	-0.2088	0.7261	0.6431	-0.3372	-0.3326	0.3263	-0.3692	-0.2009	0.699	-0.3123	-0.0082	-0.1151	-0.0395	-0.0433	-0.1565	-0.1429	-0.0508	-0.0859	-0.0284	0.1394	-0.058	-0.1213	0.2791	0.1748	-0.19	-0.2166	-0.2813	-0.1639	-0.1155	0.6704	-0.1456	0.227	0.0036	-0.4329	-0.2574	-0.0652	0.0466	-0.4114	-0.2398	0.0049	0.5431	0.2756	-0.058	-0.2188	-0.1491	-0.4244	-0.335	0.0051	-0.1022	0.6513	-0.2013	-0.191	0.1668	0.038	0.1599	-0.0593	-0.2397	-0.2871	-0.0615	-0.3151	-0.0438	-0.25	0.0291	0.5147	0.0993	0.1871	-0.0595	0.0518	-0.256	-0.0406	0.5695	0.1165	-0.0656	0.102	-0.0023	0.5472	0.2664	-0.0381	0.3994	-0.1583	-0.3298	-0.0187	0.0808	-0.5096	0.6154	-0.3386	-0.2129	0.5943	0.2591	0.0175	-0.0112
Sg_CM17_16	0.4389	-0.1631	-0.3525	-0.3841	-0.1806	-0.2109	-0.185	-0.2335	-0.1446	-0.2817	-0.2055	0.7331	0.0507	0.0847	0.2465	-0.1111	-0.1464	-0.1955	0.0929	0.0481	-0.0741	-0.4052	-0.4964	-0.1271	-0.3744	-0.1803	-0.1408	-0.3257	0.3962	0.5855	-0.5113	-0.2113	-0.4195	-0.454	-0.1099	0.6979	-0.375	0.8505	-0.1362	-0.031	0.4262	-0.1575	0.3084	0.1241	-0.1576	0.1693	-0.3245	0.1153	-0.1223	-0.1517	-0.1347	-0.1782	-0.0521	-0.1219	-0.076	0.0413	-0.4302	-0.2485	-0.0069	-0.001	0.1926	0.2961	0.2611	-0.1589	-0.0298	0.2153	-0.0244	-0.0214	-0.3473	-0.3728	0.357	0.0102	-0.0816	-0.0239	0.1929	0.3041	-0.4572	-0.0982	0.2819	0.0266	-0.0975	-0.0025	-0.3905	-0.3392	-0.0584	-0.4366	-0.3035	-0.1525	-0.3162	0.0152	-0.4848	-0.035	-0.1182	0.0293	0.4954	0.1175	-0.2596	-0.2161	-0.104	0.0534	-0.1963	0.0514	-0.4118	-0.1637	0.8395	-0.0138	-0.1369	-0.0617	0.0739	0.2096	-0.3466	0.2781	-0.0254	0.2067	-0.0352	1	-0.1435	0.165	-0.0943	-0.0949	0.1157	-0.0675	-0.1351	0.0168	0.0212	-0.1779	-0.0433	0.2032	-0.1466	0.1674	-0.023	-0.5943	0.3338	-0.0565	-0.4264	0.1808	0.0404	-0.0259	-0.2573	-0.4083	0.1948	0.0677	-0.2481	0.1477	-0.0598	-0.0939	0.1408	0.3207	0.0256	0.1305	0.2329	-0.0562	-0.1057	0.0572	0.0672	0.159	-0.3705	0.0144	0.0361	0.5989	-0.1035	0.0068	0.4702	-0.342	0.1397	0.2782	0.0496	0.378	-0.1001	-0.41	0.3086	0.1522	0.1114	-0.0575	-0.2624	0.1406	0.0609	0.2015	0.0859	0.3704	-0.1546	0.0337	-0.2966	-0.1247	0.3181	0.1558	0.1157	0.0886	-0.3075	-0.008	0.3691	-0.4732	0.2004	0.1055	0.0577	-0.022	0.0388	-0.2251	0.0647	0.8372	0.1756	-0.3857	0.0999	-0.1639	0.2808	-0.0781	0.1682	-0.1464	-0.2791	-0.4937	-0.1937	0.0698	-0.2304	-0.3117	0.1255	-0.3904	-0.345	-0.0812	-0.5337	-0.0151	0.0856	0.0572	0.1898	-0.0933	0.37	0.0909	0.1609	0.1045	-0.357	-0.0437	-0.0825	0.4858	-0.0602	0.0263	0.1258	0.1766	0.0349	0.0657	-0.4219	0.0863	-0.0907	-0.1587	-0.2235	0.152	0.2552	0.1527	0.0411	-0.0439	0.1238	0.1513	-0.139	0.38	0.7572	-0.0169	-0.0212	-0.2106	-0.0675	-0.2572	0.3963	-0.2283	-0.3625	-0.0489	-0.4837	-0.3156	-0.0679	-0.2838	0.1212	-0.0244	-0.1161	0.2355	-0.4905	-0.1137	0.0745	0.1639	0.0969	0.1401	0.1624	-0.0793	0.0632	0.1458	-0.4941	-0.2208	0.1792	0.8222	-0.003	-0.0794	0.1269	0.0298	-0.3326	-0.1315	-0.3103	-0.5034	-0.1293	-0.6226	0.861	-0.3592	-0.204	0.0416	0.0169	-0.3963	0.1961	-0.4115	-0.1334	-0.5472	-0.3219	-0.0967	-0.4659	-0.236	-0.2534	0.0968	0.6227	-0.0625	-0.3904	-0.2864	0.0132	-0.3101	0.2806	-0.125	0.1666	-0.3943	-0.2253	-0.2235	-0.1002	0.1004	0.1183	0.2844	-0.0064	-0.5596	-0.2137	0.2453
Sg_CM17_58	0.1311	-0.1159	-0.0905	-0.1693	-0.2834	-0.1305	-0.2239	-0.2398	-0.2984	-0.3645	-0.3117	-0.0428	0.0405	0.0114	-0.1313	-0.1962	0.2179	-0.0769	0.0575	-0.0294	0.176	-0.1386	-0.1685	-0.1486	-0.1951	0.2812	0.055	-0.1263	0.1417	0.06	-0.0421	0.2347	-0.1711	-0.3224	0.1219	-0.0079	-0.135	-0.078	-0.1345	-0.0987	-0.1844	0.2221	0.3331	0.19	-0.1883	0.1389	-0.0924	0.6557	0.0497	-0.0939	-0.1023	-0.2176	-0.1509	-0.3468	-0.2008	-0.1977	-0.1915	-0.1516	0.2737	-0.1401	-0.1945	0.2377	-0.0282	-0.2495	-0.0192	0.2345	-0.2181	0.4609	-0.238	-0.0952	0.0968	-0.0036	0.1771	0.1411	0.1088	0.0188	0.1209	-0.2202	0.0369	0.5081	0.0447	0.6389	-0.2204	0.1814	-0.1415	0.1973	-0.0811	-0.1312	0.1461	0.3512	0.0026	-0.213	0.0733	0.0242	0.134	0.1903	0.3352	0.3406	-0.2228	0.0852	-0.1326	0.229	-0.2412	0.5362	-0.0886	-0.0028	-0.0744	0.1365	0.5539	-0.1759	-0.2368	-0.0127	-0.2316	0.5029	0.0063	-0.1435	1	0.5868	-0.0865	-0.2192	0.5488	-0.3032	-0.2196	-0.0324	0.5553	-0.3901	0.2561	0.4936	0.2316	0.5379	0.1787	-0.2988	0.0113	-0.333	0.2245	0.0952	-0.0345	-0.1878	-0.1584	-0.2978	0.3836	-0.1737	-0.3678	0.1248	-0.0371	-0.2965	-0.2513	-0.1089	-0.2369	0.1216	-0.1543	-0.1569	-0.269	0.3138	-0.1039	-0.0032	-0.012	0.0031	0.1243	-0.1497	0.1751	-0.0842	0.0912	-0.0583	0.0216	-0.1601	0.3905	0.23	-0.1101	0.0221	-0.0268	0.1106	0.2936	-0.055	0.1875	-0.0555	0.3383	0.0092	0.0516	0.0288	0.0263	0.1878	0.0033	-0.2634	0.1249	0.2285	0.4891	0.3473	-0.2919	-0.0166	0.0075	-0.0805	0.0932	-0.1875	0.5234	0.1906	-0.2436	-0.2772	0.0026	-0.0108	-0.0594	-0.2965	0.1145	-0.0066	0.1118	0.1752	-0.3335	0.1177	0.073	-0.3308	-0.1647	0.0599	0.5906	-0.3798	0.0831	-0.1275	-0.2776	0.1372	-0.1897	0.1116	0.1155	0.2634	0.523	-0.1532	0.0685	0.5404	0.5572	-0.2195	-0.0597	-0.0627	0.0204	-0.1999	0.1935	0.4204	0.0698	0.1809	0.0489	0.0248	0.5542	0.0806	-0.1239	0.0324	-0.336	-0.2535	0.0201	0.3912	0.0072	0	0.6727	0.3718	0.0492	-0.2745	-0.1499	-0.2893	0.2121	0.1397	0.0765	-0.0514	0.0965	-0.1792	-0.4199	-0.2935	-0.1322	-0.1838	-0.2806	-0.2655	0.1432	0.0265	0.0954	0.5457	-0.2109	-0.0023	0.0398	0.0079	0.0178	-0.0625	-0.1916	-0.0695	0.1765	-0.0602	-0.0537	0.525	0.2381	-0.1076	-0.0806	0.1219	-0.0055	0.0297	-0.1206	-0.1642	-0.0733	-0.2115	-0.1771	0.0278	-0.1173	-0.228	-0.2604	0.2527	-0.302	-0.3827	0.0989	-0.1399	-0.2708	-0.2574	-0.0333	-0.0897	-0.3053	-0.1453	-0.413	-0.2143	-0.0567	0.2298	-0.0934	-0.0151	-0.1126	-0.1687	0.2229	-0.1502	0.4829	-0.2257	-0.0405	-0.2328	-0.2079	-0.1637	-0.197	-0.0171	-0.1952	-0.1808	-0.0637	0.3798
Sg_CM17_7	0.3955	-0.0957	-0.4075	-0.4781	-0.3883	-0.443	-0.5282	-0.5286	-0.3487	-0.4368	-0.3519	0.1778	0.0362	0.0829	-0.1442	-0.1432	0.0293	-0.0783	-0.0292	-0.0825	0.1074	-0.4914	-0.589	-0.3227	-0.4126	0.4311	-0.3124	-0.3226	0.2576	0.2311	-0.4488	-0.0562	-0.6291	-0.4875	0.0448	0.2409	-0.3119	0.2634	-0.4006	-0.3241	-0.0489	0.2978	0.6817	0.2012	0.0828	0.0769	-0.4128	0.721	-0.2082	-0.2386	-0.3331	-0.4247	-0.3584	-0.6105	-0.3649	-0.2518	-0.588	-0.5252	0.217	0.0368	0.0632	0.5337	0.2897	-0.5252	-0.1654	0.5104	-0.1339	0.63	-0.5493	-0.468	0.5902	-0.1698	0.1436	0.4911	0.5044	0.4224	-0.1396	-0.4384	0.4792	0.4238	-0.09	0.4877	-0.4697	0.2486	0.0764	-0.1266	-0.2877	0.1413	-0.0999	0.4404	-0.2029	-0.1879	-0.0618	0.0048	0.2432	0.111	0.0563	0.4089	-0.3666	-0.0856	-0.1111	0.0472	-0.4876	0.5277	0.1935	-0.0327	-0.2765	0.2882	0.617	-0.1644	-0.4927	0.0281	-0.2568	0.8308	-0.2535	0.165	0.5868	1	-0.2609	-0.368	0.7754	-0.2116	-0.4635	-0.0278	0.5973	-0.6107	0.2761	0.6172	0.4206	0.7632	0.21	-0.6729	0.1321	-0.4011	0.1577	0.5659	-0.0685	-0.3215	-0.1066	-0.7061	0.6289	0.109	-0.548	0.0339	-0.0351	-0.5676	0.0351	0.031	-0.5194	0.0221	0.0576	-0.3758	-0.176	0.072	0.1237	0.0993	-0.0959	-0.1075	0.5134	0.1281	0.0079	-0.1152	0.2221	-0.3887	0.148	-0.0566	0.3849	0.3846	-0.2187	-0.1397	0.4573	0.0794	0.573	-0.2343	0.2004	0.2386	0.6251	-0.1352	0.1885	0.1145	-0.2	0.341	-0.0798	-0.5897	0.5672	0.2049	0.6034	0.3423	-0.5098	-0.0541	0.4584	-0.3581	0.325	-0.0444	0.4222	0.2544	0.0365	-0.5175	-0.0934	0.2804	0.066	-0.4762	0.1338	-0.2529	0.5091	0.2967	-0.4276	-0.1035	-0.0124	-0.5565	-0.0429	-0.1208	0.4107	-0.4994	-0.0133	-0.3689	-0.3367	-0.053	-0.574	0.3048	0.2217	0.3896	0.6598	-0.2073	0.5208	0.6868	0.8069	0.0417	-0.2605	0.0404	-0.0282	-0.0005	0.2193	0.543	0.2007	0.2314	0.3857	-0.0047	0.4182	0.0521	-0.3871	-0.1204	-0.4282	0.4141	0.0352	0.6736	0.186	-0.2051	0.7572	0.6052	-0.0745	-0.123	0.1764	-0.2936	0.2004	-0.234	0.103	-0.1599	0.2031	-0.1548	-0.637	-0.4434	-0.1791	-0.2904	-0.169	-0.4355	0.4623	-0.0063	-0.1083	0.6565	-0.458	-0.0612	0.4625	0.4861	-0.0889	0.0091	0.1239	0.013	0.1806	-0.044	-0.4564	0.488	0.4491	0.1788	0.1007	0.421	0.1915	-0.0033	-0.4087	0.0338	-0.11	-0.5643	-0.4135	-0.3348	0.2005	-0.1962	-0.4178	0.1772	-0.0693	-0.5895	0.4608	-0.4566	-0.511	-0.5216	-0.191	-0.0282	-0.4986	-0.2237	-0.3178	-0.3054	0.1964	0.3853	-0.2566	0.1281	-0.2853	-0.3512	0.5084	-0.1341	0.6301	-0.4686	-0.0796	-0.3782	-0.1688	-0.1715	0.0539	0.3655	-0.2468	-0.5699	-0.1413	0.4711
Sg_CM21_15	-0.2177	-0.1806	0.0686	0.2076	-0.0423	0.559	0.0989	0.5894	0.0315	0.0535	-0.0839	0.0479	-0.1194	-0.3972	0.2569	0.2173	-0.0003	-0.0609	-0.0757	-0.0714	-0.0532	0.2007	0.2851	-0.0113	0.2255	-0.1376	0.0504	0.3151	0.0615	0.0141	0.3453	0.0949	0.3685	0.0452	-0.038	-0.0929	-0.0835	-0.1347	-0.1021	0.3952	0.1327	-0.1214	-0.438	-0.1913	-0.1714	0.2269	0.2852	-0.3213	0.531	0.425	0.4378	0.0499	0.5482	0.0117	0.63	-0.0312	0.0749	0.3067	-0.037	-0.0176	-0.3749	-0.3713	-0.1096	0.2304	-0.0339	-0.4769	0.0049	-0.1901	0.0752	0.0043	-0.3335	-0.0457	-0.3289	-0.1721	-0.2113	-0.164	-0.1803	-0.0191	-0.3162	-0.1504	0.4769	-0.2475	-0.0429	-0.0539	-0.0904	0.1738	-0.0654	-0.1556	-0.0536	-0.3033	0.2461	0.3214	0.0339	0.3052	-0.124	0.3239	0.0227	-0.2852	0.5209	0.2439	0.3443	0.336	0.2857	-0.1684	-0.0407	-0.0887	0.4416	-0.1118	-0.0381	0.4056	0.4431	0.0474	0.2967	-0.3094	0.5412	-0.0943	-0.0865	-0.2609	1	0.6367	-0.3869	0.1096	0.0438	-0.0104	-0.2089	0.2521	-0.0105	-0.3715	-0.0611	-0.4835	0.1192	0.2414	-0.261	-0.2537	-0.0394	-0.1124	-0.0962	0.5964	-0.1036	0.3826	-0.3074	-0.2987	-0.0006	-0.2119	-0.183	0.0375	-0.3583	-0.3335	-0.0464	-0.133	-0.3159	0.729	-0.3104	-0.046	0.1603	0.3339	0.0652	-0.0815	-0.1514	-0.0642	-0.0817	0.0708	-0.0309	0.3135	0.0986	-0.1278	-0.3213	-0.3073	0.3736	0.0508	-0.1797	-0.1409	-0.2082	0.5787	-0.1084	-0.171	-0.2108	0.0568	-0.0354	0.2353	0.219	-0.0853	0.0612	0.42	-0.2801	0.1463	-0.1726	-0.2153	0.1816	0.0553	-0.0332	0.3701	0.1273	-0.3279	-0.093	-0.0233	-0.2642	0.0124	-0.0809	-0.1502	-0.3012	-0.0968	-0.1082	-0.0682	-0.3913	0.076	0.1917	0.2633	-0.0851	0.2713	0.0276	-0.0874	-0.035	-0.0675	-0.1515	-0.1826	-0.0962	0.5018	0.2925	-0.2566	-0.0616	-0.1154	-0.308	-0.0622	-0.3151	-0.3465	-0.2562	-0.3188	-0.1486	-0.2719	-0.1111	-0.0194	0.1022	-0.3086	-0.1047	0.0124	-0.242	-0.0429	0.0027	0.1747	0.7631	0.523	-0.2627	-0.1542	0.4535	-0.3595	-0.1389	0.5579	-0.3492	-0.1561	0.0066	-0.0308	-0.0989	-0.0447	-0.2455	0.0145	0.0661	0.0827	-0.0619	0.1376	0.0399	0.3243	0.1469	-0.2174	-0.3026	-0.1466	-0.073	0.0027	0.5247	-0.2446	0.2774	0.0942	-0.1672	-0.0884	-0.141	0.0732	-0.3196	-0.1179	-0.0107	0.4566	0.2736	-0.1185	-0.3592	-0.1608	-0.4289	-0.212	-0.0564	-0.1088	0.5777	-0.1176	-0.2375	0.3078	-0.0382	-0.021	-0.103	-0.1094	-0.0458	0.0808	-0.2651	0.0566	-0.2314	-0.0466	0.3737	0.1708	0.1706	0.0863	-0.0133	-0.1605	0.1355	0.4483	-0.0846	-0.1818	0.2217	0.0455	0.4872	0.1324	0.0832	0.5361	-0.3507	-0.1797	0.2314	0.1861	-0.382	0.541	-0.3894	-0.2576	0.5064	0.2165	0.2052	-0.1503
Sg_CM21_57	-0.2259	-0.2496	0.1672	0.2901	0.1898	0.7151	0.0132	0.7912	0.0583	0.1447	-0.1105	0.0672	-0.2365	-0.3361	0.4662	0.1384	-0.0555	-0.1728	-0.1527	-0.2211	-0.1327	0.1333	0.4063	-0.1795	0.1824	-0.3092	0.0928	0.4331	0.1148	-0.0829	0.3522	0.2132	0.3204	-0.0905	-0.1208	-0.0539	-0.0582	-0.1692	-0.1333	0.4958	0.2635	0.1143	-0.4671	-0.1498	-0.4116	0.3904	0.5507	-0.3435	0.7029	0.7216	0.6855	-0.0654	0.5549	-0.0223	0.8295	-0.0492	0.2177	0.4079	-0.2056	-0.1524	-0.4397	-0.2512	-0.1954	0.1499	0.0489	-0.4138	-0.0532	-0.3104	-0.0009	0.011	-0.3515	-0.2096	-0.623	-0.2104	-0.2232	-0.3298	0.0528	-0.1597	-0.3614	-0.2145	0.6143	-0.3746	-0.1445	-0.0458	-0.0395	0.0566	-0.0114	-0.3475	-0.0085	-0.4736	0.0653	0.3406	-0.1244	0.5333	-0.1611	0.3563	-0.0507	-0.1839	0.8115	0.4136	0.5467	0.4444	0.4741	-0.2382	-0.0526	-0.2441	0.6655	-0.1353	0.0293	0.5033	0.6722	0.0198	0.5148	-0.4176	0.693	-0.0949	-0.2192	-0.368	0.6367	1	-0.3947	-0.0135	-0.127	-0.1167	-0.2909	0.2205	0.0035	-0.3767	-0.156	-0.4591	0.0572	0.2987	-0.2572	-0.4191	-0.093	-0.0914	-0.174	0.8284	-0.1461	0.3897	-0.2678	-0.297	-0.0045	-0.2704	-0.1982	-0.0721	-0.4085	-0.4186	-0.1161	-0.2293	-0.3839	0.7703	-0.2721	-0.095	0.2907	0.4774	0.2426	-0.2377	-0.3071	-0.0414	-0.021	0.0396	-0.2404	0.4416	0.2616	-0.2192	-0.2836	-0.2572	0.549	-0.074	-0.2526	-0.2082	-0.238	0.7784	-0.1306	-0.26	-0.1756	0.2447	0.2085	0.2147	0.3205	0.0207	-0.0025	0.4823	-0.3817	0.1633	-0.1545	-0.2439	0.1622	-0.0352	-0.1469	0.3457	0.275	-0.4423	-0.103	-0.1209	-0.3543	0.095	-0.1442	-0.2284	-0.5031	-0.1355	-0.093	-0.1441	-0.4115	0.3142	0.1754	0.1754	-0.1437	0.2905	-0.0794	0.0069	-0.099	-0.1013	-0.2133	-0.2095	-0.0982	0.6513	0.4058	-0.2814	-0.2034	-0.1035	-0.2853	-0.1545	-0.4016	-0.4113	-0.368	-0.4389	-0.0836	-0.3288	-0.3557	0.0243	0.0108	-0.1354	0.1533	0.0869	-0.3249	-0.1185	0.0067	-0.061	0.7925	0.7541	-0.2688	-0.316	0.1654	-0.2558	-0.0431	0.7539	-0.5006	-0.1514	0.028	-0.0448	-0.0855	0.0619	-0.2243	-0.0413	-0.073	-0.047	-0.1395	0.1125	0.0537	0.297	0.259	-0.1208	-0.2344	-0.1561	-0.1238	-0.0896	0.67	-0.3156	0.2943	0.0399	-0.2328	-0.1036	-0.2002	-0.0198	-0.4109	-0.2278	0.0268	0.4571	0.1396	-0.0456	-0.2149	-0.1593	-0.42	-0.2381	-0.1093	-0.1283	0.7286	-0.2084	-0.2431	0.3102	0.0553	0.1815	-0.1397	-0.1693	-0.1261	-0.0087	-0.398	0.1339	-0.2039	0.0185	0.4237	0.1487	0.2238	0.0397	0.0444	-0.1666	0.0607	0.7589	-0.0407	-0.1678	0.2104	0.1137	0.6606	0.2563	0.1182	0.6022	-0.3856	-0.2139	0.1122	0.1761	-0.3562	0.7371	-0.4227	-0.1946	0.7756	0.2849	0.1631	-0.0252
Sg_CM29A_16	0.4035	-0.2485	-0.3129	-0.3691	-0.3374	-0.43	-0.3848	-0.5223	-0.4021	-0.4224	-0.4242	0.1087	0.0167	0.0214	-0.1305	-0.3	-0.0788	-0.225	-0.0391	-0.1159	0.085	-0.4071	-0.4813	-0.3287	-0.3814	0.4462	-0.2618	-0.216	0.2088	0.2173	-0.4125	0.0981	-0.5495	-0.5044	-0.0107	0.1453	-0.3705	0.1722	-0.2425	-0.215	-0.0204	0.396	0.7347	0.2063	-0.0139	0.1859	-0.2699	0.7518	-0.1872	-0.1525	-0.3224	-0.368	-0.1907	-0.5331	-0.4026	-0.3169	-0.4025	-0.4542	0.1715	-0.1452	0.1182	0.5777	0.1911	-0.3923	-0.1768	0.4838	-0.2663	0.5941	-0.4371	-0.3546	0.4666	-0.0648	0.1209	0.3947	0.3244	0.2844	-0.1027	-0.4455	0.422	0.4448	0.0604	0.5529	-0.4666	0.2187	0.0765	-0.1044	-0.229	0.1515	0.0133	0.465	-0.1717	-0.1461	-0.1385	0.1187	0.2578	0.1547	0.0883	0.5094	-0.3546	-0.0364	0.0026	0.0743	-0.428	0.4933	0.1123	-0.0637	-0.1676	0.3371	0.6908	-0.1667	-0.3493	0.0917	-0.3501	0.7342	-0.2733	0.1157	0.5488	0.7754	-0.3869	-0.3947	1	-0.3095	-0.4902	-0.0892	0.5861	-0.5501	0.1844	0.736	0.4331	0.8223	0.1692	-0.6279	0.1575	-0.3432	0.0416	0.4805	-0.0823	-0.3521	-0.1979	-0.5603	0.6746	0.2094	-0.5247	0.0076	0.0909	-0.5345	0.0873	0.083	-0.3267	0.0308	0.0882	-0.3903	-0.0378	0.0482	0.096	0.1298	-0.0889	-0.12	0.3694	0.0474	0.0688	-0.1427	0.2347	-0.4298	0.0938	-0.0523	0.4415	0.385	-0.166	-0.1614	0.2914	0.0756	0.5891	-0.2284	0.1955	0.1777	0.694	-0.1711	0.2016	0.1023	-0.1425	0.3764	0.027	-0.5415	0.4575	0.2388	0.6031	0.2019	-0.544	-0.1043	0.2394	-0.2364	0.3285	0.0255	0.3948	0.1171	0.049	-0.4875	-0.0996	0.2015	0.0963	-0.4419	0.0659	-0.1901	0.4442	0.352	-0.3699	-0.1676	-0.0016	-0.5527	-0.0753	-0.0169	0.3885	-0.4834	-0.0306	-0.2878	-0.4052	-0.069	-0.4629	0.3415	0.1	0.371	0.6409	-0.1786	0.4029	0.6711	0.7985	0.0579	-0.2941	-0.0612	0.0013	-0.0432	0.1888	0.6002	0.2897	0.2389	0.4867	-0.0002	0.4137	0.0675	-0.404	-0.1577	-0.4035	0.205	-0.0839	0.7324	0.0376	-0.221	0.6969	0.6002	-0.1669	-0.2392	0.066	-0.2803	0.1723	-0.218	-0.0002	-0.1438	0.2747	-0.2774	-0.6139	-0.3887	-0.1503	-0.2679	-0.0434	-0.4122	0.3517	-0.0741	-0.024	0.714	-0.4536	-0.1616	0.3878	0.3596	-0.0621	0.0295	0.1977	0.0043	0.333	-0.03	-0.417	0.5622	0.5315	0.1002	0.0691	0.3456	0.2347	-0.0132	-0.3734	0.0713	-0.1501	-0.5041	-0.3879	-0.292	0.1308	-0.2159	-0.3954	0.0761	0.011	-0.5765	0.4595	-0.3984	-0.5215	-0.5354	-0.1836	-0.0525	-0.3982	-0.2886	-0.3157	-0.2585	0.0942	0.4101	-0.249	0.1647	-0.2987	-0.3111	0.4558	-0.1302	0.6301	-0.4076	-0.2451	-0.4747	-0.1685	-0.1639	0.12	0.27	-0.2152	-0.5053	-0.1571	0.5524
Sg_CM30A_3	-0.2674	0.1501	0.0712	0.0384	0.14	-0.0373	-0.023	-0.0101	0.119	0.0739	0.3223	-0.1235	-0.1447	0.1702	-0.2308	0.0102	-0.0289	0.2605	-0.2316	-0.1308	0.1359	-0.0367	0.1167	0.2392	0.2525	-0.0549	-0.016	-0.1634	-0.17	-0.0609	0.1071	-0.2515	0.1158	0.3188	0.285	-0.1128	0.3831	-0.0586	0.1504	-0.1052	-0.2072	-0.171	-0.175	0.1151	0.2953	-0.3379	-0.2478	-0.3465	-0.1343	-0.0547	-0.1018	0.1156	0.0282	0.2572	0.0481	0.4792	0.1587	-0.0562	0.2672	0.4305	-0.0761	-0.0978	0.0635	-0.0498	-0.1412	0.0293	0.9267	-0.0775	0.0121	0.1363	0.1005	-0.2501	0.0357	-0.1456	-0.0015	0.1003	0.1372	0.3615	0.0316	-0.1383	-0.1311	-0.2553	0.4399	-0.0029	0.1209	-0.0279	-0.0701	-0.1892	-0.1473	-0.2756	-0.0487	0.0582	0.2145	-0.3122	-0.1749	-0.1873	-0.1059	-0.192	-0.0336	-0.2255	-0.0017	-0.0693	0.0217	-0.1138	-0.0861	-0.1407	-0.1595	-0.0177	-0.3569	-0.1816	-0.1001	-0.1509	0.0529	0.0124	-0.1062	-0.0675	-0.3032	-0.2116	0.1096	-0.0135	-0.3095	1	0.366	-0.2083	-0.309	0.0285	0.0244	-0.1981	-0.3269	-0.2681	0.3118	0.3345	0.2063	0.3796	0.064	-0.0969	-0.2302	-0.03	0.3207	0.1443	-0.0919	-0.2014	0.1618	-0.1712	0.2161	0.2987	-0.1551	0.064	0.0881	-0.1028	-0.186	-0.0248	-0.1215	-0.1337	-0.0233	-0.2674	-0.0247	-0.1086	0.0644	-0.0027	0.2899	-0.1582	-0.0986	-0.0018	-0.4471	0.1195	-0.1899	-0.0525	-0.2955	0.2919	0.1653	-0.2041	-0.0508	-0.1166	0.0215	-0.171	-0.3068	0.045	-0.2169	-0.2896	-0.1245	-0.1526	-0.1657	0.1173	0.1326	0.0054	-0.5452	0.1107	0.2575	-0.2262	0.149	-0.2191	-0.2189	-0.1247	-0.3359	0.1952	-0.0715	0.2306	-0.1575	-0.0769	0.1129	0.2785	0.0217	0.195	-0.0557	-0.233	0.0693	0.3851	0.2836	0.3178	0.088	-0.2806	-0.2743	0.3025	-0.1186	0.1477	0.399	-0.2478	0.001	0.0314	0.4134	0.0088	-0.2452	0.4488	0.0978	-0.2206	-0.275	-0.0228	0.3508	0.1188	0.3516	-0.0808	0.2411	-0.1017	-0.3051	-0.2803	0.0165	-0.3164	-0.2236	0.2337	-0.012	-0.1487	0.3072	0.162	0.0442	-0.2069	0.1328	-0.1348	-0.1788	-0.324	0.1297	-0.0445	-0.0762	0.0536	0.1743	0.0224	0.4912	0.0224	-0.0723	0.129	0.3869	0.1121	0.0361	0.2096	-0.1356	0.0642	0.0892	0.3879	-0.0628	-0.396	0.2784	0.4271	0.0058	-0.0043	-0.1673	-0.1919	-0.096	0.2031	0.1583	-0.123	0.0897	-0.3815	0.0045	-0.0631	0.1551	0.0659	0.1208	-0.121	-0.0391	-0.1732	0.233	0.0912	0.1364	0.1881	-0.0643	0.2325	0.262	0.1693	-0.0255	0.2583	0.0272	0.0601	-0.0838	0.2892	-0.0327	0.2762	-0.0089	0.172	0.098	-0.0176	-0.0737	-0.3007	0.019	-0.0087	0.1524	0.17	-0.2464	-0.1394	-0.1608	0.3123	0.4774	0.1936	0.105	-0.233	-0.1	-0.0268	-0.0848	0.069	0.1829	-0.1726
Sg_CM31A_43	-0.3387	0.3909	0.4891	0.1504	0.2353	0.0291	0.3727	0.1333	0.3662	0.4283	0.5595	-0.1409	-0.0612	0.1984	-0.1769	0.2856	0.143	0.3487	-0.114	0.0351	0.1823	0.1558	0.165	0.5819	0.1918	-0.2451	0.1436	-0.1102	-0.3547	-0.1497	0.2248	-0.034	0.3034	0.5369	0.2523	-0.2877	0.5704	-0.1556	0.3777	-0.0119	-0.1685	-0.2562	-0.3646	0.1471	0.3408	-0.3639	0.0486	-0.4851	-0.0697	-0.1125	0.0193	0.4175	-0.0572	0.8071	0.005	0.468	0.2388	0.1691	0.0203	0.3473	-0.0257	-0.3	-0.1432	0.1525	-0.0738	-0.2603	0.3689	-0.3206	0.2828	0.5015	-0.2427	-0.0621	0.2484	-0.274	-0.2099	-0.1331	0.2271	0.9629	-0.0644	-0.2466	-0.282	-0.1552	0.4795	-0.1422	-0.1984	-0.0011	0.2868	-0.1823	-0.1017	-0.229	0.0705	-0.2125	0.3165	-0.5347	-0.2143	-0.356	-0.0301	-0.4043	-0.0615	-0.2959	-0.2741	-0.1653	0.1388	-0.3253	-0.1445	0.0263	-0.1413	-0.274	-0.5413	-0.1048	0.0505	-0.0945	0.0677	-0.3119	-0.1066	-0.1351	-0.2196	-0.4635	0.0438	-0.127	-0.4902	0.366	1	-0.0724	-0.4305	0.3216	-0.1109	-0.4512	-0.328	-0.4894	-0.0189	0.5001	-0.0814	0.5548	0.1065	-0.4451	-0.0972	-0.0318	0.3345	0.349	-0.4304	-0.1812	0.4717	-0.052	0.1702	0.8119	-0.0195	0.234	0.3954	-0.1286	-0.0304	0.0154	0.0112	0.0497	-0.3238	-0.4606	0.1052	0.0063	-0.0976	-0.0567	-0.0464	-0.0671	-0.0657	0.1292	-0.495	0.2259	-0.1706	-0.354	-0.2487	0.2764	-0.0705	-0.1918	-0.363	-0.1344	0.0358	-0.1516	-0.4711	0.2266	-0.4198	-0.3751	0.2048	-0.3244	-0.1307	0.2695	-0.1708	-0.2331	-0.5639	-0.0166	0.2993	-0.0586	-0.1395	-0.1259	-0.5784	-0.0415	-0.4389	0.0078	-0.0765	0.2575	-0.0364	-0.0867	0.2623	0.5304	0.2087	0.4724	-0.1308	-0.5268	0.526	0.2572	0.2063	0.4166	0.1331	-0.1847	-0.3242	0.5198	-0.1232	0.4117	0.4661	-0.1778	0.1916	-0.1362	0.1906	-0.2328	-0.4674	0.5209	-0.1375	-0.3841	-0.4806	0.0022	0.3707	0.2735	0.3601	-0.0267	0.0323	-0.2775	-0.534	-0.3627	-0.2317	-0.0992	-0.3048	0.1926	0.0295	-0.1746	0.5331	-0.105	0.1117	-0.4994	-0.0771	-0.129	-0.3306	-0.5056	0.271	0.1957	-0.066	0.3619	0.0723	0.2394	0.1101	0.0956	0.0124	0.2619	0.5971	0.1348	-0.0817	0.5091	-0.088	0.555	-0.1394	0.3251	-0.1603	-0.5286	0.3518	0.2047	-0.2054	-0.2946	-0.0318	0.0625	-0.1177	0.2207	-0.1836	-0.1046	0.3541	-0.4239	-0.3227	-0.0791	0.0569	-0.2512	-0.3346	-0.1157	-0.0549	-0.1369	0.3468	0.2565	0.3393	0.257	-0.0598	0.2395	0.4899	0.1904	0.0124	0.5118	-0.3248	0.5065	0.1256	0.3792	-0.1253	0.2461	0.2025	0.4002	0.1935	0.0418	-0.1845	-0.4878	0.077	-0.3606	-0.0727	0.2089	-0.5582	-0.2463	-0.2296	0.6043	0.3405	0.3745	0.484	-0.318	-0.035	0.0125	-0.1296	0.3269	0.1321	-0.499
Sg_CM31A_52	0.2321	-0.2063	-0.2187	0.0995	0.034	0.0683	0.1955	-0.0896	-0.3098	0.2207	0.0987	-0.029	0.7643	-0.0834	0.2385	-0.1808	-0.1362	-0.1051	0.9224	0.7796	-0.3199	0.0614	0.0766	0.2463	-0.1617	-0.1285	0.2303	-0.087	-0.1728	-0.0459	0.1293	-0.059	0.1443	0.1044	-0.316	-0.0183	-0.2443	0.0395	0.1892	-0.085	-0.128	-0.1502	-0.09	-0.1734	-0.0489	-0.202	0.0711	-0.0231	-0.0526	-0.129	-0.2559	0.0925	-0.2371	-0.0463	-0.2019	-0.1721	0.0434	0.3149	-0.143	-0.183	0.0665	-0.079	-0.066	0.2218	0.7665	0.0132	-0.1784	-0.1484	0.2131	0.0645	-0.0738	0.5677	0.0002	0.009	-0.1161	-0.2357	-0.4312	-0.0863	-0.1668	-0.1355	-0.1296	-0.1617	-0.2632	-0.3167	-0.2111	0.0479	0.3008	0.2498	-0.1571	0.3725	0.1527	0.0627	-0.2828	-0.016	-0.0561	-0.2477	-0.0809	-0.0196	-0.1782	-0.0016	-0.1284	-0.377	-0.1815	-0.1094	-0.0673	0.8616	-0.0217	-0.1425	-0.1164	-0.1264	-0.028	0.0702	-0.1245	-0.1922	-0.0532	0.0168	-0.0324	-0.0278	-0.0104	-0.1167	-0.0892	-0.2083	-0.0724	1	0.1252	0.1466	-0.0524	-0.0384	0.127	-0.1574	-0.1518	-0.0639	-0.1481	-0.0641	-0.2078	-0.1025	0.8754	-0.1247	-0.2274	0.0428	-0.1195	0.2233	-0.1786	0.7431	-0.2575	0.041	0.152	-0.0015	0.2305	0.7599	0.1467	-0.1461	0.1705	0.0175	-0.1167	-0.0245	-0.1982	0.8214	-0.1217	-0.0517	-0.1676	0.7908	0.2616	0.0704	0.0103	-0.1522	-0.1976	0.169	0.0557	-0.2025	-0.2094	0.8679	-0.0505	-0.1762	0.0409	0.0609	-0.0429	-0.2216	-0.146	0.0938	-0.0303	0.0013	0.0011	-0.0773	-0.0529	-0.215	0.2658	-0.1841	-0.1767	0.8693	0.0393	0.2673	-0.1439	0.1834	0.0029	-0.0572	0.0791	-0.0685	0.9144	0.0987	-0.0492	-0.1262	-0.2276	0.0471	0.0033	-0.0925	0.0563	-0.053	-0.0749	-0.1937	-0.2209	0.6548	0.0007	-0.0874	0.7637	-0.1312	-0.2614	-0.2772	0.0797	-0.2194	-0.1102	-0.1942	-0.0906	-0.1545	-0.1365	-0.0722	-0.0153	0.0363	-0.1275	-0.2027	0.1149	0.1807	-0.1846	-0.2791	-0.061	-0.1892	-0.3216	0.8428	-0.0183	-0.3833	-0.1242	-0.2714	-0.1192	0.0666	0.0135	0.0028	-0.0829	-0.2558	-0.0025	0.0156	-0.1613	-0.092	-0.0035	-0.1663	-0.1437	-0.1381	-0.1428	0.1751	-0.0847	-0.2375	-0.1443	-0.0291	-0.1289	-0.0602	0.1537	0.0986	-0.0933	-0.2514	-0.2489	-0.0319	0.0591	-0.0332	-0.2027	-0.0121	0.7983	0.1645	0.1253	-0.2624	-0.2708	-0.1302	-0.1193	0.0836	-0.1772	0.0417	-0.101	-0.0958	-0.1126	0.7819	-0.0891	0.3044	-0.3462	0.0763	-0.066	-0.3655	0.004	-0.0831	-0.0029	-0.0946	0.0453	-0.1965	-0.111	-0.1449	0.4585	-0.0122	0.4676	-0.2956	0.0796	-0.2233	-0.0232	-0.2755	0.052	0.1294	0.1666	0.1664	-0.2338	-0.1441	-0.1042	-0.1674	-0.2098	-0.1021	-0.2471	-0.128	0.0084	0.0755	0.082	-0.1643	-0.2732	0.1283	0.0436	-0.2424
Sg_CM32A_26	0.3462	-0.1819	-0.3745	-0.0706	-0.3321	-0.2328	-0.3691	-0.3499	-0.4083	-0.2459	-0.3495	0.0635	0.0477	-0.1867	-0.0767	-0.2273	0.0883	-0.0291	0.1335	-0.0479	0.0175	-0.1089	-0.2459	-0.3045	-0.2645	0.3631	-0.1735	0.0823	0.2068	0.1163	-0.1004	0.0836	-0.351	-0.3617	-0.0509	0.2112	-0.3671	0.1493	-0.3709	-0.2796	-0.1416	0.1458	0.5251	-0.0009	-0.1775	0.1468	-0.1883	0.5922	-0.2167	-0.1393	-0.3492	-0.358	-0.2387	-0.5145	-0.2393	-0.3519	-0.2329	-0.0792	-0.0743	-0.351	0.0821	0.3298	0.015	-0.2732	-0.0088	0.2945	-0.2213	0.3486	-0.3099	-0.2549	0.2534	-0.0606	0.019	0.2487	0.1888	0.0325	-0.1601	-0.5067	0.2287	0.3441	-0.1157	0.3682	-0.3703	0.1177	0.0806	0.124	-0.1443	0.3086	0.0721	0.3655	0.0735	0.1439	-0.2642	0.0645	0.127	0.0122	0.0193	0.5932	-0.2846	-0.0853	0.1868	-0.1157	-0.2181	0.5853	-0.0323	0.053	-0.1645	0.3691	0.6666	-0.0471	-0.166	0.0967	-0.1808	0.4898	-0.0708	0.0212	0.5553	0.5973	-0.2089	-0.2909	0.5861	-0.309	-0.4305	0.1252	1	-0.3385	0.3432	0.5846	0.4274	0.6192	0.0981	-0.4153	0.1618	-0.3792	0.0887	0.3266	0.1303	-0.2091	-0.2887	-0.365	0.4528	0.1379	-0.3817	0.0458	-0.185	-0.3932	0.1314	-0.1499	-0.2962	0.0197	0.0951	-0.347	0.108	-0.0338	0.1382	0.0995	-0.1559	-0.0174	0.2911	0.182	-0.146	0.1354	0.0886	-0.0266	0.293	-0.2269	0.2447	0.2458	0.0677	-0.2432	0.1334	0.1989	0.4744	-0.2169	0.3563	0.2774	0.4729	-0.0648	0.1551	0.1499	-0.0677	0.3783	0.2209	-0.3161	0.1794	-0.0135	0.595	0.0769	-0.3931	0.1477	0.1938	0.1333	0.3601	0.1106	0.5951	0.0601	0.1349	-0.2168	0.0767	0.1016	-0.1122	-0.3246	-0.1123	-0.3199	0.2572	0.2877	-0.4552	-0.0602	0.0485	-0.4185	-0.1292	0.1243	0.4946	-0.4311	0.1007	-0.141	-0.2945	-0.0818	-0.2081	0.1552	-0.0152	0.4344	0.5794	-0.2328	0.1364	0.4902	0.6053	0.0673	-0.2421	-0.1447	-0.2631	-0.1175	0.1602	0.4385	0.2252	0.0225	0.2801	0.1864	0.4555	-0.0248	-0.3361	-0.0632	-0.4042	0.2252	0.1517	0.4914	-0.0417	-0.1377	0.5615	0.4208	-0.2178	-0.0982	-0.0015	-0.2946	0.0258	-0.2043	-0.1774	-0.0837	-0.0103	-0.2213	-0.4787	-0.1141	0.1025	-0.3692	0.0553	-0.4016	0.2221	-0.2133	-0.1027	0.5149	-0.2818	-0.1752	0.1955	0.1159	0.03	-0.0793	0.1629	-0.2896	0.212	-0.0852	-0.12	0.4721	0.24	-0.0063	0.079	0.4244	0.286	0.1221	-0.068	0.2982	-0.0415	-0.2701	-0.4032	-0.1784	0.0994	-0.1147	-0.3442	-0.0471	0.0649	-0.3965	0.301	-0.3756	-0.2167	-0.3094	0.1294	-0.1129	-0.1002	-0.269	-0.1422	-0.329	0.1318	0.4934	-0.0739	0.4001	-0.221	-0.3625	0.4308	-0.1185	0.3591	-0.3159	-0.2833	-0.323	-0.3408	-0.0968	0.0996	0.0772	-0.2178	-0.2382	-0.0541	0.3028
Sg_CM32A_49	-0.3177	0.1353	0.232	0.3413	0.201	0.3976	0.2249	0.4471	0.0812	0.5021	0.3864	-0.1733	0.1288	-0.0956	0.2457	0.0862	-0.2096	0.1703	0.1287	0.1392	-0.157	0.5988	0.5203	0.3192	0.2557	-0.2898	0.2829	0.4522	-0.2234	-0.2938	0.5605	0.0256	0.5551	0.3697	-0.1663	-0.2725	0.2673	-0.2234	0.2957	0.1622	0.0453	-0.311	-0.4702	-0.4284	-0.0672	-0.185	0.3271	-0.5116	0.2218	0.0309	0.1609	0.2438	0.1495	0.3856	0.2528	0.0859	0.535	0.6206	-0.2474	-0.0016	-0.0504	-0.5184	-0.1403	0.4717	0.188	-0.3822	-0.0457	-0.4627	0.4877	0.2445	-0.4049	0.2171	-0.1846	-0.3978	-0.5301	-0.3714	0.0799	0.2754	-0.3931	-0.3124	-0.011	-0.3545	0.3467	-0.1452	-0.0422	0.2345	0.4136	0.0656	-0.0348	-0.2046	0.3106	0.2474	-0.1086	-0.1027	-0.2904	-0.2085	0.2896	-0.3761	0.0906	-0.1403	0.1763	-0.2206	0.4574	-0.1907	-0.1781	0.1736	0.1582	-0.2624	-0.335	0.1981	0.4374	0.0869	0.405	-0.5891	0.274	-0.1779	-0.3901	-0.6107	0.2521	0.2205	-0.5501	0.0285	0.3216	0.1466	-0.3385	1	-0.2157	-0.4304	-0.1847	-0.5534	-0.3557	0.5181	-0.2324	0.2703	0.0676	-0.4715	0.1369	0.1839	0.1895	0.6918	-0.4996	-0.1356	0.4417	-0.0848	-0.1853	0.5001	0.0143	0.218	0.3364	-0.0462	-0.0765	0.3613	0.1067	-0.0203	-0.1739	-0.0684	0.1136	0.1704	-0.4527	-0.0737	0.0254	0.3624	-0.0785	0.2821	-0.0857	0.3663	-0.2615	-0.3469	0.3758	0.02	-0.4227	-0.0361	-0.4304	0.1582	-0.0686	-0.164	-0.2993	0.0174	-0.3661	-0.0315	0.2741	-0.2564	0.0962	0.5424	-0.3838	-0.1896	-0.161	-0.3826	0.4376	0.307	-0.3842	0.45	-0.3108	0.0512	-0.2884	-0.2779	0.0159	0.4271	0.1574	-0.2086	0.2527	0.3832	-0.22	0.0213	-0.3236	-0.1183	0.2188	-0.1308	-0.144	0.5686	0.1024	0.2239	-0.2511	0.3469	-0.0608	0.2166	0.141	0.0689	0.5646	-0.3521	-0.3369	-0.3819	-0.4255	0.1081	-0.3791	-0.5537	-0.4903	-0.0031	0.1813	-0.1423	0.0599	0.0737	-0.3683	-0.506	-0.2617	-0.1217	-0.3382	0.2095	-0.2278	-0.2573	0.3144	-0.0373	0.3347	-0.2928	-0.065	-0.4507	-0.3897	0.0614	-0.424	-0.2577	0.1116	0.1943	-0.1629	0.1054	-0.3601	0.0197	-0.1487	0.2144	-0.2366	0.0977	0.4695	0.4043	0.302	0.2234	0.1951	0.5261	-0.4189	-0.1207	-0.0152	-0.4151	0.5196	-0.1405	-0.3053	-0.4762	0.0743	0.0594	-0.0759	-0.0205	-0.356	0.0174	0.4385	-0.273	-0.4088	-0.1895	-0.1381	-0.3074	-0.0726	0.1903	0.349	0.067	0.01	0.4805	0.1121	0.3021	-0.1854	0.2294	0.1863	-0.1706	0.1186	0.4794	-0.2964	0.4204	0.7175	0.5216	0.3822	-0.0502	0.546	0.0692	0.3351	0.1465	-0.1018	-0.2032	0.1592	-0.0491	0.0566	0.2586	-0.5022	-0.0128	-0.3559	0.3148	0.1044	0.5072	0.2122	0.0274	-0.0388	-0.3758	0.0856	0.577	0.2164	-0.5436
Sg_CM33A_39	0.169	-0.2967	0.0566	-0.2073	-0.0861	-0.0151	-0.2112	-0.0407	-0.3407	-0.0515	-0.1306	0.1139	-0.0386	-0.1788	-0.0985	0.0971	0.0977	-0.0027	-0.0359	-0.1034	-0.1453	-0.1749	-0.1807	-0.1139	-0.2072	-0.0042	-0.1019	-0.0051	0.1833	0.2131	-0.0749	-0.108	-0.0972	-0.3653	-0.0987	0.153	-0.1647	0.0624	-0.1683	-0.0667	-0.1139	-0.0455	0.1487	-0.117	-0.1757	0.0514	-0.0321	0.3041	0.1585	0.1297	-0.0765	-0.2176	-0.1822	-0.1965	0.0221	-0.1067	-0.1724	-0.0431	-0.0166	-0.1093	0.0148	0.1561	0.046	-0.1863	0.0184	0.1602	0.0543	0.0983	-0.1378	-0.2542	0.1765	-0.0378	-0.0785	0.2884	0.0576	0.0347	0.0908	-0.1619	0.1174	0.105	0.0068	0.1385	-0.2329	0.2253	0.3097	0.0404	-0.0717	-0.0122	0.247	0.238	-0.1441	0.1569	-0.2213	0.0417	0.0825	-0.0049	0.0187	0.218	-0.0532	-0.0529	0.1718	0.1277	-0.148	0.2569	0.093	-0.0246	0.0741	0.079	0.1986	0.0529	-0.0341	0.0804	0.0866	0.271	0.0558	-0.0433	0.2561	0.2761	-0.0105	0.0035	0.1844	0.0244	-0.1109	-0.0524	0.3432	-0.2157	1	0.2483	-0.0237	0.2098	-0.0142	-0.2737	-0.0536	-0.1955	-0.0433	0.1639	-0.0199	0.0097	-0.0642	-0.0777	0.1151	0.1005	-0.3897	-0.092	-0.2408	-0.046	0.0081	-0.1563	-0.1374	-0.0836	0.0898	-0.0223	0.024	-0.0379	0.101	0.0057	-0.254	-0.0308	0.1074	0.1004	-0.0209	0.0329	0.033	0.0761	0.0844	-0.1005	0.0913	-0.041	0.1031	0.0143	0.15	-0.0235	0.2824	-0.0059	0.1312	0.328	0.2465	0.1256	-0.0626	0.1	-0.0829	0.23	0.115	-0.0861	0.0558	-0.0568	0.1505	-0.0662	-0.2337	-0.0086	0.1616	-0.0942	0.2971	0.0036	0.3415	0.089	0.143	-0.1792	-0.0151	0.0833	-0.1755	-0.2697	-0.1077	-0.1119	0.1044	0.2616	-0.1743	-0.1237	-0.2271	-0.2633	0.1964	0.1101	0.044	-0.2653	-0.0486	-0.2865	-0.2431	0.0723	-0.2254	-0.053	-0.034	0.2525	0.2192	-0.2243	0.1087	0.0864	0.1931	0.0423	-0.0817	-0.1718	-0.1563	0.12	-0.0426	0.2919	-0.0037	0.0209	0.0266	0.1127	0.1809	0.0351	-0.0341	0.012	-0.3082	0.1581	0.0794	0.108	-0.0198	-0.0049	0.2207	0.1909	-0.2911	-0.1184	0.0344	-0.3133	0.0594	-0.2159	0.0139	-0.1141	0.0514	-0.001	-0.3077	0.0005	0.0532	-0.1349	0.0832	-0.1739	0.1596	-0.1183	0.0487	0.2231	-0.1117	-0.0337	0.1351	0.0648	-0.1149	0.1437	0.0711	-0.2851	0.015	0.0858	-0.2032	0.2189	0.074	-0.0688	-0.0306	0.1448	-0.0538	-0.0185	0.0965	0.0314	-0.021	-0.2159	-0.1392	0.0074	0.0783	-0.1388	-0.2879	-0.0541	-0.0186	-0.2377	0.077	-0.2144	-0.1014	-0.272	0.2333	-0.1406	-0.1692	-0.169	-0.0161	-0.113	0.1767	0.2245	-0.0968	0.0519	-0.0125	-0.2744	0.2795	0.0611	0.1521	-0.247	-0.1229	-0.222	-0.1165	0.0896	0.063	0.2094	0.0226	-0.1837	-0.1586	0.2391
Sg_CM33A_60	0.42	-0.3471	-0.3726	-0.2817	-0.2716	-0.3739	-0.3129	-0.46	-0.4369	-0.304	-0.2668	0.1156	-0.0554	0.0754	-0.1649	-0.3198	0.0491	-0.1242	0.0401	-0.0843	0.0836	-0.3536	-0.4455	-0.2311	-0.2991	0.2412	-0.1292	-0.2311	0.3274	0.2663	-0.2695	0.0979	-0.3931	-0.5125	-0.0412	0.3384	-0.3419	0.2423	-0.2013	-0.1991	-0.0967	0.0136	0.8114	0.1364	-0.0805	0.1494	-0.2539	0.707	-0.1945	-0.2244	-0.4384	-0.3648	-0.2431	-0.4305	-0.354	-0.3395	-0.5065	-0.3545	0.094	-0.1971	0.2235	0.6092	0.1055	-0.3546	-0.1208	0.5714	-0.1519	0.381	-0.4168	-0.3719	0.4076	-0.0796	0.1534	0.258	0.218	0.2525	-0.2102	-0.4259	0.367	0.5167	-0.0157	0.454	-0.4154	0.1507	0.1723	0.0449	-0.173	0.1218	0.0314	0.3972	-0.2349	0.0316	-0.183	-0.0107	0.2867	0.2047	0.104	0.3796	-0.3312	-0.0322	-0.0014	0.0082	-0.4364	0.4708	0.1847	-0.049	-0.1621	0.3185	0.6143	-0.1652	-0.3224	0.1974	-0.331	0.671	-0.2053	0.2032	0.4936	0.6172	-0.3715	-0.3767	0.736	-0.1981	-0.4512	-0.0384	0.5846	-0.4304	0.2483	1	0.2083	0.7048	0.06	-0.6454	0.2448	-0.2207	-0.1295	0.3307	-0.0208	-0.3157	-0.1881	-0.4971	0.573	0.1531	-0.5131	0.0998	0.0551	-0.462	0.1322	0.2092	-0.2068	0.1342	0.1703	-0.3566	-0.0046	0.138	0.1422	0.1373	-0.3174	-0.0738	0.2371	0.1199	0.2014	-0.0902	0.2877	-0.4143	0.1701	0.0501	0.4017	0.3547	-0.178	-0.1138	0.2222	0.1283	0.524	-0.278	0.2399	0.2056	0.6714	-0.0276	0.1729	0.0622	-0.1481	0.417	-0.1469	-0.3751	0.4399	0.0919	0.489	0.2602	-0.5999	-0.1109	0.1435	-0.2928	0.3386	0.1417	0.4205	0.0129	0.0885	-0.4305	-0.0304	0.2645	0.1977	-0.4894	0.0266	-0.1903	0.4219	0.2582	-0.3842	-0.1695	0.0156	-0.526	-0.1287	0.1055	0.3529	-0.5332	0.0617	-0.278	-0.4303	-0.1229	-0.488	0.2102	0.0702	0.3558	0.686	-0.1666	0.3708	0.5985	0.6582	0.0597	-0.2667	-0.1105	-0.0776	0.0311	0.1454	0.4655	0.2816	0.2454	0.4506	0.008	0.1853	-0.1488	-0.3656	-0.1607	-0.4024	0.1761	-0.1044	0.6428	-0.0413	-0.2082	0.6059	0.5346	-0.2429	-0.2583	0.1033	-0.2512	0.21	-0.2652	-0.0405	-0.1132	0.1907	-0.3102	-0.6085	-0.4369	-0.1111	-0.2192	-0.0215	-0.3821	0.2415	0.005	-0.097	0.6961	-0.4463	-0.12	0.2554	0.1852	0.0042	0.0646	0.2277	-0.0754	0.1948	-0.0758	-0.395	0.3776	0.5095	0.0794	0.04	0.2618	0.2874	0.0199	-0.3323	0.0664	-0.1703	-0.5004	-0.2611	-0.3196	0.1628	-0.1811	-0.4427	0.0115	0.0894	-0.6202	0.4281	-0.3909	-0.4592	-0.5791	-0.1723	-0.1777	-0.3895	-0.2434	-0.3778	-0.3415	0.1297	0.3253	-0.3169	0.2081	-0.1833	-0.3334	0.4109	-0.1363	0.5252	-0.4208	-0.275	-0.4491	-0.163	-0.1341	0.1353	0.2399	-0.3108	-0.5604	-0.1706	0.5266
Sg_CM33A_9	0.2025	0.0388	-0.1814	0.0551	-0.1642	-0.1562	-0.2815	-0.2106	-0.1807	-0.0913	-0.2045	-0.0655	0.2025	-0.2202	0.1373	-0.0775	-0.0189	-0.0063	0.0598	0.1155	-0.0325	0.115	-0.0282	-0.1929	-0.152	0.6017	-0.1758	0.1406	-0.0335	-0.0016	-0.1063	0.2393	-0.2247	-0.1015	-0.1423	-0.0801	-0.3711	-0.0983	-0.3637	-0.1398	-0.0492	0.2891	0.2666	-0.224	0.0615	0.1298	-0.1746	0.3731	-0.221	-0.0952	-0.2195	-0.3334	-0.0651	-0.2785	-0.1903	-0.2883	-0.1692	-0.0405	-0.0213	-0.186	-0.0667	0.0678	0.136	-0.2344	0.0066	0.0122	-0.2679	0.5172	-0.1648	-0.2223	0.2791	0.1982	0.0016	0.0762	0.1334	0.1926	-0.1184	-0.3178	0.2968	0.0049	-0.0125	0.1561	-0.2338	0.276	-0.0242	-0.1063	-0.0131	0.4916	-0.0838	0.2697	0.4146	0.178	-0.2167	0.0399	-0.0662	-0.1651	0.1917	0.3756	-0.169	-0.2778	0.2088	-0.2921	0.014	0.4542	-0.1708	0.1658	-0.2335	0.1465	0.4866	-0.0162	-0.0018	0.02	0.0289	0.284	-0.1453	-0.1466	0.2316	0.4206	-0.0611	-0.156	0.4331	-0.3269	-0.328	0.127	0.4274	-0.1847	-0.0237	0.2083	1	0.3721	-0.0029	-0.1349	-0.162	-0.3511	0.3209	0.5288	0.2402	-0.0957	-0.2071	-0.2842	0.2123	0.0643	-0.2197	0.0839	-0.1369	-0.4115	0.0059	-0.2269	-0.382	0.0029	-0.0935	-0.1358	0.0453	0.0646	0.0475	0.1742	0.1529	0.044	0.4535	-0.0478	-0.115	0.1166	0.0694	-0.0415	0.1764	-0.3083	0.2646	0.0576	0.2215	-0.2027	0.2702	0.1717	0.216	-0.0768	0.3052	0.0576	0.4628	-0.2576	0.082	0.1389	-0.104	0.4186	0.1599	-0.3428	0.3128	-0.1471	0.4917	-0.105	-0.0151	0.1318	0.2539	0.3695	0.158	0.0204	0.1737	0.0331	0.0698	-0.2523	0.0893	-0.1191	-0.2351	-0.1373	0.0915	-0.3376	0.3819	0.2185	-0.3528	-0.1248	0.1806	-0.1497	0.0075	0.1254	0.361	-0.2	0.0725	-0.2013	-0.16	-0.1073	0.0458	0.2107	-0.0577	0.2299	0.0748	-0.1924	0.2465	0.2908	0.497	0.0243	-0.1556	0.0695	-0.0309	-0.1597	0.1675	0.2195	0.0795	-0.1007	0.3997	0.1134	0.4345	-0.0115	-0.1713	-0.0502	-0.3196	0.3638	-0.0825	0.4216	-0.0763	-0.0854	0.3851	0.0901	0.0339	0.0362	-0.1547	-0.0928	-0.1657	-0.2539	-0.1537	0.2867	-0.0419	-0.0216	-0.2784	-0.1598	0.3285	-0.3215	0.0251	-0.1718	0.4027	-0.2281	-0.1036	0.146	-0.0893	-0.1688	0.3754	0.4064	0.1236	0.0656	0.0113	-0.1677	-0.0248	0.0841	-0.0149	0.5135	0.1033	-0.1662	-0.1056	0.2222	-0.1163	0.2	-0.1147	0.3862	-0.1506	0.1777	-0.4844	-0.0741	-0.1432	0.0543	-0.1306	0.0003	0.0448	-0.1277	0.3388	-0.1608	-0.0396	-0.0436	0.14	-0.1179	0.1119	-0.1444	0.0609	-0.1308	-0.1266	0.3904	0.1836	0.3376	-0.1561	-0.0606	0.2628	-0.0159	0.1512	-0.2684	-0.173	-0.1358	-0.2375	0.0727	-0.0213	0.2152	-0.1149	-0.0181	0.0112	0.1575
Sg_CM35A_15	0.3774	-0.0878	-0.3327	-0.2953	-0.3231	-0.5459	-0.3309	-0.5831	-0.269	-0.4157	-0.3337	0.0874	-0.0229	0.1063	-0.2818	-0.3363	0.0588	-0.0905	-0.087	-0.1484	0.1548	-0.3241	-0.5203	-0.2971	-0.3252	0.4229	-0.1775	-0.2174	0.2335	0.2598	-0.4239	0.0746	-0.5524	-0.3756	0.0916	0.235	-0.2734	0.263	-0.2675	-0.4016	-0.0288	0.3817	0.6809	0.2458	-0.0228	0.0915	-0.4329	0.7851	-0.3748	-0.2757	-0.3167	-0.3285	-0.3371	-0.5185	-0.4627	-0.2656	-0.3746	-0.4094	0.1281	-0.0966	0.0919	0.4989	0.2557	-0.4093	-0.2358	0.4389	-0.223	0.5198	-0.4052	-0.3468	0.4256	-0.1583	0.1715	0.427	0.3472	0.2743	-0.059	-0.4442	0.3876	0.517	-0.1812	0.5138	-0.3142	0.294	0.0366	-0.0848	-0.2036	0.1281	0.1511	0.401	-0.1727	-0.1965	-0.044	-0.0562	0.335	0.0918	0.2338	0.4656	-0.3802	-0.0723	-0.1312	0.0596	-0.4062	0.59	0.153	-0.1242	-0.3022	0.3986	0.6499	-0.1866	-0.5125	0.0086	-0.3594	0.6921	-0.379	0.1674	0.5379	0.7632	-0.4835	-0.4591	0.8223	-0.2681	-0.4894	-0.1574	0.6192	-0.5534	0.2098	0.7048	0.3721	1	0.21	-0.5941	0.3405	-0.2544	0.2227	0.4086	-0.1429	-0.4413	-0.1213	-0.6158	0.7049	0.0789	-0.3676	-0.0528	0.0904	-0.4983	0.0699	0.1487	-0.3083	-0.0238	0.0512	-0.5444	-0.0801	0.0937	0.0675	0.0017	-0.0526	-0.1724	0.4008	0.16	0.1463	-0.2049	0.1741	-0.3383	0.1153	-0.0285	0.4134	0.3957	-0.2932	-0.018	0.2833	0.0216	0.5614	-0.3537	0.2896	0.1379	0.5226	-0.1599	0.2226	-0.0002	-0.1947	0.3319	0.0106	-0.5482	0.4498	0.0851	0.5442	0.3857	-0.4243	-0.1564	0.1978	-0.3188	0.2749	0.0362	0.4627	0.1684	0.0125	-0.3231	-0.1662	0.2558	0.1343	-0.3147	0.1499	-0.1967	0.4566	0.1915	-0.4315	-0.1725	0.0433	-0.4647	-0.1168	-0.038	0.5113	-0.3643	-0.0688	-0.1848	-0.2209	-0.1355	-0.4285	0.3627	0.1819	0.4614	0.7236	-0.0717	0.393	0.7557	0.7346	0.0361	-0.22	0.033	-0.012	-0.0585	0.2186	0.6708	0.2305	0.1546	0.4946	-0.0665	0.3764	0.0069	-0.543	-0.2264	-0.2513	0.2064	-0.2074	0.6791	0.2042	-0.3283	0.7426	0.4832	-0.1027	-0.0663	0.1479	-0.1759	0.2805	-0.1328	0.0428	-0.1381	0.1757	-0.2694	-0.4722	-0.3227	-0.1428	-0.2551	-0.0533	-0.3554	0.2492	-0.0097	-0.2202	0.7279	-0.4183	-0.1162	0.3933	0.2941	-0.1276	-0.0602	0.1374	-0.022	0.3416	-0.2401	-0.398	0.4745	0.5218	0.1522	0.1895	0.4524	0.321	-0.0337	-0.4191	0.0179	-0.0064	-0.5428	-0.2993	-0.2204	0.1881	-0.146	-0.3199	0.101	-0.0254	-0.4658	0.4048	-0.3915	-0.582	-0.4087	-0.2204	-0.0727	-0.3792	-0.1986	-0.3959	-0.4003	0.1642	0.3476	-0.3039	0.1636	-0.2516	-0.3941	0.436	-0.2099	0.6034	-0.2687	-0.1953	-0.382	-0.0765	-0.3307	0.0803	0.2255	-0.3392	-0.4359	-0.121	0.4393
Sg_D02_31	-0.0475	0.0344	-0.1613	-0.2058	-0.2326	-0.205	-0.1377	-0.0853	0.055	-0.1584	-0.0791	0.0267	-0.052	0.0018	-0.1941	-0.0268	0.1175	-0.1841	-0.1368	-0.1224	0.3168	-0.2359	-0.2657	-0.1248	0.0681	0.217	-0.0268	-0.1785	0.0922	0.0906	-0.1781	-0.1104	-0.2624	0.023	0.2925	-0.0123	0.0087	0.0781	-0.0539	-0.2566	-0.2188	0.2011	0.1481	0.3918	0.1157	-0.2123	-0.2865	0.1163	-0.1605	0.0278	-0.0507	-0.1184	-0.0485	-0.1376	0.0185	0.0936	-0.1865	-0.238	0.2203	0.1594	-0.2419	0.1413	0.0742	-0.3482	-0.2092	-0.0179	0.3142	0.1943	-0.2215	0.0319	0.1782	-0.2988	0.0122	0.1925	0.3069	0.2454	-0.0502	-0.0094	0.1744	0.0128	-0.0595	0.1318	-0.0453	0.1762	0.058	0.0035	-0.1543	-0.1539	0.0626	-0.1437	0.029	-0.1878	0.2642	-0.1379	0.007	0.1088	0.0988	0.0824	-0.0255	-0.0663	0.0264	0.2018	-0.15	0.1101	0.0266	-0.1451	-0.031	0.17	0.0975	-0.1467	-0.1781	-0.1279	-0.1276	0.2849	-0.1599	-0.023	0.1787	0.21	0.1192	0.0572	0.1692	0.3118	-0.0189	-0.1518	0.0981	-0.3557	-0.0142	0.06	-0.0029	0.21	1	-0.0484	0.1247	-0.2308	0.286	0.1237	-0.2752	-0.0151	-0.0641	-0.318	0.3449	-0.2843	-0.0321	-0.1869	0.1297	-0.1122	-0.2678	-0.1156	-0.2722	-0.1099	-0.3426	-0.1448	-0.3789	0.0713	-0.0612	0.1136	-0.0161	-0.1099	0.3331	0.1348	0.2509	-0.2451	-0.0214	-0.0971	-0.254	-0.1543	-0.0207	0.0615	-0.3348	0.1648	0.2478	-0.1479	0.327	-0.0622	0.2427	-0.1467	-0.0387	-0.0828	0.0015	-0.2276	-0.1298	0.0108	-0.2047	-0.1931	0.3438	0.0051	-0.1586	0.1797	-0.1273	-0.1409	0.2249	-0.2272	-0.0451	-0.3911	0.0646	0.4264	-0.3063	-0.2216	-0.201	0.0999	-0.0294	-0.0109	0.1456	0.0923	0.0879	-0.0831	-0.0632	0.628	0.1562	0.0249	-0.0402	-0.2518	0.0706	-0.0079	-0.103	-0.1154	0.1781	-0.034	-0.177	0.397	0.5833	0.1305	0.1745	0.242	0.2135	0.2706	0.1682	-0.2526	0.115	0.0855	0.2353	-0.0577	0.8093	0.1521	-0.0855	-0.1876	0.16	-0.1621	0.1913	0.362	-0.1008	0.0231	-0.095	0.0042	0.1263	0.312	0.4653	-0.0268	0.1591	0.0066	0.2008	-0.0645	0.0624	-0.0825	0.3372	0.0267	0.4365	0.0331	0.0724	-0.0115	-0.0404	-0.151	-0.1255	-0.2127	-0.4178	-0.1535	0.3656	0.1555	0.0681	0.0281	-0.1785	0.3317	0.1508	0.2246	-0.1833	-0.216	-0.2411	0.098	0.4629	-0.0895	-0.1192	0.1166	0.2811	0.0785	0.0078	0.075	0.0375	-0.0795	-0.0569	-0.2671	0.1642	-0.1908	-0.0764	-0.0831	0.0849	0.0357	-0.0717	0.5524	-0.3506	-0.1171	-0.048	-0.2394	-0.2956	-0.0775	-0.1986	0.231	-0.4053	-0.0621	-0.1276	0.0621	-0.0252	-0.1382	-0.1566	0.0227	0.1013	0.031	0.1097	-0.18	0.1284	0.0488	0.4547	0.0798	-0.0804	-0.1419	-0.2713	-0.0323	0.0201	-0.2455	0.0925	0.099
Sg_D02_32	-0.6357	0.3558	0.4951	0.617	0.4112	0.3534	0.3568	0.4561	0.4746	0.3575	0.3492	-0.5392	-0.1021	0.0086	-0.112	0.1837	0.1641	0.3161	-0.131	-0.0017	0.0782	0.6286	0.7257	0.2937	0.5456	-0.0699	0.3082	0.4528	-0.4758	-0.5441	0.6632	0.1228	0.6256	0.7298	0.137	-0.6176	0.5954	-0.6406	0.2631	0.2669	-0.1563	-0.059	-0.7037	-0.0961	0.1331	-0.1919	0.3703	-0.6053	0.1365	0.2111	0.3634	0.3265	0.2482	0.5232	0.3224	0.2743	0.7158	0.5343	-0.0031	0.2243	-0.2415	-0.5614	-0.3077	0.3973	0.0334	-0.4752	0.2273	-0.3667	0.5095	0.6067	-0.6217	-0.0027	-0.043	-0.2977	-0.4657	-0.488	0.3843	0.463	-0.4554	-0.3165	-0.0085	-0.3442	0.6689	-0.0239	-0.1412	0.2956	0.3078	-0.0511	0.1847	-0.4055	0.4703	0.0565	0.2664	-0.1545	-0.4581	-0.2545	0.1286	-0.1641	0.3344	-0.109	0.1588	-0.0833	0.6122	-0.1982	-0.6109	-0.0185	0.1251	-0.151	-0.4455	-0.0181	0.4932	-0.3268	0.3149	-0.6327	0.199	-0.5943	-0.2988	-0.6729	0.2414	0.2987	-0.6279	0.3345	0.5001	-0.0639	-0.4153	0.5181	-0.2737	-0.6454	-0.1349	-0.5941	-0.0484	1	-0.2453	0.3282	0.4088	-0.5366	-0.1003	0.2498	0.3414	0.7226	-0.5607	-0.2602	0.6493	-0.1722	0.1515	0.4715	-0.1573	-0.2155	0.2684	-0.1722	-0.2976	0.2531	0.1253	-0.1102	-0.1574	-0.2229	0.477	-0.0415	-0.2679	-0.3572	0.0659	-0.0137	-0.465	0.4873	-0.2582	-0.0717	-0.3446	-0.5255	0.095	0.3926	-0.4077	-0.2263	-0.5618	0.1539	-0.0041	-0.315	-0.5631	0.1062	-0.245	-0.355	0.2391	-0.3447	0.2004	0.414	-0.5414	-0.243	-0.5032	-0.1783	0.6776	-0.0508	-0.4199	0.4905	-0.5105	-0.1601	-0.3931	-0.0415	-0.0912	0.6276	-0.0542	-0.6557	-0.1584	0.6891	0.0155	0.193	-0.4839	-0.223	0.2198	0.3366	0.2986	0.7886	0.1737	-0.1503	-0.1313	0.6495	-0.144	0.5541	0.6304	0.0301	0.773	-0.1526	-0.0607	-0.3314	-0.5763	0.373	-0.5943	-0.528	-0.6289	-0.1314	0.4761	0.1168	0.1317	-0.3912	-0.0365	-0.3903	-0.3107	-0.3093	-0.3339	-0.1393	-0.0318	0.063	0.2816	0.1737	0.5229	-0.3166	-0.0789	-0.5717	-0.1116	0.1706	-0.4986	-0.5988	0.3449	-0.0163	-0.5625	0.3841	0.0027	0.3399	0.1177	0.1942	-0.3512	0.288	0.8029	0.3438	0.4278	0.3698	0.0602	0.4671	-0.2922	0.1806	0.1029	-0.6616	0.716	0.2097	-0.276	-0.4435	-0.0671	-0.1884	-0.294	0.0557	-0.2067	-0.0928	0.7025	-0.3135	-0.4891	-0.5577	-0.0008	-0.1143	-0.2159	-0.0675	0.4418	0.0164	0.3103	0.7541	0.3024	0.6375	-0.5915	0.3759	0.5554	0.001	-0.0131	0.7952	-0.3791	0.6348	0.3661	0.8512	0.214	0.2049	0.651	0.4313	0.3632	0.1845	-0.5169	-0.2621	0.4662	0.0466	0.2363	0.5074	-0.5908	0.03	-0.5128	0.6548	0.4316	0.5184	0.1582	-0.0579	-0.1727	-0.3845	0.1654	0.7755	0.3497	-0.5602
Sg_D02_44	0.2557	-0.0802	-0.1966	-0.1421	0.0146	-0.3265	-0.0132	-0.2925	-0.0013	-0.212	-0.1966	0.1659	-0.1452	0.078	-0.1635	-0.2209	0.2178	0.0354	-0.1438	-0.154	0.273	-0.2372	-0.2086	-0.0081	-0.0823	-0.006	-0.1792	-0.0765	0.1016	0.2924	-0.278	-0.0282	-0.2414	-0.0414	0.2229	0.3308	-0.0681	0.3105	-0.0113	-0.1556	0.1548	0.1078	0.142	0.3681	0.0662	-0.0299	-0.344	0.0553	-0.3041	-0.1536	-0.2645	-0.1385	-0.0311	-0.1642	-0.2211	-0.0377	-0.154	-0.2197	0.1265	0.0934	0.1607	0.1044	0.1797	-0.1166	-0.1569	0.2331	0.1837	-0.0473	-0.2289	-0.1209	0.1177	-0.2434	-0.0249	0.1111	0.1919	0.1042	-0.0742	-0.0583	0.1511	0.1979	-0.0773	-0.0501	0.0507	0.1299	0.066	0.0757	-0.1468	-0.0915	-0.1088	-0.0991	-0.2743	-0.0945	-0.1302	-0.0821	0.1819	-0.0123	-0.1098	0.028	-0.199	0.0891	-0.1579	0.031	-0.2397	0.0534	0.2573	-0.1864	-0.1219	0.1627	0.0883	0.0128	-0.2612	0.1368	-0.1881	0.2013	-0.088	0.3338	0.0113	0.1321	-0.261	-0.2572	0.1575	0.2063	-0.0814	-0.1481	0.1618	-0.2324	-0.0536	0.2448	-0.162	0.3405	0.1247	-0.2453	1	-0.0053	-0.0997	0.0482	-0.179	-0.2923	-0.0171	-0.2258	0.2749	-0.0231	-0.0148	-0.0858	0.2987	-0.0684	0.0735	-0.0302	0.082	-0.0947	0.1395	-0.2987	-0.0102	-0.115	0.0155	-0.1131	-0.0571	-0.1397	0.0541	0.2999	0.1659	-0.096	0.104	-0.0393	-0.0744	-0.0716	0.1157	0.3002	-0.3301	-0.0951	0.1373	-0.1027	0.2068	-0.2262	0.0716	0.0557	-0.0976	0.0225	0.0554	0.0388	-0.2795	-0.0183	-0.0523	-0.008	0.1443	0.0661	-0.0861	0.2402	-0.1606	-0.168	0.1898	-0.3179	0.1759	0.0642	0.2139	0.1771	0.0402	0.1404	-0.1726	0.298	0.0581	-0.052	0.0726	0.0778	0.1193	-0.1257	-0.1561	-0.076	0.0193	-0.1278	-0.1418	-0.1132	0.0818	-0.0747	-0.0988	0.0817	0.0488	-0.1308	-0.2774	0.1365	0.187	0.3401	0.2898	-0.0567	0.1374	0.2228	0.1014	0.095	-0.1459	-0.1147	0.1138	0.1521	0.0273	0.3098	0.2001	0.0969	0.087	-0.218	-0.0359	-0.0628	-0.3149	-0.2294	0.0896	0.1031	0.0429	0.0221	0.2645	-0.1602	0.2119	0.0585	-0.1341	0.0754	0.2372	-0.1493	0.3214	-0.1152	0.1638	-0.0576	0.0427	-0.1683	-0.0717	0.0511	-0.184	-0.1108	-0.0239	-0.1839	-0.037	0.1168	-0.2073	0.1335	-0.193	0.1171	0.0023	0.0334	-0.109	-0.2689	0.0779	0.1809	0.3822	-0.1196	-0.1788	-0.1412	0.2705	0.2973	0.1346	0.0325	0.216	-0.1475	-0.2452	-0.0931	0.031	-0.33	0.121	-0.1462	0.3033	-0.0857	-0.0522	0.0301	0.0471	-0.1384	0.0686	-0.2314	-0.2919	-0.1008	-0.1267	0.1482	-0.2213	-0.1448	-0.2757	-0.1576	0.3003	0.0663	-0.2466	0.0497	-0.0163	-0.2507	0.1245	-0.0673	0.1728	-0.0241	-0.0753	-0.1737	-0.0175	-0.2801	0.1257	0.1256	-0.2435	-0.2322	-0.0061	0.0594
Sg_D02_9	-0.2759	0.4559	0.2819	0.0577	0.1981	-0.2936	0.3574	-0.2329	0.3632	0.242	0.5565	-0.3501	0.0055	0.4308	-0.4351	0.0054	-0.0677	0.4716	-0.0357	0.1386	-0.0109	0.132	0.0655	0.3846	0.1656	-0.1515	0.233	-0.1904	-0.4727	-0.294	-0.0015	-0.2215	0.1062	0.5152	0.1031	-0.3108	0.5255	-0.0861	0.422	-0.1562	-0.1842	-0.3128	-0.1359	0.0208	0.4659	-0.4503	-0.1912	-0.324	-0.3719	-0.4168	-0.1589	0.3959	-0.1294	0.5282	-0.2678	0.3933	0.235	-0.0145	0.1239	0.3589	0.3576	-0.1765	-0.1495	0.2316	-0.0475	0.0704	0.363	-0.2354	0.365	0.3522	-0.0457	0.1266	0.5788	-0.2125	-0.0465	0.0448	0.2561	0.5815	0.0366	-0.1245	-0.4305	-0.1129	0.6318	-0.1519	0.0607	-0.0759	0.1901	0.0799	0.0084	-0.0629	-0.0151	-0.2721	0.2858	-0.5844	-0.2553	-0.2855	-0.0251	-0.2971	-0.3356	-0.2571	-0.4079	-0.2293	0.0592	-0.3073	-0.1764	0.0799	-0.4043	0.0088	-0.592	-0.2592	-0.2458	-0.1412	-0.3311	-0.2226	-0.4166	-0.0565	-0.333	-0.4011	-0.2537	-0.4191	-0.3432	0.3796	0.5548	-0.0641	-0.3792	0.2703	-0.1955	-0.2207	-0.3511	-0.2544	-0.2308	0.3282	-0.0053	1	0.0604	-0.3626	0.0033	-0.3653	0.4823	0.2264	-0.2404	0.1813	0.5272	0.0562	0.2156	0.6072	0.3575	0.4979	0.4358	0.0289	0.2921	-0.3126	0.3504	0.065	-0.2285	-0.5447	-0.0616	0.1086	-0.1184	-0.2467	0.1256	-0.1617	-0.1303	-0.1734	-0.3293	0.4114	-0.099	-0.0884	-0.4262	0.3045	-0.0316	-0.092	-0.1747	-0.4368	-0.1376	0.0177	-0.33	-0.0131	-0.1865	-0.4948	-0.1362	-0.3456	0.0004	0.0766	-0.0568	-0.1984	-0.4833	0.0445	0.3597	-0.1427	-0.194	-0.2174	-0.4511	0.419	-0.4447	-0.0983	0.2778	0.302	0.0423	-0.0476	0.5066	0.6199	0.0115	0.2615	0.0265	-0.5904	0.1437	-0.0842	0.2988	0.2854	0.1832	-0.1087	-0.2888	0.628	0.0506	0.5066	0.5309	-0.4866	0.0696	-0.0116	0.0817	-0.2992	-0.2597	0.4059	0.0071	-0.176	-0.4297	0.4001	0.4868	0.465	0.2363	-0.1042	-0.2653	-0.3475	-0.1988	-0.2872	-0.001	-0.1397	-0.3691	0.1326	-0.277	-0.4723	0.6987	0.0309	-0.194	-0.2735	-0.0916	-0.4471	-0.1797	-0.3312	0.1385	-0.0128	-0.1097	0.3389	0.0293	0.2348	0.0336	-0.0194	-0.1794	0.1942	0.6231	0.0626	-0.0482	0.604	0.379	0.6183	-0.2947	0.2841	-0.4402	-0.2875	0.165	0.0282	-0.0278	-0.2605	0.0782	-0.0742	0.3002	0.2925	-0.1791	-0.4288	0.2774	-0.4811	-0.2396	0.0045	0.4463	-0.0422	-0.0453	-0.0549	-0.303	0.0718	0.4208	0.0888	0.4326	0.2497	-0.0541	0.4701	0.5897	-0.2058	0.3836	0.5342	-0.1822	0.4937	-0.0849	0.3079	-0.2128	0.137	0.2966	0.4529	0.2164	-0.325	-0.2559	-0.2194	-0.1181	-0.266	-0.2467	0.1265	-0.481	-0.3698	-0.1421	0.6298	0.102	0.3106	0.6866	-0.5719	0.3382	-0.0421	-0.3911	0.1338	-0.0713	-0.3388
Sg_D03_75	-0.3467	0.4909	0.1772	0.3017	0.0139	-0.1378	-0.0266	-0.0268	0.289	0.0755	0.0642	-0.4806	-0.0596	0.171	-0.3678	0.036	0.2794	0.3528	-0.2309	-0.0908	0.3781	0.3312	0.1783	0.0531	0.2245	0.4777	0.1403	0.1754	-0.3455	-0.3532	0.1817	0.074	0.0544	0.447	0.315	-0.4369	0.3581	-0.3889	-0.0988	-0.1411	-0.2043	0.2528	-0.0868	0.0353	0.2185	-0.3515	-0.1272	0.1218	-0.2279	-0.1074	0.1257	-0.0685	-0.144	0.0516	-0.1058	0.0932	0.2399	0.1258	0.0166	0.2619	-0.3188	-0.2726	-0.0873	-0.0316	-0.2378	-0.1625	0.0059	0.2797	0.0844	0.2541	-0.1333	-0.1048	0.1783	0.121	-0.0854	-0.0517	0.3245	0.1295	-0.05	0.1123	-0.2908	0.0411	0.3875	0.3439	-0.1492	0.219	0.1166	0.0766	0.2821	-0.1666	0.4245	-0.2111	0.3523	-0.3633	-0.3379	-0.3223	0.4899	0.0966	-0.0524	-0.3007	-0.0298	-0.0216	0.2346	0.4645	-0.4174	-0.1151	-0.249	0.1408	0.0769	-0.2279	-0.0519	-0.4088	0.0325	0.0652	-0.1626	-0.4264	0.2245	0.1577	-0.0394	-0.093	0.0416	0.064	0.1065	-0.2078	0.0887	0.0676	-0.0433	-0.1295	0.3209	0.2227	0.286	0.4088	-0.0997	0.0604	1	-0.0629	-0.2651	-0.1919	0.341	0.062	0.0726	-0.3234	0.3855	-0.2885	0.2041	0.1067	-0.2166	-0.0972	-0.1562	-0.2493	-0.4086	-0.1952	-0.1419	0.0676	-0.1775	-0.204	0.5151	-0.1747	0.2864	-0.2774	0.2575	-0.2182	-0.329	0.1625	-0.2439	-0.0382	0.0144	-0.2687	-0.2356	0.44	-0.009	-0.2717	-0.0496	-0.1612	0.2931	-0.2671	-0.0966	-0.0946	-0.131	-0.4467	-0.0289	-0.0414	0.0014	-0.1607	0.0112	-0.2251	-0.0113	0.2421	0.3688	-0.1631	-0.1298	0.1838	-0.3705	-0.2821	0.0026	0.1701	-0.2266	0.264	-0.2626	-0.3846	0.0156	0.4926	0.2045	-0.0929	0.0159	-0.1314	-0.2295	0.2718	0.4183	0.3475	0.2351	-0.2723	0.4071	0.3901	-0.2726	0.2598	0.5534	-0.0761	0.3979	0.2812	0.2707	-0.0326	0.0773	0.297	-0.1547	0.2365	0.0761	-0.2017	0.3429	0.317	0.1844	-0.4537	0.2526	0.1703	-0.1934	-0.2026	0.133	-0.163	0.4346	0.251	-0.1485	-0.0176	0.2527	-0.0679	-0.1764	0.0654	0.2067	-0.0958	0.2266	-0.2063	0.4525	-0.021	-0.3939	0.348	0.2152	0.2027	0.2555	0.1253	-0.2407	0.1745	0.3927	-0.0639	0.3308	0.131	-0.1676	0.2177	0.0603	0.2012	-0.1483	-0.0466	0.3631	0.109	0.2085	-0.0449	-0.2313	-0.1812	-0.3166	0.1155	0.023	-0.2729	0.4002	0.1554	-0.0074	-0.3442	0.1194	0.2405	-0.061	-0.0664	-0.0191	-0.0136	0.3397	0.2879	-0.0278	0.4624	-0.388	0.3579	0.3158	0.3368	-0.1923	0.4803	-0.1063	0.4088	-0.0793	0.4801	-0.0477	0.2662	0.2396	0.3731	0.0217	-0.1675	-0.428	-0.0053	0.1679	0.0167	0.0141	0.1455	-0.2654	-0.1987	0.0219	0.3885	0.4618	0.3982	0.1702	-0.4269	-0.2777	-0.1066	-0.1161	0.3196	0.2407	-0.163
Sg_D03_78	0.4082	-0.037	-0.4331	-0.2467	-0.2156	-0.2707	-0.4426	-0.2942	-0.2657	-0.3115	-0.2127	0.2643	-0.1189	-0.2011	0.1983	-0.0574	-0.1758	-0.2167	-0.1917	-0.1707	-0.0333	-0.3788	-0.4409	-0.4466	-0.2012	0.4106	-0.5491	-0.112	0.324	0.2641	-0.4596	-0.0884	-0.4493	-0.3589	-0.0935	0.256	-0.4389	0.2513	-0.5161	-0.1623	0.171	0.2613	0.5095	-0.1055	0.1408	0.2221	-0.3179	0.3425	-0.1773	-0.0344	-0.2281	-0.4464	-0.1447	-0.5366	-0.2162	-0.2721	-0.4797	-0.4643	0.0577	-0.1591	0.0046	0.4216	0.3097	-0.4269	-0.1784	0.1147	0.0019	0.5064	-0.4821	-0.4596	0.7706	-0.0917	-0.0502	0.2234	0.4076	0.6646	-0.1243	-0.4475	0.5506	-0.0345	0.0448	0.094	-0.3529	0.1994	0.2555	-0.2556	-0.5107	0.3186	-0.237	0.2207	-0.0915	0.2221	-0.2307	0.1854	0.1474	0.0783	-0.1776	0.3213	-0.1809	-0.16	0.2218	-0.0453	-0.1851	0.3394	0.2177	-0.1399	-0.1564	0.2181	0.3845	-0.066	-0.2238	0.1738	-0.0245	0.4702	-0.1485	0.1808	0.0952	0.5659	-0.1124	-0.0914	0.4805	-0.0969	-0.4451	-0.1025	0.3266	-0.4715	0.1639	0.3307	0.5288	0.4086	0.1237	-0.5366	0.0482	-0.3626	-0.0629	1	0.0362	-0.113	-0.1505	-0.5317	0.3739	0.2408	-0.3869	-0.1093	-0.0464	-0.5261	0.0434	-0.2369	-0.5404	-0.1829	0.0197	-0.1294	-0.0491	-0.1096	0.3055	0.3239	-0.04	-0.2051	0.6647	0.1754	-0.0285	-0.1074	0.0813	-0.1992	0.2836	-0.313	0.3503	0.2232	0.1463	-0.3758	0.7269	-0.054	0.4106	-0.06	0.2008	0.198	0.5922	-0.163	0.2796	0.2804	-0.2148	0.3662	-0.0864	-0.3283	0.6838	0.0304	0.346	0.1197	-0.3052	-0.1525	0.6643	-0.0446	0.4947	0.0453	0.1721	0.1568	0.1038	-0.4322	-0.1772	0.1927	-0.2522	-0.3959	0.0109	-0.2948	0.5269	0.3798	-0.3952	-0.2038	0.0489	-0.3419	-0.0539	-0.0227	0.0693	-0.3829	-0.0812	-0.4618	-0.2726	-0.0624	-0.4488	0.277	0.0371	0.3393	0.22	-0.31	0.6862	0.3758	0.5116	0.0727	-0.2345	0.1236	-0.214	0.101	0.2245	0.4181	0.3392	0.0693	0.573	-0.1875	0.2597	0.1334	-0.2105	0.0087	-0.4083	0.6339	-0.0121	0.5246	0.0576	-0.0142	0.2681	0.2923	-0.1362	0.0464	0.1817	-0.1227	-0.1141	-0.3426	-0.0007	0.091	0.151	-0.0087	-0.4758	-0.227	0.1469	-0.4026	-0.0156	-0.4154	0.6702	-0.183	-0.0261	0.2074	-0.4034	-0.0876	0.5615	0.855	-0.1707	-0.0287	0.1432	0.0602	0.2007	0.259	-0.3485	0.3159	0.4035	0.1682	-0.0463	0.3066	0.1891	-0.1353	-0.2521	0.2498	-0.171	-0.2282	-0.3809	-0.2586	0.2098	-0.1437	-0.3525	-0.0164	0.0236	-0.4113	0.599	-0.3451	-0.3043	-0.3827	-0.1193	0.0958	-0.2712	-0.1369	-0.1207	-0.0985	0.2167	0.359	-0.0283	0.1816	-0.1708	-0.2443	0.5672	0.1439	0.1805	-0.4648	-0.1751	-0.3053	-0.2339	0.1861	0.0194	0.5928	-0.0004	-0.4946	-0.0748	0.4442
Sg_D09_14	0.2164	-0.1599	-0.2166	0.0505	-0.0842	0.0762	0.1275	-0.1409	-0.2478	0.1821	0.0838	0.0817	0.7232	-0.1104	0.3402	-0.2373	-0.1341	-0.0798	0.8488	0.8291	-0.3118	0.1253	0.0332	0.2175	-0.2674	-0.0933	0.178	-0.0891	-0.1189	0.0088	0.0172	-0.0206	0.1027	0.0575	-0.358	0.0332	-0.2826	0.0962	0.1193	-0.1244	-0.0923	-0.1289	-0.0131	-0.233	-0.0718	-0.1166	-0.0513	0.0346	-0.1052	-0.1835	-0.3106	-0.0162	-0.2606	0.0107	-0.2033	-0.1395	0.0076	0.2342	-0.1747	-0.3054	0.0976	-0.0056	-0.0208	0.1548	0.8303	-0.0302	-0.1626	-0.1163	0.2097	-0.0352	0.0458	0.7048	0.0503	-0.0508	-0.124	-0.065	-0.3353	-0.1198	-0.064	-0.1928	-0.1625	-0.1145	-0.2374	-0.3086	-0.1198	-0.1328	0.2382	0.2875	-0.2084	0.448	0.1571	0.1378	-0.3506	-0.0319	0.0118	-0.2201	-0.1012	0.0281	-0.2171	-0.0633	-0.118	-0.4985	-0.1862	-0.0263	0.0054	0.8651	-0.1554	-0.2408	-0.1021	-0.0682	-0.0712	0.0714	-0.1139	-0.1561	-0.1015	0.0404	-0.0345	-0.0685	-0.0962	-0.174	-0.0823	-0.2302	-0.0972	0.8754	0.1303	0.1369	-0.0199	-0.0208	0.2402	-0.1429	-0.2752	-0.1003	-0.179	0.0033	-0.2651	0.0362	1	-0.1208	-0.2292	-0.0377	-0.1255	0.2486	-0.1684	0.789	-0.3123	0.0377	0.1201	0.0031	0.1273	0.7747	0.167	-0.1357	0.187	0.062	-0.1018	0.0115	-0.2152	0.812	-0.0593	0.0063	-0.1577	0.6459	0.2487	0.0053	0.0532	-0.1746	-0.0812	0.1468	0.1633	-0.2463	-0.1223	0.8405	0.0149	-0.1874	0.0028	0.0704	0.0332	-0.2809	-0.1522	0.1456	-0.0938	0.1562	-0.0075	-0.1262	0.0265	-0.1629	0.304	-0.2096	-0.08	0.7193	0.075	0.2988	-0.077	0.29	-0.0025	-0.147	0.1266	-0.1459	0.8821	0.1508	-0.112	-0.1163	-0.2237	-0.0342	0.1304	-0.0453	0.0384	-0.169	-0.049	-0.2243	-0.232	0.766	-0.041	-0.0887	0.8346	-0.1773	-0.3119	-0.2897	0.0243	-0.1681	-0.1873	-0.1442	-0.0919	-0.2226	-0.0319	-0.0804	0.0021	0.0599	-0.1232	-0.1063	0.0102	0.2763	-0.2459	-0.2501	-0.0126	-0.1796	-0.1778	0.6945	-0.0444	-0.341	-0.1643	-0.2915	-0.1479	0.0771	-0.0755	0.0195	-0.1256	-0.2604	0.0052	0.015	-0.178	0.0649	0.0693	-0.1739	-0.2503	-0.1958	-0.2622	0.2482	-0.0381	-0.3031	-0.1585	-0.0871	-0.0568	-0.0749	0.2019	0.0816	0.028	-0.3142	-0.2565	-0.0429	-0.0361	-0.1448	-0.1206	0.0291	0.8563	0.2266	0.124	-0.2671	-0.3069	-0.1345	-0.1368	0.139	-0.1268	0.0947	-0.1045	-0.0874	-0.1856	0.6898	-0.1701	0.3395	-0.372	0.0989	-0.1616	-0.2982	0.0619	-0.1097	-0.0504	-0.1651	0.0973	-0.1737	0.0892	-0.0747	0.4212	-0.0677	0.4319	-0.3415	0.1607	-0.2023	-0.0232	-0.2526	0.1088	0.1665	0.0543	0.0905	-0.2639	-0.154	-0.0369	-0.1602	-0.2241	-0.1169	-0.3436	-0.1503	-0.0316	0.1183	0.0952	-0.0421	-0.2463	0.0817	-0.0449	-0.1786
Sg_D10_17	-0.2231	-0.2596	0.0817	0.1668	-0.0096	0.7256	-0.0385	0.7201	0.0639	0.1497	-0.0564	0.1803	-0.1236	-0.2732	0.4608	0.1754	-0.0606	-0.1598	-0.0957	-0.1722	-0.2209	0.0875	0.3379	-0.1183	0.1263	-0.276	0.0089	0.4082	0.2115	0.0154	0.3499	0.1151	0.2794	-0.1375	-0.1868	0.041	-0.0727	-0.1499	-0.135	0.3524	0.249	-0.0572	-0.3789	-0.1026	-0.38	0.457	0.4862	-0.2895	0.6714	0.5942	0.6151	-0.0435	0.4788	0.0554	0.8909	0.0841	0.1033	0.3999	-0.1971	-0.1532	-0.4033	-0.1877	-0.0754	0.1521	0.0278	-0.405	-0.0768	-0.2879	0.0008	0.0847	-0.3644	-0.1391	-0.5867	-0.2507	-0.2816	-0.2593	0.0152	-0.0803	-0.3062	-0.2426	0.493	-0.2367	-0.1686	-0.0881	-0.0844	-0.0067	0.0081	-0.3595	-0.0732	-0.3772	0.0364	0.4195	-0.1885	0.4527	-0.0115	0.3285	-0.1223	-0.1379	0.7632	0.2975	0.4768	0.2711	0.4485	-0.2445	0.0395	-0.1574	0.4935	-0.186	0.1101	0.637	0.6333	0.0569	0.5308	-0.3947	0.664	-0.0259	-0.1878	-0.3215	0.5964	0.8284	-0.3521	-0.03	-0.0318	-0.1247	-0.2091	0.1839	0.0097	-0.3157	-0.0957	-0.4413	-0.0151	0.2498	-0.2923	-0.3653	-0.1919	-0.113	-0.1208	1	-0.218	0.3547	-0.2539	-0.3402	-0.0317	-0.1895	-0.2791	-0.0339	-0.3963	-0.3745	-0.0688	-0.1483	-0.346	0.7837	-0.3219	-0.0931	0.2348	0.3952	0.0076	-0.1857	-0.2745	0.1158	-0.1491	0.0176	-0.135	0.4207	0.1426	-0.1249	-0.3048	-0.257	0.5633	-0.1019	-0.2128	-0.1247	-0.2082	0.7571	-0.2463	-0.1869	-0.1446	0.1799	0.1241	0.3509	0.3363	0.1462	-0.0291	0.4313	-0.3623	0.2004	-0.0983	-0.2908	0.1619	-0.0119	-0.0738	0.334	0.1677	-0.3775	-0.1118	-0.1668	-0.3222	0.0174	-0.1288	-0.1413	-0.4897	-0.1928	0.0094	-0.0054	-0.442	0.2816	0.2131	0.1169	-0.149	0.2279	-0.0686	-0.0236	-0.1314	-0.1579	-0.1091	-0.2958	-0.1846	0.6544	0.326	-0.3617	-0.2066	-0.0913	-0.2402	-0.0861	-0.3594	-0.4285	-0.2425	-0.3771	-0.0967	-0.259	-0.3007	0.1157	-0.021	-0.1661	-0.0261	0.0914	-0.3699	-0.0763	-0.1161	0.0255	0.7708	0.7361	-0.2476	-0.2478	0.3044	-0.3297	-0.2101	0.6993	-0.4326	-0.0844	-0.041	0.0524	0.0212	-0.0501	-0.195	-0.1436	-0.1415	-0.0231	0.0175	0.1062	0.0064	0.2436	0.2296	-0.2312	-0.283	-0.1945	-0.0972	-0.0271	0.6008	-0.2471	0.2526	0.0017	-0.2186	-0.181	-0.1334	-0.0024	-0.4285	-0.2532	-0.161	0.454	0.1309	-0.0477	-0.3095	-0.1677	-0.3983	-0.1621	-0.065	-0.0819	0.6714	-0.2107	-0.2514	0.2844	-0.0256	0.1072	-0.041	-0.1319	-0.1426	-0.0874	-0.3519	0.0734	-0.122	0.0173	0.41	0.1041	0.0882	-0.0716	-0.0091	-0.1639	0.0678	0.792	0.0539	-0.2052	0.0946	0.0721	0.5945	0.2881	0.0521	0.5591	-0.2889	-0.2271	0.027	0.0835	-0.4058	0.7134	-0.4068	-0.1488	0.6909	0.1964	0.1699	-0.0607
Sg_D18_45	-0.284	0.6499	0.2952	0.042	0.2796	-0.203	0.1907	-0.0841	0.4221	0.1353	0.3836	-0.4246	-0.2374	0.3922	-0.27	0.1833	0.1231	0.3944	-0.2707	-0.111	0.1895	0.0182	0.0243	0.275	0.1767	0.0876	0.1988	0.0132	-0.4048	-0.3406	0.0905	-0.1837	0.074	0.5427	0.3129	-0.4222	0.7065	-0.3103	0.1404	-0.1046	-0.1311	0.0219	-0.1071	0.0529	0.4964	-0.3315	-0.0286	-0.2127	-0.1728	-0.2388	0.0419	0.1412	-0.1928	0.2032	-0.1638	0.3649	0.1572	0.0053	0.0535	0.4594	-0.028	-0.2103	-0.1787	-0.0006	-0.167	-0.1133	0.3295	-0.1	0.129	0.3108	-0.0196	-0.1874	0.4215	-0.0021	0.0137	0.1127	0.3466	0.3331	0.0406	-0.0333	-0.3378	-0.0352	0.6624	0.1728	-0.0118	0.0652	0.0818	-0.06	-0.0169	-0.0998	0.0765	-0.3732	0.4579	-0.4839	-0.2797	-0.3301	0.0602	-0.0494	-0.0443	-0.2532	-0.2505	-0.1162	0.0517	-0.1029	-0.2888	-0.1646	-0.2997	0.0923	-0.4077	-0.413	-0.1043	-0.374	0.007	-0.066	-0.3193	-0.2573	-0.1584	-0.1066	-0.1036	-0.1461	-0.1979	0.3207	0.3345	-0.2274	-0.2887	0.1895	-0.0642	-0.1881	-0.2071	-0.1213	-0.0641	0.3414	-0.0171	0.4823	0.341	-0.1505	-0.2292	-0.218	1	0.1687	-0.2721	0.0193	0.5701	-0.2509	0.4466	0.2619	-0.0057	0.1011	0.0043	-0.1535	-0.0825	-0.1909	0.009	-0.1932	-0.3469	-0.4351	0.3234	-0.1214	0.0938	-0.2405	0.2385	-0.2785	-0.2429	-0.0276	-0.2417	0.1207	0.0066	-0.392	-0.3635	0.4376	0.1804	-0.3229	-0.1514	-0.2526	0.023	-0.0364	-0.3286	0.091	-0.1986	-0.4854	-0.0408	-0.3282	-0.0927	-0.0142	0.0758	-0.034	-0.4659	0.1355	0.4901	-0.3093	0.0109	-0.1395	-0.2235	0.0141	-0.2842	0.0393	0.0529	0.3247	-0.2335	-0.2703	0.2456	0.6434	0.0417	0.0791	0.0102	-0.2924	0.0738	0.0076	0.2398	0.4454	0.3169	-0.3126	-0.1292	0.6819	-0.2051	0.3956	0.6473	-0.1735	0.1114	0.0111	0.1847	-0.2674	-0.2253	0.3658	0.0141	-0.1433	-0.237	0.0912	0.4529	0.3912	0.1013	-0.2035	-0.1439	-0.1666	-0.2038	-0.2684	0.0011	-0.3239	-0.0573	0.2577	-0.1831	-0.1919	0.5013	0.0872	-0.2315	-0.1145	0.1541	-0.2489	-0.0937	-0.2654	0.3548	-0.0077	-0.3547	0.3811	0.1072	0.2599	0.2151	-0.0235	-0.1812	0.3446	0.6125	-0.0124	0.1134	0.424	0.0172	0.5152	-0.0567	0.4005	-0.2669	-0.2085	0.3698	0.0192	0.1917	-0.0121	-0.1854	-0.039	-0.0763	0.3598	-0.1282	-0.3749	0.1668	-0.2099	-0.0532	-0.2229	0.3538	-0.0335	-0.127	-0.2307	-0.0862	-0.062	0.3688	0.2312	0.2589	0.3098	-0.2801	0.4288	0.4459	0.0083	0.0355	0.5941	-0.0284	0.5075	-0.122	0.4729	-0.0961	0.3871	0.218	0.5713	0.134	-0.0537	-0.2649	-0.1709	0.2037	-0.0675	-0.1974	0.012	-0.2142	-0.0627	-0.0366	0.6062	0.3323	0.3591	0.573	-0.4378	-0.0085	0.1327	-0.077	0.1531	0.1018	-0.2392
Sg_E04_12	-0.3924	-0.0149	0.3604	0.5552	0.4763	0.529	0.36	0.6496	0.1786	0.3514	0.2981	-0.3996	-0.036	-0.1678	0.1046	0.0538	-0.0273	0.1678	-0.0158	-0.0489	-0.2148	0.5885	0.7792	0.1819	0.5184	-0.226	0.2997	0.5615	-0.34	-0.4244	0.786	0.1223	0.7691	0.4316	-0.1201	-0.4596	0.3282	-0.5194	0.3095	0.3426	0.063	-0.2039	-0.6715	-0.3015	-0.1298	-0.0095	0.5359	-0.5634	0.37	0.3326	0.4181	0.3606	0.4046	0.3841	0.4098	0.1169	0.7445	0.631	-0.2	-0.0284	-0.2108	-0.6352	-0.3401	0.6389	0.1264	-0.4372	-0.0085	-0.463	0.4324	0.4223	-0.6805	0.1709	-0.2552	-0.3693	-0.5971	-0.6211	0.1581	0.3084	-0.5373	-0.2292	0.1684	-0.3208	0.4374	-0.0368	-0.1039	0.3274	0.2973	-0.1345	0.1088	-0.2629	0.3732	0.3462	0.0747	0.0735	-0.348	-0.0945	0.1629	-0.2276	0.3983	0.0444	0.3012	0.0429	0.6558	-0.2409	-0.4216	0.0074	0.4448	-0.1675	-0.325	0.2094	0.6494	0.0375	0.3538	-0.6971	0.3931	-0.4083	-0.2978	-0.7061	0.3826	0.3897	-0.5603	0.1443	0.349	0.0428	-0.365	0.6918	-0.0777	-0.4971	-0.2842	-0.6158	-0.318	0.7226	-0.2258	0.2264	0.062	-0.5317	-0.0377	0.3547	0.1687	1	-0.5889	-0.1542	0.4335	-0.147	0.102	0.5168	-0.1011	-0.1938	0.4379	-0.1147	-0.1569	0.4891	0.1264	-0.1186	-0.0744	-0.0964	0.2749	0.0499	-0.4991	-0.292	0.031	0.2325	-0.212	0.5152	-0.0981	0.0286	-0.3675	-0.3878	0.3341	0.2165	-0.5928	-0.1381	-0.5243	0.3498	-0.0224	-0.1877	-0.3923	0.196	-0.1692	-0.1051	0.3624	-0.3542	0.255	0.7074	-0.6521	-0.109	-0.349	-0.2609	0.5219	0.123	-0.4649	0.5443	-0.2374	-0.1077	-0.2049	-0.1812	-0.0746	0.5906	0.0595	-0.4998	-0.1651	0.3866	-0.244	0.2301	-0.6003	0.0165	0.1722	0.1101	-0.0253	0.653	0.0373	0.035	-0.1983	0.3733	-0.0991	0.2603	0.2405	0.2228	0.721	-0.4131	-0.2611	-0.3681	-0.539	0.1224	-0.6667	-0.5897	-0.6655	-0.1088	0.2241	-0.2592	0.0256	-0.2469	-0.2838	-0.377	-0.1705	-0.1727	-0.4008	0.056	-0.0379	-0.1385	0.5008	0.2097	0.2771	-0.3584	0.0422	-0.6683	-0.3544	0.2542	-0.5707	-0.3817	0.0382	-0.1269	-0.4486	0.1371	-0.2294	0.2505	-0.0252	0.1107	-0.366	0.0835	0.5457	0.5748	0.3829	0.2043	0.1327	0.3679	-0.4922	0.0732	0.1497	-0.4836	0.6691	0.0742	-0.4069	-0.5573	-0.0345	-0.1286	-0.1771	0.0822	-0.2597	0.1414	0.62	-0.3195	-0.612	-0.4991	-0.2358	-0.2281	-0.017	0.0541	0.6007	0.0516	0.0042	0.6581	0.3416	0.4232	-0.4431	0.1505	0.3769	-0.2522	-0.0072	0.5494	-0.4888	0.4773	0.5743	0.6572	0.4443	-0.0293	0.521	0.1107	0.2107	0.2764	-0.3539	-0.1629	0.4852	0.1213	0.2627	0.3929	-0.4847	0.2955	-0.4633	0.3375	0.1938	0.4153	0.054	0.1427	-0.1482	-0.5327	0.2148	0.7661	0.2741	-0.491
Sg_E06_10	0.3512	-0.2157	-0.3913	-0.3668	-0.4386	-0.3785	-0.3648	-0.4228	-0.2455	-0.3255	-0.2379	0.1042	-0.0019	0.1338	-0.1408	-0.2659	0.0288	-0.1317	-0.0511	-0.1237	0.0584	-0.3143	-0.4603	-0.2931	-0.3185	0.3323	-0.1592	-0.1976	0.2007	0.1721	-0.4361	0.0388	-0.5501	-0.4455	0.0561	0.2022	-0.341	0.2277	-0.1886	-0.3394	-0.0497	0.365	0.6277	0.3077	-0.0173	-0.0371	-0.3122	0.5652	-0.2313	-0.1838	-0.3151	-0.3385	-0.1462	-0.4058	-0.2628	-0.1726	-0.4671	-0.4171	0.1581	-0.0285	0.0443	0.5389	0.239	-0.3862	-0.1951	0.4471	-0.0739	0.4677	-0.4186	-0.4087	0.4628	-0.1883	0.1331	0.3674	0.3432	0.3409	-0.1307	-0.3748	0.2896	0.2774	-0.1012	0.3693	-0.3724	0.1609	0.0909	-0.1221	-0.1502	0.1395	0.085	0.3068	-0.1655	-0.1346	-0.0312	0.0742	0.1168	0.1988	0.085	0.309	-0.2961	0.0032	-0.1249	0.0979	-0.3493	0.4002	0.1592	-0.12	-0.1856	0.3644	0.548	-0.0696	-0.4606	0.0708	-0.2663	0.5833	-0.2572	0.1948	0.3836	0.6289	-0.3074	-0.2678	0.6746	-0.0919	-0.4304	-0.1195	0.4528	-0.4996	0.1151	0.573	0.2123	0.7049	0.3449	-0.5607	0.2749	-0.2404	0.0726	0.3739	-0.1255	-0.2539	-0.2721	-0.5889	1	0.1653	-0.4544	0.011	0.0064	-0.3566	0.0087	0.1234	-0.3264	-0.0156	0.017	-0.3666	-0.1494	0.1053	0.1897	0.0953	-0.0964	-0.2022	0.3926	0.0926	0.2287	-0.1192	0.1503	-0.4071	0.0434	0.0005	0.345	0.4171	-0.2284	-0.0717	0.2677	0.006	0.57	-0.2429	0.2722	0.0868	0.462	-0.2485	0.2454	0.0064	-0.2054	0.3838	-0.0664	-0.4382	0.4663	0.1991	0.3497	0.311	-0.4651	-0.0541	0.1961	-0.3115	0.3034	0.0023	0.2062	-0.0189	-0.0107	-0.4997	-0.1301	0.2157	0.1438	-0.401	0.0741	-0.1654	0.4184	0.2178	-0.3317	-0.0324	0.0463	-0.5049	-0.1552	-0.0068	0.3052	-0.4445	-0.0439	-0.29	-0.2788	-0.0125	-0.4744	0.269	0.2432	0.3673	0.6314	-0.0461	0.4521	0.7135	0.6785	0.0325	-0.1686	0.0562	-0.0305	-0.024	0.2798	0.4575	0.1817	0.3284	0.4441	-0.0164	0.2104	0.0786	-0.3797	-0.1489	-0.3335	0.1875	-0.1321	0.6127	0.197	-0.1301	0.6133	0.5705	-0.0099	-0.1073	0.1316	-0.1885	0.2277	-0.1265	0.1025	-0.1688	0.0791	-0.1947	-0.5337	-0.3196	-0.2205	-0.1925	-0.1058	-0.4342	0.2855	-0.0736	0.0408	0.6211	-0.3946	-0.0884	0.3268	0.2967	-0.0864	-0.1043	0.1141	-0.008	0.3679	-0.0196	-0.3252	0.2714	0.5331	0.1763	0.1726	0.2877	0.3702	0.0234	-0.3549	-0.0268	-0.0626	-0.5061	-0.3486	-0.249	0.1664	-0.0679	-0.3233	0.0747	-0.0465	-0.5098	0.428	-0.3813	-0.4671	-0.4773	-0.184	0.0409	-0.3828	-0.2553	-0.2825	-0.1832	0.144	0.1745	-0.3562	0.098	-0.1571	-0.2604	0.4559	-0.1538	0.5111	-0.3599	-0.0826	-0.2775	-0.1799	-0.1961	0.0434	0.1878	-0.132	-0.5086	-0.0586	0.4115
Sg_E06_24	0.3049	-0.0497	-0.0281	-0.1472	0.0779	-0.4315	0.1199	-0.4104	-0.1353	-0.1796	-0.0299	-0.0715	0.0601	-0.049	-0.0669	0.0243	-0.172	-0.0347	0.1601	0.1144	-0.2852	-0.1759	-0.1609	-0.2092	-0.0781	0.0708	-0.1408	-0.056	-0.0819	-0.08	-0.2142	-0.0507	-0.213	-0.077	-0.3666	-0.0619	-0.176	0.075	-0.0912	-0.1735	-0.0722	0.002	0.2223	-0.2021	0.2584	-0.1042	0.0485	0.0354	-0.2995	-0.3065	-0.3557	0.0321	-0.2141	-0.127	-0.3822	-0.3309	-0.1026	-0.2161	-0.0066	-0.133	0.6685	0.271	-0.0212	-0.1006	0.0633	0.342	-0.1751	0.0587	0.0324	-0.161	0.2886	0.0863	0.305	0.2907	0.3285	0.2191	-0.0478	-0.1705	0.3363	-0.0601	-0.176	0.0085	-0.1305	-0.1616	0.3674	-0.0127	-0.1045	0.5907	0.0212	0.3769	-0.2788	-0.0711	-0.2919	0.015	-0.1515	-0.1674	-0.3155	0.3321	-0.3563	-0.0126	-0.0581	-0.285	-0.2343	-0.0821	-0.0067	0.1779	-0.1425	0.3514	-0.0793	-0.1528	-0.1823	0.1785	-0.3449	0.0545	-0.3841	0.0677	-0.1737	0.109	-0.2987	-0.297	0.2094	-0.2014	-0.1812	0.2233	0.1379	-0.1356	0.1005	0.1531	0.0643	0.0789	-0.2843	-0.2602	-0.0231	0.1813	-0.3234	0.2408	0.2486	-0.3402	0.0193	-0.1542	0.1653	1	-0.158	0.1545	-0.0149	-0.1157	0.7397	0.1594	-0.0209	0.079	0.7009	-0.4105	0.729	-0.2654	0.2491	-0.1626	-0.1554	0.1075	0.1486	-0.0287	-0.1428	0.1467	-0.0333	-0.1235	0.2882	-0.0136	0.033	0.1431	-0.0914	-0.2117	0.1661	0.1695	0.2275	-0.3955	-0.0187	0.6282	0.1968	-0.2061	0.1173	0.0825	-0.2621	0.0251	0.3254	-0.2586	0.1424	-0.1893	0.1267	-0.1386	-0.2645	0.1232	0.1925	-0.0034	0.233	0.7601	0.038	-0.1522	0.7482	-0.1329	0.1997	0.1032	0.1164	-0.0387	-0.1535	-0.0822	0.3457	0.1085	-0.0317	-0.4319	-0.0471	-0.3668	0.2118	0.1414	-0.1407	0.0257	0.1101	0.093	-0.1054	-0.3629	-0.2405	0.1288	-0.283	-0.1289	-0.0203	-0.3445	0.2282	-0.0348	0.0325	0.6894	-0.1347	0.0901	-0.2646	0.0717	-0.2977	-0.1059	0.3159	0.0892	0.2293	0.196	0.0087	-0.0578	-0.424	-0.3779	-0.019	0.4551	-0.1946	0.1375	-0.135	-0.3559	-0.0374	0.192	-0.2019	-0.193	-0.0206	-0.1118	-0.1425	-0.2488	-0.4404	-0.2416	-0.1899	0.1099	-0.1259	-0.012	0.0671	0.1235	0.7225	0.1066	0.0431	-0.3171	-0.3027	0.0604	-0.2928	-0.3087	0.3996	0.2113	0.0712	0.185	0.7813	-0.063	-0.0372	-0.0689	-0.1827	0.0092	0.0569	0.0367	0.3802	0.1206	0.1046	0.0586	-0.2282	0.6543	0.0083	-0.091	-0.0005	-0.1585	0.0669	0.0571	-0.0135	-0.5459	0.6966	-0.145	0.187	-0.0911	-0.2473	-0.2619	0.0595	-0.1154	0.2193	-0.0303	0.3207	-0.3811	-0.0027	0.4001	0.1021	0.241	-0.4385	-0.2365	0.2694	-0.0752	-0.0458	-0.0779	-0.5188	-0.4206	0.2366	-0.0888	0.7384	0.1763	-0.2673	-0.1843	-0.1088	0.068
Sg_E10_50	-0.5032	0.7026	0.3696	0.3999	0.2362	0.0008	0.3558	0.1128	0.6748	0.3541	0.3485	-0.3994	-0.1635	0.2172	-0.2539	0.1676	0.1626	0.3901	-0.1891	-0.0309	0.2905	0.4085	0.3205	0.3027	0.4047	0.0069	0.3261	0.2362	-0.4242	-0.4212	0.2711	-0.16	0.2895	0.7769	0.3225	-0.4031	0.6087	-0.2697	0.3151	0.0036	-0.0411	-0.1729	-0.4029	0.0305	0.3153	-0.2191	-0.0009	-0.5011	-0.169	-0.1393	0.2023	0.3321	0.0353	0.4438	0.0441	0.3075	0.4478	0.1886	-0.1347	0.2369	-0.0331	-0.4273	-0.2568	0.3524	-0.1505	-0.385	0.1202	-0.3267	0.4326	0.5011	-0.3638	-0.01	0.2525	-0.164	-0.2629	-0.1357	0.3145	0.4335	-0.2482	-0.2236	-0.307	-0.2534	0.7477	-0.0365	-0.1357	0.1872	0.2494	-0.0841	0.1266	-0.3838	0.239	-0.211	0.4001	-0.4264	-0.2576	-0.3062	0.1274	-0.2338	0.0621	-0.1919	-0.1384	-0.1693	0.3398	-0.2529	-0.2974	-0.0943	-0.2341	-0.0718	-0.5703	-0.1178	0.1373	-0.3158	0.0864	-0.5275	-0.1434	-0.2481	-0.3678	-0.548	-0.0006	-0.0045	-0.5247	0.1618	0.4717	-0.1786	-0.3817	0.4417	-0.3897	-0.5131	-0.2197	-0.3676	-0.0321	0.6493	-0.0148	0.5272	0.3855	-0.3869	-0.1684	-0.0317	0.5701	0.4335	-0.4544	-0.158	1	-0.2972	0.2546	0.4811	-0.0182	0.0706	0.3105	-0.2301	-0.1062	-0.0324	0.1063	-0.1376	-0.3539	-0.3247	0.2966	-0.088	-0.104	-0.2181	0.0479	-0.2563	-0.4181	0.2789	-0.2701	0.1214	-0.1877	-0.5076	-0.2173	0.3734	-0.1289	-0.3189	-0.3907	-0.1177	-0.0998	-0.1947	-0.5456	-0.0363	-0.1244	-0.4593	0.1053	-0.4571	0.0595	0.2764	-0.2194	-0.245	-0.5001	-0.0355	0.6578	-0.2038	-0.2402	0.1586	-0.4426	0.0262	-0.3375	-0.0437	-0.0112	0.5397	-0.2015	-0.3121	0.1661	0.8634	0.0324	0.1958	-0.3062	-0.4613	0.2104	0.0922	0.263	0.6124	0.2467	-0.2784	-0.2021	0.8412	-0.195	0.5769	0.744	-0.1398	0.4918	0.0298	-0.0438	-0.4661	-0.4064	0.3445	-0.2844	-0.3713	-0.5535	0.0401	0.4711	0.422	0.2173	-0.2499	-0.0888	-0.3865	-0.244	-0.2285	-0.1441	-0.251	-0.0827	0.2232	-0.0116	-0.0586	0.7446	-0.185	-0.1374	-0.3862	0.031	-0.0831	-0.3796	-0.5414	0.429	0.2332	-0.2204	0.5586	-0.0519	0.316	-0.0135	0.1372	-0.2444	0.3499	0.8572	0.3037	0.2078	0.3653	0.0981	0.5789	-0.2543	0.2251	-0.2337	-0.4708	0.4355	0.0756	-0.1454	-0.2061	-0.1444	-0.1926	-0.1445	0.3048	-0.188	-0.2517	0.4734	-0.3765	-0.2874	-0.1727	0.2402	-0.1211	-0.134	-0.1648	0.0965	-0.0815	0.4908	0.5132	0.3841	0.4365	-0.2257	0.4694	0.6464	-0.0473	0.0492	0.8207	-0.3421	0.7158	0.092	0.6674	-0.0516	0.276	0.3996	0.6844	0.2542	0.0412	-0.3067	-0.3694	0.176	-0.1587	0.0142	0.2928	-0.4878	-0.058	-0.3275	0.7825	0.2924	0.4671	0.4536	-0.3481	-0.0606	-0.1896	-0.004	0.4292	0.1703	-0.5166
Sg_EA47_17	0.2311	-0.2175	-0.2288	-0.1612	-0.0273	-0.0282	0.1355	-0.1908	-0.2799	0.0163	0.0074	0.0955	0.6191	0.1235	0.2142	-0.347	-0.032	-0.1723	0.8063	0.7054	-0.2225	-0.1071	-0.0468	0.2113	-0.2675	-0.1566	0.1797	-0.3004	-0.0894	0.0743	-0.0526	0.0361	0.0399	-0.1063	-0.1939	0.0904	-0.2629	0.1279	0.2419	-0.0502	-0.1358	-0.0614	0.0485	-0.027	-0.0809	-0.1759	-0.0499	0.1389	-0.0862	-0.1787	-0.2733	0.0642	-0.235	0.0912	-0.2653	-0.0059	-0.0805	0.102	-0.0024	-0.1227	0.0859	0.1463	-0.0555	0.0705	0.763	0.2357	-0.0893	-0.0542	0.1155	-0.0117	-0.0065	0.5794	0.096	-0.0526	-0.0021	-0.0876	-0.2916	0.0053	-0.0613	0.069	-0.1354	0.1012	-0.2602	-0.2601	-0.199	-0.1762	0.2285	0.0934	-0.087	0.4191	-0.0404	-0.0429	-0.1036	-0.0501	0.1132	-0.0612	-0.1651	0.0125	-0.197	0.0059	-0.318	-0.3474	-0.2834	-0.0943	0.0643	0.6847	-0.1193	-0.2569	-0.0463	-0.1192	-0.2511	0.0412	-0.2047	-0.0344	-0.087	0.1477	0.1248	0.0339	-0.2119	-0.2704	0.0076	-0.1712	-0.052	0.7431	0.0458	-0.0848	-0.092	0.0998	0.0839	-0.0528	-0.1869	-0.1722	-0.0858	0.0562	-0.2885	-0.1093	0.789	-0.1895	-0.2509	-0.147	0.011	0.1545	-0.2972	1	-0.1054	0.0392	0.0876	0.1197	0.1828	0.89	0.1673	-0.1753	0.079	0.1508	-0.1785	-0.0096	-0.2172	0.7072	-0.0986	0.0022	-0.1143	0.5078	0.3258	-0.2173	-0.0623	-0.0256	0.0361	0.3446	-0.0661	-0.1447	-0.1825	0.8541	-0.0108	-0.1729	-0.1247	0.0214	0.0158	-0.1013	-0.1354	0.0831	-0.1614	0.0951	-0.1025	-0.2088	-0.0438	0.0067	0.2325	0.0098	-0.2135	0.5739	-0.0337	-0.0168	-0.2068	0.1795	0.0523	-0.0934	0.0298	-0.1591	0.8253	0.2263	0.0212	-0.255	-0.0135	0.0866	0.1324	-0.0836	0.0569	-0.0285	-0.0934	-0.2936	-0.339	0.572	0.0069	-0.214	0.919	-0.1881	-0.3195	-0.286	-0.1581	-0.1895	0.0012	-0.0404	0.0659	-0.1144	-0.0306	0.0911	0.1214	0.0481	-0.1439	-0.142	0.0941	0.2431	-0.139	-0.1295	-0.0387	-0.0202	-0.2479	0.6036	-0.1099	-0.2755	-0.1889	-0.2684	-0.1915	-0.0362	-0.0523	0.0196	-0.0345	-0.2125	0.1201	0.096	-0.0751	-0.0225	0.1095	-0.2101	0.0301	-0.0068	-0.0786	0.0624	0.0806	-0.4196	-0.2711	-0.268	-0.3423	-0.0221	0.0569	-0.0248	-0.0659	-0.086	-0.2105	0.1636	-0.1696	0.0169	-0.1558	-0.0975	0.8939	0.1681	0.0782	-0.157	-0.1552	-0.0937	-0.1619	0.1263	-0.0736	0.163	-0.0554	-0.1296	-0.2171	0.5665	-0.3336	0.127	-0.3654	-0.1196	-0.0661	-0.3231	0.1052	-0.1864	-0.0551	0.0016	0.0198	-0.3191	-0.0042	-0.1513	0.2256	-0.1947	0.1947	-0.3163	-0.0449	-0.2366	-0.2295	-0.2329	0.0786	0.1144	-0.0249	-0.0218	-0.2585	-0.0761	-0.0859	-0.2188	0.0156	-0.1908	-0.2358	-0.2298	-0.0282	-0.012	0.1052	-0.0515	-0.3276	-0.0613	-0.1547	-0.0245
Sg_EA47_9	-0.0697	0.2117	0.0287	0.1684	0.4842	-0.238	0.1727	-0.0458	0.2923	-0.1279	0.0114	-0.3133	-0.2888	0.1961	-0.304	-0.0746	0.1843	0.0459	-0.3213	-0.2045	0.1367	-0.0944	0.0713	-0.0492	0.2782	0.1965	-0.0078	0.0532	-0.2643	-0.23	0.0495	0.0521	0.1091	0.2697	0.2798	-0.2055	0.2523	-0.2413	0.0822	-0.0086	-0.0647	0.2818	-0.0086	0.2138	0.2992	-0.1745	0.0041	-0.0305	-0.2377	-0.0694	0.0795	0.0205	0.0354	0.1289	-0.2314	0.1515	0.0824	-0.1812	0.0855	0.3145	-0.1561	-0.0758	-0.1306	0.0452	-0.1965	0.0637	0.1207	0.0887	-0.1986	0.1912	-0.0798	-0.1456	0.1536	0.0524	0.0548	0.0679	0.0581	0.2539	0.1058	0.1666	-0.0423	0.0378	0.3718	0.1759	-0.0327	0.0338	-0.1505	-0.1371	0.0032	-0.0405	-0.0166	-0.1561	0.3826	-0.1947	-0.0699	-0.0778	0.0337	0.0996	0.0576	0.0499	-0.1042	0.1447	-0.0201	0.0117	-0.1703	-0.2687	0.0365	0.2002	-0.082	-0.2454	-0.0561	-0.1618	-0.1616	0.0071	-0.2757	-0.0598	-0.0371	-0.0351	-0.183	-0.1982	0.0909	0.2161	0.1702	-0.2575	-0.185	-0.1853	-0.2408	0.0551	-0.1369	0.0904	0.1297	0.1515	0.2987	0.2156	0.2041	-0.0464	-0.3123	-0.2791	0.4466	0.102	0.0064	-0.0149	0.2546	-0.1054	1	0.1644	-0.0944	-0.0936	0.0466	-0.1219	-0.1381	-0.1769	-0.0239	-0.0797	-0.0936	-0.183	0.3709	-0.2293	0.123	-0.1663	0.2526	-0.2679	-0.0237	-0.1074	-0.2046	-0.154	0.0675	0.0292	-0.4618	0.3395	0.0792	-0.2454	0.0106	-0.2164	0.1893	-0.149	-0.1643	0.2455	0.1227	-0.3089	-0.0638	-0.3113	-0.0645	-0.0587	0.0377	-0.0196	-0.351	0.2723	0.1742	-0.3954	0.042	-0.215	-0.102	-0.1448	0.0147	0.0898	-0.0847	0.203	-0.2845	-0.1991	0.0114	0.2938	0.0857	0.2025	0.0742	-0.0778	0.0334	0.2418	0.2426	0.2292	-0.0734	-0.4118	0.0284	0.314	-0.1489	0.1844	0.3252	-0.1228	0.032	0.2073	0.3788	0.0173	-0.0227	0.2328	-0.0154	0.1351	-0.0391	-0.0434	0.119	0.0693	0.0913	-0.3046	0.171	0.1371	0.0804	-0.1563	0.1583	-0.3909	0.123	0.1963	-0.1726	-0.0917	0.1909	-0.0059	-0.1605	-0.101	0.1912	-0.163	-0.0008	-0.0995	0.2091	-0.1836	-0.315	0.336	0.2214	0.2252	0.2664	-0.0314	-0.1132	-0.0043	0.293	-0.1107	0.0439	0.0789	-0.1665	0.0907	-0.008	0.3414	-0.1252	-0.0111	0.084	0.1837	0.092	0.0273	-0.1306	-0.1254	-0.0826	0.6055	0.2283	-0.076	0.0257	-0.1331	-0.0168	-0.2062	-0.0024	0.0983	-0.062	-0.2628	-0.1158	-0.1231	0.0955	0.0605	0.2592	0.0422	-0.2229	-0.0173	0.3405	0.0953	-0.0439	0.2194	0.0217	0.1053	-0.3423	0.1441	-0.1396	0.3294	-0.0398	0.1775	-0.1199	-0.0419	-0.2967	0.0078	0.2068	0.1004	-0.0791	-0.1088	-0.0835	0.0016	0.0694	0.2628	0.2632	0.0932	0.1898	-0.2865	-0.0806	0.0548	-0.1089	0.0302	0.1071	0.0084
Sg_EA57_9	-0.3454	0.2249	0.3545	0.1977	0.2903	0.0973	0.3757	0.2266	0.3253	0.4967	0.5598	-0.1857	0.0477	0.1608	-0.1103	0.1465	0.0844	0.3318	0.0182	0.1533	0.0325	0.3019	0.2922	0.5627	0.1248	-0.3189	0.3309	0.0678	-0.3871	-0.2299	0.3203	-0.0733	0.4109	0.4479	0.098	-0.2965	0.4076	-0.1462	0.5054	-0.0381	-0.1639	-0.258	-0.4401	-0.0135	0.1175	-0.4117	0.0859	-0.4602	-0.0415	-0.1179	0.0234	0.3953	-0.0196	0.776	0.034	0.3858	0.4079	0.3093	-0.0979	0.2513	-0.0194	-0.4007	-0.242	0.3323	0.1014	-0.2081	0.2661	-0.3671	0.3056	0.4345	-0.3404	0.1809	0.1699	-0.3085	-0.3845	-0.2263	0.1365	0.8035	-0.1863	-0.1977	-0.2949	-0.2449	0.4604	-0.2018	-0.1964	-0.054	0.3548	-0.1581	-0.0311	-0.1802	0.1033	-0.0747	0.2436	-0.4724	-0.2441	-0.3597	0.0072	-0.4524	-0.0764	-0.208	-0.1959	-0.1699	0.1972	-0.3315	-0.1173	0.1375	-0.0664	-0.3328	-0.5245	0.054	0.0923	0.0068	0.1165	-0.4454	-0.0291	-0.0939	-0.2965	-0.5676	0.0375	-0.0721	-0.5345	0.2987	0.8119	0.041	-0.3932	0.5001	-0.046	-0.462	-0.4115	-0.4983	-0.1122	0.4715	-0.0684	0.6072	0.1067	-0.5261	0.0377	-0.0339	0.2619	0.5168	-0.3566	-0.1157	0.4811	0.0392	0.1644	1	0.0073	0.2461	0.474	-0.0109	0.001	0.042	0.0623	0.0484	-0.3219	-0.4141	0.0993	0.1468	-0.2794	-0.0599	0.0716	0.0859	-0.0164	0.0998	-0.4469	0.2933	-0.1761	-0.2637	-0.1443	0.2499	-0.2663	-0.0831	-0.3595	-0.1312	0.0465	-0.1905	-0.4631	0.2088	-0.3868	-0.3963	0.1558	-0.3296	-0.1173	0.3859	-0.2942	-0.2368	-0.4572	-0.0579	0.3532	0.0558	-0.2766	-0.0156	-0.5009	0.0234	-0.3555	-0.1147	-0.0565	0.346	0.1261	-0.0617	0.2548	0.4806	-0.0349	0.3716	-0.1401	-0.4403	0.4288	0.141	0.077	0.4392	0.0908	0.0244	-0.3206	0.4683	0.0073	0.2827	0.3524	-0.1626	0.2875	-0.2648	0.0793	-0.2702	-0.4271	0.3837	-0.2756	-0.3606	-0.5438	0.0489	0.3915	0.1186	0.2626	0.0682	-0.1715	-0.3676	-0.4584	-0.2747	-0.2692	0.0503	-0.3021	0.0487	0.0594	-0.2732	0.4694	-0.2259	0.0278	-0.5661	-0.078	-0.1765	-0.3432	-0.4291	0.1781	0.1637	-0.0588	0.2578	-0.0934	0.2289	0.045	0.0999	-0.1297	0.1351	0.5718	0.2485	-0.0535	0.41	0.05	0.5808	-0.3451	0.1449	-0.204	-0.4522	0.4001	0.129	-0.302	-0.4592	0.0845	0.0509	-0.0445	0.2237	-0.1869	-0.1252	0.3604	-0.4871	-0.3947	-0.0713	-0.0401	-0.2888	-0.2555	0.0369	0.0018	-0.0973	0.2011	0.2641	0.3139	0.231	-0.0327	0.1954	0.4507	-0.0381	0.0407	0.5185	-0.3804	0.5082	0.3058	0.3587	0.0499	0.081	0.2856	0.248	0.2001	0.0479	-0.156	-0.3969	0.0363	-0.3606	-0.0846	0.1978	-0.5694	-0.2108	-0.2795	0.5049	0.2746	0.4503	0.4501	-0.3048	-0.0203	-0.1656	-0.1283	0.3869	0.0527	-0.5413
Sg_EA61_27	0.1477	0.0067	-0.0252	-0.1895	-0.0365	-0.4796	0.079	-0.4937	-0.0447	-0.0267	0.027	-0.0524	0.0245	0.0916	-0.2993	0.0452	-0.1339	0.1216	0.099	0.0703	-0.1554	-0.1498	-0.1563	-0.0947	0.0091	0.0896	-0.096	-0.1253	-0.1013	-0.0253	-0.1907	-0.1507	-0.2466	-0.0138	-0.2499	-0.0145	-0.067	0.1711	-0.0637	-0.1998	-0.0371	-0.2349	0.1721	-0.1628	0.3026	-0.1982	-0.0997	-0.0314	-0.3774	-0.4143	-0.3337	0.1058	-0.203	0.0223	-0.4257	-0.2118	-0.062	-0.0926	-0.0482	0.0021	0.8772	0.159	0.0704	-0.0819	-0.1387	0.3605	-0.141	-0.0142	0.1154	-0.0795	0.1986	0.0837	0.3287	0.0524	0.2616	0.1249	-0.0384	-0.0001	0.3113	0.0289	-0.3294	0.046	0.0158	-0.0634	0.3417	-0.0377	-0.0129	0.6357	0.082	0.1403	-0.1527	-0.1497	-0.2633	-0.1597	-0.0709	-0.2254	-0.1852	0.109	-0.402	-0.23	-0.2203	-0.303	-0.1224	-0.1609	0.0267	0.1363	-0.278	0.3415	-0.1087	-0.1432	-0.2462	0.2535	-0.3296	0.0636	-0.3694	0.1408	-0.2513	0.0351	-0.3583	-0.4085	0.0873	-0.1551	-0.0195	0.152	0.1314	0.0143	0.0081	0.1322	0.0059	0.0699	-0.2678	-0.1573	0.0735	0.3575	-0.2166	0.0434	0.1201	-0.3963	-0.0057	-0.1011	0.0087	0.7397	-0.0182	0.0876	-0.0944	0.0073	1	0.3647	0.139	-0.0119	0.8504	-0.4856	0.8478	-0.182	0.0922	-0.2927	-0.2929	0.0781	0.0746	0.0866	-0.1723	0.1208	0.0128	-0.2036	0.2595	0.2067	0.0303	0.2059	-0.1589	-0.2558	0.1331	0.0848	0.0814	-0.4618	-0.128	0.6988	0.0525	-0.2023	-0.0237	-0.0408	-0.2399	-0.0561	0.3733	-0.1636	0.0801	-0.3472	0.0917	-0.0547	-0.1882	0.1123	0.1186	-0.062	0.008	0.845	-0.0168	-0.0965	0.8685	0.0121	0.1395	0.1872	0.2973	0.1057	-0.0181	-0.116	0.3233	-0.2234	-0.0321	-0.426	0.0054	-0.2277	0.1638	0.0161	-0.0631	0.1479	0.0318	0.2769	0.0826	-0.3848	-0.2316	0.1689	-0.1331	-0.0861	-0.0145	-0.2246	0.1592	0.0098	-0.026	0.8986	0.0117	0.2436	-0.1591	0.08	-0.2873	-0.1363	0.2025	-0.0339	0.195	0.1893	-0.205	-0.1407	-0.4638	-0.4063	0.2485	0.4316	-0.1347	0.0504	-0.1852	-0.3778	0.0166	-0.0094	-0.2179	-0.0854	0.0606	-0.1111	-0.0645	-0.2472	-0.3055	-0.1361	-0.172	0.1354	0.017	0.0084	-0.043	0.1889	0.7992	0.1747	-0.1087	-0.2261	-0.4553	0.0006	-0.2438	-0.2578	0.2574	-0.0067	0.023	0.0797	0.9098	-0.0089	-0.1625	-0.233	-0.0962	-0.1693	0.0159	0.1275	0.5112	0.0776	0.0914	0.0082	-0.295	0.6224	0.2054	-0.1695	0.021	-0.1052	0.1721	0.3192	0.102	-0.3911	0.8964	-0.0014	-0.0008	-0.0599	-0.2061	-0.124	-0.0711	-0.1498	0.2896	-0.0112	0.3498	-0.4721	0.0933	0.3357	-0.0619	0.0877	-0.38	-0.1786	0.0934	-0.2527	-0.0724	0.1118	-0.4042	-0.2281	0.3259	-0.241	0.932	0.1509	-0.3433	-0.1471	-0.2245	-0.0314
Sg_EB03_22	0.037	0.1098	0.0379	-0.235	-0.1606	-0.3717	0.0552	-0.3774	-0.019	0.1098	0.307	0.068	0.0909	0.3681	-0.2248	-0.0729	-0.2635	0.2347	0.0898	0.1723	0.1019	-0.1088	-0.3092	0.2651	-0.1914	-0.1938	0.1565	-0.459	-0.0264	0.0633	-0.2357	-0.15	-0.2055	-0.0117	0.0802	0.0905	0.13	0.3617	0.2749	-0.2531	-0.0952	-0.251	0.2805	0.0225	0.2236	-0.3126	-0.2598	0.0579	-0.3068	-0.5003	-0.2588	0.2253	-0.27	0.2457	-0.3564	0.1538	-0.1279	-0.203	0.0705	0.258	0.4553	0.2197	0.1903	-0.0355	-0.0604	0.357	0.0757	-0.0686	0.0949	-0.0974	0.1781	0.0336	0.3394	-0.0775	0.0176	0.1342	-0.1133	0.2812	0.179	0.1776	-0.3523	0.1636	0.0109	-0.2787	-0.0863	-0.2114	0.241	0.055	-0.0249	0.1225	-0.2942	-0.3632	0.0807	-0.3534	0.0775	-0.1116	0.1819	-0.2702	-0.4225	-0.2149	-0.4346	-0.2804	-0.3167	-0.1009	0.2325	0.1307	-0.3791	-0.0211	-0.1617	-0.1307	-0.4405	0.0993	-0.2747	0.1822	-0.3982	0.3207	-0.1089	0.031	-0.3335	-0.4186	0.083	0.064	0.234	-0.0015	-0.1499	0.218	-0.1563	0.2092	-0.2269	0.1487	-0.1156	-0.2155	-0.0302	0.4979	-0.0972	-0.2369	0.0031	-0.3745	0.1011	-0.1938	0.1234	0.1594	0.0706	0.1197	-0.0936	0.2461	0.3647	1	0.2535	0.1692	0.3313	-0.3134	0.1585	0.2335	-0.1984	-0.2469	-0.2778	0.1133	-0.1251	0.0885	0.1	-0.0511	0.1839	-0.4508	-0.1147	0.7646	0.1386	0.1575	-0.2939	0.0637	-0.016	0.0489	0.0577	-0.3749	-0.1212	0.068	0.0765	-0.1297	-0.1739	-0.2304	-0.076	-0.0729	-0.1633	-0.1636	0.1805	-0.008	0.0667	0.1133	-0.1141	0.011	-0.1403	-0.4932	-0.3343	0.3727	-0.1948	-0.1146	0.1944	-0.1266	0.1166	0.372	0.8437	0.1287	0.0861	0.0815	0.2421	-0.3368	0.2055	-0.2987	-0.0985	-0.1224	0.0236	0.0874	-0.0795	0.1466	0.0504	0.1268	-0.0219	-0.312	-0.2606	0.1217	0.0546	-0.1565	0.1376	0.2487	0.2425	0.0747	0.0429	0.3228	0.0696	0.1913	0.2552	0.2213	-0.1327	-0.1242	-0.1998	0.1119	0.1389	0.0728	-0.3674	-0.0315	-0.3019	-0.4697	0.3389	0.0058	-0.1713	0.1304	-0.0391	-0.4438	0.1863	0.0777	0.1761	0.1805	0.3298	0.0674	0.0373	0.0009	-0.0816	-0.1062	0.1136	-0.0329	0.0812	-0.2166	-0.3912	0.3535	0.2108	0.3286	-0.1884	0.0797	-0.3765	0.1651	-0.1819	-0.0971	0.0465	-0.1676	0.1014	0.2678	0.3741	0.1216	-0.1394	-0.3414	-0.2363	-0.1685	0.1909	0.3566	0.282	-0.0371	0.0952	0.043	-0.4803	-0.0488	0.1923	-0.3867	0.0352	-0.2023	0.3185	0.1475	0.0583	0.0051	0.346	-0.0344	0.0428	0.02	-0.1686	-0.214	-0.3243	-0.1183	-0.055	0.0589	0.0369	-0.2716	0.1073	-0.137	-0.4666	-0.3539	-0.3113	-0.0861	-0.2282	-0.4659	0.2341	0.1922	-0.0771	-0.0264	0.4925	-0.4053	0.3413	-0.0123	-0.3507	-0.1784	-0.2305	-0.0419
Sg_EB08_12	-0.1371	-0.0575	0.252	0.2895	0.3284	0.0757	0.4987	0.0718	0.0037	0.3713	0.3077	-0.146	0.268	0.0614	-0.1212	-0.038	0.0601	0.0754	0.2587	0.209	-0.123	0.1547	0.1997	0.3476	0.1744	-0.2971	0.3582	0.0074	-0.2081	-0.0835	0.2092	-0.1097	0.3919	0.2987	-0.0231	-0.1295	0.1998	-0.0594	0.5721	0.0377	-0.0312	-0.3679	-0.3472	0.0458	-0.0419	-0.2501	0.1919	-0.259	-0.0026	-0.1042	0.0043	0.3499	0.0382	0.4071	-0.0807	0.1706	0.3413	0.2929	-0.041	-0.0061	0.0909	-0.3596	-0.119	0.6961	0.1932	-0.1274	0.0149	-0.3647	0.3774	0.442	-0.4129	0.3428	0.0409	-0.2158	-0.3471	-0.361	-0.1323	0.4094	-0.3083	-0.059	-0.2074	-0.1541	0.2649	-0.049	-0.1448	0.1384	0.3373	-0.1303	0.0931	-0.0856	-0.0235	0.0052	0.076	-0.1076	-0.0898	-0.1464	0.0095	-0.2116	0.0003	0.0802	-0.2903	-0.1346	0.0779	-0.315	-0.0688	0.21	0.0435	-0.1131	-0.4302	-0.1052	0.1156	0.1378	-0.1394	-0.464	-0.0237	0.0256	-0.2369	-0.5194	-0.0464	-0.1161	-0.3267	0.0881	0.3954	0.2305	-0.2962	0.3364	-0.1374	-0.2068	-0.382	-0.3083	-0.2722	0.2684	0.082	0.4358	-0.1562	-0.5404	0.1273	-0.0688	0.0043	0.4379	-0.3264	-0.0209	0.3105	0.1828	0.0466	0.474	0.139	0.2535	1	0.2137	0.1209	-0.0651	0.1913	-0.0009	-0.1424	-0.4498	-0.2019	0.2697	-0.3795	-0.2429	-0.1421	0.2546	0.1009	0.2041	-0.2544	0.2796	-0.2127	-0.0081	-0.2009	0.2301	-0.3688	0.1909	-0.3004	-0.0465	-0.2254	-0.1536	-0.3647	0.1085	-0.2493	-0.1293	0.104	-0.2659	0.1805	0.3207	-0.3371	-0.1476	-0.2414	-0.1479	0.1295	0.2289	-0.3754	0.0312	-0.3456	0.1607	-0.1825	-0.2303	-0.0166	0.4879	0.298	-0.0096	0.2275	0.2798	0.0506	0.3307	-0.2889	-0.3373	0.2439	-0.0863	-0.0441	0.1659	-0.0727	0.1688	-0.1829	0.3137	0.1649	0.2752	0.193	-0.175	0.27	-0.1734	-0.1314	-0.2657	-0.2628	0.1927	-0.369	-0.2541	-0.4166	0.0797	0.0412	-0.0869	0.2534	-0.0523	-0.2916	-0.1869	-0.2318	-0.1432	-0.3157	0.3089	-0.2405	-0.1945	-0.016	-0.1713	0.3879	-0.3217	0.037	-0.4103	-0.2361	-0.1903	-0.3161	-0.3628	-0.0682	-0.1329	-0.0415	0.0946	0.1623	0.202	-0.0426	-0.0101	-0.0767	0.0011	0.3622	0.2989	-0.1945	0.1415	0.1493	0.2603	-0.4797	0.134	-0.1558	-0.1986	0.162	0.0987	-0.3718	-0.4282	0.2474	0.0669	0.0551	0.049	-0.1232	-0.1977	0.1225	-0.3471	-0.2936	-0.0015	0.0378	-0.1486	0.0241	0.2916	0.0232	-0.0447	0.0807	0.1292	0.3703	-0.0282	-0.021	0.1709	0.3006	-0.1622	0.1232	0.2283	-0.426	0.1951	0.2454	0.293	0.1289	-0.0807	0.0781	0.0327	-0.0303	-0.1131	-0.0533	-0.3069	-0.061	-0.1084	-0.0296	0.0438	-0.4858	-0.1488	-0.1856	0.3467	-0.0923	0.0057	0.1974	-0.2427	0.1006	-0.3092	-0.1637	0.2931	0.0012	-0.4209
Sg_EB09_7	0.2037	-0.217	-0.2173	-0.1184	-0.0913	0.0052	0.1659	-0.1834	-0.2406	0.0402	-0.018	0.0673	0.6822	0.1174	0.1817	-0.2904	-0.0938	-0.1445	0.8676	0.7964	-0.1777	-0.0798	-0.0202	0.2632	-0.305	-0.1618	0.3067	-0.3293	-0.0245	0.1375	-0.0194	-0.0497	0.0889	-0.0527	-0.1877	0.1363	-0.1797	0.1318	0.3185	-0.122	-0.1705	-0.125	0.0393	-0.0431	-0.1295	-0.1544	-0.082	0.1891	-0.0787	-0.1935	-0.2604	0.1122	-0.2742	-0.0049	-0.2341	0.0295	-0.0314	0.1133	-0.0423	-0.1128	0.0588	0.1293	-0.0322	0.1478	0.7753	0.1889	-0.0633	-0.0743	0.1205	0.0498	-0.0944	0.6283	0.0982	-0.0204	-0.1048	-0.1193	-0.3477	-0.0885	-0.1861	0.1297	-0.1327	0.0503	-0.2384	-0.3313	-0.2942	-0.1202	0.2506	-0.0239	-0.0402	0.3918	-0.0521	-0.0583	-0.093	-0.058	0.1633	-0.0889	-0.0966	-0.0298	-0.1838	0.0828	-0.3099	-0.3549	-0.3563	-0.0912	0.1016	0.7845	-0.1521	-0.2761	-0.0606	-0.1259	-0.2404	-0.028	-0.1826	-0.0071	-0.077	0.1305	0.1216	0.0221	-0.133	-0.2293	0.0308	-0.1028	-0.1286	0.7599	0.0197	-0.0462	-0.0836	0.1342	0.0029	-0.0238	-0.1099	-0.1722	-0.0947	0.0289	-0.2493	-0.1829	0.7747	-0.1483	-0.1535	-0.1147	-0.0156	0.079	-0.2301	0.89	-0.1219	-0.0109	-0.0119	0.1692	0.2137	1	0.0902	-0.1635	-0.0164	0.0835	-0.2759	-0.0283	-0.2703	0.8157	-0.1798	0.0168	-0.0069	0.4721	0.3201	-0.1916	-0.1138	0.0233	-0.0583	0.2594	-0.0941	-0.0458	-0.2567	0.8867	-0.0253	-0.1894	-0.1564	-0.0475	-0.0268	-0.217	-0.1939	0.0477	-0.1342	0.0461	-0.1642	-0.2039	-0.0348	0.0724	0.2331	0.0451	-0.1765	0.5772	-0.0782	0.0048	-0.2404	0.118	0.0553	-0.0808	-0.0673	-0.1313	0.8334	0.2312	0.0787	-0.205	-0.1375	0.154	-0.0281	-0.102	0.0823	-0.0336	-0.1013	-0.2839	-0.217	0.6144	0.0234	-0.1656	0.9222	-0.1742	-0.3098	-0.2931	-0.0983	-0.1656	-0.0438	-0.1384	0.1035	-0.099	-0.1152	0.0747	0.0933	-0.0304	-0.1025	-0.1439	0.1628	0.2977	-0.1357	-0.1844	-0.1078	0.0323	-0.2643	0.6171	-0.1383	-0.246	-0.1489	-0.272	-0.1452	-0.1278	-0.0595	0.0512	0.0188	-0.2777	0.1296	0.1077	-0.114	-0.0431	0.1126	-0.2283	0.0022	0.0021	-0.0242	0.0108	0.1514	-0.3756	-0.2146	-0.2168	-0.3348	-0.0356	-0.0206	-0.0333	-0.0925	-0.0954	-0.197	0.1909	-0.0855	0.0367	-0.2215	-0.1418	0.8667	0.2385	0.0012	-0.1781	-0.1769	-0.2302	-0.1908	0.1009	0.003	0.1433	-0.0739	-0.1394	-0.1146	0.6245	-0.2703	0.0473	-0.3503	-0.0895	-0.0352	-0.3556	0.1129	-0.1627	-0.0713	0.0191	-0.0551	-0.2949	-0.0241	-0.1078	0.2325	-0.1455	0.2169	-0.3326	-0.0934	-0.1785	-0.2284	-0.2126	0.1142	0.0175	-0.0284	-0.0449	-0.213	-0.0594	-0.1561	-0.2092	-0.0101	-0.1604	-0.1928	-0.211	-0.0477	-0.0174	0.0113	-0.1989	-0.2862	-0.0279	-0.1304	-0.0488
Sg_EB10_11	0.2198	-0.1232	0.0545	-0.3436	-0.1104	-0.3832	0.1236	-0.4474	-0.0443	-0.0967	-0.0904	0.1227	0.0377	0.0897	-0.2419	0.0464	-0.0576	0.1224	0.1356	0.166	-0.1072	-0.2513	-0.1882	-0.0443	-0.1767	-0.1481	-0.1538	-0.2877	-0.006	0.1143	-0.2341	-0.0793	-0.2001	-0.1538	-0.2184	0.1592	-0.1024	0.3131	-0.0555	-0.1806	-0.0182	-0.2402	0.2079	-0.1218	0.1604	-0.0292	-0.1825	0.063	-0.2394	-0.3425	-0.3753	0.1836	-0.1393	0.0126	-0.3743	-0.1916	-0.1485	-0.1995	0.0055	-0.0637	0.8936	0.2024	-0.0391	-0.1731	-0.056	0.4003	-0.1724	-0.0348	0.0521	-0.1909	0.211	0.1671	0.3189	0.0991	0.3225	0.1831	-0.0442	-0.0185	0.2193	0.0594	-0.2358	0.0952	-0.0666	-0.1234	0.3061	-0.1581	-0.0884	0.3861	0.0438	0.2523	-0.3927	-0.2229	-0.31	-0.0856	0.0697	-0.0511	-0.2351	0.0237	-0.3921	-0.0247	-0.3211	-0.1989	-0.2899	-0.2863	0.2152	0.211	-0.2037	0.1502	-0.1197	-0.0428	-0.3332	0.2779	-0.3582	0.1088	-0.2899	0.2329	-0.1543	0.0576	-0.3159	-0.3839	0.0882	-0.186	-0.0304	0.1467	0.0951	-0.0765	0.0898	0.1703	-0.0935	0.0512	-0.3426	-0.2976	0.1395	0.2921	-0.4086	0.0197	0.167	-0.346	-0.0825	-0.1569	0.017	0.7009	-0.1062	0.1673	-0.1381	0.001	0.8504	0.3313	0.1209	0.0902	1	-0.4022	0.7393	-0.0688	0.0504	-0.2556	-0.3489	0.1478	-0.0257	0.1575	-0.2161	0.0404	0.1296	-0.2102	0.2216	0.2171	0.0988	0.2909	-0.1771	-0.2716	0.1207	0.1469	0.0684	-0.366	-0.2495	0.7492	0.0912	-0.2103	-0.0178	0.0402	-0.2488	-0.0197	0.2908	-0.0975	0.0698	-0.1794	0.1292	-0.0892	-0.2839	0.0638	0.0987	-0.2287	0.1176	0.8203	0.0465	-0.1674	0.812	-0.095	0.1667	0.3171	0.2662	-0.0395	-0.0371	-0.0071	0.2134	-0.1905	0.0337	-0.4414	-0.172	-0.3758	0.0759	0.0638	-0.1539	-0.0074	0.1206	0.1675	-0.0976	-0.3131	-0.3699	0.0704	-0.1987	-0.046	0.0647	-0.2808	0.1929	0.0138	-0.0106	0.8409	-0.0399	0.2	-0.1294	0.2022	-0.3766	-0.1689	0.1678	0.0819	0.0831	0.189	-0.2477	-0.1293	-0.3792	-0.3982	0.1015	0.302	-0.0666	0.0696	-0.2151	-0.3405	0.0373	0.0685	-0.3093	-0.0464	0.2405	-0.2019	-0.1583	-0.224	-0.3613	-0.1854	-0.0281	0.094	-0.1102	0.0345	-0.1682	0.2367	0.6949	0.0702	-0.1126	-0.2607	-0.3555	0.118	-0.3582	-0.2726	0.1111	0.0117	0.0839	0.1256	0.8868	0.0018	-0.1857	-0.1915	-0.1911	-0.1848	0.0744	0.2769	0.4576	-0.031	0.0163	-0.0109	-0.3469	0.4378	0.0949	-0.2357	0.0833	-0.1739	0.288	0.0823	-0.0363	-0.4226	0.7824	-0.1356	-0.0461	-0.0885	-0.2767	-0.3194	-0.1037	-0.3082	0.0969	-0.0664	0.2077	-0.3619	0.2541	0.1999	-0.1246	-0.0681	-0.3416	-0.2032	0.1451	-0.1863	0.0077	-0.0187	-0.5491	-0.3931	0.2362	-0.1711	0.9179	0.2369	-0.2565	-0.2618	-0.3542	0.0206
Sg_EB13_4	-0.1654	-0.29	0.0806	0.2029	0.0858	0.8186	-0.0217	0.8422	0.0072	0.1285	-0.0673	0.1256	-0.1561	-0.3712	0.5231	0.2039	-0.1262	-0.1295	-0.1537	-0.1563	-0.1548	0.2606	0.4445	-0.0863	0.2356	-0.3143	0.0109	0.4085	0.1808	-0.0473	0.3938	0.2193	0.4522	-0.145	-0.1364	0.0006	-0.1507	-0.1714	-0.0197	0.6524	0.3289	-0.0778	-0.4466	-0.2496	-0.3742	0.4456	0.493	-0.3901	0.7354	0.6335	0.6388	0.0198	0.6785	0.0663	0.8088	0.0866	0.1763	0.3348	-0.139	-0.1249	-0.4684	-0.3283	-0.0318	0.268	0.0563	-0.399	-0.1041	-0.2905	0.094	-0.032	-0.3884	-0.0165	-0.6039	-0.3079	-0.3966	-0.2506	0.0209	-0.0119	-0.4071	-0.1971	0.6724	-0.2648	-0.1132	-0.0774	-0.1504	0.0975	0.0141	-0.3576	-0.0739	-0.339	0.1425	0.4466	-0.0561	0.5234	-0.0418	0.3959	0.0106	-0.3323	0.7277	0.3143	0.502	0.3833	0.5036	-0.2442	0.0138	-0.1888	0.6265	-0.3397	0.0054	0.5576	0.6449	0.0574	0.54	-0.3786	0.7268	-0.0562	-0.1569	-0.3758	0.729	0.7703	-0.3903	-0.0248	0.0154	-0.1461	-0.347	0.3613	-0.0223	-0.3566	-0.1358	-0.5444	-0.1448	0.2531	-0.2987	-0.3126	-0.1952	-0.1294	-0.1357	0.7837	-0.1909	0.4891	-0.3666	-0.4105	-0.0324	-0.1753	-0.1769	0.042	-0.4856	-0.3134	-0.0651	-0.1635	-0.4022	1	-0.404	0.0407	0.168	0.5493	0.1221	-0.1686	-0.3758	-0.0374	-0.1127	0.0586	-0.0746	0.3118	0.1479	-0.0357	-0.2369	-0.2654	0.6539	-0.0923	-0.3239	-0.1924	-0.3047	0.8099	-0.2214	-0.321	-0.1022	0.2537	0.1492	0.3215	0.4018	-0.0027	-0.0629	0.54	-0.4158	0.3533	-0.1237	-0.3285	0.2314	-0.0298	-0.1589	0.3333	0.1545	-0.4311	-0.0977	-0.106	-0.3878	0.0497	-0.1469	-0.1992	-0.357	-0.193	-0.1948	-0.0324	-0.4506	0.2965	0.1474	0.1268	-0.2465	0.3059	-0.0302	-0.0183	-0.1483	-0.1746	-0.1665	-0.3104	-0.2555	0.7231	0.3534	-0.4086	-0.2314	-0.0827	-0.313	-0.1097	-0.3532	-0.4468	-0.3114	-0.4332	-0.1438	-0.4136	-0.168	0.0289	-0.0841	-0.2577	-0.0091	0.2233	-0.3462	-0.1305	-0.0865	0.0168	0.9638	0.7058	-0.2659	-0.3374	0.3273	-0.4209	-0.1811	0.7912	-0.4467	-0.0644	-0.0097	0.0598	-0.0554	-0.0149	-0.3435	0.0566	-0.0301	0.0924	-0.0029	0.0602	-0.0151	0.2604	0.1839	-0.1639	-0.3275	-0.1234	-0.1886	0.0099	0.6407	-0.243	0.2771	0.0744	-0.3082	-0.1854	-0.116	0.0353	-0.4646	-0.079	-0.1114	0.625	0.2575	-0.0593	-0.3749	-0.1421	-0.6225	-0.3207	-0.0956	-0.1184	0.6691	-0.2957	-0.3368	0.3282	0.0124	0.1511	-0.0938	-0.2675	-0.1965	0.0072	-0.3814	0.0692	-0.1537	0.0498	0.5529	0.0935	0.1762	0.0269	0.0473	-0.1725	0.1192	0.734	-0.0785	-0.174	0.161	-0.0798	0.6456	0.2976	-0.0274	0.6663	-0.2501	-0.2785	0.1548	0.25	-0.3856	0.7591	-0.4807	-0.2488	0.6635	0.2609	0.1775	0.0203
Sg_EB21_10	-0.0088	0.0494	0.1396	0.1266	0.155	-0.3284	0.1458	-0.3363	0.001	0.0157	-0.0013	-0.2111	0.0028	-0.0011	-0.31	0.074	-0.062	0.1401	0.0898	0.1095	-0.1802	0.0965	0.1456	-0.05	0.1059	0.0641	-0.0471	0.1138	-0.2288	-0.1899	0.0467	0.0146	0.0466	0.1567	-0.2655	-0.1699	0.0271	-0.0286	-0.0927	-0.0483	-0.0922	-0.1624	-0.0115	-0.2486	0.1972	-0.1905	0.0331	-0.1147	-0.3381	-0.2574	-0.2905	0.0878	-0.1533	0.1266	-0.37	-0.2807	0.1926	0.0519	-0.0721	-0.0989	0.7189	0.0351	-0.0891	0.027	0.0007	0.1761	-0.1279	-0.0874	0.1792	-0.003	0.0056	0.1191	0.2231	0.0348	0.1346	-0.0494	0.0426	0.0168	0.1205	-0.0982	-0.2448	-0.0809	0.1281	-0.109	0.3494	0.0344	-0.0086	0.6576	0.2223	0.1341	-0.0441	0.0057	-0.287	-0.0696	-0.2146	-0.2788	-0.1881	0.2007	-0.298	-0.1611	-0.0202	-0.3307	0.0139	-0.1022	-0.1641	0.1724	-0.1639	0.3384	-0.1638	-0.1236	-0.0326	0.1488	-0.1833	-0.1746	-0.2684	-0.1057	-0.269	-0.176	-0.3104	-0.2721	-0.0378	-0.1215	0.0112	0.1705	0.108	0.1067	0.024	-0.0046	0.0453	-0.0801	-0.3789	0.1253	-0.0102	0.3504	-0.1419	-0.0491	0.187	-0.3219	0.009	0.1264	-0.1494	0.729	0.1063	0.079	-0.0239	0.0623	0.8478	0.1585	0.1913	-0.0164	0.7393	-0.404	1	-0.2406	0.0995	-0.3108	-0.1127	0.0847	0.0252	-0.0357	-0.2381	0.1196	-0.1623	0.0327	0.2399	0.0267	0.0257	0.0857	-0.063	-0.1709	-0.0268	0.0823	-0.0143	-0.4253	-0.0592	0.5697	-0.041	-0.1549	-0.0659	-0.056	-0.2438	-0.0495	0.5051	-0.0255	-0.1426	-0.4088	-0.0187	-0.173	-0.0247	0.0845	-0.0326	0.2221	-0.0106	0.7869	0	-0.1879	0.827	0.1667	0.168	-0.0526	0.1207	0.2541	-0.0505	-0.1282	0.1242	-0.0878	0.0074	-0.3689	0.1338	-0.0894	0.173	0.082	-0.0946	0.2648	0.0564	0.3853	0.1554	-0.4144	0.0852	0.1169	-0.3516	-0.1705	-0.1585	-0.2925	-0.0711	-0.1483	-0.1488	0.7486	0.0425	0.2145	-0.1871	-0.0508	-0.3578	-0.169	0.2198	-0.0776	0.1097	0.1593	-0.0598	-0.1444	-0.3871	-0.3419	0.246	0.3065	-0.1771	-0.0783	-0.3217	-0.321	-0.1525	-0.1314	-0.2627	-0.104	-0.1422	-0.0333	-0.1356	-0.1896	-0.3463	-0.0881	-0.2913	0.1963	0.1951	0.1742	0.2353	0.2367	0.8533	0.2036	-0.1184	-0.3017	-0.3509	-0.1572	-0.0096	-0.2356	0.1729	-0.0769	0.0664	0.0629	0.7826	-0.0658	-0.1893	-0.1644	0.1216	-0.1312	-0.112	-0.0819	0.444	0.1561	-0.0425	0.0317	-0.0909	0.7294	0.1581	0.1478	0.0813	0.0876	-0.061	0.3207	0.2014	-0.4753	0.8572	0.1925	-0.0112	0.0882	-0.1459	0.0814	0.1443	-0.16	0.5605	0.0738	0.4388	-0.4399	-0.0504	0.3755	0.1961	0.234	-0.3501	-0.1513	-0.0199	-0.1875	-0.2801	0.1997	-0.4388	-0.215	0.2292	-0.1677	0.8318	0.0427	-0.2796	0.1052	-0.1634	-0.1484
Sg_EM03_4	0.0284	-0.0881	0.1199	-0.1301	-0.1338	-0.039	0.022	-0.0228	0.0582	-0.1082	0.0686	0.0828	0.1664	0.2488	-0.0369	-0.127	-0.0886	0.0418	0.0519	0.1877	-0.0194	0.1122	-0.0455	0.0616	-0.1435	-0.1963	0.2036	-0.2726	0.0305	0.0278	-0.1258	0.223	-0.0481	-0.2162	0.0673	0.0689	-0.021	0.1231	0.0574	0.0089	-0.035	0.0316	0.1921	0.1079	-0.1965	0.0733	-0.1242	0.1914	-0.0116	-0.2125	-0.0509	0.0723	0.1527	0.1207	-0.0826	-0.0344	-0.1861	-0.2302	0.1464	-0.0259	-0.0885	-0.05	0.0421	-0.156	0.0808	0.0172	-0.1342	0.0733	0.111	-0.0875	0.0053	0.1728	0.1338	-0.0424	0.065	0.0378	-0.0158	0.0894	0.0201	-0.0347	-0.0707	0.2813	-0.0614	0.0002	-0.1823	-0.0914	0.0869	-0.1976	-0.0159	0.1862	-0.0149	-0.2054	0.0844	0.0093	0.0694	0.1883	0.4063	-0.1609	-0.1534	0.1094	-0.2517	0.1086	-0.1388	0.0626	0.0812	0.1255	-0.0461	-0.2225	0.1076	-0.0925	-0.1599	0.084	-0.1898	0.1389	-0.0563	0.0572	0.3138	0.072	-0.046	-0.095	0.0482	-0.1337	0.0497	0.0175	-0.0338	-0.0203	-0.0379	0.138	0.0646	0.0937	0.0713	-0.1102	-0.115	0.065	0.0676	-0.1096	0.062	-0.0931	-0.1932	-0.1186	0.1053	-0.2654	-0.1376	0.1508	-0.0797	0.0484	-0.182	0.2335	-0.0009	0.0835	-0.0688	0.0407	-0.2406	1	-0.0327	0.1009	-0.0335	0.1108	-0.161	-0.1105	0.1807	-0.1025	0.2139	-0.1597	-0.1284	0.1984	0.2228	0.2849	-0.0947	0.1273	-0.1501	0.0408	-0.0632	0.0478	0.0602	-0.3038	0.161	0.016	0.1514	-0.0615	0.0865	0.0725	-0.1958	-0.0007	0.0409	0.1642	0.145	0.0854	0.0006	-0.0102	-0.2083	-0.2051	-0.2051	-0.1001	-0.0662	-0.0355	-0.2841	-0.1814	0.0788	0.1224	0.196	-0.0983	0.0423	0.131	0.0752	-0.0054	-0.1052	0.1252	-0.1128	-0.0861	-0.2148	0.1758	0.2312	-0.125	0.092	-0.0435	-0.1568	0.0291	-0.1142	0.1552	0.2548	0.1259	0.105	0.0974	0.0271	0.1779	0.103	-0.1727	0.1528	0.0352	0.1109	-0.0554	0.0245	-0.054	-0.0345	0.0035	-0.0605	0.0215	0.0134	-0.01	0.0671	-0.0535	-0.1208	-0.3395	-0.0057	0.1602	0.1448	-0.0001	0.252	0.0366	0.0673	0.0052	0.108	0.0107	0.1046	0.1552	0.0987	0.2053	0.0604	-0.154	-0.1305	-0.2159	-0.2485	0.062	-0.2165	0.0379	-0.014	0.0495	-0.0144	0.16	-0.1895	-0.1711	-0.1103	-0.0476	0.1442	0.0475	-0.126	0.1748	-0.0971	-0.0555	-0.1168	0.1317	0.0069	0.1774	-0.1837	-0.1628	-0.0971	0.1791	-0.173	-0.2413	0.0322	-0.1034	0.1518	-0.0138	0.0811	-0.1933	-0.0651	0.1139	-0.2576	-0.1685	-0.1331	-0.0499	-0.0002	-0.1822	-0.2361	-0.1456	-0.1858	0.0547	-0.2114	-0.0132	-0.0075	-0.0121	-0.2768	-0.3148	0.0419	0.0575	-0.1479	-0.225	0.1703	-0.077	-0.0009	0.0161	0.041	-0.0367	-0.1357	-0.0897	-0.1301	-0.1154	-0.2196	0.1409
Sg_EM03_7	0.0479	-0.3777	0.0145	0.0939	0.0279	0.1501	-0.1164	0.1692	-0.2229	-0.2886	-0.2005	0.094	-0.2261	-0.1659	0.1407	-0.1484	-0.106	-0.1335	-0.1798	-0.2321	-0.1888	-0.0549	-0.026	-0.4247	0.1257	-0.003	-0.3011	0.1617	0.1828	0.0002	-0.0513	0.0583	-0.0864	-0.3301	-0.2037	0.1953	-0.2926	0.0424	-0.3244	0.149	0.1087	0.0667	0.1185	-0.0562	-0.2073	0.2334	0.1802	0.072	0.1815	0.1769	0.1798	-0.2938	0.2905	-0.2498	0.264	-0.3369	-0.1495	-0.1113	0.0425	-0.2509	0.0032	0.1479	0.134	-0.0103	-0.1367	0.1278	-0.099	0.09	-0.143	-0.2066	0.0937	-0.225	-0.2433	0.1706	0.1941	0.0258	-0.0668	-0.3385	0.2436	-0.1018	0.3589	-0.1127	-0.3469	0.0948	0.3277	0.0505	-0.3333	0.159	-0.088	0.0351	-0.1979	0.4524	-0.3452	0.3974	-0.0819	0.3657	-0.2351	0.1851	0.2435	0.3005	0.4234	0.2807	0.1588	0.2058	-0.0159	-0.245	0.3259	0.2534	0.25	0.2871	0.2045	0.1501	-0.1406	0.0451	0.158	0.0672	-0.1039	0.1237	0.1603	0.2907	0.096	-0.0233	-0.3238	-0.1167	0.1382	-0.1739	0.101	0.1422	0.0475	0.0675	-0.0612	-0.1574	0.0155	-0.2285	-0.1775	0.3055	-0.1018	0.2348	-0.3469	-0.0744	0.1897	0.2491	-0.3539	-0.1785	-0.0936	-0.3219	0.0922	-0.1984	-0.1424	-0.2759	0.0504	0.168	0.0995	-0.0327	1	0.3159	-0.0713	-0.2852	0.0541	-0.0184	-0.1134	-0.0174	0.0837	0.0258	0.4931	-0.1104	-0.0899	0.1868	0.2567	-0.0839	0.0336	-0.1354	0.2435	0.2517	0.1742	0.0852	0.3188	0.0527	0.498	0.3098	0.1167	0.3028	0.2104	0.0215	-0.0147	0.0407	0.1515	-0.0392	-0.3119	-0.0921	0.0947	0.1008	0.4151	0.097	0.0766	-0.081	0.0763	-0.1153	-0.2091	-0.0064	-0.2603	-0.3634	0.02	-0.3148	0.1037	0.4988	-0.1652	-0.0835	0.0655	-0.2037	-0.0406	-0.0845	-0.0215	-0.3804	-0.2043	-0.1171	-0.2679	0.2468	-0.0345	0.1987	-0.1607	0.2027	0.1541	-0.207	0.0063	-0.0245	0.0913	-0.0347	-0.3323	-0.2317	-0.4211	-0.1466	0.0715	0.2157	0.4869	0.0831	0.2356	-0.1437	0.1189	-0.1837	0.1324	0.3943	-0.3463	0.1915	-0.0259	0.0396	-0.0605	0.3026	-0.0883	0.3044	-0.2419	-0.2827	0.0123	0.0378	-0.0103	-0.3071	-0.2299	-0.0748	-0.132	-0.1727	-0.3126	-0.0053	0.1976	-0.1516	0.105	-0.3433	0.0003	-0.0917	0.2994	0.0394	-0.1682	-0.1424	0.2139	0.1402	-0.2283	-0.1519	0.1463	-0.0992	0.2365	0.305	-0.0769	0.1234	-0.0383	-0.0591	-0.1251	0.3591	0.2837	-0.1306	0.1903	0.1086	-0.098	-0.1101	-0.0293	-0.0365	-0.0228	-0.3007	-0.215	-0.2137	0.0848	-0.3008	0.2464	-0.3639	-0.0307	-0.2453	-0.0273	-0.0398	-0.0451	-0.2606	0.0221	0.0999	-0.0417	0.2378	-0.0727	0.3478	0.3214	-0.0442	0.4142	0.3653	-0.0569	-0.4167	-0.1855	-0.1864	-0.2557	0.3315	0.0435	0.0174	0.2118	-0.1024	0.2439	0.2515
Sg_EM12_46	0.2209	-0.3535	-0.3353	-0.0254	-0.1074	0.4078	-0.3666	0.3406	-0.1696	-0.1601	-0.3158	0.3066	-0.101	-0.3797	0.4959	-0.0591	-0.1754	-0.4485	-0.0122	-0.0778	-0.093	-0.0013	0.0238	-0.4205	-0.0131	-0.0709	-0.2361	0.1638	0.408	0.1928	-0.027	0.1166	-0.0759	-0.4243	-0.1801	0.3038	-0.5191	0.1694	-0.27	0.4131	0.23	0.1546	0.1274	-0.1597	-0.3663	0.5407	0.1557	0.0295	0.4009	0.3728	0.2835	-0.3224	0.3983	-0.3584	0.4557	-0.336	-0.1533	-0.0478	-0.0812	-0.2921	-0.2539	0.199	0.0699	-0.1209	0.0911	0.0093	-0.2404	-0.0424	-0.242	-0.4389	0.0435	-0.0589	-0.5098	0.0261	-0.0516	0.0318	-0.2189	-0.4847	-0.0263	-0.0193	0.6107	-0.0847	-0.4855	-0.1151	0.0209	-0.0244	-0.1592	-0.0873	-0.0544	-0.1136	0.0155	0.3636	-0.2347	0.56	0.2276	0.5275	-0.1283	-0.0298	0.3945	0.2891	0.5355	0.2778	0.1832	0.0306	0.1643	-0.1149	0.4169	-0.1172	0.3324	0.4197	0.2953	0.0822	0.2054	0.1015	0.4574	0.159	-0.0032	0.0993	0.3339	0.4774	0.1298	-0.2674	-0.4606	-0.0245	0.0995	-0.0684	0.0057	0.1373	0.1742	0.0017	0.1136	-0.2229	-0.1131	-0.5447	-0.204	0.3239	0.0115	0.3952	-0.4351	-0.0964	0.0953	-0.1626	-0.3247	-0.0096	-0.183	-0.4141	-0.2927	-0.2469	-0.4498	-0.0283	-0.2556	0.5493	-0.3108	0.1009	0.3159	1	0.0376	-0.1038	-0.0627	0.1127	0.0121	0.0431	0.0887	-0.1242	0.4242	-0.1684	0.0092	-0.0735	0.5747	-0.3326	0.0013	0.0101	0.1205	0.5462	0.0308	-0.0903	0.3648	0.0533	0.45	0.3665	0.2404	0.2283	-0.0496	0.0223	-0.0301	0.3333	0.2956	-0.2223	-0.2025	-0.0108	0.0675	0.1296	0.3777	-0.2899	0.1234	-0.0689	-0.2161	-0.3086	-0.0491	0.0624	-0.3197	-0.4795	-0.2068	-0.3101	0.0087	0.4863	-0.1245	0.0071	-0.2699	-0.0711	-0.0639	0.0748	-0.0244	-0.5008	0.0175	-0.4209	-0.4815	0.4694	-0.0431	-0.0358	-0.1448	0.1377	0.1657	-0.3507	0.061	0.0299	0.142	-0.3402	-0.4072	-0.4575	-0.2994	0.1268	0.2081	0.0409	0.4413	0.3519	0.0992	-0.0691	0.0771	-0.0637	0.4918	0.5047	-0.5162	-0.0483	0.1517	0.1925	0.0932	0.5724	-0.0043	0.2806	-0.1586	0.0519	0.1685	-0.074	-0.2136	-0.152	-0.1282	-0.0348	0.1603	-0.1936	-0.4445	-0.134	0.1011	-0.382	-0.1958	-0.3635	0.1423	-0.2587	0.4312	0.1864	-0.2073	-0.163	-0.0246	0.1899	0.0025	0.0126	-0.2226	-0.1473	0.1509	0.4881	-0.1151	0.2506	0.0797	0.1115	-0.4738	-0.091	0.0516	-0.0755	0.3301	-0.1434	-0.3349	-0.0748	-0.2694	-0.1774	0.1354	-0.5368	-0.4547	0.0247	-0.2832	-0.354	0.198	-0.3628	0.2065	-0.3465	0.0096	-0.0515	-0.1661	-0.3187	-0.0302	0.4158	0.0382	0.1565	-0.0728	0.0819	0.3298	0.0629	0.3855	0.4876	-0.0386	-0.5485	-0.0626	-0.0676	-0.4685	0.6738	-0.2918	0.0309	0.4582	-0.1334	0.025	0.4013
Sg_EM12_61	-0.2554	0.313	0.1952	0.3598	0.3761	0.1139	0.1577	0.2928	0.3508	0.0036	0.0846	-0.3546	-0.2288	-0.0228	0.0066	0.0908	0.1339	0.19	-0.3064	-0.1374	0.2114	0.3099	0.3885	-0.0379	0.2105	0.1214	0.0326	0.3105	-0.3286	-0.3933	0.3049	0.3686	0.1953	0.3493	0.2149	-0.44	0.3105	-0.4009	-0.0799	0.2004	-0.0332	0.6798	-0.2471	-0.0614	0.0814	0.0249	0.2337	-0.1909	0.0514	0.3076	0.3253	0.0441	0.1268	0.0587	0.1014	0.0191	0.356	0.116	-0.1048	0.2137	-0.3582	-0.2355	-0.2641	0.0432	-0.0193	-0.3226	-0.0723	-0.0235	-0.0276	0.1637	-0.2175	-0.1839	-0.0674	0.0635	-0.1398	-0.2153	0.3037	0.1255	-0.2486	0.0052	0.1023	-0.1369	0.2542	0.1453	-0.2624	0.0981	0.037	-0.08	0.0923	-0.1783	0.3276	-0.1229	0.3291	0.0391	-0.2388	-0.0394	0.1324	-0.0066	0.264	0.1401	0.1983	0.1336	0.3528	0.0987	-0.4005	-0.1889	0.2148	0.0077	-0.0221	-0.1194	0.2804	-0.3288	0.2565	-0.14	0.1149	-0.3705	-0.012	-0.0959	0.0652	0.2426	-0.0889	-0.0247	0.1052	-0.1982	-0.1559	0.1136	-0.254	-0.3174	0.1529	-0.0526	-0.0161	0.477	-0.0571	-0.0616	0.5151	-0.04	-0.2152	0.0076	0.3234	0.2749	-0.0964	-0.1554	0.2966	-0.2172	0.3709	0.0993	-0.2929	-0.2778	-0.2019	-0.2703	-0.3489	0.1221	-0.1127	-0.0335	-0.0713	0.0376	1	-0.2363	0.0199	-0.2663	0.1161	-0.1315	-0.4359	0.2134	-0.0966	-0.2404	-0.0389	-0.3371	0.0706	0.2768	-0.1208	-0.3303	-0.2513	0.1126	0.2036	-0.2498	-0.1341	0.1037	0.085	-0.2791	0.2131	-0.2196	0.0597	0.0738	-0.1764	0.0587	-0.1356	0.1428	0.4422	-0.2198	-0.2104	0.2288	-0.1156	-0.3711	-0.1461	-0.0289	-0.2102	0.3005	-0.2039	-0.4513	-0.1753	0.3128	0.0685	-0.0764	-0.1649	0.1062	0.0027	0.2329	0.1564	0.3953	0.0559	-0.1736	0.2205	0.2722	-0.2431	0.1784	0.349	0.0985	0.4412	-0.0777	0.074	-0.0151	-0.1483	0.2537	-0.2552	0.0029	-0.231	-0.2754	0.1343	-0.0081	-0.0786	-0.3613	0.0007	0.0699	0.04	-0.0325	-0.0455	-0.2957	0.3456	0.0978	0.1277	0.1287	0.0429	-0.1552	-0.0857	-0.1142	0.0738	0.1297	-0.2027	-0.1764	0.4327	0.0478	-0.4074	0.4219	0.0352	0.3844	0.0897	-0.0301	-0.2161	0.2029	0.3427	0.026	0.2836	0.2035	-0.2041	0.1799	-0.0122	0.1618	0.1997	-0.2411	0.4067	0.0399	-0.0309	-0.057	-0.1609	-0.0888	-0.3078	0.235	0.0729	0.0802	0.4031	-0.006	-0.1508	-0.3111	-0.057	-0.027	-0.076	-0.1828	0.2356	-0.0838	0.0174	0.3654	0.0984	0.3915	-0.4155	-0.0336	0.1848	0.1285	-0.2542	0.4207	-0.0635	0.3587	0.0281	0.4158	0.0653	0.3176	0.3608	0.2137	0.0407	0.2045	-0.3806	-0.091	0.429	0.0754	0.074	0.2503	-0.1578	0.1421	-0.1422	0.2411	0.3117	0.3013	0.0381	-0.0166	-0.2789	-0.0775	0.2317	0.4563	0.2028	-0.2179
Sg_EM22_6	0.1642	-0.1133	-0.1231	-0.039	0.0017	0.0089	0.215	-0.1296	-0.2083	0.1823	0.1191	-0.0038	0.8124	-0.0275	0.1635	-0.113	-0.1071	-0.0581	0.8549	0.8998	-0.2311	0.1061	0.0957	0.3673	-0.2132	-0.1484	0.3113	-0.2109	-0.1327	0.025	0.0692	-0.1113	0.1612	0.1207	-0.2862	0.0016	-0.1068	0.0671	0.3029	-0.1489	-0.2145	-0.166	-0.1156	-0.1762	-0.0599	-0.2683	-0.0599	-0.0073	-0.0933	-0.2145	-0.2985	0.1783	-0.3281	-0.0042	-0.2418	-0.0001	0.1326	0.2509	0.0293	-0.1321	0.1407	-0.1225	-0.0558	0.2359	0.7619	0.0209	-0.0778	-0.1388	0.2518	0.1339	-0.1326	0.7397	0.1283	-0.0729	-0.1826	-0.1904	-0.28	-0.0011	-0.2202	-0.1262	-0.216	-0.0163	-0.1282	-0.3121	-0.2361	-0.0481	0.3012	0.0793	-0.0963	0.3901	0.121	-0.0201	-0.1701	-0.1222	0.0254	-0.2547	-0.0179	-0.1675	-0.2549	0.001	-0.2278	-0.3768	-0.2152	-0.1503	0.0244	0.9203	-0.1344	-0.2867	-0.2521	-0.1331	-0.0856	-0.0586	-0.147	-0.1688	-0.0791	0.0144	0.0031	-0.1075	-0.0815	-0.2377	-0.12	-0.1086	0.0063	0.8214	-0.0174	0.1704	-0.0308	-0.0738	0.044	-0.1724	-0.1099	-0.0415	-0.1397	0.1086	-0.1747	-0.2051	0.812	-0.1857	-0.1214	0.0499	-0.2022	0.1075	-0.088	0.7072	-0.2293	0.1468	0.0781	0.1133	0.2697	0.8157	0.1478	-0.1686	0.0847	0.1108	-0.2852	-0.1038	-0.2363	1	-0.2591	-0.0448	-0.0666	0.5926	0.2933	-0.0295	-0.1643	-0.0115	-0.1027	0.1268	-0.0065	-0.0902	-0.2234	0.7945	-0.0611	-0.2281	-0.0451	0.0394	-0.0984	-0.2125	-0.293	0.0007	-0.1127	-0.0933	-0.0385	-0.1289	-0.06	-0.103	0.1528	-0.1298	-0.0322	0.7012	-0.0613	0.1375	-0.2939	0.1541	-0.0145	-0.0059	0.0093	-0.0176	0.8815	0.1626	0.0586	0.0005	-0.2034	0.1447	-0.0895	-0.1924	0.0298	-0.0513	-0.0826	-0.1557	-0.0455	0.6539	-0.1086	0.0226	0.8051	-0.0825	-0.2144	-0.3288	0.0225	-0.1682	-0.0771	-0.2694	-0.0783	-0.1105	-0.1371	-0.0524	-0.1074	0.0426	0.0394	-0.1418	0.2365	0.2964	-0.1606	-0.3152	-0.185	-0.144	-0.322	0.7156	-0.0933	-0.3306	-0.1526	-0.4085	-0.0227	-0.1095	0.0059	-0.0432	0.017	-0.3808	0.021	-0.0219	-0.1482	-0.0565	0.0598	-0.2264	-0.12	-0.024	-0.0762	0.1315	0.0329	-0.2097	-0.0365	-0.0529	-0.2088	0.068	0.0992	0.2173	-0.0863	-0.162	-0.3059	-0.0723	0.0176	-0.0096	-0.3242	-0.1381	0.84	0.1863	0.0578	-0.1935	-0.2859	-0.2626	-0.1037	0.0285	-0.139	0.1025	-0.0914	-0.2157	-0.1789	0.7579	-0.181	0.111	-0.252	0.0548	0.0652	-0.2787	0.07	-0.0768	0.0169	-0.023	-0.0065	-0.0791	-0.2062	-0.063	0.3954	-0.0234	0.3828	-0.3268	0.044	-0.2004	-0.0385	-0.2338	0.0776	-0.0015	0.0179	-0.0705	-0.2633	-0.005	-0.3229	-0.2855	-0.119	0.0006	-0.1477	-0.0048	0.1214	-0.0881	0.0648	-0.2291	-0.3018	0.1473	-0.0763	-0.2523
Sg_EM25_40	0.1804	0.2163	-0.2821	-0.185	-0.2893	-0.4788	-0.2866	-0.4128	-0.0508	-0.256	-0.0575	0.0507	-0.1186	-0.0345	-0.231	-0.0778	0.1748	0.0739	-0.1803	-0.1462	0.1453	-0.2782	-0.4779	-0.2815	-0.1754	0.5467	-0.4303	-0.117	0.0637	0.0899	-0.3205	-0.0942	-0.3611	0.0163	0.1107	0.0204	-0.1676	0.1139	-0.4539	-0.3008	-0.0072	0.2069	0.4773	0.0954	0.4995	-0.1784	-0.4711	0.3204	-0.4497	-0.2299	-0.3524	-0.3664	-0.3145	-0.2479	-0.3422	0.0025	-0.3712	-0.4116	0.0279	0.0427	-0.0431	0.3307	0.341	-0.4064	-0.2934	0.0576	0.1185	0.418	-0.395	-0.2945	0.6362	-0.1723	0.1951	0.316	0.4179	0.655	-0.1843	-0.1064	0.458	-0.0117	-0.3259	0.1004	-0.0886	0.3038	0.1975	-0.174	-0.4195	0.3839	0.0021	0.1491	0.0597	0.01	0.1374	-0.173	0.0075	-0.0563	-0.1006	0.3713	-0.2965	-0.3471	-0.0403	-0.1625	-0.2849	0.3871	0.068	-0.141	-0.3454	0.3524	0.1975	-0.3579	-0.3792	-0.0066	-0.0874	0.4435	-0.4111	0.0361	0.1243	0.5134	-0.1514	-0.3071	0.3694	0.0644	-0.0976	-0.1217	0.2911	-0.4527	0.1074	0.2371	0.4535	0.4008	0.3331	-0.2679	0.0541	-0.1184	0.2864	0.6647	-0.0593	-0.2745	0.0938	-0.4991	0.3926	0.1486	-0.104	-0.0986	0.123	-0.2794	0.0746	-0.1251	-0.3795	-0.1798	-0.0257	-0.3758	0.0252	-0.161	0.0541	-0.0627	0.0199	-0.2591	1	0.0545	-0.045	-0.224	0.0122	-0.1609	-0.0011	-0.2715	0.2217	0.0424	-0.2869	-0.0152	0.7596	-0.0989	0.3659	-0.3275	0.2754	0.1639	0.3056	-0.2143	0.1184	-0.0673	-0.2501	0.2646	-0.0496	-0.4112	0.6936	-0.1706	0.0751	0.1944	-0.1815	-0.1622	0.6102	-0.0714	0.1196	-0.0013	0.0879	0.1749	0.1028	-0.2868	-0.2177	0.1074	-0.0779	-0.0817	0.327	-0.1501	0.4776	0.0006	-0.2795	0.084	0.3528	-0.2368	-0.0889	-0.1825	0.0842	-0.0761	-0.1068	-0.211	0.1426	-0.2895	-0.3754	0.3554	0.2834	0.1888	0.1742	0.0005	0.6081	0.389	0.4936	0.072	-0.0906	0.3581	0.0599	-0.1213	0.4003	0.3443	0.1077	-0.1471	0.4365	-0.1324	0.2333	0.3264	-0.3918	-0.1299	-0.162	0.6349	-0.0795	0.4589	0.1237	-0.2101	0.2814	0.042	0.1091	0.1215	0.0329	0.0254	0.1998	-0.148	0.2929	0.0562	0.0497	0.0368	-0.1796	-0.2718	0.1291	-0.2543	-0.0675	-0.236	0.7388	0.1623	-0.0959	0.1613	-0.2886	0.0404	0.618	0.7049	-0.1494	-0.0741	0.0819	0.1693	0.114	-0.0286	-0.1144	0.1745	0.3579	0.0863	0.1751	0.3342	0.1296	-0.1606	-0.3455	0.2292	0.0336	-0.1439	-0.2725	-0.2461	0.1063	0.1606	-0.1211	0.3216	0.0695	-0.1715	0.477	-0.0936	-0.4673	-0.1276	-0.227	0.2839	-0.2141	0.1381	-0.1484	-0.2689	0.013	0.1775	-0.0469	0.1538	-0.1944	-0.2419	0.3752	-0.1468	0.1402	-0.1055	0.1142	-0.1637	-0.0404	-0.1691	0.0422	0.595	-0.2508	-0.4436	0.0725	0.1581
Sg_EM30_38	0.2648	-0.1153	-0.2641	-0.3207	-0.3012	-0.1353	-0.2344	-0.1391	-0.0883	-0.1688	-0.19	0.7192	-0.0184	0.0069	0.2077	0.0852	-0.1512	-0.1922	0.0025	-0.0376	0.0233	-0.2334	-0.301	0.0019	-0.3204	-0.1671	-0.2022	-0.1118	0.515	0.6672	-0.2515	-0.0367	-0.2483	-0.348	-0.1381	0.6641	-0.2095	0.6644	-0.2486	-0.1627	0.3393	-0.0894	0.2257	0.011	-0.271	0.1103	-0.3444	0.1049	-0.127	-0.0583	-0.2401	-0.1466	-0.1976	-0.0379	-0.038	-0.0878	-0.3148	-0.1072	-0.1296	-0.0724	0.1525	0.2931	0.2504	-0.3683	-0.0128	0.0009	0.0532	-0.0816	-0.323	-0.2335	0.211	-0.1451	-0.199	0.0875	0.1649	0.2062	-0.1701	-0.0745	0.2034	-0.0495	-0.1609	-0.1044	-0.2469	-0.2413	0.0398	-0.3628	-0.2551	-0.0427	-0.1745	0.0758	-0.3064	0.1414	-0.2574	-0.0397	0.5014	-0.0881	-0.2199	-0.0696	-0.1212	-0.1537	0.052	-0.1675	-0.3004	-0.0439	0.7045	-0.0175	-0.1402	-0.1181	0.2475	0.3369	-0.2122	0.2242	0.3024	0.1381	0.0474	0.5989	-0.1497	0.1281	-0.0642	-0.0414	0.0474	-0.0027	-0.0567	-0.0517	0.182	-0.0737	0.1004	0.1199	-0.0478	0.16	0.1348	-0.3572	0.2999	-0.2467	-0.2774	0.1754	0.0063	0.1158	-0.2405	-0.292	0.0926	-0.0287	-0.2181	0.0022	-0.1663	-0.0599	0.0866	0.0885	-0.2429	0.0168	0.1575	-0.0374	-0.0357	-0.1105	-0.0184	0.1127	-0.2663	-0.0448	0.0545	1	-0.1648	-0.019	0.3151	-0.1195	-0.0227	0.0851	-0.0074	0.2275	0.036	-0.3368	0.1794	0.0524	0.0766	-0.1098	0.0316	0.1862	0.0329	0.141	-0.232	0.4095	-0.1685	0.1609	-0.2341	-0.0701	0.1688	-0.0358	0.039	0.0496	-0.2326	-0.0096	0.3264	-0.188	0.168	0.056	0.1089	0.0877	0.0622	-0.228	-0.042	0.6554	0.036	-0.3074	0.0552	-0.1076	0.1533	0.0957	0.2551	0.0071	-0.2368	-0.2288	-0.0152	0.0437	-0.1745	-0.2861	0.0111	-0.314	-0.2903	-0.0653	-0.3343	-0.049	0.0074	0.2168	0.1336	-0.0187	0.1892	0.0074	0.1527	0.0737	-0.2194	-0.0229	-0.1313	0.6535	0.1427	0.1273	-0.1124	0.0165	0.0207	-0.0058	-0.3111	-0.0098	-0.1392	-0.1216	-0.2166	0.2317	0.3613	0.1013	-0.0006	-0.0221	0.0177	0.1572	-0.3101	0.5989	0.653	-0.2084	-0.071	-0.3765	-0.0713	-0.1862	0.3999	-0.1745	-0.2742	0.0477	-0.1264	-0.3083	-0.0653	-0.2622	0.1808	-0.249	-0.1793	0.1064	-0.2131	-0.0633	0.0416	0.053	-0.0614	0.1242	0.0855	-0.244	0.0153	0.1542	-0.2867	-0.0761	0.1753	0.5055	-0.0557	0.1289	0.0409	-0.0639	-0.1756	0.0487	-0.2105	-0.2931	-0.28	-0.2851	0.7141	-0.2514	-0.2876	0.1047	0.0356	-0.2904	0.2529	-0.3317	-0.0935	-0.3087	-0.1489	-0.1669	-0.1597	-0.2121	-0.0208	0.0534	0.747	-0.0471	-0.1516	-0.0832	-0.0524	-0.2647	0.1905	-0.0423	0.032	-0.2913	-0.1189	-0.1558	-0.1892	0.1188	0.0825	0.1387	-0.0168	-0.3118	-0.1101	0.0036
Sg_EM30_40	-0.1012	0.0322	0.0766	0.0392	0.0208	-0.0598	0.0751	-0.0571	0.1868	-0.069	0.2273	-0.2652	-0.1778	0.2768	-0.0682	-0.1628	0.0212	0.0287	-0.1224	-0.0794	0.0918	0.054	0.0357	0.0322	0.1006	0.1173	0.2277	-0.1102	-0.1034	-0.0228	0.1046	-0.05	0.0387	0.1247	0.0694	-0.1186	0.2394	-0.1747	0.1346	-0.1467	-0.1162	0.0855	0.0581	-0.0096	0.0668	-0.1814	-0.0217	0.0675	0.0448	-0.1447	0.0937	0.0517	-0.0137	-0.0082	-0.0656	0.034	0.1115	-0.0068	0.074	0.1934	-0.1063	-0.015	-0.0698	-0.0761	-0.152	0.134	0.2712	0.0649	0.0156	0.118	0.1017	-0.059	0.304	-0.1587	-0.101	0.0202	0.2149	-0.0042	0.0208	0.2125	-0.0311	-0.0234	0.3332	0.0626	0.0825	0.13	0.104	-0.1791	-0.0338	-0.1529	0.0746	-0.1623	0.1424	-0.2495	-0.1184	-0.0624	0.3542	-0.1596	-0.0892	-0.0592	-0.1338	0.0859	-0.0066	0.1552	-0.1625	-0.0998	-0.1332	-0.0807	-0.0307	-0.1259	-0.1481	-0.0294	-0.102	0.123	-0.058	-0.1035	0.1751	0.0079	-0.0817	-0.021	0.0688	0.2899	-0.0464	-0.1676	-0.146	0.0254	-0.0209	0.2014	-0.115	0.1463	0.2509	0.0659	0.1659	0.1256	0.2575	-0.0285	-0.1577	-0.1491	0.2385	0.031	0.2287	-0.1428	0.0479	-0.1143	0.2526	0.0716	-0.1723	0.1	-0.1421	-0.0069	-0.2161	-0.1127	-0.2381	0.1807	-0.1134	0.0121	0.1161	-0.0666	-0.045	-0.1648	1	-0.1106	-0.0732	-0.0663	-0.1437	-0.0584	0.0663	-0.0981	-0.134	0.2662	0.0028	-0.1603	-0.0211	-0.1072	0.1572	-0.2162	-0.0102	-0.1337	0.0025	-0.2939	-0.069	-0.0283	-0.2684	-0.0237	0.2322	0.016	-0.086	0.4198	0.0875	-0.152	-0.0557	-0.1516	-0.0332	-0.0819	-0.0554	0.145	-0.1794	-0.0052	-0.16	-0.1339	0.051	0.158	-0.1046	0.1702	0.145	-0.1241	-0.079	0.1081	0.124	0.2127	0.0502	-0.015	0.1565	0.1217	-0.1062	0.0835	0.1373	-0.0108	-0.0338	0.1004	0.3621	0.0019	0.0434	0.1654	0.1276	0.1817	-0.0232	-0.1087	0.3219	0.0685	0.1592	-0.0532	0.1983	0.0511	0.1287	0.0191	0.1697	-0.2602	0.0195	-0.0094	-0.1093	-0.1199	0.1842	-0.1633	-0.3498	0.0857	0.2323	-0.0819	0.2347	-0.0218	0.3149	-0.2421	-0.2168	0.0523	0.1462	0.0723	0.303	0.1427	-0.1315	-0.0557	0.1449	-0.278	0.073	0.1099	-0.067	0.1674	-0.0295	0.1618	-0.1158	-0.0039	0.1445	0.0882	-0.0695	-0.0433	-0.1612	-0.1408	-0.0938	0.232	0.061	-0.2729	0.0001	-0.0713	0.3227	-0.2144	0.0899	-0.1129	0.0933	-0.1555	-0.155	-0.1914	0.1511	0.0191	0.1569	0.2027	-0.2092	0.0923	0.1607	0.0798	-0.1155	0.0878	0.0428	0.1885	-0.0529	0.1199	-0.119	0.0307	-0.0256	0.1223	-0.2466	-0.074	-0.1385	-0.0527	-0.0582	-0.1708	0.0392	0.1213	-0.0351	-0.1315	-0.0253	0.1619	0.2868	0.2145	0.1814	-0.2458	-0.1632	-0.0148	-0.0041	0.0137	0.0703	0.1071
Sg_EM34_4	0.2178	-0.2756	-0.2583	0.1999	0.207	0.214	0.126	0.1166	-0.4643	0.3197	0.1495	-0.0387	0.6122	-0.3185	0.4024	-0.1081	-0.2121	-0.146	0.7265	0.446	-0.4265	0.1436	0.2726	0.1788	-0.0235	-0.1022	0.2001	0.1534	-0.0603	-0.0672	0.2628	0.0591	0.256	0.0092	-0.3917	-0.0229	-0.3125	-0.0624	0.1456	-0.0021	-0.0225	-0.1117	-0.2546	-0.3801	-0.1534	-0.1467	0.2767	-0.1305	0.1459	0.0313	-0.1539	0.045	-0.0947	-0.075	-0.0325	-0.1443	0.1754	0.5564	-0.2055	-0.2477	-0.0391	-0.2262	-0.017	0.3144	0.6154	-0.0517	-0.1561	-0.2	0.1927	0.0218	-0.1265	0.3837	-0.2847	-0.1653	-0.2626	-0.3666	-0.3569	-0.0906	-0.1969	-0.1296	0.0185	-0.3083	-0.2502	-0.1587	-0.0847	0.1188	0.3621	0.2744	-0.1115	0.234	0.2455	0.3199	-0.3912	0.1055	-0.0839	-0.3071	-0.0242	-0.0691	-0.0288	0.0385	0.128	-0.3231	0.0798	-0.0369	-0.1254	0.5902	0.2202	-0.0506	-0.0411	0.0462	0.2424	0.2308	0.1439	-0.2506	0.1403	0.0068	-0.0842	-0.1152	0.0708	0.0396	-0.1427	-0.1582	-0.0671	0.7908	0.1354	0.3624	0.0329	-0.0902	0.1166	-0.2049	-0.2451	-0.0137	-0.096	-0.1617	-0.2182	-0.1074	0.6459	0.0176	-0.2785	0.2325	-0.1192	0.1467	-0.2563	0.5078	-0.2679	0.0859	0.1208	-0.0511	0.2546	0.4721	0.0404	0.0586	0.1196	-0.1025	-0.0174	0.0431	-0.1315	0.5926	-0.224	-0.019	-0.1106	1	0.2356	0.1884	0.0971	-0.1546	-0.2291	0.0938	0.3224	-0.3478	-0.2597	0.6414	-0.0964	0.0259	0.1259	0.0541	-0.0596	-0.0351	-0.131	0.2138	0.1768	0.0321	0.1165	0.0907	-0.177	-0.2591	0.2802	-0.2369	-0.0712	0.9179	0.012	0.385	0.0006	0.1277	0.0466	-0.1803	0.0734	0.0325	0.7263	-0.0288	-0.0907	-0.1934	-0.2141	-0.0007	-0.0234	0.023	0.0398	-0.093	-0.213	-0.0752	-0.1892	0.6274	-0.0156	-0.18	0.4796	-0.1879	-0.3168	-0.041	0.2327	-0.3346	-0.169	-0.1397	-0.1687	-0.1573	-0.1618	-0.1318	-0.0575	0.0356	-0.2242	-0.43	0.0822	0.1405	-0.2278	-0.2098	-0.0093	-0.1816	-0.301	0.8072	0.0207	-0.4916	0.034	-0.1423	-0.1232	0.0224	0.0466	-0.1137	-0.2635	-0.0913	-0.0775	0.0259	-0.2196	-0.0656	-0.0687	-0.2911	-0.2193	-0.1668	-0.1611	0.1768	-0.1623	-0.1816	-0.1883	0.0646	0.0696	-0.1592	0.2109	0.0567	-0.235	-0.3401	-0.1028	-0.1138	0.1622	-0.0975	-0.296	-0.1465	0.5489	0.0935	0.072	-0.3402	-0.2002	0.0284	-0.0805	0.0437	-0.2032	-0.0971	-0.2248	-0.1389	-0.0177	0.7106	0.1187	0.2513	-0.3886	0.1696	-0.1789	-0.2465	-0.0918	-0.0989	-0.0869	-0.123	0.0679	-0.1659	-0.1365	-0.2405	0.6846	0.0624	0.6493	-0.3242	0.178	-0.4282	0.0901	-0.1438	0.049	0.0872	0.2106	0.3138	-0.1089	-0.1297	-0.0576	-0.0338	-0.1742	-0.1706	-0.2275	-0.0172	-0.1042	0.1692	0.0383	-0.1945	-0.123	0.2776	0.1771	-0.2291
Sg_G06_49	0.396	-0.3329	-0.2977	-0.2689	-0.0988	-0.11	-0.2209	-0.1792	-0.3262	-0.1491	-0.0695	0.4526	0.3039	-0.0138	0.1596	-0.2095	-0.0191	-0.2617	0.3011	0.2478	-0.1093	-0.2118	-0.2859	0.0878	-0.2653	-0.0804	-0.1092	-0.22	0.2287	0.3945	-0.1443	-0.0929	-0.126	-0.3558	-0.2137	0.3915	-0.3442	0.4314	0.0352	-0.0575	0.1559	-0.2388	0.2511	0.1408	-0.2511	-0.0205	-0.2491	0.2985	-0.0769	-0.2622	-0.3452	-0.1225	-0.0157	-0.0368	-0.1993	-0.0935	-0.2479	-0.0653	0.1778	-0.2009	0.0655	0.0892	0.295	-0.0224	0.1516	0.211	-0.0509	0.0837	-0.3629	-0.2487	0.1684	0.2752	-0.0056	0.045	0.0373	0.1397	-0.5459	-0.0413	0.2923	0.1041	-0.0291	0.1121	-0.3593	-0.0586	-0.1003	-0.4153	-0.0613	-0.0466	-0.3066	0.3404	-0.0828	0.0907	-0.1312	0.0259	0.3191	0.0948	-0.1867	-0.0633	-0.2251	0.0026	-0.2364	-0.0076	-0.3419	-0.107	0.4414	0.225	-0.0007	-0.1413	0.1931	0.0088	-0.2447	0.4957	-0.1777	0.2398	-0.1318	0.4702	0.0912	0.2221	-0.0309	-0.2404	0.2347	-0.0986	-0.0657	0.2616	0.0886	-0.0785	0.033	0.2877	0.0694	0.1741	-0.0214	-0.465	0.104	-0.1303	-0.329	0.0813	0.2487	-0.135	-0.2429	-0.212	0.1503	-0.0333	-0.4181	0.3258	-0.0237	-0.0164	0.0128	0.1839	0.1009	0.3201	0.1296	-0.0746	-0.1623	0.2139	0.0837	0.0887	-0.4359	0.2933	0.0122	0.3151	-0.0732	0.2356	1	-0.5174	0.0774	0.1566	0.144	0.4155	-0.1077	-0.2083	0.109	0.3621	0.2088	-0.0878	0.1963	-0.0346	0.1716	0.1566	-0.0514	0.2459	-0.0195	0.2335	-0.1155	-0.1099	0.2015	0.1583	0.2015	-0.0387	-0.3221	0.2362	0.1272	-0.2271	0.0974	0.0616	0.1037	-0.0872	-0.0899	-0.3029	0.3279	0.4833	0.1075	-0.4246	0.0873	-0.0455	0.3645	0.0459	0.0762	-0.1118	-0.236	-0.348	-0.2822	0.2301	-0.1279	-0.3699	0.243	-0.3086	-0.4009	0.0162	-0.3637	-0.0576	0.0605	0.0663	0.1449	-0.1064	0.2137	0.1581	0.3187	0.0012	-0.2931	-0.19	0.0553	0.2737	0.0488	0.073	0.0071	-0.0457	0.1514	0.3438	-0.2051	-0.2798	-0.1025	-0.2386	-0.2911	0.1076	0.0098	0.221	0.0496	-0.1518	0.3539	0.1788	-0.3652	0.0398	0.3685	-0.2831	0.0719	-0.1702	0.0335	0.0013	0.2375	-0.4519	-0.4027	-0.1	-0.3687	-0.2668	-0.1314	-0.1673	-0.0117	-0.0649	-0.1298	0.3868	-0.2599	-0.1278	0.0266	0.0414	0.3044	0.1745	0.0875	-0.0778	-0.103	-0.0332	-0.4198	0.0918	0.0684	0.3676	-0.252	-0.0375	0.0161	0.2843	-0.2461	-0.1376	-0.3652	-0.2987	-0.3213	-0.5756	0.4095	-0.431	-0.2561	0.1204	-0.0575	-0.4605	0.2064	-0.4782	0.0174	-0.3992	-0.0626	-0.3589	-0.4251	-0.3705	-0.2467	-0.0891	0.3275	0.0275	-0.2033	-0.0277	-0.1194	-0.2742	0.2072	-0.036	0.2652	-0.3414	-0.1857	-0.2535	-0.0372	0.0326	0.0104	0.1177	-0.2533	-0.2534	0.0063	0.124
Sg_G06_9	-0.2044	0.016	0.3628	0.5495	0.2526	0.4387	0.372	0.4993	0.0915	0.2237	0.0021	-0.2155	-0.0605	-0.2853	0.1774	0.1362	0.1296	0.1163	0.0019	-0.0913	-0.1149	0.3318	0.4635	0.0513	0.2693	-0.1587	0.1151	0.4034	-0.1041	-0.1645	0.4781	0.204	0.4906	0.3461	-0.0548	-0.1872	0.1657	-0.373	-0.0524	0.106	0.1368	-0.0037	-0.5282	-0.194	-0.0706	0.1024	0.4459	-0.3061	0.3089	0.4037	0.398	0.2142	0.1462	0.0643	0.3855	0.0519	0.4552	0.5001	-0.2622	-0.1409	-0.2877	-0.4535	-0.2579	0.3172	0.0866	-0.4923	-0.0669	-0.2775	0.4181	0.4097	-0.4176	-0.0471	-0.3068	-0.1522	-0.2838	-0.4194	0.2561	0.0425	-0.4558	-0.2165	0.1104	-0.3022	0.2502	0.0232	-0.0643	0.491	0.1165	-0.1246	0.1308	-0.2741	0.1645	0.243	-0.1328	0.1635	-0.2802	-0.1811	0.2355	0.0822	0.4151	0.1345	0.2765	-0.0114	0.3568	0.0593	-0.2859	-0.0032	0.3426	-0.0627	-0.1391	0.1884	0.4882	-0.1293	0.299	-0.5335	0.4208	-0.342	-0.0583	-0.3887	0.3135	0.4416	-0.4298	-0.0018	0.1292	0.0704	-0.0266	0.2821	0.0761	-0.4143	-0.0415	-0.3383	-0.0971	0.4873	-0.0393	-0.1734	0.1625	-0.1992	0.0053	0.4207	-0.0276	0.5152	-0.4071	-0.1235	0.2789	-0.2173	-0.1074	0.0998	-0.2036	-0.4508	0.2041	-0.1916	-0.2102	0.3118	0.0327	-0.1597	0.0258	-0.1242	0.2134	-0.0295	-0.1609	-0.1195	-0.0663	0.1884	-0.5174	1	-0.0245	-0.3443	-0.3821	-0.3232	0.302	0.108	-0.2929	-0.0903	-0.408	0.3645	-0.0656	-0.1046	-0.337	0.0837	-0.0997	0.1166	0.1458	-0.1725	0.1777	0.4633	-0.3851	-0.2691	-0.1414	-0.2108	0.2636	0.1587	-0.0968	0.5043	-0.0298	-0.1855	0.0549	0.0425	-0.1675	0.4839	-0.0509	-0.3971	-0.4497	0.254	-0.0609	0.2169	-0.5912	0.0434	0.0933	0.1516	0.0764	0.3367	-0.0021	0.0472	0.0864	0.2115	-0.1304	0.1631	0.1718	0.1766	0.5421	-0.1492	-0.1714	-0.0857	-0.3614	-0.0041	-0.4659	-0.4364	-0.4014	-0.2509	0.144	-0.1876	-0.0206	-0.1263	-0.0451	-0.0644	-0.1241	-0.2116	-0.4701	0.0607	0.187	-0.0337	0.347	0.3646	0.1035	-0.2134	0.2195	-0.4397	-0.1296	0.3039	-0.4548	-0.353	0.1164	-0.045	-0.263	0.0763	-0.1098	0.0295	-0.1078	0.1587	-0.2086	0.1606	0.3422	0.4467	0.4505	0.0219	0.0067	0.0765	-0.1046	-0.0085	0.1636	-0.4246	0.3937	0.129	-0.2895	-0.1516	-0.1524	-0.1188	-0.2947	-0.1746	-0.1006	0.1104	0.3969	-0.0725	-0.2818	-0.3684	-0.1126	-0.0519	-0.0033	-0.0024	0.4854	0.1491	0.1119	0.4848	0.3414	0.3779	-0.3062	0.1514	0.1624	-0.1481	-0.1655	0.3557	-0.4364	0.3288	0.3902	0.4694	0.3565	0.0821	0.2967	0.1001	0.0297	0.2253	-0.1078	-0.0749	0.4046	0.1806	0.3204	0.1973	-0.2487	0.1837	-0.4031	0.2068	0.0247	0.1257	-0.1622	0.2276	-0.2411	-0.2624	0.287	0.5125	0.2454	-0.3576
Sg_G09_4	0.1963	-0.2582	-0.193	0.1431	0.0199	0.1088	-0.2214	0.1208	-0.0927	-0.1708	-0.2677	0.0756	-0.2158	-0.2911	0.2506	-0.0576	-0.0491	-0.2047	-0.0555	-0.14	-0.2484	-0.0043	-0.0079	-0.4582	0.0425	0.0348	-0.1706	0.2174	0.2204	0.0314	-0.0138	0.0049	-0.1031	-0.3248	-0.3246	0.2078	-0.366	0.1385	-0.3137	0.1701	0.2431	-0.0566	0.048	-0.1572	-0.2499	0.4196	0.2532	0.1016	0.1547	0.1489	0.1817	-0.2388	0.1719	-0.3897	0.1459	-0.4012	-0.1203	0.07	-0.1124	-0.3076	0.1319	0.0927	0.0646	0.0034	-0.0536	0.1146	-0.4201	0.0443	-0.2002	-0.3508	0.0802	-0.09	-0.1813	-0.0569	0.0955	0.0469	-0.2699	-0.528	0.1866	0.0185	0.3446	-0.0427	-0.4039	-0.0009	0.2325	-0.0336	-0.1667	0.3046	-0.036	-0.0247	-0.0327	0.2627	-0.2997	0.4292	0.0231	0.3235	-0.1888	0.2236	0.2503	0.296	0.3065	0.1495	0.2035	0.0801	0.0092	-0.1624	0.2674	0.2204	0.212	0.3058	0.173	0.2814	-0.0649	0.0735	0.1877	0.1397	0.0216	0.148	0.0986	0.2616	0.0938	-0.4471	-0.495	0.0103	0.293	-0.0857	0.0844	0.1701	0.1764	0.1153	-0.254	-0.2582	-0.0744	-0.3293	-0.2439	0.2836	0.0532	0.1426	-0.2417	-0.0981	0.0434	0.2882	-0.2701	-0.0623	-0.2046	-0.4469	0.2595	-0.1147	-0.2544	-0.1138	0.2216	0.1479	0.2399	-0.1284	0.4931	0.4242	-0.0966	-0.1643	-0.0011	-0.0227	-0.1437	0.0971	0.0774	-0.0245	1	-0.1982	0.0342	0.1148	0.4959	-0.3996	0.0187	-0.0186	0.113	0.252	0.0397	0.2637	0.2204	0.0594	0.4579	0.3086	0.1187	0.1867	0.2564	0.0664	-0.0603	0.09	0.356	-0.1012	-0.1818	-0.0054	0.0926	0.1947	0.5647	0.2755	0.306	-0.1064	0.2898	-0.1436	-0.0392	0.0057	-0.2859	-0.2762	-0.2018	-0.4289	0.1147	0.3131	-0.1909	-0.3887	-0.1842	-0.1928	-0.1194	0.0797	0.0561	-0.2735	-0.0654	-0.0588	-0.2473	0.337	0.0224	0.1343	-0.354	0.033	0.0349	-0.5125	0.0665	-0.0235	0.1126	0.1416	-0.2949	-0.1363	-0.5718	-0.0659	-0.1553	0.0088	0.5946	0.2035	0.2776	-0.0299	0.0103	-0.209	0.1608	0.3573	-0.2468	0.1706	-0.1484	0.1175	-0.0522	0.2933	0.0833	0.203	-0.2013	-0.1004	0.0206	-0.1107	-0.2212	-0.074	-0.3831	-0.0279	-0.1914	-0.0876	-0.2823	0.0421	0.1884	-0.2713	0.2968	-0.2013	-0.0556	-0.2859	0.1807	0.1411	-0.1506	-0.2464	0.213	0.1222	-0.1106	-0.027	0.2433	-0.1857	-0.0357	0.0485	-0.0916	0.1156	-0.044	0.0348	-0.0078	0.1388	0.097	-0.1644	0.2694	0.2885	-0.0747	-0.0498	-0.2472	-0.2037	0.0185	-0.1671	-0.2221	-0.3469	0.2653	-0.1892	0.1875	-0.3169	0.0592	-0.2349	0.0551	-0.2678	0.1011	-0.2619	0.1138	0.0974	0.0378	0.4468	0.0777	0.2666	0.1162	-0.2186	0.5425	0.3722	-0.0288	-0.3399	-0.4058	-0.1321	-0.2107	0.4499	0.1973	0.0635	0.2899	-0.0475	-0.0506	0.3403
Sg_G10_35	-0.1033	0.0696	0.0933	-0.3055	-0.183	-0.1036	-0.015	-0.1135	-0.0513	0.0735	0.2438	0.111	0.0372	0.3969	-0.1341	-0.0058	-0.2194	0.2302	-0.0311	0.0419	0.1059	-0.0274	-0.1931	0.2343	-0.1149	-0.283	0.0726	-0.2671	0.0796	0.0145	-0.1221	-0.2398	-0.0864	-0.1184	0.1822	0.1246	0.1611	0.2931	0.3137	-0.1375	-0.0452	-0.3341	0.1498	0.0085	0.0302	-0.1902	-0.1785	-0.0155	-0.1455	-0.32	-0.0591	0.222	-0.0323	0.2511	-0.0789	0.1999	-0.0442	-0.1115	0.1343	0.32	0.297	0.0484	0.0591	0.0479	-0.1266	0.2877	0.0935	-0.0818	0.1569	-0.0948	0.008	-0.0072	0.0742	-0.1129	-0.076	0.0759	-0.0242	0.2719	0.0267	0.0829	-0.2416	0.1979	0.0401	-0.1819	-0.1357	-0.0985	0.1316	-0.1288	-0.0645	-0.0449	-0.3254	-0.248	0.1319	-0.2496	0.0743	-0.0022	0.189	-0.3006	-0.2675	-0.227	-0.2783	-0.1231	-0.1164	-0.1602	0.2687	0.0057	-0.2365	-0.1194	-0.111	0.0447	-0.2548	0.0692	-0.0611	0.0728	-0.1772	0.2782	-0.1601	-0.0566	-0.1278	-0.2192	-0.0523	0.1195	0.2259	-0.1522	-0.2269	0.3663	-0.1005	0.0501	-0.3083	-0.0285	-0.1543	-0.0717	-0.0716	0.4114	-0.0382	-0.313	-0.1746	-0.1249	0.1207	0.0286	0.0005	-0.0136	0.1214	-0.0256	-0.154	0.2933	0.2067	0.7646	0.2796	0.0233	0.2171	-0.0357	0.0267	0.1984	-0.1104	-0.1684	-0.2404	-0.0115	-0.2715	0.0851	-0.0584	-0.1546	0.1566	-0.3443	-0.1982	1	0.1083	0.0621	-0.1556	0.0602	-0.1142	-0.0719	-0.0598	-0.0896	-0.2807	0.0299	0.0404	-0.0741	-0.2274	-0.1291	-0.0093	-0.1445	-0.1776	0.1287	-0.0261	0.1195	0.031	-0.0533	0.0389	-0.0862	-0.2534	-0.3691	-0.3982	0.1753	-0.2263	-0.1301	0.107	0.0648	-0.0345	0.3296	0.8006	0.0934	0.0826	0.0492	0.0023	-0.1677	0.1016	-0.2204	-0.2197	0.0125	0.104	-0.0482	-0.1724	0.0858	-0.0643	0.0219	-0.0197	-0.1271	-0.1555	0.0087	-0.0721	-0.1598	0.1777	0.2202	0.0539	-0.0493	-0.0118	0.2041	0.067	0.0372	0.1801	0.1608	-0.2121	-0.2033	-0.3531	0.2143	-0.0314	0.0281	-0.3869	0.0775	-0.0433	-0.3065	0.2447	-0.1233	-0.001	-0.0333	-0.1133	-0.2274	0.0653	0.0935	0.0909	0.1439	0.3421	0.0884	-0.0504	0.0601	-0.0515	-0.1172	0.1731	0.0586	0.1067	0.0767	-0.3431	0.2925	0.0883	0.2916	-0.284	0.0625	-0.2255	0.1818	-0.0571	-0.0988	0.0693	-0.3217	-0.0467	0.1486	0.1931	0.1343	-0.0949	-0.1414	-0.0532	-0.2129	-0.021	0.3336	0.1414	-0.0504	0.1356	-0.0076	-0.243	-0.155	0.1151	-0.2621	0.1104	-0.0517	0.3179	0.1025	0.0022	-0.0522	0.1979	0.0314	-0.0975	0.1092	-0.0182	-0.1048	-0.2657	-0.039	-0.0437	0.0851	0.0411	-0.0034	0.1149	-0.176	-0.3555	-0.407	-0.1996	0.0964	-0.3225	-0.2836	0.2282	0.0903	0.0481	0.1219	0.3565	-0.2914	0.2145	-0.1256	-0.185	-0.0821	-0.183	-0.0278
Sg_G11_20	0.1357	0.0711	-0.1226	-0.2797	-0.1995	-0.3536	-0.221	-0.3816	-0.1794	-0.2745	-0.1329	0.0452	-0.1172	0.2743	-0.0966	-0.1204	0.143	0.0082	-0.1754	-0.0205	0.1629	-0.1962	-0.3366	-0.0454	-0.3137	0.2513	-0.0994	-0.1631	0.2185	0.0185	-0.3049	0.1495	-0.2038	-0.3041	0.211	0.0344	-0.1236	0.1445	-0.223	0.0383	-0.0415	0.2035	0.4666	0.0549	-0.0007	-0.0228	-0.3421	0.4202	-0.2453	-0.2794	-0.2623	-0.228	-0.0996	-0.1911	-0.3612	-0.1146	-0.2369	-0.3137	0.3474	0.0367	0.0575	0.1901	0.1006	-0.3044	-0.2149	0.2994	-0.0981	0.5447	-0.247	-0.2929	0.3555	-0.0108	0.1338	0.0346	0.2771	0.2819	0.0409	-0.1189	0.2248	0.2009	-0.1453	0.4643	-0.1221	0.2114	0.0068	-0.2596	-0.1637	0.083	0.0405	0.2786	-0.1424	-0.232	0.1067	0.057	0.076	0.0527	0.1277	0.1331	-0.2622	-0.2119	-0.2039	0.0035	-0.2996	0.2492	0.0713	-0.0777	-0.3492	0.0751	0.3229	-0.1992	-0.343	0.0983	-0.0728	0.349	-0.2673	0.0496	0.3905	0.3849	-0.3213	-0.2836	0.4415	-0.1899	-0.1706	-0.1976	0.2447	-0.2615	0.0913	0.4017	0.2646	0.4134	-0.0207	-0.3446	0.1157	-0.099	0.0144	0.3503	-0.0812	-0.3048	0.0066	-0.3675	0.345	0.033	-0.1877	0.0361	0.0675	-0.1761	0.0303	0.1386	-0.2127	-0.0583	0.0988	-0.2369	0.0257	0.2228	-0.0899	0.0092	-0.0389	-0.1027	0.2217	-0.0074	0.0663	-0.2291	0.144	-0.3821	0.0342	0.1083	1	0.24	-0.145	-0.2216	0.2813	-0.0496	0.3084	-0.2193	0.083	0.0266	0.4646	-0.0095	0.0609	-0.0544	-0.3199	0.2299	-0.0802	-0.2758	0.2415	0.1623	0.2657	0.3057	-0.138	-0.2238	0.1542	-0.2285	0.1077	0.0952	0.2639	0.0835	0.0036	-0.2696	-0.1191	0.1342	0.1983	-0.1278	0.2465	-0.2287	0.3817	0.1802	-0.3416	-0.2381	0.0576	-0.1546	-0.1178	0.0697	0.1517	-0.174	-0.0175	-0.172	-0.1549	-0.0358	-0.3459	0.2579	0.0436	0.2444	0.3775	-0.2507	0.3682	0.5859	0.4995	0.0598	-0.0935	0.1543	-0.0335	-0.0659	-0.0302	0.3061	0.0926	0.3774	0.3287	-0.1275	0.2041	0.0754	-0.2972	-0.181	-0.1504	-0.0237	-0.1326	0.4126	0.03	-0.0775	0.5005	0.3275	0.0082	0.0457	0.0624	-0.0394	0.0092	0.0223	0.1007	0.1128	0.0568	-0.0069	-0.2563	-0.3485	-0.2135	-0.0775	-0.0413	-0.2279	0.2407	-0.0948	-0.1276	0.3446	-0.2631	-0.0638	0.251	0.3015	-0.025	-0.1535	0.1395	0.0806	0.1382	0.0551	-0.2346	0.2719	0.394	0.1562	0.029	0.0545	-0.1357	-0.1053	-0.4537	-0.0403	-0.1385	-0.1977	-0.1731	-0.0519	0.0811	-0.0267	-0.1038	0.062	0.0435	-0.1824	0.309	-0.1998	-0.3902	-0.283	-0.1803	0.1259	-0.1751	0.0105	-0.2027	-0.0974	0.0395	0.3093	-0.2053	-0.1405	-0.2867	-0.1502	0.2022	-0.0962	0.4269	-0.1828	-0.1002	-0.1216	-0.0862	-0.2134	0.0714	0.3732	-0.134	-0.3339	-0.197	0.3521
Sg_G18_1	0.3672	-0.3758	-0.3604	-0.329	-0.1367	-0.274	-0.2832	-0.3084	-0.3532	-0.3168	-0.319	0.2765	0.2239	0.1367	0.0089	-0.4029	-0.2573	-0.1577	0.1804	0.1023	-0.1	-0.3472	-0.2277	-0.2108	-0.194	0.0124	-0.1443	-0.2503	0.0768	0.1939	-0.3487	0.1022	-0.2674	-0.4722	-0.1286	0.2753	-0.3898	0.3825	-0.1275	-0.139	0.1045	0.0609	0.3181	0.2193	-0.2108	-0.0135	-0.278	0.42	-0.1963	-0.1682	-0.2905	-0.1976	-0.0058	-0.2377	-0.3353	-0.1373	-0.2855	-0.2882	0.1849	-0.1688	0.1964	0.2901	0.2752	-0.2261	0.0848	0.415	-0.0485	0.3735	-0.3047	-0.2836	0.3257	0.1298	-0.0193	0.0416	0.4039	0.2402	-0.2224	-0.2486	0.2923	0.229	-0.0203	0.2936	-0.3481	0.0519	0.0874	-0.2799	-0.268	0.0703	-0.1225	0.359	-0.3258	-0.0054	-0.2484	0.1817	0.125	0.1511	-0.0276	0.1587	-0.2477	0.0913	-0.2048	0.0876	-0.3028	0.0794	0.308	0.1145	-0.0279	0.1942	0.3446	-0.0625	-0.443	0.3097	-0.352	0.3203	-0.1293	0.378	0.23	0.3846	-0.3073	-0.2572	0.385	-0.0525	-0.354	0.169	0.2458	-0.3469	-0.041	0.3547	0.0576	0.3957	0.0615	-0.5255	0.3002	-0.0884	-0.2687	0.2232	0.1468	-0.257	-0.392	-0.3878	0.4171	0.1431	-0.5076	0.3446	0.0292	-0.2637	0.2059	0.1575	-0.0081	0.2594	0.2909	-0.2654	0.0857	0.2849	0.1868	-0.0735	-0.3371	0.1268	0.0424	0.2275	-0.0981	0.0938	0.4155	-0.3232	0.1148	0.0621	0.24	1	-0.1889	-0.2861	0.0373	0.328	0.2851	-0.1602	-0.0072	0.0354	0.2153	-0.0248	0.163	0.2449	-0.2312	0.209	-0.0429	-0.1609	0.2121	0.1988	0.3269	0.2044	-0.4324	0.1007	0.195	-0.2928	0.2352	0.212	0.3261	0.0556	0.0661	-0.2225	0.1886	0.421	0.0666	-0.4701	0.0061	-0.074	0.3173	0.1807	-0.27	-0.1358	-0.0479	-0.4625	-0.4646	0.1402	0.189	-0.4241	0.2536	-0.2593	-0.3601	-0.1014	-0.3774	0.1739	0.1232	0.3157	0.346	-0.222	0.2387	0.3662	0.3831	0.2187	-0.0927	0.0019	-0.0416	0.1136	-0.0551	0.271	0.2324	0.0436	0.1444	0.1618	0.0539	-0.1659	-0.2429	-0.1546	-0.2757	0.0911	-0.0801	0.2912	0.0392	-0.1497	0.3803	0.3664	-0.3125	-0.1404	0.2591	-0.3691	0.1096	-0.1964	0.0128	-0.0458	0.0134	-0.4039	-0.4646	-0.0733	-0.3185	-0.2549	0.0385	-0.4067	-0.0229	-0.1162	-0.1181	0.3888	-0.3899	-0.0224	0.1443	0.1599	0.2053	-0.1274	0.2857	0.0946	0.2791	-0.0255	-0.3777	0.1547	0.2162	0.3998	0.0542	0.1643	0.2292	0.2457	-0.3375	0.0795	-0.2561	-0.4775	-0.1387	-0.3119	0.3197	-0.1737	-0.2737	-0.0106	0.0909	-0.5145	0.1927	-0.4944	-0.2243	-0.4144	-0.1192	-0.2308	-0.3422	-0.4239	-0.2764	-0.194	0.3134	0.3195	-0.2677	0.09	-0.0307	-0.3828	0.2534	-0.1771	0.387	-0.4146	-0.3638	-0.3911	-0.1363	-0.0647	0.2344	0.0029	-0.3043	-0.3866	-0.2415	0.3252
Sg_G18_19	0.0181	-0.3549	-0.0862	0.2435	0.033	0.6756	-0.2234	0.5865	-0.199	0.1501	-0.0789	0.1385	-0.0291	-0.5028	0.6709	0.1052	-0.2625	-0.226	0.0254	-0.0412	-0.3349	0.3495	0.4049	-0.2007	0.0833	-0.111	-0.1208	0.4817	0.2091	0.041	0.3288	0.1655	0.2609	-0.2594	-0.3904	0.091	-0.3652	-0.1051	-0.149	0.3298	0.1933	-0.0111	-0.2644	-0.4663	-0.4299	0.5005	0.5129	-0.19	0.5626	0.4818	0.364	-0.156	0.339	-0.1423	0.5295	-0.2338	0.2181	0.4211	-0.2819	-0.3338	-0.217	-0.1283	-0.0098	0.1664	0.1926	-0.2878	-0.2818	-0.1319	0.0441	-0.1894	-0.1513	0.1294	-0.5409	-0.3443	-0.3851	-0.2071	-0.0324	-0.3205	-0.2163	-0.2051	0.5278	-0.1862	-0.2934	-0.0877	0.0184	0.0694	0.0316	0.0908	-0.0642	-0.1157	0.2437	0.6209	-0.4203	0.5545	0.0156	0.2034	-0.0413	-0.0337	0.4192	0.1502	0.6623	0.0127	0.5281	0.0208	-0.0669	0.0111	0.4705	-0.199	0.1822	0.5187	0.6073	0.1619	0.5046	-0.2524	0.6575	-0.1001	-0.1101	-0.2187	0.3736	0.549	-0.166	-0.2955	-0.2487	0.0557	0.0677	0.3758	0.1031	-0.178	0.2215	-0.2932	-0.3348	0.095	-0.3301	-0.4262	-0.2356	0.1463	0.1633	0.5633	-0.3635	0.3341	-0.2284	-0.0914	-0.2173	-0.0661	-0.4618	-0.1443	-0.1589	-0.2939	-0.2009	-0.0941	-0.1771	0.6539	-0.063	-0.0947	0.2567	0.5747	0.0706	-0.0065	-0.2869	0.036	-0.134	0.3224	-0.1077	0.302	0.4959	-0.1556	-0.145	-0.1889	1	-0.3779	-0.2243	0.0153	-0.2316	0.6182	-0.0419	-0.0067	0.1518	0.029	0.1338	0.4664	0.3795	0.1646	0.1688	0.3806	-0.2975	0.1213	0.3039	-0.4011	0.0677	0.198	-0.104	0.5536	0.3396	-0.1186	0.0814	-0.2325	-0.0254	-0.0007	0.0533	-0.1784	-0.4085	-0.2893	-0.3082	-0.268	-0.2257	0.4843	-0.0328	-0.2616	-0.2953	0.1592	-0.0143	0.2755	-0.0611	-0.3234	-0.0273	-0.2696	-0.4312	0.4964	0.3316	-0.3427	-0.5285	0.0518	-0.2191	-0.3469	-0.1674	-0.3772	-0.1003	-0.175	-0.2104	-0.4297	-0.3791	0.1574	-0.2087	-0.1344	0.1755	0.1582	-0.0881	0.0904	0.0103	-0.239	0.5933	0.4775	-0.3195	-0.0864	0.0982	-0.2199	-0.2961	0.524	-0.2488	0.1073	-0.1735	0.0889	-0.0748	-0.1835	-0.4374	-0.124	-0.3127	0.177	-0.0156	-0.0216	-0.1914	0.2586	0.3782	-0.3123	0.0709	-0.1095	-0.0736	-0.4151	0.4514	-0.1585	0.2003	-0.2437	-0.1811	-0.1058	-0.0208	0.1011	-0.1739	-0.2759	-0.1069	0.4459	0.2096	0.1419	-0.2278	-0.1875	-0.4169	-0.1228	0.0199	0.0313	0.6097	0.1265	-0.2596	0.2659	-0.2508	0.0834	-0.0982	-0.2106	-0.3218	-0.2616	-0.0516	-0.0556	0.0849	-0.0581	0.6227	0.0374	0.3641	-0.2198	0.3342	-0.3371	0.2684	0.4512	0.0506	0.1366	0.2042	0.1329	0.2721	0.1278	0.1668	0.4681	-0.2317	-0.3705	-0.208	0.1096	-0.3932	0.7013	-0.1773	-0.1264	0.4925	0.3321	-0.0161	0.095
Sg_G19_41	-0.3628	0.2101	0.3909	0.1884	0.1975	0.0234	0.2646	0.0965	0.3627	0.0532	0.318	-0.448	-0.145	0.2592	-0.4496	0.084	0.249	0.2816	-0.1959	-0.0256	0.2034	0.1895	0.1736	0.1326	0.2844	0.0272	0.292	-0.0569	-0.391	-0.2829	0.2843	0.0197	0.1752	0.4192	0.3357	-0.3633	0.5122	-0.3634	0.2659	-0.099	-0.2726	0.0422	-0.1374	0.1671	0.224	-0.3612	0.0619	-0.0337	-0.0257	-0.0807	0.149	0.1785	-0.0959	0.2797	-0.0342	0.2145	0.2451	-0.0673	-0.0459	0.2748	-0.2047	-0.1969	-0.2212	0.1893	-0.0602	-0.1923	0.1893	-0.1008	0.208	0.3441	-0.3199	-0.0086	0.3373	0.2786	-0.1435	-0.1386	0.2704	0.2915	-0.2055	0.1153	-0.1938	0.0671	0.5012	0.2154	-0.1259	0.1711	0.1955	-0.2237	0.3127	0.0909	0.1329	-0.1893	0.4682	-0.3055	-0.2301	-0.0152	0.2741	-0.024	0.0621	-0.0164	-0.1888	0.1318	0.0654	0.1118	-0.348	-0.1068	-0.0844	-0.0498	-0.2107	-0.317	-0.0246	-0.4276	-0.1081	-0.1112	-0.1813	-0.41	0.0221	-0.1397	0.0508	-0.074	-0.1614	0.2919	0.2764	-0.2025	-0.2432	0.02	0.0143	-0.1138	-0.2027	-0.018	0.1648	0.3926	-0.0951	0.3045	0.44	-0.3758	-0.2463	-0.1019	0.4376	0.2165	-0.0717	-0.2117	0.3734	-0.1447	0.3395	0.2499	-0.2558	0.0637	0.2301	-0.0458	-0.2716	-0.0923	-0.1709	0.1273	-0.0839	-0.3326	0.2768	-0.0902	-0.0152	-0.3368	0.2662	-0.3478	-0.2083	0.108	-0.3996	0.0602	-0.2216	-0.2861	-0.3779	1	-0.188	-0.2357	-0.0749	-0.1349	0.1197	-0.2691	-0.2375	-0.0012	-0.0922	-0.5388	-0.0184	-0.1261	-0.0142	0.0016	-0.0917	-0.1096	-0.3634	0.2309	0.2689	-0.2938	-0.3912	-0.1206	-0.2996	-0.2522	-0.1198	0.1043	-0.2248	0.2055	-0.1873	-0.3183	0.1306	0.4251	0.1109	0.2421	-0.1827	-0.0934	0.0976	0.3112	0.1675	0.352	0.2437	-0.2883	0.1454	0.4357	-0.1316	0.3104	0.4409	-0.1092	0.2114	0.0373	0.2793	0.0422	-0.0648	0.5347	-0.269	-0.0684	-0.1589	-0.1943	0.2953	0.1798	0.1143	-0.2882	0.153	0.0446	-0.2782	-0.228	-0.0338	-0.2553	0.1488	0.1455	-0.0392	-0.0077	0.2515	-0.1725	-0.1122	-0.1844	0.22	-0.1231	-0.08	-0.1723	0.3577	-0.1739	-0.3808	0.3029	0.4105	0.3227	0.3442	-0.0645	-0.1825	0.11	0.448	0.0396	0.0098	0.3134	-0.2063	0.2452	-0.127	0.4395	-0.0436	-0.0466	0.2327	0.2823	-0.0436	-0.2482	-0.1133	0.0862	-0.2458	0.2861	-0.0109	-0.2048	0.2204	-0.0164	-0.1007	-0.3612	0.0741	0.1354	-0.0375	-0.1082	0.0344	-0.2038	0.3521	0.1473	0.3183	0.3212	-0.3474	0.1646	0.3319	0.1662	-0.1959	0.3278	-0.1332	0.3563	-0.1761	0.359	-0.0946	0.1671	0.0618	0.3551	0.0207	-0.1211	-0.3704	-0.2684	0.0525	-0.0397	0.0813	0.1057	-0.371	-0.0418	-0.0629	0.4496	0.4381	0.1615	0.2535	-0.3683	-0.2072	-0.242	-0.088	0.2494	0.0737	-0.3138
Sg_G21_58	0.2625	0.2041	-0.288	-0.3945	-0.1864	-0.4617	-0.3241	-0.4389	-0.0681	-0.2323	0.0077	0.2669	-0.1771	-0.0079	-0.1018	0.0909	0.0731	-0.0207	-0.2663	-0.1583	0.1022	-0.4877	-0.6212	-0.2125	-0.2341	0.3134	-0.4954	-0.2706	0.179	0.2424	-0.5076	-0.3127	-0.5231	-0.1168	0.1166	0.2052	-0.1187	0.3368	-0.3946	-0.271	0.0211	0.1035	0.4719	0.1115	0.4799	-0.0517	-0.4704	0.1898	-0.3207	-0.1956	-0.3221	-0.3351	-0.323	-0.2887	-0.2696	0.0661	-0.4992	-0.4665	0.2107	0.1918	0.1317	0.3793	0.2808	-0.5128	-0.3344	0.1168	0.2785	0.3302	-0.4401	-0.3252	0.8073	-0.2022	0.2142	0.1811	0.4417	0.768	-0.1274	-0.0859	0.5623	-0.1008	-0.2197	0.0969	-0.0916	0.1577	0.267	-0.3146	-0.4668	0.2246	-0.2152	0.0724	-0.1735	-0.0895	0.0238	-0.1875	0.1608	-0.0171	-0.2475	0.152	-0.3017	-0.2744	-0.0904	-0.0405	-0.3357	0.1168	0.3105	-0.1738	-0.3618	0.2439	0.0488	-0.2622	-0.3831	0.0496	-0.0494	0.4615	-0.3477	0.3086	-0.0268	0.4573	-0.1797	-0.2526	0.2914	0.1653	-0.0705	-0.2094	0.1334	-0.4227	0.15	0.2222	0.2702	0.2833	0.2478	-0.4077	0.1373	-0.0316	-0.009	0.7269	-0.1223	-0.2128	0.1804	-0.5928	0.2677	0.1661	-0.1289	-0.1825	0.0792	-0.2663	0.1331	-0.016	-0.3688	-0.2567	0.1207	-0.3239	-0.0268	-0.1501	0.0336	0.0013	-0.1208	-0.2234	0.7596	0.1794	0.0028	-0.2597	0.109	-0.2929	0.0187	-0.1142	0.2813	0.0373	-0.2243	-0.188	1	-0.1741	0.3569	-0.2874	0.0442	0.2971	0.2888	-0.0517	0.0464	0.006	-0.3265	0.1535	-0.1707	-0.388	0.7996	-0.1068	0.0075	0.0998	-0.2148	-0.2668	0.706	-0.3524	0.2268	0.0507	-0.0123	0.2227	0.2001	-0.3296	-0.2408	0.3133	0.0107	-0.1161	0.2829	-0.1728	0.5442	-0.0844	-0.1915	-0.0732	0.1092	-0.2636	0.0176	-0.2175	-0.1498	-0.0664	-0.1618	-0.2689	0.0556	-0.2708	-0.6068	0.2263	0.2667	0.2297	0.1248	-0.0048	0.8079	0.2779	0.4117	0.1947	-0.0554	0.3747	0.0026	0.1354	0.2636	0.2343	0.0782	-0.1204	0.4011	-0.2321	-0.0278	0.3292	-0.3701	-0.2216	-0.1066	0.643	0.0083	0.46	0.1297	-0.2421	0.2468	0.027	0.0722	0.1459	0.2534	0.0109	0.1163	-0.2517	0.2453	0.0474	0.2375	0.2032	-0.1819	-0.2652	-0.0547	-0.1904	-0.0309	-0.1521	0.7301	0.126	-0.1191	0.0974	-0.425	0.0204	0.5198	0.7816	-0.202	0.0051	0.1802	0.1383	0.1046	0.0037	-0.3743	0.0246	0.4111	0.3251	0.2267	0.1793	0.0293	-0.2304	-0.3982	0.0562	0.0519	-0.3038	-0.2167	-0.3327	0.3314	0.0478	-0.1676	0.1824	0.1013	-0.184	0.4871	-0.211	-0.4593	-0.309	-0.3228	0.2514	-0.3561	0.075	-0.0664	-0.1342	0.2459	0.0539	-0.1892	-0.0523	-0.2533	-0.2359	0.3949	-0.1876	0.1781	-0.1183	0.0506	-0.1811	0.073	-0.1141	0.1484	0.8453	-0.1059	-0.6281	-0.1212	0.2521
Sg_G22_16	0.2959	-0.2553	-0.2873	-0.0716	-0.1147	0.0168	0.0958	-0.1968	-0.3734	0.0552	-0.0457	0.1532	0.7964	-0.015	0.2526	-0.3383	-0.1441	-0.1715	0.9342	0.7352	-0.2889	-0.0249	-0.0239	0.1594	-0.2983	-0.073	0.1903	-0.2062	0.0245	0.1358	-0.0122	-0.0748	0.0541	-0.1026	-0.2638	0.1739	-0.3374	0.1729	0.1953	-0.1488	-0.1548	-0.1411	0.0805	-0.141	-0.1482	-0.0919	-0.0693	0.2128	-0.1052	-0.171	-0.2925	0.0466	-0.2704	-0.1021	-0.229	-0.1171	-0.0166	0.1862	-0.0676	-0.2708	0.0663	0.1193	0.0036	0.1162	0.7474	0.191	-0.1456	0.0081	0.1078	-0.0204	-0.0035	0.6263	0.0085	-0.0339	-0.0637	-0.1338	-0.4168	-0.1816	-0.1492	0.021	-0.1122	0.0108	-0.3437	-0.3441	-0.2246	-0.0529	0.2114	0.1405	-0.1136	0.4151	0.0122	0.0743	-0.2717	0.0272	0.1648	-0.1156	-0.0965	0.0886	-0.2353	0.0551	-0.1718	-0.3433	-0.2898	-0.0133	0.114	0.8022	-0.1248	-0.1475	0.0674	-0.0816	-0.1779	0.0649	-0.1543	-0.0287	-0.0888	0.1522	0.1106	0.0794	-0.1409	-0.2082	0.0756	-0.2041	-0.1918	0.8679	0.1989	-0.0361	-0.0235	0.1283	0.1717	0.0216	-0.1479	-0.2263	-0.1027	-0.092	-0.2717	-0.054	0.8405	-0.1247	-0.3229	-0.1381	0.006	0.1695	-0.3189	0.8541	-0.2454	-0.0831	0.0848	0.0489	0.1909	0.8867	0.1469	-0.1924	0.0823	0.0408	-0.1354	0.0101	-0.3303	0.7945	-0.0989	0.0524	-0.1603	0.6414	0.3621	-0.0903	-0.0186	-0.0719	-0.0496	0.328	0.0153	-0.2357	-0.1741	1	0.0453	-0.1716	-0.034	0.054	0.1009	-0.2507	-0.0947	0.2185	-0.0952	0.1114	-0.0333	-0.2329	-0.0232	-0.0672	0.3829	-0.1161	-0.2807	0.7547	0.0123	0.1496	-0.135	0.1685	0.14	-0.0723	0.0172	-0.1318	0.8857	0.2643	-0.0236	-0.2836	-0.145	0.0573	0.0523	-0.0388	-0.0277	-0.0844	-0.0725	-0.3349	-0.3045	0.6678	0.0499	-0.2581	0.8602	-0.203	-0.3994	-0.3058	-0.0934	-0.185	-0.1273	-0.0554	0.1053	-0.1702	-0.0539	0.0915	0.1706	0.0155	-0.193	-0.1999	0.1039	0.2479	-0.1539	-0.136	-0.0526	-0.0568	-0.2665	0.7969	-0.04	-0.3203	-0.1833	-0.2596	-0.2198	-0.0225	-0.0656	0.1322	-0.0751	-0.2805	0.1411	0.137	-0.2002	-0.0117	0.1442	-0.2406	-0.1235	-0.1524	-0.1464	0.0556	0.1067	-0.367	-0.3029	-0.1164	-0.2142	-0.1494	0.0861	-0.0736	-0.0518	-0.2395	-0.2213	0.1904	-0.1283	-0.0674	-0.1607	-0.0208	0.8488	0.1672	0.104	-0.3058	-0.1639	-0.1696	-0.2239	0.2012	0.014	0.1712	-0.0978	-0.0249	-0.046	0.7519	-0.198	0.2044	-0.4074	-0.0539	-0.1141	-0.4062	0.1567	-0.1967	-0.109	-0.0359	-0.007	-0.3587	0.0368	-0.2383	0.3045	-0.1713	0.3462	-0.3624	-0.0669	-0.2597	-0.1685	-0.2615	0.1697	0.1355	0.0253	0.1096	-0.2257	-0.1163	-0.0282	-0.2177	-0.0725	-0.247	-0.3037	-0.2641	-0.1143	0.0601	0.0737	-0.1137	-0.3285	-0.0165	-0.0492	-0.0315
Sg_G26_10	0.2506	-0.1263	-0.4098	-0.3991	-0.2951	-0.3165	-0.4101	-0.3888	-0.3577	-0.2485	-0.162	0.1101	0.0763	-0.1	-0.1644	-0.1993	0.0085	-0.1928	-0.0261	-0.0919	0.0066	-0.3783	-0.4689	-0.3276	-0.1758	0.2935	-0.302	-0.1593	0.0942	0.0075	-0.4134	-0.0795	-0.5343	-0.327	-0.0572	0.0792	-0.2723	0.2159	-0.2804	-0.3094	-0.2039	0.1957	0.5776	0.2532	0.0715	-0.0844	-0.3788	0.4415	-0.3078	-0.1502	-0.3033	-0.4137	-0.2664	-0.4169	-0.1435	-0.1926	-0.4431	-0.4108	0.161	-0.1877	0.0885	0.4143	0.1928	-0.3399	-0.0342	0.3168	0.0041	0.3173	-0.4261	-0.4203	0.4968	-0.16	0.0462	0.4508	0.4922	0.3345	-0.1237	-0.3328	0.5079	0.1632	-0.0026	0.3343	-0.4288	0.2276	0.3674	-0.1321	-0.176	0.2037	-0.0348	0.3628	-0.1861	-0.0268	-0.1297	-0.0136	0.0646	0.1815	-0.0371	0.4002	-0.2667	-0.0355	0.0681	0.186	-0.273	0.3895	0.1301	-0.0604	-0.1425	0.4431	0.421	-0.0812	-0.2739	0.1069	-0.3353	0.57	-0.3936	0.1114	0.2936	0.573	-0.2082	-0.238	0.5891	-0.0508	-0.363	-0.0505	0.4744	-0.4304	0.2824	0.524	0.216	0.5614	0.327	-0.5618	0.2068	-0.1747	-0.0496	0.4106	0.0149	-0.2082	-0.1514	-0.5243	0.57	0.2275	-0.3907	-0.0108	0.0106	-0.3595	0.0814	0.0577	-0.3004	-0.0253	0.0684	-0.3047	-0.0143	-0.0632	0.2435	0.1205	-0.2513	-0.0611	0.3659	0.0766	-0.0211	-0.0964	0.2088	-0.408	0.113	-0.0598	0.3084	0.2851	-0.2316	-0.0749	0.3569	0.0453	1	-0.313	0.2598	0.232	0.4942	-0.1492	0.1951	-0.0153	-0.331	0.4672	0.0797	-0.4368	0.44	0.1032	0.2567	0.1223	-0.3837	-0.0653	0.3099	-0.2691	0.4157	0.0907	0.3464	0.254	0.0983	-0.5176	-0.0196	0.2484	0.0699	-0.3159	0.0732	-0.2624	0.5011	0.245	-0.3621	-0.0427	0.0364	-0.449	-0.0322	0.0191	0.1731	-0.2993	0.0279	-0.3242	-0.236	-0.0499	-0.4237	0.2678	0.2104	0.3221	0.55	-0.1952	0.4278	0.5116	0.5332	0.0495	-0.3048	0.0316	-0.1326	-0.0104	0.2386	0.4683	0.3556	0.0954	0.4221	-0.031	0.3793	0.0908	-0.3319	-0.1491	-0.3215	0.3297	-0.075	0.5398	0.1192	-0.244	0.4461	0.5166	-0.171	-0.1675	0.1881	-0.3266	0.1163	-0.296	-0.017	-0.1298	-0.029	-0.1036	-0.4406	-0.2631	-0.0529	-0.2001	-0.0566	-0.2659	0.298	0.0091	-0.1315	0.4466	-0.4314	0.0774	0.4607	0.3155	0.0044	-0.0652	0.1894	-0.0373	0.2904	-0.0142	-0.4459	0.4663	0.2985	0.1614	0.1464	0.3938	0.101	0.0743	-0.2296	0.0962	-0.1815	-0.4743	-0.3792	-0.2241	0.1758	-0.1493	-0.3213	0.0386	-0.0084	-0.4219	0.4153	-0.512	-0.4288	-0.5004	0.0232	0.0187	-0.3725	-0.368	-0.1275	-0.237	0.0715	0.3694	-0.3338	0.3197	-0.2355	-0.3257	0.4495	-0.0312	0.375	-0.2925	-0.1322	-0.2904	-0.0643	-0.137	0.091	0.2167	-0.1715	-0.4968	0.0038	0.3557
Sg_G26_22	-0.1305	-0.3291	0.0791	0.1738	0.0708	0.7324	-0.0858	0.7151	-0.039	0.0634	-0.1557	0.1661	-0.2026	-0.3045	0.4929	0.0122	-0.0024	-0.2209	-0.1556	-0.2703	-0.1061	0.0698	0.301	-0.192	0.1128	-0.2466	-0.0098	0.3055	0.2391	0.037	0.2801	0.1653	0.2672	-0.2487	-0.0348	0.0531	-0.1965	-0.1526	-0.0505	0.4475	0.3138	0.0338	-0.3438	-0.1079	-0.4447	0.5507	0.4967	-0.1677	0.7605	0.5988	0.616	-0.0433	0.6151	-0.0452	0.7617	-0.0375	0.1751	0.3259	-0.1049	-0.1712	-0.4517	-0.2287	-0.1602	0.23	0.0036	-0.2666	-0.1599	-0.1821	0.0111	-0.0714	-0.3221	-0.1106	-0.6327	-0.2618	-0.2238	-0.2318	0.0129	-0.1673	-0.3364	-0.0887	0.6346	-0.145	-0.1878	0.1072	-0.0738	0.0485	-0.0332	-0.4413	-0.1185	-0.3559	0.0228	0.3485	-0.1273	0.5926	0.0264	0.4588	-0.0156	-0.1483	0.7347	0.4045	0.4613	0.3594	0.415	-0.2018	-0.0109	-0.2752	0.6644	-0.2555	0.1021	0.5469	0.581	0.0937	0.3452	-0.2625	0.7012	-0.0575	-0.055	-0.2343	0.5787	0.7784	-0.2284	-0.1166	-0.1344	-0.1762	-0.2169	0.1582	-0.0059	-0.278	-0.0768	-0.3537	-0.0622	0.1539	-0.2262	-0.4368	-0.1612	-0.06	-0.1874	0.7571	-0.2526	0.3498	-0.2429	-0.3955	-0.1177	-0.1729	-0.2164	-0.1312	-0.4618	-0.3749	-0.0465	-0.1894	-0.366	0.8099	-0.4253	0.0478	0.2517	0.5462	0.1126	-0.2281	-0.3275	-0.1098	-0.1072	0.0259	-0.0878	0.3645	0.252	-0.0896	-0.2193	-0.1602	0.6182	-0.1349	-0.2874	-0.1716	-0.313	1	-0.2094	-0.2514	-0.0223	0.2298	0.2825	0.371	0.4429	0.0824	-0.0123	0.4279	-0.3961	0.3778	0.0859	-0.3182	0.1139	-0.0389	-0.1484	0.2486	0.2553	-0.4674	-0.0371	-0.2251	-0.3969	0.0706	-0.1938	-0.2031	-0.4535	-0.2733	-0.0184	0.0214	-0.4274	0.3434	0.123	0.0994	-0.2494	0.2098	-0.1635	-0.0412	-0.0887	-0.2802	-0.1762	-0.2805	-0.2618	0.7686	0.2879	-0.2256	-0.1742	-0.0641	-0.1708	-0.1562	-0.316	-0.3368	-0.2159	-0.4484	-0.1838	-0.492	-0.2238	0.0104	0.0115	-0.0582	0.1298	0.1359	-0.2712	-0.0932	0.0204	-0.0647	0.823	0.7691	-0.3159	-0.393	0.2389	-0.2525	-0.0729	0.7802	-0.3099	-0.0311	-0.0739	-0.0944	-0.0132	-0.0574	-0.1559	0.03	-0.1072	-0.0594	0.0153	-0.0804	-0.132	0.2206	0.1207	-0.2233	-0.308	-0.2283	-0.1384	-0.0481	0.673	-0.1	0.131	-0.1142	-0.2971	-0.1341	-0.1757	-0.0004	-0.4397	-0.1045	0.073	0.4404	0.1051	0.0377	-0.2012	-0.1267	-0.514	-0.2526	0.0153	-0.1842	0.6201	-0.3552	-0.2138	0.1523	0.0251	0.0806	-0.114	-0.2749	-0.2191	0.0198	-0.427	-0.0397	-0.2076	-0.0402	0.422	0.0294	0.1024	-0.0583	-0.1264	-0.2699	-0.1098	0.7377	-0.0312	-0.1476	0.0636	0.0134	0.5953	0.2362	0.1525	0.6491	-0.1269	-0.3171	0.0254	0.0769	-0.4101	0.6954	-0.439	-0.1891	0.6758	0.2332	0.0998	0.14
Sg_G26_28	0.0594	0.0356	-0.1095	0.2554	0.0819	-0.1895	-0.2056	-0.0546	-0.1037	-0.0112	0.2044	-0.1834	0.0335	-0.1492	-0.1284	-0.0939	0.1187	0.1301	-0.0503	-0.1039	0.1428	0.2327	0.0752	-0.019	0.0881	0.3632	0.0448	0.1771	-0.0597	-0.1046	0.1421	0.1323	-0.0001	0.0783	0.0582	-0.0936	-0.0479	-0.1573	-0.0929	-0.2352	-0.1888	0.1857	0.2236	-0.0183	0.0178	-0.2127	-0.1231	0.1792	-0.2976	-0.162	-0.2884	-0.2436	-0.1688	-0.0595	-0.2478	-0.317	0.0069	-0.027	-0.0021	-0.166	-0.2094	0.0618	0.0892	-0.107	-0.0093	0.0167	0.049	0.1238	-0.3303	-0.0808	0.0795	-0.1337	0.0749	0.1075	-0.0274	0.0206	-0.1169	-0.0073	0.1669	-0.0403	-0.1615	-0.0641	0.0029	0.188	0.0166	0.0855	0.0462	0.2537	-0.0513	0.2264	0.3738	0.2485	-0.0008	-0.1363	-0.1741	-0.1754	0.1129	0.2278	-0.2218	-0.1642	0.2761	-0.1162	0.074	0.3917	-0.2556	-0.0414	0.0277	0.3068	0.2935	-0.1269	0.0419	0.0931	-0.0272	0.1857	-0.254	-0.2624	0.1875	0.2004	-0.1084	-0.1306	0.1955	0.0215	0.0358	0.0409	0.3563	-0.0686	0.1312	0.2399	0.3052	0.2896	0.2427	-0.0041	0.0716	-0.1376	0.2931	0.2008	0.0028	-0.2463	0.023	-0.0224	0.2722	-0.0187	-0.0998	-0.1247	0.1893	0.0465	-0.128	-0.1212	-0.2254	-0.1564	-0.2495	-0.2214	-0.0592	0.0602	0.1742	0.0308	0.2036	-0.0451	0.2754	0.0316	0.1572	0.1259	0.1963	-0.0656	0.0397	-0.2807	0.083	-0.0072	-0.0419	0.1197	0.0442	-0.034	0.2598	-0.2094	1	-0.1434	0.2624	0.0501	0.1319	-0.1216	0.1217	0.2561	0.0295	-0.1587	0.158	-0.2136	0.0161	0.0697	-0.0481	0.0885	0.0588	0.1633	0.0776	-0.1428	0.0898	0.0558	-0.1531	-0.1242	0.0053	-0.1738	-0.0677	0.0163	-0.0632	-0.0661	0.2701	0.1652	-0.1623	0.1823	0.2973	0.0735	-0.0543	0.1018	0.1644	-0.0539	-0.166	0.0342	0.0051	-0.0496	0.091	0.1415	0.1203	0.1216	0.0817	0.1735	0.0666	0.2672	0.1661	-0.1807	0.0418	-0.0851	-0.0176	-0.2007	0.4043	0.2742	0.057	-0.3011	0.359	0.028	0.3604	-0.1621	-0.2465	-0.1395	-0.1246	0.2034	-0.1793	0.2731	0.1688	-0.1899	0.2304	0.096	-0.0274	-0.0359	-0.2538	0.0452	0.0414	-0.0188	0.0202	0.0362	-0.2729	-0.1254	-0.0635	-0.1041	0.3777	-0.0449	-0.0856	0.12	0.1203	-0.0674	-0.1825	0.0475	0.1524	-0.064	0.0931	0.1215	-0.0474	-0.0801	-0.108	0.0562	0.1272	-0.1143	0.0834	0.2368	0.1624	-0.289	-0.2407	0.3136	0.1556	0.1331	0.0431	0.1054	0.0475	0.11	-0.2005	-0.011	-0.2116	-0.0846	-0.0153	0.1899	-0.1525	-0.0365	0.3032	-0.1199	-0.0858	0.0594	0.2144	0.0098	0.1039	-0.0795	0.0162	-0.2317	-0.1926	0.1409	0.1786	0.4119	-0.1453	-0.1641	0.1808	0.0029	-0.0332	0.0216	0.1691	0.1361	0.1237	-0.1701	-0.2125	-0.0803	-0.2707	0.1668	0.3409	0.0121
Sg_G29_33	0.2594	-0.0749	-0.0916	-0.4106	-0.16	-0.3192	-0.0726	-0.3724	-0.2054	-0.1574	-0.2128	0.11	-0.0281	-0.1179	-0.1673	0.0586	0.0606	0.0357	0.0423	-0.0075	-0.1567	-0.3275	-0.2593	-0.2344	-0.0887	0.1407	-0.316	-0.1373	0.0585	0.1409	-0.1764	-0.2396	-0.3234	-0.198	-0.2249	0.1492	-0.1605	0.1995	-0.2244	-0.2659	-0.0849	-0.1004	0.242	-0.2047	0.2325	0.0468	-0.0861	0.0902	-0.1123	-0.1364	-0.2485	0.01	-0.244	-0.2219	-0.225	-0.1613	-0.2363	-0.1351	-0.0688	-0.0248	0.6926	0.2378	-0.0349	-0.2661	-0.1046	0.3101	-0.1408	0.0707	-0.0752	-0.2846	0.2793	-0.0083	0.1825	0.2174	0.3651	0.1918	0.0035	-0.1935	0.2948	0.0446	-0.1662	0.1959	-0.1742	0.0932	0.4687	-0.0143	-0.1528	0.3885	0.0999	0.2263	-0.2478	-0.0578	-0.3178	-0.0237	0.1238	0.0051	-0.1788	0.2637	-0.2679	-0.1163	-0.0175	-0.1404	-0.1542	-0.0532	0.1513	0.0891	-0.1358	0.3199	0.0736	0.0298	-0.1535	0.1539	-0.1828	0.2298	-0.1929	0.1406	-0.0555	0.2386	-0.171	-0.26	0.1777	-0.171	-0.1516	0.0609	0.2774	-0.164	0.328	0.2056	0.0576	0.1379	-0.1467	-0.315	0.0557	0.0177	-0.2671	0.198	0.0704	-0.1869	-0.0364	-0.1877	0.0868	0.6282	-0.1947	0.0214	-0.149	-0.1905	0.6988	0.068	-0.1536	-0.0475	0.7492	-0.321	0.5697	-0.3038	0.0852	-0.0903	-0.2498	0.0394	0.1639	0.1862	-0.2162	0.0541	-0.0346	-0.1046	0.2637	0.0299	0.0266	0.0354	-0.0067	-0.2691	0.2971	0.054	0.232	-0.2514	-0.1434	1	0.1879	-0.2134	-0.0163	0.136	-0.2181	-0.0024	0.3735	-0.1879	0.1596	-0.1947	0.1742	-0.1417	-0.3023	0.055	0.2927	-0.146	0.2803	0.5615	0.1838	-0.0373	0.8126	-0.1886	0.0409	0.2149	0.0396	-0.1096	-0.0199	-0.1272	0.221	-0.0051	-0.1094	-0.3229	-0.1466	-0.3356	0.1502	-0.0576	-0.0952	-0.0757	0.0433	-0.0253	-0.1229	-0.2165	-0.4108	0.0561	-0.1378	0.0152	0.1751	-0.3392	0.2548	0.0332	0.1079	0.6854	-0.1922	0.0585	-0.2443	0.1465	-0.148	-0.0065	0.1353	0.0627	0.1317	0.1561	-0.0128	0.0254	-0.3231	-0.2483	-0.0821	0.4763	0.0552	0.119	-0.2247	-0.2378	0.05	0.2175	-0.2529	-0.0999	0.1321	-0.2518	-0.095	-0.3175	-0.3097	-0.2307	-0.0302	0.1072	-0.2151	0.017	0.002	0.0121	0.538	-0.0405	0.1612	-0.2427	-0.1982	0.1501	-0.3425	-0.2291	0.2476	0.1064	-0.0464	0.0675	0.7021	-0.0972	-0.1075	-0.0119	-0.1389	0.0288	0.0136	0.0752	0.4193	0.1033	0.0336	-0.0743	-0.1135	0.4155	0.109	-0.2528	-0.0598	-0.1533	0.1839	0.0798	-0.1121	-0.2791	0.6281	-0.1761	0.0281	-0.1887	-0.2844	-0.3117	0.0887	-0.1636	0.0211	-0.1665	0.2046	-0.2791	0.2138	0.2533	-0.0515	0.1485	-0.3377	-0.2125	0.3515	-0.0886	0.0608	-0.1039	-0.3967	-0.3496	0.0741	-0.0826	0.7496	0.289	-0.1373	-0.2572	-0.2598	0.1066
Sg_G33_7	0.344	-0.3262	-0.279	-0.283	-0.2955	-0.1895	-0.3872	-0.2515	-0.4401	-0.2811	-0.1793	0.1889	0.0303	-0.0637	0.0832	-0.242	-0.1472	-0.0944	-0.0209	-0.0799	-0.1291	-0.1826	-0.3751	-0.3909	-0.3931	0.2482	-0.2985	-0.1478	0.3824	0.1663	-0.2836	0.0784	-0.3551	-0.5732	-0.1762	0.2403	-0.4379	0.1725	-0.2783	-0.1257	-0.0572	0.1561	0.7392	-0.1412	-0.0577	0.2582	-0.2289	0.5749	-0.0772	-0.0825	-0.3029	-0.36	-0.1277	-0.5142	-0.1645	-0.4327	-0.4062	-0.4218	0.1377	-0.1776	0.0816	0.5007	0.1053	-0.2892	-0.0601	0.3999	-0.278	0.4782	-0.3946	-0.4903	0.5275	0.0556	-0.012	0.2728	0.2831	0.3176	-0.1556	-0.4722	0.3316	0.1416	0.1119	0.2945	-0.5107	0.1346	0.2012	-0.1123	-0.2502	0.1912	-0.1295	0.4531	-0.1636	0.1882	-0.2433	0.2361	0.1933	0.2631	0.095	0.3516	-0.299	-0.0261	0.2541	0.0002	-0.2582	0.4404	0.1519	-0.0228	-0.0586	0.1425	0.6109	0.0237	-0.1277	0.1892	-0.1006	0.601	-0.1274	0.0609	0.3383	0.6251	-0.2108	-0.1756	0.694	-0.3068	-0.4711	-0.0429	0.4729	-0.2993	0.2465	0.6714	0.4628	0.5226	-0.0387	-0.5631	-0.0976	-0.33	-0.0966	0.5922	0.0332	-0.1446	-0.3286	-0.3923	0.462	0.1968	-0.5456	0.0158	-0.1643	-0.4631	0.0525	0.0765	-0.3647	-0.0268	0.0912	-0.1022	-0.041	0.161	0.3188	0.3648	-0.1341	-0.0984	0.3056	0.0329	-0.0102	-0.0596	0.1716	-0.337	0.2204	0.0404	0.4646	0.2153	0.1518	-0.2375	0.2888	0.1009	0.4942	-0.0223	0.2624	0.1879	1	-0.1161	0.282	0.2127	-0.1091	0.4262	-0.0128	-0.36	0.4129	0.117	0.6139	0.0013	-0.5206	-0.0428	0.2188	-0.1037	0.385	0.0216	0.2395	0.0272	0.0391	-0.5006	-0.0324	0.1639	0.0851	-0.5407	-0.0199	-0.2702	0.3864	0.5173	-0.4537	-0.2072	-0.0813	-0.3672	-0.0706	0.1467	0.1262	-0.6153	-0.0297	-0.4379	-0.5743	-0.0334	-0.416	0.1873	-0.1054	0.3592	0.507	-0.2245	0.462	0.4999	0.6135	-0.0118	-0.3312	-0.1469	-0.1594	0.0493	0.1204	0.4243	0.3082	0.2978	0.4131	0.0226	0.316	-0.1279	-0.1661	-0.0334	-0.5134	0.2538	-0.0248	0.6515	-0.1149	-0.0853	0.4493	0.6418	-0.1713	-0.1097	0.1324	-0.1955	-0.106	-0.2906	-0.0946	-0.0836	0.1792	-0.2135	-0.6552	-0.36	0.0636	-0.2362	-0.0226	-0.3447	0.4362	-0.2007	0.0314	0.5094	-0.4519	-0.2047	0.3101	0.4254	-0.0436	0.0469	0.2161	-0.0387	0.1112	0.1687	-0.305	0.4623	0.3919	0.0493	-0.1659	0.3644	0.1955	0.021	-0.2496	0.1386	-0.2457	-0.3607	-0.3129	-0.2469	0.1333	-0.2607	-0.4475	-0.0525	0.0069	-0.5774	0.4821	-0.3447	-0.2888	-0.5379	-0.0292	-0.0966	-0.2994	-0.2633	-0.2043	-0.1653	0.0969	0.3606	-0.2318	0.1636	-0.2349	-0.0414	0.3993	0.0395	0.3807	-0.5923	-0.1603	-0.2742	-0.2518	0.0747	0.0555	0.2905	-0.1126	-0.4273	-0.1695	0.4589
Sg_G37_59	0.1424	-0.0505	0.0921	0.1968	0.5826	0.1242	-0.0014	0.3422	-0.0606	0.0094	0.0494	0.1041	-0.3121	-0.0853	0.1295	0.1798	0.253	-0.0838	-0.2612	-0.2563	-0.1065	-0.0544	0.0926	0.0042	0.0883	-0.2841	0.0827	0.1805	0.0812	0.0318	0.167	0.2387	0.1677	-0.0897	-0.0948	0.0619	0.1004	0.0212	-0.0347	0.4051	0.1959	-0.0717	-0.1906	0.1431	-0.2109	0.0506	0.302	-0.1155	0.225	0.2672	0.1237	-0.0753	0.0967	0.162	0.2263	0.1435	0.1214	0.2341	0.1642	0.0886	-0.2346	-0.1708	-0.2055	0.0868	-0.0566	-0.0842	0.0786	-0.1885	-0.22	0.1869	-0.1744	-0.2189	-0.196	-0.051	-0.0458	-0.2231	0.066	0.2365	0.0403	0.0151	0.1359	-0.0961	0.0363	-0.006	-0.0674	-0.1566	-0.0956	-0.3095	-0.0495	-0.0614	-0.1023	0.1157	0.1474	0.0639	-0.0041	-0.0008	-0.2048	-0.075	0.3489	0.1342	0.1398	0.2866	0.1235	-0.1463	0.1094	-0.3358	0.344	-0.127	-0.0494	0.093	0.2862	0.0403	0.2222	-0.1116	0.2839	0.2015	0.0092	-0.1352	0.0568	0.2447	-0.1711	0.045	0.2266	-0.2216	-0.0648	0.0174	0.1256	-0.0276	-0.2576	-0.1599	-0.0828	0.1062	0.0225	-0.0131	-0.0946	-0.163	-0.2809	0.1799	0.091	0.196	-0.2485	-0.2061	-0.0363	-0.1013	0.2455	0.2088	-0.2023	-0.1297	0.1085	-0.217	-0.2103	0.2537	-0.1549	0.016	0.0527	0.0533	0.1037	-0.2125	-0.2143	0.141	-0.1337	-0.0351	0.1566	0.0837	0.0594	-0.0741	-0.0095	-0.0248	0.029	-0.0012	-0.0517	-0.2507	-0.1492	0.2298	0.0501	-0.2134	-0.1161	1	-0.0306	-0.0153	0.0619	-0.084	-0.1398	0.1601	-0.2462	0.0437	-0.2631	-0.0427	-0.0045	-0.2573	-0.055	-0.1569	0.1446	-0.2919	0.0694	0.0306	-0.2658	0.2037	-0.1474	0.0027	-0.1804	-0.0679	0.1081	-0.023	0.0004	0.1071	0.1899	0.2543	-0.0728	0.1613	0.0104	-0.1768	-0.2074	-0.0478	-0.1925	-0.045	0.0557	0.177	0.0892	-0.2749	0.0466	0.1095	-0.1321	0.104	-0.1491	-0.1855	-0.2001	-0.2555	-0.0718	-0.2039	-0.228	-0.0007	0.0367	0.0947	0.0073	-0.1355	-0.132	-0.2109	-0.104	-0.0796	0.2532	0.1837	-0.1326	-0.1726	0.2872	-0.1964	0.067	0.273	-0.1523	-0.1144	-0.077	-0.0327	-0.035	0.1544	0.2064	0.154	0.1171	-0.2718	-0.0097	-0.0442	0.0585	0.0865	-0.0578	0.0001	-0.2121	-0.0246	-0.0497	0.2324	0.1708	-0.1132	0.0119	0.1753	-0.1612	-0.1843	-0.1609	0.064	-0.2485	-0.1979	0.0948	0.2223	0.0364	-0.1292	-0.2949	0.0102	-0.2871	-0.0842	-0.2286	-0.1935	0.198	-0.2223	-0.0945	-0.0192	0.1075	0.0535	0.0799	-0.2224	0.0206	0.0882	-0.2597	0.1143	-0.1238	-0.0617	0.0633	-0.0199	-0.0352	0.1109	-0.1135	-0.0691	-0.0244	0.2245	-0.0411	-0.0795	0.1161	0.0392	0.2449	0.002	-0.0749	0.1276	0.1078	-0.0597	0.1812	0.1573	-0.0414	0.1175	-0.2393	0.0387	0.1351	0.0605	0.0644	-0.0204
Sg_G39_28	0.1446	-0.1395	-0.1877	0.016	0.0176	0.0562	-0.1738	0.0754	0.0177	-0.3247	-0.1722	-0.0197	-0.1933	-0.0891	0.02	-0.1801	-0.0443	-0.0368	-0.1554	-0.2626	-0.0929	-0.1023	-0.034	-0.5478	0.0383	0.1495	-0.0834	0.0675	0.1644	-0.1408	-0.1328	0.0365	-0.2199	-0.2967	0.0145	0.1585	-0.387	0.0198	-0.1751	0.1915	0.1574	0.2329	0.2107	-0.0409	-0.0941	0.457	0.0971	0.1377	0.0782	0.0843	0.2568	-0.1882	0.3396	-0.3424	0.1686	-0.1402	-0.0973	-0.3174	-0.1137	-0.2449	-0.0652	0.1549	0.1695	-0.012	-0.1784	0.2509	-0.217	0.1294	-0.2053	-0.3246	0.0984	-0.1979	-0.1463	0.1398	0.1846	0.1064	-0.0963	-0.4115	0.0715	0.1057	0.3317	0.0074	-0.2447	0.0996	0.0512	-0.002	-0.2328	-0.0292	-0.0062	-0.0231	-0.0869	0.1399	-0.0328	0.4631	0.098	0.4807	-0.1592	0.1788	0.2492	0.4446	0.285	0.3725	0.0864	0.0518	-0.0476	-0.2855	0.245	0.2161	0.2274	0.0943	0.1064	0.0508	-0.1964	0.156	-0.0032	0.0859	0.0516	0.1885	-0.0354	0.2085	0.2016	-0.2169	-0.4198	-0.146	0.1551	-0.3661	-0.0626	0.1729	0.082	0.2226	0.0015	-0.245	0.0554	-0.1865	-0.131	0.2796	-0.1522	0.1241	-0.1986	-0.1692	0.2454	0.1173	-0.1244	-0.1354	0.1227	-0.3868	-0.0237	-0.1739	-0.2493	-0.1939	-0.0178	0.1492	-0.0659	0.1514	0.498	0.45	0.085	-0.293	0.1184	-0.232	0.0025	-0.131	-0.0514	-0.0997	0.4579	-0.2274	0.0609	0.163	0.1338	-0.0922	0.0464	-0.0947	0.1951	0.2825	0.1319	-0.0163	0.282	-0.0306	1	0.1297	0.2767	0.1869	0.0659	-0.1147	0.0616	0.2945	0.2102	0.0298	-0.0891	-0.153	0.1323	-0.0581	0.4149	-0.0392	0.169	-0.0472	-0.0293	-0.1437	-0.2258	-0.0648	-0.2506	-0.2621	-0.1241	-0.1227	0.0915	0.2658	-0.2969	-0.0498	0.0892	-0.2431	-0.174	-0.1184	0.1601	-0.2516	-0.1257	-0.1158	-0.1664	0.2883	-0.1025	0.1633	-0.0064	0.0888	0.2172	-0.2112	0.1023	0.1876	0.1146	-0.0539	-0.2169	-0.1838	-0.2658	-0.3251	0.0206	0.1109	0.6314	0.2517	0.1647	-0.1808	0.209	-0.0097	0.1859	0.3786	-0.2246	0.0359	-0.1867	0.2164	0.1976	0.2991	0.0592	0.2504	-0.0584	-0.1987	-0.0083	0.1142	-0.0797	0.0858	-0.1374	-0.1433	-0.185	-0.0668	-0.2744	-0.2025	0.0476	-0.1944	0.018	-0.246	-0.0265	0.0412	0.2521	0.1949	-0.312	-0.1526	0.0634	0.268	-0.1394	-0.212	0.0813	0.2131	0.1624	0.1737	-0.1666	0.1773	0.091	0.0338	-0.1558	0.066	0.3111	-0.1025	0.1679	-0.1704	-0.0448	-0.1118	0.0937	-0.1297	-0.0269	-0.3084	-0.1523	-0.1222	-0.102	-0.2364	0.2165	-0.257	-0.1593	-0.3163	-0.1608	0.0168	-0.2104	-0.0369	-0.0873	0.1851	-0.1958	0.2603	-0.1292	0.1838	0.3424	-0.0086	0.4935	0.3654	0.069	-0.2951	-0.198	-0.1584	-0.1385	0.3443	-0.0291	0.0258	0.1628	-0.2265	0.1325	0.4885
Sg_G43_29	0.2868	-0.3368	-0.2341	-0.1144	-0.1983	0.2149	-0.2539	0.0748	-0.3453	-0.1896	-0.4519	0.6386	0.1402	-0.3519	0.4821	0.0327	-0.2587	-0.4594	0.1336	-0.0707	-0.2759	-0.0514	-0.0563	-0.3129	-0.2128	-0.0332	-0.302	0.1946	0.5336	0.5407	-0.1436	-0.0042	-0.0114	-0.4914	-0.36	0.545	-0.5359	0.3355	-0.3297	0.1264	0.3449	-0.054	0.0569	-0.2497	-0.3922	0.5484	0.1406	0.0872	0.3152	0.1261	0.0361	-0.2888	0.1226	-0.2797	0.2114	-0.3778	-0.2461	-0.0008	-0.0645	-0.3603	-0.0334	0.2071	0.3856	0.0482	0.0607	0.0071	-0.2846	0.0688	-0.1992	-0.3524	0.0883	0.0274	-0.4452	-0.0384	0.025	0.0631	-0.25	-0.4105	0.0364	-0.117	0.3015	-0.0163	-0.4333	-0.123	0.2136	0.017	-0.298	0.0425	-0.2157	0.0274	-0.161	0.451	-0.5156	0.5898	0.4006	0.3011	-0.1813	0.1263	0.1241	0.2148	0.3146	0.0489	-0.114	0.0496	0.4816	0.0071	0.2606	-0.0664	0.3178	0.4399	0.1588	0.3132	0.2181	-0.0323	0.4363	0.3704	0.0288	0.1145	0.2353	0.2147	0.1023	-0.2896	-0.3751	0.0938	0.1499	-0.0315	0.1	0.0622	0.1389	-0.0002	-0.2276	-0.355	0.0388	-0.4948	-0.4467	0.2804	0.1456	0.3509	-0.4854	-0.1051	0.0064	0.0825	-0.4593	0.0831	-0.3089	-0.3963	-0.0408	-0.2304	-0.1293	0.0477	0.0402	0.3215	-0.056	-0.0615	0.3098	0.3665	-0.2791	0.0007	-0.0673	0.4095	-0.2939	0.2138	0.2459	0.1166	0.3086	-0.1291	-0.0544	0.2449	0.4664	-0.5388	0.006	0.2185	-0.0153	0.371	-0.1216	0.136	0.2127	-0.0153	0.1297	1	0.1258	0.1911	0.1251	-0.0195	-0.0398	0.2042	0.3235	-0.2803	-0.2582	0.1781	0.2757	0.2158	0.364	0.0168	0.1638	-0.1992	0.0499	-0.0876	0.0559	0.3321	-0.3177	-0.5585	-0.1324	-0.1985	-0.0438	0.4268	0.0742	-0.2775	-0.2914	-0.3158	-0.0951	0.139	-0.0585	-0.5253	0.0748	-0.3184	-0.5848	0.2707	-0.1193	-0.1526	-0.3681	0.0315	0.1096	-0.4651	0.0601	-0.0912	0.1779	-0.0497	-0.4765	-0.3948	-0.2874	0.3884	-0.18	0.059	0.216	0.3009	-0.1006	0.1823	-0.0913	-0.1227	0.2348	0.2754	-0.4726	0.0866	0.2239	0.0125	-0.3065	0.2805	-0.0252	0.2942	-0.4033	0.1907	0.3742	-0.3442	-0.2361	-0.3284	-0.3535	-0.1595	0.3376	-0.1664	-0.5069	0.0493	0.1413	-0.5582	0.0102	-0.421	0.0796	-0.44	0.268	0.1283	-0.2139	-0.3104	0.0075	0.184	0.0426	0.21	-0.0128	-0.2415	-0.0205	0.4793	-0.2205	0.1226	0.0512	0.2255	-0.2697	-0.0161	0.195	0.09	0.2416	0.0811	-0.3667	-0.1081	-0.2947	-0.3088	0.3426	-0.3789	-0.3963	-0.1789	-0.0105	-0.4727	0.2447	-0.418	0.1702	-0.2718	0.0735	-0.2438	-0.1282	-0.388	-0.0363	0.1912	0.5101	0.2785	-0.0388	0.1407	0.1118	-0.1715	0.4	0.2295	-0.0224	-0.5717	-0.4637	-0.3443	-0.4992	0.5438	-0.0135	0.0166	0.2198	-0.1719	0.0337	0.313
Sg_G46_28	-0.1765	-0.0436	0.1445	0.2224	0.117	0.4378	-0.0203	0.3892	0.108	0.2795	0.1092	0.0058	0.0004	-0.2407	0.2994	0.0434	-0.2608	-0.0735	-0.0173	-0.1448	-0.096	0.2514	0.3821	-0.0162	0.1695	-0.121	0.1843	0.2852	0.0817	-0.0843	0.365	0.1644	0.2876	0.0007	-0.0795	-0.0684	0.0095	-0.1796	0.1562	0.1946	0.0604	0.0377	-0.2331	-0.1739	-0.2884	0.4526	0.4075	-0.1516	0.4726	0.1956	0.3466	0.0202	0.3085	0.1572	0.3458	-0.016	0.2054	0.2452	-0.2537	-0.2498	-0.2816	-0.0509	0.0337	0.2486	0	-0.1254	-0.152	-0.2181	0.0644	0.0494	-0.3563	-0.0498	-0.3218	-0.2292	-0.4346	-0.3185	0.014	0.1309	-0.2483	0.006	0.2533	-0.0449	-0.0236	-0.0455	-0.2088	0.1919	0.1551	-0.2546	-0.0426	-0.1833	0.1535	0.2314	-0.006	0.1719	0.1303	0.2144	0.0365	-0.1607	0.354	0.1926	0.3042	0.1007	0.3692	-0.0692	-0.1731	-0.0663	0.3497	-0.1305	0.0258	0.1603	0.4093	-0.0391	0.2396	-0.1678	0.3675	-0.1546	0.0263	-0.2	0.219	0.3205	-0.1425	-0.1245	0.2048	-0.0303	-0.0677	0.2741	-0.0829	-0.1481	-0.104	-0.1947	-0.1298	0.2391	-0.2795	-0.1362	-0.0289	-0.2148	-0.0938	0.3363	-0.0408	0.3624	-0.2054	-0.2621	0.1053	-0.1614	-0.0638	0.1558	-0.2399	-0.076	0.104	-0.1342	-0.2488	0.4018	-0.2438	0.0865	0.1167	0.2404	0.2131	-0.1127	-0.2501	-0.1685	-0.069	0.1768	-0.0195	0.1458	0.1187	-0.0093	-0.3199	-0.2312	0.3795	-0.0184	-0.3265	-0.0952	-0.331	0.4429	0.1217	-0.2181	-0.1091	0.0619	0.2767	0.1258	1	-0.1601	0.1289	0.2946	-0.2627	0.1714	0.1215	-0.1282	0.1649	0.1333	-0.196	0.2435	-0.0542	-0.2307	-0.1536	-0.3778	-0.2247	0.1681	-0.0571	-0.2054	-0.1229	-0.0335	-0.1582	0.0541	-0.2432	0.1304	0.1812	0.0739	-0.0757	0.187	-0.0447	-0.0334	-0.0163	-0.0678	-0.1618	0.0949	-0.0839	0.423	0.3648	-0.1548	-0.1638	-0.2558	-0.1508	0.1202	-0.2956	-0.2377	-0.2514	-0.2551	0.0154	-0.3249	0.0299	-0.1942	-0.0583	-0.1455	0.0126	-0.0043	-0.1697	0.0489	0.0219	-0.1927	0.4054	0.4331	0.0031	-0.3014	-0.0733	-0.1601	-0.2582	0.3394	-0.2017	-0.1041	-0.0309	0.0176	-0.1365	0.1337	-0.2273	0.1816	-0.2694	-0.0673	0.0542	0.0108	0.0438	0.1044	0.151	-0.042	-0.1421	0.0726	-0.2953	-0.0539	0.3499	-0.1307	0.2819	-0.2739	-0.2602	-0.2684	-0.0809	0.0107	-0.2952	0.1169	-0.0866	0.1403	0.1477	-0.0851	-0.2068	-0.2043	-0.2983	-0.2114	0.1276	0.0961	0.4868	-0.2645	-0.0058	0.2893	-0.02	0.1083	-0.1862	-0.2561	-0.1016	-0.0051	-0.2195	0.0427	-0.1144	0.1218	0.4018	0.1773	0.1258	-0.1104	0.0832	-0.0021	0.0299	0.3753	-0.1191	-0.2945	0.077	-0.0085	0.3273	0.0773	0.0025	0.2447	-0.0693	0.0352	-0.024	0.1272	-0.0804	0.3205	-0.2571	-0.2553	0.3101	0.3499	0.2418	-0.0684
Sg_G46_34	0.1066	-0.3081	-0.2389	-0.1297	-0.3601	0.0445	-0.4102	-0.1036	-0.3478	-0.1275	-0.0925	0.15	0.0136	-0.162	0.0493	-0.0659	0.1821	-0.1279	0.0237	-0.0414	0.1091	-0.1271	-0.1563	-0.1572	-0.2233	0.2291	-0.1398	-0.0337	0.1571	0.103	-0.1401	0.178	-0.2264	-0.3897	-0.078	0.1493	-0.3524	0.0701	-0.3504	-0.0724	-0.062	0.0218	0.4147	0.0182	-0.2565	0.083	-0.1345	0.4098	-0.0204	-0.0809	-0.2308	-0.4387	-0.0621	-0.0845	0.06	-0.2199	-0.2586	-0.0548	-0.1077	-0.4103	-0.0226	0.2821	0.1852	-0.2967	0.0141	0.0897	-0.1003	0.1805	-0.2778	-0.2799	0.2828	-0.0489	-0.1747	0.1795	0.1696	0.2448	-0.1135	-0.2842	0.2894	0.0636	0.0368	0.0895	-0.4181	0.2752	0.1855	-0.2524	-0.0679	0.2535	-0.0228	0.2719	-0.0553	0.2823	-0.3921	0.1585	0	0.0561	-0.1143	0.2465	0.0082	-0.0723	0.2147	-0.0512	-0.101	0.3291	0.0509	-0.0008	-0.0493	0.0805	0.4655	0.1637	-0.0367	0.2257	-0.0331	0.3341	-0.0425	0.0337	0.1878	0.341	-0.0853	0.0207	0.3764	-0.1526	-0.3244	0.0013	0.3783	-0.2564	0.23	0.417	0.4186	0.3319	0.0108	-0.3447	-0.0183	-0.3456	-0.0414	0.3662	0.1562	0.1462	-0.3282	-0.3542	0.3838	0.0251	-0.4571	0.0951	-0.3113	-0.3296	-0.0561	-0.0729	-0.2659	0.0461	-0.0197	-0.0027	-0.0495	0.0725	0.3028	0.2283	-0.2196	-0.0933	0.2646	0.1609	-0.0283	0.0321	0.2335	-0.1725	0.1867	-0.1445	0.2299	0.209	0.1646	-0.1261	0.1535	0.1114	0.4672	0.0824	0.2561	-0.0024	0.4262	-0.084	0.1869	0.1911	-0.1601	1	-0.0902	-0.3068	0.2541	0.0859	0.3663	-0.0525	-0.2858	0.004	0.1653	0.0569	0.3492	0.0646	0.1841	-0.0898	-0.013	-0.4213	-0.0048	0.073	-0.2427	-0.4351	0.1265	-0.1808	0.3875	0.2914	-0.1047	-0.1081	0.0467	-0.3774	-0.0296	0.2417	0.2245	-0.4524	0.0621	-0.3739	-0.3231	0.199	-0.1551	0.0185	-0.012	0.3306	0.3076	-0.1602	0.1752	0.2774	0.4833	-0.0428	-0.2924	-0.0209	-0.2463	0.0511	0.0647	0.3111	0.2418	0.0456	0.3457	0.0492	0.1595	-0.0306	-0.0373	0.1236	-0.4798	0.1764	-0.1022	0.3229	-0.0459	0.0899	0.2879	0.2596	-0.2709	-0.0729	0.1225	-0.3059	0.0359	-0.3987	-0.1295	0.005	-0.0263	-0.106	-0.4766	-0.3033	0.1784	-0.2774	-0.0488	-0.3565	0.1873	-0.0598	0.0516	0.2786	-0.2163	-0.1023	0.2002	0.2076	0.0687	0.1859	0.0483	-0.2956	0.0368	0.0885	-0.2607	0.4606	0.3086	-0.0173	-0.1697	0.2147	0.1082	0.0856	-0.087	0.0936	-0.2822	-0.162	-0.5069	-0.1033	0.0369	-0.1554	-0.4737	0.0038	-0.0327	-0.3883	0.5325	-0.3201	-0.0768	-0.3601	-0.0571	-0.2623	-0.0895	-0.3446	-0.0434	-0.03	0.0612	0.3198	-0.1952	0.2879	0.0868	-0.1722	0.4285	0.1729	0.0519	-0.4133	-0.3044	-0.3422	-0.2954	0.1788	-0.027	0.2318	0.0238	-0.3299	0.1675	0.3846
Sg_G46_4	-0.0251	-0.0452	0.1909	0.1475	0.1238	0.0205	0.0229	-0.0305	-0.0414	-0.0194	-0.2401	-0.1843	0.0149	-0.3222	-0.0866	-0.015	-0.0272	-0.0368	-0.0282	-0.1042	-0.2419	0.235	0.2691	-0.2567	0.2752	0.1571	-0.088	0.3593	-0.2	-0.1809	0.1449	0.063	0.1118	0.0839	-0.2434	-0.2798	-0.0087	-0.2547	-0.1175	0.0218	-0.1645	0.1376	-0.2012	-0.1672	-0.028	0.0752	0.2039	-0.0621	0.0523	0.0307	0.0922	-0.0101	0.1708	-0.118	0.0296	-0.2261	0.266	0.1164	0.0132	-0.2484	0.2576	-0.1127	0.0554	0.2171	-0.0183	-0.0681	-0.2082	-0.0953	0.1116	0.0225	-0.2088	0.099	-0.025	0.092	0.0464	-0.3017	0.1013	-0.1708	-0.0694	-0.0108	0.058	0.0909	0.0729	0.2028	0.2608	0.2486	0.0728	0.373	0.3854	0.0486	0.2023	0.1609	-0.198	0.2827	-0.1412	0.0886	0.0114	0.3261	0.0421	0.1386	0.1236	-0.014	0.3012	0.052	-0.317	-0.0355	0.1603	0.3913	0.0735	0.032	0.1828	0.0707	-0.0675	-0.14	0.0717	-0.2966	0.0033	-0.0798	0.0612	-0.0025	0.027	-0.1657	-0.1307	0.0011	0.2209	0.0962	0.115	-0.1469	0.1599	0.0106	-0.2047	0.2004	-0.0523	0.0004	0.0014	-0.0864	-0.0075	-0.0291	-0.0927	0.255	-0.0664	0.3254	0.0595	-0.1025	-0.0645	-0.1173	0.3733	-0.1633	0.1805	-0.1642	0.2908	-0.0629	0.5051	-0.1958	0.2104	-0.0496	0.0597	-0.0385	-0.0496	-0.2341	-0.2684	0.1165	-0.1155	0.1777	0.2564	-0.1776	-0.0802	-0.0429	0.1688	-0.0142	-0.1707	-0.0333	0.0797	-0.0123	0.0295	0.3735	-0.0128	-0.1398	0.0659	0.1251	0.1289	-0.0902	1	0.0325	-0.3237	-0.042	0.0655	-0.2933	0.0548	0.0837	-0.1517	0.3571	0.1422	0.3433	0.1238	-0.2805	0.4223	0.2761	0.0355	-0.3022	-0.1858	0.1203	-0.0541	-0.2115	-0.0968	0.1658	-0.1467	-0.2562	-0.0088	0.0903	0.0684	-0.0733	0.0911	0.1083	-0.0742	0.3476	0.0488	0.074	0.2105	0.0188	-0.2993	0.005	-0.0519	-0.2969	-0.2372	-0.0812	-0.0901	0.3718	-0.1023	-0.0984	-0.1763	-0.2959	-0.1445	0.0765	0.2445	0.005	-0.0167	0.0847	0.3249	-0.1432	-0.053	0.1052	0.0573	0.0608	-0.0812	-0.148	-0.24	0.0081	-0.0676	-0.0189	-0.1239	-0.1526	-0.3185	-0.1442	-0.0331	-0.0675	-0.293	-0.1005	-0.2741	0.0786	0.0858	0.2912	0.2441	-0.0429	0.4163	-0.0603	-0.1998	-0.1987	0.0559	-0.0021	0.0589	-0.3033	0.0103	-0.1672	-0.0212	-0.0858	0.3137	-0.0427	-0.0095	0.0097	0.2136	0.1262	-0.2409	-0.3056	0.2592	0.1985	0.0803	0.0288	0.3221	0.3498	0.1878	0.1717	-0.0555	0.1961	-0.2805	0.0977	0.0422	-0.342	0.3909	0.1218	-0.14	-0.0906	0.0037	0.2484	0.371	-0.0345	0.3499	-0.1383	0.2727	-0.172	-0.1116	0.2014	0.1424	0.3871	-0.0758	0.0095	0.1481	0.1293	-0.1502	0.099	-0.2634	-0.1899	-0.1289	0.0033	0.3913	-0.1874	0.065	0.3417	-0.0057	-0.1846
Sg_G47_17	-0.2182	-0.1308	0.2246	0.2931	0.2836	0.5385	0.2317	0.6656	0.1587	0.2777	0.149	-0.1007	-0.2209	-0.139	0.2806	0.0113	-0.1127	0.087	-0.1206	-0.1766	-0.1342	0.275	0.4915	0.1803	0.3044	-0.4752	0.0815	0.3657	-0.1122	-0.1425	0.4917	0.0708	0.52	0.1517	-0.0206	-0.0964	0.1823	-0.1613	0.2614	0.2382	0.2894	-0.2646	-0.542	-0.0538	-0.2316	0.1473	0.3951	-0.4519	0.3925	0.4711	0.3933	0.2973	0.4717	0.2967	0.4531	0.1783	0.3853	0.4141	-0.2199	-0.0896	-0.1913	-0.4303	-0.2879	0.3569	0.0526	-0.4163	0.0611	-0.4446	0.2679	0.2219	-0.4178	-0.0342	-0.3488	-0.3511	-0.3951	-0.3522	0.0306	0.2316	-0.3276	-0.1875	0.3097	-0.2925	0.1725	-0.0678	-0.1054	0.2045	0.1481	-0.3043	-0.0393	-0.3886	0.0949	0.3068	-0.0239	0.1158	-0.1905	0.0851	0.1042	-0.3013	0.3635	0.1371	0.2475	0.1359	0.5114	-0.3256	-0.1049	-0.1612	0.4699	-0.2174	-0.2124	0.3269	0.5002	0.2636	0.3327	-0.5237	0.505	-0.1247	-0.2634	-0.5897	0.42	0.4823	-0.5415	0.1173	0.2695	-0.0773	-0.3161	0.5424	-0.0861	-0.3751	-0.3428	-0.5482	-0.1931	0.414	-0.008	0.0766	-0.1607	-0.3283	-0.1262	0.4313	-0.0142	0.7074	-0.4382	-0.2586	0.2764	-0.2088	-0.0587	0.3859	-0.1636	-0.1636	0.3207	-0.2039	-0.0975	0.54	-0.0255	-0.0007	0.0215	0.0223	0.0738	-0.1289	-0.4112	-0.0701	-0.0237	0.0907	-0.1099	0.4633	0.0664	0.1287	-0.2758	-0.1609	0.3806	0.0016	-0.388	-0.2329	-0.4368	0.4279	-0.1587	-0.1879	-0.36	0.1601	-0.1147	-0.0195	0.2946	-0.3068	0.0325	1	-0.4018	-0.027	-0.2834	-0.2233	0.332	0.0088	-0.3234	0.3115	0.0074	-0.1554	-0.1074	-0.1437	-0.138	0.328	-0.0945	-0.17	-0.0972	0.1431	-0.1856	0.1985	-0.5328	0.0584	0.138	0.0251	-0.2046	0.4484	-0.1898	0.0107	-0.2203	0.1377	-0.1653	0.0654	0.0605	0.2704	0.4399	-0.2534	-0.3174	-0.1813	-0.3942	-0.03	-0.4003	-0.5355	-0.5026	-0.1643	0.1944	-0.2247	-0.0003	-0.023	-0.2252	-0.3194	-0.1109	-0.0551	-0.3016	-0.0871	-0.1671	-0.1274	0.5594	0.2728	0.1425	-0.2635	0.1632	-0.5618	-0.2854	0.3791	-0.514	-0.2388	-0.0731	0.0213	-0.0738	0.0299	-0.216	0.1424	-0.0433	0.2957	-0.1164	0.0399	0.3409	0.679	0.197	0.0885	0.0061	0.175	-0.3607	-0.0045	0.2427	-0.3098	0.4253	0.0713	-0.2668	-0.4085	-0.188	-0.2388	-0.2229	0.1267	-0.14	0.2257	0.4161	-0.3571	-0.4613	-0.1544	-0.2157	-0.262	-0.0166	-0.1271	0.5437	-0.0262	-0.0483	0.3978	0.3304	0.2276	-0.1135	0.0616	0.113	-0.2353	-0.0945	0.292	-0.4559	0.3195	0.4826	0.3569	0.2466	-0.0612	0.2066	0.04	0.0093	0.4323	-0.0482	-0.2231	0.2397	-0.0349	0.2883	0.2539	-0.2895	0.2703	-0.2859	0.1325	0.0461	0.2749	-0.0514	0.2833	-0.1688	-0.3147	0.2956	0.4607	-0.0132	-0.3715
Sg_H04_45	0.3365	0.0999	-0.3631	-0.46	-0.3434	-0.504	-0.3415	-0.538	-0.1248	-0.211	0.0412	0.2461	0.0069	0.108	-0.0796	-0.0558	-0.0908	-0.0527	-0.0887	-0.0164	0.1022	-0.4768	-0.6532	-0.1533	-0.326	0.3429	-0.2828	-0.4193	0.1728	0.2851	-0.5144	-0.2905	-0.5885	-0.1995	0.0627	0.251	-0.1836	0.3608	-0.2038	-0.4385	0.0169	0.0885	0.6284	0.1248	0.3759	-0.1165	-0.5286	0.3765	-0.3656	-0.3275	-0.4405	-0.3314	-0.4283	-0.3011	-0.4378	0.0417	-0.5648	-0.563	0.1265	0.1051	0.1428	0.5071	0.3603	-0.4746	-0.1948	0.2377	0.2438	0.4107	-0.4065	-0.3293	0.8564	-0.0709	0.3167	0.2677	0.3976	0.7655	-0.1829	-0.1448	0.5553	0.0365	-0.266	0.1945	-0.1807	0.1409	0.1766	-0.2428	-0.2973	0.1831	-0.293	0.2445	-0.158	-0.1437	-0.0174	-0.2655	0.184	-0.0339	0.0174	0.1035	-0.4673	-0.2833	-0.184	-0.1217	-0.4861	0.2377	0.336	-0.0117	-0.4394	0.1377	0.1622	-0.3353	-0.5266	0.1066	-0.1867	0.6005	-0.4354	0.3181	0.1249	0.5672	-0.2801	-0.3817	0.4575	0.1326	-0.1708	-0.0529	0.1794	-0.3838	0.0558	0.4399	0.3128	0.4498	0.3438	-0.5414	0.1443	-0.0568	0.0112	0.6838	0.0265	-0.3623	0.0758	-0.6521	0.4663	0.1424	-0.2194	-0.0438	0.0377	-0.2942	0.0801	0.1805	-0.3371	-0.0348	0.0698	-0.4158	-0.1426	0.0409	-0.0147	-0.0301	-0.1764	-0.06	0.6936	0.1688	0.2322	-0.177	0.2015	-0.3851	-0.0603	-0.0261	0.2415	0.2121	-0.2975	-0.0917	0.7996	-0.0232	0.44	-0.3961	0.158	0.1596	0.4129	-0.2462	0.0616	-0.0398	-0.2627	0.2541	-0.3237	-0.4018	1	-0.0339	0.1786	0.1958	-0.2939	-0.1273	0.6667	-0.4014	0.2256	0.0427	-0.0022	0.2339	0.0961	-0.4973	-0.1039	0.3911	0.1721	-0.208	0.1156	-0.0958	0.5975	-0.0704	-0.203	-0.0359	0.1355	-0.3982	-0.0233	-0.0581	0.0009	-0.1694	-0.0267	-0.3428	-0.1	-0.3507	-0.6277	0.3355	0.3479	0.1665	0.2442	0.051	0.8498	0.4063	0.5059	0.1308	0.032	0.3231	0.1908	0.1802	0.3259	0.2339	0.0635	-0.0431	0.4762	-0.1316	0.0335	0.1552	-0.4558	-0.3615	-0.1638	0.5574	-0.1167	0.6084	0.1299	-0.364	0.3982	0.2149	0.103	0.0726	0.2819	-0.0877	0.1079	-0.2736	0.2024	0.101	0.2519	0.0347	-0.3124	-0.3845	-0.1493	-0.187	-0.1175	-0.128	0.6845	0.1427	-0.2438	0.241	-0.4538	0.0506	0.4816	0.7196	-0.0636	0.0519	0.1766	0.2303	0.044	-0.0917	-0.4689	0.123	0.5219	0.3229	0.1957	0.1418	0.1399	-0.0226	-0.5267	0.0244	-0.0172	-0.3816	-0.2746	-0.3887	0.3239	0.0438	-0.2688	0.2026	0.0249	-0.3722	0.5369	-0.233	-0.4282	-0.4186	-0.2896	0.0938	-0.4539	-0.0131	-0.2369	-0.2663	0.2708	0.057	-0.3096	-0.0956	-0.2847	-0.2473	0.356	-0.3468	0.2996	-0.1605	0.0147	-0.2041	0.1016	-0.1938	0.0841	0.5951	-0.2422	-0.6799	-0.0889	0.245
Sg_I01_33	0.1762	-0.1809	-0.1462	-0.2763	-0.2281	0.2104	-0.2399	0.13	-0.0742	-0.2811	-0.2363	0.2188	-0.0412	0.0999	0.223	-0.1129	-0.1038	-0.1935	-0.1344	-0.0735	0.0127	-0.1924	-0.1174	-0.1716	-0.1072	-0.1053	-0.0959	-0.0743	0.2096	0.1289	-0.085	-0.0095	-0.096	-0.3748	0.0154	0.1413	-0.0961	0.1372	0.0291	0.3051	0.1642	0.245	0.1594	0.1615	-0.3348	0.3438	0.038	0.1212	0.2924	0.1465	0.2234	-0.0637	0.3595	-0.2303	0.2099	0.1249	-0.1219	-0.2779	0.1478	-0.0304	-0.2037	0.0883	0.216	-0.0115	-0.0117	0.1869	0.0457	0.0842	-0.2846	-0.2107	0.0202	-0.0856	-0.1422	-0.0206	0.0911	0.077	-0.0054	-0.2085	-0.1038	0.1975	0.3465	0.2559	-0.2281	0.0259	-0.1756	-0.1167	-0.1099	-0.4029	-0.1759	-0.0581	-0.1779	-0.0727	0.1094	0.4231	0.1679	0.5221	-0.1445	-0.01	0.2424	0.374	-0.0013	0.275	-0.0332	-0.1077	0.1707	-0.1557	0.1488	-0.14	0.1859	0.1486	-0.0606	0.0484	-0.0621	0.243	0.2396	0.1558	0.2285	0.2049	0.1463	0.1633	0.2388	0.0054	-0.2331	-0.215	-0.0135	-0.1896	-0.0568	0.0919	-0.1471	0.0851	0.0051	-0.243	0.0661	-0.1984	-0.2251	0.0304	-0.1629	0.2004	-0.034	-0.109	0.1991	-0.1893	-0.245	0.0067	-0.0196	-0.2368	-0.3472	-0.008	-0.1476	0.0724	-0.1794	0.3533	-0.4088	0.1642	0.0407	0.3333	0.0587	-0.103	-0.1706	-0.0358	0.016	-0.2591	0.1583	-0.2691	0.09	0.1195	0.1623	0.1988	0.1213	-0.1096	-0.1068	-0.0672	0.1032	0.3778	-0.2136	-0.1947	0.117	0.0437	0.2945	0.2042	0.1714	0.0859	-0.042	-0.027	-0.0339	1	0.081	-0.006	-0.0744	-0.243	-0.0148	-0.2186	0.2404	-0.2327	0.0827	-0.0772	-0.3034	-0.1126	-0.1308	0.1153	-0.0347	-0.2887	-0.1759	-0.0392	-0.0926	0.2555	-0.1354	-0.0511	-0.1106	-0.1722	-0.1373	-0.1211	0.0755	-0.2691	0.0204	-0.2407	-0.2391	0.4137	-0.2029	-0.1101	0.0244	0.0438	0.1967	-0.1574	0.0118	0.1207	0.0971	-0.2587	-0.188	-0.2462	-0.0482	-0.0498	-0.0416	0.0928	0.1734	0.4799	-0.0453	-0.2372	0.0294	0.1167	0.3458	0.2764	-0.2935	-0.2438	0.1359	0.093	0.1381	0.3315	0.1127	0.2801	-0.0617	-0.1123	0.1011	-0.1643	0.0201	0.1525	0.0331	-0.2669	0.0993	-0.1567	-0.2473	-0.1346	-0.3293	-0.1416	-0.3932	-0.287	-0.0587	0.2415	0.3637	0.2794	-0.0925	-0.0695	-0.0655	-0.0086	0.0055	-0.0582	-0.2156	0.1452	0.1436	0.147	-0.0724	0.1523	0.0321	0.2215	-0.1168	-0.1151	0.2212	-0.1089	0.1225	-0.4291	-0.1751	-0.2565	-0.0441	-0.0818	0.1283	-0.3153	-0.3438	0.0384	-0.3421	-0.2237	0.1498	-0.2048	-0.0839	-0.2531	-0.2108	0.096	-0.3116	-0.1762	-0.2567	0.389	0.0947	-0.0215	-0.2145	-0.1951	0.2264	0.0192	0.2115	0.3378	0.3026	-0.2949	-0.0534	-0.1264	-0.2192	0.2495	-0.2643	-0.1414	0.2748	-0.1815	-0.0198	0.3358
Sg_I05_27	0.3097	-0.3587	-0.3877	-0.1704	-0.329	-0.0503	-0.366	-0.2659	-0.4334	-0.1985	-0.3563	0.2146	0.2631	-0.1777	0.2198	-0.3001	-0.1437	-0.1834	0.3055	0.153	-0.0744	-0.1015	-0.211	-0.2773	-0.3974	0.2393	-0.0781	-0.0365	0.3266	0.158	-0.1516	0.0994	-0.2988	-0.5242	-0.1611	0.2289	-0.5641	0.1952	-0.2103	-0.1848	-0.0011	0.1421	0.4207	-0.143	-0.2947	0.3616	-0.0827	0.6624	0.0555	-0.1147	-0.1836	-0.3263	-0.1489	-0.4842	-0.1553	-0.4646	-0.1969	-0.0686	-0.0472	-0.3415	0.0947	0.3553	0.0883	-0.1709	0.167	0.3575	-0.5031	0.4483	-0.1861	-0.4256	0.2585	0.2489	-0.1533	0.1841	0.0425	0.0909	-0.2536	-0.5684	0.1545	0.4049	0.1268	0.3678	-0.5905	0.0209	-0.0542	-0.0296	-0.0326	0.203	-0.0542	0.4337	-0.0641	0.0904	-0.4144	0.2431	0.3239	0.133	0.1837	0.3252	-0.2261	0.0893	0.1162	-0.1203	-0.228	0.4755	0.1189	0.2584	-0.0522	0.0601	0.628	0.1319	-0.1301	0.214	-0.1178	0.4645	0.0362	0.1157	0.4891	0.6034	-0.1726	-0.1545	0.6031	-0.5452	-0.5639	0.2658	0.595	-0.161	0.1505	0.489	0.4917	0.5442	-0.1586	-0.5032	-0.0861	-0.4833	-0.0113	0.346	0.304	-0.0983	-0.4659	-0.349	0.3497	0.1267	-0.5001	0.2325	-0.351	-0.4572	0.0917	0.0667	-0.2414	0.2331	0.1292	-0.1237	-0.0187	0.145	0.1515	0.2956	-0.1356	0.1528	0.0751	0.039	-0.086	0.2802	0.2015	-0.1414	0.356	0.031	0.2657	0.3269	0.3039	-0.3634	0.0075	0.3829	0.2567	0.0859	0.0161	0.1742	0.6139	-0.2631	0.2102	0.3235	0.1215	0.3663	0.0655	-0.2834	0.1786	0.081	1	0.0284	-0.406	0.3108	0.0925	0.1023	0.2743	0.1152	0.4863	-0.1053	0.0975	-0.347	0.2318	0.2122	-0.0131	-0.5411	-0.0316	-0.2593	0.2863	0.4024	-0.315	-0.3457	-0.2506	-0.4608	-0.1885	0.3522	0.4415	-0.6022	0.2065	-0.3718	-0.6232	0.0982	-0.174	0.138	-0.2307	0.2436	0.5162	-0.4102	0.1756	0.403	0.616	0.0486	-0.376	-0.2816	-0.1112	0.1048	-0.1336	0.2771	0.2503	0.2751	0.21	0.3666	0.3852	-0.2737	-0.1356	-0.0066	-0.4445	0.0133	-0.0775	0.4597	-0.1552	-0.0605	0.5655	0.5257	-0.2097	-0.0519	0.1824	-0.3535	-0.1384	-0.2978	-0.3104	0.0464	0.1867	-0.3074	-0.6466	-0.2043	-0.0614	-0.4118	0.1023	-0.3701	0.1204	-0.4298	0.0162	0.5885	-0.3654	-0.3689	0.1531	0.1356	0.1558	0.152	0.1859	-0.2156	0.0527	-0.002	-0.3651	0.5189	0.2867	0.1094	-0.1587	0.2057	0.1855	0.2523	-0.1358	0.1593	-0.3215	-0.2912	-0.4589	-0.3081	0.1288	-0.34	-0.4898	-0.1127	0.0652	-0.5844	0.3029	-0.3674	0.0176	-0.4371	0.1008	-0.4246	-0.188	-0.4033	-0.2053	-0.1761	0.1793	0.4014	-0.2155	0.1405	-0.1832	-0.2359	0.3956	-0.0573	0.396	-0.5368	-0.4157	-0.427	-0.3639	0.1475	0.1055	0.1006	-0.1263	-0.208	-0.191	0.3567
Sg_I05_65	-0.0857	0.1688	-0.1037	-0.0896	-0.0909	-0.3314	-0.0048	-0.3042	0.1418	-0.2916	0.0348	-0.0918	-0.2149	0.3836	-0.279	-0.1536	0.0901	0.0806	-0.1377	-0.0932	0.284	-0.2183	-0.1777	-0.0282	-0.0232	0.2435	0.0604	-0.3229	0.0215	0.0472	-0.1376	0.0995	-0.174	-0.0072	0.2822	0.038	0.1952	0.124	-0.1367	-0.185	-0.0367	0.2126	0.2413	0.232	0.0774	-0.1653	-0.2993	0.2699	-0.2207	-0.211	-0.041	0.0035	-0.2313	-0.113	-0.2934	0.0067	-0.1561	-0.2651	0.0287	0.17	-0.0658	0.1741	0.0135	-0.1727	-0.2303	0.1704	0.0954	0.3143	-0.2152	-0.0102	0.1462	-0.1689	0.2872	0.0507	0.1883	0.0734	0.0874	0.0353	0.1446	0.4362	-0.2526	0.2478	0.0804	0.077	-0.1046	-0.1184	-0.1835	-0.1422	0.0476	0.0583	-0.1084	-0.2537	0.3988	-0.2884	0.1238	-0.0499	0.0777	-0.0488	-0.1501	-0.1031	-0.3336	0.1347	-0.2201	0.3326	0.0151	-0.1377	-0.2928	0.1016	0.1192	-0.2796	-0.3871	-0.1065	-0.1484	0.2948	-0.2026	0.0886	0.3473	0.3423	-0.2153	-0.2439	0.2019	0.1107	-0.0166	-0.1841	0.0769	-0.3826	-0.0662	0.2602	-0.105	0.3857	0.1797	-0.1783	0.2402	0.0445	0.2421	0.1197	-0.2096	-0.2908	0.1355	-0.2609	0.311	-0.1386	-0.0355	0.0098	0.2723	-0.0579	-0.0547	0.1133	-0.1479	0.0451	-0.0892	-0.3285	-0.173	0.0854	-0.0392	-0.2223	0.1428	-0.1298	0.1944	0.0496	0.4198	-0.2369	-0.0387	-0.2108	-0.1012	-0.0533	0.3057	0.2044	-0.4011	0.2309	0.0998	-0.1161	0.1223	-0.3182	0.0697	-0.1417	0.0013	-0.0427	0.0298	-0.2803	-0.1282	-0.0525	-0.2933	-0.2233	0.1958	-0.006	0.0284	1	-0.0575	-0.2111	0.0355	-0.3021	-0.1017	-0.0738	0.1941	0.2926	-0.1949	-0.1008	-0.1802	0.1278	0.1252	-0.0016	0.2647	0.0736	0.1664	-0.0624	-0.1194	0.1528	0.1539	-0.1236	-0.0886	-0.1396	0.3556	-0.0226	-0.0089	0.0226	0.1589	-0.0973	-0.2025	0.1951	0.411	0.1822	0.2985	0.1443	0.1043	0.4903	0.2058	-0.0713	0.0551	0.3012	0.0177	-0.0974	0.1628	0.379	0.1062	0.1112	0.2413	-0.2718	0.1415	0.0967	-0.3118	-0.0677	0.0867	0.0128	-0.095	0.1364	0.2129	-0.1442	0.3359	0.1066	0.2144	-0.0226	0.0408	0.1016	0.2936	0.232	0.3698	-0.0746	0.0121	-0.0974	-0.0503	-0.2774	-0.2433	0.0463	-0.2148	-0.2201	0.0728	0.2458	-0.1501	0.1474	-0.0304	0.2578	0.0797	0.0662	-0.141	-0.1791	-0.0588	0.2316	0.212	-0.1364	-0.0977	-0.0396	0.3122	0.0774	0.1733	0.1567	0.1562	-0.1753	-0.4221	-0.1319	0.0378	-0.2224	0.0857	0.0229	0.0615	0.0026	0.183	0.2883	-0.106	-0.1043	0.0918	0.025	-0.383	-0.019	-0.3008	0.1042	-0.1899	0.1735	-0.3963	-0.2136	0.0362	0.002	-0.0379	-0.1235	-0.0578	-0.1071	-0.0066	-0.0967	0.2481	-0.0036	0.2594	0.0265	0.0202	-0.3883	-0.1008	0.0688	-0.1828	-0.1585	-0.0667	0.1607
Sg_I06_25	-0.517	0.5495	0.2104	0.3811	0.2597	0.2078	0.1588	0.269	0.5626	0.2294	0.3669	-0.3444	-0.0488	0.1033	-0.0312	0.2258	0.0158	0.3848	-0.2033	-0.0301	0.0686	0.4994	0.5205	0.2142	0.3504	0.0642	0.3226	0.33	-0.3329	-0.4459	0.305	-0.0104	0.3426	0.564	0.206	-0.4368	0.463	-0.3826	0.1629	0.1164	0.068	-0.0092	-0.5425	-0.1563	0.121	-0.0887	0.062	-0.4698	-0.0447	0.0218	0.3068	0.2001	0.2021	0.3269	0.2142	0.362	0.4676	0.2994	-0.0318	0.2277	-0.2467	-0.5525	-0.1374	0.36	0.0129	-0.4568	0.1897	-0.2238	0.3463	0.2789	-0.3573	0.0499	-0.0056	-0.2602	-0.3543	-0.177	0.2615	0.298	-0.2915	-0.2897	-0.1543	-0.2685	0.6339	0.0585	-0.1545	0.0143	0.2126	-0.094	0.0182	-0.3056	0.4643	-0.0584	0.3747	-0.1831	-0.2605	-0.307	0.1919	-0.2583	0.2368	-0.1584	0.018	-0.1244	0.4554	-0.2034	-0.338	-0.0693	-0.0718	-0.128	-0.4303	-0.0471	0.2766	-0.2394	0.3261	-0.4486	-0.0358	-0.3075	-0.2919	-0.5098	0.1816	0.1622	-0.544	0.2575	0.2993	-0.1767	-0.3931	0.4376	-0.2337	-0.5999	-0.0151	-0.4243	-0.1273	0.6776	-0.1606	0.3597	0.3688	-0.3052	-0.08	0.1619	0.4901	0.5219	-0.4651	-0.2645	0.6578	-0.2135	0.1742	0.3532	-0.1882	-0.1141	0.1295	-0.1765	-0.2839	0.2314	-0.0247	0.0006	-0.3119	-0.2025	0.4422	-0.0322	-0.1815	-0.2326	0.0875	-0.0712	-0.3221	0.2636	-0.1818	0.0389	-0.138	-0.4324	0.0677	0.2689	-0.2148	-0.2807	-0.3837	0.1139	-0.0481	-0.3023	-0.5206	-0.0045	-0.0891	-0.2582	0.1649	-0.2858	0.0548	0.332	-0.2939	-0.0744	-0.406	-0.0575	1	-0.1092	-0.1814	0.3356	-0.3285	-0.0875	-0.3458	-0.0766	-0.0661	0.4491	-0.1012	-0.4163	-0.0463	0.6665	-0.0064	0.0547	-0.3091	-0.2405	0.0959	0.141	0.1307	0.6	0.1983	-0.0759	-0.1141	0.6809	-0.1292	0.2932	0.5655	0.1009	0.6067	-0.0371	0.0309	-0.4337	-0.4844	0.2945	-0.3085	-0.3352	-0.5136	-0.0457	0.4835	0.2178	0.1192	-0.2851	-0.2048	-0.4089	-0.2152	-0.2057	-0.1566	-0.2	-0.0323	0.211	0.2266	0.0261	0.5094	-0.2053	-0.0817	-0.4244	-0.0496	0.0744	-0.2977	-0.4792	0.3294	0.2477	-0.2908	0.325	-0.1506	0.4362	0.052	0.2116	-0.2975	0.3678	0.6954	0.2734	0.3291	0.1902	0.0245	0.4524	-0.2695	0.1155	-0.1109	-0.4954	0.567	0.0485	-0.0972	-0.288	-0.0628	-0.17	-0.2877	0.2185	-0.3257	-0.1274	0.3933	-0.3343	-0.3938	-0.2666	0.0397	-0.1603	-0.1701	-0.0422	0.27	-0.0697	0.1432	0.6561	0.1117	0.4374	-0.3439	0.3537	0.5316	-0.0589	-0.0505	0.7499	-0.2075	0.505	0.2763	0.6794	0.1515	0.1295	0.488	0.4298	0.2779	0.2405	-0.3174	-0.1661	0.3313	-0.0774	0.1066	0.2821	-0.3881	0.0948	-0.3131	0.5793	0.3057	0.5318	0.2031	-0.0526	-0.2	-0.2776	0.1881	0.5593	0.2015	-0.3718
Sg_I07_11	0.1656	-0.196	-0.2101	0.0803	-0.0569	0.1543	0.1595	0.0116	-0.3812	0.2842	0.1293	0.0098	0.7525	-0.173	0.3081	-0.1638	-0.2272	-0.1074	0.861	0.5777	-0.3714	0.1377	0.1525	0.252	-0.1465	-0.0946	0.2472	0.0152	-0.0449	-0.0254	0.1759	-0.0301	0.163	0.0278	-0.3201	0.0055	-0.2659	0.0063	0.1994	-0.1227	-0.0556	-0.1285	-0.1563	-0.298	-0.1265	-0.1901	0.13	-0.0483	0.0725	-0.0515	-0.1859	0.138	-0.1706	-0.0858	-0.086	-0.1361	0.1038	0.4563	-0.1925	-0.2583	-0.0138	-0.1513	-0.0131	0.2529	0.6537	-0.0486	-0.2081	-0.1748	0.2783	0.0301	-0.1116	0.4557	-0.1447	-0.0941	-0.1917	-0.327	-0.3656	-0.0947	-0.2558	-0.1728	-0.0833	-0.2101	-0.2773	-0.2408	-0.1638	0.1223	0.3892	0.2348	-0.1009	0.2796	0.2297	0.1658	-0.3169	0.023	-0.0253	-0.2824	0.0498	-0.0799	-0.153	0.0108	-0.0134	-0.3501	-0.0472	-0.0473	-0.0689	0.7187	0.0764	-0.0869	-0.043	0.0111	0.1009	0.1421	0.0624	-0.2264	0.0351	-0.008	-0.0166	-0.0541	0.0553	-0.0352	-0.1043	-0.2262	-0.0586	0.8693	0.1477	0.307	-0.0086	-0.1109	0.1318	-0.1564	-0.1409	-0.0508	-0.168	-0.1427	-0.1631	-0.1525	0.7193	-0.0119	-0.3093	0.123	-0.0541	0.1232	-0.2038	0.5739	-0.3954	0.0558	0.1123	0.011	0.2289	0.5772	0.0638	-0.0298	0.0845	-0.0102	-0.0921	-0.0108	-0.2198	0.7012	-0.1622	-0.0096	-0.152	0.9179	0.2362	0.1587	-0.0054	-0.0862	-0.2238	0.1007	0.198	-0.2938	-0.2668	0.7547	-0.0653	-0.0389	0.0885	0.055	-0.0428	-0.2573	-0.153	0.1781	0.1333	0.004	0.0837	0.0088	-0.1273	-0.243	0.3108	-0.2111	-0.1092	1	-0.0204	0.3616	-0.1319	0.1139	0.003	-0.1266	0.0237	-0.084	0.79	0.0583	0.0096	-0.1463	-0.1623	0.0731	-0.0891	-0.0786	0.0396	-0.0421	-0.1688	-0.1615	-0.2094	0.6625	-0.0027	-0.1486	0.5678	-0.162	-0.3181	-0.1051	0.1511	-0.2391	-0.1445	-0.2166	-0.1008	-0.1167	-0.1507	-0.062	0.0116	0.0085	-0.1479	-0.2968	0.1915	0.1809	-0.15	-0.244	-0.1025	-0.1624	-0.3687	0.9041	0.0181	-0.4346	-0.0352	-0.1885	-0.0831	-0.0236	0.0433	-0.0099	-0.1948	-0.1641	-0.0103	0.0643	-0.165	0.0084	0.0334	-0.2722	-0.2246	-0.1539	-0.1495	0.1853	-0.0708	-0.2056	-0.1901	0.0505	-0.0443	-0.0803	0.1608	0.0965	-0.1682	-0.323	-0.1456	-0.0368	0.1161	-0.1346	-0.2983	-0.1149	0.6384	0.069	0.0598	-0.3388	-0.2624	-0.078	-0.0919	0.0956	-0.1328	-0.0029	-0.1439	-0.1016	-0.0237	0.7818	0.0143	0.2214	-0.3311	0.1245	-0.1166	-0.2876	-0.0096	-0.04	-0.0528	-0.0203	0.006	-0.1942	-0.1859	-0.1751	0.6143	0.0301	0.5906	-0.329	0.0991	-0.3164	0	-0.1854	0.1178	0.0175	0.1274	0.1838	-0.1739	-0.0828	-0.1083	-0.1304	-0.1572	-0.1303	-0.1864	-0.007	-0.0378	0.0904	0.0329	-0.2341	-0.1885	0.2185	0.1268	-0.2653
Sg_I09_29	0.2517	0.0487	-0.3719	-0.3183	-0.225	-0.2988	-0.4006	-0.3686	-0.2025	-0.2451	-0.1513	0.3322	-0.0209	-0.0777	0.1124	0.0234	-0.0667	-0.0587	-0.0734	-0.0505	-0.1044	-0.5003	-0.4867	-0.2236	-0.264	0.3001	-0.3628	-0.2081	0.219	0.2798	-0.4257	-0.2502	-0.4281	-0.1877	-0.14	0.264	-0.3328	0.3056	-0.395	-0.1678	0.2262	0.0339	0.3028	-0.015	0.3135	0.065	-0.4233	0.1411	-0.224	-0.2023	-0.2323	-0.4178	-0.2238	-0.3198	-0.1701	0.0766	-0.4537	-0.3376	0.1467	0.1398	0.0462	0.2844	0.4314	-0.3251	-0.1441	0.1495	0.2241	0.3657	-0.386	-0.3283	0.6593	-0.1502	-0.0353	0.1556	0.4167	0.6158	-0.1734	-0.1489	0.4614	-0.1378	-0.1399	-0.0359	-0.1834	0.1138	0.2403	-0.2339	-0.4491	0.1723	-0.3606	0.1326	-0.2313	0.0274	-0.1593	0.006	0.1294	-0.1	-0.2195	0.1576	-0.1548	-0.2835	0.0106	-0.1131	-0.3711	0.0753	0.3275	-0.0024	-0.272	0.1646	0.1267	-0.0854	-0.3498	0.1123	-0.0186	0.3976	-0.2186	0.3691	0.0075	0.4584	-0.0332	-0.1469	0.2394	0.149	-0.1395	0.0393	0.1938	-0.3842	0.1616	0.1435	0.2539	0.1978	0.2249	-0.4199	0.1898	-0.194	-0.1298	0.6643	0.075	-0.0738	0.0109	-0.4649	0.1961	0.1925	-0.2402	-0.0337	0.042	-0.2766	0.1186	-0.1403	-0.3754	-0.0782	0.0987	-0.1589	-0.0326	-0.2083	0.0947	0.0675	-0.2104	-0.0613	0.6102	0.3264	-0.0557	0.012	0.1272	-0.0968	0.0926	-0.2534	0.1542	0.195	-0.104	-0.3912	0.706	0.0123	0.3099	-0.1484	0.0588	0.2927	0.2188	-0.055	0.1323	0.2757	-0.196	0.1653	-0.1517	-0.3234	0.6667	-0.0148	0.0925	0.0355	-0.1814	-0.0204	1	-0.2432	0.3198	0.0781	0.0355	0.2922	0.178	-0.3192	-0.0727	0.3158	-0.2038	-0.2566	0.1219	-0.1978	0.4304	0.0153	-0.1009	-0.0416	0.2014	-0.298	-0.0297	-0.0914	-0.1663	-0.1858	-0.0056	-0.4159	-0.1231	-0.1246	-0.4803	0.2575	0.2837	0.0627	0.0415	-0.1879	0.6306	0.1778	0.3196	0.1617	-0.0758	0.1435	0.0122	0.2036	0.2017	0.1703	0.163	-0.0458	0.1472	-0.0572	0.0175	0.2322	-0.2089	-0.0657	-0.1735	0.6184	0.1683	0.3085	0.0497	-0.0442	0.2347	0.1544	-0.1002	0.0947	0.2539	-0.1605	-0.0626	-0.3387	0.0875	-0.0263	0.1404	0.0336	-0.3104	-0.3033	0.0012	-0.3982	-0.0599	-0.276	0.5742	-0.0283	-0.1784	0.0053	-0.2841	0.0995	0.4089	0.695	-0.0741	-0.1213	0.159	0.1152	0.0063	0.1466	-0.3672	0.0048	0.2147	0.2812	0.0726	0.1167	0.0023	-0.0575	-0.3245	0.1184	-0.1531	-0.2511	-0.3352	-0.3527	0.3166	-0.0577	-0.169	0.0792	0.0641	-0.2807	0.4371	-0.3485	-0.2426	-0.3248	-0.1358	0.2476	-0.3677	-0.1376	-0.0758	-0.0559	0.2948	0.2116	-0.1385	0.0187	-0.0915	-0.3459	0.4961	-0.035	0.0942	-0.2505	-0.0831	-0.1807	-0.0943	0.0884	0.0749	0.5099	-0.0395	-0.5462	0.1251	0.2369
Sg_I12_32	-0.2097	-0.0269	0.0429	0.5882	0.0904	0.4058	0.1182	0.4027	-0.0084	0.212	-0.0284	-0.2779	0.1757	-0.4231	0.245	0.0367	-0.0726	-0.0461	0.2094	0.1149	-0.1933	0.6452	0.6305	-0.0596	0.2918	0.2162	0.1396	0.7403	-0.1036	-0.285	0.5713	0.2419	0.5255	0.2511	-0.2519	-0.3187	-0.0861	-0.4614	-0.0998	0.2291	0.0133	0.011	-0.3853	-0.4489	-0.2283	0.1226	0.4074	-0.2027	0.1939	0.2684	0.17	-0.0394	0.2481	-0.0088	0.2753	-0.3178	0.4651	0.5868	-0.3062	-0.4094	-0.2387	-0.3646	-0.128	0.3826	0.227	-0.4545	-0.2811	-0.1235	0.2915	0.1926	-0.4116	0.2673	-0.2967	-0.2301	-0.4419	-0.3776	-0.0262	-0.1987	-0.3752	-0.2428	0.1972	-0.2779	0.0805	-0.0014	-0.0187	0.3627	0.1447	0.3903	0.1194	-0.1049	0.6545	0.5659	-0.2488	0.2336	-0.2829	-0.1247	0.0887	0.1533	0.2463	0.0103	0.5255	-0.1826	0.5243	0.1786	-0.4405	0.2073	0.26	0.0454	0.0847	0.2064	0.6224	0.0477	0.3838	-0.509	0.3672	-0.4732	-0.0805	-0.3581	0.3701	0.3457	-0.2364	-0.2191	-0.1259	0.2673	0.1333	0.45	-0.0942	-0.2928	0.3695	-0.3188	-0.2272	0.4905	-0.3179	-0.2174	0.1838	-0.0446	0.2988	0.334	-0.1395	0.5443	-0.3115	-0.0034	0.1586	-0.0168	-0.215	-0.0156	-0.062	-0.4932	0.0312	0.0048	-0.2287	0.3333	0.2221	-0.2051	0.1008	0.1296	0.2288	0.1375	-0.0714	-0.188	-0.1516	0.385	-0.2271	0.5043	0.1947	-0.3691	-0.2285	-0.2928	0.5536	-0.1206	-0.3524	0.1496	-0.2691	0.2486	0.1633	-0.146	-0.1037	-0.1569	-0.0581	0.2158	0.2435	0.0569	0.3571	0.3115	-0.4014	-0.2186	0.1023	-0.3021	0.3356	0.3616	-0.2432	1	-0.0301	-0.0044	0.0486	-0.2211	0.0106	0.2993	0.1941	-0.4752	-0.4202	0.147	-0.2455	-0.1375	-0.3338	0.2181	-0.0979	0	0.1242	0.3067	0.0411	0.292	0.1564	0.0808	0.0718	0.1122	0.0266	0.1604	0.6995	-0.1981	-0.4507	-0.1895	-0.3281	-0.232	-0.4895	-0.3007	-0.1915	-0.1116	-0.0218	-0.1834	-0.1936	-0.211	-0.1367	-0.2303	0.0456	-0.133	-0.1087	0.2567	0.2488	-0.1863	0.3089	0.275	-0.081	-0.1138	-0.0255	-0.243	-0.3776	0.2486	-0.308	-0.2231	-0.0958	-0.0152	-0.4549	-0.0262	-0.3484	-0.058	-0.2234	0.2739	-0.31	0.0702	0.1778	0.3908	0.6347	-0.1888	0.2034	0.047	-0.1026	-0.3075	0.2272	-0.3212	0.4735	-0.1823	-0.1096	-0.1666	0.1307	-0.0163	-0.1597	-0.2764	-0.1688	0.1871	0.5171	0.1208	-0.3317	-0.5014	-0.2777	-0.0038	0.0305	0.2495	0.5801	0.4248	-0.1713	0.7178	-0.1133	0.2688	-0.4344	0.1757	0.0695	-0.1958	0.0633	0.2738	-0.0676	0.2375	0.5601	0.5225	0.5489	-0.1197	0.6373	-0.0019	0.288	0.0997	-0.2456	0.2117	0.5461	0.4376	0.1673	0.1873	-0.1157	0.2815	-0.4562	0.0071	-0.0626	0.195	-0.3109	0.3582	-0.1448	-0.3518	0.1696	0.5873	0.3146	-0.2649
Sg_I12_44	0.4172	-0.351	-0.3146	-0.1405	-0.011	0.1163	-0.3424	0.0597	-0.2632	-0.2086	-0.3372	0.2741	-0.2585	-0.3113	0.3101	-0.0303	-0.038	-0.2803	-0.213	-0.3294	-0.2634	-0.3029	-0.1987	-0.4738	-0.1535	0.0654	-0.2719	0.1457	0.2825	0.2481	-0.1945	0.0838	-0.2751	-0.4867	-0.3283	0.3041	-0.435	0.2283	-0.3779	0.0799	0.286	0.1425	0.2514	-0.0537	-0.2846	0.4311	0.0946	0.2745	0.2803	0.3	-0.0008	-0.4032	0.1403	-0.5236	0.1453	-0.3191	-0.3094	-0.151	-0.0815	-0.3264	0.0113	0.2169	-0.0008	-0.1791	-0.0959	0.0951	-0.1604	0.1902	-0.4761	-0.4744	0.367	-0.1939	-0.1878	0.2335	0.3602	0.2133	-0.1201	-0.5921	0.282	0.1001	0.4043	-0.019	-0.402	0.2264	0.4053	-0.1758	-0.3373	0.0611	-0.1387	0.1763	-0.1799	0.2946	-0.3439	0.4729	0.1522	0.3581	-0.1991	0.2621	0.1972	0.3132	0.3724	0.3046	-0.0354	0.0969	0.2226	-0.3086	0.2885	0.218	0.3784	0.2465	0.0993	0.2539	0.0002	0.2722	0.1922	0.2004	0.0932	0.325	0.1273	0.275	0.3285	-0.2189	-0.5784	-0.1439	0.3601	-0.3108	0.2971	0.3386	0.158	0.2749	-0.0451	-0.5105	0.1759	-0.4511	-0.3705	0.4947	-0.077	0.1677	-0.2235	-0.2374	0.3034	0.233	-0.4426	-0.2068	-0.102	-0.5009	0.008	-0.3343	-0.3456	-0.2404	0.1176	0.1545	-0.0106	-0.2051	0.4151	0.3777	-0.1156	-0.2939	0.1196	0.168	-0.0332	0.0006	0.0974	-0.0298	0.5647	-0.3982	0.1077	0.2352	0.3396	-0.2996	0.2268	-0.135	0.4157	0.2553	0.0776	0.2803	0.385	0.1446	0.4149	0.364	-0.0542	0.3492	0.1422	0.0074	0.2256	0.2404	0.2743	-0.1017	-0.3285	-0.1319	0.3198	-0.0301	1	0.0555	0.3558	-0.0726	0.1461	-0.3672	-0.2125	0.144	-0.398	-0.483	-0.2023	-0.3918	0.2628	0.5003	-0.2205	-0.2181	-0.1648	-0.3145	-0.0874	-0.0333	0.01	-0.4491	-0.2	-0.4011	-0.4109	0.3256	-0.2394	-0.0173	-0.1917	0.2983	0.2038	-0.4481	0.3069	0.1394	0.2485	0.0092	-0.3828	-0.2226	-0.4471	0.1077	-0.0407	0.2932	0.5578	0.1765	0.3283	-0.1599	0.2351	-0.1676	0.135	0.2655	-0.5119	0.2644	0.0839	0.2848	-0.0463	0.282	0.0967	0.459	-0.4006	-0.1435	0.1181	-0.2914	-0.1427	-0.2886	-0.2161	-0.1536	-0.0676	-0.0891	-0.4889	0.0559	0.119	-0.414	0.0528	-0.4655	0.1864	-0.2458	0.2669	0.2857	-0.2999	-0.1615	0.196	0.3282	-0.2659	-0.0331	0.1668	-0.1546	0.2208	0.306	-0.3322	0.2441	0.1467	0.0815	-0.0463	0.201	0.1208	-0.1721	0.2092	0.1246	-0.296	-0.2581	-0.3015	-0.2144	0.1472	-0.2404	-0.4118	-0.2626	0.0024	-0.3919	0.3485	-0.4796	-0.1459	-0.4386	0.1583	-0.1445	-0.265	-0.4471	-0.0599	0.1264	0.2727	0.2823	-0.0562	0.3444	0.1395	-0.3997	0.7571	0.465	0.1793	-0.5236	-0.3869	-0.3132	-0.3797	0.4137	0.0488	0.2258	0.3176	-0.3323	-0.1646	0.3552
Sg_I12_6	0.1429	0.0377	0.0148	-0.0954	-0.0851	-0.4024	0.1512	-0.496	0.005	-0.015	0.0568	-0.0598	0.0965	0.1032	-0.1732	0.0089	-0.1565	0.1463	0.1615	0.194	-0.1485	-0.0288	-0.0921	-0.0131	0.0194	0.0222	-0.0235	-0.1162	-0.093	-0.0422	-0.1916	-0.0765	-0.0959	0.0508	-0.2939	-0.0193	-0.0511	0.1522	-0.0391	-0.1794	-0.0674	-0.3234	0.1412	-0.213	0.1979	-0.1515	-0.1596	0.0039	-0.3691	-0.519	-0.3895	0.1086	-0.1327	0.0745	-0.412	-0.2214	-0.0731	-0.0959	0.0088	-0.1319	0.8008	0.1026	0.0784	-0.0399	-0.014	0.3238	-0.1147	-0.007	0.1928	-0.0726	0.186	0.2115	0.3988	-0.0089	0.2095	0.1931	-0.0056	-0.0276	0.2961	0.0047	-0.33	-0.0047	0.0951	-0.1357	0.3471	-0.0659	0.0284	0.6088	0.0535	0.2388	-0.1829	-0.1161	-0.3217	-0.1779	-0.1	-0.2431	-0.1667	0.093	-0.4104	-0.1733	-0.2927	-0.4265	-0.1407	-0.1299	0.0067	0.235	-0.3776	0.2495	-0.1748	-0.1049	-0.3247	0.2551	-0.4025	-0.0014	-0.416	0.1055	-0.1875	-0.0444	-0.3279	-0.4423	0.0255	-0.1247	-0.0415	0.1834	0.1106	0.0512	0.0036	0.1417	0.0204	0.0362	-0.3911	-0.1601	0.0642	0.419	-0.2821	0.0453	0.29	-0.3775	0.0141	-0.1077	0.0023	0.7601	0.0262	0.1795	-0.1448	0.0234	0.845	0.3727	0.1607	0.118	0.8203	-0.4311	0.7869	-0.1001	0.097	-0.2899	-0.3711	0.1541	-0.0013	0.056	-0.0819	0.1277	0.0616	-0.1855	0.2755	0.1753	0.0952	0.212	-0.1186	-0.2522	0.0507	0.1685	0.0907	-0.4674	-0.1428	0.5615	0.0216	-0.2919	-0.0392	0.0168	-0.2307	0.0646	0.3433	-0.1554	0.0427	-0.2327	0.1152	-0.0738	-0.0875	0.1139	0.0781	-0.0044	0.0555	1	-0.0028	-0.2372	0.8107	-0.001	0.2011	0.1532	0.2665	0.1431	-0.1082	-0.0971	0.3424	-0.1924	-0.0184	-0.5319	0.0162	-0.2288	0.1545	0.1613	-0.075	0.1741	0.1445	0.2812	0.0394	-0.3378	-0.1447	0.1543	-0.2491	-0.1524	-0.0527	-0.2706	0.1653	-0.0295	-0.0604	0.8364	0.0176	0.2974	-0.1222	0.0584	-0.4041	-0.2339	0.1992	0.0084	0.242	0.1672	-0.1882	-0.119	-0.4458	-0.4152	0.2763	0.3206	-0.2387	0.0071	-0.248	-0.3757	0.0453	-0.0198	-0.2373	-0.0302	0.0538	-0.1168	-0.1849	-0.2503	-0.4629	-0.017	-0.223	0.1021	0.0474	-0.0243	0.0255	0.1683	0.8061	0.1743	-0.2172	-0.3092	-0.4983	0.0054	-0.1949	-0.3419	0.2561	-0.0196	0.1131	0.0897	0.8385	-0.0671	-0.207	-0.3009	-0.096	-0.1426	0.0175	0.1077	0.5013	0.0795	0.0629	0.0606	-0.3394	0.6054	0.1417	-0.0259	-0.0422	-0.0294	0.1055	0.2587	0.1068	-0.5379	0.875	0.023	0.1018	-0.0053	-0.1572	-0.0977	-0.0526	-0.2805	0.3492	0.0597	0.3537	-0.4889	0.0712	0.2902	-0.0698	0.0611	-0.3581	-0.2561	0.1249	-0.169	-0.0956	0.1321	-0.5682	-0.3147	0.285	-0.2193	0.831	0.1177	-0.3434	-0.1151	-0.1681	-0.0278
Sg_I13_16	0.3324	-0.3091	-0.3051	-0.0771	-0.0593	-0.1112	-0.2204	-0.0721	-0.3563	-0.3593	-0.4786	0.0443	-0.0592	-0.2624	-0.0292	-0.2241	0.1652	-0.143	0.0411	-0.0912	0.1118	-0.1427	-0.1222	-0.3904	-0.0405	0.2639	-0.1412	0.1839	0.1861	0.0605	0.0404	0.1184	-0.0951	-0.3663	0.0317	0.1648	-0.39	0.1011	-0.2701	0.0056	-0.04	0.1315	0.2174	0.0059	-0.2515	0.0967	-0.03	0.5301	-0.0132	0.111	-0.0463	-0.2763	-0.072	-0.4473	-0.1065	-0.2973	-0.0485	-0.0512	-0.1255	-0.3818	-0.0257	0.1282	0.0447	-0.1178	-0.0175	0.2675	-0.2968	0.3478	-0.2559	-0.2038	0.0511	0.0239	-0.1097	0.2183	0.1283	-0.0094	-0.1216	-0.4522	0.0717	0.5593	0.1802	0.347	-0.3586	0.2168	0.1234	0.1856	-0.1137	0.0635	0.2332	0.2606	-0.0033	0.1825	-0.2134	0.1685	0.1151	0.1858	0.0885	0.4152	-0.0278	0.1835	0.1588	0.1678	-0.1187	0.4618	0.0301	-0.0363	0.119	0.2649	0.4826	0.0626	-0.0487	0.2356	-0.1321	0.2741	0.0872	0.0577	0.5234	0.4222	-0.093	-0.103	0.3948	-0.3359	-0.4389	0.0029	0.5951	-0.2884	0.3415	0.4205	0.1737	0.4627	0.0646	-0.3931	0.2139	-0.4447	0.0026	0.1721	-0.0025	-0.1118	-0.2842	-0.2049	0.2062	0.038	-0.3375	0.0523	0.0147	-0.3555	-0.0168	-0.1948	-0.1825	0.0553	0.0465	-0.0977	0	-0.0662	0.0766	0.1234	-0.1461	-0.0145	0.0879	0.1089	-0.0554	0.0466	0.1037	0.0549	0.306	-0.2263	0.2639	0.3261	0.0814	-0.1198	-0.0123	0.14	0.3464	-0.0371	0.0898	0.1838	0.2395	0.0694	0.169	0.1638	-0.1536	0.1841	0.1238	-0.1074	-0.0022	0.0827	0.4863	0.1941	-0.3458	0.003	0.0355	0.0486	0.3558	-0.0028	1	0.2084	0.0278	-0.1202	-0.0263	0.1453	-0.1847	-0.3695	-0.0542	-0.1345	0.1053	0.3523	-0.3882	-0.1564	-0.1856	-0.3325	-0.1773	0.0747	0.4795	-0.3886	0.085	-0.2457	-0.3236	0.0846	-0.1368	0.0979	-0.1205	0.3649	0.4751	-0.4732	-0.005	0.322	0.395	-0.008	-0.3554	-0.2731	-0.2325	-0.0815	0.0406	0.3655	0.294	0.1937	0.152	0.0873	0.5117	-0.0794	-0.096	0.0922	-0.3899	-0.045	0.0233	0.1738	0.0174	0.0388	0.3871	0.3913	-0.1783	-0.1613	-0.0087	-0.3401	0.121	-0.1839	-0.0948	-0.0046	-0.0958	-0.2889	-0.4145	-0.0116	0.0006	-0.4517	0.0012	-0.4121	0.0269	-0.1282	0.0593	0.4653	-0.3413	0.001	0.0877	-0.0014	-0.0188	-0.0809	0.0635	-0.1858	0.2998	0.0717	-0.1308	0.4624	0.1664	0.0179	-0.1299	0.1446	0.1534	-0.0223	0.0671	0.0425	-0.2037	-0.2551	-0.1308	-0.1451	0.0695	-0.2886	-0.3649	0.0644	-0.0142	-0.3798	0.1206	-0.3651	-0.1848	-0.313	0.1097	-0.2026	-0.2276	-0.3072	-0.2096	-0.1309	0.0371	0.4728	-0.0971	0.3058	0.0576	-0.3515	0.3345	0.0384	0.4033	-0.3821	-0.2691	-0.3867	-0.3611	0.0418	0.0088	0.0035	-0.1569	-0.1705	-0.1045	0.3044
Sg_K01_3	-0.1344	0.038	-0.0891	-0.152	-0.0874	-0.1988	-0.0538	-0.0743	-0.0629	-0.2918	-0.0046	-0.0984	-0.048	-0.0264	-0.1964	-0.0284	0.14	0.0192	-0.1055	-0.0381	0.172	-0.1251	-0.1899	0.0024	0.0627	0.15	-0.0899	-0.2189	-0.0075	-0.0451	-0.0547	-0.1454	-0.1567	0.0549	0.1021	-0.0371	0.0417	0.0482	0.0412	-0.0342	-0.0241	0.0484	0.0363	0.1895	0.2153	-0.146	-0.2684	-0.0384	-0.2324	0.0449	0.03	0.11	-0.159	-0.2206	-0.1097	0.149	-0.037	-0.2001	0.2545	0.2221	-0.1086	-0.0447	0.1044	-0.2034	-0.1191	0.0404	0.2115	0.1812	0.0516	0.0921	0.1695	-0.1414	0.0788	0.0734	0.1758	0.1215	0.1109	0.0088	0.1957	-0.0231	-0.0178	0.1088	0.0154	0.0719	0.024	0.0728	-0.1803	-0.0791	-0.1201	-0.0031	-0.0538	-0.1663	0.3	-0.1778	0.0079	-0.0899	0.0723	0.145	-0.1436	-0.2275	0.0323	0.2239	-0.1098	0.1469	-0.0188	-0.0553	-0.1424	-0.0103	0.0039	-0.1664	-0.1222	-0.1497	-0.0775	0.2287	-0.188	-0.022	0.1906	0.2544	-0.0233	-0.1209	0.1171	0.1952	0.0078	-0.0572	0.0601	-0.2779	0.089	0.0129	0.0331	0.1684	0.4264	-0.0415	0.1771	-0.0983	0.1701	0.1568	-0.147	-0.1668	0.0393	-0.1812	-0.0189	-0.1522	-0.0437	-0.0934	0.0898	-0.1147	-0.0965	-0.1146	-0.2303	-0.0808	-0.1674	-0.106	-0.1879	-0.0355	-0.081	-0.0689	-0.0289	-0.0059	0.1749	0.0877	0.145	-0.1803	-0.0872	0.0425	-0.1064	-0.1301	0.0835	0.0556	-0.2325	0.1043	0.2227	-0.0723	0.254	-0.2251	0.0558	-0.0373	0.0272	0.0306	-0.0472	-0.1992	-0.3778	-0.0898	-0.2805	-0.1437	0.2339	-0.0772	-0.1053	0.2926	-0.0766	-0.1266	0.2922	-0.2211	-0.0726	-0.2372	0.2084	1	-0.1567	-0.0602	-0.0972	0.0715	-0.0727	0.0358	0.0129	0.0995	0.0849	-0.1308	-0.2518	0.3423	0.0569	0.0437	0.0294	-0.141	0.0894	0.0601	-0.0846	-0.1105	0.1367	-0.1521	-0.2199	0.1843	0.373	0.2564	-0.0109	0.1459	0.1193	0.1245	0.118	-0.1321	0.1208	0.0939	0.1625	-0.0536	0.3594	0.1918	-0.0597	-0.0923	-0.0428	-0.1635	0.1123	0.2799	-0.086	-0.1022	0.0782	0.1852	0.1472	0.1136	0.4211	-0.1451	0.1422	-0.0095	0.1878	-0.1191	0.0559	-0.1656	0.1149	0.1531	0.4658	0.2018	0.0254	-0.0136	0.0204	-0.0976	-0.0268	-0.0833	-0.2076	0.0677	0.2473	0.2976	-0.2123	-0.1005	-0.0482	0.7174	0.1148	0.2582	-0.1348	-0.2913	-0.099	0.0821	0.1826	-0.0789	-0.0346	0.143	0.0664	0.0692	-0.0669	0.1927	-0.0681	-0.1069	-0.2009	-0.0606	0.061	-0.1542	0.1043	0.0146	0.0889	-0.0507	0.0131	0.3128	-0.2059	-0.0344	-0.0064	-0.0931	-0.1831	-0.0519	-0.1091	0.2293	-0.2108	-0.0015	-0.07	-0.1072	-0.0561	0.2155	0.0558	-0.0931	-0.0194	0.1048	-0.0806	-0.1177	0.0986	0.0291	0.4415	0.1836	0.1144	-0.1955	-0.1437	0.0094	-0.1808	-0.1859	0.0949	0.1884
Sg_K01_5	0.1106	0.0317	-0.0505	-0.1951	-0.0188	-0.3811	-0.04	-0.4508	-0.0194	-0.0419	-0.0361	-0.0601	-0.0376	-0.0237	-0.2751	0.1526	-0.0612	0.1127	0.0016	0.0257	-0.1479	-0.0933	-0.0715	-0.1539	0.0591	0.16	-0.1834	0.0051	-0.1066	-0.0493	-0.1223	-0.2138	-0.213	-0.0022	-0.2064	-0.0274	-0.0792	0.0853	-0.1161	-0.184	-0.1088	-0.2107	0.1026	-0.2396	0.3004	-0.0688	-0.0671	-0.0538	-0.2724	-0.3111	-0.3327	-0.001	-0.1916	0.0003	-0.3457	-0.2237	-0.0817	-0.108	-0.0301	0.0423	0.8132	0.1777	0.034	-0.1384	-0.1157	0.3174	-0.0682	0.0305	0.073	-0.213	0.2301	0.0454	0.2749	0.141	0.2304	0.2108	0.0209	-0.0781	0.2977	-0.0242	-0.2156	0.0428	0.0515	-0.0003	0.4826	-0.0094	-0.0479	0.6494	0.1122	0.1828	-0.1029	-0.057	-0.3346	-0.1117	-0.0326	-0.1624	-0.2053	0.1731	-0.3588	-0.2025	-0.0674	-0.2971	-0.0674	-0.1232	-0.0119	0.1065	-0.2544	0.3249	-0.1118	-0.0619	-0.1618	0.1866	-0.2036	0.0692	-0.3128	0.0388	-0.2436	0.0365	-0.2642	-0.3543	0.049	-0.0715	-0.0765	0.0791	0.1349	0.0159	0.143	0.0885	0.0698	0.0125	-0.3063	-0.0912	0.0402	0.2778	-0.2266	0.1038	0.1266	-0.3222	0.0529	-0.0746	-0.0107	0.7482	-0.0112	0.0298	-0.0847	-0.0565	0.8685	0.1944	-0.0166	-0.0673	0.812	-0.3878	0.827	-0.2841	0.0763	-0.2161	-0.2102	0.0093	0.1028	0.0622	-0.1794	0.0734	-0.0899	-0.1675	0.2898	0.107	0.0036	0.0661	-0.0254	-0.2248	0.2001	0.0172	0.0983	-0.3969	-0.1531	0.8126	0.0391	-0.2658	-0.0293	0.0499	-0.2247	-0.013	0.4223	-0.138	0.0961	-0.3034	0.0975	-0.1949	-0.0661	0.0237	0.178	0.0106	0.1461	0.8107	0.0278	-0.1567	1	-0.0406	0.0636	0.0816	0.1674	0.1063	-0.104	-0.1658	0.2986	-0.1052	-0.0292	-0.4433	-0.0532	-0.1919	0.2635	-0.0458	-0.1143	0.1544	0.0084	0.2207	0.0585	-0.3376	-0.1765	0.1031	-0.2446	-0.0959	-0.0309	-0.2994	0.215	-0.0972	-0.0089	0.8868	-0.0217	0.2177	-0.1944	0.0558	-0.3496	-0.222	0.1568	0.0203	0.2424	0.0968	-0.1296	-0.0367	-0.3993	-0.3838	0.175	0.4864	-0.1594	0.002	-0.3044	-0.3311	0.0084	0.0385	-0.2363	-0.0571	-0.0163	-0.1581	-0.1329	-0.2774	-0.357	-0.0951	-0.1787	0.2542	0.0179	0.0678	0.1109	0.1039	0.8102	0.1461	-0.0175	-0.3217	-0.3344	-0.0151	-0.1918	-0.2715	0.3159	0.0389	-0.0298	0.1298	0.8522	-0.0191	-0.1932	-0.1132	-0.0592	-0.1289	-0.0506	0.0023	0.506	0.0931	0.0071	-0.0624	-0.1346	0.6032	0.1849	-0.0404	-0.1087	-0.037	0.0459	0.2788	0.0613	-0.4731	0.9092	0.0237	0.139	-0.0563	-0.2285	-0.1006	0.0578	-0.2141	0.362	-0.0024	0.4879	-0.4253	0.073	0.3569	0.0316	0.1648	-0.3852	-0.2264	0.2174	-0.1753	-0.0861	0.1039	-0.4506	-0.2908	0.2019	-0.1278	0.9119	0.2207	-0.2461	-0.1309	-0.2228	0.002
Sg_K09_1	-0.2976	0.2338	0.3488	0.4866	0.4868	0.1607	0.38	0.2877	0.2212	0.2325	0.1475	-0.3269	-0.0615	-0.0424	-0.0493	0.0389	0.1561	0.2214	-0.0871	-0.0596	0.0485	0.4784	0.4954	0.1169	0.3995	-0.1163	0.1724	0.3997	-0.2803	-0.2874	0.4354	0.0373	0.562	0.5178	0.0468	-0.2801	0.3793	-0.3098	0.1867	0.1517	-0.0729	-0.079	-0.527	-0.1419	0.033	-0.1005	0.2667	-0.4438	-0.018	0.0188	0.2463	0.2695	0.1665	0.2552	0.1322	0.1976	0.6544	0.4121	-0.0772	0.0921	-0.0714	-0.5446	-0.0903	0.5157	-0.0577	-0.202	0.1288	-0.3234	0.3897	0.4779	-0.5145	0.0554	-0.1255	-0.3196	-0.3432	-0.4315	0.2251	0.2315	-0.3609	-0.0734	-0.1895	-0.2491	0.5871	0.0862	-0.0737	0.3636	0.0908	-0.0709	0.1614	-0.4414	0.1806	0.0981	0.1991	-0.0194	-0.2565	-0.1914	0.0399	-0.0098	0.2194	-0.0228	0.0214	-0.0872	0.3939	-0.0985	-0.3022	-0.0705	0.1184	-0.0534	-0.4012	-0.1164	0.2822	-0.1852	0.1302	-0.5106	0.2113	-0.2251	-0.2772	-0.5175	0.0124	0.095	-0.4875	0.2306	0.2575	-0.0685	-0.2168	0.4271	-0.1792	-0.4305	-0.2523	-0.3231	-0.2216	0.6276	0.1404	0.302	0.264	-0.4322	-0.1459	0.0174	0.3247	0.5906	-0.4997	-0.1329	0.5397	-0.1591	0.203	0.346	0.0121	-0.1266	0.4879	-0.1313	-0.095	0.0497	0.1667	-0.1814	-0.1153	-0.3086	0.3005	-0.0176	-0.2868	-0.228	-0.0052	0.0325	-0.3029	0.4839	-0.1436	0.0648	-0.2696	-0.2225	-0.0007	0.2055	-0.3296	-0.1318	-0.5176	0.0706	-0.1242	-0.1886	-0.5006	0.2037	-0.1437	-0.0876	0.1681	-0.4213	0.2761	0.328	-0.4973	-0.1126	-0.347	-0.1008	0.4491	-0.084	-0.3192	0.2993	-0.3672	-0.001	-0.1202	-0.0602	-0.0406	1	-0.0447	-0.3427	-0.0861	0.4898	-0.0985	0.0928	-0.4028	-0.1815	-0.0059	0.0392	0.1183	0.5558	0.0776	-0.1375	-0.0363	0.4662	-0.0963	0.5219	0.5479	-0.0881	0.5248	-0.2099	-0.1008	-0.1582	-0.3014	0.1753	-0.5278	-0.3605	-0.5749	-0.0003	0.2172	-0.1112	0.0362	-0.3076	-0.2489	-0.1647	-0.1204	-0.1731	-0.3581	-0.0553	-0.0961	-0.0237	0.0915	0.0494	0.4316	-0.2406	-0.0754	-0.5138	0.0155	-0.0215	-0.4185	-0.5492	0.1703	-0.0577	-0.3065	0.255	0.044	0.356	0.0574	-0.011	-0.2646	0.127	0.6176	0.3788	0.2935	0.1312	0.1405	0.2911	-0.4302	0.1838	-0.0864	-0.4313	0.444	0.1262	-0.245	-0.3709	-0.071	-0.1586	-0.1331	0.1107	0.0267	-0.194	0.5135	-0.3645	-0.3299	-0.2225	0.1034	-0.1252	0.1801	0.0006	0.2978	0.0253	0.2918	0.4136	0.4219	0.4118	-0.2589	0.2404	0.3442	-0.1614	0.0624	0.5906	-0.4364	0.4335	0.295	0.7109	0.1158	0.2125	0.4505	0.2849	0.1245	0.0509	-0.2414	-0.0786	0.3134	0.0728	0.1825	0.3027	-0.4657	-0.0237	-0.3188	0.4462	0.1581	0.3135	0.1251	-0.1972	-0.025	-0.3373	0.0075	0.5721	0.2379	-0.3345
Sg_K09_61	0.2064	-0.2196	-0.2101	0.0256	0.053	0.0432	0.1592	-0.1079	-0.3172	0.199	0.1386	0.0368	0.8075	-0.0996	0.2539	-0.2322	-0.1439	-0.0888	0.9137	0.8189	-0.3263	0.092	0.117	0.2761	-0.218	-0.1937	0.2907	-0.1385	-0.1433	-0.0206	0.1077	-0.0391	0.1415	0.0398	-0.3496	-0.0233	-0.2259	0.0947	0.2755	-0.0841	-0.166	-0.141	-0.0988	-0.1823	-0.1124	-0.1995	0.0209	-0.0204	-0.0776	-0.15	-0.2943	0.1125	-0.2591	0.0058	-0.1976	-0.0973	0.1018	0.3011	-0.0349	-0.1987	0.1167	-0.0426	-0.0726	0.2344	0.8499	0.0576	-0.1017	-0.1975	0.1698	0.0236	-0.0994	0.6769	0.0149	-0.086	-0.1993	-0.2549	-0.4029	-0.0421	-0.1783	-0.1159	-0.1708	-0.0773	-0.2503	-0.3841	-0.2485	-0.0941	0.3369	0.1675	-0.1192	0.3941	0.1265	0.0388	-0.2162	-0.0247	0.004	-0.2068	-0.1054	-0.0358	-0.2165	0.009	-0.1703	-0.3898	-0.1707	-0.1483	0.0051	0.8605	-0.0555	-0.1949	-0.1265	-0.1189	-0.0441	0.0879	-0.0881	-0.1674	-0.0652	0.0647	0.0026	-0.0934	-0.0809	-0.1442	-0.0996	-0.1575	-0.0364	0.9144	0.0767	0.1574	-0.0151	-0.0304	0.0893	-0.1662	-0.201	-0.0542	-0.1726	0.0423	-0.2626	-0.1772	0.8821	-0.1288	-0.2335	0.0595	-0.1301	0.1997	-0.2015	0.8253	-0.2845	0.1261	0.1395	0.1166	0.298	0.8334	0.1667	-0.1469	0.168	0.0788	-0.2091	-0.0491	-0.2039	0.8815	-0.2177	-0.042	-0.16	0.7263	0.3279	-0.0509	-0.0392	-0.0345	-0.1191	0.1886	0.0533	-0.1873	-0.2408	0.8857	-0.0196	-0.1938	0.0053	0.0409	-0.0324	-0.1474	-0.2258	0.0559	-0.0571	-0.0048	0.0355	-0.0945	-0.1039	-0.1308	0.2318	-0.1802	-0.1012	0.79	-0.0727	0.1941	-0.2125	0.2011	-0.0263	-0.0972	0.0636	-0.0447	1	0.1609	0.0129	-0.1275	-0.1933	0.0312	0.0261	-0.1106	0.0383	-0.076	-0.136	-0.1952	-0.2426	0.7464	-0.0504	-0.0794	0.841	-0.1447	-0.2877	-0.2966	0.0392	-0.2881	-0.1321	-0.2025	-0.0958	-0.1238	-0.1508	-0.062	-0.06	0.0616	-0.0837	-0.2124	0.1028	0.2497	-0.2272	-0.26	-0.1085	-0.1429	-0.3343	0.813	-0.0735	-0.3765	-0.1314	-0.3557	-0.1145	-0.0313	-0.0127	0.0137	-0.0923	-0.3147	0.0133	-0.0362	-0.133	-0.0286	0.0562	-0.2497	-0.1336	-0.0407	-0.1499	0.0768	-0.0454	-0.2724	-0.1304	-0.0292	-0.1931	-0.0063	0.168	0.1437	-0.1237	-0.2332	-0.2564	-0.0154	0.0195	-0.0232	-0.2397	-0.1347	0.8922	0.2152	0.1152	-0.2929	-0.2999	-0.1821	-0.1431	0.0598	-0.169	0.1142	-0.1088	-0.1469	-0.1618	0.8014	-0.1177	0.244	-0.3763	0.0571	-0.0959	-0.3479	0.0768	-0.1393	-0.022	-0.1009	0.0375	-0.1717	-0.1065	-0.1371	0.4232	-0.0468	0.4648	-0.3736	0.0852	-0.279	-0.0437	-0.2316	0.0847	0.0736	0.0887	0.0728	-0.2811	-0.0586	-0.1859	-0.2295	-0.1764	-0.0863	-0.2309	-0.1336	0.0374	0.0336	0.1048	-0.1925	-0.2915	0.1531	-0.0739	-0.2262
Sg_K10_28	0.4269	-0.1519	-0.323	-0.5789	-0.364	-0.3107	-0.1894	-0.37	-0.1755	-0.2681	-0.1614	0.7898	0.2291	0.1463	0.1604	-0.1082	-0.1897	-0.2049	0.1941	0.1755	0.0083	-0.4184	-0.588	-0.0384	-0.5003	-0.1632	-0.1196	-0.4388	0.4501	0.6698	-0.5513	-0.2401	-0.4581	-0.4571	-0.0549	0.6881	-0.3288	0.9244	-0.1107	-0.212	0.3051	-0.1553	0.4244	0.1656	-0.1095	0.0524	-0.4816	0.2643	-0.2013	-0.2579	-0.3227	-0.2001	-0.2606	-0.1017	-0.2353	-0.063	-0.4697	-0.3788	0.0057	-0.0758	0.2839	0.4044	0.2906	-0.3119	0.0716	0.2739	0.0077	0.0683	-0.3319	-0.4277	0.4095	0.1118	0.0421	0.1064	0.2835	0.3832	-0.4148	-0.0665	0.3107	0.0625	-0.1976	0.1483	-0.4278	-0.3187	-0.0066	-0.4264	-0.2494	-0.0835	-0.2743	0.1812	-0.4698	-0.1002	-0.1422	-0.0836	0.5678	0.1394	-0.1874	-0.1752	-0.3334	-0.0165	-0.2605	-0.0332	-0.5316	-0.0132	0.8733	0.1466	-0.2655	-0.0772	0.12	0.135	-0.4635	0.2525	-0.0981	0.33	-0.1448	0.8372	-0.0108	0.2804	-0.1502	-0.2284	0.2015	-0.0769	-0.0867	0.0987	0.1016	-0.2086	0.0833	0.2645	-0.1191	0.2558	0.0999	-0.6557	0.298	-0.0476	-0.3846	0.1927	0.1508	-0.1413	-0.2703	-0.4998	0.2157	0.1032	-0.3121	0.2263	-0.1991	-0.0617	0.1872	0.372	-0.0096	0.2312	0.3171	-0.1992	-0.0526	0.1224	-0.0064	0.0624	-0.4513	0.1626	0.1074	0.6554	-0.1339	-0.0288	0.4833	-0.3971	0.0057	0.3296	0.1342	0.421	-0.1784	-0.3183	0.3133	0.2643	0.2484	-0.2031	-0.1738	0.2149	0.1639	0.0027	-0.0648	0.3321	-0.2054	0.073	-0.3022	-0.17	0.3911	0.1153	0.2122	0.1278	-0.4163	0.0583	0.3158	-0.4752	0.144	0.1532	0.1453	0.0715	0.0816	-0.3427	0.1609	1	0.3022	-0.3977	0.1014	-0.1376	0.3252	-0.0272	0.1328	-0.1269	-0.2601	-0.5395	-0.1432	0.1572	-0.1718	-0.3312	0.2231	-0.3657	-0.3921	-0.2324	-0.6177	0.0711	0.0675	0.1032	0.2908	-0.1162	0.4103	0.1954	0.2472	0.1266	-0.3434	-0.0002	0.0489	0.6178	-0.0132	0.0694	0.026	0.1388	0.0635	0.1559	-0.3127	0.0296	-0.2495	-0.3133	-0.2626	0.1771	0.2537	0.2681	0.0612	-0.2197	0.1707	0.2582	-0.2583	0.4464	0.8447	-0.1894	-0.0032	-0.292	-0.0383	-0.1999	0.5027	-0.2464	-0.4054	-0.0564	-0.5125	-0.258	-0.0055	-0.2257	0.2158	-0.1161	-0.2238	0.3173	-0.5681	-0.1462	0.1602	0.1651	0.1692	0.1835	0.2295	-0.0743	0.0833	0.043	-0.5325	-0.0651	0.3172	0.8794	0.046	-0.0061	0.0811	0.1379	-0.4209	-0.0349	-0.2882	-0.5599	-0.1264	-0.6136	0.9392	-0.3301	-0.29	0.1196	0.052	-0.4837	0.2172	-0.4207	-0.2034	-0.5823	-0.301	-0.2124	-0.4616	-0.2393	-0.247	-0.0475	0.7121	-0.0398	-0.4906	-0.316	-0.1672	-0.3523	0.2361	-0.2805	0.2079	-0.3707	-0.2106	-0.2791	-0.0418	-0.0224	0.2047	0.2904	-0.1864	-0.5952	-0.361	0.1711
Sg_K14_18	-0.0109	0.2352	0.0464	-0.2814	-0.1623	-0.4266	0.1195	-0.4017	-0.0015	0.098	0.3254	-0.027	0.0799	0.4834	-0.3465	0.011	-0.2359	0.2607	0.0463	0.1017	0.1801	-0.0806	-0.3138	0.3186	-0.175	-0.1452	0.1386	-0.387	-0.0025	0.0033	-0.234	-0.1592	-0.2019	0.0386	0.2814	0.0617	0.2314	0.2796	0.3405	-0.293	-0.191	-0.1849	0.3262	0.0685	0.287	-0.4009	-0.3374	0.0819	-0.4017	-0.496	-0.3645	0.2419	-0.2726	0.183	-0.4346	0.0981	-0.1627	-0.2722	0.1386	0.3888	0.3778	0.1652	0.0469	-0.062	-0.1183	0.3458	0.1217	0.0076	0.117	-0.0725	0.1658	-0.0571	0.3872	0.0262	0.0897	0.1678	-0.0434	0.3012	0.0761	0.1688	-0.3555	0.1715	0.1214	-0.1789	-0.0962	-0.0162	0.2201	0.0758	-0.0076	0.1176	-0.2071	-0.4099	0.2165	-0.4628	0.055	-0.1413	0.2186	-0.2542	-0.5653	-0.2158	-0.4216	-0.2471	-0.3415	-0.0493	0.1574	0.0763	-0.3928	0.0505	-0.1631	-0.2522	-0.4309	0.024	-0.2267	0.2027	-0.4553	0.1756	-0.0594	0.066	-0.3012	-0.5031	0.0963	0.1129	0.2623	-0.0492	-0.1122	0.2527	-0.1755	0.1977	-0.2351	0.1343	-0.0294	-0.1584	0.0581	0.5066	0.0156	-0.2522	-0.112	-0.4897	0.2456	-0.1651	0.1438	0.1164	0.1661	0.0212	0.0114	0.2548	0.2973	0.8437	0.2275	0.0787	0.2662	-0.357	0.1207	0.196	-0.2603	-0.3197	-0.1753	0.0586	-0.0779	0.036	0.051	-0.0907	0.1075	-0.4497	-0.2859	0.8006	0.1983	0.0666	-0.4085	0.1306	0.0107	-0.0236	0.0699	-0.4535	-0.0677	0.0396	0.0851	-0.1804	-0.2506	-0.3177	-0.1229	-0.2427	-0.1858	-0.0972	0.1721	-0.0347	-0.0131	0.1252	-0.0463	0.0096	-0.2038	-0.4202	-0.398	0.2665	-0.1847	-0.0727	0.1674	-0.0861	0.0129	0.3022	1	0.2113	0.0997	0.1027	0.1192	-0.3267	0.0988	-0.1657	-0.0809	-0.0685	0.1421	-0.03	-0.0664	0.1815	-0.037	0.1917	0.0707	-0.4106	-0.2278	0.144	0.0551	-0.1208	0.2036	0.3086	0.2498	0.153	0.1039	0.2786	0.1002	0.1999	0.3597	0.1388	-0.0786	-0.1591	-0.2982	0.1112	0.1083	0.0476	-0.2598	0.0154	-0.3671	-0.5583	0.3579	-0.0123	-0.0769	0.1865	-0.0467	-0.503	0.1987	0.1432	0.1527	0.1745	0.2336	0.1099	0.0503	0.081	0.058	-0.0634	0.1541	0.0994	0.1153	-0.1183	-0.3774	0.4085	0.1427	0.3667	-0.1519	0.0711	-0.3693	0.2145	-0.1293	-0.1	0.0723	-0.1619	0.0056	0.1603	0.3043	0.2095	-0.0111	-0.3085	-0.1099	-0.1625	0.185	0.3039	0.314	-0.0089	0.0854	0.0332	-0.4753	-0.07	0.2321	-0.305	0.1283	-0.115	0.2457	0.2385	0.1038	0.0649	0.2865	0.003	-0.0339	0.0842	-0.1991	-0.1203	-0.2526	0.0371	-0.0269	0.1965	0.0709	-0.3396	0.0757	-0.1951	-0.3353	-0.3094	-0.4407	-0.0462	-0.3196	-0.482	0.3187	0.2267	0.08	0.1041	0.502	-0.5349	0.2994	-0.0329	-0.4391	-0.1714	-0.2284	-0.1127
Sg_K15_44	-0.4471	0.7477	0.4685	0.4212	0.2634	-0.1002	0.3992	-0.0093	0.6308	0.3643	0.426	-0.5345	-0.0694	0.3252	-0.3644	0.2213	0.1415	0.4687	-0.1821	0.0454	0.2291	0.4023	0.3282	0.3711	0.4366	0.103	0.3018	0.118	-0.5366	-0.4615	0.2514	-0.1725	0.2658	0.8463	0.3075	-0.5199	0.7479	-0.3601	0.273	-0.0595	-0.1276	-0.1272	-0.3998	0.0045	0.4381	-0.431	0.0269	-0.4747	-0.248	-0.2013	0.1382	0.3917	-0.0764	0.4441	-0.1372	0.3421	0.4524	0.2126	-0.001	0.3508	0.0558	-0.4855	-0.2564	0.2616	-0.1292	-0.3	0.2402	-0.2168	0.4653	0.5473	-0.3076	-0.0044	0.4242	-0.1866	-0.1969	-0.1758	0.4091	0.5051	-0.1601	-0.2659	-0.3896	-0.1859	0.8147	-0.0217	-0.078	0.1748	0.3253	0.055	0.121	-0.3004	0.3399	-0.3473	0.386	-0.5057	-0.4205	-0.4749	0.2321	-0.1728	-0.0363	-0.2992	-0.2409	-0.2335	0.3273	-0.148	-0.4337	-0.0075	-0.3449	0.0004	-0.5774	-0.2449	0.0563	-0.4012	-0.0319	-0.431	-0.3014	-0.3857	-0.2965	-0.4762	-0.0968	-0.1355	-0.4419	0.2785	0.5304	-0.1262	-0.3246	0.3832	-0.2697	-0.4894	-0.1373	-0.3147	-0.0109	0.6891	-0.052	0.6199	0.4926	-0.3959	-0.1163	-0.1928	0.6434	0.3866	-0.401	-0.0387	0.8634	-0.255	0.2938	0.4806	0.1057	0.1287	0.2798	-0.205	-0.0395	-0.193	0.2541	-0.0983	-0.3634	-0.4795	0.3128	0.0005	-0.0817	-0.3074	0.158	-0.1934	-0.4246	0.254	-0.2762	0.0934	-0.1278	-0.4701	-0.2893	0.4251	-0.1161	-0.2836	-0.3159	-0.2733	0.0163	-0.1096	-0.5407	-0.0679	-0.2621	-0.5585	-0.0335	-0.4351	0.1203	0.1431	-0.208	-0.2887	-0.5411	-0.0016	0.6665	-0.1463	-0.2566	0.147	-0.483	0.1431	-0.3695	0.0358	0.1063	0.4898	-0.1275	-0.3977	0.2113	1	-0.0008	0.1928	-0.2015	-0.5113	0.1535	0.1206	0.3914	0.6011	0.3129	-0.2634	-0.1171	0.9613	-0.1829	0.7045	0.8337	-0.2447	0.4854	0.1589	0.1067	-0.4214	-0.4397	0.4133	-0.2435	-0.2863	-0.5068	0.1349	0.5763	0.5098	0.2597	-0.3353	-0.0398	-0.3197	-0.3115	-0.352	-0.0317	-0.2101	-0.0501	0.2407	-0.163	-0.2097	0.8138	-0.1052	-0.1781	-0.3289	0.0751	-0.2206	-0.267	-0.5635	0.4537	0.1034	-0.367	0.538	0.0062	0.3281	0.0502	0.1789	-0.348	0.4032	0.93	0.2222	0.226	0.5612	0.212	0.6749	-0.2138	0.2359	-0.3641	-0.5171	0.5072	0.1086	-0.0464	-0.2238	-0.1051	-0.1653	-0.0313	0.2426	-0.2345	-0.4205	0.4598	-0.3132	-0.244	-0.27	0.4	0.0008	-0.2262	-0.1094	0.0019	0.0973	0.6059	0.5276	0.3762	0.5206	-0.348	0.6288	0.7807	-0.019	0.1826	0.9129	-0.3253	0.6755	0.0318	0.708	0.0201	0.2762	0.5333	0.6606	0.3326	-0.1176	-0.3764	-0.2387	0.2623	-0.1439	-0.1289	0.209	-0.5563	-0.2091	-0.3134	0.9143	0.3322	0.5102	0.5773	-0.4807	0.0625	-0.1694	-0.0686	0.512	0.1382	-0.4981
Sg_K16_17	-0.2479	0.1703	0.0541	-0.0666	-0.0515	-0.1962	-0.0511	-0.1998	0.0236	-0.179	0.0337	0.1093	-0.1696	0.252	-0.2027	-0.0977	0.3774	0.0711	-0.1571	-0.1554	0.2518	-0.25	-0.2677	0.1357	-0.0781	0.1167	-0.1406	-0.2024	-0.0102	0.033	-0.1764	0.1728	-0.1999	0.0657	0.2379	-0.055	0.1095	0.0518	-0.1933	-0.0885	-0.0271	0.1296	0.1511	0.3788	0.2033	-0.1673	-0.2616	0.2045	-0.196	-0.0985	-0.0597	-0.1348	-0.1475	0.1627	-0.0259	0.1191	-0.1073	-0.0376	0.2696	0.2342	-0.0904	0.093	-0.0224	-0.1945	-0.2066	-0.0941	0.0452	0.1828	-0.1463	0.0063	0.1377	-0.2485	0.0552	0.0831	0.2758	0.1857	0.0322	0.2534	0.1519	0.101	-0.1686	0.1407	-0.0159	0.2561	-0.0119	-0.2116	-0.154	-0.0691	0.1112	-0.0167	-0.1599	-0.2186	0.2484	-0.1765	0.102	-0.0589	-0.0288	0.0365	-0.0278	-0.119	-0.238	0.0176	-0.1384	0.0713	0.0735	-0.2032	-0.1073	0.2249	0.0383	-0.1876	-0.1891	0.0157	-0.0382	0.1441	-0.226	0.0999	0.1145	0.1338	-0.1082	-0.093	0.0659	0.0217	0.2087	-0.2276	-0.1123	-0.22	-0.1077	0.0266	0.0915	0.1499	0.1456	0.0155	0.0726	0.0115	0.2045	0.0109	-0.2237	0.0094	0.0417	-0.244	0.0741	-0.1535	0.0324	-0.0135	0.0857	-0.0349	-0.0181	0.0861	0.0506	-0.1375	-0.0371	-0.1948	-0.0505	0.0423	0.02	-0.2068	0.0685	-0.2034	0.327	0.0552	-0.1046	-0.2141	0.0873	-0.0609	-0.2018	0.0826	0.2465	0.0061	-0.3082	0.1109	0.2829	-0.145	0.0732	-0.0184	-0.0632	-0.0199	-0.0199	0.1081	-0.1241	-0.1324	-0.1582	0.1265	-0.0541	-0.1856	0.1156	-0.1759	-0.0316	0.2647	-0.0064	-0.1623	0.1219	-0.2455	-0.2023	-0.1082	-0.0542	0.0129	-0.104	-0.0985	-0.1933	0.1014	0.0997	-0.0008	1	-0.0067	0.1135	-0.1231	0.1659	0.1056	0.2378	-0.0508	-0.1443	-0.1214	-0.0065	0.0142	-0.146	-0.067	0.15	0.0006	-0.1101	0.1964	0.2196	0.0317	0.0783	0.1756	0.1607	0.1616	0.2147	-0.0829	-0.0569	0.2607	0.1472	-0.0054	0.2069	0.2931	-0.0243	-0.1369	-0.0362	-0.0726	0.0897	0.1055	-0.1787	0.0271	0.0892	-0.0131	0.023	0.0775	0.0128	-0.0126	0.1504	-0.0665	0.1324	0.1146	0.1322	0.125	0.498	-0.0148	0.2187	-0.0276	0.17	-0.0243	-0.003	-0.2206	-0.171	-0.0033	-0.1954	-0.0972	0.2085	0.2357	0.0412	0.1021	-0.0754	-0.0028	0.1406	0.0435	-0.1354	-0.1093	-0.0898	0.0074	0.0908	-0.054	-0.0749	0.0556	0.1297	0.1153	0.1729	0.1335	-0.1902	-0.2086	-0.2941	-0.1765	-0.0409	-0.1622	-0.0571	-0.0361	0.0626	0.023	0.0905	0.402	-0.0635	-0.014	0.0227	-0.0173	-0.312	-0.0351	-0.3325	0.1784	-0.205	0.0653	-0.2342	-0.0064	-0.0067	-0.2602	-0.16	-0.0552	-0.0458	-0.0199	0.0478	-0.089	0.1437	0.0673	0.1241	-0.1119	0.0653	-0.2198	-0.035	0.3495	-0.1339	-0.1168	0.021	-0.0589
Sg_K16_50	-0.0593	0.069	0.2519	0.0078	0.1448	-0.0391	0.454	0.0932	0.2138	0.1287	0.3527	-0.177	0.0514	0.1094	-0.2229	0.05	0.1098	0.0503	0.1187	0.0485	0.0604	-0.0548	0.0996	0.3209	0.1017	-0.2651	0.123	-0.2249	-0.0817	-0.0234	0.1832	-0.1087	0.2539	0.2435	0.208	-0.0895	0.3587	-0.2297	0.5216	-0.2523	-0.1947	-0.141	-0.2135	0.1714	0.1238	-0.1427	0.1341	-0.1722	-0.0063	-0.0351	-0.0146	0.6453	-0.0719	0.3709	-0.0417	0.2803	0.188	0.0109	0.0061	0.106	-0.0082	-0.1248	-0.1659	0.1582	0.0514	-0.1122	0.1577	-0.3104	0.2743	0.4825	-0.1918	0.0075	0.1621	-0.0482	-0.0664	-0.0824	0.11	0.4782	-0.1433	-0.0424	-0.1118	-0.0357	0.2456	-0.0859	-0.1619	0.1373	0.2059	-0.3306	-0.0283	-0.0308	-0.1418	-0.1686	0.1233	-0.2716	0.0142	-0.1731	0.0187	-0.1493	-0.1177	0.1465	-0.2438	-0.0786	-0.0679	-0.331	-0.1019	0.1143	0.0559	-0.2795	-0.328	-0.0124	0.0334	0.0971	-0.1081	-0.2031	-0.0808	-0.1639	-0.0066	-0.2529	-0.0682	-0.1441	-0.1901	0.195	0.4724	0.0471	-0.3199	0.0213	-0.1119	-0.1903	-0.3376	-0.1967	0.0923	0.193	0.0778	0.2615	-0.0929	-0.2948	-0.0342	-0.0054	0.0791	0.2301	-0.1654	-0.0822	0.1958	0.0866	0.2025	0.3716	-0.116	0.0815	0.3307	0.154	-0.0071	-0.0324	-0.1282	0.131	-0.3148	-0.3101	-0.0764	0.1447	-0.1501	-0.1076	0.1702	-0.0007	-0.0455	0.2169	-0.4289	0.0492	-0.2287	-0.074	-0.268	0.2421	-0.1728	0.0573	-0.2624	0.0214	-0.0661	-0.1272	-0.2702	-0.023	-0.1227	-0.1985	0.0541	-0.1808	-0.2115	0.1985	-0.0958	-0.0392	-0.2593	0.0736	0.0547	0.0731	-0.1978	-0.1375	-0.3918	-0.0971	-0.1345	0.0995	-0.1658	0.0928	0.0312	-0.1376	0.1027	0.1928	-0.0067	1	-0.2995	-0.3629	0.288	0.2222	-0.1113	0.1432	-0.0462	-0.0086	-0.1186	0.1829	0.0826	0.1894	0.1411	-0.1226	0.0103	-0.0909	0.1436	-0.1067	-0.1887	0.267	-0.118	-0.2039	-0.2525	-0.0273	0.2456	0.0344	0.3516	0.0443	0.0999	-0.1438	-0.3046	-0.1421	-0.2114	0.0107	-0.1655	0.0864	0.0218	-0.1706	0.3116	-0.2254	-0.0351	-0.3235	0.0875	-0.223	-0.178	-0.2287	0.0863	-0.1183	-0.0155	-0.0314	0.1861	0.2166	0.164	0.0423	0.0554	0.0846	0.2571	0.1284	-0.1426	0.3024	-0.1288	0.3235	-0.0888	0.2832	-0.085	-0.1984	0.0603	0.203	-0.3246	-0.1382	0.028	0.0822	-0.081	0.2709	-0.0584	-0.2246	0.0795	-0.1886	-0.1083	-0.1963	-0.0842	-0.2009	0.0349	-0.0473	-0.0436	-0.2291	0.2422	0.0707	0.5563	0.0639	-0.1223	0.05	0.1996	0.078	-0.1389	0.0776	-0.3532	0.321	0.0121	0.1484	-0.0634	-0.0608	-0.1296	0.213	-0.1638	-0.0466	-0.0741	-0.2806	0.0965	-0.1846	-0.1115	0.2865	-0.4446	-0.1304	-0.0736	0.2805	0.1347	-0.0067	0.2925	-0.216	-0.043	-0.1462	-0.2285	0.1508	0.0821	-0.2102
Sg_K16_53	0.3797	0.0562	-0.3302	-0.3577	-0.1004	-0.5106	-0.3709	-0.5462	-0.1945	-0.1526	0.0411	0.1717	0.0127	0.0528	-0.0019	-0.1239	0.0081	-0.0345	-0.0724	0.0052	0.0468	-0.3156	-0.5222	-0.1666	-0.2244	0.3782	-0.2139	-0.2172	0.0208	0.1149	-0.4787	-0.0766	-0.5177	-0.2222	-0.135	0.075	-0.2654	0.2835	-0.2255	-0.2273	-0.0654	0.0653	0.494	0.0575	0.2234	-0.1827	-0.3545	0.3469	-0.3766	-0.4542	-0.4404	-0.3974	-0.288	-0.0975	-0.4544	-0.1678	-0.4595	-0.3822	0.1493	-0.0222	0.2864	0.3637	0.3196	-0.4242	-0.1116	0.4017	0.0712	0.3932	-0.394	-0.3684	0.6544	0.0096	0.3066	0.2149	0.4093	0.5294	-0.1373	-0.0725	0.7829	0.153	-0.2762	0.2019	-0.1865	0.1593	0.2716	-0.4145	-0.1717	0.4064	-0.2355	0.3428	-0.0787	-0.1391	-0.1149	-0.2176	0.0571	-0.1369	-0.1073	0.2217	-0.4223	-0.378	-0.187	-0.182	-0.3208	0.225	0.1851	-0.0158	-0.445	0.1837	0.2475	-0.2477	-0.4483	0.1965	-0.2718	0.5189	-0.492	0.2808	0.1118	0.5091	-0.3913	-0.4115	0.4442	-0.0557	-0.1308	0.0033	0.2572	-0.3236	0.1044	0.4219	0.3819	0.4566	0.0879	-0.4839	0.1193	0.0265	0.0159	0.5269	0.1304	-0.442	0.0102	-0.6003	0.4184	0.3457	-0.3062	0.1324	0.0742	-0.1401	0.3233	0.2421	-0.2889	-0.0281	0.2134	-0.4506	0.1242	0.0752	0.1037	0.0087	-0.1649	-0.0895	0.4776	0.1533	0.145	-0.0234	0.3645	-0.5912	0.1147	0.0023	0.3817	0.3173	-0.2257	-0.1827	0.5442	0.0523	0.5011	-0.4274	0.2701	0.221	0.3864	0.0004	0.0915	-0.0438	-0.2432	0.3875	-0.0968	-0.5328	0.5975	-0.0926	0.2863	0.1664	-0.3091	-0.0891	0.4304	-0.3338	0.2628	0.3424	0.1053	0.0849	0.2986	-0.4028	0.0261	0.3252	0.1192	-0.2015	0.1135	-0.2995	1	0.0324	-0.195	-0.2265	0.0985	-0.2973	-0.0322	0.0358	0.1014	-0.1458	-0.006	-0.2165	-0.0975	-0.2382	-0.5104	0.2508	0.2163	0.2721	0.2582	-0.1305	0.6066	0.3985	0.4381	0.3275	-0.1671	0.2229	-0.1162	0.0906	0.1002	0.3	0.2148	-0.057	0.6003	-0.0312	0.102	-0.0194	-0.501	-0.377	-0.1367	0.517	-0.2745	0.4564	0.1779	-0.3242	0.4686	0.2063	-0.0318	0.0122	0.1596	-0.0655	0.1124	-0.3146	-0.0591	0.0362	-0.0567	-0.1106	-0.3122	-0.4387	-0.1367	-0.1859	0.1688	-0.0568	0.3363	-0.116	-0.3572	0.2543	-0.4376	-0.127	0.5738	0.4342	0.027	0.1568	0.3877	0.0333	0.1218	-0.0857	-0.4746	0.2528	0.3216	0.2291	0.1141	0.2002	-0.0639	0.0123	-0.5013	0.2452	-0.0949	-0.3775	-0.4208	-0.2713	0.234	-0.0518	-0.1698	0.0599	0.2764	-0.2897	0.5861	-0.3056	-0.3532	-0.3834	-0.1893	-0.0084	-0.191	-0.1387	-0.0029	-0.3621	0.0903	0.335	-0.3011	0.0516	-0.3301	-0.4355	0.4574	-0.223	0.3004	-0.1858	-0.1511	-0.2494	0.1695	-0.2112	0.2926	0.5288	-0.3606	-0.4803	-0.1265	0.3047
Sg_K17_22	0.2283	-0.4002	-0.1795	-0.0071	0.0763	0.2626	-0.4205	0.2442	-0.3496	-0.3	-0.3658	0.1796	-0.102	-0.2473	0.4371	-0.1201	-0.2382	-0.3387	-0.1239	-0.2037	-0.2354	0.0063	0.1109	-0.4982	-0.0359	0.0753	-0.277	0.3192	0.2819	0.0541	0.0652	0.2653	-0.0045	-0.4874	-0.2599	0.1275	-0.3582	-0.0072	-0.3944	0.1964	0.1641	0.2832	0.2073	-0.118	-0.3943	0.3745	0.2528	0.2804	0.3203	0.3073	0.0953	-0.4753	0.1599	-0.4248	0.2156	-0.4329	-0.0612	-0.128	-0.0551	-0.3481	-0.2549	0.2297	0.0637	-0.0941	0.1072	0.0444	-0.2644	0.2678	-0.3354	-0.3897	0.0633	-0.0655	-0.4697	0.3152	0.0742	-0.0348	-0.0458	-0.5368	0.108	0.0427	0.3853	0.1448	-0.442	0.1332	0.1831	-0.0088	-0.2634	0.0029	0.0464	0.324	-0.1002	0.4789	-0.2974	0.6046	0.0575	0.3201	-0.0452	0.4012	0.2338	0.1828	0.5556	0.1415	0.1221	0.3866	0.0363	-0.1608	0.3819	0.1083	0.5293	0.2009	0.2904	0.1016	0.2461	0.1544	0.3342	-0.0781	0.1752	0.2967	0.076	0.3142	0.352	-0.233	-0.5268	-0.0925	0.2877	-0.1183	0.2616	0.2582	0.2185	0.1915	-0.0831	-0.223	-0.1257	-0.5904	-0.1314	0.3798	-0.0453	0.2816	-0.2924	0.0165	0.2178	0.1085	-0.4613	-0.0836	-0.0778	-0.4403	-0.2234	-0.3368	-0.3373	-0.102	-0.1905	0.2965	-0.0878	-0.0054	0.4988	0.4863	0.1062	-0.1924	0.0006	0.0957	-0.1241	0.023	0.0459	0.0434	0.3131	-0.1677	0.1802	0.1807	0.4843	-0.0934	-0.0844	-0.0388	0.245	0.3434	0.1652	-0.0051	0.5173	0.1071	0.2658	0.4268	0.1304	0.2914	0.1658	0.0584	-0.0704	0.2555	0.4024	-0.0624	-0.2405	-0.0786	0.0153	0.2181	0.5003	-0.1924	0.3523	-0.1308	-0.1052	-0.1815	-0.1106	-0.0272	-0.3267	-0.5113	-0.1231	-0.3629	0.0324	1	-0.2757	-0.1427	-0.2486	-0.1141	-0.038	0.0657	0.0739	-0.5152	-0.0751	-0.4029	-0.5068	0.3136	0.0393	0.0283	-0.3375	0.2515	0.2671	-0.4043	-0.027	0.0555	0.3061	-0.2594	-0.3984	-0.4301	-0.4158	0.0098	-0.0422	0.3493	0.3655	0.3097	0.1716	-0.055	0.4387	-0.1669	0.1999	0.3743	-0.6069	0.0594	0.0684	0.1779	-0.1297	0.3539	0.0593	0.5796	-0.2909	-0.0962	-0.0507	-0.2156	-0.0274	-0.2356	-0.1494	-0.1195	0.0305	-0.258	-0.4716	0.068	0.2581	-0.4239	-0.0659	-0.5031	0.1654	-0.347	0.3565	0.2952	-0.1045	-0.2216	0.2535	0.1278	-0.1468	-0.0154	-0.1344	-0.0987	0.2057	0.5109	-0.1245	0.4454	0.0627	-0.1266	-0.3254	0.2926	0.1735	0.0136	0.3148	0.1429	-0.3714	-0.0283	-0.2907	-0.0097	-0.0405	-0.4361	-0.4218	-0.1885	-0.17	-0.3982	0.3427	-0.3279	0.0228	-0.2072	0.2132	-0.1127	-0.0445	-0.3078	-0.0322	0.2469	0.0611	0.3722	0.0903	0.4098	0.0974	-0.1168	0.3547	0.4005	0.1976	-0.5835	-0.2038	-0.3007	-0.5254	0.4216	-0.1796	-0.0535	0.2475	-0.0033	-0.05	0.2827
Sg_K22_12	-0.2413	0.0835	0.3411	0.132	0.148	0.1921	0.2836	0.1373	0.29	0.3022	0.1948	0.2408	-0.1005	0.0731	0.0778	0.368	0.013	-0.1612	0.0615	0.0629	0.0648	-0.0322	0.0584	0.4266	-0.0673	-0.402	0.2177	-0.13	-0.053	0.2209	0.069	0.0353	0.156	0.2022	0.0705	0.0759	0.2257	0.1179	0.2269	0.0343	0.0634	-0.1495	-0.3203	0.1236	-0.0578	-0.0164	0.1927	-0.3015	0.1999	0.0315	0.114	0.2417	-0.0359	0.6513	0.1692	0.1163	0.1049	0.1921	-0.1892	0.1531	0.0262	-0.0162	-0.1509	0.1284	0.0786	-0.2634	0.0794	-0.4025	0.1412	0.261	-0.2558	-0.0989	-0.0151	-0.0652	-0.1487	-0.1619	-0.0141	0.5304	-0.1381	-0.1142	0.0357	-0.2843	0.1056	-0.3388	-0.1318	-0.1803	0.2254	-0.2026	-0.103	-0.1733	-0.1552	-0.1385	0.0251	-0.1546	0.1333	-0.162	-0.2114	-0.4003	0.1704	0.0684	-0.1628	-0.0786	-0.1452	-0.4445	0.1865	0.0594	0.1335	-0.3488	-0.3958	0.2077	0.0898	0.0477	0.1335	-0.3419	0.1154	0.1682	-0.3335	-0.4276	0.1917	0.1754	-0.3699	0.0693	0.526	0.0563	-0.4552	0.2188	-0.1743	-0.3842	-0.3528	-0.4315	-0.0632	0.2198	-0.1561	0.1437	-0.2295	-0.3952	0.0384	0.2131	0.0738	0.1722	-0.3317	-0.0317	0.2104	0.0569	0.0334	0.4288	-0.0321	0.2055	0.2439	0.0823	0.0337	0.1474	0.0074	-0.1052	-0.1652	-0.1245	0.0027	0.0298	-0.2795	0.2551	-0.079	0.0398	0.0762	0.0933	-0.1909	0.1016	-0.3416	-0.27	-0.0328	0.0976	-0.1915	-0.0277	-0.3621	0.123	-0.1623	-0.1094	-0.4537	0.1899	-0.2969	0.0742	0.1812	-0.1047	-0.1467	0.138	-0.203	-0.1354	-0.315	-0.1194	0.0959	0.0396	-0.1009	-0.0979	-0.2205	-0.0184	-0.3882	-0.2518	-0.0292	-0.0059	0.0383	0.1328	0.0988	0.1535	0.1659	0.288	-0.195	-0.2757	1	0.112	-0.1269	0.0868	0.171	-0.0468	-0.3415	0.2078	0.0045	0.1947	0.0547	0.0501	0.1577	-0.1808	-0.0124	-0.3133	-0.3916	0.2423	-0.1781	-0.4435	-0.3447	-0.0381	0.014	0.0355	0.1106	0.3877	-0.0317	-0.3182	-0.2564	-0.1488	-0.2379	0.0163	-0.4367	0.0094	0.1472	0.0281	0.1935	-0.1715	0.1476	-0.3772	-0.0938	0.0636	-0.3591	-0.2813	0.0145	0.2867	0.2353	0.1956	-0.0412	-0.0178	-0.152	-0.1403	0.3001	0.1286	0.2423	0.0641	-0.1512	0.2247	-0.0396	0.2238	-0.1833	-0.0468	0.059	-0.2892	0.1784	-0.0383	-0.3208	-0.24	0.0271	0.4736	-0.0488	-0.0518	-0.1557	0.0745	-0.0524	-0.3305	-0.1204	0.0951	-0.0187	-0.3024	-0.3136	-0.1457	0.0368	-0.1548	0.0542	0.0702	0.0292	-0.0678	0.1501	-0.0771	0.2092	0.0089	0.0221	0.1411	-0.1654	0.1615	0.1456	0.0521	-0.1334	-0.0878	0.0876	0.0882	0.1925	0.19	0.1744	-0.4176	0.0683	-0.2319	0.0033	0.0229	-0.1533	-0.016	-0.3111	0.2454	-0.0176	0.0121	0.154	0.1296	-0.0013	-0.0403	0.2281	0.1537	0.056	-0.3169
Sg_K22_14	-0.2596	0.0886	0.0527	0.1	0.0432	0.1293	0.1315	0.2392	0.1456	-0.0634	0.1084	-0.073	-0.0141	0.0079	-0.136	0.0511	0.2555	-0.0154	-0.0522	-0.0605	0.167	0.098	0.1644	0.0602	0.1873	0.0104	0.185	-0.0911	-0.0153	-0.1127	0.2078	0.1399	0.1611	0.1928	0.2633	-0.1101	0.2264	-0.1196	0.0444	0.0285	-0.1587	0.0907	-0.1194	0.2161	0.0075	-0.1421	-0.0417	-0.1546	0.0259	0.1993	0.0694	0.1279	0.0891	0.1417	0.1774	0.2637	0.1124	0.059	0.144	0.1602	-0.4279	-0.1622	-0.2811	-0.1077	0.0085	-0.2417	0.315	-0.0838	0.0081	0.2309	-0.1739	-0.1534	-0.069	-0.0109	0.0417	-0.1275	0.0424	0.253	-0.1718	-0.1657	-0.0426	-0.0452	0.1642	-0.0036	-0.1545	0.0298	-0.1268	-0.3023	-0.0155	-0.1299	0.1536	-0.0526	0.4833	-0.1593	-0.0027	0.0153	0.0725	-0.0705	0.1761	0.0134	0.0993	0.2397	0.0442	0.0366	-0.0992	-0.0884	0.1547	-0.1067	-0.0885	-0.1352	0.1395	-0.3412	0.1214	-0.0051	0.0143	-0.1464	0.1177	-0.1035	0.2633	0.1754	-0.1676	0.3851	0.2572	-0.053	-0.0602	-0.1308	-0.1237	-0.1695	-0.1248	-0.1725	0.628	0.3366	-0.076	-0.0842	0.2718	-0.2038	-0.169	0.1169	0.0076	0.1101	-0.0324	-0.4319	0.0922	-0.0285	0.2418	0.141	-0.426	-0.2987	-0.0863	-0.0336	-0.4414	0.1268	-0.3689	0.1252	-0.0835	0.0071	0.2329	-0.0513	0.084	0.0071	0.1081	-0.093	-0.1118	0.1516	-0.3887	-0.2204	-0.2381	-0.1358	-0.2616	0.3112	-0.0732	-0.0844	-0.0427	0.0994	0.1823	-0.3229	-0.2072	0.2543	-0.0498	-0.2775	0.0739	-0.1081	-0.2562	0.0251	-0.0359	-0.0511	-0.3457	0.1528	0.141	-0.0421	-0.0416	0	-0.2181	-0.5319	-0.1564	0.3423	-0.4433	0.0392	-0.076	-0.1269	-0.1657	0.1206	0.1056	0.2222	-0.2265	-0.1427	0.112	1	0.2185	0.195	-0.0849	-0.2085	-0.0344	0.0789	-0.012	0.0033	0.2585	0.0033	0.1336	0.0391	0.5646	0.0288	-0.1123	0.5274	-0.1741	0.0149	-0.132	-0.4471	0.1449	-0.014	0.2463	-0.2488	0.6295	-0.0572	-0.2481	-0.3494	-0.1822	-0.1146	0.0835	0.3001	0.1721	0.1266	-0.0949	-0.2245	0.3175	-0.019	0.2493	0.1058	-0.1814	-0.237	0.2324	-0.0309	-0.0947	0.1296	0.147	0.3454	0.5121	-0.0104	0.0203	0.013	0.1493	0.0104	-0.0044	0.0406	-0.495	-0.0522	0.2213	0.3636	0.1667	-0.2398	0.1089	0.4682	-0.2057	-0.0782	-0.0309	-0.1662	-0.4243	0.0605	0.2238	0.0374	0.1884	-0.0799	-0.0912	-0.0983	-0.2036	0.0508	-0.0971	0.0271	0.1029	-0.273	0.0116	0.1991	0.1317	0.113	-0.0931	-0.0473	0.1441	0.5472	-0.4705	0.104	-0.2376	0.0375	0.0053	0.1679	0.0377	0.196	-0.1208	0.0674	-0.11	0.1309	-0.1693	-0.3198	0.2513	0.0138	0.2461	0.2837	-0.2105	-0.0634	-0.1378	0.1338	0.6756	0.3491	-0.1663	-0.0579	-0.4178	-0.2285	0.1018	0.0777	0.2408	-0.0865
Sg_K22_66	-0.2469	0.3933	0.0554	0.3392	-0.0325	-0.1509	-0.0419	-0.2133	0.1141	0.0248	0.1275	-0.3607	-0.0364	0.2537	-0.3401	-0.1093	0.1966	0.3266	-0.1258	-0.0041	0.1528	0.0862	0.0878	0.1033	0.2159	0.4531	0.0739	0.0303	-0.3028	-0.2436	0.1144	0.05	0.0222	0.4407	0.0921	-0.2982	0.2054	-0.2828	-0.1127	-0.0267	-0.1219	0.0123	0.0712	0.0556	0.3416	-0.2859	-0.1933	0.0161	-0.3364	-0.2359	-0.0813	-0.167	-0.1114	0.1582	-0.191	0.1667	0.146	0.0357	0.1267	0.1571	-0.0985	-0.0687	0.0209	-0.0084	-0.1954	0.0045	0.3151	0.2999	-0.0635	0.237	0.0313	-0.1175	0.3001	-0.1359	0.0602	0.1067	0.2543	0.2133	0.0037	-0.0132	-0.2171	-0.0494	0.3708	0.1211	-0.0439	0.114	-0.0933	0.176	-0.0215	-0.136	0.232	-0.0169	0.1632	-0.2565	-0.3282	-0.2079	0.061	0.102	-0.0756	-0.2941	-0.0012	-0.1142	0.1112	0.2308	-0.3386	-0.0346	-0.3564	0.2995	0.0069	-0.2964	-0.1212	-0.3041	-0.2324	0.0174	-0.2663	-0.2791	0.073	-0.0124	-0.0851	-0.1437	-0.0016	0.2836	0.2063	-0.0749	0.0485	-0.144	-0.2271	0.0156	0.1806	0.0433	0.1562	0.2986	0.0193	0.2988	0.4183	0.0489	-0.049	-0.149	0.2398	-0.0253	0.0463	-0.0471	0.263	-0.0934	0.2426	0.077	0.0054	-0.0985	-0.0441	-0.1013	-0.172	-0.2465	0.1338	-0.1128	0.0655	-0.2699	0.1564	-0.0826	0.3528	-0.2368	0.124	-0.213	-0.236	0.0764	-0.1842	-0.2197	0.0576	-0.0479	-0.2953	0.1675	0.1092	-0.0725	0.0364	-0.2494	0.2973	-0.1466	-0.0813	-0.0728	0.0892	-0.2914	-0.0757	0.0467	-0.0088	-0.2046	0.1355	-0.1106	-0.2506	0.1539	0.1307	-0.1688	0.2014	0.1242	-0.1648	0.0162	-0.1856	0.0569	-0.0532	0.1183	-0.136	-0.2601	-0.0809	0.3914	0.2378	-0.1113	0.0985	-0.2486	-0.1269	0.2185	1	0.1488	0.0359	-0.2111	0.1445	0.334	-0.0868	0.282	0.4442	-0.2427	0.1917	0.233	0.1995	-0.1387	-0.0763	0.1916	0.0083	0.1376	-0.0313	-0.0656	0.2992	0.3779	0.1415	-0.3788	0.2541	0.1008	-0.0022	-0.2724	0.1407	-0.2076	0.1851	0.1244	-0.1895	-0.0125	0.2558	0.1218	-0.1346	0.0677	0.0019	-0.0479	0.026	-0.2074	0.1027	-0.2056	-0.3965	0.3623	0.1067	-0.0128	0.1065	-0.0352	-0.279	0.0865	0.3415	-0.1865	0.27	0.1929	-0.0335	0.101	0.155	0.2842	-0.1445	-0.2106	0.2835	0.1182	0.1506	0.0994	-0.0526	-0.311	-0.0507	0.1074	0.0351	-0.1788	0.3821	0.0253	-0.0114	-0.2524	0.2072	0.2392	-0.0131	-0.0207	-0.1081	0.1317	0.2181	0.2294	0.0651	0.3149	-0.2897	0.4071	0.3851	0.1776	0.027	0.3639	0.1671	0.2498	-0.2109	0.2688	-0.1284	0.4101	0.204	0.2898	0.0316	-0.2299	-0.3917	-0.0506	0.0872	0.1127	0.0967	-0.0052	-0.055	-0.1152	-0.1954	0.3501	0.1786	0.2174	0.1949	-0.2842	-0.1032	-0.0338	-0.2554	0.1183	0.3559	-0.089
Sg_K22_8	-0.4955	0.3503	0.3317	0.4675	0.4099	0.3222	0.2448	0.4823	0.4407	0.3815	0.4393	-0.4413	-0.2155	0.0331	0.0432	0.0986	0.0603	0.262	-0.2871	-0.1434	0.0237	0.5261	0.5245	0.2097	0.5102	-0.0875	0.189	0.4365	-0.3471	-0.4229	0.5546	0.0419	0.5665	0.6451	0.1105	-0.5384	0.5638	-0.529	0.2349	0.1858	-0.0718	-0.0877	-0.5748	-0.1116	0.1921	-0.1748	0.2729	-0.5629	0.1491	0.1454	0.3679	0.2576	0.2561	0.377	0.3208	0.2351	0.5747	0.4393	0.0354	0.3066	-0.3299	-0.5664	-0.233	0.3538	-0.0895	-0.4698	0.2196	-0.2889	0.3497	0.4766	-0.4429	-0.0574	-0.0606	-0.343	-0.3494	-0.305	0.3193	0.3814	-0.2785	-0.2883	-0.0095	-0.3097	0.6884	0.1177	-0.046	0.1886	0.2261	-0.1312	0.0355	-0.3791	0.3998	0.0788	0.2922	-0.1319	-0.3895	-0.1462	0.2328	-0.2033	0.3207	-0.2132	0.157	-0.048	0.614	-0.2022	-0.4878	-0.172	0.093	-0.1686	-0.354	0.03	0.3972	-0.2296	0.3304	-0.5198	0.1797	-0.4937	-0.3308	-0.5565	0.2713	0.2905	-0.5527	0.3178	0.4166	-0.1937	-0.4185	0.5686	-0.2633	-0.526	-0.1497	-0.4647	0.0249	0.7886	-0.1278	0.2854	0.3475	-0.3419	-0.2243	0.2279	0.4454	0.653	-0.5049	-0.3668	0.6124	-0.2936	0.2292	0.4392	-0.2277	-0.1224	0.1659	-0.2839	-0.3758	0.3059	-0.0894	-0.0861	-0.2037	-0.0711	0.3953	-0.1557	-0.2368	-0.2288	0.2127	-0.0752	-0.348	0.3367	-0.1928	0.0125	-0.1546	-0.4625	0.1592	0.352	-0.2636	-0.3349	-0.449	0.2098	0.0735	-0.3356	-0.3672	0.1613	-0.2431	-0.3158	0.187	-0.3774	0.0903	0.4484	-0.3982	-0.1722	-0.4608	-0.1236	0.6	-0.1615	-0.298	0.3067	-0.3145	-0.2288	-0.3325	0.0437	-0.1919	0.5558	-0.1952	-0.5395	-0.0685	0.6011	-0.0508	0.1432	-0.2973	-0.1141	0.0868	0.195	0.1488	1	0.0784	-0.2115	-0.2062	0.577	-0.273	0.3926	0.5468	0.1258	0.5922	-0.135	0.0193	-0.1517	-0.4837	0.362	-0.3657	-0.4092	-0.5463	-0.1873	0.4168	0.0694	0.0487	-0.2491	0.0171	-0.2627	-0.2635	-0.2853	-0.1731	-0.2774	-0.0622	0.0318	0.2943	0.1843	0.5115	-0.23	-0.0892	-0.4851	-0.0024	0.1793	-0.4009	-0.41	0.3395	0.0677	-0.4721	0.3473	-0.0197	0.2933	0.2083	0.2528	-0.3378	0.1924	0.7332	0.3022	0.3877	0.2038	-0.0649	0.4507	-0.2547	0.1316	0.012	-0.5458	0.6242	0.1915	-0.151	-0.3012	-0.2208	-0.2694	-0.3214	0.2226	-0.0888	-0.0793	0.5649	-0.3021	-0.3857	-0.4829	-0.0843	-0.0751	-0.16	-0.2047	0.3713	-0.0543	0.2836	0.553	0.2572	0.5379	-0.474	0.3536	0.4882	0.0069	-0.093	0.718	-0.2803	0.5116	0.3467	0.8083	0.1407	0.3115	0.4529	0.335	0.2692	0.2387	-0.4013	-0.2278	0.3027	0.0155	0.159	0.3813	-0.4614	0.1527	-0.3697	0.5593	0.5053	0.6199	0.1912	-0.0895	-0.2763	-0.2688	0.1849	0.6641	0.2356	-0.5121
Sg_K31_45	-0.1277	0.3273	0.3065	-0.0203	0.0843	-0.0939	0.0245	-0.1109	0.2294	0.1479	0.1134	-0.1619	-0.1155	0.0552	-0.2123	0.6659	-0.0328	0.0258	-0.2195	-0.0668	0.0854	0.1049	0.1025	0.1011	0.1048	0.1166	0.1276	0.0464	-0.0093	0.0171	-0.0461	-0.1235	-0.0658	0.1589	-0.0053	-0.0819	0.2603	-0.1525	0.0501	0.0398	-0.1658	-0.1299	-0.1036	-0.1919	0.1208	-0.1078	0.0719	-0.1364	-0.0045	-0.1663	-0.0505	-0.0005	-0.2047	0.128	-0.0191	-0.0579	0.0387	-0.0725	0.0469	0.2165	0.2452	-0.0074	-0.0306	0.0052	-0.2275	0.0247	0.0847	0.0105	0.1865	0.1767	-0.093	-0.1119	0.2091	0.2923	-0.0355	0.0261	0.4053	0.1379	0.0109	-0.0741	-0.0718	-0.1047	0.2662	0.0104	0.1492	0.2064	0.1459	0.1969	0.2015	-0.0471	0.0182	-0.1033	-0.0125	-0.2269	-0.1239	-0.2996	-0.054	-0.1659	-0.0906	-0.1463	0.0781	-0.0552	0.0295	-0.0061	-0.0845	-0.0593	-0.2296	-0.084	-0.2389	0.0155	0.0676	-0.3195	0.1199	-0.0217	-0.0262	-0.1937	-0.1647	-0.0429	0.0276	-0.0794	-0.0753	0.088	0.1331	-0.2209	-0.1292	0.1024	0.1964	-0.1287	0.0075	-0.1168	-0.0402	0.1737	-0.1418	0.1832	0.2351	-0.0539	-0.232	-0.0686	0.3169	0.0373	-0.1552	0.2118	0.2467	-0.339	-0.0734	0.0908	0.1638	0.0236	-0.0727	-0.217	0.0759	-0.0302	0.173	-0.2148	-0.0406	-0.0639	0.0559	-0.0455	-0.0889	-0.0152	0.0502	-0.1892	-0.2822	-0.0021	-0.1194	0.104	-0.1178	-0.4646	-0.0143	0.2437	0.0176	-0.3045	-0.0322	-0.1635	-0.0543	0.1502	-0.0706	0.0104	-0.174	-0.0951	-0.0447	-0.0296	0.0684	-0.1898	-0.0233	-0.1373	-0.1885	-0.0886	0.1983	-0.2094	-0.0297	0.0411	-0.0874	0.1545	-0.1773	0.0294	0.2635	0.0776	-0.2426	-0.1432	0.1421	0.3129	-0.1443	-0.0462	-0.0322	-0.038	0.171	-0.0849	0.0359	0.0784	1	-0.3001	-0.1309	0.2857	-0.271	0.2927	0.2613	-0.1209	0.1561	0.0504	-0.1388	-0.1753	-0.1183	0.0228	-0.0201	-0.1633	-0.141	0.2456	0.1798	0.197	0.0182	0.0711	-0.0881	-0.2004	-0.1276	0.1398	0.1172	-0.2105	-0.0413	0.136	-0.0686	-0.1097	0.2026	0.122	0.0462	-0.0968	0.0135	-0.0704	-0.0701	-0.0558	-0.0155	0.0058	-0.1221	0.1182	-0.047	-0.061	-0.1244	-0.232	0.0644	0.572	0.2257	-0.0089	0.1925	0.264	0.236	0.2789	-0.0384	-0.0781	-0.1715	-0.2101	0.1219	-0.0223	0.1214	-0.0386	-0.2726	0.2859	0.119	-0.1257	-0.1225	0.0494	0.119	-0.0573	-0.0537	-0.1895	0.1861	-0.0629	-0.1815	-0.1272	0.0289	0.1228	0.3401	0.2092	0.0002	0.3606	-0.0949	0.2319	0.1401	-0.2061	0.2247	0.2964	-0.023	0.2232	-0.0409	0.1194	-0.0646	0.0799	0.2993	0.3133	0.5685	-0.1311	-0.1074	-0.0063	0.1121	-0.1021	-0.0895	0.1351	-0.2005	-0.0085	-0.0802	0.2105	0.0749	0.1603	0.2177	-0.1292	0.1881	-0.0365	0.0639	0.053	0.0845	-0.0845
Sg_K32_30	0.1349	-0.3444	-0.2036	0.0639	-0.1016	0.1056	0.1131	0.0136	-0.3683	0.0862	0.1058	0.1174	0.5886	-0.2185	0.3815	-0.3078	-0.1131	-0.0426	0.7152	0.617	-0.2587	0.2065	0.0697	0.2061	-0.36	-0.1934	0.3078	0.0021	0.0898	0.0331	0.0308	0.156	0.15	-0.1523	-0.3486	0.0696	-0.3286	0.1076	0.1769	-0.0441	-0.0151	-0.0309	0.033	-0.2453	-0.2863	-0.0344	-0.0018	0.1217	-0.043	-0.0387	-0.2538	-0.0197	-0.1427	-0.0796	-0.0753	-0.1951	0.0902	0.3065	-0.1362	-0.412	-0.0015	0.01	-0.0127	0.1643	0.7375	-0.0887	-0.2372	-0.1814	0.1976	-0.11	-0.0042	0.5785	-0.1347	-0.1357	-0.2522	-0.131	-0.3359	-0.2067	-0.1881	-0.1432	-0.072	-0.1415	-0.3456	-0.2418	-0.1276	-0.0904	0.2267	0.1517	-0.0402	0.3787	0.0897	0.2127	-0.3136	0.1231	0.0592	-0.1484	0.0353	0.0164	-0.1665	0.0824	0.0461	-0.3387	-0.1314	0.0363	0.063	0.6615	0.0548	-0.1297	0.045	0.0012	0.0749	0.2499	0.077	-0.11	-0.0035	0.0698	0.0599	-0.1208	-0.0874	0.0069	-0.0169	-0.2806	-0.1847	0.6548	0.1243	0.2239	0.1101	0.1055	0.1254	-0.038	-0.2518	-0.1503	-0.1132	-0.1087	-0.2723	-0.0227	0.766	-0.0236	-0.3126	0.035	-0.0068	0.1414	-0.2784	0.572	-0.4118	0.0244	0.0161	0.0874	0.1688	0.6144	0.0638	-0.0183	0.082	0.1758	-0.0845	0.0748	-0.1736	0.6539	-0.1825	0.0437	-0.015	0.6274	0.2301	0.0472	0.0797	-0.0482	0.0697	0.1402	0.2755	-0.2883	-0.2175	0.6678	0.0191	-0.0412	0.1018	-0.0576	0.1467	-0.1768	-0.1184	0.139	-0.0334	0.2417	-0.0733	0.0107	-0.0581	-0.1211	0.3522	-0.1396	-0.0759	0.6625	-0.0914	0.292	-0.0333	0.1613	0.0747	-0.141	-0.0458	-0.1375	0.7464	0.1572	-0.03	-0.2634	-0.1214	-0.0086	0.0358	0.0657	-0.0468	-0.2085	-0.2111	-0.2115	-0.3001	1	0.0008	-0.2496	0.5895	-0.3164	-0.4426	-0.0947	0.0398	-0.1867	-0.2813	-0.0715	-0.016	-0.2197	-0.1119	0.0126	0.0137	-0.0672	-0.136	-0.2647	-0.0363	0.3208	-0.2818	-0.1145	0.0572	-0.022	-0.229	0.6792	-0.0315	-0.3755	-0.037	-0.218	-0.2098	-0.1884	-0.1161	0.0984	-0.1103	-0.17	0.0224	0.0911	-0.2261	0.091	0.1216	-0.2896	-0.1933	-0.0937	-0.1723	0.2076	-0.0169	-0.3317	-0.2689	-0.0486	-0.0144	-0.1374	0.1583	0.0442	-0.0545	-0.3655	-0.0736	0.0532	-0.0205	-0.1964	-0.2312	-0.0999	0.6493	0.1624	0.0301	-0.3616	-0.1723	-0.1381	-0.1625	0.1442	0.064	0.1196	-0.2843	-0.1484	-0.0227	0.6182	-0.0633	0.1781	-0.4967	0.0401	-0.1218	-0.2706	0.0962	-0.2221	-0.259	-0.0788	-0.0335	-0.2584	0.0739	-0.094	0.4522	-0.1316	0.4439	-0.3306	0.1109	-0.3065	-0.1235	-0.0991	0.1462	0.1048	-0.0546	0.0527	-0.15	-0.0849	-0.0117	-0.0894	-0.1771	-0.2477	-0.2895	-0.0973	-0.0897	0.1719	-0.0189	-0.1082	-0.1664	0.0842	-0.0444	-0.0461
Sg_K34_1	0.0711	-0.083	-0.1521	0.1147	-0.1843	-0.0969	-0.0603	-0.164	-0.178	-0.1508	-0.3007	-0.2576	-0.0072	-0.048	-0.2415	-0.1608	0.1057	0.029	-0.0005	-0.0731	0.2561	-0.0071	0.015	-0.1822	0.0655	0.3897	0.0775	0.0702	-0.0437	-0.086	0.0781	0.2867	-0.1458	-0.123	0.2213	-0.1105	-0.1687	-0.1871	-0.2034	-0.0885	-0.1368	0.3659	0.1922	0.0116	-0.1211	0.0696	0.0266	0.4753	-0.0642	-0.0351	0.081	-0.1224	-0.0001	-0.2667	-0.1587	-0.2338	-0.0735	-0.0155	-0.2149	-0.1693	-0.0814	0.029	0.0626	-0.1393	-0.1009	0.1287	-0.2449	0.3596	-0.0571	-0.0086	-0.0826	-0.0694	0.0434	0.1171	-0.0316	-0.1351	0.114	-0.3024	-0.0507	0.6354	0.0737	0.383	-0.1182	0.2769	-0.2184	0.3351	0.1444	0.1391	0.2585	0.0527	0.2965	-0.0885	-0.0611	0.0556	-0.0345	0.0753	0.4138	0.3475	-0.0311	0.0956	-0.0454	0.1169	-0.0242	0.5759	-0.2823	-0.0312	-0.0567	0.2763	0.5868	-0.1287	-0.0859	0.0265	-0.2239	0.2974	0.0178	-0.2304	0.5906	0.4107	-0.035	-0.099	0.3885	-0.2743	-0.3242	0.0007	0.4946	-0.2511	0.044	0.3529	0.361	0.5113	0.0706	-0.1313	0.0818	-0.2888	0.4071	0.0693	-0.041	-0.1314	-0.1292	-0.1983	0.3052	-0.1407	-0.2021	0.0069	0.0284	-0.3206	-0.0631	-0.0795	-0.1829	0.0234	-0.1539	-0.1483	-0.0946	0.2312	-0.0215	-0.0244	0.2205	-0.1086	0.0842	-0.1745	0.1565	-0.0156	-0.1279	0.0864	0.0561	-0.1724	0.1517	0.189	-0.0611	0.1454	-0.1498	0.0499	0.1731	-0.0887	0.1644	-0.0952	0.1262	-0.2074	0.1601	-0.0585	-0.0163	0.2245	0.0911	-0.2203	0.0009	0.0755	0.4415	0.3556	-0.1141	-0.0027	-0.1663	0.1564	0.01	-0.075	0.4795	0.0894	-0.1143	-0.0363	-0.0504	-0.1718	-0.0664	-0.1171	-0.0065	-0.1186	0.1014	0.0739	-0.3415	-0.0344	0.1445	-0.2062	-0.1309	0.0008	1	-0.1637	0.0008	0.0324	-0.0436	0.0896	0.0665	0.0962	0.1677	0.4016	0.4197	-0.119	-0.1789	0.4721	0.4036	-0.0662	-0.106	-0.0669	-0.1213	-0.3116	0.0679	0.397	0.0791	0.0904	0.1661	-0.0065	0.5296	-0.0168	-0.0843	0.1106	-0.2104	-0.0901	-0.0513	0.2376	0.0767	0.0239	0.4262	0.0948	0.1061	-0.2544	-0.2758	-0.1261	0.1676	-0.0407	-0.0178	0.0916	-0.1519	-0.0857	-0.2049	-0.202	0.0317	-0.1522	-0.1188	-0.2693	-0.0871	0.033	0.0279	0.4067	-0.0415	-0.0168	0.0781	-0.0468	-0.0292	0.0667	-0.0611	-0.0751	0.1616	-0.0658	0.0204	0.5258	0.178	-0.224	-0.0289	0.1213	0.206	0.0462	0.031	0.0586	0.0483	-0.1034	-0.1548	0.1443	-0.2336	0.006	-0.1728	0.0901	-0.0891	-0.1821	0.0531	-0.1211	-0.1547	-0.0363	-0.0392	-0.0429	0.0015	-0.0962	-0.1822	-0.2482	-0.1819	0.341	0.0021	0.2382	0.0719	-0.1504	0.137	-0.0408	0.2421	-0.0891	-0.1217	-0.2644	-0.2145	-0.0555	-0.0917	-0.1536	-0.1642	0.02	0.0131	0.2424
Sg_K36_16	-0.4249	0.7217	0.4061	0.3604	0.3122	-0.1204	0.3877	-0.0158	0.6289	0.3388	0.4368	-0.4849	-0.0445	0.2992	-0.3355	0.2401	0.1094	0.4218	-0.1662	0.055	0.1885	0.3168	0.2849	0.3526	0.4664	0.0793	0.3085	0.0966	-0.5671	-0.4566	0.2098	-0.2303	0.2307	0.8415	0.2627	-0.5416	0.7149	-0.3224	0.2818	-0.0298	-0.0773	-0.1476	-0.44	0.0402	0.4803	-0.4399	0.0455	-0.5328	-0.2425	-0.1938	0.1625	0.3767	-0.074	0.4583	-0.1286	0.3817	0.4131	0.1752	-0.0092	0.3597	0.0862	-0.4729	-0.1806	0.2714	-0.0937	-0.3259	0.2691	-0.2527	0.4409	0.5231	-0.2765	0.006	0.4147	-0.1504	-0.1735	-0.1201	0.3422	0.5101	-0.106	-0.2818	-0.3863	-0.1995	0.7862	-0.0291	-0.0544	0.1087	0.3105	0.052	0.1039	-0.2858	0.3029	-0.367	0.4021	-0.466	-0.4017	-0.4581	0.1533	-0.1785	0.0091	-0.2878	-0.2807	-0.208	0.2991	-0.2602	-0.3735	-0.004	-0.3179	0.0296	-0.6437	-0.2929	0.0418	-0.3443	-0.0415	-0.4573	-0.3355	-0.3117	-0.3798	-0.4994	-0.0675	-0.1013	-0.4834	0.3025	0.5198	-0.0874	-0.4311	0.3469	-0.2653	-0.5332	-0.2	-0.3643	-0.0079	0.6495	-0.0747	0.628	0.3901	-0.3829	-0.0887	-0.1579	0.6819	0.3733	-0.4445	0.0257	0.8412	-0.214	0.314	0.4683	0.1479	0.1466	0.3137	-0.1656	-0.0074	-0.1746	0.2648	-0.125	-0.3804	-0.5008	0.2722	0.0226	-0.0761	-0.2861	0.1217	-0.18	-0.3699	0.2115	-0.2735	0.0858	-0.174	-0.4241	-0.3234	0.4357	-0.0664	-0.2581	-0.2993	-0.2802	-0.0539	-0.0757	-0.6153	-0.0478	-0.2516	-0.5253	-0.0678	-0.4524	0.1083	0.1377	-0.1694	-0.2691	-0.6022	-0.0226	0.6809	-0.1486	-0.1858	0.0808	-0.4491	0.1741	-0.3886	0.0601	0.1544	0.4662	-0.0794	-0.3312	0.1815	0.9613	0.0142	0.1829	-0.1458	-0.5152	0.2078	0.0789	0.334	0.577	0.2857	-0.2496	-0.1637	1	-0.1511	0.6336	0.8313	-0.2368	0.4287	0.1181	0.1254	-0.4735	-0.5142	0.3875	-0.2148	-0.3538	-0.5557	0.1905	0.5581	0.5182	0.2354	-0.2837	-0.0997	-0.3665	-0.3009	-0.3664	-0.0622	-0.1829	-0.1004	0.2615	-0.1398	-0.2191	0.8075	-0.0383	-0.1853	-0.3712	0.1003	-0.2262	-0.3343	-0.5887	0.4397	0.1022	-0.3309	0.4975	0.0539	0.3078	0.0587	0.1645	-0.3551	0.4107	0.929	0.2204	0.1615	0.4945	0.2302	0.6762	-0.224	0.2621	-0.3736	-0.5368	0.4744	0.1378	0.0122	-0.1815	-0.0743	-0.1133	0.0084	0.2667	-0.2742	-0.3871	0.3536	-0.3422	-0.2744	-0.2115	0.4029	-0.0506	-0.2359	-0.0847	0.0194	0.1003	0.5335	0.4859	0.3543	0.4275	-0.2958	0.6061	0.7641	-0.038	0.2047	0.8806	-0.297	0.6156	0.0141	0.6768	-0.0066	0.2681	0.4756	0.6348	0.3619	-0.0866	-0.3515	-0.2311	0.2441	-0.1338	-0.1153	0.1504	-0.4986	-0.1785	-0.341	0.912	0.2933	0.424	0.6084	-0.416	0.0993	-0.1394	-0.0687	0.4543	0.1125	-0.4994
Sg_K36_17	0.2289	-0.1721	-0.2398	-0.1421	-0.067	0.0035	0.1518	-0.168	-0.2518	0.0376	-0.0209	0.0718	0.6612	0.0661	0.209	-0.3165	-0.0848	-0.1792	0.8367	0.7874	-0.2394	-0.0876	-0.0195	0.1564	-0.2615	-0.1369	0.1966	-0.2515	-0.0723	0.0747	-0.0276	-0.0685	0.0581	-0.0484	-0.1782	0.113	-0.2255	0.141	0.1912	-0.1338	-0.1806	-0.0634	0.0239	-0.0821	-0.097	-0.1311	-0.0864	0.1196	-0.0926	-0.1571	-0.2374	0.0534	-0.2619	-0.0038	-0.1906	0.0329	-0.0288	0.125	-0.0865	-0.1711	0.0636	0.0964	-0.0623	0.1166	0.7878	0.1499	-0.0497	-0.0907	0.1351	0.0215	-0.0435	0.6274	0.0536	-0.0439	-0.0356	-0.1104	-0.3042	-0.0986	-0.1227	0.025	-0.1622	0.0966	-0.2349	-0.2775	-0.1979	-0.1499	0.2022	0.0552	-0.0611	0.3772	0.005	0.0226	-0.1494	-0.0492	0.1188	-0.0378	-0.1573	0.0176	-0.1484	0.0303	-0.2438	-0.3579	-0.2628	-0.0631	0.0601	0.777	-0.1479	-0.2548	-0.0783	-0.0808	-0.1939	-0.0297	-0.1884	-0.0806	-0.0491	0.1255	0.0831	-0.0133	-0.1515	-0.2133	-0.0306	-0.1186	-0.1232	0.7637	0.1007	-0.0608	-0.0486	0.0617	0.0725	-0.0688	-0.103	-0.144	-0.0988	0.0506	-0.2726	-0.0812	0.8346	-0.1091	-0.2051	-0.0991	-0.0439	0.1101	-0.195	0.919	-0.1489	0.0073	0.0318	0.0504	0.1649	0.9222	0.1206	-0.1665	0.0564	0.092	-0.2043	0.0175	-0.2431	0.8051	-0.1068	0.0111	-0.1062	0.4796	0.243	-0.1304	-0.0654	-0.0643	-0.0175	0.2536	-0.0273	-0.1316	-0.1618	0.8602	0.0279	-0.1762	-0.166	0.0433	-0.0297	-0.1925	-0.1257	0.0748	-0.1618	0.0621	-0.0742	-0.1653	-0.0267	0.0204	0.2065	-0.0089	-0.1292	0.5678	-0.0056	0.0718	-0.2	0.1445	0.085	-0.0846	0.0084	-0.0963	0.841	0.2231	-0.037	-0.1829	-0.146	0.0826	-0.006	-0.0751	0.0045	-0.012	-0.0868	-0.273	-0.271	0.5895	0.0008	-0.1511	1	-0.182	-0.2689	-0.3303	-0.1018	-0.1779	-0.0122	-0.0905	0.0982	-0.1597	-0.0724	0.0587	0.0596	0.0093	-0.1262	-0.1405	0.065	0.2472	-0.1148	-0.1822	-0.0449	-0.0514	-0.2505	0.5813	-0.0901	-0.1999	-0.1746	-0.2524	-0.1974	-0.0412	-0.0077	0.0223	-0.0346	-0.2451	0.0631	0.0631	-0.1046	-0.024	0.1171	-0.2128	-0.049	-0.0333	-0.0817	0.0685	0.0813	-0.3623	-0.1982	-0.1755	-0.2823	-0.0626	0.0405	-0.0498	-0.015	-0.0956	-0.2071	0.1038	-0.1564	0.0224	-0.1799	-0.0755	0.9167	0.1471	0.0262	-0.1764	-0.1541	-0.1276	-0.1383	0.1124	-0.1005	0.1563	-0.0261	-0.151	-0.1491	0.6193	-0.2402	0.1115	-0.3151	-0.058	-0.0145	-0.317	0.1205	-0.1417	-0.0353	-0.0567	-0.0286	-0.248	-0.0575	-0.1383	0.2538	-0.1316	0.2521	-0.3185	-0.0431	-0.2023	-0.2209	-0.1772	0.0976	0.12	-0.0197	0.0268	-0.2221	-0.0328	-0.125	-0.2258	-0.0411	-0.1525	-0.245	-0.1974	-0.0859	0.0091	0.0528	-0.1122	-0.2492	-0.0384	-0.1419	-0.0628
Sg_K36_27	-0.3282	0.5039	0.528	0.3615	0.2529	-0.1802	0.3742	-0.1425	0.507	0.2426	0.1653	-0.4365	-0.1748	0.2119	-0.4214	0.1513	0.1099	0.2464	-0.1363	-0.0787	0.2227	0.344	0.3366	0.2384	0.3523	-0.0152	0.2143	0.0558	-0.406	-0.2658	0.2092	-0.0098	0.1972	0.6192	0.2427	-0.3395	0.6232	-0.3085	0.2232	-0.07	-0.2278	-0.1339	-0.3032	0.1163	0.2975	-0.199	0.1267	-0.3312	-0.1942	-0.2738	-0.0133	0.3668	-0.0408	0.4061	-0.1802	0.0775	0.4082	0.1261	0.0149	0.1238	0.2869	-0.2189	-0.172	0.1809	-0.2245	-0.0365	0.1275	-0.2242	0.4305	0.5145	-0.3882	-0.1425	0.408	-0.1012	-0.0964	-0.3295	0.3981	0.3675	-0.1227	-0.0349	-0.2154	-0.0787	0.6355	-0.0608	0.0331	0.3464	0.3065	0.1344	0.2039	-0.2954	0.1789	-0.2989	0.1579	-0.3134	-0.294	-0.237	0.0477	-0.012	-0.1299	-0.0492	-0.2539	-0.1323	0.1883	-0.0986	-0.4443	-0.096	-0.2013	0.0559	-0.4029	-0.2469	0.0275	-0.2458	-0.2671	-0.2769	-0.122	-0.3904	-0.1275	-0.3689	-0.1826	-0.2095	-0.2878	0.1477	0.4117	-0.1312	-0.141	0.2166	-0.2865	-0.278	-0.2013	-0.1848	-0.1154	0.5541	0.0817	0.5066	0.2598	-0.4618	-0.1773	-0.2958	0.3956	0.2603	-0.29	0.093	0.5769	-0.1881	0.1844	0.2827	0.2769	0.1268	0.2752	-0.1742	0.1675	-0.3104	0.3853	-0.0435	-0.1171	-0.4209	0.1784	-0.0825	-0.211	-0.314	0.0835	-0.1879	-0.3086	0.1631	-0.0588	0.0219	-0.172	-0.2593	-0.2696	0.3104	-0.2689	-0.203	-0.3242	-0.2805	0.0342	-0.0253	-0.4379	-0.045	-0.1158	-0.3184	0.0949	-0.3739	0.3476	0.0654	-0.3428	-0.2407	-0.3718	0.0226	0.2932	-0.162	-0.4159	0.1122	-0.4011	0.2812	-0.2457	-0.1105	0.2207	0.5219	-0.1447	-0.3657	0.1917	0.7045	-0.067	0.1894	-0.2165	-0.4029	0.1947	0.0033	0.282	0.3926	0.2927	-0.3164	0.0324	0.6336	-0.182	1	0.6605	-0.2732	0.3745	0.1693	-0.0436	-0.2062	-0.2417	0.2408	-0.3216	-0.2163	-0.3904	0.2606	0.4101	0.3305	0.0889	-0.3367	-0.1127	-0.2248	-0.0738	-0.1998	0.0083	-0.2141	-0.1188	-0.0051	-0.2482	-0.1178	0.6711	-0.1349	-0.2728	-0.2568	0.0511	-0.1965	-0.147	-0.4112	0.2027	-0.0475	-0.3487	0.3483	0.1167	0.2664	-0.096	-0.0337	-0.1845	0.2468	0.6617	0.1676	0.1964	0.573	0.3582	0.443	-0.3533	0.104	-0.2216	-0.3265	0.2985	-0.0567	-0.111	-0.3147	-0.1474	-0.0854	0.1429	0.1184	-0.0608	-0.4358	0.4147	-0.2416	-0.0952	-0.2765	0.4682	-0.0514	-0.0322	-0.1896	0.0382	0.1445	0.7284	0.3339	0.3509	0.4895	-0.3436	0.4352	0.5828	-0.1721	0.3369	0.5873	-0.3228	0.4707	-0.0715	0.5613	-0.1171	0.1379	0.5007	0.5533	0.3375	-0.2911	-0.3258	-0.0712	0.1699	0.0306	-0.1092	0.2542	-0.4111	-0.2833	-0.222	0.7349	0.061	0.2108	0.399	-0.4461	0.2951	-0.2275	-0.1627	0.4599	0.1222	-0.3241
Sg_K36_29	-0.4252	0.7138	0.3374	0.3329	0.2826	-0.2059	0.2851	-0.0375	0.5764	0.2591	0.3661	-0.5215	-0.2357	0.2922	-0.4632	0.1928	0.2956	0.383	-0.3308	-0.1616	0.3058	0.2119	0.2146	0.1935	0.4741	0.1741	0.1429	0.0862	-0.512	-0.433	0.196	-0.1335	0.159	0.7866	0.3382	-0.5073	0.7113	-0.3438	0.1185	-0.0501	-0.1404	-0.0611	-0.335	0.1817	0.481	-0.4324	-0.0533	-0.4177	-0.3215	-0.165	0.0943	0.2714	-0.058	0.3871	-0.0852	0.4058	0.3591	0.1348	0.002	0.3726	-0.0123	-0.4336	-0.1543	0.1549	-0.3271	-0.2458	0.3669	-0.1192	0.2894	0.5202	-0.2066	-0.2438	0.3409	-0.0737	0.0155	-0.0525	0.3869	0.4608	-0.0257	-0.1584	-0.4118	-0.2025	0.7628	0.2289	0.0463	0.1247	0.1488	0.0466	0.1611	-0.4378	0.286	-0.3346	0.494	-0.4738	-0.4454	-0.3481	0.0338	-0.0438	0.0492	-0.2971	-0.2543	-0.078	0.3053	-0.1249	-0.4333	-0.2246	-0.2912	0.1163	-0.5255	-0.3919	-0.0161	-0.3351	-0.0989	-0.2717	-0.2893	-0.345	-0.2776	-0.3367	-0.0962	-0.0982	-0.4052	0.399	0.4661	-0.2614	-0.2945	0.141	-0.2431	-0.4303	-0.16	-0.2209	0.1781	0.6304	0.0488	0.5309	0.5534	-0.2726	-0.3119	-0.1846	0.6473	0.2405	-0.2788	-0.1054	0.744	-0.3195	0.3252	0.3524	0.0826	-0.0219	0.193	-0.3098	-0.0976	-0.2555	0.1554	-0.1568	-0.2679	-0.4815	0.349	-0.2144	0.1426	-0.2903	0.1373	-0.3168	-0.4009	0.1718	-0.2473	-0.0197	-0.1549	-0.3601	-0.4312	0.4409	0.0556	-0.3994	-0.236	-0.2618	0.0051	-0.1229	-0.5743	0.0557	-0.1664	-0.5848	-0.0839	-0.3231	0.0488	0.0605	-0.1	-0.2391	-0.6232	0.1589	0.5655	-0.3181	-0.1231	0.0266	-0.4109	0.0394	-0.3236	0.1367	0.0585	0.5479	-0.2877	-0.3921	0.0707	0.8337	0.15	0.1411	-0.0975	-0.5068	0.0547	0.2585	0.4442	0.5468	0.2613	-0.4426	-0.0436	0.8313	-0.2689	0.6605	1	-0.2537	0.3826	0.168	0.307	-0.2546	-0.351	0.4306	-0.1675	-0.1649	-0.4521	0.1096	0.5094	0.5564	0.1373	-0.4615	0.0767	-0.1683	-0.1936	-0.3783	0.0424	-0.3326	-0.0664	0.3258	-0.188	-0.0917	0.7032	0.042	-0.1802	-0.2402	0.2062	-0.1449	-0.2483	-0.6121	0.3927	-0.0139	-0.368	0.4833	0.2624	0.3776	0.2581	0.0317	-0.372	0.3804	0.8279	0.1317	0.2116	0.4202	0.0869	0.4496	-0.115	0.404	-0.2572	-0.48	0.4144	0.2767	0.1241	-0.0952	-0.2629	-0.2728	-0.07	0.2162	-0.0495	-0.4123	0.4617	-0.3352	-0.1979	-0.2264	0.4785	-0.013	-0.0827	-0.2367	-0.0044	0.0313	0.6207	0.3907	0.3046	0.5139	-0.3383	0.6283	0.6715	0.1086	0.1119	0.8105	-0.2918	0.5652	-0.1219	0.6946	-0.1924	0.4089	0.3596	0.6533	0.2492	-0.1161	-0.4261	-0.1974	0.236	-0.0105	0.023	0.2204	-0.4176	-0.1767	-0.2293	0.8168	0.3943	0.435	0.4558	-0.4911	0.0345	-0.0527	-0.0878	0.3469	0.2491	-0.3755
Sg_K36_3	-0.1769	-0.3138	0.0101	0.1059	-0.0906	0.6456	-0.2082	0.5912	0.0345	-0.0025	-0.2063	0.0942	-0.2748	-0.2677	0.3403	0.1149	0.0927	-0.1657	-0.2689	-0.331	0.0374	0.078	0.2269	-0.1968	0.1866	-0.0972	-0.0007	0.3443	0.196	-0.0685	0.1955	0.2204	0.1754	-0.2758	-0.0228	-0.0378	-0.1597	-0.1911	-0.1657	0.448	0.2632	0.0928	-0.2407	0.0351	-0.4599	0.4623	0.4173	-0.0706	0.6829	0.48	0.6322	-0.154	0.5908	-0.1265	0.6808	-0.1036	0.0118	0.2466	-0.0283	-0.1859	-0.4018	-0.1634	0.005	0.1117	-0.1452	-0.2313	-0.3117	-0.1181	-0.1257	-0.1279	-0.294	-0.1867	-0.4897	-0.1761	-0.2214	-0.1852	0.0593	-0.1842	-0.2331	0.0476	0.5603	0.0184	-0.1995	0.1802	-0.0797	0.049	-0.038	-0.3372	0.0038	-0.2512	0.0527	0.1853	-0.0454	0.5326	0.0075	0.4138	0.0588	-0.1422	0.6988	0.3383	0.3067	0.4953	0.4074	-0.1102	-0.0496	-0.3519	0.5715	-0.0582	0.2258	0.4828	0.4225	0.092	0.2975	-0.1222	0.5429	-0.0812	0.1372	-0.053	0.5018	0.6513	-0.069	-0.2478	-0.1778	-0.2772	-0.0818	0.0689	0.0723	-0.1229	-0.1073	-0.1355	-0.034	0.0301	-0.1308	-0.4866	-0.0761	-0.0624	-0.2897	0.6544	-0.1735	0.2228	-0.0125	-0.3629	-0.1398	-0.286	-0.1228	-0.1626	-0.3848	-0.312	-0.175	-0.2931	-0.3131	0.7231	-0.4144	0.0291	0.2468	0.4694	0.0985	-0.3288	-0.2895	-0.0653	-0.0108	-0.041	0.0162	0.1766	0.337	-0.1271	-0.0358	-0.1014	0.4964	-0.1092	-0.2708	-0.3058	-0.0499	0.7686	-0.0496	-0.2165	-0.0334	0.177	0.2883	0.2707	0.423	0.199	0.074	0.2704	-0.3507	0.4137	0.0982	-0.0973	0.1009	-0.1051	-0.1246	0.1604	0.3256	-0.3378	0.0846	-0.1521	-0.3376	-0.0881	-0.2966	-0.2324	-0.4106	-0.2447	0.0006	-0.1226	-0.2382	0.3136	0.0501	0.0033	-0.2427	0.1258	-0.1209	-0.0947	0.0896	-0.2368	-0.3303	-0.2732	-0.2537	1	0.209	-0.1859	-0.0859	-0.0046	-0.0075	-0.1741	-0.276	-0.0849	-0.0402	-0.3357	-0.1392	-0.3127	-0.2827	-0.0898	-0.0047	0.0653	0.188	0.2601	-0.1393	-0.1584	0.1188	-0.0255	0.719	0.7581	-0.2508	-0.3807	0.1094	-0.2005	0.0035	0.7547	-0.0475	0.1035	-0.0026	-0.0864	-0.0872	-0.0966	-0.1264	0.0608	-0.1163	-0.0062	-0.0964	0.0084	-0.1739	0.0678	0.0697	-0.2312	-0.3331	-0.2412	-0.2717	-0.031	0.5788	0.0658	0.1837	-0.1056	-0.2164	-0.1724	-0.2651	-0.0496	-0.3799	-0.0372	0.0167	0.367	0.0112	0.0952	-0.1	-0.1723	-0.4325	-0.1322	0.0118	-0.2368	0.5395	-0.3776	-0.2362	0.0682	-0.1874	0.1119	-0.1603	-0.2699	-0.2736	0.0582	-0.3546	-0.0509	-0.0477	-0.1047	0.2673	-0.0334	0.0652	-0.0376	-0.1036	-0.2933	-0.0613	0.6435	-0.0272	-0.0645	0.0102	-0.0289	0.5505	0.0224	0.3123	0.7277	-0.0143	-0.2622	0.0352	0.0882	-0.332	0.5903	-0.3941	-0.1504	0.6898	0.144	0.1674	0.239
Sg_K36_6	-0.4723	0.2059	0.3056	0.7979	0.4384	0.4719	0.2653	0.5334	0.278	0.4444	0.1891	-0.4887	0.0465	-0.1566	0.0801	0.1427	-0.0105	0.1285	0.0084	0.0069	-0.0255	0.678	0.8159	0.1638	0.5207	-0.0033	0.3543	0.6258	-0.3742	-0.4971	0.6703	0.2893	0.6463	0.5619	-0.0365	-0.509	0.3016	-0.575	0.1426	0.3025	-0.0243	-0.0333	-0.6597	-0.2138	-0.1758	-0.0119	0.4792	-0.3894	0.2258	0.2971	0.3789	0.1414	0.277	0.3236	0.3621	-0.0247	0.6694	0.6631	-0.2164	-0.073	-0.375	-0.5921	-0.303	0.5449	0.1447	-0.4871	-0.1223	-0.2275	0.3956	0.4475	-0.6797	0.0573	-0.2698	-0.2491	-0.516	-0.5811	0.2081	0.1736	-0.4802	-0.1824	0.1829	-0.3928	0.3729	0.0164	-0.1463	0.3348	0.3857	0.0291	0.2022	-0.3032	0.5335	0.2658	0.0202	0.0448	-0.4286	-0.2245	0.2267	-0.1053	0.4304	0.0765	0.354	-0.0463	0.6702	0.0072	-0.5666	0.0399	0.3105	-0.0529	-0.2177	0.1619	0.6197	-0.1617	0.3023	-0.6364	0.3043	-0.5337	-0.1897	-0.574	0.2925	0.4058	-0.4629	0.001	0.1916	0.0797	-0.2081	0.5646	-0.2254	-0.488	0.0458	-0.4285	-0.177	0.773	-0.2774	0.0696	0.3979	-0.4488	0.0243	0.326	0.1114	0.721	-0.4744	-0.2405	0.4918	-0.1581	0.032	0.2875	-0.2316	-0.2606	0.27	-0.0983	-0.3699	0.3534	0.0852	-0.1142	-0.0345	-0.0431	0.4412	0.0225	-0.3754	-0.3343	-0.0338	0.2327	-0.3637	0.5421	0.0224	-0.1555	-0.3459	-0.3774	0.3316	0.2114	-0.6068	-0.0934	-0.4237	0.2879	0.091	-0.4108	-0.416	0.0892	-0.1025	-0.1193	0.3648	-0.1551	0.2105	0.4399	-0.6277	-0.2029	-0.174	-0.2025	0.6067	0.1511	-0.4803	0.6995	-0.2394	-0.1447	-0.1368	-0.2199	-0.1765	0.5248	0.0392	-0.6177	-0.2278	0.4854	-0.1101	0.0103	-0.5104	0.0393	0.1577	0.1336	0.1917	0.5922	0.1561	0.0398	0.0665	0.4287	-0.1018	0.3745	0.3826	0.209	1	-0.1547	-0.2877	-0.3778	-0.451	0.117	-0.6647	-0.4413	-0.5051	-0.2591	0.2201	-0.0616	0.0193	-0.3713	-0.184	-0.3012	-0.089	-0.2133	-0.2168	0.0542	0.186	-0.1281	0.3774	0.3036	0.3111	-0.3896	-0.103	-0.4572	-0.2765	0.2639	-0.4028	-0.3952	0.1189	-0.0356	-0.5109	0.2689	-0.1547	0.2198	-0.1676	0.1798	-0.4005	0.1845	0.5676	0.3929	0.5554	0.131	0.0754	0.3079	-0.4614	-0.0876	0.1508	-0.4754	0.729	0.0355	-0.2528	-0.4584	-0.0295	-0.103	-0.3467	-0.1296	-0.1718	0.013	0.6027	-0.0868	-0.4991	-0.5418	-0.1384	-0.071	-0.1461	0.1388	0.5814	0.1077	0.0719	0.7717	0.0647	0.5398	-0.5891	0.2571	0.4176	-0.1479	-0.0822	0.6356	-0.3577	0.4452	0.5304	0.7267	0.3829	-0.0682	0.6414	0.1975	0.3459	0.1985	-0.4798	-0.095	0.515	0.2803	0.3006	0.2762	-0.4332	0.2231	-0.4046	0.4051	0.0971	0.3939	-0.0212	0.1439	-0.2957	-0.5537	0.231	0.8231	0.3772	-0.4461
Sg_K36_8	-0.0575	0.2018	0.008	-0.0778	-0.2171	-0.4692	-0.117	-0.4264	0.184	-0.2308	-0.2647	-0.0502	-0.1444	0.2002	-0.2604	-0.1745	-0.0328	0.0346	-0.2256	-0.1135	0.2373	-0.2005	-0.3221	-0.1447	-0.0615	0.3392	-0.0793	-0.2809	0.085	0.0249	-0.4375	-0.1216	-0.3767	-0.0094	0.2315	0.0354	0.0132	0.099	-0.1302	-0.2607	0.0618	0.1046	0.3071	0.2537	0.2319	-0.098	-0.3796	0.3052	-0.4	-0.2834	-0.1461	-0.1623	-0.1022	-0.1491	-0.3487	-0.0416	-0.2522	-0.4324	0.185	0.0274	0.144	0.2244	0.1637	-0.2405	-0.2707	0.2267	0.0114	0.4282	0.0095	-0.0795	0.2663	-0.1587	0.1802	0.2751	0.3632	0.345	0.0149	-0.1154	0.4163	0.034	-0.1528	0.1771	-0.0229	0.2156	0.2382	-0.0072	-0.1441	0.128	0.051	0.0261	-0.1192	-0.2695	0.0638	-0.1209	-0.0337	-0.0841	0.2027	0.2723	-0.2174	-0.1363	-0.1306	-0.1139	-0.2572	0.2947	-0.0322	-0.1468	-0.3124	0.2656	0.1119	-0.2046	-0.3335	-0.0549	-0.4129	0.3747	-0.4339	-0.0151	0.1116	0.3048	-0.2566	-0.2814	0.3415	0.0314	-0.1362	-0.2194	0.1552	-0.3521	-0.053	0.2102	0.2107	0.3627	0.397	-0.1526	0.1365	-0.0116	0.2812	0.277	-0.1681	-0.3617	0.0111	-0.4131	0.269	0.1288	0.0298	-0.1895	0.2073	-0.2648	0.1689	0.1217	-0.1734	-0.1656	0.0704	-0.4086	0.1169	0.1552	0.1987	-0.0358	-0.0777	-0.1682	0.3554	-0.049	0.1004	-0.3346	-0.0576	-0.1492	0.1343	0.0087	0.2579	0.1739	-0.3427	0.0373	0.2263	-0.185	0.2678	-0.2256	0.1415	0.0561	0.1873	-0.2749	0.1633	-0.1526	-0.1548	0.0185	0.0188	-0.2534	0.3355	-0.1101	0.138	0.1951	-0.0371	-0.2391	0.2575	-0.1981	-0.0173	0.1543	0.0979	0.1843	0.1031	-0.2099	-0.2881	0.0711	0.144	0.1589	0.1964	-0.0909	0.2508	0.0283	-0.1808	0.0391	0.233	-0.135	0.0504	-0.1867	0.0962	0.1181	-0.1779	0.1693	0.168	-0.1859	-0.1547	1	0.2754	-0.03	0.1988	-0.0657	0.2611	0.336	0.2696	0.1178	0.1578	0.274	0.1375	-0.1786	0.3525	0.2155	0.2105	-0.0014	0.4705	-0.2181	0.2053	0.1906	-0.396	-0.0447	0.1646	0.1374	-0.1627	0.364	0.2724	-0.1344	0.3221	0.1448	0.046	-0.0326	0.0755	0.1137	0.197	-0.0878	-0.0065	0.1484	0.0689	-0.1092	-0.0201	-0.257	0.0152	-0.0262	0.0815	-0.1275	0.2839	-0.0803	-0.224	0.1474	-0.2713	-0.0693	0.4525	0.2775	-0.2262	-0.2687	0.1538	0.2346	0.2109	-0.2821	-0.2349	0.1407	0.3654	0.1007	0.2488	0.294	0.0057	-0.2191	-0.3717	0.1235	0.3207	-0.1492	-0.0673	-0.0217	0.0212	0.1369	0.1163	0.1415	0.174	-0.0482	0.1079	-0.1269	-0.4525	-0.1491	-0.2977	0.1633	-0.1779	0.1755	-0.0824	-0.1948	-0.0861	0.2241	-0.2843	-0.0028	-0.136	-0.1589	0.1503	-0.2512	0.2467	0.1333	0.0177	-0.0949	0.0373	-0.2605	0.1482	0.0979	-0.1096	-0.2239	-0.0427	0.203
Sg_K40_29	-0.0659	0.1151	-0.1034	-0.2003	-0.114	-0.2481	-0.0076	-0.2169	0.1303	-0.0825	0.1594	-0.0522	-0.0511	0.302	-0.3021	-0.089	0.1587	0.0277	-0.1516	-0.0667	0.1619	-0.3032	-0.285	0.0127	0.043	0.1699	0.0099	-0.4283	-0.12	-0.0089	-0.1834	-0.0538	-0.257	0.0909	0.3262	-0.0843	0.1674	0.0507	-0.0877	-0.2455	-0.138	0.1883	0.2011	0.3206	0.3017	-0.3135	-0.3537	0.0507	-0.2443	-0.2217	-0.0341	0.0128	-0.0881	0.0596	-0.1331	0.3411	-0.1978	-0.2139	0.1274	0.378	-0.1674	-0.043	0.043	-0.2655	-0.212	0.0867	0.3765	0.175	-0.1129	0.0529	0.2241	-0.1859	0.1719	0.0267	0.2858	0.1922	0.0229	0.2455	0.1806	0.0807	-0.2891	0.1751	0.1773	0.2479	-0.0356	-0.1351	-0.0651	-0.1835	-0.1508	-0.0711	-0.0024	-0.3758	0.4088	-0.3339	-0.0316	-0.0641	0.1818	-0.0654	-0.0188	-0.2236	-0.3648	0.1375	-0.2389	0.0909	-0.0134	-0.0964	-0.2086	0.0261	-0.0358	-0.3382	-0.3805	-0.1795	-0.2608	0.3309	-0.3418	0.0856	0.1155	0.2217	-0.0616	-0.2034	0.1	0.4134	0.1906	-0.1102	-0.0152	-0.3369	-0.034	0.0702	-0.0577	0.1819	0.5833	-0.0607	0.187	0.0817	0.2707	0.0371	-0.1873	-0.2066	0.1847	-0.2611	0.2432	-0.283	-0.0438	0.0012	0.3788	0.0793	-0.1331	0.0546	-0.1314	-0.0438	-0.1987	-0.2314	-0.3516	0.2548	-0.1607	-0.1448	0.074	-0.0771	0.2834	0.0074	0.3621	-0.169	0.0605	-0.1714	-0.354	-0.0721	0.0436	0.1232	-0.5285	0.2793	0.2667	-0.1273	0.2104	-0.1742	0.1203	-0.1378	-0.1054	0.0466	-0.0064	-0.3681	-0.1638	-0.012	-0.2993	-0.3174	0.3479	0.0244	-0.2307	0.411	0.0309	-0.1445	0.2837	-0.4507	-0.1917	-0.2491	-0.1205	0.373	-0.2446	-0.1008	-0.1321	0.0675	0.0551	0.1067	0.2196	0.1436	0.2163	-0.3375	-0.0124	0.5646	0.1995	0.0193	-0.1388	-0.2813	0.1677	0.1254	-0.0122	-0.0436	0.307	-0.0859	-0.2877	0.2754	1	0.2227	0.0671	0.4745	0.2429	0.3479	0.111	-0.1115	0.2054	0.1802	0.2307	-0.1662	0.5219	0.1899	-0.1223	-0.3227	0.0821	-0.1861	-0.0185	0.3123	-0.1873	-0.0817	0.0545	0.0723	0.0989	0.1772	0.4369	-0.1227	0.23	-0.1681	0.319	-0.1003	0.0059	0.0765	0.3216	0.14	0.5429	0.0084	-0.0229	-0.0573	0.0514	-0.3753	-0.2982	0.0481	-0.4228	-0.0848	0.2359	0.486	-0.1976	-0.019	-0.1031	0.3655	0.0807	0.1606	-0.0327	-0.1355	-0.1139	0.3144	0.1947	-0.2146	-0.211	-0.0745	0.1917	0.1146	0.142	-0.0088	-0.007	-0.0671	-0.3808	-0.2603	0.1714	-0.2632	0.001	-0.0541	0.0549	0.0878	0.1701	0.4447	-0.2377	-0.008	-0.0702	-0.1727	-0.2655	-0.0455	-0.2961	0.3185	-0.3588	-0.0051	-0.2689	-0.0643	-0.0554	-0.1007	-0.1443	-0.139	0.0551	-0.0424	-0.0348	-0.2177	0.1432	0.1838	0.4802	0.1701	0.0853	-0.3115	-0.1621	0.1275	-0.0464	-0.2499	0.1074	0.0805
Sg_K40_38	0.2921	-0.3814	-0.1557	-0.2137	-0.1095	-0.0484	-0.1779	-0.0654	-0.3019	-0.236	-0.2069	0.1349	-0.2173	-0.1251	-0.0261	-0.1146	0.0968	-0.1033	-0.2106	-0.1858	0.0234	-0.2049	-0.2583	-0.2497	-0.1776	0.0168	-0.3605	-0.0915	0.1967	0.2453	-0.201	0.2525	-0.2599	-0.4075	0.0987	0.2503	-0.2652	0.1434	-0.2547	-0.1057	-0.1256	0.3069	0.3231	0.1408	-0.1011	0.1123	-0.1535	0.3644	-0.0733	0.1022	-0.1135	-0.1994	0.0175	-0.2639	-0.039	-0.106	-0.2448	-0.2256	0.011	-0.0252	-0.0579	0.2054	0.0898	-0.3971	-0.146	0.1229	0.0326	0.2378	-0.254	-0.1913	0.2669	-0.1472	-0.1152	0.173	0.2572	0.1395	0.0607	-0.2201	0.2039	0.2779	0.1328	0.2329	-0.2315	0.2695	0.0194	-0.0757	-0.2329	0.0472	0.0662	0.1948	-0.1322	0.1185	-0.1526	0.1426	0.1599	0.2041	0.0101	0.2943	-0.0665	0.0345	0.0758	0.2086	-0.1409	0.3559	0.0707	-0.1954	0.0132	0.0662	0.5171	-0.0023	-0.1662	0.0434	-0.0356	0.4223	0.0615	0.0572	0.2634	0.3896	-0.1154	-0.1035	0.371	0.0088	-0.2328	-0.1942	0.4344	-0.3819	0.2525	0.3558	0.2299	0.4614	0.1305	-0.3314	0.3401	-0.2992	-0.0326	0.3393	-0.1442	-0.0913	-0.2674	-0.3681	0.3673	-0.1289	-0.4661	-0.0404	0.0173	-0.2702	-0.0861	-0.1565	-0.2657	-0.1384	-0.046	-0.0827	-0.1705	0.1259	0.2027	0.1377	-0.0151	-0.2694	0.1888	0.2168	0.0019	-0.1397	0.0663	-0.0857	0.033	-0.1598	0.2444	0.3157	0.0518	0.0422	0.2297	-0.0554	0.3221	-0.0641	0.1216	0.0152	0.3592	0.1095	0.0888	0.0315	-0.2558	0.3306	0.005	-0.1813	0.1665	0.0438	0.2436	0.1822	-0.4337	-0.2166	0.0627	-0.1895	0.2983	-0.1524	0.3649	0.2564	-0.0959	-0.1582	-0.2025	0.1032	-0.1208	-0.4214	0.0317	-0.1067	0.2721	0.2515	-0.3133	0.0288	-0.1387	-0.1517	-0.1753	-0.0715	0.4016	-0.4735	-0.0905	-0.2062	-0.2546	-0.0046	-0.3778	-0.03	0.2227	1	0.4021	0.0182	0.2061	0.3695	0.4824	-0.0615	-0.2609	-0.1371	-0.2706	0.0482	0.2031	0.5519	0.0686	-0.0046	0.2183	-0.221	0.1509	-0.0004	-0.1001	0.0647	-0.3933	0.1642	0.1256	0.2326	0.2351	0.021	0.3192	0.2513	-0.1207	-0.0426	0.0447	-0.2099	0.1928	-0.1659	0.2749	0.0638	0.1347	-0.1623	-0.402	-0.0793	-0.1257	-0.2289	-0.2205	-0.4757	0.2307	0.0232	0.1143	0.3406	-0.3418	0.1645	0.1229	0.1909	-0.1528	0.0301	0.007	-0.0744	0.4714	0.1334	-0.176	0.3387	0.2504	0.0607	-0.1185	0.2622	0.1266	-0.1767	-0.1294	0.0007	-0.0328	-0.4284	-0.1401	-0.0222	0.147	-0.2437	-0.4047	0.0799	-0.1093	-0.4092	0.2779	-0.3982	-0.2245	-0.2847	-0.1011	0.1388	-0.217	-0.3133	-0.1207	-0.1212	0.1806	0.2368	-0.1549	0.1356	0.0441	-0.1632	0.2497	0.0344	0.2778	-0.3914	0.0107	-0.2291	-0.3493	0.0212	-0.0192	0.2806	-0.0572	-0.286	-0.1984	0.2882
Sg_K40_4	0.3485	-0.1947	-0.326	-0.4147	-0.3904	-0.2644	-0.3209	-0.3842	-0.3593	-0.3491	-0.4095	0.1721	-0.0219	0.1225	-0.2059	-0.2715	0.1107	-0.061	0.0396	-0.0399	0.2392	-0.353	-0.4879	-0.3229	-0.3766	0.1802	-0.2499	-0.1931	0.3139	0.2099	-0.382	0.0073	-0.4441	-0.4843	0.1938	0.3572	-0.2715	0.2686	-0.2677	-0.2477	-0.1533	0.2342	0.6377	0.224	-0.1361	0.0968	-0.2997	0.7025	-0.1308	-0.1265	-0.1959	-0.3405	-0.2137	-0.4866	-0.1774	-0.227	-0.4278	-0.3538	0.0946	-0.1096	0.0952	0.5268	0.1312	-0.3002	-0.114	0.5092	-0.2181	0.3509	-0.3738	-0.3562	0.2825	-0.1473	0.0222	0.4427	0.3108	0.1411	-0.0567	-0.4388	0.2103	0.5587	-0.0403	0.5103	-0.407	0.1788	0.0774	0.0284	-0.2347	-0.0773	0.1528	0.2882	-0.2754	-0.1409	-0.1287	0.0842	0.2968	0.3315	0.1174	0.2885	-0.2361	0.0736	-0.0898	0.201	-0.4137	0.444	0.2198	-0.0346	-0.1255	0.2353	0.6021	-0.0532	-0.3885	-0.0251	-0.3097	0.5949	-0.0888	0.1898	0.523	0.6598	-0.308	-0.2853	0.6409	-0.2452	-0.4674	-0.0906	0.5794	-0.4255	0.2192	0.686	0.0748	0.7236	0.1745	-0.5763	0.2898	-0.2597	0.0773	0.22	-0.0919	-0.2402	-0.2253	-0.539	0.6314	-0.0203	-0.4064	0.0659	-0.0227	-0.4271	-0.0145	0.1376	-0.2628	0.1035	0.0647	-0.313	-0.1585	0.105	0.1541	0.1657	-0.1483	-0.0783	0.1742	0.1336	0.0434	-0.1687	0.1449	-0.3614	0.0349	0.1777	0.3775	0.346	-0.2191	-0.0648	0.1248	0.1053	0.55	-0.1708	0.0817	0.1751	0.507	-0.1321	0.2172	0.1096	-0.1508	0.3076	-0.0519	-0.3942	0.2442	0.1967	0.5162	0.2985	-0.4844	-0.1008	0.0415	-0.3281	0.2038	-0.0527	0.4751	-0.0109	-0.0309	-0.3014	-0.0958	0.2908	0.2036	-0.4397	0.0783	-0.1887	0.2582	0.2671	-0.3916	-0.1123	-0.0763	-0.4837	-0.1183	-0.016	0.4197	-0.5142	0.0982	-0.2417	-0.351	-0.0075	-0.451	0.1988	0.0671	0.4021	1	-0.1803	0.2275	0.7167	0.6349	-0.0423	-0.3258	-0.1446	-0.1604	0.0098	0.1259	0.5217	0.2264	0.3859	0.2802	0.0156	0.2867	-0.0035	-0.3146	-0.0701	-0.3831	0.0009	-0.0309	0.518	0.0898	-0.1242	0.6245	0.6694	-0.1385	-0.142	0.2301	-0.1293	0.256	-0.134	-0.029	-0.2476	0.2242	-0.2488	-0.5524	-0.3475	-0.2339	-0.1726	-0.1576	-0.4421	0.1216	-0.0759	0.0188	0.7584	-0.4969	-0.1369	0.1895	0.0704	0.0016	-0.0274	0.0687	-0.0701	0.3447	-0.0283	-0.319	0.3688	0.4365	0.1872	0.0875	0.2767	0.3378	-0.0216	-0.265	-0.1819	-0.1173	-0.6277	-0.1617	-0.1973	0.2171	-0.2381	-0.4201	0.1629	-0.0978	-0.5348	0.2817	-0.3531	-0.4511	-0.4893	-0.1895	-0.0116	-0.455	-0.22	-0.4424	-0.2269	0.1664	0.3109	-0.4632	0.0806	-0.131	-0.2558	0.3476	-0.1749	0.5947	-0.3968	-0.1819	-0.3329	-0.2243	-0.1996	0.0411	0.143	-0.1744	-0.4691	-0.1321	0.4671
Sg_K40_76	-0.3491	0.3008	0.2348	0.1306	0.0531	-0.0252	0.2697	0.0504	0.3225	0.1686	0.5497	-0.192	-0.0359	0.3279	-0.2615	0.0606	0.0477	0.3674	-0.1411	-0.0639	0.2306	0.1621	0.0558	0.3461	0.1611	-0.083	0.2056	-0.2347	-0.2517	-0.16	0.1194	-0.0081	0.0815	0.4219	0.3904	-0.2048	0.523	-0.104	0.2906	-0.1815	-0.1729	-0.0043	-0.0335	0.2011	0.3	-0.307	-0.1314	-0.2195	-0.1651	-0.0824	0.0252	0.3146	-0.0771	0.3696	-0.0349	0.4435	0.1459	0.0465	0.0926	0.4284	-0.2245	-0.1162	-0.1899	0.0136	-0.1201	-0.2036	0.3697	-0.1804	0.1827	0.3911	-0.0829	-0.1445	0.2722	-0.1389	-0.1733	-0.0525	0.1678	0.5233	-0.1256	-0.1595	-0.3344	-0.0823	0.4661	-0.0626	-0.293	-0.0655	0.1206	-0.2464	-0.0813	-0.0707	0.1	-0.2496	0.5256	-0.4821	-0.0637	-0.2193	0.1487	-0.2424	-0.0385	-0.2489	-0.1958	-0.0379	0.0715	-0.0865	-0.1549	-0.0995	-0.1751	-0.0944	-0.2747	-0.2813	-0.111	-0.4076	0.009	-0.0481	-0.2837	-0.0933	-0.1532	-0.2073	-0.0622	-0.1545	-0.1786	0.4488	0.5209	-0.1545	-0.2328	0.1081	-0.2243	-0.1666	-0.1924	-0.0717	0.242	0.373	-0.0567	0.4059	0.297	-0.31	-0.2226	-0.0861	0.3658	0.1224	-0.0461	-0.3445	0.3445	-0.1144	0.2328	0.3837	-0.2246	0.2487	0.1927	-0.099	-0.2808	-0.1097	-0.2925	0.0974	-0.207	-0.3507	0.2537	-0.1105	0.0005	-0.0187	0.1654	-0.1573	-0.1064	-0.0041	-0.5125	0.2202	-0.2507	-0.222	-0.3469	0.5347	-0.0048	-0.1702	-0.1952	-0.1562	0.1735	-0.3392	-0.2245	0.104	-0.2112	-0.4651	0.1202	-0.1602	-0.2969	-0.03	0.051	-0.1574	-0.4102	0.1443	0.2945	-0.1167	-0.1879	-0.232	-0.4481	-0.2706	-0.4732	0.1459	-0.2994	0.1753	-0.1238	-0.1162	0.3086	0.4133	0.1756	0.267	-0.1305	-0.4043	0.2423	0.5274	0.1916	0.362	0.0228	-0.2197	-0.119	0.3875	-0.1597	0.2408	0.4306	-0.1741	0.117	-0.0657	0.4745	0.0182	-0.1803	1	-0.0165	-0.0381	-0.1804	-0.1988	0.3925	0.2663	0.3476	-0.1944	0.2936	-0.0798	-0.5077	-0.4722	-0.0699	-0.1556	-0.236	0.282	-0.0908	-0.1653	0.38	-0.1049	0.0479	-0.0556	0.1163	-0.2259	-0.1248	-0.2993	0.4557	0.1564	-0.0924	0.4249	0.1826	0.3948	0.3731	0.0256	0.071	0.127	0.4425	-0.0295	-0.064	0.3732	-0.2994	0.3503	-0.0769	0.4812	-0.1577	-0.2141	0.2744	0.3058	-0.1575	-0.1766	-0.0844	-0.0568	-0.2588	0.1879	0.0222	-0.3047	0.1844	-0.2983	0.0003	-0.0612	0.1162	0.1391	0.0735	-0.0357	-0.1722	-0.2915	0.2843	0.0998	0.1634	0.1658	-0.0716	0.2051	0.3597	0.341	-0.2277	0.3443	-0.0702	0.3128	-0.0398	0.3301	-0.2259	0.2176	0.0504	0.3154	0.0122	-0.0094	-0.1683	-0.5254	0.0694	-0.2008	0.0119	0.2214	-0.4118	-0.2438	-0.0635	0.5083	0.5659	0.4071	0.347	-0.4107	-0.2483	-0.0714	-0.0653	0.1574	0.1828	-0.2738
Sg_K46_34	0.4304	0.1011	-0.3649	-0.4959	-0.2722	-0.4722	-0.3703	-0.5272	-0.1279	-0.2008	0.0893	0.3312	-0.0566	0.1626	-0.0137	0.0167	-0.1432	-0.0923	-0.1539	-0.1044	-0.0224	-0.4816	-0.6786	-0.1993	-0.3115	0.2154	-0.4435	-0.4327	0.2522	0.32	-0.6088	-0.2718	-0.5845	-0.2673	0.0352	0.3101	-0.2277	0.4286	-0.2512	-0.3712	-0.0072	0.0259	0.6006	0.1111	0.3849	-0.0574	-0.5088	0.3147	-0.3438	-0.3188	-0.4432	-0.2832	-0.3615	-0.2859	-0.3875	0.0063	-0.5793	-0.5744	0.2858	0.2142	0.1965	0.4985	0.3246	-0.5071	-0.254	0.3197	0.2182	0.4288	-0.4472	-0.4611	0.9206	-0.146	0.3	0.1908	0.5158	0.7984	-0.1465	-0.1053	0.5758	-0.0177	-0.189	0.183	-0.1958	0.0725	0.2651	-0.343	-0.334	0.2124	-0.2884	0.2441	-0.269	-0.1708	-0.0359	-0.1765	0.2297	0.018	-0.0845	0.035	-0.4726	-0.2486	-0.2081	-0.0986	-0.4296	0.1004	0.3888	-0.1042	-0.3868	0.1379	0.0732	-0.2534	-0.5717	0.1481	-0.1824	0.5783	-0.4356	0.37	0.0685	0.5208	-0.3151	-0.4016	0.4029	0.0978	-0.1375	-0.1365	0.1364	-0.3791	0.1087	0.3708	0.2465	0.393	0.2135	-0.5943	0.1374	0.0071	-0.1547	0.6862	-0.0319	-0.3594	0.0141	-0.6667	0.4521	0.2282	-0.2844	-0.0306	-0.0154	-0.2756	0.1592	0.2425	-0.369	-0.1152	0.1929	-0.3532	-0.0711	0.0271	0.0063	0.061	-0.2552	-0.1371	0.6081	0.1892	0.1276	-0.1618	0.2137	-0.4659	0.0665	0.0539	0.3682	0.2387	-0.1674	-0.269	0.8079	-0.0539	0.4278	-0.316	0.0666	0.2548	0.462	-0.1491	0.1023	0.0601	-0.2956	0.1752	-0.2372	-0.4003	0.8498	0.0118	0.1756	0.1043	-0.3085	-0.1507	0.6306	-0.4895	0.3069	0.1653	-0.005	0.1193	0.215	-0.5278	-0.1508	0.4103	0.2498	-0.2435	0.1607	-0.118	0.6066	-0.027	-0.1781	-0.1741	0.0083	-0.3657	-0.0201	-0.1119	-0.1789	-0.2148	-0.0724	-0.3216	-0.1675	-0.276	-0.6647	0.2611	0.2429	0.2061	0.2275	-0.0165	1	0.3675	0.4846	0.2306	-0.0452	0.3168	0.1375	0.2218	0.2331	0.1831	0.1155	0.041	0.495	-0.1576	-0.0645	0.1521	-0.4159	-0.3612	-0.1087	0.5526	-0.1212	0.5442	0.0919	-0.3085	0.4199	0.298	0.0498	0.1762	0.3502	-0.0768	0.063	-0.2167	0.1377	0.046	0.2641	0.0954	-0.3426	-0.3495	-0.2191	-0.142	-0.0074	-0.1152	0.6069	0.0032	-0.2224	0.2581	-0.5178	-0.0694	0.4956	0.703	-0.1305	0.0358	0.2794	0.1804	0.0938	-0.0313	-0.4778	0.0529	0.4646	0.3965	0.2856	0.145	0.0587	-0.14	-0.5364	0.0304	0.0068	-0.4523	-0.2911	-0.3765	0.3767	0.0314	-0.2136	0.1007	0.1444	-0.3686	0.5165	-0.3194	-0.4415	-0.4788	-0.3107	0.0726	-0.4138	-0.0312	-0.1071	-0.2501	0.3095	0.0712	-0.306	-0.1525	-0.3634	-0.2724	0.4166	-0.2661	0.369	-0.2059	-0.0801	-0.194	0.126	-0.1395	0.196	0.6938	-0.2117	-0.6558	-0.2297	0.3097
Sg_M01_13	0.2559	-0.0364	-0.3902	-0.3254	-0.3803	-0.452	-0.2377	-0.5227	-0.214	-0.309	-0.2307	0.0298	0.0783	0.1916	-0.2923	-0.2137	0.1362	-0.0515	-0.0104	-0.0118	0.1897	-0.315	-0.4803	-0.2206	-0.353	0.4215	-0.0866	-0.3044	0.2469	0.1375	-0.4396	0.0806	-0.424	-0.3385	0.1938	0.1519	-0.2367	0.1924	-0.2427	-0.2593	-0.0822	0.3888	0.635	0.2014	0.0267	-0.0737	-0.4773	0.685	-0.3342	-0.2592	-0.2874	-0.287	-0.2415	-0.4553	-0.4283	-0.1848	-0.4185	-0.4037	0.1964	-0.0327	0.0119	0.3876	0.1711	-0.3077	-0.186	0.4312	-0.1718	0.566	-0.394	-0.2934	0.3936	-0.0217	0.2063	0.2794	0.3366	0.2761	-0.0907	-0.3185	0.1927	0.4455	-0.2056	0.4471	-0.2456	0.2789	-0.0124	-0.1244	-0.1753	0.0966	0.1144	0.2879	-0.0214	-0.2716	0.1527	-0.02	0.2101	0.1554	0.1921	0.2234	-0.3169	-0.0527	-0.2782	0.1349	-0.4029	0.4636	0.0903	-0.0167	-0.2951	0.3034	0.5306	-0.255	-0.5225	-0.0213	-0.3339	0.6262	-0.3368	0.0909	0.5404	0.6868	-0.3465	-0.4113	0.6711	-0.2206	-0.3841	-0.0722	0.4902	-0.5537	0.0864	0.5985	0.2908	0.7557	0.2706	-0.528	0.2228	-0.176	0.2365	0.3758	-0.0804	-0.4285	-0.1433	-0.5897	0.7135	-0.0348	-0.3713	0.0911	0.1351	-0.3606	0.0098	0.0747	-0.2541	0.0747	0.0138	-0.4468	-0.1483	0.1779	-0.0245	0.0299	0.0029	-0.0524	0.389	0.0074	0.1817	-0.1318	0.1581	-0.4364	-0.0235	-0.0493	0.5859	0.3662	-0.3772	-0.0684	0.2779	0.0915	0.5116	-0.3368	0.2672	0.0332	0.4999	-0.1855	0.1876	-0.0912	-0.2377	0.2774	-0.0812	-0.5355	0.4063	0.1207	0.403	0.4903	-0.3352	-0.062	0.1778	-0.3007	0.1394	-0.0295	0.322	0.1245	-0.0972	-0.3605	-0.062	0.1954	0.153	-0.2863	0.1616	-0.2039	0.3985	0.0555	-0.4435	0.0149	0.1376	-0.4092	-0.1633	0.0126	0.4721	-0.3538	0.0587	-0.2163	-0.1649	-0.0849	-0.4413	0.336	0.3479	0.3695	0.7167	-0.0381	0.3675	1	0.6593	-0.0081	-0.1466	0.1108	0.0262	-0.1428	0.2538	0.528	0.1871	0.2619	0.4051	0.0119	0.3124	0.042	-0.4513	-0.182	-0.2618	0.0753	-0.0721	0.6566	0.1884	-0.2177	0.6735	0.4607	-0.0468	-0.1009	0.0983	-0.0869	0.1773	0.0468	0.1834	-0.092	0.1398	-0.1345	-0.4597	-0.5102	-0.2108	-0.1604	-0.1634	-0.3967	0.2386	-0.0196	-0.1613	0.6367	-0.4022	-0.0139	0.2152	0.2973	0.0331	-0.1607	0.0856	0.0584	0.2758	-0.1681	-0.3114	0.3006	0.5638	0.1744	0.1152	0.2934	0.2317	0.0517	-0.5001	-0.0762	-0.1186	-0.4601	-0.2528	-0.2077	0.1227	-0.0653	-0.2365	0.2349	-0.0887	-0.4078	0.3117	-0.3518	-0.5083	-0.3871	-0.2286	0.0807	-0.3912	-0.1627	-0.4218	-0.3213	0.0684	0.2558	-0.3221	0.0074	-0.2493	-0.2549	0.321	-0.2124	0.5032	-0.2595	0.0051	-0.1549	-0.1679	-0.327	0.0036	0.247	-0.1977	-0.4675	-0.1062	0.4166
Sg_M01_30	0.3235	-0.2075	-0.421	-0.403	-0.4741	-0.3285	-0.4974	-0.4834	-0.4356	-0.3856	-0.387	0.2001	0.0437	0.0611	-0.1069	-0.2036	0.0314	-0.2251	0.0469	-0.0493	0.0682	-0.3882	-0.515	-0.2196	-0.4436	0.4056	-0.286	-0.2273	0.3249	0.2821	-0.3997	0.0266	-0.5325	-0.5435	0.1016	0.2991	-0.439	0.2312	-0.326	-0.2808	-0.041	0.2325	0.6867	0.1776	-0.0155	0.0963	-0.3421	0.755	-0.1914	-0.2253	-0.3636	-0.4435	-0.2832	-0.4825	-0.3535	-0.2354	-0.5258	-0.3689	0.1854	-0.059	-0.0136	0.549	0.2631	-0.499	-0.1281	0.3782	-0.2008	0.6089	-0.4232	-0.4473	0.5079	-0.0749	0.0402	0.3517	0.298	0.4074	-0.2144	-0.4416	0.3683	0.3542	-0.0119	0.5225	-0.4858	0.1932	-0.0078	-0.1398	-0.2367	0.2207	0.0384	0.4682	-0.1457	-0.0529	-0.1327	0.0765	0.3137	0.118	0.1063	0.4339	-0.369	-0.1242	-0.0556	0.0124	-0.4728	0.5506	0.1979	-0.0215	-0.2625	0.2458	0.7123	-0.105	-0.4183	0.0743	-0.1422	0.6843	-0.2095	0.1609	0.5572	0.8069	-0.2562	-0.368	0.7985	-0.275	-0.4806	-0.0153	0.6053	-0.4903	0.1931	0.6582	0.497	0.7346	0.1682	-0.6289	0.1014	-0.4297	0.0761	0.5116	0.0021	-0.2425	-0.237	-0.6655	0.6785	0.0325	-0.5535	0.1214	-0.0391	-0.5438	-0.026	0.0429	-0.4166	0.0933	-0.0106	-0.3114	-0.1488	0.103	0.0913	0.142	-0.231	-0.1074	0.4936	0.1527	-0.0232	-0.0575	0.3187	-0.4014	0.1126	-0.0118	0.4995	0.3831	-0.1003	-0.1589	0.4117	0.1706	0.5332	-0.2159	0.1661	0.1079	0.6135	-0.2001	0.1146	0.1779	-0.2514	0.4833	-0.0901	-0.5026	0.5059	0.0971	0.616	0.2058	-0.5136	0.0116	0.3196	-0.1915	0.2485	-0.0604	0.395	0.118	-0.0089	-0.5749	-0.06	0.2472	0.1039	-0.5068	0.2147	-0.2525	0.4381	0.3061	-0.3447	-0.132	-0.0313	-0.5463	-0.141	0.0137	0.4036	-0.5557	0.0596	-0.3904	-0.4521	-0.0402	-0.5051	0.2696	0.111	0.4824	0.6349	-0.1804	0.4846	0.6593	1	-0.0147	-0.2949	0.0145	-0.0125	0.0704	0.2125	0.503	0.0958	0.2289	0.3856	0.0803	0.2954	0.0747	-0.3485	-0.1109	-0.4644	0.2779	-0.023	0.6711	0.0462	-0.1517	0.7679	0.5813	-0.1226	-0.0367	0.1561	-0.3269	0.156	-0.2653	0.1484	0.0479	0.3524	-0.2037	-0.6616	-0.3844	-0.1696	-0.3716	-0.155	-0.4935	0.4459	-0.1092	-0.0022	0.7461	-0.4334	-0.1038	0.4027	0.423	0.0068	0.0742	0.0565	-0.0583	0.1988	0.0489	-0.4408	0.5608	0.5147	0.1388	-0.0088	0.3852	0.1143	0.0379	-0.3958	0.0472	-0.1849	-0.459	-0.5234	-0.3655	0.1823	-0.1789	-0.4515	0.1568	-0.0474	-0.6343	0.5413	-0.4762	-0.3872	-0.5313	-0.1599	-0.0762	-0.3982	-0.2729	-0.2654	-0.267	0.2226	0.374	-0.246	0.1206	-0.303	-0.35	0.4585	-0.1626	0.5745	-0.4823	-0.1537	-0.4082	-0.2902	-0.0906	0.0225	0.3956	-0.2263	-0.5738	-0.1543	0.5102
Sg_M02_37	0.1183	0.057	-0.0053	-0.2913	-0.0533	-0.4789	0.0219	-0.4977	0.0519	-0.0402	0.0119	-0.072	-0.0172	0.0794	-0.3229	0.1407	-0.1313	0.2042	0	0.0345	-0.0589	-0.1599	-0.0981	-0.0867	0.0321	0.1388	-0.0804	-0.1138	-0.1439	-0.047	-0.2204	-0.2002	-0.2443	-0.0175	-0.128	-0.0603	-0.0324	0.0934	-0.0087	-0.229	-0.1115	-0.2228	0.0939	-0.1807	0.3283	-0.1815	-0.1597	-0.0298	-0.3341	-0.4333	-0.343	0.111	-0.1362	0.0537	-0.4003	-0.0956	-0.0815	-0.1739	0.0227	0.0728	0.8693	0.1513	0.1065	-0.1282	-0.1875	0.3648	-0.0191	0.0494	0.0988	-0.0688	0.2326	0.1191	0.3819	0.0525	0.2388	0.2506	0.0664	0.0335	0.3015	0.0657	-0.3134	0.0754	0.1472	0.0033	0.3412	-0.0748	0.0031	0.5749	0.1091	0.1601	-0.1326	-0.1823	-0.2562	-0.1987	-0.0905	-0.2428	-0.1786	0.053	-0.4201	-0.2186	-0.2738	-0.302	-0.1201	-0.2309	0.0137	0.0983	-0.3366	0.2777	-0.1424	-0.114	-0.3062	0.2464	-0.2668	0.0894	-0.3611	0.1045	-0.2195	0.0417	-0.3188	-0.4389	0.0579	-0.0228	0.0022	0.0363	0.0673	-0.0031	0.0423	0.0597	0.0243	0.0361	-0.2526	-0.1314	0.095	0.4001	-0.2017	0.0727	0.0599	-0.3771	0.0912	-0.1088	0.0325	0.6894	0.0401	0.0481	-0.0434	0.0489	0.8986	0.3228	0.0797	-0.0304	0.8409	-0.4332	0.7486	-0.1727	-0.0347	-0.3402	-0.2754	0.0426	0.072	0.0737	-0.1087	0.0356	0.0012	-0.2509	0.1416	0.2041	0.0598	0.2187	-0.175	-0.1943	0.1947	0.0155	0.0495	-0.4484	-0.1807	0.6854	-0.0118	-0.2555	-0.0539	-0.0497	-0.2551	-0.0428	0.3718	-0.1643	0.1308	-0.2587	0.0486	-0.0713	-0.0457	0.0085	0.1617	-0.1116	0.0092	0.8364	-0.008	-0.1321	0.8868	-0.0003	0.0616	0.1266	0.2786	0.1349	-0.0829	-0.0273	0.3275	-0.2594	-0.0381	-0.4471	-0.0656	-0.1873	0.2456	-0.0672	-0.0662	0.1905	0.0093	0.2606	0.1096	-0.3357	-0.2591	0.1178	-0.1115	-0.0615	-0.0423	-0.1988	0.2306	-0.0081	-0.0147	1	0.1452	0.3313	-0.0955	0.0747	-0.3306	-0.2177	0.0824	0.0062	0.2203	0.0759	-0.1792	-0.0057	-0.4282	-0.4322	0.2818	0.4154	-0.1714	-0.0044	-0.1918	-0.3773	0.0842	-0.0291	-0.1312	-0.0435	0.0085	-0.1759	-0.0951	-0.2312	-0.2802	-0.0942	-0.1803	0.2573	0.0449	0.0265	-0.0478	0.1679	0.7597	0.1677	-0.124	-0.2269	-0.4248	-0.0041	-0.2473	-0.241	0.2441	0.0251	-0.0146	0.1012	0.8743	0.0879	-0.1674	-0.2062	-0.1003	-0.2023	0.0373	0.0759	0.5023	-0.0214	0.0615	-0.0537	-0.2946	0.492	0.253	-0.1033	-0.035	-0.0235	0.1103	0.344	0.0991	-0.4127	0.8806	0.0381	0.0519	-0.0055	-0.2492	-0.0899	-0.0853	-0.1767	0.2587	0.0454	0.4293	-0.4153	0.0898	0.2732	-0.0761	0.0204	-0.3518	-0.1411	0.103	-0.2371	-0.0054	0.1437	-0.3889	-0.265	0.3046	-0.2579	0.9221	0.1949	-0.3073	-0.1804	-0.2512	-0.0178
Sg_M02_5	-0.4445	0.4119	0.3217	0.1225	0.0527	-0.0462	0.0784	0.0005	0.5317	0.2599	0.3493	-0.3897	-0.0824	0.3793	-0.2641	0.1049	-0.0677	0.4006	-0.1223	0.001	0.1063	0.1983	0.2578	0.3773	0.1812	-0.0612	0.3067	-0.0536	-0.4057	-0.3239	0.1479	-0.1285	0.1058	0.4274	0.1678	-0.3996	0.5667	-0.3702	0.3194	-0.1629	-0.1555	-0.129	-0.2313	0.1127	0.2201	-0.2702	-0.0479	-0.2088	-0.1241	-0.1047	0.0781	0.3086	-0.0807	0.3344	-0.0614	0.4008	0.2693	0.0968	0.1769	0.2997	0.0349	-0.1126	-0.2024	-0.0147	-0.0829	-0.1134	0.3666	-0.0501	0.34	0.4797	-0.0594	0.0062	0.3979	-0.1982	-0.1702	0.014	0.4754	0.3806	-0.12	-0.1739	-0.2627	-0.0344	0.6078	-0.0412	-0.0828	0.1305	0.1966	-0.1307	0.0467	-0.192	0.1478	-0.3221	0.2905	-0.4329	-0.3534	-0.3834	0.2433	-0.1884	-0.1122	-0.2834	-0.2237	-0.0877	0.1847	-0.2403	-0.334	-0.0063	-0.2549	-0.1012	-0.3481	-0.2647	-0.1351	-0.2619	0.0075	-0.1644	-0.126	-0.357	-0.0597	-0.2605	-0.1486	-0.0836	-0.2941	0.3508	0.3707	-0.1275	-0.2421	0.1813	-0.0817	-0.2667	-0.1556	-0.22	0.115	0.4761	-0.1459	0.4868	0.3429	-0.2345	-0.1232	-0.0967	0.4529	0.2241	-0.1686	-0.1347	0.4711	-0.1439	0.119	0.3915	0.0117	0.0696	0.0412	-0.1025	-0.0399	-0.1438	0.0425	0.1528	-0.3323	-0.4072	0.1343	0.0394	-0.0906	-0.2194	0.3219	-0.2242	-0.2931	0.144	-0.2949	0.067	-0.0935	-0.0927	-0.2104	0.2953	-0.0554	-0.193	-0.3048	-0.1838	0.0418	-0.1922	-0.3312	-0.0718	-0.2169	-0.4765	0.0154	-0.2924	-0.1023	0.1944	0.032	-0.188	-0.376	0.0551	0.4835	-0.1479	-0.0758	-0.0218	-0.3828	0.0176	-0.3554	0.1208	-0.0217	0.2172	-0.0837	-0.3434	0.1002	0.5763	-0.0569	0.2456	-0.1671	-0.3984	0.014	0.1449	0.2992	0.4168	0.1798	-0.136	-0.106	0.5581	-0.1262	0.4101	0.5094	-0.1392	0.2201	0.1578	0.2054	-0.2609	-0.3258	0.3925	-0.0452	-0.1466	-0.2949	0.1452	1	0.5111	0.246	-0.1486	-0.0021	-0.2641	-0.2999	-0.2717	-0.1235	-0.1822	-0.1352	0.1261	-0.0714	-0.1356	0.5855	-0.1198	-0.2541	-0.1391	0.124	-0.1242	-0.009	-0.3282	0.3491	-0.0363	-0.3119	0.233	0.0143	0.2701	0.1233	0.2085	-0.1397	0.2882	0.5783	0.0897	0.1517	0.4743	0.0521	0.5047	-0.1236	0.206	-0.2509	-0.3115	0.4434	0.1399	-0.0666	-0.1378	-0.103	-0.2764	-0.0711	0.2803	-0.27	-0.4157	0.2883	-0.3205	-0.0613	-0.2549	0.3208	-0.0903	-0.1359	-0.0919	-0.0537	-0.0311	0.4613	0.3086	0.2366	0.493	-0.3025	0.503	0.429	-0.0404	0.0026	0.5492	-0.2217	0.5695	0.0198	0.4198	-0.096	0.1717	0.2452	0.5075	0.1277	-0.0219	-0.2118	-0.1999	0.1158	-0.3043	-0.0338	0.2893	-0.4205	-0.2888	-0.1291	0.6248	0.3001	0.429	0.4768	-0.3239	-0.0027	-0.1147	-0.0407	0.2572	0.0131	-0.2742
Sg_M02_8	-0.2634	0.6106	0.1562	-0.0482	-0.2028	-0.3945	0.0003	-0.392	0.5206	0.0613	0.2354	-0.1616	-0.105	0.4677	-0.423	0.2035	0.0688	0.3395	-0.214	0.0021	0.2287	-0.0397	-0.1627	0.1372	0.0897	0.2425	0.0067	-0.2635	-0.3106	-0.1513	-0.2697	-0.1813	-0.2313	0.3864	0.1947	-0.2179	0.4844	0.0168	-0.0799	-0.2652	-0.1158	-0.1539	0.1323	0.2368	0.433	-0.3251	-0.3963	-0.0223	-0.436	-0.3555	-0.1656	0.0831	-0.2844	0.2348	-0.3077	0.2175	-0.1758	-0.2484	0.1167	0.3002	0.2117	0.0619	-0.0364	-0.2541	-0.3043	-0.1335	0.1469	0.2152	0.0252	0.217	0.3064	-0.0481	0.6254	0.0064	0.2896	0.4295	0.2822	0.3111	0.2599	-0.1916	-0.4816	0.0371	0.4091	0.0109	0.0878	-0.2459	-0.0812	0.203	0.0518	-0.0242	-0.0001	-0.4262	0.2853	-0.5221	-0.1881	-0.328	0.0206	-0.0811	-0.3107	-0.372	-0.448	-0.1327	-0.0309	-0.0644	-0.0436	-0.0531	-0.6138	0.1464	-0.2659	-0.3256	-0.425	-0.1964	-0.1629	0.0658	-0.4913	-0.0437	-0.0627	0.0404	-0.2719	-0.3288	-0.0612	0.1188	0.2735	-0.2027	-0.1447	-0.1423	-0.1718	-0.1105	0.0695	0.033	0.0855	0.1168	-0.1147	0.465	0.317	0.1236	-0.1063	-0.259	0.3912	-0.2592	0.0562	0.0901	0.422	-0.142	0.0693	0.1186	0.2436	0.1913	-0.0869	-0.1439	0.2	-0.4136	0.2145	0.0352	-0.2317	-0.4575	-0.0081	-0.1418	0.3581	-0.0229	0.0685	-0.43	-0.19	-0.1876	-0.1363	0.0372	0.1543	0.0019	-0.4297	0.1798	0.3747	-0.1999	0.0316	-0.492	-0.0851	0.0585	-0.1469	-0.2039	-0.1838	-0.3948	-0.3249	-0.0209	-0.0984	-0.2247	0.3231	-0.2462	-0.2816	0.3012	0.2178	-0.2968	0.1435	-0.1834	-0.2226	0.2974	-0.2731	0.0939	0.2177	-0.1112	-0.2124	-0.0002	0.1999	0.5098	0.2607	0.0344	0.2229	-0.4301	0.0355	-0.014	0.3779	0.0694	0.197	-0.2647	-0.0669	0.5182	-0.1405	0.3305	0.5564	-0.3127	-0.0616	0.274	0.1802	-0.1371	-0.1446	0.2663	0.3168	0.1108	0.0145	0.3313	0.5111	1	0.0637	-0.1267	-0.0002	-0.0976	-0.1515	-0.2125	0.2696	-0.2814	-0.1155	0.3934	-0.3879	-0.2301	0.5022	0.2289	-0.2229	0.1102	0.0195	-0.2847	0.1158	-0.2182	0.3001	0.203	-0.0344	0.3614	0.0924	0.0753	0.1079	0.0889	-0.0752	0.3911	0.4107	-0.0866	0.0145	0.3178	0.117	0.2413	0.1989	0.1593	-0.3371	-0.1674	0.0724	0.0514	0.3258	0.2484	-0.1699	-0.1134	0.1769	0.1892	-0.2146	-0.352	0.1163	-0.1853	0.0977	0.0793	0.569	0.1982	-0.1934	-0.1912	-0.4054	0.1628	0.4214	0.1051	0.0031	0.2458	0.0047	0.5634	0.4691	0.0638	0.2454	0.4119	0.1271	0.4259	-0.3925	0.2058	-0.3863	0.177	0.1548	0.6075	0.2045	-0.2776	-0.0363	-0.155	-0.0024	-0.2595	-0.2353	-0.0079	-0.1389	-0.2949	-0.0669	0.4744	0.1142	0.1724	0.406	-0.4459	0.2239	0.3139	-0.1728	-0.1467	-0.1278	-0.126
Sg_M03_37	-0.148	0.182	0.0589	-0.0468	-0.068	-0.189	0.1681	-0.2176	0.0895	0.1792	0.1773	-0.1179	0.3229	0.1993	-0.2287	-0.0354	-0.0113	0.131	0.1722	0.1824	0.2245	0.0424	-0.0103	0.5457	-0.0061	0.0311	0.2184	-0.3275	-0.1271	0.0208	-0.0275	-0.1252	0.0992	0.3201	0.2677	-0.1136	0.1639	-0.0004	0.4062	-0.1987	-0.1373	-0.1	-0.0464	0.1947	0.2736	-0.2837	-0.3512	-0.0646	-0.1941	-0.1977	-0.2584	0.2717	-0.1359	0.2304	-0.2959	0.3332	0.0741	-0.0909	0.2659	0.2699	-0.0557	-0.0635	0.1185	-0.02	0.035	0.0848	0.3177	0.0358	0.2103	0.152	0.0284	0.1134	0.1729	-0.0738	-0.1213	0.0355	-0.027	0.3972	-0.1022	0.0056	-0.1995	-0.0118	0.1992	-0.0297	-0.244	0.0915	0.2649	-0.143	-0.0201	-0.0472	0.0426	-0.2371	0.2779	-0.42	0.127	-0.3333	0.2537	-0.2854	-0.3405	-0.1957	-0.2843	-0.2676	-0.1967	-0.0428	-0.0239	0.2137	-0.2316	-0.1448	-0.3184	-0.2419	-0.2381	-0.1403	-0.1018	0.0701	-0.2628	-0.0825	0.0204	-0.0282	-0.1111	-0.3557	0.0013	0.3516	0.3601	0.1149	-0.2631	0.0599	-0.1563	-0.0776	-0.0309	-0.012	0.2353	0.1317	0.1138	0.2363	0.1844	-0.214	0.0102	-0.3007	0.1013	0.0256	-0.0305	-0.2646	0.2173	0.0941	0.0913	0.2626	-0.1591	0.2552	0.2534	0.1628	-0.1294	-0.168	-0.1871	0.1109	-0.4211	-0.2994	-0.0786	0.2365	0.0599	-0.1313	0.1592	0.0822	0.0553	-0.0206	-0.5718	0.1801	-0.0335	-0.0416	-0.3791	0.1143	0.0026	0.1039	-0.1326	-0.2238	-0.0176	-0.2443	-0.1594	-0.228	-0.2658	-0.2874	0.0299	-0.2463	-0.1763	-0.0003	0.1908	-0.0482	-0.1112	0.0177	0.1192	0.1915	0.0122	-0.1936	-0.4471	-0.1222	-0.2325	0.1625	-0.1944	0.0362	0.1028	0.0489	0.3597	0.2597	0.1472	0.3516	-0.1162	-0.4158	0.1106	0.2463	0.1415	0.0487	0.0182	-0.0363	-0.1213	0.2354	0.065	0.0889	0.1373	-0.2827	0.0193	0.1375	0.2307	-0.2706	-0.1604	0.3476	0.1375	0.0262	-0.0125	-0.0955	0.246	0.0637	1	-0.0346	0.2034	-0.1737	-0.4287	-0.132	-0.1184	0.1409	-0.0301	0.0323	-0.157	-0.3916	0.3523	-0.0681	-0.0161	-0.0175	0.0967	-0.3686	0.0737	-0.2165	0.1464	0.1027	0.0855	-0.0509	0.0776	0.0908	0.3339	0.3456	0.2627	0.0137	0.2055	-0.0532	-0.1669	0.1784	-0.13	0.2517	0.025	0.2813	-0.2675	-0.0734	0.1546	0.2044	-0.1812	0.0084	0.121	-0.1147	-0.1521	0.2436	-0.0387	-0.2658	-0.0228	-0.1224	0.1212	0.0512	0.0591	-0.0481	-0.0617	0.2318	-0.3142	-0.2515	0.1147	0.0729	0.1147	-0.0572	-0.0042	0.1726	0.1388	0.2865	-0.1132	0.0802	-0.2333	0.1222	0.0081	0.1252	-0.0051	-0.0543	-0.1373	0.1585	-0.1149	-0.2087	-0.0556	-0.4106	-0.0755	-0.2582	-0.1405	0.1775	-0.3699	-0.3668	0.1236	0.306	0.2949	0.1038	0.2467	-0.3921	-0.1185	-0.0636	-0.3548	0.0363	0.0118	-0.2155
Sg_M03_38	0.2258	-0.222	-0.1702	-0.3867	-0.2056	-0.0066	-0.1	-0.1055	-0.1268	0.096	-0.0351	0.6623	0.1751	-0.023	0.3228	0.1153	-0.22	-0.3044	0.2717	0.2587	-0.1399	-0.29	-0.3054	0.2184	-0.5375	-0.397	-0.0383	-0.2481	0.4366	0.6793	-0.3087	-0.1482	-0.2216	-0.3434	-0.2505	0.5767	-0.2566	0.5607	0.0816	-0.2033	0.2267	-0.1426	0.0973	-0.0525	-0.1842	0.0848	-0.1507	0.043	0.0937	-0.0564	-0.2472	-0.0671	-0.3349	0.0319	-0.0169	-0.1177	-0.2794	-0.0574	-0.0888	0.0037	0.2356	0.3352	0.1335	-0.1743	0.3105	0.019	0.0221	-0.2088	-0.1477	-0.243	0.2147	0.1637	-0.1228	0.0342	0.0173	0.2223	-0.1804	-0.0367	0.0774	-0.0841	-0.0028	-0.1476	-0.2976	-0.3562	0.0261	-0.3311	-0.0322	-0.0963	-0.2223	0.1155	-0.376	0.0614	-0.3606	0.0098	0.4729	-0.0384	-0.2219	-0.257	-0.2004	0.0309	-0.0519	-0.2068	-0.4111	-0.226	0.6857	0.2499	-0.0536	-0.3666	-0.0096	0.3417	-0.1399	0.2246	0.2497	0.0302	0.178	0.4858	-0.1999	-0.0005	-0.0194	0.0243	-0.0432	-0.0808	-0.0267	0.1807	-0.1175	0.0737	0.12	0.0311	-0.1597	-0.0585	-0.0577	-0.3912	0.1521	-0.1042	-0.4537	0.101	0.2763	0.1157	-0.2035	-0.2469	-0.024	0.0717	-0.2499	0.2431	-0.3046	0.0682	0.08	0.2213	-0.0523	0.2977	0.2022	0.0289	-0.0508	-0.0554	-0.1466	0.1268	-0.3613	0.2964	-0.1213	0.6535	-0.0532	0.1405	0.2737	-0.1263	-0.0659	0.1608	-0.0659	0.1136	0.1574	-0.2882	0.1354	0.2479	-0.0104	0.0104	-0.2007	0.1465	0.0493	-0.0007	-0.3251	0.3884	-0.1942	0.0511	-0.2959	-0.023	0.1802	-0.0498	0.1048	-0.0974	-0.2851	0.1809	0.2036	-0.211	0.1077	0.0584	-0.0815	-0.0536	0.0558	-0.3076	0.2497	0.6178	0.1388	-0.3353	-0.0054	0.0443	0.0906	0.0098	0.3877	-0.2488	-0.3788	-0.2491	0.0711	0.3208	-0.3116	-0.2837	0.2472	-0.3367	-0.4615	-0.0898	-0.3713	-0.1786	-0.1662	0.0482	0.0098	-0.1944	0.2218	-0.1428	0.0704	0.0747	-0.1486	-0.1267	-0.0346	1	-0.1019	-0.0321	-0.1019	0.121	-0.1554	0.1775	-0.4263	-0.2401	-0.0406	-0.2075	-0.167	0.1082	0.2268	0.0313	0.0229	-0.1039	-0.0398	0.1548	-0.3092	0.4389	0.6371	-0.3612	-0.1037	-0.3829	-0.0965	-0.1298	0.52	-0.1301	-0.2918	-0.0139	-0.2652	-0.1207	0.0336	-0.0261	0.1782	-0.3508	-0.0712	0.0655	-0.2495	-0.1391	-0.1186	0.0653	0.2045	0.4326	0.0909	-0.1731	-0.1072	0.1162	-0.4276	-0.0952	0.2094	0.4727	-0.1272	-0.1806	-0.1754	0.0674	-0.189	-0.0012	-0.2289	-0.3648	-0.1345	-0.3737	0.64	-0.2204	-0.3142	-0.0415	0.0307	-0.3418	0.1214	-0.1991	0.1249	-0.3914	-0.0258	-0.2507	-0.1988	-0.2991	-0.0301	0.0591	0.7363	-0.1376	-0.3041	-0.3017	-0.2145	-0.1638	0.0466	-0.0851	-0.0386	-0.3047	-0.1915	-0.1599	0.0025	0.203	0.126	0.1959	0	-0.2945	-0.371	-0.0554
Sg_M07_23	0.0398	0.0039	-0.0871	-0.0311	-0.175	-0.1227	-0.1113	-0.03	-0.0375	-0.1644	-0.0425	0.0248	-0.1493	-0.0467	-0.1311	-0.0552	0.171	-0.1789	-0.168	-0.1656	0.2616	-0.1778	-0.2577	-0.1306	0.1222	0.2666	-0.1479	-0.1889	0.1801	0.1624	-0.0795	-0.0157	-0.1845	-0.0001	0.2391	0.0884	-0.0409	0.0243	-0.1061	-0.201	-0.1658	0.1772	0.2217	0.2417	0.0996	-0.1589	-0.221	0.1594	-0.1271	0.0676	-0.0252	-0.0722	-0.0346	-0.1292	-0.0161	0.0185	-0.1882	-0.2004	0.1847	0.1009	-0.2705	0.1657	0.0448	-0.2989	-0.2168	0.0061	0.2778	0.166	-0.2669	0.0334	0.1843	-0.2735	0.0226	0.0773	0.2348	0.1862	-0.0421	0.0131	0.1779	0.0444	-0.0044	0.1142	-0.0462	0.1634	-0.0017	0.0125	-0.1747	-0.0945	-0.0184	-0.1034	0.1288	-0.0007	0.2554	-0.1385	0.0504	0.0963	0.0945	0.1304	0.0132	-0.1331	0.1016	0.0893	-0.0899	0.21	-0.0269	-0.1966	0.0187	0.1138	0.1852	-0.0819	-0.1114	-0.1159	-0.0945	0.2784	-0.1319	-0.0602	0.1935	0.2193	0.1022	0.0108	0.1888	0.2411	0.0323	-0.1846	0.1602	-0.3683	-0.0426	0.1454	0.1675	0.2186	0.8093	-0.0365	0.0273	-0.2653	0.2526	0.2245	-0.2459	-0.021	-0.1439	-0.2838	0.2798	-0.2977	-0.0888	-0.139	0.171	-0.1715	-0.2873	-0.1327	-0.2916	-0.1357	-0.3766	-0.0841	-0.3578	0.0245	0.0715	0.2081	0.0007	-0.1606	0.4003	0.1427	0.1983	-0.2278	0.0488	-0.0451	-0.1553	-0.2121	-0.0302	-0.0551	-0.2087	0.153	0.2636	-0.1539	0.2386	0.0115	0.4043	-0.148	0.1204	0.0367	0.0206	-0.18	-0.0583	0.0647	-0.1445	-0.2252	0.3259	-0.0416	-0.1336	0.1628	-0.2048	-0.15	0.2017	-0.1367	-0.0407	-0.4041	0.0406	0.3594	-0.3496	-0.2489	-0.2272	-0.0132	-0.0786	-0.0398	0.2069	0.0999	0.1002	-0.0422	-0.0317	0.6295	0.2541	0.0171	-0.0881	-0.2818	0.0679	-0.0997	-0.1148	-0.1127	0.0767	-0.0047	-0.184	0.3525	0.5219	0.2031	0.1259	0.2936	0.2331	0.2538	0.2125	-0.3306	-0.0021	-0.0002	0.2034	-0.1019	1	0.3014	-0.0951	-0.2534	0.2685	-0.224	0.1991	0.206	-0.0792	0.1057	-0.1529	0.1037	0.1711	0.3155	0.3948	0.0445	0.1443	-0.0445	0.2179	-0.0706	-0.0064	0.0409	0.2572	0.006	0.3536	0.0382	0.089	-0.1259	-0.0958	-0.209	-0.0377	-0.1283	-0.4483	-0.1677	0.4522	0.218	0.0639	0.0378	-0.1704	0.3119	0.0593	0.2569	-0.1597	-0.1315	-0.2768	0.0428	0.3938	-0.002	-0.0182	0.1867	0.2454	-0.066	-0.1174	0.2199	0.0325	-0.1813	-0.0878	-0.2101	0.1928	-0.1423	-0.0621	-0.0748	0.0079	-0.0365	-0.069	0.5831	-0.3345	-0.1454	0.031	-0.2255	-0.2825	-0.1028	-0.1383	0.207	-0.3359	-0.089	-0.2176	0.0102	-0.0602	-0.1717	-0.0013	0.0865	0.0903	0.0726	0.1168	-0.0465	0.1065	-0.0223	0.4859	0.0905	-0.0957	-0.0732	-0.3344	0.0081	0.0174	-0.14	0.158	0.1189
Sg_M07_27	0.2195	-0.1655	-0.1487	-0.1022	-0.0956	-0.1901	-0.3184	-0.2304	-0.3558	-0.2636	-0.3023	0.1199	-0.2128	-0.0415	-0.1003	-0.3071	0.121	-0.1625	-0.2455	-0.334	0.1249	-0.3697	-0.3473	-0.29	-0.1672	0.2733	-0.3786	-0.1228	0.178	0.2463	-0.2537	0.1626	-0.3412	-0.3256	0.0483	0.1687	-0.1738	0.1009	-0.308	-0.1675	0.0582	0.4366	0.4378	0.2286	-0.1064	0.0781	-0.184	0.534	-0.0856	0.0892	-0.0378	-0.3315	-0.193	-0.3837	-0.1813	-0.1769	-0.2239	-0.2585	0.0268	-0.1351	-0.1637	0.3344	0.1611	-0.2253	-0.1844	0.1795	-0.042	0.3528	-0.4466	-0.2009	0.3035	-0.2595	-0.1192	0.2936	0.2754	0.0837	0.1358	-0.2612	0.3063	0.3948	0.0269	0.3092	-0.2596	0.4066	0.1173	-0.0747	-0.2738	-0.1067	0.0875	0.1647	-0.1759	0.0377	-0.0525	0.138	0.1749	0.1145	0.0713	0.4662	-0.0601	-0.0542	0.0685	0.1941	-0.1771	0.5196	0.0695	-0.3178	0.0048	0.2724	0.5914	-0.1165	-0.1976	0.0434	-0.1344	0.4778	-0.0572	0.0263	0.4204	0.543	-0.3086	-0.1354	0.6002	-0.1017	-0.2775	-0.2791	0.4385	-0.506	0.2919	0.4655	0.2195	0.6708	0.1521	-0.3903	0.3098	-0.3475	0.1703	0.4181	-0.2501	-0.1661	-0.1666	-0.377	0.4575	-0.1059	-0.3865	-0.1295	0.1371	-0.3676	-0.1363	-0.1242	-0.1869	-0.1844	-0.1689	-0.2577	-0.169	-0.054	0.2157	0.0409	0.0699	-0.3152	0.3443	0.1273	0.0511	-0.2098	0.073	-0.0644	0.0088	-0.2033	0.3061	0.271	-0.1344	0.0446	0.2343	-0.136	0.4683	-0.0582	0.2742	-0.0065	0.4243	0.0947	0.1109	0.059	-0.1455	0.3111	0.0765	-0.3194	0.2339	0.0928	0.2771	0.379	-0.4089	-0.244	0.1703	-0.2303	0.2932	-0.2339	0.3655	0.1918	-0.222	-0.1647	-0.26	0.0694	-0.1591	-0.3197	0.2931	-0.1438	0.3	0.3493	-0.3182	-0.0572	0.1008	-0.2627	-0.2004	-0.1145	0.397	-0.3665	-0.1822	-0.2248	-0.1683	0.0653	-0.3012	0.2155	0.1899	0.5519	0.5217	-0.0798	0.1831	0.528	0.503	-0.2177	-0.2641	-0.0976	-0.1737	-0.0321	0.3014	1	0.2625	0.0504	0.3147	-0.2011	0.4438	-0.0486	-0.2696	0.1127	-0.2789	0.1707	-0.0118	0.4084	0.1615	-0.0043	0.4129	0.3118	-0.1187	-0.1581	0.0551	-0.1312	0.3695	-0.1443	0.1387	-0.2038	0.1279	-0.3177	-0.3834	-0.2211	-0.022	-0.2064	-0.2526	-0.4498	0.2823	0.078	0.0337	0.4455	-0.2237	0.0928	0.2277	0.2553	-0.2228	-0.1028	-0.1133	-0.0115	0.4034	0.0549	-0.2436	0.4564	0.3796	-0.002	0	0.4551	0.1945	-0.2028	-0.1938	-0.0585	-0.024	-0.4779	-0.1859	0.0085	0.0713	-0.2154	-0.2711	0.2366	-0.2361	-0.3513	0.2911	-0.2915	-0.4243	-0.2587	-0.083	0.1759	-0.3631	-0.2653	-0.4767	-0.1612	0.154	0.2169	-0.184	0.2007	-0.071	-0.281	0.3124	0.0735	0.3952	-0.2785	-0.0359	-0.3155	-0.1837	-0.1459	-0.1486	0.2281	-0.0863	-0.213	-0.0541	0.3453
Sg_M07_39	0.1616	-0.2135	-0.2256	0.02	0.0884	-0.0336	-0.2195	-0.0526	-0.0874	-0.3482	-0.2874	0.0525	-0.2319	-0.1732	0.1327	-0.2751	-0.0758	-0.2691	-0.0749	-0.2217	-0.146	-0.1509	-0.0682	-0.5661	-0.013	0.1057	-0.2297	0.1316	0.0664	-0.0452	-0.1857	0.1421	-0.218	-0.2779	-0.2922	0.0987	-0.3257	0.0879	-0.3561	0.1899	0.1771	0.2524	0.2443	-0.0003	-0.1367	0.311	0.0588	0.1874	0.0347	0.0889	0.0937	-0.3672	0.1773	-0.4149	0.0872	-0.4264	-0.0667	-0.1962	-0.0947	-0.3859	0.0991	0.2318	0.0661	-0.0162	-0.0352	0.1985	-0.2791	0.0451	-0.2758	-0.3288	0.2201	-0.1379	-0.1157	0.1584	0.3433	0.0834	-0.0988	-0.5113	0.2439	0.1449	0.3525	-0.0848	-0.3007	0.1353	0.4294	-0.004	-0.3013	0.1797	-0.0034	-0.0011	-0.1395	0.1824	-0.2405	0.4158	0.0036	0.3694	-0.2653	0.261	0.1246	0.3863	0.2775	0.2863	0.0418	0.1253	-0.0121	-0.2289	0.2897	0.3321	0.1996	0.0524	0.0787	0.2553	-0.2525	0.1879	0.0755	0.1258	0.0698	0.2007	-0.1047	0.1533	0.2897	-0.3051	-0.534	-0.061	0.2252	-0.2617	-0.0037	0.2816	0.0795	0.2305	-0.0855	-0.3107	0.2001	-0.1988	-0.1934	0.3392	-0.0126	-0.0261	-0.2038	-0.1705	0.1817	0.3159	-0.244	-0.0387	0.0804	-0.4584	0.2025	-0.1998	-0.2318	-0.1078	0.1678	-0.0091	0.2198	-0.0345	0.4869	0.4413	0.04	-0.185	0.1077	-0.1124	0.1287	-0.0093	0.0071	-0.1241	0.5946	-0.3531	0.0926	0.2324	0.1755	-0.2782	0.0782	-0.0526	0.3556	0.1298	0.057	0.1353	0.3082	0.0073	0.6314	0.216	0.0126	0.2418	0.2445	-0.1109	0.0635	0.1734	0.2503	0.1062	-0.2152	-0.1025	0.163	0.0456	0.5578	0.1992	0.294	-0.0597	0.1568	-0.1204	-0.1085	0.026	-0.2982	-0.3115	-0.0243	-0.3046	0.2148	0.3655	-0.2564	-0.2481	-0.0022	-0.2635	-0.1276	0.0572	0.0791	-0.3009	-0.0449	-0.0738	-0.1936	0.188	-0.089	0.2105	-0.1223	0.0686	0.2264	-0.5077	0.1155	0.1871	0.0958	0.0824	-0.2999	-0.1515	-0.4287	-0.1019	-0.0951	0.2625	1	0.2113	0.2163	-0.1386	0.2671	-0.1859	-0.0036	0.2773	-0.2344	0.1053	-0.2108	0.238	0.0456	0.2045	0.0931	0.3175	-0.2479	-0.255	0.0193	-0.1119	0.0412	-0.1232	-0.2023	-0.1841	-0.1814	-0.2133	-0.3327	-0.2132	0.2005	-0.2473	0.2434	-0.2741	0.0067	-0.1323	0.1535	0.1863	-0.2981	-0.2532	0.1484	0.2059	-0.0838	-0.2114	0.2497	0.0741	0.213	0.0829	-0.1662	0.1828	0.1773	0.0819	0.0697	0.1	0.202	-0.17	0.0744	0.1532	-0.1943	-0.2035	-0.0483	-0.106	0.0112	-0.2895	-0.2088	-0.2022	0.1272	-0.267	0.2265	-0.2702	-0.1374	-0.2804	-0.0645	-0.0239	-0.0572	-0.2179	-0.145	0.0017	-0.0468	0.4637	-0.1143	0.3237	0.1161	-0.1633	0.5325	0.311	-0.0021	-0.3531	-0.3633	-0.236	-0.1663	0.2517	0.1717	0.126	0.1431	-0.2172	0.0117	0.4049
Sg_M07_4	0.1523	-0.2006	-0.1637	-0.2488	-0.2612	0.0481	-0.1969	-0.0284	-0.0737	-0.2206	-0.3829	0.1995	-0.1254	0.0115	0.1085	0.0883	-0.0229	-0.1914	-0.0745	-0.0631	0.0223	-0.0939	-0.1106	-0.2097	-0.2474	-0.0584	-0.0797	0.0006	0.4456	0.1797	-0.15	0.0132	-0.1018	-0.4593	-0.0648	0.2964	-0.2931	0.1686	-0.0063	0.2869	0.1572	0.1008	0.1965	-0.0559	-0.2761	0.3431	0.0664	0.1526	0.1944	0.0655	0.1029	-0.0736	0.1299	-0.2798	0.103	-0.1508	-0.2052	-0.2937	0.0768	-0.0465	0.1175	0.3095	0.2539	0.0318	-0.1254	0.3556	-0.2765	0.1637	-0.1371	-0.3379	0.0069	-0.0713	-0.18	0.2085	-0.0283	0.0243	-0.0268	-0.3282	-0.1464	0.2732	0.2767	0.1829	-0.352	-0.1248	-0.0414	0.1015	-0.0467	-0.133	0.152	-0.0571	-0.297	-0.0502	-0.041	0.4574	0.2431	0.3857	-0.049	-0.0277	0.0599	0.2814	0.0238	0.1921	-0.1824	-0.0018	0.2637	-0.1156	0.0359	-0.1422	0.2493	0.2384	-0.0494	0.1038	0.1342	0.1711	0.2804	0.1766	0.1809	0.2314	0.0124	0.0869	0.2389	-0.2803	-0.3627	-0.1892	0.0225	-0.1217	0.0209	0.2454	-0.1007	0.1546	-0.1876	-0.3093	0.0969	-0.2872	-0.2026	0.0693	-0.1796	0.0914	-0.2684	-0.1727	0.3284	0.0892	-0.2285	-0.0202	-0.1563	-0.2747	-0.0339	0.1119	-0.1432	0.0323	0.0819	0.2233	-0.0776	0.0035	0.0831	0.3519	-0.0325	-0.144	-0.1471	0.0165	0.0191	-0.1816	-0.0457	-0.2116	0.2035	0.2143	0.3774	0.0436	0.1582	-0.228	-0.1204	-0.0568	0.0954	0.1359	-0.3011	0.0627	0.2978	-0.1355	0.2517	0.3009	-0.0043	0.0456	0.005	-0.0551	-0.0431	0.4799	0.2751	0.1112	-0.2057	-0.1624	-0.0458	-0.133	0.1765	0.0084	0.1937	-0.0923	0.0203	-0.1731	-0.1429	0.1388	0.1112	-0.352	-0.1369	-0.1421	-0.057	0.3097	-0.1488	-0.3494	-0.2724	-0.2853	0.1398	-0.022	0.0904	-0.3664	-0.0514	-0.1998	-0.3783	0.2601	-0.2133	-0.0014	-0.3227	-0.0046	0.3859	-0.4722	0.041	0.2619	0.2289	0.0062	-0.2717	-0.2125	-0.132	0.121	-0.2534	0.0504	0.2113	1	0.0089	-0.0974	-0.0251	-0.0462	0.1854	0.1649	-0.2315	-0.1505	0.015	0.0929	-0.0261	0.2765	0.1863	0.4652	-0.0475	0.0384	0.2186	-0.1452	-0.0831	0.0516	-0.1503	-0.2459	0.2047	0.0592	-0.3659	-0.188	-0.198	-0.1382	-0.0444	-0.3313	-0.0468	-0.1741	0.265	0.3521	-0.2015	-0.0436	0.0067	0.0249	-0.0889	0.0444	0.0566	-0.0068	-0.0378	0.3413	-0.1234	0.0497	0.2004	0.1583	-0.0896	-0.1404	0.1554	-0.1477	0.0092	-0.1648	-0.199	-0.2146	-0.093	-0.0795	0.1661	-0.2467	-0.3605	-0.1766	0.0179	-0.3269	0.1596	-0.1433	-0.1524	-0.369	-0.1491	0.0259	-0.1735	-0.0564	-0.0828	0.171	0.1516	0.1801	-0.2504	-0.2433	0.0537	0.1131	0.1629	0.1865	0.2697	-0.4076	-0.1874	-0.2066	-0.3277	0.2373	0.0428	-0.0469	0.2113	-0.2524	-0.0991	0.3423
Sg_M08_36	0.293	0.1095	-0.2663	-0.0539	-0.1016	-0.444	-0.3149	-0.4063	0.0155	-0.1467	-0.0564	-0.0398	-0.2835	0.006	-0.1937	-0.0426	-0.0315	-0.0481	-0.3795	-0.2627	0.2387	-0.1506	-0.3099	-0.2771	0.0663	0.5287	-0.302	-0.0877	0.0798	0.0957	-0.3317	-0.0873	-0.3877	-0.1089	0.1433	0.0596	-0.1212	0.1336	-0.2697	-0.2526	-0.0366	0.0609	0.4734	0.0953	0.1701	-0.0248	-0.2802	0.3518	-0.34	-0.2362	-0.3241	-0.2765	-0.1133	-0.1758	-0.3789	-0.255	-0.3279	-0.4005	0.0604	-0.0877	0.2169	0.3352	0.1595	-0.2903	-0.412	0.2644	0.0393	0.4723	-0.3871	-0.2848	0.4808	-0.1689	0.2708	0.2153	0.2728	0.4521	-0.095	-0.2007	0.6377	0.2153	-0.0723	0.212	-0.099	0.243	0.288	-0.2422	-0.1869	0.389	-0.0598	0.1552	0.1178	0.0556	-0.06	-0.1458	0.0161	-0.0094	-0.0147	0.225	-0.263	-0.2488	0.047	-0.0962	-0.0704	0.3673	-0.0116	-0.2796	-0.2927	0.3045	0.2792	-0.1016	-0.2517	0.1596	-0.3187	0.4552	-0.3835	0.0349	0.0489	0.3857	-0.242	-0.3249	0.4867	0.0165	-0.2317	-0.3216	0.2801	-0.3382	0.0266	0.4506	0.3997	0.4946	0.16	-0.3339	0.087	-0.001	0.133	0.573	-0.1778	-0.3699	0.0011	-0.4008	0.4441	0.2293	-0.1441	-0.2479	0.1583	-0.2692	0.195	0.1389	-0.3157	-0.2643	0.0831	-0.3462	0.1097	-0.0605	0.2356	0.0992	-0.0455	-0.322	0.4365	0.0207	0.1697	-0.301	0.1514	-0.4701	0.2776	-0.0314	0.3287	0.1444	-0.0881	-0.0338	0.4011	-0.2665	0.4221	-0.2712	0.359	0.1317	0.4131	-0.132	0.1647	-0.1006	-0.1697	0.3457	-0.0167	-0.3016	0.4762	-0.0453	0.21	0.2413	-0.1566	-0.3687	0.1472	-0.1087	0.3283	0.242	0.152	-0.0428	0.2424	-0.3581	-0.3343	0.0635	0.1083	-0.0317	-0.0362	-0.2114	0.6003	0.1716	-0.2379	-0.1822	0.1407	-0.1731	0.1172	-0.229	0.1661	-0.0622	-0.2505	0.0083	0.0424	-0.1393	-0.2168	0.4705	0.0821	0.2183	0.2802	-0.0699	0.495	0.4051	0.3856	0.2203	-0.1235	0.2696	-0.1184	-0.1554	0.2685	0.3147	0.2163	0.0089	1	-0.3622	0.1742	0.1008	-0.382	-0.1877	-0.0745	0.4532	-0.2701	0.4186	0.0802	-0.2063	0.371	0.2104	-0.0729	-0.0442	0.0064	0.0874	0.0721	-0.1886	-0.0829	0.0828	-0.0413	-0.0188	-0.1617	-0.1542	0.0985	-0.0952	0.1542	-0.1804	0.3149	-0.0996	-0.1721	0.257	-0.2813	-0.1359	0.5696	0.3867	-0.3026	0.0641	0.281	0.0846	0.2692	-0.0604	-0.2079	0.2034	0.3621	-0.0186	0.1573	0.3467	0.2189	-0.2838	-0.2624	0.2475	0.1664	-0.1755	-0.3598	-0.1082	0.0154	0.1291	-0.0197	-0.0308	0.2984	-0.1419	0.5053	-0.2003	-0.4887	-0.214	-0.2398	-0.0756	-0.0616	0.02	0.0526	-0.2996	-0.0875	0.3037	-0.0977	0.2371	-0.2188	-0.2594	0.3741	-0.0225	0.3102	-0.0724	-0.1077	-0.1875	0.0015	-0.1757	0.178	0.308	-0.1627	-0.2577	-0.096	0.3317
Sg_M11_5	0.1975	-0.2724	-0.2119	0.0063	-0.0842	0.0647	0.1197	-0.0726	-0.4395	0.2204	0.0251	0.0759	0.7732	-0.1585	0.2079	-0.181	-0.0832	-0.0946	0.8679	0.6117	-0.3073	0.0923	0.0426	0.224	-0.243	-0.0796	0.2285	-0.0273	-0.0202	0.0089	0.1134	-0.0463	0.1293	-0.0579	-0.3289	0.0373	-0.3399	0.0832	0.1884	-0.1017	-0.092	-0.1818	-0.033	-0.2263	-0.154	-0.1801	0.0772	0.1011	-0.0017	-0.0968	-0.2592	0.0949	-0.2115	-0.0729	-0.1543	-0.1474	0.0809	0.3977	-0.1524	-0.2876	0.0871	-0.0845	-0.0175	0.246	0.614	0.0554	-0.3022	-0.0798	0.2311	-0.0221	-0.109	0.5412	-0.1057	0.0064	-0.1802	-0.2665	-0.4348	-0.1237	-0.2254	-0.0818	-0.1725	-0.0726	-0.3431	-0.1946	-0.1424	0.054	0.3175	0.2176	0.025	0.3517	0.1363	0.0889	-0.2589	0.0656	0.0364	-0.2286	0.0131	0.0433	-0.1936	-0.0178	-0.0942	-0.3167	-0.1752	-0.065	0.0344	0.735	0.0562	-0.0441	-0.0037	-0.0949	0.012	0.1718	-0.0262	-0.1533	-0.0443	0.0657	0.0248	-0.0047	-0.0429	-0.1185	-0.0002	-0.3164	-0.0992	0.8428	0.1864	0.2095	0.1127	0.008	0.1134	-0.0665	-0.1621	-0.1393	-0.218	-0.1397	-0.163	-0.1875	0.6945	-0.0763	-0.3239	0.056	-0.0164	0.196	-0.251	0.6036	-0.3909	0.0503	0.1893	0.0728	0.3089	0.6171	0.189	-0.1305	0.1593	0.0215	-0.1437	-0.0691	-0.2957	0.7156	-0.1324	-0.0058	-0.2602	0.8072	0.3438	0.0607	-0.0299	0.0281	-0.1275	0.1618	0.0904	-0.2553	-0.2321	0.7969	-0.031	-0.0932	0.028	0.1561	0.0226	-0.2109	-0.1808	0.1823	0.0489	0.0492	0.0847	-0.0871	-0.1316	-0.2372	0.3666	-0.2718	-0.2	0.9041	-0.0572	0.2567	-0.1599	0.1672	0.0873	-0.1635	0.0968	-0.0553	0.813	0.1559	0.0476	-0.2101	-0.0726	0.0107	-0.0312	-0.055	0.0163	-0.1146	-0.2076	-0.2774	-0.2105	0.6792	-0.0065	-0.1829	0.5813	-0.2141	-0.3326	-0.1584	0.0542	-0.2181	-0.1861	-0.221	0.0156	-0.1556	-0.1576	0.0119	0.0803	0.0759	-0.1822	-0.2814	0.1409	0.1775	-0.224	-0.2011	-0.1386	-0.0974	-0.3622	1	-0.0085	-0.3625	-0.1035	-0.2532	-0.1492	-0.0506	0.0149	0.0762	-0.1705	-0.2308	0.0584	0.0852	-0.2358	-0.0393	0.0929	-0.2695	-0.1231	-0.1165	-0.1718	0.0819	0.001	-0.2482	-0.2499	0.0164	-0.1198	-0.1384	0.2007	0.0492	-0.1605	-0.3459	-0.1532	0.1365	0.0053	-0.1649	-0.222	-0.1318	0.6557	0.1626	0.1505	-0.391	-0.2613	-0.1265	-0.1526	0.1236	-0.0736	0.0935	-0.1094	-0.1063	-0.006	0.7901	-0.0435	0.2151	-0.3657	0.0143	-0.1513	-0.3763	0.082	-0.0913	-0.1267	-0.013	0.0612	-0.2492	-0.1748	-0.1823	0.4595	-0.0898	0.4724	-0.3575	0.0057	-0.2967	-0.0227	-0.2104	0.1185	0.0649	0.0431	0.1293	-0.21	-0.1431	-0.0669	-0.2007	-0.0615	-0.1631	-0.2828	-0.1527	-0.0359	0.0468	0.131	-0.1624	-0.2542	0.1057	0.0264	-0.1565
Sg_M11_7	0.0242	0.0368	-0.0858	0.1439	0.0639	-0.0492	-0.2116	-0.0458	-0.2105	-0.2215	-0.2765	-0.3135	0.0126	-0.2191	-0.0752	-0.2009	0.1103	0.0197	-0.0739	-0.1565	0.1731	0.0354	0.1149	-0.3287	0.1779	0.5097	-0.0418	0.2509	-0.1881	-0.3326	0.1098	0.2542	-0.0808	-0.008	0.1127	-0.3642	-0.1234	-0.3447	-0.2606	-0.0391	-0.2077	0.4606	0.1264	-0.0117	-0.0391	-0.0043	0.0157	0.3941	0.0036	0.1182	0.0398	-0.3154	-0.0148	-0.3927	-0.0892	-0.3317	0.0771	-0.0916	0.0123	-0.2459	-0.2777	-0.007	-0.1345	-0.076	0.036	-0.0121	-0.2084	0.4213	-0.2018	-0.0777	0.0443	-0.0349	-0.0316	0.3373	0.1653	-0.0632	0.183	-0.3126	0.0568	0.3206	0.1398	0.2763	-0.1106	0.4053	0.056	0.2806	-0.0199	0.1078	0.22	0.2827	0.2541	0.0725	-0.0385	0.117	-0.2117	0.0127	0.2987	0.4673	-0.0332	0.0849	0.2754	0.1209	0.1306	0.5718	-0.4034	-0.0798	0.1097	0.4027	0.4432	-0.1591	0.1051	-0.0595	-0.1112	0.232	-0.0568	-0.4219	0.5542	0.4182	0.0027	0.0067	0.4137	-0.2236	-0.3048	-0.0183	0.4555	-0.2278	0.1809	0.1853	0.4345	0.3764	0.1913	-0.0318	-0.0359	-0.3691	0.4346	0.2597	-0.0444	-0.1161	-0.0573	-0.0379	0.2104	0.0087	-0.0827	-0.1099	0.123	-0.3021	-0.205	-0.3674	-0.2405	-0.1383	-0.2477	-0.0865	-0.0598	0.0134	0.1189	0.0771	0.3456	-0.0933	0.2333	-0.3111	0.0195	0.0207	-0.2051	0.187	0.0103	-0.3869	0.2041	0.0539	0.0103	0.1488	-0.0278	-0.04	0.3793	0.0204	0.3604	-0.0128	0.316	-0.104	0.209	-0.0913	0.0219	0.1595	0.3249	-0.1671	0.0335	0.0294	0.3852	0.1415	-0.0323	0.0181	0.0175	0.2488	0.2351	-0.1882	0.5117	0.1123	-0.1296	-0.0961	-0.0735	-0.3127	-0.2598	-0.0501	0.0897	-0.1655	0.102	0.4387	-0.4367	0.0835	0.1851	-0.0622	-0.0413	-0.0315	0.5296	-0.1004	-0.0901	-0.1188	-0.0664	0.1188	0.186	0.2053	-0.0185	0.1509	0.2867	-0.236	-0.0645	0.3124	0.2954	-0.1792	-0.1352	-0.1155	-0.0301	-0.4263	0.1991	0.4438	0.2671	-0.0251	0.1742	-0.0085	1	0.0208	-0.0807	0.1357	-0.2653	-0.0292	-0.0452	0.2442	-0.0202	0.0409	0.2936	0.2756	0.0945	-0.3009	-0.3943	-0.1004	0.1299	-0.0882	-0.0709	0.0344	-0.3156	-0.0704	-0.1737	-0.0385	0.2738	-0.2277	-0.1059	-0.2007	0.1355	-0.0663	0.0782	0.2424	-0.0201	-0.0631	0.1816	0.1356	-0.098	-0.2031	-0.1355	0.0408	0.2772	0.1238	0.0764	0.6236	0.0513	-0.3667	-0.1059	0.321	0.0208	0.0764	0.1458	0.083	-0.0843	0.0951	-0.1574	0.2224	-0.3923	-0.1117	-0.0925	0.1336	-0.2234	-0.0888	0.0774	-0.0805	-0.1701	0.0354	0.3076	0.045	-0.0312	-0.1098	-0.1278	-0.1581	-0.3364	0.2815	0.1497	0.4504	-0.0381	-0.1302	0.2349	0.1442	0.2253	-0.1171	-0.021	-0.2193	-0.1999	-0.0864	-0.2017	-0.108	-0.1094	0.1411	0.0914	0.0911
Sg_M12_17	-0.2075	0.3374	0.0736	-0.1488	-0.2431	-0.1591	-0.0249	-0.071	0.2391	-0.281	-0.0706	-0.0391	-0.2663	0.066	-0.2258	0.1653	0.1238	0.1839	-0.3671	-0.222	0.3425	-0.0954	-0.1651	-0.1165	0.1083	0.2406	-0.1677	-0.1455	-0.1213	-0.0863	-0.2483	-0.1561	-0.1563	0.1324	0.4039	-0.1374	0.1867	0.0434	-0.1666	-0.0168	-0.0774	0.0684	0.0705	0.187	0.33	-0.0042	-0.2207	-0.1045	-0.1899	-0.0363	0.1483	0.0378	0.1241	0.0665	0.0536	0.3306	-0.1425	-0.2913	0.1378	0.29	-0.1474	0.0049	-0.0297	-0.2435	-0.3769	-0.1884	0.1769	0.1624	-0.0058	0.05	0.1444	-0.2476	0.1644	-0.0085	0.1626	0.3621	0.1153	0.1992	0.1734	-0.1484	-0.1598	0.1958	0.1809	-0.0062	-0.0285	-0.0754	-0.3414	-0.0881	0.0929	-0.1651	-0.1115	-0.2752	0.4109	-0.1468	-0.0764	-0.0061	-0.0239	0.0887	0.0056	-0.2197	-0.0505	0.1584	-0.0304	0.0338	0.0384	-0.2759	-0.2365	0.1681	-0.0841	-0.105	-0.1809	-0.2882	-0.0615	0.1378	-0.2088	0.0863	0.0806	0.0521	0.1747	-0.061	0.0675	0.2337	0.1926	-0.3833	-0.0248	-0.2573	0.0351	-0.1488	-0.0115	0.0069	0.362	0.063	-0.0628	0.1326	0.251	0.1334	-0.341	0.0255	0.2577	-0.1385	0.0786	-0.0578	0.2232	-0.2755	0.1963	0.0487	-0.1407	-0.0315	-0.1945	-0.246	-0.1293	0.0168	-0.1444	-0.01	-0.1837	-0.0637	0.0978	-0.3306	0.3264	-0.0098	-0.0094	-0.4916	-0.2798	-0.0337	-0.209	0.0775	0.0754	-0.1659	-0.239	0.1455	0.3292	-0.3203	0.0908	-0.0647	-0.1621	0.0254	-0.1279	-0.0796	-0.0097	-0.1227	-0.1927	-0.0306	-0.1432	-0.1274	0.1552	0.1167	-0.2737	0.0967	0.211	-0.4346	0.2322	-0.1863	-0.1676	-0.119	-0.0794	0.2799	-0.0367	-0.0237	-0.3765	0.0296	0.0154	0.2407	0.1055	0.0864	-0.0194	-0.1669	0.0094	0.3001	0.1244	0.0318	0.136	-0.3755	-0.0168	0.2615	-0.1999	-0.0051	0.3258	-0.0255	-0.1281	0.1906	0.3123	-0.0004	-0.0035	0.282	0.1521	0.042	0.0747	-0.0057	0.1261	0.3934	0.0323	-0.2401	0.206	-0.0486	-0.1859	-0.0462	0.1008	-0.3625	0.0208	1	0.0473	0.0303	0.0771	0.0801	0.2231	-0.0094	0.1177	0.0043	0.0132	-0.1409	0.3729	0.1075	0.0323	0.2328	0.0448	0.2687	0.2417	-0.0257	0.1076	0.3139	0.1939	0.0005	-0.0021	-0.0629	-0.2027	-0.015	0.2551	0.2579	0.0416	-0.0657	-0.0542	0.2013	0.324	0.2242	-0.2877	-0.0759	-0.1298	0.2213	0.2233	0.0702	0.1522	-0.0669	0.0461	0.1308	0.1529	0.073	0.018	-0.3485	-0.0874	-0.092	0.2076	0.0298	0.0095	0.0585	0.106	0.1212	0.2077	0.2193	-0.0997	0.2054	0.0528	0.2051	-0.3516	0.0406	-0.4029	0.4106	-0.0806	0.3508	0.1101	0.1487	-0.1561	-0.0186	0.0453	-0.2343	-0.0045	0.0303	0.0387	-0.046	-0.0147	0.186	0.2543	0.07	0.0318	-0.1554	-0.103	0.1846	0.1241	-0.2435	0.0055	0.2698
Sg_M12_21	-0.2021	-0.2952	0.1087	0.2496	0.1063	0.8191	0.0173	0.852	0.0399	0.15	-0.0769	0.0485	-0.1738	-0.3687	0.4316	0.1858	-0.0555	-0.0661	-0.1315	-0.1522	-0.1241	0.2482	0.4615	-0.0512	0.2419	-0.3332	0.0543	0.362	0.0951	-0.0966	0.4168	0.2253	0.4526	-0.1	-0.1144	-0.0544	-0.1212	-0.2144	0.0202	0.6282	0.2618	-0.0986	-0.4821	-0.1866	-0.3608	0.4421	0.5258	-0.3784	0.7215	0.655	0.6685	0.1087	0.695	0.0829	0.8219	0.1413	0.2226	0.3657	-0.1363	-0.1025	-0.4447	-0.3653	-0.105	0.292	0.0303	-0.4019	-0.0983	-0.296	0.1147	0.0207	-0.4377	-0.0353	-0.5587	-0.3164	-0.3778	-0.2994	-0.0034	0.0048	-0.4336	-0.1324	0.6733	-0.2472	-0.1096	-0.0765	-0.1995	0.1247	0.0151	-0.3987	-0.0264	-0.3997	0.1386	0.3648	0.0115	0.5219	-0.0878	0.4	0.0204	-0.3166	0.7461	0.3701	0.4597	0.4484	0.4907	-0.2962	-0.0389	-0.1889	0.6604	-0.3053	-0.0249	0.496	0.6365	0.0385	0.4487	-0.367	0.7261	-0.0907	-0.1239	-0.3871	0.7631	0.7925	-0.404	-0.012	0.0295	-0.1242	-0.3361	0.3144	-0.0341	-0.3656	-0.1713	-0.543	-0.1008	0.2816	-0.3149	-0.277	-0.1485	-0.2105	-0.1643	0.7708	-0.1831	0.5008	-0.3797	-0.424	-0.0116	-0.1889	-0.1726	0.0594	-0.4638	-0.3019	-0.016	-0.1489	-0.3792	0.9638	-0.3871	0.0671	0.1324	0.4918	0.1277	-0.1526	-0.3918	-0.1392	-0.1093	0.034	-0.1025	0.347	0.1608	-0.0433	-0.2972	-0.2429	0.5933	-0.0392	-0.3701	-0.1833	-0.3319	0.823	-0.2465	-0.3231	-0.1661	0.2532	0.1859	0.2348	0.4054	-0.0373	-0.053	0.5594	-0.4558	0.3458	-0.1356	-0.3118	0.2266	-0.0352	-0.2089	0.3089	0.135	-0.4458	-0.096	-0.086	-0.3993	0.0915	-0.1314	-0.2495	-0.3671	-0.163	-0.1787	0.0218	-0.501	0.1999	0.1472	0.1721	-0.1895	0.2943	-0.0686	-0.037	-0.0843	-0.1398	-0.1746	-0.2482	-0.188	0.719	0.3774	-0.396	-0.1873	-0.1001	-0.3146	-0.0908	-0.4159	-0.4513	-0.3485	-0.4282	-0.0714	-0.3879	-0.157	-0.0406	-0.0792	-0.2696	-0.0036	0.1854	-0.382	-0.1035	-0.0807	0.0473	1	0.7185	-0.2315	-0.3777	0.3127	-0.4384	-0.1055	0.7723	-0.4378	-0.1294	0.0131	-0.0463	-0.0946	-0.0013	-0.2889	0.1469	0.0016	0.0675	-0.0457	0.0795	0.0285	0.2949	0.144	-0.1152	-0.3456	-0.103	-0.2294	0.0738	0.6709	-0.2367	0.3061	0.1196	-0.3432	-0.2271	-0.1299	0.0409	-0.4455	-0.0661	-0.0933	0.531	0.2844	-0.0851	-0.4026	-0.165	-0.573	-0.3462	-0.074	-0.1267	0.7069	-0.3055	-0.2801	0.3007	0.0794	0.1418	-0.1373	-0.2169	-0.156	0.0301	-0.3945	0.0997	-0.2667	0.0846	0.5199	0.1033	0.1493	0.0456	0.0119	-0.1517	0.0912	0.7166	-0.1479	-0.187	0.1799	-0.0876	0.684	0.3175	-0.0383	0.6462	-0.2645	-0.2303	0.1609	0.2473	-0.3469	0.7368	-0.4674	-0.3041	0.6484	0.2913	0.146	0.0293
Sg_M12_39	-0.2439	-0.2355	0.1283	0.2631	-0.0073	0.6612	-0.1212	0.6398	0.0696	0.0236	-0.3202	0.0307	-0.3655	-0.2728	0.3349	0.0301	0.0132	-0.1876	-0.2673	-0.3717	-0.0347	0.0461	0.2795	-0.349	0.2483	-0.067	-0.0625	0.3578	0.1591	-0.0664	0.2501	0.2572	0.2185	-0.1689	-0.0261	-0.0161	-0.1146	-0.2433	-0.2668	0.518	0.2687	0.0999	-0.2503	-0.0157	-0.3386	0.5131	0.4527	-0.1053	0.6606	0.5972	0.7155	-0.1933	0.5873	-0.1039	0.7559	-0.0384	0.0523	0.2225	-0.2359	-0.2419	-0.4824	-0.1085	-0.0301	0.1445	-0.159	-0.2676	-0.2075	-0.0626	-0.011	0.0285	-0.3371	-0.255	-0.5423	-0.1432	-0.1345	-0.2382	0.1357	-0.2164	-0.2733	0.0098	0.6202	-0.116	-0.1504	0.1837	0.0175	0.189	-0.0962	-0.3189	0.1044	-0.4007	0.0579	0.3487	-0.0581	0.5632	-0.0889	0.4922	-0.0323	0.0369	0.8349	0.3503	0.4453	0.4717	0.4457	0.0099	-0.1589	-0.3927	0.5565	-0.0187	0.2242	0.4068	0.5046	-0.0592	0.2828	-0.1955	0.6431	-0.1587	0.0324	-0.1204	0.523	0.7541	-0.1577	-0.1487	-0.1746	-0.2714	-0.0632	-0.0373	0.012	-0.1607	-0.0502	-0.2264	0.0231	0.1737	-0.2294	-0.4723	-0.0176	0.0087	-0.2915	0.7361	-0.1919	0.2097	-0.1489	-0.3779	-0.0586	-0.2684	-0.0917	-0.2732	-0.4063	-0.4697	-0.1713	-0.272	-0.3982	0.7058	-0.3419	-0.0535	0.3943	0.5047	0.1287	-0.4085	-0.1299	-0.1216	-0.1199	-0.1423	-0.2386	0.3646	0.3573	-0.3065	-0.181	-0.1546	0.4775	-0.0077	-0.2216	-0.2596	-0.1491	0.7691	-0.1395	-0.2483	-0.0334	0.1837	0.3786	0.2754	0.4331	0.1236	0.1052	0.2728	-0.3615	0.2764	-0.0066	-0.0677	0.0261	-0.1885	-0.0657	0.275	0.2655	-0.4152	0.0922	-0.1022	-0.3838	0.0494	-0.3557	-0.3133	-0.5583	-0.2097	0.0271	-0.1706	-0.377	0.3743	0.0281	0.1266	-0.0125	0.1843	-0.1097	-0.218	0.1106	-0.2191	-0.2524	-0.1178	-0.0917	0.7581	0.3036	-0.0447	-0.0817	0.0647	-0.0701	-0.1653	-0.3612	-0.182	-0.1109	-0.4322	-0.1356	-0.2301	-0.3916	-0.2075	0.1057	0.1127	0.2773	0.1649	-0.1877	-0.2532	0.1357	0.0303	0.7185	1	-0.2533	-0.28	0.1525	-0.1832	-0.0506	0.8782	-0.2528	0.0059	0.0133	-0.1239	-0.1823	0.0989	-0.075	-0.0154	-0.0886	-0.063	-0.0609	-0.0478	-0.0992	0.0483	0.2435	-0.2341	-0.3416	-0.4134	-0.1079	0.039	0.6932	-0.0788	0.1616	0.0186	-0.1423	-0.0527	-0.2735	-0.1598	-0.4525	-0.1024	0.1025	0.4481	0.1849	0.1137	-0.1248	-0.2349	-0.3469	-0.0737	0.0141	-0.2967	0.5953	-0.2557	-0.08	0.1699	-0.0376	0.2387	-0.2245	-0.1822	-0.1513	0.0698	-0.371	0.0022	-0.0875	-0.0171	0.2393	0.0841	-0.0168	0.1662	-0.0737	-0.0784	-0.0519	0.6501	-0.1481	-0.0467	0.0583	0.1398	0.7326	0.1521	0.2323	0.6744	-0.1436	-0.2464	0.0564	0.0588	-0.4925	0.6606	-0.442	-0.1423	0.7268	0.1518	0.2271	0.1891
Sg_M12_6	-0.4601	0.5997	0.3235	0.2954	0.1924	-0.1703	0.3095	-0.1499	0.5472	0.3723	0.4613	-0.4143	-0.073	0.3677	-0.3627	0.1024	0.0082	0.426	-0.1179	-0.021	0.1682	0.2373	0.1855	0.4242	0.3476	-0.0359	0.2373	-0.0565	-0.4115	-0.3345	0.1058	-0.2803	0.1482	0.7226	0.2087	-0.3657	0.6344	-0.2353	0.4493	-0.1415	-0.0662	-0.2939	-0.3571	0.126	0.453	-0.3616	-0.0904	-0.4481	-0.295	-0.2955	0.0588	0.4558	-0.1047	0.4363	-0.1682	0.3814	0.3687	0.1339	0.0765	0.3968	0.2046	-0.312	-0.0496	0.3045	-0.1762	-0.097	0.2797	-0.2261	0.4687	0.5018	-0.1954	-0.0598	0.3958	-0.2406	-0.1852	-0.1055	0.3589	0.5185	-0.0745	-0.1469	-0.3546	-0.2494	0.7281	-0.0756	-0.0055	0.131	0.3369	-0.0068	0.0556	-0.3354	0.1179	-0.3696	0.3091	-0.4977	-0.239	-0.4606	0.108	-0.223	-0.1764	-0.2966	-0.3674	-0.2695	0.2181	-0.3046	-0.3155	-0.0355	-0.3637	-0.0045	-0.6028	-0.2444	-0.098	-0.1693	-0.1362	-0.3213	-0.3372	-0.2235	-0.336	-0.4282	-0.2627	-0.2688	-0.4035	0.3072	0.5331	-0.1192	-0.4042	0.3347	-0.3082	-0.4024	-0.3196	-0.2513	-0.095	0.5229	0.0896	0.6987	0.2527	-0.4083	-0.1479	-0.2476	0.5013	0.2771	-0.3335	-0.019	0.7446	-0.1915	0.1909	0.4694	0.2485	0.3389	0.3879	-0.1452	0.1015	-0.2659	0.246	-0.1208	-0.3463	-0.5162	0.0429	-0.0227	-0.162	-0.2166	0.1842	-0.1232	-0.2911	0.1035	-0.2468	0.2447	-0.1504	-0.2757	-0.3195	0.2515	-0.1066	-0.2198	-0.3215	-0.3159	-0.1246	-0.0821	-0.5134	-0.1326	-0.2246	-0.4726	0.0031	-0.4798	0.0573	0.1425	-0.1638	-0.2935	-0.4445	0.0867	0.5094	-0.0831	-0.1735	-0.081	-0.5119	0.2763	-0.3899	0.0782	0.175	0.4316	-0.1145	-0.2626	0.3579	0.8138	0.0892	0.3116	-0.1367	-0.6069	0.1935	-0.0949	0.2558	0.5115	0.2026	-0.2098	-0.2104	0.8075	-0.1974	0.6711	0.7032	-0.2508	0.3111	0.1646	0.0545	-0.3933	-0.3831	0.38	-0.1087	-0.2618	-0.4644	0.2818	0.5855	0.5022	0.3523	-0.167	-0.1529	-0.2789	-0.2344	-0.2315	-0.0745	-0.1492	-0.2653	0.0771	-0.2315	-0.2533	1	-0.0536	-0.2723	-0.3279	0.0618	-0.2825	-0.152	-0.4457	0.3062	0.1092	-0.1767	0.367	0.0945	0.2859	0.0579	0.1697	-0.1916	0.2704	0.7887	0.116	0.082	0.5028	0.3023	0.6357	-0.357	0.1568	-0.4206	-0.4091	0.4129	0.1429	-0.1088	-0.2469	-0.157	-0.2583	0.1017	0.2767	-0.2353	-0.5264	0.2941	-0.4415	-0.1465	-0.141	0.4629	-0.0077	-0.0845	-0.1582	-0.1544	-0.0042	0.6108	0.2597	0.3351	0.406	-0.2161	0.5684	0.6951	-0.0763	0.3019	0.7054	-0.2774	0.583	0.0113	0.5731	-0.1368	0.2096	0.3637	0.5936	0.2809	-0.2126	-0.2425	-0.2869	0.0125	-0.2466	-0.1704	0.1982	-0.5135	-0.2689	-0.1843	0.8471	0.2198	0.3931	0.6443	-0.5133	0.1953	-0.1329	-0.2213	0.3836	0.0856	-0.4111
Sg_M14_27	0.3235	0.1146	-0.3172	-0.2175	-0.0621	-0.4153	-0.3107	-0.4004	-0.1506	-0.0831	0.0286	0.0829	-0.0584	-0.0892	-0.0794	0.0789	-0.1235	0.0617	-0.0841	-0.0908	-0.1025	-0.3266	-0.3599	-0.1659	-0.06	0.3297	-0.5169	-0.1529	-0.0307	0.1575	-0.3009	-0.2829	-0.42	-0.0096	-0.1706	0.1466	-0.1931	0.2202	-0.3507	-0.3184	0.0638	-0.0462	0.3276	-0.0688	0.4917	-0.1169	-0.318	0.0139	-0.3931	-0.2212	-0.3908	-0.1978	-0.3192	-0.2166	-0.3268	-0.0598	-0.4042	-0.3543	-0.0578	0.1052	0.3508	0.2994	0.3491	-0.3239	-0.1605	0.2121	0.2291	0.213	-0.3148	-0.3241	0.5998	-0.1762	0.1585	0.2818	0.3911	0.4763	-0.1991	-0.1257	0.6338	-0.099	-0.2346	-0.0919	-0.1242	0.1038	0.3325	-0.198	-0.2582	0.5407	-0.2141	0.1626	-0.0146	0.1505	-0.152	-0.151	-0.0116	-0.2153	-0.3335	0.2863	-0.3297	-0.4229	0.0526	-0.3228	-0.18	0.1258	0.1181	-0.028	-0.3019	0.2973	0.0724	-0.1571	-0.268	0.1383	-0.0996	0.3407	-0.3326	0.152	-0.2535	0.4141	-0.1542	-0.316	0.205	0.162	-0.105	0.0666	0.2252	-0.2928	0.1581	0.1761	0.3638	0.2064	0.0042	-0.3166	0.1031	0.0309	-0.0679	0.6339	0.0771	-0.2478	0.0872	-0.3584	0.1875	0.4551	-0.185	-0.0362	-0.0059	-0.2259	0.4316	0.0058	-0.3217	-0.1278	0.302	-0.3374	0.3065	-0.3395	0.1915	-0.0483	-0.1552	-0.1095	0.6349	0.2317	-0.1633	0.0224	0.1076	-0.2134	0.1706	-0.1233	-0.0237	0.0911	-0.0864	-0.1725	0.643	-0.0225	0.3297	-0.393	0.2034	0.4763	0.2538	-0.1726	0.0359	0.0866	-0.3014	0.1764	0.0608	-0.2635	0.5574	-0.2438	0.0133	0.0128	-0.2053	-0.0236	0.6184	-0.1138	0.2644	0.3206	-0.045	0.1852	0.4864	-0.2406	-0.0313	0.1771	-0.0123	-0.1052	-0.0131	-0.2254	0.517	0.0594	-0.1715	-0.2245	0.1218	-0.23	0.122	-0.1884	-0.0901	-0.0383	-0.0412	-0.1349	0.042	-0.3807	-0.3896	0.1374	0.0723	0.1642	0.0009	-0.1049	0.5526	0.0753	0.2779	0.4154	-0.1198	0.2289	-0.0681	0.1082	0.1037	0.1707	0.1053	-0.1505	0.4532	-0.0506	-0.0292	0.0801	-0.3777	-0.28	-0.0536	1	0.0404	0.2452	0.0434	-0.307	0.1068	0.0872	-0.135	0.0647	0.1403	-0.1132	-0.0129	-0.3512	0.0119	0.0331	0.0024	0.0837	-0.1597	-0.0832	0.1758	-0.1177	0.2837	-0.079	0.4589	-0.0316	-0.3438	0.0206	-0.1794	0.0626	0.5897	0.5906	-0.1038	0.0472	0.4119	0.066	-0.0775	0.0618	-0.1975	0.0275	0.1005	0.088	0.2871	0.3578	0.1554	-0.0659	-0.2659	0.5192	0.0836	-0.1916	-0.294	-0.2819	0.1937	0.1726	-0.0462	-0.1554	0.4091	-0.1611	0.4236	-0.2218	-0.2939	-0.1644	-0.0636	0.065	-0.0239	-0.0037	0.1887	-0.335	0.1429	0.3223	0.079	0.3116	-0.3376	-0.2479	0.3476	-0.0457	0.0461	-0.1252	-0.1206	-0.2304	0.122	-0.0724	0.3713	0.4709	-0.2799	-0.331	-0.0485	0.0884
Sg_M14_34	0.1112	-0.1474	-0.1217	-0.0671	-0.1136	0.1911	0.0092	0.1762	-0.1529	-0.077	-0.1509	0.3304	-0.0158	-0.1582	0.1534	0.268	0.0299	-0.0404	-0.0279	-0.003	-0.0374	-0.1717	-0.0881	0.0416	-0.1236	-0.1858	-0.0926	-0.0737	0.2724	0.3034	-0.0259	0.0362	-0.0441	-0.1715	-0.0064	0.2771	-0.1351	0.2888	-0.1446	0.1925	0.2791	-0.0726	-0.044	0.0281	-0.1008	0.1326	-0.0177	-0.1275	0.1955	0.2331	0.0379	0.0132	0.1505	-0.1049	0.2325	0.0651	-0.1824	-0.0047	0.0055	0.1113	-0.0991	-0.119	-0.1125	0.0258	0.0277	-0.2041	0.0412	-0.0973	-0.1053	-0.0094	-0.0971	-0.0677	-0.2231	0.0191	0.0212	-0.0823	-0.1631	0.0411	-0.1287	-0.0839	0.103	-0.0607	-0.1658	-0.1685	-0.1772	-0.0426	-0.158	-0.1948	-0.1473	-0.0455	-0.0421	0.1099	0.0394	0.1694	0.1651	0.0843	-0.171	-0.1252	0.163	0.0589	0.1217	0.0551	-0.1015	-0.0874	0.2939	-0.0057	0.1385	-0.1268	0.0898	0.2595	0.1561	0.015	0.1921	0.0092	0.3263	0.2552	0.0201	0.0352	0.4535	0.1654	-0.0839	0.0442	0.1117	0.0135	0.1517	-0.065	0.0794	-0.1044	-0.0825	-0.2074	0.1263	-0.0789	0.0429	-0.194	-0.1764	-0.0121	-0.0755	0.3044	-0.2315	0.0422	-0.1321	-0.1946	-0.1374	-0.0523	-0.1605	0.0278	-0.1347	-0.1713	0.037	-0.0595	-0.0666	0.3273	-0.1771	-0.0057	-0.0259	0.1517	-0.0857	0.0059	-0.0795	0.3613	-0.3498	0.0466	0.0098	0.2195	-0.1484	-0.001	-0.1326	-0.0801	0.0982	-0.1122	0.0083	-0.0656	-0.075	0.2389	-0.1793	0.0552	-0.0248	0.2872	-0.1867	0.2239	-0.0733	-0.1022	-0.0812	0.1632	-0.1167	0.1359	-0.0775	-0.095	-0.0817	0.0433	0.1683	-0.0255	0.0839	-0.2387	0.0233	0.1472	-0.1594	-0.0754	-0.0127	0.2537	-0.0769	-0.1781	0.023	-0.0351	-0.2745	0.0684	0.1476	0.3175	-0.1346	-0.0892	0.0462	-0.1161	-0.0513	-0.1853	-0.0077	-0.2728	-0.1802	0.1094	-0.103	-0.1627	0.0989	0.1256	-0.0309	0.0479	-0.1212	-0.0721	-0.023	-0.1714	-0.2541	-0.2229	-0.0161	0.2268	0.1711	-0.0118	-0.2108	0.015	-0.2701	0.0149	-0.0452	0.2231	0.3127	0.1525	-0.2723	0.0404	1	-0.1251	-0.0702	0.2673	-0.1761	0.0372	-0.167	0.1478	0.268	-0.1237	-0.0211	-0.0243	0.118	-0.1441	0.2636	0.0338	-0.1527	0.1448	-0.1692	-0.2091	-0.2656	-0.2902	0.1593	0.0029	0.1607	-0.0384	-0.099	0.1708	-0.2168	-0.0484	-0.0542	0.0484	-0.1506	-0.1835	0.0317	0.3986	0.0537	-0.1027	-0.2021	0.2434	-0.237	0.0211	-0.0335	-0.0375	0.1083	-0.0347	-0.1571	-0.1088	-0.014	-0.2087	0.3675	-0.1583	-0.1021	0.12	-0.1865	-0.1208	-0.1933	-0.1992	0.0723	-0.1591	-0.0369	0.1385	-0.2021	-0.1925	0.0133	0.2207	0.2659	-0.1493	-0.008	-0.0865	0.0898	-0.022	-0.0526	0.1509	0.0009	-0.2195	0.1519	-0.0039	-0.3592	0.2104	-0.1663	-0.0711	0.2089	-0.1233	-0.1367	-0.0991
Sg_M15_10	0.3392	-0.0441	-0.3396	-0.3482	-0.3917	-0.4491	-0.3876	-0.5339	-0.3263	-0.2709	-0.2161	0.1954	0.1206	0.0837	-0.1017	-0.2454	-0.1255	-0.1703	0.0551	-0.0088	0.059	-0.3741	-0.5234	-0.3091	-0.4557	0.3203	-0.1391	-0.3108	0.3308	0.2232	-0.4346	0.0301	-0.5806	-0.3982	0.0028	0.2393	-0.311	0.3271	-0.2649	-0.2535	0.0231	0.288	0.7655	0.0877	0.0444	0.1165	-0.449	0.6584	-0.2743	-0.2221	-0.4292	-0.3753	-0.2836	-0.5621	-0.3807	-0.3044	-0.4581	-0.4283	0.1695	-0.1255	0.1056	0.5481	0.1479	-0.4664	-0.0957	0.4401	-0.0836	0.511	-0.3998	-0.4531	0.5918	-0.08	0.1471	0.3267	0.3945	0.4184	-0.1383	-0.5025	0.3252	0.2066	-0.0746	0.3209	-0.3507	0.123	0.1357	-0.2013	-0.1909	0.1596	-0.0703	0.357	-0.0938	-0.2018	-0.0583	0.029	0.2225	0.1942	0.0954	0.392	-0.3795	-0.0686	-0.0399	0.0237	-0.472	0.3861	0.1995	0.0103	-0.2609	0.2853	0.5287	-0.2822	-0.3986	0.0447	-0.2514	0.6682	-0.3692	0.1527	0.3912	0.6736	-0.3595	-0.2558	0.7324	-0.2069	-0.4994	0.0028	0.4914	-0.4507	0.108	0.6428	0.4216	0.6791	0.312	-0.5717	0.0221	-0.2735	0.0654	0.5246	0.0195	-0.3297	-0.1145	-0.6683	0.6127	0.1375	-0.3862	0.0196	-0.101	-0.5661	0.0504	0.1304	-0.4103	0.0512	0.0696	-0.4209	-0.0783	0.1602	0.0396	0.1925	-0.1142	-0.0432	0.4589	0.1013	0.0857	-0.1137	0.221	-0.4397	0.1175	-0.0333	0.4126	0.2912	-0.2199	-0.1844	0.46	0.1322	0.5398	-0.2525	0.2731	0.119	0.6515	-0.1964	0.2164	0.0125	-0.1601	0.3229	-0.148	-0.5618	0.6084	0.093	0.4597	0.1364	-0.4244	-0.0099	0.3085	-0.243	0.2848	0.0071	0.1738	0.1136	0.002	-0.5138	0.0137	0.2681	0.1865	-0.3289	0.0775	-0.3235	0.4564	0.1779	-0.3772	-0.019	0.0677	-0.4851	-0.0968	0.0984	0.2376	-0.3712	0.0223	-0.2568	-0.2402	-0.2005	-0.4572	0.364	0.1772	0.2326	0.518	-0.0556	0.5442	0.6566	0.6711	-0.0044	-0.1391	0.1102	-0.0175	0.0313	0.3155	0.4084	0.238	0.0929	0.4186	0.0762	0.2442	-0.0094	-0.4384	-0.1832	-0.3279	0.2452	-0.1251	1	0.1165	-0.2182	0.5919	0.4027	-0.1065	-0.0564	0.1882	-0.1706	0.0367	-0.1696	0.0473	-0.1688	0.2171	-0.1663	-0.5099	-0.4425	-0.081	-0.1436	-0.0261	-0.2916	0.484	-0.1632	-0.0756	0.5755	-0.474	-0.1304	0.3663	0.5387	0.0121	-0.0128	0.1558	-0.1412	0.1865	-0.166	-0.459	0.4428	0.6433	0.2829	0.1426	0.2469	0.1514	0.1178	-0.4159	0.0323	-0.0701	-0.3838	-0.3931	-0.2852	0.2202	-0.1102	-0.3462	0.1715	-0.0634	-0.4593	0.4463	-0.3741	-0.4519	-0.4915	-0.1715	-0.0541	-0.4062	-0.1334	-0.2594	-0.2322	0.1807	0.2165	-0.2647	0.1308	-0.2544	-0.2472	0.4216	-0.2379	0.4796	-0.3003	-0.1326	-0.2912	-0.0725	-0.1147	0.0736	0.3469	-0.1648	-0.5596	-0.1173	0.4567
Sg_M15_17	0.0829	0.0753	-0.0464	-0.1171	0.0011	-0.184	-0.0223	-0.0665	0.2288	-0.1649	-0.0339	-0.0295	-0.0793	0.1239	-0.0954	-0.0046	0.3113	0.0125	-0.0675	0.0531	0.2861	-0.1034	-0.2854	0.0657	-0.1031	0.0018	0.0525	-0.3028	0.005	0.0514	-0.3224	-0.0947	-0.2727	0.0461	0.2333	0.0859	0.0284	0.1107	0.0803	-0.1425	-0.0971	0.211	0.0759	0.4166	0.1123	-0.1698	-0.2114	0.022	-0.2571	-0.1091	-0.0008	0.0735	-0.0576	-0.1146	-0.0778	0.164	-0.0896	-0.307	0.1607	0.1956	-0.0922	0.0007	0.115	-0.2435	-0.0342	0.1189	0.1769	0.0033	-0.0767	-0.0033	0.0841	-0.1162	0.1329	0.2067	0.2424	0.1525	-0.0206	-0.0534	0.1718	0.0654	-0.127	0.0106	0.0233	0.0761	-0.1727	-0.1127	-0.0621	-0.1826	-0.006	-0.1167	-0.0765	-0.3452	0.3906	-0.0442	0.0349	-0.0602	-0.0792	0.0742	-0.0126	0.0553	-0.2181	0.0844	-0.2345	-0.0354	0.0461	-0.0836	-0.0703	-0.0851	-0.1295	-0.226	-0.2538	-0.2351	-0.2144	0.2458	-0.2009	0.0411	0.0072	0.186	-0.1389	-0.0431	0.0376	0.1328	-0.0771	-0.0829	-0.0417	-0.3897	-0.0198	-0.0413	-0.0763	0.2042	0.4653	-0.1116	0.2645	-0.0916	0.2067	0.0576	-0.1256	-0.2101	0.1541	-0.3544	0.197	-0.135	0.031	-0.0345	0.1912	-0.078	-0.1852	-0.0391	-0.2361	0.0188	-0.2151	-0.1811	-0.3217	0.1448	-0.0605	0.0932	0.0738	0.017	0.1237	-0.0006	0.2323	-0.2635	0.0496	-0.1296	-0.0522	-0.1133	0.03	0.0392	-0.2961	0.22	0.1297	-0.0751	0.1192	-0.0729	0.1688	-0.2247	-0.1149	0.067	0.1976	-0.3065	-0.2582	-0.0459	-0.24	-0.2854	0.1299	0.1381	-0.1552	0.2129	-0.0496	-0.1948	0.0497	-0.3776	-0.0463	-0.248	0.0174	0.4211	-0.3044	0.0155	-0.0923	0.0612	-0.0467	0.0751	0.0128	0.0875	0.1779	-0.1297	-0.0938	0.2493	0.0019	-0.0024	0.0135	-0.1103	0.0767	0.1003	-0.0346	0.0511	0.2062	0.0035	-0.2765	0.2724	0.4369	0.2351	0.0898	0.1163	0.0919	0.1884	0.0462	-0.1918	0.124	0.0195	0.0967	0.0229	0.3948	0.1615	0.0456	-0.0261	0.0802	-0.1705	-0.0202	0.1177	-0.1055	-0.0506	0.0618	0.0434	-0.0702	0.1165	1	-0.0928	0.1702	-0.08	0.2182	-0.0067	0.1133	0.0655	0.3191	0.2479	0.3945	0.0537	0.0199	-0.1171	0.0385	-0.1967	-0.2713	0.0348	-0.2825	0.0267	0.1412	0.2263	-0.1257	0.073	-0.1655	0.2423	0.0434	0.1938	-0.0447	-0.0258	-0.1897	0.1626	0.3194	-0.3083	-0.2278	0.0682	0.2665	0.1868	-0.0295	0.0269	0.0307	-0.1227	-0.2023	-0.2479	0.2503	-0.3084	0.1581	-0.1108	0.138	-0.0901	-0.0315	0.3002	-0.3077	-0.0063	-0.058	-0.0931	-0.216	-0.1012	-0.2429	0.2783	-0.2729	0.116	-0.1201	0.0097	-0.0418	0.0038	-0.129	-0.157	0.0351	0.0636	0.0673	-0.0005	0.111	0.0547	0.3885	0.1335	0.1801	-0.1465	-0.1937	0.0287	-0.0597	-0.1292	-0.0804	0.2085
Sg_M15_29	-0.1055	-0.2519	0.0706	0.2033	-0.0173	0.6787	-0.164	0.6346	0.0253	-0.0143	-0.3113	0.1163	-0.3745	-0.2223	0.4236	0.0813	0.012	-0.1868	-0.2711	-0.3189	-0.0366	0.0402	0.2953	-0.284	0.2209	-0.1437	-0.0548	0.3584	0.1961	0.0016	0.26	0.2963	0.2053	-0.2187	-0.0398	0.0305	-0.1997	-0.1525	-0.2383	0.7022	0.463	0.0356	-0.3018	-0.0647	-0.3807	0.4585	0.4325	-0.1864	0.696	0.5919	0.6503	-0.2062	0.6768	-0.0414	0.714	-0.0118	0.0816	0.2695	-0.1586	-0.1898	-0.4188	-0.1673	-0.053	0.1214	-0.1342	-0.2476	-0.1499	-0.077	-0.0004	-0.0444	-0.3225	-0.2214	-0.5485	-0.1563	-0.2079	-0.2276	0.1665	-0.1567	-0.3348	-0.0189	0.6444	-0.1542	-0.1215	0.0803	-0.0687	0.1193	-0.0516	-0.3304	0.0512	-0.3789	0.0798	0.2921	-0.1013	0.5773	-0.1172	0.4494	-0.0383	-0.1469	0.7917	0.254	0.3876	0.4548	0.431	-0.1306	-0.0572	-0.3742	0.5207	-0.1659	0.1978	0.43	0.4632	0.0256	0.3545	-0.2514	0.699	-0.0439	0	-0.2051	0.5579	0.7539	-0.221	-0.1348	-0.129	-0.2558	-0.1377	0.0614	-0.0049	-0.2082	-0.0854	-0.3283	-0.0268	0.1706	-0.1602	-0.4471	-0.0958	-0.0142	-0.2604	0.6993	-0.2489	0.2542	-0.1301	-0.3559	-0.0831	-0.2125	-0.163	-0.1765	-0.3778	-0.4438	-0.1903	-0.2777	-0.3405	0.7912	-0.321	-0.0001	0.3026	0.5724	0.1297	-0.3808	-0.2101	-0.0221	-0.0819	-0.0913	-0.1518	0.3039	0.2933	-0.2274	-0.0775	-0.1497	0.524	-0.1231	-0.2421	-0.2805	-0.244	0.7802	-0.1899	-0.2378	-0.0853	0.273	0.2991	0.2805	0.3394	0.0899	0.0081	0.3791	-0.364	0.3315	-0.0605	-0.1442	0.0744	-0.1641	-0.0442	0.2486	0.282	-0.3757	0.0388	-0.1451	-0.3311	-0.0215	-0.3147	-0.2197	-0.503	-0.2206	-0.0126	-0.223	-0.3242	0.3539	0.0636	0.1058	-0.0479	0.1793	-0.0704	-0.17	0.0239	-0.2262	-0.2451	-0.1965	-0.1449	0.7547	0.2639	-0.1344	-0.1227	0.021	-0.1242	-0.2259	-0.3085	-0.2177	-0.1517	-0.3773	-0.1242	-0.2847	-0.3686	-0.1039	0.0445	-0.0043	0.2045	0.2765	-0.2063	-0.2308	0.0409	0.0043	0.7723	0.8782	-0.2825	-0.307	0.2673	-0.2182	-0.0928	1	-0.2424	0.01	-0.0295	-0.0432	-0.1377	0.0979	-0.1135	-0.026	-0.0865	-0.0712	-0.0686	-0.0496	-0.1125	0.1007	0.1183	-0.1894	-0.2762	-0.3903	-0.1282	-0.0492	0.659	-0.0814	0.1479	0.001	-0.1706	-0.1008	-0.2431	-0.1788	-0.4047	-0.1947	0.0306	0.6104	0.2274	0.0326	-0.1728	-0.1188	-0.4061	-0.2711	-0.0919	-0.2978	0.5427	-0.2565	-0.1901	0.2033	-0.082	0.2537	-0.1193	-0.2109	-0.1486	0.06	-0.3313	0.0203	-0.0835	-0.0193	0.3047	0.0212	-0.0152	0.1822	-0.0463	-0.0982	-0.0072	0.6753	-0.1026	-0.057	0.047	-0.019	0.7383	0.1334	0.197	0.6574	-0.128	-0.2628	0.0337	0.0864	-0.4941	0.7042	-0.396	-0.1276	0.7081	0.1417	0.2113	0.1419
Sg_M17_3	0.2784	-0.0728	-0.2846	-0.3098	-0.3752	-0.4207	-0.4747	-0.5917	-0.2256	-0.3219	-0.2491	0.0475	0.0773	0.2356	-0.2441	-0.2383	0.0969	0.0271	0.0527	0.0564	0.1676	-0.2609	-0.4442	-0.1232	-0.3743	0.4061	-0.0803	-0.2655	0.114	0.1609	-0.3724	-0.026	-0.5194	-0.3531	0.1467	0.1465	-0.2352	0.1563	-0.1712	-0.301	-0.136	0.1242	0.5454	0.2712	0.0075	-0.0137	-0.446	0.7327	-0.2772	-0.4098	-0.3535	-0.3642	-0.2672	-0.3926	-0.4089	-0.2011	-0.3887	-0.3128	0.3654	0.1099	0.066	0.3936	0.219	-0.3449	-0.1419	0.5212	-0.1159	0.6021	-0.36	-0.3304	0.3999	0.0024	0.2842	0.2642	0.2346	0.2668	-0.0972	-0.2937	0.34	0.4773	-0.1428	0.5332	-0.2271	0.1772	-0.0462	-0.102	-0.0564	0.092	-0.0137	0.4192	-0.037	-0.3197	-0.0449	-0.1444	0.163	-0.0066	0.2526	0.2616	-0.4574	-0.1955	-0.3154	0.0079	-0.4478	0.4485	0.0659	0.0663	-0.4025	0.1829	0.5372	-0.1965	-0.5705	0.0647	-0.3373	0.6952	-0.3123	0.1238	0.6727	0.7572	-0.3492	-0.5006	0.6969	-0.1788	-0.3306	-0.0025	0.5615	-0.424	0.2207	0.6059	0.3851	0.7426	0.1591	-0.4986	0.2119	-0.1797	0.2266	0.2681	0.0052	-0.4326	-0.0937	-0.5707	0.6133	-0.0374	-0.3796	0.1201	-0.0008	-0.3432	0.0166	0.1863	-0.3161	0.1296	0.0373	-0.4467	-0.1525	0.252	-0.0883	-0.0043	-0.2027	0.021	0.2814	0.0177	0.2347	-0.0775	0.3539	-0.4548	0.0833	0.0653	0.5005	0.3803	-0.2488	-0.08	0.2468	0.1411	0.4461	-0.3099	0.2304	0.05	0.4493	-0.1523	0.0592	-0.0252	-0.2017	0.2879	-0.0676	-0.514	0.3982	0.1127	0.5655	0.3359	-0.2977	-0.0103	0.2347	-0.308	0.0967	0.0453	0.3871	0.1422	0.0084	-0.4185	0.0133	0.1707	0.1987	-0.267	0.1504	-0.178	0.4686	0.0593	-0.3591	-0.1814	0.026	-0.4009	-0.0701	0.0224	0.4262	-0.3343	0.0631	-0.147	-0.2483	-0.0475	-0.4028	0.3221	0.23	0.3192	0.6245	-0.1248	0.4199	0.6735	0.7679	0.0842	-0.009	0.1158	0.0737	-0.0398	0.1443	0.4129	0.0931	0.1863	0.371	0.0584	0.2936	0.0132	-0.4378	-0.2528	-0.152	0.1068	-0.1761	0.5919	0.1702	-0.2424	1	0.4658	0.0159	-0.1191	0.039	-0.2234	0.249	-0.084	0.108	-0.0038	0.1319	-0.2151	-0.453	-0.4128	-0.2629	-0.1867	-0.0954	-0.2492	0.1955	-0.0926	-0.2068	0.6728	-0.3099	-0.1078	0.2823	0.1993	0.0379	-0.0314	0.0829	-0.0209	0.1222	-0.2518	-0.3562	0.3802	0.4231	0.109	0.1349	0.2266	0.0451	0.0359	-0.4708	-0.0748	0.0031	-0.4435	-0.4301	-0.219	0.0804	-0.0837	-0.1647	0.1537	-0.0159	-0.4053	0.3712	-0.316	-0.4191	-0.3663	-0.1801	-0.0958	-0.3688	-0.1368	-0.3028	-0.3662	0.0873	0.3613	-0.3172	-0.0425	-0.2925	-0.3478	0.3305	-0.2965	0.6441	-0.223	-0.0989	-0.2398	-0.0425	-0.3199	0.0515	0.2341	-0.332	-0.3835	-0.1345	0.42
Sg_M17_33	0.3343	-0.3121	-0.3701	-0.4321	-0.3075	-0.0905	-0.4049	-0.1916	-0.3871	-0.3675	-0.3249	0.2106	0.0357	0.0744	0.1401	-0.2131	-0.1842	-0.1662	0.081	-0.0423	-0.1583	-0.2918	-0.3672	-0.3223	-0.3813	0.1109	-0.2138	-0.0948	0.29	0.1506	-0.3028	0.003	-0.3997	-0.5828	-0.1465	0.2865	-0.3534	0.1948	-0.1714	-0.1305	0.0336	0.1948	0.538	0.0917	-0.1532	0.152	-0.0976	0.5432	0.0635	-0.0021	-0.1647	-0.3521	-0.1425	-0.5088	-0.0826	-0.2685	-0.4013	-0.3414	0.0994	-0.1101	0.0281	0.4986	0.1207	-0.2036	0.0581	0.3953	-0.31	0.3998	-0.3394	-0.4097	0.3282	-0.0724	-0.0175	0.4516	0.3333	0.169	-0.0969	-0.483	0.2142	0.262	0.1951	0.3446	-0.5281	0.0722	0.1996	-0.0451	-0.1747	0.0053	-0.0383	0.5207	-0.2808	0.0638	-0.2263	0.2919	0.2104	0.3132	0.0297	0.2605	-0.1993	0.1478	0.1335	0.144	-0.2962	0.3031	0.1995	0.0039	0.0429	0.1822	0.5482	0.1112	-0.1938	0.102	-0.1471	0.494	-0.0082	0.1513	0.3718	0.6052	-0.1561	-0.1514	0.6002	-0.324	-0.5056	0.0156	0.4208	-0.2577	0.1909	0.5346	0.0901	0.4832	0.0066	-0.5988	0.0585	-0.3312	-0.2063	0.2923	0.015	-0.0844	-0.2654	-0.3817	0.5705	0.192	-0.5414	0.096	-0.0995	-0.4291	-0.0094	0.0777	-0.3628	0.1077	0.0685	-0.0644	-0.1314	0.0366	0.3044	0.2806	-0.1764	-0.0219	0.042	0.1572	-0.0218	0.0259	0.1788	-0.353	0.203	0.0935	0.3275	0.3664	0.1073	-0.1723	0.027	0.137	0.5166	-0.0311	0.096	0.2175	0.6418	-0.1144	0.2504	0.2942	-0.1041	0.2596	-0.0189	-0.2388	0.2149	0.2801	0.5257	0.1066	-0.4792	0.0643	0.1544	-0.2231	0.459	-0.0198	0.3913	-0.0095	0.0385	-0.5492	-0.0362	0.2582	0.1432	-0.5635	-0.0665	-0.2287	0.2063	0.5796	-0.2813	-0.237	-0.2074	-0.41	-0.0558	0.0911	0.0948	-0.5887	0.0631	-0.4112	-0.6121	0.1035	-0.3952	0.1448	-0.1681	0.2513	0.6694	-0.2993	0.298	0.4607	0.5813	-0.0291	-0.3282	-0.2182	-0.2165	0.1548	-0.0445	0.3118	0.3175	0.4652	0.2104	0.0852	0.2756	-0.1409	-0.1294	0.0059	-0.4457	0.0872	0.0372	0.4027	-0.08	0.01	0.4658	1	-0.2568	-0.1119	0.1707	-0.2592	0.0435	-0.2263	-0.1298	-0.188	0.192	-0.2996	-0.6502	-0.272	-0.1289	-0.2585	-0.0678	-0.3912	0.133	-0.2703	0.1203	0.6425	-0.3915	-0.2191	0.1978	0.1058	-0.0174	-0.0927	0.1223	-0.0297	0.1909	0.2063	-0.3065	0.3794	0.2576	0.1029	-0.0361	0.307	0.2254	0.0311	-0.1463	-0.0366	-0.3076	-0.5213	-0.2633	-0.2544	0.1611	-0.3034	-0.4135	-0.0633	-0.0529	-0.6084	0.4032	-0.4135	-0.2244	-0.5476	-0.0015	-0.0559	-0.3603	-0.3396	-0.1857	-0.0796	0.1714	0.341	-0.3599	0.1519	-0.2008	-0.2378	0.4321	0.0292	0.5498	-0.5524	-0.2257	-0.2423	-0.2549	0.0258	0.032	0.0335	-0.059	-0.3952	-0.1401	0.3592
Sg_M21_45	-0.281	0.3999	0.27	0.1362	0.0401	-0.0267	0.2044	0.1084	0.4183	0.0371	0.2391	-0.3357	-0.1672	0.2306	-0.0732	0.0234	0.1404	0.367	-0.1642	-0.0206	0.3396	0.1948	0.0597	0.0419	0.2122	0.1414	0.1251	-0.0405	-0.3798	-0.3966	0.0928	-0.0272	0.0214	0.3945	0.401	-0.388	0.3813	-0.257	0.0876	-0.0428	-0.2365	0.1923	-0.1232	0.0651	0.3891	-0.2804	0.0628	-0.2524	-0.0612	-0.025	0.3206	0.1932	0.0036	0.1374	0.0612	0.311	0.1118	-0.0165	0.048	0.4209	-0.2274	-0.1345	-0.1264	-0.0037	-0.1455	-0.1425	0.0958	-0.0181	0.1588	0.2833	-0.0052	-0.0852	0.2968	-0.168	-0.1196	-0.0138	0.2062	0.2877	-0.0795	-0.0274	-0.1954	0.0689	0.3465	-0.058	-0.2884	0.134	0.1581	-0.1482	-0.0119	-0.2445	0.1617	-0.3812	0.4768	-0.2987	-0.3445	-0.1489	0.3069	-0.1284	0.0707	-0.1784	-0.2178	-0.0174	0.1317	0.0081	-0.2813	-0.1207	-0.1872	-0.087	-0.242	-0.228	-0.0723	-0.3659	0.0703	-0.1033	-0.1151	-0.139	0.0492	-0.0745	0.0066	0.028	-0.1669	0.1297	0.271	-0.1613	-0.2178	0.1116	-0.2911	-0.2429	0.0339	-0.1027	0.2008	0.3449	-0.1341	0.1385	0.4525	-0.1362	-0.178	-0.041	0.3548	0.0382	-0.0099	-0.2019	0.429	-0.0751	0.2091	0.1781	-0.2179	0.1761	-0.0682	-0.114	-0.3093	-0.0097	-0.2627	0.0673	-0.2419	-0.1586	0.4327	-0.1482	0.1091	-0.3101	0.3149	-0.2196	-0.3652	0.1164	-0.2013	0.0909	0.0082	-0.3125	-0.1735	0.3577	0.0722	-0.2002	-0.171	-0.0739	-0.0274	-0.2529	-0.1713	-0.077	-0.0584	-0.4033	-0.0309	-0.2709	-0.1239	-0.0731	0.103	-0.0617	-0.2097	0.2144	0.3294	-0.165	-0.1002	-0.0958	-0.4006	-0.2373	-0.1783	0.1878	-0.2363	0.1703	-0.133	-0.2583	0.1527	0.4537	0.1324	0.0863	-0.0318	-0.2909	0.0145	0.2324	0.1027	0.3395	-0.0155	-0.2261	0.1061	0.4397	-0.1046	0.2027	0.3927	-0.0026	0.1189	0.046	0.319	-0.1207	-0.1385	0.4557	0.0498	-0.0468	-0.1226	-0.1312	0.3491	0.3001	0.1464	-0.3092	0.2179	-0.1187	-0.2479	-0.0475	-0.0729	-0.2358	0.0945	0.3729	0.0131	0.0133	0.3062	-0.135	-0.167	-0.1065	0.2182	-0.0295	0.0159	-0.2568	1	0.1019	-0.2547	0.4671	0.113	0.3543	0.1855	0.1651	-0.2051	0.2233	0.419	-0.1422	-0.0438	0.2473	-0.2828	0.3353	0.0437	0.4089	-0.0278	-0.2533	0.171	0.2488	0.0202	0.014	-0.045	-0.0593	-0.2667	0.2894	-0.0467	-0.1191	0.226	-0.1186	0.0268	-0.1447	0.1318	-0.1051	-0.1074	-0.1815	-0.0992	-0.2277	0.2957	0.1791	0.16	0.2113	-0.228	0.2575	0.3602	0.3056	-0.1926	0.4004	-0.1132	0.4374	-0.0555	0.3273	-0.1632	0.3453	0.089	0.4061	-0.0433	0.146	-0.3334	-0.205	0.0985	-0.2665	0.037	0.35	-0.2759	-0.1858	-0.0248	0.3945	0.4867	0.3425	0.2723	-0.2622	-0.2499	0.0189	0.116	0.1776	0.0967	-0.1463
Sg_OA11r1_10	-0.0049	0.3218	-0.1128	-0.0919	-0.2481	-0.0651	-0.1015	-0.0551	0.346	0.0764	0.0632	0.5443	0.0623	0.0365	0.2122	0.1704	-0.1409	0.0793	-0.0245	0.0368	0.1174	0.1926	-0.0873	0.1597	-0.2638	-0.1354	-0.0105	-0.0306	0.3077	0.3645	-0.2235	-0.0223	-0.08	0.0441	0.1207	0.3591	0.0158	0.5083	-0.1247	-0.1014	0.3	-0.0535	0.0145	-0.0396	-0.0032	0.0656	-0.3802	-0.1631	-0.2075	-0.128	-0.1461	-0.0473	-0.1703	0.1874	-0.0114	0.0997	-0.105	-0.0901	-0.1789	0.0106	-0.0481	0.0988	0.2228	-0.1901	0.0539	-0.2922	-0.013	-0.1901	-0.0605	-0.2228	0.1068	0.0193	-0.1035	-0.0377	-0.0905	0.193	-0.1485	0.1578	-0.043	-0.2843	-0.2839	-0.2223	0.0139	-0.3455	-0.2042	-0.3406	-0.0148	-0.0151	-0.0729	-0.0686	-0.0196	0.0064	0.0705	-0.1467	0.4102	-0.1865	-0.0415	-0.2825	-0.1263	-0.182	-0.0707	-0.3156	-0.0986	-0.0543	0.5141	-0.0023	-0.2812	-0.2445	-0.1012	0.1789	-0.1424	-0.0357	0.4766	-0.0756	-0.0395	0.38	-0.2745	-0.123	-0.0308	-0.0448	-0.2392	-0.0445	0.1957	-0.092	-0.0982	0.1943	-0.1184	-0.2583	0.0362	-0.0663	-0.0645	-0.0163	0.0754	-0.0128	-0.021	0.0464	0.0649	0.0524	-0.0077	-0.1269	-0.1073	-0.193	0.2332	-0.0225	-0.1836	0.1637	-0.0854	0.1805	-0.1329	-0.0431	-0.0464	0.0598	-0.104	0.0052	-0.2827	0.0519	0.0478	-0.0565	0.1215	0.5989	-0.2421	-0.0656	0.0398	-0.045	-0.1004	0.1439	0.0457	-0.1404	0.0889	-0.1739	0.1459	-0.0117	-0.1675	-0.0944	-0.0359	-0.0999	-0.1097	-0.0327	-0.1987	0.1907	0.0176	-0.0729	-0.1526	0.0213	0.0726	-0.1123	-0.0519	-0.0226	0.2477	0.0084	0.0947	-0.0152	-0.1435	-0.0302	-0.1613	-0.1191	-0.0571	-0.0577	-0.0286	0.4464	0.1745	0.1034	0.1146	-0.1183	0.0122	-0.0962	0.2867	-0.0309	-0.2056	0.0677	0.0058	0.091	-0.2544	0.1022	-0.024	-0.0475	-0.0139	-0.0864	-0.0356	-0.0326	-0.1003	-0.0426	-0.142	0.1564	0.1762	-0.1009	-0.0367	-0.0435	-0.0363	0.203	0.1027	0.4389	-0.0706	-0.1581	-0.255	0.0384	-0.0442	-0.0393	-0.3009	0.1075	-0.0463	-0.1239	0.1092	0.0647	0.1478	-0.0564	-0.0067	-0.0432	-0.1191	-0.1119	0.1019	1	0.551	0.1475	-0.2084	-0.0291	-0.03	0.0453	0.3702	0.0656	0.0994	0.141	-0.0421	-0.0986	-0.0658	0.0223	0.1704	-0.1819	-0.1582	-0.1138	-0.0281	-0.1923	0.0317	0.0556	0.0198	0.1293	-0.1431	-0.0423	-0.2101	0.0624	-0.0882	-0.2195	0.1187	0.4842	-0.0356	0.0011	-0.112	-0.0278	-0.1319	-0.0094	-0.0758	0.0778	-0.2328	-0.1467	0.5502	-0.0531	0.0071	0.1495	-0.0264	0.0996	0.1828	0.0626	0.0701	0.0514	-0.093	-0.0268	0.1146	0.2214	0.1328	0.1031	0.5013	-0.2681	-0.1079	-0.2892	-0.1063	-0.0217	-0.0771	-0.116	-0.1435	0.0573	0.0927	0.1494	-0.0706	0.0558	-0.0706	0.1831	0.0326	-0.0198	-0.1525	-0.2512
Sg_OA11r1_12	0.2438	-0.0885	-0.2758	-0.4906	-0.385	-0.1528	-0.1788	-0.2287	-0.0702	-0.131	-0.1426	0.8146	0.1259	0.045	0.1944	-0.016	-0.1483	-0.2389	0.1256	0.06	0.0449	-0.358	-0.5124	0.0576	-0.525	-0.3384	-0.2059	-0.4719	0.5429	0.6492	-0.5411	-0.2409	-0.3948	-0.4219	-0.03	0.7433	-0.2889	0.8818	-0.0778	-0.2402	0.3184	-0.1648	0.3177	0.1566	-0.2034	0.216	-0.4555	0.1187	-0.126	-0.1271	-0.2213	-0.0061	-0.2076	-0.0469	-0.0348	0.0126	-0.4232	-0.343	-0.0309	-0.1166	0.2153	0.3599	0.2436	-0.2707	0.0407	0.1505	0.0001	-0.096	-0.2232	-0.4242	0.3602	-0.0302	-0.1637	0.1072	0.2552	0.3149	-0.3524	-0.0617	0.2644	-0.0637	-0.1253	-0.0081	-0.4492	-0.3354	0.0169	-0.4586	-0.2286	-0.2187	-0.2794	-0.0135	-0.5516	-0.0758	-0.1099	0.0065	0.6449	0.1212	-0.2347	-0.2147	-0.2194	0.0528	-0.1617	-0.0332	-0.4758	-0.1387	0.8661	0.0398	-0.1437	-0.2459	0.0198	0.2836	-0.3292	0.2407	0.0226	0.2392	-0.0433	0.7572	-0.1499	0.1764	-0.0989	-0.0855	0.066	-0.0762	-0.066	-0.0035	-0.0015	-0.1629	0.0344	0.1033	-0.1547	0.1479	0.0624	-0.5625	0.2372	-0.1097	-0.3939	0.1817	0.0693	0.0212	-0.3547	-0.4486	0.1316	-0.0206	-0.2204	0.1095	-0.315	-0.0588	0.0606	0.3298	-0.0415	0.1126	0.2405	-0.0554	-0.1422	0.108	0.0123	0.1685	-0.4074	0.0598	0.0329	0.653	-0.2168	-0.0687	0.3685	-0.263	0.0206	0.3421	0.0624	0.2591	-0.0748	-0.3808	0.2534	0.1442	0.1881	-0.0132	-0.2538	0.1321	0.1324	-0.035	-0.0083	0.3742	-0.1365	0.1225	-0.3185	-0.0738	0.2819	0.1011	0.1824	0.0408	-0.2908	0.0334	0.2539	-0.4549	0.1181	0.0538	-0.0087	0.0559	-0.0163	-0.3065	0.0562	0.8447	0.2336	-0.367	0.1322	-0.0155	0.1596	-0.0507	0.2353	-0.0947	-0.3965	-0.4721	-0.1221	0.1216	-0.2758	-0.3309	0.1171	-0.3487	-0.368	-0.0872	-0.5109	0.0755	0.0059	0.0447	0.2301	-0.0924	0.3502	0.0983	0.1561	0.0085	-0.3119	-0.0344	0.0855	0.6371	-0.0064	0.0551	0.0193	0.2186	0.0064	0.0929	-0.3943	0.0323	-0.0946	-0.1823	-0.1767	0.1403	0.268	0.1882	0.1133	-0.1377	0.039	0.1707	-0.2547	0.551	1	-0.192	-0.1167	-0.1966	-0.0973	-0.1487	0.5945	-0.1587	-0.356	-0.0156	-0.3835	-0.1853	-0.0756	-0.2059	0.1838	-0.1507	-0.1546	0.2192	-0.4739	-0.0766	0.0376	0.1859	0.0517	0.1785	0.1146	-0.0859	-0.001	0.0565	-0.5452	-0.1213	0.2845	0.828	0.0039	0.0213	0.0875	0.0163	-0.3399	-0.1437	-0.2163	-0.5036	-0.1305	-0.5226	0.8872	-0.3689	-0.3216	0.0632	-0.0499	-0.425	0.0999	-0.3531	-0.1303	-0.5561	-0.2961	-0.2541	-0.4591	-0.1904	-0.2387	0.0738	0.7349	-0.1272	-0.4511	-0.3488	-0.1388	-0.1328	0.1727	-0.1485	0.1301	-0.34	-0.1919	-0.229	-0.0874	0.0864	0.1021	0.2574	-0.01	-0.5022	-0.3056	0.1789
Sg_OA11r1_9	-0.1626	0.5143	0.3547	0.4114	0.258	0.0407	0.2917	0.1168	0.5149	0.1466	0.256	-0.2302	-0.2452	0.3859	-0.0991	0.124	0.0912	0.3638	-0.2312	-0.0378	0.2039	0.2267	0.0516	0.0815	0.2486	0.0278	0.0798	0.048	-0.2976	-0.2725	0.0256	-0.0093	0.1118	0.477	0.3412	-0.1813	0.4406	-0.1241	0.0053	0.1913	0.0245	0.0301	-0.0885	0.0631	0.2443	-0.1362	0.0733	-0.2425	-0.1177	0.0167	0.3332	0.1254	0.1109	0.3194	0.0371	0.1916	0.1308	0.0272	-0.0977	0.2968	-0.1957	-0.1729	-0.2624	0.1618	-0.2126	-0.2157	0.0111	-0.0622	0.1469	0.3356	-0.1268	-0.1264	0.2602	-0.0526	-0.101	-0.0866	0.1906	0.3707	-0.107	-0.1521	-0.1615	-0.193	0.4031	-0.1468	-0.2651	0.0268	0.003	-0.1441	-0.023	-0.2671	0.115	-0.2271	0.3684	-0.2604	-0.2411	-0.1535	0.0816	-0.263	0.212	-0.1415	-0.132	0.0467	0.2035	-0.1171	-0.1794	-0.1428	-0.1641	-0.0395	-0.3057	-0.1871	-0.0007	-0.4197	-0.022	-0.2923	-0.1565	-0.0169	-0.2893	-0.2936	-0.0447	0.0619	-0.2803	0.0536	0.3619	-0.1663	-0.2946	0.1054	-0.3133	-0.2512	-0.0928	-0.1759	-0.0825	0.3841	-0.1493	0.3389	0.348	-0.1227	-0.1739	-0.0501	0.3811	0.1371	-0.1885	-0.1118	0.5586	-0.2101	0.336	0.2578	-0.1111	0.0674	0.0946	-0.2283	-0.2019	-0.0149	-0.0333	0.0107	0.0378	-0.074	0.4219	-0.2264	0.0254	-0.2084	0.0523	-0.2911	-0.2831	0.0763	-0.1107	0.0884	-0.0394	-0.3691	-0.1835	0.3029	0.0109	-0.2406	-0.3266	-0.0574	0.0452	-0.2518	-0.1955	0.1544	0.1142	-0.3442	0.1337	-0.3059	-0.1442	0.0299	-0.0877	-0.1643	-0.3535	0.1016	0.325	-0.2722	-0.1605	-0.0262	-0.2914	-0.1168	-0.3401	-0.1656	-0.1581	0.255	-0.2497	-0.1894	0.1099	0.538	0.125	-0.0314	-0.0655	-0.2156	0.1956	0.1296	0.3623	0.3473	0.1182	-0.2896	-0.1261	0.4975	-0.2128	0.3483	0.4833	-0.0966	0.2689	0.1137	0.0765	-0.2099	-0.1293	0.4249	-0.0768	-0.0869	-0.3269	-0.1759	0.233	0.3614	-0.0509	-0.3612	0.0409	-0.1312	-0.1119	-0.1452	0.0874	-0.2695	-0.1004	0.2328	-0.0013	0.0989	0.367	-0.1132	-0.1237	-0.1706	0.0655	0.0979	-0.2234	-0.2592	0.4671	0.1475	-0.192	1	0.0201	0.2611	-0.0535	-0.0083	-0.1188	0.2248	0.5333	0.0106	0.0296	0.3809	-0.1305	0.2739	-0.0722	0.2344	-0.0609	-0.2657	0.2455	-0.0524	0.0331	-0.0156	-0.1395	-0.0827	-0.1767	0.1585	-0.0385	-0.0288	0.3082	-0.3037	-0.1443	-0.054	0.1348	0.0374	-0.0921	-0.2188	-0.0348	-0.1119	0.2563	0.2612	0.337	0.2489	-0.1338	0.1949	0.5676	0.1112	-0.0965	0.5393	-0.0513	0.483	-0.0808	0.3379	-0.2473	0.4581	0.1974	0.6427	0.0341	0.0984	-0.3371	-0.2759	0.1616	-0.2093	0.1367	0.1157	-0.2347	-0.0157	-0.21	0.4341	0.2603	0.3852	0.2869	-0.1495	-0.2074	0.0775	0.1521	0.2432	0.179	-0.2107
Sg_OA13r1_14	0.0672	0.0109	-0.0366	-0.0455	0.1279	-0.3211	-0.0256	-0.2318	0.0284	-0.2142	0.0011	-0.0953	-0.1486	0.2493	-0.3709	-0.1311	0.4067	-0.0158	-0.1145	-0.1256	0.2683	-0.2655	-0.2645	-0.0064	0.0991	0.0981	-0.081	-0.1581	-0.1225	0.0585	-0.1162	-0.0433	-0.2339	0.0942	0.254	-0.0716	0.2138	-0.0716	0.0384	-0.1021	-0.1542	0.1136	0.1381	0.6002	0.1862	-0.3056	-0.0529	0.2015	-0.1758	-0.0815	-0.1372	-0.1197	-0.2158	0.0062	-0.1673	0.099	-0.1058	-0.1657	0.2551	0.2592	-0.064	0.147	0.0936	-0.0532	-0.1091	0.0499	0.1708	0.0414	-0.1702	0.2057	0.036	-0.2694	0.2108	0.3831	0.2051	0.0453	0.0204	0.112	0.1845	0.2657	-0.1782	0.1916	0.0502	0.3234	0.0417	0.0696	-0.0097	-0.1442	0.2498	0.0422	-0.0644	-0.2378	0.2075	-0.1251	-0.0051	0.0165	-0.0796	0.2025	-0.078	0.0399	-0.2764	0.0685	-0.1612	0.0942	-0.0815	-0.1972	-0.0511	0.2079	0.0032	-0.3919	-0.1986	-0.0058	-0.2751	0.2271	-0.1429	-0.0212	0.2121	0.2004	-0.2455	-0.2243	0.1723	0.1743	0.0723	-0.1437	0.0258	-0.3601	0.0594	0.21	-0.1657	0.2805	0.3372	0.0027	0.3214	0.0293	0.2152	-0.1141	-0.2503	-0.195	0.1072	-0.2294	0.2277	-0.1425	-0.0519	0.0301	0.2214	-0.0934	-0.0645	0.0373	0.1623	0.0022	-0.1583	-0.3435	-0.1356	0.1046	-0.0103	-0.2136	0.0352	-0.12	0.1998	-0.071	0.1462	-0.2193	0.0719	-0.1098	-0.2212	-0.0504	0.0092	0.1096	-0.4374	0.4105	0.1163	-0.1235	0.1163	-0.1559	0.0414	-0.095	-0.106	0.2064	-0.0797	-0.2361	-0.2273	0.0359	-0.0331	-0.216	0.1079	0.0201	-0.1384	0.2936	-0.1506	-0.2246	-0.0626	-0.3484	-0.1427	-0.1849	0.121	0.1149	-0.1329	0.044	-0.1336	-0.0032	0.0503	0.0062	0.498	0.1861	0.1124	-0.0274	-0.0412	0.147	0.1067	-0.0197	-0.047	-0.1933	0.1676	0.0539	-0.049	0.1167	0.2624	-0.1264	-0.1547	0.197	0.3216	0.1928	0.256	0.1826	0.063	0.1773	0.156	-0.0951	0.0143	0.0924	0.0776	-0.1037	0.2572	0.3695	0.0412	-0.0831	0.0721	-0.1231	0.1299	0.0448	-0.2889	-0.075	0.0945	-0.0129	-0.0211	0.0367	0.3191	-0.1135	0.249	0.0435	0.113	-0.2084	-0.1167	0.0201	1	0.0947	0.4037	-0.1318	0.0221	-0.1712	0.0228	-0.2256	-0.2899	-0.0542	-0.2249	-0.1073	0.1244	0.3945	0.0337	0.2009	-0.1405	0.1394	0.1271	-0.075	-0.0901	-0.0735	-0.1406	0.0547	0.2277	-0.2169	-0.0668	0.0795	0.1091	-0.0517	0.2173	0.1339	0.084	-0.1629	-0.1417	-0.2298	0.2235	-0.3493	0.1128	-0.0336	-0.0591	0.0723	0.0463	0.3806	-0.1318	-0.0876	-0.0004	-0.0643	-0.3959	0.0427	-0.3356	0.2052	-0.2912	0.1063	-0.2691	-0.2285	-0.1075	-0.0538	-0.2537	0.0699	-0.0294	-0.0757	-0.05	-0.2202	0.2868	0.1663	0.1763	-0.2262	0.0885	-0.3541	-0.0552	0.0969	-0.3079	-0.1125	-0.0209	-0.0302
Sg_OA13r1_52	-0.2898	0.2733	0.1593	0.2086	0.207	0.091	0.2708	0.1994	0.3296	-0.0183	0.2738	-0.3047	-0.0922	0.1189	-0.1427	0.1116	0.2405	0.1894	-0.0937	0.0006	0.1075	0.3044	0.2311	0.119	0.1336	-0.1119	0.2182	-0.0722	-0.1457	-0.291	0.1696	0.1099	0.288	0.2881	0.1974	-0.2311	0.3223	-0.1993	0.3299	0.131	-0.0949	0.0922	-0.2449	0.116	0.0426	-0.0114	0.1233	-0.2274	-0.0595	0.041	0.1994	0.4133	0.1038	0.1124	-0.0174	0.3152	0.3093	0.0303	0.1761	0.2471	-0.2648	-0.2996	-0.2073	0.3236	-0.0256	-0.1851	-0.0174	-0.1331	0.1706	0.214	-0.2972	0.0183	0.1609	-0.1711	-0.1827	-0.1847	0.0869	0.2483	-0.3059	-0.0404	-0.1545	0.0769	0.3465	-0.0227	-0.3231	0.0098	-0.0383	-0.3002	0.1424	-0.1313	0.1372	-0.3214	0.7729	0.0129	-0.0281	0.0654	0.0458	-0.1001	0.0834	0.082	-0.2004	0.2042	0.1375	-0.1941	-0.2315	-0.1154	0.0921	-0.1802	-0.3523	-0.3535	0.0301	-0.3209	0.0002	-0.1394	-0.0508	-0.2106	0.1397	-0.234	0.0145	-0.0413	-0.218	0.0224	0.2394	-0.1381	-0.2043	0.0197	-0.2159	-0.2652	-0.2539	-0.1328	0.0267	0.3399	-0.1152	0.2348	0.2027	-0.3426	-0.1958	-0.1436	0.2599	0.2505	-0.1265	-0.2488	0.316	-0.0068	0.2252	0.2289	-0.2472	0.0009	0.202	0.0021	-0.224	0.0566	-0.1896	0.1552	-0.3071	-0.152	0.3844	-0.024	-0.148	-0.3765	0.0723	-0.1668	-0.1702	0.0295	-0.074	0.0601	0.0223	-0.1964	-0.124	0.3227	-0.2517	-0.1524	-0.296	0.03	-0.0188	-0.3175	-0.2906	0.154	0.0858	-0.3284	0.1816	-0.3987	-0.0675	0.1424	-0.2736	0.1525	-0.2978	0.232	0.4362	-0.1539	-0.3387	-0.058	-0.2886	-0.2503	-0.1839	0.1531	-0.2774	0.356	-0.0407	-0.292	0.081	0.3281	-0.0148	0.2166	-0.3146	-0.2356	-0.0178	0.3454	-0.0128	0.2933	-0.061	-0.0937	-0.0407	0.3078	-0.0333	0.2664	0.3776	0.0608	0.2198	-0.0878	0.14	-0.1659	-0.134	0.3948	-0.2167	0.0468	-0.2653	-0.2312	0.2701	0.0753	0.0908	-0.3829	0.006	-0.1443	-0.1232	0.0516	-0.1886	-0.1165	-0.0882	0.2687	0.1469	-0.0154	0.2859	-0.3512	-0.0243	-0.1696	0.2479	-0.026	-0.084	-0.2263	0.3543	-0.0291	-0.1966	0.2611	0.0947	1	0.3278	-0.045	-0.0685	0.1625	0.3529	0.0541	-0.0923	0.2035	-0.2204	0.281	-0.215	0.2654	0.0566	-0.1164	0.2412	0.3309	-0.238	-0.2246	-0.0217	-0.1402	-0.2939	0.2993	0.0018	-0.2082	0.3438	-0.2807	-0.1897	-0.081	0.0141	-0.1054	0.0236	-0.0885	0.0648	-0.2817	0.1648	0.1939	0.2907	0.1528	-0.2103	0.0395	0.2926	0.1839	-0.2551	0.3311	-0.302	0.3553	0.0032	0.3142	-0.0914	0.209	0.1095	0.3116	-0.0614	0.0827	-0.3128	-0.1775	0.2784	-0.3005	-0.0396	0.2603	-0.3142	-0.0031	0.0028	0.3456	0.3851	0.4304	0.1836	-0.2093	-0.2304	-0.2861	0.0626	0.2976	-0.0013	0.0139
Sg_OA7r2_37	-0.1492	0.0051	-0.0881	-0.0871	0.0084	-0.0887	-0.0324	0.0158	0.0165	-0.1739	0.1665	-0.1172	-0.0848	0.185	-0.2873	-0.0267	0.2466	0.0744	-0.1482	-0.0487	0.1218	-0.049	-0.0897	0.0896	0.02	0.0882	-0.0065	-0.2061	-0.0198	0.0031	0.0246	-0.0614	0.0506	0.1218	0.2918	-0.0732	0.1956	-0.0331	0.0422	0.0031	-0.0769	0.0866	0.0187	0.2666	0.2646	-0.3237	-0.2632	-0.0418	-0.1258	0.017	-0.0724	0.0289	-0.044	-0.0622	-0.0837	0.3549	0.0548	-0.1195	0.2721	0.4619	-0.3331	-0.14	0.1125	-0.1148	-0.146	-0.1211	0.4108	0.0904	-0.1076	0.0213	0.1165	-0.0899	0.0379	0	0.0646	0.1368	-0.0653	0.1452	-0.0852	-0.0255	-0.1314	-0.0063	0.2158	0.2071	-0.1207	-0.1114	-0.21	-0.1854	0.0846	-0.0614	0.0944	-0.101	0.5242	-0.1123	0.0425	-0.0021	0.0764	-0.0985	-0.0659	-0.1266	-0.1458	0.2041	-0.1149	0.0948	-0.0141	-0.1231	-0.0403	-0.0562	-0.1198	-0.3727	-0.14	-0.1819	0.1429	0.1953	-0.0859	-0.0675	0.0765	0.103	0.0661	-0.073	-0.0002	0.4912	0.1101	-0.1428	-0.1774	-0.1487	0.0139	-0.0405	-0.1537	0.0428	0.4365	0.1177	0.1638	0.0336	0.2555	-0.0007	-0.2622	-0.1415	0.2151	-0.0252	0.1025	-0.4404	-0.0135	-0.0786	0.2664	0.045	-0.3055	-0.0816	-0.0426	-0.0242	-0.3613	-0.0301	-0.3463	0.0987	-0.2299	-0.1282	0.0897	-0.0762	0.2929	-0.0713	0.303	-0.1611	0.0335	-0.1078	-0.3831	-0.0515	0.1007	0.0128	-0.3127	0.3442	0.2453	-0.1464	-0.017	-0.1072	0.0202	-0.3097	-0.0946	0.1171	-0.1374	-0.3535	-0.2694	-0.1295	-0.293	-0.0433	0.2024	0.0331	-0.3104	0.3698	0.052	-0.1495	0.0875	-0.2234	-0.2161	-0.4629	-0.0948	0.4658	-0.357	0.0574	-0.1499	-0.0383	0.058	0.0502	0.2187	0.164	-0.0591	-0.1494	-0.152	0.5121	0.1065	0.2083	-0.1244	-0.1723	-0.0178	0.0587	-0.0817	-0.096	0.2581	-0.1163	-0.1676	-0.0065	0.5429	0.2749	-0.029	0.3731	0.1377	0.1834	0.1484	-0.2802	0.1233	0.1079	0.3339	-0.0965	0.3536	0.1387	-0.2023	-0.1503	-0.0829	-0.1718	-0.0709	0.2417	0.0016	-0.0886	0.0579	0.0119	0.118	0.0473	0.3945	-0.0865	0.108	-0.1298	0.1855	-0.03	-0.0973	-0.0535	0.4037	0.3278	1	0.157	0.0924	-0.0246	0.0991	-0.0832	-0.2014	-0.0444	-0.4014	-0.117	0.3322	0.4595	0.1023	-0.0398	0.075	0.5202	-0.0508	0.1594	-0.1093	-0.1823	-0.2995	0.2747	0.199	-0.0889	0.0421	-0.1131	0.1565	0.0224	-0.0781	0.069	0.0329	-0.0781	-0.1661	-0.3052	0.0409	-0.0978	0.1322	-0.0529	-0.0107	0.1145	0.0701	0.5501	-0.3093	0.0207	-0.0125	-0.0136	-0.114	0.1774	-0.1098	0.3494	-0.2129	0.0999	-0.1833	-0.0633	-0.0359	-0.1761	0.0287	-0.1553	0.0683	0.1482	-0.2028	-0.1281	0.0539	0.0595	0.7142	0.3097	-0.0437	-0.2376	-0.2811	0.1143	-0.1192	-0.125	-0.0173	0.0215
Sg_OA7r2_38	-0.2116	-0.024	0.0069	0.187	-0.0381	0.1261	0.1678	0.1492	0.0909	0.1982	0.0848	-0.2556	0.0942	-0.0714	0.1208	-0.0893	0.0207	0.1105	0.0955	0.2034	0.0942	0.2977	0.1153	0.343	0.1478	0.0642	0.0235	0.1104	-0.2163	-0.2152	0.0971	0.0143	0.236	0.2375	0.1142	-0.2024	-0.0177	-0.2068	0.1196	-0.0424	-0.0894	-0.0735	-0.1637	0.0135	0.109	-0.0973	-0.0386	-0.1387	-0.0436	0.0867	0.0312	0.1255	0.1678	0.129	-0.0281	0.1174	0.0207	0.1631	-0.0142	-0.0188	-0.1763	-0.2755	0.0401	-0.04	0.1034	-0.2796	-0.0081	0.0417	0.3555	0.1603	0.0398	0.2335	0.018	-0.2798	-0.212	0.0468	-0.0702	0.095	0.1007	-0.1819	0.0527	-0.0645	0.076	0.1416	-0.0596	0.0972	0.1671	0.1675	-0.0696	-0.0698	0.3633	0.1386	0.006	-0.1598	-0.1237	-0.2475	0.2864	-0.0667	-0.0554	-0.232	0.0344	-0.2235	0.1815	0.0734	-0.2904	0.1977	-0.0413	-0.1317	-0.1302	-0.0566	0.1209	0.0867	0.0387	-0.1574	-0.0284	-0.2572	-0.0514	-0.1599	0.0827	-0.047	-0.1438	0.0224	0.0956	0.1751	-0.0837	0.2144	-0.1141	-0.1132	0.2867	-0.1381	0.0331	0.1942	-0.0576	-0.0194	0.1253	0.091	0.2482	-0.0231	-0.0235	0.1107	-0.1688	-0.2416	0.1372	0.0624	-0.0314	0.0999	-0.1361	-0.1062	-0.0101	0.0108	-0.1854	0.0924	-0.0881	0.2053	-0.0748	-0.0348	-0.0301	0.1315	0.0562	-0.1862	0.1427	0.1768	0.0013	0.1587	-0.0279	-0.1172	0.1128	-0.0458	0.177	-0.0645	0.0474	0.0556	-0.1298	-0.0594	0.0362	-0.2307	-0.0836	-0.2718	-0.1433	-0.1595	-0.0673	0.005	-0.1005	0.2957	0.101	-0.2669	0.0464	-0.0746	0.2116	0.1853	-0.0263	0.2739	-0.1536	-0.017	-0.0046	0.2018	-0.0951	-0.011	0.0768	-0.1999	-0.0634	0.1789	-0.0276	0.0423	0.0362	-0.1195	-0.1403	-0.0104	-0.0352	0.2528	-0.232	0.2076	0.0916	0.1645	0.0685	-0.0337	0.0317	-0.0062	0.1798	0.1484	0.0084	0.0638	-0.2476	0.0256	0.046	-0.092	0.0479	-0.0942	0.2085	0.0889	0.3456	-0.1298	0.0382	-0.2038	-0.1841	-0.2459	0.0828	0.0819	0.0344	-0.0257	0.0675	-0.063	0.1697	0.0331	-0.1441	-0.1688	0.0537	-0.0712	-0.0038	-0.188	0.1651	0.0453	-0.1487	-0.0083	-0.1318	-0.045	0.157	1	-0.0157	-0.0513	0.1692	0.0455	0.1795	-0.1133	-0.0316	0.1657	0.0321	-0.0079	-0.0765	-0.1856	0.2263	0.1154	-0.0125	0.0976	0.1016	-0.1854	-0.1644	0.1547	-0.0768	-0.0724	0.0905	0.0702	-0.0696	-0.2043	-0.164	0.002	-0.1773	0.096	-0.0175	0.0612	-0.0061	0.2735	-0.0141	0.0331	-0.2359	0.1896	0.0464	0.0406	-0.009	0.1213	-0.0712	0.1283	0.3118	0.2223	0.1487	-0.0789	0.1742	0.0925	0.0468	-0.0139	-0.1785	0.0468	0.0925	-0.0257	-0.0183	0.1158	-0.1228	-0.0695	-0.069	0.1435	0.1148	0.1918	0.0136	0.0188	-0.1652	0.098	-0.0666	0.1511	-0.0632	-0.0869
Sg_OA7r2_4	0.1148	-0.0964	-0.0841	-0.3944	-0.3038	-0.0472	-0.0985	-0.2021	-0.0615	-0.1042	-0.2795	0.6061	0.0402	0.0326	0.1536	0.0982	-0.1485	-0.3796	0.0779	0.022	0.073	-0.3147	-0.3911	0.2039	-0.5087	-0.2286	-0.1716	-0.4179	0.5072	0.6826	-0.4262	-0.0962	-0.27	-0.3523	0.0846	0.5656	-0.1588	0.4864	0.0399	-0.1321	0.1736	0.0214	0.2907	0.2292	-0.1091	0.3673	-0.2324	0.2531	0.0763	0.0375	-0.1426	-0.0203	-0.205	-0.0221	-0.0563	0.0856	-0.3469	-0.2808	0.1067	0.0175	0.0077	0.5016	0.1495	-0.2902	0	0.059	-0.0018	0.0568	-0.1005	-0.1329	0.2106	-0.0101	-0.0936	0.1267	-0.0148	0.2087	-0.1167	0.0097	0.0906	0.0763	0.0973	0.1941	-0.3231	-0.2666	-0.1667	-0.1739	-0.19	-0.2904	-0.0648	0.019	-0.3732	-0.0984	0.0145	0.0266	0.7162	0.1204	-0.1348	-0.0918	-0.1754	0.0471	-0.0996	0.0274	-0.465	0.0055	0.5833	0.0125	-0.0714	-0.2924	0.1359	0.0795	-0.2125	-0.0496	0.094	0.3121	0.1394	0.3963	0.0965	0.2031	-0.0619	-0.1395	0.2747	-0.0723	0.0124	-0.0847	-0.0103	-0.2366	0.0514	0.1907	-0.0419	0.1757	0.0724	-0.3512	0.0427	-0.1794	-0.2407	0.151	-0.0381	0.0175	-0.1812	-0.366	0.0791	-0.1899	-0.2444	0.0806	-0.1132	-0.1297	-0.172	0.1136	-0.0767	0.1514	-0.0281	-0.0029	-0.2913	0.0604	-0.132	0.1603	-0.2161	0.0329	0.0497	0.3999	-0.1315	-0.1623	0.2375	-0.2086	-0.1914	0.1731	0.0568	0.0134	-0.0156	-0.1825	0.2375	0.1067	-0.029	0.0153	-0.2729	-0.0302	0.1792	-0.0097	-0.185	0.3376	0.0542	-0.0263	-0.2741	-0.1164	0.2519	0.0993	0.1867	0.0121	-0.2975	-0.0708	0.1404	-0.31	-0.0676	-0.223	-0.0958	0.0254	-0.1787	-0.2646	-0.0454	0.5027	0.1541	-0.348	0.17	0.0554	-0.0567	0.0305	0.3001	0.0203	-0.279	-0.3378	0.0644	-0.0169	-0.1519	-0.3551	0.0813	-0.1845	-0.372	-0.0964	-0.4005	0.0689	-0.0229	0.1347	0.2242	0.071	0.2641	0.1398	0.3524	-0.1803	-0.1397	-0.0752	0.2627	0.52	0.089	0.1279	-0.1814	0.2047	-0.0413	0.001	-0.3156	0.1076	-0.0457	-0.0609	-0.1916	0.0024	0.2636	0.2171	0.0199	-0.0686	0.1319	0.192	-0.2051	0.3702	0.5945	-0.1188	0.0221	-0.0685	0.0924	-0.0157	1	-0.1033	-0.342	-0.1368	-0.2995	-0.1305	-0.2425	-0.2524	0.3001	-0.0769	0.1037	0.3346	-0.2963	-0.0709	-0.0266	0.1651	0.0073	0.2601	-0.1683	-0.0464	0.0656	0.1211	-0.3698	0.0149	0.3585	0.4375	-0.0606	-0.0185	-0.0247	-0.0872	-0.2472	-0.2421	-0.1074	-0.3511	-0.1524	-0.3386	0.5378	-0.3437	-0.3267	0.1432	-0.1917	-0.4285	0.1137	-0.1712	-0.124	-0.4021	-0.3322	-0.0708	-0.3931	-0.0235	-0.2251	0.0653	0.5172	-0.223	-0.2621	-0.3781	-0.1784	0.0418	0.0425	-0.2164	0.2296	-0.2394	-0.0324	-0.2176	-0.196	0.0944	-0.0812	0.3119	0.0606	-0.3953	-0.297	0.2271
Sg_OB03r2_1	-0.2254	0.425	0.2616	0.0533	0.1275	0.0123	0.1162	0.0323	0.3562	0.2386	0.3312	-0.2234	-0.1592	0.0434	-0.2535	0.7847	0.0305	0.1802	-0.3223	-0.1692	0.0825	0.0786	0.1586	0.0668	0.2102	0.0346	0.0361	0.0889	-0.0641	-0.2128	0.0028	-0.1069	0.0536	0.2665	0.1921	-0.2226	0.3657	-0.2152	-0.0331	0.001	-0.2486	-0.0553	-0.2231	-0.1488	0.2357	-0.0677	0.1499	-0.3194	-0.0222	-0.0275	0.1168	0.1393	-0.0767	0.1561	0.0791	0.0734	0.002	-0.0432	0.1095	0.3405	0.1334	-0.1339	-0.0989	-0.0571	-0.3307	-0.211	0.1303	-0.0727	0.0584	0.1577	0.0156	-0.248	0.1419	-0.0087	0.024	0.1415	0.2801	0.2844	-0.1051	-0.2463	-0.1105	-0.1088	0.3228	-0.0288	-0.0117	0.1365	0.0067	0.1714	0.1057	-0.2622	0.0374	-0.2287	0.1318	-0.1466	-0.2016	-0.214	-0.0163	-0.2723	0.0357	-0.0391	-0.0075	0.0883	0.175	-0.2312	-0.1356	-0.1403	-0.1472	0.0598	-0.3219	-0.052	0.1133	-0.2519	0.2791	-0.1612	-0.058	-0.2283	-0.1792	-0.1548	0.1376	0.1125	-0.2774	0.129	0.2619	-0.2375	-0.2213	0.0977	-0.001	-0.3102	-0.0216	-0.2694	-0.0115	0.288	-0.1683	0.1942	0.1745	-0.0087	-0.3031	0.1062	0.3446	0.0835	-0.1947	0.1099	0.3499	-0.4196	-0.0043	0.1351	0.1354	-0.0329	0.0011	-0.3756	0.094	0.0602	0.1963	-0.154	-0.1727	-0.1936	0.2029	-0.2097	0.0368	-0.1745	-0.0557	-0.1816	-0.4519	0.1606	-0.0876	0.0586	-0.0069	-0.4039	-0.0216	0.11	0.2032	-0.367	-0.1036	-0.0804	-0.1254	0.1072	-0.2135	-0.0442	-0.0668	-0.1664	0.0108	-0.106	0.0786	0.0399	0.0347	-0.1567	-0.3074	-0.0974	0.3678	-0.2056	0.0336	0.0702	-0.0891	0.1021	-0.2889	-0.0136	0.2542	0.127	-0.2724	-0.2464	0.0994	0.4032	-0.0243	0.0846	-0.1106	-0.258	0.1286	0.013	0.0865	0.1924	0.572	-0.3317	-0.0857	0.4107	-0.3623	0.2468	0.3804	0.0084	0.1845	-0.1092	-0.0573	-0.1623	-0.2488	0.127	0.0954	-0.1345	-0.2037	0.2573	0.2882	0.3911	0.0137	-0.1301	-0.1259	-0.3177	-0.2133	0.0592	-0.0188	-0.2482	-0.0704	0.3139	0.0795	-0.0478	0.2704	0.0837	0.0338	-0.1663	-0.1171	-0.0496	-0.2151	-0.2996	0.2233	0.0656	-0.1587	0.2248	-0.1712	0.1625	-0.0246	-0.0513	-0.1033	1	0.3962	0.1436	0.1766	0.2708	0.1169	0.332	0.0094	0.0298	-0.0585	-0.3896	0.2018	0.0685	0.0854	0.1201	-0.3235	0.1954	0.108	0.1148	-0.206	0.0429	0.126	-0.2559	-0.1014	-0.1653	0.23	-0.0832	-0.1904	-0.1357	0.1765	0.101	0.2614	0.3517	0.1182	0.2847	-0.1702	0.3951	0.1906	-0.1631	0.1871	0.4242	-0.0646	0.2583	-0.0709	0.2445	-0.0318	0.1693	0.3178	0.347	0.5214	0.0522	-0.0875	-0.1272	0.295	-0.1569	-0.0961	0.1293	-0.1667	0.0065	-0.2831	0.3192	0.1111	0.2175	0.219	-0.0115	0.1741	0.1612	0.2316	0.0572	0.0076	-0.1375
Sg_OB03r2_39	-0.4925	0.6362	0.4851	0.4928	0.3994	0.0697	0.4403	0.2069	0.6478	0.3966	0.4942	-0.4917	-0.128	0.2535	-0.2628	0.2287	0.1136	0.4246	-0.2124	0.0062	0.1504	0.4386	0.4413	0.3794	0.5108	-0.0863	0.2708	0.2198	-0.5336	-0.4589	0.4085	-0.1383	0.4356	0.8665	0.2346	-0.5262	0.771	-0.3845	0.3081	0.0452	-0.0912	-0.1682	-0.566	0.0157	0.3589	-0.3712	0.1566	-0.6076	-0.1259	-0.0465	0.2704	0.448	0.0373	0.5452	0.0619	0.4193	0.5805	0.3241	-0.0158	0.3528	-0.0384	-0.5537	-0.2493	0.3472	-0.1085	-0.4066	0.3263	-0.3556	0.4559	0.6198	-0.4089	-0.039	0.2747	-0.2709	-0.2926	-0.2497	0.3697	0.5749	-0.2438	-0.2943	-0.2749	-0.3027	0.8203	-0.0888	-0.1229	0.1546	0.2851	-0.0674	0.0909	-0.4209	0.2999	-0.2189	0.3821	-0.412	-0.4242	-0.3762	0.135	-0.2547	0.1373	-0.2034	-0.1569	-0.1386	0.4425	-0.2892	-0.4067	-0.0514	-0.1723	-0.084	-0.6407	-0.1558	0.1819	-0.3317	0.0861	-0.5775	-0.1213	-0.3625	-0.4199	-0.637	0.0399	0.0537	-0.6139	0.3869	0.5971	-0.1443	-0.4787	0.4695	-0.3077	-0.6085	-0.2784	-0.4722	-0.0404	0.8029	-0.0717	0.6231	0.3927	-0.4758	-0.1585	0.0064	0.6125	0.5457	-0.5337	-0.1259	0.8572	-0.2711	0.293	0.5718	0.017	0.0812	0.3622	-0.2146	-0.1102	-0.0151	0.1951	-0.1305	-0.3126	-0.4445	0.3427	-0.0365	-0.1796	-0.2742	0.1449	-0.1883	-0.4027	0.3422	-0.2823	0.1067	-0.2563	-0.4646	-0.1914	0.448	-0.1819	-0.3029	-0.4406	-0.132	-0.0635	-0.2151	-0.6552	0.0585	-0.2744	-0.5069	0.0438	-0.4766	0.0858	0.3409	-0.3124	-0.2473	-0.6466	-0.0503	0.6954	-0.1901	-0.3104	0.1778	-0.4889	0.0474	-0.4145	0.0204	0.0179	0.6176	-0.1304	-0.4054	0.1153	0.93	-0.003	0.2571	-0.3122	-0.4716	0.2423	0.1493	0.3415	0.7332	0.2257	-0.2689	-0.2049	0.929	-0.1982	0.6617	0.8279	-0.1739	0.5676	-0.0201	0.0514	-0.402	-0.5524	0.4425	-0.3426	-0.4597	-0.6616	0.0449	0.5783	0.4107	0.2055	-0.2918	-0.0958	-0.3834	-0.3327	-0.3659	-0.1617	-0.2499	-0.1737	0.1939	0.0285	-0.0992	0.7887	-0.1597	-0.1527	-0.5099	0.0385	-0.1125	-0.453	-0.6502	0.419	0.0994	-0.356	0.5333	0.0228	0.3529	0.0991	0.1692	-0.342	0.3962	1	0.3524	0.2476	0.5188	0.1451	0.6635	-0.2947	0.3025	-0.2335	-0.6231	0.6028	0.1973	-0.1128	-0.3074	-0.1387	-0.1674	-0.1128	0.2399	-0.2408	-0.3419	0.5263	-0.4396	-0.3751	-0.2838	0.3005	-0.0716	-0.182	-0.147	0.1749	0.0386	0.5097	0.5718	0.4527	0.5259	-0.3412	0.5481	0.7371	-0.06	0.1119	0.9328	-0.3688	0.687	0.1408	0.7851	-0.002	0.2727	0.5352	0.6162	0.3265	0.0422	-0.373	-0.3144	0.3111	-0.1391	0.0279	0.2999	-0.6135	-0.1226	-0.4305	0.8823	0.3617	0.5228	0.5187	-0.3319	-0.0243	-0.2144	0.0192	0.6001	0.189	-0.5907
Sg_OB03r2_6	-0.0353	0.0078	0.1679	0.2586	0.243	0.2923	0.124	0.3973	0.1408	0.1532	0.0389	-0.0066	-0.0289	-0.2333	0.1162	0.0679	-0.1115	0.0428	-0.0675	-0.1395	-0.1496	0.3416	0.4335	0.0513	0.3267	-0.2245	0.0281	0.4146	-0.141	-0.0627	0.3423	-0.0371	0.3278	0.2014	-0.0177	-0.0931	0.1658	-0.0176	0.1287	0.0252	0.1767	-0.2251	-0.4817	-0.0242	-0.1907	0.0889	0.2324	-0.3567	0.1368	0.3149	0.1763	0.2558	0.2585	0.1369	0.2536	0.006	0.4296	0.3455	-0.1165	-0.1406	-0.0309	-0.3613	-0.2837	0.2679	0.0214	-0.4211	0.0295	-0.3252	0.2008	0.1244	-0.3412	0.048	-0.2422	-0.1305	-0.2344	-0.2952	-0.0178	0.0868	-0.2548	-0.2631	0.0974	-0.1611	0.1743	-0.1495	-0.0929	0.1442	0.0172	-0.047	0.0523	-0.1643	0.105	0.2673	-0.0695	0.0438	-0.0981	-0.0755	0.0435	-0.0915	0.1556	0.0558	0.2264	0.0932	0.439	-0.1855	0.0104	-0.0831	0.2636	0.02	-0.1589	0.2715	0.3547	0.0799	0.2935	-0.4791	0.2791	-0.0489	-0.2935	-0.4434	0.3243	0.297	-0.3887	0.1121	0.1348	-0.0291	-0.1141	0.4043	0.0005	-0.4369	-0.1598	-0.3227	-0.151	0.3438	0.0511	0.0626	-0.0639	-0.227	-0.0871	0.2436	-0.0124	0.5748	-0.3196	-0.012	0.3037	-0.268	-0.1107	0.2485	0.0084	-0.2166	0.2989	-0.2168	0.0345	0.2604	0.1742	-0.2159	-0.0053	-0.134	0.026	-0.0529	-0.2718	0.0477	-0.278	0.0646	-0.1	0.4467	0.0421	0.0767	-0.3485	-0.0733	0.2586	0.0396	-0.2652	-0.1164	-0.2631	0.2206	-0.1041	0.017	-0.36	0.0865	-0.2025	0.0493	0.1044	-0.3033	0.2912	0.679	-0.3845	-0.1346	-0.2043	-0.2774	0.2734	0.0505	-0.3033	0.3908	0.0559	-0.0243	-0.0116	-0.0976	0.0678	0.3788	-0.0292	-0.0564	-0.1183	0.2222	-0.2206	0.1284	-0.4387	0.068	0.0641	0.0104	-0.1865	0.3022	-0.0089	-0.0486	-0.202	0.2204	-0.1755	0.1676	0.1317	0.0678	0.3929	-0.257	-0.3753	-0.0793	-0.3475	-0.0295	-0.3495	-0.5102	-0.3844	0.0265	0.0897	-0.0866	-0.0532	-0.0139	-0.209	-0.2211	-0.2132	-0.188	-0.1542	0.0164	-0.0385	0.0005	0.2949	0.0483	0.116	-0.0832	0.1448	-0.4425	-0.1967	0.1007	-0.4128	-0.272	-0.1422	0.141	-0.0156	0.0106	-0.2256	0.0541	-0.0832	0.0455	-0.1368	0.1436	0.3524	1	0.1627	0.0512	0.169	0.1181	-0.2196	-0.1008	0.0798	-0.2506	0.3235	-0.0158	-0.066	-0.2692	-0.1821	-0.0754	-0.0517	-0.0678	0.0277	0.1414	0.3308	-0.236	-0.427	-0.0371	-0.0355	0.0071	0.0976	0.0282	0.5077	0.242	0.0234	0.3832	0.2135	0.1558	0.0378	0.1212	0.1956	-0.2923	0.0372	0.3124	-0.3527	0.1985	0.2959	0.4033	0.4044	-0.0983	0.2844	0.026	0.1883	0.1773	0.1057	-0.1315	0.4076	0.1529	0.1137	0.088	-0.225	0.1949	-0.2917	0.1364	0.0052	0.1367	-0.0544	0.1246	0.0238	-0.3184	0.1201	0.4725	-0.0545	-0.4063
Sg_OB05r2_32	-0.3099	0.1744	0.1135	0.5051	0.2168	0.2179	-0.0678	0.313	0.0782	0.1654	0.0441	-0.3271	-0.1418	-0.3948	0.0827	0.0951	-0.0105	0.1415	-0.201	-0.2726	-0.0487	0.5054	0.5292	-0.1555	0.3369	0.2793	-0.0791	0.5842	-0.1522	-0.3205	0.4151	0.17	0.3795	0.3228	-0.2168	-0.2851	0.1035	-0.4647	-0.2571	0.0536	-0.0027	0.022	-0.2054	-0.3862	0.0826	0.1145	0.2288	-0.1752	0.0504	0.2054	0.1175	-0.1355	0.0835	-0.0114	0.2434	-0.1883	0.3402	0.3095	-0.2107	-0.2716	-0.1574	-0.1846	-0.0488	0.1242	-0.0754	-0.266	-0.0277	-0.0312	0.1287	0.1076	-0.1433	-0.1109	-0.197	-0.115	-0.1956	-0.1037	0.2237	-0.149	-0.0244	-0.2594	0.1335	-0.3543	0.2646	0.1844	0.3943	0.3327	-0.013	0.344	0.1186	-0.1807	0.4245	0.5172	-0.1899	0.099	-0.3453	-0.1444	0.1183	0.3069	0.1738	-0.0966	0.6173	-0.1067	0.5178	0.3268	-0.4086	-0.161	0.2156	0.254	0.0804	0.1727	0.5057	-0.0352	0.2915	-0.2287	0.1748	-0.4837	-0.1322	-0.1791	0.1469	0.259	-0.1503	0.0361	-0.0817	-0.1289	0.1025	0.302	0.0532	-0.1111	0.3285	-0.1428	-0.1255	0.4278	-0.184	-0.0482	0.3308	0.1469	-0.0568	0.2296	0.1134	0.3829	-0.2205	0.0671	0.2078	-0.3423	0.0439	-0.0535	-0.043	-0.3912	-0.1945	-0.3348	-0.1682	0.1839	0.2353	-0.2485	0.1976	0.1011	0.2836	-0.2088	0.1291	-0.1264	0.073	0.0696	-0.3687	0.4505	0.1884	-0.3431	-0.2135	-0.3185	0.3782	0.0098	-0.0547	-0.2142	-0.0529	0.1207	0.3777	0.002	0.0636	-0.0578	0.0476	0.1413	0.151	0.1784	0.2441	0.197	-0.1493	-0.3293	-0.0614	-0.2433	0.3291	-0.0443	0.0012	0.6347	0.119	0.0255	0.0006	-0.0268	0.1109	0.2935	-0.1931	-0.5125	-0.3774	0.226	-0.171	-0.1426	-0.1367	0.2581	-0.1512	-0.0044	0.27	0.3877	0.1925	-0.0144	0.0317	0.1615	-0.2823	0.1964	0.2116	0.0697	0.5554	0.0152	-0.2982	-0.1257	-0.2339	-0.064	-0.2191	-0.2108	-0.1696	-0.0478	0.1517	0.0145	-0.1669	-0.2652	-0.0377	-0.022	0.2005	-0.198	0.0985	-0.1198	0.2738	-0.0021	0.144	0.2435	0.082	0.1758	-0.1692	-0.081	-0.2713	0.1183	-0.2629	-0.1289	-0.0438	-0.0421	-0.3835	0.0296	-0.2899	-0.0923	-0.2014	0.1795	-0.2995	0.1766	0.2476	0.1627	1	-0.0433	0.2781	0.1665	0.013	-0.2003	0.0601	-0.3084	0.4207	-0.0418	0.1121	0.0395	-0.2567	-0.1711	-0.0972	-0.0629	-0.1283	0.0573	0.4564	0.0911	-0.0936	-0.5366	-0.0673	0.2303	0.1032	-0.0714	0.4478	0.3984	0.0878	0.5954	-0.0894	0.4444	-0.4767	0.1977	0.0981	-0.2305	0.1172	0.3669	0.1126	0.312	0.2266	0.4493	0.3019	-0.021	0.5585	0.1296	0.339	0.0529	-0.3312	0.2475	0.4268	0.5219	0.1174	0.1864	0.0087	0.1937	-0.3762	0.1366	0.0027	0.2247	-0.0715	0.1524	-0.0807	-0.0968	0.1424	0.3988	0.3763	-0.0583
Sg_OB05r2_38	-0.2271	0.3829	0.5618	0.0735	0.1747	-0.0672	0.4008	-0.0292	0.3292	0.3026	0.3915	-0.4033	-0.0927	0.4072	-0.3577	0.1495	0.0011	0.4016	-0.0394	0.1094	0.1368	0.0693	0.1852	0.4348	0.0982	-0.3302	0.16	-0.2884	-0.4104	-0.3159	0.1311	0.0614	0.1147	0.4271	0.2292	-0.3252	0.6409	-0.2349	0.291	-0.034	-0.1786	-0.0545	-0.1485	0.0458	0.3229	-0.3514	0.0648	-0.2935	-0.0646	-0.091	0.0178	0.5223	-0.1153	0.4281	-0.1195	0.2794	0.2492	0.076	0.0679	0.2876	0.2979	-0.11	-0.3782	-0.025	-0.0121	0.0752	0.2279	-0.2989	0.3832	0.3511	-0.1709	-0.0997	0.4049	-0.0463	-0.0343	-0.24	0.5083	0.5202	-0.1715	-0.0794	-0.1563	-0.0698	0.435	-0.1937	-0.1239	0.0703	0.3449	-0.1053	0.0458	-0.0976	-0.0904	-0.4569	0.1833	-0.4367	-0.3602	-0.2518	0.0986	-0.3223	-0.1208	-0.0844	-0.3341	-0.0424	0.0601	-0.28	-0.3004	0.0646	-0.1415	-0.1604	-0.4383	-0.1954	-0.0794	-0.3247	-0.1944	-0.1825	-0.19	-0.3156	-0.1838	-0.2904	-0.2174	-0.1208	-0.2679	0.2096	0.5091	-0.0602	-0.3692	0.2234	-0.1349	-0.2192	-0.3215	-0.2551	-0.2127	0.3698	-0.1108	0.604	0.131	-0.4026	-0.0749	-0.2312	0.424	0.2043	-0.1925	0.1235	0.3653	-0.0221	0.0789	0.41	0.1889	0.3535	0.1415	-0.0356	0.2367	-0.1639	0.2367	0.062	-0.1516	-0.382	0.2035	0.068	-0.2543	-0.3083	0.1099	-0.1592	-0.2668	0.0219	-0.2713	0.2925	-0.0775	-0.2549	-0.3123	0.3134	-0.1904	-0.1494	-0.2001	-0.2233	-0.0449	0.0121	-0.2362	0.0001	-0.1944	-0.5582	-0.042	-0.2774	-0.0429	0.0885	-0.187	-0.1416	-0.4118	0.0463	0.1902	-0.0803	-0.3982	-0.1888	-0.414	0.1683	-0.4517	-0.0833	0.1039	0.1312	-0.0063	-0.258	0.4085	0.5612	-0.0033	0.3024	-0.1859	-0.4239	0.2247	0.0406	0.1929	0.2038	0.264	-0.1374	-0.1522	0.4945	-0.0626	0.573	0.4202	-0.2312	0.131	-0.0262	0.0481	-0.2289	-0.1726	0.3732	-0.142	-0.1604	-0.3716	0.1679	0.4743	0.3178	0.1784	-0.1207	-0.1283	-0.2064	-0.2473	-0.1382	-0.0952	-0.1384	-0.2277	-0.0629	-0.1152	-0.2341	0.5028	-0.1177	-0.2091	-0.1436	0.0348	-0.1894	-0.1867	-0.2585	0.2473	-0.0986	-0.1853	0.3809	-0.0542	0.2035	-0.0444	-0.1133	-0.1305	0.2708	0.5188	0.0512	-0.0433	1	0.2115	0.5645	-0.2473	0.266	-0.2122	-0.2565	0.2654	0.055	-0.16	-0.2553	0.0089	0.0272	0.1472	0.0809	-0.219	-0.3172	0.2478	-0.2508	-0.076	-0.1525	0.3605	-0.1381	-0.211	-0.1179	-0.1844	-0.016	0.4478	0.1422	0.4726	0.4635	-0.2383	0.3316	0.4342	-0.077	0.1551	0.4895	-0.3379	0.5178	-0.05	0.2226	-0.0596	0.1217	0.2943	0.4256	0.1316	-0.1424	-0.2771	-0.2748	0.103	-0.2532	-0.1346	0.3171	-0.531	-0.2192	-0.1081	0.5579	0.1562	0.2895	0.629	-0.3851	0.2309	-0.0568	-0.0926	0.3008	0.0177	-0.3107
Sg_OB05r2_8	0.0421	0.0385	0.0793	0.0536	0.1281	-0.2949	0.1137	-0.314	-0.0156	0.0393	0.051	-0.1849	0.0495	-0.0679	-0.1636	0.0232	-0.1853	0.1179	0.1194	0.0706	-0.2118	0.1211	0.152	-0.0807	0.0777	0.0541	0.0543	0.1244	-0.1464	-0.1426	0.0115	-0.0888	-0.0033	0.1128	-0.2816	-0.1288	-0.0598	0.005	0.0077	-0.0645	0.0565	-0.2283	-0.0722	-0.3319	0.2081	-0.0989	0.0455	-0.1104	-0.194	-0.2795	-0.2534	0.0749	-0.1025	0.0472	-0.3021	-0.2787	0.2325	0.0978	-0.0875	-0.1737	0.7158	0.0314	-0.0279	0.0606	0.0138	0.271	-0.1228	-0.0928	0.3004	-0.0674	0.0232	0.1713	0.2154	-0.0064	-0.0021	-0.0249	0.0921	-0.105	0.1299	-0.0642	-0.1608	-0.1344	0.1639	-0.1313	0.3984	0.0422	0.1257	0.6155	0.1907	0.1324	0.0042	0.0424	-0.3664	-0.0641	-0.1565	-0.2341	-0.1349	0.1335	-0.3069	-0.1342	0.0031	-0.3334	0.0767	-0.0736	-0.1417	0.1488	-0.1567	0.2666	-0.1838	-0.0054	-0.0126	0.1864	-0.1992	-0.1647	-0.2166	-0.0679	-0.2806	-0.169	-0.3026	-0.2344	-0.0434	-0.1356	-0.088	0.1537	0.0553	0.1951	0.0832	-0.0215	0.0251	-0.0533	-0.4178	0.0602	-0.0239	0.379	-0.1676	-0.0156	0.2019	-0.283	0.0172	0.1327	-0.1058	0.7225	0.0981	0.0569	-0.1665	0.05	0.7992	0.2108	0.1493	-0.0206	0.6949	-0.3275	0.8533	-0.2165	0.105	-0.1958	-0.2041	0.0992	-0.0675	-0.0653	-0.067	0.2109	-0.1314	0.0067	0.2968	0.0883	-0.0413	0.0385	0.0709	-0.2063	-0.0309	0.0861	-0.0566	-0.308	-0.0856	0.538	-0.0226	-0.2121	0.018	0.0102	-0.1421	-0.0488	0.4163	0.0061	-0.1175	-0.3932	0.1023	-0.2148	0.0245	0.1608	-0.0599	0.2034	0.0528	0.8061	0.0012	-0.2076	0.8102	0.1405	0.168	-0.0055	0.1427	0.212	-0.1954	-0.1288	0.1688	-0.0659	-0.0396	-0.495	-0.0335	-0.0649	0.236	0.1583	-0.1188	0.2302	0.0405	0.3582	0.0869	-0.3331	0.0754	0.0815	-0.4228	-0.2205	-0.1576	-0.2994	-0.0074	-0.1634	-0.155	0.7597	0.0521	0.117	-0.13	0.0336	-0.4483	-0.2526	0.2434	-0.0444	0.1542	0.2007	-0.1059	-0.2027	-0.3456	-0.3416	0.3023	0.2837	-0.2656	-0.0261	-0.2825	-0.2762	-0.0954	-0.0678	-0.2828	-0.0658	-0.0756	-0.1305	-0.2249	-0.2204	-0.4014	-0.0316	-0.2425	0.1169	0.1451	0.169	0.2781	0.2115	1	0.2732	-0.2303	-0.4282	-0.3568	-0.0812	-0.0836	-0.3366	0.1644	-0.0781	0.0265	0.0307	0.7483	-0.1561	-0.1896	-0.2045	0.0402	-0.1204	-0.0039	-0.0413	0.3845	0.0478	0.0588	0.0569	-0.083	0.6337	0.196	0.1469	0.0411	0.0941	-0.0265	0.2725	0.1706	-0.5739	0.8348	0.1621	0.01	0.0997	0.0008	0.0638	0.1318	-0.3224	0.5099	0.0605	0.4671	-0.3896	-0.0577	0.358	0.0475	0.1961	-0.294	-0.105	0.0369	-0.1792	-0.1913	0.1854	-0.4655	-0.189	0.2793	-0.1355	0.8029	0.0536	-0.2637	0.092	-0.1546	-0.0669
Sg_OB24r1_18	-0.3271	0.4803	0.3938	0.1764	0.2911	-0.0691	0.3784	0.072	0.3724	0.3908	0.661	-0.4101	0.1298	0.2154	-0.1788	0.2026	-0.0025	0.347	0.07	0.1787	0.0358	0.3536	0.2231	0.469	0.2211	-0.1654	0.3074	0.0526	-0.4608	-0.3916	0.2498	-0.2084	0.2273	0.5842	0.0261	-0.418	0.5304	-0.2948	0.5188	-0.1488	-0.2333	-0.2026	-0.3273	-0.1149	0.3309	-0.3868	0.1535	-0.4439	-0.1749	-0.2236	0.0334	0.4525	-0.2066	0.481	-0.1311	0.1773	0.3534	0.2289	0.0357	0.2984	0.1497	-0.3311	-0.2252	0.2233	0.1173	-0.1486	0.1043	-0.3995	0.4213	0.4159	-0.1941	0.0943	0.416	-0.2365	-0.2411	-0.1098	0.2632	0.5483	-0.0535	-0.3058	-0.2888	-0.1847	0.5186	-0.1577	-0.0714	0.1465	0.4077	0.077	-0.0981	-0.1242	0.1955	-0.2878	0.2185	-0.5308	-0.3168	-0.4102	0.1529	-0.2759	-0.2426	-0.2214	-0.1494	-0.2385	0.2497	-0.3283	-0.2999	0.1685	-0.1584	-0.1469	-0.5832	-0.1295	0.1034	-0.1432	-0.0353	-0.3765	-0.2813	-0.2838	-0.2655	-0.4355	-0.1466	-0.1561	-0.4122	0.0642	0.555	0.0986	-0.4016	0.5261	-0.1739	-0.3821	-0.1718	-0.3554	-0.1535	0.4671	-0.1839	0.6183	0.2177	-0.4154	0.0816	-0.1945	0.5152	0.3679	-0.4342	0.1066	0.5789	-0.0248	0.0907	0.5808	0.1747	0.3286	0.2603	-0.0333	0.0702	-0.1234	0.2036	0.0379	-0.3433	-0.3635	0.1799	0.2173	-0.236	-0.2622	0.1674	0.0567	-0.1673	0.0765	-0.2013	0.2916	-0.2279	-0.4067	-0.1095	0.2452	-0.1521	-0.0736	-0.2659	-0.2283	0.12	-0.0405	-0.3447	-0.0246	-0.246	-0.421	0.0726	-0.3565	-0.0603	0.175	-0.128	-0.287	-0.3701	-0.2201	0.4524	0.0965	-0.276	0.047	-0.4655	0.1743	-0.4121	0.0677	0.1461	0.2911	0.1437	-0.2257	0.3667	0.6749	-0.0972	0.3235	-0.0568	-0.5031	0.2238	-0.0522	0.101	0.4507	0.2789	0.0442	-0.2693	0.6762	-0.0498	0.443	0.4496	-0.2412	0.3079	-0.1275	-0.0848	-0.4757	-0.4421	0.3503	-0.1152	-0.3967	-0.4935	0.1677	0.5047	0.2413	0.2517	-0.0261	-0.1677	-0.4498	-0.2741	-0.3313	-0.1804	0.0492	-0.2007	-0.015	-0.103	-0.4134	0.6357	-0.079	-0.2902	-0.2916	0.0267	-0.3903	-0.2492	-0.3912	0.3353	0.0223	-0.2059	0.2739	-0.1073	0.281	-0.117	0.1657	-0.2524	0.332	0.6635	0.1181	0.1665	0.5645	0.2732	1	-0.3079	0.1465	-0.4154	-0.4343	0.3898	0.0028	-0.108	-0.2753	0.0806	0.0735	0.0673	0.2244	-0.3544	-0.42	0.3134	-0.2517	-0.3224	-0.2071	0.1726	-0.1707	-0.2695	0.0634	0.0097	0.0538	0.3688	0.329	0.3899	0.2842	-0.2343	0.3612	0.4576	-0.1041	0.1491	0.6167	-0.2918	0.589	0.2337	0.4156	0.071	-0.0052	0.4475	0.3766	0.3111	-0.1213	-0.2987	-0.1827	0.1872	-0.2408	-0.3229	0.233	-0.5045	-0.2618	-0.2753	0.6612	0.1847	0.4929	0.8517	-0.3687	0.1273	-0.1531	-0.2487	0.4069	0.0824	-0.4031
Sg_OG24B2A_25	0.2682	0.0758	-0.2587	-0.2683	-0.264	-0.3145	-0.3378	-0.2873	-0.1125	-0.262	-0.1338	0.3014	-0.0496	-0.0978	0.0088	0.0196	0.111	-0.1311	-0.1317	-0.0095	0.0024	-0.2868	-0.4652	-0.2343	-0.3426	0.3354	-0.3869	-0.2071	0.2938	0.2956	-0.3368	-0.1072	-0.3942	-0.1784	0.0086	0.2105	-0.1683	0.2371	-0.4106	-0.2373	0.0152	0.2023	0.4842	0.0865	0.3011	0.0349	-0.3523	0.2622	-0.2162	-0.0311	-0.3597	-0.3453	-0.3572	-0.3153	-0.1972	-0.0244	-0.4149	-0.4199	0.1554	0.0791	-0.0703	0.4041	0.1772	-0.489	-0.0962	-0.0241	0.1639	0.3625	-0.4056	-0.3381	0.649	-0.0697	0.0656	0.2779	0.3798	0.5795	-0.1666	-0.1811	0.3833	-0.1977	-0.1419	0.1581	-0.2492	0.0743	0.1735	-0.2518	-0.4486	0.1495	-0.1715	0.2058	-0.0425	0.0538	0.0225	-0.0167	0.21	0.0282	-0.084	0.2922	-0.2472	-0.208	0.1096	-0.1153	-0.3659	0.3219	0.2795	-0.0182	-0.2422	0.0548	0.2136	-0.1871	-0.173	-0.0592	0.1257	0.4566	-0.1639	0.1212	0.1432	0.4623	-0.073	-0.1238	0.3517	0.0892	-0.1394	-0.0933	0.2221	-0.4189	0.1596	0.2415	0.4027	0.2492	0.3656	-0.2922	-0.037	-0.2947	0.0603	0.6702	0.028	-0.0972	-0.0567	-0.4922	0.2855	0.0431	-0.2543	-0.0659	-0.008	-0.3451	-0.1087	-0.1884	-0.4797	-0.0925	-0.1126	-0.1886	-0.1184	-0.014	0.0003	0.1423	-0.0122	-0.0863	0.7388	0.1808	-0.0295	-0.235	-0.0117	-0.1046	-0.0556	-0.284	0.2407	-0.0229	-0.0736	-0.127	0.7301	-0.0518	0.298	-0.1384	0.1203	0.1612	0.4362	-0.0497	-0.0265	0.0796	-0.2953	0.1873	-0.1998	-0.3607	0.6845	-0.0587	0.1204	0.0728	-0.2695	-0.1682	0.5742	-0.1026	0.1864	-0.2172	0.0269	0.2473	-0.0175	-0.4302	-0.1237	0.2158	-0.1519	-0.2138	0.2085	-0.0888	0.3363	0.1654	-0.1833	0.2213	0.155	-0.2547	-0.0384	-0.0545	-0.0871	-0.224	-0.015	-0.3533	-0.115	-0.2717	-0.4614	0.2839	0.2359	0.2307	0.1216	-0.0769	0.6069	0.2386	0.4459	-0.124	-0.1236	0.1989	0.025	0.1782	0.4522	0.2823	0.0067	-0.0468	0.3149	-0.1605	0.1355	0.2551	-0.2294	-0.1079	-0.357	0.4589	0.1593	0.484	0.1412	-0.1282	0.1955	0.133	0.0437	0.1704	0.1838	-0.0722	0.1244	-0.215	0.3322	0.0321	0.3001	0.0094	-0.2947	-0.2196	0.013	-0.2473	-0.2303	-0.3079	1	0.0556	0.0956	0.062	-0.3771	0.07	0.4116	0.7092	-0.0718	0.0976	-0.0523	0.0312	0.0921	0.1471	-0.2468	0.2081	0.3517	0.1738	-0.0245	0.2189	-0.0547	-0.1124	-0.2504	0.1297	-0.0571	-0.1781	-0.2188	-0.2956	0.2399	-0.0191	-0.2292	0.3298	-0.1132	-0.2826	0.4329	-0.1727	-0.3707	-0.285	-0.0987	0.2275	-0.3075	0.0198	-0.1675	-0.0839	0.2328	0.0897	-0.0603	0.0191	-0.2112	-0.0651	0.261	-0.1954	0.1337	-0.2677	0.2085	-0.1292	-0.2328	0.044	-0.0741	0.5699	-0.0633	-0.4677	-0.1471	0.1902
Sg_OG24B2A_39	-0.1567	0.1976	0.134	-0.0227	0.0814	-0.0794	0.1728	0.0854	0.198	-0.1024	0.2483	-0.259	-0.2067	0.2793	-0.3483	-0.1063	0.3051	0.2201	-0.2262	-0.165	0.2169	-0.1132	-0.08	0.1586	0.2536	0.0017	0.0222	-0.1807	-0.2933	-0.2133	0.1481	-0.0893	0.0351	0.2621	0.3295	-0.2293	0.4336	-0.1666	0.1195	0.0583	-0.1099	0.0312	0.0441	0.3396	0.2922	-0.2433	-0.0501	-0.145	-0.08	0.0282	0.1695	0.2189	0.0049	0.1801	0.0516	0.5377	0.0624	-0.0846	0.1148	0.286	-0.2103	-0.1137	-0.0103	-0.0076	-0.2172	-0.0613	0.3542	-0.1608	0.0239	0.3276	-0.0154	-0.2364	0.2278	-0.0445	0.0343	0.0067	0.1148	0.3689	-0.0153	0.0901	-0.1141	0.139	0.2439	0.1816	-0.1972	0.0978	-0.0063	-0.2998	-0.0365	-0.2006	-0.0343	-0.1778	0.5054	-0.3286	-0.1221	0.0456	0.0154	-0.1093	0.144	-0.0179	-0.2019	0.2125	0.0637	-0.034	-0.1479	-0.2537	-0.0599	0.0097	-0.2308	-0.2645	-0.0857	-0.2288	-0.147	0.0578	-0.1155	-0.0244	0.0265	-0.0063	0.0027	-0.0896	-0.0741	0.3879	0.3251	-0.2514	-0.2133	-0.1207	-0.1183	0.005	-0.2281	-0.0097	0.1555	0.1806	0.1168	0.2841	0.2012	-0.183	-0.3142	-0.0271	0.4005	0.0732	-0.0736	-0.3171	0.2251	-0.086	0.3414	0.1449	-0.2261	0.0797	0.134	-0.0954	-0.2607	0.0099	-0.3017	0.0495	-0.0917	-0.2587	0.1618	-0.162	0.1623	-0.249	0.1618	-0.3401	-0.0649	-0.0085	-0.2859	0.0625	-0.0948	-0.1162	-0.4151	0.4395	0.126	-0.2395	0.0091	-0.0481	-0.0674	-0.2427	-0.2007	0.2324	0.0412	-0.44	-0.0539	-0.0598	-0.1987	-0.0045	0.1427	0.2415	-0.4298	0.2458	0.1155	-0.323	-0.0283	-0.3075	-0.2458	-0.3092	-0.1282	0.2976	-0.3217	0.1838	-0.2332	-0.1161	0.0711	0.2359	0.2357	0.2832	-0.116	-0.347	-0.0468	0.3636	0.2842	0.1316	-0.0781	-0.3655	0.033	0.2621	-0.0956	0.104	0.404	-0.031	-0.0876	-0.0803	0.486	0.0232	-0.0759	0.4812	0.0032	-0.0196	-0.1092	-0.2269	0.206	0.1593	0.2813	-0.3508	0.218	0.078	-0.1323	-0.1741	-0.0996	-0.3459	-0.0663	0.2579	0.0738	0.039	0.1568	-0.0316	0.0029	-0.1632	0.2263	-0.0492	-0.0926	-0.2703	0.4089	-0.1819	-0.1507	0.2344	0.3945	0.2654	0.4595	-0.0079	-0.0769	0.0298	0.3025	-0.1008	-0.2003	0.266	-0.4282	0.1465	0.0556	1	0.0005	-0.1114	0.1292	0.4092	-0.0279	-0.0345	-0.0598	-0.1753	-0.258	0.313	0.0096	-0.1678	0.1689	-0.1156	-0.1176	-0.0679	0.1228	0.0017	0.1148	-0.1964	-0.0838	-0.3659	0.172	-0.0676	0.3675	0.0863	-0.1052	0.1459	0.1476	0.3209	-0.2961	0.206	-0.125	0.1925	-0.1808	0.1501	-0.303	0.3309	-0.2009	0.2391	-0.3225	0.0467	-0.2686	-0.2448	-0.0135	-0.1205	0.2252	0.2609	-0.2495	-0.023	0.0652	0.2793	0.4558	0.1944	0.256	-0.2881	-0.2651	0.0421	-0.0925	-0.0697	0.2438	-0.078
Sg_OG24B2A_8	-0.125	-0.3974	0.069	0.1082	-0.0068	0.5382	-0.0765	0.5814	-0.0989	-0.0607	-0.3427	0.1043	-0.2982	-0.3803	0.2618	0.0211	0.0775	-0.2063	-0.2009	-0.2368	-0.0147	0.0417	0.204	-0.2559	0.0037	-0.1338	-0.1149	0.3517	0.1869	0.0099	0.2189	0.2854	0.1859	-0.2875	-0.0068	0.0122	-0.2038	-0.1757	-0.1249	0.4855	0.0853	0.2685	-0.1743	0.0226	-0.3184	0.4713	0.4605	-0.0444	0.6787	0.6886	0.4359	-0.152	0.53	-0.1314	0.6457	-0.0246	0.0348	0.166	-0.0596	-0.1345	-0.4095	0.0269	-0.0486	0.0788	-0.0838	-0.2295	-0.13	-0.0404	-0.1237	-0.1089	-0.2065	-0.1866	-0.4552	-0.0623	-0.1556	-0.1542	-0.0068	-0.2091	-0.3059	0.027	0.6984	-0.0499	-0.2966	0.0974	0.023	0.0827	-0.1724	-0.3093	0.148	-0.2527	0.0683	0.3393	-0.0517	0.6087	0.0287	0.6153	-0.1405	0.0131	0.5853	0.5351	0.4747	0.5138	0.2334	-0.0494	-0.0535	-0.2877	0.6576	-0.0476	0.1954	0.3185	0.5339	0.0382	0.326	-0.0991	0.6704	-0.1161	0.0954	-0.1083	0.5247	0.67	-0.024	-0.0628	-0.1603	-0.2489	-0.1027	-0.0152	0.0487	-0.097	-0.1036	-0.2202	0.0681	0.1029	-0.2073	-0.4402	-0.1483	-0.0261	-0.2565	0.6008	-0.2669	0.1497	0.0408	-0.3027	-0.2337	-0.2105	-0.1252	-0.204	-0.4553	-0.3765	-0.1558	-0.197	-0.3555	0.6407	-0.3509	-0.0144	0.2994	0.4312	0.1997	-0.3059	-0.0959	-0.1793	-0.1158	-0.1028	-0.1298	0.1636	0.1807	-0.2255	-0.1276	-0.1181	0.4514	-0.0436	-0.1191	-0.2213	-0.1315	0.673	-0.1825	-0.1982	0.0314	0.1708	0.2521	0.268	0.3499	0.0516	0.0559	0.2427	-0.2438	0.3637	0.0162	-0.1501	-0.1109	-0.1456	-0.1784	0.2272	0.2669	-0.4983	0.0593	-0.2123	-0.3344	-0.0864	-0.2564	-0.2238	-0.3693	-0.3641	0.0412	-0.085	-0.3572	0.3565	0.059	0.1667	-0.1445	0.012	-0.1715	-0.0736	0.0279	-0.3736	-0.2071	-0.2216	-0.2572	0.5788	0.1508	-0.224	-0.1976	0.1143	0.0188	-0.1577	-0.2224	-0.1613	-0.0022	-0.4248	-0.2509	-0.3371	-0.2675	-0.0712	0.0639	0.0337	0.1535	0.265	-0.1721	-0.1532	0.0782	0.0416	0.6709	0.6932	-0.4206	-0.3438	0.1607	-0.0756	-0.1257	0.659	-0.2068	0.1203	-0.0278	-0.1582	-0.1546	-0.0609	0.0337	0.0566	0.1023	-0.0765	0.1037	-0.0585	-0.2335	0.0798	0.0601	-0.2122	-0.3568	-0.4154	0.0956	0.0005	1	0.0059	0.036	-0.0208	-0.2344	-0.0389	-0.1974	0.0428	-0.3961	-0.1405	0.2521	0.5052	0.1576	0.0817	-0.0511	-0.1606	-0.3962	-0.2204	0.0424	-0.244	0.5907	-0.3984	-0.2023	0.0386	-0.0319	0.0368	-0.1726	-0.2627	-0.3327	0.2052	-0.3619	-0.168	-0.015	-0.0629	0.1629	-0.0759	0.0479	0.1212	-0.1525	-0.2047	-0.0445	0.5896	-0.0841	-0.1694	-0.0169	0.0702	0.5853	0.1935	0.22	0.4395	0.027	-0.3716	0.0815	-0.0298	-0.5256	0.6131	-0.3686	-0.0325	0.5884	0.0376	0.0525	0.2037
Sg_OM21r1_55	0.3952	-0.3048	-0.3973	-0.4016	-0.3839	-0.2328	-0.3487	-0.384	-0.3733	-0.3863	-0.4377	0.2169	0.0241	0.1104	-0.1158	-0.3464	0.0453	-0.2116	0.1126	-0.0683	0.0554	-0.3774	-0.4913	-0.234	-0.39	0.1309	-0.1407	-0.2309	0.3196	0.2902	-0.3354	0.0297	-0.447	-0.5654	0.0678	0.3368	-0.4053	0.2923	-0.1163	-0.1955	0.0674	0.1626	0.6402	0.2584	-0.1923	0.1946	-0.2719	0.7983	-0.0863	-0.1368	-0.2187	-0.2695	-0.1232	-0.4575	-0.2577	-0.2413	-0.3992	-0.3326	0.0843	-0.1772	0.0785	0.5083	0.0901	-0.2783	-0.0337	0.476	-0.3285	0.384	-0.3487	-0.4238	0.2677	-0.0052	0.0694	0.4278	0.2046	0.2108	-0.1962	-0.4892	0.1592	0.6102	0.0698	0.5392	-0.4476	0.141	-0.052	-0.0439	-0.1102	-0.0433	0.1841	0.4243	-0.2364	-0.1536	-0.0457	0.1446	0.4067	0.3409	0.1423	0.3721	-0.2605	0.1297	-0.1872	0.1607	-0.4348	0.3546	0.267	-0.0619	-0.0527	0.2518	0.6506	-0.0716	-0.4419	0.1696	-0.3414	0.6068	-0.1456	0.2355	0.5457	0.6565	-0.2446	-0.3156	0.714	-0.396	-0.5286	-0.0319	0.5149	-0.4151	0.2231	0.6961	0.146	0.7279	0.0281	-0.6616	0.1335	-0.2875	-0.0466	0.2074	-0.0429	-0.2471	-0.2085	-0.4836	0.6211	0.0604	-0.4708	0.1636	-0.0111	-0.4522	0.0006	0.1651	-0.1986	0.1909	0.118	-0.243	-0.1572	0.16	0.0394	0.1864	-0.2411	-0.0723	0.1613	0.1064	-0.0039	-0.1138	0.3868	-0.4246	0.1411	0.1818	0.3446	0.3888	-0.1585	-0.0466	0.0974	0.1904	0.4466	-0.1	0.0475	0.1501	0.5094	-0.1132	0.1949	0.1283	-0.1307	0.2786	-0.0021	-0.3098	0.241	0.2794	0.5885	0.1474	-0.4954	-0.0368	0.0053	-0.3212	0.2857	0.0054	0.4653	-0.1005	-0.0151	-0.4313	-0.0154	0.3173	0.2145	-0.5171	0.1021	-0.1984	0.2543	0.2952	-0.2892	-0.2398	-0.2106	-0.5458	-0.2101	0.0532	0.4067	-0.5368	0.1038	-0.3265	-0.48	0.0658	-0.4754	0.1474	-0.019	0.3406	0.7584	-0.2141	0.2581	0.6367	0.7461	-0.0041	-0.3115	-0.1674	-0.0734	0.0655	0.0378	0.4455	0.1863	0.3521	0.257	0.1365	0.2424	-0.0657	-0.2367	-0.0788	-0.4091	0.0206	-0.0384	0.5755	0.073	-0.0814	0.6728	0.6425	-0.2533	-0.1138	0.2192	-0.2657	0.2009	-0.1164	-0.0398	-0.1856	0.3346	-0.3896	-0.6231	-0.2506	-0.3084	-0.2565	-0.0812	-0.4343	0.062	-0.1114	0.0059	1	-0.4682	-0.2637	0.2274	0.0812	0.0283	0.0599	0.0998	-0.0747	0.1926	-0.0602	-0.3932	0.4571	0.4133	0.224	0.043	0.2655	0.2791	-0.0011	-0.2716	-0.1025	-0.199	-0.589	-0.3199	-0.3442	0.2488	-0.3214	-0.4646	0.0072	-0.0724	-0.6287	0.2928	-0.3977	-0.3983	-0.5788	-0.191	-0.1809	-0.493	-0.258	-0.4185	-0.2348	0.1945	0.2428	-0.3638	0.0651	-0.218	-0.3468	0.4524	-0.0462	0.6296	-0.4275	-0.2906	-0.4829	-0.2033	-0.0809	0.059	0.1441	-0.2144	-0.4673	-0.251	0.4609
Sg_P15_12	-0.5569	0.2596	0.303	0.599	0.2748	0.4247	0.1591	0.4309	0.2802	0.4381	0.3287	-0.4602	-0.0089	0.0924	0.0202	0.1232	0.0003	0.2503	-0.0247	-0.0064	-0.0116	0.5268	0.6488	0.472	0.4216	-0.0464	0.27	0.4167	-0.4329	-0.387	0.6381	0.0885	0.577	0.5697	-0.0058	-0.4802	0.494	-0.5349	0.2191	0.1923	-0.0615	-0.0523	-0.5513	-0.1305	-0.0751	-0.1341	0.3266	-0.4549	0.1806	0.2291	0.3344	0.2643	0.1554	0.3684	0.2545	0.1874	0.5283	0.5873	-0.0956	0.2045	-0.3698	-0.4949	-0.2177	0.3647	0.0834	-0.4375	0.1892	-0.2288	0.3051	0.4272	-0.4956	-0.0679	-0.1115	-0.3438	-0.4933	-0.4742	0.248	0.3306	-0.4075	-0.2173	0.0377	-0.349	0.4554	-0.0127	-0.2058	0.2659	0.3123	-0.0734	0.0425	-0.3358	0.4187	0.139	0.2007	-0.1347	-0.3767	-0.3629	0.1706	-0.1907	0.2949	-0.1792	0.1974	-0.0861	0.5454	-0.0998	-0.4932	0.031	0.1236	-0.0881	-0.2531	0.0451	0.3856	-0.2115	0.3853	-0.5029	0.227	-0.4905	-0.2109	-0.458	0.2774	0.2943	-0.4536	0.2784	0.3518	0.0591	-0.2818	0.5196	-0.1117	-0.4463	-0.0893	-0.4183	-0.1785	0.716	-0.193	0.165	0.3631	-0.4034	-0.0361	0.2526	0.3698	0.6691	-0.3946	-0.2928	0.4355	-0.1696	0.084	0.4001	-0.2438	-0.1819	0.162	-0.0855	-0.3582	0.2771	-0.0096	-0.1895	-0.1682	-0.2073	0.4067	0.0176	-0.2886	-0.2131	0.1445	0.1622	-0.2599	0.3937	-0.1506	-0.0571	-0.2631	-0.3899	0.2003	0.2327	-0.425	-0.1283	-0.4314	0.131	0.1524	-0.3425	-0.4519	0.0119	-0.312	-0.2139	0.2819	-0.2163	0.0589	0.4253	-0.4538	-0.0925	-0.3654	-0.0304	0.567	0.1161	-0.2841	0.4735	-0.2999	-0.1949	-0.3413	-0.0482	-0.1918	0.444	0.0195	-0.5681	-0.1293	0.5072	-0.0754	0.0603	-0.4376	-0.1045	0.1784	0.1089	0.2835	0.6242	0.1219	-0.0205	-0.0415	0.4744	-0.1564	0.2985	0.4144	0.1837	0.729	-0.2713	-0.1031	-0.3418	-0.4969	0.2744	-0.5178	-0.4022	-0.4334	-0.2473	0.4434	0.0724	0.1546	-0.2495	-0.1704	-0.2237	-0.2981	-0.2015	-0.2813	0.0053	-0.0201	-0.0542	0.3061	0.1616	0.4129	-0.1794	-0.099	-0.474	-0.1655	0.1479	-0.3099	-0.3915	0.171	-0.0281	-0.4739	0.2455	-0.1405	0.2412	0.075	0.2263	-0.2963	0.2018	0.6028	0.3235	0.4207	0.2654	-0.0836	0.3898	-0.3771	0.1292	0.036	-0.4682	1	0.1709	-0.2345	-0.3729	-0.0739	-0.1822	-0.3563	0.0378	-0.2843	-0.0716	0.5725	-0.2315	-0.4253	-0.5239	0.0017	0.0062	-0.1151	0.0622	0.4163	0.0489	0.0929	0.6308	0.0616	0.5018	-0.5343	0.3321	0.4371	-0.0741	-0.1316	0.6335	-0.2483	0.4978	0.4539	0.7265	0.3409	0.1276	0.5698	0.2669	0.216	0.1731	-0.3013	-0.2229	0.563	0.0736	0.1459	0.2271	-0.4059	0.231	-0.412	0.4612	0.2918	0.5069	0.1769	0.001	-0.3284	-0.4056	0.1815	0.73	0.3662	-0.4348
Sg_P15_15	-0.2311	-0.0178	-0.0163	0.1018	0.1536	0.0761	0.0967	0.1672	-0.0414	0.0614	0.1286	-0.2349	-0.0831	-0.0596	-0.2006	0.0765	0.2473	0.0477	-0.0844	0.0095	0.1448	-0.0726	0.0871	0.1326	0.2114	-0.0392	-0.0109	-0.1655	-0.1255	-0.1521	0.2061	-0.0429	0.1702	0.2237	0.1254	-0.1138	0.1275	-0.1185	0.2248	0.1159	-0.0829	-0.0757	-0.2292	0.1625	0.1635	-0.2318	-0.0571	-0.2524	-0.0563	0.2179	0.1102	0.2335	-0.0505	0.0629	0.0606	0.4051	0.1221	0.0247	0.1511	0.3057	-0.2297	-0.1926	0.0015	0.1305	-0.0348	-0.0462	0.3876	0.014	0.0733	0.2512	-0.0734	-0.1047	-0.0821	-0.0314	-0.0599	-0.0827	0.0967	0.2311	-0.0673	0.001	0.032	-0.0929	0.1548	0.0709	-0.077	0.0307	-0.0177	-0.2413	-0.0175	-0.1642	-0.0107	-0.0502	0.3891	-0.1123	-0.1386	-0.0485	-0.0224	-0.0314	0.1332	-0.1533	-0.0099	0.2303	0.0152	-0.0565	-0.1249	-0.05	0.0218	-0.2065	-0.1872	-0.1537	0.0262	-0.1851	0.0549	-0.0342	0.0036	-0.1137	-0.0023	-0.0612	0.0942	0.0399	-0.1616	0.4271	0.2047	-0.0332	-0.1752	-0.1405	-0.0337	-0.12	-0.1688	-0.1162	0.3317	0.2097	0.1171	0.0282	0.109	-0.0876	-0.1448	0.0017	0.0192	0.0742	-0.0884	-0.3087	0.0756	0.0169	0.1837	0.129	-0.2578	-0.0971	0.0987	0.0367	-0.2726	0.0744	-0.2356	-0.1711	-0.1424	-0.163	0.0399	-0.0096	0.0404	-0.0633	0.0882	-0.0975	-0.1278	0.129	-0.2464	-0.0988	-0.0638	-0.0224	-0.2437	0.2823	0.0204	-0.0674	0.0774	-0.1142	-0.064	-0.2291	-0.2047	0.1753	-0.1526	-0.3104	-0.2739	-0.1023	-0.3033	0.0713	0.0506	-0.0695	-0.3689	0.2578	0.0485	-0.1346	0.0995	-0.1823	-0.1615	-0.3419	0.001	0.7174	-0.2715	0.1262	-0.0232	-0.1462	-0.1	0.1086	-0.0028	0.203	-0.127	-0.2216	-0.0383	0.4682	0.1182	0.1915	-0.0223	-0.1964	-0.0168	0.1378	0.0224	-0.0567	0.2767	-0.1056	0.0355	-0.0693	0.3655	0.1645	-0.1369	0.3058	-0.0694	-0.0139	-0.1038	-0.241	0.1399	0.0514	0.2044	-0.1391	0.3119	0.0928	-0.2532	-0.0436	-0.1359	-0.1649	-0.0631	0.2013	0.1196	0.0186	0.1429	0.0626	0.1708	-0.1304	0.2423	0.001	-0.1078	-0.2191	0.2488	-0.1923	-0.0766	-0.0524	0.1394	0.3309	0.5202	0.1154	-0.0709	0.0685	0.1973	-0.0158	-0.0418	0.055	-0.3366	0.0028	0.07	0.4092	-0.0208	-0.2637	0.1709	1	-0.115	0.069	-0.0262	-0.1882	-0.2477	0.0716	0.0947	0.0508	0.1315	-0.1099	-0.1197	-0.0968	-0.1056	0.0342	-0.119	-0.0586	-0.0596	-0.1962	0.0437	0.0222	0.111	0.1248	-0.1044	0.0662	0.1312	0.2848	-0.2521	0.1236	-0.1408	0.0332	-0.0457	0.1194	-0.0013	0.2334	-0.1571	-0.0087	-0.0414	0.017	-0.1871	-0.0594	0.162	-0.0696	0.1802	0.2339	-0.3166	-0.0309	-0.0053	0.1478	0.4868	0.2249	-0.0043	-0.119	-0.2647	-0.1396	-0.0085	0.0098	0.2013	-0.019
Sg_P15_2	0.2394	0.2199	-0.2088	-0.263	-0.1411	-0.4662	-0.3246	-0.3888	-0.0251	-0.2639	-0.1016	0.0289	-0.1333	0.0955	-0.0772	-0.0706	-0.1314	-0.0282	-0.2807	-0.2224	-0.0077	-0.2654	-0.389	-0.3517	-0.0047	0.3962	-0.4104	-0.0298	0.0112	0.0016	-0.3763	-0.1125	-0.424	-0.0772	-0.0237	-0.0749	-0.0753	0.1167	-0.4065	-0.2337	0.0611	0.0765	0.3868	0.1299	0.3719	-0.0708	-0.2715	0.2659	-0.4092	-0.2698	-0.219	-0.3711	-0.1966	-0.2069	-0.2608	-0.1089	-0.3858	-0.3964	0.1563	0.0705	0.1316	0.3051	0.2573	-0.4187	-0.2889	0.1838	0.0301	0.4621	-0.2686	-0.319	0.5145	-0.2409	0.1494	0.3822	0.4356	0.566	-0.0429	-0.1587	0.6708	-0.0098	-0.198	0.2521	-0.1367	0.2019	0.2772	-0.1372	-0.3085	0.4035	-0.0478	0.1798	-0.1337	-0.1118	-0.0192	-0.1357	-0.1073	-0.0506	-0.0051	0.4197	-0.2344	-0.3681	-0.0274	-0.094	-0.1124	0.3363	0.0766	-0.2256	-0.3681	0.4028	0.2535	-0.2215	-0.3425	0.0164	-0.1998	0.4128	-0.4329	0.0745	0.0398	0.4625	-0.1672	-0.2328	0.3878	0.0058	-0.2054	-0.2027	0.1955	-0.3053	0.1351	0.2554	0.3754	0.3933	0.1508	-0.276	0.0023	-0.0278	0.2085	0.5615	-0.1206	-0.2186	0.1917	-0.4069	0.3268	0.3996	-0.1454	-0.1558	0.092	-0.302	0.2574	0.0465	-0.3718	-0.2215	0.1111	-0.3082	0.1729	-0.1103	0.2139	-0.0246	-0.0309	-0.3242	0.618	0.0416	-0.0695	-0.296	0.0266	-0.2895	0.213	0.0693	0.251	0.1443	-0.1811	-0.0436	0.5198	-0.1607	0.4607	-0.2971	0.0931	0.2476	0.3101	-0.1612	0.0634	0.0075	-0.2602	0.2002	0.0103	-0.2668	0.4816	-0.0655	0.1531	0.0797	-0.0972	-0.2983	0.4089	-0.1096	0.196	0.2561	0.0877	0.1148	0.3159	-0.245	-0.2397	0.1602	0.0723	-0.0464	0.1406	-0.3246	0.5738	0.2535	-0.3208	-0.2057	0.1506	-0.151	0.1214	-0.2312	0.0781	0.0122	-0.1799	-0.111	0.1241	-0.2164	-0.2528	0.4525	0.0807	0.1229	0.1895	-0.1575	0.4956	0.2152	0.4027	0.2441	-0.0666	0.3258	-0.1812	-0.1186	0.0593	0.2277	0.1484	0.0067	0.5696	-0.222	0.1816	0.324	-0.3432	-0.1423	-0.1088	0.5897	-0.2168	0.3663	0.0434	-0.1706	0.2823	0.1978	0.0202	0.0317	0.0376	0.0331	0.1271	-0.238	-0.0508	-0.0125	-0.0266	0.0854	-0.1128	-0.066	0.1121	-0.16	0.1644	-0.108	0.4116	-0.0279	-0.2344	0.2274	-0.2345	-0.115	1	0.4696	-0.2652	-0.035	0.2397	0.0791	0.1106	-0.0067	-0.2023	0.2304	0.146	0.1022	0.3088	0.3439	0.0497	-0.175	-0.2304	0.4579	0.0245	-0.1193	-0.3379	-0.0739	0.1078	0.1602	-0.0377	-0.1078	0.266	-0.1049	0.4379	-0.1358	-0.4352	-0.1262	-0.251	0.1647	-0.0674	0.1324	0.0779	-0.1965	-0.053	0.4231	-0.0251	0.2005	-0.2624	-0.2931	0.3463	-0.0811	0.2433	-0.0846	-0.1217	-0.2328	0.0762	-0.1153	0.2257	0.4023	-0.2084	-0.3283	-0.0237	0.2166
Sg_P15_21	0.3227	0.1036	-0.2748	-0.2215	-0.1735	-0.3511	-0.2691	-0.3387	-0.132	-0.2182	-0.1387	0.2091	-0.0432	-0.1017	0.0306	0.0391	-0.089	-0.1843	-0.1236	-0.0683	0.015	-0.3873	-0.4865	-0.2994	-0.2215	0.3194	-0.4328	-0.2321	0.2182	0.2099	-0.4718	-0.1544	-0.3882	-0.1541	0.0228	0.1853	-0.301	0.2467	-0.3982	-0.1263	0.117	0.2161	0.4352	-0.008	0.3233	0.1215	-0.357	0.1978	-0.2163	-0.1093	-0.2525	-0.2826	-0.1861	-0.427	-0.2724	-0.1581	-0.4759	-0.5216	0.1421	0.0122	-0.0163	0.3469	0.3337	-0.3917	-0.2016	0.0837	0.075	0.4301	-0.3455	-0.3675	0.7378	-0.1173	0.0586	0.2652	0.4662	0.6728	-0.1608	-0.2968	0.4419	-0.1727	-0.0321	0.0222	-0.2143	0.1306	0.2061	-0.2153	-0.4471	0.2463	-0.2239	0.1606	-0.1459	-0.0041	-0.0603	0.1147	0.1047	0.0616	-0.1616	0.2289	-0.2001	-0.1215	0.0317	0.004	-0.3538	0.1596	0.2198	-0.0643	-0.2047	0.1441	0.1206	-0.2214	-0.3009	0.0351	-0.0781	0.3545	-0.2574	0.1639	0.0079	0.4861	-0.0884	-0.1036	0.3596	-0.0043	-0.2946	-0.0121	0.1159	-0.4762	0.0648	0.1852	0.4064	0.2941	0.2246	-0.4435	0.0334	-0.2605	-0.0449	0.855	0.0291	-0.181	-0.0121	-0.5573	0.2967	0.2113	-0.2061	-0.0975	0.0273	-0.4592	-0.0067	-0.1676	-0.4282	-0.1418	0.0117	-0.1854	-0.0769	-0.0476	0.1402	0.1899	-0.057	-0.1381	0.7049	0.053	-0.0433	-0.1465	0.0414	-0.1516	0.1222	-0.3217	0.3015	0.1599	-0.1058	-0.2482	0.7816	-0.0208	0.3155	-0.1341	0.1215	0.1064	0.4254	-0.1843	0.268	0.184	-0.2684	0.2076	-0.1672	-0.4085	0.7196	-0.0086	0.1356	0.0662	-0.288	-0.1149	0.695	-0.1666	0.3282	-0.0196	-0.0014	0.2582	0.0389	-0.3709	-0.1347	0.1651	-0.1619	-0.2238	0.0435	-0.1382	0.4342	0.1278	-0.24	-0.0782	0.0994	-0.3012	-0.0386	-0.0999	-0.0468	-0.1815	-0.0755	-0.3147	-0.0952	-0.1724	-0.4584	0.2775	0.1606	0.1909	0.0704	-0.1766	0.703	0.2973	0.423	0.0251	-0.1378	0.2484	0.0084	0.0653	0.2569	0.2553	0.2059	0.0249	0.3867	-0.1318	0.1356	0.2242	-0.2271	-0.0527	-0.2469	0.5906	-0.0484	0.5387	0.1938	-0.1008	0.1993	0.1058	0.014	0.0556	0.1859	-0.0156	-0.075	-0.2246	0.1594	0.0976	0.1651	0.1201	-0.3074	-0.2692	0.0395	-0.2553	-0.0781	-0.2753	0.7092	-0.0345	-0.0389	0.0812	-0.3729	0.069	0.4696	1	-0.1146	0.0244	0.1074	0.1402	0.135	0.1713	-0.3934	0.1998	0.4298	0.2327	0.0235	0.1779	0.0742	-0.0788	-0.3321	0.1224	-0.0414	-0.1868	-0.2108	-0.3179	0.1894	-0.0489	-0.2013	0.0844	-0.0492	-0.3046	0.4618	-0.268	-0.3593	-0.3114	-0.1832	0.2018	-0.3568	0.0487	-0.099	-0.1232	0.1827	0.2203	-0.0104	0.0673	-0.1548	-0.197	0.4403	0.0271	0.1127	-0.2819	-0.0637	-0.261	-0.0767	0.1067	-0.0046	0.6254	-0.0265	-0.5512	-0.0138	0.3575
Sg_P22_10	0.186	-0.1629	-0.1823	-0.0632	-0.0312	0.0394	0.155	-0.1141	-0.225	0.131	0.0508	0.049	0.7495	0.0071	0.2071	-0.277	-0.0642	-0.0915	0.8424	0.8373	-0.2089	0.0608	0.0558	0.2421	-0.2473	-0.1241	0.2695	-0.157	-0.1628	-0.0183	0.0145	-0.0089	0.1085	0.0136	-0.1911	0.015	-0.2153	0.0878	0.2417	-0.0135	-0.1595	-0.0304	-0.0166	-0.1111	-0.0831	-0.1948	-0.0502	0.0288	-0.0841	-0.1569	-0.2326	0.0234	-0.2046	0.0639	-0.1933	0.0046	0.0157	0.1876	-0.0643	-0.1927	0.0407	0.0227	-0.0054	0.1947	0.82	0.0913	-0.1114	-0.1799	0.1615	0.0188	-0.1067	0.6996	0.0482	-0.1019	-0.1623	-0.1767	-0.3489	-0.0075	-0.1967	-0.0832	-0.1567	0.0327	-0.2075	-0.2845	-0.2687	-0.1335	0.3046	0.1037	-0.1011	0.3754	0.1368	0.0185	-0.1458	-0.0428	0.0406	-0.0821	-0.1018	-0.0752	-0.1338	0.0181	-0.2284	-0.3523	-0.2015	-0.1158	0.0199	0.8137	-0.1132	-0.2519	-0.1159	-0.0963	-0.1076	-0.0518	-0.1179	-0.1548	-0.0652	0.0969	0.0178	-0.0889	-0.141	-0.2002	-0.0621	-0.1673	-0.0318	0.7983	0.03	0.0743	-0.1149	0.0042	0.1236	-0.1276	-0.1833	-0.0671	-0.109	0.0782	-0.2313	-0.1707	0.8563	-0.1334	-0.1854	-0.0345	-0.0864	0.0712	-0.1444	0.8939	-0.1306	0.0845	0.023	0.1014	0.2474	0.8667	0.0839	-0.116	0.0664	0.1442	-0.2283	0.0025	-0.1609	0.84	-0.1494	-0.0614	-0.1612	0.5489	0.3044	-0.1524	-0.1106	-0.0467	-0.025	0.2053	-0.0208	-0.1133	-0.202	0.8488	0.0044	-0.1757	-0.0474	-0.0464	-0.0436	-0.1609	-0.1394	0.0426	-0.0809	0.0687	-0.0212	-0.188	-0.0636	0.0055	0.1558	-0.141	-0.0628	0.6384	-0.0741	0.1307	-0.2659	0.1131	-0.0188	-0.1348	-0.0298	-0.071	0.8922	0.1692	0.0056	-0.1051	-0.1354	0.028	0.027	-0.1468	0.0271	-0.0309	-0.0526	-0.2208	-0.2726	0.6493	-0.0292	-0.0743	0.9167	-0.1474	-0.2629	-0.2651	-0.0295	-0.2262	-0.0327	-0.1528	0.0016	-0.0844	-0.1305	0.0331	0.0068	-0.0146	-0.103	-0.1699	0.121	0.2045	-0.1597	-0.2228	-0.0838	-0.0889	-0.3026	0.6557	-0.098	-0.2877	-0.1299	-0.2735	-0.157	-0.1038	-0.0542	0.0121	-0.0447	-0.2431	0.0379	-0.0174	-0.045	0.0198	0.0517	-0.1395	-0.0901	-0.0217	-0.1093	0.1016	0.0073	-0.3235	-0.1387	-0.1821	-0.2567	0.0089	0.0265	0.0806	-0.0718	-0.0598	-0.1974	0.0283	-0.0739	-0.0262	-0.2652	-0.1146	1	0.195	-0.0062	-0.1586	-0.2396	-0.1257	-0.1232	0.0919	-0.1156	0.1481	-0.1343	-0.2011	-0.2096	0.7191	-0.2021	0.082	-0.3693	0.016	-0.0388	-0.3301	0.0753	-0.144	-0.0356	0.0187	-0.045	-0.1604	-0.0257	-0.1099	0.3422	-0.083	0.3337	-0.272	0.0374	-0.2346	-0.1575	-0.1408	0.047	0.0695	-0.0336	-0.0065	-0.1869	-0.0488	-0.1884	-0.2205	-0.1028	-0.0932	-0.1909	-0.0938	0.0025	0.0154	0.0238	-0.1235	-0.2335	0.0367	-0.0591	-0.1419
Sg_P22_13	0.221	-0.1474	0.095	-0.0572	0.0458	0.0317	0.0745	-0.0532	-0.097	0.1962	0.0611	0.2579	0.1253	-0.1611	0.0446	0.4332	-0.0244	-0.1958	0.1716	0.2401	-0.0118	-0.0361	-0.1178	0.1087	-0.2679	-0.1385	0.0797	-0.124	0.1562	0.3134	-0.1054	0.0544	-0.0268	-0.1764	-0.0736	0.2081	-0.1472	0.165	0.0271	-0.0827	-0.1778	-0.0754	0.0674	-0.1865	-0.1014	0.0538	0.202	0.1001	0.1041	-0.1207	-0.1577	0.0023	-0.2461	0.2058	-0.0813	-0.2243	-0.1861	-0.0485	-0.2086	0.0001	0.2092	0.1784	0.0469	-0.0175	0.1718	-0.0079	-0.1618	-0.1436	-0.0878	-0.1422	0.0231	0.2006	0.0337	0.1375	-0.0986	0.0766	-0.2033	0.0826	0.0437	0.1084	-0.0158	0.0426	-0.2087	-0.2078	-0.1107	-0.1478	0.1073	0.1455	-0.0124	0.1912	-0.0566	-0.0157	-0.1843	0.0164	0.2196	-0.0635	-0.072	-0.1014	-0.079	0.0906	-0.0839	-0.1488	-0.3389	-0.0501	0.2801	0.2383	0.0318	-0.2727	-0.0381	0.0648	0.0235	0.0655	0.1127	0.0314	0.0466	0.1401	-0.0625	0.0091	0.0732	-0.0198	0.0295	-0.1919	0.0625	0.1645	-0.0793	0.0594	0.1437	0.0646	0.0656	-0.0602	-0.216	-0.1884	-0.2689	-0.0742	-0.1812	-0.0287	0.2266	-0.0024	-0.039	-0.1286	-0.1043	0.185	-0.1926	0.1681	-0.1254	0.0509	0.0797	0.2678	0.0669	0.2385	0.1256	0.0353	0.0629	0.0475	-0.1519	0.0126	-0.0888	0.1863	-0.0741	0.1242	-0.1408	0.0935	0.1745	-0.1188	-0.027	0.1486	-0.1535	-0.1274	0.1011	0.0862	0.0051	0.1672	-0.0652	-0.0004	-0.0801	0.0675	0.0469	0.064	-0.212	0.21	0.0107	0.1859	-0.0858	-0.2388	0.0519	-0.0582	0.152	-0.1791	-0.17	0.069	-0.1213	-0.0163	-0.0331	0.0897	-0.0809	-0.2913	0.1298	-0.1586	0.2152	0.1835	0.1603	-0.1653	-0.1093	0.0822	0.1568	-0.0154	0.4736	-0.1662	-0.311	-0.2694	0.2859	0.1624	0.0667	-0.1133	0.1471	-0.0854	-0.2728	-0.0496	-0.103	-0.2687	-0.1355	0.0301	-0.0274	-0.0568	0.0358	-0.1607	0.0742	0.1012	-0.2764	-0.1134	-0.1147	0.4326	-0.1315	-0.1028	-0.2114	0.0444	0.0641	0.1626	-0.2031	-0.0759	0.0409	-0.1598	-0.2583	0.0472	0.0484	-0.0128	-0.0258	-0.1788	-0.0314	-0.0927	-0.0593	0.1293	0.1785	-0.0827	-0.0735	-0.1402	-0.1823	-0.1854	0.2601	0.1954	-0.1674	-0.0754	-0.1711	0.0272	0.0307	0.0735	0.0976	-0.1753	0.0428	0.0599	-0.1822	-0.1882	-0.035	0.0244	0.195	1	0.1274	-0.1538	-0.15	0.1143	-0.3159	0.0904	0.0659	0.0756	-0.1879	-0.2002	-0.1663	0.1013	0.0082	0.093	-0.0813	-0.125	-0.1608	-0.2809	0.185	-0.1321	-0.2354	-0.0521	0.1297	-0.2077	0.131	-0.0706	0.0389	-0.2411	0.0257	-0.2762	0.0444	-0.1292	0.2126	-0.0929	0.2375	-0.0014	0.0386	-0.1031	-0.186	-0.1681	0.0042	-0.0523	-0.0791	-0.1736	-0.1986	-0.2646	0.0236	0.2205	0.1428	0.109	0.0211	-0.0966	-0.2477	0.0508
Sg_P23_1	0.2214	-0.1121	-0.0673	-0.2607	-0.0827	-0.48	0.0515	-0.5227	-0.1171	-0.1253	0.0031	0.0007	-0.0055	0.0789	-0.3111	0.0035	-0.1461	0.0992	0.0697	0.0674	-0.1518	-0.2238	-0.2275	-0.1511	-0.089	0.0593	-0.1471	-0.2063	-0.026	0.0092	-0.2095	-0.1426	-0.2567	-0.1379	-0.2249	0.0444	-0.1621	0.2254	-0.0752	-0.2032	-0.1023	-0.1805	0.288	-0.217	0.2275	-0.1369	-0.1787	0.0915	-0.3412	-0.4124	-0.4038	0.1131	-0.16	-0.0512	-0.4465	-0.2653	-0.0999	-0.2319	0.0072	-0.025	0.8727	0.2173	0.041	-0.1483	-0.1522	0.4537	-0.0896	0.1029	0.0095	-0.2095	0.3306	0.0922	0.3507	0.1427	0.3552	0.2293	-0.0785	-0.0936	0.3222	0.1068	-0.2301	0.0632	-0.0575	-0.0717	0.3892	-0.1289	-0.0948	0.57	0.0203	0.2626	-0.2598	-0.1437	-0.3074	-0.0819	-0.0176	-0.1012	-0.1987	0.1107	-0.4531	-0.1073	-0.1939	-0.2231	-0.2683	-0.1611	0.0846	0.1388	-0.2567	0.2786	-0.0453	-0.1213	-0.3227	0.3295	-0.3974	0.1732	-0.4114	0.1624	-0.1916	0.1239	-0.3196	-0.4109	0.1977	-0.096	-0.1177	0.1253	0.1629	-0.0759	0.0711	0.2277	0.0113	0.1374	-0.2411	-0.294	0.0779	0.3002	-0.3166	0.1432	0.124	-0.4285	-0.0763	-0.1771	0.1141	0.7813	-0.1445	0.0782	-0.0826	-0.0445	0.9098	0.3741	0.0551	0.0012	0.8868	-0.4646	0.7826	-0.126	0.1463	-0.2226	-0.3078	0.0578	0.0819	0.0855	-0.0938	0.072	0.0875	-0.2947	0.2433	0.1931	0.1395	0.2857	-0.1739	-0.2458	0.1802	0.104	0.1894	-0.4397	-0.108	0.7021	0.2161	-0.2485	0.0813	-0.0128	-0.2952	0.0483	0.3137	-0.2229	0.1766	-0.2156	0.1859	-0.0588	-0.2877	0.0598	0.159	-0.1597	0.1668	0.8385	0.0635	-0.099	0.8522	-0.1331	0.1152	0.2295	0.3043	-0.0313	-0.0898	-0.081	0.3877	-0.1344	-0.0488	-0.4243	-0.0507	-0.3214	0.119	0.0301	-0.0611	0.0084	0.0262	0.1429	-0.07	-0.3799	-0.3467	0.1538	-0.1139	0.007	0.0687	-0.2588	0.2794	0.0856	0.0565	0.8743	-0.0711	0.1769	-0.1521	0.0909	-0.2768	-0.1133	0.2497	0.0566	0.281	0.1505	-0.1355	-0.1298	-0.4455	-0.4525	0.1017	0.4119	-0.1506	0.1558	-0.1897	-0.4047	0.0829	0.1223	-0.2667	-0.1431	0.1146	-0.1767	-0.1406	-0.2939	-0.2995	-0.1644	-0.1683	0.108	-0.1128	-0.0517	-0.0972	0.1472	0.7483	0.0673	-0.0523	-0.258	-0.3961	0.0998	-0.3563	-0.2477	0.2397	0.1074	-0.0062	0.1274	1	0.0211	-0.0905	-0.1868	-0.2196	-0.0988	0.1158	0.1598	0.4454	0.0966	0.1353	-0.0281	-0.3501	0.5307	0.1025	-0.2505	-0.0147	-0.1765	0.1897	0.1639	-0.0104	-0.4214	0.858	-0.1524	0.1206	-0.186	-0.3145	-0.2986	-0.0839	-0.2226	0.1479	-0.0932	0.2998	-0.4863	0.1226	0.3513	-0.112	0.0781	-0.3762	-0.2199	0.2243	-0.1992	-0.005	-0.025	-0.4643	-0.366	0.2336	-0.1937	0.9167	0.2029	-0.3334	-0.271	-0.2442	0.0602
Sg_P27_36	-0.2327	0.212	0.0489	-0.1272	0.0985	-0.1331	0.0091	-0.0476	0.383	-0.062	0.1982	-0.1783	-0.2009	0.2761	-0.2278	-0.0461	-0.0568	0.1676	-0.3238	-0.1674	0.1529	-0.0428	-0.0175	-0.0253	0.1621	0.101	-0.089	-0.1451	-0.2375	-0.2116	-0.0852	-0.1794	0.006	0.1681	0.2941	-0.1575	0.2304	-0.1104	0.1794	-0.2005	-0.0962	0.139	0.0675	0.1531	0.3435	-0.0874	-0.137	-0.1344	-0.187	-0.2268	0.0856	0.0946	0.056	0.1457	-0.2123	0.1831	-0.0314	-0.4561	0.0398	0.3304	-0.0257	-0.0115	0.1021	0.0312	-0.2212	0.0175	0.1221	0.0495	-0.1166	-0.0233	0.129	-0.035	0.2031	-0.0654	0.1095	0.3198	0.0213	0.2852	0.1338	-0.0169	-0.1414	0.1359	0.3215	0.1894	-0.0134	-0.002	-0.1892	-0.1235	-0.1441	-0.0799	-0.0996	-0.1902	0.3873	-0.1306	-0.0108	0.0773	0.1191	-0.1105	-0.1519	-0.0295	-0.1828	0.0625	0.0074	-0.0875	-0.0621	-0.2076	-0.0618	0.0201	-0.2113	-0.2244	-0.1791	-0.0504	-0.1324	0.09	-0.2398	-0.0793	-0.0695	0.013	-0.1179	-0.2278	0.0043	0.2031	0.2207	-0.2624	-0.2896	-0.0205	-0.2851	-0.0754	-0.1677	-0.022	0.098	0.0557	0.1809	0.2925	0.1155	0.0602	-0.2671	-0.2532	0.3598	0.0822	-0.008	-0.063	0.3048	-0.157	0.6055	0.2237	-0.0089	0.1216	0.049	-0.1781	0.0018	-0.079	-0.0658	0.1748	-0.0992	-0.1473	0.235	-0.1935	0.1693	-0.244	0.232	-0.3402	-0.0778	-0.1746	-0.1857	0.1343	0.0806	0.0946	-0.2759	0.2861	0.1383	-0.3058	-0.0373	-0.1045	0.0562	-0.0972	-0.0387	-0.1979	0.2131	-0.2415	0.1169	-0.2956	-0.0427	0.1267	0.2303	0.1452	-0.2156	0.2316	0.2185	-0.3388	0.1152	-0.2764	-0.1546	-0.0671	-0.1858	0.0821	-0.0191	0.1107	-0.2929	-0.0743	0.2095	0.2426	0.0074	0.2709	0.0333	-0.0987	-0.0518	0.0605	0.1074	0.2226	-0.1257	-0.3616	-0.0751	0.2667	-0.1764	0.1184	0.2162	-0.0372	-0.1296	0.2346	0.3144	-0.0744	-0.0701	0.1879	0.1804	0.0584	-0.0583	0.0879	0.2803	0.1892	0.2436	-0.1731	0.0428	-0.0115	0.0741	-0.0068	0.0846	-0.391	0.0408	0.2213	-0.0661	-0.1024	0.2767	0.066	-0.1835	-0.1412	0.1626	-0.1947	-0.0209	-0.0297	0.2894	-0.0423	-0.0859	0.1585	0.0547	0.2993	0.2747	0.1547	-0.0464	0.1148	0.2399	-0.0678	-0.0629	0.0809	-0.1561	0.2244	0.0312	0.313	-0.1405	-0.0747	0.0378	0.0716	0.0791	0.1402	-0.1586	-0.1538	0.0211	1	0.0428	-0.0788	0.0255	-0.2151	0.0203	-0.0259	0.0596	0.0206	0.0939	-0.2352	-0.1551	-0.1652	0.2133	-0.041	0.2958	-0.0109	-0.0903	0.0769	0.1918	0.0587	0.0086	0.1237	0.0068	0.2228	-0.2253	0.1155	-0.2292	0.2644	-0.0603	0.2144	-0.1183	0.0179	-0.1084	-0.0707	-0.0314	-0.2378	-0.1839	0.0333	-0.0911	-0.0142	0.0057	0.2286	0.2588	0.1826	0.3136	-0.2634	0.0246	0.0487	-0.0883	-0.0635	-0.1244	0.0129
Sg_P27_38	0.1072	-0.196	-0.0973	-0.104	0.0462	-0.1497	-0.0472	-0.0401	-0.2333	-0.2829	-0.2865	0.0161	-0.2731	-0.1264	-0.0185	-0.2516	0.0582	-0.213	-0.2406	-0.2949	0.2951	-0.202	-0.2157	-0.2364	0.0301	0.1509	-0.1642	0.012	0.0607	0.0793	-0.2893	0.1989	-0.1906	-0.1999	0.3065	0.0455	-0.1948	0.1061	-0.0808	-0.0383	-0.1983	0.4009	0.1833	0.3157	-0.0561	0.0419	-0.1082	0.2284	-0.0808	0.15	-0.0329	-0.2131	0.1923	-0.2036	-0.0097	-0.1573	-0.0791	-0.2129	0.1632	-0.0137	-0.1609	0.203	-0.0684	-0.2146	-0.2201	0.1744	0.1343	0.2561	-0.1876	-0.1054	0.1367	-0.2977	-0.1289	0.066	0.3382	0.1238	0.0417	-0.1536	0.1929	0.2783	0.2237	0.1927	-0.1423	0.2564	0.1498	0.0696	-0.3137	-0.0459	0.0963	-0.0469	-0.1769	0.0455	0.0767	0.101	0.0331	0.2425	-0.0918	0.2439	0.0192	0.1397	0.2004	0.2867	-0.0815	0.2668	-0.0265	-0.3245	0.1909	0.34	0.2216	-0.0413	-0.0897	-0.0766	-0.2487	0.26	0.0049	0.0632	0.1765	0.1806	-0.0107	0.0268	0.333	0.1583	-0.1836	-0.2708	0.212	-0.356	0.015	0.1948	-0.0248	0.3416	0.4629	-0.2067	0.3822	-0.1791	0.023	0.2007	-0.3069	-0.161	-0.1282	-0.2597	0.3679	-0.0372	-0.188	-0.1552	0.2283	-0.1869	-0.1625	-0.1394	-0.1232	-0.1769	-0.1857	-0.1114	-0.1893	-0.0971	0.2365	0.1509	0.0729	-0.2859	0.114	0.0153	0.061	-0.2002	-0.103	-0.1006	-0.0357	-0.0949	0.1382	0.2791	-0.1069	-0.0109	0.1046	-0.1639	0.2904	0.073	0.1272	-0.1075	0.1112	0.0948	0.1624	-0.0205	-0.0866	0.0368	-0.0095	-0.14	0.044	0.1436	0.0527	0.212	-0.3257	-0.2624	0.0063	-0.1688	0.2208	-0.207	0.2998	0.1826	-0.1932	0.0267	-0.2999	0.0833	-0.0111	-0.2345	0.0908	-0.0584	0.1218	0.2057	-0.1557	0.2238	0.0351	-0.0888	-0.1225	-0.1723	0.1616	-0.2742	-0.1541	-0.0608	-0.0495	0.0167	-0.1718	0.2109	0.1947	0.4714	0.3447	0.0222	0.0938	0.2758	0.1988	-0.1674	-0.27	-0.2146	-0.0387	-0.1072	0.3938	0.4034	0.213	-0.0378	0.2692	-0.2613	0.2772	0.2233	-0.0933	0.1025	-0.2353	-0.0775	0.0317	0.1865	0.3194	0.0306	0.1222	0.1909	-0.0467	-0.2101	-0.001	-0.0385	0.2277	0.0018	0.199	-0.0768	0.0656	-0.206	-0.2408	0.0277	-0.1283	-0.219	-0.1896	-0.3544	0.0921	0.0096	0.2521	0.1926	-0.2843	0.0947	0.1106	0.135	-0.2396	-0.15	-0.0905	0.0428	1	0.115	-0.0623	0.1971	0.3092	0.1155	-0.0456	0.1194	0.2543	-0.2285	-0.0429	-0.1673	0.02	-0.3604	0.0441	-0.0296	0.0654	-0.1821	-0.1922	0.2359	-0.1783	-0.2625	0.0545	-0.2947	-0.2708	-0.1609	-0.1153	0.2996	-0.2547	-0.2499	-0.1534	0.0337	-0.0641	0.0646	-0.1217	0.2221	0.1289	-0.1627	0.3004	0.0754	0.2908	-0.249	0.1015	-0.1177	-0.1985	-0.1066	-0.1284	0.0183	-0.0051	-0.1995	-0.0493	0.3661
Sg_P27_4	0.1459	-0.2839	-0.0877	-0.0406	0.0622	0.3988	-0.212	0.3982	-0.2693	-0.1	-0.3186	0.2885	-0.2114	-0.3487	0.3926	0.1938	-0.1657	-0.3215	-0.1943	-0.2297	-0.1282	-0.0584	0.1493	-0.303	0.0972	-0.0137	-0.2712	0.3031	0.2257	0.1498	0.073	0.2477	0.0766	-0.3746	-0.1058	0.1736	-0.4364	0.0592	-0.2964	0.5255	0.3018	0.1147	-0.0853	-0.2325	-0.2471	0.3764	0.3058	-0.1639	0.4905	0.4604	0.2847	-0.2779	0.3993	-0.0602	0.3994	-0.1788	-0.1516	-0.019	-0.1436	-0.1466	-0.2421	0.0575	0.0795	0.0203	-0.0734	-0.1692	-0.1432	0.0645	-0.1695	-0.2831	-0.0331	-0.1198	-0.5128	0.0567	-0.0687	-0.0521	-0.0066	-0.0994	-0.0639	-0.0855	0.5141	-0.0102	-0.3209	-0.0039	0.0335	0.0299	-0.2199	-0.0695	-0.0143	-0.0315	-0.022	0.4593	-0.2072	0.5046	0.0679	0.3387	-0.1263	-0.1114	0.3947	0.0835	0.4843	0.3383	0.171	-0.004	0.192	-0.2292	0.4189	-0.1214	0.2562	0.3697	0.3965	0.1081	0.436	-0.17	0.5431	0.1458	-0.0602	-0.044	0.4566	0.4571	-0.03	-0.123	-0.1046	-0.1302	-0.0852	0.0174	0.0858	-0.0758	0.0841	-0.2401	-0.0895	-0.0928	-0.1196	-0.4288	-0.2729	0.259	-0.1345	0.454	-0.3749	0.1414	-0.0196	-0.0689	-0.2517	-0.0937	-0.076	-0.1252	-0.233	-0.3414	-0.1977	-0.2302	-0.1915	0.625	-0.1644	-0.0555	0.305	0.4881	0.0802	-0.2626	-0.0286	0.1542	-0.2729	0.0284	-0.0332	0.1104	0.0485	-0.1414	0.0551	-0.0255	0.4459	-0.2048	0.0037	-0.1696	-0.0142	0.4404	-0.1143	-0.0119	0.1687	0.2223	0.1737	0.4793	0.1403	0.0885	0.0097	0.2257	-0.0917	0.147	-0.002	-0.1364	-0.1274	-0.078	0.1466	0.1871	0.306	-0.3009	0.0717	-0.0789	-0.1132	-0.194	-0.1821	0.043	-0.3085	-0.4205	-0.054	-0.2246	-0.0857	0.5109	0.0745	0.0374	-0.1788	-0.0793	0.0494	-0.1381	-0.0658	-0.3871	-0.1276	-0.4358	-0.4123	0.367	0.013	-0.2821	-0.2146	0.1334	-0.0283	-0.3047	-0.0313	-0.1681	0.0489	-0.2062	-0.4157	-0.352	-0.2658	0.1162	-0.002	0.0549	0.0829	0.3413	-0.0604	-0.1265	0.1238	0.0702	0.531	0.4481	-0.5264	0.0618	0.3986	-0.166	-0.3083	0.6104	-0.2518	0.2063	-0.1191	0.0624	0.0565	-0.0288	-0.2169	-0.2082	-0.0889	-0.0724	0.1211	0.0429	-0.3419	0.1414	0.0573	-0.3172	-0.2045	-0.42	0.1471	-0.1678	0.5052	-0.0602	-0.0716	0.0508	-0.0067	0.1713	-0.1257	0.1143	-0.1868	-0.0788	0.115	1	0.0513	0.1141	-0.1923	-0.0063	-0.4872	-0.1934	-0.0954	-0.1011	0.353	-0.0582	-0.4014	0.0803	-0.1545	-0.0141	0.1001	-0.3395	-0.2446	-0.0122	-0.1902	-0.2577	0.102	-0.2138	0.1701	-0.2101	0.1303	0.1224	-0.0912	-0.2453	0.0921	0.417	0.0812	0.0878	0.1259	0.0847	0.3573	0.0252	0.1995	0.4621	-0.0258	-0.5117	-0.0692	-0.1218	-0.495	0.5954	-0.2153	0.0323	0.3975	-0.091	0.0532	0.1725
Sg_P30_9	-0.3981	0.2501	0.335	0.4995	0.1545	0.2913	0.2566	0.4329	0.2404	0.167	0.1679	-0.5037	-0.1632	-0.0398	-0.0952	0.0525	0.1889	0.3518	-0.1446	-0.0592	0.0975	0.6061	0.5839	0.1104	0.4923	0.0816	0.0736	0.4722	-0.416	-0.4172	0.6111	0.1935	0.5455	0.5216	0.0183	-0.4563	0.358	-0.5186	0.1228	0.2738	-0.1048	-0.064	-0.4295	-0.1752	0.0956	-0.1452	0.2656	-0.3911	0.0581	0.2097	0.2646	0.253	0.2871	0.3159	0.2332	0.1468	0.5557	0.4268	-0.1191	0.09	-0.2028	-0.4795	-0.2645	0.3629	-0.0938	-0.3627	0.0157	-0.1565	0.3483	0.4638	-0.4946	0.0107	0.0762	-0.3248	-0.3315	-0.3375	0.3552	0.3016	-0.4246	-0.1459	0.0252	-0.1981	0.4906	0.0791	-0.0885	0.4115	0.1375	0.0886	0.2403	-0.3262	0.4849	0.2169	0.2267	-0.0917	-0.4819	-0.0569	0.1228	-0.0562	0.1723	-0.1273	0.224	-0.0264	0.6338	0.0112	-0.5296	-0.0777	0.1324	0.0055	-0.1949	0.0469	0.3633	-0.1756	0.1533	-0.4455	0.2756	-0.4941	-0.0537	-0.4564	0.2736	0.1396	-0.417	0.0897	0.3541	-0.1193	-0.12	0.4385	-0.2032	-0.395	-0.0149	-0.398	-0.1192	0.7025	-0.1788	0.2774	0.4002	-0.3485	-0.1368	0.1309	0.1668	0.62	-0.3252	-0.1827	0.4734	-0.1619	0.0257	0.3604	-0.0962	-0.2363	0.1225	-0.1908	-0.1911	0.2575	0.1216	-0.1168	-0.0769	-0.1151	0.4031	-0.1037	-0.1144	-0.2867	0.0001	-0.0805	-0.4198	0.3969	-0.0916	-0.0532	-0.2346	-0.3777	0.2096	0.2204	-0.3743	-0.2239	-0.4459	0.1051	0.0834	-0.1389	-0.305	0.0364	-0.1666	-0.2205	0.1477	-0.2607	0.2136	0.4161	-0.4689	-0.0724	-0.3651	-0.0977	0.3933	-0.0919	-0.3672	0.5171	-0.3322	-0.096	-0.1308	-0.0346	-0.0592	0.5135	-0.1431	-0.5325	-0.1099	0.4598	-0.0749	0.0795	-0.4746	-0.1245	-0.0524	0.1884	0.3821	0.5649	0.119	-0.1625	0.0204	0.3536	-0.1383	0.4147	0.4617	0.0112	0.6027	-0.2349	-0.211	-0.176	-0.319	0.1844	-0.4778	-0.3114	-0.4408	-0.1003	0.2883	0.1163	-0.0228	-0.4276	-0.0182	-0.2436	-0.1662	-0.1234	-0.2079	-0.1526	0.0764	0.1522	0.2844	0.1849	0.2941	-0.1975	0.0537	-0.459	-0.2278	0.2274	-0.3562	-0.3065	0.226	-0.0882	-0.5452	0.3082	-0.0668	0.3438	0.0421	0.0905	-0.3698	0.126	0.5263	0.3308	0.4564	0.2478	0.0402	0.3134	-0.2468	0.1689	0.1576	-0.3932	0.5725	0.1315	-0.2023	-0.3934	-0.1232	-0.3159	-0.2196	0.0255	-0.0623	0.0513	1	-0.182	-0.4909	-0.4667	0.0242	-0.0708	0.0244	-0.152	0.3905	0.1087	0.2744	0.5632	0.2898	0.6013	-0.4719	0.354	0.3798	0.0033	0.0119	0.603	-0.3272	0.6367	0.2872	0.6548	0.1051	0.2784	0.5971	0.3498	0.253	0.0705	-0.5144	-0.1292	0.419	0.0571	0.213	0.4318	-0.4235	0.112	-0.3345	0.3725	0.2768	0.5112	0.0853	-0.1074	-0.1542	-0.4041	0.019	0.6166	0.3083	-0.3597
Sg_X03_29	0.1967	-0.144	-0.1621	-0.1299	-0.1955	-0.0198	-0.2992	-0.1247	-0.4645	-0.2138	-0.3497	-0.0323	0.1495	-0.1775	0.0666	-0.2305	0.0204	-0.2819	0.1195	-0.0124	0.0492	-0.1398	-0.1303	-0.2316	-0.0842	0.3529	-0.1056	0.0154	0.0742	0.0046	-0.06	0.1854	-0.2633	-0.3184	-0.0252	-0.0283	-0.3277	-0.1093	-0.1997	-0.0671	-0.1404	0.3204	0.3496	-0.0186	-0.1862	0.1298	0.0204	0.527	0.0396	0.0364	-0.0603	-0.2983	-0.1216	-0.353	-0.1142	-0.2932	-0.1416	-0.1121	-0.0589	-0.3642	-0.1571	0.1919	0.0733	-0.2871	0.1438	0.1134	-0.2647	0.3976	-0.1422	-0.1883	0.143	0.017	-0.0972	0.3016	0.1902	0.0387	0.1082	-0.4172	0.1895	0.2961	0.2249	0.4087	-0.3988	0.3128	0.0292	0.1022	0.0664	0.144	0.1479	0.3771	0.0919	0.0882	-0.2388	0.209	0.0575	0.1174	0.2147	0.5444	-0.0966	0.043	0.2325	0.0545	-0.064	0.5414	-0.145	0.0375	0.024	0.1866	0.6101	-0.0461	0.022	0.0387	-0.1422	0.3662	-0.058	-0.2208	0.525	0.488	-0.1185	-0.0456	0.5622	-0.3815	-0.4239	0.0836	0.4721	-0.273	0.2189	0.3776	0.5135	0.4745	0.1166	-0.3135	-0.1412	-0.4811	0.1554	0.3159	0.139	-0.0477	-0.2099	-0.3195	0.2714	0.0092	-0.3765	0.1263	-0.1331	-0.4871	-0.1693	-0.1685	-0.3471	0.1009	-0.1848	-0.0593	-0.1312	0.1317	0.1234	0.2506	-0.006	0.0285	0.1745	-0.0761	-0.0713	0.0437	0.0918	-0.0725	0.1156	-0.2129	0.2719	0.1547	0.1419	-0.0164	0.0246	0.2012	0.4663	0.0377	0.2368	0.0288	0.4623	-0.1292	0.1773	0.1226	-0.0851	0.4606	0.1262	-0.3571	0.123	0.1523	0.5189	-0.0396	-0.3343	0.0956	0.0048	0.1208	0.2441	-0.1426	0.4624	0.143	-0.1289	-0.3645	0.0598	-0.0651	-0.1625	-0.3132	0.0556	-0.1886	0.2528	0.4454	-0.3305	-0.0799	0.0253	-0.3021	-0.0573	0.1442	0.5258	-0.3422	0.1124	-0.2416	-0.3352	0.0952	-0.0868	0.1407	-0.0745	0.3387	0.3688	-0.2983	0.0529	0.3006	0.5608	-0.2023	-0.3205	-0.1853	-0.1224	-0.0952	0.1867	0.4564	0.1828	0.0497	0.2034	0.1236	0.6236	-0.0669	-0.0851	0.1137	-0.4415	0.0275	-0.1027	0.4428	0.0682	0.0326	0.3802	0.3794	-0.1186	-0.2195	-0.1213	-0.3037	0.0795	-0.2807	-0.1131	0.0702	0.0149	-0.2559	-0.4396	-0.236	0.0911	-0.2508	-0.1204	-0.2517	0.2081	-0.1156	0.0817	0.4571	-0.2315	-0.1099	0.2304	0.1998	0.0919	0.0904	-0.0988	-0.2151	0.1971	0.1141	-0.182	1	0.1948	-0.1684	-0.1761	0.2451	-0.056	0.1645	0.0198	0.0578	-0.1169	-0.1519	-0.3221	0.0509	-0.1444	-0.2366	-0.3757	0.1156	-0.2235	-0.3769	0.2547	-0.3022	-0.0908	-0.2867	0.156	-0.1271	-0.1418	-0.263	-0.1059	-0.1509	-0.1019	0.3718	-0.0427	0.3518	-0.0984	-0.1371	0.3109	0.0831	0.3161	-0.3155	-0.2181	-0.3713	-0.1964	0.086	-0.1357	0.0074	-0.1521	-0.1142	0.0092	0.364
Sg_X05_12	0.1627	-0.0753	-0.201	-0.3193	-0.4155	-0.3658	-0.2602	-0.4715	-0.1155	-0.2473	-0.2125	0.263	-0.099	0.0898	-0.0969	-0.133	-0.0113	-0.1017	-0.0661	-0.1328	0.4013	-0.3284	-0.4502	-0.1256	-0.4196	0.2377	-0.1012	-0.393	0.3605	0.3454	-0.4755	-0.0059	-0.4185	-0.2989	0.2967	0.3077	-0.1834	0.3434	-0.2271	-0.2605	0.0194	0.2203	0.6068	0.1534	0.1157	0.003	-0.4202	0.4713	-0.1909	-0.2281	-0.3338	-0.2894	-0.2565	-0.3349	-0.3381	-0.1985	-0.3176	-0.4331	0.0566	-0.1326	0.1566	0.5853	0.2227	-0.4764	-0.2292	0.3858	0.0772	0.3313	-0.2866	-0.339	0.5009	-0.1387	0.1211	0.1396	0.208	0.4166	-0.0587	-0.3161	0.1804	0.289	-0.0959	0.1872	-0.1743	0.0359	0.1198	-0.1006	-0.181	0.0379	0.017	0.0807	-0.239	-0.1976	-0.0508	0.0121	0.253	0.0602	0.0337	0.1484	-0.3069	-0.052	-0.1414	-0.0351	-0.5158	0.3253	0.2697	-0.1196	-0.2411	0.1705	0.2912	-0.2369	-0.4325	0.0155	-0.1494	0.5352	-0.2188	0.1792	0.2381	0.4491	-0.3592	-0.2149	0.5315	0.0045	-0.3227	-0.1772	0.24	-0.4088	0.074	0.5095	0.1033	0.5218	0.2811	-0.4891	0.2705	-0.2396	-0.0074	0.4035	-0.1268	-0.3095	-0.0532	-0.612	0.5331	0.0569	-0.2874	-0.0736	-0.0168	-0.3947	0.0159	0.1909	-0.2936	0.003	0.0744	-0.3749	-0.112	0.0069	-0.0383	0.0797	-0.1508	-0.139	0.3579	0.1753	0.3227	-0.2032	0.0684	-0.2818	-0.044	-0.021	0.394	0.2162	-0.2278	-0.1007	0.4111	0.014	0.2985	-0.2012	0.1624	0.0136	0.3919	-0.2949	0.091	0.0512	-0.2068	0.3086	-0.2409	-0.4613	0.5219	0.0321	0.2867	0.3122	-0.3938	-0.1328	0.2147	-0.3317	0.1467	0.0175	0.1664	0.0664	-0.0506	-0.3299	-0.169	0.3172	0.185	-0.244	0.1297	-0.1083	0.3216	0.0627	-0.1204	-0.0912	-0.0114	-0.3857	-0.0537	0.064	0.178	-0.2744	-0.1005	-0.0952	-0.1979	-0.1	-0.4991	0.3654	0.1917	0.2504	0.4365	0.0003	0.4646	0.5638	0.5147	0.0373	-0.0613	0.0977	0.1212	0.2094	0.2454	0.3796	0.1773	0.2004	0.3621	-0.0736	0.0513	0.0461	-0.4026	-0.1248	-0.1465	0.1005	-0.2021	0.6433	0.2665	-0.1728	0.4231	0.2576	0.0268	0.1187	0.2845	-0.1443	0.1091	-0.1897	0.1565	-0.0696	0.3585	-0.1014	-0.3751	-0.427	-0.0936	-0.076	-0.0039	-0.3224	0.3517	-0.1176	-0.0511	0.4133	-0.4253	-0.1197	0.146	0.4298	-0.1156	0.0659	0.1158	0.0203	0.3092	-0.1923	-0.4909	0.1948	1	0.3216	0.1169	0.0909	0.2921	-0.1209	-0.4609	-0.0951	0.0203	-0.4037	-0.2269	-0.2412	0.2852	-0.0869	-0.3415	0.267	0.0126	-0.4039	0.4388	-0.2249	-0.435	-0.392	-0.3148	0.0184	-0.3296	-0.0307	-0.2645	-0.1434	0.2908	0.0683	-0.3774	-0.0781	-0.1411	-0.1879	0.3344	-0.2301	0.2652	-0.186	-0.0341	-0.3065	-0.0967	-0.1611	0.0856	0.4302	-0.0518	-0.5151	-0.1615	0.4606
Sg_X05_3	0.3318	-0.043	-0.302	-0.4803	-0.3386	-0.2521	-0.1872	-0.3134	-0.0584	-0.2357	-0.1526	0.733	0.1775	0.1532	0.1659	-0.086	-0.1782	-0.1452	0.1197	0.1657	0.0751	-0.3528	-0.5345	-0.0469	-0.4702	-0.2491	-0.1496	-0.4666	0.3597	0.5097	-0.6028	-0.1799	-0.4517	-0.3561	0.0327	0.5969	-0.2848	0.9186	-0.124	-0.0592	0.3693	-0.0721	0.3472	0.2255	-0.0687	0.0751	-0.5227	0.1132	-0.244	-0.2127	-0.2402	-0.1433	-0.1124	-0.1121	-0.1761	0.0423	-0.377	-0.3933	0.0487	-0.0233	0.218	0.281	0.2543	-0.2668	0.0366	0.201	0.0219	0.0203	-0.2501	-0.4425	0.4031	0.0717	-0.0202	0.0266	0.2902	0.3943	-0.3698	-0.0576	0.188	-0.053	-0.1717	0.049	-0.3445	-0.3447	-0.0913	-0.4702	-0.2726	-0.1368	-0.2804	0.0255	-0.4686	-0.2394	0.0062	0.0064	0.4529	0.1666	-0.2371	-0.2382	-0.2402	0.0325	-0.3208	0.0355	-0.4695	-0.1475	0.8059	0.0851	-0.228	-0.1056	-0.0473	0.0234	-0.4753	0.1495	-0.1168	0.2654	-0.1491	0.8222	-0.1076	0.1788	-0.1608	-0.1593	0.1002	-0.0631	-0.0791	0.0417	-0.0063	-0.1895	-0.0688	0.0794	-0.1662	0.1522	0.0785	-0.5577	0.2973	0.0045	-0.3442	0.1682	0.0947	-0.1677	-0.2229	-0.4991	0.1763	0.0367	-0.1727	0.163	-0.2062	-0.0713	0.1275	0.3566	-0.0015	0.1433	0.2769	-0.1421	-0.0819	0.1774	-0.0591	0.1115	-0.3111	0.1025	0.0863	0.5055	-0.2144	-0.0971	0.3676	-0.3684	0.0348	0.3336	0.1562	0.3998	-0.1875	-0.3612	0.3251	0.1712	0.1614	-0.1267	-0.289	0.0752	0.0493	0.0102	0.0338	0.2255	-0.2043	-0.0173	-0.3056	-0.1544	0.3229	0.2215	0.1094	0.0774	-0.2666	-0.0029	0.2812	-0.5014	0.0815	0.1077	0.0179	0.0692	0.0023	-0.2225	0.1142	0.8794	0.3039	-0.27	0.1153	-0.1963	0.2291	-0.1266	0.0951	-0.0983	-0.2524	-0.4829	-0.1895	0.1196	-0.224	-0.2115	0.1563	-0.2765	-0.2264	-0.1723	-0.5418	0.1007	0.1146	0.0607	0.1872	-0.0612	0.3965	0.1744	0.1388	0.0759	-0.2549	0.0793	0.0512	0.4727	-0.066	-0.002	0.0819	0.1583	-0.0186	0.0935	-0.3667	0.1308	-0.165	-0.2349	-0.141	0.088	0.2434	0.2829	0.1868	-0.1188	0.109	0.1029	-0.1447	0.4842	0.828	-0.054	-0.0517	-0.081	0.0224	-0.2043	0.4375	-0.1653	-0.2838	-0.0371	-0.5366	-0.1525	-0.0413	-0.2071	0.1738	-0.0679	-0.1606	0.224	-0.5239	-0.0968	0.1022	0.2327	0.1481	0.0756	0.1598	-0.0259	0.1155	-0.0063	-0.4667	-0.1684	0.3216	1	0.1045	-0.0986	0.0806	0.0903	-0.4326	-0.1215	-0.2199	-0.5116	-0.0935	-0.5381	0.9052	-0.3044	-0.2323	0.1415	-0.0119	-0.3252	0.1354	-0.3384	-0.1753	-0.5121	-0.3806	-0.0359	-0.4173	-0.1282	-0.2014	0.0564	0.6179	-0.1001	-0.4713	-0.4238	-0.0839	-0.2798	0.1607	-0.2351	0.1687	-0.2664	-0.1618	-0.1687	-0.015	-0.0003	0.152	0.3029	-0.0582	-0.554	-0.3403	0.1951
Sg_Y07_14	-0.0528	0.4331	0.1245	-0.1686	-0.1204	-0.4522	0.0687	-0.5488	0.2555	0.0241	0.0806	-0.1674	-0.0963	0.4825	-0.4032	0.0003	-0.0306	0.1439	-0.0708	-0.0734	0.0153	-0.2173	-0.248	0.0473	0.0365	0.0744	-0.1293	-0.285	-0.3122	-0.0607	-0.2528	-0.2326	-0.3339	0.284	0.0634	-0.1317	0.4199	0.0896	-0.0745	-0.4128	-0.2003	-0.0136	0.1957	0.2224	0.3862	-0.2821	-0.2634	0.0321	-0.3968	-0.3405	-0.2118	0.1496	-0.3569	0.0376	-0.351	0.1577	-0.0678	-0.1673	0.0753	0.2725	0.4721	0.1661	-0.0866	-0.1989	-0.2434	0.219	0.2083	0.0959	0.1028	0.109	0.2888	-0.2353	0.5341	0.1479	0.4334	0.1496	0.295	0.0792	0.22	0.0637	-0.4382	0.1462	0.3011	0.0672	0.3151	0.0127	0.0295	0.2334	0.1366	-0.0682	-0.2012	-0.4872	0.1172	-0.3929	-0.1255	-0.2162	-0.0389	0.14	-0.3418	-0.2382	-0.4591	-0.1898	-0.1466	-0.0539	-0.0865	-0.0569	-0.4719	0.3266	-0.2525	-0.3902	-0.5009	-0.1627	-0.4093	0.1446	-0.4244	-0.003	-0.0806	0.1007	-0.4289	-0.42	0.0691	0.1551	0.0569	-0.101	0.079	-0.1381	-0.0306	0.04	-0.1056	0.1895	0.0078	-0.0008	0.1346	0.4463	0.1194	-0.0463	-0.1045	-0.3983	0.3538	-0.2358	0.1726	0.3802	0.2402	-0.0554	-0.0024	-0.0401	0.5112	0.282	0.0378	-0.0739	0.4576	-0.6225	0.444	-0.1837	-0.1251	-0.4738	-0.057	-0.0914	0.1751	-0.0557	0.0899	-0.2248	-0.252	-0.1126	-0.0078	0.1414	0.029	0.0542	-0.4169	0.0741	0.2267	-0.0978	0.1464	-0.514	-0.2407	0.4193	-0.1659	-0.2871	-0.1558	-0.2697	-0.2983	-0.1697	0.2592	-0.2157	0.1957	-0.1168	-0.1587	0.1733	0.0397	-0.1439	0.0726	-0.2777	-0.0463	0.5013	-0.1299	-0.0669	0.506	0.1034	-0.1088	0.046	0.314	0.4	0.1729	-0.0842	0.1141	-0.3254	-0.0187	-0.2036	0.2072	-0.0843	0.1861	-0.2843	-0.0289	0.4029	-0.0261	0.4682	0.4785	-0.4325	-0.1384	0.2488	0.142	-0.1185	0.0875	0.1162	0.2856	0.1152	-0.0088	0.5023	0.3208	0.569	0.0591	-0.1272	-0.1174	0	0.0697	-0.0896	0.1573	-0.1094	-0.1059	0.1529	-0.573	-0.3469	0.4629	0.2871	-0.237	0.1426	-0.0295	-0.4061	0.1349	-0.0361	0.1318	-0.0356	0.0039	0.1348	0.2173	0.0141	-0.0781	-0.164	-0.0606	0.23	0.3005	-0.0355	-0.0673	0.3605	0.3845	0.1726	-0.0245	0.1228	-0.3962	0.043	0.0017	-0.1056	0.3088	0.0235	-0.1343	-0.1879	0.4454	0.0596	-0.0456	-0.4872	0.0242	-0.1761	0.1169	0.1045	1	0.1975	0.0783	-0.1549	-0.3532	0.2773	0.4965	-0.1706	0.0594	0.1973	0.0146	0.5316	0.341	-0.2341	0.4715	0.2548	-0.0716	0.1603	-0.4127	0.1234	-0.2501	0.1089	0.1496	0.3424	0.088	-0.4062	0.0553	0.0086	-0.0668	-0.0165	-0.3764	-0.0917	-0.0019	-0.396	0.1077	0.4555	-0.194	-0.0878	0.3827	-0.5398	0.5312	0.1834	-0.2018	-0.0979	-0.1831	-0.1268
Sg_Y07_23	-0.0406	0.0682	-0.1831	0.1031	-0.1203	-0.2	-0.2475	-0.2498	-0.0845	-0.2522	-0.0364	-0.0393	-0.0174	0.1163	-0.2405	-0.1597	0.0174	0.1002	-0.129	-0.1851	-0.046	-0.0016	-0.1889	-0.1593	0.0573	0.2998	-0.237	-0.0349	0.077	-0.0179	-0.1377	-0.1706	-0.1984	-0.0207	-0.0144	0.0711	0.0643	0.0611	-0.2195	-0.3209	-0.0838	0.0704	0.3345	0.1312	0.0361	-0.0852	-0.253	0.3156	-0.3148	-0.0809	-0.1355	-0.1655	-0.271	-0.3189	-0.2354	-0.1863	-0.1628	-0.2471	0.1914	0.0356	-0.0446	0.2347	0.0413	-0.1727	-0.0645	0.0707	0.0234	0.2557	-0.264	-0.1204	0.2693	-0.1595	0.1188	0.2809	0.2689	0.1616	-0.0416	-0.2553	0.3157	-0.0193	-0.1897	0.0869	-0.0742	0.0706	0.1755	-0.0798	-0.312	0.2419	0.0417	0.2765	-0.0665	0.1374	0.0563	-0.0519	0.1287	-0.1043	0.0169	0.4529	-0.2222	-0.1204	0.1575	-0.0904	0.0057	0.4676	-0.032	-0.1486	-0.2066	0.43	0.3267	-0.0294	-0.1833	-0.1532	-0.1024	0.3064	-0.335	-0.0794	0.1219	0.421	-0.212	-0.2381	0.3456	0.0659	-0.2512	-0.0958	0.4244	-0.3074	0.1448	0.2618	0.2222	0.4524	0.075	-0.1143	0.0325	-0.0422	0.2405	0.3066	-0.0874	-0.1621	-0.0335	-0.2281	0.2877	0.1206	-0.1211	-0.1296	0.0983	-0.2888	0.0776	-0.0371	-0.1486	-0.1394	-0.031	-0.3207	0.1561	-0.1628	0.3591	-0.091	-0.027	-0.2157	0.3342	0.1289	-0.1129	-0.1389	-0.0375	-0.0519	0.1388	-0.0504	0.0545	0.1643	-0.1228	0.1354	0.1793	-0.0249	0.3938	-0.2526	0.3136	0.1033	0.3644	-0.0842	0.066	-0.0161	-0.2114	0.2147	0.1985	-0.262	0.1418	-0.1151	0.2057	0.1567	-0.1603	-0.1016	0.1167	-0.0038	0.201	0.0795	0.1446	0.1927	0.0931	-0.1252	-0.1469	-0.0061	-0.0089	0.0008	0.1335	-0.2009	0.2002	0.2926	-0.3024	0.0508	0.2392	-0.0751	-0.0629	-0.1484	0.1213	-0.0506	-0.151	-0.0514	-0.013	-0.1322	-0.071	0.294	-0.0088	0.2622	0.2767	0.1391	0.145	0.2934	0.3852	-0.0214	-0.0903	0.1982	-0.0481	-0.1806	0.2199	0.4551	0.1	-0.1404	0.3467	-0.1063	0.321	0.073	-0.3462	-0.0737	-0.0077	0.3578	0.0211	0.2469	0.0269	-0.2711	0.2266	0.307	-0.1051	0.0011	0.0213	0.0374	0.1339	-0.1054	0.069	0.002	-0.0185	-0.0832	-0.0716	0.0071	0.2303	-0.1381	0.0478	-0.1707	0.2189	0.0017	-0.2204	0.2655	0.0062	0.0342	0.3439	0.1779	-0.2011	-0.2002	0.0966	0.0206	0.1194	-0.1934	-0.0708	0.2451	0.0909	-0.0986	0.1975	1	0.2486	-0.0506	-0.1286	0.3095	0.0683	-0.1472	-0.1848	-0.0257	-0.0067	0.0466	0.0171	-0.0208	0.0859	-0.0943	0.3942	-0.178	-0.3602	-0.019	0.0556	-0.021	0.0475	-0.0145	-0.0352	-0.3746	0.0847	0.1838	0.0794	0.3201	-0.2935	-0.2307	0.219	0.0164	0.069	-0.0542	0.1048	-0.0944	-0.0559	-0.2364	0.0195	0.05	-0.2039	-0.0706	-0.0412	0.0948
Sg_Y07_27	0.168	-0.1764	-0.3624	0.0121	-0.2237	-0.1174	-0.1477	-0.0874	-0.1791	-0.275	-0.0438	0.0393	-0.0695	-0.1208	-0.0755	-0.2801	-0.1464	0.0374	-0.0565	-0.27	0.0832	0.0421	-0.0968	-0.3135	0.103	0.1743	-0.1827	0.0737	0.1971	0.0445	0.0091	-0.1447	-0.0734	-0.1371	0.0527	0.1656	-0.1533	0.1294	-0.1143	-0.1945	0.0655	0.0361	0.3301	0.0103	-0.014	0.1172	-0.0928	0.1395	-0.1446	-0.0819	-0.0815	0.0035	0.083	-0.3667	-0.0316	-0.1031	0.0431	-0.164	-0.1251	-0.2518	0.0875	0.2199	0.2934	0.1049	-0.2516	0.192	0.0385	0.0304	-0.1083	-0.1344	0.1508	-0.165	-0.0699	0.049	-0.0277	0.0865	-0.2113	-0.377	-0.0091	0.2166	-0.081	0.0715	-0.0874	0.0321	0.0777	0.2358	-0.2339	0.0955	0.0085	-0.0427	-0.0078	0.2867	-0.0186	0.206	0.1091	0.2219	-0.0593	0.2325	-0.0888	0.0924	0.151	0.0068	0.0132	0.243	0.0506	-0.1786	0.0874	0.3716	0.2226	-0.068	-0.0912	0.1909	-0.1814	0.1904	0.0051	0.1269	-0.0055	0.1915	-0.0564	-0.1093	0.2347	0.1208	-0.3346	-0.1126	0.286	-0.0726	-0.0538	0.2874	-0.1163	0.321	0.0375	-0.2159	0.216	-0.0453	-0.061	0.1891	-0.1856	-0.065	-0.127	-0.017	0.3702	0.1046	-0.134	-0.2171	-0.062	-0.2555	0.0914	0.0952	0.0241	-0.1146	0.0163	-0.0956	-0.0425	-0.0971	0.2837	0.0516	-0.076	-0.1789	0.1296	0.0409	0.0933	-0.0177	0.0161	-0.0033	0.097	0.1356	-0.1357	0.2292	0.0199	-0.0375	0.0293	-0.046	0.101	0.0153	0.1556	0.0336	0.1955	-0.2286	0.3111	0.195	0.1276	0.1082	0.0803	-0.0166	0.1399	0.2212	0.1855	0.1562	-0.1701	-0.0237	0.0023	0.0305	0.1208	0.0629	0.1534	-0.0681	0.0071	0.1801	-0.1618	0.0811	0.0854	-0.2262	-0.1902	0.0349	-0.0639	0.1735	-0.3136	-0.0971	-0.0131	-0.16	-0.1815	-0.0227	0.206	-0.2359	-0.1491	-0.0322	-0.0827	0.0118	-0.1461	0.0057	-0.007	0.1266	0.3378	0.0735	0.0587	0.2317	0.1143	0.0615	-0.1359	-0.1934	-0.0617	-0.1754	0.0325	0.1945	0.202	0.1554	0.2189	-0.006	0.0208	0.018	-0.074	0.0141	-0.0845	0.1554	-0.0335	0.1514	0.0307	-0.0919	0.0451	0.2254	-0.1074	-0.112	0.0875	-0.0921	0.084	0.0236	0.0329	-0.1773	-0.0247	-0.1904	-0.182	0.0976	0.1032	-0.211	0.0588	-0.2695	-0.0547	0.1148	0.0424	0.2791	-0.1151	-0.119	0.0497	0.0742	-0.2096	-0.1663	0.1353	0.0939	0.2543	-0.0954	0.0244	-0.056	0.2921	0.0806	0.0783	0.2486	1	-0.0124	0.071	0.0261	0.0303	-0.2404	0.0277	-0.1759	0.1181	-0.0509	-0.2628	-0.0883	0.0671	-0.2685	0.2219	-0.1402	-0.1244	-0.0329	-0.1525	0.0374	-0.1017	-0.0677	-0.1962	-0.114	0.0585	0.1285	-0.1225	0.2756	0.0903	0.0135	0.1981	0.0481	0.1042	-0.1664	-0.0558	-0.1746	-0.1558	-0.0686	0.0269	-0.1577	-0.1326	-0.1119	0.2106	0.2259
Sg_Y19_10	0.203	-0.1423	-0.2405	0.0203	0.0116	0.0593	0.029	-0.0783	-0.3611	0.2327	0.1383	0.01	0.9144	-0.0856	0.223	-0.1409	-0.2272	-0.0904	0.7801	0.6681	-0.3438	0.1989	0.1976	0.1806	-0.1038	0.0186	0.3565	-0.0146	-0.0878	-0.075	0.0977	-0.0023	0.1209	0.0092	-0.3176	-0.0163	-0.231	0.0642	0.1866	-0.1288	-0.1499	-0.0981	-0.025	-0.2083	-0.1688	-0.1925	-0.0034	0.0397	-0.088	-0.1938	-0.2953	-0.0525	-0.2313	-0.0805	-0.188	-0.0821	0.0653	0.2549	-0.0663	-0.2594	-0.042	-0.1255	0.0866	0.2104	0.6661	0.0213	-0.1224	-0.0224	0.1418	-0.0255	-0.1102	0.5989	-0.1008	-0.0393	-0.1907	-0.228	-0.3449	-0.1031	-0.2071	-0.2029	-0.2351	-0.0209	-0.2213	-0.1802	-0.2383	0.0158	0.3205	0.1827	-0.0635	0.3983	0.2054	0.1461	-0.2084	0.0048	0.0008	-0.2274	0.1194	-0.032	-0.1899	-0.025	-0.0494	-0.2965	-0.0498	0.0771	0.0137	0.7596	-0.0861	-0.0451	0.0057	-0.1418	0.0284	-0.0391	0.0272	-0.1247	-0.1022	0.0298	0.0297	-0.0033	-0.1088	-0.1283	-0.0132	-0.121	-0.1157	0.7819	0.1221	0.1903	-0.0185	0.0199	0.2	-0.0337	-0.0795	-0.0675	-0.1475	-0.0549	-0.0664	-0.1353	0.6898	-0.0819	-0.2307	0.0541	0.0234	0.0586	-0.1648	0.5665	-0.2628	0.0369	0.0082	0.043	0.2916	0.6245	-0.0109	-0.1184	0.0317	0.1791	-0.1306	-0.0755	-0.1828	0.7579	-0.1606	-0.0639	-0.1555	0.7106	0.2843	-0.0024	-0.1644	-0.0076	-0.1053	0.2457	0.0313	-0.1082	-0.2304	0.7519	0.0743	-0.1842	0.1331	-0.0743	0.021	-0.1935	-0.1025	0.09	0.0961	0.0856	0.0288	-0.1271	-0.0226	-0.1089	0.2523	-0.1753	-0.0422	0.7818	-0.0575	0.2495	-0.1721	0.0606	-0.0223	-0.1069	-0.0624	0.0006	0.8014	0.1379	0.0332	-0.1094	-0.2086	-0.0473	0.0123	0.0136	-0.1457	0.0271	-0.0207	-0.2047	-0.1272	0.6182	0.0462	-0.0847	0.6193	-0.1896	-0.2367	-0.2368	0.1388	-0.2191	-0.0671	-0.1767	-0.0216	-0.0357	-0.14	0.0517	0.0379	-0.0537	-0.0919	-0.1912	0.2318	0.0674	-0.1813	-0.2028	-0.17	-0.1477	-0.2838	0.7901	0.0764	-0.3485	-0.1267	-0.2967	-0.1582	-0.0659	-0.0375	0.1178	-0.1227	-0.2978	0.0359	0.0311	-0.1815	-0.0278	0.0163	-0.2188	-0.1629	-0.0885	-0.0781	0.096	-0.0872	-0.1357	-0.147	0.0282	-0.0714	-0.1179	0.0569	0.0634	-0.1124	-0.1964	-0.244	-0.0011	0.0622	-0.0586	-0.175	-0.0788	0.7191	0.1013	-0.0281	-0.2352	-0.2285	-0.1011	-0.152	0.1645	-0.1209	0.0903	-0.1549	-0.0506	-0.0124	1	-0.0298	0.1723	-0.3644	0.1644	-0.1246	-0.2476	0.0398	-0.0632	-0.0725	-0.0475	-0.1025	-0.1513	-0.0658	-0.2031	0.4571	0.0189	0.519	-0.3358	0.0644	-0.269	0.0197	-0.1844	0.0706	0.0068	0.0683	0.1768	-0.1362	-0.0932	-0.2061	-0.2419	-0.0858	-0.1172	-0.1613	-0.0285	-0.0368	-0.0191	-0.0297	-0.2835	-0.2812	0.123	0.0691	-0.1828
Sg_Y19_13	-0.1834	-0.1792	0.0947	0.4252	0.2934	0.6654	-0.0309	0.7461	0.0476	0.2122	-0.0708	-0.1234	-0.1374	-0.513	0.2638	0.2042	-0.007	-0.1237	-0.1354	-0.273	-0.1727	0.4062	0.6039	-0.199	0.4484	-0.1148	0.0639	0.7104	-0.0164	-0.2081	0.5856	0.0937	0.4425	0.0657	-0.1513	-0.1826	0.005	-0.391	-0.0092	0.3786	0.0334	-0.0102	-0.5266	-0.189	-0.3618	0.3799	0.6807	-0.356	0.5779	0.6342	0.5486	-0.0136	0.4598	0.0046	0.6933	-0.0967	0.3811	0.4764	-0.2533	-0.255	-0.3565	-0.3223	-0.1298	0.3373	0.0415	-0.4359	-0.1047	-0.3556	0.0509	0.1098	-0.5303	-0.1487	-0.5143	-0.1582	-0.4048	-0.4499	0.0343	-0.1337	-0.3955	-0.1466	0.5424	-0.2254	-0.0184	0.0383	0.0247	0.3879	0.1016	-0.1298	0.1604	-0.3816	0.3686	0.51	-0.1517	0.4722	-0.1467	0.2995	-0.0073	0.0324	0.6317	0.3876	0.6614	0.3393	0.6665	-0.1055	-0.2666	-0.2153	0.6737	0.0593	0.0453	0.4025	0.8064	0.0509	0.4554	-0.4421	0.6513	-0.3326	-0.1206	-0.4087	0.5777	0.7286	-0.3734	-0.0391	-0.0549	-0.0891	-0.068	0.349	0.0965	-0.3323	-0.1147	-0.4191	-0.0569	0.4418	-0.2452	-0.303	-0.0191	-0.2521	-0.1701	0.6714	-0.0862	0.6007	-0.3549	-0.2282	0.0965	-0.3336	-0.1158	0.0018	-0.295	-0.4803	0.0232	-0.2703	-0.3469	0.6691	-0.0909	-0.173	0.1903	0.3301	0.2356	-0.181	-0.3455	-0.1756	-0.155	0.1187	-0.2461	0.4854	0.2694	-0.243	-0.4537	-0.3375	0.6097	0.0344	-0.3982	-0.198	-0.2296	0.6201	0.0431	-0.1135	-0.2496	0.198	0.1679	0.2416	0.4868	-0.087	0.3221	0.5437	-0.5267	0.1225	-0.1358	-0.4221	0.27	0.0143	-0.3245	0.5801	0.2092	-0.3394	0.0671	-0.2009	-0.1346	0.2978	-0.1177	-0.4209	-0.4753	0.0019	-0.2941	-0.0436	-0.5013	0.3148	0.0368	0.1029	-0.1081	0.3713	0.0289	-0.0633	0.031	0.0194	-0.2402	0.0382	-0.0044	0.5395	0.5814	-0.3717	-0.3808	-0.1294	-0.265	-0.1722	-0.5364	-0.5001	-0.3958	-0.2946	-0.0537	-0.4054	-0.3142	-0.189	-0.0878	-0.1938	0.0744	0.0092	-0.2624	-0.0435	0.1458	-0.0874	0.7069	0.5953	-0.1544	-0.2659	0.1083	-0.4159	-0.2023	0.5427	-0.4708	-0.1463	-0.0992	-0.1319	-0.3399	-0.0348	-0.1417	0.0648	-0.1661	-0.0175	-0.2472	0.1765	0.1749	0.5077	0.4478	-0.1844	-0.083	0.0097	-0.2504	-0.0838	0.5907	-0.2716	0.4163	-0.0596	-0.2304	-0.3321	-0.2021	0.0082	-0.3501	-0.1551	-0.0429	0.353	0.3905	0.0198	-0.4609	-0.4326	-0.3532	-0.1286	0.071	-0.0298	1	-0.0488	-0.066	0.4473	0.0562	0.2557	-0.3465	-0.0624	-0.0906	-0.135	-0.2195	0.2238	-0.2155	0.0809	0.4521	0.3474	0.415	-0.0455	0.2879	-0.116	0.2747	0.4961	-0.1999	-0.0285	0.3557	0.3475	0.489	0.2068	0.0261	0.4983	-0.3594	-0.0241	0.0337	0.1601	-0.2997	0.6015	-0.2989	-0.4123	0.4941	0.5156	0.2148	-0.1232
Sg_YA03_20	0.1745	0.0347	-0.104	0.1715	0.0409	-0.2291	0.0038	-0.2492	-0.076	0.0376	0.0115	-0.1457	0.1464	-0.1409	0.0234	0.0223	-0.2015	0.009	0.1698	0.126	-0.3218	0.1574	0.1175	-0.119	0.0773	0.2149	-0.1421	0.1707	-0.1578	-0.089	0.04	0.0929	0.0046	0.1283	-0.4183	-0.1607	-0.1008	-0.0278	-0.2757	-0.1777	0.0164	-0.1288	0.0794	-0.2731	0.2048	-0.1399	0.0275	-0.035	-0.352	-0.2187	-0.3287	-0.0562	-0.2107	-0.0554	-0.3101	-0.3733	0.0367	0.0834	-0.1642	-0.2105	0.4247	0.042	-0.0722	-0.0736	0.1178	0.0048	-0.1701	0.0727	0.0944	-0.0815	0.1376	0.1732	0.1242	0.0612	0.1321	0.0534	-0.113	-0.1468	0.2575	-0.1868	-0.2469	-0.079	-0.024	-0.1284	0.2469	0.0694	-0.0424	0.7542	0.0106	0.2283	0.1276	0.1782	-0.3037	-0.0618	-0.2518	-0.3745	-0.0572	0.3553	-0.2759	-0.3407	0.1063	-0.4582	0.0681	0.189	-0.1445	0.2303	-0.2218	0.317	0.0811	-0.0923	-0.0155	0.1021	-0.0692	-0.0556	-0.2013	-0.1315	-0.1642	0.0338	-0.1176	-0.2084	0.0713	-0.1732	-0.1369	0.3044	0.2982	0.067	0.0314	0.0664	0.3862	0.0179	-0.2671	0.0164	-0.0931	0.0718	-0.0136	0.2498	0.3395	-0.2107	-0.062	0.0516	-0.0268	0.6543	-0.0815	0.127	-0.1231	-0.0973	0.6224	-0.0488	-0.0447	0.0473	0.4378	-0.2957	0.7294	-0.2413	0.1086	-0.1434	-0.0838	0.111	0.2292	0.0487	-0.1914	0.2513	-0.1376	0.1491	0.2885	-0.155	-0.0403	0.0795	0.1265	-0.2038	0.0562	0.2044	0.0962	-0.3552	0.1054	0.4155	0.1386	-0.2223	-0.1704	0.0811	-0.2645	0.0936	0.3498	-0.0262	0.0244	-0.4291	0.1593	-0.1319	-0.0697	0.2214	0.1184	0.4248	0.1246	0.6054	0.0425	-0.0606	0.6032	0.0253	0.244	-0.0349	-0.07	0.0973	-0.1765	-0.2291	0.2452	0.1429	-0.1548	-0.273	0.1317	-0.0543	0.1228	0.1781	0.0586	0.1003	0.1115	0.1445	0.0313	-0.3776	0.1077	0.1235	-0.2603	0.0007	-0.1819	-0.2915	0.0304	-0.0762	0.0472	0.492	-0.0311	0.1628	-0.2515	-0.0012	-0.2101	-0.0585	0.1532	-0.1648	0.2475	0.2151	0.083	-0.092	-0.3055	-0.2557	-0.0042	0.5192	-0.0347	0.0323	-0.2479	-0.2565	-0.0748	-0.0366	-0.2277	-0.0094	-0.1437	-0.1119	-0.2298	-0.2817	-0.3052	0.0612	-0.2421	0.101	0.0386	0.242	0.3984	-0.016	0.6337	0.0538	0.1297	-0.3659	-0.3984	-0.1025	0.0489	-0.1962	0.4579	0.1224	0.082	0.093	0.5307	-0.1652	-0.1673	-0.0582	0.1087	0.0578	-0.0951	-0.1215	0.2773	0.3095	0.0261	0.1723	-0.0488	1	-0.0301	0.23	-0.1785	0.0003	-0.0323	0.3042	0.1056	-0.4791	0.6375	0.0602	0.1378	0.0196	0.0156	0.1222	0.2535	-0.1145	0.5268	-0.0124	0.362	-0.4048	-0.0114	0.4994	0.3712	0.3995	-0.3954	-0.215	0.0555	-0.0765	-0.2804	-0.005	-0.3323	-0.1633	0.0081	-0.0318	0.5302	0.0434	-0.2528	0.1256	-0.1203	-0.1519
Sg_YA04_9	-0.2379	0.4752	0.4421	0.1155	0.0439	-0.2688	0.1627	-0.1898	0.4069	0.2261	0.1678	-0.3585	-0.3088	0.262	-0.487	0.1953	0.1228	0.2518	-0.338	-0.2441	0.2478	0.0539	-0.0002	0.1133	0.2818	0.0875	0.0448	-0.1475	-0.2426	-0.1065	-0.0097	-0.2965	-0.1149	0.4036	0.3311	-0.1594	0.5098	-0.1991	0.2108	-0.3125	-0.2499	-0.1289	-0.09	0.1453	0.3743	-0.2008	-0.0037	-0.183	-0.1823	-0.2644	0.0118	0.3159	-0.1496	0.2496	-0.1837	0.2191	0.1115	-0.1283	0.0001	0.3154	0.2548	-0.0917	-0.0362	-0.0205	-0.4166	0.062	0.261	-0.034	0.2873	0.3852	-0.0751	-0.2906	0.4327	-0.0073	0.0753	0.008	0.4733	0.2853	0.0976	-0.0248	-0.2851	0.0515	0.5461	0.1642	0.1537	0.2567	0.2268	0.0454	0.2177	-0.3075	0.0604	-0.3074	0.1784	-0.3496	-0.219	-0.1766	0.126	0.0913	-0.1865	-0.165	-0.2277	-0.1306	0.1164	0.001	-0.3165	-0.2666	-0.2872	0.0623	-0.2954	-0.1752	-0.1199	-0.2111	-0.277	-0.016	-0.191	-0.3103	-0.0733	-0.11	-0.2375	-0.2431	-0.1501	0.233	0.3468	-0.3462	-0.0415	0.01	-0.021	-0.1703	-0.1506	-0.0064	0.1642	0.3103	0.031	0.4208	0.3397	-0.171	-0.372	-0.2514	0.3688	0.0042	-0.0626	0.0083	0.4908	-0.3654	0.0955	0.2011	0.2054	0.1923	0.0807	-0.3503	0.0949	-0.3368	0.1581	0.0322	-0.098	-0.3349	0.0174	-0.252	0.0336	-0.2105	0.1511	-0.3886	-0.3652	0.1119	-0.0747	0.1151	-0.1385	-0.2561	-0.2596	0.3521	0.0519	-0.4074	-0.1815	-0.2138	0.0475	0.109	-0.2457	-0.0945	-0.0448	-0.3667	-0.0058	-0.2822	0.1878	-0.0483	-0.0172	-0.1751	-0.3215	0.0378	0.1432	-0.3311	-0.1531	-0.1713	-0.296	0.1417	-0.2037	0.061	0.1849	0.2918	-0.3763	-0.2882	0.2321	0.6059	-0.0409	0.2422	-0.0949	-0.3714	0.0542	0.0116	0.2181	0.2836	0.3401	-0.4967	0.0483	0.5335	-0.3151	0.7284	0.6207	-0.2362	0.0719	0.3207	0.1714	-0.0328	-0.1173	0.2843	0.0068	-0.1186	-0.1849	0.253	0.4613	0.4214	0.1147	-0.2289	0.1928	-0.024	-0.1943	-0.199	0.1664	-0.3657	-0.0843	0.2076	-0.2801	-0.08	0.6108	0.0836	-0.1571	-0.0701	0.2503	-0.1901	0.0031	-0.3076	0.2957	-0.0758	-0.2163	0.2563	0.2235	0.1648	0.0409	-0.0061	-0.1074	0.2614	0.5097	0.0234	0.0878	0.4478	0.196	0.3688	-0.0571	0.172	-0.2023	-0.199	0.0929	0.0437	0.0245	-0.0414	-0.3693	-0.0813	0.1025	0.2133	0.02	-0.4014	0.2744	-0.1169	0.0203	-0.2199	0.4965	0.0683	0.0303	-0.3644	-0.066	-0.0301	1	0.0374	0.3067	0.4416	-0.2194	0.513	0.4432	-0.0555	0.2207	0.4595	-0.2703	0.386	-0.2407	0.3272	-0.2796	0.2028	0.1921	0.5266	0.2784	-0.2457	-0.2031	-0.1382	-0.0656	-0.1099	-0.1303	0.2248	-0.2685	-0.2944	0.0099	0.6404	0.1681	0.1847	0.4554	-0.4642	0.2234	-0.0493	-0.1284	0.1694	-0.0411	-0.1164
Sg_YA12_28	-0.3975	0.3322	0.3295	0.6061	0.3297	0.348	0.2826	0.4166	0.3602	0.294	0.2405	-0.4214	0.0784	-0.1628	0.1257	0.2374	0.0076	0.178	0.0046	0.0676	-0.0696	0.6519	0.7901	0.1559	0.4802	0.1043	0.3172	0.5269	-0.2701	-0.4365	0.6276	0.1958	0.6467	0.5578	-0.0445	-0.4667	0.3182	-0.537	0.0839	0.284	0.0119	-0.131	-0.5791	-0.3839	-0.0029	0.001	0.3444	-0.4768	0.1462	0.1375	0.2172	0.1811	0.2609	0.3099	0.2263	0.04	0.5546	0.4986	-0.1182	-0.1109	-0.262	-0.5459	-0.2614	0.3326	0.1036	-0.4957	0.0096	-0.1877	0.3917	0.3814	-0.4973	0.186	-0.1057	-0.31	-0.4846	-0.3291	0.1927	0.213	-0.3983	-0.4121	0.0262	-0.365	0.4841	-0.076	-0.1496	0.2547	0.243	0.1281	0.0902	-0.2071	0.5214	0.2594	0.0745	-0.0509	-0.3851	-0.3011	0.1398	-0.1122	0.2797	-0.082	0.2828	-0.1746	0.5768	-0.0659	-0.4755	0.1002	0.0723	-0.1286	-0.2798	0.0512	0.5422	-0.1831	0.4247	-0.6122	0.1668	-0.5034	-0.2115	-0.5643	0.3078	0.3102	-0.5041	0.0912	0.2565	0.0763	-0.2701	0.4805	-0.2159	-0.5004	0.1777	-0.5428	-0.1908	0.7541	-0.33	0.0888	0.2879	-0.2282	0.0989	0.2844	0.2312	0.6581	-0.5061	-0.091	0.5132	-0.1196	0.0605	0.2641	-0.1695	-0.3867	0.1292	-0.0895	-0.2357	0.3282	0.1478	-0.1034	-0.1101	-0.0748	0.3654	0.0548	-0.1439	-0.2931	0.0191	0.1696	-0.2987	0.4848	-0.0498	-0.2621	-0.1977	-0.4775	0.2659	0.1473	-0.3038	-0.0539	-0.4743	0.1523	0.11	-0.2528	-0.3607	-0.0192	-0.1118	-0.1081	0.2893	-0.162	0.1717	0.3978	-0.3816	-0.2565	-0.2912	-0.2224	0.6561	0.1245	-0.2511	0.7178	-0.2581	-0.0259	-0.2551	-0.1542	-0.0404	0.4136	0.0571	-0.5599	-0.305	0.5276	-0.1622	0.0707	-0.3775	-0.0283	0.0702	0.1991	0.2294	0.553	0.2092	0.0401	-0.1034	0.4859	-0.058	0.3339	0.3907	0.0682	0.7717	-0.1492	-0.2632	-0.4284	-0.6277	0.0998	-0.4523	-0.4601	-0.459	-0.1033	0.3086	0.1051	0.0729	-0.3648	-0.1423	-0.4779	-0.2035	-0.2146	-0.1755	0.0143	0.0951	0.0298	0.3007	0.1699	0.2597	-0.1916	-0.1088	-0.3838	-0.3084	0.2033	-0.4435	-0.5213	0.1791	0.0778	-0.5036	0.2612	-0.3493	0.1939	-0.0978	0.2735	-0.3511	0.3517	0.5718	0.3832	0.5954	0.1422	0.1469	0.329	-0.1781	-0.0676	0.0386	-0.589	0.6308	0.0222	-0.1193	-0.1868	0.016	-0.125	-0.2505	-0.041	-0.3604	0.0803	0.5632	-0.1519	-0.4037	-0.5116	-0.1706	-0.1472	-0.2404	0.1644	0.4473	0.23	0.0374	1	0.0921	0.4817	-0.5184	0.2569	0.4301	-0.172	0.0052	0.63	-0.2073	0.5084	0.4574	0.7005	0.3909	-0.0528	0.6507	0.3827	0.399	0.1923	-0.4074	-0.1268	0.6581	0.1751	0.1952	0.3542	-0.3888	0.1958	-0.5401	0.3934	0.1579	0.3624	-0.0261	0.1504	-0.1811	-0.2922	0.1863	0.6651	0.3773	-0.4166
Sg_YA12_4	-0.0996	0.1444	0.5038	0.103	0.342	0.0067	0.6545	0.2399	0.2833	0.0061	0.2486	-0.3096	-0.1139	0.2725	-0.2221	-0.0065	0.0932	0.2605	-0.0281	0.0504	-0.0236	0.0687	0.1346	0.1555	0.1777	-0.3688	0.167	-0.0701	-0.1989	-0.1799	0.1729	-0.0484	0.3255	0.3025	0.1623	-0.1017	0.4485	-0.172	0.3534	0.0557	-0.0761	-0.0407	-0.2639	0.0105	0.1549	-0.1649	0.2297	-0.3165	0.043	0.0951	0.2689	0.5676	0.1189	0.2178	0.0354	0.2264	0.284	0.0095	-0.0292	0.1714	0.0628	-0.3065	-0.298	0.2405	-0.029	-0.0702	0.0853	-0.3869	0.3923	0.4575	-0.313	-0.003	0.2316	-0.1423	0.0131	-0.2538	0.2631	0.338	-0.2769	-0.0966	-0.0674	-0.106	0.3918	-0.077	-0.0873	0.2746	0.0284	-0.3363	0.0743	-0.2295	-0.1755	-0.1648	0.2323	-0.1527	-0.175	0.0273	0.0586	-0.2308	0.0734	0.2548	-0.1594	0.1459	0.0898	-0.3212	-0.1481	-0.0027	0.1221	-0.1349	-0.4671	-0.0732	0.1315	-0.1845	-0.1522	-0.4069	0.038	-0.1293	-0.1771	-0.4135	-0.0382	0.0553	-0.3879	0.1364	0.3393	-0.066	-0.4032	0.1121	-0.1392	-0.2611	-0.4844	-0.2993	-0.0764	0.3024	0.121	0.4326	-0.0278	-0.3809	-0.1616	-0.0256	0.2589	0.3416	-0.3486	-0.0005	0.3841	-0.0661	0.2592	0.3139	0.021	0.0352	0.3703	-0.0352	0.0833	0.0124	0.0813	0.1518	-0.0293	-0.2694	0.0984	0.0652	-0.2725	-0.28	0.1569	-0.1789	-0.3213	0.3414	-0.2472	0.1104	-0.1731	-0.1387	-0.2508	0.3183	-0.2167	-0.1141	-0.3792	0.0251	-0.2005	-0.0598	-0.3129	0.1075	0.0937	-0.2947	-0.02	-0.5069	-0.0555	0.3304	-0.2746	-0.0441	-0.4589	0.0857	0.1117	-0.1166	-0.3352	-0.1133	-0.3015	-0.0422	-0.1308	0.1043	-0.1087	0.4219	-0.0959	-0.1264	0.1283	0.3762	-0.0571	0.5563	-0.4208	-0.2907	0.0292	0.1317	0.0651	0.2572	0.0002	-0.1218	-0.1548	0.3543	-0.0145	0.3509	0.3046	-0.1874	0.0647	-0.0673	0.001	-0.1401	-0.1617	0.1634	-0.2911	-0.2528	-0.5234	-0.035	0.2366	0.0031	0.1147	-0.1345	-0.0621	-0.1859	-0.0483	-0.093	-0.3598	-0.1513	-0.1574	0.0095	0.0794	-0.0376	0.3351	-0.294	-0.014	-0.3931	0.1581	-0.082	-0.4301	-0.2633	0.16	-0.2328	-0.1305	0.337	0.1128	0.2907	0.1322	-0.0141	-0.1524	0.1182	0.4527	0.2135	-0.0894	0.4726	0.0411	0.3899	-0.2188	0.3675	-0.0319	-0.3199	0.0616	0.111	-0.3379	-0.2108	-0.0388	-0.1608	-0.0147	0.2958	0.0441	-0.1545	0.2898	-0.3221	-0.2269	-0.0935	0.0594	-0.1848	0.0277	-0.1246	0.0562	-0.1785	0.3067	0.0921	1	0.2201	-0.099	0.1374	0.3404	-0.0276	-0.0746	0.3316	-0.5466	0.4234	0.0038	0.2453	-0.0802	0.2044	0.0359	0.3658	-0.1715	0.0556	-0.1845	-0.2189	0.0706	-0.2278	0.1089	0.3064	-0.4661	-0.0631	-0.1909	0.2983	0.1733	0.2368	0.3968	-0.222	0.0299	-0.1767	-0.0813	0.1997	-0.0638	-0.2259
Sg_YA13_10	-0.4718	0.3724	0.5138	0.3217	0.1953	0.2528	0.1463	0.2675	0.2788	0.252	0.1321	-0.5016	-0.2853	0.1339	-0.1465	0.152	0.0473	0.2327	-0.3575	-0.2728	0.1265	0.3689	0.5388	0.0887	0.4817	0.0134	0.1349	0.2925	-0.3376	-0.4266	0.3968	0.245	0.3316	0.4031	0.105	-0.4918	0.5309	-0.5969	0.081	0.1883	-0.1472	0.0696	-0.3812	-0.1377	-0.001	-0.0956	0.2521	-0.2495	0.1628	0.1625	0.3371	0.19	0.1617	0.3058	0.2176	0.1804	0.4798	0.2888	-0.0288	0.0749	-0.1185	-0.3418	-0.2731	0.0861	-0.1775	-0.2149	0.1734	-0.0384	0.4287	0.4664	-0.349	-0.1893	0.0419	-0.1108	-0.1537	-0.3094	0.8883	0.2572	-0.2591	-0.0364	0.0605	-0.0729	0.5968	0.2558	0.116	0.3672	0.2369	-0.0776	0.3224	-0.2826	0.2063	-0.048	0.0789	-0.1344	-0.4516	-0.1785	0.3096	0.0039	0.2017	-0.1404	0.1266	0.1076	0.5551	0.0906	-0.5513	-0.2676	0.0084	-0.0559	-0.1135	-0.0333	0.2524	-0.3203	0.1449	-0.2885	0.1599	-0.6226	0.0278	-0.3348	-0.021	0.1815	-0.292	0.1881	0.257	-0.3655	-0.1784	0.3021	0.0074	-0.3196	-0.0741	-0.2204	-0.0831	0.6375	-0.1462	0.2497	0.4624	-0.2586	-0.2982	0.1072	0.3098	0.4232	-0.249	-0.1585	0.4365	-0.3231	0.0422	0.231	-0.1052	-0.2023	-0.0282	-0.3556	-0.1739	0.1511	0.0876	-0.0138	-0.0365	-0.1774	0.3915	-0.2787	-0.2461	-0.2851	0.2027	-0.2465	-0.5756	0.3779	-0.2037	-0.0517	-0.0519	-0.3119	0.0834	0.3212	-0.3327	-0.4062	-0.2241	0.0806	-0.011	-0.1533	-0.2469	0.0535	-0.1297	-0.3088	0.1083	-0.1033	0.1961	0.2276	-0.3887	-0.0818	-0.3081	0.0229	0.4374	-0.2876	-0.3527	0.2688	-0.2144	-0.0294	-0.1451	0.0146	-0.037	0.4118	-0.3479	-0.6136	-0.115	0.5206	-0.0361	0.0639	-0.2713	-0.0097	-0.0678	0.113	0.3149	0.5379	0.3606	-0.2706	0.1443	0.4275	-0.317	0.4895	0.5139	0.1119	0.5398	-0.0217	-0.0541	-0.0222	-0.1973	0.1658	-0.3765	-0.2077	-0.3655	-0.0235	0.493	0.2458	-0.0572	-0.3737	-0.0748	0.0085	-0.106	-0.0795	-0.1082	-0.3763	0.2224	0.0585	0.1418	0.2387	0.406	-0.2819	-0.2087	-0.2852	-0.1108	0.2537	-0.219	-0.2544	0.2113	-0.1467	-0.5226	0.2489	-0.0336	0.1528	-0.0529	0.0331	-0.3386	0.2847	0.5259	0.1558	0.4444	0.4635	0.0941	0.2842	-0.2956	0.0863	0.0368	-0.3442	0.5018	0.1248	-0.0739	-0.3179	-0.3301	-0.2809	-0.1765	-0.0109	-0.0296	-0.0141	0.6013	0.0509	-0.2412	-0.5381	0.1973	-0.0257	-0.1759	-0.2476	0.2557	0.0003	0.4416	0.4817	0.2201	1	-0.5699	0.3621	0.3426	-0.1077	-0.0203	0.6154	-0.2626	0.5774	0.1423	0.5652	0.1007	0.2408	0.5191	0.406	0.2833	0.0306	-0.4212	-0.0892	0.2682	0.0103	0.226	0.3969	-0.3896	0.0894	-0.1755	0.4846	0.1866	0.3612	0.1742	-0.1572	-0.076	-0.283	0.137	0.5294	0.2613	-0.2058
Sg_YA31_31	0.4161	-0.1209	-0.3011	-0.5089	-0.3581	-0.2301	-0.1901	-0.269	-0.0908	-0.2296	-0.1572	0.833	0.1303	0.082	0.1958	-0.0107	-0.1818	-0.1738	0.1039	0.0915	-0.0008	-0.3602	-0.5473	-0.0554	-0.4935	-0.2311	-0.1754	-0.387	0.5152	0.6906	-0.5502	-0.2324	-0.4454	-0.4425	-0.0627	0.7361	-0.324	0.9395	-0.1296	-0.1401	0.3935	-0.1623	0.3742	0.1471	-0.1229	0.143	-0.4483	0.1484	-0.1831	-0.174	-0.2449	-0.1267	-0.1754	-0.1081	-0.1165	0.0038	-0.4163	-0.3633	-0.0262	-0.0613	0.2699	0.3634	0.2859	-0.2769	0.0045	0.1803	0.0168	-0.0345	-0.3058	-0.4043	0.3783	0.0594	-0.0422	0.0753	0.2281	0.3601	-0.3831	-0.0626	0.254	-0.026	-0.1773	0.0546	-0.3819	-0.3857	-0.0649	-0.4415	-0.3023	-0.1191	-0.2521	0.0625	-0.4603	-0.0679	-0.0876	-0.0019	0.5866	0.1246	-0.259	-0.1847	-0.2431	-0.0111	-0.1905	-0.0091	-0.4633	-0.0967	0.9124	0.0486	-0.2149	-0.1319	0.0877	0.1984	-0.3816	0.2206	0.0311	0.2693	-0.0593	0.861	-0.1173	0.2005	-0.103	-0.1397	0.1308	-0.0643	-0.0598	0.004	0.0994	-0.1854	0.0783	0.1628	-0.1432	0.1881	0.0849	-0.5915	0.3033	-0.0541	-0.388	0.2098	0.0619	-0.041	-0.2801	-0.4431	0.1664	0.0669	-0.2257	0.1052	-0.2229	-0.0327	0.1721	0.3185	-0.021	0.1129	0.288	-0.0938	-0.061	0.0811	-0.0228	0.1354	-0.4155	0.07	0.1063	0.7141	-0.2092	-0.0918	0.4095	-0.3062	0.0185	0.3179	0.0811	0.3197	-0.0982	-0.3474	0.3314	0.1567	0.1758	-0.114	-0.2116	0.1839	0.1333	0.0799	-0.0269	0.3426	-0.1862	0.0369	-0.2805	-0.1135	0.3239	0.1283	0.1288	0.0615	-0.3439	-0.0096	0.3166	-0.4344	0.1472	0.1055	0.0695	0.0889	0.0459	-0.2589	0.0768	0.9392	0.2457	-0.348	0.0626	-0.1223	0.234	-0.0405	0.1501	-0.0931	-0.2897	-0.474	-0.0949	0.0962	-0.2336	-0.2958	0.1205	-0.3436	-0.3383	-0.1603	-0.5891	0.0212	0.0549	0.147	0.2171	-0.0716	0.3767	0.1227	0.1823	0.1103	-0.3025	0.0047	-0.0042	0.64	0.0079	0.0713	0.0112	0.1661	0.0154	0.082	-0.3923	0.106	-0.1373	-0.2245	-0.2161	0.1937	0.3675	0.2202	0.138	-0.1193	0.0804	0.1611	-0.228	0.5502	0.8872	-0.1338	-0.0591	-0.2103	-0.0107	-0.2359	0.5378	-0.1702	-0.3412	0.0378	-0.4767	-0.2383	-0.0265	-0.2343	0.2399	-0.1052	-0.1726	0.2488	-0.5343	-0.1044	0.1078	0.1894	0.0753	0.185	0.1897	-0.0903	0.0654	0.1001	-0.4719	-0.1444	0.2852	0.9052	0.0146	-0.0067	0.1181	0.0398	-0.3465	-0.0323	-0.2194	-0.5184	-0.099	-0.5699	1	-0.3144	-0.2778	0.0954	0.0254	-0.3928	0.1755	-0.3538	-0.1691	-0.5419	-0.3237	-0.1068	-0.4179	-0.1691	-0.1808	0.0549	0.7535	-0.0801	-0.4326	-0.3694	-0.1034	-0.2507	0.1934	-0.1775	0.1374	-0.3478	-0.1393	-0.2003	-0.0705	0.0669	0.1721	0.2966	-0.0649	-0.5595	-0.3618	0.1682
Sg_YB34_1	-0.2545	0.4749	0.199	0.1671	-0.0325	-0.2102	0.1805	-0.157	0.3069	0.408	0.317	-0.4924	-0.0462	0.3563	-0.3905	0.1836	0.051	0.407	-0.1255	-0.0526	0.0523	0.1465	0.0835	0.2228	0.2338	0.2799	0.1789	0.0934	-0.3941	-0.3015	0.0646	-0.1914	0.0452	0.5108	0.1451	-0.4156	0.4621	-0.3382	0.1071	-0.2436	-0.1678	-0.237	-0.1308	-0.0087	0.4644	-0.4673	-0.0283	-0.2186	-0.2554	-0.1979	-0.0854	0.181	-0.1574	0.227	-0.1674	0.2567	0.1028	0.1793	-0.0436	0.3621	0.2035	-0.2429	-0.078	0.1179	-0.2666	-0.0925	0.211	0.0596	0.2947	0.3579	0.0027	-0.0665	0.3955	-0.1881	0.0547	0.0383	0.2784	0.2536	-0.0076	-0.1488	-0.4096	-0.0852	0.5407	0.2372	0.1625	0.1529	0.2548	0.3349	0.1209	-0.2619	0.3382	-0.1854	0.1552	-0.406	-0.47	-0.4254	0.2323	-0.0421	-0.1363	-0.4459	-0.2254	-0.3319	0.1987	-0.0598	-0.3774	-0.0362	-0.3934	0.1938	-0.3088	-0.235	-0.0621	-0.1648	-0.04	-0.193	-0.2397	-0.3592	-0.228	-0.1962	-0.1094	-0.1693	-0.2159	0.2325	0.2395	-0.0831	-0.1147	0.2294	-0.1388	-0.1811	0.0543	-0.146	0.0357	0.3759	-0.0857	0.4701	0.3579	-0.1437	-0.1097	-0.1319	0.4288	0.1505	-0.0679	0.0571	0.4694	-0.1864	-0.0173	0.1954	0.3192	0.1475	0.1709	-0.1627	0.0823	-0.2675	0.3207	-0.1933	-0.3007	-0.5368	-0.0336	-0.0768	0.1606	-0.2514	0.0923	-0.0989	-0.431	0.1514	-0.1671	0.1025	-0.0267	-0.1737	-0.2106	0.1646	0.0478	-0.1967	-0.1493	-0.2749	-0.0846	0.0798	-0.2607	-0.2224	-0.3084	-0.3789	-0.2561	-0.1554	0.0977	0.0616	0.0438	-0.3153	-0.34	0.0026	0.3537	-0.04	-0.0577	0.1757	-0.2404	0.2587	-0.2886	-0.0507	0.2788	0.2404	-0.1393	-0.3301	0.2385	0.6288	0.023	0.05	-0.0518	-0.4361	-0.0771	-0.0473	0.4071	0.3536	0.2319	-0.2221	0.006	0.6061	-0.1417	0.4352	0.6283	-0.2699	0.2571	0.1369	0.0878	-0.2437	-0.2381	0.2051	0.0314	-0.0653	-0.1789	0.344	0.503	0.5634	0.1726	-0.2204	-0.0365	-0.2154	-0.2895	-0.2467	0.1291	-0.0913	-0.1117	0.1212	-0.2169	-0.1822	0.5684	0.1726	-0.1583	-0.1102	-0.0901	-0.2109	-0.0837	-0.3034	0.2575	-0.0531	-0.3689	0.1949	0.0723	0.0395	0.1145	0.1896	-0.3437	0.3951	0.5481	0.1212	0.1977	0.3316	0.2725	0.3612	-0.0191	0.1459	-0.2627	-0.3214	0.3321	0.0662	0.1602	-0.0489	-0.144	-0.1321	0.1639	0.0769	-0.1821	-0.3395	0.354	-0.2366	-0.0869	-0.3044	0.5316	0.0466	-0.0509	-0.0632	-0.0624	0.3042	0.513	0.2569	0.1374	0.3621	-0.3144	1	0.5215	-0.062	0.3707	0.5809	-0.194	0.4574	-0.0383	0.5293	0.0147	0.2142	0.3859	0.421	0.2866	-0.2238	-0.2251	-0.0422	0.1058	0.0399	-0.1422	0.1295	-0.3098	-0.2491	-0.0983	0.5616	0.1728	0.3722	0.3624	-0.4017	0.2349	-0.0518	-0.1346	0.1967	-0.0515	-0.3246
Sg_YB35_19	-0.3627	0.6004	0.3767	0.429	0.3374	-0.1146	0.3688	-0.0625	0.5357	0.2462	0.3721	-0.444	-0.0388	0.4425	-0.3057	0.0346	0.0684	0.3831	-0.0673	0.044	0.0151	0.2506	0.2952	0.2575	0.3738	0.1345	0.2775	0.0081	-0.5456	-0.3561	0.1875	-0.1635	0.1864	0.7053	0.225	-0.4173	0.5813	-0.2749	0.2208	-0.0527	-0.0375	-0.2049	-0.3831	0.0621	0.4007	-0.3474	0.0068	-0.4181	-0.2152	-0.2055	0.1422	0.3384	-0.0083	0.4293	-0.1116	0.2487	0.3481	0.2048	0.0323	0.4207	-0.0244	-0.4504	-0.3438	0.3523	-0.1089	-0.1921	0.1901	-0.041	0.3253	0.4725	-0.2928	0.0188	0.4093	-0.222	-0.0939	-0.2633	0.2445	0.4884	-0.0853	-0.234	-0.3192	-0.2054	0.6777	-0.1018	-0.0757	0.0125	0.2442	-0.036	-0.0528	-0.2127	0.2538	-0.2787	0.3532	-0.4429	-0.3746	-0.4177	0.1192	-0.1963	-0.0195	-0.2937	-0.2917	-0.1434	0.2396	-0.1966	-0.362	0.0105	-0.3119	-0.008	-0.4865	-0.1768	0.0113	-0.2686	-0.1475	-0.4277	-0.2871	-0.204	-0.2604	-0.4178	-0.0458	-0.1261	-0.3954	0.262	0.4899	-0.0029	-0.3442	0.1863	-0.2879	-0.4427	-0.1306	-0.3199	-0.0717	0.5554	-0.0522	0.5897	0.3158	-0.3525	-0.0504	-0.1426	0.4459	0.3769	-0.3233	-0.0135	0.6464	-0.0551	0.3405	0.4507	0.102	0.0583	0.3006	-0.0713	-0.0363	-0.1965	0.2014	-0.0651	-0.215	-0.4547	0.1848	0.0169	-0.1211	-0.2876	0.1607	-0.0869	-0.2561	0.1624	-0.2221	0.0022	-0.1038	-0.2737	-0.3218	0.3319	-0.1676	-0.109	-0.3213	-0.2191	-0.0153	-0.1121	-0.4475	0.0206	-0.1523	-0.3963	-0.1016	-0.4737	0.0422	0.113	-0.2688	-0.3438	-0.4898	0.183	0.5316	-0.0528	-0.169	0.0695	-0.4118	0.1068	-0.3649	0.0131	0.0613	0.3442	-0.022	-0.29	0.1038	0.7807	0.0905	0.1996	-0.1698	-0.4218	0.2092	0.1441	0.3851	0.4882	0.1401	-0.259	-0.1728	0.7641	-0.0353	0.5828	0.6715	-0.2736	0.4176	0.1163	0.1701	-0.4047	-0.4201	0.3597	-0.2136	-0.2365	-0.4515	0.0991	0.429	0.4691	0.1388	-0.3142	-0.069	-0.2711	-0.2088	-0.3605	-0.0197	-0.1267	-0.0925	0.2077	-0.156	-0.1513	0.6951	-0.0462	-0.1021	-0.3462	-0.0315	-0.1486	-0.1647	-0.4135	0.3602	0.0071	-0.3216	0.5676	0.0463	0.2926	0.0701	0.0464	-0.3267	0.1906	0.7371	0.1956	0.0981	0.4342	0.1706	0.4576	-0.2292	0.1476	-0.3327	-0.4646	0.4371	0.1312	-0.0377	-0.2013	-0.0356	-0.2354	-0.0104	0.1918	-0.1922	-0.2446	0.3798	-0.3757	-0.3415	-0.2323	0.341	0.0171	-0.2628	-0.0725	-0.0906	0.1056	0.4432	0.4301	0.3404	0.3426	-0.2778	0.5215	1	-0.0731	0.1381	0.7204	-0.3356	0.5187	-0.0187	0.6003	-0.0137	0.2138	0.341	0.5756	0.1852	-0.1256	-0.3641	-0.1598	0.2944	-0.0631	-0.1103	0.1729	-0.4501	-0.1474	-0.2623	0.6957	0.2614	0.4203	0.4328	-0.4248	0.0273	-0.1883	-0.1154	0.4678	0.0965	-0.4075
Sg_YB35_41	-0.0825	0.1033	-0.0646	-0.1126	-0.2131	-0.0492	-0.1127	0.0216	-0.0463	-0.1401	-0.0369	0.1284	0.0056	0.0446	-0.1304	-0.0698	0.2755	0.1115	-0.0354	0.0083	0.497	-0.0923	-0.2065	0.0663	-0.0494	0.2198	-0.0486	-0.2227	0.0702	0.104	-0.0804	0.0499	-0.073	0.0507	0.3925	0.0422	0.0632	0.0902	-0.0742	0.0653	-0.0707	0.151	0.112	0.2246	0.1236	-0.2778	-0.259	0.1209	-0.0352	0.1016	0.0052	-0.1039	-0.0717	-0.0224	-0.0487	0.2205	-0.1155	-0.0731	0.1091	0.1679	-0.3747	0.0256	0.1501	-0.2017	-0.0809	-0.1247	0.1725	0.1152	-0.2189	-0.0081	0.0964	-0.1152	0.0033	-0.0085	0.0759	0.1226	-0.0729	0.192	-0.0236	0.1051	-0.0748	0.0749	-0.0427	0.1666	-0.1817	-0.1069	-0.1543	-0.2734	0.0265	-0.0886	0.1614	-0.1542	0.3748	-0.1422	0.1003	0.0336	0.1228	-0.1376	0.002	-0.1271	-0.0732	0.1618	-0.1506	0.1397	0.1012	-0.0671	-0.0032	-0.0501	0.0427	-0.2735	-0.1154	-0.183	0.1035	0.2435	-0.0615	0.0416	0.2527	0.1772	0.0808	-0.0087	0.0761	0.1693	0.1904	-0.0946	-0.0471	-0.1706	-0.0541	0.0115	0.0003	0.101	0.5524	0.001	0.0301	-0.2058	0.3368	-0.0164	-0.1651	-0.0874	0.0083	-0.2522	0.0747	-0.5459	-0.0473	0.0016	0.0953	-0.0381	-0.3911	0.0051	-0.1622	0.0191	-0.4226	0.0072	-0.4753	0.1139	-0.2137	0.0247	0.1285	-0.023	0.3216	0.1047	0.0798	-0.123	0.1204	-0.1481	-0.3469	-0.0522	0.062	-0.0106	-0.2616	0.1662	0.1824	-0.0359	0.0386	0.0198	0.1899	-0.2791	-0.0525	0.0882	-0.1222	-0.1789	-0.0051	0.0038	-0.342	-0.2353	0.2026	0.0384	-0.1127	0.2883	-0.0589	-0.0203	0.0792	-0.1958	-0.2626	-0.5379	0.0644	0.3128	-0.4731	-0.1614	-0.1009	0.1196	0.0649	-0.019	0.402	0.078	0.0599	-0.1885	0.0089	0.5472	0.1776	0.0069	-0.2061	-0.0788	0.0901	-0.038	-0.0567	-0.1721	0.1086	0.0582	-0.1479	0.1415	0.4447	0.0799	0.1629	0.341	0.1007	0.2349	0.1568	-0.4127	-0.0404	0.0638	0.2865	-0.0415	0.5831	0.2366	-0.2022	-0.1766	-0.0308	-0.013	0.1336	0.2193	0.0301	0.0698	-0.0763	-0.1554	0.12	0.1715	0.3002	0.06	0.1537	-0.0633	0.3056	0.1495	0.0632	0.1112	0.3806	0.1839	0.5501	0.0406	0.1432	-0.1631	-0.06	-0.2923	-0.2305	-0.077	-0.5739	-0.1041	0.3298	0.3209	0.2052	0.0072	-0.0741	0.2848	-0.1078	0.0844	0.0187	-0.0521	-0.4214	0.0587	0.2359	-0.0122	0.0033	0.1156	0.267	0.1415	-0.2341	-0.0208	-0.0883	-0.0475	-0.135	-0.4791	-0.0555	-0.172	-0.0276	-0.1077	0.0954	-0.062	-0.0731	1	-0.4484	-0.064	0.0334	-0.0279	-0.122	-0.0085	-0.1403	0.2795	-0.336	0.0242	-0.3029	0.0543	-0.0058	-0.2933	-0.1495	-0.207	0.1978	-0.008	-0.0595	-0.1497	0.1522	0.0064	0.5628	0.2136	-0.0299	-0.1338	-0.4072	0.0896	-0.0653	-0.1105	0.1009	0.0902
Sg_YB35_7	0.0434	0.0168	0.0113	-0.0383	-0.0054	-0.3874	0.0721	-0.4312	0.0324	0.0244	0.029	-0.1226	-0.0769	0.0279	-0.288	0.1186	-0.1078	0.176	-0.0219	0.0445	-0.0967	0.014	-0.0156	-0.0663	0.0916	0.1442	-0.1219	0.0103	-0.1064	-0.0719	-0.0698	-0.1101	-0.0695	0.0872	-0.1945	-0.0684	-0.0376	0.0618	-0.0806	-0.1327	-0.0743	-0.2918	0.0736	-0.2486	0.3348	-0.1757	-0.0751	-0.084	-0.3303	-0.3979	-0.3443	0.0614	-0.1195	0.1125	-0.376	-0.2001	0.0157	-0.0519	-0.036	0.0409	0.8209	0.1031	0.0977	-0.0239	-0.1878	0.3218	-0.0623	0.0316	0.1469	-0.1037	0.1412	0.0969	0.3016	-0.0206	0.1202	0.1588	-0.0257	0.0192	0.2573	0.0317	-0.2473	-0.0312	0.1418	-0.058	0.4042	-0.0137	0.0078	0.6903	0.1132	0.1006	-0.0476	-0.0206	-0.2866	-0.1466	-0.1161	-0.2249	-0.1626	0.0927	-0.3503	-0.2508	-0.1409	-0.4021	-0.0558	-0.0947	-0.0653	0.0984	-0.2914	0.2875	-0.1598	-0.0736	-0.1746	0.2318	-0.2375	-0.001	-0.3151	0.0169	-0.302	-0.0693	-0.2651	-0.398	0.011	-0.0255	0.0124	0.0453	0.0649	0.1186	-0.0186	0.0894	0.0448	-0.0254	-0.3506	-0.0131	0.0471	0.3836	-0.1923	0.0236	0.0973	-0.3519	0.0355	-0.0072	-0.0465	0.6966	0.0492	0.0198	-0.0439	0.0407	0.8964	0.346	0.1232	-0.0551	0.7824	-0.3814	0.8572	-0.2576	0.0848	-0.2832	-0.2542	-0.0065	0.0695	0.0356	-0.1155	0.0679	-0.0575	-0.1655	0.2653	0.1979	0.0435	0.0909	-0.0516	-0.1959	0.1013	-0.007	-0.0084	-0.427	-0.1525	0.6281	0.0069	-0.2597	-0.102	-0.0105	-0.2195	-0.0327	0.3909	-0.0945	0.0249	-0.3421	0.0652	-0.106	-0.0505	0.006	0.0641	0.0633	0.0024	0.875	-0.0142	-0.2059	0.9092	0.0624	0.0375	0.052	0.2865	0.1826	-0.0635	-0.1389	0.2764	-0.17	0.0221	-0.4705	0.027	-0.093	0.2247	-0.0335	-0.0891	0.2047	-0.0286	0.3369	0.1119	-0.3546	-0.0822	0.174	-0.2377	-0.1093	-0.0978	-0.2277	0.1444	-0.0887	-0.0474	0.8806	0.0026	0.2454	-0.1132	0.0307	-0.3345	-0.2361	0.1272	0.0179	0.2984	0.0612	-0.2234	-0.0997	-0.3945	-0.371	0.3019	0.4091	-0.1865	-0.0634	-0.3077	-0.3313	-0.0159	-0.0529	-0.1926	-0.0264	-0.0499	-0.0965	-0.1318	-0.2551	-0.3093	-0.009	-0.1917	0.1871	0.1119	0.0372	0.1172	0.1551	0.8348	0.1491	-0.1132	-0.2961	-0.3619	-0.0724	-0.1316	-0.2521	0.266	-0.0492	-0.045	0.1297	0.858	0.0086	-0.1783	-0.1902	0.0119	-0.2235	0.0126	-0.0119	0.4715	0.0859	0.0671	-0.1025	-0.2195	0.6375	0.2207	0.0052	-0.0746	-0.0203	0.0254	0.3707	0.1381	-0.4484	1	0.0931	0.1169	0.0119	-0.185	-0.0034	-0.0455	-0.1867	0.4474	0.0449	0.493	-0.4412	0.0043	0.3197	-0.0109	0.1207	-0.3325	-0.1769	0.0656	-0.2062	-0.1079	0.164	-0.392	-0.2204	0.2084	-0.1896	0.8913	0.1523	-0.2816	-0.0455	-0.193	-0.0698
Sg_YB36_42	-0.4891	0.6497	0.4749	0.5141	0.3754	0.1361	0.3301	0.2694	0.6056	0.4219	0.4063	-0.5186	-0.1454	0.19	-0.1864	0.2759	0.1551	0.4815	-0.2672	-0.0223	0.1324	0.4862	0.5037	0.298	0.4657	0.0242	0.2577	0.3299	-0.5445	-0.5149	0.3985	-0.0403	0.4093	0.7978	0.1596	-0.5611	0.6898	-0.4383	0.1721	0.1504	-0.0324	-0.1013	-0.5702	-0.0973	0.3008	-0.3158	0.179	-0.5803	-0.0588	0.03	0.3174	0.3159	0.1035	0.4628	0.1452	0.3796	0.5735	0.4117	-0.0593	0.3167	-0.0867	-0.6208	-0.2934	0.3333	-0.1336	-0.4077	0.2062	-0.268	0.4011	0.5417	-0.4199	-0.0222	0.1998	-0.3166	-0.2947	-0.2762	0.4466	0.4874	-0.2606	-0.3241	-0.2285	-0.3314	0.7793	0.0131	-0.0855	0.1007	0.2806	-0.0182	0.1013	-0.4366	0.3941	-0.1677	0.3295	-0.3384	-0.5157	-0.4028	0.1441	-0.2368	0.224	-0.247	-0.0471	-0.1226	0.5458	-0.2343	-0.4537	-0.0845	-0.1437	-0.0653	-0.5496	-0.0674	0.2731	-0.372	0.1793	-0.559	-0.0438	-0.3963	-0.3827	-0.5895	0.0566	0.1339	-0.5765	0.2583	0.5118	-0.1965	-0.3965	0.4794	-0.2377	-0.6202	-0.1277	-0.4658	-0.1171	0.7952	-0.1384	0.5342	0.4803	-0.4113	-0.1737	0.0734	0.5941	0.5494	-0.5098	-0.145	0.8207	-0.3191	0.2194	0.5185	-0.0014	-0.0344	0.2283	-0.2949	-0.1356	0.0692	0.1925	-0.1685	-0.3008	-0.354	0.4207	-0.0791	-0.1715	-0.2904	0.0878	-0.1659	-0.4605	0.3557	-0.1892	0.0314	-0.1824	-0.5145	-0.0556	0.3278	-0.184	-0.3587	-0.4219	-0.0397	-0.0365	-0.1761	-0.5774	0.1143	-0.2364	-0.4727	0.0427	-0.3883	0.1218	0.292	-0.3722	-0.2237	-0.5844	-0.1043	0.7499	-0.1942	-0.2807	0.2738	-0.3919	0.023	-0.3798	-0.0344	0.0237	0.5906	-0.1717	-0.4837	0.003	0.9129	-0.014	0.0776	-0.2897	-0.3982	0.1411	0.104	0.3639	0.718	0.2964	-0.2584	-0.1821	0.8806	-0.248	0.5873	0.8105	-0.0509	0.6356	-0.0482	-0.008	-0.4092	-0.5348	0.3443	-0.3686	-0.4078	-0.6343	0.0381	0.5492	0.4119	0.0802	-0.3418	-0.1454	-0.3513	-0.267	-0.3269	-0.1419	-0.2492	-0.0888	0.2054	0.0997	0.0022	0.7054	-0.1611	-0.1208	-0.4593	-0.0063	0.0203	-0.4053	-0.6084	0.4004	0.0996	-0.425	0.5393	-0.0876	0.3311	0.0207	0.1213	-0.4285	0.4242	0.9328	0.3124	0.3669	0.4895	0.1621	0.6167	-0.2826	0.206	-0.168	-0.6287	0.6335	0.1236	-0.1049	-0.3046	-0.1604	-0.2077	-0.1524	0.1237	-0.2625	-0.2577	0.603	-0.3769	-0.4039	-0.3252	0.2548	-0.0943	-0.2685	-0.1513	0.2238	0.0602	0.4595	0.63	0.3316	0.6154	-0.3928	0.5809	0.7204	-0.064	0.0931	1	-0.356	0.7117	0.199	0.776	0.0672	0.2929	0.604	0.5689	0.3902	0.1378	-0.4271	-0.2431	0.3404	-0.108	0.095	0.299	-0.5447	-0.017	-0.3923	0.7945	0.3322	0.6167	0.4492	-0.2643	-0.0538	-0.1864	0.139	0.6267	0.196	-0.5109
Sg_YB37_21	0.2083	-0.0549	-0.4441	-0.1636	-0.2877	-0.2008	-0.5803	-0.3566	-0.1794	-0.3341	-0.03	0.279	-0.0673	-0.0282	0.0742	-0.0688	-0.0976	-0.0463	-0.1406	-0.0834	0.055	-0.1353	-0.336	-0.2981	-0.235	0.4047	-0.284	0.0098	0.2665	0.1653	-0.2865	-0.0885	-0.3775	-0.2976	-0.0306	0.2246	-0.2925	0.2212	-0.3354	-0.0613	0.0802	0.1272	0.5415	-0.0116	0.0726	0.1026	-0.3026	0.3649	-0.2269	-0.2292	-0.3111	-0.5974	-0.2202	-0.2746	-0.227	-0.2238	-0.3495	-0.3944	0.0876	-0.0967	0.0053	0.5539	0.4384	-0.3262	-0.0706	0.2239	0.097	0.366	-0.5089	-0.4621	0.5753	-0.0773	0.0587	0.2096	0.1198	0.5572	-0.1777	-0.3209	0.3865	0.0458	-0.0178	0.0943	-0.2272	-0.0203	0.1564	-0.2993	-0.3381	0.3211	-0.2302	0.3645	-0.031	0.2167	-0.196	0.1033	0.203	0.0872	-0.2273	0.2772	-0.2287	-0.1843	0.1789	-0.128	-0.2275	0.3578	0.2062	-0.0838	-0.3111	0.2089	0.4143	-0.072	-0.2542	0.0808	0.0663	0.4575	-0.25	0.1961	0.0989	0.4608	-0.2314	-0.2039	0.4595	0.0272	-0.3248	-0.111	0.301	-0.2964	0.077	0.4281	0.3388	0.4048	-0.048	-0.3791	0.0686	-0.1822	-0.1063	0.599	0.0892	-0.122	-0.0284	-0.4888	0.428	0.187	-0.3421	-0.0042	0.0217	-0.3804	-0.0008	0.0428	-0.426	-0.0241	-0.0461	-0.1537	-0.0112	-0.1331	0.2464	0.198	-0.0635	-0.2062	0.477	0.2529	0.0428	-0.1365	0.2064	-0.4364	0.1875	-0.0975	0.309	0.1927	0.0849	-0.1332	0.4871	0.0368	0.4153	-0.2076	0.3032	0.0281	0.4821	-0.1238	0.2165	0.2447	-0.1144	0.5325	-0.14	-0.4559	0.5369	0.1498	0.3029	0.0918	-0.2075	-0.1859	0.4371	-0.0676	0.3485	0.1018	0.1206	-0.0064	0.139	-0.4364	-0.1065	0.2172	-0.0339	-0.3253	0.0227	-0.3532	0.5861	0.3427	-0.1654	-0.2376	0.1671	-0.2803	-0.023	0.0739	0.0531	-0.297	-0.0575	-0.3228	-0.2918	-0.0477	-0.3577	0.1079	-0.0702	0.2779	0.2817	-0.0702	0.5165	0.3117	0.5413	0.0519	-0.2217	0.1271	-0.2333	0.1214	0.031	0.2911	0.2265	0.1596	0.5053	-0.1748	0.0774	0.0528	-0.2667	-0.0875	-0.2774	0.4236	-0.1933	0.4463	-0.058	-0.0835	0.3712	0.4032	-0.1132	0.1828	0.0999	-0.0513	-0.0004	-0.302	-0.0125	-0.0712	0.1137	-0.0646	-0.3688	-0.3527	0.1126	-0.3379	0.01	-0.2918	0.4329	-0.125	-0.015	0.2928	-0.2483	-0.1408	0.4379	0.4618	-0.0257	0.131	0.1206	0.0068	0.0545	0.102	-0.3272	0.2547	0.4388	0.1354	-0.0716	0.3942	0.2219	-0.0658	-0.2155	0.1378	-0.2703	-0.2073	-0.5466	-0.2626	0.1755	-0.194	-0.3356	0.0334	0.1169	-0.356	1	-0.2898	-0.3184	-0.3196	-0.1552	0.0403	-0.0544	-0.0991	0.0459	-0.1434	0.1827	0.301	-0.1857	0.149	-0.1523	-0.3796	0.5138	0.0211	0.1319	-0.3125	-0.1189	-0.2671	-0.1715	0.1063	0.0198	0.4345	-0.1138	-0.4349	0.0875	0.3713
Sg_YB37_28	-0.4726	0.5108	0.5234	0.3444	0.1457	0.1412	0.372	0.2325	0.5567	0.3352	0.3569	-0.454	-0.1638	0.2394	-0.126	0.1252	0.1517	0.498	-0.1127	0.0246	0.2336	0.4401	0.3822	0.337	0.2137	-0.0482	0.2501	0.1754	-0.4706	-0.4094	0.343	0.027	0.3838	0.6262	0.1517	-0.4665	0.6237	-0.451	0.3201	0.0465	-0.0623	-0.1383	-0.331	-0.0504	0.2779	-0.1797	0.1816	-0.3581	0.0156	0.0177	0.2185	0.3849	0.0232	0.4826	0.0838	0.2984	0.4364	0.2393	-0.1911	0.1845	-0.0537	-0.3019	-0.3615	0.2746	-0.0443	-0.3239	0.0289	-0.2565	0.4578	0.5439	-0.3126	0.1091	0.34	-0.2305	-0.3513	-0.1559	0.4843	0.4755	-0.2632	-0.1631	-0.2304	-0.1946	0.6468	-0.0656	-0.1458	0.2098	0.2236	-0.1298	0.1057	-0.2842	0.2235	-0.1866	0.3308	-0.3873	-0.3841	-0.3302	0.166	-0.164	0.0066	-0.2355	-0.1227	-0.1848	0.3401	-0.1583	-0.3728	-0.0097	-0.1454	-0.2349	-0.4383	-0.1385	0.1774	-0.2886	0.138	-0.4123	0.0291	-0.4115	-0.1399	-0.4566	-0.0466	0.0185	-0.3984	0.0601	0.5065	-0.1449	-0.3756	0.4204	-0.2144	-0.3909	-0.1608	-0.3915	-0.2394	0.6348	-0.2314	0.4937	0.4088	-0.3451	-0.0747	0.0173	0.5075	0.4773	-0.3813	-0.0911	0.7158	-0.1513	0.1053	0.5082	-0.0599	0.02	0.1951	-0.1078	-0.0885	0.0498	0.0882	-0.0499	-0.3639	-0.3628	0.3587	-0.063	-0.0936	-0.3317	0.1885	-0.2405	-0.4782	0.3288	-0.3169	0.1092	-0.1998	-0.4944	-0.0581	0.3563	-0.211	-0.2383	-0.512	-0.0402	-0.1199	-0.1887	-0.3447	-0.0617	-0.257	-0.418	0.1218	-0.3201	-0.0906	0.3195	-0.233	-0.2048	-0.3674	0.025	0.505	-0.1751	-0.3485	0.2375	-0.4796	-0.0053	-0.3651	-0.0931	-0.0563	0.4335	-0.1371	-0.4207	0.0842	0.6755	-0.0173	0.321	-0.3056	-0.3279	0.1615	0.0375	0.2498	0.5116	0.2232	-0.094	-0.1211	0.6156	-0.1383	0.4707	0.5652	-0.1047	0.4452	-0.1269	-0.1727	-0.3982	-0.3531	0.3128	-0.3194	-0.3518	-0.4762	-0.0055	0.5695	0.4259	0.1222	-0.1991	-0.2255	-0.2915	-0.2702	-0.1433	-0.2003	-0.1823	-0.0805	0.2051	0.0846	-0.0171	0.583	-0.2218	-0.1992	-0.3741	-0.0931	-0.0193	-0.316	-0.4135	0.4374	0.0626	-0.3531	0.483	-0.0643	0.3553	-0.0136	0.1283	-0.1712	0.2583	0.687	0.1985	0.312	0.5178	0.0997	0.589	-0.1727	0.1925	-0.0629	-0.3977	0.4978	0.0332	-0.1358	-0.268	-0.1099	-0.0706	-0.186	0.2228	-0.2947	-0.2138	0.6367	-0.3022	-0.2249	-0.3384	0.1603	-0.178	-0.1402	-0.2031	0.0809	0.0196	0.386	0.5084	0.4234	0.5774	-0.3538	0.4574	0.5187	-0.0279	0.0119	0.7117	-0.2898	1	0.1612	0.6138	-0.055	0.2323	0.4701	0.7111	0.1218	0.0656	-0.3752	-0.2966	0.2608	-0.2919	-0.0103	0.4274	-0.5481	-0.0828	-0.2865	0.6057	0.2669	0.4605	0.4495	-0.2848	-0.0756	-0.1165	-0.0043	0.4591	0.0721	-0.3699
Sg_YB37_7	-0.1565	-0.1505	0.0432	0.3335	0.1952	0.6702	0.1728	0.6159	-0.1303	0.4882	0.2349	-0.0633	0.3717	-0.3059	0.5951	0.0355	-0.2313	-0.1083	0.4366	0.3067	-0.3588	0.4669	0.5559	0.2665	0.1627	-0.3118	0.2977	0.3816	-0.0934	-0.1567	0.4945	0.0843	0.5287	0.1402	-0.331	-0.1145	-0.0742	-0.2219	0.2673	0.2733	0.1156	-0.2177	-0.5674	-0.4288	-0.3129	0.0302	0.4844	-0.4537	0.4577	0.2712	0.2941	0.1458	0.2417	0.2062	0.4291	0.0936	0.4357	0.7305	-0.3312	-0.2242	-0.3182	-0.5127	-0.1072	0.4597	0.4996	-0.4118	-0.1074	-0.4235	0.4595	0.2294	-0.4317	0.3724	-0.4501	-0.4528	-0.5611	-0.4604	-0.0581	0.0822	-0.4402	-0.3424	0.2246	-0.4231	0.0096	-0.1587	-0.2001	0.1965	0.4006	-0.0203	-0.1178	-0.1723	0.3437	0.4367	-0.2292	0.1614	-0.1778	-0.1579	0.0851	-0.3214	0.3355	0.0502	0.3098	-0.1399	0.4863	-0.1667	-0.1773	0.3605	0.3596	-0.4047	-0.2201	0.2975	0.5583	0.05	0.4427	-0.5571	0.5147	-0.1334	-0.2708	-0.511	0.3737	0.4237	-0.5215	-0.0838	0.1256	0.4585	-0.2167	0.7175	-0.1014	-0.4592	-0.0396	-0.582	-0.2956	0.3661	-0.2919	-0.0849	-0.0793	-0.3043	0.4212	0.41	-0.122	0.5743	-0.4671	-0.2473	0.092	0.2256	-0.3423	0.3058	-0.2061	-0.1686	0.2454	0.2325	-0.2767	0.5529	-0.1459	-0.0002	-0.0307	0.2065	0.0281	0.3954	-0.4673	-0.0935	-0.0529	0.6846	0.0174	0.3902	0.0592	-0.0182	-0.3902	-0.2243	0.6227	-0.1761	-0.4593	0.3045	-0.4288	0.422	-0.0858	-0.2844	-0.2888	0.0633	-0.1593	0.1702	0.4018	-0.0768	0.0037	0.4826	-0.4282	-0.0839	0.0176	-0.383	0.2763	0.6143	-0.2426	0.5601	-0.1459	-0.1572	-0.1848	-0.1831	-0.2285	0.295	0.4232	-0.2034	-0.1991	0.0318	-0.312	0.0121	-0.3532	0.0228	0.1456	0.0053	-0.2109	0.3467	-0.0409	0.4522	-0.1547	0.0141	0.2538	-0.0715	-0.1219	0.2673	0.5304	-0.4525	-0.2655	-0.2245	-0.4511	-0.0398	-0.4415	-0.5083	-0.3872	-0.2492	0.0198	-0.3925	0.0081	0.1249	-0.2825	-0.4243	-0.1374	-0.1524	-0.4887	0.4595	-0.1701	-0.3516	0.5199	0.2393	0.0113	-0.2939	0.0723	-0.4519	-0.216	0.3047	-0.4191	-0.2244	-0.0555	0.0701	-0.1303	-0.0808	-0.3959	0.0032	-0.114	0.3118	-0.124	-0.0709	0.1408	0.2959	0.2266	-0.05	0.0008	0.2337	-0.3707	-0.1808	0.1629	-0.3983	0.4539	-0.0457	-0.4352	-0.3593	0.3422	0.0389	-0.3145	-0.2253	-0.2708	0.1701	0.2872	-0.0908	-0.435	-0.1753	-0.4127	-0.3602	-0.1244	0.4571	0.4521	0.0156	-0.2407	0.4574	0.0038	0.1423	-0.1691	-0.0383	-0.0187	-0.122	-0.185	0.199	-0.3184	0.1612	1	0.3551	0.5328	-0.1502	0.3714	-0.1899	0.2048	0.3083	-0.0566	-0.1437	0.241	0.0209	0.261	0.24	-0.3247	0.2048	-0.3968	-0.0182	0.0389	0.4115	-0.096	0.3815	-0.2839	-0.3731	0.2545	0.5256	0.246	-0.3247
Sg_YB38_12	-0.4866	0.4705	0.3775	0.5776	0.3566	0.2068	0.3209	0.3076	0.4351	0.3639	0.3675	-0.5315	-0.0095	0.0623	-0.0806	0.1014	0.0734	0.3218	-0.0894	-0.0238	0.0581	0.6105	0.6144	0.2291	0.5384	0.1009	0.2572	0.474	-0.4882	-0.4553	0.5538	0.043	0.5773	0.784	0.1262	-0.5964	0.6281	-0.5692	0.1663	0.0729	-0.1068	-0.0658	-0.616	-0.1022	0.2078	-0.2683	0.2347	-0.5151	0.0056	0.0414	0.256	0.2516	0.1326	0.3429	0.1523	0.1941	0.6259	0.5016	-0.0766	0.1963	-0.2773	-0.6016	-0.1576	0.4408	-0.0156	-0.5073	0.1765	-0.269	0.4278	0.565	-0.494	0.0333	0.0322	-0.2976	-0.3613	-0.4042	0.3004	0.3411	-0.353	-0.275	-0.2147	-0.3157	0.7332	0.1344	-0.097	0.306	0.2662	0.0502	0.1317	-0.348	0.5404	0.0666	0.261	-0.2194	-0.451	-0.3521	0.2143	-0.0941	0.2032	-0.2488	0.026	-0.1984	0.5774	-0.0589	-0.574	-0.0048	-0.0295	-0.0243	-0.399	-0.1479	0.3358	-0.2773	0.2738	-0.5715	0.0993	-0.5472	-0.2574	-0.5216	0.1708	0.1487	-0.5354	0.2892	0.3792	-0.0122	-0.3094	0.5216	-0.272	-0.5791	-0.0436	-0.4087	-0.0775	0.8512	-0.1008	0.3079	0.4801	-0.3827	-0.0677	0.1041	0.4729	0.6572	-0.4773	-0.2619	0.6674	-0.1947	0.1441	0.3587	-0.124	-0.214	0.293	-0.1455	-0.3194	0.0935	0.0814	-0.1822	-0.2453	-0.3465	0.4158	-0.0234	-0.1276	-0.3087	0.1199	0.0624	-0.3992	0.4694	-0.2349	-0.1048	-0.283	-0.4144	0.0374	0.359	-0.309	-0.1713	-0.5004	0.0294	0.0594	-0.3117	-0.5379	-0.0199	-0.3163	-0.2718	0.1773	-0.3601	0.2484	0.3569	-0.4186	-0.2531	-0.4371	-0.019	0.6794	0.0301	-0.3248	0.5225	-0.4386	-0.0977	-0.313	-0.0519	-0.1006	0.7109	-0.0468	-0.5823	-0.1203	0.708	-0.0351	0.1484	-0.3834	-0.2072	0.0521	0.1679	0.2688	0.8083	0.1194	-0.1316	-0.0363	0.6768	-0.1316	0.5613	0.6946	-0.0334	0.7267	-0.1491	-0.0455	-0.2847	-0.4893	0.3301	-0.4788	-0.3871	-0.5313	-0.0899	0.4198	0.2058	0.1252	-0.3914	-0.1028	-0.2587	-0.2804	-0.369	-0.214	-0.0898	0.0354	0.0406	0.1033	0.0841	0.5731	-0.1644	-0.1591	-0.4915	-0.1012	0.0212	-0.3663	-0.5476	0.3273	0.0514	-0.5561	0.3379	0.0427	0.3142	0.1774	0.2223	-0.4021	0.2445	0.7851	0.4033	0.4493	0.2226	0.0638	0.4156	-0.285	0.1501	-0.0759	-0.5788	0.7265	0.1194	-0.1262	-0.3114	-0.083	-0.2411	-0.2986	0.1155	-0.1609	-0.2101	0.6548	-0.2867	-0.392	-0.5121	0.1234	-0.019	-0.0329	0.0189	0.3474	0.1222	0.3272	0.7005	0.2453	0.5652	-0.5419	0.5293	0.6003	-0.0085	-0.0034	0.776	-0.3196	0.6138	0.3551	1	0.2612	0.2297	0.6172	0.461	0.2475	0.0304	-0.385	-0.1774	0.4835	0.1585	0.1045	0.331	-0.5208	0.026	-0.4317	0.6451	0.382	0.5183	0.1799	-0.2237	-0.1848	-0.3512	0.0393	0.7615	0.3223	-0.5786
Sg_YB38_21	0.0245	-0.1644	-0.0271	0.2711	0.263	0.3462	0.0402	0.2885	-0.3144	0.3057	0.0286	-0.1933	0.4024	-0.4007	0.2687	-0.0627	-0.0689	-0.0337	0.4114	0.2415	-0.3823	0.3515	0.4672	0.073	0.1279	0.0151	0.228	0.4045	-0.1268	-0.2217	0.3962	0.0679	0.3658	0.0756	-0.29	-0.189	-0.1003	-0.2911	0.1437	0.0053	-0.1428	0.0067	-0.3473	-0.4058	-0.2477	-0.065	0.2997	-0.1549	0.2206	0.2751	-0.0033	0.0073	-0.0157	-0.1352	0.0968	-0.1605	0.3113	0.4907	-0.1591	-0.2505	-0.1638	-0.2958	-0.2086	0.3076	0.5519	-0.2121	-0.0676	-0.2023	0.1578	-0.044	-0.2285	0.3384	-0.3241	-0.0617	-0.2504	-0.4415	-0.0671	-0.1712	-0.3043	-0.2098	0.1133	-0.2133	-0.058	0.0411	0.0619	0.2253	0.2656	0.1613	0.0563	0.2066	0.3401	0.4066	-0.2622	0.1439	-0.1472	-0.229	0.1822	0.1009	0.0769	0.0478	0.3716	-0.1424	0.2819	0.094	-0.2598	0.3626	0.2922	0.0155	0.0175	0.1108	0.4471	0.0059	0.3736	-0.2975	0.1871	-0.3219	-0.0333	-0.191	0.1706	0.2238	-0.1836	-0.0327	-0.1253	0.4676	0.1294	0.3822	0.2333	-0.1723	0.14	-0.2204	-0.1986	0.214	-0.1267	-0.2128	-0.0477	-0.1193	0.4319	0.0882	-0.0961	0.4443	-0.184	0.0595	-0.0516	0.1947	-0.1396	0.0499	-0.0711	-0.3243	0.1289	0.2169	-0.1037	0.1762	0.1443	-0.2361	-0.0273	0.0096	0.0653	0.3828	-0.227	-0.1489	-0.119	0.6493	-0.0626	0.3565	0.0551	-0.2657	-0.1803	-0.1192	0.3641	-0.0946	-0.3228	0.3462	0.0232	0.1024	0.2144	0.0887	-0.0292	-0.0352	-0.1608	0.0735	0.1258	-0.0571	0.371	0.2466	-0.2896	-0.2108	0.1008	-0.3008	0.1515	0.5906	-0.1358	0.5489	0.1583	-0.0526	0.1097	-0.1091	0.0578	0.1158	0.4648	-0.301	-0.2526	0.0201	-0.3325	-0.0634	-0.1893	0.2132	-0.1334	0.0377	-0.1284	0.1407	-0.0646	0.4439	-0.0392	-0.0066	0.2521	-0.1171	-0.1924	0.0652	0.3829	-0.2977	-0.2961	-0.1011	-0.1895	-0.2259	-0.3107	-0.2286	-0.1599	-0.0853	-0.096	-0.3863	-0.0051	-0.0258	-0.1383	-0.083	-0.0645	-0.1491	-0.2398	0.4724	0.3076	-0.4029	0.1493	-0.0168	-0.1368	-0.0636	-0.0369	-0.1715	-0.2429	-0.0152	-0.1801	-0.0015	-0.1632	-0.093	-0.2961	-0.2473	-0.3356	-0.0914	-0.1098	0.1487	-0.3322	-0.0318	-0.002	0.4044	0.3019	-0.0596	0.1318	0.071	-0.0987	-0.303	0.0479	-0.191	0.3409	-0.0013	-0.251	-0.1832	0.3337	0.0257	-0.0839	-0.2292	-0.1153	0.1303	0.1051	0.156	-0.3148	-0.3806	-0.2501	0.0556	-0.1525	0.519	0.415	0.2535	-0.2796	0.3909	-0.0802	0.1007	-0.3237	0.0147	-0.0137	-0.1403	-0.0455	0.0672	-0.1552	-0.055	0.5328	0.2612	1	-0.2014	0.3162	-0.3229	0.1297	-0.0572	-0.0148	0.0708	0.4255	0.4259	-0.0508	-0.0262	-0.0562	0.1779	-0.2467	-0.0843	-0.0061	0.1374	-0.1789	0.1878	-0.0706	-0.3476	0.0508	0.4819	0.0923	-0.2754
Sg_YB38_6	-0.1371	0.3445	0.106	0.0663	0.0367	-0.0423	0.0232	0.0422	0.1423	-0.0391	0.0432	-0.186	-0.339	0.1385	-0.0754	0.0507	0.1338	0.2205	-0.3605	-0.2267	0.1576	-0.054	-0.169	-0.0236	0.1033	0.1342	-0.172	0.049	-0.1819	-0.2035	-0.1342	0.0135	-0.0765	0.2762	0.2533	-0.2437	0.2611	-0.1944	-0.0738	0.1874	-0.001	0.258	0.024	0.1915	0.4271	-0.2072	-0.0612	-0.2221	-0.1756	0.0482	0.198	-0.0598	0.1188	0.0181	0.0798	0.3501	0.0126	-0.1373	0.102	0.3814	-0.2576	-0.0854	0.0627	0.0264	-0.301	-0.1797	0.2729	0.0819	0.0439	0.2017	0.0937	-0.3344	0.0574	0.0444	0.155	0.1273	0.265	0.2326	-0.0259	-0.1105	-0.0601	-0.0574	0.3043	0.1651	-0.0506	0.2012	-0.2022	-0.0934	0.004	-0.2864	0.0266	-0.1967	0.3977	-0.0124	-0.3143	-0.0372	-0.0039	0.0606	0.1265	-0.2112	-0.0358	0.1537	0.0348	-0.0033	-0.1798	-0.3054	-0.1037	0.1677	-0.0998	-0.3401	-0.0649	-0.3284	0.0259	0.0263	-0.0595	-0.0967	-0.0897	-0.0282	0.0863	0.0397	-0.0525	0.2762	0.2461	-0.2956	-0.1129	-0.0502	-0.1406	-0.1777	-0.1179	-0.0727	0.231	0.2049	0.1482	0.137	0.2662	0.0958	-0.3415	-0.0716	0.3871	-0.0293	0.0409	-0.1154	0.276	-0.3163	0.3294	0.081	-0.1498	-0.1183	-0.0807	-0.3326	-0.3082	0.0269	-0.16	-0.1456	-0.0398	-0.0515	0.3176	-0.3268	0.2839	-0.1669	0.0307	-0.3242	-0.3589	0.0821	-0.2678	-0.039	0.1259	-0.2308	-0.2198	0.1671	0.2514	-0.3624	0.0187	-0.0583	0.0098	-0.1636	-0.0966	0.1109	0.0168	-0.2438	-0.1104	-0.2623	-0.0345	-0.0612	0.0938	0.096	-0.4246	0.1042	0.1295	-0.329	0.2476	-0.1197	-0.1445	-0.2805	-0.2026	0.2293	-0.2141	0.2125	-0.3736	-0.2124	0.0371	0.2762	0.1784	-0.0608	-0.0084	-0.1127	-0.0878	0.196	0.4101	0.3115	0.0799	-0.3306	-0.0429	0.2681	-0.3185	0.1379	0.4089	-0.0376	-0.0682	0.1633	0.3185	0.1388	-0.0116	0.2176	0.0726	0.0807	-0.0762	-0.1767	0.1717	0.177	-0.0543	-0.2507	0.207	0.1759	-0.0239	0.0259	-0.0756	-0.3575	0.045	0.4106	0.0456	0.1662	0.2096	0.065	0.1385	-0.0541	0.2783	0.1822	-0.0958	-0.0559	0.3453	-0.0268	-0.2541	0.4581	0.2052	0.209	0.3494	-0.0789	-0.0708	0.1693	0.2727	-0.0983	-0.021	0.1217	-0.3224	-0.0052	0.2275	0.3309	0.1212	-0.1809	0.1276	0.2334	0.1647	0.2018	-0.272	-0.2762	-0.2226	0.2644	0.2996	0.1224	0.2784	-0.1271	0.0184	-0.0359	0.1089	-0.021	0.0374	-0.3358	-0.0455	-0.1145	0.2028	-0.0528	0.2044	0.2408	-0.1068	0.2142	0.2138	0.2795	-0.1867	0.2929	0.0403	0.2323	-0.1502	0.2297	-0.2014	1	-0.0309	0.3411	-0.001	0.1188	-0.2575	-0.0786	-0.0269	-0.1201	0.1047	0.0797	-0.0723	0.0381	-0.0298	0.2308	0.4413	0.3506	0.0903	-0.1544	-0.2343	0.1277	0.1122	-0.0226	0.2483	-0.0388
Sg_YB39_24	-0.3825	0.2676	0.2813	0.5231	0.2424	0.1748	0.2062	0.1816	0.2674	0.2791	0.2819	-0.4335	0.0092	-0.0474	-0.023	0.2422	-0.0647	0.2362	-0.0038	0.0997	-0.0693	0.6908	0.6494	0.1613	0.4003	0.075	0.1873	0.4796	-0.3737	-0.427	0.4624	0.1977	0.4498	0.4833	-0.1335	-0.4341	0.308	-0.4129	0.0199	0.1409	-0.1492	-0.043	-0.4023	-0.3976	0.0586	-0.1738	0.3091	-0.4455	-0.0915	-0.0436	0.0669	0.1366	0.0421	0.3488	-0.0003	-0.1309	0.543	0.4381	-0.2118	-0.0076	0.1408	-0.3499	-0.18	0.2107	0.1174	-0.2947	-0.0639	-0.2652	0.4085	0.2571	-0.377	0.1301	0.0503	-0.3074	-0.3602	-0.3141	0.2891	0.1835	-0.2657	-0.2975	-0.1225	-0.2915	0.4388	-0.1277	0.0285	0.2314	0.2476	0.5175	0.1985	-0.1331	0.4429	0.1977	-0.0666	-0.0987	-0.3885	-0.3921	0.0522	-0.0262	0.0194	-0.2121	0.234	-0.3566	0.5397	0.0335	-0.4867	0.1277	-0.0375	0.0546	-0.2621	0.0216	0.3536	-0.1771	0.2726	-0.4844	0.0518	-0.4659	-0.3053	-0.4986	-0.0133	0.0444	-0.3982	-0.0089	0.2025	0.0796	-0.1002	0.546	-0.1692	-0.3895	0.1119	-0.3792	-0.4053	0.651	-0.2213	0.2966	0.2396	-0.2712	0.1607	-0.0091	0.218	0.521	-0.3828	0.2193	0.3996	-0.0449	-0.0398	0.2856	0.2896	-0.055	0.0781	-0.0934	0.0969	0.0473	0.5605	-0.1858	-0.0451	-0.1661	0.3608	0.044	-0.2141	-0.1597	-0.0256	0.178	-0.4251	0.2967	0.1011	-0.0437	-0.1751	-0.3422	0.3342	0.0618	-0.3561	-0.0669	-0.3725	-0.1264	0.1039	0.0211	-0.2994	-0.1135	-0.2104	-0.1282	0.0832	-0.0895	0.3499	0.2066	-0.4539	-0.3116	-0.188	-0.1899	0.488	0.0991	-0.3677	0.6373	-0.265	0.3492	-0.2276	-0.2108	0.362	0.4505	0.0852	-0.4616	-0.0269	0.5333	-0.205	-0.1296	-0.191	-0.0445	0.0876	-0.1208	0.204	0.4529	0.2993	0.1109	0.0015	0.4756	-0.0431	0.5007	0.3596	-0.1036	0.6414	-0.1779	-0.3588	-0.217	-0.455	0.0504	-0.4138	-0.3912	-0.3982	0.2587	0.2452	0.1548	-0.1373	-0.1988	-0.3359	-0.3631	-0.0572	-0.1735	-0.0616	0.0057	-0.0312	-0.0806	0.0119	-0.0737	0.3637	-0.0239	-0.2021	-0.4062	-0.2729	-0.0463	-0.3688	-0.3603	0.089	0.1146	-0.4591	0.1974	-0.2912	0.1095	-0.2129	0.1742	-0.3931	0.3178	0.5352	0.2844	0.5585	0.2943	0.5099	0.4475	-0.3075	-0.2009	-0.1525	-0.493	0.5698	-0.1571	-0.0674	-0.3568	0.0374	0.0444	0.1479	-0.0603	-0.2547	-0.0912	0.5971	-0.1418	-0.3296	-0.4173	0.1496	0.0475	-0.1017	0.0644	0.2879	0.5268	0.1921	0.6507	0.0359	0.5191	-0.4179	0.3859	0.341	-0.336	0.4474	0.604	-0.0544	0.4701	0.3714	0.6172	0.3162	-0.0309	1	0.2567	0.6204	-0.121	-0.3034	0.1297	0.5199	0.1777	-0.1044	0.1832	-0.3426	0.0232	-0.543	0.4143	-0.0064	0.3541	0.1828	-0.0352	0.2468	-0.2766	0.0001	0.6416	0.1356	-0.3449
Sg_YB41_11	-0.3016	0.706	0.3963	0.2296	0.0651	-0.1932	0.2644	-0.1098	0.6494	0.1045	0.2607	-0.3064	-0.2334	0.4575	-0.3225	0.2115	0.107	0.4313	-0.2036	-0.0821	0.2993	0.2373	0.0775	0.2211	0.1945	0.0591	0.1487	-0.046	-0.2464	-0.2489	0.0348	-0.1548	0.1009	0.562	0.3799	-0.2354	0.621	-0.2019	0.1268	0.0098	-0.0601	-0.1822	-0.0608	0.1107	0.3967	-0.1557	-0.1052	-0.238	-0.2621	-0.2174	0.0436	0.3002	-0.0726	0.3318	-0.1268	0.28	0.1321	-0.1519	-0.0387	0.2711	0.0048	-0.1077	-0.1365	0.0205	-0.2632	-0.163	0.1741	-0.0467	0.3238	0.4052	-0.0744	-0.1388	0.4755	0.0582	-0.0572	0.0651	0.3601	0.3635	-0.0586	-0.1424	-0.355	-0.1305	0.6002	-0.1187	-0.1224	0.1652	0.079	-0.0735	0.1404	-0.2447	0.1033	-0.3375	0.4457	-0.4184	-0.1876	-0.3147	0.04	-0.0788	-0.1281	-0.2438	-0.2774	-0.1743	0.0525	-0.1059	-0.2208	-0.1372	-0.4155	-0.0867	-0.4198	-0.3842	-0.1115	-0.3248	-0.0045	-0.1883	-0.256	-0.236	-0.1453	-0.2237	-0.1605	-0.1666	-0.2886	0.172	0.4002	-0.2233	-0.269	0.0692	-0.169	-0.2434	-0.1444	-0.1986	-0.0621	0.4313	-0.1448	0.4529	0.3731	-0.1369	-0.2023	-0.1639	0.5713	0.1107	-0.2553	-0.0303	0.6844	-0.2366	0.1775	0.248	-0.0112	0.0589	0.0327	-0.1785	-0.0664	-0.1725	0.0738	0.0547	-0.2606	-0.3187	0.2137	-0.2004	0.1381	-0.2121	0.1223	-0.4282	-0.3705	0.1001	-0.2619	0.0851	0.0105	-0.4239	-0.3371	0.3551	0.075	-0.2597	-0.368	-0.2699	-0.0795	-0.1665	-0.2633	-0.0691	-0.0369	-0.388	-0.0021	-0.3446	-0.1383	0.04	-0.0131	-0.1762	-0.4033	0.1735	0.4298	-0.3164	-0.1376	-0.0019	-0.4471	0.0597	-0.3072	-0.0015	-0.0024	0.2849	-0.279	-0.2393	0.1965	0.6606	0.0653	0.213	-0.1387	-0.3078	0.0882	0.0674	0.2898	0.335	0.3133	-0.3065	-0.0962	0.6348	-0.2023	0.5533	0.6533	-0.2933	0.1975	0.1755	-0.0051	-0.3133	-0.22	0.3154	-0.0312	-0.1627	-0.2729	0.0454	0.5075	0.6075	0.1585	-0.2991	-0.089	-0.2653	-0.2179	-0.0564	0.02	-0.2967	-0.1098	0.3508	-0.1517	-0.0784	0.5936	-0.0037	-0.1925	-0.1334	0.116	-0.0982	-0.1368	-0.3396	0.4061	0.2214	-0.1904	0.6427	0.1063	0.3116	0.0999	0.0925	-0.0235	0.347	0.6162	0.026	0.1296	0.4256	0.0605	0.3766	0.0198	0.2391	-0.2047	-0.258	0.2669	-0.0087	0.1324	0.0487	-0.2346	-0.1292	-0.0932	0.2144	-0.2499	-0.2453	0.3498	-0.263	-0.0307	-0.1282	0.3424	-0.0145	-0.0677	-0.269	-0.116	-0.0124	0.5266	0.3827	0.3658	0.406	-0.1691	0.421	0.5756	0.0242	0.0449	0.5689	-0.0991	0.7111	-0.1899	0.461	-0.3229	0.3411	0.2567	1	0.16	-0.1237	-0.2797	-0.213	0.1765	-0.2536	-0.0709	0.301	-0.3692	-0.1787	-0.1525	0.6064	0.2594	0.2627	0.3842	-0.3336	-0.0254	0.0867	-0.1372	0.167	0.0664	-0.2112
Sg_YB41_12	-0.2207	0.188	0.1408	0.203	0.1916	0.0757	-0.0121	0.0941	0.1819	0.2881	0.194	-0.203	-0.0089	-0.2126	-0.0558	0.5822	-0.1344	0.1295	-0.1388	-0.005	-0.0708	0.3631	0.3852	0.0487	0.336	0.0772	0.0861	0.2917	-0.1758	-0.2672	0.1538	-0.026	0.1224	0.2679	-0.1277	-0.2527	0.0833	-0.202	0.0359	0.1476	-0.1823	-0.2216	-0.3352	-0.2908	0.1982	-0.1008	0.2146	-0.4454	-0.0516	-0.0829	-0.0532	0.033	0.0587	0.2673	0.0801	-0.0353	0.2125	0.1366	-0.0462	0.1347	0.2939	-0.2158	0.036	0.049	-0.0829	-0.1471	0.0556	-0.0747	0.241	0.0895	-0.1766	-0.0071	0.0282	-0.0399	-0.129	0.0083	0.1733	0.1644	-0.0201	-0.3378	0.0339	-0.2957	0.2444	-0.1204	0.1742	0.0742	0.1955	0.5146	0.1793	-0.0561	0.2518	0.1315	-0.1338	0.0099	-0.2763	-0.2577	-0.1665	-0.0597	-0.0012	-0.1125	0.2587	-0.1817	0.3425	-0.1632	-0.2336	0.0266	-0.0377	0.0973	-0.2788	0.0898	0.2916	-0.0924	0.2146	-0.2424	-0.0406	-0.2534	-0.413	-0.3178	0.1355	0.0607	-0.3157	0.098	0.1935	-0.0232	-0.1422	0.3351	-0.0161	-0.3778	0.0609	-0.3959	-0.1276	0.3632	-0.2757	0.2164	0.0217	-0.1207	-0.0232	0.0678	0.134	0.2107	-0.2825	0.3207	0.2542	-0.2295	-0.1199	0.2001	0.3498	0.0369	-0.0303	-0.2284	0.2077	0.1192	0.4388	-0.2114	0.0221	-0.0302	0.0407	-0.0385	-0.1484	-0.0208	-0.2466	0.0901	-0.2467	0.0297	0.1138	0.0411	-0.2027	-0.2764	0.2684	0.0207	-0.0664	-0.1685	-0.1275	-0.1098	0.0162	0.2046	-0.2043	-0.0244	-0.0873	-0.0363	0.0299	-0.0434	0.2727	0.0093	-0.2369	-0.2567	-0.2053	-0.3963	0.2779	0	-0.0758	0.288	-0.0599	0.3537	-0.2096	-0.07	0.4879	0.1245	-0.0437	-0.247	0.0709	0.3326	-0.2342	-0.1638	-0.0029	-0.0322	0.1925	-0.11	0.0316	0.2692	0.5685	-0.1235	-0.1822	0.3619	-0.2209	0.3375	0.2492	-0.0613	0.3459	-0.0824	-0.2689	-0.1207	-0.4424	0.0122	-0.1071	-0.4218	-0.2654	0.4293	0.1277	0.2045	-0.1149	-0.0301	-0.2176	-0.4767	-0.145	-0.0828	0.0526	-0.0227	-0.1278	0.1101	0.0912	-0.0519	0.2809	0.1887	0.0133	-0.2594	-0.1201	-0.0072	-0.3028	-0.1857	-0.0433	0.1328	-0.2387	0.0341	-0.2691	-0.0614	-0.1833	0.0468	-0.2251	0.5214	0.3265	0.1883	0.339	0.1316	0.4671	0.3111	-0.1675	-0.3225	-0.0445	-0.4185	0.216	-0.0414	0.0779	-0.099	-0.1575	0.2126	0.2998	-0.1183	-0.1534	0.0921	0.253	-0.1059	-0.2645	-0.2014	0.088	-0.0352	-0.1962	0.0197	0.2747	0.362	0.2784	0.399	-0.1715	0.2833	-0.1808	0.2866	0.1852	-0.3029	0.493	0.3902	0.0459	0.1218	0.2048	0.2475	0.1297	-0.001	0.6204	0.16	1	-0.0469	-0.2185	0.0471	0.2381	0.1353	-0.0367	0.0901	-0.1286	0.0416	-0.331	0.2721	-0.0203	0.1811	0.1443	0.1131	0.3611	-0.1105	0.054	0.2573	0.0553	-0.1796
Sg_YB46_3	-0.186	-0.1837	0.1437	0.0176	0.0549	0.6156	-0.0512	0.7085	0.185	0.0728	-0.0916	0.1921	-0.2244	-0.1619	0.5331	0.1111	-0.0777	-0.093	-0.2486	-0.178	-0.0324	0.0235	0.2427	-0.1051	-0.0025	-0.2752	-0.0012	0.2972	0.1242	-0.0404	0.178	0.1644	0.1905	-0.1742	0.0056	0.0177	-0.0436	-0.0374	-0.0571	0.4239	0.3271	0.1725	-0.3131	0.0143	-0.3044	0.4257	0.3823	-0.3058	0.5922	0.5846	0.6382	-0.0538	0.5844	0.0732	0.7699	0.2168	0.0999	0.2165	-0.1464	-0.0425	-0.4353	-0.1821	-0.0842	0.0869	-0.0556	-0.2672	-0.0495	-0.2008	-0.0664	-0.0087	-0.2903	-0.1415	-0.5478	-0.3262	-0.2353	-0.1638	0.0028	0.0225	-0.2486	-0.2183	0.4793	-0.1381	-0.133	-0.042	-0.1841	-0.1563	-0.0357	-0.5256	-0.2038	-0.4324	-0.0331	0.1798	0.0506	0.4184	-0.0589	0.3622	-0.1194	-0.2328	0.7514	0.2534	0.359	0.3287	0.3533	-0.3414	0.0907	-0.2377	0.481	-0.2681	0.0084	0.4981	0.5095	-0.0249	0.4733	-0.2938	0.5695	0.0968	-0.2143	-0.3054	0.4483	0.7589	-0.2585	-0.0176	0.0418	-0.2755	-0.329	0.1465	-0.113	-0.3415	-0.1308	-0.4003	0.0621	0.1845	-0.1576	-0.325	-0.1675	-0.0985	-0.2526	0.792	-0.0537	0.2764	-0.1832	-0.3811	0.0412	-0.2329	-0.0419	0.0479	-0.4721	-0.2716	-0.1131	-0.2126	-0.3619	0.734	-0.4399	-0.0132	0.0999	0.4158	0.2045	-0.2338	-0.2689	0.0534	-0.074	-0.1438	-0.0891	0.2253	0.0974	-0.0034	-0.0974	-0.194	0.4512	-0.1211	-0.1342	-0.2615	-0.237	0.7377	-0.2317	-0.2791	-0.1653	0.2245	0.1851	0.1912	0.3753	-0.03	-0.172	0.4323	-0.2663	0.389	-0.1761	-0.2136	0.2405	-0.1854	-0.0559	0.0997	0.1264	-0.4889	-0.1309	-0.1072	-0.4253	0.0509	-0.2316	-0.0475	-0.3396	-0.1176	-0.0064	-0.0466	-0.3621	0.2469	0.19	0.1309	-0.2299	0.2387	-0.1311	-0.0991	-0.2482	-0.0866	-0.1772	-0.2911	-0.1161	0.6435	0.1985	-0.1948	-0.0643	-0.1212	-0.2269	-0.0094	-0.2501	-0.3213	-0.267	-0.4153	-0.0219	-0.2776	-0.2087	0.0591	0.0102	-0.1612	0.0017	0.171	-0.2996	-0.2104	-0.1581	0.1487	0.7166	0.6501	-0.2126	-0.335	0.2207	-0.2322	0.0097	0.6753	-0.3662	-0.0796	0.146	0.1031	0.0738	0.0984	-0.2285	0.0827	-0.0633	-0.0139	0.0653	0.0522	0.0422	0.1773	0.0529	-0.1424	-0.3896	-0.1213	-0.0839	0.0467	0.5896	-0.2348	0.1731	0.017	-0.1965	-0.1232	-0.1408	-0.0929	-0.4863	0.0179	0.0337	0.417	0.0705	-0.1509	-0.1434	0.0564	-0.4062	-0.3746	-0.114	-0.1844	0.4961	-0.4048	-0.2457	0.1923	0.0556	0.0306	0.0549	-0.2238	-0.1256	0.0543	-0.4412	0.1378	-0.1434	0.0656	0.3083	0.0304	-0.0572	0.1188	-0.121	-0.1237	-0.0469	1	0.0041	-0.2368	0.0087	-0.153	0.5672	0.2569	0.0343	0.4841	-0.0777	-0.1897	0.1291	0.2204	-0.2704	0.5891	-0.4431	-0.0534	0.7736	0.124	0.0652	0.0557
Sg_YB50_23	0.3129	-0.1928	-0.218	-0.4487	-0.3701	-0.0767	-0.2033	-0.2281	-0.1268	-0.0873	-0.1978	0.8131	0.1413	0.0651	0.2311	0.0663	-0.2268	-0.3176	0.1349	0.0526	-0.1512	-0.3326	-0.4072	0.0135	-0.5067	-0.2847	-0.1685	-0.2647	0.5859	0.776	-0.4043	-0.2183	-0.3058	-0.4846	-0.1591	0.7491	-0.2244	0.7452	-0.1308	-0.2708	0.3104	-0.0866	0.2608	0.0087	-0.3496	0.2209	-0.2932	0.1796	0.0398	-0.0734	-0.2323	-0.114	-0.2697	-0.1993	-0.1147	-0.1526	-0.4191	-0.2081	-0.0556	-0.0816	0.1977	0.3548	0.2481	-0.2669	0.0916	0.0418	0.0042	-0.0873	-0.312	-0.3752	0.3505	0.0338	-0.1464	0.0542	0.193	0.2507	-0.2442	-0.1996	0.102	-0.0826	-0.1369	0.0083	-0.3215	-0.2406	0.0605	-0.3347	-0.2681	-0.1281	-0.2371	0.0927	-0.439	0.029	-0.2909	0.0954	0.6413	0.0571	-0.1557	-0.1345	-0.215	0.0621	-0.1353	-0.0678	-0.4418	-0.0929	0.8151	0.0751	-0.1323	-0.2041	0.1554	0.2582	-0.2897	0.2369	0.2618	0.1658	0.1165	0.6227	-0.0567	0.1964	-0.0846	-0.0407	0.0942	-0.0737	-0.1845	0.052	0.1318	-0.1018	0.1767	0.1297	-0.1266	0.1642	-0.0252	-0.5169	0.3003	-0.2559	-0.428	0.2167	0.1088	0.0539	-0.2649	-0.3539	0.144	-0.0027	-0.3067	0.0786	-0.2967	-0.156	0.0933	0.1073	-0.0533	0.1142	0.2541	-0.0785	-0.0504	-0.0075	-0.0417	0.0382	-0.3806	0.0776	0.013	0.747	-0.1385	0.049	0.3275	-0.1078	0.0378	0.1149	0.0395	0.3134	0.0506	-0.3704	0.2459	0.1697	0.0715	-0.0312	-0.1926	0.2138	0.0969	-0.0411	-0.1958	0.5101	-0.1191	0.0612	-0.1116	-0.0482	0.2708	0.0947	0.1793	0.0362	-0.3174	0.1178	0.2948	-0.2456	0.2727	0.0712	0.0371	-0.0561	0.073	-0.2414	0.0847	0.7121	0.0757	-0.3764	-0.0067	-0.0741	0.0903	0.0611	0.1744	-0.1693	-0.3917	-0.4013	-0.1074	0.1462	-0.1819	-0.3515	0.0976	-0.3258	-0.4261	-0.0272	-0.4798	-0.0861	-0.0554	0.1806	0.1664	-0.1683	0.3095	0.0684	0.2226	0.0898	-0.2118	-0.0363	-0.0556	0.7363	-0.0602	0.154	-0.0468	0.1516	-0.0875	0.1185	-0.3364	-0.1561	-0.1479	-0.1481	-0.2425	0.1429	0.2659	0.1807	-0.0418	-0.1026	0.0873	0.1714	-0.3334	0.5013	0.7349	-0.3371	-0.1075	-0.3128	-0.0359	-0.1785	0.5172	-0.0875	-0.373	0.1057	-0.3312	-0.2771	-0.0577	-0.2987	0.2328	-0.2686	-0.0841	0.1945	-0.3013	-0.1871	-0.053	0.1827	0.047	0.2375	0.1226	-0.1084	-0.0641	0.0812	-0.5144	-0.1019	0.2908	0.6179	0.0553	0.0847	0.0585	0.0706	-0.1999	-0.0114	-0.2031	-0.4074	-0.1845	-0.4212	0.7535	-0.2251	-0.3641	-0.0058	0.0043	-0.4271	0.1827	-0.3752	-0.0566	-0.385	-0.0148	-0.2575	-0.3034	-0.2797	-0.2185	0.0041	1	-0.1134	-0.2457	-0.2644	-0.1833	-0.3181	0.231	-0.0808	0.0513	-0.365	-0.228	-0.2482	-0.2011	0.147	0.1514	0.2442	0.0753	-0.4129	-0.382	0.059
Sg_YB55_11	0.2666	-0.1814	-0.2488	-0.0498	-0.0252	-0.232	-0.2841	-0.2295	-0.3006	-0.3268	-0.3198	-0.1089	-0.0251	-0.1571	-0.0523	-0.1468	-0.0649	-0.1302	0.0328	-0.017	-0.1354	-0.0345	-0.0806	-0.4354	-0.0756	0.3403	-0.2564	0.209	-0.0022	-0.1142	-0.0927	0.0493	-0.1649	-0.2789	-0.1822	-0.0238	-0.3615	-0.05	-0.3875	0.0384	0.0233	0.1248	0.2392	-0.146	-0.0056	0.0887	0.0323	0.2855	-0.1964	-0.1244	-0.1098	-0.302	-0.0554	-0.3635	-0.2007	-0.4013	-0.0786	-0.1173	-0.0147	-0.2452	0.2099	0.154	0.2143	-0.0975	-0.0193	0.3352	-0.2831	0.3177	-0.0861	-0.2736	0.1894	0.0052	-0.066	0.2226	0.2242	0.0479	-0.0983	-0.4589	0.3529	0.1596	0.0695	0.2603	-0.264	0.1523	0.3185	0.0943	-0.1739	0.4843	0.007	0.2686	0.0796	0.1327	-0.3233	0.2632	-0.1509	0.0348	-0.0023	0.5006	-0.1288	-0.1329	0.1971	0.0024	-0.0986	0.3594	-0.1417	0.0424	-0.0286	0.248	0.391	-0.0157	-0.0434	0.1916	-0.2096	0.217	-0.0656	-0.0625	0.2298	0.3853	-0.1818	-0.1678	0.4101	-0.3007	-0.4878	0.1294	0.4934	-0.2032	0.2245	0.3253	0.3904	0.3476	-0.1382	-0.2621	0.0663	-0.2194	-0.0053	0.359	0.1665	-0.2052	-0.1709	-0.1629	0.1745	0.4001	-0.3694	0.1144	0.0078	-0.3969	0.3357	-0.137	-0.3069	0.0175	0.1999	-0.174	0.3755	-0.0121	0.2378	0.1565	-0.091	-0.0015	0.1775	-0.0471	-0.0527	0.0872	0.0275	-0.0749	0.4468	-0.176	0.3093	0.3195	0.1366	-0.2684	0.0539	0.1355	0.3694	-0.1476	0.1409	0.2533	0.3606	-0.0795	0.2603	0.2785	-0.2945	0.3198	0.2014	-0.2231	0.057	-0.0215	0.4014	0.002	-0.1661	0.0175	0.2116	0.2117	0.2823	0.2902	0.4728	0.2155	0.3569	-0.0786	0.0736	-0.0398	-0.1951	-0.2387	-0.2602	-0.2806	0.335	0.3722	-0.4176	-0.3198	-0.0506	-0.2278	-0.0063	0.1048	0.341	-0.2311	0.12	-0.0712	-0.1974	-0.0645	-0.095	0.2241	-0.1007	0.2368	0.3109	-0.5254	0.0712	0.2558	0.374	0.2732	-0.1999	-0.155	-0.4106	-0.1376	-0.1717	0.2169	0.4637	0.1801	0.3037	0.0649	0.2815	-0.0186	-0.187	-0.0467	-0.2869	0.3223	-0.1493	0.2165	0.0038	-0.057	0.3613	0.341	-0.205	-0.2681	-0.1272	-0.2759	-0.0538	-0.1775	-0.1761	0.0468	-0.223	-0.1272	-0.3144	-0.1315	0.2475	-0.2748	0.358	-0.1827	0.0897	-0.2448	-0.1694	0.2428	-0.2229	-0.0594	0.4231	0.2203	0.0695	-0.0014	0.3513	-0.0707	0.0646	0.0878	-0.1292	0.3718	0.0683	-0.1001	0.0086	0.1838	0.1285	0.0068	-0.0285	0.4994	-0.1382	-0.1268	-0.2189	-0.0892	-0.0801	-0.0422	-0.1598	-0.2933	0.3197	-0.2431	0.301	-0.2966	-0.1437	-0.1774	0.0708	-0.0786	0.1297	-0.213	0.0471	-0.2368	-0.1134	1	0.073	0.3911	-0.1789	-0.2435	0.328	-0.0109	0.1667	-0.3002	-0.3582	-0.2521	-0.16	0.0866	0.3028	0.0579	-0.1568	-0.1588	0.0125	0.4271
Sg_YB59_31	-0.1265	0.1619	0.173	0.5031	0.4358	0.2338	0.2319	0.3209	0.1112	0.0769	0.1288	-0.365	-0.0251	-0.1348	0.0749	0.2443	0.0358	-0.0355	0.0402	-0.0283	-0.1359	0.3621	0.5633	0.0589	0.4291	0.0852	0.0172	0.3423	-0.2407	-0.2848	0.5102	0.2328	0.4791	0.3517	-0.08	-0.3175	0.213	-0.4205	-0.0558	0.1476	-0.0938	0.0675	-0.378	-0.2648	-0.051	0.0227	0.3787	-0.3073	0.0422	0.2559	0.1548	0.2756	0.0982	0.0671	0.0412	-0.1355	0.3866	0.3703	-0.0708	0.0353	-0.2146	-0.3597	-0.3867	0.1281	0.0949	-0.3603	-0.034	-0.0952	0.0989	0.2454	-0.2763	-0.014	-0.0915	-0.1531	-0.1625	-0.2959	0.0868	0.0781	-0.2286	-0.2101	0.0643	-0.2153	0.2379	-0.0717	-0.1663	0.2079	-0.0384	0.1863	0.0225	-0.0604	0.3201	0.1716	0.1679	0.0072	-0.2421	-0.3256	-0.0263	0.098	0.1884	-0.0593	0.2644	-0.0401	0.3708	-0.0523	-0.382	0.0372	0.243	0.0196	-0.135	-0.0922	0.3682	-0.1449	0.3171	-0.3797	0.102	-0.3904	-0.0934	-0.2566	0.2217	0.2104	-0.249	0.019	0.077	0.1666	-0.0739	0.1592	-0.0968	-0.3169	0.1836	-0.3039	-0.1566	0.4662	-0.2466	-0.1181	0.1679	-0.0283	0.0543	0.0946	0.2037	0.4852	-0.3562	0.1021	0.176	-0.0249	0.2068	0.0363	-0.0619	-0.4666	-0.061	-0.0284	-0.1246	0.161	0.1961	-0.2768	-0.0727	-0.0728	0.429	0.0179	-0.0469	-0.1516	-0.0582	0.2106	-0.2033	0.4046	0.0777	-0.3555	-0.2053	-0.2677	0.2042	0.0525	-0.1892	0.0253	-0.3338	0.0636	0.1786	-0.0515	-0.2318	0.1161	-0.1292	-0.0388	0.077	-0.1952	0.1424	0.2397	-0.3096	-0.2145	-0.2155	-0.0379	0.3313	0.1274	-0.1385	0.5461	-0.0562	-0.0698	-0.0971	0.0558	0.0316	0.3134	0.0887	-0.4906	-0.3353	0.2623	-0.16	0.0965	-0.3011	0.0903	0.0683	0.2513	0.0872	0.3027	0.1121	-0.0546	0.0021	0.2441	-0.0197	0.1699	0.236	0.0102	0.515	-0.2843	-0.1443	-0.1549	-0.4632	0.0694	-0.306	-0.3221	-0.246	-0.0761	0.1158	-0.0024	-0.0755	-0.3041	-0.0013	-0.184	-0.1143	-0.2504	-0.0977	0.0431	0.1497	0.0453	0.1799	0.0583	0.0125	0.079	-0.008	-0.2647	-0.129	0.047	-0.3172	-0.3599	0.0985	-0.1079	-0.4511	0.1616	-0.2537	0.2784	0.0287	0.0925	-0.2621	0.295	0.3111	0.4076	0.4268	0.103	0.0475	0.1872	-0.0603	-0.0135	-0.0169	-0.3638	0.563	0.162	-0.0251	-0.0104	-0.0336	0.0386	-0.112	-0.0314	-0.1217	0.1259	0.419	-0.0427	-0.3774	-0.4713	-0.0668	0.0794	-0.1225	0.0683	0.3557	0.3712	-0.0656	0.6581	0.0706	0.2682	-0.4326	0.1058	0.2944	-0.1495	-0.0109	0.3404	-0.1857	0.2608	0.241	0.4835	0.4255	-0.0269	0.5199	0.1765	0.2381	0.0087	-0.2457	0.073	1	0.3272	-0.0563	0.1671	-0.1673	0.3012	-0.4031	0.1361	0.1268	0.1894	-0.013	0.1485	-0.0978	-0.2148	0.1024	0.5462	0.227	-0.1765
Sg_Z02_23	0.1218	-0.1269	-0.2522	0.3065	0.2937	-0.0434	-0.1335	0.042	-0.324	-0.0326	-0.1483	-0.2689	0.0124	-0.3909	0.0037	-0.2149	0.0246	-0.1294	0.0746	-0.201	-0.1416	0.0818	0.2439	-0.3127	0.2956	0.3432	-0.0992	0.4512	-0.1421	-0.259	0.267	0.2019	0.0539	0.0599	-0.1439	-0.2012	-0.1633	-0.2917	-0.2917	-0.0918	-0.14	0.1559	0.0478	-0.0664	0.0137	0.0331	0.1769	0.1015	-0.083	0.1373	-0.163	-0.2598	0.0204	-0.2704	0.0625	-0.3482	0.1056	0.2072	-0.1749	-0.3546	-0.0548	0.006	-0.048	0.0539	0.0878	0.008	-0.0502	0.069	-0.138	-0.0575	-0.0582	-0.1856	-0.2587	0.2137	0.1545	-0.1969	-0.1562	-0.3978	0.1471	0.0806	0.1584	-0.0926	-0.1397	0.3164	0.3512	0.2464	0.0436	0.4271	0.1028	0.1665	0.3106	0.5031	-0.2982	0.1854	-0.2238	-0.0056	-0.095	0.5765	0.1231	0.0857	0.4834	-0.0968	0.226	0.3524	-0.3851	-0.0613	0.2949	0.5705	0.3316	0.0042	0.3542	0.1857	-0.0472	0.003	-0.0023	-0.2864	-0.0151	0.1281	0.0455	0.1137	0.1647	-0.0087	-0.3606	0.1664	0.4001	-0.0491	0.0519	0.2081	0.3376	0.1636	0.0227	0.0466	0.0497	-0.266	0.0167	0.1816	0.0905	0.0721	-0.0675	0.1213	0.098	0.241	-0.1587	-0.0218	0.1004	-0.3606	0.0877	-0.3539	-0.1084	-0.0449	-0.0681	-0.0798	0.234	-0.3148	0.3478	0.0819	0.0754	-0.0705	0.1538	-0.0832	-0.1708	0.3138	-0.0277	0.1806	0.2666	-0.407	-0.1405	0.09	0.1329	-0.0397	-0.0523	0.1096	0.3197	0.0134	0.4119	0.1485	0.1636	0.0392	0.1838	0.1407	-0.0085	0.2879	0.3871	-0.0349	-0.0956	-0.1951	0.1405	-0.1235	-0.0774	0.1838	0.0187	0.4376	0.3444	0.0611	0.3058	-0.0931	0.1648	0.0728	0.0728	-0.316	-0.3094	-0.1439	-0.0552	-0.1846	0.0516	0.4098	-0.2319	0.0138	0.1127	0.0155	-0.1021	0.0527	0.2382	-0.1338	0.0268	0.0306	-0.0105	-0.0289	0.2803	-0.0028	-0.139	0.1356	0.0806	-0.2008	-0.1525	0.0074	0.1206	0.0204	-0.3043	-0.2595	-0.2582	-0.3017	0.0865	0.2007	0.3237	-0.2433	0.2371	0.1293	0.4504	-0.2343	-0.0876	0.1398	-0.2466	0.3116	-0.0865	0.1308	-0.157	-0.019	-0.0425	0.1519	-0.2665	-0.2892	-0.3488	-0.2093	0.0699	-0.3005	-0.1553	-0.0257	-0.3781	-0.1569	-0.1391	0.1529	0.5219	-0.2532	0.1961	-0.2408	0.0191	-0.1205	0.0702	0.0651	0.0736	-0.0696	0.2005	0.0673	-0.0065	-0.1031	0.0781	-0.2378	0.2221	0.0847	0.0571	0.3518	-0.0781	-0.4238	-0.0165	0.3201	0.2756	0.1768	0.3475	0.3995	-0.1099	0.1751	-0.2278	0.0103	-0.3694	0.0399	-0.0631	-0.207	0.1207	-0.108	0.149	-0.2919	0.0209	0.1585	0.4259	-0.1201	0.1777	-0.2536	0.1353	-0.153	-0.2644	0.3911	0.3272	1	0.0293	-0.0984	0.2971	0.2193	-0.0141	-0.149	-0.1977	-0.2554	-0.2748	0.1078	0.0416	-0.1582	-0.1211	0.194	0.3107	-0.0056
Sg_Z02_43	-0.1428	-0.293	0.1481	0.2636	0.0493	0.538	0.0107	0.6042	0.0704	-0.0003	-0.2383	0.0136	-0.2481	-0.2429	0.1918	-0.0225	0.0543	0.0542	-0.2224	-0.2015	0.0785	0.1511	0.3477	-0.2238	0.2892	-0.1081	0.1	0.3236	0.0523	-0.0615	0.2991	0.2881	0.2979	-0.0563	0.0076	0.0105	-0.1335	-0.1301	-0.1596	0.5948	0.2874	-0.0243	-0.3423	-0.0511	-0.291	0.3043	0.2718	-0.1927	0.5249	0.516	0.5697	-0.1178	0.6553	0.0235	0.6775	0.1737	0.1923	0.2837	-0.1761	-0.1817	-0.3614	-0.2637	0.0964	0.1644	-0.1844	-0.1769	0.0314	-0.123	0.0889	0.0769	-0.3719	-0.1322	-0.4511	-0.197	-0.2472	-0.2568	0.107	-0.0826	-0.3487	0.0427	0.5053	-0.2557	-0.0043	0.1254	-0.0668	0.1353	-0.0534	-0.3617	0.1071	-0.417	0.1049	0.3382	-0.068	0.3703	-0.1472	0.3847	0.0386	-0.233	0.7543	0.3037	0.342	0.482	0.3786	-0.0871	-0.0571	-0.263	0.4609	-0.1079	0.0433	0.3235	0.4004	-0.067	0.2215	-0.2558	0.5472	0.0132	-0.1126	-0.2853	0.4872	0.6606	-0.2987	0.1524	-0.0727	-0.2338	-0.221	0.0566	-0.0125	-0.1833	-0.1561	-0.2516	0.1013	0.2363	-0.0163	-0.2467	0.0141	-0.1708	-0.2639	0.5945	-0.1974	0.2627	-0.1571	-0.4385	0.0142	-0.2585	-0.0791	-0.0846	-0.38	-0.3113	-0.0296	-0.213	-0.3416	0.6456	-0.3501	0.0419	0.3214	0.3298	0.074	-0.2633	-0.1944	-0.0524	0.0392	-0.1089	-0.1194	0.3204	0.1162	-0.1996	-0.2867	-0.0307	0.2721	0.0813	-0.2533	-0.2257	-0.2355	0.5953	-0.1453	-0.3377	-0.2349	0.2449	0.3424	0.1118	0.3273	0.0868	-0.0758	0.2883	-0.2847	0.2264	-0.1832	-0.0578	0.1066	-0.1739	-0.0915	0.1673	0.1395	-0.3581	0.0576	-0.0194	-0.3852	0.1825	-0.2811	-0.1672	-0.4407	-0.1289	-0.0458	-0.1115	-0.3301	0.0974	0.0033	0.2461	0.0967	0.159	-0.0895	-0.15	0.0719	-0.1153	-0.2221	-0.1092	0.023	0.5505	0.3006	-0.136	0.0551	0.0441	-0.131	0.0119	-0.3634	-0.2493	-0.303	-0.3518	-0.0338	-0.2353	-0.1405	-0.2145	0.0903	-0.071	0.1161	0.0537	-0.2188	-0.21	-0.0381	-0.0045	0.684	0.7326	-0.1704	-0.3376	0.0898	-0.2544	0.0351	0.7383	-0.2925	-0.2008	0.037	-0.1063	-0.1388	0.1367	-0.0294	-0.0396	0.0683	-0.0183	-0.1784	-0.0961	0.0279	0.1137	0.1174	-0.1346	-0.294	-0.3229	-0.2112	0.2252	0.5853	-0.218	0.1459	0.1802	-0.2624	-0.1548	-0.1869	-0.186	-0.3762	-0.1839	0.1289	0.3573	0.213	-0.0984	-0.1411	-0.0839	-0.3764	-0.2935	0.0903	-0.1362	0.489	-0.3954	-0.1303	0.1952	0.1089	0.226	-0.1034	-0.1422	-0.1103	0.1978	-0.3325	0.095	-0.1523	-0.0103	0.261	0.1045	-0.0508	0.1047	-0.1044	-0.0709	-0.0367	0.5672	-0.1833	-0.1789	-0.0563	0.0293	1	0.1875	0.0621	0.4637	-0.1469	-0.1629	0.1325	0.1259	-0.3812	0.5284	-0.3981	-0.2215	0.5142	0.1242	0.3459	0.0823
Sg_Z02_5	-0.375	0.1118	0.3056	0.1246	0.0903	0.2405	0.2598	0.3741	0.2668	0.127	0.1543	-0.2359	-0.0595	-0.0063	0.0257	0.0496	0.0874	0.108	-0.0399	-0.042	0.0547	0.3417	0.3926	0.1411	0.1879	-0.1552	0.1352	0.0603	-0.0799	-0.2526	0.3209	0.012	0.2749	0.2239	0.0661	-0.23	0.2882	-0.3579	0.292	0.1053	-0.1659	-0.0213	-0.282	-0.0515	0.0526	0.0664	0.1936	-0.3911	0.151	0.2314	0.2543	0.438	0.2228	0.2214	0.3992	0.302	0.3998	0.1642	0.0658	0.1052	-0.0771	-0.2091	-0.1785	0.1725	-0.0286	-0.1587	0.1226	-0.232	0.3708	0.4124	-0.2995	0.0266	-0.0683	-0.1981	-0.2427	-0.3036	0.3008	0.1946	-0.2955	-0.2016	0.1326	-0.1583	0.2083	-0.0748	-0.1406	0.1906	0.2268	-0.2163	0.054	-0.3992	0.166	0.0548	0.2286	0.019	-0.1403	0.026	0.0349	-0.1438	0.1569	0.1014	0.1439	0.0363	0.3502	-0.2044	-0.2566	-0.0621	0.1701	-0.3323	-0.2292	0.1198	0.3888	-0.0849	0.2149	-0.2421	0.2664	-0.3101	-0.1687	-0.3512	0.1324	0.2563	-0.3111	0.17	0.2089	-0.1441	-0.3625	0.2586	-0.2744	-0.3334	-0.0606	-0.3941	0.031	0.5074	-0.2507	0.1265	0.1455	-0.2443	-0.154	0.2881	0.012	0.3929	-0.2604	-0.2365	0.2928	-0.0761	-0.1088	0.1978	-0.1786	-0.0861	0.0438	-0.0594	-0.2032	0.2976	-0.1513	0.0575	-0.0442	0.0629	0.2503	-0.005	-0.2419	-0.2647	0.1213	-0.1297	-0.2742	0.1973	-0.2186	0.0964	-0.1502	-0.3828	0.1278	0.1057	-0.2359	-0.1163	-0.3257	0.2362	-0.1641	-0.2125	-0.0414	0.002	-0.0086	-0.1715	0.0773	-0.1722	0.0095	0.2539	-0.2473	0.0192	-0.2359	-0.1071	0.2821	-0.0828	-0.3459	0.1873	-0.3997	-0.2561	-0.3515	0.1048	-0.2264	0.3027	-0.0586	-0.3523	-0.0462	0.209	-0.0199	0.2865	-0.4355	-0.1168	0.0229	0.2837	-0.0052	0.3813	0.1351	-0.0849	-0.1504	0.1504	-0.0328	0.2542	0.2204	0.0224	0.2762	-0.1589	-0.0424	-0.1632	-0.2558	0.2214	-0.2724	-0.2549	-0.35	-0.1411	0.2893	-0.0079	0.1775	-0.1638	0.0726	-0.281	-0.1633	0.1131	-0.2594	-0.1431	-0.1302	0.0303	0.3175	0.1521	0.1982	-0.2479	-0.022	-0.2472	0.0636	0.1334	-0.3478	-0.2378	0.35	-0.0217	-0.1328	0.1157	-0.0757	0.2603	0.1482	0.1158	0.0418	0.1293	0.2999	0.088	0.1864	0.3171	-0.105	0.233	-0.0651	0.2609	0.1935	-0.3468	0.2271	0.2339	-0.2931	-0.197	-0.0488	-0.1681	-0.2199	0.0333	-0.1627	0.0252	0.4318	-0.1371	-0.1879	-0.2798	-0.0917	-0.2307	0.0135	-0.0932	0.2068	-0.215	0.2248	0.3542	0.3064	0.3969	-0.2507	0.1295	0.1729	-0.008	-0.1769	0.299	-0.3796	0.4274	0.24	0.331	-0.0262	0.0797	0.1832	0.301	0.0901	0.2569	-0.3181	-0.2435	0.1671	-0.0984	0.1875	1	-0.4685	-0.0017	-0.2189	0.1867	0.4066	0.364	0.012	0.0251	-0.159	-0.2552	0.1541	0.3484	0.1931	-0.1671
Sg_Z03_24	0.3018	-0.3042	-0.3833	-0.2796	-0.2845	-0.0988	-0.4485	-0.2084	-0.2782	-0.4085	-0.4268	0.3396	-0.2375	-0.2361	0.1674	-0.1604	0.0667	-0.2427	-0.1352	-0.2995	-0.03	-0.3839	-0.441	-0.4785	-0.2348	0.2957	-0.2846	0.024	0.3108	0.2749	-0.3891	-0.0089	-0.4604	-0.5276	-0.1144	0.3053	-0.5562	0.2822	-0.4594	-0.0423	0.1356	0.2194	0.4297	0.0567	-0.1489	0.4233	-0.1395	0.4373	0.0731	0.0501	-0.0498	-0.5246	0.1191	-0.4783	0.0306	-0.3733	-0.4807	-0.2975	0.0019	-0.2592	0.0482	0.4436	0.2179	-0.3748	-0.1835	0.2507	-0.17	0.3242	-0.5215	-0.5943	0.48	-0.2504	-0.0969	0.2357	0.4288	0.4074	-0.2542	-0.5682	0.4108	0.2181	0.2518	0.1544	-0.4809	0.2437	0.3488	-0.1847	-0.4208	0.2002	-0.0905	0.1693	-0.173	0.1482	-0.2439	0.3713	0.2741	0.3748	-0.2338	0.3694	0.0595	0.1611	0.2212	0.2123	-0.2235	0.183	0.2298	-0.2717	0.1222	0.4129	0.4752	0.1266	-0.1675	0.279	-0.1518	0.4649	-0.0381	0.2806	0.2229	0.5084	0.0832	0.1182	0.4558	-0.2464	-0.5582	-0.1042	0.4308	-0.5022	0.2795	0.4109	0.2628	0.436	0.1097	-0.5908	0.1245	-0.481	-0.2654	0.5672	-0.0369	0.0521	-0.2142	-0.4847	0.4559	0.2694	-0.4878	-0.0859	-0.0835	-0.5694	0.0934	-0.2282	-0.4858	-0.1561	0.1451	-0.0274	-0.0199	-0.1479	0.4142	0.3855	-0.1578	-0.3229	0.3752	0.1905	-0.0351	-0.0576	0.2072	-0.2487	0.5425	-0.3225	0.2022	0.2534	0.1668	-0.371	0.3949	-0.0282	0.4495	0.1525	0.1808	0.3515	0.3993	-0.0749	0.4935	0.4	0.0025	0.4285	0.1481	-0.2895	0.356	0.2115	0.3956	-0.0066	-0.3881	-0.1083	0.4961	-0.1157	0.7571	0.1249	0.3345	-0.0806	0.2174	-0.4657	-0.1859	0.2361	-0.3196	-0.5563	0.0478	-0.4446	0.4574	0.3547	-0.1533	-0.2105	-0.055	-0.4614	-0.2005	-0.0117	0.137	-0.4986	-0.125	-0.4111	-0.4176	0.3123	-0.4332	0.1503	-0.0348	0.2497	0.3476	-0.4118	0.4166	0.321	0.4585	0.103	-0.4205	-0.1389	-0.3699	0.0466	0.1168	0.3124	0.5325	0.1629	0.3741	-0.0669	0.2349	0.0387	-0.0383	0.2323	-0.5135	0.3476	-0.0526	0.4216	0.0673	0.197	0.3305	0.4321	-0.2759	-0.0771	0.1727	-0.2347	-0.05	-0.3142	-0.2028	-0.1228	0.0425	-0.1667	-0.6135	-0.225	0.0087	-0.531	0.0369	-0.5045	0.261	-0.2495	0.22	0.4524	-0.4059	-0.3166	0.3463	0.4403	-0.1884	0.0042	0.2243	-0.0911	0.3004	0.1995	-0.4235	0.3109	0.3344	0.1607	-0.0019	0.219	0.1981	-0.2061	0.0261	0.0555	-0.2685	-0.3888	-0.4661	-0.3896	0.1934	-0.3098	-0.4501	-0.0595	0.0656	-0.5447	0.5138	-0.5481	-0.3247	-0.5208	-0.0562	-0.0723	-0.3426	-0.3692	-0.1286	0.0343	0.231	0.328	-0.1673	0.2971	0.0621	-0.4685	1	0.3536	0.1899	-0.5321	-0.3654	-0.4427	-0.3325	0.3513	0.1071	0.3733	0.1768	-0.4964	-0.0598	0.5626
Sg_Z06_28	-0.0726	-0.2651	-0.0272	0.2227	0.0968	0.5605	-0.053	0.5533	0.012	-0.0379	-0.1336	-0.0024	-0.2957	-0.2853	0.3294	0.0725	0.0416	-0.1453	-0.2208	-0.2863	-0.0883	0.0549	0.2605	-0.2278	0.2801	-0.0606	-0.1148	0.3617	0.1402	-0.0596	0.224	0.2142	0.2454	-0.1459	-0.1328	-0.0233	-0.1987	-0.1936	-0.1616	0.4871	0.2749	0.0716	-0.2031	-0.1475	-0.3395	0.4465	0.3402	-0.1696	0.4904	0.472	0.4898	-0.0681	0.5898	-0.1756	0.5616	-0.2145	0.0379	0.1387	-0.155	-0.2048	-0.3105	-0.2077	-0.1054	0.1997	-0.0464	-0.2625	-0.2093	-0.1439	-0.1312	-0.1545	-0.243	-0.1308	-0.4325	-0.0546	-0.0778	-0.1086	-0.0091	-0.2615	-0.179	-0.0289	0.5561	-0.2366	-0.1305	0.1818	0.0098	0.0225	-0.1595	-0.1342	-0.0163	-0.1564	0.0407	0.3948	-0.036	0.5169	-0.0334	0.342	-0.2201	-0.022	0.6513	0.3229	0.4457	0.3345	0.411	-0.1634	-0.0978	-0.3121	0.5227	0.0152	0.1229	0.4108	0.4473	0.0929	0.26	-0.2203	0.3994	-0.125	-0.1502	-0.1341	0.5361	0.6022	-0.1302	-0.1394	-0.2463	-0.1674	-0.1185	-0.0128	0.0611	-0.1363	-0.0159	-0.2099	-0.18	0.03	-0.0673	-0.3698	-0.1987	0.1439	-0.1602	0.5591	-0.0627	0.2955	-0.1538	-0.0752	-0.058	-0.2188	0.0016	-0.2108	-0.2527	-0.4659	-0.1488	-0.2092	-0.1863	0.6663	-0.1875	-0.225	0.3653	0.4876	0.1421	-0.2855	-0.1468	-0.0423	-0.1315	-0.0338	-0.036	0.1837	0.3722	-0.2836	-0.0962	-0.1771	0.4681	-0.0418	-0.1876	-0.2177	-0.0312	0.6491	0.0029	-0.0886	0.0395	0.1276	0.3654	0.2295	0.2447	0.1729	0.1293	0.2703	-0.3468	0.3378	-0.0573	-0.0967	0.0948	-0.1304	-0.035	0.2815	0.465	-0.169	0.0384	-0.1177	-0.1753	-0.0237	-0.2295	-0.2805	-0.482	-0.2091	-0.089	-0.1304	-0.223	0.4005	-0.016	-0.0634	-0.1152	0.1527	-0.0085	-0.0894	-0.0408	-0.1785	-0.2258	-0.2833	-0.1767	0.7277	0.2231	-0.2512	-0.2177	0.0344	-0.1749	-0.2438	-0.2661	-0.2124	-0.1626	-0.2371	-0.2888	-0.2949	-0.3668	-0.0851	-0.0465	0.0735	0.311	0.1865	-0.0225	-0.2007	0.1442	-0.046	0.6462	0.6744	-0.2689	-0.0457	0.1509	-0.2379	-0.0005	0.6574	-0.2965	0.0292	-0.1858	-0.116	-0.1485	-0.0157	-0.2202	-0.0031	-0.1281	-0.0695	-0.2164	0.0065	-0.1226	0.1949	0.1937	-0.2192	-0.1792	-0.2618	-0.1954	-0.023	0.4395	-0.0462	0.231	-0.0309	-0.0811	0.0271	-0.2205	-0.0523	-0.1992	-0.0142	0.0754	0.4621	0.112	0.0831	-0.2301	-0.2351	-0.396	0.0164	0.0481	-0.2419	0.4983	-0.0765	-0.2944	0.1958	-0.0631	0.0894	-0.1775	-0.2491	-0.1474	-0.1497	-0.2062	-0.017	0.0211	-0.0828	0.2048	0.026	0.1779	0.0381	0.0232	-0.1787	0.0416	0.4841	-0.0808	-0.0109	0.3012	0.2193	0.4637	-0.0017	0.3536	1	-0.2175	-0.3248	-0.0407	-0.0106	-0.307	0.6213	-0.2928	-0.1307	0.5428	0.1697	0.178	0.1509
Sg_Z07_36	0.3781	-0.0836	-0.2194	-0.4417	-0.1529	-0.3639	-0.2793	-0.3351	-0.2824	-0.2259	-0.2973	0.0808	-0.069	0.1873	-0.0895	-0.2033	-0.0141	-0.0468	-0.1184	-0.1221	0.1218	-0.4221	-0.4649	-0.1202	-0.3326	0.1681	-0.1784	-0.2176	0.1655	0.1302	-0.3432	0.0806	-0.4418	-0.4179	0.1354	0.1621	-0.1876	0.1809	-0.0348	-0.1557	0.0142	0.2202	0.4747	0.3191	0.0102	0.0635	-0.2248	0.5905	-0.0658	-0.0962	-0.2475	-0.1591	-0.1286	-0.3437	-0.2595	0.066	-0.3935	-0.3443	0.2526	0.0915	0.0425	0.3355	0.1598	-0.2479	-0.2103	0.5372	-0.1	0.5241	-0.2694	-0.2319	0.3139	-0.1471	0.1297	0.3225	0.3049	0.1894	0.0289	-0.1961	0.3598	0.5193	0.0178	0.5723	-0.2796	0.3018	0.035	-0.1266	-0.0329	-0.1662	-0.0087	0.3479	-0.183	-0.2599	0.0863	-0.0423	0.1911	0.163	0.1312	0.2677	-0.2367	-0.0421	-0.2164	0.0879	-0.3844	0.262	0.1305	-0.141	-0.1299	0.0941	0.4013	-0.1553	-0.3564	0.0643	-0.2911	0.5713	-0.1583	0.1666	0.4829	0.6301	-0.3507	-0.3856	0.6301	-0.1608	-0.2296	-0.2098	0.3591	-0.3559	0.1521	0.5252	0.1512	0.6034	0.1284	-0.5128	0.1728	-0.1421	0.0219	0.1805	-0.2241	-0.2889	-0.0366	-0.4633	0.5111	-0.0458	-0.3275	0.0156	0.0694	-0.2795	-0.0724	0.2341	-0.1856	-0.0101	0.0077	-0.2501	-0.2801	0.1703	-0.0569	-0.0386	-0.1422	-0.119	0.1402	0.032	-0.0253	-0.1742	0.2652	-0.4031	-0.0288	0.2282	0.4269	0.387	-0.2317	-0.0629	0.1781	-0.0725	0.375	-0.1269	-0.0332	0.0608	0.3807	0.1078	0.069	-0.0224	-0.0693	0.0519	-0.1502	-0.2859	0.2996	0.3026	0.396	0.2481	-0.3131	-0.1572	0.0942	-0.4562	0.1793	-0.0956	0.4033	0.0986	-0.0861	-0.3188	-0.1764	0.2079	0.3187	-0.3134	0.1437	-0.0736	0.3004	0.1976	-0.3111	-0.1378	-0.1954	-0.3697	-0.0802	-0.1771	0.2421	-0.341	-0.0411	-0.222	-0.2293	-0.0143	-0.4046	0.2467	0.1432	0.2778	0.5947	-0.0635	0.369	0.5032	0.5745	-0.0054	-0.1291	-0.0669	0.1236	-0.0386	0.1065	0.3952	-0.0021	0.2697	0.3102	-0.0615	0.2253	-0.0147	-0.2645	-0.1436	-0.1843	0.0461	0.0009	0.4796	0.111	-0.128	0.6441	0.5498	-0.0248	-0.1435	0.1301	-0.21	0.2868	0.0028	0.0539	-0.069	0.2296	-0.2831	-0.4305	-0.2917	-0.3762	-0.1081	-0.1913	-0.2753	0.1337	0.0652	0.027	0.6296	-0.412	-0.0053	0.2433	0.1127	-0.1028	-0.0791	-0.005	0.0057	0.2908	-0.0258	-0.3345	0.3161	0.2652	0.1687	0.1077	0.069	0.1042	-0.0858	-0.3594	-0.2804	0.0099	-0.5401	-0.1909	-0.1755	0.1374	-0.0983	-0.2623	0.1522	-0.1079	-0.3923	0.1319	-0.2865	-0.3968	-0.4317	-0.2467	-0.0298	-0.543	-0.1525	-0.331	-0.0777	0.0513	0.1667	-0.4031	-0.0141	-0.1469	-0.2189	0.1899	-0.2175	1	-0.2537	-0.1108	-0.252	-0.032	-0.2706	-0.0021	0.1706	-0.2254	-0.4021	-0.2267	0.3506
Sg_Z07_42	-0.4631	0.673	0.399	0.3529	0.2306	-0.136	0.3679	-0.0952	0.5734	0.3887	0.4607	-0.4937	-0.0698	0.3026	-0.4256	0.1603	0.1627	0.3832	-0.1438	0.0014	0.2582	0.2759	0.2592	0.4279	0.4267	0.0103	0.2917	0.0023	-0.5326	-0.4102	0.2605	-0.1943	0.206	0.8349	0.3334	-0.5244	0.7471	-0.3618	0.3597	-0.1421	-0.1612	-0.1554	-0.3723	0.1602	0.4595	-0.4193	0.0145	-0.4358	-0.248	-0.2312	0.0693	0.4102	-0.1612	0.5135	-0.1749	0.4126	0.4432	0.2138	0.0192	0.3184	0.0858	-0.3664	-0.2073	0.2302	-0.117	-0.2687	0.3095	-0.266	0.4599	0.602	-0.2911	-0.0802	0.4306	-0.1393	-0.2395	-0.1787	0.4187	0.5714	-0.1493	-0.1688	-0.4043	-0.1129	0.7857	-0.0068	-0.0813	0.1922	0.3946	-0.0277	0.1405	-0.2756	0.2729	-0.4234	0.3722	-0.5294	-0.3326	-0.4247	0.1849	-0.1353	-0.0819	-0.2971	-0.3403	-0.2156	0.251	-0.214	-0.4419	-0.0234	-0.3176	0.0044	-0.5689	-0.3656	-0.0251	-0.3137	-0.1553	-0.3569	-0.3298	-0.3943	-0.2257	-0.4686	-0.1797	-0.2139	-0.4076	0.3123	0.6043	-0.1021	-0.3159	0.3148	-0.247	-0.4208	-0.2684	-0.2687	0.0488	0.6548	-0.0241	0.6298	0.3885	-0.4648	-0.1169	-0.2271	0.6062	0.3375	-0.3599	-0.0779	0.7825	-0.1908	0.2628	0.5049	0.1118	0.1922	0.3467	-0.1604	-0.0187	-0.2785	0.1997	-0.077	-0.4167	-0.5485	0.2411	0.0006	-0.1055	-0.2913	0.1619	-0.1706	-0.3414	0.2068	-0.3399	0.0903	-0.1828	-0.4146	-0.3705	0.4496	-0.1183	-0.247	-0.2925	-0.3171	0.0216	-0.1039	-0.5923	-0.0597	-0.2951	-0.5717	0.0352	-0.4133	0.099	0.1325	-0.1605	-0.2949	-0.5368	-0.0036	0.5793	-0.1303	-0.2505	0.0071	-0.5236	0.1321	-0.3821	0.0291	0.1039	0.4462	-0.0863	-0.3707	0.2267	0.9143	0.0673	0.2805	-0.1858	-0.5835	0.2454	0.1338	0.3501	0.5593	0.2105	-0.2477	-0.0891	0.912	-0.1525	0.7349	0.8168	-0.2622	0.4051	0.1333	0.1838	-0.3914	-0.3968	0.5083	-0.2059	-0.2595	-0.4823	0.1437	0.6248	0.4744	0.306	-0.3047	-0.0223	-0.2785	-0.3531	-0.4076	-0.0724	-0.1631	-0.1171	0.186	-0.2303	-0.2464	0.8471	-0.1252	-0.2195	-0.3003	0.0547	-0.2628	-0.223	-0.5524	0.3945	0.0573	-0.34	0.4341	0.1663	0.3456	0.0595	0.1435	-0.2394	0.3192	0.8823	0.1364	0.1366	0.5579	0.1854	0.6612	-0.2677	0.2793	-0.3716	-0.4275	0.4612	0.1478	-0.0846	-0.2819	-0.0932	-0.1736	-0.025	0.2286	-0.249	-0.5117	0.3725	-0.3155	-0.186	-0.2664	0.4555	-0.0542	-0.1664	-0.1172	-0.0241	-0.005	0.6404	0.3934	0.2983	0.4846	-0.3478	0.5616	0.6957	0.0064	0.164	0.7945	-0.3125	0.6057	-0.0182	0.6451	-0.0843	0.2308	0.4143	0.6064	0.2721	-0.1897	-0.365	-0.3002	0.1361	-0.149	-0.1629	0.1867	-0.5321	-0.3248	-0.2537	1	0.2652	0.3653	0.6034	-0.5215	0.0882	-0.1511	-0.155	0.466	0.1748	-0.5077
Sg_Z09_20	-0.4138	0.254	0.0909	0.0996	0.0519	0.0823	0.0325	0.2532	0.3037	0.0235	0.3269	-0.2241	-0.1419	0.1425	-0.1853	0.1052	0.2437	0.2454	-0.2518	-0.1159	0.2361	0.2439	0.098	0.1724	0.211	0.1097	0.1833	-0.0126	-0.0908	-0.2234	0.2011	-0.1099	0.1536	0.3321	0.3505	-0.2588	0.4194	-0.2155	0.1761	0.0304	-0.1435	0.0448	-0.1681	0.1686	0.2622	-0.3498	-0.1166	-0.2868	-0.0302	0.1034	0.1764	0.1254	0.0236	0.1185	0.1593	0.3537	0.1825	0.0209	0.2269	0.4888	-0.4302	-0.2336	-0.0966	0.0162	-0.1467	-0.2262	0.3878	-0.0734	0.033	0.2195	-0.1089	-0.1249	0.0588	-0.1079	-0.1481	-0.0432	0.1105	0.3303	-0.1735	-0.1647	-0.1266	-0.1123	0.3721	0.0526	-0.2011	0.0489	-0.0227	-0.2586	-0.0391	-0.2644	0.2797	-0.0864	0.6575	-0.2895	-0.114	-0.1041	0.1831	-0.2283	0.0889	-0.2095	0.022	0.1487	0.1767	0.0552	-0.1709	-0.1959	-0.0268	-0.1347	-0.2181	-0.154	0.1007	-0.3822	0.2984	0.0028	-0.0187	-0.2253	-0.0405	-0.0796	0.2314	0.1122	-0.2451	0.4774	0.3405	-0.2471	-0.2833	0.1044	-0.1229	-0.275	-0.173	-0.1953	0.4547	0.4316	-0.0753	0.102	0.4618	-0.1751	-0.3436	0.027	0.3323	0.1938	-0.0826	-0.5188	0.2924	-0.2358	0.2632	0.2746	-0.4042	-0.0771	-0.0923	-0.1928	-0.5491	0.1548	-0.4388	-0.0009	-0.1855	-0.0626	0.3117	-0.1477	0.1142	-0.1189	0.2868	-0.2275	-0.1857	0.0247	-0.4058	0.0481	-0.1002	-0.3638	-0.208	0.4381	0.0506	-0.3037	-0.1322	0.0254	0.1691	-0.3967	-0.1603	0.1812	-0.198	-0.4637	-0.024	-0.3044	-0.2634	0.0461	0.0147	-0.0534	-0.4157	0.2594	0.3057	-0.1864	-0.0831	-0.0626	-0.3869	-0.5682	-0.2691	0.4415	-0.4506	0.1581	-0.2309	-0.2106	0.08	0.3322	0.1241	0.1347	-0.1511	-0.2038	-0.0176	0.6756	0.1786	0.5053	0.0749	-0.2895	-0.1217	0.2933	-0.245	0.061	0.3943	0.0352	0.0971	0.0177	0.4802	0.0107	-0.1819	0.5659	-0.0801	0.0051	-0.1537	-0.3889	0.3001	0.1142	0.2949	-0.1915	0.4859	-0.0359	-0.3633	-0.1874	-0.1077	-0.2828	-0.021	0.2543	0.1609	0.0564	0.2198	-0.1206	0.1519	-0.1326	0.3885	0.0337	-0.0989	-0.2257	0.4867	0.0927	-0.1919	0.2603	0.1763	0.3851	0.7142	0.1148	-0.0324	0.1111	0.3617	0.0052	0.0027	0.1562	-0.4655	0.1847	0.2085	0.4558	0.0815	-0.2906	0.2918	0.4868	-0.1217	-0.0637	-0.1909	-0.1986	-0.4643	0.2588	0.1015	-0.0692	0.2768	-0.2181	-0.0341	-0.1618	-0.194	0.1048	-0.0558	-0.1613	0.0337	-0.3323	0.1681	0.1579	0.1733	0.1866	-0.1393	0.1728	0.2614	0.5628	-0.392	0.3322	-0.1189	0.2669	0.0389	0.382	-0.0061	0.4413	-0.0064	0.2594	-0.0203	0.1291	-0.228	-0.3582	0.1268	-0.1977	0.1325	0.4066	-0.3654	-0.0407	-0.1108	0.2652	1	0.6699	0.0851	-0.2269	-0.4562	-0.1226	0.0711	0.1847	0.171	-0.197
Sg_Z10_1	-0.4472	0.3833	0.2149	0.2604	0.1202	0.2645	0.1417	0.4092	0.3748	0.3338	0.4599	-0.3011	-0.0323	0.1801	0.0245	0.1883	0.0532	0.3177	-0.1491	0.0156	-0.0341	0.5075	0.3085	0.2607	0.1966	-0.0195	0.2932	0.2232	-0.2205	-0.3325	0.2714	-0.0525	0.3205	0.4141	0.0568	-0.2709	0.4309	-0.258	0.225	0.0938	-0.0248	-0.0932	-0.3555	-0.1202	0.1124	-0.2804	0.0686	-0.4518	0.0151	0.0802	0.2853	0.1832	0.0898	0.2586	0.2361	0.3295	0.3317	0.3518	0.0104	0.3646	-0.3483	-0.4959	-0.1748	0.2713	-0.0629	-0.3313	0.1304	-0.1906	0.262	0.2912	-0.2536	0.0228	0.0504	-0.4161	-0.2556	-0.1882	0.2165	0.3636	-0.2789	-0.399	-0.1307	-0.2895	0.4654	0.0129	-0.1183	0.0579	0.138	-0.1074	-0.1259	-0.3614	0.3971	0.0002	0.447	-0.2685	-0.2964	-0.2039	0.2557	-0.4209	0.1488	-0.2437	0.088	0.065	0.4437	-0.1025	-0.2376	-0.0515	-0.0065	-0.2243	-0.3696	0.0493	0.2511	-0.3469	0.3335	-0.3157	0.0808	-0.2235	-0.2328	-0.3782	0.1861	0.1761	-0.4747	0.1936	0.3745	-0.128	-0.323	0.5072	-0.222	-0.4491	-0.1358	-0.382	0.0798	0.5184	-0.1737	0.3106	0.3982	-0.3053	-0.1503	0.0835	0.3591	0.4153	-0.2775	-0.4206	0.4671	-0.2298	0.0932	0.4503	-0.2281	-0.0264	0.0057	-0.211	-0.3931	0.25	-0.215	0.0161	-0.1864	-0.0676	0.3013	-0.0048	-0.1637	-0.1558	0.2145	-0.0172	-0.2535	0.1257	-0.1321	0.1219	-0.1216	-0.3911	0.1096	0.1615	-0.1811	-0.2641	-0.2904	0.0769	0.1361	-0.3496	-0.2742	0.1573	-0.1584	-0.3443	0.1272	-0.3422	-0.1899	0.2749	-0.2041	-0.1264	-0.427	0.0265	0.5318	-0.007	-0.1807	0.195	-0.3132	-0.3147	-0.3867	0.1836	-0.2908	0.3135	-0.1336	-0.2791	0.1041	0.5102	-0.1119	-0.0067	-0.2494	-0.3007	0.0121	0.3491	0.2174	0.6199	0.1603	-0.0973	-0.2644	0.424	-0.1974	0.2108	0.435	0.0882	0.3939	-0.0949	0.1701	-0.2291	-0.3329	0.4071	-0.194	-0.1549	-0.4082	-0.265	0.429	0.1724	0.1038	-0.1599	0.0905	-0.3155	-0.236	-0.2066	-0.1875	-0.1527	-0.2193	0.07	0.2473	0.0588	0.3931	-0.2304	-0.0039	-0.2912	0.1335	0.0864	-0.2398	-0.2423	0.3425	0.1494	-0.229	0.3852	-0.2262	0.4304	0.3097	0.1918	-0.2176	0.2175	0.5228	0.1367	0.2247	0.2895	-0.189	0.4929	-0.1292	0.1944	-0.0298	-0.4829	0.5069	0.2249	-0.2328	-0.261	-0.0938	-0.2646	-0.366	0.1826	-0.1177	-0.1218	0.5112	-0.3713	-0.3065	-0.1687	-0.0878	-0.0944	-0.1746	-0.0285	0.1601	-0.1633	0.1847	0.3624	0.2368	0.3612	-0.2003	0.3722	0.4203	0.2136	-0.2204	0.6167	-0.2671	0.4605	0.4115	0.5183	0.1374	0.3506	0.3541	0.2627	0.1811	0.2204	-0.2482	-0.2521	0.1894	-0.2554	0.1259	0.364	-0.4427	-0.0106	-0.252	0.3653	0.6699	1	0.2848	-0.157	-0.3403	-0.2658	0.1937	0.4077	0.206	-0.2887
Sg_Z12_45	-0.1582	0.4847	0.3242	-0.045	0.1984	-0.3437	0.2674	-0.2181	0.278	0.229	0.5681	-0.3442	0.0321	0.4252	-0.3488	0.0767	-0.0318	0.3626	-0.0058	0.0982	0.1249	-0.0192	-0.1006	0.3995	0.126	-0.0982	0.1501	-0.2397	-0.4619	-0.2733	-0.0541	-0.2632	-0.0809	0.4548	0.1065	-0.3012	0.491	-0.1053	0.4098	-0.2666	-0.1803	-0.1403	-0.047	0.0864	0.4609	-0.4764	-0.0689	-0.2311	-0.3379	-0.3806	-0.0866	0.3765	-0.3151	0.3675	-0.3588	0.2138	0.1112	-0.0513	0.0988	0.3686	0.3085	-0.1029	-0.0892	0.0179	-0.0467	0.0977	0.1816	-0.2148	0.2281	0.2969	0.0681	-0.0506	0.5747	-0.0801	0.048	0.1068	0.2877	0.5136	0.1955	-0.1122	-0.3956	-0.0322	0.4443	-0.0601	-0.0163	-0.0122	0.2508	0.0639	-0.0889	-0.0138	-0.0641	-0.4707	0.2448	-0.599	-0.2694	-0.3865	0.0578	-0.1985	-0.3779	-0.2822	-0.3762	-0.1785	0.0117	-0.2948	-0.1682	0.0632	-0.3019	0.0405	-0.4991	-0.314	-0.2434	-0.1193	-0.3146	-0.1167	-0.5096	-0.1002	-0.2079	-0.1688	-0.382	-0.3562	-0.1685	0.105	0.484	0.0084	-0.3408	0.2122	-0.1165	-0.163	-0.2375	-0.0765	-0.0804	0.1582	-0.0175	0.6866	0.1702	-0.2339	-0.0316	-0.4058	0.573	0.054	-0.1799	0.2366	0.4536	-0.0282	0.1898	0.4501	0.3259	0.4925	0.1974	-0.0477	0.2362	-0.3856	0.2292	0.041	-0.2557	-0.4685	0.0381	0.1214	-0.0404	-0.1892	0.1814	-0.1042	-0.0372	-0.1622	-0.2107	0.3565	-0.0862	-0.1363	-0.3932	0.2535	0.073	-0.1143	-0.0643	-0.4101	0.1237	0.0741	-0.2518	-0.0414	-0.1385	-0.4992	-0.0804	-0.2954	-0.1289	-0.0514	0.1016	-0.2192	-0.3639	0.0202	0.2031	-0.0378	-0.0943	-0.3109	-0.3797	0.285	-0.3611	0.1144	0.2019	0.1251	0.0374	-0.0418	0.502	0.5773	0.0653	0.2925	0.1695	-0.5254	0.154	-0.1663	0.1949	0.1912	0.2177	-0.0897	-0.2145	0.6084	-0.0859	0.399	0.4558	-0.332	-0.0212	0.0373	0.0853	-0.3493	-0.2243	0.347	0.126	-0.1679	-0.2902	0.3046	0.4768	0.406	0.2467	0.0025	-0.0957	-0.1837	-0.1663	-0.3277	0.0015	-0.0359	-0.1999	0.0318	-0.3469	-0.4925	0.6443	0.122	-0.3592	-0.0725	0.1801	-0.4941	-0.0425	-0.2549	0.2723	-0.0706	-0.0874	0.2869	0.0885	0.1836	-0.0437	0.0136	-0.196	0.219	0.5187	-0.0544	-0.0715	0.629	0.2793	0.8517	-0.2328	0.256	-0.5256	-0.2033	0.1769	-0.0043	0.0762	-0.0767	0.0025	0.0236	0.2336	0.3136	-0.1985	-0.495	0.0853	-0.1964	-0.0967	-0.015	0.3827	-0.0559	-0.1558	-0.0368	-0.2997	0.0081	0.4554	-0.0261	0.3968	0.1742	-0.0705	0.3624	0.4328	-0.0299	0.2084	0.4492	-0.1715	0.4495	-0.096	0.1799	-0.1789	0.0903	0.1828	0.3842	0.1443	-0.2704	-0.2011	-0.16	-0.013	-0.2748	-0.3812	0.012	-0.3325	-0.307	-0.032	0.6034	0.0851	0.2848	1	-0.544	0.2662	0.048	-0.4048	0.1156	-0.014	-0.2133
Sg_Z14_36	0.1131	-0.4958	-0.1518	0.143	0.0017	0.6438	-0.1697	0.5684	-0.1375	0.0191	-0.2871	0.3475	-0.0644	-0.4865	0.5715	0.1567	-0.2147	-0.3774	0.0332	-0.0526	-0.3093	0.0243	0.2161	-0.3093	0.0007	-0.2439	-0.136	0.332	0.3866	0.1827	0.1546	0.1995	0.1685	-0.3979	-0.3186	0.2527	-0.5113	0.0405	-0.2405	0.5145	0.3537	0.0279	-0.2035	-0.2657	-0.4574	0.6317	0.4326	-0.138	0.5939	0.5952	0.4426	-0.2049	0.5024	-0.1658	0.6392	-0.219	-0.0651	0.1868	-0.2485	-0.3312	-0.2541	0.0186	0.0974	0.0551	0.1701	-0.226	-0.2346	-0.1613	-0.1286	-0.2977	-0.1196	0.0057	-0.6515	-0.1107	-0.2087	-0.0765	-0.2198	-0.3494	-0.2215	-0.147	0.6999	-0.2636	-0.4666	-0.1626	-0.0353	-0.0285	-0.1309	-0.1047	-0.1084	-0.1921	0.04	0.4902	-0.3678	0.6984	0.1544	0.4323	-0.2104	-0.0682	0.6377	0.4122	0.5457	0.281	0.2289	-0.2092	0.172	-0.0442	0.6034	-0.1912	0.1991	0.4952	0.5221	0.2276	0.4274	-0.2032	0.6154	0.1004	-0.1637	-0.1715	0.541	0.7371	-0.1639	-0.233	-0.318	0.0755	-0.0968	0.0274	0.0896	-0.1341	0.0727	-0.3307	-0.1419	-0.0579	-0.2801	-0.5719	-0.4269	0.1861	0.1183	0.7134	-0.4378	0.1427	-0.1961	-0.0888	-0.3481	-0.012	-0.2865	-0.3048	-0.241	-0.4053	-0.2427	-0.0174	-0.1711	0.7591	-0.1677	-0.0367	0.3315	0.6738	-0.0166	-0.0881	-0.1691	0.1188	-0.2458	0.1692	0.0326	0.2276	0.4499	-0.2914	-0.2134	-0.0647	0.7013	-0.3683	-0.1141	0.0601	-0.137	0.6954	-0.1701	-0.0826	0.0747	0.1175	0.3443	0.5438	0.3205	0.1788	0.0033	0.2833	-0.1938	0.2495	0.1475	-0.3883	-0.0526	0.0904	0.0884	0.3582	0.4137	-0.2193	0.0418	-0.1955	-0.1278	-0.1972	0.0336	-0.0224	-0.5349	-0.4807	-0.2198	-0.216	-0.2112	0.4216	0.1296	-0.0579	-0.2842	-0.0895	-0.1292	0.1719	-0.0555	-0.416	0.0091	-0.4461	-0.4911	0.5903	0.1439	-0.2605	-0.3115	0.0212	-0.1996	-0.4107	-0.1395	-0.327	-0.0906	-0.2579	-0.3239	-0.4459	-0.3921	0.203	-0.0732	-0.1459	0.2517	0.2373	-0.1757	0.0468	-0.0864	-0.1554	0.7368	0.6606	-0.5133	-0.0724	0.2104	-0.1147	-0.1465	0.7042	-0.3199	0.0258	-0.2622	0.0558	0.0864	-0.1495	-0.3541	-0.2093	-0.2376	0.0188	0.0944	-0.0115	-0.3319	0.1246	0.1524	-0.3851	-0.1355	-0.3687	0.044	-0.2881	0.6131	-0.0809	0.001	-0.119	-0.1153	0.1067	0.0154	0.2205	-0.1937	-0.2634	-0.1066	0.5954	-0.1074	0.086	-0.1611	-0.0003	-0.5398	-0.2364	-0.0686	-0.0191	0.6015	-0.0318	-0.4642	0.1504	-0.222	-0.1572	0.0669	-0.4017	-0.4248	-0.1338	-0.1896	-0.2643	0.1063	-0.2848	0.3815	-0.2237	0.1878	-0.1544	-0.0352	-0.3336	0.1131	0.5891	0.147	0.0866	0.1485	0.1078	0.5284	0.0251	0.3513	0.6213	-0.2706	-0.5215	-0.2269	-0.157	-0.544	1	-0.2367	-0.0227	0.6256	0.0209	0.0415	0.2191
Sg_Z14_45	0.1639	-0.0295	0.0457	-0.314	-0.0425	-0.4665	0.0637	-0.5132	-0.0294	-0.0725	-0.0503	0.0017	0.0046	0.0825	-0.3253	0.0836	-0.0912	0.0942	0.0596	0.0741	-0.1107	-0.1933	-0.134	-0.1029	-0.0713	0.0189	-0.1346	-0.1866	-0.069	0.0312	-0.2221	-0.1265	-0.2529	-0.08	-0.176	0.0375	-0.0497	0.1906	-0.039	-0.2181	-0.096	-0.1798	0.1662	-0.1335	0.2757	-0.1189	-0.1193	0.0176	-0.3062	-0.3888	-0.3884	0.1166	-0.1959	0.0389	-0.4273	-0.1807	-0.0719	-0.1843	0.0147	0.0139	0.9191	0.2217	0.0445	-0.1818	-0.1201	0.4174	-0.0875	-0.0023	0.0979	-0.1566	0.2109	0.088	0.3224	0.1297	0.3102	0.169	0.0311	-0.01	0.2869	0.0526	-0.2654	0.1127	0.0255	-0.0432	0.3899	-0.0879	-0.0309	0.5495	0.1348	0.2019	-0.2557	-0.2101	-0.3018	-0.114	0.0107	-0.1293	-0.2017	0.1216	-0.4347	-0.12	-0.2523	-0.2534	-0.204	-0.1877	0.0797	0.1311	-0.2594	0.2526	-0.1105	-0.1198	-0.2767	0.221	-0.313	0.125	-0.3386	0.1183	-0.197	0.0539	-0.3894	-0.4227	0.12	-0.1	-0.035	0.082	0.0996	-0.0388	0.063	0.1353	-0.0213	0.0803	-0.2713	-0.1727	0.1257	0.3382	-0.2777	0.0194	0.0952	-0.4068	-0.0085	-0.1482	0.0434	0.7384	-0.0606	0.1052	-0.0806	-0.0203	0.932	0.3413	0.1006	0.0113	0.9179	-0.4807	0.8318	-0.1357	0.0435	-0.2918	-0.2789	0.0648	0.0422	0.0825	-0.1632	0.0383	0.0104	-0.2411	0.1973	0.2145	0.0714	0.2344	-0.1773	-0.2072	0.1484	0.0737	0.091	-0.439	-0.2125	0.7496	0.0555	-0.2393	-0.0291	-0.0135	-0.2571	-0.027	0.3913	-0.1688	0.0841	-0.2643	0.1055	-0.1008	-0.2	0.0329	0.0749	-0.1448	0.0488	0.831	0.0088	-0.1437	0.9119	-0.025	0.1048	0.2047	0.2994	0.0625	-0.035	-0.043	0.2926	-0.1796	-0.0013	-0.4178	-0.1032	-0.2763	0.1881	-0.0189	-0.0917	0.0993	0.0528	0.2951	0.0345	-0.3941	-0.2957	0.1482	-0.1621	-0.0192	0.0411	-0.2483	0.196	0.0036	0.0225	0.9221	-0.0027	0.2239	-0.1185	0.126	-0.3344	-0.1486	0.1717	0.0428	0.178	0.131	-0.2017	-0.103	-0.4674	-0.442	0.1953	0.3713	-0.1663	0.0736	-0.1937	-0.396	0.0515	0.032	-0.2499	-0.0706	0.1021	-0.2074	-0.0552	-0.2304	-0.2811	-0.1652	-0.0812	0.1741	-0.0243	0.0238	-0.0807	0.2309	0.8029	0.1273	-0.0741	-0.2651	-0.3686	0.059	-0.3284	-0.2647	0.2257	-0.0046	0.0238	0.1428	0.9167	0.0246	-0.1284	-0.2153	-0.1542	-0.1357	0.0856	0.152	0.5312	0.0195	0.0269	-0.0297	-0.2989	0.5302	0.2234	-0.1811	0.0299	-0.076	0.1721	0.2349	0.0273	-0.4072	0.8913	-0.0538	0.0198	-0.0756	-0.2839	-0.1848	-0.0706	-0.2343	0.2468	-0.0254	0.3611	-0.4431	0.1514	0.3028	-0.0978	0.0416	-0.3981	-0.159	0.1071	-0.2928	-0.0021	0.0882	-0.4562	-0.3403	0.2662	-0.2367	1	0.2164	-0.3123	-0.2005	-0.323	0.0172
Sg_Z14_58	0.2649	0.0831	-0.1196	-0.3597	-0.1065	-0.3216	-0.1913	-0.3506	-0.0147	-0.1261	-0.0151	0.2861	-0.2295	0.0481	-0.0174	0.0947	0.1551	-0.0117	-0.2115	-0.1051	0.1056	-0.4686	-0.5479	-0.0955	-0.3594	0.1008	-0.4824	-0.2563	0.1457	0.244	-0.4647	-0.1068	-0.3995	-0.1656	0.1181	0.1979	-0.1032	0.2985	-0.4052	-0.1074	0.0598	0.1194	0.4179	0.1247	0.3787	0.0446	-0.3093	0.2155	-0.1325	-0.0964	-0.2509	-0.3027	-0.2454	-0.1159	-0.1953	0.0103	-0.4566	-0.3281	0.1221	0.12	0.1634	0.3849	0.1168	-0.5377	-0.2534	0.1387	0.0849	0.2239	-0.358	-0.3016	0.6845	-0.1439	0.1741	0.1411	0.3429	0.6044	-0.0667	0.0128	0.4836	-0.0291	-0.1099	0.077	-0.1462	0.0992	0.2082	-0.3764	-0.351	0.1538	-0.1611	0.091	-0.2695	-0.152	-0.0948	-0.1449	0.1799	-0.0102	-0.2905	0.0519	-0.1892	-0.1842	-0.165	-0.0242	-0.3346	0.0327	0.2864	-0.1291	-0.2665	0.0729	0.0382	-0.1674	-0.3214	0.0649	-0.0148	0.3665	-0.2129	0.2844	-0.0171	0.3655	-0.2576	-0.1946	0.27	-0.0268	0.0125	-0.1643	0.0772	-0.3758	0.2094	0.2399	0.2152	0.2255	-0.0323	-0.3845	0.1256	-0.0421	-0.1066	0.5928	-0.0421	-0.1488	0.1327	-0.5327	0.1878	0.1763	-0.1896	-0.0515	0.0548	-0.1656	0.1509	-0.0123	-0.3092	-0.1989	0.2369	-0.2488	0.0427	-0.0897	0.0174	0.0309	-0.0775	-0.2291	0.595	0.1387	-0.0148	-0.1945	0.1177	-0.2624	0.0635	-0.1256	0.3732	0.0029	-0.1264	-0.242	0.8453	-0.1137	0.2167	-0.1891	-0.0803	0.289	0.2905	0.0387	0.0258	0.0166	-0.2553	0.2318	-0.1874	-0.3147	0.5951	-0.1414	0.1006	0.0688	-0.2776	-0.2341	0.5099	-0.3518	0.2258	0.1177	0.0035	0.0094	0.2207	-0.3373	-0.1925	0.2904	-0.0329	-0.1694	0.3495	-0.1462	0.5288	-0.0535	-0.0403	-0.2285	-0.0338	-0.2688	-0.0365	-0.1082	-0.1536	-0.1394	-0.1122	-0.2275	-0.0527	-0.1504	-0.5537	0.0979	0.1275	0.2806	0.143	-0.0714	0.6938	0.247	0.3956	0.1949	-0.1147	0.3139	-0.0636	0.1959	0.0081	0.2281	0.126	-0.0469	0.308	-0.1624	-0.108	0.1846	-0.3041	-0.1423	-0.1329	0.4709	-0.0711	0.3469	0.0287	-0.1276	0.2341	0.0335	0.0189	0.1831	0.2574	0.0775	0.0969	-0.2861	0.1143	0.098	0.3119	0.1612	-0.2144	-0.3184	-0.0968	-0.0568	0.0536	-0.1531	0.5699	0.0421	-0.0325	0.1441	-0.4056	-0.1396	0.4023	0.6254	-0.1235	0.109	0.2029	0.0487	0.0183	0.0323	-0.4041	0.0074	0.4302	0.3029	0.1834	0.05	-0.1577	-0.2835	-0.4123	0.0434	-0.0493	-0.2922	-0.1767	-0.283	0.2966	-0.0518	-0.1883	0.0896	0.1523	-0.1864	0.4345	-0.1165	-0.3731	-0.3512	-0.3476	0.1277	-0.2766	0.0867	-0.1105	-0.0534	0.2442	0.0579	-0.2148	-0.1582	-0.2215	-0.2552	0.3733	-0.1307	0.1706	-0.1511	-0.1226	-0.2658	0.048	-0.0227	0.2164	1	-0.0048	-0.5721	-0.2379	0.2465
Sg_Z15_39	-0.2117	-0.1799	0.2153	0.1263	0.0021	0.6551	-0.015	0.606	0.216	0.1317	-0.1948	0.142	-0.3268	-0.2192	0.4258	0.3071	-0.0731	-0.2157	-0.2945	-0.2234	-0.1014	0.0296	0.2185	-0.2206	0.0444	-0.2364	-0.0293	0.2484	0.1618	0.0192	0.1041	0.1385	0.1712	-0.1634	-0.0475	0.0306	-0.0003	-0.0714	-0.2161	0.4234	0.2719	0.1994	-0.3037	-0.1078	-0.3555	0.4519	0.4277	-0.2594	0.6828	0.6172	0.6945	-0.0859	0.5135	-0.0694	0.7171	0.0366	0.0373	0.2214	-0.1808	-0.057	-0.3401	-0.1341	-0.1644	0.1005	-0.1178	-0.3325	-0.1409	-0.1962	-0.022	-0.027	-0.2118	-0.165	-0.474	-0.182	-0.1611	-0.1984	0.1086	-0.1489	-0.2946	-0.2109	0.5075	-0.1954	-0.1	0.0034	0.0069	-0.0708	-0.0853	-0.3544	-0.0373	-0.4286	-0.0198	0.1274	-0.0262	0.4964	-0.0536	0.3611	-0.0514	-0.2318	0.7895	0.3077	0.3301	0.4295	0.3215	-0.2485	0.0181	-0.2717	0.4795	-0.2221	-0.0067	0.4561	0.446	-0.144	0.4253	-0.2589	0.5943	-0.0064	-0.1952	-0.2468	0.5064	0.7756	-0.2152	-0.0848	-0.1296	-0.2732	-0.2178	0.0856	0.0226	-0.3108	-0.1149	-0.3392	0.0201	0.1654	-0.2435	-0.3911	-0.1161	-0.0004	-0.2463	0.6909	-0.077	0.2148	-0.132	-0.2673	-0.004	-0.3276	-0.1089	-0.1283	-0.3433	-0.3507	-0.1637	-0.2862	-0.2565	0.6635	-0.2796	-0.1301	0.2118	0.4582	0.2317	-0.3018	-0.2508	-0.0168	-0.0041	-0.123	-0.2533	0.287	0.2899	-0.185	-0.134	-0.3043	0.4925	-0.088	-0.1059	-0.3285	-0.1715	0.6758	-0.2707	-0.1373	-0.1126	0.1351	0.1628	0.2198	0.3101	0.0238	0.065	0.2956	-0.2422	0.2748	-0.1263	-0.1828	0.1881	-0.1885	-0.0395	0.1696	0.3176	-0.3434	-0.1569	-0.1808	-0.2461	0.0075	-0.2915	-0.1864	-0.4391	-0.0686	-0.1339	-0.2285	-0.3606	0.2475	0.2281	0.1018	-0.2554	0.1849	0.0639	-0.1664	-0.1642	-0.0687	-0.2492	-0.1627	-0.0878	0.6898	0.231	-0.1096	-0.0464	-0.0572	-0.1744	-0.0653	-0.2117	-0.1977	-0.2263	-0.3073	-0.0407	-0.1728	-0.3548	0	0.0174	-0.0863	0.1431	0.2113	-0.1627	-0.2542	-0.1094	0.1241	0.6484	0.7268	-0.2213	-0.2799	0.2089	-0.1648	-0.0597	0.7081	-0.332	-0.059	0.116	0.0326	-0.01	0.1521	-0.3079	0.0626	-0.1192	-0.0666	0.0606	0.2316	0.0192	0.1201	0.1424	-0.0926	-0.2637	-0.2487	-0.0633	-0.0925	0.5884	-0.2144	0.1815	-0.0085	-0.2084	-0.0265	-0.2335	0.0211	-0.3334	-0.0883	-0.0051	0.3975	0.019	-0.1521	-0.0518	-0.0582	-0.2018	-0.2039	-0.1326	-0.2812	0.4941	-0.2528	-0.1284	0.1863	-0.0813	0.137	-0.0649	-0.1346	-0.1154	-0.0653	-0.2816	0.139	-0.1138	-0.0043	0.2545	0.0393	0.0508	0.1122	0.0001	-0.1372	0.054	0.7736	0.0753	-0.1568	0.1024	-0.1211	0.5142	0.1541	0.1768	0.5428	-0.2254	-0.155	0.0711	0.1937	-0.4048	0.6256	-0.3123	-0.0048	1	0.1124	0.0344	0.0927
Sg_Z15_51	-0.3492	0.2006	0.386	0.6848	0.4696	0.4498	0.3117	0.4988	0.2486	0.403	0.2743	-0.4589	0.0866	-0.124	0.136	0.0481	0.0077	0.2174	0.068	0.0794	-0.0729	0.665	0.7776	0.2583	0.5015	-0.0766	0.2604	0.4655	-0.4145	-0.4218	0.688	0.21	0.6348	0.5851	-0.0493	-0.5	0.4019	-0.5666	0.2497	0.1569	-0.0927	-0.0068	-0.6984	-0.226	-0.0953	-0.1103	0.4784	-0.447	0.1927	0.2438	0.3613	0.3599	0.2052	0.3445	0.2574	0.067	0.7594	0.6484	-0.1529	-0.0101	-0.2518	-0.6167	-0.3013	0.5227	0.2283	-0.4371	-0.014	-0.3083	0.4082	0.4634	-0.675	0.1427	-0.1528	-0.3038	-0.5107	-0.6782	0.2528	0.2796	-0.4669	-0.1516	0.0747	-0.2936	0.4284	-0.0393	-0.2422	0.2979	0.4325	-0.0397	0.1394	-0.2343	0.5263	0.1732	0.0755	0.0077	-0.3879	-0.2851	0.235	-0.1024	0.3057	-0.0039	0.1914	-0.1467	0.655	-0.0745	-0.5664	0.1166	0.2768	-0.1365	-0.2539	0.08	0.5248	-0.1412	0.2622	-0.5912	0.2591	-0.5596	-0.1808	-0.5699	0.2165	0.2849	-0.5053	0.069	0.3269	0.1283	-0.2382	0.577	-0.1837	-0.5604	-0.0181	-0.4359	-0.2455	0.7755	-0.2322	0.1338	0.3196	-0.4946	0.0817	0.1964	0.1531	0.7661	-0.5086	-0.1843	0.4292	-0.0613	0.0302	0.3869	-0.1471	-0.1784	0.2931	-0.0279	-0.2618	0.2609	0.1052	-0.1154	-0.1024	-0.1334	0.4563	0.1473	-0.4436	-0.3118	0.0137	0.2776	-0.2534	0.5125	-0.0475	-0.0821	-0.3339	-0.3866	0.3321	0.2494	-0.6281	-0.0165	-0.4968	0.2332	0.1668	-0.2572	-0.4273	0.0605	-0.2265	-0.1719	0.3499	-0.3299	0.3417	0.4607	-0.6799	-0.1815	-0.208	-0.1585	0.5593	0.2185	-0.5462	0.5873	-0.3323	-0.1151	-0.1705	-0.1859	-0.1309	0.5721	0.1531	-0.5952	-0.1714	0.512	-0.1168	0.1508	-0.4803	-0.0033	0.1537	0.0777	0.1183	0.6641	0.053	0.0842	0.02	0.4543	-0.0384	0.4599	0.3469	0.144	0.8231	-0.2239	-0.2499	-0.286	-0.4691	0.1574	-0.6558	-0.4675	-0.5738	-0.1804	0.2572	-0.1467	0.0363	-0.2945	-0.14	-0.213	-0.2172	-0.2524	-0.2577	0.1057	0.1411	-0.2435	0.2913	0.1518	0.3836	-0.331	-0.1233	-0.5596	-0.1292	0.1417	-0.3835	-0.3952	0.1776	-0.0198	-0.5022	0.2432	-0.1125	0.2976	-0.125	0.1511	-0.3953	0.0572	0.6001	0.4725	0.3988	0.3008	0.092	0.4069	-0.4677	-0.0697	0.0376	-0.4673	0.73	0.0098	-0.3283	-0.5512	0.0367	-0.0966	-0.271	-0.0635	-0.1995	-0.091	0.6166	-0.1142	-0.5151	-0.554	-0.0979	-0.0706	-0.1119	0.123	0.5156	0.1256	0.1694	0.6651	0.1997	0.5294	-0.5595	0.1967	0.4678	-0.1105	-0.0455	0.6267	-0.4349	0.4591	0.5256	0.7615	0.4819	-0.0226	0.6416	0.167	0.2573	0.124	-0.4129	-0.1588	0.5462	0.194	0.1242	0.3484	-0.4964	0.1697	-0.4021	0.466	0.1847	0.4077	0.1156	0.0209	-0.2005	-0.5721	0.1124	1	0.271	-0.5457
Sg_Z16_22	-0.2145	0.1447	0.025	0.3766	0.0767	0.1498	0.0522	0.2079	-0.0547	0.0256	0.1421	-0.2524	-0.0044	-0.1785	-0.0162	-0.0407	0.1442	0.0195	-0.0059	-0.1068	0.071	0.2417	0.276	-0.0121	0.3662	0.1814	0.0494	0.3452	-0.0923	-0.3067	0.4282	0.0699	0.3013	0.3281	0.0103	-0.2562	0.1008	-0.3833	-0.0306	0.2008	0.0307	0.0083	-0.206	-0.1014	0.0452	-0.1095	0.1276	-0.2098	0.0056	-0.0015	0.157	-0.0227	0.1328	0.0931	0.2332	0.0957	0.3281	0.3521	-0.0102	-0.1229	-0.339	-0.2564	0.1737	0.2786	-0.0962	-0.1634	0.1149	-0.0815	0.1684	0.3064	-0.232	-0.2259	-0.2207	0.0215	-0.2202	-0.1839	0.1061	0.0989	-0.1864	-0.1412	0.0595	-0.2775	0.1775	0.1223	-0.0185	0.3467	0.1085	0.0424	-0.0615	-0.1451	0.2426	0.2334	-0.0155	-0.0082	-0.3162	-0.0802	0.0038	0.0441	0.2579	-0.0494	0.2367	0.0786	0.2627	0.1024	-0.3367	-0.0465	0.1272	0.0846	-0.0104	0.0112	0.2385	-0.0186	0.0552	-0.2307	0.0175	-0.2137	-0.0637	-0.1413	0.2052	0.1631	-0.1571	0.1829	0.1321	0.0436	-0.0541	0.2164	-0.1586	-0.1706	0.0112	-0.121	0.0925	0.3497	-0.0061	-0.0713	0.2407	-0.0748	-0.0449	0.1699	0.1018	0.2741	-0.0586	-0.1088	0.1703	-0.1547	0.1071	0.0527	-0.2245	-0.2305	0.0012	-0.1304	-0.3542	0.1775	-0.1634	-0.2196	0.2439	0.025	0.2028	-0.0763	0.0725	-0.1101	0.0703	0.1771	0.0063	0.2454	-0.0506	-0.183	-0.197	-0.2415	-0.0161	0.0737	-0.1212	-0.0492	0.0038	0.0998	0.3409	-0.2598	-0.1695	0.0644	0.1325	0.0337	0.2418	0.1675	-0.0057	-0.0132	-0.0889	-0.0198	-0.191	-0.0667	0.2015	0.1268	0.1251	0.3146	-0.1646	-0.1681	-0.1045	0.0949	-0.2228	0.2379	-0.0739	-0.361	-0.2284	0.1382	0.021	0.0821	-0.1265	-0.05	0.056	0.2408	0.3559	0.2356	0.0845	-0.0444	0.0131	0.1125	-0.1419	0.1222	0.2491	0.1674	0.3772	-0.0427	0.1074	-0.1984	-0.1321	0.1828	-0.2297	-0.1062	-0.1543	-0.2512	0.0131	-0.1278	0.0118	-0.371	0.158	-0.0541	0.0117	-0.0991	-0.096	0.0264	0.0914	0.0055	0.146	0.2271	0.0856	-0.0485	-0.1367	-0.1173	-0.0804	0.2113	-0.1345	-0.1401	0.0967	-0.1525	-0.3056	0.179	-0.0209	-0.0013	-0.0173	-0.0632	-0.297	0.0076	0.189	-0.0545	0.3763	0.0177	-0.1546	0.0824	-0.1471	0.2438	0.0525	-0.251	0.3662	0.2013	-0.0237	-0.0138	-0.0591	-0.2477	-0.2442	-0.1244	-0.0493	0.0532	0.3083	0.0092	-0.1615	-0.3403	-0.1831	-0.0412	0.2106	0.0691	0.2148	-0.1203	-0.0411	0.3773	-0.0638	0.2613	-0.3618	-0.0515	0.0965	0.1009	-0.193	0.196	0.0875	0.0721	0.246	0.3223	0.0923	0.2483	0.1356	0.0664	0.0553	0.0652	-0.382	0.0125	0.227	0.3107	0.3459	0.1931	-0.0598	0.178	-0.2267	0.1748	0.171	0.206	-0.014	0.0415	-0.323	-0.2379	0.0344	0.271	1	-0.1399
Sg_Z17_26	0.1994	-0.2924	-0.2709	-0.3133	-0.2758	-0.0885	-0.4115	-0.1803	-0.3574	-0.4485	-0.4318	0.2069	-0.1962	-0.0831	0.0248	-0.1257	0.0131	-0.2459	-0.156	-0.2554	0.1482	-0.3213	-0.3257	-0.4107	-0.192	0.2644	-0.2577	-0.2259	0.3685	0.2119	-0.4364	0.0007	-0.3806	-0.6208	0.0686	0.3605	-0.4814	0.2293	-0.2706	0.0998	0.0284	0.1325	0.496	0.0476	-0.1768	0.4352	-0.0924	0.4201	0.0422	0.0251	0.0227	-0.3118	0.1352	-0.4241	-0.0426	-0.193	-0.416	-0.401	0.1393	-0.1568	0.0287	0.4382	0.227	-0.3597	-0.2512	0.4598	-0.1261	0.4149	-0.3175	-0.4741	0.3707	-0.182	-0.1115	0.0008	0.246	0.3357	-0.0464	-0.4554	0.3444	0.2766	0.2803	0.376	-0.4244	0.1439	0.2042	-0.0871	-0.4226	-0.0093	-0.0108	0.0473	-0.272	0.0221	-0.0475	0.3649	0.2903	0.3574	-0.0927	0.3162	-0.0122	0.0931	0.1789	0.3429	-0.2283	0.2759	0.214	-0.2737	0.0853	0.1895	0.4324	0.0117	-0.1512	0.0757	-0.2087	0.5401	-0.0112	0.2453	0.3798	0.4711	-0.1503	-0.0252	0.5524	-0.1726	-0.499	-0.2424	0.3028	-0.5436	0.2391	0.5266	0.1575	0.4393	0.099	-0.5602	0.0594	-0.3388	-0.163	0.4442	-0.1786	-0.0607	-0.2392	-0.491	0.4115	0.068	-0.5166	-0.0245	0.0084	-0.5413	-0.0314	-0.0419	-0.4209	-0.0488	0.0206	0.0203	-0.1484	0.1409	0.2515	0.4013	-0.2179	-0.2523	0.1581	0.0036	0.1071	-0.2291	0.124	-0.3576	0.3403	-0.0278	0.3521	0.3252	0.095	-0.3138	0.2521	-0.0315	0.3557	0.14	0.0121	0.1066	0.4589	-0.0204	0.4885	0.313	-0.0684	0.3846	-0.1846	-0.3715	0.245	0.3358	0.3567	0.1607	-0.3718	-0.2653	0.2369	-0.2649	0.3552	-0.0278	0.3044	0.1884	0.002	-0.3345	-0.2262	0.1711	-0.1127	-0.4981	-0.0589	-0.2102	0.3047	0.2827	-0.3169	-0.0865	-0.089	-0.5121	-0.0845	-0.0461	0.2424	-0.4994	-0.0628	-0.3241	-0.3755	0.239	-0.4461	0.203	0.0805	0.2882	0.4671	-0.2738	0.3097	0.4166	0.5102	-0.0178	-0.2742	-0.126	-0.2155	-0.0554	0.1189	0.3453	0.4049	0.3423	0.3317	-0.1565	0.0911	0.2698	0.0293	0.1891	-0.4111	0.0884	-0.0991	0.4567	0.2085	0.1419	0.42	0.3592	-0.1463	-0.2512	0.1789	-0.2107	-0.0302	0.0139	0.0215	-0.0869	0.2271	-0.1375	-0.5907	-0.4063	-0.0583	-0.3107	-0.0669	-0.4031	0.1902	-0.078	0.2037	0.4609	-0.4348	-0.019	0.2166	0.3575	-0.1419	0.0508	0.0602	0.0129	0.3661	0.1725	-0.3597	0.364	0.4606	0.1951	-0.1268	0.0948	0.2259	-0.1828	-0.1232	-0.1519	-0.1164	-0.4166	-0.2259	-0.2058	0.1682	-0.3246	-0.4075	0.0902	-0.0698	-0.5109	0.3713	-0.3699	-0.3247	-0.5786	-0.2754	-0.0388	-0.3449	-0.2112	-0.1796	0.0557	0.059	0.4271	-0.1765	-0.0056	0.0823	-0.1671	0.5626	0.1509	0.3506	-0.5077	-0.197	-0.2887	-0.2133	0.2191	0.0172	0.2465	0.0927	-0.5457	-0.1399	1
