	Gp_EAB_462	Gp_MJ1_12	Gp_MJ1_149	Gp_MJ1_272	Gp_MJ1_444	Gp_MJ2_113	Gp_MJ3_423	Gp_MJ3_477	Gp_MJ4_197	Gp_MJ4_65	Gp_NH_148	Gp_YAB_333	Gp_YAB_339	Gp_meta27_16	Gp_meta27_511	Sg_A01_16	Sg_A07_40	Sg_A11_10	Sg_A11_12	Sg_A11_2	Sg_A11_47	Sg_A15_26	Sg_A17_17	Sg_A19_11	Sg_A19_12	Sg_A19_18	Sg_A19_36	Sg_A19_51	Sg_A20_2	Sg_A20_35	Sg_A22_19	Sg_A22_22	Sg_A22_3	Sg_A22_8	Sg_A24_54	Sg_A27_23	Sg_A27_31	Sg_A28_8	Sg_A33_4	Sg_A34_19	Sg_A34_5	Sg_A37_36	Sg_B03_29	Sg_B03_38	Sg_B04_2	Sg_B07_12	Sg_B07_38	Sg_B07_50	Sg_B07_53	Sg_B07_62	Sg_B08_36	Sg_B14_1	Sg_B14_13	Sg_B15_22	Sg_B15_23	Sg_B15_25	Sg_B15_35	Sg_B15_52	Sg_B19_17	Sg_B19_30	Sg_B19_40	Sg_B19_58	Sg_B23_42	Sg_B25_10	Sg_B25_38	Sg_B26_35	Sg_B26_38	Sg_B26_4	Sg_B27_18	Sg_B27_6	Sg_C02_30	Sg_C03_36	Sg_C04_25	Sg_C04_33	Sg_C14_34	Sg_CA11_3	Sg_CA11_45	Sg_CA11_52	Sg_CA13_9	Sg_CA25_14	Sg_CA25_21	Sg_CA40A_55	Sg_CA9_20	Sg_CA9_31	Sg_CB03_1	Sg_CB03_2	Sg_CB03_44	Sg_CB03_47	Sg_CD22A_27	Sg_CD22A_44	Sg_CD23A_20	Sg_CD23A_32	Sg_CD24A_1	Sg_CD24A_10	Sg_CD25A_53	Sg_CD26A_19	Sg_CD27A_46	Sg_CD28A_40	Sg_CD30A_34	Sg_CE19A_15	Sg_CE19A_24	Sg_CE19A_29	Sg_CE19A_36	Sg_CG50A_22	Sg_CG50A_49	Sg_CG50A_74	Sg_CK05A_18	Sg_CK05A_21	Sg_CK05A_46	Sg_CK05A_56	Sg_CK28A_36	Sg_CK28A_47	Sg_CK51A_47	Sg_CK52A_43	Sg_CK52A_74	Sg_CM17_16	Sg_CM17_58	Sg_CM17_7	Sg_CM21_15	Sg_CM21_57	Sg_CM29A_16	Sg_CM30A_3	Sg_CM31A_43	Sg_CM31A_52	Sg_CM32A_26	Sg_CM32A_49	Sg_CM33A_39	Sg_CM33A_60	Sg_CM33A_9	Sg_CM35A_15	Sg_D02_31	Sg_D02_32	Sg_D02_44	Sg_D02_9	Sg_D03_75	Sg_D03_78	Sg_D09_14	Sg_D10_17	Sg_D18_45	Sg_E04_12	Sg_E06_10	Sg_E06_24	Sg_E10_50	Sg_EA47_17	Sg_EA47_9	Sg_EA57_9	Sg_EA61_27	Sg_EB03_22	Sg_EB08_12	Sg_EB09_7	Sg_EB10_11	Sg_EB13_4	Sg_EB21_10	Sg_EM03_4	Sg_EM03_7	Sg_EM12_46	Sg_EM12_61	Sg_EM22_6	Sg_EM25_40	Sg_EM30_38	Sg_EM30_40	Sg_EM34_4	Sg_G06_49	Sg_G06_9	Sg_G09_4	Sg_G10_35	Sg_G11_20	Sg_G18_1	Sg_G18_19	Sg_G19_41	Sg_G21_58	Sg_G22_16	Sg_G26_10	Sg_G26_22	Sg_G26_28	Sg_G29_33	Sg_G33_7	Sg_G37_59	Sg_G39_28	Sg_G43_29	Sg_G46_28	Sg_G46_34	Sg_G46_4	Sg_G47_17	Sg_H04_45	Sg_I01_33	Sg_I05_27	Sg_I05_65	Sg_I06_25	Sg_I07_11	Sg_I09_29	Sg_I12_32	Sg_I12_44	Sg_I12_6	Sg_I13_16	Sg_K01_3	Sg_K01_5	Sg_K09_1	Sg_K09_61	Sg_K10_28	Sg_K14_18	Sg_K15_44	Sg_K16_17	Sg_K16_50	Sg_K16_53	Sg_K17_22	Sg_K22_12	Sg_K22_14	Sg_K22_66	Sg_K22_8	Sg_K31_45	Sg_K32_30	Sg_K34_1	Sg_K36_16	Sg_K36_17	Sg_K36_27	Sg_K36_29	Sg_K36_3	Sg_K36_6	Sg_K36_8	Sg_K40_29	Sg_K40_38	Sg_K40_4	Sg_K40_76	Sg_K46_34	Sg_M01_13	Sg_M01_30	Sg_M02_37	Sg_M02_5	Sg_M02_8	Sg_M03_37	Sg_M03_38	Sg_M07_23	Sg_M07_27	Sg_M07_39	Sg_M07_4	Sg_M08_36	Sg_M11_5	Sg_M11_7	Sg_M12_17	Sg_M12_21	Sg_M12_39	Sg_M12_6	Sg_M14_27	Sg_M14_34	Sg_M15_10	Sg_M15_17	Sg_M15_29	Sg_M17_3	Sg_M17_33	Sg_M21_45	Sg_OA11r1_10	Sg_OA11r1_12	Sg_OA11r1_9	Sg_OA13r1_14	Sg_OA13r1_52	Sg_OA7r2_37	Sg_OA7r2_38	Sg_OA7r2_4	Sg_OB03r2_1	Sg_OB03r2_39	Sg_OB03r2_6	Sg_OB05r2_32	Sg_OB05r2_38	Sg_OB05r2_8	Sg_OB24r1_18	Sg_OG24B2A_25	Sg_OG24B2A_39	Sg_OG24B2A_8	Sg_OM21r1_55	Sg_P15_12	Sg_P15_15	Sg_P15_2	Sg_P15_21	Sg_P22_10	Sg_P22_13	Sg_P23_1	Sg_P27_36	Sg_P27_38	Sg_P27_4	Sg_P30_9	Sg_X03_29	Sg_X05_12	Sg_X05_3	Sg_Y07_14	Sg_Y07_23	Sg_Y07_27	Sg_Y19_10	Sg_Y19_13	Sg_YA03_20	Sg_YA04_9	Sg_YA12_28	Sg_YA12_4	Sg_YA13_10	Sg_YA31_31	Sg_YB34_1	Sg_YB35_19	Sg_YB35_41	Sg_YB35_7	Sg_YB36_42	Sg_YB37_21	Sg_YB37_28	Sg_YB37_7	Sg_YB38_12	Sg_YB38_21	Sg_YB38_6	Sg_YB39_24	Sg_YB41_11	Sg_YB41_12	Sg_YB46_3	Sg_YB50_23	Sg_YB55_11	Sg_YB59_31	Sg_Z02_23	Sg_Z02_43	Sg_Z02_5	Sg_Z03_24	Sg_Z06_28	Sg_Z07_36	Sg_Z07_42	Sg_Z09_20	Sg_Z10_1	Sg_Z12_45	Sg_Z14_36	Sg_Z14_45	Sg_Z14_58	Sg_Z15_39	Sg_Z15_51	Sg_Z16_22	Sg_Z17_26
Gp_EAB_462	1	0.006	0.3177	0.001	0.001	0.8342	0.001	0.1798	0.001	0.012	0.001	0.5504	0.3846	0.001	0.034	0.2707	0.002	0.001	0.006	0.6244	0.9301	0.001	0.3526	0.001	0.001	0.001	0.001	0.016	0.7133	0.5824	0.009	0.001	0.002	0.001	0.009	0.6424	0.001	0.0949	0.001	0.034	0.978	0.5145	0.001	0.0529	0.001	0.007	0.009	0.001	0.006	0.001	0.017	0.001	0.975	0.001	0.001	0.001	0.001	0.0789	0.1339	0.001	0.9241	0.001	0.4296	0.001	0.0589	0.003	0.001	0.001	0.001	0.001	0.3027	0.6983	0.7053	0.001	0.0519	0.1718	0.0749	0.001	0.039	0.001	0.026	0.001	0.001	0.5534	0.7413	0.0649	0.005	0.0989	0.001	0.001	0.001	0.002	0.002	0.3047	0.002	0.4815	0.01	0.001	0.1988	0.8751	0.006	0.3876	0.3057	0.001	0.6484	0.049	0.5774	0.1648	0.001	0.004	0.2168	0.4605	0.7802	0.001	0.028	0.014	0.001	0.001	0.9011	0.0609	0.001	0.001	0.001	0.007	0.001	0.0879	0.001	0.001	0.001	0.001	0.1369	0.001	0.042	0.001	0.003	0.001	0.005	0.01	0.001	0.001	0.001	0.5355	0.001	0.011	0.6673	0.001	0.4655	0.028	0.001	0.025	0.5355	0.4436	0.4925	0.5385	0.1958	0.001	0.3227	0.0759	0.001	0.034	0.1928	0.039	0.004	0.5365	0.0699	0.004	0.001	0.001	0.001	0.001	0.3397	0.007	0.001	0.6983	0.4356	0.5175	0.001	0.6224	0.7822	0.1728	0.001	0.001	0.0899	0.001	0.0639	0.4256	0.001	0.2008	0.001	0.03	0.1928	0.006	0.006	0.2268	0.001	0.001	0.2408	0.001	0.02	0.0839	0.002	0.001	0.3447	0.001	0.8172	0.001	0.002	0.001	0.007	0.001	0.0539	0.001	0.001	0.001	0.001	0.001	0.001	0.018	0.1928	0.4565	0.8911	0.001	0.001	0.002	0.1429	0.001	0.001	0.3367	0.001	0.1109	0.2158	0.2657	0.7053	0.001	0.0769	0.0979	0.3716	0.026	0.001	0.007	0.0929	0.6943	0.001	0.4565	0.6693	0.001	0.002	0.4336	0.001	0.001	0.0779	0.003	0.2408	0.001	0.0789	0.0529	0.001	0.3457	0.001	0.5664	0.001	0.001	0.2118	0.001	0.7982	0.001	0.3037	0.001	0.3836	0.001	0.001	0.001	0.2917	0.2927	0.026	0.6943	0.8002	0.001	0.005	0.4116	0.5994	0.001	0.001	0.005	0.047	0.7972	0.6124	0.0939	0.7103	0.0959	0.001	0.006	0.001	0.4955	0.033	0.001	0.001	0.2238	0.6444	0.001	0.003	0.001	0.9171	0.002	0.016	0.001	0.005	0.001	0.7073	0.015	0.998	0.6024	0.019	0.001	0.032	0.007	0.001	0.016	0.001	0.001	0.001	0.001	0.001	0.4226	0.3556	0.032	0.9341	0.001	0.1079	0.001
Gp_MJ1_12	0.006	1	0.003	0.001	0.001	0.001	0.002	0.008	0.001	0.009	0.001	0.0679	0.016	0.001	0.004	0.3636	0.002	0.001	0.003	0.001	0.4446	0.2438	0.2198	0.0849	0.4975	0.2507	0.002	0.8621	0.033	0.3137	0.002	0.1179	0.037	0.001	0.004	0.3437	0.001	0.6294	0.1968	0.5834	0.3047	0.8492	0.006	0.2188	0.001	0.001	0.025	0.001	0.003	0.001	0.1039	0.002	0.2358	0.001	0.6424	0.001	0.001	0.3506	0.977	0.007	0.8132	0.001	0.1778	0.001	0.01	0.0569	0.021	0.001	0.001	0.001	0.6823	0.025	0.001	0.0889	0.1728	0.7263	0.002	0.001	0.049	0.007	0.001	0.001	0.001	0.3167	0.1978	0.4935	0.009	0.6723	0.013	0.0699	0.1309	0.002	0.001	0.001	0.2587	0.001	0.9211	0.001	0.005	0.016	0.015	0.029	0.997	0.001	0.1109	0.001	0.001	0.0599	0.001	0.7493	0.6693	0.1928	0.8322	0.001	0.001	0.6174	0.001	0.001	0.011	0.1109	0.001	0.001	0.002	0.001	0.001	0.3197	0.0749	0.001	0.5764	0.002	0.8132	0.001	0.9461	0.001	0.5455	0.019	0.015	0.4555	0.001	0.001	0.001	0.4436	0.001	0.003	0.001	0.001	0.1469	0.038	0.001	0.002	0.3317	0.01	0.0769	0.9451	0.001	0.001	0.1209	0.001	0.7243	0.1628	0.1129	0.013	0.008	0.6474	0.001	0.028	0.005	0.001	0.001	0.01	0.2527	0.005	0.006	0.006	0.7552	0.041	0.002	0.1578	0.001	0.005	0.018	0.014	0.1638	0.1758	0.7433	0.0879	0.001	0.2667	0.001	0.03	0.3497	0.7043	0.001	0.1099	0.001	0.001	0.034	0.001	0.001	0.7153	0.001	0.001	0.015	0.001	0.019	0.001	0.4545	0.0539	0.0869	0.001	0.4386	0.009	0.012	0.001	0.001	0.001	0.001	0.006	0.001	0.2008	0.9451	0.001	0.001	0.001	0.7892	0.001	0.003	0.2547	0.001	0.001	0.0779	0.2877	0.4196	0.1049	0.001	0.001	0.2238	0.011	0.002	0.002	0.023	0.001	0.001	0.3606	0.6673	0.001	0.3726	0.012	0.001	0.023	0.0889	0.0889	0.3407	0.001	0.0889	0.009	0.004	0.7612	0.0929	0.017	0.001	0.003	0.5185	0.001	0.7552	0.001	0.1858	0.027	0.002	0.001	0.003	0.001	0.6284	0.5215	0.003	0.6044	0.5974	0.001	0.029	0.041	0.1239	0.001	0.1039	0.9421	0.002	0.2767	0.048	0.009	0.1658	0.6114	0.001	0.001	0.001	0.001	0.955	0.001	0.001	0.3247	0.1638	0.001	0.029	0.001	0.3167	0.001	0.03	0.001	0.001	0.001	0.4336	0.1009	0.8262	0.007	0.001	0.003	0.3796	0.017	0.001	0.043	0.001	0.001	0.015	0.002	0.001	0.001	0.2378	0.7063	0.001	0.001	0.8591	0.001
Gp_MJ1_149	0.3177	0.003	1	0.0899	0.2038	0.1978	0.007	0.5524	0.009	0.1389	0.0559	0.002	0.0619	0.4785	0.017	0.038	0.2507	0.0649	0.004	0.009	0.0829	0.3826	0.3127	0.2458	0.4785	0.96	0.1349	0.6663	0.0729	0.005	0.1269	0.3317	0.03	0.037	0.001	0.041	0.001	0.02	0.05	0.3367	0.023	0.9371	0.2647	0.4026	0.1199	0.8352	0.958	0.6464	0.1768	0.8072	0.953	0.007	0.6034	0.3267	0.3656	0.1678	0.05	0.9051	0.6004	0.1528	0.6244	0.4026	0.1618	0.0669	0.028	0.8981	0.3606	0.3417	0.002	0.009	0.961	0.5794	0.017	0.4945	0.5305	0.4815	0.004	0.3726	0.962	0.6404	0.6384	0.9371	0.0559	0.2348	0.999	0.2498	0.036	0.7902	0.4975	0.8881	0.4545	0.008	0.2308	0.036	0.2797	0.8621	0.007	0.3776	0.4855	0.036	0.014	0.2278	0.2358	0.1778	0.024	0.001	0.2448	0.8362	0.3686	0.972	0.5514	0.1109	0.4076	0.6603	0.6623	0.046	0.3357	0.1878	0.7582	0.5185	0.0879	0.3656	0.2438	0.008	0.2947	0.1299	0.7183	0.1199	0.9001	0.2198	0.1359	0.1049	0.6813	0.037	0.3087	0.2368	0.009	0.5185	0.001	0.047	0.2378	0.7173	0.001	0.001	0.041	0.6314	0.7682	0.7592	0.004	0.001	0.999	0.9401	0.8901	0.001	0.3457	0.013	0.0889	0.014	0.4416	0.3826	0.2867	0.0699	0.016	0.2358	0.0829	0.7882	0.9131	0.003	0.0999	0.011	0.8521	0.001	0.4515	0.3187	0.992	0.8282	0.4625	0.2298	0.2717	0.004	0.7143	0.1219	0.2657	0.1808	0.6144	0.007	0.3477	0.5445	0.4466	0.0519	0.4505	0.9251	0.1598	0.988	0.005	0.3986	0.8771	0.028	0.001	0.027	0.2607	0.004	0.7972	0.029	0.8302	0.5674	0.009	0.8242	0.0969	0.044	0.001	0.0719	0.7273	0.008	0.001	0.015	0.0529	0.023	0.047	0.7193	0.3007	0.0639	0.1518	0.5045	0.7163	0.2767	0.6863	0.4855	0.0709	0.1728	0.01	0.0669	0.1888	0.959	0.0679	0.0969	0.8162	0.0889	0.2627	0.8721	0.9071	0.1479	0.013	0.4625	0.1299	0.018	0.2188	0.2957	0.2118	0.2018	0.6653	0.5654	0.002	0.007	0.1489	0.2527	0.4396	0.3277	0.2418	0.0639	0.01	0.8142	0.968	0.0809	0.4016	0.011	0.5894	0.035	0.1938	0.1678	0.1548	0.2557	0.6733	0.8492	0.011	0.2997	0.997	0.1279	0.3876	0.1349	0.6264	0.4865	0.6923	0.015	0.1848	0.3546	0.1019	0.012	0.2038	0.4376	0.009	0.035	0.018	0.002	0.011	0.0789	0.033	0.5774	0.8422	0.019	0.0519	0.7712	0.9391	0.041	0.1479	0.017	0.016	0.2128	0.0959	0.4565	0.01	0.4545	0.95	0.4336	0.8561	0.004	0.3676	0.5834	0.6753	0.013	0.0839	0.0819	0.002	0.0939	0.983	0.2208	0.5275	0.4306	0.3367	0.0969
Gp_MJ1_272	0.001	0.001	0.0899	1	0.016	0.9081	0.031	0.5754	0.001	0.2827	0.001	0.001	0.1578	0.0929	0.031	0.2817	0.3836	0.001	0.006	0.009	0.7552	0.5135	0.1928	0.0869	0.007	0.0649	0.027	0.7193	0.001	0.002	0.001	0.8721	0.002	0.001	0.019	0.02	0.001	0.028	0.007	0.1369	0.4525	0.1449	0.001	0.8052	0.004	0.012	0.3986	0.001	0.7403	0.5874	0.4336	0.002	0.5664	0.001	0.2108	0.002	0.001	0.05	0.1189	0.0549	0.2458	0.001	0.6903	0.001	0.025	0.001	0.029	0.001	0.001	0.001	0.002	0.013	0.4895	0.1179	0.001	0.1119	0.0579	0.002	0.002	0.001	0.7403	0.019	0.001	0.4186	0.1249	0.1738	0.0709	0.5584	0.7652	0.005	0.4815	0.021	0.0619	0.991	0.001	0.5465	0.4236	0.2068	0.8422	0.5924	0.996	0.1848	0.001	0.1678	0.008	0.001	0.8671	0.2847	0.002	0.4376	0.0829	0.001	0.3227	0.001	0.9401	0.039	0.021	0.001	0.7083	0.2178	0.001	0.002	0.001	0.005	0.001	0.4975	0.1878	0.001	0.0839	0.001	0.8462	0.001	0.3267	0.001	0.2867	0.001	0.001	0.952	0.001	0.001	0.001	0.3147	0.008	0.012	0.012	0.001	0.7562	0.6673	0.001	0.013	0.7483	0.9351	0.973	0.6563	0.0679	0.0969	0.014	0.002	0.4615	0.3327	0.3626	0.0529	0.001	0.024	0.1918	0.7572	0.001	0.004	0.003	0.025	0.05	0.007	0.039	0.3596	0.1439	0.3566	0.001	0.7293	0.8971	0.001	0.0949	0.2248	0.027	0.004	0.009	0.2188	0.003	0.2198	0.001	0.023	0.1588	0.988	0.01	0.958	0.007	0.0649	0.7782	0.001	0.008	0.0899	0.6563	0.001	0.0999	0.001	0.0629	0.002	0.0609	0.0919	0.1868	0.001	0.2218	0.1688	0.2677	0.001	0.006	0.001	0.001	0.2797	0.001	0.6124	0.3417	0.0909	0.001	0.002	0.004	0.003	0.007	0.6873	0.001	0.4156	0.954	0.015	0.987	0.4645	0.8811	0.1469	0.005	0.036	0.5644	0.3746	0.4426	0.5465	0.001	0.975	0.5135	0.002	0.5584	0.8831	0.001	0.001	0.025	0.5105	0.018	0.002	0.4486	0.015	0.005	0.7642	0.002	0.7253	0.001	0.009	0.0799	0.001	0.1638	0.002	0.1818	0.005	0.983	0.001	0.002	0.009	0.014	0.0509	0.011	0.8162	0.4376	0.001	0.001	0.1678	0.6573	0.1558	0.002	0.3397	0.3726	0.8821	0.4466	0.0949	0.0569	0.2767	0.001	0.001	0.001	0.005	0.023	0.001	0.001	0.001	0.8012	0.001	0.014	0.001	0.4735	0.001	0.2018	0.001	0.021	0.016	0.4326	0.4346	0.001	0.0689	0.9061	0.4416	0.044	0.013	0.008	0.6254	0.011	0.001	0.006	0.005	0.005	0.017	0.7013	0.024	0.8292	0.001	0.4865	0.015
Gp_MJ1_444	0.001	0.001	0.2038	0.016	1	0.1029	0.001	0.022	0.001	0.002	0.004	0.016	0.3047	0.0669	0.043	0.7253	0.4096	0.001	0.7532	0.046	0.5275	0.024	0.003	0.0619	0.008	0.009	0.0519	0.3127	0.0549	0.041	0.005	0.3966	0.008	0.001	0.4266	0.2038	0.001	0.1958	0.035	0.0969	0.8022	0.8511	0.001	0.6543	0.009	0.02	0.6274	0.003	0.3596	0.4535	0.6364	0.031	0.6034	0.001	0.033	0.001	0.001	0.003	0.7443	0.4436	0.4296	0.001	0.8332	0.001	0.7443	0.0679	0.3457	0.001	0.008	0.005	0.4935	0.2068	0.3716	0.002	0.014	0.4535	0.7193	0.001	0.001	0.002	0.0949	0.001	0.001	0.4166	0.3167	0.9421	0.0739	0.5055	0.001	0.017	0.0959	0.4086	0.1648	0.1848	0.012	0.1868	0.8022	0.001	0.955	0.8561	0.5614	0.6893	0.001	0.001	0.0509	0.3866	0.2138	0.1389	0.001	0.6833	0.3576	0.3626	0.8911	0.001	0.1558	0.3976	0.001	0.001	0.1718	0.4905	0.001	0.0769	0.001	0.3467	0.001	0.001	0.4196	0.001	0.1538	0.001	0.7433	0.001	0.0919	0.002	0.0859	0.001	0.9411	0.4645	0.001	0.001	0.001	0.7103	0.001	0.006	0.3197	0.001	0.7273	0.022	0.001	0.031	0.5904	0.6394	0.6274	0.9211	0.013	0.2308	0.3726	0.967	0.2907	0.9031	0.7752	0.021	0.0819	0.1459	0.0969	0.022	0.1029	0.002	0.019	0.1249	0.6074	0.8472	0.001	0.6683	0.6314	0.4845	0.001	0.8521	0.0589	0.045	0.0529	0.001	0.001	0.1858	0.6713	0.1918	0.001	0.2298	0.001	0.0769	0.998	0.2627	0.004	0.967	0.002	0.01	0.7203	0.003	0.6294	0.7093	0.013	0.001	0.8511	0.008	0.3457	0.001	0.8302	0.2937	0.7702	0.001	0.5055	0.027	0.001	0.001	0.0569	0.001	0.001	0.8052	0.003	0.9031	0.8581	0.001	0.001	0.1618	0.5445	0.001	0.006	0.5624	0.001	0.018	0.6184	0.0789	0.6404	0.002	0.02	0.039	0.018	0.2148	0.006	0.3946	0.4176	0.991	0.001	0.5045	0.3427	0.001	0.4545	0.7173	0.001	0.001	0.6034	0.3686	0.0629	0.001	0.7762	0.048	0.3257	0.1359	0.001	0.3067	0.001	0.017	0.6204	0.001	0.4456	0.001	0.6024	0.01	0.3127	0.001	0.003	0.042	0.1019	0.1588	0.1139	0.5744	0.4755	0.001	0.0719	0.7502	0.022	0.007	0.021	0.5844	0.1049	0.4046	0.1698	0.2278	0.8971	0.8462	0.001	0.001	0.026	0.4176	0.2408	0.005	0.001	0.3067	0.7662	0.001	0.002	0.001	0.002	0.001	0.002	0.001	0.1089	0.001	0.2408	0.8252	0.1798	0.001	0.036	0.6553	0.3666	0.043	0.001	0.027	0.001	0.002	0.018	0.003	0.001	0.2398	0.5604	0.2158	0.1369	0.001	0.2468	0.001
Gp_MJ2_113	0.8342	0.001	0.1978	0.9081	0.1029	1	0.8871	0.001	0.1558	0.7872	0.2507	0.6424	0.005	0.001	0.001	0.035	0.001	0.007	0.005	0.1209	0.026	0.5834	0.1009	0.6913	0.1119	0.2438	0.4665	0.2498	0.6903	0.3247	0.4665	0.1838	0.035	0.012	0.003	0.8042	0.006	0.028	0.8501	0.001	0.014	0.6324	0.0539	0.018	0.001	0.006	0.028	0.8362	0.001	0.001	0.001	0.5534	0.001	0.6034	0.001	0.9411	0.6484	0.001	0.7323	0.001	0.032	0.6933	0.7562	0.1069	0.041	0.0869	0.3926	0.7872	0.4436	0.0939	0.016	0.2268	0.001	0.8501	0.001	0.004	0.1249	0.4545	0.003	0.1499	0.001	0.7632	0.001	0.6733	0.3337	0.0579	0.0639	0.2667	0.2787	0.3277	0.8801	0.001	0.001	0.001	0.9361	0.001	0.6424	0.3846	0.001	0.002	0.001	0.001	0.001	0.3696	0.2258	0.006	0.001	0.1998	0.5914	0.002	0.1269	0.1429	0.003	0.8551	0.001	0.036	0.7522	0.6364	0.01	0.001	0.3167	0.0529	0.6593	0.001	0.8022	0.05	0.1099	0.05	0.1698	0.5854	0.4086	0.7772	0.001	0.016	0.5804	0.0559	0.0709	0.001	0.1049	0.2737	0.1189	0.0619	0.4436	0.3726	0.002	0.2218	0.008	0.001	0.7832	0.5345	0.02	0.001	0.019	0.8501	0.003	0.002	0.2448	0.001	0.0689	0.0619	0.018	0.001	0.2787	0.01	0.002	0.011	0.4426	0.2308	0.001	0.1808	0.001	0.0849	0.6034	0.001	0.028	0.003	0.5185	0.4695	0.007	0.011	0.1039	0.7163	0.4036	0.1449	0.011	0.005	0.1758	0.1359	0.3087	0.002	0.0619	0.018	0.001	0.01	0.0849	0.004	0.004	0.6344	0.001	0.003	0.001	0.003	0.019	0.2707	0.5055	0.012	0.8092	0.1938	0.0519	0.5185	0.047	0.4965	0.7692	0.018	0.3367	0.046	0.032	0.001	0.4595	0.2168	0.3866	0.9481	0.4446	0.0559	0.004	0.1938	0.9291	0.014	0.1868	0.001	0.009	0.6893	0.7003	0.034	0.013	0.1179	0.001	0.001	0.3536	0.001	0.001	0.001	0.005	0.9051	0.2837	0.9231	0.2088	0.001	0.3556	0.039	0.2078	0.1648	0.2458	0.0789	0.001	0.1199	0.031	0.7363	0.951	0.016	0.0589	0.5784	0.043	0.024	0.992	0.012	0.003	0.9371	0.001	0.7562	0.5375	0.0519	0.001	0.004	0.2368	0.2358	0.012	0.004	0.5614	0.001	0.1249	0.0749	0.1988	0.0519	0.004	0.1339	0.8601	0.004	0.001	0.0759	0.001	0.5265	0.1089	0.2438	0.021	0.0779	0.032	0.1189	0.016	0.1269	0.3177	0.1289	0.001	0.7243	0.002	0.6963	0.004	0.011	0.2008	0.001	0.3167	0.1279	0.2997	0.006	0.001	0.6464	0.001	0.001	0.1998	0.005	0.9291	0.1598	0.011	0.001	0.019	0.0599	0.001	0.2797	0.2537	0.1768
Gp_MJ3_423	0.001	0.002	0.007	0.031	0.001	0.8871	1	0.3347	0.001	0.001	0.001	0.0769	0.5225	0.008	0.2687	0.969	0.2637	0.002	0.1748	0.3107	0.5095	0.1648	0.1169	0.021	0.0859	0.012	0.001	0.2967	0.014	0.2258	0.008	0.002	0.001	0.001	0.013	0.2238	0.001	0.6494	0.001	0.9101	0.0809	0.2188	0.001	0.7303	0.004	0.002	0.6643	0.006	0.5964	0.2428	0.6124	0.001	0.8052	0.006	0.2448	0.001	0.001	0.037	0.2298	0.1578	0.7522	0.008	0.4296	0.001	0.6993	0.2567	0.011	0.004	0.001	0.001	0.5984	0.3656	0.014	0.002	0.017	0.3167	0.0789	0.001	0.1678	0.001	0.0569	0.005	0.001	0.8162	0.4146	0.8681	0.002	0.0729	0.001	0.011	0.005	0.007	0.4216	0.001	0.0609	0.1898	0.0609	0.001	0.4376	0.02	0.037	0.031	0.3756	0.003	0.1618	0.0719	0.013	0.8791	0.001	0.5934	0.7403	0.1279	0.3067	0.001	0.0679	0.981	0.004	0.002	0.005	0.7313	0.001	0.013	0.001	0.3616	0.001	0.013	0.002	0.001	0.001	0.001	0.2128	0.001	0.6723	0.001	0.3017	0.002	0.0549	0.8521	0.001	0.005	0.001	0.7203	0.001	0.006	0.3836	0.005	0.8631	0.1329	0.001	0.005	0.4056	0.5964	0.9311	0.2807	0.001	0.001	0.5724	0.2687	0.031	0.1818	0.3387	0.7443	0.0599	0.0639	0.016	0.1049	0.02	0.001	0.001	0.006	0.1518	0.0879	0.001	0.2288	0.0759	0.2957	0.001	0.959	0.017	0.006	0.021	0.001	0.3596	0.023	0.2168	0.1588	0.001	0.1818	0.021	0.9171	0.6174	0.1968	0.003	0.8561	0.001	0.003	0.6623	0.001	0.1339	0.8951	0.015	0.001	0.2917	0.001	0.6474	0.001	0.0679	0.016	0.3257	0.001	0.5964	0.026	0.001	0.001	0.001	0.001	0.001	0.005	0.007	0.7123	0.1768	0.044	0.001	0.038	0.3836	0.001	0.001	0.964	0.001	0.0799	0.041	0.2907	0.1928	0.029	0.027	0.02	0.8362	0.8242	0.001	0.1149	0.8102	0.0709	0.001	0.8621	0.6454	0.001	0.7752	0.2478	0.015	0.001	0.5624	0.2328	0.4486	0.012	0.6833	0.5075	0.005	0.4655	0.0939	0.3457	0.001	0.0719	0.9271	0.001	0.9151	0.002	0.6683	0.001	0.013	0.001	0.043	0.007	0.3027	0.1758	0.03	0.9261	0.4476	0.001	0.1528	0.2657	0.4665	0.001	0.2418	0.7952	0.029	0.5105	0.0829	0.7493	0.4236	0.9141	0.001	0.008	0.001	0.0639	0.977	0.001	0.002	0.1958	0.4905	0.001	0.024	0.002	0.1329	0.001	0.3307	0.001	0.1698	0.017	0.2967	0.4446	0.3606	0.7143	0.1459	0.003	0.6334	0.001	0.001	0.4046	0.001	0.001	0.006	0.003	0.001	0.008	0.966	0.014	0.01	0.005	0.1299	0.001
Gp_MJ3_477	0.1798	0.008	0.5524	0.5754	0.022	0.001	0.3347	1	0.4505	0.3397	0.96	0.6014	0.016	0.001	0.001	0.007	0.007	0.0519	0.023	0.8112	0.002	0.4436	0.037	0.7423	0.015	0.0719	0.9361	0.0909	0.5445	0.4685	0.011	0.1319	0.003	0.5225	0.008	0.7153	0.3207	0.012	0.3477	0.001	0.031	0.5664	0.003	0.01	0.001	0.011	0.008	0.2078	0.001	0.001	0.001	0.3816	0.001	0.2687	0.001	0.2797	0.6903	0.001	0.032	0.009	0.0999	0.04	0.3057	0.006	0.1928	0.006	0.2408	0.3407	0.8571	0.7443	0.001	0.6923	0.001	0.2188	0.001	0.001	0.3896	0.3377	0.001	0.006	0.001	0.963	0.0839	0.2288	0.961	0.0869	0.2008	0.0999	0.3786	0.008	0.952	0.001	0.003	0.001	0.4066	0.001	0.958	0.3077	0.001	0.001	0.001	0.001	0.002	0.8781	0.1758	0.1259	0.001	0.8891	0.5504	0.001	0.001	0.2707	0.006	0.3696	0.001	0.0549	0.1229	0.0709	0.002	0.001	0.012	0.0559	0.1688	0.002	0.0739	0.001	0.9291	0.014	0.026	0.0569	0.8761	0.6194	0.001	0.0879	0.5914	0.004	0.3556	0.001	0.5165	0.005	0.011	0.018	0.2128	0.5614	0.0869	0.8442	0.1139	0.01	0.8132	0.9371	0.025	0.001	0.0829	0.6523	0.007	0.005	0.4965	0.006	0.009	0.0549	0.0619	0.001	0.3616	0.001	0.003	0.1219	0.012	0.5864	0.002	0.0789	0.001	0.3257	0.1738	0.001	0.025	0.025	0.0529	0.0939	0.01	0.009	0.5165	0.1099	0.4136	0.001	0.002	0.045	0.9481	0.0989	0.6284	0.001	0.049	0.002	0.001	0.022	0.5325	0.1339	0.033	0.3017	0.0599	0.006	0.001	0.028	0.017	0.8871	0.4206	0.4496	0.982	0.5135	0.4615	0.022	0.0539	0.6104	0.025	0.2797	0.8412	0.03	0.2098	0.001	0.1588	0.973	0.4496	0.2727	0.032	0.1768	0.001	0.005	0.0869	0.031	0.7003	0.001	0.013	0.4975	0.5115	0.008	0.02	0.6024	0.002	0.001	0.7313	0.002	0.001	0.001	0.023	0.0719	0.2178	0.1678	0.6803	0.001	0.1079	0.004	0.011	0.6074	0.2308	0.2667	0.001	0.1099	0.1009	0.7622	0.3866	0.016	0.7722	0.5445	0.003	0.042	0.5544	0.1389	0.001	0.6324	0.001	0.0889	0.1878	0.4246	0.001	0.001	0.7552	0.015	0.0659	0.1429	0.3337	0.001	0.004	0.1179	0.01	0.019	0.002	0.003	0.9401	0.003	0.001	0.2178	0.002	0.3716	0.5155	0.6324	0.023	0.1998	0.2717	0.1359	0.0539	0.6923	0.7772	0.6304	0.001	0.2807	0.02	0.961	0.02	0.021	0.3746	0.001	0.2148	0.014	0.3866	0.01	0.001	0.1738	0.001	0.001	0.018	0.045	0.973	0.1399	0.0889	0.001	0.045	0.029	0.001	0.01	0.2917	0.5305
Gp_MJ4_197	0.001	0.001	0.009	0.001	0.001	0.1558	0.001	0.4505	1	0.003	0.001	0.01	0.019	0.001	0.001	0.8971	0.002	0.001	0.001	0.007	0.3926	0.016	0.3516	0.001	0.002	0.019	0.001	0.0659	0.0579	0.1518	0.004	0.004	0.003	0.001	0.001	0.3836	0.001	0.7323	0.003	0.8012	0.1658	0.3037	0.001	0.032	0.001	0.001	0.042	0.001	0.019	0.004	0.8501	0.001	0.4276	0.001	0.6953	0.001	0.001	0.3277	0.1339	0.001	0.8132	0.001	0.2687	0.001	0.001	0.0659	0.005	0.001	0.001	0.001	0.2088	0.1339	0.001	0.001	0.1029	0.5984	0.014	0.001	0.016	0.001	0.008	0.001	0.001	0.1289	0.4635	0.7692	0.001	0.4396	0.001	0.001	0.001	0.001	0.001	0.041	0.009	0.2148	0.2527	0.001	0.3536	0.006	0.002	0.027	0.5834	0.001	0.1279	0.001	0.004	0.1598	0.001	0.7013	0.1908	0.03	0.1658	0.001	0.001	0.8262	0.001	0.001	0.004	0.3147	0.001	0.001	0.001	0.001	0.001	0.0839	0.001	0.001	0.001	0.001	0.4605	0.001	0.3407	0.001	0.2238	0.001	0.001	0.7413	0.001	0.001	0.001	0.7403	0.001	0.001	0.002	0.001	0.2567	0.011	0.001	0.001	0.7013	0.1778	0.3566	0.3207	0.004	0.008	0.0619	0.001	0.007	0.3756	0.008	0.006	0.001	0.8891	0.0599	0.005	0.001	0.001	0.001	0.001	0.7952	0.001	0.001	0.0849	0.0819	0.2468	0.001	0.6184	0.025	0.001	0.001	0.001	0.1389	0.0759	0.1848	0.2278	0.001	0.2667	0.001	0.011	0.7542	0.017	0.001	0.2767	0.001	0.001	0.1548	0.001	0.001	0.5095	0.001	0.001	0.1149	0.001	0.2378	0.001	0.031	0.0789	0.018	0.001	0.2418	0.001	0.001	0.001	0.001	0.001	0.001	0.018	0.001	0.009	0.8931	0.001	0.001	0.001	0.1379	0.001	0.001	0.3836	0.001	0.001	0.0849	0.017	0.9091	0.001	0.032	0.008	0.3157	0.002	0.001	0.001	0.8492	0.015	0.001	0.7023	0.4236	0.001	0.3207	0.1049	0.001	0.001	0.0539	0.2617	0.5784	0.001	0.015	0.005	0.001	0.2597	0.001	0.1029	0.001	0.001	0.8521	0.001	0.955	0.001	0.6713	0.001	0.035	0.001	0.001	0.001	0.4775	0.3646	0.002	0.6114	0.8771	0.001	0.014	0.1568	0.9341	0.001	0.007	0.2248	0.002	0.6683	0.1239	0.009	0.5684	0.1479	0.001	0.001	0.001	0.03	0.3856	0.001	0.001	0.003	0.5335	0.001	0.002	0.001	0.4146	0.001	0.022	0.001	0.002	0.001	0.6693	0.9061	0.2198	0.8641	0.2118	0.001	0.4006	0.006	0.001	0.5644	0.001	0.001	0.001	0.001	0.001	0.002	0.3876	0.3666	0.012	0.005	0.0529	0.001
Gp_MJ4_65	0.012	0.009	0.1389	0.2827	0.002	0.7872	0.001	0.3397	0.003	1	0.011	0.2967	0.0919	0.1229	0.3816	0.3197	0.7063	0.1339	0.8162	0.8052	0.987	0.2498	0.0699	0.001	0.0649	0.0869	0.001	0.5165	0.2108	0.4386	0.001	0.0589	0.001	0.001	0.3776	0.962	0.001	0.3776	0.006	0.965	0.4875	0.3377	0.001	0.1179	0.2168	0.2807	0.5904	0.0599	0.3267	0.6484	0.5634	0.001	0.3556	0.001	0.6224	0.013	0.035	0.001	0.5714	0.6773	0.9041	0.015	0.1668	0.001	0.1518	0.006	0.1908	0.005	0.001	0.001	0.018	0.9111	0.1349	0.001	0.004	0.2667	0.1269	0.001	0.009	0.016	0.1698	0.009	0.001	0.3976	0.2507	0.3566	0.001	0.9451	0.1219	0.007	0.012	0.2507	0.6334	0.047	0.8472	0.3896	0.7143	0.0529	0.3097	0.2557	0.8212	0.6903	0.2448	0.011	0.5924	0.8571	0.0929	0.4635	0.002	0.2398	0.2308	0.1948	0.7143	0.002	0.3826	0.7802	0.001	0.001	0.0579	0.9131	0.002	0.3556	0.001	0.5255	0.005	0.002	0.044	0.001	0.011	0.002	0.8541	0.016	0.1019	0.006	0.3267	0.001	0.7303	0.3077	0.04	0.002	0.002	0.4466	0.001	0.4246	0.6464	0.001	0.8631	0.004	0.001	0.984	0.973	0.4116	0.1369	0.6014	0.001	0.026	0.6394	0.5335	0.01	0.1069	0.8811	0.2597	0.1479	0.1618	0.0669	0.025	0.012	0.015	0.05	0.5175	0.037	0.984	0.003	0.1578	0.3307	0.7053	0.001	0.5055	0.006	0.0739	0.954	0.005	0.4156	0.1209	0.022	0.4865	0.003	0.1209	0.1538	0.3996	0.046	0.5135	0.0599	0.0849	0.025	0.4715	0.6284	0.015	0.6963	0.3756	0.004	0.001	0.2607	0.002	0.0799	0.002	0.02	0.6494	0.5215	0.034	0.5974	0.8402	0.005	0.002	0.6464	0.005	0.017	0.2108	0.001	0.3437	0.2228	0.003	0.001	0.8521	0.008	0.001	0.005	0.6334	0.018	0.8282	0.001	0.993	0.5744	0.002	0.5365	0.0869	0.028	0.6643	0.021	0.7822	0.4715	0.0529	0.001	0.022	0.4685	0.001	0.026	0.1339	0.004	0.005	0.0899	0.007	0.6923	0.046	0.3097	0.8891	0.2178	0.986	0.7902	0.3956	0.001	0.003	0.005	0.047	0.1738	0.013	0.009	0.0729	0.2108	0.003	0.044	0.5534	0.003	0.014	0.7782	0.3097	0.994	0.0899	0.8911	0.5165	0.2587	0.0799	0.1878	0.2358	0.8921	0.3536	0.006	0.1548	0.991	0.5694	0.027	0.045	0.004	0.3067	0.3926	0.034	0.03	0.2108	0.3387	0.001	0.001	0.05	0.017	0.001	0.3047	0.2428	0.02	0.2448	0.1349	0.6434	0.6813	0.2228	0.026	0.8701	0.5135	0.016	0.0509	0.6064	0.002	0.002	0.4036	0.0549	0.012	0.1568	0.4376	0.012	0.4186	0.005	0.7882	0.009
Gp_NH_148	0.001	0.001	0.0559	0.001	0.004	0.2507	0.001	0.96	0.001	0.011	1	0.7602	0.009	0.001	0.0569	0.4226	0.002	0.001	0.001	0.026	0.3427	0.002	0.1359	0.001	0.006	0.002	0.001	0.002	0.1758	0.4196	0.003	0.002	0.001	0.001	0.001	0.8222	0.001	0.2378	0.001	0.1429	0.6513	0.977	0.001	0.1269	0.001	0.01	0.001	0.001	0.011	0.003	0.5714	0.001	0.7423	0.001	0.034	0.001	0.001	0.4356	0.4775	0.001	0.1189	0.001	0.0899	0.001	0.002	0.001	0.001	0.001	0.001	0.001	0.8012	0.4296	0.017	0.001	0.1149	0.9451	0.001	0.001	0.3347	0.001	0.011	0.001	0.001	0.5944	0.2717	0.0649	0.003	0.011	0.002	0.002	0.005	0.002	0.001	0.4515	0.0519	0.03	0.1798	0.001	0.3906	0.004	0.02	0.006	0.9341	0.001	0.6783	0.001	0.1369	0.001	0.001	0.1778	0.0569	0.029	0.4386	0.001	0.001	0.018	0.001	0.001	0.2527	0.3257	0.001	0.001	0.001	0.001	0.001	0.4416	0.001	0.001	0.001	0.001	0.0759	0.001	0.8921	0.001	0.1119	0.003	0.001	0.2607	0.001	0.001	0.001	0.0649	0.001	0.003	0.1089	0.001	0.2258	0.1009	0.001	0.001	0.1968	0.8891	0.2987	0.3556	0.001	0.009	0.038	0.006	0.1828	0.002	0.016	0.007	0.01	0.1648	0.002	0.008	0.001	0.001	0.001	0.001	0.7033	0.002	0.001	0.1489	0.5844	0.2817	0.001	0.3536	0.017	0.042	0.001	0.001	0.1738	0.001	0.6454	0.1548	0.001	0.5055	0.001	0.003	0.6314	0.005	0.001	0.4456	0.001	0.001	0.8352	0.001	0.001	0.0639	0.004	0.001	0.1129	0.001	0.6084	0.001	0.1678	0.001	0.1099	0.001	0.0589	0.001	0.001	0.001	0.001	0.001	0.001	0.015	0.002	0.3097	0.048	0.003	0.001	0.001	0.5694	0.001	0.001	0.4066	0.001	0.001	0.001	0.8032	0.0959	0.01	0.001	0.001	0.6144	0.001	0.001	0.006	0.9081	0.0519	0.001	0.049	0.0609	0.001	0.041	0.5215	0.001	0.001	0.003	0.001	0.5854	0.001	0.1678	0.001	0.001	0.6104	0.0759	0.6144	0.001	0.004	0.3397	0.001	0.0639	0.001	0.951	0.001	0.016	0.001	0.001	0.001	0.2388	0.956	0.001	0.8911	0.037	0.001	0.3227	0.4795	0.8112	0.001	0.005	0.05	0.1518	0.5425	0.7373	0.001	0.2737	0.003	0.001	0.001	0.001	0.005	0.0839	0.001	0.001	0.001	0.0719	0.001	0.003	0.001	0.1528	0.001	0.006	0.001	0.005	0.001	0.2008	0.1738	0.5734	0.2637	0.4076	0.001	0.3676	0.003	0.001	0.6384	0.001	0.001	0.001	0.001	0.001	0.021	0.3027	0.1698	0.0779	0.001	0.0529	0.001
Gp_YAB_333	0.5504	0.0679	0.002	0.001	0.016	0.6424	0.0769	0.6014	0.01	0.2967	0.7602	1	0.7912	0.964	0.004	0.1089	0.7463	0.006	0.5844	0.5015	0.0839	0.3636	0.1269	0.5674	0.025	0.3497	0.1419	0.1469	0.001	0.001	0.016	0.6454	0.1199	0.017	0.0829	0.001	0.0949	0.001	0.3137	0.039	0.001	0.6264	0.018	0.9091	0.2198	0.033	0.001	0.8432	0.9221	0.5814	0.8711	0.024	0.0879	0.9161	0.044	0.8402	0.006	0.045	0.0969	0.6164	0.7093	0.006	0.0639	0.032	0.6843	0.988	0.6723	0.8701	0.05	0.016	0.004	0.2917	0.1469	0.7702	0.023	0.1309	0.027	0.3676	0.6344	0.9001	0.6434	0.7982	0.0719	0.001	0.1099	0.005	0.1538	0.0579	0.4026	0.9181	0.2747	0.6553	0.9341	0.1928	0.001	0.2468	0.3317	0.1329	0.7792	0.3357	0.6993	0.0909	0.003	0.97	0.001	0.4815	0.3277	0.002	0.6873	0.002	0.001	0.022	0.001	0.6234	0.7672	0.001	0.6523	0.6244	0.3467	0.3786	0.018	0.5095	0.5964	0.7473	0.6424	0.018	0.2348	0.1808	0.7552	0.8372	0.0899	0.003	0.033	0.4625	0.993	0.1059	0.7043	0.018	0.001	0.028	0.5864	0.2697	0.001	0.5664	0.05	0.8861	0.3606	0.5974	0.2418	0.6773	0.8771	0.3417	0.0659	0.1209	0.8302	0.033	0.5075	0.8921	0.2108	0.001	0.9111	0.2168	0.041	0.3606	0.2348	0.8961	0.7852	0.6823	0.8861	0.3197	0.026	0.7363	0.3077	0.4835	0.4056	0.4306	0.033	0.7453	0.7792	0.001	0.5005	0.7692	0.1049	0.3576	0.006	0.8122	0.8432	0.987	0.3886	0.3447	0.0639	0.1219	0.1698	0.2398	0.4885	0.3157	0.6713	0.003	0.5285	0.001	0.5914	0.005	0.8172	0.028	0.6104	0.1389	0.6454	0.1089	0.0809	0.012	0.3566	0.6563	0.6084	0.02	0.6853	0.015	0.008	0.6364	0.002	0.0749	0.5924	0.0669	0.8571	0.5095	0.011	0.5744	0.6404	0.4745	0.5145	0.1978	0.3586	0.001	0.1499	0.6563	0.3387	0.3477	0.4326	0.7243	0.3856	0.3207	0.7033	0.6673	0.047	0.8212	0.0839	0.003	0.1149	0.03	0.6723	0.3047	0.1748	0.001	0.001	0.021	0.3327	0.3676	0.957	0.4446	0.001	0.2358	0.005	0.7183	0.019	0.1389	0.1309	0.2228	0.02	0.1289	0.1908	0.7952	0.0539	0.5215	0.3007	0.027	1	0.1948	0.5544	0.009	0.046	0.001	0.4545	0.2108	0.3936	0.001	0.021	0.4615	0.03	0.6204	0.0619	0.1209	0.011	0.006	0.039	0.007	0.001	0.026	0.0559	0.3387	0.3167	0.015	0.025	0.2537	0.1688	0.003	0.5524	0.002	0.006	0.03	0.003	0.004	0.001	0.2757	0.1688	0.001	0.7832	0.035	0.2667	0.1698	0.4825	0.1069	0.9431	0.3057	0.3956	0.004	0.4715	0.047	0.0609	0.045	0.2517	0.5724
Gp_YAB_339	0.3846	0.016	0.0619	0.1578	0.3047	0.005	0.5225	0.016	0.019	0.0919	0.009	0.7912	1	0.011	0.001	0.7552	0.001	0.034	0.001	0.001	0.2767	0.0889	0.4456	0.7722	0.2068	0.2697	0.6913	0.5395	0.3337	0.4046	0.2008	0.5485	0.2517	0.0619	0.001	0.6094	0.003	0.8492	0.5554	0.2078	0.4755	0.1848	0.1628	0.003	0.003	0.2008	0.014	0.3317	0.3397	0.042	0.6993	0.2787	0.4815	0.1928	0.3497	0.0659	0.027	0.037	0.001	0.001	0.4066	0.1489	0.2697	0.4985	0.001	0.3007	0.0859	0.6354	0.2408	0.003	0.996	0.001	0.1988	0.8122	0.95	0.4036	0.011	0.1788	0.5664	0.1528	0.1009	0.2557	0.001	0.4745	0.7193	0.5994	0.5834	0.1648	0.5305	0.5045	0.5115	0.017	0.001	0.4416	0.6713	0.993	0.1558	0.1489	0.0549	0.1109	0.2268	0.4186	0.9111	0.8651	0.4476	0.001	0.0999	0.5854	0.5654	0.1938	0.3706	0.5504	0.2597	0.4625	0.0559	0.3706	0.1978	0.8771	0.4206	0.8841	0.7413	0.022	0.1768	0.001	0.2418	0.001	0.002	0.7063	0.6144	0.1409	0.01	0.029	0.1558	0.034	0.0759	0.5245	0.001	0.3047	0.025	0.0979	0.5524	0.4136	0.9011	0.001	0.002	0.4825	0.7802	0.2797	0.6244	0.001	0.9141	0.6563	0.7502	0.042	0.4655	0.2438	0.019	0.001	0.2188	0.2098	0.023	0.001	0.013	0.1419	0.003	0.008	0.4436	0.007	0.004	0.05	0.045	0.001	0.8192	0.9421	0.2847	0.04	0.987	0.035	0.0719	0.7083	0.4935	0.2857	0.9271	0.016	0.2667	0.1089	0.1638	0.2308	0.014	0.001	0.5624	0.001	0.1149	0.1189	0.046	0.001	0.1119	0.029	0.001	0.5355	0.01	0.001	0.002	0.01	0.5544	0.5514	0.8811	0.023	0.4765	0.1049	0.998	0.001	0.3367	0.001	0.001	0.008	0.002	0.3227	0.0729	0.4086	0.001	0.1459	0.5465	0.001	0.4985	0.6893	0.6963	0.5934	0.001	0.001	0.035	0.7642	0.005	0.3047	0.01	0.01	0.977	0.001	0.2118	0.1319	0.3896	0.2647	0.031	0.7403	0.5005	0.8092	0.2907	0.6124	0.7982	0.6174	0.002	0.0939	0.4505	0.001	0.004	0.012	0.001	0.016	0.4036	0.2318	0.004	0.028	0.01	0.013	0.003	0.022	0.5844	0.009	0.2987	0.5215	0.1409	0.001	0.05	0.0689	0.001	0.2318	0.7383	0.005	0.2408	0.4406	0.5504	0.0709	0.977	0.3487	0.5065	0.7373	0.2358	0.001	0.2108	0.1299	0.003	0.0589	0.011	0.002	0.3037	0.1139	0.003	0.001	0.5564	0.004	0.4535	0.0569	0.001	0.3506	0.001	0.0549	0.05	0.043	0.5734	0.2268	0.8971	0.7522	0.4735	0.015	0.967	0.6933	0.007	0.1868	0.6424	0.03	0.001	0.009	0.049	0.0679	0.6573	0.0799	0.4056	0.0679	0.4226	0.015
Gp_meta27_16	0.001	0.001	0.4785	0.0929	0.0669	0.001	0.008	0.001	0.001	0.1229	0.001	0.964	0.011	1	0.003	0.4915	0.012	0.001	0.001	0.048	0.009	0.003	0.7772	0.001	0.4046	0.03	0.034	0.001	0.6833	0.7153	0.1628	0.002	0.4346	0.001	0.001	0.2937	0.001	0.003	0.014	0.1968	0.7283	0.6663	0.5534	0.019	0.001	0.006	0.001	0.002	0.001	0.001	0.4915	0.028	0.7712	0.001	0.3996	0.001	0.001	0.044	0.1838	0.001	0.5355	0.001	0.0879	0.005	0.013	0.8272	0.001	0.002	0.003	0.002	0.1409	0.2198	0.001	0.002	0.2248	0.029	0.0699	0.001	0.2038	0.001	0.001	0.001	0.001	0.9401	0.3427	0.022	0.006	0.1409	0.003	0.1998	0.002	0.001	0.001	0.026	0.5295	0.026	0.0559	0.001	0.012	0.001	0.001	0.003	0.006	0.001	0.1469	0.001	0.001	0.047	0.001	0.982	0.004	0.7722	0.3277	0.005	0.001	0.001	0.001	0.001	0.0899	0.1548	0.004	0.001	0.001	0.001	0.001	0.3926	0.001	0.004	0.005	0.001	0.022	0.003	0.1009	0.001	0.0829	0.3626	0.001	0.3007	0.001	0.0899	0.001	0.1528	0.018	0.002	0.014	0.001	0.6733	0.001	0.001	0.012	0.2128	0.007	0.4316	0.98	0.006	0.001	0.6044	0.001	0.5105	0.012	0.005	0.001	0.3636	0.1369	0.001	0.001	0.2527	0.002	0.001	0.002	0.0599	0.001	0.003	0.004	0.7473	0.5904	0.001	0.8292	0.037	0.048	0.002	0.012	0.5734	0.3327	0.0999	0.6783	0.001	0.038	0.002	0.003	0.4805	0.001	0.001	0.4785	0.001	0.001	0.8881	0.004	0.001	0.001	0.001	0.001	0.042	0.022	0.1958	0.001	0.049	0.007	0.009	0.002	0.2028	0.022	0.001	0.001	0.001	0.001	0.001	0.001	0.965	0.1399	0.035	0.2627	0.004	0.001	0.042	0.02	0.001	0.6773	0.001	0.001	0.037	0.6254	0.1479	0.0739	0.001	0.008	0.013	0.001	0.001	0.003	0.01	0.002	0.001	0.2527	0.1489	0.034	0.049	0.002	0.0819	0.1528	0.001	0.017	0.032	0.001	0.0639	0.002	0.001	0.036	0.3756	0.4116	0.001	0.043	0.002	0.001	0.1548	0.001	0.03	0.001	0.001	0.001	0.032	0.001	0.6304	0.0819	0.001	0.8671	0.2268	0.001	0.6533	0.4416	0.2208	0.001	0.8462	0.001	0.001	0.4655	0.4416	0.002	0.001	0.023	0.001	0.0549	0.001	0.2687	0.001	0.001	0.001	0.001	0.2078	0.001	0.003	0.001	0.007	0.004	0.001	0.001	0.2637	0.001	0.4855	0.1598	0.1738	0.4645	0.4326	0.001	0.5315	0.7752	0.001	0.3706	0.005	0.001	0.001	0.01	0.001	0.001	0.6214	0.9471	0.001	0.0619	0.022	0.001
Gp_meta27_511	0.034	0.004	0.017	0.031	0.043	0.001	0.2687	0.001	0.001	0.3816	0.0569	0.004	0.001	0.003	1	0.0579	0.042	0.001	0.001	0.018	0.2657	0.8671	0.6893	0.03	0.6873	0.8402	0.026	0.7433	0.034	0.5055	0.1339	0.3606	0.2068	0.001	0.001	0.3387	0.001	0.2807	0.022	0.1339	0.0679	0.2468	0.2877	0.2517	0.001	0.043	0.4056	0.1818	0.0609	0.004	0.3377	0.001	0.0609	0.033	0.007	0.1009	0.037	0.0559	0.033	0.001	0.3536	0.004	0.8921	0.1528	0.001	0.7822	0.2717	0.3487	0.001	0.001	0.1309	0.02	0.001	0.1768	0.4496	0.1189	0.005	0.004	0.6064	0.6803	0.027	0.5654	0.001	0.1778	0.0819	0.2388	0.002	0.1888	0.7293	0.3127	0.0909	0.001	0.008	0.008	0.6174	0.0859	1	0.2987	0.006	0.011	0.001	0.01	0.0749	0.2318	0.3906	0.001	0.001	0.3027	0.1359	0.3037	0.9011	0.5405	0.013	0.1199	0.005	0.3556	0.4376	0.3027	0.1109	0.011	0.2168	0.1039	0.004	0.001	0.0869	0.008	0.009	0.3966	0.1059	0.0589	0.1049	0.005	0.5095	0.004	0.7183	0.017	0.001	0.009	0.001	0.1888	0.4256	0.6044	0.1978	0.016	0.002	0.005	0.1818	0.003	0.01	0.002	0.1419	0.002	0.1878	0.0549	0.1159	0.001	0.2947	0.001	0.043	0.6424	0.2378	0.001	0.001	0.3067	0.009	0.001	0.1698	0.018	0.001	0.001	0.2388	0.001	0.6474	0.029	0.7912	0.0929	0.018	0.9391	0.03	0.003	0.1409	0.1678	0.1808	0.05	0.0959	0.2098	0.013	0.5814	0.1548	0.001	0.2298	0.002	0.046	0.1369	0.006	0.017	0.035	0.006	0.001	0.4056	0.001	0.001	0.971	0.001	0.6793	0.001	0.2577	0.3626	0.003	0.1399	0.5125	0.1109	0.5644	0.001	0.003	0.005	0.002	0.001	0.032	0.9431	0.1049	0.8981	0.5415	0.001	0.3726	0.5914	0.023	0.1009	0.001	0.1159	0.001	0.2248	0.3147	0.7682	0.025	0.002	0.5345	0.001	0.0519	0.2507	0.006	0.001	0.001	0.1249	0.2657	0.1688	0.0799	0.001	0.6124	0.5145	0.004	0.983	0.8322	0.012	0.0599	0.05	0.001	0.006	0.8871	0.018	0.002	0.1618	0.022	0.003	0.2298	0.029	0.0969	0.003	0.029	0.0779	0.01	0.049	0.1089	0.3676	0.001	0.035	0.2488	0.001	0.3177	0.004	0.6813	0.02	0.8511	0.3726	0.011	0.2757	0.3506	0.001	0.0909	0.7043	0.001	0.7333	0.001	0.013	0.5105	0.003	0.001	0.002	0.1239	0.015	0.1089	0.1548	0.001	0.2937	0.001	0.021	0.045	0.3117	0.2837	0.028	0.3936	0.2128	0.4316	0.1788	0.5495	0.012	0.001	0.014	0.9251	0.001	0.0949	0.2238	0.008	0.001	0.1379	0.3846	0.028	0.03	0.5754	0.032
Sg_A01_16	0.2707	0.3636	0.038	0.2817	0.7253	0.035	0.969	0.007	0.8971	0.3197	0.4226	0.1089	0.7552	0.4915	0.0579	1	0.1878	0.3027	0.1289	0.8462	0.6943	0.9331	0.5994	0.8092	0.9411	0.8102	0.4406	0.7612	0.0949	0.032	0.8082	0.9111	0.6723	0.9411	0.9071	0.027	0.6444	0.1109	0.5714	0.2248	0.7463	0.1119	0.4176	0.9351	0.4635	0.0979	0.6344	0.6234	0.5495	0.4146	0.001	0.4705	0.001	0.6633	0.006	0.0859	0.6843	0.1928	0.2767	0.9491	0.005	0.8661	0.5864	0.6573	0.1678	0.8721	0.0709	0.4186	0.999	0.6374	0.7493	0.3656	0.9131	0.7173	0.8382	0.4945	0.5495	0.97	0.5864	0.4176	0.0809	0.7053	0.8082	0.3866	0.008	0.5055	0.967	0.0739	0.5734	0.6394	0.3576	0.6553	0.3207	0.018	0.3576	0.004	0.8901	0.4316	0.003	0.5135	0.7193	0.2637	0.4855	0.5914	0.1139	0.4246	0.006	0.1419	0.7013	0.981	0.7592	0.7842	0.8621	0.4935	0.2128	0.0869	0.8561	0.985	0.2148	0.007	0.5884	0.4615	0.961	0.1958	0.3037	0.4925	0.2278	0.8462	0.9471	0.991	0.1528	0.97	0.1119	0.6783	0.2458	0.3057	0.7912	0.042	0.4585	0.6693	0.1618	0.001	0.1618	0.8901	0.5504	0.6593	0.002	0.5814	0.5504	0.1958	0.001	0.008	0.001	0.7243	0.7762	0.1089	0.7932	0.2817	0.7303	0.99	0.4735	0.2727	0.026	0.975	0.4955	0.5554	0.6803	0.5774	0.7373	0.1419	0.2218	0.971	0.4136	0.043	0.006	0.002	0.7093	0.019	0.1109	0.0839	0.5095	0.7592	0.2398	0.3616	0.988	0.6533	0.9291	0.8691	0.3117	0.3726	0.0609	0.8172	0.7632	0.001	0.6274	0.966	0.002	0.7063	0.1399	0.1279	0.1479	0.8701	0.028	0.2517	0.3546	0.9151	0.3037	0.038	0.5674	0.2747	0.001	0.984	0.6813	0.965	0.4945	0.6883	0.8342	0.1628	0.8052	0.7862	0.005	0.0789	0.9411	0.6833	0.3037	0.3407	0.6074	0.002	0.7393	0.5684	0.4426	0.016	0.011	0.3307	0.8222	0.976	0.2448	0.1548	0.6893	0.3706	0.007	0.019	0.9321	0.3846	0.005	0.0629	0.023	0.012	0.1908	0.6124	0.2258	0.5225	0.0579	0.9361	0.3267	0.7962	0.8032	0.2917	0.1738	0.001	0.6983	0.1538	0.1588	0.5744	0.002	0.2338	0.1449	0.3427	0.01	0.7872	0.8891	0.8412	0.0629	0.1179	0.7842	0.001	0.002	0.4905	0.9461	0.043	0.3836	0.5854	0.3007	0.0849	0.4635	0.984	0.3836	0.4406	0.3856	0.001	0.952	0.3357	0.7882	0.2727	0.019	0.6523	0.4785	0.1069	0.001	0.4685	0.7333	0.9181	0.5704	0.4336	0.1259	0.4815	0.001	0.7902	0.001	0.004	0.1189	0.0789	0.03	0.0579	0.0579	0.4775	0.8392	0.2478	0.5395	0.5504	0.2398	0.8252	0.3876	0.01	0.002	0.1678	0.009	0.5055	0.0969	0.8062
Sg_A07_40	0.002	0.002	0.2507	0.3836	0.4096	0.001	0.2637	0.007	0.002	0.7063	0.002	0.7463	0.001	0.012	0.042	0.1878	1	0.003	0.001	0.1449	0.1838	0.2008	0.1489	0.2328	0.6264	0.1598	0.4166	0.031	0.9001	0.4216	0.2597	0.0799	0.1139	0.006	0.026	0.4935	0.001	0.6523	0.9161	0.1958	0.2048	0.0759	0.1319	0.002	0.017	0.007	0.036	0.039	0.0549	0.004	0.0579	0.1429	0.4765	0.2937	0.3906	0.035	0.026	0.954	0.0559	0.008	0.3187	0.011	0.6164	0.0939	0.001	0.1069	0.1329	0.031	0.022	0.005	0.0959	0.4665	0.0919	0.6613	0.7772	0.4176	0.004	0.2927	0.7912	0.2288	0.006	0.005	0.001	0.9241	0.2158	0.0819	0.5844	0.2647	0.2567	0.6394	0.1828	0.001	0.001	0.045	0.006	0.014	0.1588	0.002	0.0509	0.038	0.1848	0.1139	0.2977	0.012	0.4356	0.005	0.01	0.1598	0.008	0.2298	0.013	0.015	0.9271	0.2358	0.005	0.3956	0.2388	0.8751	0.0929	0.0719	0.2877	0.005	0.1848	0.001	0.038	0.3087	0.001	0.2827	0.2168	0.0639	0.4316	0.01	0.011	0.007	0.4156	0.1059	0.001	0.1469	0.011	0.0999	0.4885	0.964	0.2268	0.001	0.05	0.4835	0.6783	0.9271	0.5664	0.001	0.9021	0.1469	0.5944	0.5445	0.1608	0.5105	0.006	0.002	0.8921	0.007	0.015	0.002	0.001	0.3906	0.023	0.5165	0.8202	0.007	0.001	0.001	0.0979	0.001	0.5495	0.0829	0.01	0.0699	0.5405	0.8981	0.1149	0.6753	0.004	0.1059	0.3576	0.7922	0.3197	0.2527	0.2328	0.003	0.0639	0.011	0.1818	0.011	0.045	0.7023	0.009	0.001	0.4166	0.014	0.001	0.2647	0.038	0.001	0.001	0.022	0.1538	0.1289	0.5065	0.011	0.9171	0.03	0.4955	0.001	0.004	0.001	0.001	0.002	0.002	0.0689	0.0579	0.022	0.8861	0.6633	0.008	0.012	0.0879	0.3437	0.0559	0.8202	0.001	0.031	0.018	0.4995	0.8232	0.5594	0.011	0.1978	0.8412	0.002	0.04	0.001	0.2358	0.3836	0.001	0.2368	0.4316	0.0749	0.008	0.3177	0.2557	0.7792	0.0929	0.044	0.3676	0.002	0.001	0.001	0.001	0.9461	0.1838	0.012	0.002	0.023	0.2727	0.001	0.1109	0.004	0.0879	0.014	0.2068	0.021	0.4306	0.02	0.1039	0.3636	0.012	0.2498	0.5465	0.002	0.006	0.5724	0.981	0.003	0.1019	0.1239	0.9491	0.2787	0.1718	0.001	0.029	0.1449	0.011	0.0849	0.1688	0.01	0.1399	0.003	0.001	0.017	0.5435	0.002	0.5854	0.006	0.017	0.0649	0.008	0.002	0.018	0.0789	0.4605	0.9231	0.8851	0.0769	0.4306	0.002	0.3427	0.04	0.001	0.0829	0.5285	0.001	0.006	0.016	0.013	0.008	0.6284	0.6444	0.1209	0.1828	0.7562	0.1828
Sg_A11_10	0.001	0.001	0.0649	0.001	0.001	0.007	0.002	0.0519	0.001	0.1339	0.001	0.006	0.034	0.001	0.001	0.3027	0.003	1	0.002	0.3437	0.004	0.001	0.1538	0.001	0.006	0.025	0.012	0.015	0.016	0.2468	0.009	0.014	0.038	0.001	0.001	0.1828	0.001	0.3327	0.014	0.8931	0.2208	0.0599	0.008	0.1688	0.001	0.002	0.001	0.001	0.001	0.001	0.9101	0.001	0.7343	0.001	0.8531	0.001	0.001	0.979	0.2048	0.001	0.4685	0.001	0.042	0.001	0.005	0.4915	0.001	0.001	0.001	0.001	0.6763	0.8761	0.001	0.001	0.7862	0.1688	0.002	0.001	0.7163	0.002	0.001	0.001	0.001	0.8412	0.1948	0.1479	0.002	0.2068	0.001	0.003	0.001	0.001	0.001	0.2537	0.008	0.02	0.4336	0.001	0.1199	0.008	0.001	0.015	0.9091	0.001	0.2178	0.007	0.002	0.004	0.001	0.7093	0.0829	0.2947	0.3277	0.001	0.001	0.2587	0.001	0.001	0.009	0.3327	0.001	0.001	0.001	0.001	0.001	0.2208	0.001	0.001	0.001	0.001	0.1309	0.001	0.6913	0.001	0.4406	0.011	0.001	0.3706	0.001	0.001	0.001	0.3766	0.001	0.002	0.003	0.001	0.8601	0.001	0.001	0.004	0.6963	0.0509	0.9201	0.6424	0.002	0.001	0.004	0.014	0.5435	0.2008	0.044	0.01	0.002	0.5574	0.001	0.001	0.035	0.001	0.001	0.001	0.3726	0.004	0.001	0.0599	0.7612	0.1568	0.001	0.8631	0.1598	0.001	0.001	0.001	0.2817	0.05	0.8981	0.1638	0.001	0.4865	0.001	0.003	0.5015	0.004	0.001	0.6813	0.001	0.001	0.3307	0.001	0.004	0.1329	0.001	0.001	0.5964	0.002	0.988	0.001	0.5135	0.004	0.003	0.001	0.014	0.001	0.001	0.001	0.002	0.001	0.001	0.004	0.01	0.1988	0.01	0.005	0.001	0.001	0.8212	0.001	0.001	0.9011	0.001	0.001	0.4486	0.016	0.4685	0.001	0.001	0.001	0.4855	0.001	0.001	0.002	0.1948	0.011	0.001	0.034	0.2937	0.001	0.0529	0.033	0.001	0.001	0.003	0.2028	0.3107	0.001	0.0579	0.001	0.001	0.2947	0.001	0.7712	0.001	0.004	0.036	0.001	0.2787	0.001	0.6484	0.001	0.001	0.001	0.001	0.001	0.4346	0.3267	0.002	0.9451	0.3856	0.001	0.1828	0.0539	0.9441	0.001	0.1449	0.1159	0.001	0.0599	0.6394	0.021	0.0749	0.1708	0.001	0.001	0.001	0.008	0.2907	0.001	0.001	0.003	0.5724	0.001	0.016	0.001	0.1439	0.001	0.1079	0.001	0.008	0.001	0.7742	0.4635	0.2537	0.5255	0.4995	0.001	0.4905	0.014	0.001	0.7712	0.001	0.001	0.001	0.002	0.001	0.002	0.7672	0.9311	0.002	0.001	0.001	0.001
Sg_A11_12	0.006	0.003	0.004	0.006	0.7532	0.005	0.1748	0.023	0.001	0.8162	0.001	0.5844	0.001	0.001	0.001	0.1289	0.001	0.002	1	0.001	0.6963	0.4096	0.8631	0.0819	0.045	0.3996	0.1119	0.2787	0.6324	0.5504	0.0959	0.1758	0.034	0.001	0.001	0.7912	0.001	0.2577	0.0589	0.0529	0.4296	0.0969	0.6284	0.001	0.001	0.0909	0.01	0.004	0.2927	0.009	0.3586	0.017	0.3097	0.007	0.9021	0.002	0.009	0.1618	0.009	0.001	0.9361	0.004	0.2607	0.011	0.001	0.032	0.018	0.036	0.003	0.001	0.7243	0.001	0.0859	0.1359	0.2358	0.9241	0.036	0.004	0.2567	0.009	0.0729	0.016	0.001	0.961	0.5025	0.6114	0.025	0.026	0.2328	0.026	0.1758	0.001	0.001	0.2148	0.7632	0.8312	0.8302	0.016	0.0619	0.4386	0.008	0.6464	0.8751	0.1718	0.2547	0.001	0.032	0.8821	0.005	0.1119	0.1708	0.2148	0.6983	0.011	0.003	0.1139	0.017	0.042	0.9041	0.8681	0.037	0.011	0.001	0.001	0.001	0.011	0.001	0.005	0.05	0.001	0.001	0.001	0.0679	0.001	0.3776	0.02	0.001	0.6274	0.001	0.013	0.041	0.3307	0.2957	0.001	0.001	0.004	0.6893	0.0759	0.005	0.001	0.4975	0.4096	0.96	0.037	0.3956	0.0679	0.016	0.001	0.976	0.025	0.006	0.001	0.001	0.3107	0.01	0.001	0.0629	0.002	0.001	0.001	0.3447	0.001	0.0679	0.3986	0.5155	0.041	0.017	0.1109	0.1119	0.1169	0.0749	0.007	0.7013	0.003	0.8292	0.1768	0.002	0.013	0.001	0.001	0.9231	0.001	0.1199	0.4106	0.002	0.001	0.027	0.002	0.001	0.0769	0.001	0.001	0.008	0.001	0.0829	0.007	0.0559	0.006	0.0899	0.003	0.3726	0.001	0.014	0.001	0.001	0.001	0.001	0.0749	0.01	0.7193	0.01	0.4805	0.007	0.001	0.8781	0.044	0.01	0.8262	0.001	0.003	0.03	0.7722	0.01	0.958	0.004	0.003	0.2607	0.001	0.01	0.0509	0.4805	0.0569	0.001	0.4735	0.5185	0.4336	0.1219	0.6064	0.024	0.0629	0.001	0.004	0.1598	0.001	0.002	0.001	0.001	0.003	0.4376	0.005	0.001	0.001	0.03	0.001	0.003	0.001	0.7702	0.001	0.3796	0.005	0.0849	0.001	0.2557	0.4505	0.001	0.4965	0.8272	0.001	0.016	0.5574	0.6723	0.004	0.0879	0.0659	0.0809	0.3417	0.4735	0.001	0.0749	0.025	0.001	0.0569	0.001	0.006	0.0779	0.002	0.001	0.001	0.9241	0.001	0.04	0.003	0.001	0.1429	0.001	0.013	0.007	0.02	0.8851	0.2787	0.9061	0.8791	0.7493	0.001	0.8741	0.3287	0.001	0.5674	0.3706	0.001	0.002	0.006	0.001	0.024	0.7193	0.4086	0.3546	0.018	0.7942	0.002
Sg_A11_2	0.6244	0.001	0.009	0.009	0.046	0.1209	0.3107	0.8112	0.007	0.8052	0.026	0.5015	0.001	0.048	0.018	0.8462	0.1449	0.3437	0.001	1	0.1129	0.4775	0.3776	0.5534	0.015	0.8032	0.3407	0.5954	0.979	0.7852	0.0919	0.6094	0.0979	0.009	0.1269	0.6084	0.001	0.5744	0.1698	0.003	0.1548	0.2398	0.4845	0.036	0.0539	0.4266	0.958	0.1528	0.3117	0.2617	0.3237	0.2827	0.5934	0.0559	0.3087	0.1139	0.029	0.6204	0.023	0.1508	0.8152	0.035	0.8501	0.03	0.001	0.032	0.2687	0.5804	0.3157	0.025	0.2148	0.001	0.97	0.7742	0.003	0.1768	0.5435	0.028	0.02	0.2777	0.9051	0.2857	0.003	0.3716	0.3187	0.3447	0.3467	0.1359	0.3786	0.1479	0.8432	0.015	0.044	0.4216	0.7782	0.1518	0.3177	0.5045	0.5275	0.1578	0.6084	0.2517	0.006	0.7552	0.7562	0.001	0.6274	0.8621	0.1209	0.3457	0.2787	0.4276	0.5015	0.2697	0.999	0.8821	0.3267	0.2567	0.1459	0.3017	0.2248	0.2028	0.011	0.001	0.1638	0.9411	0.5305	0.0669	0.6953	0.012	0.045	0.007	0.4226	0.045	0.4585	0.04	0.001	0.7373	0.01	0.007	0.1658	0.0909	0.3437	0.001	0.002	0.1069	0.5884	0.1608	0.0529	0.001	0.6414	0.3806	0.9241	0.1279	0.8571	0.5165	0.3576	0.001	0.7852	0.7193	0.5744	0.001	0.006	0.7662	0.3297	0.013	0.1948	0.037	0.041	0.1039	0.8871	0.001	0.2338	0.7283	0.024	0.034	0.045	0.0579	0.1149	0.3686	0.7742	0.0839	0.8571	0.002	0.5255	0.2957	0.0739	0.4486	0.02	0.001	0.5055	0.2597	0.8262	0.3497	0.2767	0.009	0.0549	0.017	0.001	0.8332	0.02	0.004	0.2607	0.005	0.0949	0.039	0.4625	0.2767	0.5944	0.001	0.7093	0.001	0.1538	0.002	0.001	0.0539	0.003	0.6214	0.001	0.977	0.0799	0.9121	0.2158	0.003	0.2967	0.0789	0.1988	0.9051	0.001	0.1069	0.7602	0.95	0.1129	0.3017	0.5205	0.0699	0.027	0.001	0.3397	0.3506	0.2068	0.5425	0.033	0.0759	0.2737	0.9331	0.1538	0.5235	0.1479	0.2917	0.0919	0.3167	0.963	0.001	0.0609	0.009	0.1159	0.012	0.8252	0.1688	0.001	0.004	0.2428	0.008	0.047	0.004	0.4086	0.7413	0.3187	0.5125	0.2837	0.014	0.2967	0.4945	0.001	0.3686	0.7942	0.028	0.014	0.4665	0.2857	0.2208	0.0659	0.8372	0.3576	0.4535	0.1878	0.001	0.7732	0.034	0.003	0.005	0.014	0.1728	0.9031	0.1449	0.004	0.1319	0.8681	0.007	0.037	0.043	0.004	0.0649	0.003	0.3546	0.2587	0.2108	0.9001	0.3197	0.4895	0.1309	0.3756	0.1349	0.3397	0.9381	0.0909	0.5724	0.8831	0.013	0.0659	0.1419	0.006	0.4466	0.7253	0.5504	0.8531	0.018	0.1988	0.039
Sg_A11_47	0.9301	0.4446	0.0829	0.7552	0.5275	0.026	0.5095	0.002	0.3926	0.987	0.3427	0.0839	0.2767	0.009	0.2657	0.6943	0.1838	0.004	0.6963	0.1129	1	0.8891	0.3786	0.4336	0.1808	0.5604	0.6533	0.021	0.5385	0.2088	0.8132	0.2507	0.1578	0.6044	0.001	0.1139	0.2857	0.6513	0.9051	0.0959	0.0799	0.6194	0.047	0.008	0.021	0.045	0.023	0.4386	0.1099	0.1149	0.027	0.3357	0.1029	0.8701	0.033	0.8821	0.8192	0.021	0.9231	0.0559	0.7552	0.2967	0.5864	0.0869	0.5864	0.0889	0.1069	0.5395	0.8322	0.1858	0.0579	0.4565	0.019	0.2847	0.023	0.1009	0.1469	0.985	0.0749	0.4456	0.2328	0.7053	0.3996	0.1229	0.024	0.0779	0.4076	0.5954	0.6583	0.0719	0.6414	0.005	0.3027	0.012	0.2328	0.0779	0.961	0.2527	0.021	0.041	0.003	0.024	0.031	0.2178	0.6553	0.8801	0.017	0.4466	0.7942	0.1538	0.008	0.7273	0.1598	0.1578	0.0669	0.6214	0.5594	0.1658	0.0749	0.0709	0.2687	0.0619	0.7732	0.3716	0.6993	0.1768	0.5924	0.3986	0.5774	0.4905	0.961	0.7712	0.023	0.3966	0.989	0.1129	0.8102	0.031	0.1768	0.1508	0.5345	0.8172	0.9051	0.8591	0.6224	0.8711	0.3526	0.6214	0.5355	0.7303	0.4845	0.003	0.1758	0.3467	0.0619	0.1998	0.2507	0.4915	0.1908	0.6404	0.1179	0.1778	0.9441	0.1838	0.009	0.7602	0.1259	0.4186	0.023	0.1868	0.1219	0.3147	0.1808	0.025	0.5934	0.8911	0.1618	0.1079	0.4476	0.046	0.1618	0.5624	0.9351	0.4096	0.2318	0.3776	0.6144	0.004	0.5974	0.3886	0.4326	0.0649	0.038	0.4096	0.7013	0.1429	0.6793	0.6993	0.1688	0.6104	0.4545	0.2128	0.1289	0.6933	0.2957	0.1319	0.4106	0.7313	0.1449	0.6264	0.3177	0.3526	0.6084	0.5295	0.6773	0.048	0.2488	0.1618	0.4376	0.8511	0.1658	0.9221	0.4296	0.2388	0.1149	0.0829	0.5425	0.3387	0.2627	0.005	0.1349	0.5654	0.5624	0.2907	0.035	0.4695	0.016	0.2488	0.2957	0.4945	0.004	0.039	0.4555	0.1339	0.974	0.965	0.3556	0.005	0.1109	0.0809	0.6364	0.8631	0.8432	0.6883	0.017	0.7263	0.1389	0.8452	0.2408	0.2148	0.4755	0.9431	0.007	0.1019	0.2058	0.6084	0.046	0.3796	0.01	0.4715	0.7383	0.0989	0.3447	0.041	0.8402	0.7532	0.3497	0.3576	0.8901	0.3606	0.1558	0.4406	0.001	0.4665	0.2188	0.2817	0.5035	0.1578	0.001	0.8871	0.049	0.985	0.5634	0.2647	0.7433	0.2308	0.1648	0.1429	0.2987	0.5225	0.983	0.6853	0.3576	0.7972	0.2048	0.1718	0.5145	0.3477	0.988	0.004	0.7083	0.1958	0.4595	0.2867	0.1419	0.7403	0.045	0.0749	0.959	0.2887	0.1808	0.5664	0.2797	0.002	0.4376	0.3816	0.001	0.8591	0.015	0.3167
Sg_A15_26	0.001	0.2438	0.3826	0.5135	0.024	0.5834	0.1648	0.4436	0.016	0.2498	0.002	0.3636	0.0889	0.003	0.8671	0.9331	0.2008	0.001	0.4096	0.4775	0.8891	1	0.2008	0.002	0.0879	0.002	0.1908	0.0549	0.2787	0.1339	0.2448	0.001	0.7722	0.03	0.6364	0.3806	0.001	0.015	0.3187	0.8102	0.8501	0.8122	0.3387	0.2577	0.011	0.1668	0.044	0.002	0.0799	0.024	0.4026	0.8222	0.3526	0.001	0.0679	0.029	0.0869	0.1339	0.0829	0.001	0.4805	0.1409	0.2228	0.1059	0.5784	0.8581	0.0549	0.001	0.6563	0.5425	0.0899	0.1858	0.3087	0.2098	0.0759	0.1978	0.3417	0.004	0.5504	0.2098	0.037	0.001	0.0749	0.1658	0.5305	0.048	0.1189	0.3117	0.001	0.3387	0.001	0.3137	0.044	0.8651	0.1029	0.0879	0.047	0.001	0.3716	0.9431	0.2478	0.3706	0.4945	0.001	0.7133	0.9221	0.049	0.2328	0.001	0.6224	0.2008	0.3856	0.3526	0.005	0.0649	0.003	0.001	0.001	0.963	0.5255	0.007	0.1069	0.015	0.7393	0.004	0.2418	0.002	0.005	0.002	0.003	0.981	0.5784	0.1089	0.001	0.013	0.2737	0.4775	0.2667	0.001	0.971	0.004	0.7892	0.2627	0.995	0.5674	0.004	0.9081	0.0579	0.006	0.7013	0.5764	0.0569	0.966	0.2028	0.3377	0.024	0.1738	0.5664	0.1818	0.3506	0.3127	0.7393	0.1978	0.972	0.2987	0.3247	0.4965	0.023	0.002	0.0939	0.3017	0.2697	0.1928	0.968	0.98	0.1279	0.018	0.004	0.8741	0.8072	0.002	0.4436	0.8072	0.5554	0.3766	0.8222	0.001	0.8432	0.4086	0.4675	0.957	0.015	0.2248	0.1459	0.002	0.0509	0.2408	0.2108	0.9331	0.014	0.023	0.009	0.7892	0.5944	0.003	0.001	0.1209	0.6723	0.1269	0.4565	0.2348	0.4396	0.001	0.014	0.7942	0.002	0.012	0.1299	0.2108	0.2887	0.0729	0.001	0.005	0.7942	0.2178	0.026	0.002	0.2288	0.0719	0.049	0.8422	0.1009	0.3526	0.013	0.1948	0.97	0.4246	0.8382	0.001	0.3387	0.2198	0.4476	0.004	0.0759	0.9031	0.009	0.4106	0.5924	0.005	0.2887	0.1019	0.0659	0.2118	0.2078	0.4126	0.1009	0.03	0.8162	0.05	0.969	0.04	0.1119	0.1638	0.001	0.1479	0.008	0.3467	0.002	0.3467	0.001	0.032	0.0889	0.6763	0.5794	0.5065	0.2717	0.7742	0.001	0.98	0.2987	0.7832	0.001	0.8671	0.004	0.3776	0.5894	0.2328	0.4396	0.4775	0.3746	0.002	0.6214	0.1568	0.002	0.021	0.005	0.001	0.6464	0.8781	0.1638	0.4505	0.03	0.7433	0.2627	0.6374	0.1069	0.8651	0.1209	0.3347	0.992	0.0599	0.8432	0.1489	0.022	0.8831	0.4066	0.023	0.3187	0.0659	0.005	0.4825	0.2517	0.001	0.4316	0.3017	0.4086	0.0869	0.8691	0.007	0.5475
Sg_A17_17	0.3526	0.2198	0.3127	0.1928	0.003	0.1009	0.1169	0.037	0.3516	0.0699	0.1359	0.1269	0.4456	0.7772	0.6893	0.5994	0.1489	0.1538	0.8631	0.3776	0.3786	0.2008	1	0.7393	0.022	0.8112	0.0949	0.3437	0.3077	0.01	0.001	0.7393	0.001	0.0509	0.2627	0.3297	0.3217	0.021	0.1978	0.3337	0.5774	0.5315	0.002	0.4256	0.5514	0.7043	0.1508	0.959	0.1948	0.5385	0.0669	0.033	0.0579	0.033	0.047	0.0689	0.002	0.001	0.4865	0.3856	0.002	0.0859	0.9261	0.004	0.9111	0.009	0.1329	0.3207	0.013	0.1079	0.008	0.5894	0.4426	0.2727	0.01	0.017	0.1818	0.0649	0.0589	0.2507	0.5345	0.2827	0.4496	0.5584	0.019	0.1069	0.3586	0.1259	0.4755	0.3506	0.8472	0.2368	0.8462	0.5165	0.1169	0.3626	0.048	0.2208	0.2867	0.8581	0.1618	0.1578	0.003	0.0829	0.2448	0.6464	0.3397	0.996	0.2368	0.0989	0.3666	0.018	0.7572	0.3437	0.1748	0.039	0.2537	0.6823	0.98	0.003	0.1109	0.2128	0.1229	0.7213	0.4675	0.0589	0.3646	0.041	0.3407	0.028	0.992	0.018	0.028	0.1948	0.3936	0.002	0.8262	0.034	0.974	0.002	0.1059	0.0699	0.3566	0.1209	0.6234	0.2408	0.007	0.2388	0.1638	0.5914	0.011	0.014	0.1479	0.994	0.1419	0.2248	0.3017	0.8452	0.4835	0.996	0.5315	0.3077	0.8202	0.8731	0.7752	0.2488	0.042	0.0709	0.4955	0.8981	0.007	0.8501	0.003	0.041	0.9181	0.3287	0.007	0.1099	0.2078	0.972	0.6484	0.1459	0.01	0.01	0.1049	0.2977	0.6653	0.6014	0.033	0.5065	0.6643	0.7383	0.2028	0.037	0.2348	0.3696	0.1049	0.005	0.8382	0.012	0.3796	0.022	0.2148	0.1918	0.5365	0.0889	0.6553	0.1678	0.3407	0.1139	0.3756	0.1998	0.2857	0.011	0.7443	0.028	0.033	0.041	0.001	0.1009	0.3986	0.9101	0.1738	0.3696	0.0719	0.008	0.2947	0.039	0.028	0.5355	0.3776	0.0749	0.8631	0.0659	0.01	0.1189	0.033	0.6523	0.1459	0.6733	0.008	0.4555	0.0729	0.8831	0.3317	0.006	0.7762	0.3177	0.4086	0.0639	0.6953	0.3856	0.1648	0.1808	0.1389	0.7343	0.8591	0.3217	0.035	0.8981	0.005	0.1249	0.2398	0.1069	0.2188	0.0939	0.02	0.6094	0.8052	0.1748	0.013	0.7722	0.013	0.0679	0.9001	0.6663	0.009	0.7083	0.7672	0.0559	0.0769	0.3367	0.032	0.021	0.6553	0.1349	0.1089	0.9021	0.0629	0.4236	0.1988	0.001	0.3247	0.016	0.048	0.7253	0.1449	0.2717	0.022	0.023	0.034	0.1129	0.0729	0.001	0.1129	0.014	0.7223	0.4076	0.7303	0.0679	0.0929	0.004	0.042	0.4076	0.047	0.02	0.0509	0.05	0.005	0.03	0.1778	0.1159	0.2048	0.8242	0.029	0.001	0.1239	0.001	0.021	0.026
Sg_A19_11	0.001	0.0849	0.2458	0.0869	0.0619	0.6913	0.021	0.7423	0.001	0.001	0.001	0.5674	0.7722	0.001	0.03	0.8092	0.2328	0.001	0.0819	0.5534	0.4336	0.002	0.7393	1	0.012	0.006	0.001	0.2937	0.5395	0.4615	0.05	0.002	0.009	0.001	0.008	0.1628	0.001	0.003	0.001	0.9491	0.5524	0.015	0.024	0.0799	0.046	0.0889	0.028	0.001	0.6034	0.027	0.049	0.035	0.047	0.001	0.1419	0.006	0.002	0.6074	0.3576	0.01	0.8462	0.001	0.8701	0.038	0.8561	0.3067	0.1229	0.001	0.001	0.001	0.5175	0.6044	0.4815	0.003	0.1349	0.9371	0.8721	0.001	0.0649	0.001	0.3337	0.001	0.001	0.7902	0.4545	0.9101	0.001	0.0629	0.004	0.003	0.001	0.004	0.0519	0.8581	0.2667	0.7043	0.2997	0.001	0.8432	0.6034	0.005	0.8302	0.6873	0.001	0.3746	0.3087	0.1628	0.3656	0.001	0.4855	0.2677	0.6933	0.8402	0.001	0.6204	0.004	0.001	0.001	0.0989	0.8222	0.001	0.045	0.001	0.0589	0.001	0.4176	0.001	0.001	0.001	0.001	0.4046	0.036	0.2358	0.001	0.0719	0.001	0.0919	0.1189	0.001	0.039	0.001	0.8122	0.1089	0.4735	0.7972	0.001	0.7802	0.001	0.001	0.7622	0.8771	0.1159	0.8581	0.4815	0.3087	0.028	0.1888	0.3726	0.001	0.001	0.047	0.0889	0.1129	0.6124	0.1419	0.006	0.003	0.004	0.001	0.01	0.3656	0.1369	0.001	0.7453	0.9391	0.8392	0.001	0.9261	0.1978	0.2168	0.015	0.001	0.8262	0.4186	0.2268	0.4905	0.001	0.965	0.0709	0.0989	0.3127	0.002	0.023	0.3397	0.001	0.003	0.9281	0.003	0.1768	0.009	0.001	0.001	0.6104	0.0569	0.4036	0.001	0.002	0.1379	0.1808	0.025	0.5584	0.0639	0.001	0.001	0.1299	0.001	0.005	0.043	0.978	0.97	0.7323	0.002	0.001	0.1169	0.5674	0.001	0.001	0.6623	0.001	0.4725	0.001	0.6254	0.8242	0.002	0.1249	0.1968	0.2468	0.0549	0.001	0.2188	0.3936	0.1339	0.001	0.7792	0.2488	0.001	0.0759	0.6294	0.001	0.003	0.1149	0.002	0.008	0.017	0.1399	0.045	0.007	0.2478	0.2577	0.6533	0.001	0.002	0.2677	0.001	0.8352	0.001	0.1628	0.001	0.3656	0.001	0.001	0.011	0.1159	0.1239	0.5345	0.4915	0.7842	0.002	0.6074	0.4675	0.2198	0.001	0.2527	0.002	0.1578	0.3487	0.3536	0.2767	0.1029	0.0739	0.003	0.7742	0.018	0.2318	0.007	0.001	0.001	0.2058	0.998	0.007	0.001	0.008	0.4016	0.0799	0.021	0.3207	0.6663	0.014	0.6953	0.6094	0.039	0.5994	0.1758	0.003	0.2597	0.4156	0.004	0.3177	0.003	0.001	0.05	0.036	0.001	0.1229	0.7343	0.1598	0.7532	0.028	0.9211	0.04
Sg_A19_12	0.001	0.4975	0.4785	0.007	0.008	0.1119	0.0859	0.015	0.002	0.0649	0.006	0.025	0.2068	0.4046	0.6873	0.9411	0.6264	0.006	0.045	0.015	0.1808	0.0879	0.022	0.012	1	0.017	0.004	0.1978	0.1409	0.1139	0.003	0.1409	0.001	0.028	0.8971	0.3377	0.001	0.1039	0.015	0.003	0.7043	0.4585	0.001	0.4376	0.3357	0.4705	0.2987	0.003	0.023	0.2837	0.002	0.0589	0.2647	0.002	0.007	0.1968	0.001	0.015	0.2318	0.0639	0.993	0.001	0.1568	0.004	0.012	0.001	0.035	0.001	0.004	0.0579	0.01	0.1329	0.3716	0.029	0.3457	0.031	0.048	0.002	0.02	0.002	0.05	0.002	0.033	0.3037	0.4545	0.001	0.0569	0.2398	0.0819	0.001	0.028	0.5405	0.1009	0.006	0.008	0.0909	0.8571	0.1818	0.02	0.0819	0.041	0.2687	0.001	0.018	0.3407	0.01	0.2348	0.4416	0.001	0.0529	0.0689	0.003	0.3487	0.001	0.028	0.5125	0.005	0.001	0.955	0.0609	0.001	0.001	0.002	0.1419	0.002	0.003	0.021	0.001	0.002	0.001	0.6364	0.001	0.0639	0.002	0.023	0.001	0.003	0.04	0.001	0.001	0.001	0.2088	0.004	0.003	0.4555	0.024	0.8362	0.1508	0.001	0.011	0.978	0.0989	0.9331	0.8272	0.8741	0.8202	0.1928	0.0869	0.0559	0.7852	0.0769	0.5375	0.001	0.001	0.5734	0.02	0.002	0.021	0.0709	0.1229	0.002	0.03	0.0519	0.1099	0.977	0.2458	0.001	0.4825	0.5754	0.04	0.7393	0.009	0.1968	0.03	0.004	0.032	0.006	0.2667	0.1219	0.4306	0.043	0.4076	0.1079	0.985	0.005	0.0569	0.7582	0.001	0.0999	0.1898	0.1558	0.001	0.4645	0.043	0.7223	0.006	0.1079	0.1998	0.961	0.005	0.8482	0.001	0.001	0.002	0.014	0.007	0.005	0.7552	0.001	0.5754	0.5045	0.004	0.001	0.0729	0.035	0.001	0.001	0.9011	0.024	0.1558	0.981	0.008	0.6793	0.002	0.9451	0.031	0.0569	0.2627	0.031	0.7203	0.032	0.3467	0.001	0.041	0.1309	0.002	0.979	0.027	0.001	0.001	0.3377	0.1429	0.2827	0.001	0.2747	0.0739	0.1349	0.05	0.005	0.8751	0.001	0.002	0.3137	0.001	0.9111	0.004	0.003	0.008	0.2717	0.001	0.002	0.007	0.5055	0.006	0.003	0.7193	0.7552	0.004	0.012	0.2178	0.001	0.0639	0.01	0.2917	0.5534	0.9281	0.6414	0.2058	0.001	0.1099	0.004	0.01	0.001	0.038	0.1998	0.004	0.002	0.9111	0.999	0.001	0.002	0.003	0.7962	0.003	0.4116	0.0989	0.0659	0.02	0.0679	0.004	0.027	0.2517	0.2358	0.1658	0.003	0.1828	0.033	0.2268	0.01	0.001	0.023	0.003	0.001	0.991	0.6254	0.002	0.1389	0.001	0.1139	0.0839
Sg_A19_18	0.001	0.2507	0.96	0.0649	0.009	0.2438	0.012	0.0719	0.019	0.0869	0.002	0.3497	0.2697	0.03	0.8402	0.8102	0.1598	0.025	0.3996	0.8032	0.5604	0.002	0.8112	0.006	0.017	1	0.2687	0.006	0.1409	0.7423	0.4116	0.002	0.0999	0.001	0.1858	0.5614	0.001	0.2667	0.0779	0.037	0.2098	0.1998	0.033	0.0929	0.3357	0.2428	0.027	0.001	0.3956	0.002	0.019	0.0639	0.2867	0.001	0.001	0.01	0.2697	0.986	0.4266	0.006	0.8831	0.001	0.9281	0.002	0.9161	0.038	0.016	0.001	0.02	0.006	0.8372	0.6973	0.3566	0.0769	0.5824	0.5305	0.5085	0.001	0.0969	0.001	0.3007	0.001	0.001	0.5135	0.8402	0.012	0.2028	0.0709	0.003	0.0579	0.001	0.1169	0.048	0.0849	0.036	0.8911	0.006	0.001	0.0769	0.0649	0.03	0.8162	0.8671	0.001	0.8462	0.2577	0.0809	0.2637	0.001	0.001	0.7552	0.7003	0.6753	0.001	0.1888	0.038	0.001	0.001	0.015	0.035	0.001	0.009	0.001	0.5465	0.001	0.2957	0.001	0.001	0.001	0.001	0.0999	0.013	0.1079	0.001	0.001	0.001	0.1698	0.002	0.003	0.041	0.001	0.4995	0.1628	0.6633	0.0889	0.001	0.8172	0.1479	0.001	0.6094	0.6883	0.0629	0.9251	0.8791	0.0639	0.8142	0.6733	0.4356	0.002	0.015	0.3057	0.5784	0.0699	0.3956	0.4755	0.2547	0.004	0.0599	0.002	0.007	0.0919	0.2388	0.007	0.0549	0.952	0.5564	0.002	0.1129	0.1918	0.2747	0.0519	0.001	0.9041	0.1758	0.0689	0.8821	0.001	0.4575	0.1788	0.9421	0.4825	0.005	0.8821	0.4016	0.001	0.005	0.8172	0.002	0.6903	0.3017	0.1499	0.02	0.5764	0.029	0.982	0.003	0.007	0.027	0.3087	0.002	0.2527	0.002	0.001	0.002	0.2118	0.009	0.006	0.6813	0.9371	0.3836	0.8571	0.008	0.001	0.0719	0.6753	0.002	0.001	0.5245	0.047	0.3267	0.5764	0.7862	0.7932	0.001	0.1978	0.3037	0.6454	0.6274	0.001	0.015	0.007	0.1319	0.001	0.5145	0.6214	0.014	0.003	0.0669	0.001	0.002	0.3187	0.005	0.1658	0.2817	0.5914	0.2018	0.011	0.2997	0.012	0.975	0.001	0.033	0.3167	0.002	0.9171	0.001	0.5375	0.004	0.1678	0.001	0.013	0.007	0.2188	0.3107	0.4925	0.3037	0.7193	0.0539	0.014	0.0549	0.5455	0.001	0.1179	0.0959	0.4985	0.4246	0.4286	0.8272	0.6713	0.1319	0.022	0.95	0.004	0.0709	0.2927	0.003	0.002	0.8851	0.964	0.049	0.001	0.002	0.4955	0.1688	0.4885	0.048	0.3007	0.1009	0.6823	0.036	0.5405	0.5095	0.01	0.0549	0.017	0.1648	0.4456	0.001	0.015	0.001	0.046	0.025	0.001	0.1948	0.9131	0.001	0.5904	0.005	0.0999	0.3387
Sg_A19_36	0.001	0.002	0.1349	0.027	0.0519	0.4665	0.001	0.9361	0.001	0.001	0.001	0.1419	0.6913	0.034	0.026	0.4406	0.4166	0.012	0.1119	0.3407	0.6533	0.1908	0.0949	0.001	0.004	0.2687	1	0.8861	0.1518	0.972	0.002	0.1009	0.001	0.001	0.0919	0.9341	0.001	0.7572	0.001	0.973	0.3417	0.3706	0.001	0.7003	0.1319	0.014	0.7483	0.001	0.3526	0.4016	0.4036	0.002	0.0939	0.001	0.5175	0.003	0.002	0.029	0.3297	0.1518	0.5255	0.001	0.022	0.001	0.5445	0.0559	0.2108	0.002	0.001	0.001	0.031	0.5205	0.2687	0.001	0.001	0.2068	0.1069	0.001	0.003	0.004	0.047	0.003	0.001	0.1249	0.2038	0.2208	0.001	0.1608	0.1219	0.001	0.001	0.0519	0.2707	0.1489	0.2238	0.1329	0.8292	0.1898	0.7542	0.3656	0.2428	0.2937	0.2957	0.004	0.3826	0.1568	0.007	0.8132	0.001	0.1758	0.8661	0.4406	0.4785	0.001	0.987	0.7023	0.014	0.001	0.0659	0.995	0.001	0.05	0.001	0.1908	0.001	0.025	0.007	0.004	0.001	0.001	0.5255	0.002	0.6384	0.001	0.047	0.001	0.1059	0.5005	0.001	0.003	0.001	0.6224	0.008	0.045	0.0609	0.001	0.99	0.018	0.001	0.1119	0.6913	0.3506	0.4416	0.3636	0.036	0.004	0.7832	0.5425	0.008	0.1698	0.0949	0.5475	0.014	0.2228	0.1508	0.016	0.003	0.011	0.002	0.0929	0.0849	0.5355	0.003	0.3606	0.2498	0.3437	0.001	0.1259	0.003	0.046	0.2617	0.004	0.0759	0.044	0.034	0.3067	0.001	0.8881	0.047	0.2378	0.049	0.0749	0.001	0.8192	0.004	0.014	0.3706	0.001	0.2008	0.9291	0.003	0.001	0.4525	0.001	0.0719	0.001	0.01	0.5095	0.7512	0.008	0.3756	0.4446	0.001	0.001	0.0559	0.001	0.001	0.0829	0.005	0.3357	0.4665	0.002	0.001	0.1998	0.026	0.001	0.001	0.9221	0.001	0.1578	0.003	0.3706	0.7353	0.003	0.1698	0.01	0.3756	0.3187	0.007	0.1209	0.4486	0.008	0.001	0.4885	0.4176	0.001	0.6823	0.0939	0.008	0.002	0.4186	0.02	0.6583	0.003	0.5754	0.3317	0.1299	0.5325	0.1688	0.5544	0.001	0.001	0.5445	0.001	0.8242	0.001	0.0739	0.001	0.035	0.001	0.001	0.027	0.02	0.0659	0.1359	0.5185	0.6184	0.001	0.1239	0.4805	0.4855	0.011	0.0679	0.981	0.1638	0.6543	0.034	0.7493	0.9471	0.2597	0.001	0.019	0.001	0.2248	0.9241	0.013	0.001	0.3427	0.8521	0.002	0.002	0.016	0.5824	0.003	0.2807	0.1548	0.033	0.1668	0.2567	0.3546	0.7343	0.7642	0.3427	0.0699	0.7992	0.037	0.002	0.4356	0.004	0.001	0.1489	0.038	0.001	0.019	0.8621	0.0659	0.0879	0.003	0.2897	0.002
Sg_A19_51	0.016	0.8621	0.6663	0.7193	0.3127	0.2498	0.2967	0.0909	0.0659	0.5165	0.002	0.1469	0.5395	0.001	0.7433	0.7612	0.031	0.015	0.2787	0.5954	0.021	0.0549	0.3437	0.2937	0.1978	0.006	0.8861	1	0.037	0.6004	0.0779	0.001	0.1209	0.0609	0.003	0.3576	0.01	0.003	0.974	0.8212	0.7273	0.9311	0.0689	0.012	0.0549	0.991	0.001	0.033	0.001	0.011	0.1309	0.4925	0.1898	0.2897	0.1668	0.002	0.8002	0.001	0.1898	0.002	0.0619	0.1429	0.4236	0.5874	0.6014	0.3716	0.005	0.02	0.98	0.0629	0.001	0.5574	0.1489	0.1269	0.7802	0.012	0.3556	0.2008	0.3227	0.0859	0.011	0.001	0.031	0.0899	0.001	0.001	0.98	0.3706	0.029	0.7522	0.017	0.001	0.002	0.6683	0.8761	0.7373	0.1109	0.001	0.3626	0.0569	0.002	0.1938	0.001	0.001	0.035	0.7872	0.1089	0.001	0.004	0.5904	0.001	0.5734	0.4306	0.3247	0.001	0.001	0.1269	0.8202	0.4026	0.96	0.972	0.003	0.1568	0.1129	0.032	0.1409	0.009	0.2607	0.043	0.022	0.001	0.7732	0.7902	0.033	0.5674	0.5854	0.3586	0.6843	0.003	0.3167	0.023	0.015	0.1289	0.8112	0.7762	0.2617	0.042	0.4376	0.8571	0.5225	0.0779	0.9401	0.01	0.7662	0.4605	0.7083	0.5504	0.4925	0.6763	0.015	0.3297	0.0629	0.4595	0.1039	0.0949	0.1798	0.2977	0.1049	0.001	0.0999	0.003	0.2667	0.4206	0.3606	0.2957	0.5704	0.9071	0.6034	0.1459	0.9431	0.002	0.0989	0.8162	0.8671	0.015	0.7772	0.1958	0.4176	0.95	0.1259	0.004	0.001	0.0709	0.003	0.001	0.039	0.1518	0.7133	0.2348	0.001	0.4006	0.024	0.4525	0.1998	0.1089	0.0939	0.3307	0.007	0.4016	0.1618	0.6863	0.0509	0.006	0.027	0.4745	0.008	0.016	0.5185	0.0699	0.8452	0.1598	1	0.4276	0.014	0.001	0.7812	0.026	0.012	0.0769	0.0599	0.5564	0.5714	0.009	0.0799	0.2128	0.6913	0.1998	0.1908	0.002	0.001	0.8442	0.4486	0.003	0.1379	0.3357	0.9051	0.7742	0.7562	0.984	0.8751	0.012	0.02	0.009	0.1009	0.041	0.1469	0.002	0.5614	0.8312	0.6703	0.1419	0.7712	0.001	0.003	0.0819	0.0609	0.001	0.02	0.2338	0.009	0.3137	0.025	0.4575	0.026	0.8292	0.2547	0.017	0.0699	0.043	0.6573	0.031	0.002	0.8072	0.001	0.015	0.3147	0.1469	0.1698	0.001	0.001	0.007	0.5564	0.6344	0.043	0.002	0.0689	0.048	0.1069	0.037	0.2607	0.7133	0.006	0.1339	0.981	0.0879	0.011	0.3007	0.0639	0.8152	0.6823	0.0559	0.2727	0.001	0.002	0.034	0.4016	0.3906	0.7892	0.992	0.005	0.003	0.0529	0.048	0.1279	0.016	0.1878	0.1089	0.7423	0.001	0.3516
Sg_A20_2	0.7133	0.033	0.0729	0.001	0.0549	0.6903	0.014	0.5445	0.0579	0.2108	0.1758	0.001	0.3337	0.6833	0.034	0.0949	0.9001	0.016	0.6324	0.979	0.5385	0.2787	0.3077	0.5395	0.1409	0.1409	0.1518	0.037	1	0.001	0.044	0.2358	0.2018	0.023	0.3626	0.001	0.1459	0.001	0.6583	0.0839	0.006	0.045	0.001	0.5265	0.0769	0.012	0.035	0.8861	0.2877	0.7073	0.1668	0.023	0.3666	0.6314	0.009	0.4505	0.015	0.029	0.5265	0.5634	0.4426	0.011	0.9091	0.0559	0.6873	0.8861	0.4366	0.9411	0.008	0.04	0.0849	0.4915	0.3626	0.8472	0.2328	0.3826	0.008	0.3227	0.9491	0.8521	0.3546	0.3427	0.1858	0.003	0.6144	0.2547	0.3097	0.2078	0.1039	0.5095	0.8242	0.8901	0.4815	0.027	0.001	0.003	0.6693	0.4306	0.2927	0.03	0.7542	0.041	0.04	0.2757	0.001	0.6553	0.1399	0.006	0.6264	0.002	0.0509	0.003	0.001	0.3337	0.4026	0.001	0.7103	0.4296	0.0679	0.2887	0.1209	0.032	0.5245	0.6134	0.984	0.4266	0.7213	0.0849	0.2507	0.8891	0.3007	0.003	0.7303	0.1848	0.5934	0.8561	0.7063	0.003	0.027	0.2917	0.7972	0.4645	0.014	0.5694	0.0559	0.4955	0.9101	1	0.0739	0.7512	0.7493	0.05	0.5714	0.1389	0.001	0.043	0.1688	0.96	0.3497	0.001	0.6284	0.6703	0.1109	0.0559	0.6074	0.6883	0.7443	0.3606	0.2847	0.1099	0.0679	0.5664	0.7393	0.0509	0.5425	0.992	0.019	0.2707	0.1029	0.001	0.5415	0.6034	0.4186	0.8342	0.1249	0.4595	0.7253	0.3447	0.3047	0.6883	0.2008	0.034	0.002	0.5934	0.3956	0.3966	0.7033	0.1339	0.8042	0.001	0.9081	0.0519	0.3387	0.014	0.988	0.4016	0.3636	0.5934	0.2867	0.038	0.7483	0.1738	0.2408	0.0559	0.7952	0.012	0.006	0.4096	0.001	0.8671	0.1459	0.3417	0.4206	0.1099	0.1089	0.3636	0.6374	0.8342	0.2887	0.4276	0.7552	0.001	0.4086	0.4286	0.6503	0.025	0.2488	0.9471	0.2527	0.6893	0.0639	0.3137	0.1868	0.3077	0.5175	0.023	0.7872	0.045	0.3087	0.3377	0.8981	0.048	0.001	0.1618	0.3337	0.0989	0.9261	0.0659	0.009	0.1988	0.0679	0.7443	0.0809	0.1738	0.8092	0.048	0.7832	0.0649	0.1429	0.6833	0.4535	0.2418	0.7243	0.7323	0.995	0.1289	0.7393	0.1229	0.2108	0.001	0.3626	0.2038	0.1658	0.001	0.1039	0.5954	0.2178	0.2667	0.1938	0.1888	0.0689	0.003	0.002	0.001	0.001	0.0529	0.05	0.0979	0.8941	0.0829	0.0869	0.3187	0.6304	0.003	0.5864	0.007	0.007	0.2308	0.0569	0.008	0.001	0.5485	0.01	0.03	0.0629	0.005	0.003	0.5455	0.958	0.2707	0.8641	0.7193	0.1489	0.001	0.8571	0.1179	0.014	0.1079	0.7213	0.1748
Sg_A20_35	0.5824	0.3137	0.005	0.002	0.041	0.3247	0.2258	0.4685	0.1518	0.4386	0.4196	0.001	0.4046	0.7153	0.5055	0.032	0.4216	0.2468	0.5504	0.7852	0.2088	0.1339	0.01	0.4615	0.1139	0.7423	0.972	0.6004	0.001	1	0.0539	0.4286	0.1049	0.1489	0.4735	0.001	0.3047	0.001	0.4086	0.037	0.007	0.971	0.008	0.7822	0.9111	0.0849	0.0939	0.4695	0.8701	0.4106	0.7333	0.019	0.3017	0.6404	0.1938	0.6723	0.021	0.003	0.1489	0.1089	0.8641	0.1399	0.004	0.037	0.9461	0.974	0.6853	0.8541	0.016	0.0529	0.2248	0.4505	0.8521	0.031	0.1938	0.3387	0.009	0.6184	0.6444	0.4645	0.963	0.7562	0.6004	0.001	0.2048	0.1249	0.5584	0.033	0.2577	0.05	0.0989	0.8262	0.6783	0.6753	0.001	0.1239	0.1688	0.1608	0.8961	0.1129	0.8531	0.3167	0.024	0.7882	0.001	0.9441	0.965	0.012	0.2677	0.1289	0.0789	0.001	0.01	0.96	0.5884	0.001	0.3556	0.7882	0.5365	0.5634	0.045	0.4955	0.8462	0.5325	0.8771	0.1479	0.3357	0.011	0.9221	0.7532	0.0909	0.021	0.025	0.4815	0.4685	0.2987	0.9211	0.05	0.0709	0.1908	0.3167	0.1189	0.004	0.7393	0.3157	0.7662	0.5245	0.2188	0.988	1	0.954	0.7642	0.0559	0.043	0.3087	0.7103	0.2058	0.8262	0.8821	0.001	0.7283	0.4625	0.004	0.1868	0.0989	0.1419	0.3347	0.6513	0.5475	0.2507	0.001	0.9161	0.2218	0.6044	0.1329	0.4745	0.0649	0.3716	0.4486	0.001	0.4525	0.5445	0.1698	0.3407	0.0729	0.1019	0.2238	0.4386	0.5934	0.6234	0.5984	0.2198	0.2248	0.5385	0.5974	0.3766	0.8581	0.041	0.2827	0.001	0.2747	0.1608	0.0629	0.0749	0.8551	0.8122	0.5405	0.4206	0.5854	0.1109	0.023	0.8891	0.7163	0.1029	0.6733	0.1139	0.1129	0.5714	0.007	0.0679	0.6094	0.4545	0.4545	0.7333	0.2168	0.4006	0.1928	0.5285	0.8701	0.9051	0.8182	0.001	0.1349	0.9311	0.1149	0.5145	0.4955	0.9351	0.0899	0.7712	0.8561	0.4685	0.4336	0.9391	0.1708	0.006	0.3227	0.3516	0.2038	0.5864	0.029	0.009	0.001	0.1069	0.2488	0.1968	0.7443	0.04	0.001	0.0619	0.1189	0.2567	0.001	0.2078	0.1279	0.2188	0.3726	0.977	0.3287	0.2797	0.5105	0.8631	0.3497	0.3477	0.5255	0.001	0.7123	0.2028	0.007	0.005	0.2338	0.0989	0.6464	0.001	0.0919	0.3896	0.1678	0.4186	0.2498	0.0659	0.3786	0.003	0.1139	0.003	0.001	0.034	0.1968	0.9331	0.4176	0.0639	0.012	0.6294	0.2098	0.004	0.1508	0.015	0.001	0.1259	0.011	0.0909	0.001	0.0999	0.042	0.003	0.5774	0.1099	0.8671	0.7572	0.4545	0.4286	0.993	0.3287	0.4985	0.03	0.6723	0.025	0.3357	0.0839	0.7772	0.6873
Sg_A22_19	0.009	0.002	0.1269	0.001	0.005	0.4665	0.008	0.011	0.004	0.001	0.003	0.016	0.2008	0.1628	0.1339	0.8082	0.2597	0.009	0.0959	0.0919	0.8132	0.2448	0.001	0.05	0.003	0.4116	0.002	0.0779	0.044	0.0539	1	0.5974	0.001	0.001	0.2088	0.7902	0.006	0.021	0.005	0.0639	0.8102	0.8961	0.001	0.6603	0.2577	0.4635	0.1209	0.003	0.0759	0.3057	0.001	0.001	0.0799	0.002	0.01	0.035	0.001	0.001	0.2577	0.5854	0.0539	0.001	0.6294	0.001	0.1219	0.001	0.1588	0.005	0.001	0.001	0.001	0.2747	0.4595	0.002	0.002	0.001	0.006	0.001	0.001	0.002	0.2987	0.018	0.001	0.4975	0.6284	0.014	0.1858	0.041	0.5295	0.003	0.6114	0.2847	0.6953	0.3357	0.3057	0.1479	0.3117	0.1848	0.014	0.6603	0.3107	0.1279	0.001	0.041	0.03	0.0739	0.4216	0.4805	0.011	0.008	0.002	0.014	0.5085	0.002	0.0729	0.023	0.003	0.001	0.7532	0.003	0.001	0.0969	0.004	0.2008	0.004	0.011	0.042	0.001	0.0649	0.001	0.7892	0.001	0.005	0.001	0.962	0.001	0.013	0.008	0.031	0.001	0.001	0.1299	0.01	0.021	0.1259	0.001	0.4196	0.1768	0.001	0.1079	0.1948	0.008	0.9251	0.6494	0.002	0.1449	0.0509	0.2997	0.013	0.8551	0.972	0.6603	0.0819	0.041	0.6494	0.0949	0.001	0.006	0.0639	0.6254	0.001	0.0549	0.001	0.0659	0.3716	0.9191	0.001	0.7592	0.0999	0.4765	0.9391	0.031	0.005	0.001	0.001	0.9061	0.004	0.7433	0.001	0.4416	0.0779	0.8282	0.4126	0.6274	0.015	0.4086	0.7912	0.001	0.1259	0.018	0.1309	0.001	0.8362	0.003	0.003	0.005	0.1329	0.2078	0.7822	0.001	0.3237	0.2158	0.1089	0.001	0.014	0.007	0.001	0.9491	0.001	0.1648	0.5884	0.028	0.001	0.0929	0.001	0.001	0.001	0.2108	0.001	0.9261	0.1189	0.011	0.7942	0.002	0.031	0.012	0.001	0.2817	0.038	0.2098	0.004	0.1978	0.001	0.2557	0.0819	0.001	0.8591	0.026	0.001	0.001	0.9241	0.8991	0.036	0.001	0.015	0.3866	0.4346	0.026	0.1508	0.956	0.001	0.002	0.001	0.013	0.1049	0.001	0.001	0.002	0.968	0.001	0.001	0.4106	0.001	0.001	0.035	0.8162	0.1868	0.01	0.7203	0.011	0.001	0.034	0.001	0.023	0.8761	0.016	0.987	0.3936	0.001	0.2627	0.02	0.001	0.002	0.001	0.01	0.015	0.001	0.3007	0.2318	0.001	0.005	0.001	0.3277	0.001	0.7223	0.001	0.05	0.1419	0.3167	0.001	0.008	0.008	0.1059	0.7393	0.001	0.002	0.017	0.2218	0.001	0.003	0.046	0.004	0.01	0.3546	0.3367	0.001	0.045	0.001	0.019	0.001
Sg_A22_22	0.001	0.1179	0.3317	0.8721	0.3966	0.1838	0.002	0.1319	0.004	0.0589	0.002	0.6454	0.5485	0.002	0.3606	0.9111	0.0799	0.014	0.1758	0.6094	0.2507	0.001	0.7393	0.002	0.1409	0.002	0.1009	0.001	0.2358	0.4286	0.5974	1	0.5594	0.018	0.033	0.0979	0.001	0.009	0.004	0.7203	0.6384	0.6713	0.7812	0.0649	0.001	0.1678	0.002	0.002	0.1978	0.001	0.8591	0.1668	0.3057	0.002	0.2537	0.003	0.5754	0.002	0.1329	0.001	0.6643	0.0699	0.046	0.2428	0.9051	0.0939	0.001	0.001	0.028	0.007	0.03	0.1938	0.2288	0.1768	0.1638	0.01	0.2288	0.001	0.0549	0.001	0.001	0.001	0.004	0.4955	0.2028	0.003	0.6833	0.2318	0.001	0.3047	0.001	0.002	0.006	0.4406	0.9241	0.2278	0.1289	0.001	0.6214	0.1568	0.018	0.005	0.7333	0.001	0.1698	0.3666	0.033	0.1129	0.001	0.7043	0.3576	0.8501	0.5355	0.008	0.005	0.002	0.001	0.004	0.4166	0.8501	0.005	0.001	0.002	0.0689	0.001	0.5904	0.003	0.004	0.002	0.002	0.045	0.5165	0.2418	0.001	0.004	0.1788	0.3287	0.1159	0.001	0.6374	0.002	0.6054	0.1319	0.3656	0.1479	0.001	0.3197	0.3017	0.006	0.7453	0.3766	0.7612	0.1069	0.008	0.3177	0.017	0.2647	0.4396	0.2358	0.017	0.009	0.047	0.049	0.4026	0.018	0.5335	0.039	0.004	0.001	0.006	0.1249	0.2308	0.0519	0.6044	0.7143	0.6404	0.011	0.2667	0.5624	0.3497	0.001	0.0879	0.5754	0.3676	0.1029	0.4406	0.001	0.3716	0.018	0.1808	0.0709	0.001	0.0759	0.7043	0.001	0.011	0.8631	0.012	0.1738	0.013	0.045	0.001	0.3526	0.0659	0.001	0.04	0.034	0.007	0.0549	0.5165	0.5325	0.004	0.003	0.005	0.2268	0.002	0.002	0.014	0.0809	0.6424	0.2468	0.0969	0.015	0.3986	0.028	0.001	0.003	0.9231	0.013	0.0659	0.1049	0.04	0.1738	0.1209	0.015	0.4805	0.1499	0.1149	0.001	0.005	0.8092	0.2358	0.001	0.01	0.5155	0.0689	0.7982	0.8082	0.009	0.032	0.022	0.007	0.028	0.029	0.1169	0.4136	0.005	0.982	0.2008	0.3946	0.001	0.023	0.006	0.001	0.8631	0.001	0.1219	0.002	0.1638	0.001	0.0589	0.035	0.0699	0.0509	0.4136	0.1578	0.2208	0.003	0.5914	0.6434	0.2907	0.001	0.9231	0.006	0.0959	0.4645	0.965	0.1179	0.025	0.049	0.001	0.991	0.002	0.038	0.005	0.001	0.01	0.4246	0.2737	0.2108	0.2907	0.0749	0.6454	0.8102	0.0609	0.004	0.7932	0.1828	0.5634	0.3037	0.1309	0.9051	0.027	0.001	0.4086	0.5654	0.008	0.8052	0.023	0.001	0.008	0.018	0.001	0.3297	0.963	0.042	0.1279	0.9471	0.003	0.044
Sg_A22_3	0.002	0.037	0.03	0.002	0.008	0.035	0.001	0.003	0.003	0.001	0.001	0.1199	0.2517	0.4346	0.2068	0.6723	0.1139	0.038	0.034	0.0979	0.1578	0.7722	0.001	0.009	0.001	0.0999	0.001	0.1209	0.2018	0.1049	0.001	0.5594	1	0.001	0.2647	0.4565	0.001	0.011	0.001	0.0859	0.7722	0.6234	0.001	0.5674	0.7223	0.2957	0.2048	0.001	0.0809	0.5924	0.001	0.001	0.0969	0.001	0.003	0.009	0.001	0.001	0.8272	0.3397	0.1978	0.001	0.2937	0.001	0.0759	0.001	0.033	0.001	0.001	0.001	0.001	0.7473	0.961	0.001	0.001	0.001	0.009	0.001	0.001	0.002	0.7323	0.009	0.001	0.5554	0.7403	0.029	0.009	0.1319	0.967	0.001	0.1558	0.4655	0.8681	0.3087	0.02	0.7163	0.7952	0.05	0.0579	0.7892	0.5764	0.8921	0.004	0.005	0.4805	0.0789	0.6014	0.4815	0.002	0.009	0.1479	0.1319	0.012	0.001	0.3536	0.0789	0.001	0.001	0.8002	0.008	0.001	0.021	0.001	0.0929	0.001	0.001	0.016	0.001	0.001	0.001	0.8402	0.001	0.036	0.001	0.9241	0.001	0.013	0.009	0.004	0.001	0.001	0.2398	0.001	0.003	0.0959	0.001	0.7293	0.0639	0.001	0.006	0.7353	0.011	0.3217	0.3816	0.1938	0.0709	0.3117	0.2238	0.002	0.5504	0.9461	0.3437	0.0979	0.035	0.7652	0.043	0.001	0.005	0.032	0.3516	0.001	0.0729	0.001	0.2488	0.3107	0.6334	0.001	0.5155	0.003	0.6234	0.7283	0.002	0.011	0.001	0.001	0.1698	0.001	0.5644	0.003	0.3147	0.007	0.6793	0.1868	0.7882	0.007	0.0709	0.6863	0.001	0.0909	0.036	0.0659	0.001	0.7912	0.003	0.002	0.001	0.029	0.2657	0.992	0.001	0.4985	0.004	0.003	0.001	0.003	0.006	0.003	0.3886	0.001	0.952	0.4166	0.045	0.001	0.011	0.001	0.001	0.001	0.5834	0.001	0.7662	0.031	0.0639	0.8212	0.001	0.0509	0.01	0.001	0.0749	0.0789	0.4605	0.003	0.5774	0.001	0.2128	0.3886	0.001	0.5984	0.1249	0.001	0.001	0.6663	0.0659	0.0889	0.001	0.031	0.4725	0.012	0.2038	0.0599	0.967	0.001	0.003	0.043	0.011	0.4026	0.001	0.001	0.002	0.7872	0.001	0.001	0.0979	0.001	0.001	0.014	0.9031	0.3816	0.001	0.048	0.2278	0.001	0.0599	0.001	0.0789	0.0999	0.0609	0.9111	0.1858	0.003	0.2727	0.025	0.001	0.001	0.003	0.027	0.008	0.001	0.042	0.8551	0.001	0.003	0.012	0.2098	0.001	0.972	0.002	0.004	0.4326	0.981	0.001	0.0559	0.1479	0.1039	0.5275	0.1019	0.001	0.01	0.1179	0.001	0.004	0.004	0.001	0.003	0.8442	0.7782	0.007	0.0569	0.001	0.0629	0.001
Sg_A22_8	0.001	0.001	0.037	0.001	0.001	0.012	0.001	0.5225	0.001	0.001	0.001	0.017	0.0619	0.001	0.001	0.9411	0.006	0.001	0.001	0.009	0.6044	0.03	0.0509	0.001	0.028	0.001	0.001	0.0609	0.023	0.1489	0.001	0.018	0.001	1	0.001	0.2727	0.001	0.9101	0.005	0.1538	0.3017	0.5375	0.001	0.1369	0.001	0.003	0.012	0.001	0.001	0.001	0.3806	0.001	0.8272	0.001	0.1359	0.001	0.001	0.02	0.5894	0.001	0.7662	0.001	0.2827	0.001	0.013	0.002	0.001	0.001	0.001	0.001	0.0549	0.0949	0.012	0.001	0.013	0.4675	0.008	0.001	0.001	0.001	0.001	0.001	0.001	0.4486	0.3067	0.1269	0.001	0.97	0.001	0.001	0.008	0.001	0.001	0.1908	0.003	0.014	0.1259	0.001	0.2048	0.048	0.004	0.01	0.6084	0.001	0.1568	0.001	0.005	0.011	0.001	0.2537	0.3926	0.1698	0.2168	0.001	0.001	0.6793	0.001	0.001	0.2757	0.8112	0.001	0.001	0.001	0.001	0.001	0.0929	0.001	0.001	0.001	0.001	0.1988	0.001	0.0569	0.001	0.1009	0.001	0.001	0.6024	0.001	0.001	0.001	0.7542	0.001	0.002	0.005	0.001	0.0739	0.001	0.001	0.001	0.3377	0.3027	0.022	0.9421	0.001	0.001	0.018	0.001	0.036	0.0879	0.0599	0.011	0.001	0.7363	0.001	0.002	0.001	0.001	0.001	0.001	0.6683	0.009	0.001	0.0929	0.7393	0.007	0.001	0.6643	0.041	0.003	0.001	0.001	0.003	0.001	0.028	0.0629	0.001	0.979	0.001	0.006	0.7732	0.1528	0.001	0.025	0.001	0.001	0.008	0.001	0.001	0.3467	0.001	0.001	0.1988	0.001	0.0619	0.001	0.037	0.002	0.001	0.001	0.1588	0.002	0.001	0.001	0.001	0.001	0.001	0.006	0.001	0.043	0.5814	0.001	0.001	0.001	0.032	0.001	0.001	0.2947	0.001	0.001	0.031	0.013	0.9271	0.001	0.001	0.001	0.0959	0.002	0.001	0.001	0.7003	0.03	0.001	0.4026	0.9201	0.001	0.012	0.2388	0.001	0.001	0.013	0.01	0.1688	0.001	0.049	0.005	0.001	0.2408	0.001	0.1479	0.001	0.001	0.8771	0.001	0.983	0.001	0.4745	0.001	0.002	0.001	0.001	0.001	0.1858	0.3786	0.003	0.7483	0.5425	0.001	0.0829	0.2517	0.4825	0.001	0.001	0.3497	0.005	0.5904	0.4985	0.013	0.8711	0.9411	0.001	0.001	0.001	0.01	0.8781	0.001	0.001	0.018	0.1239	0.001	0.001	0.001	0.4246	0.001	0.0949	0.001	0.001	0.001	0.5994	0.7073	0.2517	0.021	0.018	0.001	0.3357	0.001	0.001	0.5365	0.001	0.001	0.001	0.001	0.001	0.003	0.3297	0.1738	0.012	0.001	0.1149	0.001
Sg_A24_54	0.009	0.004	0.001	0.019	0.4266	0.003	0.013	0.008	0.001	0.3776	0.001	0.0829	0.001	0.001	0.001	0.9071	0.026	0.001	0.001	0.1269	0.001	0.6364	0.2627	0.008	0.8971	0.1858	0.0919	0.003	0.3626	0.4735	0.2088	0.033	0.2647	0.001	1	0.6823	0.001	0.3237	0.004	0.2308	0.1528	0.9351	0.8981	0.001	0.001	0.024	0.001	0.037	0.014	0.001	0.8611	0.001	0.0929	0.004	0.4326	0.003	0.011	0.027	0.2717	0.001	0.3497	0.048	0.7183	0.3756	0.016	0.994	0.002	0.045	0.001	0.001	0.6314	0.3417	0.002	0.1808	0.99	0.4735	0.012	0.007	0.987	0.024	0.034	0.026	0.001	0.1678	0.1209	0.039	0.006	0.043	0.3407	0.3167	0.0769	0.001	0.001	0.043	0.3187	0.0899	0.5185	0.001	0.0639	0.013	0.001	0.007	0.023	0.005	0.7493	0.002	0.001	0.049	0.001	0.8422	0.0519	0.3427	0.3047	0.0519	0.001	0.0989	0.0549	0.0849	0.1019	0.4815	0.1479	0.001	0.012	0.001	0.003	0.1039	0.004	0.1119	0.047	0.015	0.006	0.009	0.9491	0.001	0.4396	0.3087	0.001	0.3047	0.001	0.0999	0.008	0.2348	0.024	0.006	0.025	0.008	0.3656	0.039	0.007	0.005	0.4505	0.024	0.1518	0.042	0.011	0.001	0.028	0.002	0.5644	0.048	0.018	0.001	0.3716	0.3886	0.001	0.028	0.7582	0.001	0.001	0.002	0.4176	0.001	0.2368	0.0809	0.956	0.6184	0.1489	0.046	0.1139	0.04	0.0619	0.003	0.6084	0.035	0.9241	0.0699	0.004	0.039	0.008	0.001	0.7782	0.001	0.001	0.2917	0.001	0.001	0.8881	0.002	0.001	0.2907	0.001	0.001	0.1658	0.003	0.7922	0.008	0.2198	0.001	0.001	0.033	0.7712	0.004	0.05	0.001	0.001	0.001	0.001	0.008	0.3277	0.5065	0.001	0.6773	0.0929	0.001	0.6454	0.2008	0.011	0.3926	0.001	0.001	0.005	0.3916	0.006	0.7682	0.002	0.016	0.3776	0.001	0.001	0.005	0.046	0.009	0.001	0.8122	0.5045	0.2408	0.1329	0.007	0.4456	0.0759	0.001	0.0649	1	0.002	0.002	0.005	0.001	0.1978	0.5784	0.3497	0.001	0.2128	0.002	0.001	0.003	0.001	0.2328	0.001	0.02	0.021	0.001	0.001	0.4955	0.3087	0.001	0.7962	0.1459	0.003	0.6064	0.4685	0.4625	0.002	0.1998	0.1159	0.007	0.1159	0.7293	0.001	0.002	0.02	0.001	0.03	0.002	0.019	0.3307	0.001	0.001	0.003	0.2667	0.003	0.002	0.005	0.006	0.05	0.001	0.002	0.2088	0.002	0.8711	0.2078	0.9371	0.7772	0.959	0.001	0.6913	0.0719	0.001	0.1728	0.03	0.001	0.001	0.018	0.001	0.001	0.2777	0.8382	0.001	0.01	0.001	0.001
Sg_A27_23	0.6424	0.3437	0.041	0.02	0.2038	0.8042	0.2238	0.7153	0.3836	0.962	0.8222	0.001	0.6094	0.2937	0.3387	0.027	0.4935	0.1828	0.7912	0.6084	0.1139	0.3806	0.3297	0.1628	0.3377	0.5614	0.9341	0.3576	0.001	0.001	0.7902	0.0979	0.4565	0.2727	0.6823	1	0.6384	0.001	0.1429	0.0759	0.001	0.7173	0.1219	0.6573	0.3776	0.0549	0.2048	0.8292	0.7253	0.7742	0.1329	0.032	0.0599	0.0699	0.028	0.4496	0.0539	0.049	0.2727	0.3027	0.986	0.5105	0.049	0.3856	0.9141	0.5085	0.5245	0.6144	0.041	0.1858	0.7862	0.3377	0.3626	0.008	0.6903	0.8372	0.0569	0.4056	0.9431	0.6793	0.5704	0.975	0.7243	0.001	0.1429	0.3437	0.3477	0.011	0.1059	0.012	0.957	0.1878	0.6543	0.1199	0.001	0.014	0.4076	0.0579	0.2148	0.1209	0.4975	0.6214	0.0659	0.4525	0.001	0.8342	0.5075	0.002	0.984	0.004	0.1219	0.002	0.001	0.8511	0.6613	0.001	0.1678	0.3177	0.1808	0.0829	0.4675	0.5145	0.3327	0.8292	0.3886	0.6034	0.1429	0.2418	0.3007	0.4356	0.0819	0.0769	0.6613	0.8352	0.8971	0.2957	0.8651	0.001	0.0559	0.9271	0.6803	0.0849	0.047	0.8012	0.1508	0.4416	0.6494	0.2298	0.7433	0.8212	0.6264	0.047	0.03	0.012	0.4755	0.8412	0.4545	0.9061	0.1508	0.001	0.4206	0.7403	0.007	0.2767	0.0819	0.1628	0.1389	0.7273	0.4316	0.4436	0.2687	0.4186	0.2458	0.2767	0.2737	0.3127	0.7393	0.3686	0.6953	0.001	0.953	0.2647	0.3237	0.0989	0.2847	0.5325	0.1718	0.3427	0.4895	0.968	0.6943	0.2348	0.1738	0.4675	0.4236	0.6064	0.6044	0.1678	0.3027	0.001	0.4416	0.2687	0.0879	0.03	0.8561	0.7483	0.4935	0.2647	0.9471	0.5614	0.031	0.984	0.3017	0.3337	0.3307	0.0899	0.2288	0.8012	0.017	0.0609	0.8202	0.4196	0.8022	0.8521	0.95	0.8611	0.5654	0.5145	0.983	0.2607	0.2937	0.001	0.1888	0.4765	0.2098	0.6863	0.0509	0.5844	0.0529	0.8312	0.044	0.8541	0.5824	0.4116	0.7982	0.0519	0.4386	0.1299	0.7293	0.978	0.0809	0.011	0.001	0.4356	0.1209	0.2937	0.7632	0.013	0.002	0.041	0.3287	0.6104	0.004	0.2627	0.1129	0.3147	0.8911	0.8931	0.0989	0.8671	0.7233	0.961	0.4805	0.6703	0.3796	0.039	0.5395	0.0749	0.032	0.001	0.7403	0.0569	0.6953	0.001	0.1289	0.9081	0.027	0.7443	0.2807	0.003	0.2108	0.027	0.0659	0.002	0.001	0.2537	0.3327	0.6953	0.3646	0.2068	0.3896	0.5435	0.7672	0.023	0.3377	0.0749	0.005	0.0659	0.004	0.002	0.001	0.05	0.006	0.005	0.1628	0.1069	0.8661	0.2138	0.2178	0.7922	0.6064	0.8252	0.5554	0.005	0.5065	0.8022	0.014	0.5564	0.955	0.957
Sg_A27_31	0.001	0.001	0.001	0.001	0.001	0.006	0.001	0.3207	0.001	0.001	0.001	0.0949	0.003	0.001	0.001	0.6444	0.001	0.001	0.001	0.001	0.2857	0.001	0.3217	0.001	0.001	0.001	0.001	0.01	0.1459	0.3047	0.006	0.001	0.001	0.001	0.001	0.6384	1	0.1309	0.001	0.2907	0.5135	0.4695	0.001	0.007	0.001	0.001	0.001	0.001	0.001	0.001	0.7413	0.001	0.5215	0.001	0.2647	0.001	0.001	0.6134	0.038	0.001	0.8002	0.001	0.1708	0.001	0.001	0.006	0.001	0.001	0.001	0.001	0.6983	0.016	0.027	0.001	0.1199	0.7073	0.02	0.001	0.1618	0.001	0.001	0.001	0.001	0.9111	0.7003	0.1548	0.001	0.1229	0.001	0.001	0.001	0.001	0.001	0.042	0.019	0.008	0.2687	0.001	0.0799	0.019	0.002	0.019	0.4695	0.001	0.8322	0.001	0.001	0.007	0.001	0.3886	0.2747	0.0629	0.6334	0.001	0.001	0.026	0.001	0.001	0.1588	0.6094	0.001	0.001	0.001	0.001	0.001	0.0619	0.001	0.001	0.001	0.001	0.046	0.001	0.5305	0.001	0.013	0.001	0.001	0.4905	0.001	0.001	0.001	0.5195	0.001	0.001	0.002	0.001	0.2847	0.001	0.001	0.001	0.4815	0.1499	0.3427	0.5534	0.001	0.001	0.0509	0.001	0.021	0.006	0.012	0.001	0.001	0.7183	0.001	0.001	0.001	0.001	0.001	0.001	0.951	0.001	0.001	0.049	0.2857	0.028	0.001	0.8611	0.001	0.002	0.001	0.001	0.0539	0.001	0.3566	0.027	0.001	0.8182	0.001	0.001	0.976	0.001	0.001	0.2907	0.001	0.001	0.034	0.001	0.001	0.02	0.001	0.001	0.02	0.001	0.4855	0.001	0.021	0.002	0.003	0.001	0.5524	0.001	0.001	0.001	0.001	0.001	0.001	0.002	0.004	0.0589	0.2418	0.001	0.001	0.001	0.5185	0.001	0.001	0.3197	0.001	0.001	0.002	0.2368	0.7023	0.001	0.001	0.001	0.3017	0.001	0.001	0.001	0.3027	0.002	0.001	0.5075	0.9201	0.001	0.023	0.0559	0.001	0.001	0.007	0.001	0.6673	0.001	0.005	0.001	0.001	0.2488	0.016	0.018	0.001	0.001	0.0869	0.001	0.5065	0.001	0.975	0.001	0.001	0.001	0.001	0.001	0.9001	0.7762	0.001	0.3656	0.997	0.001	0.011	0.4595	0.2328	0.001	0.002	0.014	0.001	0.8521	0.4016	0.001	0.3377	0.0749	0.001	0.001	0.001	0.03	0.0539	0.001	0.001	0.033	0.4016	0.001	0.001	0.001	0.029	0.001	0.001	0.001	0.001	0.001	0.1199	0.7522	0.8931	0.1169	0.6943	0.001	0.5195	0.025	0.001	0.9431	0.001	0.001	0.001	0.001	0.001	0.001	0.3586	0.1618	0.006	0.001	0.048	0.001
Sg_A28_8	0.0949	0.6294	0.02	0.028	0.1958	0.028	0.6494	0.012	0.7323	0.3776	0.2378	0.001	0.8492	0.003	0.2807	0.1109	0.6523	0.3327	0.2577	0.5744	0.6513	0.015	0.021	0.003	0.1039	0.2667	0.7572	0.003	0.001	0.001	0.021	0.009	0.011	0.9101	0.3237	0.001	0.1309	1	0.3357	0.6284	0.006	0.2837	0.021	0.1788	0.3137	0.7213	0.001	0.1818	0.004	0.001	0.2458	0.3007	0.7213	0.0699	0.999	0.0859	0.3576	0.001	0.976	0.001	0.951	0.9251	0.0589	0.1329	0.8212	0.2547	0.011	0.2987	0.6114	0.5614	0.003	0.4545	0.7902	0.1049	0.025	0.03	0.1059	0.1439	0.0709	0.3287	0.006	0.05	0.3836	0.001	0.012	0.004	0.8591	0.045	0.005	0.4595	0.4635	0.001	0.022	0.8611	0.001	0.3017	0.2707	0.002	0.1179	0.6853	0.02	0.5894	0.001	0.028	0.001	0.952	0.1289	0.001	0.0799	0.4146	0.001	0.002	0.6513	0.4226	0.001	0.001	0.037	0.2118	0.4965	0.4955	0.8242	0.0999	0.2058	0.0919	0.0539	0.0719	0.038	0.8631	0.0579	0.1638	0.001	0.0859	0.029	0.1708	0.2937	0.6753	0.4785	0.6973	0.9051	0.0659	0.5315	0.2058	0.1219	0.9061	0.978	0.043	0.4106	0.1199	0.5285	0.7123	0.8561	0.1449	0.04	0.1169	0.0999	0.4406	0.2997	0.4775	0.5435	0.001	0.3497	0.037	0.2478	0.0659	0.002	0.1039	0.7982	0.4196	0.001	0.1199	0.011	0.2807	0.1928	0.1109	0.5285	0.3047	0.4196	0.2707	0.5604	0.031	0.0659	0.1768	0.1528	0.8821	0.032	0.5395	0.007	0.7193	0.2867	0.1229	0.1229	0.004	0.3137	0.4765	0.0949	0.022	0.7053	0.5245	0.1219	0.001	0.0799	0.6683	0.9171	0.4256	0.2607	0.022	0.3317	0.047	0.3886	0.4515	0.2028	0.1648	0.047	0.6254	0.4795	0.983	1	0.004	0.001	0.3347	0.0569	0.9041	0.3307	0.2787	0.003	0.4875	0.1768	0.6633	0.1309	0.6853	0.05	0.001	0.0599	0.7393	0.014	0.8332	0.3916	0.1718	0.003	0.006	0.1299	0.002	0.2358	0.6663	0.4046	0.0549	0.002	0.2448	0.6793	0.6843	0.003	0.001	0.001	0.7263	0.4805	0.1808	0.018	0.6054	0.002	0.4555	0.988	0.3776	0.001	0.3397	0.0709	0.7403	0.009	0.2148	0.2537	0.3037	0.6074	0.0919	0.0739	0.023	0.6603	0.4525	0.5504	0.4026	0.0739	0.0519	0.0509	0.001	0.5385	0.001	0.2178	0.017	0.5734	0.5125	0.001	0.02	0.4675	0.002	0.8232	0.003	0.001	0.9131	0.4765	0.5295	0.4046	0.2907	0.9061	0.5764	0.0889	0.047	0.0739	0.3946	0.007	0.985	0.01	0.7972	0.001	0.6603	0.002	0.001	0.8721	0.2178	0.0549	0.8262	0.2018	0.2148	0.0619	0.5445	0.1858	0.5495	0.5704	0.0879	0.4216	0.0769	0.1149	0.5485
Sg_A33_4	0.001	0.1968	0.05	0.007	0.035	0.8501	0.001	0.3477	0.003	0.006	0.001	0.3137	0.5554	0.014	0.022	0.5714	0.9161	0.014	0.0589	0.1698	0.9051	0.3187	0.1978	0.001	0.015	0.0779	0.001	0.974	0.6583	0.4086	0.005	0.004	0.001	0.005	0.004	0.1429	0.001	0.3357	1	0.8312	0.3237	0.6474	0.002	0.979	0.1019	0.2308	0.4216	0.002	0.1329	0.3836	0.0889	0.001	0.5235	0.001	0.0749	0.001	0.001	0.2807	0.042	0.1169	0.6673	0.007	0.7522	0.002	0.4296	0.042	0.0839	0.004	0.001	0.001	0.002	0.2058	0.7532	0.001	0.003	0.017	0.9141	0.001	0.2058	0.002	0.7502	0.02	0.001	0.4116	0.6324	0.2018	0.002	0.001	0.0889	0.001	0.012	0.019	0.8102	0.2767	0.981	0.9321	0.1079	0.017	0.7463	0.8172	0.0729	0.3167	0.4785	0.006	0.995	0.014	0.3357	0.7872	0.001	0.4535	0.4875	0.4136	0.979	0.001	0.8671	0.1039	0.015	0.001	0.1359	0.4855	0.001	0.042	0.001	0.037	0.001	0.1958	0.032	0.005	0.001	0.001	0.1179	0.004	0.3666	0.001	0.1598	0.001	0.011	0.0749	0.001	0.003	0.002	0.1528	0.1359	0.2697	0.2058	0.001	0.7143	0.035	0.001	0.2987	0.3097	0.7702	0.5684	0.7612	0.028	0.001	0.8801	0.0819	0.002	0.039	0.6573	0.3846	0.8282	0.0939	0.026	0.035	0.002	0.001	0.001	0.0749	0.004	0.023	0.001	0.9341	0.9171	0.3886	0.001	0.2118	0.1718	0.0669	0.2338	0.001	0.3526	0.002	0.013	0.3956	0.001	0.6853	0.0809	0.3257	0.0819	0.019	0.014	0.5984	0.003	0.01	0.5704	0.001	0.1079	0.3457	0.003	0.001	0.033	0.001	0.6503	0.002	0.003	0.2527	0.4545	0.005	0.3676	0.014	0.001	0.001	0.0729	0.001	0.001	0.0539	0.0879	0.2517	0.3477	0.1109	0.002	0.2088	0.005	0.001	0.001	0.8482	0.002	0.7522	0.002	0.2647	0.1119	0.1538	0.0589	0.0799	0.1878	0.2517	0.003	0.6783	0.9011	0.0839	0.001	0.3367	0.0519	0.023	0.2188	0.979	0.001	0.001	0.007	0.1808	0.3257	0.1399	0.5734	0.5415	0.015	0.3976	0.978	0.5644	0.001	0.0619	0.4046	0.002	0.1818	0.002	0.011	0.001	0.8002	0.001	0.001	0.041	0.0609	0.003	0.0729	0.7393	0.4426	0.001	0.2967	0.4655	0.8412	0.01	0.2627	0.4136	0.2677	0.989	0.7183	0.4456	0.9141	0.033	0.001	0.5075	0.001	0.5465	0.3616	0.05	0.002	0.044	0.3307	0.047	0.041	0.033	0.8851	0.0859	0.019	0.002	0.6533	0.1149	0.7722	0.3606	0.7003	0.6184	0.7772	0.011	0.2238	0.001	0.003	0.5315	0.011	0.001	0.044	0.017	0.002	0.049	0.9091	0.003	0.6843	0.001	0.2587	0.001
Sg_A34_19	0.034	0.5834	0.3367	0.1369	0.0969	0.001	0.9101	0.001	0.8012	0.965	0.1429	0.039	0.2078	0.1968	0.1339	0.2248	0.1958	0.8931	0.0529	0.003	0.0959	0.8102	0.3337	0.9491	0.003	0.037	0.973	0.8212	0.0839	0.037	0.0639	0.7203	0.0859	0.1538	0.2308	0.0759	0.2907	0.6284	0.8312	1	0.001	0.6304	0.013	0.4166	0.8082	0.3087	0.958	0.001	0.1409	0.3816	0.001	0.9131	0.001	0.041	0.001	0.0929	0.3966	0.3287	0.4575	0.2797	0.3566	0.003	0.1059	0.028	0.045	0.001	0.8791	0.01	0.8412	0.8232	0.4585	0.025	0.025	0.4525	0.3087	0.6014	0.4535	0.0509	0.028	0.001	0.013	0.042	0.6593	0.8561	0.952	0.9171	0.6793	0.2218	0.03	0.02	0.015	0.028	0.3816	0.001	0.8232	0.012	0.3057	0.1089	0.001	0.001	0.004	0.004	0.001	0.4236	0.1039	0.025	0.001	0.3397	0.1159	0.001	0.1099	0.1888	0.002	0.004	0.0759	0.2627	0.008	0.006	0.007	0.001	0.036	0.8761	0.013	0.2138	0.005	0.8591	0.02	0.002	0.1638	0.003	0.1858	0.2468	0.3886	0.982	0.3946	0.036	0.035	0.001	0.6074	0.017	0.022	0.0589	0.954	0.1618	0.9441	0.1269	0.6004	0.008	0.3407	0.016	0.4895	0.001	0.3337	0.3477	0.3177	0.1738	0.4436	0.0729	0.5914	0.014	0.5904	0.4416	0.1558	0.001	0.5395	0.4675	0.008	0.016	0.6783	0.964	0.8571	0.0839	0.016	0.001	0.01	0.5704	0.022	0.1938	0.049	0.014	0.8561	0.0599	0.982	0.004	0.4815	0.033	0.0859	0.8981	0.004	0.2288	0.8482	0.9411	0.1099	0.1389	0.0779	0.7552	0.6124	0.1269	0.0799	0.4226	0.039	0.7922	0.4126	0.8551	0.981	0.7233	0.8771	0.2148	0.966	0.0599	0.2428	0.011	0.008	0.2897	0.0739	0.7682	0.6194	0.1499	0.1029	0.5205	0.9021	0.3087	0.001	0.0669	0.3117	0.002	0.2038	0.2747	0.3077	0.1339	0.3247	0.2238	0.3616	0.0659	0.9461	0.3407	0.005	0.3806	0.1908	0.4116	0.001	0.003	0.8771	0.9311	0.983	0.6274	0.8711	0.001	0.021	0.005	0.6903	0.001	0.0559	0.3586	0.0639	0.5225	0.5814	0.0919	0.5544	0.7033	0.2118	0.001	0.6034	0.5045	0.2438	0.5445	0.5315	0.3596	0.007	0.005	0.6374	0.2048	0.8581	0.2937	0.031	0.0999	0.2677	0.7093	0.2687	0.001	0.011	0.1409	0.009	0.5135	0.0869	0.047	0.1269	0.4086	0.004	0.2677	0.2537	0.037	0.7313	0.98	0.3257	0.3796	0.4775	0.9271	0.3267	0.0509	0.3437	0.03	0.8661	0.3087	0.7802	0.7303	0.3806	0.8721	0.1239	0.001	0.8442	0.001	0.4406	0.8951	0.009	0.5225	0.4056	0.001	0.025	0.8861	0.0929	0.033	0.7502	0.001	0.4655	0.7552	0.001	0.018	0.3227	0.2897
Sg_A34_5	0.978	0.3047	0.023	0.4525	0.8022	0.014	0.0809	0.031	0.1658	0.4875	0.6513	0.001	0.4755	0.7283	0.0679	0.7463	0.2048	0.2208	0.4296	0.1548	0.0799	0.8501	0.5774	0.5524	0.7043	0.2098	0.3417	0.7273	0.006	0.007	0.8102	0.6384	0.7722	0.3017	0.1528	0.001	0.5135	0.006	0.3237	0.001	1	0.2797	0.3077	0.7802	0.9411	0.0589	0.1139	0.0759	0.4076	0.8801	0.03	0.024	0.001	0.3017	0.001	0.5135	0.6743	0.1828	0.3876	0.3207	0.1159	0.6334	0.005	0.2797	0.3786	0.1009	0.5315	0.048	0.1069	0.039	0.2118	0.8901	0.008	0.9431	0.4416	0.4765	0.045	0.6993	0.8302	0.0559	0.2867	0.7073	0.1309	0.029	0.1499	0.1588	0.007	0.002	0.3317	0.9491	0.5325	0.2837	0.5305	0.006	0.044	0.031	0.6034	0.1938	0.024	0.012	0.034	0.006	0.7083	0.979	0.001	0.3497	0.026	0.027	0.7822	0.001	0.7922	0.1928	0.001	0.2178	0.1538	0.005	0.1888	0.2298	0.001	0.001	0.9401	0.4446	0.6394	0.5295	0.0839	0.3157	0.4555	0.2328	0.982	0.0699	0.0539	0.3157	0.3317	0.4476	0.4665	0.5754	0.3876	0.001	0.1568	0.4735	0.3147	0.017	0.039	0.8252	0.9441	0.4785	0.1818	0.0719	0.985	0.6254	0.2957	0.001	0.0579	0.1528	0.8202	0.1578	0.6983	0.4346	0.044	0.002	0.7842	0.2018	0.7732	0.4076	0.1858	0.7682	0.0819	0.2737	0.5734	0.1079	0.1878	0.8282	0.1618	0.014	0.8511	0.7972	0.5305	0.4176	0.3816	0.002	0.8991	0.8002	0.5385	0.2527	0.1329	0.1229	0.2018	0.7453	0.7552	0.0649	0.1039	0.2787	0.2867	0.038	0.8851	0.4016	0.4486	0.1399	0.2108	0.015	0.1848	0.0839	0.2268	0.0889	0.2468	0.8212	0.3117	0.0939	0.017	0.5554	0.4535	0.4975	0.4386	0.2787	0.5145	0.05	0.3856	0.5315	0.0589	0.1259	0.8761	0.9361	0.1858	0.9301	0.4376	0.4835	0.4715	0.1099	0.988	0.3327	0.988	0.001	0.0799	0.6424	0.2018	0.7542	0.2448	0.3966	0.4396	0.6653	0.013	0.005	0.0929	0.2937	0.1548	0.1688	0.5115	0.001	0.1019	0.6114	0.4056	0.001	0.001	0.4106	0.1459	0.4985	0.7992	0.4306	0.1888	0.8032	0.1508	0.014	0.5015	0.4715	0.034	0.9181	0.1958	0.8931	0.0659	0.1998	0.7942	0.0879	0.7662	0.1139	0.4925	0.5724	0.049	0.6094	0.5125	0.001	0.4835	0.4196	0.1449	0.025	0.1019	0.3506	0.3926	0.4895	0.3117	0.049	0.0899	0.7183	0.1958	0.034	0.007	0.3457	0.4426	0.9091	0.0549	0.4735	0.0829	0.998	0.2917	0.3766	0.7133	0.1459	0.036	0.3866	0.1279	0.001	0.003	0.015	0.1958	0.2517	0.1698	0.0519	0.1868	0.001	0.043	0.0579	0.0809	0.1578	0.5175	0.004	0.1159	0.1688	0.002	0.8621	0.1149	0.97
Sg_A37_36	0.5145	0.8492	0.9371	0.1449	0.8511	0.6324	0.2188	0.5664	0.3037	0.3377	0.977	0.6264	0.1848	0.6663	0.2468	0.1119	0.0759	0.0599	0.0969	0.2398	0.6194	0.8122	0.5315	0.015	0.4585	0.1998	0.3706	0.9311	0.045	0.971	0.8961	0.6713	0.6234	0.5375	0.9351	0.7173	0.4695	0.2837	0.6474	0.6304	0.2797	1	0.6394	0.0709	0.023	0.1259	0.9131	0.7273	0.969	0.8561	0.998	0.7093	0.1029	0.6014	0.5395	0.0539	0.3047	0.7343	0.0799	0.2657	0.1079	0.8511	0.0689	0.5624	0.012	0.9231	0.3536	0.7502	0.4326	0.2238	0.3786	0.4915	0.4446	0.8811	0.6254	0.9151	0.3317	0.4585	0.994	0.4066	0.7003	0.9131	0.5574	1	0.1708	0.4745	0.049	0.1209	0.7053	0.7932	0.7532	0.2587	0.3776	0.4346	0.2468	0.1808	0.8152	0.4426	0.6913	0.9191	0.2488	0.6044	0.4955	0.1219	0.996	0.1469	0.8092	0.5215	0.5614	0.4306	0.5544	0.7373	0.1119	0.5175	0.7483	0.3037	0.4555	0.5594	0.2647	0.6683	0.7602	0.1838	0.7522	0.035	0.7363	0.1518	0.0849	0.9461	0.027	0.99	0.003	0.025	0.004	0.6134	0.5924	0.5984	0.016	0.4875	0.04	0.9321	0.5355	0.01	0.4266	0.008	0.2547	0.4825	0.0779	0.1199	0.7882	0.026	0.1708	0.973	0.007	0.3137	0.3167	0.3137	0.001	0.1299	0.011	0.2817	0.0799	0.043	0.0999	0.1548	0.3806	0.7233	0.95	0.7732	0.1938	0.0619	0.3277	0.0669	0.2288	0.8072	0.8192	0.3986	0.3756	0.965	0.9011	0.2188	0.012	0.044	0.8561	0.4615	0.1718	0.4276	0.998	0.002	0.6034	0.0649	0.1718	0.8062	0.4535	0.047	0.3846	0.4665	0.3946	0.1768	0.035	0.5974	0.6034	0.5894	0.3347	0.0789	0.4805	0.2118	0.1988	0.001	0.037	0.0919	0.0999	0.5784	0.4286	0.8681	0.009	0.2707	0.0699	0.9161	0.2777	0.3776	0.005	0.6703	0.3566	0.3227	0.9421	0.8751	0.4416	0.1269	0.6613	0.7023	0.4336	0.965	0.005	0.1369	0.2737	0.3107	0.8342	0.1259	0.4176	0.3157	0.8631	0.5085	0.7433	0.8581	0.5834	0.5165	0.3177	0.3207	0.7562	0.6174	0.2837	0.3267	0.5265	0.2847	0.019	0.3816	0.1528	0.7353	0.3437	0.969	0.8302	0.3776	0.9171	0.3826	0.044	0.8472	0.3576	0.1608	0.6793	0.7113	0.5435	0.2927	0.041	0.1169	0.009	0.2637	0.0549	0.2488	0.015	0.5415	0.1608	0.6643	0.1059	0.8961	0.4356	0.6783	0.9421	0.3237	0.4096	0.0999	0.2717	0.3616	0.7333	0.8521	0.5365	0.2398	0.1568	0.017	0.04	0.5554	0.033	0.974	0.044	0.979	0.2068	0.001	0.8711	0.7892	0.8761	0.0939	0.0639	0.9021	0.8242	0.2647	0.9311	0.2398	0.1628	0.4705	0.4795	0.7023	0.04	0.984	0.995	0.3756	0.1039	0.3387	0.8991	0.6673	0.0979	0.2038
Sg_B03_29	0.001	0.006	0.2647	0.001	0.001	0.0539	0.001	0.003	0.001	0.001	0.001	0.018	0.1628	0.5534	0.2877	0.4176	0.1319	0.008	0.6284	0.4845	0.047	0.3387	0.002	0.024	0.001	0.033	0.001	0.0689	0.001	0.008	0.001	0.7812	0.001	0.001	0.8981	0.1219	0.001	0.021	0.002	0.013	0.3077	0.6394	1	0.1069	0.0959	0.2847	0.1299	0.001	0.2008	0.4675	0.008	0.001	0.3317	0.001	0.005	0.002	0.001	0.001	0.4376	0.96	0.7213	0.001	0.5794	0.001	0.6394	0.001	0.1479	0.001	0.001	0.001	0.001	0.9261	0.7942	0.001	0.001	0.001	0.1169	0.001	0.001	0.001	0.4376	0.002	0.001	0.3417	0.0789	0.011	0.008	0.1558	0.046	0.001	0.013	0.6583	0.6893	0.3886	0.028	0.8472	0.2308	0.0589	0.2008	0.3327	0.8092	0.8362	0.001	0.005	0.035	0.3277	0.6603	0.8182	0.001	0.009	0.023	0.015	0.6663	0.001	0.3107	0.0709	0.001	0.001	0.4615	0.014	0.001	0.012	0.001	0.7952	0.001	0.001	0.1149	0.001	0.001	0.001	0.2897	0.001	0.001	0.001	0.2168	0.001	0.2018	0.014	0.001	0.001	0.001	0.95	0.001	0.2448	0.1019	0.001	0.1079	0.0969	0.001	0.3317	0.5075	0.1149	0.018	0.97	0.003	0.009	0.7642	0.8791	0.037	0.9101	0.3646	0.5465	0.005	0.013	0.5295	0.037	0.001	0.002	0.028	0.2498	0.001	0.8761	0.001	0.4975	0.3317	0.1998	0.001	0.6783	0.1768	0.03	0.7522	0.006	0.002	0.001	0.001	0.3087	0.001	0.1878	0.018	0.8871	0.035	0.6404	0.0579	0.0929	0.002	0.2787	0.2338	0.001	0.7802	0.02	0.1568	0.001	0.6623	0.002	0.0739	0.001	0.025	0.4026	0.3227	0.001	0.8442	0.4565	0.002	0.001	0.4306	0.002	0.001	0.8282	0.001	0.6294	0.03	0.001	0.001	0.2118	0.001	0.001	0.001	0.4905	0.002	0.8621	0.4246	0.016	0.2208	0.001	0.7952	0.003	0.006	0.8561	0.009	0.3117	0.0939	0.984	0.001	0.1778	0.4186	0.001	0.4476	0.1858	0.001	0.001	0.2448	0.1379	0.017	0.041	0.005	0.5704	0.2298	0.1728	0.009	0.2827	0.001	0.001	0.001	0.007	0.4825	0.001	0.001	0.001	0.6693	0.001	0.002	0.027	0.001	0.001	0.3696	0.046	0.8392	0.001	0.6943	0.6893	0.004	0.021	0.001	0.022	0.7632	0.01	0.5335	0.1968	0.001	0.8192	0.011	0.001	0.001	0.025	0.014	0.001	0.002	0.8182	0.1858	0.001	0.001	0.001	0.044	0.001	0.2278	0.03	0.001	0.031	0.1049	0.03	0.017	0.049	0.1339	0.5365	0.037	0.002	0.011	0.021	0.001	0.001	0.036	0.001	0.002	0.963	0.2527	0.003	0.3417	0.001	0.3706	0.002
Sg_B03_38	0.0529	0.2188	0.4026	0.8052	0.6543	0.018	0.7303	0.01	0.032	0.1179	0.1269	0.9091	0.003	0.019	0.2517	0.9351	0.002	0.1688	0.001	0.036	0.008	0.2577	0.4256	0.0799	0.4376	0.0929	0.7003	0.012	0.5265	0.7822	0.6603	0.0649	0.5674	0.1369	0.001	0.6573	0.007	0.1788	0.979	0.4166	0.7802	0.0709	0.1069	1	0.014	0.048	0.1039	0.039	0.1728	0.021	0.8571	0.6853	0.1618	0.4386	0.5914	0.7662	0.4625	0.0979	0.001	0.028	0.6074	0.4505	0.7522	0.3646	0.002	0.4965	0.1419	0.3576	0.7403	0.017	0.4785	0.2627	0.3796	0.4066	0.4615	0.2098	0.5594	0.1638	0.6344	0.959	0.4256	0.1598	0.1499	0.6993	0.5944	0.0879	0.3986	0.0589	0.0939	0.4406	0.047	0.001	0.001	0.6334	0.2757	0.3437	0.1508	0.0789	0.4875	0.5135	0.002	0.7453	0.4336	0.3147	0.1089	0.002	0.1259	0.8092	0.0589	0.4585	0.4056	0.3327	0.1608	0.6553	0.012	0.1419	0.8881	0.3846	0.8222	0.7952	0.4456	0.039	0.1269	0.001	0.2787	0.1698	0.6304	0.4486	0.1888	0.1828	0.025	0.0839	0.3686	0.1798	0.3177	0.7003	0.002	0.5255	0.025	0.2677	0.1628	0.0679	0.6054	0.006	0.7293	0.4286	0.3137	0.1159	0.986	0.016	0.9121	0.1109	0.1259	0.9161	0.5245	0.9011	0.0849	0.005	0.8741	0.0719	0.002	0.001	0.5524	0.2957	0.0929	0.8142	0.962	0.0619	0.001	0.0639	0.045	0.001	0.1878	0.5235	0.9391	0.8142	0.5794	0.1279	0.6973	0.4036	0.0659	0.8881	0.8801	0.995	0.6384	0.2368	0.0619	0.024	0.3576	0.003	0.9321	0.003	0.0829	0.1179	0.7013	0.012	0.8282	0.0989	0.001	0.0769	0.1049	0.0579	0.001	0.5105	0.9221	0.0769	0.2707	0.008	0.0919	0.2827	0.7163	0.003	0.0809	0.046	0.001	0.2527	0.01	0.0949	0.5914	0.7183	0.0579	0.7203	0.4466	0.2418	0.1319	0.3387	0.1419	0.5904	0.1499	0.1129	0.5594	0.9461	0.1079	0.4446	0.4166	0.6264	0.2218	0.001	0.1538	0.001	0.3387	0.6943	0.034	0.5495	0.4016	0.984	0.0579	0.4975	0.1868	0.4715	0.008	0.2288	0.1638	0.1289	0.001	0.001	0.001	0.1748	0.3696	0.3027	0.1129	0.032	0.001	0.0639	0.006	0.1459	0.2877	0.1518	0.4386	0.2707	0.0759	0.017	0.9261	0.1518	0.003	0.9401	0.3726	0.041	0.1189	0.8751	0.8142	0.0809	0.987	0.0649	0.3896	0.036	0.6484	0.002	0.032	0.007	0.047	0.7922	0.5974	0.7982	0.1299	0.005	0.027	0.031	0.2657	0.5055	0.02	0.2637	0.004	0.8382	0.004	0.2258	0.969	0.2108	0.4805	0.8282	0.6643	0.5085	0.2448	0.004	0.7123	0.3546	0.017	0.5604	0.031	0.028	0.1269	0.2757	0.1439	0.033	0.5554	0.5085	0.3487	0.9351	0.1658	0.5145
Sg_B04_2	0.001	0.001	0.1199	0.004	0.009	0.001	0.004	0.001	0.001	0.2168	0.001	0.2198	0.003	0.001	0.001	0.4635	0.017	0.001	0.001	0.0539	0.021	0.011	0.5514	0.046	0.3357	0.3357	0.1319	0.0549	0.0769	0.9111	0.2577	0.001	0.7223	0.001	0.001	0.3776	0.001	0.3137	0.1019	0.8082	0.9411	0.023	0.0959	0.014	1	0.001	0.001	0.001	0.001	0.001	0.0729	0.039	0.2278	0.005	0.1339	0.001	0.001	0.027	0.013	0.001	0.2817	0.004	0.001	0.006	0.001	0.4086	0.004	0.001	0.004	0.002	0.025	0.4765	0.001	0.035	0.0719	0.001	0.1548	0.001	0.1848	0.008	0.001	0.001	0.001	0.048	0.1419	0.001	0.2018	0.6364	0.001	0.1189	0.3736	0.001	0.001	0.011	0.012	0.001	0.0709	0.001	0.002	0.001	0.003	0.002	0.4386	0.002	0.8901	0.001	0.001	0.4176	0.001	0.2507	0.005	0.6583	0.1588	0.001	0.001	0.1828	0.001	0.002	0.0759	0.017	0.006	0.001	0.002	0.001	0.001	0.7662	0.001	0.004	0.4006	0.001	0.1099	0.001	0.042	0.001	0.1508	0.7762	0.002	0.037	0.001	0.012	0.002	0.4995	0.001	0.014	0.001	0.001	0.9071	0.001	0.001	0.014	0.7053	0.003	0.8631	0.8731	0.001	0.001	0.039	0.001	0.024	0.3906	0.001	0.001	0.019	0.1189	0.001	0.002	0.1638	0.001	0.001	0.002	0.001	0.018	0.004	0.005	0.2268	0.3157	0.006	0.8571	0.009	0.001	0.001	0.0819	0.047	0.0779	0.005	0.028	0.001	0.1548	0.001	0.001	0.018	0.012	0.001	0.985	0.001	0.001	0.3347	0.002	0.001	0.0519	0.001	0.001	0.006	0.001	0.2627	0.001	0.999	0.001	0.009	0.001	0.4366	0.032	0.024	0.001	0.004	0.001	0.001	0.001	0.8492	0.8881	0.016	0.0509	0.002	0.001	0.014	0.016	0.005	0.8412	0.001	0.001	0.1988	0.5495	0.3556	0.3656	0.001	0.001	0.0879	0.001	0.001	0.001	0.002	0.001	0.001	0.001	0.042	0.006	0.3726	0.002	0.006	0.041	0.001	0.019	0.9221	0.001	0.005	0.001	0.001	0.5504	0.005	0.012	0.001	0.001	0.006	0.001	0.2877	0.001	0.002	0.001	0.001	0.001	0.005	0.001	0.003	0.001	0.003	0.8192	0.3816	0.001	0.0969	0.004	0.1249	0.001	0.048	0.032	0.002	0.4486	0.2547	0.001	0.043	0.8372	0.001	0.001	0.001	0.0919	0.1479	0.001	0.001	0.014	0.6194	0.001	0.2078	0.001	0.001	0.001	0.011	0.001	0.007	0.001	0.2158	0.1239	0.3337	0.3976	0.1768	0.001	0.1299	0.4955	0.001	0.2448	0.019	0.001	0.001	0.043	0.001	0.001	0.7562	0.02	0.001	0.1359	0.048	0.001
Sg_B07_12	0.007	0.001	0.8352	0.012	0.02	0.006	0.002	0.011	0.001	0.2807	0.01	0.033	0.2008	0.006	0.043	0.0979	0.007	0.002	0.0909	0.4266	0.045	0.1668	0.7043	0.0889	0.4705	0.2428	0.014	0.991	0.012	0.0849	0.4635	0.1678	0.2957	0.003	0.024	0.0549	0.001	0.7213	0.2308	0.3087	0.0589	0.1259	0.2847	0.048	0.001	1	0.023	0.006	0.001	0.001	0.005	0.1738	0.001	0.0839	0.01	0.011	0.003	0.5544	0.1718	0.002	0.2448	0.01	0.1159	0.2797	0.4895	0.6254	0.0539	0.0829	0.004	0.005	0.1209	0.9331	0.037	0.4106	0.6304	0.2158	0.006	0.022	0.5475	0.022	0.001	0.015	0.001	0.9091	0.2098	0.032	0.017	0.0619	0.1049	0.8212	0.0889	0.01	0.001	0.001	0.001	0.001	0.7313	0.009	0.001	0.1459	0.001	0.001	0.996	0.015	0.4855	0.0939	0.001	0.6923	0.001	0.025	0.033	0.4975	0.0599	0.016	0.001	0.7193	0.024	0.0709	0.006	0.001	0.003	0.022	0.024	0.0539	0.0919	0.1429	0.017	0.013	0.6763	0.0619	0.4136	0.005	0.019	0.001	0.2517	0.5365	0.3896	0.001	0.001	0.5674	0.7912	0.045	0.008	0.1119	0.012	0.039	0.046	0.0679	0.041	0.2068	0.1189	0.001	0.1009	0.6004	0.008	0.002	0.038	0.0949	0.1808	0.7303	0.014	0.0589	0.0619	0.1269	0.014	0.1179	0.3147	0.005	0.001	0.003	0.044	0.5584	0.5045	0.001	0.1499	0.0649	0.047	0.7063	0.001	0.001	0.003	0.1499	0.1958	0.9141	0.2617	0.018	0.001	0.1259	0.025	0.1269	0.5225	0.9061	0.001	0.028	0.008	0.001	0.048	0.016	0.0899	0.1838	0.004	0.002	0.047	0.025	0.2018	0.008	0.6024	0.0699	0.003	0.025	0.7333	0.0719	0.033	0.006	0.0619	0.001	0.001	0.001	0.2637	0.03	0.2777	0.2308	0.021	0.016	0.2078	0.3027	0.1598	0.0649	0.003	0.002	0.033	0.031	0.5644	0.7443	0.031	0.0719	0.002	0.047	0.1568	0.001	0.001	0.001	0.004	0.011	0.2048	0.007	0.1349	0.001	0.1299	0.8052	0.6334	0.3796	0.8392	0.004	0.001	0.1149	0.001	0.001	0.001	0.032	0.003	0.007	0.2438	0.002	0.1558	0.001	0.0549	0.016	0.001	0.041	0.1189	0.007	0.009	0.02	0.4905	0.6533	0.1429	0.001	0.2927	0.001	0.049	0.006	0.2777	0.2348	0.04	0.1179	0.3536	0.1718	0.0739	0.0529	0.001	0.002	0.009	0.013	0.5664	0.001	0.001	0.0539	0.1219	0.026	0.015	0.018	0.7632	0.002	0.3107	0.011	0.001	0.001	0.1039	0.001	0.6344	0.8022	0.018	0.018	0.001	0.2378	0.001	0.1279	0.5924	0.004	0.1508	0.7283	0.001	0.001	0.0889	0.1399	0.001	0.4805	0.3327	0.0599
Sg_B07_38	0.009	0.025	0.958	0.3986	0.6274	0.028	0.6643	0.008	0.042	0.5904	0.001	0.001	0.014	0.001	0.4056	0.6344	0.036	0.001	0.01	0.958	0.023	0.044	0.1508	0.028	0.2987	0.027	0.7483	0.001	0.035	0.0939	0.1209	0.002	0.2048	0.012	0.001	0.2048	0.001	0.001	0.4216	0.958	0.1139	0.9131	0.1299	0.1039	0.001	0.023	1	0.001	0.001	0.001	0.2697	0.8482	0.7872	0.1279	0.7902	0.002	0.5854	0.001	0.3616	0.001	0.0839	0.025	0.0659	0.5564	0.1379	0.6124	0.001	0.004	0.3397	0.4276	0.001	0.6474	0.007	0.1289	0.019	0.001	0.2138	0.0899	0.2507	0.001	0.001	0.001	0.002	0.003	0.029	0.001	0.5225	0.2767	0.01	0.6174	0.0589	0.004	0.001	0.2797	0.5495	0.007	0.2987	0.001	0.0709	0.02	0.0559	0.1049	0.001	0.002	0.026	0.1339	0.045	0.001	0.002	0.3337	0.001	0.2897	0.4765	0.007	0.001	0.001	0.001	0.037	0.8931	0.3636	0.8671	0.001	0.2408	0.002	0.001	0.024	0.003	0.048	0.2338	0.003	0.001	0.993	0.0509	0.001	0.5564	0.028	0.0529	0.6054	0.016	0.8062	0.026	0.4136	0.4346	0.1439	0.1958	0.0659	0.2967	0.4865	0.1898	0.0969	0.2947	0.0789	0.2088	0.7732	0.2168	0.8262	0.0669	0.041	0.1299	0.002	0.0589	0.001	0.2727	0.032	0.006	0.0699	0.9051	0.015	0.001	0.002	0.001	0.039	0.014	0.044	0.0619	0.7762	0.7283	0.7463	0.6523	0.8591	0.004	0.006	0.7413	0.7053	0.001	0.0659	0.002	0.2498	0.02	0.002	0.002	0.001	0.016	0.1528	0.006	0.001	0.7343	0.6414	0.001	0.001	0.022	0.007	0.006	0.3377	0.6923	0.2847	0.7333	0.001	0.3037	0.2667	0.8462	0.014	0.016	0.004	0.019	0.022	0.003	0.2248	0.009	0.7712	0.003	0.8731	0.015	0.016	0.001	0.9131	0.018	0.1269	0.001	0.001	0.0599	0.1049	0.004	0.3437	0.001	0.7073	0.022	0.001	0.001	0.001	0.0549	0.0949	0.008	0.001	0.3866	0.7063	0.007	0.2617	0.3037	0.4266	0.002	0.001	0.001	0.014	0.045	0.002	0.001	0.2278	0.8222	0.5245	0.047	0.0859	0.001	0.001	0.0729	0.003	0.001	0.006	0.016	0.002	0.2647	0.001	0.013	0.001	0.032	0.2148	0.1219	0.008	0.5055	0.5445	0.039	0.001	0.2647	0.001	0.009	0.0809	0.8362	0.002	0.001	0.0659	0.015	0.958	0.3257	0.9351	0.001	0.017	0.003	0.0599	0.2058	0.04	0.4665	0.005	0.005	0.5934	0.023	0.044	0.3257	0.002	0.2857	0.5455	0.002	0.8761	0.1598	0.001	0.7373	0.9151	0.01	0.8861	0.0649	0.006	0.001	0.4845	0.001	0.0629	0.1099	0.002	0.003	0.5475	0.014	0.0919
Sg_B07_50	0.001	0.001	0.6464	0.001	0.003	0.8362	0.006	0.2078	0.001	0.0599	0.001	0.8432	0.3317	0.002	0.1818	0.6234	0.039	0.001	0.004	0.1528	0.4386	0.002	0.959	0.001	0.003	0.001	0.001	0.033	0.8861	0.4695	0.003	0.002	0.001	0.001	0.037	0.8292	0.001	0.1818	0.002	0.001	0.0759	0.7273	0.001	0.039	0.001	0.006	0.001	1	0.005	0.001	0.034	0.007	0.3826	0.001	0.001	0.001	0.001	0.3596	0.2957	0.001	0.953	0.001	0.1658	0.001	0.028	0.001	0.001	0.001	0.001	0.001	0.4226	0.9191	0.7732	0.001	0.0829	0.6503	0.3856	0.001	0.002	0.001	0.002	0.001	0.001	0.9051	0.3676	0.017	0.017	0.1459	0.001	0.001	0.001	0.0529	0.001	0.1868	0.001	0.1409	0.003	0.001	0.2587	0.4296	0.4336	0.5604	0.5854	0.001	0.989	0.008	0.5784	0.004	0.001	0.003	0.6773	0.8222	0.3616	0.001	0.011	0.05	0.001	0.001	0.0789	0.018	0.001	0.001	0.001	0.004	0.001	0.2338	0.001	0.001	0.001	0.001	0.0669	0.001	0.044	0.001	0.001	0.001	0.007	0.007	0.001	0.001	0.001	0.8372	0.002	0.1339	0.3357	0.001	0.1858	0.0769	0.001	0.023	0.2857	0.3626	0.0789	0.1778	0.6444	0.043	0.1289	0.033	0.035	0.006	0.0779	0.003	0.003	0.3506	0.033	0.009	0.001	0.001	0.001	0.001	0.951	0.049	0.001	0.6074	0.1568	0.021	0.001	0.1439	0.8192	0.0859	0.002	0.001	0.002	0.002	0.1159	0.3986	0.001	0.9301	0.001	0.012	0.8871	0.007	0.029	0.1628	0.001	0.001	0.034	0.001	0.004	0.0539	0.002	0.001	0.019	0.004	0.1658	0.001	0.003	0.001	0.1159	0.001	0.2617	0.001	0.001	0.001	0.006	0.001	0.001	0.2038	0.2418	0.3746	0.5864	0.001	0.001	0.003	0.3077	0.001	0.001	0.4505	0.001	0.021	0.1688	0.5914	0.7982	0.001	0.021	0.3477	0.1199	0.006	0.001	0.001	0.1439	0.6873	0.001	0.037	0.5924	0.001	0.004	0.0949	0.001	0.001	0.014	0.001	0.2797	0.001	0.2018	0.013	0.001	0.4935	0.002	0.1229	0.001	0.001	0.7023	0.001	0.8322	0.001	0.8142	0.001	0.3876	0.001	0.001	0.001	0.4266	0.981	0.038	0.3986	0.989	0.001	0.005	0.0879	0.1728	0.001	0.001	0.029	0.2927	0.4396	0.6673	0.04	0.2867	0.3027	0.001	0.001	0.001	0.7942	0.1239	0.001	0.001	0.1838	0.3606	0.001	0.003	0.001	0.4386	0.001	0.0999	0.001	0.001	0.001	0.4665	0.005	0.9201	0.1129	0.4006	0.001	0.017	0.2308	0.001	0.004	0.001	0.001	0.001	0.001	0.001	0.3526	0.4745	0.3007	0.7283	0.001	0.5255	0.001
Sg_B07_53	0.006	0.003	0.1768	0.7403	0.3596	0.001	0.5964	0.001	0.019	0.3267	0.011	0.9221	0.3397	0.001	0.0609	0.5495	0.0549	0.001	0.2927	0.3117	0.1099	0.0799	0.1948	0.6034	0.023	0.3956	0.3526	0.001	0.2877	0.8701	0.0759	0.1978	0.0809	0.001	0.014	0.7253	0.001	0.004	0.1329	0.1409	0.4076	0.969	0.2008	0.1728	0.001	0.001	0.001	0.005	1	0.001	0.001	0.8921	0.992	0.1508	0.009	0.01	0.0549	0.001	0.1788	0.001	0.8482	0.029	0.005	0.5794	0.5345	0.0989	0.001	0.006	0.7023	0.3007	0.002	0.2378	0.001	0.0779	0.005	0.001	0.0729	0.018	0.0529	0.033	0.001	0.001	0.003	0.1658	0.6683	0.001	0.8751	0.1009	0.047	0.9451	0.2677	0.0619	0.001	0.036	0.046	0.001	0.023	0.001	0.001	0.005	0.011	0.002	0.001	0.004	0.1139	0.4006	0.001	0.022	0.009	0.031	0.001	0.1099	0.005	0.014	0.001	0.004	0.001	0.0639	0.1329	0.002	0.2847	0.001	0.1359	0.036	0.1948	0.018	0.002	0.0779	0.5425	0.2448	0.1878	0.2737	0.1888	0.001	0.037	0.001	0.989	0.001	0.035	0.9071	0.1419	0.3217	0.1129	0.6434	0.1508	0.0679	0.2987	0.009	0.1199	0.985	0.7063	0.002	0.2847	0.2278	0.2098	0.004	0.6024	0.1728	0.016	0.1089	0.0739	0.002	0.5844	0.029	0.017	0.001	0.954	0.025	0.001	0.0819	0.001	0.8881	0.1988	0.001	0.048	0.3516	0.6454	0.1758	0.5944	0.0579	0.001	0.7223	0.4226	0.1768	0.001	0.2747	0.005	0.7762	0.003	0.03	0.006	0.1489	0.001	0.4266	0.002	0.001	0.5135	0.7263	0.1089	0.003	0.002	0.002	0.012	0.6903	0.3127	0.029	0.952	0.001	0.034	0.2088	0.8981	0.6494	0.005	0.001	0.8501	0.01	0.001	0.001	0.046	0.2937	0.0579	0.8292	0.3716	0.001	0.001	0.6434	0.1968	0.8112	0.004	0.001	0.6753	0.7572	0.4246	0.04	0.009	0.5734	0.001	0.018	0.001	0.001	0.001	0.002	0.005	0.002	0.1479	0.8162	0.01	0.001	0.965	0.7652	0.009	0.1119	0.3497	0.0579	0.02	0.041	0.002	0.5814	0.1129	0.0719	0.023	0.5235	0.02	0.002	0.8861	0.001	0.001	0.0639	0.001	0.015	0.8142	0.001	0.009	0.001	0.8961	0.5145	0.7922	0.001	0.6623	0.003	0.017	0.001	0.7802	0.001	0.002	0.4665	0.0809	0.1089	0.001	0.3117	0.01	0.0559	0.1728	0.2937	0.002	0.004	0.001	0.2398	0.5624	0.006	0.6044	0.001	0.008	0.012	0.1089	0.001	0.015	0.001	0.5025	0.001	0.2567	0.9171	0.5345	0.001	0.0769	0.9251	0.001	0.3516	0.0989	0.002	0.009	0.6154	0.001	0.001	0.954	0.001	0.001	0.975	0.0699	0.008
Sg_B07_62	0.001	0.001	0.8072	0.5874	0.4535	0.001	0.2428	0.001	0.004	0.6484	0.003	0.5814	0.042	0.001	0.004	0.4146	0.004	0.001	0.009	0.2617	0.1149	0.024	0.5385	0.027	0.2837	0.002	0.4016	0.011	0.7073	0.4106	0.3057	0.001	0.5924	0.001	0.001	0.7742	0.001	0.001	0.3836	0.3816	0.8801	0.8561	0.4675	0.021	0.001	0.001	0.001	0.001	0.001	1	0.001	0.4036	0.1089	0.002	0.009	0.005	0.009	0.024	0.0539	0.001	0.3257	0.01	0.033	0.016	0.045	0.2567	0.005	0.001	0.024	0.045	0.001	0.8881	0.001	0.4965	0.014	0.002	0.9031	0.002	0.003	0.006	0.001	0.001	0.001	0.3417	0.4276	0.001	0.0649	0.4675	0.001	0.8651	0.047	0.001	0.001	0.003	0.0549	0.001	0.035	0.001	0.001	0.1748	0.001	0.001	0.003	0.001	0.1538	0.005	0.001	0.008	0.001	0.1369	0.011	0.0879	0.3546	0.002	0.001	0.001	0.001	0.032	0.7103	0.001	0.024	0.001	0.001	0.002	0.007	0.3776	0.002	0.014	0.4865	0.006	0.034	0.1049	0.031	0.001	0.008	0.2128	0.0549	0.002	0.002	0.4236	0.1169	0.3307	0.2338	0.2118	0.007	0.001	0.0949	0.001	0.01	0.1349	0.1968	0.003	0.2388	0.1109	0.1898	0.001	0.2627	0.004	0.1459	0.004	0.0729	0.001	0.3596	0.001	0.002	0.003	0.6054	0.001	0.001	0.001	0.001	0.0929	0.4266	0.001	0.3047	0.1229	0.6104	0.4985	0.008	0.025	0.001	0.2677	0.986	0.9311	0.001	0.003	0.001	0.7463	0.002	0.004	0.023	0.008	0.001	0.1489	0.001	0.001	0.0589	0.009	0.001	0.001	0.001	0.001	0.017	0.2178	0.0949	0.001	0.1648	0.006	0.007	0.2348	0.6104	0.001	0.005	0.001	0.0959	0.001	0.001	0.001	0.2418	0.2158	0.2458	0.1369	0.0539	0.001	0.001	0.6094	0.006	0.2108	0.002	0.001	0.1389	0.8981	0.9431	0.0659	0.002	0.0579	0.002	0.001	0.001	0.001	0.001	0.001	0.001	0.001	0.0969	0.3127	0.001	0.001	0.0809	0.7532	0.004	0.001	0.018	0.007	0.003	0.1439	0.001	0.8202	0.0519	0.1848	0.002	0.009	0.001	0.001	0.9381	0.001	0.003	0.046	0.001	0.001	0.0589	0.001	0.005	0.001	0.0959	0.1499	0.4775	0.001	0.3676	0.0549	0.2078	0.001	0.5465	0.001	0.001	0.048	0.1179	0.006	0.001	0.3676	0.001	0.036	0.016	0.5834	0.001	0.001	0.001	0.008	0.2188	0.028	0.3187	0.001	0.004	0.03	0.012	0.011	0.006	0.001	0.7403	0.011	0.044	0.6124	0.9181	0.001	0.02	0.6893	0.001	0.2997	0.3027	0.001	0.004	0.7922	0.001	0.001	0.2108	0.1808	0.001	0.5315	0.043	0.002
Sg_B08_36	0.017	0.1039	0.953	0.4336	0.6364	0.001	0.6124	0.001	0.8501	0.5634	0.5714	0.8711	0.6993	0.4915	0.3377	0.001	0.0579	0.9101	0.3586	0.3237	0.027	0.4026	0.0669	0.049	0.002	0.019	0.4036	0.1309	0.1668	0.7333	0.001	0.8591	0.001	0.3806	0.8611	0.1329	0.7413	0.2458	0.0889	0.001	0.03	0.998	0.008	0.8571	0.0729	0.005	0.2697	0.034	0.001	0.001	1	0.1828	0.001	0.039	0.001	0.3596	0.4525	0.009	0.2388	0.2058	0.0579	0.011	0.2777	0.003	0.5894	0.006	0.7972	0.0829	0.2887	0.4146	0.001	0.1548	0.1139	0.014	0.014	0.003	0.3896	0.036	0.004	0.004	0.001	0.4765	0.9181	0.5914	0.8591	0.0979	0.8541	0.015	0.8561	0.001	0.2537	0.1439	0.2378	0.001	0.6903	0.001	0.2827	0.5425	0.001	0.016	0.0759	0.001	0.005	0.4296	0.5844	0.2907	0.001	0.6154	0.1129	0.001	0.018	0.2807	0.011	0.035	0.001	0.7073	0.033	0.007	0.1219	0.001	0.008	0.5055	0.013	0.6753	0.001	0.9221	0.0759	0.006	0.001	0.008	0.1429	0.3616	0.001	0.6074	0.9351	0.001	0.039	0.001	0.9171	0.002	0.002	0.003	0.96	0.1139	0.4945	0.2078	0.029	0.6024	0.1199	0.1808	0.015	0.001	0.0539	0.6214	0.002	0.0679	0.9101	0.6873	0.01	0.6653	0.8941	0.8561	0.6703	0.001	0.014	0.9231	0.002	0.2917	0.4266	0.6434	0.001	0.0659	0.037	0.001	0.001	0.01	0.022	0.0559	0.004	0.003	0.4535	0.03	0.6264	0.002	0.005	0.0609	0.022	0.9281	0.4406	0.9161	0.002	0.6933	0.001	0.02	0.1698	0.6004	0.017	0.1399	0.5874	0.025	0.0869	0.9061	0.0759	0.5195	0.5045	0.5445	0.3556	0.1978	0.1748	0.025	0.001	0.036	0.008	0.4775	0.1528	0.8092	0.3167	0.001	0.1299	0.5984	0.034	0.984	0.012	0.3936	0.001	0.001	0.026	0.029	0.4366	0.025	0.1988	0.4945	0.044	0.031	0.2358	0.8971	0.007	0.8591	0.1768	0.005	0.001	0.001	0.6703	0.011	0.002	0.95	0.1119	0.001	0.013	0.001	0.8012	0.5864	0.8332	0.8871	0.041	0.6284	0.3686	0.003	0.9231	0.02	0.1489	0.1798	0.1598	0.97	0.046	0.6484	0.001	0.2168	0.001	0.02	0.017	0.8791	0.005	0.002	0.1079	0.021	0.01	0.7522	0.9231	0.001	0.002	0.5674	0.033	0.1419	0.1878	0.0879	0.5974	0.9221	0.001	0.031	0.3756	0.5904	0.4016	0.6513	0.2348	0.8232	0.3447	0.985	0.013	0.043	0.1518	0.973	0.2787	0.6344	0.2677	0.5205	0.012	0.2278	0.1079	0.001	0.4446	0.001	0.4176	0.2907	0.001	0.1568	0.1189	0.001	0.006	0.4845	0.04	0.032	0.956	0.001	0.028	0.007	0.001	0.002	0.046	0.8202
Sg_B14_1	0.001	0.002	0.007	0.002	0.031	0.5534	0.001	0.3816	0.001	0.001	0.001	0.024	0.2787	0.028	0.001	0.4705	0.1429	0.001	0.017	0.2827	0.3357	0.8222	0.033	0.035	0.0589	0.0639	0.002	0.4925	0.023	0.019	0.001	0.1668	0.001	0.001	0.001	0.032	0.001	0.3007	0.001	0.9131	0.024	0.7093	0.001	0.6853	0.039	0.1738	0.8482	0.007	0.8921	0.4036	0.1828	1	0.7273	0.002	0.1618	0.001	0.001	0.039	0.2198	0.2168	0.8851	0.002	0.4905	0.001	0.0879	0.0909	0.047	0.037	0.001	0.001	0.014	0.0999	0.018	0.006	0.01	0.013	0.002	0.001	0.2388	0.004	0.8971	0.037	0.001	0.9001	0.8462	0.4146	0.001	0.021	0.1079	0.008	0.008	0.002	0.1838	0.04	0.0919	0.5255	0.2188	0.009	0.8851	0.1449	0.006	0.1029	0.6863	0.016	0.0809	0.014	0.1359	0.968	0.001	0.996	0.5674	0.003	0.0799	0.001	0.2707	0.7502	0.047	0.006	0.016	0.6813	0.001	0.016	0.001	0.033	0.001	0.6024	0.004	0.001	0.001	0.001	0.1229	0.001	0.02	0.001	0.3776	0.001	0.002	0.4296	0.001	0.002	0.001	0.8871	0.001	0.015	0.5315	0.006	0.7512	0.0869	0.001	0.0579	0.6783	0.8991	0.5395	0.1329	0.004	0.001	0.6533	0.0629	0.002	0.2897	0.9271	0.2787	0.2338	0.0549	0.1179	0.032	0.011	0.001	0.001	0.001	0.001	0.001	0.002	0.8322	0.043	0.9021	0.001	0.3776	0.1269	0.03	0.1548	0.001	0.5195	0.009	0.01	0.8412	0.003	0.8412	0.1688	0.1598	0.2118	0.027	0.01	0.982	0.001	0.033	0.968	0.001	0.0779	0.3007	0.027	0.001	0.3277	0.001	0.1409	0.001	0.037	0.039	0.2448	0.005	0.4316	0.011	0.002	0.001	0.015	0.001	0.001	0.022	0.001	0.6893	0.2917	0.2028	0.003	0.009	0.008	0.003	0.001	0.6444	0.001	0.4555	0.008	0.0719	0.2557	0.05	0.018	0.002	0.4306	0.1119	0.015	0.6454	0.6683	0.3107	0.001	0.2478	0.033	0.001	0.5145	0.8931	0.039	0.001	0.3666	0.6074	0.2707	0.037	0.8721	0.2028	0.001	0.3516	0.3267	0.7363	0.001	0.3157	0.7443	0.001	0.4955	0.018	0.0989	0.001	0.1878	0.001	0.006	0.018	0.0999	0.01	0.023	0.6613	0.9301	0.001	0.2058	0.6184	0.8781	0.022	0.3457	0.2707	0.0649	0.2398	0.9251	0.3317	0.5984	0.5754	0.001	0.0549	0.001	0.009	0.6284	0.014	0.001	0.017	0.8961	0.002	0.016	0.003	0.8711	0.004	0.002	0.001	0.3037	0.1059	0.7423	0.989	0.1578	0.5864	0.5564	0.024	0.1598	0.001	0.002	0.7373	0.028	0.001	0.013	0.002	0.002	0.037	0.4855	0.002	0.4975	0.001	0.1688	0.001
Sg_B14_13	0.975	0.2358	0.6034	0.5664	0.6034	0.001	0.8052	0.001	0.4276	0.3556	0.7423	0.0879	0.4815	0.7712	0.0609	0.001	0.4765	0.7343	0.3097	0.5934	0.1029	0.3526	0.0579	0.047	0.2647	0.2867	0.0939	0.1898	0.3666	0.3017	0.0799	0.3057	0.0969	0.8272	0.0929	0.0599	0.5215	0.7213	0.5235	0.001	0.001	0.1029	0.3317	0.1618	0.2278	0.001	0.7872	0.3826	0.992	0.1089	0.001	0.7273	1	0.2198	0.001	0.4156	0.1209	0.7123	0.5614	0.6643	0.001	0.2448	0.5884	0.018	0.5974	0.0539	0.2328	0.3267	0.2707	0.0839	0.4126	0.8561	0.2148	0.3816	0.5365	0.7243	0.4755	0.1798	0.029	0.2657	0.025	0.5754	0.2008	0.7622	0.002	0.5544	0.018	0.003	0.7263	0.4116	0.038	0.5275	0.9271	0.001	0.6753	0.001	0.4196	0.2967	0.001	0.3247	0.007	0.01	0.1648	0.4026	0.041	0.9121	0.002	0.047	0.8462	0.003	0.999	0.6294	0.003	0.5914	0.1798	0.5325	0.1848	0.2208	0.004	0.001	0.6943	0.3227	0.2088	0.5405	0.1818	0.4456	0.1269	0.1718	0.7602	0.041	0.7772	0.3487	0.045	0.2887	0.3117	0.5065	0.6523	0.001	0.5405	0.049	0.0709	0.001	0.5435	0.981	0.2557	0.8971	0.001	0.0719	0.0899	0.9251	0.002	0.001	0.002	0.4935	0.049	0.012	0.2448	0.5185	0.6194	0.6953	0.4725	0.7083	0.4755	0.0699	0.3327	0.6713	0.026	0.8042	0.3706	0.7473	0.3127	0.8951	0.044	0.001	0.1109	0.002	0.6703	0.1389	0.001	0.006	0.6693	0.2188	0.3097	0.017	0.7423	0.003	0.8252	0.986	0.1159	0.7433	0.4695	0.6464	0.041	0.001	0.8052	0.6234	0.001	0.7493	0.3856	0.7792	0.016	0.4805	0.5295	0.7073	0.976	0.8072	0.4845	0.3477	0.7353	0.023	0.023	0.2747	0.1289	0.8212	0.977	0.2577	0.6863	0.001	0.6713	0.035	0.4875	0.5864	0.1788	0.4645	0.3467	0.3726	0.4446	0.001	0.6084	0.021	0.3966	0.2108	0.4535	0.0699	0.5215	0.1808	0.02	0.2178	0.1628	0.5445	0.001	0.001	0.4715	0.4006	0.007	0.048	0.7612	0.001	0.5015	0.043	0.2218	0.5764	0.2867	0.7832	0.001	0.8272	0.6234	0.021	0.1768	0.001	0.9481	0.6703	0.958	0.1528	0.001	0.8112	0.1538	0.6334	0.001	0.4386	0.4116	0.8462	0.018	0.3247	0.8571	0.013	0.001	0.3037	0.0739	0.001	0.014	0.8302	0.013	0.5375	0.1558	0.014	0.5395	0.4016	0.003	0.001	0.0679	0.6513	0.4096	0.3936	0.4266	0.9331	0.7493	0.4635	0.001	0.4815	0.4476	0.2038	0.4835	0.7892	0.7742	0.1059	0.002	0.4935	0.001	0.001	0.4326	0.01	0.006	0.98	0.001	0.1838	0.1329	0.001	0.024	0.6154	0.04	0.1678	0.6074	0.001	0.001	0.2917	0.001	0.0579	0.8711	0.8162
Sg_B15_22	0.001	0.001	0.3267	0.001	0.001	0.6034	0.006	0.2687	0.001	0.001	0.001	0.9161	0.1928	0.001	0.033	0.6633	0.2937	0.001	0.007	0.0559	0.8701	0.001	0.033	0.001	0.002	0.001	0.001	0.2897	0.6314	0.6404	0.002	0.002	0.001	0.001	0.004	0.0699	0.001	0.0699	0.001	0.041	0.3017	0.6014	0.001	0.4386	0.005	0.0839	0.1279	0.001	0.1508	0.002	0.039	0.002	0.2198	1	0.002	0.001	0.001	0.0869	0.994	0.002	0.2338	0.001	0.5624	0.001	0.0709	0.001	0.004	0.001	0.001	0.001	0.032	0.1049	0.3007	0.001	0.022	0.2737	0.7003	0.001	0.017	0.001	0.01	0.001	0.001	0.7872	0.8482	0.9281	0.001	0.015	0.001	0.001	0.001	0.004	0.0549	0.5564	0.3556	0.3996	0.027	0.001	0.5005	0.8422	0.1918	0.2627	0.1928	0.001	0.1449	0.006	0.0829	0.035	0.001	0.012	0.9331	0.5055	0.0979	0.001	0.013	0.001	0.001	0.001	0.5065	0.042	0.001	0.001	0.001	0.003	0.001	0.0779	0.001	0.001	0.001	0.001	0.1658	0.001	0.5265	0.001	0.001	0.001	0.004	0.009	0.001	0.001	0.001	0.0649	0.001	0.02	0.1129	0.001	0.4016	0.004	0.001	0.046	0.1868	0.3367	0.4945	0.2398	0.019	0.001	0.6084	0.031	0.008	0.001	0.016	0.018	0.036	0.1708	0.013	0.001	0.001	0.001	0.001	0.003	0.0669	0.028	0.001	0.6633	0.2268	0.6294	0.001	0.4725	0.1648	0.5964	0.004	0.001	0.029	0.002	0.1119	0.4076	0.001	0.4595	0.001	0.006	0.1578	0.0769	0.003	0.958	0.001	0.001	0.8591	0.001	0.008	0.034	0.001	0.001	0.4745	0.021	0.8891	0.001	0.001	0.009	0.005	0.001	0.2218	0.003	0.001	0.001	0.01	0.001	0.001	0.4735	0.013	0.9391	0.988	0.001	0.001	0.001	0.0739	0.001	0.001	0.3606	0.001	0.1109	0.004	0.2338	0.6943	0.003	0.006	0.022	0.022	0.007	0.001	0.1938	0.2527	0.1219	0.001	0.7023	0.3586	0.001	0.0989	0.9241	0.001	0.001	0.021	0.001	0.021	0.001	0.4096	0.035	0.001	0.026	0.2657	0.8402	0.001	0.001	0.7732	0.001	0.1538	0.001	0.027	0.001	0.2198	0.001	0.001	0.001	0.012	0.032	0.012	0.1928	0.0549	0.001	0.0779	0.0929	0.041	0.001	0.006	0.047	0.1179	0.3207	0.6154	0.0769	0.5914	0.006	0.001	0.001	0.001	0.961	0.037	0.001	0.001	0.1299	0.3057	0.001	0.002	0.001	0.3706	0.001	0.018	0.005	0.0599	0.002	0.9341	0.044	0.1359	0.002	0.8162	0.005	0.0639	0.5005	0.001	0.022	0.001	0.001	0.001	0.001	0.001	0.2468	0.4695	0.008	0.993	0.001	0.4056	0.001
Sg_B15_23	0.001	0.6424	0.3656	0.2108	0.033	0.001	0.2448	0.001	0.6953	0.6224	0.034	0.044	0.3497	0.3996	0.007	0.006	0.3906	0.8531	0.9021	0.3087	0.033	0.0679	0.047	0.1419	0.007	0.001	0.5175	0.1668	0.009	0.1938	0.01	0.2537	0.003	0.1359	0.4326	0.028	0.2647	0.999	0.0749	0.001	0.001	0.5395	0.005	0.5914	0.1339	0.01	0.7902	0.001	0.009	0.009	0.001	0.1618	0.001	0.002	1	0.006	0.0559	0.049	0.2168	0.986	0.003	0.003	0.3936	0.003	0.995	0.001	0.2328	0.001	0.3646	0.3646	0.012	0.9481	0.003	0.008	0.002	0.009	0.1239	0.016	0.001	0.001	0.001	0.001	0.6174	0.2348	0.3646	0.6763	0.1978	0.001	0.049	0.002	0.0949	0.5265	0.3447	0.001	0.7802	0.001	0.009	0.001	0.001	0.001	0.013	0.002	0.011	0.01	0.2727	0.8881	0.001	0.1109	0.001	0.001	0.2038	0.0789	0.002	0.003	0.001	0.2747	0.001	0.001	0.002	0.001	0.001	0.5035	0.003	0.6553	0.001	0.3447	0.0509	0.001	0.001	0.001	0.015	0.037	0.002	0.1668	0.4535	0.001	0.4436	0.001	0.2038	0.003	0.001	0.001	0.8002	0.2028	0.0529	0.004	0.002	0.0609	0.0559	0.2028	0.001	0.001	0.003	0.1548	0.014	0.023	0.5604	0.5135	0.015	0.1928	0.4875	0.1968	0.6553	0.002	0.0939	0.8432	0.001	0.2398	0.8442	0.8601	0.009	0.4855	0.003	0.001	0.028	0.0639	0.001	0.6883	0.002	0.001	0.1908	0.001	0.3836	0.001	0.011	0.004	0.007	0.2078	0.1738	0.2797	0.3626	0.4356	0.003	0.001	0.035	0.4106	0.036	0.006	0.9461	0.9051	0.026	0.5105	0.1449	0.3357	0.1978	0.2777	0.1518	0.0859	0.9271	0.001	0.001	0.035	0.002	0.1239	0.2228	0.7193	0.1968	0.001	0.2897	0.2767	0.959	0.1449	0.001	0.2537	0.001	0.001	0.004	0.002	0.1598	0.04	0.0749	0.2058	0.017	0.001	0.8961	0.5315	0.001	0.2148	0.014	0.3566	0.001	0.001	0.5734	0.6334	0.4176	0.3766	0.0869	0.001	0.002	0.001	0.8711	0.048	0.0699	0.7752	0.008	0.5195	0.9241	0.01	0.8781	0.0819	0.0949	0.035	0.3706	0.1558	0.04	0.3127	0.048	0.035	0.001	0.001	0.012	0.1159	0.001	0.003	0.2907	0.1718	0.001	0.8102	0.0689	0.001	0.026	0.045	0.004	0.7842	0.037	0.005	0.5275	0.3896	0.001	0.002	0.6094	0.4715	0.5145	0.029	0.6763	0.9251	0.1299	0.7363	0.002	0.023	0.8761	0.1868	0.027	0.2567	0.7263	0.05	0.012	0.2268	0.1039	0.001	0.4935	0.006	0.0669	0.1798	0.001	0.1349	0.3367	0.001	0.001	0.3646	0.017	0.018	0.2018	0.001	0.003	0.0519	0.001	0.001	0.97	0.5405
Sg_B15_25	0.001	0.001	0.1678	0.002	0.001	0.9411	0.001	0.2797	0.001	0.013	0.001	0.8402	0.0659	0.001	0.1009	0.0859	0.035	0.001	0.002	0.1139	0.8821	0.029	0.0689	0.006	0.1968	0.01	0.003	0.002	0.4505	0.6723	0.035	0.003	0.009	0.001	0.003	0.4496	0.001	0.0859	0.001	0.0929	0.5135	0.0539	0.002	0.7662	0.001	0.011	0.002	0.001	0.01	0.005	0.3596	0.001	0.4156	0.001	0.006	1	0.001	0.6913	0.4905	0.001	0.04	0.001	0.002	0.001	0.019	0.003	0.001	0.001	0.001	0.001	0.7003	0.3217	0.1369	0.001	0.042	0.3417	0.4296	0.001	0.5245	0.001	0.002	0.001	0.001	0.032	0.004	0.007	0.041	0.002	0.001	0.001	0.002	0.002	0.001	0.1738	0.3666	0.1009	0.4376	0.001	0.6064	0.024	0.0589	0.014	0.6553	0.001	0.4256	0.005	0.0949	0.005	0.001	0.1049	0.048	0.2727	0.7063	0.001	0.003	0.006	0.001	0.001	0.4805	0.2358	0.001	0.001	0.001	0.003	0.001	0.2318	0.001	0.001	0.001	0.001	0.004	0.001	0.9061	0.001	0.1758	0.001	0.003	0.05	0.001	0.001	0.001	0.018	0.001	0.001	0.0589	0.001	0.1119	0.027	0.001	0.002	0.013	0.4825	0.1319	0.7423	0.001	0.003	0.0629	0.016	0.3447	0.01	0.5255	0.0899	0.1229	0.5824	0.001	0.002	0.003	0.001	0.001	0.001	0.2607	0.007	0.001	0.3317	0.2697	0.7373	0.001	0.2867	0.0639	0.1848	0.001	0.001	0.024	0.004	0.3377	0.4156	0.001	0.7143	0.001	0.024	0.037	0.003	0.001	0.0779	0.001	0.001	0.6543	0.001	0.001	0.013	0.002	0.001	0.8961	0.001	0.7822	0.001	0.1618	0.001	0.1069	0.001	0.003	0.002	0.001	0.001	0.001	0.001	0.001	0.019	0.027	0.6274	0.007	0.0529	0.001	0.001	0.9311	0.001	0.001	0.0839	0.001	0.001	0.1249	0.5405	0.011	0.012	0.001	0.001	0.2967	0.012	0.001	0.002	0.4895	0.1099	0.001	0.039	0.7273	0.001	0.0899	0.969	0.001	0.001	0.011	0.007	0.1898	0.001	0.6703	0.014	0.001	0.985	0.1469	0.9131	0.001	0.001	0.0629	0.001	0.045	0.001	0.1249	0.001	0.036	0.001	0.002	0.001	0.8092	0.4386	0.001	0.2188	0.01	0.001	0.0699	0.7782	0.0999	0.001	0.003	0.013	0.024	0.5884	0.974	0.034	0.2637	0.016	0.001	0.001	0.001	0.981	0.017	0.001	0.001	0.002	0.024	0.001	0.2258	0.001	0.7612	0.001	0.018	0.001	0.4765	0.001	0.4605	0.0629	0.4336	0.0759	0.8511	0.001	0.2108	0.001	0.001	0.3836	0.001	0.001	0.001	0.001	0.001	0.0549	0.0989	0.99	0.0539	0.002	0.001	0.001
Sg_B15_35	0.001	0.001	0.05	0.001	0.001	0.6484	0.001	0.6903	0.001	0.035	0.001	0.006	0.027	0.001	0.037	0.6843	0.026	0.001	0.009	0.029	0.8192	0.0869	0.002	0.002	0.001	0.2697	0.002	0.8002	0.015	0.021	0.001	0.5754	0.001	0.001	0.011	0.0539	0.001	0.3576	0.001	0.3966	0.6743	0.3047	0.001	0.4625	0.001	0.003	0.5854	0.001	0.0549	0.009	0.4525	0.001	0.1209	0.001	0.0559	0.001	1	0.008	0.2757	0.001	0.8242	0.001	0.6354	0.001	0.015	0.004	0.001	0.001	0.001	0.001	0.014	0.5455	0.2827	0.001	0.003	0.2068	0.003	0.001	0.004	0.001	0.013	0.001	0.001	0.6653	0.9451	0.7892	0.007	0.3556	0.004	0.001	0.017	0.002	0.016	0.7522	0.001	0.022	0.3546	0.001	0.3606	0.4046	0.5065	0.031	0.002	0.001	0.6503	0.004	0.02	0.4715	0.001	0.5465	0.8751	0.0959	0.972	0.001	0.041	0.6084	0.001	0.001	0.2478	0.5894	0.001	0.001	0.001	0.002	0.001	0.004	0.001	0.001	0.002	0.001	0.9081	0.001	0.0619	0.001	0.1638	0.001	0.007	0.6633	0.001	0.001	0.001	0.5365	0.003	0.002	0.02	0.001	0.4655	0.011	0.001	0.003	0.5804	0.8761	0.0899	0.8791	0.002	0.001	0.0549	0.014	0.3037	0.4276	0.1758	0.0559	0.017	0.3397	0.011	0.002	0.001	0.001	0.001	0.018	0.2328	0.035	0.001	0.4665	0.2008	0.029	0.001	0.7912	0.007	0.004	0.001	0.001	0.006	0.001	0.02	0.5135	0.001	0.7632	0.001	0.029	0.5085	0.4396	0.001	0.4416	0.001	0.001	0.1608	0.001	0.043	0.8581	0.001	0.001	0.3267	0.001	0.0819	0.001	0.048	0.1788	0.0999	0.001	0.1319	0.001	0.001	0.001	0.002	0.001	0.001	0.1508	0.001	0.4016	0.9161	0.004	0.001	0.007	0.029	0.001	0.001	0.6973	0.001	0.01	0.0649	0.022	0.5335	0.002	0.001	0.004	0.0929	0.014	0.001	0.1698	0.8372	0.0549	0.001	0.3786	0.3656	0.001	0.2857	0.2887	0.001	0.001	0.039	0.036	0.1928	0.001	0.973	0.032	0.001	0.6603	0.002	0.9431	0.001	0.001	0.4845	0.001	0.9041	0.001	0.1069	0.001	0.002	0.001	0.001	0.002	0.013	0.4016	0.006	0.9421	0.8911	0.001	0.0589	0.3676	0.0669	0.001	0.003	0.7902	0.1708	0.3516	0.1169	0.017	0.4266	0.3746	0.001	0.001	0.001	0.005	0.7692	0.001	0.001	0.003	0.4815	0.001	0.001	0.001	0.9101	0.001	0.8811	0.001	0.001	0.001	0.8881	0.4885	0.02	0.7742	0.5524	0.023	0.3077	0.0549	0.001	0.3856	0.001	0.001	0.001	0.001	0.001	0.013	0.4825	0.2148	0.2198	0.001	0.7313	0.001
Sg_B15_52	0.0789	0.3506	0.9051	0.05	0.003	0.001	0.037	0.001	0.3277	0.001	0.4356	0.045	0.037	0.044	0.0559	0.1928	0.954	0.979	0.1618	0.6204	0.021	0.1339	0.001	0.6074	0.015	0.986	0.029	0.001	0.029	0.003	0.001	0.002	0.001	0.02	0.027	0.049	0.6134	0.001	0.2807	0.3287	0.1828	0.7343	0.001	0.0979	0.027	0.5544	0.001	0.3596	0.001	0.024	0.009	0.039	0.7123	0.0869	0.049	0.6913	0.008	1	0.1169	0.002	0.6254	0.023	0.0509	0.005	0.6344	0.015	0.5784	0.4615	0.001	0.0539	0.001	0.3586	0.2597	0.3147	0.001	0.001	0.0709	0.0909	0.001	0.1678	0.0999	0.5874	0.2677	0.038	0.3307	0.007	0.001	0.044	0.5594	0.1339	0.8741	0.0539	0.1798	0.4715	0.036	0.4346	0.3736	0.6543	0.0679	0.1748	0.036	0.1069	0.001	0.6743	0.024	0.2797	0.1099	0.6753	0.1968	0.1259	0.046	0.1189	0.7003	0.044	0.004	0.001	0.3926	0.025	0.6434	0.027	0.001	0.3047	0.0569	0.012	0.3686	0.001	0.6823	0.006	0.3836	0.014	0.0649	0.016	0.001	0.998	0.3227	0.001	0.5754	0.029	0.6903	0.002	0.0659	0.2747	0.025	0.1029	0.3546	0.4196	0.2078	0.7692	0.3636	0.3936	0.6683	0.034	0.016	0.6394	0.2378	0.7682	0.7213	0.044	0.025	0.5544	0.029	0.001	0.959	0.2807	0.014	0.8671	0.034	0.2797	0.1109	0.6044	0.001	0.7872	0.2308	0.3027	0.9291	0.8342	0.002	0.3117	0.8631	0.5754	0.2128	0.0819	0.001	0.023	0.002	0.4026	0.8212	0.0629	0.0999	0.003	0.004	0.001	0.9241	0.1119	0.7163	0.3487	0.6543	0.034	0.0719	0.001	0.6613	0.2008	0.2408	0.1838	0.014	0.3826	0.1738	0.4535	0.3277	0.022	0.2597	0.5834	0.5055	0.0679	0.8142	0.5395	0.4366	0.0879	0.001	0.8162	0.034	0.0649	0.023	0.8492	0.001	0.007	0.039	0.5604	0.7343	0.0609	0.8252	0.004	0.0749	0.1039	0.4376	0.2048	0.003	0.005	0.3746	0.023	0.01	0.2617	0.5954	0.027	0.0889	0.002	0.8472	0.3037	0.012	0.042	0.013	0.7852	0.007	0.0849	0.1938	0.982	0.2428	0.5445	0.016	0.1149	0.028	0.1469	0.001	0.9371	0.1129	0.2867	0.001	0.3816	0.2078	0.0919	0.2068	0.3307	0.001	0.001	0.8282	0.7552	0.4026	0.3237	0.4006	0.4645	0.028	0.5205	0.002	0.002	0.6394	0.1678	0.2997	0.006	0.001	0.0599	0.4605	0.001	0.7712	0.027	0.001	0.4276	0.2418	0.2248	0.2058	0.025	0.0579	0.1538	0.001	0.001	0.004	0.9271	0.005	0.5974	0.5734	0.048	0.033	0.0979	0.006	0.0519	0.3217	0.028	0.993	0.047	0.044	0.1728	0.4665	0.2048	0.7682	0.1878	0.3177	0.001	0.04	0.001	0.033	0.2288
Sg_B19_17	0.1339	0.977	0.6004	0.1189	0.7443	0.7323	0.2298	0.032	0.1339	0.5714	0.4775	0.0969	0.001	0.1838	0.033	0.2767	0.0559	0.2048	0.009	0.023	0.9231	0.0829	0.4865	0.3576	0.2318	0.4266	0.3297	0.1898	0.5265	0.1489	0.2577	0.1329	0.8272	0.5894	0.2717	0.2727	0.038	0.976	0.042	0.4575	0.3876	0.0799	0.4376	0.001	0.013	0.1718	0.3616	0.2957	0.1788	0.0539	0.2388	0.2198	0.5614	0.994	0.2168	0.4905	0.2757	0.1169	1	0.001	0.972	0.0559	0.019	0.7303	0.003	0.9361	0.035	0.4276	0.4605	0.5884	0.027	0.035	0.8561	0.006	0.2527	0.006	0.5395	0.4805	0.4396	0.9251	0.0999	0.3666	0.4855	0.4765	0.6164	0.1988	0.997	0.7493	0.3786	0.0709	0.3317	0.1079	0.001	0.4426	0.011	0.955	0.3606	0.2797	0.1399	0.5025	0.4725	0.3576	0.2677	0.2468	0.7712	0.002	0.1558	0.3736	0.5175	0.1628	0.6893	0.2348	0.3876	0.5075	0.1918	0.9021	0.5534	0.7732	0.1439	0.5255	0.978	0.016	0.5854	0.002	0.7562	0.4476	0.3626	0.1978	0.4725	0.9191	0.2368	0.4296	0.3666	0.3037	0.9221	0.7682	0.003	0.1049	0.033	0.3457	0.5804	0.6613	0.7552	0.0689	0.3147	0.5884	0.8651	0.4276	0.8671	0.039	0.5475	0.2967	0.955	0.974	0.8751	0.3546	0.1159	0.005	0.2488	0.6613	0.2597	0.002	0.015	0.0519	0.1938	0.983	0.6164	0.1169	0.0619	0.0759	0.013	0.002	0.1778	0.6563	0.2957	0.2248	0.5844	0.5644	0.3766	0.042	0.0569	0.5465	0.3077	0.7443	0.1209	0.4086	0.9161	0.3806	0.1129	0.003	0.1578	0.1419	0.3007	0.8162	0.3986	0.2977	0.6034	0.1838	0.003	0.9151	0.3377	0.1668	0.001	0.7612	0.0659	0.2388	0.7822	0.1459	0.4366	0.7133	0.7862	0.048	0.9081	0.1828	0.018	0.5554	0.1708	0.3037	0.8951	0.8402	0.1429	0.8751	0.964	0.1099	0.021	0.036	0.6843	0.6663	0.4805	0.3816	0.7053	0.2328	0.6973	0.8342	0.98	0.8382	0.2707	0.001	0.1918	0.01	0.5974	0.9481	0.1978	0.8921	0.0879	0.8012	0.9281	0.5964	0.8741	0.9011	0.018	0.3516	0.7063	0.021	0.002	0.004	0.001	0.6813	0.0909	0.0809	0.2877	0.041	0.015	0.0799	0.5634	0.0879	0.1668	0.3097	0.6294	0.3596	0.8611	0.2288	0.1069	0.048	0.006	0.3766	0.963	0.0639	0.1618	0.1009	0.6623	0.1079	0.9391	0.3526	0.7173	0.05	0.1419	0.002	0.4036	0.2867	0.1618	0.6364	0.2557	0.8202	0.7143	0.015	0.0879	0.023	0.9091	0.8402	0.0659	0.7233	0.005	0.5764	0.3207	0.032	0.0869	0.0659	0.2537	0.8911	0.1528	0.5924	0.2478	0.0989	0.6484	0.3067	0.2967	0.988	0.03	0.3546	0.0629	0.1009	0.1109	0.2797	0.5544	0.4825	0.4046	0.1209	0.047	0.2188
Sg_B19_30	0.001	0.007	0.1528	0.0549	0.4436	0.001	0.1578	0.009	0.001	0.6773	0.001	0.6164	0.001	0.001	0.001	0.9491	0.008	0.001	0.001	0.1508	0.0559	0.001	0.3856	0.01	0.0639	0.006	0.1518	0.002	0.5634	0.1089	0.5854	0.001	0.3397	0.001	0.001	0.3027	0.001	0.001	0.1169	0.2797	0.3207	0.2657	0.96	0.028	0.001	0.002	0.001	0.001	0.001	0.001	0.2058	0.2168	0.6643	0.002	0.986	0.001	0.001	0.002	0.001	1	0.5025	0.001	0.013	0.006	0.008	0.6404	0.001	0.001	0.027	0.017	0.024	0.8362	0.3117	0.032	0.011	0.002	0.0569	0.014	0.3576	0.001	0.001	0.001	0.001	0.1309	0.3147	0.015	0.043	0.041	0.002	0.1449	0.006	0.001	0.001	0.5854	0.01	0.002	0.8262	0.001	0.009	0.1489	0.002	0.0899	0.1019	0.001	0.1009	0.005	0.027	0.038	0.001	0.5255	0.003	0.7293	0.6623	0.001	0.001	0.001	0.001	0.001	0.8981	0.2987	0.003	0.001	0.013	0.001	0.001	0.1928	0.001	0.001	0.007	0.001	0.003	0.005	0.017	0.001	0.5125	0.3337	0.001	0.6254	0.001	0.1169	0.002	0.3297	0.0839	0.039	0.006	0.004	0.5205	0.023	0.005	0.031	0.99	0.046	0.3237	0.8631	0.1678	0.001	0.004	0.001	0.9061	0.003	0.012	0.001	0.007	0.8561	0.001	0.016	0.0639	0.001	0.001	0.001	0.006	0.01	0.015	0.1269	0.6254	0.1089	0.007	0.8841	0.0919	0.1219	0.001	0.02	0.6454	0.0669	0.2777	0.2707	0.001	0.0629	0.001	0.001	0.4755	0.001	0.001	0.7992	0.001	0.001	0.2028	0.001	0.001	0.001	0.001	0.001	0.0819	0.0569	0.4076	0.001	0.3896	0.004	0.032	0.013	0.1119	0.001	0.001	0.001	0.01	0.001	0.001	0.007	0.3526	0.039	0.006	0.05	0.001	0.001	0.019	0.1069	0.001	0.8701	0.001	0.001	0.2857	0.7073	0.1179	0.012	0.001	0.004	0.049	0.001	0.001	0.001	0.1199	0.002	0.001	0.029	0.3117	0.033	0.005	0.0549	0.008	0.0829	0.001	0.004	0.01	0.002	0.015	0.009	0.001	0.2478	0.024	0.4416	0.001	0.003	0.001	0.001	0.1868	0.001	0.016	0.001	0.001	0.001	0.005	0.001	0.003	0.005	0.027	0.4456	0.3417	0.001	0.3457	0.4016	0.3736	0.001	0.2228	0.001	0.007	0.3007	0.1169	0.001	0.019	0.027	0.001	0.3616	0.002	0.2787	0.001	0.001	0.001	0.001	0.4086	0.002	0.3427	0.001	0.001	0.006	0.001	0.001	0.1958	0.001	0.9331	0.5335	0.1728	0.6723	0.3257	0.001	0.4925	0.4436	0.001	0.8671	0.037	0.001	0.001	0.024	0.001	0.001	0.8012	0.1259	0.004	0.2577	0.006	0.001
Sg_B19_40	0.9241	0.8132	0.6244	0.2458	0.4296	0.032	0.7522	0.0999	0.8132	0.9041	0.1189	0.7093	0.4066	0.5355	0.3536	0.005	0.3187	0.4685	0.9361	0.8152	0.7552	0.4805	0.002	0.8462	0.993	0.8831	0.5255	0.0619	0.4426	0.8641	0.0539	0.6643	0.1978	0.7662	0.3497	0.986	0.8002	0.951	0.6673	0.3566	0.1159	0.1079	0.7213	0.6074	0.2817	0.2448	0.0839	0.953	0.8482	0.3257	0.0579	0.8851	0.001	0.2338	0.003	0.04	0.8242	0.6254	0.972	0.5025	1	0.1568	0.1848	0.1758	0.6204	0.2957	0.002	0.7762	0.9411	0.8292	0.0939	0.2937	0.4176	0.8342	0.3866	0.1479	0.7642	0.9281	0.2927	0.5465	0.6244	0.8122	0.6234	0.1479	0.001	0.2617	0.1199	0.001	0.4206	0.5514	0.0519	0.4046	0.1598	0.2997	0.972	0.0839	0.971	0.3946	0.022	0.0709	0.3706	0.975	0.4446	0.8701	0.2428	0.9401	0.007	0.6683	0.8801	0.1798	0.1838	0.022	0.1059	0.6214	0.6224	0.5884	0.6064	0.4645	0.5345	0.002	0.5894	0.003	0.8312	0.7153	0.2527	0.0759	0.4046	0.8422	0.3966	0.5055	0.001	0.3377	0.2537	0.6454	0.025	0.5824	0.3227	0.008	0.7233	0.3147	0.2637	0.001	0.3297	0.3257	0.6094	0.7762	0.001	0.019	0.3227	0.8052	0.001	0.007	0.001	0.8312	0.957	0.1469	0.032	0.8352	0.02	0.6234	0.015	0.6224	0.6653	0.7912	0.1838	0.0539	0.7113	0.5714	0.6993	0.2068	0.6214	0.7243	0.0769	0.0509	0.023	0.001	0.7403	0.018	0.8811	0.4346	0.3636	0.7013	0.3397	0.036	0.1818	0.7762	0.9191	0.0749	0.2248	0.6174	0.0929	0.1499	0.8202	0.001	0.8252	0.1049	0.001	0.4146	0.5974	0.995	0.017	0.8282	0.955	0.95	0.952	0.7532	0.2498	0.001	0.4246	0.039	0.002	0.9431	0.976	0.8182	0.5225	0.7073	0.4695	0.021	0.4336	0.2637	0.002	0.036	0.2198	0.022	0.0779	0.964	0.4336	0.001	0.7602	0.7233	0.2088	0.2887	0.001	0.3307	0.0589	0.1279	0.5864	0.7173	0.5215	0.035	0.009	0.008	0.5974	0.0879	0.2038	0.7333	0.1019	0.008	0.2947	0.0679	0.007	0.5814	0.4036	0.2657	0.3207	0.1349	0.0659	0.3646	0.4945	0.01	0.9031	0.8761	0.2777	0.3936	0.001	0.5485	0.4426	0.023	0.4396	0.6963	0.04	0.0719	0.0869	0.6354	0.8012	0.006	0.001	0.992	0.029	0.0919	0.8761	0.7562	0.048	0.7013	0.6683	0.3057	0.5225	0.6533	0.8541	0.001	0.5335	0.2088	0.8731	0.4226	0.6543	0.9201	0.2507	0.047	0.001	0.5345	0.7233	0.6883	0.8282	0.4805	0.3127	0.002	0.001	0.8811	0.003	0.002	0.8472	0.029	0.4735	0.2657	0.1129	0.2138	0.7652	0.5904	0.6693	0.7862	0.001	0.4276	0.981	0.1319	0.001	0.9261	0.0529	0.1598	0.5145	0.1379
Sg_B19_58	0.001	0.001	0.4026	0.001	0.001	0.6933	0.008	0.04	0.001	0.015	0.001	0.006	0.1489	0.001	0.004	0.8661	0.011	0.001	0.004	0.035	0.2967	0.1409	0.0859	0.001	0.001	0.001	0.001	0.1429	0.011	0.1399	0.001	0.0699	0.001	0.001	0.048	0.5105	0.001	0.9251	0.007	0.003	0.6334	0.8511	0.001	0.4505	0.004	0.01	0.025	0.001	0.029	0.01	0.011	0.002	0.2448	0.001	0.003	0.001	0.001	0.023	0.0559	0.001	0.1568	1	0.3766	0.001	0.003	0.001	0.001	0.001	0.001	0.001	0.021	0.1918	0.5554	0.001	0.004	0.1059	0.034	0.001	0.002	0.001	0.1928	0.001	0.001	0.001	0.6883	0.2198	0.001	0.1389	0.005	0.001	0.001	0.0689	0.001	0.6254	0.002	0.2807	0.1349	0.001	0.1928	0.8921	0.2957	0.8192	0.033	0.001	0.045	0.005	0.8591	0.0809	0.001	0.003	0.7303	0.0709	0.6573	0.001	0.033	0.4725	0.001	0.001	0.4066	0.016	0.001	0.001	0.001	0.004	0.001	0.041	0.001	0.001	0.001	0.001	0.1399	0.001	0.027	0.001	0.008	0.001	0.002	0.037	0.001	0.001	0.001	0.0759	0.001	0.002	0.011	0.001	0.954	0.1129	0.001	0.002	0.5265	0.1588	0.8801	0.7493	0.031	0.013	0.03	0.037	0.004	0.0859	0.3247	0.0889	0.002	0.1758	0.0979	0.001	0.001	0.001	0.001	0.001	0.1469	0.015	0.002	0.6733	0.952	0.5015	0.001	0.6134	0.3197	0.016	0.001	0.001	0.035	0.001	0.003	0.8382	0.001	0.8701	0.001	0.0959	0.2058	0.0679	0.035	0.9441	0.001	0.002	0.6394	0.001	0.005	0.7383	0.002	0.001	0.1548	0.001	0.0989	0.001	0.0779	0.01	0.2058	0.001	0.0659	0.001	0.001	0.001	0.002	0.001	0.001	0.6783	0.001	0.2148	0.7273	0.002	0.001	0.001	0.015	0.001	0.001	0.3546	0.001	0.2567	0.2977	0.012	0.8392	0.001	0.0719	0.014	0.0669	0.035	0.001	0.006	0.037	0.8162	0.001	0.968	0.4755	0.001	0.006	0.2328	0.001	0.001	0.0729	0.007	0.9051	0.001	0.4376	0.008	0.001	0.2527	0.001	0.4775	0.001	0.001	0.2358	0.001	0.3227	0.001	0.1359	0.001	0.992	0.001	0.001	0.003	0.2987	0.034	0.01	0.5604	0.1848	0.001	0.006	0.2747	0.0829	0.001	0.001	0.5445	0.1698	0.8232	0.8711	0.1568	0.2388	0.0989	0.001	0.001	0.001	0.024	0.6224	0.001	0.001	0.012	0.6933	0.001	0.004	0.001	0.6683	0.001	0.1578	0.001	0.009	0.001	0.6304	0.014	0.2008	0.039	0.9011	0.016	0.015	0.007	0.001	0.1199	0.001	0.001	0.001	0.001	0.001	0.2128	0.5874	0.035	0.8631	0.001	0.2707	0.001
Sg_B23_42	0.4296	0.1778	0.1618	0.6903	0.8332	0.7562	0.4296	0.3057	0.2687	0.1668	0.0899	0.0639	0.2697	0.0879	0.8921	0.5864	0.6164	0.042	0.2607	0.8501	0.5864	0.2228	0.9261	0.8701	0.1568	0.9281	0.022	0.4236	0.9091	0.004	0.6294	0.046	0.2937	0.2827	0.7183	0.049	0.1708	0.0589	0.7522	0.1059	0.005	0.0689	0.5794	0.7522	0.001	0.1159	0.0659	0.1658	0.005	0.033	0.2777	0.4905	0.5884	0.5624	0.3936	0.002	0.6354	0.0509	0.019	0.013	0.1848	0.3766	1	0.6444	0.3576	0.4685	0.001	0.3337	0.2997	0.9201	0.001	0.7313	0.4076	0.8092	0.031	0.002	0.2917	0.4585	0.0559	0.1968	0.03	0.2428	0.4166	0.1349	0.1469	0.002	0.0719	0.1718	0.032	0.9481	0.4076	0.8472	0.042	0.2787	0.8312	0.1848	0.0659	0.001	0.0889	0.3886	0.9251	0.042	0.2907	0.3886	0.0939	0.2408	0.5844	0.5794	0.5784	0.5664	0.4635	0.1169	0.6913	0.1788	0.011	0.1239	0.016	0.1139	0.4096	0.6663	0.9341	0.004	0.5754	0.1928	0.9321	0.0599	0.0689	0.3886	0.1808	0.4026	0.3037	0.5774	0.0829	0.0829	0.8871	0.024	0.7562	0.3896	0.1938	0.6603	0.8022	0.1339	0.048	0.5644	0.977	0.5884	0.3397	0.965	0.4535	0.5574	0.3666	0.953	0.0629	0.017	0.026	0.0549	0.5115	0.2448	0.001	0.2048	0.4735	0.1728	0.1958	0.041	0.013	0.4446	0.1249	0.4256	0.0539	0.1219	0.001	0.956	0.005	0.4066	0.2887	0.4186	0.6194	0.5884	0.1489	0.6833	0.0569	0.6923	0.3966	0.6553	0.001	0.8591	0.1978	0.978	0.002	0.1009	0.002	0.3546	0.2957	0.5974	0.1029	0.001	0.6643	0.984	0.2328	0.031	0.2957	0.1998	0.1678	0.5704	0.0809	0.3257	0.013	0.007	0.3347	0.97	0.045	0.7403	0.8162	0.2408	0.6973	0.7812	0.1349	0.4845	0.2258	0.2977	0.2178	0.6374	0.7123	0.043	0.006	1	0.3037	0.2458	0.0659	0.006	0.5754	0.002	0.1279	0.7802	0.002	0.0989	0.3546	0.1289	0.025	0.006	0.8372	0.5205	0.3407	0.001	0.001	0.6743	0.3447	0.7133	0.8521	0.6503	0.001	0.5325	0.1489	0.7502	0.8122	0.2697	0.018	0.6344	0.8462	0.7393	0.6803	0.037	0.0839	0.1149	0.0869	0.0599	0.002	0.1858	0.2637	0.3187	0.2208	0.001	0.01	0.001	0.4855	0.039	0.0759	0.6234	0.6643	0.7512	0.014	0.013	0.3766	0.1079	0.983	0.2208	0.006	0.2298	0.3087	0.8941	0.5465	0.3447	0.5225	0.2328	0.03	0.4855	0.1119	0.0519	0.0889	0.8462	0.039	0.1179	0.03	0.3626	0.3267	0.02	0.3177	0.2018	0.1159	0.6703	0.1159	0.007	0.3816	0.001	0.0849	0.5245	0.001	0.6663	0.1948	0.5475	0.026	0.977	0.0789	0.8841	0.2757	0.011	0.0519	0.3816	0.0599	0.035
Sg_B25_10	0.001	0.001	0.0669	0.001	0.001	0.1069	0.001	0.006	0.001	0.001	0.001	0.032	0.4985	0.005	0.1528	0.6573	0.0939	0.001	0.011	0.03	0.0869	0.1059	0.004	0.038	0.004	0.002	0.001	0.5874	0.0559	0.037	0.001	0.2428	0.001	0.001	0.3756	0.3856	0.001	0.1329	0.002	0.028	0.2797	0.5624	0.001	0.3646	0.006	0.2797	0.5564	0.001	0.5794	0.016	0.003	0.001	0.018	0.001	0.003	0.001	0.001	0.005	0.7303	0.006	0.1758	0.001	0.6444	1	0.002	0.004	0.028	0.001	0.001	0.002	0.038	0.4895	0.1139	0.001	0.002	0.0519	0.4116	0.001	0.002	0.001	0.4545	0.001	0.001	0.1768	0.6084	0.6054	0.011	0.0779	0.0529	0.001	0.002	0.1179	0.0879	0.2128	0.011	0.5664	0.962	0.001	0.1528	0.2657	0.6304	0.6813	0.038	0.001	0.1868	0.007	0.6753	0.2098	0.001	0.007	0.3726	0.1409	0.1319	0.001	0.2947	0.3467	0.001	0.001	0.4166	0.1958	0.001	0.001	0.001	0.049	0.001	0.005	0.002	0.001	0.001	0.001	0.2877	0.001	0.034	0.001	0.2218	0.001	0.001	0.025	0.001	0.001	0.001	0.2917	0.001	0.001	0.001	0.001	0.6963	0.015	0.001	0.001	0.3996	0.016	0.5215	0.7173	0.4585	0.027	0.1518	0.049	0.1369	0.8262	0.3467	0.3936	0.003	0.005	0.2038	0.001	0.001	0.001	0.001	0.003	0.023	0.036	0.001	0.2428	0.5025	0.5914	0.001	0.5445	0.038	0.0559	0.016	0.001	0.031	0.001	0.1089	0.9311	0.001	0.7303	0.002	0.2248	0.3497	0.1229	0.2258	0.6563	0.001	0.018	0.8701	0.001	0.017	0.1528	0.002	0.001	0.8951	0.001	0.1289	0.001	0.012	0.0639	0.2637	0.001	0.3516	0.001	0.001	0.001	0.001	0.001	0.001	0.8991	0.001	0.3127	0.8761	0.003	0.001	0.001	0.026	0.001	0.001	0.4995	0.001	0.0569	0.9441	0.019	0.9151	0.001	0.0879	0.003	0.0539	0.1518	0.001	0.4675	0.009	0.5714	0.001	0.6274	0.2807	0.001	0.5974	0.1339	0.001	0.001	0.8511	0.1029	0.1728	0.001	0.1998	0.0749	0.006	0.3686	0.013	0.2877	0.001	0.001	0.1459	0.001	0.4376	0.001	0.1688	0.001	0.6244	0.001	0.001	0.011	0.006	0.05	0.002	0.3796	0.2867	0.001	0.018	0.2677	0.005	0.001	0.001	0.4515	0.1908	0.3896	0.997	0.3536	0.1848	0.2058	0.002	0.001	0.001	0.1249	0.1688	0.001	0.001	0.039	0.8671	0.001	0.009	0.001	0.2947	0.001	0.4885	0.001	0.011	0.001	0.2617	0.007	0.0529	0.035	0.3307	0.1648	0.0669	0.002	0.002	0.013	0.001	0.001	0.001	0.001	0.001	0.998	0.5415	0.044	0.5654	0.001	0.6603	0.001
Sg_B25_38	0.0589	0.01	0.028	0.025	0.7443	0.041	0.6993	0.1928	0.001	0.1518	0.002	0.6843	0.001	0.013	0.001	0.1678	0.001	0.005	0.001	0.001	0.5864	0.5784	0.9111	0.8561	0.012	0.9161	0.5445	0.6014	0.6873	0.9461	0.1219	0.9051	0.0759	0.013	0.016	0.9141	0.001	0.8212	0.4296	0.045	0.3786	0.012	0.6394	0.002	0.001	0.4895	0.1379	0.028	0.5345	0.045	0.5894	0.0879	0.5974	0.0709	0.995	0.019	0.015	0.6344	0.003	0.008	0.6204	0.003	0.3576	0.002	1	0.041	0.0899	0.1558	0.0529	0.002	0.6923	0.001	0.3676	0.3936	0.1748	0.5405	0.01	0.037	0.2647	0.0769	0.5944	0.025	0.001	0.7243	0.3576	0.4176	0.1708	0.1259	0.2517	0.023	0.4446	0.004	0.001	0.6024	0.5934	0.6743	0.5135	0.0639	0.3546	0.99	0.2577	0.8501	0.5734	0.9201	0.8981	0.001	0.3676	0.8402	0.045	0.0609	0.5085	0.2507	0.3756	0.025	0.1049	0.985	0.1888	0.1189	0.6444	0.978	0.1469	0.022	0.008	0.001	0.025	0.0659	0.006	0.018	0.2677	0.016	0.029	0.001	0.3866	0.01	0.4975	0.0589	0.001	0.9371	0.001	0.004	0.046	0.6474	0.3876	0.001	0.004	0.1439	0.2887	0.2178	0.1578	0.001	0.3516	0.999	0.7253	0.1618	0.8801	0.4625	0.021	0.001	0.9341	0.4535	0.0839	0.001	0.001	0.4126	0.2857	0.002	0.2527	0.003	0.001	0.001	0.3596	0.001	0.3536	0.955	0.984	0.003	0.022	0.2757	0.2807	0.1039	0.1259	0.0869	0.9081	0.012	0.7692	0.7433	0.011	0.1119	0.018	0.001	0.3277	0.003	0.3526	0.6164	0.019	0.002	0.007	0.002	0.001	0.7612	0.001	0.001	0.02	0.002	0.046	0.0989	0.4496	0.014	0.2967	0.006	0.8791	0.001	0.0549	0.002	0.001	0.007	0.001	0.4665	0.001	0.2188	0.031	0.7133	0.0899	0.001	0.9311	0.1319	0.04	0.4276	0.001	0.019	0.4176	0.5305	0.1229	0.8232	0.024	0.003	0.2408	0.001	0.3067	0.1299	0.9291	0.3676	0.004	0.6454	0.8372	0.4496	0.1189	0.7692	0.0999	0.2687	0.001	0.1259	0.6953	0.001	0.008	0.001	0.001	0.001	0.7113	0.016	0.001	0.004	0.2537	0.003	0.0529	0.002	0.5664	0.004	0.986	0.041	0.3846	0.001	0.4515	0.3846	0.001	0.4466	0.5844	0.002	0.018	0.3437	0.7133	0.03	0.0519	0.7033	0.3167	0.7403	0.9291	0.001	0.6563	0.022	0.002	0.019	0.008	0.004	0.6813	0.002	0.001	0.001	0.5954	0.001	0.2887	0.002	0.001	0.2208	0.001	0.1079	0.009	0.047	0.5644	0.0629	0.3856	0.8651	0.7862	0.001	0.6573	0.4166	0.006	0.6533	0.7672	0.004	0.001	0.004	0.009	0.1548	0.4236	0.3536	0.7682	0.1279	0.7702	0.009
Sg_B26_35	0.003	0.0569	0.8981	0.001	0.0679	0.0869	0.2567	0.006	0.0659	0.006	0.001	0.988	0.3007	0.8272	0.7822	0.8721	0.1069	0.4915	0.032	0.032	0.0889	0.8581	0.009	0.3067	0.001	0.038	0.0559	0.3716	0.8861	0.974	0.001	0.0939	0.001	0.002	0.994	0.5085	0.006	0.2547	0.042	0.001	0.1009	0.9231	0.001	0.4965	0.4086	0.6254	0.6124	0.001	0.0989	0.2567	0.006	0.0909	0.0539	0.001	0.001	0.003	0.004	0.015	0.9361	0.6404	0.2957	0.001	0.4685	0.004	0.041	1	0.1219	0.001	0.012	0.024	0.002	0.4196	0.1209	0.005	0.006	0.0539	0.2727	0.001	0.001	0.001	0.4326	0.001	0.004	0.1309	0.8052	0.0649	0.8891	0.003	0.1489	0.001	0.1259	0.3277	0.3936	0.011	0.7652	0.1069	0.7802	0.014	0.007	0.4016	0.047	0.7163	0.001	0.047	0.2188	0.012	0.2787	0.3127	0.002	0.001	0.044	0.007	0.048	0.001	0.4895	0.994	0.005	0.001	0.007	0.001	0.001	0.002	0.001	0.0599	0.001	0.015	0.3227	0.001	0.002	0.001	0.8941	0.001	0.0739	0.03	0.1788	0.001	0.014	0.001	0.034	0.001	0.001	0.016	0.1239	0.007	0.042	0.001	0.8082	0.6643	0.007	0.029	0.4346	0.018	0.8731	0.016	0.2797	0.8362	0.4066	0.1239	0.3566	0.018	0.1808	0.1668	0.006	0.011	0.5914	0.3187	0.001	0.003	0.037	0.8192	0.0539	0.0809	0.001	0.2967	0.6324	0.1758	0.001	0.8991	0.8382	0.6923	0.7023	0.003	0.006	0.003	0.023	0.2907	0.001	0.5225	0.001	0.1179	0.969	0.5564	0.6174	0.3816	0.019	0.039	0.6683	0.001	0.0699	0.4625	0.8492	0.002	0.3526	0.2328	0.012	0.023	0.1119	0.041	0.2727	0.033	0.3616	0.006	0.001	0.001	0.018	0.0989	0.003	0.2787	0.001	0.1169	0.0969	0.018	0.001	0.2288	0.007	0.001	0.001	0.2338	0.003	0.5195	0.3097	0.4765	0.8152	0.002	0.3017	0.1778	0.001	0.1628	0.05	0.2977	0.009	0.044	0.009	0.3147	0.1898	0.003	0.6394	0.001	0.001	0.001	0.995	0.001	0.4525	0.003	0.1219	0.021	0.021	0.0649	0.6264	0.2498	0.001	0.001	0.043	0.0609	0.0579	0.006	0.1868	0.012	0.0529	0.001	0.3516	0.016	0.006	0.018	0.002	0.1978	0.1079	0.016	0.004	0.004	0.03	0.0569	0.001	0.4715	0.008	0.0859	0.6723	0.1948	0.003	0.046	0.1009	0.001	0.023	0.2158	0.5914	0.0689	0.016	0.5604	0.5934	0.001	0.2817	0.001	0.6194	0.001	0.2048	0.1728	0.0619	0.4875	0.2028	0.001	0.7702	0.005	0.5514	0.3367	0.002	0.5455	0.1319	0.4935	0.001	0.003	0.004	0.001	0.035	0.2388	0.4036	0.0529	0.004	0.001	0.0529	0.036
Sg_B26_38	0.001	0.021	0.3606	0.029	0.3457	0.3926	0.011	0.2408	0.005	0.1908	0.001	0.6723	0.0859	0.001	0.2717	0.0709	0.1329	0.001	0.018	0.2687	0.1069	0.0549	0.1329	0.1229	0.035	0.016	0.2108	0.005	0.4366	0.6853	0.1588	0.001	0.033	0.001	0.002	0.5245	0.001	0.011	0.0839	0.8791	0.5315	0.3536	0.1479	0.1419	0.004	0.0539	0.001	0.001	0.001	0.005	0.7972	0.047	0.2328	0.004	0.2328	0.001	0.001	0.5784	0.035	0.001	0.002	0.001	0.001	0.028	0.0899	0.1219	1	0.002	0.001	0.004	0.0569	0.2857	0.035	0.018	0.7003	0.3457	0.021	0.007	0.8591	0.001	0.003	0.003	0.001	0.0959	0.024	0.012	0.1608	0.008	0.04	0.1868	0.023	0.002	0.001	0.3606	0.3077	0.1119	0.2278	0.001	0.2008	0.029	0.0669	0.014	0.3307	0.001	0.1079	0.0599	0.3906	0.001	0.001	0.5644	0.002	0.3257	0.7662	0.002	0.001	0.003	0.001	0.002	0.5415	0.1808	0.008	0.001	0.028	0.011	0.001	0.4815	0.003	0.002	0.006	0.002	0.001	0.007	0.8462	0.001	0.7393	0.4176	0.003	0.3257	0.001	0.009	0.001	0.008	0.2298	0.026	0.1179	0.005	0.001	0.1059	0.001	0.03	0.014	0.7562	0.004	0.5924	0.018	0.001	0.1099	0.043	0.9241	0.02	0.2138	0.01	0.2028	0.1998	0.002	0.027	0.1229	0.029	0.001	0.001	0.3397	0.036	0.001	0.025	0.8571	0.5185	0.002	0.1069	0.1159	0.0999	0.003	0.003	0.4026	0.001	0.4466	0.3806	0.001	0.2557	0.001	0.018	0.2687	0.005	0.001	0.02	0.001	0.001	0.1249	0.003	0.005	0.009	0.003	0.001	0.047	0.021	0.8831	0.001	0.4086	0.001	0.3067	0.003	0.028	0.021	0.001	0.001	0.016	0.001	0.001	0.3217	0.4655	0.4186	0.002	0.7113	0.001	0.001	0.0909	0.0789	0.004	0.018	0.001	0.0999	0.0989	0.3806	0.001	0.035	0.002	0.006	0.3217	0.004	0.001	0.001	0.8781	0.0969	0.001	0.011	0.951	0.012	0.001	0.1688	0.0879	0.033	0.001	0.0609	0.2767	0.001	0.1069	0.001	0.001	0.8042	0.3976	0.2328	0.001	0.006	0.001	0.001	0.002	0.001	0.2827	0.001	0.02	0.001	0.0799	0.001	0.5325	0.0619	0.015	0.8042	0.001	0.002	0.2907	0.7073	0.0529	0.001	0.0579	0.001	0.0629	0.0549	0.1778	0.022	0.1219	0.001	0.001	0.0539	0.001	0.0529	0.004	0.002	0.001	0.001	0.002	0.018	0.03	0.002	0.1129	0.02	0.029	0.001	0.5455	0.007	0.0739	0.1898	0.1119	0.5854	0.031	0.001	0.9051	0.0599	0.001	0.5724	0.001	0.001	0.001	0.016	0.001	0.019	0.011	0.1469	0.016	0.001	0.032	0.002
Sg_B26_4	0.001	0.001	0.3417	0.001	0.001	0.7872	0.004	0.3407	0.001	0.005	0.001	0.8701	0.6354	0.002	0.3487	0.4186	0.031	0.001	0.036	0.5804	0.5395	0.001	0.3207	0.001	0.001	0.001	0.002	0.02	0.9411	0.8541	0.005	0.001	0.001	0.001	0.045	0.6144	0.001	0.2987	0.004	0.01	0.048	0.7502	0.001	0.3576	0.001	0.0829	0.004	0.001	0.006	0.001	0.0829	0.037	0.3267	0.001	0.001	0.001	0.001	0.4615	0.4276	0.001	0.7762	0.001	0.3337	0.001	0.1558	0.001	0.002	1	0.001	0.001	0.4126	0.7043	0.8252	0.001	0.3626	1	0.4725	0.001	0.01	0.001	0.003	0.001	0.001	0.961	0.7802	0.05	0.0579	0.029	0.001	0.001	0.001	0.1189	0.005	0.2687	0.006	0.2238	0.0559	0.001	0.4426	0.4865	0.2478	0.6034	0.7263	0.001	0.96	0.032	0.4965	0.009	0.001	0.001	0.9251	0.4615	0.2308	0.001	0.013	0.033	0.001	0.001	0.0589	0.2188	0.001	0.001	0.001	0.034	0.001	0.042	0.001	0.001	0.001	0.001	0.8561	0.001	0.1479	0.001	0.001	0.001	0.042	0.007	0.001	0.001	0.001	0.8022	0.001	0.2118	0.0729	0.001	0.1898	0.031	0.001	0.1439	0.3077	0.5425	0.0599	0.2557	0.1878	0.0599	0.1828	0.0699	0.023	0.001	0.0919	0.013	0.001	0.0929	0.039	0.001	0.001	0.001	0.001	0.001	0.8022	0.1808	0.001	0.4406	0.032	0.016	0.001	0.1119	0.7502	0.7852	0.001	0.001	0.008	0.012	0.1948	0.6284	0.001	0.8771	0.001	0.027	0.6773	0.004	0.0569	0.1479	0.001	0.001	0.0529	0.001	0.022	0.1778	0.001	0.001	0.0529	0.009	0.3147	0.001	0.002	0.003	0.5095	0.001	0.5584	0.001	0.001	0.001	0.0509	0.001	0.001	0.0739	0.2158	0.2458	0.6613	0.001	0.001	0.002	0.2498	0.001	0.001	0.3756	0.001	0.0839	0.4256	0.5664	0.3796	0.001	0.2248	0.2917	0.4226	0.02	0.001	0.005	0.2418	0.997	0.001	0.1019	0.4805	0.001	0.006	0.1728	0.001	0.001	0.2837	0.001	0.4366	0.001	0.969	0.1808	0.001	0.2318	0.002	0.0569	0.001	0.001	0.978	0.001	0.8322	0.001	0.987	0.001	0.3267	0.001	0.001	0.001	0.5594	0.4775	0.0749	0.1329	0.952	0.001	0.004	0.0799	0.1698	0.001	0.002	0.1379	0.4675	0.3926	0.5994	0.0879	0.2288	0.2937	0.001	0.002	0.001	0.7253	0.1778	0.001	0.001	0.7143	0.3656	0.001	0.008	0.001	0.7992	0.001	0.4725	0.001	0.001	0.001	0.1758	0.035	0.9181	0.1099	0.2438	0.001	0.006	0.3756	0.001	0.002	0.001	0.001	0.001	0.001	0.001	0.7073	0.5634	0.0899	0.4196	0.001	0.1928	0.001
Sg_B27_18	0.001	0.001	0.002	0.001	0.008	0.4436	0.001	0.8571	0.001	0.001	0.001	0.05	0.2408	0.003	0.001	0.999	0.022	0.001	0.003	0.3157	0.8322	0.6563	0.013	0.001	0.004	0.02	0.001	0.98	0.008	0.016	0.001	0.028	0.001	0.001	0.001	0.041	0.001	0.6114	0.001	0.8412	0.1069	0.4326	0.001	0.7403	0.004	0.004	0.3397	0.001	0.7023	0.024	0.2887	0.001	0.2707	0.001	0.3646	0.001	0.001	0.001	0.4605	0.027	0.9411	0.001	0.2997	0.001	0.0529	0.012	0.001	0.001	1	0.001	0.018	0.2068	0.014	0.001	0.001	0.013	0.001	0.001	0.017	0.001	0.1209	0.002	0.001	0.3726	0.4645	0.2857	0.001	0.4585	0.1259	0.001	0.001	0.001	0.034	0.012	0.023	0.02	0.6703	0.001	0.4665	0.0649	0.021	0.0869	0.2438	0.002	0.1239	0.013	0.001	0.2438	0.001	0.2577	0.4496	0.011	0.8801	0.001	0.0549	0.7363	0.001	0.001	0.015	0.5375	0.001	0.002	0.001	0.007	0.001	0.028	0.001	0.001	0.001	0.001	0.2208	0.001	0.025	0.001	0.2358	0.001	0.002	0.7073	0.001	0.001	0.001	0.4775	0.001	0.002	0.0849	0.001	0.2657	0.002	0.001	0.008	0.8521	0.3347	0.1209	0.1499	0.001	0.001	0.2697	0.032	0.001	0.004	0.3856	0.0979	0.013	0.1698	0.005	0.001	0.001	0.001	0.001	0.001	0.004	0.002	0.001	0.0809	0.03	0.2418	0.001	0.8701	0.001	0.004	0.0719	0.001	0.1069	0.001	0.002	0.1389	0.001	0.6224	0.009	0.0699	0.0929	0.0679	0.001	0.2737	0.001	0.004	0.2418	0.001	0.015	0.7992	0.001	0.001	0.6044	0.001	0.009	0.001	0.002	0.0579	0.2747	0.001	0.5834	0.001	0.001	0.001	0.002	0.001	0.001	0.01	0.001	0.5694	0.6464	0.013	0.001	0.005	0.011	0.001	0.001	0.3536	0.001	0.1039	0.001	0.1339	0.8482	0.006	0.001	0.001	0.1908	0.018	0.002	0.1209	0.3786	0.005	0.001	0.3127	0.1698	0.001	0.1339	0.1289	0.001	0.001	0.0949	0.001	0.4096	0.001	0.7023	0.013	0.001	0.7892	0.1339	0.7962	0.001	0.001	0.8811	0.001	0.7872	0.001	0.008	0.001	0.012	0.001	0.001	0.001	0.031	0.018	0.005	0.2158	0.7363	0.001	0.2448	0.5315	0.1069	0.001	0.003	0.9301	0.009	0.5125	0.1119	0.1698	0.3487	0.8981	0.001	0.001	0.001	0.001	0.97	0.001	0.001	0.014	0.4396	0.001	0.001	0.001	0.9251	0.001	0.027	0.001	0.001	0.001	0.7393	0.8651	0.1888	0.6174	0.0649	0.007	0.8801	0.001	0.001	0.7303	0.001	0.001	0.002	0.001	0.001	0.001	0.2577	0.001	0.1968	0.001	0.8022	0.001
Sg_B27_6	0.001	0.001	0.009	0.001	0.005	0.0939	0.001	0.7443	0.001	0.001	0.001	0.016	0.003	0.002	0.001	0.6374	0.005	0.001	0.001	0.025	0.1858	0.5425	0.1079	0.001	0.0579	0.006	0.001	0.0629	0.04	0.0529	0.001	0.007	0.001	0.001	0.001	0.1858	0.001	0.5614	0.001	0.8232	0.039	0.2238	0.001	0.017	0.002	0.005	0.4276	0.001	0.3007	0.045	0.4146	0.001	0.0839	0.001	0.3646	0.001	0.001	0.0539	0.5884	0.017	0.8292	0.001	0.9201	0.002	0.002	0.024	0.004	0.001	0.001	1	0.0619	0.018	0.005	0.002	0.003	0.1748	0.005	0.001	0.1499	0.001	0.025	0.001	0.001	0.2438	0.4336	0.7193	0.001	0.02	0.005	0.001	0.001	0.002	0.001	0.013	0.0749	0.4306	0.3546	0.001	0.2647	0.0599	0.002	0.004	0.9001	0.002	0.3576	0.001	0.006	0.3417	0.001	0.6613	0.6384	0.1259	0.0989	0.001	0.006	0.8531	0.001	0.001	0.011	0.7792	0.001	0.001	0.001	0.001	0.001	0.9001	0.002	0.001	0.001	0.001	0.015	0.001	0.1219	0.001	0.2837	0.001	0.001	0.7263	0.001	0.001	0.001	0.3746	0.002	0.002	0.2178	0.001	0.7562	0.0619	0.001	0.003	0.7972	0.3067	0.6723	0.0659	0.006	0.007	0.033	0.001	0.002	0.0639	0.032	0.001	0.003	0.1818	0.006	0.016	0.001	0.001	0.001	0.001	0.043	0.001	0.001	0.3766	0.2448	0.5285	0.001	0.6783	0.017	0.001	0.002	0.001	0.1808	0.006	0.0959	0.038	0.001	0.8052	0.001	0.002	0.3487	0.002	0.001	0.8831	0.001	0.001	0.6344	0.001	0.001	0.6773	0.001	0.001	0.3546	0.001	0.2667	0.001	0.006	0.001	0.0539	0.001	0.1538	0.001	0.001	0.001	0.001	0.001	0.001	0.01	0.001	0.3966	0.0579	0.014	0.001	0.001	0.0579	0.001	0.001	0.9131	0.001	0.1499	0.001	0.1878	0.032	0.03	0.012	0.001	0.6823	0.002	0.001	0.039	0.6553	0.0649	0.001	0.4745	0.1039	0.001	0.2108	0.2338	0.003	0.001	0.1369	0.0709	0.4296	0.001	0.022	0.016	0.001	0.1718	0.1069	0.5185	0.001	0.038	0.6823	0.001	0.1778	0.001	0.1738	0.001	0.027	0.001	0.001	0.001	0.1988	0.0769	0.001	0.4935	0.5155	0.001	0.01	0.2478	0.7423	0.001	0.0869	0.992	0.038	0.4805	0.4595	0.003	0.4446	0.1479	0.001	0.003	0.001	0.021	0.8741	0.001	0.001	0.003	0.973	0.001	0.001	0.001	0.0719	0.001	0.002	0.001	0.023	0.007	0.965	0.984	0.3407	0.8981	0.3706	0.002	0.2827	0.001	0.001	0.965	0.006	0.001	0.001	0.001	0.001	0.005	0.7393	0.002	0.0869	0.001	0.2577	0.001
Sg_C02_30	0.3027	0.6823	0.961	0.002	0.4935	0.016	0.5984	0.001	0.2088	0.018	0.8012	0.004	0.996	0.1409	0.1309	0.7493	0.0959	0.6763	0.7243	0.2148	0.0579	0.0899	0.008	0.5175	0.01	0.8372	0.031	0.001	0.0849	0.2248	0.001	0.03	0.001	0.0549	0.6314	0.7862	0.6983	0.003	0.002	0.4585	0.2118	0.3786	0.001	0.4785	0.025	0.1209	0.001	0.4226	0.002	0.001	0.001	0.014	0.4126	0.032	0.012	0.7003	0.014	0.001	0.027	0.024	0.0939	0.021	0.001	0.038	0.6923	0.002	0.0569	0.4126	0.018	0.0619	1	0.1818	0.026	0.001	0.001	0.001	0.7443	0.02	0.001	0.2687	0.001	0.8601	0.2378	0.0749	0.014	0.001	0.0519	0.6214	0.1119	0.004	0.2637	0.2018	0.003	0.009	0.6653	0.004	0.7692	0.1878	0.003	0.012	0.2348	0.1489	0.002	0.983	0.01	0.5025	0.029	0.0609	0.2488	0.027	0.002	0.03	0.5475	0.0539	0.005	0.002	0.9061	0.01	0.6304	0.004	0.006	0.0939	0.011	0.969	0.2148	0.016	0.4356	0.03	0.005	0.1009	0.046	0.001	0.002	0.979	0.9241	0.001	0.2068	0.002	0.6723	0.001	0.044	0.6553	0.1339	0.2707	0.8831	0.007	0.1309	0.1758	0.1009	0.8302	0.0759	0.01	0.021	0.7273	0.5804	0.7353	0.5435	0.8741	0.001	0.1489	0.004	0.3277	0.3626	0.006	0.02	0.048	0.001	0.9301	0.5514	0.5015	0.001	0.3796	0.6324	0.011	0.1998	0.1409	0.001	0.5964	0.5894	0.8202	0.0739	0.1788	0.005	0.002	0.001	0.0819	0.2607	0.039	0.2268	0.5235	0.001	0.2717	0.0649	0.0519	0.4735	0.022	0.046	0.009	0.7053	0.001	0.5844	0.2557	0.047	0.0579	0.001	0.1708	0.003	0.006	0.966	0.004	0.8262	0.6284	0.4206	0.0989	0.6803	0.3477	0.4565	0.044	0.001	0.7862	0.047	0.1788	0.1838	0.4795	0.001	0.001	0.033	0.0899	0.0629	0.003	0.5105	0.041	0.1508	0.019	0.009	0.8631	0.001	0.7862	0.4775	0.001	0.003	0.035	0.2557	0.001	0.0529	0.009	0.2927	0.0659	0.026	0.003	0.0649	0.0509	0.02	0.7433	0.0569	0.1389	0.1379	0.001	0.972	0.3836	0.013	0.1998	0.001	0.9311	0.2028	0.5814	0.001	0.7043	0.002	0.5984	0.031	0.039	0.001	0.001	0.4575	0.5195	0.0799	0.6464	0.3027	0.1459	0.002	0.0579	0.008	0.001	0.031	0.015	0.6653	0.9101	0.001	0.7802	0.5684	0.7453	0.1109	0.2717	0.001	0.978	0.994	0.5814	0.0699	0.018	0.0549	0.9281	0.0719	0.0989	0.5065	0.4655	0.2408	0.1249	0.6913	0.03	0.005	0.6314	0.1149	0.003	0.005	0.1938	0.9391	0.3407	0.1189	0.3906	0.045	0.1089	0.4505	0.1089	0.046	0.001	0.002	0.001	0.008	0.5285
Sg_C03_36	0.6983	0.025	0.5794	0.013	0.2068	0.2268	0.3656	0.6923	0.1339	0.9111	0.4296	0.2917	0.001	0.2198	0.02	0.3656	0.4665	0.8761	0.001	0.001	0.4565	0.1858	0.5894	0.6044	0.1329	0.6973	0.5205	0.5574	0.4915	0.4505	0.2747	0.1938	0.7473	0.0949	0.3417	0.3377	0.016	0.4545	0.2058	0.025	0.8901	0.4915	0.9261	0.2627	0.4765	0.9331	0.6474	0.9191	0.2378	0.8881	0.1548	0.0999	0.8561	0.1049	0.9481	0.3217	0.5455	0.3586	0.035	0.8362	0.2937	0.1918	0.7313	0.4895	0.001	0.4196	0.2857	0.7043	0.2068	0.018	0.1818	1	0.6254	0.3946	0.002	0.4545	0.7083	0.014	0.2917	0.5954	0.5674	0.6194	0.049	0.0839	0.4476	0.0619	0.0869	0.9401	0.2917	0.9431	0.2687	0.0549	0.2687	0.2358	0.9271	0.1588	0.2827	0.958	0.8082	0.4745	0.979	0.1219	0.1648	0.6883	0.3367	0.001	0.8621	0.4276	0.978	0.8252	0.2018	0.2228	0.6783	0.9251	0.8022	0.6633	0.7283	0.9481	0.9191	0.9191	0.987	0.4476	0.008	0.001	0.5195	0.3267	0.3526	0.3147	0.7463	0.4166	0.2807	0.044	0.9191	0.4715	0.8801	0.025	0.001	0.7023	0.1049	0.2338	0.8601	0.8282	0.4296	0.001	0.0619	0.1828	0.3846	0.2418	0.8132	0.001	0.7293	0.99	0.6324	0.2567	0.8092	0.974	0.7642	0.001	0.1648	0.5884	0.8751	0.001	0.049	0.6783	1	0.0629	0.1419	0.1059	0.3626	0.2228	0.7433	0.001	0.5824	0.4925	0.028	0.4515	0.4645	0.031	0.4975	0.6314	0.0549	0.4755	0.5145	0.1039	0.2468	0.6783	0.9331	0.6014	0.0679	0.001	0.2977	0.1329	0.6723	0.6643	0.6224	0.2468	0.2747	0.0959	0.001	0.9281	0.0779	0.0809	0.0899	0.005	0.3506	0.1459	0.8561	0.5564	0.2198	0.017	0.5435	0.001	0.9451	0.013	0.001	0.1029	0.012	0.974	0.001	0.7732	0.02	0.5664	0.6294	0.014	0.3986	0.8581	0.4905	0.3966	0.008	0.4695	0.3457	0.8182	0.2627	0.029	0.98	0.2667	0.009	0.001	0.4705	0.7273	0.6264	0.9001	0.3167	0.006	0.8921	0.1598	0.99	0.4306	0.8032	0.8132	0.2827	0.8462	0.9281	0.0579	0.1798	0.1229	0.1459	0.004	0.2777	0.4086	0.011	0.1578	0.7852	0.1269	0.5524	0.3257	0.0709	0.3417	0.1998	0.5335	0.7532	0.3017	0.7522	0.1998	0.001	0.4236	0.3007	0.1049	0.0559	0.2597	0.1698	0.5604	0.4336	0.4396	0.1189	0.1289	0.8541	0.001	0.8322	0.6973	0.033	0.3067	0.043	0.6124	0.8691	0.2348	0.1449	0.1638	0.5185	0.024	0.0689	0.1538	0.002	0.8052	0.002	0.985	0.5594	0.1459	0.5574	0.4805	0.2697	0.003	0.0979	0.7393	0.5954	0.4346	0.4466	0.5524	0.8392	0.038	0.2128	0.0589	0.4426	0.4096	0.2997	0.2028	0.7303	0.1978	0.3776	0.3057
Sg_C04_25	0.7053	0.001	0.017	0.4895	0.3716	0.001	0.014	0.001	0.001	0.1349	0.017	0.1469	0.1988	0.001	0.001	0.9131	0.0919	0.001	0.0859	0.97	0.019	0.3087	0.4426	0.4815	0.3716	0.3566	0.2687	0.1489	0.3626	0.8521	0.4595	0.2288	0.961	0.012	0.002	0.3626	0.027	0.7902	0.7532	0.025	0.008	0.4446	0.7942	0.3796	0.001	0.037	0.007	0.7732	0.001	0.001	0.1139	0.018	0.2148	0.3007	0.003	0.1369	0.2827	0.2597	0.8561	0.3117	0.4176	0.5554	0.4076	0.1139	0.3676	0.1209	0.035	0.8252	0.014	0.005	0.026	0.6254	1	0.0819	0.0749	0.1598	0.008	0.2398	0.047	0.5025	0.001	0.6434	0.002	0.3806	0.3716	0.5584	0.005	0.2677	0.0949	0.992	0.8202	0.003	0.005	0.003	0.8841	0.026	0.7343	0.022	0.01	0.001	0.001	0.003	0.026	0.0629	0.1259	0.1449	0.001	0.034	0.4126	0.021	0.1009	0.5045	0.046	0.7792	0.001	0.8322	0.1199	0.7243	0.002	0.001	0.4286	0.0629	0.3846	0.1159	0.4406	0.2597	0.0519	0.6004	0.7473	0.983	0.9071	0.5185	0.4236	0.002	0.3217	0.1499	0.2428	0.001	0.025	0.9241	0.98	0.5834	0.024	0.045	0.0909	0.3097	0.6184	0.005	0.027	0.037	0.2697	0.003	0.6334	0.9181	0.013	0.002	0.3167	0.0799	0.3067	0.8901	0.3257	0.1648	0.95	0.1089	0.1518	0.04	0.8661	0.009	0.002	0.001	0.1618	0.04	0.3457	0.007	0.7203	0.6234	0.6404	0.8971	0.018	0.0519	0.5495	0.2547	0.3856	0.4166	0.033	0.011	0.2527	0.5305	0.008	0.4466	0.1628	0.1159	0.021	0.8501	0.007	0.0679	0.3317	0.996	0.049	0.9301	0.001	0.001	0.7213	0.0629	0.1678	0.029	0.3776	0.1039	0.014	0.8232	0.6494	0.8162	0.8671	0.001	0.047	0.001	0.002	0.002	0.0579	0.3447	0.2128	0.5634	0.99	0.049	0.004	0.3606	0.9381	0.5195	0.0799	0.003	0.1029	0.6963	0.5664	0.8771	0.003	0.0669	0.001	0.1439	0.005	0.1379	0.005	0.007	0.013	0.4935	0.002	0.3646	0.6823	0.002	0.1648	0.7542	0.1229	0.2088	0.2088	0.003	0.1169	0.2438	0.2198	0.9191	0.6663	0.8931	0.005	0.2777	0.1029	0.022	0.6733	0.005	0.1429	0.4156	0.001	0.8731	0.1558	0.1528	0.0919	0.4675	0.1608	0.3756	0.3487	0.0659	0.2358	0.002	0.4745	0.023	0.025	0.9051	0.001	0.1748	0.6633	0.2038	0.001	0.6903	0.002	0.0759	0.023	0.002	0.9191	0.001	0.002	0.1429	0.6943	0.009	0.2807	0.013	0.2008	0.0529	0.2418	0.014	0.2458	0.001	0.3546	0.012	0.3766	0.7133	0.0529	0.0959	0.1858	0.047	0.018	0.0569	0.965	0.001	0.016	0.5764	0.003	0.004	0.8402	0.3686	0.001	0.4755	0.0629	0.0699
Sg_C04_33	0.001	0.0889	0.4945	0.1179	0.002	0.8501	0.002	0.2188	0.001	0.001	0.001	0.7702	0.8122	0.002	0.1768	0.7173	0.6613	0.001	0.1359	0.7742	0.2847	0.2098	0.2727	0.003	0.029	0.0769	0.001	0.1269	0.8472	0.031	0.002	0.1768	0.001	0.001	0.1808	0.008	0.001	0.1049	0.001	0.4525	0.9431	0.8811	0.001	0.4066	0.035	0.4106	0.1289	0.001	0.0779	0.4965	0.014	0.006	0.3816	0.001	0.008	0.001	0.001	0.3147	0.006	0.032	0.8342	0.001	0.8092	0.001	0.3936	0.005	0.018	0.001	0.001	0.002	0.001	0.3946	0.0819	1	0.003	0.1638	0.1978	0.001	0.033	0.001	0.049	0.001	0.001	0.1079	0.7053	0.954	0.001	0.2897	0.024	0.001	0.039	0.028	0.3766	0.3087	0.2827	0.5694	0.019	0.001	0.2378	0.4496	0.5255	0.7313	0.8851	0.002	0.4356	0.3826	0.1239	0.009	0.001	0.1359	0.1648	0.6963	0.7263	0.001	0.027	0.03	0.001	0.001	0.3506	0.0909	0.001	0.002	0.001	0.1758	0.001	0.1039	0.001	0.001	0.001	0.001	0.014	0.001	0.0899	0.001	0.1179	0.001	0.1489	0.005	0.002	0.001	0.001	0.3906	0.001	0.0659	0.4436	0.001	0.7473	0.001	0.001	0.1049	0.956	0.3257	0.5195	0.4705	0.0579	0.042	0.8551	0.6553	0.002	0.048	0.6933	0.5375	0.7562	0.1449	0.0639	0.001	0.001	0.004	0.001	0.4845	0.0659	0.5145	0.001	0.5105	0.5834	0.1229	0.001	0.7113	0.0789	0.8492	0.1489	0.001	0.008	0.002	0.013	0.0629	0.001	0.2597	0.003	0.5185	0.1299	0.1449	0.013	0.3796	0.001	0.004	0.1788	0.001	0.1758	0.0909	0.001	0.001	0.0529	0.033	0.038	0.001	0.019	0.034	0.022	0.001	0.1389	0.3556	0.001	0.001	0.03	0.001	0.001	0.979	0.1179	0.3137	0.6583	0.014	0.001	0.0509	0.003	0.001	0.001	0.961	0.001	0.0619	0.1269	0.8831	0.1658	0.001	0.005	0.006	0.0529	0.3437	0.001	0.5554	0.3516	0.2488	0.001	0.8521	0.037	0.001	0.6973	0.7702	0.001	0.001	0.0759	0.032	0.1738	0.003	0.5005	0.2128	0.0729	0.022	0.969	0.5335	0.001	0.021	0.962	0.002	0.8322	0.001	0.0829	0.001	0.1049	0.001	0.001	0.013	0.025	0.022	0.043	0.5475	0.7972	0.001	0.4076	0.4815	0.4446	0.001	0.01	0.1788	0.4535	0.8551	0.3726	0.6723	0.4525	0.2557	0.001	0.029	0.005	0.4655	0.2328	0.006	0.001	0.1499	0.7383	0.001	0.019	0.001	0.6923	0.001	0.8062	0.004	0.3147	0.025	0.9471	0.1928	0.0649	0.049	0.6044	0.0879	0.025	0.0729	0.004	0.5135	0.001	0.001	0.005	0.016	0.001	0.5534	0.974	0.0999	0.9051	0.001	0.4096	0.001
Sg_C14_34	0.0519	0.1728	0.5305	0.001	0.014	0.001	0.017	0.001	0.1029	0.004	0.1149	0.023	0.95	0.2248	0.4496	0.8382	0.7772	0.7862	0.2358	0.003	0.023	0.0759	0.01	0.1349	0.3457	0.5824	0.001	0.7802	0.2328	0.1938	0.002	0.1638	0.001	0.013	0.99	0.6903	0.1199	0.025	0.003	0.3087	0.4416	0.6254	0.001	0.4615	0.0719	0.6304	0.019	0.0829	0.005	0.014	0.014	0.01	0.5365	0.022	0.002	0.042	0.003	0.001	0.2527	0.011	0.3866	0.004	0.031	0.002	0.1748	0.006	0.7003	0.3626	0.001	0.003	0.001	0.002	0.0749	0.003	1	0.001	0.9291	0.01	0.001	0.05	0.049	0.3087	0.016	0.1099	0.6034	0.01	0.0829	0.1658	0.9081	0.001	0.1968	0.4565	0.0559	0.8661	0.6953	0.038	0.9071	0.8422	0.037	0.0909	0.5145	0.0799	0.039	0.8482	0.1568	0.0729	0.0919	0.5205	0.2238	0.033	0.045	0.4725	0.986	0.022	0.0559	0.047	0.1998	0.006	0.4675	0.003	0.003	0.5924	0.007	0.3596	0.016	0.011	0.7682	0.006	0.005	0.013	0.5534	0.001	0.001	0.2308	0.4106	0.001	0.024	0.003	0.0709	0.001	0.013	0.1868	0.1109	0.007	0.4575	0.003	0.5554	0.3177	0.003	0.021	0.7453	0.025	0.8182	0.8262	0.7343	0.7053	0.4695	0.3107	0.001	0.9281	0.0519	0.2937	0.8791	0.3177	0.2338	0.1588	0.001	0.5405	0.971	0.6563	0.001	0.2478	0.034	0.1489	0.043	0.4765	0.002	0.4356	0.1598	0.8791	0.2577	0.007	0.032	0.001	0.001	0.6593	0.0539	0.0909	0.2068	0.3656	0.003	0.7662	0.5964	0.4855	0.4106	0.6783	0.994	0.001	0.3247	0.04	0.6683	0.007	0.0609	0.005	0.001	0.0919	0.1698	0.3696	0.957	0.001	0.3407	0.5335	0.2048	0.007	0.026	0.0549	0.0509	0.1479	0.001	0.4006	0.3706	0.0929	0.019	0.6454	0.001	0.013	0.014	0.4326	0.004	0.1948	0.5395	0.5325	0.8591	0.2807	0.964	0.05	0.001	0.4645	0.8232	0.3337	0.001	0.6733	0.035	0.0599	0.9001	0.022	0.968	0.4266	0.0769	0.001	0.7433	0.8781	0.3926	0.4496	0.4076	0.8262	0.5375	0.1568	0.5035	0.9151	0.003	0.02	0.005	0.4675	0.97	0.1439	0.001	0.1948	0.011	0.0959	0.001	0.5185	0.001	0.001	0.03	0.8571	0.4935	0.1079	0.023	0.2997	0.0909	0.6963	0.002	0.0629	0.8102	0.1608	0.027	0.6384	0.012	0.1059	0.2358	0.023	0.037	0.4975	0.024	0.7982	0.2478	0.5524	0.8142	0.009	0.0519	0.2987	0.016	0.015	0.2098	0.2647	0.4156	0.2857	0.7343	0.024	0.1109	0.025	0.3966	0.8232	0.041	0.023	0.9041	0.0919	0.003	0.005	0.8831	0.031	0.2537	0.4815	0.6603	0.001	0.005	0.001	0.1329	0.007
Sg_CA11_3	0.1718	0.7263	0.4815	0.1119	0.4535	0.004	0.3167	0.001	0.5984	0.2667	0.9451	0.1309	0.4036	0.029	0.1189	0.4945	0.4176	0.1688	0.9241	0.1768	0.1009	0.1978	0.017	0.9371	0.031	0.5305	0.2068	0.012	0.3826	0.3387	0.001	0.01	0.001	0.4675	0.4735	0.8372	0.7073	0.03	0.017	0.6014	0.4765	0.9151	0.001	0.2098	0.001	0.2158	0.001	0.6503	0.001	0.002	0.003	0.013	0.7243	0.2737	0.009	0.3417	0.2068	0.001	0.006	0.002	0.1479	0.1059	0.002	0.0519	0.5405	0.0539	0.3457	1	0.013	0.1748	0.001	0.4545	0.1598	0.1638	0.001	1	0.5514	0.4016	0.001	0.996	0.001	0.2268	0.8452	0.035	0.0889	0.001	0.1518	0.2987	0.1998	0.2368	0.3077	0.6184	0.005	0.2817	0.4605	0.019	0.8861	0.1009	0.013	0.008	0.6643	0.2148	0.002	0.5075	0.037	0.969	0.018	0.02	0.8741	0.0519	0.003	0.1009	0.4905	0.5594	0.003	0.05	0.1948	0.6104	0.6464	0.0729	0.035	0.042	0.1339	0.5045	0.7323	0.018	0.6204	0.2228	0.022	0.4396	0.3267	0.032	0.001	0.5644	0.3217	0.001	0.1728	0.003	0.6144	0.011	0.1608	0.97	0.3706	0.1029	0.6633	0.1459	0.3117	0.987	0.1808	0.2707	0.2218	0.015	0.3936	0.3916	0.7982	0.9321	0.4396	0.5554	0.001	0.3636	0.008	0.0869	0.6813	0.009	0.016	0.6064	0.1199	0.3856	0.1758	0.7562	0.001	0.4476	0.8022	0.025	0.2567	0.6973	0.004	0.1898	0.4955	0.4665	0.0789	0.3766	0.0899	0.002	0.001	0.2707	0.4785	0.3626	0.2597	0.2378	0.001	0.3227	0.034	0.1558	0.5065	0.028	0.1798	0.1678	0.6494	0.01	0.4965	0.6503	0.008	0.02	0.004	0.7303	0.1678	0.0879	0.5295	0.1119	0.962	0.9081	0.6763	0.7183	0.2707	0.9271	0.3656	0.0899	0.001	0.6903	0.0639	0.959	0.3367	0.6683	0.001	0.0579	0.1229	0.2208	0.5215	0.001	0.2707	0.2677	0.6174	0.1978	0.1279	0.4126	0.001	0.3427	0.2547	0.001	0.009	0.1828	0.8751	0.002	0.0649	0.008	0.8252	0.0719	0.1668	0.956	0.0819	0.0609	0.1239	0.3816	0.2138	0.1039	0.025	0.01	0.978	0.2837	0.2727	0.7652	0.011	0.4026	0.6264	0.1848	0.001	0.956	0.001	0.4346	0.1628	0.016	0.001	0.001	0.4366	0.2258	0.2787	0.3317	0.9461	0.0979	0.003	0.0999	0.039	0.028	0.0559	0.1169	0.3696	0.1998	0.001	0.6284	0.8362	0.6633	0.0989	0.1399	0.011	0.5435	0.5355	0.5085	0.3197	0.4995	0.3736	0.2228	0.049	0.95	0.2517	0.3017	0.9191	0.008	0.8801	0.009	0.1479	0.4815	0.5275	0.003	0.0619	0.033	0.2208	0.0529	0.3816	0.7063	0.0709	0.1489	0.3866	0.0529	0.0969	0.001	0.002	0.001	0.1049	0.5974
Sg_CA11_45	0.0749	0.002	0.004	0.0579	0.7193	0.1249	0.0789	0.3896	0.014	0.1269	0.001	0.027	0.011	0.0699	0.005	0.5495	0.004	0.002	0.036	0.5435	0.1469	0.3417	0.1818	0.8721	0.048	0.5085	0.1069	0.3556	0.008	0.009	0.006	0.2288	0.009	0.008	0.012	0.0569	0.02	0.1059	0.9141	0.4535	0.045	0.3317	0.1169	0.5594	0.1548	0.006	0.2138	0.3856	0.0729	0.9031	0.3896	0.002	0.4755	0.7003	0.1239	0.4296	0.003	0.0709	0.5395	0.0569	0.7642	0.034	0.2917	0.4116	0.01	0.2727	0.021	0.4725	0.001	0.005	0.7443	0.7083	0.008	0.1978	0.9291	0.5514	1	0.5375	0.8352	0.1209	0.2478	0.4515	0.011	0.8941	0.3417	0.95	0.3117	0.977	0.4226	0.3556	0.958	0.1888	0.002	0.0719	0.001	0.0829	0.047	0.959	0.2038	0.001	0.7522	0.043	0.2907	0.5305	0.014	0.2108	0.1928	0.981	0.2887	0.4735	0.1718	0.004	0.5385	0.3067	0.0969	0.043	0.3127	0.2008	0.002	0.9341	0.3027	0.003	0.7542	0.027	0.1718	0.99	0.2857	0.1568	0.6973	0.5814	0.7063	0.016	0.3097	0.0849	0.3017	0.8981	0.04	0.1758	0.0599	0.023	0.1678	0.3027	0.009	0.004	0.1908	0.7862	0.5514	0.2248	0.2627	0.01	0.7363	0.2148	0.1419	0.1449	0.028	0.1938	0.002	0.1718	0.9011	0.6843	0.2208	0.023	0.0969	0.3746	0.1608	0.4905	0.5664	0.004	0.005	0.011	0.988	0.004	0.3546	0.1538	0.1888	0.029	0.1239	0.7043	0.1019	0.023	0.1019	0.3736	0.4036	0.7113	0.4456	0.048	0.2058	0.5225	0.1508	0.016	0.4785	0.5435	0.026	0.5035	0.039	0.02	0.3307	0.042	0.008	0.1219	0.6164	0.002	0.0579	0.039	0.015	0.7752	0.1698	0.0569	0.3227	0.0789	0.8801	0.1798	0.2308	0.003	0.001	0.037	0.001	0.1029	0.001	0.2398	0.3347	0.7053	0.018	0.011	0.6993	0.8791	0.1339	0.4615	0.017	0.2438	0.034	0.01	0.9441	0.1948	0.017	0.016	0.0939	0.017	0.6893	0.0729	0.1249	0.3047	0.0569	0.8661	0.032	0.1748	0.4975	0.1319	0.5035	0.4306	0.4436	0.999	0.0689	0.001	0.1968	0.021	0.026	0.6813	0.038	0.3477	0.004	0.6803	0.2448	0.2058	0.5694	0.004	0.4795	0.005	0.005	0.2478	0.5934	0.006	0.5295	0.6484	0.009	0.8082	0.6623	0.048	0.1459	0.1119	0.8262	0.95	0.1079	0.2278	0.7672	0.5145	0.4426	0.018	0.4426	0.7183	0.046	0.004	0.01	0.001	0.2557	0.0799	0.003	0.1079	0.6174	0.003	0.0749	0.03	0.4705	0.002	0.1938	0.001	0.001	0.03	0.6653	0.3007	0.035	0.4396	0.049	0.7263	0.0929	0.005	0.007	0.1698	0.1259	0.021	0.024	0.0839	0.028	0.007	0.5564	0.961	0.2048	0.015	0.2158	0.031
Sg_CA11_52	0.001	0.001	0.3726	0.002	0.001	0.4545	0.001	0.3377	0.001	0.001	0.001	0.3676	0.1788	0.001	0.004	0.97	0.2927	0.001	0.004	0.028	0.985	0.004	0.0649	0.001	0.002	0.001	0.001	0.2008	0.3227	0.6184	0.001	0.001	0.001	0.001	0.007	0.4056	0.001	0.1439	0.001	0.0509	0.6993	0.4585	0.001	0.1638	0.001	0.022	0.0899	0.001	0.018	0.002	0.036	0.001	0.1798	0.001	0.016	0.001	0.001	0.0909	0.4805	0.014	0.9281	0.001	0.4585	0.001	0.037	0.001	0.007	0.001	0.001	0.001	0.02	0.014	0.2398	0.001	0.01	0.4016	0.5375	1	0.006	0.001	0.004	0.001	0.001	0.8262	0.4545	0.8781	0.001	0.039	0.001	0.002	0.001	0.001	0.015	0.8831	0.0719	0.2967	0.013	0.001	0.8691	0.4406	0.0949	0.1608	0.3437	0.001	0.4036	0.001	0.034	0.2707	0.001	0.1119	0.4845	0.7842	0.8761	0.001	0.004	0.008	0.001	0.001	0.5814	0.1638	0.001	0.001	0.001	0.001	0.001	0.0979	0.001	0.001	0.001	0.001	0.3077	0.001	0.2008	0.001	0.001	0.001	0.001	0.042	0.001	0.001	0.001	0.3227	0.001	0.036	0.1349	0.001	0.6643	0.001	0.001	0.043	0.8022	0.5155	0.4995	0.2018	0.0939	0.002	0.9401	0.01	0.002	0.001	0.0749	0.005	0.005	0.4446	0.019	0.001	0.001	0.001	0.001	0.002	0.0609	0.013	0.001	0.7273	0.5005	0.4016	0.001	0.9421	0.2597	0.1139	0.007	0.001	0.0819	0.001	0.0739	0.4715	0.001	0.3127	0.001	0.001	0.1668	0.026	0.002	0.3596	0.001	0.001	0.3277	0.001	0.012	0.0799	0.001	0.001	0.3137	0.003	0.7592	0.001	0.001	0.017	0.009	0.001	0.5614	0.004	0.001	0.001	0.008	0.001	0.001	0.2098	0.015	0.9001	0.96	0.001	0.001	0.001	0.0749	0.001	0.001	0.7463	0.001	0.047	0.001	0.5644	0.964	0.001	0.008	0.0759	0.0579	0.002	0.001	0.0739	0.3497	0.1209	0.001	0.8851	0.5924	0.001	0.1499	0.6873	0.001	0.001	0.017	0.001	0.1469	0.001	0.3297	0.005	0.001	0.007	0.0679	0.1898	0.001	0.001	0.8082	0.001	0.3277	0.001	0.027	0.001	0.0829	0.001	0.001	0.001	0.017	0.0569	0.004	0.1878	0.6304	0.001	0.02	0.3836	0.014	0.001	0.001	0.1129	0.1279	0.3786	0.6094	0.0659	0.2967	0.044	0.001	0.002	0.001	0.9381	0.1359	0.001	0.001	0.1469	0.8012	0.001	0.001	0.001	0.1409	0.001	0.014	0.003	0.029	0.001	0.3936	0.1688	0.5554	0.002	0.8631	0.005	0.0559	0.1079	0.001	0.006	0.001	0.001	0.001	0.001	0.001	0.0919	0.7782	0.003	0.5395	0.001	0.4026	0.002
Sg_CA13_9	0.039	0.049	0.962	0.002	0.001	0.003	0.1678	0.001	0.016	0.009	0.3347	0.6344	0.5664	0.2038	0.6064	0.5864	0.7912	0.7163	0.2567	0.02	0.0749	0.5504	0.0589	0.0649	0.02	0.0969	0.003	0.3227	0.9491	0.6444	0.001	0.0549	0.001	0.001	0.987	0.9431	0.1618	0.0709	0.2058	0.028	0.8302	0.994	0.001	0.6344	0.1848	0.5475	0.2507	0.002	0.0529	0.003	0.004	0.2388	0.029	0.017	0.001	0.5245	0.004	0.001	0.4396	0.3576	0.2927	0.002	0.0559	0.002	0.2647	0.001	0.8591	0.01	0.017	0.1499	0.001	0.2917	0.047	0.033	0.001	0.001	0.8352	0.006	1	0.03	0.034	0.014	0.004	0.8801	0.0899	0.0779	0.1329	0.0619	0.6474	0.001	0.1888	0.7942	0.4446	0.1938	0.0789	0.046	0.5285	0.7542	0.017	0.0749	0.2917	0.027	0.006	0.4366	0.3437	0.1489	0.1139	0.9431	0.006	0.01	0.0999	0.1079	0.6354	0.001	0.1139	0.0539	0.1029	0.001	0.3736	0.001	0.001	0.8871	0.003	0.3846	0.001	0.1179	0.9031	0.001	0.001	0.001	0.959	0.001	0.01	0.2218	0.7922	0.001	0.0629	0.003	0.1638	0.001	0.001	0.3197	0.049	0.009	0.3147	0.015	0.7433	0.8791	0.005	0.036	0.9251	0.02	0.5095	0.7512	0.5105	0.2737	0.5185	0.4545	0.007	0.6753	0.4116	0.99	0.006	0.0949	0.0819	0.6134	0.001	0.1169	0.6004	0.4176	0.002	0.2368	0.005	0.01	0.3646	0.6244	0.001	0.6274	0.2288	0.7742	0.6593	0.002	0.03	0.001	0.001	0.0749	0.004	0.8232	0.0859	0.8442	0.002	0.9321	0.2458	0.7123	0.956	0.4416	0.6104	0.001	0.2617	0.1299	0.7383	0.016	0.5205	0.011	0.001	0.031	0.1079	0.7722	0.1269	0.001	0.7273	0.5275	0.001	0.004	0.024	0.2917	0.0589	0.01	0.002	0.5604	0.03	0.012	0.001	0.3836	0.001	0.001	0.006	0.3856	0.004	0.3487	0.7752	0.8402	0.8931	0.003	0.2647	0.952	0.001	0.9251	0.8521	0.9231	0.001	0.006	0.0919	0.013	0.3536	0.004	0.3107	0.006	0.006	0.001	0.3936	0.3856	0.4765	0.2188	0.4306	0.1099	0.7113	0.1758	0.5514	0.5195	0.001	0.002	0.005	0.6194	0.3526	0.1968	0.002	0.1049	0.008	0.011	0.004	0.1499	0.001	0.001	0.046	0.2268	0.6533	0.049	0.002	0.033	0.001	0.7063	0.001	0.5195	0.1409	0.0559	0.032	0.6094	0.001	0.1439	0.7982	0.001	0.3097	0.3916	0.0869	0.1768	0.0509	0.4456	0.984	0.001	0.1049	0.036	0.0949	0.002	0.3137	0.2827	0.2687	0.7682	0.4346	0.007	0.1738	0.017	0.2328	0.6953	0.019	0.1778	0.6533	0.02	0.004	0.1968	0.4046	0.009	0.3077	0.2458	0.3986	0.012	0.002	0.001	0.027	0.1538
Sg_CA25_14	0.001	0.007	0.6404	0.001	0.002	0.1499	0.001	0.006	0.001	0.016	0.001	0.9001	0.1528	0.001	0.6803	0.4176	0.2288	0.002	0.009	0.2777	0.4456	0.2098	0.2507	0.001	0.002	0.001	0.004	0.0859	0.8521	0.4645	0.002	0.001	0.002	0.001	0.024	0.6793	0.001	0.3287	0.002	0.001	0.0559	0.4066	0.001	0.959	0.008	0.022	0.001	0.001	0.033	0.006	0.004	0.004	0.2657	0.001	0.001	0.001	0.001	0.1678	0.9251	0.001	0.5465	0.001	0.1968	0.001	0.0769	0.001	0.001	0.001	0.001	0.001	0.2687	0.5954	0.5025	0.001	0.05	0.996	0.1209	0.001	0.03	1	0.1548	0.001	0.001	0.6374	0.4805	0.2687	0.0959	0.0539	0.001	0.001	0.001	0.1878	0.006	0.0709	0.002	0.6703	0.024	0.001	0.0889	0.3347	0.95	0.6563	0.1968	0.001	0.8741	0.013	0.5844	0.0899	0.001	0.001	0.5295	0.2537	0.0599	0.001	0.0909	0.1169	0.001	0.001	0.1429	0.01	0.001	0.001	0.001	0.005	0.001	0.6014	0.001	0.001	0.001	0.001	0.0759	0.001	0.015	0.001	0.013	0.001	0.003	0.004	0.001	0.001	0.001	0.6314	0.001	0.0529	0.3017	0.001	0.5295	0.7303	0.001	0.0699	0.8402	0.042	0.7742	0.5355	0.8092	0.1628	0.1698	0.019	0.019	0.011	0.015	0.015	0.001	0.049	0.0999	0.0709	0.001	0.001	0.001	0.002	0.5884	0.013	0.001	0.1069	0.8811	0.3157	0.001	0.6154	0.7373	0.1489	0.005	0.001	0.2148	0.01	0.3047	0.7862	0.001	0.8851	0.001	0.009	0.8831	0.009	0.0639	0.6124	0.001	0.001	0.4865	0.001	0.02	0.3397	0.1219	0.001	0.0769	0.009	0.2857	0.001	0.046	0.001	0.1289	0.001	0.1119	0.001	0.001	0.001	0.013	0.001	0.001	0.6024	0.0999	0.035	0.5704	0.001	0.001	0.001	0.2717	0.001	0.001	0.7812	0.001	0.1299	0.3586	0.5355	0.1648	0.001	0.1908	0.0649	0.1998	0.019	0.001	0.004	0.017	0.2737	0.001	0.0969	0.7872	0.001	0.014	0.0549	0.001	0.001	0.0849	0.001	0.2697	0.001	0.964	0.0819	0.001	0.1099	0.001	0.6274	0.001	0.001	0.5604	0.001	0.8032	0.001	0.9061	0.001	0.3946	0.001	0.001	0.001	0.2228	0.8781	0.0869	0.6264	0.3826	0.001	0.0769	0.031	0.4615	0.001	0.001	0.0869	0.5814	0.5754	0.6543	0.0709	0.1508	0.1558	0.002	0.001	0.001	0.1369	0.2028	0.001	0.001	0.046	0.8731	0.001	0.021	0.001	0.6933	0.001	0.2128	0.001	0.014	0.001	0.8242	0.002	0.8671	0.0839	0.5784	0.002	0.029	0.036	0.003	0.001	0.001	0.001	0.001	0.001	0.001	0.9391	0.8342	0.2388	0.5305	0.001	0.5574	0.001
Sg_CA25_21	0.026	0.001	0.6384	0.7403	0.0949	0.001	0.0569	0.001	0.008	0.1698	0.011	0.6434	0.1009	0.001	0.027	0.0809	0.006	0.001	0.0729	0.9051	0.2328	0.037	0.5345	0.3337	0.05	0.3007	0.047	0.011	0.3546	0.963	0.2987	0.001	0.7323	0.001	0.034	0.5704	0.001	0.006	0.7502	0.013	0.2867	0.7003	0.4376	0.4256	0.001	0.001	0.001	0.002	0.001	0.001	0.001	0.8971	0.025	0.01	0.001	0.002	0.013	0.0999	0.0999	0.001	0.6244	0.1928	0.03	0.4545	0.5944	0.4326	0.003	0.003	0.1209	0.025	0.001	0.5674	0.001	0.049	0.049	0.001	0.2478	0.004	0.034	0.1548	1	0.001	0.001	0.023	0.3526	0.001	0.1069	0.1399	0.019	0.4366	0.1908	0.006	0.001	0.001	0.0679	0.001	0.7892	0.001	0.001	0.001	0.002	0.001	0.002	0.005	0.1219	0.1319	0.001	0.002	0.002	0.032	0.001	0.1508	0.05	0.007	0.001	0.003	0.001	0.0859	0.2018	0.001	0.0749	0.001	0.007	0.01	0.1359	0.8831	0.008	0.2298	0.8981	0.022	0.0589	0.2258	0.001	0.001	0.0529	0.044	0.7183	0.001	0.003	0.9131	0.3187	0.3746	0.015	0.5245	0.004	0.009	0.3317	0.003	0.02	0.5315	0.2038	0.001	0.1089	0.5564	0.002	0.001	0.1578	0.1119	0.0959	0.038	0.1778	0.003	0.0849	0.001	0.001	0.033	0.6543	0.007	0.001	0.002	0.001	0.8711	0.0749	0.001	0.016	0.039	0.6503	0.6753	0.001	0.006	0.001	0.0719	0.0649	0.8721	0.001	0.001	0.002	0.3586	0.001	0.007	0.003	0.1548	0.001	0.1728	0.001	0.001	0.038	0.2667	0.023	0.001	0.001	0.001	0.002	0.2687	0.2088	0.002	0.959	0.011	0.2687	0.6184	0.7413	0.1908	0.011	0.001	0.4406	0.001	0.001	0.001	0.2028	0.3606	0.2507	0.2547	0.1129	0.007	0.001	0.3377	0.0889	0.3437	0.001	0.001	0.004	0.6004	0.4476	0.6084	0.001	0.1199	0.003	0.003	0.002	0.001	0.001	0.001	0.001	0.001	0.0549	0.0569	0.025	0.001	0.3556	0.6993	0.003	0.004	0.1129	0.001	0.004	0.0799	0.001	0.009	0.0839	0.03	0.002	0.035	0.004	0.001	0.6593	0.001	0.001	0.004	0.001	0.007	0.3516	0.002	0.001	0.001	0.4565	0.3566	0.5085	0.001	0.3417	0.001	0.005	0.001	0.7842	0.002	0.001	0.048	0.4296	0.025	0.001	0.1239	0.001	0.01	0.0829	0.6913	0.004	0.004	0.001	0.04	0.1738	0.027	0.2498	0.002	0.0519	0.002	0.4705	0.004	0.001	0.001	0.1998	0.002	0.048	0.9291	0.2388	0.001	0.001	0.2627	0.001	0.0869	0.1119	0.001	0.003	0.3746	0.001	0.001	0.4346	0.1169	0.001	0.8452	0.027	0.002
Sg_CA40A_55	0.001	0.001	0.9371	0.019	0.001	0.7632	0.005	0.963	0.001	0.009	0.001	0.7982	0.2557	0.001	0.5654	0.7053	0.005	0.001	0.016	0.2857	0.7053	0.001	0.2827	0.001	0.002	0.001	0.003	0.001	0.3427	0.7562	0.018	0.001	0.009	0.001	0.026	0.975	0.001	0.05	0.02	0.042	0.7073	0.9131	0.002	0.1598	0.001	0.015	0.001	0.001	0.001	0.001	0.4765	0.037	0.5754	0.001	0.001	0.001	0.001	0.5874	0.3666	0.001	0.8122	0.001	0.2428	0.001	0.025	0.001	0.003	0.001	0.002	0.001	0.8601	0.6194	0.6434	0.001	0.3087	0.2268	0.4515	0.001	0.014	0.001	0.001	1	0.001	0.5514	0.9401	0.042	0.03	0.0969	0.001	0.001	0.001	0.004	0.001	0.4925	0.004	0.0889	0.001	0.001	0.8322	0.6154	0.5035	0.4895	0.6234	0.001	0.5425	0.032	0.0689	0.05	0.001	0.001	0.1479	0.2388	0.6464	0.001	0.001	0.009	0.001	0.001	0.6523	0.4046	0.001	0.001	0.001	0.005	0.001	0.1069	0.001	0.001	0.001	0.001	0.1129	0.001	0.3477	0.001	0.001	0.001	0.015	0.011	0.001	0.001	0.001	0.7393	0.001	0.042	0.1918	0.001	0.8472	0.0799	0.001	0.047	0.7662	0.8511	0.4785	0.007	0.2048	0.1419	0.0999	0.0519	0.011	0.002	0.007	0.008	0.001	0.5425	0.03	0.011	0.001	0.001	0.001	0.001	0.6324	0.044	0.001	0.6214	0.0609	0.039	0.001	0.3816	0.6364	0.2937	0.001	0.001	0.006	0.1009	0.4955	0.96	0.001	0.959	0.001	0.027	0.3576	0.022	0.016	0.3736	0.001	0.001	0.1259	0.001	0.009	0.018	0.002	0.001	0.024	0.0559	0.7722	0.001	0.004	0.01	0.1978	0.001	0.1728	0.001	0.001	0.001	0.013	0.001	0.001	0.968	0.2637	0.0539	0.4775	0.001	0.001	0.001	0.971	0.001	0.001	0.8442	0.001	0.013	0.043	0.979	0.8002	0.001	0.019	0.3516	0.4545	0.008	0.001	0.002	0.6014	0.5504	0.001	0.0609	0.3606	0.001	0.011	0.8721	0.001	0.001	0.0949	0.001	0.043	0.001	0.3407	0.033	0.001	0.0729	0.004	0.0819	0.001	0.001	0.6394	0.001	0.5654	0.001	0.8851	0.001	0.0549	0.001	0.001	0.001	0.8861	0.6214	0.026	0.2178	0.4136	0.001	0.007	0.1778	0.5445	0.001	0.003	0.008	0.0909	0.4406	0.2937	0.0509	0.5265	0.039	0.001	0.001	0.004	0.8242	0.012	0.001	0.001	0.1738	0.8372	0.001	0.002	0.001	0.4296	0.001	0.1149	0.001	0.005	0.001	0.1558	0.037	0.4446	0.3177	0.4296	0.001	0.025	0.6444	0.001	0.029	0.001	0.001	0.001	0.001	0.001	0.2607	0.7193	0.3407	0.3297	0.001	0.1588	0.001
Sg_CA9_20	0.001	0.001	0.0559	0.001	0.001	0.001	0.001	0.0839	0.001	0.001	0.001	0.0719	0.001	0.001	0.001	0.8082	0.001	0.001	0.001	0.003	0.3996	0.0749	0.4496	0.001	0.033	0.001	0.001	0.031	0.1858	0.6004	0.001	0.004	0.001	0.001	0.001	0.7243	0.001	0.3836	0.001	0.6593	0.1309	0.5574	0.001	0.1499	0.001	0.001	0.002	0.001	0.003	0.001	0.9181	0.001	0.2008	0.001	0.6174	0.001	0.001	0.2677	0.4855	0.001	0.6234	0.001	0.4166	0.001	0.001	0.004	0.001	0.001	0.001	0.001	0.2378	0.049	0.002	0.001	0.016	0.8452	0.011	0.001	0.004	0.001	0.001	0.001	1	0.5834	0.4785	0.0889	0.001	0.6334	0.002	0.001	0.001	0.001	0.001	0.009	0.006	0.005	0.2647	0.001	0.043	0.011	0.001	0.013	0.7702	0.001	0.3397	0.001	0.001	0.006	0.001	0.2218	0.1319	0.1648	0.2288	0.001	0.001	0.2737	0.001	0.001	0.0529	0.3387	0.001	0.001	0.001	0.001	0.001	0.1858	0.001	0.001	0.001	0.001	0.049	0.001	0.3786	0.001	0.2637	0.001	0.001	0.7852	0.001	0.001	0.001	0.9191	0.001	0.001	0.001	0.001	0.1219	0.001	0.001	0.001	0.3766	0.046	0.0709	0.7083	0.001	0.001	0.035	0.001	0.02	0.02	0.1389	0.001	0.001	0.2008	0.002	0.001	0.001	0.001	0.001	0.001	0.991	0.001	0.001	0.006	0.3536	0.009	0.001	0.7712	0.02	0.001	0.002	0.001	0.037	0.001	0.1179	0.046	0.001	0.7253	0.001	0.001	0.4675	0.004	0.001	0.0589	0.001	0.001	0.006	0.001	0.001	0.1239	0.001	0.001	0.2857	0.001	0.014	0.001	0.027	0.004	0.003	0.001	0.2867	0.001	0.001	0.001	0.001	0.001	0.001	0.002	0.002	0.0539	0.3886	0.001	0.001	0.001	0.0559	0.001	0.001	0.2907	0.001	0.001	0.002	0.0989	0.3546	0.001	0.005	0.003	0.1369	0.001	0.001	0.001	0.2547	0.005	0.001	0.6024	0.8591	0.001	0.036	0.036	0.001	0.001	0.01	0.008	0.951	0.001	0.012	0.001	0.001	0.2807	0.004	0.1069	0.001	0.001	0.4446	0.001	0.7592	0.001	0.8691	0.001	0.003	0.001	0.001	0.001	0.4745	0.4366	0.001	0.959	0.4665	0.001	0.032	0.3736	0.9291	0.001	0.006	0.0759	0.001	0.2687	0.1219	0.001	0.1588	0.3017	0.001	0.001	0.001	0.019	0.2318	0.001	0.001	0.002	0.1898	0.001	0.001	0.001	0.1019	0.001	0.002	0.001	0.001	0.001	0.7942	0.8991	0.8631	0.2657	0.0739	0.001	0.6214	0.005	0.001	0.2987	0.001	0.001	0.001	0.001	0.001	0.001	0.2767	0.2847	0.002	0.001	0.034	0.001
Sg_CA9_31	0.5534	0.3167	0.2348	0.4186	0.4166	0.6733	0.8162	0.2288	0.1289	0.3976	0.5944	0.001	0.4745	0.9401	0.1778	0.3866	0.9241	0.8412	0.961	0.3716	0.1229	0.1658	0.5584	0.7902	0.3037	0.5135	0.1249	0.0899	0.003	0.001	0.4975	0.4955	0.5554	0.4486	0.1678	0.001	0.9111	0.001	0.4116	0.8561	0.029	1	0.3417	0.6993	0.048	0.9091	0.003	0.9051	0.1658	0.3417	0.5914	0.9001	0.7622	0.7872	0.2348	0.032	0.6653	0.038	0.4765	0.1309	0.1479	0.001	0.1349	0.1768	0.7243	0.1309	0.0959	0.961	0.3726	0.2438	0.0749	0.0839	0.3806	0.1079	0.1099	0.035	0.8941	0.8262	0.8801	0.6374	0.023	0.5514	0.5834	1	0.013	0.007	0.037	0.042	0.6793	0.5355	0.2158	0.1149	0.3926	0.9231	0.0949	0.3157	0.8551	0.0969	0.5614	0.6024	0.5934	0.032	0.1049	0.9241	0.001	0.9111	0.2797	0.031	0.1908	0.6214	0.001	0.989	0.5075	0.8012	0.5524	0.001	0.8112	0.8901	0.6254	0.6863	0.6803	0.2378	0.5315	0.6354	0.5564	0.2008	0.4705	0.7113	0.9281	0.6184	0.011	0.2118	0.1768	0.8232	0.3666	0.3097	0.6543	0.1708	0.5554	0.3776	0.4166	0.3307	0.1538	0.9001	0.98	0.8911	0.2897	0.7443	0.3656	0.3397	0.2577	0.953	0.1688	0.1239	0.1289	0.7952	0.8551	0.9151	0.0589	0.001	0.8092	0.2388	0.2398	0.2807	0.006	0.5644	0.6563	0.035	0.4486	0.2527	0.035	0.7193	0.1159	0.4665	0.0659	0.8561	0.4795	0.1219	0.7732	0.033	0.7253	0.4336	0.2008	0.3886	0.033	0.4496	0.2258	0.7343	0.8292	0.3626	0.015	0.2178	0.0869	0.0859	0.8432	0.024	0.6274	0.96	0.5185	0.001	0.957	0.8651	0.6943	0.3956	0.8751	0.7133	0.4006	0.021	0.4066	0.1708	0.5285	0.5455	0.6034	0.9241	0.8501	0.3986	0.8182	0.2378	0.003	0.016	0.2657	0.2557	0.6284	0.7872	0.1548	0.9061	0.8711	0.1389	0.3217	0.2088	0.1758	0.001	0.034	0.8392	0.001	0.995	0.2827	0.4456	0.4905	0.2218	0.5025	0.5784	0.8731	0.1049	0.2687	0.1249	0.5774	0.958	0.9101	0.2597	0.0979	0.011	0.001	0.7293	0.4925	0.2218	0.2108	0.2398	0.1808	0.6843	0.6354	0.7393	0.0839	0.5125	0.042	0.4416	0.002	0.3107	0.3546	0.8432	0.6294	0.006	0.954	0.008	0.8661	0.8312	0.1259	0.987	0.2148	0.1518	0.1538	0.2198	0.7752	0.001	0.3367	0.4026	0.8891	0.3027	0.0509	0.4226	0.6084	0.7153	0.7742	0.2907	0.001	0.1069	0.963	0.6254	0.1019	0.6763	0.6004	0.8531	0.4525	0.9081	0.6004	0.7473	0.1399	0.8651	0.6254	0.1518	0.001	0.6344	0.1978	0.001	0.5175	0.8212	0.1119	0.7962	0.3457	0.7592	0.0649	0.7912	0.8761	0.995	0.0699	0.0549	0.999	0.4545	0.9311	0.1379
Sg_CB03_1	0.7413	0.1978	0.999	0.1249	0.3167	0.3337	0.4146	0.961	0.4635	0.2507	0.2717	0.1099	0.7193	0.3427	0.0819	0.008	0.2158	0.1948	0.5025	0.3187	0.024	0.5305	0.019	0.4545	0.4545	0.8402	0.2038	0.001	0.6144	0.2048	0.6284	0.2028	0.7403	0.3067	0.1209	0.1429	0.7003	0.012	0.6324	0.952	0.1499	0.1708	0.0789	0.5944	0.1419	0.2098	0.029	0.3676	0.6683	0.4276	0.8591	0.8462	0.002	0.8482	0.3646	0.004	0.9451	0.3307	0.6164	0.3147	0.001	0.6883	0.1469	0.6084	0.3576	0.8052	0.024	0.7802	0.4645	0.4336	0.014	0.4476	0.3716	0.7053	0.6034	0.0889	0.3417	0.4545	0.0899	0.4805	0.3526	0.9401	0.4785	0.013	1	0.011	0.046	0.001	0.4795	0.1548	0.037	0.014	0.044	0.4665	0.045	0.6803	0.1768	0.0749	0.8472	0.1109	0.7612	0.973	0.4116	0.9151	0.007	0.2288	0.3067	0.02	0.7243	0.8032	0.003	0.4426	0.0529	0.1658	0.9151	0.008	0.5275	0.1788	0.6374	0.1029	0.1628	0.017	0.4915	0.5704	0.7842	0.8032	0.2967	0.1998	0.4346	0.6823	0.005	0.1988	0.5115	0.5015	0.4685	0.1728	0.5824	0.2967	0.9321	0.5694	0.6683	0.001	0.8322	0.986	0.7273	0.2777	0.001	0.3996	0.5035	0.6274	0.001	0.0949	0.001	0.7952	0.2318	0.2018	0.0999	0.1988	0.0579	0.007	0.5794	0.4396	0.012	0.0679	0.002	0.3996	0.0969	0.2907	0.7063	0.2088	0.1099	0.5994	0.3477	0.5305	0.8242	0.001	0.0519	0.011	0.3397	0.1149	0.8611	0.2857	0.3457	0.5355	0.034	0.8142	0.2727	0.2488	0.1688	0.2517	0.006	0.4126	0.043	0.001	0.5005	0.2058	0.001	0.6394	0.958	0.022	0.3207	0.9041	0.7223	0.9461	0.1668	0.989	0.3177	0.015	0.0669	0.8402	0.041	0.0999	0.8951	0.9411	0.8711	0.4416	0.8901	0.4645	0.3506	0.03	0.002	0.2767	0.9311	0.3976	0.006	0.2687	0.3906	0.001	0.6883	0.7502	0.2537	0.0859	0.002	0.4036	0.006	0.4695	0.5874	0.4076	0.0769	0.038	0.2408	0.6643	0.9441	0.012	0.6933	0.1429	0.7502	0.3177	0.2737	0.7982	0.006	0.2897	0.015	0.989	0.3487	0.2368	0.0899	0.1718	0.0599	0.0609	0.7023	0.2418	0.001	0.9181	0.001	0.7602	0.1129	0.1678	0.6753	0.5495	0.965	0.5405	0.7592	0.0539	0.9321	0.0699	0.001	0.4346	0.5125	0.01	0.1329	0.1798	0.96	0.039	0.987	0.1209	0.7033	0.9021	0.022	0.001	0.9291	0.9371	0.986	0.3127	0.012	0.5574	0.9101	0.1329	0.001	0.1668	0.3876	0.976	0.2198	0.3816	0.7423	0.0689	0.001	0.8372	0.019	0.018	0.1209	0.2727	0.0929	0.025	0.1918	0.5814	0.3566	0.6893	0.4416	0.961	0.005	0.6094	0.8641	0.6893	0.001	0.8372	0.8402	0.965	0.003	0.031
Sg_CB03_2	0.0649	0.4935	0.2498	0.1738	0.9421	0.0579	0.8681	0.0869	0.7692	0.3566	0.0649	0.005	0.5994	0.022	0.2388	0.5055	0.0819	0.1479	0.6114	0.3447	0.0779	0.048	0.1069	0.9101	0.001	0.012	0.2208	0.001	0.2547	0.1249	0.014	0.003	0.029	0.1269	0.039	0.3437	0.1548	0.004	0.2018	0.9171	0.1588	0.4745	0.011	0.0879	0.001	0.032	0.001	0.017	0.001	0.001	0.0979	0.4146	0.5544	0.9281	0.6763	0.007	0.7892	0.007	0.1988	0.015	0.2617	0.2198	0.002	0.6054	0.4176	0.0649	0.012	0.05	0.2857	0.7193	0.001	0.0619	0.5584	0.954	0.01	0.001	0.95	0.8781	0.0779	0.2687	0.001	0.042	0.0889	0.007	0.011	1	0.045	0.7712	0.3906	0.1409	0.4276	0.5924	0.002	0.4975	0.3097	0.003	0.1778	0.003	0.023	0.018	0.004	0.003	0.001	0.021	0.004	0.9021	0.041	0.001	0.0539	0.4845	0.001	0.2068	0.1888	0.5884	0.001	0.001	0.009	0.6743	0.5305	0.8162	0.5095	0.006	0.7992	0.5504	0.2448	0.0809	0.008	0.3387	0.971	0.4076	0.012	0.1798	0.02	0.007	0.1718	0.005	0.3437	0.7972	0.5485	0.1858	0.8681	0.3776	0.6653	0.5534	0.5135	0.9161	0.4386	0.6503	0.6733	0.8721	0.5255	0.7772	0.3756	0.8212	0.2348	0.8671	0.0879	0.9451	0.004	0.0859	0.6773	0.1998	0.1968	0.006	0.01	0.4995	0.4086	0.1828	0.017	0.0589	0.001	0.7143	0.4476	0.0689	0.1289	0.7283	0.1399	0.96	0.6014	0.5135	0.001	0.1059	0.7592	0.4166	0.001	0.047	0.3137	0.0609	0.0509	0.4356	0.003	0.1968	0.3327	0.3097	0.0969	0.003	0.6484	0.0929	0.1998	0.002	0.1728	0.2857	0.0789	0.7562	0.1279	0.9081	0.2098	0.006	0.2448	0.2827	0.3986	0.1109	0.046	0.1359	0.983	0.5594	0.0959	0.2008	0.001	0.6144	0.0929	0.2428	0.6613	0.038	0.001	0.4106	0.6973	0.3716	0.1768	0.001	0.6074	0.1119	0.05	0.9391	0.1538	0.2478	0.019	0.2957	0.0639	0.001	0.4825	0.4545	0.1419	0.001	0.024	0.2108	0.014	0.1349	0.8641	0.4116	0.014	0.002	0.016	0.8951	0.022	0.3497	0.1479	0.017	0.3487	0.8192	0.9241	0.4026	0.001	0.02	0.3277	0.015	0.001	0.0979	0.1239	0.0729	0.4915	0.025	0.007	0.001	0.6354	0.042	0.3217	0.3197	0.8501	0.8402	0.001	0.005	0.8881	0.001	0.2058	0.0569	0.5405	0.2458	0.001	0.8781	0.7662	0.7672	0.4775	0.1409	0.001	0.5584	0.049	0.2937	0.2348	0.962	0.8541	0.2757	0.8302	0.3576	0.4156	0.015	0.4825	0.0759	0.6703	0.7053	0.02	0.5984	0.5115	0.001	0.0879	0.1688	0.018	0.8731	0.5315	0.1938	0.1169	0.7782	0.02	0.3287	0.1678	0.007	0.018	0.1718	0.005	0.7133
Sg_CB03_44	0.005	0.009	0.036	0.0709	0.0739	0.0639	0.002	0.2008	0.001	0.001	0.003	0.1538	0.5834	0.006	0.002	0.967	0.5844	0.002	0.025	0.3467	0.4076	0.1189	0.3586	0.001	0.0569	0.2028	0.001	0.98	0.3097	0.5584	0.1858	0.6833	0.009	0.001	0.006	0.3477	0.001	0.8591	0.002	0.6793	0.007	0.049	0.008	0.3986	0.2018	0.017	0.5225	0.017	0.8751	0.0649	0.8541	0.001	0.018	0.001	0.1978	0.041	0.007	0.001	0.997	0.043	0.1199	0.001	0.0719	0.011	0.1708	0.8891	0.1608	0.0579	0.001	0.001	0.0519	0.0869	0.005	0.001	0.0829	0.1518	0.3117	0.001	0.1329	0.0959	0.1069	0.03	0.001	0.037	0.046	0.045	1	0.023	0.0909	0.002	0.011	0.001	0.03	0.0709	0.2597	0.0889	0.4466	0.042	0.0669	0.6034	0.004	0.5564	0.997	0.001	0.1199	0.0709	0.037	0.3227	0.003	0.7882	0.5135	0.6533	0.0509	0.001	0.1289	0.7722	0.036	0.002	0.031	0.0869	0.001	0.3337	0.001	0.0909	0.004	0.0549	0.013	0.006	0.001	0.001	0.8811	0.002	0.2547	0.001	0.6194	0.001	0.013	0.1608	0.001	0.2068	0.004	0.0509	0.005	0.021	0.7203	0.002	0.0539	0.001	0.003	0.027	0.1548	0.032	0.03	0.003	0.025	0.001	0.2038	0.1928	0.001	0.035	0.989	0.4496	0.4066	0.1908	0.4036	0.001	0.045	0.001	0.001	0.0739	0.049	0.006	0.1199	0.004	0.3457	0.2428	0.002	0.5714	0.021	0.015	0.3666	0.001	0.0999	0.3866	0.009	0.6553	0.002	0.5075	0.0789	0.3087	0.001	0.0619	0.005	0.002	0.002	0.0579	0.1209	0.005	0.1508	0.8521	0.001	0.001	0.3487	0.002	0.1778	0.001	0.002	0.7423	0.008	0.022	0.6304	0.2268	0.007	0.001	0.035	0.001	0.006	0.0839	0.001	0.95	0.2138	0.046	0.05	0.2268	0.0739	0.019	0.001	0.041	0.004	0.1518	0.001	0.2517	0.1818	0.023	0.4765	0.009	0.7223	0.2797	0.003	0.8601	0.0699	0.001	0.001	0.003	0.007	0.001	0.6374	0.009	0.008	0.2048	0.4725	0.042	0.9281	0.003	0.047	0.04	0.003	0.4685	0.3606	0.2807	0.001	0.016	0.8501	0.001	0.1459	0.003	0.004	0.0559	0.028	0.002	0.021	0.0889	0.1818	0.022	0.0659	0.2138	0.0739	0.005	0.8821	0.1279	0.5704	0.01	0.97	0.9031	0.001	0.969	0.1858	0.2358	0.022	0.6953	0.001	0.4456	0.004	0.3676	0.8811	0.001	0.001	0.027	0.023	0.005	0.002	0.003	0.6663	0.014	0.029	0.9111	0.037	0.005	0.4326	0.042	0.5594	0.9421	0.4016	0.0999	0.6414	0.012	0.003	0.1958	0.4555	0.001	0.2078	0.023	0.001	0.002	0.022	0.03	0.012	0.033	0.3616	0.0639
Sg_CB03_47	0.0989	0.6723	0.7902	0.5584	0.5055	0.2667	0.0729	0.0999	0.4396	0.9451	0.011	0.0579	0.1648	0.1409	0.1888	0.0739	0.2647	0.2068	0.026	0.1359	0.5954	0.3117	0.1259	0.0629	0.2398	0.0709	0.1608	0.3706	0.2078	0.033	0.041	0.2318	0.1319	0.97	0.043	0.011	0.1229	0.045	0.001	0.2218	0.002	0.1209	0.1558	0.0589	0.6364	0.0619	0.2767	0.1459	0.1009	0.4675	0.015	0.021	0.003	0.015	0.001	0.002	0.3556	0.044	0.7493	0.041	0.001	0.1389	0.1718	0.0779	0.1259	0.003	0.008	0.029	0.4585	0.02	0.6214	0.9401	0.2677	0.2897	0.1658	0.2987	0.977	0.039	0.0619	0.0539	0.1399	0.0969	0.6334	0.042	0.001	0.7712	0.023	1	0.2168	0.2188	0.1838	0.008	0.1598	0.1059	0.1039	0.01	0.2198	0.0959	0.047	0.965	0.8392	0.5295	0.6344	0.1329	0.005	0.026	0.024	0.9441	0.036	0.002	0.9031	0.3197	0.039	0.2517	0.3946	0.002	0.7542	0.2258	0.4765	0.001	0.0889	0.018	0.042	0.009	0.002	0.006	0.029	0.1019	0.002	0.004	0.001	0.2498	0.2428	0.6154	0.5564	0.033	0.001	0.001	0.031	0.0589	0.01	0.001	0.0539	0.1009	0.3467	0.026	0.001	0.04	0.007	0.2857	0.001	0.013	0.001	0.3966	0.7323	0.2757	0.2278	0.033	0.3736	0.024	0.008	0.007	0.3217	0.0609	0.0549	0.3427	0.0859	0.973	0.008	0.0669	0.3586	0.026	0.001	0.007	0.4885	0.006	0.026	0.011	0.5105	0.0919	0.1059	0.1628	0.023	0.005	0.7602	0.3397	0.022	0.013	0.4066	0.026	0.3956	0.001	0.4026	0.001	0.2348	0.014	0.001	0.014	0.022	0.046	0.3367	0.6344	0.5984	0.0519	0.2697	0.048	0.97	0.005	0.0639	0.2038	0.046	0.1049	0.022	0.3526	0.013	0.3666	0.2118	0.4356	0.5095	0.6184	0.026	0.8362	0.015	0.0629	0.5934	0.0649	0.036	0.001	0.1039	0.1089	0.0649	0.018	0.001	0.7483	0.4555	0.9191	0.0589	0.012	0.017	0.0829	0.018	0.049	0.0519	0.7502	0.965	0.7343	0.003	0.001	0.3706	0.004	0.011	0.2388	0.006	0.7752	0.3826	0.0839	0.012	0.002	0.048	0.7263	0.1988	0.1429	0.032	0.4685	0.001	0.1379	0.988	0.001	0.016	0.03	0.015	0.004	0.005	0.3746	0.022	0.3417	0.001	0.2997	0.02	0.001	0.6903	0.0659	0.029	0.037	0.1189	0.8701	0.5425	0.0979	0.2507	0.001	0.3167	0.6563	0.003	0.2168	0.012	0.8521	0.2488	0.011	0.001	0.991	0.8182	0.7992	0.031	0.6194	0.002	0.032	0.001	0.1399	0.1239	0.001	0.1938	0.5774	0.014	0.011	0.014	0.1299	0.5195	0.04	0.048	0.2817	0.002	0.2148	0.1259	0.1778	0.001	0.3177	0.01	0.015	0.5415	0.3327
Sg_CD22A_27	0.001	0.013	0.4975	0.7652	0.001	0.2787	0.001	0.3786	0.001	0.1219	0.002	0.4026	0.5305	0.003	0.7293	0.5734	0.2567	0.001	0.2328	0.3786	0.6583	0.001	0.4755	0.004	0.0819	0.003	0.1219	0.029	0.1039	0.2577	0.5295	0.001	0.967	0.001	0.3407	0.1059	0.001	0.005	0.0889	0.03	0.3317	0.7053	0.046	0.0939	0.001	0.1049	0.01	0.001	0.047	0.001	0.8561	0.1079	0.7263	0.001	0.049	0.001	0.004	0.5594	0.3786	0.002	0.4206	0.005	0.032	0.0529	0.2517	0.1489	0.04	0.001	0.1259	0.005	0.1119	0.2917	0.0949	0.024	0.9081	0.1998	0.4226	0.001	0.6474	0.001	0.019	0.001	0.002	0.6793	0.4795	0.3906	0.0909	0.2168	1	0.014	0.001	0.006	0.0629	0.5994	0.8072	0.4396	0.0789	0.001	0.8511	0.9231	0.1958	0.5155	0.8082	0.001	0.1179	0.2048	0.2238	0.0689	0.001	0.0819	0.2847	0.5974	0.4426	0.001	0.007	0.002	0.001	0.001	0.9281	0.7063	0.001	0.1099	0.001	0.1758	0.001	0.0749	0.001	0.001	0.001	0.001	0.5195	0.008	1	0.001	0.001	0.017	0.2278	0.0729	0.002	0.0949	0.001	0.988	0.0619	0.039	0.9481	0.001	0.6374	0.2418	0.003	0.0989	0.6474	0.6843	0.8462	0.013	0.027	0.0799	0.6943	0.3556	0.2587	0.001	0.042	0.4535	0.1119	0.5385	0.2478	0.1858	0.015	0.001	0.001	0.009	0.0599	0.2188	0.003	0.9451	0.7872	0.3726	0.002	0.8681	0.4915	0.8821	0.004	0.016	0.3816	0.4655	0.1359	0.7113	0.001	0.3976	0.001	0.6484	0.031	0.0659	0.1049	0.2358	0.001	0.007	0.2727	0.003	0.2128	0.001	0.02	0.001	0.039	0.2368	0.0529	0.007	0.1978	0.042	0.1688	0.1359	0.0839	0.034	0.006	0.001	0.019	0.001	0.001	0.016	0.98	0.2038	0.4326	0.001	0.001	0.0579	0.1269	0.004	0.001	0.3916	0.004	0.036	0.8541	0.3596	0.959	0.001	0.014	0.3656	0.957	0.4276	0.001	0.0599	0.8242	0.2048	0.001	0.036	0.956	0.034	0.3477	0.8951	0.001	0.001	0.5355	0.003	0.015	0.004	0.3477	0.6713	0.019	0.3467	0.1449	0.7722	0.001	0.017	0.1069	0.001	0.6484	0.001	0.3746	0.002	0.039	0.001	0.009	0.023	0.6543	0.6144	0.0639	0.2068	0.6304	0.02	0.7732	0.1738	0.7033	0.001	0.1508	0.006	0.01	0.2428	0.5165	0.2507	0.3347	0.3347	0.001	0.023	0.049	0.0859	0.002	0.001	0.001	0.8052	0.96	0.003	0.3686	0.001	0.7493	0.025	0.5325	0.024	0.4685	0.004	0.7283	0.5055	0.0919	0.7862	0.1948	0.001	0.1698	0.979	0.023	0.005	0.001	0.001	0.009	0.006	0.001	0.6793	0.3686	0.5425	0.1439	0.047	0.028	0.005
Sg_CD22A_44	0.001	0.0699	0.8881	0.005	0.017	0.3277	0.011	0.008	0.001	0.007	0.002	0.9181	0.5045	0.1998	0.3127	0.6394	0.6394	0.003	0.026	0.1479	0.0719	0.3387	0.3506	0.003	0.001	0.0579	0.001	0.7522	0.5095	0.05	0.003	0.3047	0.001	0.001	0.3167	0.012	0.001	0.4595	0.001	0.02	0.9491	0.7932	0.001	0.4406	0.1189	0.8212	0.6174	0.001	0.9451	0.8651	0.001	0.008	0.4116	0.001	0.002	0.001	0.001	0.1339	0.0709	0.1449	0.5514	0.001	0.9481	0.001	0.023	0.001	0.1868	0.001	0.001	0.001	0.004	0.9431	0.992	0.001	0.001	0.2368	0.3556	0.002	0.001	0.001	0.4366	0.001	0.001	0.5355	0.1548	0.1409	0.002	0.2188	0.014	1	0.017	0.0519	0.3636	0.0719	0.7982	0.0779	0.2118	0.006	0.024	0.0839	0.7622	0.7493	0.0859	0.012	0.7692	0.021	0.5724	0.034	0.001	0.006	0.8192	0.8482	0.4346	0.001	0.9431	0.5225	0.001	0.001	0.8561	0.024	0.001	0.047	0.001	0.0599	0.001	0.0819	0.002	0.001	0.001	0.001	0.0779	0.001	0.001	0.001	0.3457	0.001	0.01	0.003	0.001	0.001	0.001	0.4715	0.007	0.017	0.5634	0.002	0.2068	0.008	0.001	0.018	0.2827	0.1079	0.2587	0.4535	0.2188	0.2258	0.5415	0.1558	0.001	0.1409	0.6973	0.3407	0.6434	0.1429	0.2038	0.002	0.001	0.011	0.001	0.8152	0.0669	0.032	0.001	0.2887	0.9051	0.0559	0.001	0.8402	0.4046	0.8282	0.1728	0.001	0.023	0.001	0.008	0.4615	0.001	0.03	0.007	0.2488	0.1419	0.4036	0.0699	0.2108	0.001	0.022	0.049	0.001	0.038	0.6084	0.002	0.001	0.0619	0.04	0.001	0.001	0.035	0.2458	0.025	0.001	0.1139	0.01	0.001	0.001	0.004	0.001	0.001	0.988	0.004	0.8501	0.7413	0.001	0.001	0.0539	0.001	0.001	0.001	0.3856	0.001	0.1908	0.5045	0.8721	0.6054	0.001	0.0879	0.032	0.002	0.3726	0.002	0.7463	0.039	0.8721	0.001	0.2328	0.1119	0.002	0.7562	0.2348	0.001	0.001	0.5005	0.0659	0.4226	0.007	0.2847	0.1479	0.0589	0.026	0.7862	0.7652	0.001	0.005	0.5554	0.002	0.5624	0.001	0.016	0.001	0.8002	0.001	0.001	0.015	0.003	0.009	0.001	0.8332	0.5864	0.001	0.9081	0.1838	0.2228	0.002	0.001	0.4466	0.3686	0.6244	0.2478	0.3706	0.1588	0.1978	0.002	0.001	0.005	0.5295	0.9481	0.017	0.001	0.1578	0.2098	0.001	0.004	0.001	0.6044	0.001	0.4456	0.041	0.2198	0.049	0.8262	0.029	0.3407	0.0909	0.3856	0.0869	0.003	0.012	0.039	0.1838	0.001	0.001	0.017	0.005	0.001	0.7143	0.4835	0.1558	0.0849	0.001	0.4665	0.001
Sg_CD23A_20	0.001	0.1309	0.4545	0.4815	0.0959	0.8801	0.005	0.952	0.001	0.012	0.005	0.2747	0.5115	0.002	0.0909	0.3576	0.1828	0.001	0.1758	0.8432	0.6414	0.001	0.8472	0.001	0.028	0.001	0.001	0.017	0.8242	0.0989	0.6114	0.001	0.1558	0.008	0.0769	0.957	0.001	0.4635	0.012	0.015	0.5325	0.7532	0.013	0.047	0.3736	0.0889	0.0589	0.001	0.2677	0.047	0.2537	0.008	0.038	0.001	0.0949	0.002	0.017	0.8741	0.3317	0.006	0.0519	0.001	0.4076	0.002	0.4446	0.1259	0.023	0.001	0.001	0.001	0.2637	0.2687	0.8202	0.039	0.1968	0.3077	0.958	0.001	0.1888	0.001	0.1908	0.001	0.001	0.2158	0.037	0.4276	0.011	0.1838	0.001	0.017	1	0.004	0.018	0.5784	0.1089	0.7932	0.4056	0.001	0.3307	0.8002	0.007	0.2308	0.2627	0.001	0.2947	0.3656	0.2567	0.2857	0.001	0.1439	0.988	0.7502	0.3237	0.001	0.1968	0.1429	0.001	0.001	0.5684	0.8342	0.001	0.012	0.001	0.1499	0.001	0.0539	0.007	0.001	0.001	0.001	0.1748	0.008	0.0839	0.001	0.002	0.001	0.1319	0.1888	0.001	0.0529	0.001	0.5465	0.026	0.3157	0.6673	0.001	0.0909	0.002	0.001	0.4296	0.0639	0.2168	0.1169	0.7742	0.5395	0.0759	0.997	0.5315	0.001	0.2138	0.4905	0.1479	0.011	0.6174	0.7123	0.002	0.01	0.1439	0.001	0.009	0.0529	0.2667	0.0639	0.3037	0.026	0.02	0.001	0.005	0.6074	0.1029	0.001	0.001	0.1708	0.6174	0.0689	0.8641	0.001	0.5924	0.8841	0.2098	0.3347	0.001	0.3716	0.032	0.002	0.014	0.017	0.002	0.4016	0.6693	0.001	0.001	0.5235	0.002	0.7512	0.001	0.004	0.2627	0.5295	0.031	0.5674	0.045	0.001	0.001	0.1169	0.001	0.001	0.2557	0.9191	0.1199	0.3556	0.004	0.002	0.3307	0.1798	0.001	0.001	0.03	0.001	0.4026	0.994	0.1409	0.9311	0.001	0.6054	0.6454	0.9031	0.1459	0.001	0.035	0.9011	0.4046	0.001	0.7403	0.6993	0.001	0.025	0.1289	0.001	0.013	0.9171	0.2448	0.4795	0.0519	0.0999	0.4036	0.027	0.0959	0.0829	0.3447	0.001	0.0929	0.6344	0.001	0.0589	0.002	0.3187	0.005	0.4985	0.001	0.011	0.021	0.2038	0.3826	0.5784	0.005	0.2667	0.001	0.042	0.7572	0.7323	0.001	0.5844	0.2537	0.03	0.8541	0.4635	0.6304	0.5145	0.2238	0.001	0.7343	0.001	0.1508	0.2997	0.001	0.001	0.8901	0.0849	0.0709	0.002	0.014	0.99	0.1978	0.0719	0.042	0.015	0.035	0.03	0.4755	0.6863	0.0839	0.0759	0.001	0.047	0.4555	0.025	0.1139	0.049	0.001	0.2348	0.021	0.001	0.0529	0.045	0.019	0.5564	0.1698	0.4595	0.6903
Sg_CD23A_32	0.002	0.002	0.008	0.021	0.4086	0.001	0.007	0.001	0.001	0.2507	0.002	0.6553	0.017	0.001	0.001	0.6553	0.001	0.001	0.001	0.015	0.005	0.3137	0.2368	0.004	0.5405	0.1169	0.0519	0.001	0.8901	0.8262	0.2847	0.002	0.4655	0.001	0.001	0.1878	0.001	0.001	0.019	0.028	0.2837	0.2587	0.6583	0.001	0.001	0.01	0.004	0.0529	0.0619	0.001	0.1439	0.002	0.5275	0.004	0.5265	0.002	0.002	0.0539	0.1079	0.001	0.4046	0.0689	0.8472	0.1179	0.004	0.3277	0.002	0.1189	0.001	0.002	0.2018	0.0549	0.003	0.028	0.4565	0.6184	0.1888	0.001	0.7942	0.1878	0.006	0.004	0.001	0.1149	0.014	0.5924	0.001	0.008	0.006	0.0519	0.004	1	0.001	0.0859	0.951	0.5025	0.5674	0.001	0.008	0.03	0.001	0.006	0.028	0.004	0.027	0.001	0.008	0.023	0.004	0.979	0.001	0.4276	0.3297	0.0809	0.001	0.001	0.1269	0.0989	0.1419	0.1359	0.0609	0.002	0.003	0.001	0.001	0.5395	0.004	0.023	0.005	0.004	0.004	0.001	0.2727	0.001	0.9041	0.004	0.001	0.3766	0.001	0.6014	0.012	0.0519	0.0649	0.001	0.1039	0.001	0.2717	0.002	0.003	0.003	0.5265	0.023	0.0589	0.7802	0.018	0.003	0.2298	0.001	0.0589	0.002	0.05	0.001	0.1269	0.017	0.002	0.014	0.2378	0.001	0.001	0.001	0.3007	0.001	0.026	0.002	0.1369	0.8202	0.002	0.0689	0.005	0.1878	0.1508	0.006	0.1688	0.6164	0.9431	0.3217	0.004	0.031	0.028	0.001	0.4565	0.001	0.001	0.2048	0.001	0.004	0.8511	0.001	0.001	0.001	0.001	0.001	0.0819	0.003	0.7153	0.001	0.006	0.001	0.008	0.007	0.2617	0.001	0.029	0.001	0.001	0.001	0.001	0.009	0.4605	0.2188	0.0769	0.5634	0.02	0.002	0.1668	0.2458	0.003	0.988	0.001	0.037	0.001	0.2527	0.1508	0.4266	0.002	0.1758	0.8781	0.001	0.001	0.002	0.1099	0.001	0.001	0.3497	0.1698	0.1369	0.5604	0.019	0.033	0.2028	0.001	0.1958	0.003	0.006	0.001	0.001	0.001	0.044	0.7992	0.4096	0.001	0.1518	0.002	0.001	0.034	0.001	0.2687	0.001	0.012	0.019	0.038	0.004	0.3676	0.8272	0.001	0.1119	0.2318	0.001	0.1918	0.981	0.1039	0.001	0.3656	0.001	0.001	0.5794	0.2897	0.001	0.001	0.001	0.001	0.3686	0.007	0.3766	0.001	0.001	0.001	0.001	0.2498	0.008	0.001	0.005	0.006	0.2847	0.001	0.009	0.8831	0.037	0.1798	0.3047	0.046	0.5924	0.033	0.001	0.3387	0.033	0.001	0.2328	0.4466	0.001	0.002	0.018	0.001	0.001	0.7632	0.3047	0.0569	0.5275	0.046	0.019
Sg_CD24A_1	0.002	0.001	0.2308	0.0619	0.1648	0.001	0.4216	0.003	0.001	0.6334	0.001	0.9341	0.001	0.001	0.008	0.3207	0.001	0.001	0.001	0.044	0.3027	0.044	0.8462	0.0519	0.1009	0.048	0.2707	0.002	0.4815	0.6783	0.6953	0.006	0.8681	0.001	0.001	0.6543	0.001	0.022	0.8102	0.3816	0.5305	0.3776	0.6893	0.001	0.001	0.001	0.001	0.001	0.001	0.001	0.2378	0.1838	0.9271	0.0549	0.3447	0.001	0.016	0.1798	0.001	0.001	0.1598	0.001	0.042	0.0879	0.001	0.3936	0.001	0.005	0.034	0.001	0.003	0.2687	0.005	0.3766	0.0559	0.005	0.002	0.015	0.4446	0.006	0.001	0.001	0.001	0.3926	0.044	0.002	0.03	0.1598	0.0629	0.3636	0.018	0.001	1	0.3936	0.011	0.006	0.7582	0.001	0.015	0.002	0.001	0.008	0.048	0.001	0.1159	0.001	0.008	0.002	0.001	0.5834	0.001	0.4595	0.4146	0.006	0.001	0.007	0.004	0.1129	0.5994	0.1538	0.1169	0.001	0.018	0.001	0.002	0.0909	0.001	0.041	0.048	0.006	0.01	0.043	0.3277	0.001	0.2687	0.981	0.002	0.1279	0.001	0.2358	0.008	0.0859	0.015	0.001	0.016	0.1768	0.1399	0.019	0.1948	0.002	0.3616	0.04	0.1019	0.1089	0.2507	0.0809	0.009	0.001	0.7512	0.0579	0.013	0.001	0.001	0.1109	0.001	0.024	0.5984	0.001	0.001	0.001	0.004	0.001	0.041	0.005	0.1409	0.2288	0.047	0.4316	0.2498	0.012	0.001	0.007	0.6494	0.6653	0.006	0.3397	0.001	0.2837	0.001	0.001	0.1319	0.001	0.001	0.1698	0.001	0.001	0.969	0.005	0.001	0.009	0.001	0.001	0.001	0.021	0.6284	0.001	0.9481	0.001	0.2607	0.026	0.007	0.001	0.001	0.001	0.001	0.001	0.001	0.0519	0.6893	0.5954	0.002	0.4695	0.007	0.001	0.001	0.5375	0.015	0.5185	0.001	0.001	0.007	0.987	0.044	0.2707	0.003	0.0609	0.0839	0.001	0.001	0.001	0.0929	0.0599	0.001	0.1279	0.8521	0.4146	0.008	0.0689	0.3057	0.4565	0.001	0.1558	0.1988	0.001	0.001	0.001	0.001	0.5065	0.0959	0.5315	0.001	0.014	0.001	0.001	0.007	0.001	0.001	0.001	0.035	0.001	0.3856	0.001	0.0689	0.002	0.002	0.7942	0.1169	0.001	0.1419	0.1069	0.034	0.001	0.0629	0.002	0.006	0.013	0.5425	0.001	0.006	0.002	0.001	0.024	0.006	0.0969	0.004	0.001	0.001	0.001	0.1798	0.005	0.003	0.001	0.001	0.003	0.001	0.001	0.4456	0.001	0.3177	0.5245	0.2667	0.8641	0.3227	0.001	0.7692	0.0759	0.001	0.3596	0.2458	0.001	0.001	0.002	0.001	0.001	0.2178	0.4336	0.001	0.8571	0.011	0.0979
Sg_CD24A_10	0.3047	0.001	0.036	0.991	0.1848	0.001	0.001	0.001	0.041	0.047	0.4515	0.1928	0.4416	0.026	0.008	0.018	0.045	0.2537	0.2148	0.4216	0.012	0.8651	0.5165	0.8581	0.006	0.0849	0.1489	0.6683	0.027	0.6753	0.3357	0.4406	0.3087	0.1908	0.043	0.1199	0.042	0.8611	0.2767	0.001	0.006	0.4346	0.3886	0.6334	0.011	0.001	0.2797	0.1868	0.036	0.003	0.001	0.04	0.001	0.5564	0.001	0.1738	0.7522	0.4715	0.4426	0.5854	0.2997	0.6254	0.2787	0.2128	0.6024	0.011	0.3606	0.2687	0.012	0.013	0.009	0.2358	0.003	0.3087	0.8661	0.2817	0.0719	0.8831	0.1938	0.0709	0.001	0.4925	0.009	0.9231	0.4665	0.4975	0.0709	0.1059	0.5994	0.0719	0.5784	0.0859	0.3936	1	0.7562	0.001	0.1668	0.7772	0.001	0.001	0.002	0.001	0.048	0.8541	0.2258	0.1918	0.001	0.2707	0.9461	0.001	0.2667	0.996	0.039	0.7982	0.001	0.962	0.3996	0.1638	0.001	0.001	0.3257	0.4236	0.9081	0.1578	0.1009	0.7612	0.8182	0.2767	0.024	0.1309	0.6933	0.8751	0.002	0.1089	0.5185	0.1029	0.8861	0.001	0.032	0.6274	0.0509	0.022	0.1548	0.3317	0.008	0.4815	0.1299	0.1029	0.5345	0.3846	0.2757	0.001	0.1179	0.3307	0.001	0.001	0.8082	0.1029	0.2428	0.5684	0.1089	0.3546	0.3487	0.003	0.002	0.1668	0.0699	0.1888	0.01	0.035	0.038	0.6513	0.6244	0.001	0.048	0.0919	0.2577	0.3696	0.001	0.001	0.1219	0.6384	0.5734	0.1698	0.039	0.001	0.994	0.3297	0.981	0.5075	0.01	0.8711	0.001	0.1019	0.3506	0.019	0.025	0.7323	0.0529	0.2078	0.008	0.025	0.1149	0.005	0.8172	0.007	0.2378	0.9331	0.8621	0.5365	0.0749	0.4525	0.1049	0.1199	0.4156	0.01	0.1329	0.001	0.2957	0.0819	0.5005	0.7003	0.3327	0.4146	0.01	0.2278	0.1179	0.1688	0.046	0.001	0.024	0.8641	0.988	0.009	0.002	0.007	0.1109	0.1588	0.8771	0.009	0.001	0.001	0.042	0.1489	0.006	0.1548	0.7552	0.001	0.0569	0.018	0.5504	0.5894	0.7293	0.1069	0.008	0.5984	0.3207	0.011	0.7882	0.006	0.2188	0.8092	0.5325	0.0969	0.2188	0.1449	0.004	0.7752	0.001	0.4276	0.7263	0.0929	0.1369	0.044	0.4316	0.4016	0.1479	0.0519	0.8432	0.001	0.007	0.2697	0.1958	0.5415	0.009	0.1169	0.01	0.5504	0.001	0.006	0.004	0.1648	0.021	0.0689	0.5445	0.5524	0.1648	0.5035	0.2787	0.6973	0.5824	0.952	0.2807	0.5524	0.4086	0.1309	0.027	0.1718	0.014	0.001	0.4965	0.2667	0.001	0.027	0.001	0.1209	0.001	0.001	0.3826	0.038	0.8871	0.7063	0.0829	0.001	0.1588	0.1878	0.001	0.0749	0.1538	0.019
Sg_CD25A_53	0.002	0.2587	0.2797	0.001	0.012	0.9361	0.0609	0.4066	0.009	0.8472	0.0519	0.001	0.6713	0.5295	0.6174	0.3576	0.006	0.008	0.7632	0.7782	0.2328	0.1029	0.1169	0.2667	0.008	0.036	0.2238	0.8761	0.001	0.001	0.3057	0.9241	0.02	0.003	0.3187	0.001	0.019	0.001	0.981	0.8232	0.044	0.2468	0.028	0.2757	0.012	0.001	0.5495	0.001	0.046	0.0549	0.6903	0.0919	0.6753	0.3556	0.7802	0.3666	0.001	0.036	0.011	0.01	0.972	0.002	0.8312	0.011	0.5934	0.7652	0.3077	0.006	0.023	0.0749	0.6653	0.9271	0.8841	0.2827	0.6953	0.4605	0.001	0.0719	0.0789	0.002	0.0679	0.004	0.006	0.0949	0.045	0.3097	0.2597	0.1039	0.8072	0.7982	0.1089	0.951	0.011	0.7562	1	0.01	0.9201	0.1499	0.5085	0.5604	0.3526	0.025	0.008	0.003	0.001	0.3327	0.0959	0.1149	0.001	0.3207	0.7652	0.043	0.0949	0.008	0.3397	0.001	0.045	0.0639	0.5105	0.1918	0.002	0.025	0.2048	0.4545	0.0899	0.2128	0.034	0.001	0.2408	0.014	0.2418	0.003	0.958	0.008	0.2148	0.8312	0.5465	0.011	0.001	0.1089	0.1189	0.1409	0.002	0.4326	0.1229	0.4286	0.1568	0.6923	0.2208	0.6114	0.4925	0.5105	0.0569	0.3876	0.3816	0.1349	0.011	0.3786	0.3936	0.005	0.0619	0.3347	0.001	0.6174	0.4695	0.6284	0.1728	0.0579	0.034	0.03	0.6783	0.8711	0.5524	0.7103	0.2577	0.0769	0.046	0.8551	0.9091	0.001	0.019	0.3227	0.0839	0.9061	0.7103	0.7582	0.1119	0.0549	0.1678	0.3487	0.5445	0.956	0.1499	0.2418	0.0649	0.1149	0.2817	0.001	0.7612	0.004	0.8971	0.017	0.034	0.03	0.6833	0.2138	0.8062	0.2478	0.2088	0.013	0.7403	0.0509	0.005	0.019	0.5804	0.013	0.002	0.5105	0.0989	0.003	0.8072	0.0629	0.028	0.049	0.8721	0.1369	0.017	0.3447	0.0559	0.047	1	0.001	0.3616	0.026	0.1988	0.8751	0.0629	0.2987	0.3876	0.034	0.7273	0.8482	0.041	0.1109	0.4985	0.003	0.2218	0.4206	0.023	0.0659	0.4835	0.5415	0.001	0.002	0.0959	0.1648	0.008	0.022	0.001	0.0819	0.009	0.018	0.2647	0.001	0.2717	0.002	0.5534	0.03	0.006	0.002	0.0669	0.042	0.1948	0.3636	0.6513	0.8841	0.4326	0.002	0.003	0.006	0.6094	0.1189	0.022	0.046	0.2927	0.7542	0.007	0.4985	0.1399	0.1728	0.015	0.001	0.2058	0.005	0.002	0.002	0.001	0.4226	0.3736	0.004	0.0639	0.02	0.7902	0.001	0.993	0.002	0.001	0.001	0.04	0.0819	0.001	0.4256	0.2428	0.5984	0.6044	0.043	0.011	0.1588	0.5095	0.1269	0.1069	0.2338	0.012	0.001	0.5045	0.7163	0.014	0.0709	0.955	0.7133
Sg_CD26A_19	0.4815	0.001	0.8621	0.5465	0.1868	0.001	0.1898	0.001	0.2148	0.3896	0.03	0.2468	0.993	0.026	0.0859	0.004	0.014	0.02	0.8312	0.1518	0.0779	0.0879	0.3626	0.7043	0.0909	0.8911	0.1329	0.7373	0.003	0.1239	0.1479	0.2278	0.7163	0.014	0.0899	0.014	0.008	0.3017	0.9321	0.012	0.031	0.1808	0.8472	0.3437	0.001	0.001	0.007	0.1409	0.001	0.001	0.001	0.5255	0.001	0.3996	0.001	0.1009	0.022	0.4346	0.955	0.002	0.0839	0.2807	0.1848	0.5664	0.6743	0.1069	0.1119	0.2238	0.02	0.4306	0.004	0.1588	0.026	0.5694	0.038	0.019	0.0829	0.2967	0.046	0.6703	0.001	0.0889	0.005	0.3157	0.6803	0.003	0.0889	0.01	0.4396	0.0779	0.7932	0.5025	0.006	0.001	0.01	1	0.8102	0.039	0.001	0.001	0.012	0.001	0.043	0.1558	0.982	0.8432	0.001	0.5774	0.041	0.001	0.01	0.8192	0.014	0.0789	0.001	0.2378	0.04	0.4775	0.1339	0.001	0.1948	0.02	0.5225	0.7233	0.5255	0.2727	0.0639	0.3646	0.3656	0.7582	0.6344	0.6464	0.005	0.007	0.022	0.041	0.1109	0.001	0.048	0.9171	0.5365	0.001	0.03	0.4855	0.009	0.1369	0.007	0.0549	0.2817	0.5844	0.027	0.001	0.004	0.8701	0.001	0.001	0.95	0.6803	0.047	0.6014	0.1369	0.4515	0.2238	0.047	0.001	0.2747	0.3207	0.0729	0.005	0.02	0.008	0.2617	0.4835	0.001	0.002	0.004	0.7083	0.1489	0.001	0.001	0.008	0.1758	0.1149	0.4156	0.02	0.004	0.0759	0.5734	0.0529	0.6204	0.0509	0.4026	0.001	0.001	0.0539	0.001	0.002	0.2398	0.5694	0.036	0.004	0.007	0.017	0.3437	0.6054	0.4036	0.3806	0.977	0.7033	0.8312	0.3217	0.9151	0.6494	0.042	0.5944	0.017	0.041	0.003	0.2048	0.0599	0.998	0.3397	0.3906	0.1409	0.005	0.5285	0.6464	0.019	0.003	0.001	0.028	0.2138	0.0989	0.3656	0.002	0.0769	0.007	0.1319	0.4775	0.001	0.001	0.001	0.011	0.001	0.02	0.014	0.0649	0.001	0.8731	0.0779	0.3457	0.0589	0.8751	0.0719	0.005	0.013	0.042	0.001	0.0629	0.007	0.0929	0.3247	0.1838	0.005	0.022	0.004	0.001	0.0899	0.001	0.1948	0.7343	0.002	0.008	0.001	0.3676	0.1968	0.016	0.009	0.4186	0.001	0.1239	0.033	0.3057	0.0639	0.043	0.1379	0.3357	0.8162	0.005	0.001	0.009	0.036	0.043	0.05	0.1908	0.0829	0.01	0.3287	0.009	0.2647	0.4076	0.0969	0.9151	0.007	0.2757	0.0839	0.001	0.001	0.05	0.001	0.5185	0.2777	0.003	0.0789	0.001	0.7043	0.001	0.008	0.6034	0.1219	0.4496	0.5245	0.007	0.001	0.025	0.021	0.001	0.5684	0.1648	0.001
Sg_CD27A_46	0.01	0.9211	0.007	0.4236	0.8022	0.6424	0.0609	0.958	0.2527	0.7143	0.1798	0.3317	0.1558	0.0559	1	0.8901	0.1588	0.4336	0.8302	0.3177	0.961	0.047	0.048	0.2997	0.8571	0.006	0.8292	0.1109	0.6693	0.1688	0.3117	0.1289	0.7952	0.1259	0.5185	0.4076	0.2687	0.2707	0.1079	0.3057	0.6034	0.8152	0.2308	0.1508	0.0709	0.7313	0.2987	0.003	0.023	0.035	0.2827	0.2188	0.4196	0.027	0.009	0.4376	0.3546	0.3736	0.3606	0.8262	0.971	0.1349	0.0659	0.962	0.5135	0.7802	0.2278	0.0559	0.6703	0.3546	0.7692	0.2827	0.7343	0.019	0.9071	0.8861	0.047	0.013	0.5285	0.024	0.7892	0.001	0.2647	0.8551	0.1768	0.1778	0.4466	0.2198	0.0789	0.2118	0.4056	0.5674	0.7582	0.1668	0.9201	0.8102	1	0.01	0.1668	0.3706	0.6603	0.8591	0.1508	0.2388	0.9011	0.5934	0.6983	0.4026	0.003	0.3077	0.989	0.4236	0.1748	0.002	0.016	0.1658	0.032	0.014	0.4096	0.1898	0.1019	0.4156	0.0629	0.8711	0.1179	0.2228	0.023	0.0719	0.027	0.035	0.1429	0.1079	0.5774	0.0519	0.031	0.2767	0.8531	0.1109	0.2338	0.8382	0.006	0.2587	0.1449	0.3067	0.032	0.005	0.6853	0.4286	0.0629	0.6154	0.9161	0.7443	0.4585	0.006	0.8641	0.1049	0.3307	0.5035	0.3487	0.6124	0.5175	0.8332	0.4815	0.8841	0.6314	0.3017	0.1229	0.8392	0.1129	0.6424	0.9231	0.8741	0.5415	0.5175	0.8212	0.2218	0.0629	0.3377	0.6064	0.6154	0.1938	0.3077	0.3487	0.3636	0.4116	0.05	0.013	0.6813	0.2038	0.7113	0.3267	0.0669	0.3666	0.6603	0.1548	0.6703	0.5654	0.6064	0.6344	0.3926	0.3886	0.3976	0.7243	0.5634	0.968	0.0899	0.2847	0.1808	0.2787	0.2647	0.2088	0.5574	0.2248	0.3477	0.7682	0.2727	0.0759	0.4106	0.1518	0.2318	0.5504	0.8122	0.3267	0.1449	0.8142	0.018	0.013	0.5724	0.6523	0.7233	0.7123	0.5485	0.2328	0.1079	0.5285	0.2268	0.5804	0.7922	0.039	0.8002	0.3556	0.2458	0.3806	0.2947	0.7183	0.3367	0.1349	0.5135	0.0589	0.2517	0.0699	0.3317	0.3736	0.7882	0.7493	0.992	0.3277	0.044	0.5954	0.8402	0.4765	0.1708	0.6284	0.1079	0.7333	0.1029	0.6913	0.2438	0.9101	0.003	0.1608	0.1798	0.3167	0.7512	0.5864	0.6783	0.3986	0.3946	0.4865	0.3546	0.1748	0.004	0.5914	0.1399	0.2697	0.7782	0.4406	0.3556	0.3736	0.2448	0.3227	0.8442	0.1269	0.021	0.3616	0.1918	0.3187	0.1309	0.5005	0.3586	0.98	0.014	0.2627	0.9061	0.1858	0.1009	0.2767	0.3157	0.7013	0.3506	0.6054	0.998	0.1618	0.3127	0.0749	0.7902	0.7383	0.3297	0.5844	0.1548	0.4725	0.6573	0.0939	0.0749	0.981	0.8072	0.8941	0.4456	0.1758	0.2418
Sg_CD28A_40	0.001	0.001	0.3776	0.2068	0.001	0.3846	0.001	0.3077	0.001	0.0529	0.001	0.1329	0.1489	0.001	0.2987	0.4316	0.002	0.001	0.016	0.5045	0.2527	0.001	0.2208	0.001	0.1818	0.001	0.1898	0.001	0.4306	0.1608	0.1848	0.001	0.05	0.001	0.001	0.0579	0.001	0.002	0.017	0.1089	0.1938	0.4426	0.0589	0.0789	0.001	0.009	0.001	0.001	0.001	0.001	0.5425	0.009	0.2967	0.001	0.001	0.001	0.001	0.6543	0.2797	0.001	0.3946	0.001	0.001	0.001	0.0639	0.014	0.001	0.001	0.001	0.001	0.1878	0.958	0.022	0.001	0.8422	0.1009	0.959	0.001	0.7542	0.001	0.001	0.001	0.001	0.0969	0.0749	0.003	0.042	0.0959	0.001	0.006	0.001	0.001	0.001	0.7772	0.1499	0.039	0.01	1	0.5654	0.6983	0.034	0.04	0.0759	0.001	0.018	0.016	0.0689	0.001	0.001	0.0639	0.009	0.8082	0.4386	0.001	0.001	0.002	0.001	0.001	0.9041	0.3846	0.001	0.001	0.001	0.007	0.001	0.8142	0.001	0.001	0.001	0.001	0.005	0.001	0.8122	0.001	0.009	0.016	0.035	0.04	0.001	0.002	0.001	0.4715	0.045	0.026	0.8651	0.001	0.5365	0.006	0.001	0.047	0.6304	0.964	0.4655	0.05	0.1099	0.003	0.2018	0.041	0.3227	0.001	0.005	0.006	0.0649	0.2607	0.028	0.001	0.001	0.001	0.001	0.001	0.0899	0.03	0.001	0.5864	0.5864	0.3087	0.001	0.7902	0.2058	0.7682	0.001	0.001	0.2228	0.03	0.1439	0.2488	0.001	0.5974	0.001	0.025	0.0749	0.001	0.002	0.8901	0.001	0.001	0.4296	0.001	0.005	0.002	0.001	0.001	0.05	0.026	0.1708	0.001	0.032	0.001	0.006	0.001	0.023	0.001	0.001	0.001	0.005	0.001	0.001	0.0889	0.5794	0.8222	0.1189	0.002	0.001	0.001	0.2647	0.001	0.001	0.8631	0.001	0.004	0.2537	0.1898	0.0979	0.001	0.001	0.0579	0.8931	0.019	0.001	0.002	0.6933	0.4076	0.001	0.001	0.967	0.002	0.015	0.987	0.001	0.001	0.002	0.001	0.026	0.001	0.048	0.0609	0.001	0.2168	0.017	0.6743	0.001	0.001	0.014	0.001	0.7103	0.001	0.2627	0.001	0.028	0.001	0.007	0.001	0.9081	0.2018	0.045	0.9321	0.0979	0.001	0.7772	0.2288	0.3247	0.001	0.046	0.006	0.009	0.3127	0.4186	0.007	0.2597	0.023	0.001	0.012	0.001	0.2847	0.001	0.001	0.001	0.0589	0.2617	0.001	0.1449	0.001	0.2038	0.001	0.0569	0.001	0.1668	0.001	0.4875	0.0879	0.01	0.1339	0.1089	0.001	0.2308	0.1349	0.001	0.009	0.001	0.001	0.001	0.001	0.001	0.1688	0.7403	0.5754	0.1349	0.002	0.023	0.001
Sg_CD30A_34	0.1988	0.005	0.4855	0.8422	0.955	0.001	0.4376	0.001	0.3536	0.3097	0.3906	0.7792	0.0549	0.012	0.006	0.003	0.0509	0.1199	0.0619	0.5275	0.021	0.3716	0.2867	0.8432	0.02	0.0769	0.7542	0.3626	0.2927	0.8961	0.014	0.6214	0.0579	0.2048	0.0639	0.2148	0.0799	0.1179	0.7463	0.001	0.024	0.6913	0.2008	0.4875	0.002	0.001	0.0709	0.2587	0.001	0.001	0.001	0.8851	0.001	0.5005	0.001	0.6064	0.3606	0.0679	0.1399	0.009	0.022	0.1928	0.0889	0.1528	0.3546	0.007	0.2008	0.4426	0.4665	0.2647	0.003	0.8082	0.01	0.2378	0.037	0.013	0.2038	0.8691	0.017	0.0889	0.001	0.8322	0.043	0.5614	0.8472	0.023	0.0669	0.047	0.8511	0.024	0.3307	0.008	0.015	0.001	0.5085	0.001	0.1668	0.5654	1	0.005	0.003	0.001	0.003	0.7273	0.3906	0.1089	0.001	0.6663	0.7013	0.001	0.005	0.041	0.001	0.4386	0.001	0.3097	0.6613	0.1439	0.006	0.001	0.1259	0.0829	0.5475	0.026	0.045	0.8891	0.979	0.1439	0.009	0.2847	0.3996	0.7313	0.001	0.2278	0.5534	0.004	0.8831	0.001	0.1958	0.0999	0.008	0.001	0.3367	0.8292	0.028	0.998	0.027	0.007	0.6104	0.7343	0.017	0.001	0.005	0.5305	0.001	0.001	0.9351	0.045	0.009	0.2907	0.4206	0.018	0.4126	0.001	0.001	0.04	0.0529	0.4925	0.034	0.3437	0.003	0.8611	0.6024	0.001	0.005	0.01	0.0859	0.6304	0.001	0.001	0.5744	0.4036	0.5255	0.022	0.007	0.036	0.7632	0.9271	0.3816	0.042	0.0639	0.4975	0.001	0.007	0.5764	0.018	0.001	0.7123	0.2238	0.015	0.001	0.023	0.0629	0.3976	0.6024	0.3926	0.4116	0.6663	0.7532	0.1119	0.002	0.6943	0.1528	0.1828	0.8571	0.041	0.2647	0.001	0.6613	0.2098	0.3916	0.6853	0.2128	0.7762	0.001	0.036	0.4396	0.018	0.0959	0.001	0.012	0.4206	0.2178	0.045	0.01	0.028	0.006	0.013	0.6384	0.003	0.001	0.001	0.009	0.012	0.001	0.5275	0.2488	0.001	0.2398	0.009	0.1059	0.2008	0.8571	0.4386	0.005	0.1449	0.023	0.05	0.8691	0.005	0.4615	0.6424	0.1369	0.047	0.1439	0.034	0.002	0.5534	0.001	0.3636	0.5544	0.1738	0.003	0.001	0.7493	0.1508	0.014	0.1009	0.5055	0.001	0.014	0.4436	0.1608	0.0829	0.048	0.0949	0.8501	0.036	0.001	0.009	0.004	0.4735	0.1209	0.2158	0.1279	0.3497	0.2687	0.1359	0.007	0.967	0.8072	0.2927	0.007	0.3287	0.996	0.9041	0.001	0.013	0.046	0.001	0.5125	0.043	0.0519	0.0559	0.001	0.2298	0.001	0.001	0.1379	0.2158	0.4855	0.4386	0.037	0.001	0.011	0.016	0.001	0.2218	0.0969	0.1748
Sg_CE19A_15	0.8751	0.016	0.036	0.5924	0.8561	0.002	0.02	0.001	0.006	0.2557	0.004	0.3357	0.1109	0.001	0.011	0.5135	0.038	0.008	0.4386	0.1578	0.041	0.9431	0.8581	0.6034	0.0819	0.0649	0.3656	0.0569	0.03	0.1129	0.6603	0.1568	0.7892	0.048	0.013	0.1209	0.019	0.6853	0.8172	0.001	0.012	0.9191	0.3327	0.5135	0.001	0.1459	0.02	0.4296	0.005	0.1748	0.016	0.1449	0.3247	0.8422	0.001	0.024	0.4046	0.1748	0.5025	0.1489	0.0709	0.8921	0.3886	0.2657	0.99	0.4016	0.029	0.4865	0.0649	0.0599	0.012	0.4745	0.001	0.4496	0.0909	0.008	0.001	0.4406	0.0749	0.3347	0.001	0.6154	0.011	0.6024	0.1109	0.018	0.6034	0.965	0.9231	0.0839	0.8002	0.03	0.002	0.001	0.5604	0.001	0.3706	0.6983	0.005	1	0.002	0.001	0.014	0.7283	0.8312	0.8821	0.001	0.2797	0.4735	0.002	0.004	0.1568	0.4695	0.985	0.001	0.5844	0.6713	0.8871	0.001	0.021	0.5195	0.017	0.7463	0.1888	0.7662	0.2448	0.0539	0.3906	0.4156	0.6523	0.6783	0.7383	0.0669	0.0509	0.3017	0.1499	0.8132	0.005	0.024	0.8072	0.7173	0.6214	0.009	0.2288	0.045	0.7762	0.3347	0.6963	0.5924	0.9281	0.0699	0.001	0.6943	0.0609	0.002	0.001	0.3856	0.7662	0.3616	0.9341	0.047	0.047	0.8511	0.1508	0.005	0.5664	0.2947	0.0539	0.006	0.013	0.016	0.5245	0.0749	0.001	0.0719	0.2697	0.3097	0.5774	0.042	0.02	0.033	0.4945	0.0659	0.2847	0.042	0.012	0.4565	0.0999	0.0709	0.0739	0.013	0.1538	0.001	0.2607	0.048	0.017	0.2488	0.7063	0.1838	0.2957	0.3257	0.003	0.013	0.1329	0.9461	0.2737	0.3556	0.2028	0.5465	0.7972	0.5415	0.8571	0.8851	0.003	0.4066	0.021	0.026	0.004	0.8212	0.1578	0.0599	0.4685	0.6523	0.035	0.007	0.7473	0.998	0.4605	0.006	0.001	0.001	0.3916	0.6354	0.0709	0.001	0.003	0.0759	0.034	0.3027	0.001	0.001	0.003	0.018	0.5624	0.5485	0.2268	0.5974	0.001	0.3147	0.2108	0.017	0.5714	0.7443	0.001	0.4416	0.007	0.004	0.0939	0.954	0.1339	0.016	0.7872	0.1189	0.2118	0.1508	0.037	0.002	0.0909	0.001	0.7373	0.968	0.02	0.1479	0.01	0.6204	0.4356	0.2268	0.026	0.6563	0.002	0.4685	0.2498	0.6364	0.2208	0.0599	0.1149	0.1958	0.1219	0.001	0.6803	0.03	0.0809	0.0789	0.001	0.1998	0.0849	0.035	0.1339	0.2378	0.021	0.9301	0.0979	0.1309	0.0589	0.1459	0.001	0.0689	0.021	0.3736	0.003	0.8811	0.6693	0.0529	0.041	0.002	0.4426	0.001	0.001	0.0899	0.01	0.005	0.036	0.034	0.001	0.1209	0.1998	0.001	0.4366	0.1788	0.015
Sg_CE19A_24	0.006	0.015	0.014	0.996	0.5614	0.001	0.037	0.001	0.002	0.8212	0.02	0.6993	0.2268	0.001	0.001	0.7193	0.1848	0.001	0.008	0.6084	0.003	0.2478	0.1618	0.005	0.041	0.03	0.2428	0.002	0.7542	0.8531	0.3107	0.018	0.5764	0.004	0.001	0.4975	0.002	0.02	0.0729	0.004	0.034	0.2488	0.8092	0.002	0.003	0.001	0.0559	0.4336	0.011	0.001	0.0759	0.006	0.007	0.1918	0.013	0.0589	0.5065	0.036	0.4725	0.002	0.3706	0.2957	0.9251	0.6304	0.2577	0.047	0.0669	0.2478	0.021	0.002	0.2348	0.979	0.001	0.5255	0.5145	0.6643	0.7522	0.0949	0.2917	0.95	0.002	0.5035	0.001	0.5934	0.7612	0.004	0.004	0.8392	0.1958	0.7622	0.007	0.001	0.001	0.002	0.3526	0.012	0.6603	0.034	0.003	0.002	1	0.004	0.004	0.003	0.2707	0.0999	0.001	0.0789	0.0569	0.03	0.009	0.2997	0.001	0.6613	0.001	0.012	0.4276	0.4196	0.1319	0.008	0.2268	0.0619	0.04	0.024	0.03	0.7522	0.2697	0.2498	0.038	0.3566	0.1858	0.2448	0.4765	0.003	0.9131	0.5085	0.015	0.011	0.004	0.6613	0.3626	0.2697	0.037	0.0659	0.1738	0.0679	0.4865	0.001	0.042	0.1898	0.4186	0.001	0.6783	0.049	0.1768	0.001	0.5405	0.042	0.2547	0.2737	0.2947	0.022	0.983	0.004	0.011	0.021	0.8531	0.2388	0.001	0.001	0.5445	0.031	0.8442	0.001	0.6793	0.6454	0.4166	0.3467	0.0759	0.009	0.0959	0.013	0.1339	0.8771	0.983	0.035	0.0619	0.0629	0.1289	0.046	0.7103	0.002	0.023	0.7772	0.014	0.004	0.5714	0.3546	0.031	0.006	0.001	0.002	0.2877	0.004	0.5704	0.002	0.3037	0.4356	0.021	0.3487	0.9271	0.0519	0.0619	0.005	0.0869	0.001	0.022	0.001	0.2617	0.3377	0.2867	0.953	0.9141	0.0579	0.2318	0.3526	0.1598	0.2168	0.005	0.002	0.033	0.6783	0.5504	0.7552	0.3187	0.2837	0.0559	0.014	0.021	0.023	0.009	0.001	0.001	0.4216	0.4635	0.1459	0.1029	0.001	0.8521	0.3946	0.019	0.8352	0.1658	0.1628	0.001	0.043	0.003	0.5075	0.5405	0.6474	0.008	0.6783	0.001	0.002	0.2827	0.013	0.2198	0.1339	0.005	0.1648	0.1459	0.0539	0.6653	0.3117	0.1648	0.969	0.4216	0.001	0.5964	0.016	0.016	0.027	0.2567	0.005	0.001	0.049	0.8571	0.037	0.001	0.1638	0.001	0.8392	0.027	0.7123	0.01	0.007	0.001	0.02	0.5644	0.3227	0.027	0.048	0.1908	0.8202	0.001	0.4845	0.975	0.02	0.4765	0.003	0.0559	0.1289	0.2108	0.001	0.1169	0.1958	0.001	0.036	0.6963	0.001	0.1079	0.3147	0.001	0.001	0.4625	0.9371	0.002	0.5904	0.002	0.3137
Sg_CE19A_29	0.3876	0.029	0.2278	0.1848	0.6893	0.001	0.031	0.001	0.027	0.6903	0.006	0.0909	0.4186	0.003	0.01	0.2637	0.1139	0.015	0.6464	0.2517	0.024	0.3706	0.1578	0.8302	0.2687	0.8162	0.2937	0.1938	0.041	0.3167	0.1279	0.005	0.8921	0.01	0.007	0.6214	0.019	0.5894	0.3167	0.004	0.006	0.6044	0.8362	0.7453	0.002	0.001	0.1049	0.5604	0.002	0.001	0.001	0.1029	0.01	0.2627	0.002	0.014	0.031	0.1069	0.3576	0.0899	0.975	0.8192	0.042	0.6813	0.8501	0.7163	0.014	0.6034	0.0869	0.004	0.1489	0.1219	0.003	0.7313	0.0799	0.2148	0.043	0.1608	0.027	0.6563	0.001	0.4895	0.013	0.032	0.973	0.003	0.5564	0.5295	0.5155	0.7493	0.2308	0.006	0.008	0.001	0.025	0.001	0.8591	0.04	0.001	0.001	0.004	1	0.0819	0.1109	0.8741	0.7213	0.001	0.2787	0.0519	0.017	0.0659	0.5574	0.002	0.4965	0.001	0.4645	0.3816	0.972	0.4156	0.001	0.2378	0.026	0.3297	0.5135	0.8871	0.976	0.0969	0.6713	0.5794	0.6633	0.6004	0.2687	0.0859	0.005	0.8402	0.4805	0.973	0.001	0.041	0.9031	0.8521	0.6643	0.1059	0.9331	0.1289	0.2717	0.1708	0.0769	0.0999	0.6424	0.8951	0.003	0.4406	0.3626	0.001	0.001	0.5215	0.9331	0.3626	0.9201	0.0889	0.1818	0.6224	0.005	0.004	0.3077	0.8172	0.0579	0.003	0.028	0.1908	0.5784	0.047	0.001	0.1069	0.2767	0.3696	0.7233	0.001	0.009	0.0549	0.7712	0.2697	0.8611	0.1678	0.001	0.7892	0.2378	0.0609	0.1608	0.0809	0.6304	0.001	0.4805	0.024	0.004	0.5145	0.1738	0.5385	0.5624	0.019	0.001	0.1449	0.1828	0.028	0.2108	0.7912	0.1429	0.1419	0.7473	0.9411	0.6454	0.8641	0.002	0.8302	0.008	0.003	0.001	0.954	0.1229	0.8052	0.3477	0.8601	0.012	0.1359	0.6623	0.6833	0.5724	0.0619	0.001	0.0549	0.3297	0.4046	0.6334	0.006	0.3237	0.007	0.0919	0.041	0.006	0.001	0.001	0.005	0.004	0.8062	0.01	0.7173	0.001	0.5455	0.7323	0.2148	0.6823	0.5045	0.01	0.1029	0.1429	0.032	0.014	0.015	0.4166	0.025	0.6873	0.4775	0.013	0.9301	0.017	0.013	0.012	0.001	0.1738	0.6394	0.028	0.2847	0.014	0.7922	0.5295	0.7293	0.029	0.2408	0.002	0.002	0.012	0.8262	0.1099	0.007	0.1059	0.05	0.3856	0.02	0.3017	0.009	0.02	0.035	0.021	0.6094	0.016	0.004	0.017	0.7892	0.2547	0.0709	0.038	0.3337	0.04	0.6194	0.001	0.007	0.004	0.7193	0.002	0.963	0.1568	0.4995	0.002	0.001	0.5225	0.001	0.043	0.9191	0.01	0.2008	0.3616	0.016	0.001	0.6304	0.973	0.001	0.8312	0.1518	0.3546
Sg_CE19A_36	0.3057	0.997	0.2358	0.001	0.001	0.001	0.3756	0.002	0.5834	0.2448	0.9341	0.003	0.9111	0.006	0.0749	0.4855	0.2977	0.9091	0.8751	0.006	0.031	0.4945	0.003	0.6873	0.001	0.8671	0.2957	0.001	0.04	0.024	0.001	0.7333	0.004	0.6084	0.023	0.0659	0.4695	0.001	0.4785	0.001	0.7083	0.4955	0.001	0.4336	0.4386	0.996	0.001	0.5854	0.001	0.003	0.005	0.6863	0.1648	0.1928	0.011	0.6553	0.002	0.001	0.2677	0.1019	0.4446	0.033	0.2907	0.038	0.5734	0.001	0.3307	0.7263	0.2438	0.9001	0.002	0.1648	0.026	0.8851	0.039	0.002	0.2907	0.3437	0.006	0.1968	0.002	0.6234	0.7702	0.1049	0.4116	0.001	0.997	0.6344	0.8082	0.0859	0.2627	0.028	0.048	0.048	0.008	0.043	0.1508	0.0759	0.003	0.014	0.004	0.0819	1	0.6214	0.007	0.2797	0.011	0.001	0.3786	0.7892	0.001	0.001	0.2687	0.1079	0.001	0.001	0.5165	0.05	0.1459	0.007	0.016	0.9401	0.1209	0.3646	0.5604	0.001	0.3017	0.008	0.953	0.1219	0.1039	0.012	0.034	0.7443	0.9341	0.001	0.4086	0.0749	0.3946	0.001	0.05	0.2607	0.02	0.015	0.3966	0.5395	0.7243	0.4386	0.3247	0.0819	0.6933	0.004	0.8472	0.5974	0.7582	0.4446	0.4555	0.994	0.958	0.029	0.7592	0.018	0.021	0.002	0.2028	0.7832	0.0849	0.4226	0.0909	0.4715	0.001	0.6294	0.7632	0.006	0.012	0.7592	0.004	0.3437	0.8731	0.1319	0.3796	0.3826	0.0809	0.05	0.002	0.3027	0.7932	0.6623	0.4166	0.1009	0.0569	0.002	0.6084	0.5834	0.8352	0.5694	0.6983	0.001	0.8681	0.004	0.0959	0.3786	0.2527	0.7722	0.5155	0.8012	0.5694	0.3666	0.1868	0.0849	0.8561	0.1029	0.6973	0.2388	0.1399	0.9111	0.9361	0.1848	0.001	0.2008	0.2717	0.0769	0.01	0.2987	0.002	0.002	0.2278	0.2917	0.7113	0.017	0.043	0.013	0.0529	0.1628	0.1439	0.0619	0.002	0.1399	0.3157	0.038	0.002	0.016	0.7742	0.0619	0.988	0.016	0.1109	0.004	0.002	0.004	0.037	0.952	0.01	0.007	0.05	0.987	0.1429	0.4535	0.013	0.7532	0.0789	0.008	0.003	0.993	0.8731	0.4156	0.001	0.7942	0.029	0.1239	0.0849	0.5664	0.1898	0.002	0.0509	0.5824	0.7143	0.5764	0.0739	0.5395	0.001	0.2787	0.047	0.003	0.0559	0.7652	0.954	0.4406	0.001	0.6693	0.8561	0.002	0.7073	0.013	0.002	0.8511	0.3916	0.045	0.8252	0.023	0.3067	0.2737	0.002	0.002	0.014	0.4326	0.3177	0.3896	0.2128	0.016	0.001	0.018	0.4725	0.001	0.012	0.6314	0.967	0.2627	0.2597	0.8751	0.6923	0.0879	0.8561	0.1588	0.8701	0.008	0.001	0.005	0.009	0.4635
Sg_CG50A_22	0.001	0.001	0.1778	0.1678	0.001	0.3696	0.003	0.8781	0.001	0.011	0.001	0.97	0.8651	0.001	0.2318	0.5914	0.012	0.001	0.1718	0.7552	0.2178	0.001	0.0829	0.001	0.018	0.001	0.004	0.001	0.2757	0.7882	0.041	0.001	0.005	0.001	0.005	0.4525	0.001	0.028	0.006	0.4236	0.979	0.1219	0.005	0.3147	0.002	0.015	0.002	0.001	0.004	0.001	0.4296	0.016	0.4026	0.001	0.01	0.001	0.001	0.6743	0.2468	0.001	0.8701	0.001	0.3886	0.001	0.9201	0.047	0.001	0.001	0.002	0.002	0.983	0.6883	0.0629	0.002	0.8482	0.5075	0.5305	0.001	0.4366	0.001	0.005	0.001	0.001	0.9241	0.9151	0.021	0.001	0.1329	0.001	0.012	0.001	0.004	0.001	0.8541	0.003	0.1558	0.2388	0.001	0.7273	0.7283	0.003	0.1109	0.6214	1	0.7213	0.0649	0.039	0.004	0.001	0.0609	0.1339	0.9301	0.9231	0.001	0.003	0.001	0.001	0.001	0.6913	0.7702	0.001	0.001	0.001	0.0879	0.001	0.0599	0.001	0.001	0.001	0.001	0.8861	0.001	0.6254	0.001	0.001	0.008	0.1738	0.1329	0.001	0.001	0.001	0.5894	0.002	0.1548	0.6284	0.001	0.9301	0.001	0.001	0.3896	0.9391	0.6983	0.7463	0.4176	0.0839	0.001	0.5744	0.1419	0.003	0.008	0.1868	0.0739	0.014	0.9001	0.003	0.003	0.001	0.001	0.001	0.001	0.8012	0.3047	0.001	0.8102	0.2358	0.1069	0.001	0.3367	0.5175	0.4715	0.001	0.001	0.1878	0.1718	0.4605	0.3227	0.001	0.6833	0.001	0.1628	0.976	0.001	0.01	0.3387	0.001	0.001	0.3007	0.001	0.1249	0.015	0.001	0.001	0.3506	0.028	0.2378	0.001	0.002	0.2328	0.017	0.001	0.0899	0.002	0.001	0.001	0.1079	0.001	0.001	0.1159	0.2717	0.1918	0.4226	0.001	0.001	0.03	0.7133	0.001	0.001	0.5604	0.001	0.014	0.1419	0.5325	0.3327	0.001	0.019	0.4705	0.6384	0.047	0.001	0.012	0.7413	0.1888	0.001	0.2068	0.4535	0.001	0.2178	0.7972	0.001	0.001	0.0859	0.001	0.1508	0.001	0.3536	0.04	0.001	0.0759	0.001	0.8641	0.001	0.001	0.039	0.001	0.6603	0.001	0.7582	0.001	0.047	0.001	0.004	0.005	0.8831	0.9391	0.4605	0.2238	0.5944	0.001	0.6803	0.5724	0.8482	0.001	0.0719	0.005	0.0529	0.6953	0.3167	0.2577	0.2737	0.035	0.001	0.0639	0.002	0.2438	0.003	0.001	0.001	0.3556	0.8122	0.001	0.003	0.001	0.7652	0.001	0.1039	0.002	0.2567	0.001	0.5754	0.5944	0.2098	0.5804	0.1219	0.001	0.1578	0.1249	0.001	0.041	0.001	0.001	0.001	0.003	0.001	0.1009	0.6503	0.0769	0.04	0.005	0.006	0.013
Sg_CG50A_49	0.6484	0.1109	0.024	0.008	0.0509	0.2258	0.1618	0.1758	0.1279	0.5924	0.6783	0.001	0.4476	0.1469	0.3906	0.1139	0.4356	0.2178	0.2547	0.7562	0.6553	0.7133	0.2448	0.3746	0.3407	0.8462	0.3826	0.035	0.001	0.001	0.03	0.1698	0.4805	0.1568	0.7493	0.001	0.8322	0.001	0.995	0.1039	0.001	0.996	0.035	0.1089	0.8901	0.4855	0.026	0.989	0.1139	0.1538	0.5844	0.0809	0.041	0.1449	0.2727	0.4256	0.6503	0.024	0.7712	0.1009	0.2428	0.045	0.0939	0.1868	0.8981	0.2188	0.1079	0.96	0.1239	0.3576	0.01	0.3367	0.1259	0.4356	0.1568	0.037	0.014	0.4036	0.3437	0.8741	0.1219	0.5425	0.3397	0.001	0.007	0.004	0.1199	0.005	0.1179	0.7692	0.2947	0.027	0.1159	0.2258	0.001	0.982	0.9011	0.018	0.3906	0.8312	0.2707	0.8741	0.007	0.7213	1	0.953	0.7952	0.006	0.5485	0.2228	0.001	0.002	0.1249	0.6703	0.009	0.001	0.2148	0.975	0.2178	0.4116	0.5904	0.3516	0.3067	0.1828	0.0949	0.05	0.0609	0.4825	0.3806	0.4775	0.007	0.0619	0.006	0.8731	0.6623	0.6064	0.4735	0.2258	0.1768	0.2727	0.7962	0.008	0.002	0.8482	0.6503	0.3936	0.046	0.6114	0.8102	0.6793	0.3337	0.5495	0.015	0.1618	0.6254	0.8781	0.3506	0.3586	0.0939	0.001	0.017	0.026	0.1568	0.6953	0.009	0.4026	0.995	0.7033	0.0609	0.8452	0.034	0.4236	0.0709	0.4386	0.2108	0.0589	0.4486	0.1838	0.3876	0.002	0.3237	0.4785	0.2507	0.5964	0.009	0.7682	0.3317	0.2268	0.5005	0.0949	0.1319	0.0529	0.1568	0.027	0.5704	0.032	0.1269	0.6683	0.4296	0.001	0.6424	0.4456	0.7902	0.041	0.4595	0.3936	0.3936	0.017	0.7502	0.1359	0.0789	0.0799	0.02	0.5325	0.5185	0.0659	0.2058	0.1149	0.002	0.2438	0.0629	0.2517	0.4336	0.2008	0.009	0.8322	0.8182	0.1239	0.9301	0.4116	0.0619	0.001	0.0819	0.4715	0.02	0.6384	0.5514	0.1489	0.0849	0.037	0.8901	0.2488	0.6324	0.95	0.1518	0.011	0.0999	0.6344	0.996	0.8232	0.1598	0.001	0.001	0.5325	0.9241	0.4366	0.0529	0.2458	0.001	0.4605	0.3656	0.1768	0.001	0.5834	0.003	0.6374	0.0619	0.8212	0.951	0.7493	0.2208	0.1299	0.7972	0.032	0.5784	0.2977	0.1019	0.7143	0.2977	0.009	0.1688	0.0769	0.4895	0.001	0.1938	0.2707	0.2827	0.2687	0.0819	0.004	0.2238	0.042	0.2837	0.003	0.001	0.3626	0.5025	0.8781	0.0839	0.0649	0.8402	0.8681	0.0559	0.046	0.1828	0.1668	0.006	0.1349	0.012	0.1548	0.001	0.5974	0.002	0.001	0.6633	0.1119	0.2198	0.8322	0.5804	0.7792	0.1099	0.6084	0.9161	0.5724	0.0779	0.0509	0.5085	0.2827	0.8621	0.6184
Sg_CG50A_74	0.049	0.001	0.001	0.001	0.3866	0.006	0.0719	0.1259	0.001	0.8571	0.001	0.4815	0.001	0.001	0.001	0.4246	0.005	0.007	0.001	0.001	0.8801	0.9221	0.6464	0.3087	0.01	0.2577	0.1568	0.7872	0.6553	0.9441	0.0739	0.3666	0.0789	0.001	0.002	0.8342	0.001	0.952	0.014	0.025	0.3497	0.1469	0.3277	0.002	0.001	0.0939	0.1339	0.008	0.4006	0.005	0.2907	0.014	0.9121	0.006	0.8881	0.005	0.004	0.2797	0.002	0.005	0.9401	0.005	0.2408	0.007	0.001	0.012	0.0599	0.032	0.013	0.001	0.5025	0.001	0.1449	0.3826	0.0729	0.969	0.2108	0.001	0.1489	0.013	0.1319	0.032	0.001	0.9111	0.2288	0.9021	0.0709	0.026	0.2048	0.021	0.3656	0.001	0.001	0.1918	0.3327	0.8432	0.5934	0.016	0.1089	0.8821	0.0999	0.7213	0.2797	0.0649	0.953	1	0.0779	0.8052	0.005	0.3626	0.6743	0.2238	0.8032	0.013	0.046	0.6503	0.024	0.046	0.4815	1	0.03	0.008	0.001	0.001	0.001	0.029	0.009	0.002	0.1239	0.002	0.005	0.001	0.2298	0.001	0.8631	0.041	0.001	0.6254	0.001	0.004	0.033	0.1449	0.4096	0.001	0.001	0.009	0.4975	0.043	0.002	0.001	0.7862	0.5804	0.8042	0.0739	0.3726	0.0579	0.0669	0.001	0.9391	0.2498	0.0779	0.001	0.001	0.7962	0.005	0.003	0.024	0.001	0.001	0.005	0.5255	0.001	0.041	0.6933	0.0899	0.019	0.004	0.1089	0.0729	0.0539	0.2637	0.04	0.5714	0.003	0.9011	0.1399	0.002	0.1868	0.003	0.001	0.7363	0.001	0.0939	0.4276	0.004	0.001	0.0689	0.001	0.001	0.6094	0.001	0.001	0.019	0.001	0.2847	0.001	0.1369	0.019	0.0729	0.002	0.6943	0.001	0.023	0.001	0.001	0.001	0.001	0.1199	0.001	0.9351	0.009	0.985	0.026	0.001	0.7433	0.035	0.016	0.8531	0.001	0.004	0.1359	0.961	0.024	0.5425	0.0519	0.01	0.2687	0.001	0.008	0.043	0.9441	0.1508	0.001	0.1748	0.4745	0.6623	0.0739	0.7293	0.037	0.0899	0.002	0.1039	0.8392	0.001	0.009	0.002	0.001	0.002	0.8511	0.012	0.001	0.001	0.1099	0.001	0.006	0.001	1	0.013	0.5355	0.022	0.0569	0.001	0.964	0.6394	0.001	0.8332	0.9491	0.001	0.01	0.8112	0.4026	0.005	0.0979	0.5275	0.0539	0.955	0.9461	0.001	0.6773	0.046	0.001	0.009	0.001	0.1289	0.7193	0.003	0.001	0.002	0.8901	0.001	0.021	0.001	0.001	0.02	0.001	0.009	0.045	0.012	0.8432	0.6344	0.3576	0.1938	0.4755	0.008	0.8222	0.2298	0.001	0.6703	0.4236	0.001	0.001	0.007	0.001	0.024	0.7023	0.6484	0.2248	0.008	0.4486	0.003
Sg_CK05A_18	0.5774	0.001	0.2448	0.8671	0.2138	0.001	0.013	0.001	0.004	0.0929	0.1369	0.3277	0.0999	0.001	0.001	0.006	0.01	0.002	0.032	0.6274	0.017	0.049	0.3397	0.1628	0.2348	0.0809	0.007	0.1089	0.1399	0.965	0.4216	0.033	0.6014	0.005	0.001	0.5075	0.001	0.1289	0.3357	0.001	0.026	0.8092	0.6603	0.1259	0.001	0.001	0.045	0.5784	0.001	0.001	0.001	0.1359	0.002	0.0829	0.001	0.0949	0.02	0.1099	0.1558	0.027	0.007	0.8591	0.5844	0.6753	0.3676	0.2787	0.3906	0.4965	0.001	0.006	0.029	0.8621	0.001	0.1239	0.0919	0.018	0.1928	0.034	0.1139	0.5844	0.001	0.0689	0.001	0.2797	0.3067	0.041	0.037	0.024	0.2238	0.5724	0.2567	0.008	0.008	0.001	0.0959	0.001	0.6983	0.0689	0.001	0.001	0.001	0.001	0.011	0.039	0.7952	0.0779	1	0.2128	0.0659	0.001	0.002	0.8342	0.026	0.2987	0.001	0.1868	0.035	0.4286	0.03	0.001	0.4655	0.039	0.0669	0.016	0.6613	0.3257	0.02	0.998	0.3786	0.3037	0.9321	0.4356	0.003	0.002	0.1009	0.1528	0.4156	0.001	0.004	0.6104	0.5784	0.02	0.003	0.047	0.005	0.046	0.002	0.001	0.1149	0.1399	0.027	0.001	0.006	0.963	0.001	0.001	0.5764	0.05	0.3896	0.2048	0.1668	0.016	0.1908	0.007	0.001	0.006	0.9091	0.007	0.002	0.0669	0.002	0.3217	0.7682	0.001	0.017	0.005	0.8561	0.4336	0.001	0.002	0.004	0.6533	0.2777	0.3067	0.019	0.001	0.033	0.4356	0.1139	0.024	0.1199	0.2178	0.001	0.02	0.037	0.006	0.001	0.1548	0.014	0.022	0.001	0.002	0.1219	0.0529	0.4885	0.006	0.3117	0.7782	0.2657	0.967	0.043	0.2128	0.3846	0.006	0.0649	0.001	0.002	0.001	0.4565	0.6603	0.959	0.1209	0.7862	0.3107	0.005	0.7612	0.2438	0.024	0.002	0.001	0.003	0.8531	0.2587	0.9231	0.001	0.01	0.013	0.013	0.037	0.021	0.001	0.001	0.001	0.3117	0.0799	0.036	0.9181	0.001	0.6823	0.4565	0.2348	0.035	0.7173	0.002	0.019	0.016	0.003	0.2577	0.0759	0.001	0.009	0.0719	0.008	0.002	0.2018	0.004	0.001	0.1658	0.001	0.2458	0.2877	0.015	0.017	0.001	0.1409	0.0549	0.014	0.002	0.7792	0.001	0.4615	0.001	0.1459	0.036	0.001	0.2507	0.3407	0.0679	0.001	0.029	0.001	0.034	0.1738	0.1888	0.0839	0.027	0.005	0.1149	0.004	0.049	0.4466	0.005	0.1229	0.001	0.3107	0.033	0.002	0.001	0.014	0.001	0.5065	0.2627	0.1209	0.005	0.002	0.8012	0.001	0.002	0.6124	0.001	0.1838	0.2198	0.001	0.001	0.015	0.042	0.001	0.3087	0.1778	0.004
Sg_CK05A_21	0.1648	0.0599	0.8362	0.2847	0.1389	0.1998	0.8791	0.8891	0.1598	0.4635	0.001	0.002	0.5854	0.047	0.3027	0.1419	0.1598	0.004	0.8821	0.8621	0.4466	0.2328	0.996	0.3656	0.4416	0.2637	0.8132	0.001	0.006	0.012	0.4805	0.1129	0.4815	0.011	0.049	0.002	0.007	0.001	0.7872	0.3397	0.027	0.5215	0.8182	0.8092	0.4176	0.6923	0.001	0.004	0.022	0.008	0.6154	0.968	0.047	0.035	0.1109	0.005	0.4715	0.6753	0.3736	0.038	0.6683	0.0809	0.5794	0.2098	0.8402	0.3127	0.001	0.009	0.2438	0.3417	0.0609	0.4276	0.034	0.009	0.5205	0.02	0.981	0.2707	0.9431	0.0899	0.002	0.05	0.006	0.031	0.02	0.001	0.3227	0.9441	0.0689	0.034	0.2857	0.023	0.002	0.2707	0.1149	0.5774	0.4026	0.001	0.6663	0.2797	0.0789	0.2787	0.001	0.004	0.006	0.8052	0.2128	1	0.008	0.0899	0.001	0.1279	0.034	0.023	0.014	0.001	0.003	0.01	0.8222	0.5684	0.3816	0.001	0.2238	0.7872	0.003	0.2827	0.1319	0.3027	0.1249	0.001	0.026	0.7662	0.2617	0.003	0.956	0.7393	0.8991	0.2308	0.6593	0.1429	0.0879	0.1628	0.016	0.3976	0.9431	0.2607	0.8472	0.017	0.3347	0.3357	0.8342	0.2627	0.4675	0.5964	0.1938	0.8422	0.0719	0.5285	0.8701	0.001	0.1469	0.6863	0.8172	0.0889	0.046	0.007	0.0529	0.0609	0.044	0.038	0.017	0.6543	0.005	0.016	0.0999	0.7932	0.5514	0.5015	0.9261	0.028	0.4416	0.002	0.8611	0.3566	0.1808	0.039	0.003	0.0879	0.01	0.8521	0.038	0.1678	0.046	0.5145	0.004	0.004	0.8901	0.6893	0.3526	0.001	0.004	0.045	0.6813	0.8042	0.4865	0.1978	0.7103	0.004	0.6084	0.1229	0.2018	0.041	0.007	0.035	0.4575	0.2148	0.0539	0.5624	0.8891	0.3417	0.7852	0.4356	0.029	0.2358	0.1568	0.2647	0.012	0.6973	0.032	0.4346	0.011	0.1149	0.042	0.1369	0.006	0.7862	0.3257	0.994	0.001	0.001	0.4955	0.2318	0.0699	0.4006	0.2847	0.5794	0.1329	0.6733	0.0939	0.4156	0.2018	0.003	0.005	0.2607	0.8132	0.1129	0.043	0.2987	0.4366	0.0829	0.0759	0.9041	0.008	0.024	0.4196	0.016	0.1528	0.6613	0.2288	0.037	0.8501	0.009	0.975	0.2108	0.6444	0.3397	0.4446	0.4496	0.6214	0.025	0.8631	0.004	0.1019	0.001	0.3576	0.4286	0.003	0.954	0.002	0.045	0.2438	0.1489	0.6094	0.5355	0.001	0.043	0.017	0.4396	0.8601	0.0509	0.5614	0.003	0.3437	0.1009	0.8482	0.8781	0.5914	0.017	0.003	0.0719	0.001	0.1269	0.4036	0.001	0.1608	0.9451	0.1209	0.8372	0.004	0.011	0.001	0.1409	0.007	0.9261	0.4765	0.6523	0.6154	0.3786	0.018	0.3816
Sg_CK05A_46	0.001	0.001	0.3686	0.002	0.001	0.5914	0.001	0.5504	0.001	0.002	0.001	0.6873	0.5654	0.001	0.1359	0.7013	0.008	0.001	0.005	0.1209	0.7942	0.001	0.2368	0.001	0.001	0.001	0.001	0.004	0.6264	0.2677	0.011	0.001	0.002	0.001	0.001	0.984	0.001	0.0799	0.001	0.1159	0.7822	0.5614	0.001	0.0589	0.001	0.001	0.002	0.001	0.009	0.001	0.1129	0.001	0.8462	0.001	0.001	0.001	0.001	0.1968	0.5175	0.001	0.8801	0.001	0.5784	0.001	0.045	0.002	0.001	0.001	0.001	0.001	0.2488	0.978	0.4126	0.001	0.2238	0.8741	0.2887	0.001	0.006	0.001	0.002	0.001	0.001	0.1908	0.7243	0.0539	0.003	0.036	0.001	0.001	0.001	0.004	0.001	0.9461	0.001	0.041	0.003	0.001	0.7013	0.4735	0.0569	0.0519	0.3786	0.001	0.5485	0.005	0.0659	0.008	1	0.032	0.2248	0.1099	0.5514	0.001	0.001	0.004	0.001	0.001	0.6863	0.4496	0.001	0.001	0.001	0.01	0.001	0.0569	0.001	0.001	0.001	0.001	0.016	0.001	0.4376	0.001	0.001	0.001	0.001	0.02	0.001	0.001	0.001	0.4256	0.001	0.001	0.017	0.001	0.4725	0.004	0.001	0.008	0.8651	0.8402	0.4935	0.5415	0.1359	0.006	0.047	0.027	0.011	0.002	0.008	0.035	0.001	0.1718	0.016	0.001	0.001	0.001	0.001	0.001	0.3117	0.007	0.001	0.7692	0.1449	0.0569	0.001	0.4715	0.5495	0.035	0.001	0.001	0.034	0.006	0.0759	0.8222	0.001	0.3506	0.001	0.039	0.8761	0.001	0.001	0.3756	0.001	0.001	0.0909	0.001	0.008	0.028	0.001	0.001	0.1309	0.001	0.7343	0.001	0.001	0.001	0.0509	0.001	0.1149	0.001	0.001	0.001	0.002	0.001	0.001	0.04	0.0669	0.0619	0.4545	0.002	0.001	0.001	0.1538	0.001	0.001	0.6593	0.001	0.006	0.2468	0.3956	0.5235	0.001	0.003	0.027	0.0759	0.013	0.001	0.001	0.4446	0.3866	0.001	0.3067	0.8452	0.001	0.001	0.8432	0.001	0.001	0.0769	0.001	0.1009	0.001	0.1578	0.003	0.001	0.4226	0.002	0.3656	0.001	0.001	0.4945	0.001	0.7692	0.001	0.7702	0.001	0.025	0.001	0.001	0.001	0.1249	0.6414	0.006	0.2478	0.5325	0.001	0.015	0.6344	0.2358	0.001	0.002	0.002	0.0709	0.7153	0.7063	0.0849	0.6344	0.0899	0.001	0.001	0.001	0.7592	0.03	0.001	0.001	0.1269	0.963	0.001	0.002	0.001	0.7612	0.001	0.0709	0.001	0.002	0.001	0.2348	0.0939	0.968	0.4306	0.8671	0.001	0.035	0.0829	0.001	0.0959	0.001	0.001	0.001	0.001	0.001	0.05	0.7223	0.1129	0.1199	0.001	0.0629	0.001
Sg_CK05A_56	0.004	0.7493	0.972	0.4376	0.6833	0.002	0.5934	0.001	0.7013	0.2398	0.1778	0.002	0.1938	0.982	0.3037	0.981	0.2298	0.7093	0.1119	0.3457	0.1538	0.6224	0.0989	0.4855	0.0529	0.001	0.1758	0.5904	0.002	0.1289	0.008	0.7043	0.009	0.2537	0.8422	0.004	0.3886	0.4146	0.4535	0.001	0.001	0.4306	0.009	0.4585	0.2507	0.025	0.3337	0.003	0.031	0.1369	0.001	0.996	0.003	0.012	0.001	0.1049	0.5465	0.1259	0.1628	0.5255	0.1798	0.003	0.5664	0.007	0.0609	0.001	0.5644	0.001	0.2577	0.6613	0.027	0.8252	0.021	0.1359	0.033	0.0519	0.4735	0.1119	0.01	0.001	0.032	0.001	0.2218	0.6214	0.8032	0.4845	0.7882	0.002	0.0819	0.006	0.1439	0.979	0.5834	0.001	0.3207	0.001	0.3077	0.0639	0.001	0.002	0.03	0.017	0.7892	0.0609	0.2228	0.3626	0.001	0.0899	0.032	1	0.4955	0.2827	0.001	0.006	0.013	0.1518	0.011	0.004	0.004	0.001	0.003	0.5964	0.043	0.2977	0.001	0.7453	0.1918	0.001	0.001	0.002	0.5155	0.0619	0.025	0.4276	0.3397	0.002	0.034	0.001	0.9481	0.001	0.001	0.022	0.7712	0.0859	0.043	0.1159	0.3197	0.0689	0.2937	0.0859	0.3906	0.001	0.3906	0.048	0.3427	0.0719	0.2707	0.3866	0.005	0.001	0.2308	0.4675	0.048	0.0709	0.7143	0.8342	0.001	0.1239	0.7333	0.1778	0.0769	0.043	0.2298	0.003	0.8222	0.8831	0.002	0.5894	0.1708	0.001	0.4885	0.02	0.4046	0.009	0.007	0.005	0.004	0.8611	0.0719	0.3696	0.5754	0.2408	0.041	0.1528	0.3367	0.5445	0.6743	0.032	0.0809	0.9461	0.4975	0.2428	0.5864	0.5305	0.017	0.5814	0.2977	0.5754	0.1429	0.018	0.3556	0.1828	0.005	0.1149	0.0659	0.4965	0.1978	0.008	0.0639	0.5195	0.1199	0.0979	0.001	0.3237	0.012	0.001	0.005	0.2148	0.1389	0.025	0.5155	0.026	0.4535	0.001	0.5984	0.6603	0.003	0.7113	0.0579	0.8062	0.001	0.001	0.5495	0.2957	0.2158	0.0989	0.4895	0.001	0.003	0.003	0.8452	0.006	0.019	0.7822	0.031	0.4116	0.1399	0.001	0.5105	0.7572	0.05	0.017	0.1698	0.9331	0.2917	0.5634	0.044	0.013	0.002	0.001	0.2807	0.1089	0.033	0.0659	0.0649	0.7762	0.1449	0.6454	0.3966	0.001	0.1069	0.1908	0.001	0.5734	0.0599	0.0879	0.1608	0.1269	0.004	0.002	0.8701	0.7702	0.9011	0.5295	0.2567	0.5514	0.4615	0.9371	0.2737	0.016	0.7792	0.1528	0.5135	0.4236	0.7273	0.7223	0.5904	0.5754	0.2488	0.001	0.0799	0.7283	0.1309	0.2707	0.001	0.7872	0.1538	0.001	0.003	0.2987	0.017	0.003	0.9271	0.001	0.3137	0.1538	0.001	0.002	0.0969	0.8282
Sg_CK28A_36	0.2168	0.6693	0.5514	0.0829	0.3576	0.1269	0.7403	0.001	0.1908	0.2308	0.0569	0.001	0.3706	0.004	0.9011	0.7592	0.013	0.0829	0.1708	0.2787	0.008	0.2008	0.3666	0.2677	0.0689	0.7552	0.8661	0.001	0.0509	0.0789	0.002	0.3576	0.1479	0.3926	0.0519	0.1219	0.2747	0.001	0.4875	0.1099	0.7922	0.5544	0.023	0.4056	0.005	0.033	0.001	0.6773	0.001	0.011	0.018	0.5674	0.999	0.9331	0.2038	0.048	0.8751	0.046	0.6893	0.003	0.1838	0.7303	0.4635	0.3726	0.5085	0.044	0.002	0.9251	0.4496	0.6384	0.002	0.2018	0.1009	0.1648	0.045	0.003	0.1718	0.4845	0.0999	0.5295	0.001	0.1479	0.1319	0.001	0.003	0.001	0.5135	0.9031	0.2847	0.8192	0.988	0.001	0.001	0.2667	0.7652	0.01	0.989	0.009	0.005	0.004	0.009	0.0659	0.001	0.1339	0.001	0.6743	0.002	0.001	0.2248	0.4955	1	0.6024	0.7652	0.7662	0.001	0.001	0.3916	0.6444	0.0809	0.1149	0.4775	0.001	0.5554	0.1668	0.038	0.0619	0.028	0.8302	0.3127	0.5255	0.0699	0.4835	0.001	0.0639	0.7762	0.0699	0.7413	0.0839	0.7213	0.0769	0.9391	0.6134	0.6134	0.4765	0.5175	0.5654	0.2418	0.6843	0.7113	0.2997	0.4975	0.1299	0.2168	0.1289	0.2208	0.4276	0.8092	0.6683	0.2388	0.001	0.6294	0.0589	0.8082	0.001	0.0929	0.2038	0.0859	0.2048	0.008	0.005	0.001	0.2867	0.3017	0.001	0.018	0.9071	0.1668	0.023	0.7912	0.9321	0.1179	0.1788	0.7433	0.0929	0.003	0.0569	0.3087	0.013	0.3856	0.1758	0.024	0.002	0.007	0.2318	0.2368	0.01	0.6593	0.2068	0.0779	0.001	0.0859	0.1049	0.1778	0.97	0.8631	0.6933	0.5365	0.0759	0.3546	0.5485	0.5564	0.1568	0.2947	0.1109	0.2358	0.039	0.2298	0.3576	0.027	0.6404	0.0939	0.1379	0.3147	0.017	0.001	0.1748	0.3137	0.3027	0.0769	0.011	0.036	0.0669	0.0939	0.7632	0.011	0.4575	0.035	0.1169	0.1678	0.004	0.042	0.013	0.05	0.005	0.6893	0.6613	0.1548	0.004	0.7163	0.1668	0.005	0.0569	0.002	0.6863	0.043	0.044	0.002	0.2997	0.8382	0.9481	0.5145	0.6863	0.001	0.1229	0.6723	0.2208	0.001	0.2398	0.019	0.3766	0.3487	0.006	0.0779	0.001	0.7153	0.6014	0.2767	0.4326	0.7932	0.991	0.001	0.026	0.8601	0.001	0.002	0.1259	0.1818	0.1169	0.001	0.1149	0.023	0.2797	0.7263	0.5365	0.001	0.3277	0.045	0.035	0.2198	0.7792	0.4545	0.018	0.3207	0.967	0.2088	0.4036	0.983	0.025	0.0809	0.2008	0.001	0.1049	0.2817	0.001	0.023	0.8701	0.018	0.4006	0.2368	0.0569	0.027	0.5804	0.0899	0.013	0.2198	0.001	0.01	0.2627	0.1788	0.1189
Sg_CK28A_47	0.4605	0.1928	0.1109	0.001	0.3626	0.1429	0.1279	0.2707	0.03	0.1948	0.029	0.022	0.5504	0.7722	0.5405	0.7842	0.015	0.2947	0.2148	0.4276	0.7273	0.3856	0.018	0.6933	0.003	0.7003	0.4406	0.5734	0.003	0.001	0.014	0.8501	0.1319	0.1698	0.3427	0.002	0.0629	0.002	0.4136	0.1888	0.1928	0.7373	0.015	0.3327	0.6583	0.4975	0.2897	0.8222	0.1099	0.0879	0.2807	0.003	0.6294	0.5055	0.0789	0.2727	0.0959	0.1189	0.2348	0.7293	0.022	0.0709	0.1169	0.1409	0.2507	0.007	0.3257	0.4615	0.011	0.1259	0.03	0.2228	0.5045	0.6963	0.4725	0.1009	0.004	0.7842	0.1079	0.2537	0.1508	0.2388	0.1648	0.989	0.4426	0.2068	0.6533	0.3197	0.5974	0.8482	0.7502	0.4276	0.4595	0.996	0.043	0.8192	0.4236	0.8082	0.041	0.1568	0.2997	0.5574	0.001	0.9301	0.002	0.2238	0.8342	0.1279	0.1099	0.2827	0.6024	1	0.5145	0.2298	0.5934	0.008	0.5844	0.991	0.1339	0.04	0.0719	0.1319	0.6394	0.4036	0.2687	0.8961	0.3007	0.031	0.3367	0.964	0.8511	0.018	0.5724	0.5874	0.7842	0.001	0.0649	0.0629	0.02	0.2058	0.1299	0.6104	0.0569	0.012	0.1019	0.8302	0.1898	0.01	0.7343	0.0689	0.019	0.1798	0.2208	0.3187	0.3497	0.4386	0.1119	0.2408	0.3257	0.5095	0.7772	0.6004	0.001	0.013	0.0979	0.1528	0.3457	0.008	0.984	0.1449	0.009	0.018	0.3197	0.2887	0.7433	0.4236	0.003	0.1069	0.4825	0.3876	0.3696	0.5035	0.3367	0.7942	0.016	0.042	0.6034	0.1608	0.2288	0.5215	0.2627	0.5964	0.3337	0.2268	0.3756	0.4645	0.1319	0.002	0.1928	0.003	0.026	0.0579	0.6464	0.018	0.017	0.5994	0.9301	0.6903	0.5764	0.005	0.7592	0.8551	0.8312	0.015	0.1329	0.0779	0.1419	0.1199	0.003	0.3457	0.8052	0.8022	0.011	0.0759	0.012	0.014	0.2777	0.2078	0.1249	0.5794	0.8042	0.005	0.989	0.5465	0.5185	0.7582	0.037	0.2268	0.5385	0.5125	0.1299	0.1069	0.2288	0.046	0.1339	0.0579	0.95	0.017	0.2587	0.026	0.2787	0.976	0.027	0.039	0.7882	0.1928	0.3437	0.8212	0.2507	0.5504	0.02	0.4585	0.0589	0.2198	0.2847	0.4675	0.4076	0.1668	0.3007	0.2797	0.986	0.6723	0.5335	0.006	0.1389	0.3996	0.0999	0.0829	0.1049	0.2897	0.3097	0.962	0.045	0.013	1	0.4895	0.2727	0.5634	0.1898	0.4296	0.2058	0.2268	0.0659	0.001	0.014	0.3816	0.1029	0.2637	0.0839	0.002	0.8521	0.5225	0.7862	0.03	0.5345	0.005	0.1359	0.6314	0.4456	0.2537	0.006	0.952	0.2148	0.5734	0.1538	0.012	0.9341	0.8062	0.3487	0.0529	0.031	0.008	0.5594	0.2977	0.0859	0.015	0.0669	0.0589	0.4206	0.3516
Sg_CK51A_47	0.7802	0.8322	0.4076	0.3227	0.8911	0.003	0.3067	0.006	0.1658	0.7143	0.4386	0.001	0.2597	0.3277	0.013	0.8621	0.9271	0.3277	0.6983	0.5015	0.1598	0.3526	0.7572	0.8402	0.3487	0.6753	0.4785	0.4306	0.001	0.01	0.5085	0.5355	0.012	0.2168	0.3047	0.001	0.6334	0.6513	0.979	0.002	0.001	0.1119	0.6663	0.1608	0.1588	0.0599	0.4765	0.3616	0.005	0.3546	0.011	0.0799	0.003	0.0979	0.002	0.7063	0.972	0.7003	0.3876	0.6623	0.1059	0.6573	0.6913	0.1319	0.3756	0.048	0.7662	0.2308	0.8801	0.0989	0.5475	0.6783	0.046	0.7263	0.986	0.4905	0.5385	0.8761	0.6354	0.0599	0.05	0.6464	0.2288	0.5075	0.0529	0.1888	0.0509	0.039	0.4426	0.4346	0.3237	0.3297	0.4146	0.039	0.0949	0.014	0.1748	0.4386	0.001	0.4695	0.001	0.002	0.2687	0.9231	0.1249	0.8032	0.026	0.034	0.5514	0.001	0.7652	0.5145	1	0.4006	0.004	0.3966	0.2268	0.3447	0.0939	0.03	0.5345	0.8392	0.3996	0.7812	0.042	0.2607	0.7403	0.3167	0.6494	0.1249	0.7752	0.6364	0.7652	0.9451	0.6783	0.6813	0.5654	0.001	0.4945	0.005	0.2657	0.0729	0.997	0.2557	0.7632	0.3916	0.1938	0.0659	0.5385	0.2168	0.1419	0.001	0.1149	0.1499	0.8951	0.4326	0.004	0.7902	0.5844	0.015	0.961	0.7373	0.976	0.0619	0.2328	0.4705	0.0889	0.4106	0.1988	0.7473	0.5355	0.6444	0.3477	0.024	0.5395	0.3886	0.6653	0.2448	0.5225	0.001	0.6773	0.7662	0.2847	0.05	0.5135	0.5744	0.5005	0.7413	0.7323	0.6004	0.1818	0.8681	0.4935	0.032	0.6124	0.7532	0.4086	0.3097	0.2328	0.5415	0.1379	0.2338	0.3127	0.036	0.4356	0.4725	0.3706	0.8212	0.0589	0.964	0.7073	0.025	0.7882	0.1978	0.1359	0.1279	0.1628	0.0859	0.961	0.5225	0.959	0.7353	0.025	0.8991	0.9151	0.1938	0.5844	0.1538	0.9091	0.4496	0.9351	0.002	0.4765	0.4266	0.014	0.2248	0.016	0.9141	0.4246	0.3157	0.001	0.0829	0.1688	0.979	0.9191	0.985	0.7812	0.001	0.0539	0.2587	0.4985	0.004	0.0659	0.7113	0.008	0.2488	0.7023	0.8851	0.2048	0.9201	0.4885	0.0959	0.6414	0.5684	0.1339	0.8501	0.7043	0.6414	0.5894	0.1958	0.8661	0.6543	0.6513	0.6853	0.2527	0.2248	0.1019	0.1978	0.7892	0.001	0.002	0.4625	0.0869	0.6953	0.002	0.4326	0.026	0.3287	0.2987	0.0879	0.0959	0.3966	0.1868	0.99	0.5325	0.3856	0.4835	0.97	0.1279	0.7293	0.005	0.5485	0.6993	0.9311	0.6813	0.7822	0.981	0.7283	0.4216	0.001	0.1479	0.041	0.985	0.96	0.0729	0.5215	0.3447	0.004	0.005	0.2048	0.008	0.012	0.978	0.001	0.1399	0.4545	0.004	0.7253	0.5964	0.2737
Sg_CK52A_43	0.001	0.001	0.6603	0.001	0.001	0.8551	0.001	0.3696	0.001	0.002	0.001	0.6234	0.4625	0.005	0.1199	0.4935	0.2358	0.001	0.011	0.2697	0.1578	0.005	0.3437	0.001	0.001	0.001	0.001	0.3247	0.3337	0.96	0.002	0.008	0.001	0.001	0.0519	0.8511	0.001	0.4226	0.001	0.004	0.2178	0.5175	0.001	0.6553	0.001	0.016	0.007	0.001	0.014	0.002	0.035	0.001	0.5914	0.001	0.003	0.001	0.001	0.044	0.5075	0.001	0.6214	0.001	0.1788	0.001	0.025	0.001	0.002	0.001	0.001	0.001	0.0539	0.9251	0.7792	0.001	0.022	0.5594	0.3067	0.001	0.001	0.001	0.007	0.001	0.001	0.8012	0.1658	0.5884	0.001	0.2517	0.001	0.001	0.001	0.0809	0.006	0.7982	0.008	0.0789	0.002	0.001	0.4386	0.985	0.6613	0.4965	0.1079	0.001	0.6703	0.013	0.2987	0.023	0.001	0.006	0.7662	0.2298	0.4006	1	0.011	0.1489	0.001	0.001	0.5445	0.1139	0.001	0.001	0.001	0.009	0.001	0.1309	0.001	0.001	0.001	0.001	0.1818	0.001	0.011	0.001	0.001	0.001	0.01	0.012	0.001	0.001	0.001	0.8701	0.001	0.045	0.1129	0.001	0.0669	0.011	0.001	0.028	0.1928	0.8841	0.024	0.1399	0.007	0.001	0.0549	0.0789	0.024	0.003	0.019	0.026	0.002	0.1399	0.022	0.001	0.001	0.001	0.001	0.001	0.2677	0.046	0.001	0.7692	0.1149	0.006	0.001	0.1179	0.2967	0.0619	0.002	0.001	0.001	0.001	0.022	0.7822	0.001	0.3806	0.001	0.022	0.7463	0.0609	0.004	0.036	0.001	0.001	0.006	0.001	0.014	0.2188	0.001	0.001	0.1159	0.001	0.032	0.001	0.004	0.001	0.0899	0.001	0.2887	0.001	0.001	0.001	0.009	0.001	0.001	0.1738	0.003	0.4935	0.6194	0.001	0.001	0.002	0.036	0.001	0.001	0.3087	0.001	0.009	0.1758	0.3447	0.7343	0.001	0.005	0.007	0.011	0.008	0.001	0.003	0.4346	0.7792	0.001	0.3676	0.4925	0.001	0.011	0.4046	0.001	0.001	0.0569	0.001	0.5395	0.001	0.6144	0.026	0.001	0.2907	0.004	0.0809	0.001	0.001	0.5385	0.001	0.4935	0.001	0.6214	0.001	0.1179	0.001	0.001	0.001	0.0839	0.3846	0.004	0.4316	0.6613	0.001	0.0569	0.4845	0.1179	0.001	0.001	0.1259	0.4805	0.3546	0.5135	0.2158	0.0919	0.6733	0.001	0.001	0.001	0.3936	0.3586	0.001	0.001	0.2028	0.1339	0.001	0.003	0.001	0.5624	0.001	0.3407	0.001	0.001	0.001	0.1159	0.017	0.9101	0.0599	0.7952	0.003	0.04	0.0589	0.001	0.0669	0.001	0.001	0.001	0.001	0.001	0.2757	0.2288	0.3457	0.4585	0.001	0.5704	0.001
Sg_CK52A_74	0.028	0.001	0.6623	0.9401	0.1558	0.001	0.0679	0.001	0.001	0.3826	0.001	0.7672	0.0559	0.001	0.005	0.2128	0.005	0.001	0.003	0.999	0.0669	0.0649	0.1748	0.6204	0.028	0.1888	0.987	0.001	0.4026	0.5884	0.0729	0.005	0.3536	0.001	0.001	0.6613	0.001	0.001	0.8671	0.0759	0.1538	0.7483	0.3107	0.012	0.001	0.001	0.001	0.011	0.001	0.001	0.001	0.2707	0.1798	0.013	0.001	0.003	0.041	0.004	0.1918	0.001	0.6224	0.033	0.011	0.2947	0.1049	0.4895	0.001	0.013	0.0549	0.006	0.005	0.8022	0.001	0.027	0.0559	0.003	0.0969	0.004	0.1139	0.0909	0.001	0.001	0.001	0.5524	0.9151	0.001	0.1289	0.3946	0.007	0.9431	0.1968	0.001	0.001	0.001	0.3397	0.001	0.016	0.001	0.001	0.001	0.001	0.001	0.001	0.003	0.009	0.046	0.001	0.014	0.001	0.013	0.001	0.5934	0.004	0.011	1	0.001	0.001	0.031	0.0669	0.001	0.2018	0.001	0.012	0.001	0.027	0.0689	0.001	0.0549	0.5375	0.2478	0.0659	0.0519	0.009	0.001	0.2148	0.1229	0.0889	0.001	0.006	0.8232	0.0609	0.3367	0.034	0.1159	0.021	0.01	0.5644	0.003	0.039	0.0839	0.5984	0.001	0.4855	0.5095	0.009	0.001	0.3197	0.012	0.1648	0.012	0.007	0.001	0.3886	0.024	0.002	0.001	0.6234	0.007	0.001	0.003	0.001	0.0579	0.0579	0.001	0.0899	0.2887	0.3017	0.8681	0.031	0.009	0.001	0.2188	0.5634	0.4735	0.001	0.0549	0.002	0.4186	0.001	0.001	0.023	0.007	0.001	0.3337	0.001	0.001	0.1638	0.1369	0.003	0.001	0.001	0.001	0.003	0.0959	0.8422	0.005	0.8591	0.004	0.006	0.1389	0.5005	0.007	0.01	0.001	0.0659	0.001	0.001	0.001	0.3546	0.049	0.0659	0.5385	0.0939	0.001	0.002	0.7742	0.047	0.6344	0.001	0.001	0.1708	0.5425	0.3067	0.2777	0.001	0.034	0.014	0.001	0.001	0.001	0.001	0.001	0.001	0.0709	0.0999	0.1978	0.009	0.001	0.3866	0.6893	0.001	0.011	0.0529	0.003	0.001	0.003	0.001	0.9211	0.5125	0.023	0.001	0.0529	0.002	0.001	0.4615	0.001	0.001	0.006	0.001	0.008	0.5584	0.002	0.046	0.001	0.1279	0.3317	0.7802	0.001	0.6144	0.002	0.018	0.001	0.9351	0.001	0.001	0.1079	0.4486	0.007	0.001	0.7792	0.001	0.016	0.022	0.2947	0.002	0.001	0.001	0.014	0.5065	0.002	0.2767	0.001	0.002	0.001	0.014	0.002	0.011	0.001	0.3836	0.001	0.0799	0.9221	0.4096	0.001	0.002	0.8921	0.001	0.031	0.1389	0.001	0.001	0.0669	0.001	0.001	0.6464	0.013	0.001	0.7073	0.009	0.001
Sg_CM17_16	0.014	0.6174	0.046	0.039	0.3976	0.036	0.981	0.0549	0.8262	0.7802	0.018	0.001	0.3706	0.001	0.3556	0.0869	0.3956	0.2587	0.1139	0.8821	0.6214	0.003	0.039	0.004	0.5125	0.038	0.7023	0.001	0.001	0.001	0.023	0.002	0.0789	0.6793	0.0989	0.001	0.026	0.001	0.1039	0.2627	0.005	0.3037	0.0709	0.1419	0.1828	0.7193	0.001	0.05	0.004	0.001	0.7073	0.7502	0.5325	0.001	0.2747	0.006	0.6084	0.001	0.9021	0.001	0.5884	0.4725	0.1239	0.3467	0.985	0.994	0.003	0.033	0.7363	0.8531	0.002	0.6633	0.8322	0.03	0.047	0.05	0.043	0.008	0.0539	0.1169	0.003	0.009	0.2737	0.001	0.008	0.001	0.7722	0.002	0.002	0.5225	0.1429	0.001	0.007	0.962	0.001	0.2378	0.1658	0.002	0.3097	0.5844	0.012	0.4645	0.001	0.001	0.001	0.6503	0.1868	0.001	0.004	0.1518	0.001	0.008	0.3966	0.1489	0.001	1	0.008	0.1858	0.3047	0.98	0.6893	0.037	0.016	0.031	0.007	0.0599	0.002	0.6823	0.007	0.035	0.002	0.0729	0.007	0.029	0.0909	0.6643	0.2318	0.3177	0.3506	0.1668	0.1279	0.027	0.1558	0.8262	0.96	0.006	0.1768	0.1289	0.1748	0.8881	0.5734	0.3966	0.015	0.1489	0.0969	0.1798	0.1518	0.2258	0.6254	0.001	0.1169	0.013	0.5245	0.3257	0.001	0.0559	0.7413	0.1878	0.001	0.048	0.02	0.1319	0.0609	0.2797	0.5055	0.3896	0.8711	0.2917	0.4416	0.01	0.041	0.026	0.2148	0.6174	0.023	0.3826	0.003	0.3806	0.2557	0.042	0.1419	0.001	0.1369	0.1768	0.006	0.002	0.4575	0.9181	0.0719	0.001	0.0709	0.4535	0.6523	0.7343	0.0769	0.008	0.2348	0.008	0.3417	0.5964	0.0849	0.0659	0.003	0.3546	0.2557	0.7223	0.6354	0.008	0.001	0.2338	0.024	0.981	0.0769	0.034	0.005	0.5485	0.1109	0.3027	0.0519	0.7123	0.03	0.001	0.032	0.7033	0.01	0.4795	0.4585	0.032	0.001	0.002	0.3177	0.017	0.0769	0.5405	0.8122	0.1658	0.003	0.5235	0.6963	0.7552	0.003	0.001	0.001	0.9281	0.3816	0.1958	0.013	0.3706	0.001	0.4046	0.5724	0.1349	0.001	0.1169	0.027	0.4785	0.021	0.0689	0.4256	0.041	0.3417	0.016	0.1069	0.0849	0.3766	0.3477	0.1788	0.2088	0.2128	0.032	0.0749	0.001	0.957	0.001	0.4486	0.047	0.5944	0.2078	0.001	0.001	0.2438	0.007	0.5435	0.002	0.001	0.6264	0.2498	0.7243	0.1319	0.5355	0.5714	0.2877	0.023	0.044	0.027	0.7233	0.004	0.8422	0.026	0.3616	0.001	0.7083	0.001	0.001	0.7153	0.1748	0.028	0.7732	0.1249	0.0519	0.02	0.7273	0.0639	0.4875	0.2557	0.1728	0.5025	0.2877	0.0769	0.2977
Sg_CM17_58	0.001	0.001	0.3357	0.021	0.001	0.7522	0.004	0.1229	0.001	0.001	0.001	0.6523	0.1978	0.001	0.4376	0.8561	0.2388	0.001	0.017	0.3267	0.5594	0.001	0.2537	0.001	0.005	0.001	0.014	0.1269	0.7103	0.3556	0.003	0.001	0.001	0.001	0.0549	0.1678	0.001	0.037	0.015	0.008	0.1888	0.4555	0.001	0.8881	0.001	0.024	0.001	0.001	0.001	0.001	0.033	0.047	0.1848	0.001	0.001	0.001	0.001	0.3926	0.5534	0.001	0.6064	0.001	0.016	0.001	0.1888	0.005	0.001	0.001	0.001	0.001	0.9061	0.7283	0.1199	0.001	0.1998	0.1948	0.3127	0.001	0.1029	0.001	0.001	0.001	0.001	0.8112	0.5275	0.009	0.036	0.7542	0.001	0.001	0.001	0.1269	0.004	0.3996	0.045	0.04	0.032	0.001	0.6613	0.6713	0.4276	0.3816	0.5165	0.001	0.2148	0.024	0.035	0.003	0.001	0.011	0.3916	0.5844	0.2268	0.001	0.001	0.008	1	0.001	0.8232	0.3297	0.001	0.001	0.001	0.018	0.001	0.01	0.001	0.001	0.001	0.001	0.3686	0.001	0.0529	0.001	0.003	0.006	0.0999	0.03	0.001	0.001	0.001	0.5524	0.001	0.027	0.3556	0.001	0.2158	0.002	0.001	0.038	0.3806	0.3946	0.1209	0.017	0.015	0.001	0.2198	0.034	0.1059	0.001	0.0729	0.042	0.02	0.4515	0.005	0.001	0.001	0.001	0.001	0.008	0.3516	0.023	0.001	0.7582	0.7483	0.0999	0.001	0.8022	0.1708	0.3197	0.001	0.001	0.0679	0.002	0.7812	0.2657	0.001	0.0629	0.001	0.0869	0.3976	0.3457	0.007	0.0699	0.001	0.001	0.05	0.001	0.009	0.038	0.001	0.001	0.2997	0.0939	0.997	0.001	0.045	0.018	0.013	0.001	0.2018	0.001	0.001	0.001	0.003	0.001	0.001	0.0569	0.1598	0.5654	0.6354	0.001	0.001	0.002	0.6683	0.001	0.001	0.2707	0.001	0.004	0.1459	0.7952	0.7293	0.001	0.002	0.006	0.2428	0.031	0.001	0.028	0.3297	0.6004	0.001	0.0699	0.998	0.001	0.1029	0.7053	0.001	0.001	0.043	0.001	0.2438	0.001	0.9261	0.1039	0.001	0.5165	0.019	0.2008	0.001	0.001	0.6683	0.001	0.3497	0.001	0.8302	0.001	0.006	0.001	0.001	0.001	0.5035	0.4545	0.026	0.6553	0.7013	0.001	0.7443	0.5295	0.1299	0.001	0.02	0.014	0.1708	0.5425	0.5465	0.0799	0.5924	0.7692	0.001	0.001	0.001	0.5734	0.025	0.001	0.001	0.3037	0.3037	0.001	0.001	0.001	0.5005	0.001	0.9341	0.001	0.002	0.001	0.8801	0.0829	0.1339	0.011	0.6593	0.001	0.0929	0.3077	0.001	0.02	0.001	0.001	0.001	0.001	0.001	0.4426	0.3277	0.7652	0.6743	0.001	0.8531	0.001
Sg_CM17_7	0.001	0.001	0.1878	0.001	0.001	0.6364	0.002	0.0709	0.001	0.001	0.001	0.6244	0.8771	0.001	0.3027	0.985	0.8751	0.001	0.042	0.2567	0.1658	0.001	0.6823	0.001	0.001	0.001	0.001	0.8202	0.4296	0.7882	0.001	0.004	0.001	0.001	0.0849	0.3177	0.001	0.2118	0.001	0.006	0.2298	0.5594	0.001	0.3846	0.002	0.0709	0.037	0.001	0.0639	0.032	0.007	0.006	0.2208	0.001	0.001	0.001	0.001	0.025	0.7732	0.001	0.4645	0.001	0.1139	0.001	0.1189	0.001	0.002	0.001	0.001	0.001	0.01	0.9481	0.7243	0.001	0.006	0.6104	0.2008	0.001	0.001	0.001	0.0859	0.001	0.001	0.8901	0.1788	0.6743	0.002	0.2258	0.001	0.001	0.001	0.0989	0.1129	0.1638	0.0639	0.4775	0.014	0.001	0.1439	0.8871	0.4196	0.972	0.05	0.001	0.975	0.046	0.4286	0.01	0.001	0.004	0.6444	0.991	0.3447	0.001	0.031	0.1858	0.001	1	0.9301	0.05	0.001	0.001	0.001	0.0699	0.001	0.001	0.001	0.001	0.001	0.001	0.6783	0.001	0.001	0.001	0.004	0.001	0.022	0.002	0.001	0.001	0.001	0.7123	0.001	0.024	0.4106	0.001	0.05	0.001	0.001	0.025	0.1109	0.5055	0.031	0.041	0.028	0.013	0.3716	0.1329	0.003	0.002	0.1718	0.1678	0.01	0.1628	0.046	0.001	0.001	0.001	0.001	0.003	0.2298	0.1129	0.001	0.5415	0.3896	0.0519	0.001	0.5425	0.5385	0.1698	0.001	0.001	0.002	0.001	0.009	0.8192	0.001	0.1858	0.001	0.1449	0.4086	0.4515	0.013	0.019	0.001	0.001	0.05	0.001	0.023	0.1429	0.001	0.001	0.7153	0.006	0.016	0.001	0.005	0.034	0.1479	0.001	0.3546	0.004	0.001	0.001	0.002	0.001	0.001	0.0859	0.021	0.7922	0.6114	0.001	0.001	0.015	0.007	0.001	0.001	0.1588	0.001	0.043	0.1149	0.5395	0.3397	0.001	0.017	0.011	0.004	0.1648	0.001	0.047	0.1848	0.9021	0.001	0.9211	0.6603	0.001	0.043	0.2527	0.001	0.001	0.0509	0.001	0.5724	0.001	0.4266	0.036	0.001	0.3866	0.015	0.3077	0.001	0.001	0.4136	0.001	0.5065	0.001	0.045	0.001	0.2957	0.001	0.001	0.001	0.028	0.1429	0.013	0.8222	0.4925	0.001	0.2637	0.2018	0.01	0.001	0.001	0.1389	0.3217	0.3227	0.9241	0.3996	0.0809	0.3576	0.001	0.001	0.001	0.3257	0.2068	0.001	0.001	0.5804	0.1039	0.001	0.001	0.001	0.4096	0.001	0.8062	0.002	0.001	0.001	0.7373	0.025	0.966	0.004	0.7692	0.003	0.034	0.1259	0.001	0.011	0.001	0.001	0.001	0.001	0.001	0.4416	0.1918	0.0549	0.8072	0.001	0.8232	0.001
Sg_CM21_15	0.9011	0.011	0.7582	0.7083	0.1718	0.01	0.005	0.002	0.004	0.0579	0.2527	0.3467	0.4206	0.0899	0.1109	0.2148	0.0929	0.009	0.9041	0.1459	0.0749	0.963	0.98	0.0989	0.955	0.015	0.0659	0.4026	0.0679	0.5365	0.7532	0.4166	0.8002	0.2757	0.1019	0.1808	0.1588	0.4965	0.1359	0.007	0.001	0.2647	0.4615	0.8222	0.0759	0.006	0.8931	0.0789	0.1329	0.7103	0.1219	0.016	0.004	0.5065	0.002	0.4805	0.2478	0.6434	0.1439	0.8981	0.5345	0.4066	0.4096	0.4166	0.6444	0.007	0.5415	0.0589	0.015	0.011	0.6304	0.9191	0.002	0.3506	0.4675	0.6464	0.002	0.5814	0.3736	0.1429	0.2018	0.6523	0.0529	0.6254	0.6374	0.5305	0.031	0.4765	0.9281	0.8561	0.5684	0.1419	0.5994	0.001	0.5105	0.1339	0.4096	0.9041	0.006	0.001	0.1319	0.4156	0.1459	0.6913	0.2178	0.4815	0.03	0.8222	0.6863	0.004	0.0809	0.1339	0.0939	0.5445	0.0669	0.3047	0.8232	0.9301	1	0.001	0.3197	0.7033	0.3546	0.7802	0.4466	0.4805	0.2278	0.2438	0.3546	0.0599	0.7962	0.3477	0.3536	0.2847	0.0869	0.9181	0.8192	0.001	0.2817	0.5944	0.3387	0.3277	0.1738	0.7532	0.8342	0.5824	0.4595	0.3586	0.2687	0.7762	0.3297	0.001	0.5425	0.7063	0.017	0.1419	0.5355	0.9331	0.7123	0.8911	0.1459	0.6304	0.7682	0.7862	0.4206	0.9291	0.2138	0.3147	0.4805	0.2977	0.8761	0.8452	0.8901	0.003	0.2438	0.1259	0.4805	0.2208	0.015	0.049	0.4505	0.8911	0.048	0.0639	0.2707	0.1598	0.4565	0.4166	0.7632	0.8901	0.4446	0.7542	0.003	0.7912	0.4466	0.7752	0.2188	0.984	0.994	0.6823	0.0859	0.0519	0.1808	0.007	0.3397	0.951	0.025	0.4625	0.6893	0.976	0.2318	0.1099	0.3117	0.1948	0.8412	0.007	0.0869	0.009	0.0919	0.012	0.042	0.2687	0.5065	0.1848	0.8571	0.5235	0.2537	0.8342	0.2657	0.0899	0.007	0.1578	0.2368	0.1419	0.034	0.0819	0.3147	0.4815	0.1738	0.8721	0.001	0.001	0.1109	0.9291	0.028	0.8721	0.8541	0.003	0.5255	0.5035	0.9191	0.1888	0.2148	0.1279	0.1868	0.3646	0.4016	0.1429	0.7163	0.3696	0.2008	0.1998	0.5205	0.1658	0.7373	0.7373	0.7892	0.6184	0.001	0.1708	0.1708	0.974	0.2098	0.8941	0.8561	0.047	0.6713	0.1339	0.6683	0.002	0.1988	0.4865	0.1798	0.5215	0.1838	0.0959	0.1728	0.5924	0.02	0.4685	0.042	0.8372	0.01	0.002	0.8482	0.2857	0.039	0.2677	0.6124	0.2258	0.4066	0.8452	0.3067	0.5205	0.1728	0.2148	0.7173	0.4965	0.6464	0.005	0.8641	0.7463	0.004	0.8681	0.002	0.0819	0.023	0.002	0.5514	0.0879	0.5774	0.3996	0.3397	0.001	0.6863	0.7473	0.001	0.3367	0.8501	0.0789
Sg_CM21_57	0.0609	0.1109	0.5185	0.2178	0.4905	0.001	0.7313	0.001	0.3147	0.9131	0.3257	0.3786	0.8841	0.1548	0.011	0.007	0.0719	0.3327	0.8681	0.3017	0.0709	0.5255	0.003	0.8222	0.0609	0.035	0.995	0.96	0.2887	0.5634	0.003	0.8501	0.008	0.8112	0.4815	0.0829	0.6094	0.4955	0.4855	0.001	0.001	0.6683	0.014	0.7952	0.017	0.001	0.3636	0.018	0.002	0.001	0.001	0.6813	0.001	0.042	0.001	0.2358	0.5894	0.027	0.5255	0.2987	0.002	0.016	0.6663	0.1958	0.978	0.001	0.1808	0.2188	0.5375	0.7792	0.004	0.9191	0.001	0.0909	0.003	0.0729	0.9341	0.1638	0.001	0.01	0.001	0.4046	0.3387	0.6863	0.1029	0.8162	0.0869	0.001	0.7063	0.024	0.8342	0.1359	0.1538	0.001	0.1918	0.001	0.1898	0.3846	0.001	0.021	0.008	0.001	0.007	0.7702	0.4116	1	0.001	0.5684	0.4496	0.001	0.1149	0.04	0.03	0.1139	0.001	0.98	0.3297	0.05	0.001	1	0.0609	0.5095	0.0959	0.5534	0.01	0.6983	0.7483	0.01	0.019	0.005	0.045	0.2408	0.001	0.4905	0.5145	0.003	0.3906	0.001	0.4076	0.005	0.011	0.001	0.1508	0.4645	0.1199	0.2967	0.001	0.004	0.6234	0.3616	0.002	0.001	0.002	0.7872	0.029	0.012	0.7483	0.4885	0.4296	0.8911	0.2278	0.3187	0.1259	0.0829	0.03	0.1808	0.013	0.99	0.1908	0.5275	0.01	0.5105	0.03	0.001	0.002	0.019	0.008	0.2208	0.001	0.003	0.4016	0.035	0.6773	0.001	0.017	0.004	0.5604	0.6144	0.2098	0.4845	0.1518	0.5794	0.001	0.001	0.7253	0.984	0.004	0.4805	0.991	0.1988	0.001	0.6454	0.0899	0.8222	0.1668	0.8162	0.6553	0.0649	0.6923	0.008	0.003	0.4096	0.015	0.6364	0.5215	0.4625	0.8631	0.001	0.1319	0.0689	0.8741	0.7233	0.019	0.7143	0.002	0.029	0.3197	0.001	0.8851	0.004	0.2418	0.4426	0.005	0.1109	0.4046	0.4016	0.001	0.3077	0.4675	0.1618	0.001	0.001	0.3506	0.4256	0.0509	0.978	0.3117	0.001	0.1109	0.007	0.2677	0.7822	0.3077	0.4306	0.007	0.7333	0.6004	0.003	0.2098	0.003	0.5914	0.6374	0.4625	0.3417	0.002	0.5924	0.0659	0.1938	0.001	0.1119	0.4625	0.4935	0.001	0.006	0.4505	0.1149	0.001	0.2138	0.1508	0.001	0.2737	0.963	0.013	0.5015	0.0619	0.0849	0.6943	0.6444	0.001	0.001	0.049	0.4875	0.7632	0.4805	0.6064	0.1858	0.8771	0.7962	0.001	0.5654	0.8182	0.3347	0.042	0.9391	0.7103	0.3626	0.002	0.023	0.009	0.001	0.7942	0.003	0.026	0.9441	0.001	0.3566	0.0829	0.001	0.007	0.991	0.0549	0.0979	0.2717	0.001	0.001	0.019	0.001	0.003	0.5145	0.972
Sg_CM29A_16	0.001	0.001	0.0879	0.001	0.001	0.3167	0.001	0.012	0.001	0.002	0.001	0.018	0.7413	0.004	0.2168	0.5884	0.2877	0.001	0.037	0.2248	0.2687	0.007	0.1109	0.001	0.001	0.001	0.001	0.972	0.1209	0.045	0.001	0.005	0.001	0.001	0.1479	0.4675	0.001	0.8242	0.001	0.036	0.9401	0.7602	0.001	0.4456	0.006	0.003	0.8671	0.001	0.2847	0.024	0.008	0.001	0.6943	0.001	0.001	0.001	0.001	0.001	0.978	0.003	0.5894	0.001	0.9341	0.001	0.1469	0.001	0.008	0.001	0.001	0.001	0.006	0.987	0.4286	0.001	0.003	0.035	0.3027	0.001	0.001	0.001	0.0749	0.001	0.001	0.6803	0.1628	0.5095	0.001	0.0889	0.001	0.001	0.001	0.0609	0.1169	0.3257	0.002	0.1948	0.1019	0.001	0.1259	0.5195	0.2268	0.2378	0.016	0.001	0.5904	0.03	0.4655	0.3816	0.001	0.003	0.4775	0.0719	0.5345	0.001	0.2018	0.6893	0.001	0.001	0.3197	0.0609	1	0.001	0.001	0.0999	0.001	0.002	0.002	0.001	0.001	0.001	0.4745	0.001	0.018	0.001	0.002	0.001	0.023	0.005	0.001	0.001	0.001	0.981	0.001	0.008	0.1289	0.001	0.1329	0.0769	0.001	0.034	0.4176	0.1838	0.04	0.8252	0.1568	0.004	0.2438	0.1319	0.001	0.037	0.043	0.3876	0.001	0.013	0.1958	0.026	0.001	0.001	0.001	0.001	0.012	0.042	0.001	0.4356	0.1718	0.1179	0.001	0.989	0.3057	0.044	0.017	0.001	0.001	0.001	0.004	0.7373	0.001	0.6074	0.001	0.3497	0.1149	0.3117	0.008	0.1728	0.001	0.001	0.1039	0.001	0.1219	0.7293	0.019	0.001	0.5235	0.001	0.2787	0.001	0.001	0.015	0.0879	0.001	0.5265	0.002	0.001	0.001	0.011	0.001	0.001	0.2607	0.002	0.1898	0.3237	0.001	0.001	0.001	0.005	0.001	0.001	0.3177	0.001	0.2498	0.3387	0.035	0.7423	0.001	0.1728	0.037	0.024	0.2507	0.001	0.1798	0.019	0.8002	0.001	0.977	0.4795	0.001	0.0649	0.4266	0.001	0.001	0.5714	0.005	0.8042	0.001	0.6723	0.0609	0.001	0.5904	0.001	0.0919	0.001	0.001	0.0549	0.001	0.7453	0.001	0.049	0.001	0.2947	0.001	0.001	0.001	0.003	0.026	0.042	0.3856	0.8761	0.001	0.001	0.4186	0.028	0.001	0.001	0.6583	0.1738	0.1349	0.953	0.8601	0.017	0.5115	0.001	0.001	0.001	0.4685	0.9291	0.001	0.001	0.2867	0.3526	0.001	0.002	0.001	0.1079	0.001	0.6254	0.001	0.001	0.001	0.0809	0.027	0.1528	0.1229	0.7333	0.006	0.022	0.008	0.001	0.003	0.001	0.001	0.001	0.001	0.001	0.4965	0.3127	0.006	0.962	0.001	0.6104	0.001
Sg_CM30A_3	0.001	0.001	0.3656	0.002	0.0769	0.0529	0.013	0.0559	0.001	0.3556	0.001	0.5095	0.022	0.001	0.1039	0.4615	0.005	0.001	0.011	0.2028	0.0619	0.1069	0.2128	0.045	0.001	0.009	0.05	0.003	0.032	0.4955	0.0969	0.001	0.021	0.001	0.001	0.5145	0.001	0.0999	0.042	0.8761	0.4446	0.1838	0.012	0.039	0.001	0.022	0.001	0.001	0.001	0.001	0.5055	0.016	0.3227	0.001	0.5035	0.001	0.001	0.3047	0.016	0.001	0.003	0.001	0.004	0.001	0.022	0.002	0.001	0.001	0.002	0.001	0.0939	0.4476	0.0629	0.002	0.5924	0.042	0.003	0.001	0.8871	0.001	0.001	0.001	0.001	0.2378	0.017	0.006	0.3337	0.018	0.1099	0.047	0.012	0.002	0.001	0.4236	0.025	0.02	0.4156	0.001	0.0829	0.017	0.0619	0.026	0.9401	0.001	0.3516	0.008	0.039	0.001	0.001	0.5964	0.001	0.1319	0.8392	0.001	0.001	0.037	0.001	0.001	0.7033	0.5095	0.001	1	0.005	0.003	0.001	0.7183	0.001	0.001	0.011	0.001	0.001	0.001	0.7902	0.001	0.1888	0.3786	0.003	0.9001	0.001	0.001	0.001	0.018	0.01	0.029	0.005	0.001	0.0829	0.047	0.001	0.029	0.0929	0.2468	0.1399	0.6663	0.003	0.002	0.012	0.004	0.3427	0.013	0.013	0.004	0.009	0.8561	0.001	0.001	0.007	0.001	0.001	0.001	0.0969	0.026	0.001	0.013	0.3417	0.2438	0.002	0.4206	0.049	0.004	0.001	0.003	0.1718	0.013	0.3606	0.3217	0.001	0.2088	0.001	0.001	0.033	0.002	0.001	0.0649	0.001	0.001	0.6923	0.001	0.001	0.014	0.002	0.001	0.007	0.003	0.6623	0.001	0.986	0.001	0.2148	0.001	0.0659	0.001	0.001	0.001	0.016	0.001	0.001	0.0799	0.1389	0.6663	0.013	0.1209	0.001	0.001	0.1089	0.007	0.001	0.034	0.001	0.002	0.1399	0.8132	0.004	0.004	0.001	0.001	0.1279	0.002	0.001	0.001	0.4306	0.0509	0.001	0.004	0.5485	0.001	0.001	0.1399	0.003	0.004	0.001	0.017	0.6513	0.001	0.0569	0.001	0.001	0.8442	0.0569	0.6533	0.001	0.001	0.005	0.001	0.004	0.001	0.024	0.001	0.003	0.001	0.015	0.001	0.6803	0.006	0.013	0.8062	0.007	0.001	0.019	0.3506	0.2887	0.001	0.014	0.009	0.035	0.0719	0.4016	0.007	0.0929	0.004	0.001	0.001	0.001	0.008	0.018	0.001	0.001	0.001	0.024	0.001	0.0839	0.001	0.0579	0.001	0.035	0.001	0.032	0.001	0.7023	0.4925	1	0.2857	0.2398	0.001	0.9291	0.0869	0.001	0.7233	0.001	0.001	0.001	0.001	0.001	0.001	0.0549	0.5954	0.005	0.001	0.0729	0.001
Sg_CM31A_43	0.001	0.002	0.2438	0.001	0.001	0.6593	0.001	0.1688	0.001	0.001	0.001	0.5964	0.1768	0.001	0.004	0.961	0.1848	0.001	0.001	0.011	0.7732	0.015	0.1229	0.001	0.002	0.001	0.001	0.1568	0.5245	0.8462	0.004	0.002	0.001	0.001	0.012	0.3327	0.001	0.2058	0.001	0.013	0.6394	0.7522	0.001	0.1269	0.002	0.024	0.2408	0.001	0.1359	0.001	0.013	0.001	0.2088	0.001	0.003	0.001	0.001	0.0569	0.5854	0.013	0.8312	0.001	0.5754	0.001	0.008	0.001	0.028	0.001	0.001	0.001	0.011	0.008	0.3846	0.001	0.007	0.1339	0.7542	0.001	0.003	0.001	0.007	0.001	0.001	0.5315	0.4915	0.7992	0.001	0.042	0.001	0.001	0.001	0.003	0.018	0.9081	0.2048	0.5225	0.0629	0.001	0.5475	0.7463	0.04	0.3297	0.1209	0.001	0.3067	0.001	0.0669	0.2238	0.001	0.043	0.5554	0.6394	0.3996	0.001	0.012	0.016	0.001	0.001	0.3546	0.0959	0.001	0.005	1	0.002	0.001	0.0609	0.001	0.001	0.001	0.001	0.1508	0.001	0.1858	0.001	0.001	0.001	0.001	0.008	0.001	0.001	0.001	0.1738	0.002	0.005	0.1139	0.001	0.4745	0.001	0.001	0.003	0.8571	0.1718	0.4775	0.3556	0.3477	0.009	0.7453	0.006	0.002	0.001	0.1668	0.01	0.005	0.1848	0.015	0.001	0.001	0.001	0.001	0.001	0.034	0.001	0.001	0.7043	0.3906	0.2867	0.001	0.8132	0.1528	0.1588	0.005	0.001	0.0989	0.001	0.05	0.2178	0.001	0.4386	0.001	0.004	0.1339	0.023	0.011	0.5245	0.001	0.001	0.1848	0.001	0.001	0.0789	0.001	0.001	0.4525	0.002	0.5924	0.001	0.001	0.011	0.008	0.001	0.4805	0.001	0.001	0.001	0.002	0.001	0.001	0.3497	0.01	0.8991	0.8931	0.001	0.001	0.001	0.048	0.001	0.001	0.6563	0.001	0.1059	0.007	0.4525	0.974	0.001	0.018	0.038	0.008	0.006	0.001	0.0609	0.1598	0.1938	0.001	0.7433	0.7453	0.001	0.0619	0.971	0.001	0.001	0.026	0.001	0.1009	0.001	0.1548	0.009	0.001	0.001	0.2338	0.1279	0.001	0.001	0.7453	0.001	0.3566	0.001	0.039	0.001	0.3866	0.001	0.001	0.001	0.013	0.032	0.001	0.2058	0.7682	0.001	0.006	0.2967	0.005	0.001	0.009	0.0939	0.2208	0.6733	0.8511	0.031	0.3586	0.0539	0.001	0.001	0.001	0.8731	0.1668	0.001	0.001	0.1159	0.5574	0.001	0.002	0.001	0.2458	0.001	0.005	0.006	0.021	0.001	0.2637	0.0709	0.4615	0.001	0.7672	0.004	0.0799	0.1199	0.001	0.012	0.001	0.001	0.002	0.001	0.001	0.2288	0.6064	0.002	0.8661	0.001	0.5265	0.001
Sg_CM31A_52	0.007	0.001	0.008	0.005	0.3467	0.001	0.3616	0.002	0.001	0.5255	0.001	0.7473	0.001	0.001	0.001	0.1958	0.001	0.001	0.001	0.001	0.3716	0.7393	0.7213	0.0589	0.1419	0.5465	0.1908	0.1129	0.6134	0.5325	0.2008	0.0689	0.0929	0.001	0.001	0.8292	0.001	0.0919	0.037	0.2138	0.5295	0.035	0.7952	0.001	0.001	0.0539	0.002	0.004	0.036	0.002	0.6753	0.033	0.5405	0.003	0.6553	0.003	0.002	0.012	0.002	0.001	0.7153	0.004	0.1928	0.049	0.001	0.0599	0.011	0.034	0.007	0.001	0.969	0.001	0.1159	0.1758	0.3596	0.5045	0.027	0.001	0.3846	0.005	0.01	0.005	0.001	0.6354	0.5704	0.5504	0.0909	0.009	0.1758	0.0599	0.1499	0.001	0.001	0.1578	0.4545	0.7233	0.8711	0.007	0.026	0.1888	0.024	0.5135	0.3646	0.0879	0.1828	0.001	0.016	0.7872	0.01	0.2977	0.1668	0.4036	0.7812	0.009	0.001	0.031	0.018	0.0699	0.7802	0.5534	0.0999	0.003	0.002	1	0.001	0.001	0.001	0.023	0.0799	0.002	0.001	0.001	0.0519	0.001	0.6464	0.0579	0.001	0.4436	0.001	0.032	0.037	0.2737	0.7712	0.001	0.001	0.004	0.8392	0.1379	0.006	0.001	0.6064	0.1199	0.8871	0.1009	0.5475	0.0939	0.01	0.001	0.9081	0.029	0.005	0.001	0.001	0.4256	0.003	0.001	0.043	0.001	0.001	0.002	0.1359	0.001	0.1339	0.3846	0.5125	0.032	0.031	0.2258	0.1768	0.0819	0.023	0.035	0.5125	0.004	0.6114	0.1688	0.001	0.018	0.001	0.001	0.6464	0.001	0.0759	0.3177	0.001	0.001	0.042	0.001	0.001	0.037	0.001	0.001	0.005	0.001	0.2388	0.003	0.049	0.001	0.0669	0.01	0.4615	0.001	0.011	0.001	0.001	0.001	0.001	0.049	0.0789	0.8681	0.001	0.6174	0.011	0.001	0.5055	0.1179	0.012	0.9031	0.001	0.003	0.006	0.5834	0.002	0.9321	0.003	0.01	0.5814	0.001	0.004	0.007	0.1838	0.045	0.001	0.6374	0.4096	0.9491	0.018	0.4036	0.0859	0.1309	0.001	0.011	0.0799	0.001	0.004	0.001	0.001	0.001	0.4755	0.003	0.001	0.001	0.003	0.001	0.002	0.001	0.5714	0.001	0.1728	0.004	0.048	0.001	0.1239	0.1758	0.001	0.4665	0.979	0.001	0.006	0.9331	0.7143	0.001	0.1758	0.028	0.1009	0.3526	0.6623	0.001	0.0759	0.008	0.001	0.1838	0.001	0.0589	0.024	0.002	0.001	0.001	0.972	0.001	0.0759	0.003	0.001	0.2288	0.001	0.004	0.029	0.019	0.7213	0.4006	0.998	0.8342	0.7702	0.001	0.9321	0.3117	0.001	0.4615	0.3027	0.001	0.001	0.007	0.001	0.002	0.9181	0.3137	0.1928	0.0509	0.7003	0.002
Sg_CM32A_26	0.001	0.001	0.2947	0.001	0.001	0.8022	0.001	0.0739	0.001	0.005	0.001	0.6424	0.2418	0.001	0.0869	0.3037	0.038	0.001	0.001	0.1638	0.6993	0.004	0.4675	0.001	0.002	0.001	0.001	0.032	0.984	0.8771	0.004	0.001	0.001	0.001	0.003	0.3886	0.001	0.0539	0.001	0.005	0.0839	0.7363	0.001	0.2787	0.001	0.0919	0.001	0.001	0.1948	0.007	0.001	0.001	0.1818	0.001	0.001	0.001	0.001	0.3686	0.7562	0.001	0.2527	0.001	0.9321	0.001	0.025	0.001	0.001	0.001	0.001	0.001	0.2148	0.5195	0.4406	0.001	0.016	0.7323	0.1718	0.001	0.001	0.001	0.1359	0.001	0.001	0.5564	0.7842	0.2448	0.004	0.002	0.001	0.001	0.001	0.001	0.002	0.1009	0.0899	0.5255	0.1179	0.001	0.045	0.7662	0.03	0.8871	0.5604	0.001	0.0949	0.001	0.6613	0.003	0.001	0.001	0.038	0.2687	0.042	0.001	0.027	0.007	0.001	0.001	0.4466	0.01	0.001	0.001	0.001	0.001	1	0.2767	0.001	0.001	0.001	0.001	0.01	0.001	0.3756	0.001	0.008	0.001	0.001	0.001	0.001	0.001	0.001	0.048	0.001	0.001	0.0809	0.001	0.7892	0.0529	0.001	0.003	0.5654	0.1528	0.8192	0.6374	0.1219	0.007	0.1259	0.008	0.008	0.001	0.005	0.006	0.001	0.013	0.003	0.002	0.001	0.001	0.001	0.001	0.4126	0.004	0.001	0.4146	0.6184	0.4036	0.001	0.6214	0.5884	0.5604	0.001	0.001	0.4256	0.001	0.1039	0.5155	0.001	0.3187	0.001	0.015	0.4236	0.001	0.003	0.7323	0.001	0.001	0.6304	0.001	0.003	0.02	0.001	0.001	0.2747	0.001	0.1439	0.001	0.004	0.001	0.01	0.001	0.008	0.001	0.001	0.001	0.001	0.001	0.001	0.1538	0.0869	0.4236	0.4096	0.001	0.001	0.001	0.1459	0.001	0.001	0.7802	0.001	0.016	0.1948	0.9351	0.1369	0.001	0.003	0.002	0.036	0.003	0.001	0.006	0.03	0.8691	0.001	0.5764	0.1379	0.001	0.013	0.0769	0.001	0.001	0.029	0.001	0.029	0.001	0.5475	0.005	0.001	0.0549	0.0919	0.5864	0.001	0.001	0.6703	0.001	0.1968	0.001	0.6294	0.001	0.5245	0.001	0.001	0.001	0.022	0.3566	0.001	0.977	0.1299	0.001	0.011	0.045	0.0579	0.001	0.001	0.005	0.047	0.3586	0.2148	0.042	0.8821	0.003	0.001	0.002	0.001	0.3936	0.015	0.001	0.001	0.012	0.3656	0.001	0.001	0.001	0.7303	0.001	0.02	0.001	0.031	0.001	0.5664	0.004	0.4755	0.2108	0.3796	0.001	0.009	0.006	0.001	0.004	0.001	0.001	0.001	0.001	0.001	0.6034	0.5495	0.1578	0.5534	0.001	0.4246	0.001
Sg_CM32A_49	0.0879	0.3197	0.1299	0.4975	0.001	0.05	0.013	0.001	0.0839	0.002	0.4416	0.018	0.001	0.3926	0.008	0.4925	0.3087	0.2208	0.011	0.9411	0.1768	0.2418	0.0589	0.4176	0.003	0.2957	0.025	0.1409	0.4266	0.1479	0.011	0.5904	0.001	0.0929	0.1039	0.6034	0.0619	0.0719	0.1958	0.8591	0.3157	0.1518	0.001	0.1698	0.7662	0.1429	0.024	0.2338	0.018	0.3776	0.9221	0.6024	0.4456	0.0779	0.3447	0.2318	0.004	0.001	0.4476	0.1928	0.0759	0.041	0.0599	0.005	0.0659	0.015	0.4815	0.042	0.028	0.9001	0.016	0.3267	0.2597	0.1039	0.011	0.018	0.99	0.0979	0.1179	0.6014	0.8831	0.1069	0.1858	0.2008	0.8032	0.0809	0.0549	0.006	0.0749	0.0819	0.0539	0.5395	0.0909	0.7612	0.2128	0.2727	0.2228	0.8142	0.8891	0.2448	0.7522	0.976	0.001	0.0599	0.05	0.029	0.3257	0.2827	0.0569	0.7453	0.0619	0.8961	0.2607	0.1309	0.0689	0.0599	0.01	0.001	0.4805	0.6983	0.002	0.7183	0.0609	0.001	0.2767	1	0.0599	0.003	0.3596	0.0699	0.003	0.025	0.031	0.2627	0.0839	0.005	0.031	0.5255	0.2977	0.004	0.007	0.2128	0.001	0.2228	0.7483	0.0639	0.0599	0.003	0.015	0.4855	0.0929	0.3786	0.008	0.3147	0.014	0.1169	0.5065	0.003	0.043	0.5604	0.006	0.001	0.5734	0.5025	0.985	0.011	0.1269	0.2308	0.4675	0.4795	0.0529	0.01	0.1878	0.0869	0.0919	0.1119	0.014	0.6134	0.007	0.2328	0.6444	0.005	0.001	0.1399	0.006	0.2058	0.0589	0.015	0.3696	0.001	0.2238	0.001	0.1109	0.044	0.6154	0.4885	0.032	0.014	0.047	0.2478	0.004	0.0999	0.045	0.957	0.5445	0.1419	0.2238	0.001	0.1389	0.04	0.3287	0.6154	0.2947	0.1009	0.8831	0.2248	0.4555	0.3896	0.047	0.5534	0.005	0.001	0.02	0.006	0.008	0.005	0.006	0.0739	0.0659	0.8661	0.4655	0.0689	0.001	0.005	0.5564	0.0719	0.0709	0.001	0.5495	0.042	0.4805	0.0989	0.012	0.4505	0.3996	0.001	0.003	0.4486	0.001	0.0649	0.001	0.4246	0.042	0.0969	0.0939	0.5984	0.4416	0.002	0.011	0.8252	0.034	0.002	0.1598	0.2248	0.002	0.034	0.004	0.4246	0.5475	0.018	0.0769	0.1798	0.1459	0.009	0.8511	0.7403	0.0599	0.4376	0.6054	0.8092	0.006	0.5085	0.1249	0.0699	0.8891	0.1658	0.1089	0.002	0.2507	0.0879	0.1638	0.002	0.8521	0.3736	0.0669	0.4256	0.3357	0.011	0.034	0.0679	0.048	0.1558	0.001	0.001	0.001	0.994	0.007	0.0919	0.046	0.7303	0.2328	0.2258	0.5694	0.3586	0.2088	0.9291	0.4396	0.8951	0.1269	0.1668	0.2198	0.035	0.0769	0.5644	0.039	0.1099	0.998	0.0669	0.968	0.1978
Sg_CM33A_39	0.001	0.0749	0.7183	0.1878	0.4196	0.1099	0.002	0.9291	0.001	0.044	0.001	0.2348	0.002	0.001	0.009	0.2278	0.001	0.001	0.001	0.5305	0.5924	0.002	0.3646	0.001	0.021	0.001	0.007	0.009	0.7213	0.3357	0.042	0.003	0.016	0.001	0.004	0.1429	0.001	0.038	0.032	0.02	0.4555	0.0849	0.1149	0.6304	0.001	0.017	0.003	0.001	0.002	0.002	0.0759	0.004	0.1269	0.001	0.0509	0.001	0.001	0.6823	0.3626	0.001	0.4046	0.001	0.0689	0.002	0.006	0.3227	0.003	0.001	0.001	0.002	0.4356	0.3526	0.0519	0.001	0.7682	0.6204	0.2857	0.001	0.9031	0.001	0.008	0.001	0.001	0.4705	0.2967	0.008	0.013	0.029	0.001	0.002	0.007	0.004	0.001	0.8182	0.034	0.0639	0.023	0.001	0.979	0.0539	0.2697	0.0969	0.3017	0.001	0.0609	0.009	0.02	0.1319	0.001	0.1918	0.028	0.3007	0.7403	0.001	0.001	0.002	0.001	0.001	0.2278	0.7483	0.002	0.001	0.001	0.001	0.001	0.0599	1	0.001	0.001	0.001	0.003	0.007	0.4675	0.001	0.007	0.007	0.002	0.2737	0.001	0.008	0.001	0.4615	0.0789	0.02	0.2018	0.001	0.8452	0.0709	0.001	0.023	0.2777	0.4436	0.2937	0.9331	0.1009	0.029	0.044	0.003	0.3556	0.007	0.003	0.001	0.043	0.2498	0.005	0.007	0.004	0.001	0.001	0.001	0.8601	0.001	0.001	0.5764	0.5025	0.7852	0.001	0.8062	0.2927	0.8132	0.001	0.001	0.9461	0.005	0.4356	0.8352	0.001	0.004	0.003	0.001	0.7842	0.001	0.019	0.9351	0.001	0.001	0.7792	0.001	0.001	0.032	0.006	0.001	0.7033	0.002	0.1419	0.003	0.033	0.001	0.013	0.007	0.0629	0.002	0.001	0.001	0.001	0.001	0.001	0.03	0.5974	0.1159	0.0659	0.1648	0.001	0.001	0.4595	0.001	0.001	0.7672	0.001	0.004	0.011	0.98	0.0889	0.002	0.001	0.018	0.996	0.001	0.001	0.008	0.5874	0.4615	0.001	0.2977	0.2278	0.001	0.0569	0.6973	0.001	0.018	0.024	0.001	0.016	0.001	0.1708	0.023	0.001	0.022	0.1199	0.956	0.001	0.004	0.2128	0.001	0.1109	0.001	0.4765	0.001	0.1259	0.001	0.004	0.001	0.5325	0.7962	0.027	0.3656	0.2547	0.001	0.1818	0.1578	0.5544	0.001	0.1129	0.004	0.6593	0.962	0.7602	0.001	0.4416	0.0879	0.001	0.1229	0.001	0.7662	0.008	0.001	0.001	0.002	0.3237	0.001	0.0839	0.001	0.002	0.018	0.001	0.001	0.2088	0.002	0.5584	0.0549	0.2817	0.7253	0.3277	0.003	0.1788	0.003	0.001	0.1878	0.001	0.001	0.001	0.002	0.001	0.2248	0.5185	0.6074	0.4136	0.023	0.019	0.001
Sg_CM33A_60	0.001	0.001	0.1199	0.001	0.001	0.05	0.001	0.014	0.001	0.001	0.001	0.1808	0.7063	0.004	0.3966	0.8462	0.2827	0.001	0.005	0.0669	0.3986	0.005	0.041	0.001	0.001	0.001	0.004	0.2607	0.0849	0.011	0.001	0.004	0.001	0.001	0.1119	0.2418	0.001	0.8631	0.005	0.002	0.2328	0.9461	0.001	0.4486	0.004	0.013	0.048	0.001	0.0779	0.014	0.006	0.001	0.1718	0.001	0.001	0.001	0.001	0.006	0.1978	0.001	0.8422	0.001	0.3886	0.001	0.018	0.001	0.002	0.001	0.001	0.001	0.03	0.3147	0.6004	0.001	0.006	0.2228	0.1568	0.001	0.001	0.001	0.2298	0.001	0.001	0.7113	0.1998	0.3387	0.006	0.1019	0.001	0.001	0.001	0.023	0.041	0.2767	0.001	0.3646	0.0719	0.001	0.1439	0.3906	0.2498	0.6713	0.008	0.001	0.4825	0.002	0.998	0.3027	0.001	0.001	0.8302	0.031	0.3167	0.001	0.0549	0.6823	0.001	0.001	0.2438	0.01	0.001	0.001	0.001	0.023	0.001	0.003	0.001	1	0.001	0.001	0.994	0.001	0.002	0.001	0.001	0.001	0.007	0.002	0.001	0.001	0.001	0.989	0.001	0.002	0.1199	0.001	0.1419	0.041	0.001	0.005	0.7023	0.0709	0.1329	0.3187	0.1019	0.008	0.1938	0.018	0.017	0.0819	0.1988	0.1169	0.001	0.0789	0.1129	0.001	0.001	0.001	0.001	0.001	0.1718	0.014	0.001	0.4715	0.2238	0.1738	0.001	0.5554	0.6903	0.05	0.001	0.001	0.004	0.001	0.02	0.3756	0.001	0.8172	0.001	0.0779	0.3237	0.1249	0.018	0.2258	0.001	0.001	0.1848	0.001	0.024	0.9241	0.016	0.001	0.3776	0.001	0.0939	0.001	0.002	0.037	0.1948	0.001	0.2967	0.001	0.001	0.001	0.002	0.001	0.001	0.4925	0.003	0.4116	0.1868	0.001	0.001	0.003	0.012	0.001	0.001	0.4006	0.001	0.2068	0.4695	0.1598	0.3477	0.001	0.2987	0.025	0.013	0.048	0.001	0.1029	0.009	0.9261	0.001	0.7373	0.7223	0.001	0.0839	0.2418	0.001	0.001	0.1798	0.001	0.7972	0.001	0.8492	0.025	0.001	0.4126	0.001	0.2208	0.001	0.001	0.1279	0.001	0.6623	0.001	0.2438	0.001	0.7443	0.001	0.001	0.001	0.009	0.2817	0.015	0.1758	0.9391	0.001	0.011	0.2308	0.049	0.001	0.001	0.4146	0.1349	0.034	0.7992	0.2318	0.1099	0.2398	0.001	0.001	0.001	0.2308	0.8052	0.001	0.001	0.3257	0.3916	0.001	0.001	0.001	0.3876	0.001	0.3417	0.001	0.001	0.001	0.2817	0.01	0.1009	0.012	0.5624	0.005	0.014	0.004	0.001	0.001	0.001	0.001	0.001	0.001	0.001	0.4625	0.4126	0.026	0.6274	0.001	0.5175	0.001
Sg_CM33A_9	0.001	0.5764	0.9001	0.0839	0.1538	0.1698	0.001	0.026	0.001	0.011	0.001	0.7552	0.6144	0.005	0.1059	0.9471	0.2168	0.001	0.05	0.6953	0.5774	0.002	0.3407	0.001	0.002	0.001	0.001	0.043	0.2507	0.9221	0.0649	0.002	0.001	0.001	0.047	0.3007	0.001	0.0579	0.001	0.1638	0.982	0.027	0.001	0.1888	0.4006	0.6763	0.2338	0.001	0.5425	0.4865	0.001	0.001	0.7602	0.001	0.001	0.001	0.002	0.3836	0.4725	0.007	0.3966	0.001	0.1808	0.001	0.2677	0.002	0.006	0.001	0.001	0.001	0.005	0.7463	0.7473	0.001	0.005	0.022	0.6973	0.001	0.001	0.001	0.8981	0.001	0.001	0.9281	0.4346	0.971	0.001	0.002	0.001	0.001	0.001	0.005	0.048	0.024	0.2408	0.3656	0.027	0.001	0.009	0.4156	0.038	0.5794	0.953	0.001	0.3806	0.1239	0.3786	0.1249	0.001	0.001	0.3127	0.3367	0.6494	0.001	0.5375	0.007	0.001	0.001	0.3546	0.019	0.001	0.011	0.001	0.0799	0.001	0.3596	0.001	0.001	1	0.001	0.3866	0.002	0.1019	0.001	0.001	0.001	0.01	0.001	0.001	0.002	0.001	0.4416	0.032	0.0829	0.6464	0.001	0.6723	0.036	0.001	0.1369	0.3157	0.2218	0.5305	0.8771	0.4915	0.1449	0.0779	0.1508	0.001	0.003	0.6304	0.2148	0.008	0.0589	0.7253	0.034	0.001	0.009	0.001	0.002	0.002	0.039	0.001	0.1788	0.1419	0.3217	0.001	0.6653	0.3427	0.994	0.049	0.001	0.3846	0.004	0.001	0.1648	0.001	0.4945	0.03	0.4795	0.008	0.001	0.7403	0.2857	0.001	0.005	0.3147	0.001	0.1818	0.1049	0.019	0.001	0.5315	0.002	0.1179	0.001	0.002	0.3397	0.4955	0.002	0.1159	0.001	0.001	0.001	0.03	0.001	0.001	0.5035	0.2647	0.3197	0.2807	0.002	0.001	0.049	0.006	0.001	0.001	0.1798	0.001	0.2567	0.2058	0.9401	0.9021	0.001	0.3836	0.984	0.024	0.2328	0.001	0.1069	0.009	0.6284	0.001	0.1019	0.0629	0.001	0.013	0.1149	0.001	0.001	0.2448	0.011	0.016	0.0709	0.9441	0.1039	0.006	0.009	0.2897	0.8771	0.001	0.001	0.3976	0.001	0.8492	0.002	0.01	0.001	0.1259	0.001	0.001	0.004	0.006	0.002	0.1469	0.0739	0.9221	0.001	0.046	0.004	0.3936	0.001	0.008	0.018	0.4366	0.8292	0.6973	0.6633	0.4236	0.008	0.001	0.8452	0.001	0.1329	0.025	0.001	0.001	0.6014	0.6334	0.002	0.001	0.001	0.6603	0.0609	0.0549	0.1918	0.4715	0.1928	0.7632	0.033	0.3467	0.6014	0.0679	0.007	0.001	0.0839	0.042	0.006	0.001	0.001	0.0559	0.002	0.001	0.972	0.3167	0.001	0.2507	0.001	0.6613	0.1189
Sg_CM35A_15	0.001	0.002	0.2198	0.001	0.001	0.5854	0.001	0.0569	0.001	0.002	0.001	0.8372	0.1409	0.001	0.0589	0.991	0.0639	0.001	0.001	0.012	0.4905	0.003	0.028	0.001	0.001	0.001	0.001	0.022	0.8891	0.7532	0.001	0.002	0.001	0.001	0.015	0.4356	0.001	0.1638	0.001	0.003	0.0699	0.99	0.001	0.1828	0.001	0.0619	0.003	0.001	0.2448	0.006	0.008	0.001	0.041	0.001	0.001	0.001	0.001	0.014	0.9191	0.001	0.5055	0.001	0.4026	0.001	0.016	0.001	0.002	0.001	0.001	0.001	0.1009	0.4166	0.983	0.001	0.013	0.4396	0.5814	0.001	0.001	0.001	0.022	0.001	0.001	0.6184	0.6823	0.4076	0.001	0.004	0.001	0.001	0.001	0.004	0.006	0.1309	0.014	0.7582	0.035	0.001	0.2847	0.6523	0.3566	0.6633	0.1219	0.001	0.4775	0.002	0.3037	0.001	0.001	0.002	0.5255	0.964	0.1249	0.001	0.2478	0.035	0.001	0.001	0.0599	0.005	0.001	0.001	0.001	0.002	0.001	0.0699	0.001	0.001	0.001	1	0.011	0.001	0.028	0.001	0.005	0.001	0.001	0.001	0.001	0.001	0.001	0.0969	0.001	0.002	0.0979	0.001	0.4426	0.006	0.001	0.002	0.9261	0.0649	0.3996	0.9471	0.1009	0.021	0.042	0.002	0.016	0.001	0.1369	0.005	0.002	0.1159	0.008	0.002	0.001	0.001	0.001	0.001	0.2148	0.004	0.001	0.3247	0.2977	0.0589	0.001	0.968	0.4196	0.3856	0.013	0.001	0.003	0.001	0.0539	0.6464	0.001	0.8162	0.001	0.007	0.8392	0.001	0.002	0.8941	0.001	0.001	0.2158	0.001	0.003	0.0509	0.002	0.001	0.6613	0.001	0.2797	0.001	0.001	0.001	0.2408	0.001	0.4266	0.001	0.001	0.001	0.001	0.001	0.001	0.3916	0.01	0.5265	0.5974	0.001	0.001	0.003	0.1988	0.001	0.001	0.8102	0.001	0.0579	0.045	0.4895	0.2378	0.001	0.002	0.005	0.015	0.002	0.001	0.017	0.01	0.8841	0.001	0.3836	0.8372	0.001	0.038	0.1189	0.001	0.001	0.023	0.001	0.1708	0.001	0.7582	0.009	0.001	0.0599	0.007	0.3127	0.001	0.001	0.5804	0.001	0.1229	0.001	0.2687	0.001	0.5934	0.001	0.001	0.001	0.0799	0.1778	0.002	0.5175	0.3686	0.001	0.003	0.005	0.012	0.001	0.001	0.032	0.2947	0.2298	0.6973	0.036	0.7063	0.017	0.001	0.001	0.001	0.7662	0.1289	0.001	0.001	0.1339	0.951	0.001	0.003	0.001	0.6114	0.001	0.0799	0.001	0.004	0.001	0.8412	0.002	0.8232	0.007	0.4096	0.001	0.001	0.017	0.001	0.003	0.001	0.001	0.001	0.001	0.001	0.3836	0.8382	0.031	0.7283	0.001	0.2947	0.001
Sg_D02_31	0.1369	0.8132	0.1359	0.8462	0.7433	0.4086	0.2128	0.8761	0.4605	0.8541	0.0759	0.0899	0.01	0.022	0.1049	0.1528	0.4316	0.1309	0.001	0.045	0.961	0.981	0.992	0.4046	0.6364	0.0999	0.5255	0.001	0.3007	0.0909	0.7892	0.045	0.8402	0.1988	0.006	0.0819	0.046	0.001	0.1179	0.1858	0.0539	0.003	0.2897	0.025	0.1099	0.4136	0.001	0.0669	0.1878	0.034	0.1429	0.1229	0.7772	0.1658	0.015	0.004	0.9081	0.0649	0.2368	0.003	0.001	0.1399	0.3037	0.2877	0.029	0.8941	0.001	0.8561	0.2208	0.015	0.046	0.2807	0.9071	0.014	0.5534	0.3267	0.7063	0.3077	0.959	0.0759	0.0589	0.1129	0.049	0.011	0.005	0.012	0.8811	0.001	0.5195	0.0779	0.1748	0.004	0.01	0.6933	0.2418	0.6344	0.1429	0.005	0.3996	0.6783	0.1858	0.6004	0.1039	0.8861	0.007	0.005	0.9321	0.026	0.016	0.5155	0.0699	0.8511	0.7752	0.1818	0.0659	0.002	0.3686	0.6783	0.7962	0.045	0.4745	0.001	0.1508	0.001	0.01	0.003	0.003	0.994	0.3866	0.011	1	0.2847	0.8771	0.0989	0.0659	0.5674	0.001	0.038	0.0969	0.967	0.2078	0.001	0.4585	0.039	0.7632	0.5574	0.002	0.3706	0.4585	0.1229	0.001	0.4625	0.001	0.7353	0.9021	0.4486	0.008	0.008	0.5984	0.005	0.0549	0.001	0.7832	0.4535	0.03	0.1938	0.7153	0.5355	0.002	0.0809	0.5245	0.003	0.6454	0.5375	0.1728	0.0579	0.3297	0.015	0.6873	0.7063	0.0779	0.0669	0.1289	0.003	0.4256	0.4775	0.031	0.0569	0.8951	0.001	0.1349	0.001	0.1658	0.001	0.014	0.001	0.026	0.0589	0.001	0.002	0.3027	0.2677	0.8811	0.0669	0.9041	0.0929	0.5195	0.001	0.1379	0.1578	0.022	0.025	0.04	0.1499	0.039	0.1299	0.018	0.2278	0.6474	0.4436	0.001	0.017	0.2158	0.001	0.0859	0.4835	0.2318	0.001	0.0689	0.5045	0.2308	0.4206	0.001	0.8671	0.006	0.1089	0.7882	0.001	0.022	0.001	0.5215	0.3167	0.2178	0.2667	0.7692	0.3796	0.001	0.1409	0.7992	0.1708	0.003	0.026	0.001	0.2657	0.037	0.2238	0.002	0.1918	0.1309	0.8511	0.1948	0.5884	0.001	0.1908	0.001	0.3497	0.0899	0.036	0.4995	0.1299	0.038	0.001	0.7413	0.2108	0.02	0.3337	0.001	0.2278	0.1379	0.1948	0.1419	0.005	0.5904	0.002	0.1179	0.029	0.7682	0.02	0.011	0.001	0.1738	0.8292	0.044	0.3027	0.001	0.5475	0.005	0.01	0.001	0.5335	0.2338	0.4605	0.006	0.5115	0.001	0.002	0.035	0.7003	0.4326	0.009	0.004	0.5215	0.1988	0.001	0.4266	0.1548	0.042	0.5654	0.3926	0.0719	0.001	0.6863	0.2208	0.6573	0.001	0.8561	0.8482	0.4845	0.1019	0.028
Sg_D02_32	0.001	0.001	0.1049	0.001	0.001	0.7772	0.001	0.6194	0.001	0.016	0.001	0.003	0.029	0.003	0.005	0.97	0.01	0.001	0.001	0.007	0.7712	0.5784	0.018	0.036	0.001	0.013	0.002	0.7732	0.003	0.021	0.001	0.5165	0.001	0.001	0.009	0.0769	0.001	0.0859	0.004	0.2468	0.3157	0.025	0.001	0.0839	0.001	0.005	0.993	0.001	0.2737	0.1049	0.3616	0.001	0.3487	0.001	0.037	0.001	0.001	0.016	0.4296	0.005	0.3377	0.001	0.5774	0.001	0.001	0.001	0.007	0.001	0.001	0.001	0.001	0.044	0.5185	0.001	0.001	0.032	0.016	0.001	0.001	0.001	0.2258	0.001	0.001	0.2118	0.1988	0.1798	0.002	0.2498	0.008	0.001	0.008	0.001	0.043	0.8751	0.003	0.6464	0.1079	0.001	0.7313	0.7383	0.2448	0.2687	0.012	0.001	0.0619	0.001	0.4356	0.7662	0.001	0.0619	0.4835	0.018	0.6364	0.001	0.0519	0.0729	0.001	0.001	0.3477	0.2408	0.001	0.001	0.001	0.001	0.001	0.025	0.007	0.001	0.002	0.001	0.2847	1	0.0659	0.001	0.1978	0.001	0.001	0.1848	0.001	0.001	0.001	0.3826	0.001	0.001	0.0869	0.001	0.6943	0.004	0.001	0.001	0.6673	0.5724	0.5155	0.9031	0.014	0.01	0.022	0.001	0.004	0.4995	0.3966	0.006	0.001	0.4066	0.1678	0.001	0.001	0.001	0.001	0.001	0.0579	0.001	0.001	0.5495	0.8681	0.1199	0.001	0.985	0.0919	0.002	0.01	0.002	0.001	0.001	0.001	0.982	0.001	0.8871	0.001	0.008	0.033	0.1698	0.001	0.3926	0.001	0.001	0.1668	0.001	0.001	0.3546	0.001	0.001	0.2028	0.001	0.001	0.001	0.004	0.02	0.006	0.001	0.1459	0.008	0.002	0.001	0.001	0.001	0.001	0.3227	0.001	0.3467	0.6963	0.006	0.001	0.002	0.001	0.001	0.001	0.9061	0.001	0.007	0.2607	0.006	0.9081	0.001	0.0859	0.006	0.002	0.004	0.006	0.0779	0.2178	0.4006	0.001	0.6474	0.7243	0.001	0.2288	0.959	0.001	0.001	0.0939	0.1648	0.1858	0.001	0.4276	0.022	0.001	0.1928	0.018	0.6513	0.001	0.001	0.1898	0.001	0.4096	0.001	0.026	0.001	0.1708	0.001	0.001	0.001	0.001	0.014	0.001	0.5544	0.6643	0.001	0.001	0.6993	0.0749	0.001	0.001	0.6034	0.039	0.5804	0.8412	0.003	0.0889	0.039	0.001	0.001	0.001	0.003	0.1708	0.001	0.001	0.005	0.5544	0.001	0.002	0.001	0.4845	0.001	0.1379	0.001	0.001	0.001	0.981	0.1339	0.006	0.015	0.3956	0.015	0.0689	0.002	0.001	0.968	0.001	0.001	0.001	0.001	0.001	0.019	0.8671	0.049	0.9431	0.001	0.9191	0.001
Sg_D02_44	0.042	0.9461	0.6813	0.3267	0.0919	0.001	0.6723	0.001	0.3407	0.1019	0.8921	0.033	0.1558	0.1009	0.5095	0.1119	0.011	0.6913	0.0679	0.4226	0.023	0.1089	0.028	0.2358	0.0639	0.1079	0.6384	0.7902	0.7303	0.025	0.005	0.2418	0.036	0.0569	0.9491	0.6613	0.5305	0.029	0.3666	0.3886	0.3317	0.004	0.001	0.3686	0.042	0.019	0.0509	0.044	0.1888	0.031	0.001	0.02	0.045	0.5265	0.002	0.9061	0.0619	0.001	0.3666	0.017	0.2537	0.027	0.0829	0.034	0.3866	0.0739	0.8462	0.1479	0.025	0.1219	0.002	0.9191	0.4236	0.0899	0.001	0.001	0.3097	0.2008	0.01	0.015	0.001	0.3477	0.3786	0.1768	0.5115	0.02	0.2547	0.2428	1	0.001	0.0839	0.2727	0.3277	0.002	0.958	0.005	0.5774	0.8122	0.001	0.0669	0.4765	0.0859	0.034	0.6254	0.006	0.2298	0.003	0.2617	0.4376	0.025	0.001	0.5724	0.7652	0.011	0.009	0.007	0.0529	0.001	0.3536	0.001	0.018	0.7902	0.1858	0.0519	0.3756	0.031	0.4675	0.002	0.1019	0.028	0.8771	0.0659	1	0.8611	0.7083	0.004	0.5245	0.001	0.8422	0.005	0.001	0.4446	0.0579	0.2358	0.004	0.6613	0.0889	0.1289	0.3686	0.3117	0.5125	0.001	0.047	0.5445	0.1728	0.1728	0.6024	0.048	0.001	0.1838	0.002	0.041	0.1948	0.6693	0.1868	0.4665	0.001	0.6513	0.2827	0.8631	0.001	0.5914	0.5455	0.001	0.3856	0.965	0.009	0.982	0.1099	0.2448	0.1089	0.02	0.042	0.01	0.001	0.033	0.1658	0.001	0.6044	0.2188	0.044	0.0639	0.2498	0.2348	0.4565	0.2827	0.9341	0.0649	0.046	0.002	0.9171	0.4426	0.019	0.3946	0.02	0.5684	0.2428	0.7333	0.7662	0.1628	0.4605	0.8591	0.1349	0.1808	0.2028	0.7502	0.4825	0.008	0.004	0.2897	0.1499	0.046	0.2587	0.6084	0.001	0.0579	0.002	0.4126	0.962	0.016	0.3796	0.004	0.5135	0.001	0.1688	0.8901	0.007	0.1209	0.4595	0.0559	0.001	0.005	0.7233	0.036	0.024	0.0549	0.8082	0.009	0.014	0.004	0.2318	0.1159	0.007	0.8372	0.012	0.8551	0.1608	0.1738	0.952	0.0659	0.0759	0.2458	0.019	0.7952	0.1229	0.5485	0.001	0.6803	0.002	0.1668	0.007	0.6533	0.001	0.001	0.4406	0.6024	0.2318	0.3247	0.7552	0.1159	0.002	0.6953	0.3367	0.006	0.9461	0.0559	0.5964	0.1389	0.011	0.7972	0.3876	0.1968	0.6783	0.2557	0.004	0.4835	0.7263	0.1049	0.0589	0.0579	0.008	0.3157	0.014	0.024	0.0599	0.5854	0.3546	0.5175	0.3956	0.002	0.0529	0.2178	0.5534	0.1239	0.001	0.024	0.0769	0.019	0.003	0.3786	0.969	0.1479	0.6084	0.001	0.2727	0.001	0.001	0.001	0.9271	0.967
Sg_D02_9	0.001	0.001	0.037	0.001	0.002	0.016	0.001	0.0879	0.001	0.006	0.001	0.4625	0.034	0.001	0.004	0.6783	0.007	0.001	0.001	0.045	0.3966	0.001	0.1948	0.001	0.002	0.001	0.001	0.033	0.1848	0.4815	0.001	0.001	0.001	0.001	0.001	0.8352	0.001	0.1708	0.001	0.982	0.4476	0.6134	0.001	0.1798	0.001	0.001	0.001	0.001	0.001	0.001	0.6074	0.001	0.2887	0.001	0.1668	0.001	0.001	0.998	0.3037	0.001	0.6454	0.001	0.0829	0.001	0.01	0.03	0.001	0.001	0.001	0.001	0.979	0.4715	0.002	0.001	0.2308	0.5644	0.0849	0.001	0.2218	0.001	0.001	0.001	0.001	0.8232	0.5015	0.007	0.001	0.6154	0.001	0.001	0.001	0.001	0.001	0.1089	0.008	0.007	0.0519	0.001	0.2278	0.0509	0.003	0.005	0.7443	0.001	0.8731	0.001	0.002	0.003	0.001	0.4276	0.0639	0.5874	0.9451	0.001	0.001	0.029	0.001	0.001	0.2847	0.4905	0.001	0.001	0.001	0.001	0.001	0.2627	0.001	0.001	0.001	0.001	0.0989	0.001	0.8611	1	0.007	0.001	0.001	0.5924	0.001	0.001	0.001	0.8092	0.001	0.001	0.017	0.001	0.1928	0.001	0.001	0.005	0.4505	0.046	0.2787	0.962	0.002	0.001	0.0949	0.001	0.045	0.021	0.011	0.001	0.003	0.9431	0.004	0.001	0.001	0.001	0.001	0.001	0.7063	0.006	0.001	0.033	0.3017	0.026	0.001	0.1608	0.02	0.013	0.001	0.001	0.037	0.008	0.5924	0.0829	0.001	0.5445	0.001	0.002	0.8242	0.003	0.001	0.0889	0.001	0.001	0.034	0.001	0.001	0.033	0.001	0.001	0.0569	0.001	0.98	0.001	0.003	0.001	0.001	0.001	0.2687	0.001	0.001	0.001	0.001	0.001	0.001	0.005	0.0539	0.3786	0.4875	0.001	0.001	0.001	0.6933	0.001	0.001	0.0979	0.001	0.001	0.025	0.6254	0.7083	0.001	0.001	0.007	0.96	0.002	0.001	0.001	0.2917	0.003	0.001	0.032	0.9401	0.001	0.011	0.034	0.001	0.001	0.002	0.001	0.6104	0.001	0.011	0.002	0.001	0.5255	0.002	0.1179	0.001	0.001	0.2208	0.001	0.4136	0.001	0.6224	0.001	0.001	0.001	0.001	0.001	0.6933	0.4955	0.003	0.2378	0.8262	0.001	0.1558	0.3447	0.7502	0.001	0.01	0.015	0.002	0.977	0.8761	0.005	0.1499	0.2947	0.001	0.001	0.001	0.1289	0.0539	0.001	0.001	0.017	0.4515	0.001	0.001	0.001	0.1139	0.001	0.007	0.001	0.001	0.001	0.4995	0.7612	0.6454	0.2917	0.9461	0.001	0.5704	0.0999	0.001	0.5764	0.001	0.001	0.001	0.001	0.001	0.001	0.1159	0.1089	0.002	0.001	0.1608	0.001
Sg_D03_75	0.003	0.5455	0.3087	0.2867	0.0859	0.5804	0.3017	0.5914	0.2238	0.3267	0.1119	0.993	0.0759	0.0829	0.7183	0.2458	0.4156	0.4406	0.3776	0.4585	0.989	0.013	0.3936	0.0719	0.023	0.001	0.047	0.5674	0.5934	0.4685	0.962	0.004	0.9241	0.1009	0.4396	0.8971	0.013	0.2937	0.1598	0.3946	0.4665	0.5924	0.2168	0.3177	0.1508	0.2517	0.5564	0.001	0.037	0.008	0.9351	0.3776	0.3117	0.001	0.4535	0.1758	0.1638	0.3227	0.9221	0.5125	0.025	0.008	0.8871	0.2218	0.4975	0.1788	0.7393	0.001	0.2358	0.2837	0.9241	0.8801	0.3217	0.1179	0.4106	0.3217	0.3017	0.001	0.7922	0.013	0.0529	0.001	0.2637	0.3666	0.4685	0.1718	0.6194	0.5564	0.001	0.3457	0.002	0.9041	0.2687	0.5185	0.2148	0.022	0.031	0.009	0.5534	0.3017	0.9131	0.8402	0.9341	0.001	0.6623	0.8631	0.1009	0.956	0.001	0.3397	0.7762	0.7842	0.6783	0.001	0.2148	0.0909	0.003	0.004	0.0869	0.5145	0.002	0.1888	0.001	0.6464	0.008	0.0839	0.007	0.001	0.001	0.005	0.0659	0.1978	0.7083	0.007	1	0.4226	0.2488	0.8312	0.015	0.3636	0.007	0.1818	0.2488	0.2468	0.5974	0.001	0.0809	0.0669	0.018	0.3287	0.1029	0.6454	0.0649	0.1548	0.7093	0.4466	0.4915	0.8032	0.1718	0.0639	0.3746	0.7862	0.1019	0.1988	0.5035	0.0739	0.001	0.1109	0.025	0.4496	0.8931	0.3536	0.1638	0.8531	0.008	0.0539	0.003	0.016	0.3916	0.995	0.006	0.2168	0.2597	0.4006	0.8851	0.8631	0.007	0.8971	0.3936	0.5774	0.8092	0.2597	0.2687	0.025	0.0509	0.1319	0.0829	0.049	0.5804	0.2817	0.0519	0.2338	0.2198	0.1748	0.5824	0.017	0.003	0.8771	0.8112	0.1099	0.7043	0.1209	0.001	0.2038	0.957	0.1099	0.2448	0.023	0.2068	0.986	0.2897	0.001	0.004	0.9121	0.7273	0.007	0.001	0.0639	0.1678	0.8961	0.8781	0.7732	0.001	0.01	0.4406	0.2338	0.3796	0.4116	0.005	0.1239	0.7163	0.3596	0.004	0.4975	0.3227	0.1399	0.3007	0.8402	0.003	0.1239	0.4026	0.02	0.1379	0.6713	0.6773	0.3586	0.4765	0.8052	0.1439	0.2947	0.0959	0.0709	0.6404	0.009	0.1439	0.009	0.6464	0.0609	0.6923	0.001	0.5325	0.2218	0.9431	0.4346	0.7572	0.008	0.1309	0.043	0.03	0.2607	0.4206	0.001	0.3327	0.4645	0.5584	0.3227	0.4925	0.2657	0.2797	0.7033	0.1239	0.7333	0.045	0.009	0.1988	0.028	0.1598	0.7632	0.0889	0.4965	0.1049	0.2268	0.3676	0.3457	0.8541	0.7832	0.1958	0.2178	0.2687	0.2208	0.8372	0.4226	0.1049	0.6074	0.0929	0.7782	0.1449	0.023	0.1988	0.0659	0.8591	0.2148	0.006	0.7473	0.1389	0.1808	0.3506	0.4885	0.3267	0.5904
Sg_D03_78	0.001	0.019	0.2368	0.001	0.001	0.0559	0.002	0.004	0.001	0.001	0.003	0.1059	0.5245	0.3626	0.017	0.3057	0.1059	0.011	0.02	0.04	0.1129	0.2737	0.002	0.001	0.001	0.001	0.001	0.5854	0.8561	0.2987	0.001	0.1788	0.001	0.001	0.3087	0.2957	0.001	0.6753	0.001	0.036	0.5754	0.5984	0.001	0.7003	0.7762	0.5365	0.028	0.001	0.001	0.2128	0.001	0.001	0.5065	0.001	0.001	0.001	0.001	0.001	0.7682	0.3337	0.5824	0.001	0.024	0.001	0.0589	0.001	0.4176	0.001	0.001	0.001	0.001	0.025	0.1499	0.001	0.001	0.001	0.8981	0.001	0.001	0.001	0.044	0.001	0.001	0.3097	0.1728	0.005	0.001	0.033	0.017	0.001	0.001	0.004	0.981	0.1029	0.8312	0.041	0.2767	0.016	0.004	0.1499	0.5085	0.4805	0.001	0.008	0.6064	0.041	0.1528	0.7393	0.001	0.002	0.0699	0.001	0.6813	0.001	0.1229	0.6643	0.006	0.001	0.9181	0.003	0.001	0.3786	0.001	0.0579	0.001	0.005	0.007	0.001	0.001	0.001	0.5674	0.001	0.004	0.001	0.4226	1	0.002	0.001	0.001	0.001	0.001	0.4585	0.003	0.002	0.3307	0.001	0.3956	0.1229	0.001	0.018	0.2817	0.015	0.3936	0.7493	0.1828	0.1588	0.8701	0.1638	0.001	0.026	0.2787	0.5684	0.001	0.013	0.7433	0.033	0.001	0.002	0.006	0.005	0.001	0.001	0.003	0.0789	0.987	0.5694	0.001	0.4456	0.7912	0.9081	0.3277	0.001	0.0719	0.001	0.001	0.0729	0.002	0.9211	0.004	0.7093	0.001	0.0649	0.8651	0.1838	0.001	0.6733	0.2388	0.001	0.1339	0.4995	0.0989	0.001	0.2008	0.001	0.002	0.001	0.001	0.6613	0.8531	0.001	0.1738	0.011	0.001	0.001	0.006	0.001	0.002	0.4446	0.001	0.977	0.1518	0.002	0.001	0.009	0.001	0.001	0.001	0.1938	0.001	0.026	0.1259	0.1808	0.4925	0.001	0.8132	0.2737	0.001	0.2448	0.005	0.2737	0.001	0.3876	0.001	0.001	0.03	0.001	0.4605	0.018	0.001	0.001	0.9431	0.0559	0.5514	0.005	0.7243	0.4785	0.2018	0.002	0.4915	0.4855	0.001	0.004	0.3317	0.001	0.8152	0.029	0.001	0.01	0.016	0.001	0.001	0.5694	0.001	0.001	0.016	0.7203	0.6523	0.008	0.0559	0.003	0.001	0.008	0.002	0.9181	0.7752	0.1528	0.0939	0.5594	0.017	0.0809	0.003	0.1019	0.001	0.5574	0.8861	0.001	0.001	0.7203	0.3377	0.001	0.001	0.003	0.2617	0.001	0.3027	0.02	0.1009	0.4356	0.95	0.003	0.5105	0.2847	0.8951	0.2517	0.001	0.002	0.0619	0.1359	0.003	0.001	0.3237	0.001	0.017	0.2727	0.2028	0.001	0.002	0.001	0.3956	0.018
Sg_D09_14	0.005	0.015	0.009	0.001	0.9411	0.0709	0.0549	0.3556	0.001	0.7303	0.001	0.7043	0.001	0.001	0.001	0.7912	0.001	0.001	0.001	0.001	0.8102	0.4775	0.8262	0.0919	0.003	0.1698	0.1059	0.3586	0.7063	0.9211	0.013	0.3287	0.013	0.001	0.001	0.8651	0.001	0.4785	0.011	0.035	0.3876	0.016	0.2018	0.002	0.002	0.3896	0.0529	0.007	0.989	0.0549	0.039	0.002	0.6523	0.004	0.4436	0.003	0.007	0.5754	0.003	0.001	0.3227	0.002	0.7562	0.001	0.001	0.014	0.003	0.042	0.002	0.001	0.2068	0.001	0.2428	0.1489	0.024	0.1728	0.04	0.001	0.0629	0.003	0.7183	0.015	0.001	0.6543	0.5824	0.3437	0.013	0.001	0.2278	0.01	0.1319	0.001	0.002	0.8861	0.5465	0.1109	0.8531	0.035	0.8831	0.8132	0.015	0.973	0.4086	0.1738	0.4735	0.001	0.4156	0.8991	0.001	0.034	0.7413	0.0649	0.5654	0.01	0.0889	0.2318	0.0999	0.022	0.8192	0.3906	0.023	0.003	0.001	0.001	0.001	0.031	0.002	0.007	0.01	0.001	0.001	0.001	0.5245	0.001	0.2488	0.002	1	0.5894	0.001	0.002	0.001	0.016	0.3586	0.001	0.003	0.006	0.6184	0.049	0.002	0.001	0.6444	0.7602	0.1548	0.027	0.5465	0.1618	0.016	0.001	0.1598	0.0719	0.043	0.001	0.001	0.993	0.022	0.001	0.024	0.003	0.001	0.001	0.6563	0.001	0.049	0.7073	0.1848	0.3586	0.006	0.03	0.1998	0.1748	0.2507	0.007	0.5315	0.001	0.2018	0.7183	0.001	0.019	0.002	0.001	0.2627	0.001	0.1948	0.0549	0.002	0.001	0.4695	0.001	0.001	0.2947	0.001	0.001	0.048	0.001	0.046	0.003	0.1049	0.001	0.0809	0.001	0.3427	0.001	0.018	0.001	0.001	0.001	0.001	0.3387	0.002	0.7343	0.001	0.6114	0.008	0.001	0.2757	0.033	0.001	0.4805	0.001	0.0869	0.0509	0.7562	0.003	0.8511	0.0899	0.002	0.1269	0.001	0.004	0.0609	0.4545	0.5964	0.001	0.0629	0.6434	0.5255	0.007	0.4605	0.031	0.022	0.001	0.0639	0.2977	0.001	0.008	0.001	0.001	0.001	0.4735	0.2657	0.001	0.001	0.027	0.001	0.001	0.001	0.2038	0.001	0.6973	0.003	0.012	0.001	0.7912	0.4625	0.001	0.985	0.3437	0.001	0.002	0.2108	0.3856	0.001	0.025	0.1139	0.043	0.3357	0.95	0.001	0.5245	0.002	0.001	0.1189	0.001	0.021	0.1608	0.001	0.001	0.001	0.2448	0.001	0.018	0.002	0.001	0.1638	0.001	0.015	0.1698	0.036	0.3437	0.025	0.5195	0.6014	0.6573	0.001	0.1888	0.024	0.002	0.8881	0.4695	0.001	0.001	0.002	0.002	0.1598	0.4825	0.5165	0.6324	0.006	0.9341	0.003
Sg_D10_17	0.01	0.4555	0.5185	0.952	0.4645	0.001	0.8521	0.001	0.7413	0.3077	0.2607	0.018	0.3047	0.3007	0.009	0.042	0.1469	0.3706	0.6274	0.7373	0.031	0.2667	0.034	0.1189	0.04	0.002	0.5005	0.6843	0.003	0.05	0.008	0.1159	0.009	0.6024	0.3047	0.001	0.4905	0.6973	0.0749	0.001	0.001	0.4875	0.014	0.5255	0.037	0.001	0.6054	0.007	0.001	0.002	0.001	0.4296	0.001	0.009	0.001	0.05	0.6633	0.029	0.1049	0.6254	0.008	0.037	0.3896	0.025	0.9371	0.001	0.3257	0.007	0.7073	0.7263	0.002	0.7023	0.001	0.005	0.003	0.003	0.1758	0.042	0.003	0.004	0.001	0.011	0.7852	0.1708	0.2967	0.7972	0.1608	0.001	0.0729	0.003	0.1888	0.3766	0.1279	0.001	0.011	0.001	0.1109	0.04	0.001	0.005	0.011	0.001	0.0749	0.1329	0.2258	0.6254	0.001	0.2308	0.02	0.001	0.0839	0.0629	0.001	0.012	0.001	0.3177	0.03	0.002	0.001	0.001	0.005	0.9001	0.008	0.4436	0.001	0.5255	0.2737	0.002	0.001	0.001	0.038	0.1848	0.001	0.5924	0.8312	0.001	0.5894	1	0.5075	0.004	0.001	0.002	0.3666	0.2957	0.0509	0.034	0.011	0.044	0.2088	0.5275	0.012	0.001	0.003	0.0979	0.038	0.006	0.6903	0.2877	0.001	0.1229	0.0569	0.1469	0.4915	0.004	0.1349	0.3347	0.001	0.2897	0.4525	0.969	0.002	0.6633	0.026	0.001	0.01	0.0529	0.001	0.7163	0.01	0.001	0.6324	0.007	0.5235	0.001	0.002	0.001	0.049	0.034	0.2018	0.2118	0.2318	0.6004	0.001	0.007	0.1938	0.9351	0.044	0.047	0.986	0.8921	0.019	0.9171	0.0579	0.96	0.0859	0.7662	0.1109	0.2188	0.5375	0.007	0.008	0.2488	0.002	0.3536	0.4296	0.7942	0.8392	0.001	0.6174	0.1518	0.3616	0.1139	0.003	0.9331	0.001	0.001	0.005	0.006	0.6444	0.003	0.3676	0.0539	0.0609	0.001	0.8851	0.7572	0.001	0.1199	0.043	0.1708	0.001	0.001	0.9271	0.6394	0.3566	0.3866	0.2677	0.001	0.003	0.001	0.986	0.1329	0.019	0.8821	0.001	0.3876	0.5205	0.001	0.0819	0.0559	0.2058	0.0839	0.4146	0.7323	0.0649	0.7502	0.014	0.0819	0.001	0.007	0.03	0.6114	0.001	0.001	0.3297	0.4535	0.001	0.1389	0.2597	0.001	0.035	0.1059	0.007	0.962	0.015	0.019	0.4645	0.4386	0.001	0.001	0.2887	0.5185	0.8701	0.025	0.5954	0.5245	0.8422	0.3566	0.004	0.3556	0.9221	0.6663	0.031	0.7453	0.7203	0.5465	0.006	0.028	0.1129	0.001	0.1798	0.003	0.049	0.3866	0.001	0.4036	0.0849	0.001	0.004	0.6274	0.1219	0.1049	0.6124	0.001	0.022	0.002	0.001	0.002	0.8821	0.5285
Sg_D18_45	0.001	0.001	0.001	0.001	0.001	0.1049	0.001	0.5165	0.001	0.04	0.001	0.001	0.025	0.001	0.001	0.4585	0.011	0.001	0.001	0.01	0.1768	0.001	0.974	0.001	0.001	0.003	0.001	0.003	0.027	0.0709	0.031	0.001	0.004	0.001	0.001	0.0559	0.001	0.9051	0.001	0.6074	0.1568	0.04	0.001	0.025	0.001	0.001	0.016	0.001	0.035	0.002	0.9171	0.001	0.5405	0.001	0.2038	0.001	0.001	0.6903	0.033	0.001	0.7233	0.001	0.1938	0.001	0.001	0.034	0.001	0.001	0.001	0.001	0.6723	0.1049	0.025	0.002	0.0709	0.6144	0.0599	0.001	0.1638	0.001	0.003	0.001	0.001	0.5554	0.9321	0.5485	0.001	0.031	0.002	0.001	0.001	0.001	0.001	0.032	0.001	0.048	0.2338	0.001	0.1958	0.024	0.004	0.041	0.3946	0.001	0.1768	0.001	0.004	0.6593	0.001	0.9481	0.7213	0.02	0.4945	0.001	0.006	0.3506	0.001	0.001	0.2817	0.4076	0.001	0.001	0.001	0.001	0.001	0.2977	0.001	0.001	0.001	0.001	0.0969	0.001	0.8422	0.001	0.015	0.001	0.001	0.5075	1	0.001	0.001	0.1658	0.001	0.001	0.001	0.001	0.5345	0.047	0.001	0.001	0.957	0.3137	0.9431	0.4096	0.018	0.001	0.044	0.001	0.015	0.4725	0.003	0.004	0.001	0.0539	0.003	0.003	0.002	0.001	0.001	0.001	0.2997	0.003	0.003	0.2108	0.2048	0.3596	0.001	0.9121	0.011	0.001	0.001	0.001	0.1548	0.001	0.1958	0.3457	0.001	0.1219	0.001	0.004	0.5564	0.002	0.001	0.8951	0.001	0.001	0.2777	0.001	0.001	0.5165	0.001	0.001	0.2288	0.001	0.9141	0.001	0.026	0.015	0.003	0.001	0.7263	0.002	0.001	0.001	0.001	0.001	0.001	0.004	0.0919	0.1019	0.3427	0.001	0.001	0.002	0.7193	0.001	0.001	0.5584	0.001	0.001	0.019	0.1708	0.7243	0.001	0.004	0.001	0.9091	0.002	0.001	0.014	0.6464	0.002	0.001	0.4815	0.961	0.001	0.4565	0.1109	0.001	0.001	0.017	0.017	0.5914	0.001	0.1319	0.001	0.001	0.2098	0.002	0.018	0.001	0.001	0.1918	0.001	0.6164	0.001	0.7962	0.001	0.039	0.001	0.001	0.001	0.8372	0.5135	0.001	0.2757	0.5375	0.001	0.001	0.0619	0.5564	0.001	0.028	0.3506	0.004	0.6823	0.8322	0.006	0.5235	0.0749	0.001	0.015	0.001	0.1369	0.6533	0.001	0.001	0.002	0.9061	0.001	0.003	0.001	0.0969	0.001	0.002	0.001	0.008	0.002	0.006	0.953	0.1049	0.8691	0.5215	0.003	0.3157	0.001	0.001	0.6513	0.003	0.001	0.001	0.001	0.001	0.001	0.7083	0.03	0.005	0.003	0.006	0.001
Sg_E04_12	0.001	0.001	0.047	0.001	0.001	0.2737	0.005	0.005	0.001	0.002	0.001	0.028	0.0979	0.0899	0.1888	0.6693	0.0999	0.001	0.013	0.007	0.1508	0.971	0.002	0.039	0.001	0.041	0.003	0.3167	0.2917	0.1908	0.001	0.6374	0.001	0.001	0.0999	0.9271	0.001	0.0659	0.003	0.017	0.4735	0.9321	0.001	0.2677	0.012	0.5674	0.8062	0.001	0.9071	0.4236	0.002	0.002	0.049	0.001	0.003	0.001	0.001	0.002	0.3457	0.1169	0.3147	0.001	0.6603	0.001	0.004	0.001	0.009	0.001	0.001	0.001	0.001	0.2338	0.9241	0.001	0.001	0.011	0.023	0.001	0.001	0.001	0.9131	0.001	0.001	0.3776	0.5694	0.1858	0.2068	0.0589	0.0949	0.001	0.0529	0.6014	0.2358	0.6274	0.1089	0.9171	0.8382	0.002	0.0999	0.8072	0.6613	0.9031	0.001	0.001	0.2727	0.004	0.6104	0.1429	0.001	0.001	0.0769	0.2058	0.005	0.001	0.8232	0.1668	0.001	0.001	0.5944	0.005	0.001	0.001	0.001	0.032	0.001	0.004	0.008	0.001	0.002	0.001	0.967	0.001	0.005	0.001	0.3636	0.001	0.002	0.004	0.001	1	0.001	0.4116	0.001	0.005	0.003	0.001	0.6154	0.043	0.001	0.002	0.8302	0.017	0.1239	0.6234	0.0949	0.013	0.0779	0.027	0.0609	0.4446	0.6993	0.2777	0.004	0.0669	0.0649	0.001	0.001	0.001	0.003	0.003	0.024	0.0639	0.001	0.5255	0.8202	0.1229	0.001	0.8132	0.0509	0.3826	0.1319	0.001	0.004	0.001	0.005	0.3297	0.001	0.2148	0.001	0.1538	0.4156	1	0.025	0.8511	0.001	0.001	0.1838	0.001	0.018	0.1648	0.005	0.001	0.9311	0.009	0.001	0.001	0.2318	0.1658	0.4046	0.001	0.1249	0.001	0.001	0.001	0.004	0.001	0.001	0.6763	0.001	0.4076	0.6044	0.001	0.001	0.001	0.001	0.001	0.001	0.6054	0.001	0.0509	0.1469	0.2847	0.4775	0.001	0.001	0.002	0.001	0.0679	0.001	0.4635	0.007	0.8571	0.001	0.9471	0.953	0.001	0.2478	0.1049	0.001	0.001	0.3666	0.1449	0.0709	0.001	0.1578	0.047	0.007	0.1888	0.0749	0.4346	0.001	0.001	0.022	0.001	0.4126	0.001	0.006	0.001	0.9191	0.001	0.001	0.001	0.001	0.014	0.003	0.5804	0.5814	0.001	0.008	0.0729	0.001	0.001	0.001	0.1508	0.9071	0.0779	0.4326	0.1249	0.001	0.2987	0.001	0.001	0.001	0.004	0.0909	0.001	0.001	0.3367	0.8472	0.001	0.016	0.001	0.3017	0.001	0.6823	0.002	0.003	0.001	0.6943	0.001	0.04	0.005	0.035	0.2478	0.0779	0.036	0.001	0.0779	0.001	0.001	0.001	0.001	0.001	0.8811	0.6973	0.0639	0.2807	0.001	0.5135	0.001
Sg_E06_10	0.001	0.001	0.2378	0.001	0.001	0.1189	0.001	0.011	0.001	0.002	0.001	0.5864	0.5524	0.001	0.4256	0.1618	0.4885	0.001	0.041	0.1658	0.5345	0.004	0.1059	0.001	0.001	0.001	0.001	0.023	0.7972	0.3167	0.001	0.002	0.001	0.001	0.008	0.6803	0.001	0.5315	0.002	0.022	0.3147	0.5355	0.001	0.1628	0.002	0.7912	0.026	0.001	0.1419	0.1169	0.002	0.001	0.0709	0.001	0.001	0.001	0.001	0.0659	0.5804	0.002	0.2637	0.001	0.8022	0.001	0.046	0.001	0.001	0.001	0.001	0.001	0.044	0.8601	0.98	0.001	0.013	0.1608	0.1678	0.001	0.001	0.001	0.3187	0.001	0.001	0.4166	0.6683	0.8681	0.004	0.01	0.001	0.001	0.001	0.012	0.008	0.0509	0.1189	0.5365	0.006	0.001	0.008	0.7173	0.3626	0.8521	0.05	0.001	0.7962	0.033	0.5784	0.0879	0.001	0.001	0.9391	0.1299	0.2657	0.001	0.0609	0.1279	0.001	0.001	0.3387	0.011	0.001	0.001	0.001	0.037	0.001	0.007	0.001	0.001	0.001	0.001	0.2078	0.001	0.001	0.001	0.007	0.001	0.001	0.001	0.001	0.001	1	0.1099	0.001	0.005	0.3856	0.001	0.8002	0.04	0.001	0.017	0.5564	0.0709	0.7952	0.0979	0.0839	0.019	0.7922	0.1518	0.001	0.034	0.6833	0.1658	0.002	0.01	0.018	0.009	0.001	0.001	0.001	0.001	0.0769	0.042	0.001	0.1109	0.3596	0.3616	0.001	0.2248	0.996	0.5085	0.001	0.001	0.013	0.001	0.009	0.3976	0.001	0.2438	0.001	0.028	0.3966	0.014	0.008	0.7832	0.001	0.001	0.5375	0.001	0.0659	0.3946	0.005	0.001	0.5704	0.002	0.0879	0.001	0.007	0.023	0.6633	0.001	0.035	0.002	0.001	0.001	0.008	0.001	0.001	0.8611	0.028	0.7732	0.8701	0.001	0.001	0.001	0.034	0.001	0.001	0.6234	0.001	0.1179	0.4396	0.7463	0.981	0.001	0.004	0.012	0.01	0.0909	0.001	0.037	0.041	0.3307	0.001	0.95	0.8192	0.001	0.02	0.0549	0.001	0.001	0.0769	0.001	0.5435	0.001	0.5934	0.003	0.001	0.023	0.1578	0.8492	0.001	0.001	0.7213	0.001	0.2438	0.001	0.2687	0.001	0.5674	0.001	0.001	0.001	0.002	0.0679	0.001	0.8052	0.1349	0.001	0.01	0.0949	0.004	0.001	0.001	0.0729	0.2338	0.1159	0.8721	0.2478	0.1858	0.004	0.001	0.001	0.001	0.2438	0.2158	0.001	0.001	0.3367	0.5035	0.001	0.001	0.001	0.8761	0.001	0.2338	0.001	0.0959	0.001	0.6254	0.002	0.5894	0.1379	0.2118	0.001	0.001	0.0509	0.001	0.004	0.001	0.001	0.001	0.001	0.001	0.6184	0.5794	0.023	0.2587	0.001	0.5734	0.001
Sg_E06_24	0.5355	0.4436	0.7173	0.3147	0.7103	0.0619	0.7203	0.018	0.7403	0.4466	0.0649	0.2697	0.4136	0.1528	0.6044	0.001	0.964	0.3766	0.3307	0.0909	0.8172	0.7892	0.0699	0.8122	0.2088	0.4995	0.6224	0.015	0.4645	0.1189	0.1299	0.6054	0.2398	0.7542	0.2348	0.0849	0.5195	0.2058	0.1528	0.0589	0.017	0.01	0.95	0.0679	0.4995	0.045	0.4136	0.8372	0.3217	0.3307	0.003	0.8871	0.001	0.0649	0.001	0.018	0.5365	0.2747	0.6613	0.3297	0.001	0.0759	0.1339	0.2917	0.6474	0.016	0.008	0.8022	0.4775	0.3746	0.6553	0.8282	0.5834	0.3906	0.1868	0.97	0.3027	0.3227	0.3197	0.6314	0.3746	0.7393	0.9191	0.3307	0.001	0.3776	0.0509	0.001	0.988	0.4715	0.5465	0.0519	0.0859	0.022	0.1409	0.001	0.2587	0.4715	0.001	0.6214	0.2697	0.6643	0.2607	0.5894	0.008	0.1449	0.02	0.1628	0.4256	0.022	0.6134	0.6104	0.0729	0.8701	0.3367	0.027	0.5524	0.7123	0.3277	0.001	0.981	0.018	0.1738	0.2737	0.048	0.2128	0.4615	0.989	0.4416	0.0969	0.001	0.3826	0.4446	0.8092	0.1818	0.4585	0.016	0.002	0.1658	0.4116	0.1099	1	0.2378	0.019	0.8551	0.5345	0.001	0.1848	0.1429	0.2008	0.001	0.001	0.001	0.7093	0.7203	0.0629	0.03	0.4176	0.3437	0.2527	0.0819	0.4815	0.8182	0.3397	0.1379	0.6593	0.3846	0.4515	0.1259	0.1628	0.6274	0.2028	0.1798	0.0519	0.013	0.001	0.2877	0.008	0.5984	0.2677	0.3217	0.4086	0.2038	0.001	0.962	0.7303	0.6444	0.0619	0.0889	0.5415	0.6294	0.009	0.7483	0.001	0.9331	0.0689	0.001	0.2907	0.1668	0.1508	0.2577	0.7522	0.8691	0.7123	0.6943	0.02	0.1778	0.004	0.2468	0.1279	0.002	0.2488	0.1399	0.4446	0.0679	0.8941	0.3516	0.04	0.7852	0.0959	0.001	0.0919	0.1808	0.0649	0.5884	0.956	0.7822	0.001	0.5894	0.2507	0.7632	0.0819	0.001	0.3546	0.3686	0.6553	0.1818	0.5594	0.1009	0.1099	0.001	0.016	0.968	0.8222	0.0869	0.2837	0.0789	0.003	0.8701	0.0539	0.027	0.7722	0.011	0.4555	0.4256	0.1798	0.037	0.0619	0.1149	0.014	0.6214	0.3886	0.003	0.994	0.001	0.4046	0.983	0.1149	0.009	0.4825	0.0939	0.0959	0.0559	0.7323	0.044	0.012	0.001	0.5105	0.015	0.003	0.5764	0.5115	0.046	0.0529	0.8981	0.1698	0.8791	0.6324	0.6563	0.001	0.8412	0.6474	0.5514	0.2917	0.0669	0.8501	0.1708	0.011	0.001	0.8292	0.8521	0.2298	0.8202	0.8472	0.029	0.022	0.001	0.8322	0.002	0.001	0.1558	0.1169	0.005	0.037	0.006	0.4825	0.4805	0.0939	0.5455	0.5425	0.001	0.2428	0.4336	0.04	0.001	0.4535	0.012	0.1299	0.0929	0.6444
Sg_E10_50	0.001	0.001	0.001	0.008	0.001	0.4436	0.001	0.2128	0.001	0.001	0.001	0.001	0.9011	0.018	0.1978	0.1618	0.2268	0.001	0.2957	0.3437	0.9051	0.2627	0.3566	0.1089	0.004	0.1628	0.008	0.1289	0.014	0.004	0.01	0.1319	0.001	0.001	0.024	0.047	0.001	0.1219	0.1359	0.954	0.039	0.4266	0.001	0.6054	0.001	0.008	0.4346	0.002	0.1129	0.2338	0.96	0.001	0.5435	0.001	0.8002	0.001	0.003	0.025	0.7552	0.0839	0.3297	0.001	0.048	0.001	0.3876	0.1239	0.2298	0.001	0.001	0.002	0.1339	0.4296	0.024	0.001	0.1109	0.3706	0.009	0.001	0.049	0.001	0.015	0.001	0.001	0.1538	0.8322	0.6653	0.005	0.0539	0.0619	0.007	0.026	0.0649	0.015	0.1548	0.002	0.03	0.1449	0.045	0.3367	0.009	0.037	0.1059	0.02	0.002	0.002	0.4096	0.003	0.016	0.001	0.7712	0.6134	0.0569	0.997	0.001	0.034	0.1558	0.001	0.001	0.1738	0.1508	0.001	0.01	0.002	0.7712	0.001	0.001	0.0789	0.001	0.032	0.001	0.4585	0.001	0.0579	0.001	0.2488	0.003	0.3586	0.3666	0.001	0.001	0.001	0.2378	1	0.004	0.003	0.007	0.034	0.017	0.003	0.015	0.3836	0.7133	0.009	0.3606	0.011	0.006	0.2917	0.6653	0.018	0.4036	0.8601	0.4466	0.001	0.1788	0.2328	0.005	0.032	0.001	0.006	0.003	0.3177	0.2388	0.011	0.0699	0.0599	0.0579	0.001	0.8821	0.1259	0.001	0.016	0.001	0.013	0.0939	0.0939	0.2028	0.001	0.2378	0.001	0.5195	0.6454	0.7692	0.004	0.1219	0.001	0.033	0.0619	0.001	0.1139	0.2438	0.003	0.001	0.3586	0.001	0.4286	0.002	0.1439	0.966	0.7213	0.001	0.0729	0.012	0.001	0.001	0.0549	0.001	0.001	0.0839	0.009	0.0929	0.6254	0.001	0.001	0.04	0.1259	0.001	0.001	0.1139	0.001	0.001	0.3287	0.001	0.1878	0.001	0.0679	0.005	0.2378	0.99	0.004	0.2507	0.7033	0.0649	0.001	0.7972	0.3946	0.001	0.0619	0.1628	0.001	0.002	0.5514	0.4805	0.008	0.001	0.8851	0.027	0.016	0.1199	0.001	0.007	0.001	0.013	0.4585	0.001	0.1419	0.001	0.4286	0.001	0.009	0.001	0.006	0.021	0.5365	0.1459	0.1019	0.9371	0.1419	0.001	0.041	0.041	0.002	0.006	0.02	0.3377	0.018	0.5075	0.043	0.8342	0.4795	0.3407	0.001	0.001	0.001	0.001	0.1009	0.001	0.001	0.6404	0.047	0.001	0.001	0.001	0.001	0.001	0.1469	0.001	0.001	0.001	0.004	0.4665	0.026	0.5744	0.3696	0.5704	0.2328	0.016	0.002	0.6484	0.001	0.001	0.012	0.001	0.001	0.002	0.1938	0.2697	0.03	0.003	0.1219	0.003
Sg_EA47_17	0.011	0.003	0.001	0.012	0.006	0.3726	0.006	0.5614	0.001	0.4246	0.003	0.5664	0.001	0.002	0.016	0.8901	0.001	0.002	0.001	0.001	0.8591	0.995	0.1209	0.4735	0.003	0.6633	0.045	0.8112	0.5694	0.7393	0.021	0.3656	0.003	0.002	0.006	0.8012	0.001	0.9061	0.2697	0.1618	0.8252	0.008	0.2448	0.006	0.014	0.1119	0.1439	0.1339	0.6434	0.2118	0.1139	0.015	0.981	0.02	0.2028	0.001	0.002	0.1029	0.0689	0.039	0.3257	0.002	0.5644	0.001	0.001	0.007	0.026	0.2118	0.002	0.002	0.2707	0.001	0.045	0.0659	0.007	0.1029	0.004	0.036	0.009	0.0529	0.5245	0.042	0.001	0.9001	0.986	0.5534	0.021	0.1009	0.039	0.017	0.3157	0.001	0.001	0.3317	0.4326	0.4855	0.3067	0.026	0.8292	0.2288	0.0659	0.9331	0.015	0.1548	0.8482	0.001	0.047	0.3976	0.001	0.0859	0.4765	0.012	0.2557	0.045	0.1159	0.8262	0.027	0.024	0.7532	0.4645	0.008	0.029	0.005	0.001	0.001	0.2228	0.02	0.002	0.0829	0.002	0.039	0.001	0.2358	0.001	0.2468	0.002	0.001	0.2957	0.001	0.005	0.005	0.019	0.004	1	0.001	0.0729	0.7333	0.2837	0.013	0.001	0.4296	0.3906	0.1868	0.0739	0.1758	0.1758	0.007	0.001	0.3666	0.3157	0.0639	0.001	0.001	0.5834	0.2827	0.032	0.1479	0.001	0.001	0.001	0.6813	0.001	0.2258	0.7253	0.4256	0.4486	0.001	0.0659	0.0679	0.3986	0.047	0.007	0.9281	0.003	0.4466	0.3546	0.001	0.026	0.002	0.001	0.7133	0.025	0.4416	0.039	0.007	0.001	0.5065	0.001	0.001	0.6763	0.013	0.001	0.1199	0.001	0.029	0.015	0.1169	0.034	0.3646	0.001	0.8422	0.001	0.01	0.001	0.001	0.001	0.001	0.3766	0.001	0.6703	0.025	0.966	0.003	0.001	0.3816	0.009	0.004	0.4496	0.001	0.043	0.5005	0.5904	0.0779	0.6064	0.011	0.001	0.0549	0.001	0.036	0.1758	0.2977	0.5644	0.002	0.0969	0.7013	0.0639	0.4186	0.9431	0.02	0.013	0.045	0.0809	0.7143	0.001	0.017	0.001	0.002	0.0939	0.2877	0.1109	0.001	0.005	0.0839	0.001	0.009	0.001	0.5475	0.007	0.4615	0.014	0.0859	0.001	0.4306	0.4466	0.001	0.8631	0.3457	0.002	0.013	0.3157	0.2507	0.018	0.0599	0.3217	0.2268	0.5455	0.048	0.001	0.0789	0.009	0.001	0.003	0.013	0.003	0.5105	0.001	0.001	0.005	0.2458	0.001	0.0789	0.003	0.1618	0.001	0.006	0.025	0.025	0.0539	0.8781	0.0629	0.7203	0.5085	0.7582	0.004	0.4176	0.0559	0.014	0.999	0.2967	0.001	0.001	0.001	0.001	0.3227	0.4256	0.3566	0.7403	0.001	0.6234	0.006
Sg_EA47_9	0.6673	0.001	0.041	0.012	0.3197	0.002	0.3836	0.0869	0.002	0.6464	0.1089	0.05	0.002	0.014	0.002	0.5504	0.05	0.003	0.001	0.002	0.6224	0.5674	0.6234	0.7972	0.4555	0.0889	0.0609	0.7762	0.0559	0.3157	0.1259	0.1479	0.0959	0.005	0.025	0.1508	0.002	0.978	0.2058	0.9441	0.9441	0.2547	0.1019	0.7293	0.001	0.012	0.1958	0.3357	0.1508	0.007	0.4945	0.5315	0.2557	0.1129	0.0529	0.0589	0.02	0.3546	0.3147	0.006	0.6094	0.011	0.977	0.001	0.004	0.042	0.1179	0.0729	0.0849	0.2178	0.8831	0.0619	0.0909	0.4436	0.4575	0.6633	0.1908	0.1349	0.3147	0.3017	0.004	0.1918	0.001	0.98	0.7273	0.5135	0.7203	0.3467	0.9481	0.5634	0.6673	0.1039	0.016	0.008	0.1229	0.009	0.032	0.8651	0.028	0.045	0.1738	0.1289	0.3966	0.6284	0.6503	0.001	0.005	0.9431	0.017	0.043	0.5175	0.1019	0.7632	0.1129	0.021	0.96	0.3556	0.4106	0.8342	0.1199	0.1289	0.005	0.1139	0.001	0.0809	0.7483	0.2018	0.1199	0.6464	0.0979	0.7632	0.0869	0.004	0.017	0.5974	0.3307	0.003	0.0509	0.001	0.003	0.3856	0.8551	0.003	0.001	1	0.038	0.4306	0.7692	0.008	0.001	0.7902	0.048	0.5385	0.3167	0.038	0.024	0.1089	0.001	0.035	0.5734	0.005	0.002	0.002	0.2587	0.042	0.1139	0.3996	0.001	0.021	0.0789	0.3277	0.039	0.0749	0.01	0.96	0.1219	0.0829	0.3706	0.045	0.004	0.024	0.5415	0.7063	0.033	0.4296	0.1199	0.022	0.1309	0.002	0.002	0.2657	0.2887	0.0809	0.6713	0.1169	0.029	0.1688	0.007	0.002	0.3946	0.1429	0.001	0.2468	0.0549	0.8671	0.0679	0.8432	0.1938	0.994	0.0909	0.4735	0.1538	0.4016	0.001	0.004	0.016	0.001	0.03	0.6164	0.1808	0.2747	0.6194	0.0659	0.021	0.5005	0.036	0.0589	0.8861	0.001	0.003	0.0879	0.5105	0.4995	0.5954	0.05	0.002	0.8501	0.002	0.2537	0.028	0.041	0.004	0.001	0.7123	0.028	0.037	0.1329	0.04	0.3966	0.9391	0.1309	0.2837	0.8362	0.001	0.3447	0.0529	0.0559	0.5485	0.1928	0.022	0.002	0.005	0.7792	0.017	0.041	0.013	0.2438	0.007	0.028	0.1309	0.3237	0.0659	0.1728	0.4176	0.003	0.6324	0.971	0.001	0.0939	0.04	0.5035	0.041	0.1079	0.6863	0.4206	0.3017	0.6424	0.005	0.2068	0.6993	0.002	0.002	0.043	0.022	0.7792	0.002	0.007	0.018	0.9131	0.002	0.8761	0.041	0.0519	0.01	0.0839	0.0679	0.03	0.008	0.016	0.2118	0.1179	0.3147	0.037	0.1089	0.4835	0.7672	0.002	0.025	0.3636	0.014	0.011	0.0629	0.016	0.001	0.8521	0.4226	0.006	0.1439	0.6743	0.015
Sg_EA57_9	0.001	0.001	0.6314	0.001	0.001	0.2218	0.005	0.8442	0.001	0.001	0.001	0.8861	0.4825	0.001	0.005	0.6593	0.4835	0.001	0.004	0.1069	0.8711	0.004	0.2408	0.001	0.024	0.001	0.001	0.2617	0.4955	0.7662	0.001	0.001	0.001	0.001	0.008	0.4416	0.001	0.043	0.001	0.1269	0.4785	0.4825	0.001	0.4286	0.001	0.039	0.0659	0.001	0.0679	0.001	0.2078	0.006	0.8971	0.001	0.004	0.001	0.001	0.4196	0.5884	0.004	0.7762	0.001	0.5884	0.001	0.1439	0.001	0.005	0.001	0.001	0.001	0.007	0.1828	0.3097	0.001	0.003	0.1459	0.7862	0.001	0.015	0.001	0.009	0.001	0.001	0.8911	0.2777	0.9161	0.002	0.026	0.001	0.002	0.001	0.001	0.1768	0.4815	0.4286	0.1369	0.005	0.001	0.998	0.7762	0.0679	0.2717	0.5395	0.001	0.3936	0.009	0.046	0.2607	0.001	0.1159	0.5654	0.8302	0.3916	0.001	0.01	0.006	0.001	0.001	0.5824	0.2967	0.001	0.001	0.001	0.004	0.001	0.0639	0.001	0.001	0.001	0.001	0.5574	0.001	0.6613	0.001	0.001	0.001	0.006	0.034	0.001	0.001	0.001	0.5345	0.007	0.0729	0.038	1	0.5225	0.001	0.001	0.0959	0.5984	0.7752	0.3506	0.0919	0.014	0.001	0.8901	0.03	0.002	0.002	0.1219	0.02	0.027	0.2877	0.01	0.001	0.001	0.001	0.001	0.004	0.1329	0.1269	0.001	0.6234	0.6134	0.0839	0.001	0.6404	0.024	0.2687	0.007	0.001	0.008	0.001	0.027	0.1489	0.001	0.3546	0.001	0.014	0.2268	0.026	0.002	0.1658	0.001	0.001	0.046	0.001	0.014	0.006	0.001	0.001	0.7073	0.007	0.3057	0.001	0.001	0.1099	0.018	0.001	0.5574	0.006	0.001	0.001	0.019	0.001	0.001	0.047	0.0699	0.6034	0.4306	0.001	0.001	0.002	0.017	0.001	0.001	0.4655	0.001	0.027	0.019	0.2747	0.5904	0.001	0.002	0.009	0.039	0.008	0.001	0.3387	0.961	0.011	0.001	0.4066	0.7073	0.001	0.0749	0.3866	0.001	0.001	0.016	0.001	0.1009	0.001	0.4036	0.0769	0.002	0.016	0.3956	0.2278	0.001	0.001	0.957	0.001	0.8701	0.001	0.04	0.001	0.04	0.001	0.001	0.002	0.019	0.047	0.018	0.034	0.8422	0.001	0.1479	0.2498	0.009	0.001	0.003	0.041	0.1009	0.3027	0.9211	0.1598	0.6004	0.0769	0.001	0.005	0.001	0.99	0.035	0.001	0.001	0.2677	0.5924	0.001	0.003	0.001	0.2727	0.001	0.05	0.007	0.013	0.001	0.5165	0.2827	0.3107	0.001	0.7273	0.007	0.0679	0.4895	0.001	0.1099	0.001	0.001	0.001	0.002	0.001	0.0669	0.3856	0.027	0.4186	0.001	0.6014	0.001
Sg_EA61_27	0.4655	0.1469	0.7682	0.7562	0.7273	0.008	0.8631	0.1139	0.2567	0.8631	0.2258	0.3606	0.7802	0.6733	0.1818	0.002	0.6783	0.8601	0.6893	0.5884	0.3526	0.9081	0.007	0.7802	0.8362	0.8172	0.99	0.042	0.9101	0.5245	0.4196	0.3197	0.7293	0.0739	0.3656	0.6494	0.2847	0.4106	0.7143	0.6004	0.1818	0.0779	0.1079	0.3137	0.9071	0.046	0.2967	0.1858	0.2987	0.0949	0.029	0.7512	0.001	0.4016	0.002	0.1119	0.4655	0.2078	0.8651	0.5205	0.001	0.954	0.3397	0.6963	0.2887	0.8082	0.001	0.1898	0.2657	0.7562	0.1309	0.3846	0.6184	0.7473	0.5554	0.3117	0.5514	0.6643	0.7433	0.5295	0.3317	0.8472	0.1219	0.2897	0.001	0.4386	0.0539	0.001	0.6374	0.2068	0.0909	0.2717	0.1399	0.1299	0.1568	0.007	0.6853	0.5365	0.027	0.3347	0.4865	0.1708	0.7243	0.9301	0.046	0.4975	0.002	0.8472	0.4725	0.3197	0.2418	0.1898	0.1938	0.0669	0.5644	0.1768	0.2158	0.05	0.4595	0.001	0.1329	0.0829	0.4745	0.8392	0.7892	0.0599	0.8452	0.1419	0.6723	0.4426	0.002	0.6943	0.0889	0.1928	0.0809	0.3956	0.6184	0.011	0.5345	0.6154	0.8002	0.001	0.034	0.7333	0.4306	0.5225	1	0.034	0.9051	0.7552	0.001	0.012	0.001	0.951	0.5714	0.048	0.1019	0.4835	0.1638	0.4116	0.1159	0.983	0.3117	0.8591	0.5415	0.0649	0.1049	0.1858	0.9051	0.4545	0.992	0.957	0.5135	0.011	0.003	0.001	0.4196	0.001	0.4446	0.3017	0.7493	0.4985	0.0909	0.1538	0.2428	0.3347	0.2557	0.1588	0.6833	0.8921	0.6084	0.1059	0.6064	0.001	0.6034	0.4256	0.001	0.6973	0.7972	0.3856	0.024	0.5614	0.5584	0.8751	0.8022	0.9061	0.1179	0.002	0.3656	0.4565	0.001	0.956	0.9061	0.3836	0.992	0.7423	0.8911	0.002	0.9301	0.0889	0.001	0.012	0.971	0.1768	0.1159	0.3516	0.0849	0.001	0.8142	0.1439	0.4625	0.037	0.001	0.0769	0.1548	0.6084	0.4835	0.9181	0.3996	0.2837	0.011	0.009	0.4765	0.1489	0.1169	0.0759	0.2028	0.02	0.031	0.4945	0.007	0.7562	0.0749	0.5744	0.6324	0.2877	0.1299	0.7073	0.027	0.001	0.2807	0.5964	0.028	0.4406	0.001	0.5495	0.9471	0.0849	0.0879	0.4515	0.2198	0.6114	0.0879	0.7493	0.9211	0.011	0.001	0.2368	0.2378	0.048	0.2098	0.991	0.3666	0.2847	0.8432	0.2168	0.4076	0.8731	0.9171	0.001	0.6234	0.6853	0.9281	0.5634	0.1269	0.1878	0.8222	0.045	0.001	0.1868	0.6993	0.3596	0.992	0.2328	0.3457	0.0699	0.001	0.1119	0.002	0.002	0.3197	0.1059	0.3516	0.3297	0.1419	0.4685	0.992	0.3806	0.7992	0.5804	0.001	0.9281	0.4585	0.0949	0.001	0.6643	0.035	0.5914	0.1728	0.4256
Sg_EB03_22	0.028	0.038	0.7592	0.6673	0.022	0.001	0.1329	0.01	0.011	0.004	0.1009	0.5974	0.2797	0.001	0.003	0.5814	0.9271	0.001	0.0759	0.1608	0.6214	0.0579	0.2388	0.001	0.1508	0.1479	0.018	0.4376	1	0.2188	0.1768	0.3017	0.0639	0.001	0.039	0.2298	0.001	0.1199	0.035	0.008	0.0719	0.1199	0.0969	0.1159	0.001	0.0679	0.4865	0.0769	0.009	0.001	0.6024	0.0869	0.0719	0.004	0.0609	0.027	0.011	0.7692	0.4276	0.023	0.019	0.1129	0.965	0.015	0.2178	0.6643	0.1059	0.031	0.002	0.0619	0.1758	0.2418	0.005	0.001	0.3177	0.987	0.2248	0.001	0.8791	0.7303	0.003	0.0799	0.001	0.7443	0.3996	0.6503	0.001	0.04	0.2418	0.008	0.002	0.002	0.019	0.1029	0.6923	0.0549	0.4286	0.006	0.007	0.6963	0.001	0.0769	0.4386	0.001	0.6114	0.043	0.001	0.017	0.004	0.0689	0.6843	0.01	0.0659	0.011	0.003	0.1289	0.002	0.001	0.3586	0.004	0.0769	0.047	0.001	0.1379	0.0529	0.003	0.0709	0.041	0.036	0.006	0.3706	0.004	0.1289	0.001	0.0669	0.1229	0.049	0.044	0.047	0.043	0.04	0.1848	0.017	0.2837	0.7692	0.001	0.034	1	0.001	0.2967	0.037	0.002	0.017	0.7502	0.018	0.001	0.2488	0.1269	0.04	0.1079	0.1429	0.3636	0.7912	0.001	0.011	0.001	0.026	0.1159	0.001	0.3786	0.966	0.6144	0.028	0.001	0.0769	0.024	0.021	0.8621	0.001	0.1668	0.9391	0.001	0.025	0.025	0.2428	0.035	0.001	0.0769	0.0929	0.1828	0.0679	0.018	0.001	0.007	0.005	0.003	0.004	0.0559	0.1548	0.0539	0.001	0.001	0.1379	0.041	0.5105	0.001	0.019	0.9371	0.039	0.049	0.7493	0.1788	0.025	0.001	0.3077	0.002	0.003	0.004	0.1209	0.1279	0.8681	0.1948	0.995	0.2907	0.3207	0.3886	0.001	0.011	0.001	0.002	0.1508	0.5554	0.3766	0.034	0.018	0.007	0.8751	0.0949	0.001	0.3347	0.036	0.001	0.001	0.2038	0.7413	0.007	0.9221	0.001	0.024	0.5784	0.3347	0.5495	0.6773	0.006	0.2348	0.0569	0.015	0.2697	0.8791	0.9021	0.001	0.003	0.043	0.001	0.0799	0.001	0.0589	0.2328	0.002	0.0659	0.015	0.045	0.4885	0.9431	0.1029	0.1369	0.017	0.005	0.0729	0.03	0.5075	0.001	0.961	0.1778	0.001	0.6573	0.5005	0.0749	0.038	0.5245	0.001	0.3477	0.024	0.2687	0.2438	0.005	0.002	0.8192	0.012	0.009	0.001	0.007	0.4476	0.017	0.3457	0.7992	0.039	0.001	0.8252	0.01	0.1109	0.2208	0.6044	0.036	0.989	0.7902	0.001	0.1499	0.2887	0.001	0.3107	0.2278	0.001	0.002	0.011	0.4466	0.005	0.0609	0.3746	0.005
Sg_EB08_12	0.001	0.001	0.004	0.001	0.001	0.7832	0.001	0.8132	0.001	0.001	0.001	0.2418	0.6244	0.001	0.01	0.5504	0.5664	0.001	0.005	0.0529	0.5355	0.006	0.1638	0.001	0.001	0.001	0.001	0.8571	0.0739	0.988	0.001	0.006	0.001	0.001	0.007	0.7433	0.001	0.5285	0.001	0.3407	0.985	0.7882	0.001	0.986	0.001	0.041	0.1898	0.001	0.1199	0.01	0.1199	0.001	0.0899	0.001	0.0559	0.001	0.001	0.3636	0.8671	0.005	0.3227	0.001	0.4535	0.001	0.1578	0.007	0.001	0.001	0.001	0.001	0.1009	0.8132	0.027	0.001	0.003	0.1808	0.2627	0.001	0.005	0.001	0.02	0.001	0.001	0.3656	0.5035	0.6733	0.003	0.007	0.003	0.001	0.001	0.003	0.1948	0.5345	0.2208	0.2817	0.0629	0.001	0.6104	0.5924	0.042	0.0999	0.3247	0.001	0.8102	0.002	0.1149	0.3347	0.001	0.2937	0.7113	0.7343	0.5385	0.001	0.039	0.1748	0.001	0.001	0.2687	0.6234	0.001	0.001	0.001	0.006	0.001	0.015	0.001	0.001	0.001	0.001	0.4585	0.001	0.3686	0.001	0.018	0.001	0.002	0.2088	0.001	0.001	0.001	0.1429	0.003	0.013	0.008	0.001	0.9051	0.001	1	0.008	0.5964	0.8711	0.8092	0.7632	0.008	0.001	0.8501	0.021	0.014	0.013	0.0689	0.0509	0.034	0.1199	0.003	0.001	0.001	0.001	0.001	0.001	0.0889	0.0969	0.001	0.7542	0.8871	0.6953	0.001	0.6394	0.003	0.0969	0.009	0.001	0.5055	0.001	0.048	0.1379	0.001	0.993	0.001	0.041	0.2458	0.0909	0.001	0.6623	0.001	0.002	0.6803	0.001	0.016	0.4386	0.001	0.001	0.3556	0.001	0.2557	0.001	0.001	0.0609	0.033	0.001	0.7293	0.015	0.001	0.001	0.002	0.001	0.001	0.042	0.041	0.7782	0.4865	0.003	0.001	0.001	0.1089	0.001	0.001	0.9371	0.001	0.0609	0.016	0.972	0.7722	0.001	0.004	0.047	0.2957	0.016	0.001	0.1878	0.5714	0.022	0.001	0.5155	0.3307	0.001	0.2597	0.2248	0.001	0.001	0.023	0.001	0.7173	0.001	0.5884	0.1269	0.001	0.4486	0.2468	0.4575	0.001	0.001	0.98	0.001	0.2877	0.001	0.036	0.001	0.0759	0.001	0.001	0.005	0.005	0.031	0.004	0.2917	0.2907	0.001	0.1079	0.7842	0.1918	0.001	0.014	0.3477	0.0729	0.5564	0.973	0.2907	0.8931	0.028	0.001	0.009	0.001	0.3526	0.5504	0.001	0.001	0.1069	0.8182	0.001	0.001	0.001	0.983	0.001	0.3347	0.001	0.01	0.002	0.6134	0.5075	0.5984	0.03	0.8252	0.005	0.5045	0.013	0.001	0.044	0.001	0.001	0.002	0.001	0.001	0.1019	0.8052	0.001	0.1958	0.001	0.2308	0.001
Sg_EB09_7	0.025	0.002	0.001	0.013	0.031	0.5345	0.005	0.9371	0.001	0.984	0.001	0.6773	0.001	0.012	0.002	0.1958	0.001	0.004	0.001	0.001	0.7303	0.7013	0.5914	0.7622	0.011	0.6094	0.1119	0.5225	0.7512	1	0.1079	0.7453	0.006	0.001	0.005	0.8212	0.001	0.7123	0.2987	0.016	0.6254	0.026	0.3317	0.016	0.014	0.2068	0.0969	0.023	0.985	0.1349	0.1808	0.0579	0.9251	0.046	0.2028	0.002	0.003	0.3936	0.039	0.031	0.8052	0.002	0.5574	0.001	0.001	0.029	0.03	0.1439	0.008	0.003	0.8302	0.001	0.037	0.1049	0.021	0.2707	0.01	0.043	0.036	0.0699	0.5315	0.047	0.001	0.3397	0.6274	0.8721	0.027	0.2857	0.0989	0.018	0.4296	0.003	0.002	0.3846	0.6114	0.5844	0.6154	0.047	0.7343	0.9281	0.1898	0.6424	0.0819	0.3896	0.6793	0.001	0.1399	0.3357	0.008	0.0859	0.2997	0.0689	0.2168	0.028	0.0839	0.8881	0.038	0.025	0.7762	0.3616	0.034	0.029	0.003	0.001	0.003	0.4855	0.023	0.005	0.1369	0.002	0.1229	0.001	0.3117	0.005	0.3287	0.018	0.001	0.5275	0.001	0.002	0.017	0.2008	0.015	0.001	0.001	0.0959	0.7552	0.2967	0.008	1	0.9171	0.3437	0.6943	0.034	0.5574	0.2338	0.012	0.001	0.7822	0.3866	0.3506	0.001	0.001	0.8452	0.2767	0.004	0.1648	0.001	0.001	0.001	0.5385	0.001	0.0669	0.8192	0.4805	0.1099	0.011	0.1698	0.0839	0.2458	0.1069	0.003	0.4865	0.002	0.9261	0.2038	0.003	0.0679	0.002	0.001	0.8531	0.0759	0.6573	0.1958	0.009	0.001	0.1009	0.005	0.001	0.8781	0.001	0.001	0.1878	0.002	0.018	0.049	0.3986	0.0839	0.3107	0.001	0.6713	0.001	0.033	0.001	0.001	0.007	0.001	0.5435	0.001	0.7003	0.1419	0.7592	0.004	0.001	0.9361	0.019	0.014	0.8312	0.001	0.014	0.7443	0.6054	0.1808	0.6943	0.029	0.007	0.1159	0.001	0.1309	0.2128	0.2987	0.4975	0.002	0.3856	0.8252	0.1249	0.4346	0.6933	0.035	0.0719	0.009	0.0979	0.989	0.001	0.005	0.002	0.007	0.035	0.7522	0.02	0.001	0.004	0.1109	0.004	0.038	0.001	0.8741	0.009	0.964	0.017	0.3646	0.001	0.9281	0.965	0.001	0.7113	0.8202	0.001	0.003	0.3257	0.4486	0.021	0.045	0.6334	0.1399	0.6344	0.024	0.001	0.1289	0.022	0.001	0.001	0.006	0.001	0.8601	0.003	0.001	0.001	0.8302	0.001	0.1868	0.003	0.009	0.011	0.002	0.024	0.007	0.03	0.8382	0.1159	0.6464	0.4106	0.4545	0.001	0.4456	0.1958	0.012	0.7413	0.6783	0.001	0.001	0.001	0.002	0.3536	0.999	0.8052	0.99	0.022	0.8382	0.006
Sg_EB10_11	0.5355	0.3317	0.999	0.7483	0.5904	0.02	0.4056	0.025	0.7013	0.973	0.1968	0.8771	0.9141	0.2128	0.1419	0.001	0.9021	0.6963	0.4975	0.6414	0.4845	0.5764	0.011	0.8771	0.978	0.6883	0.6913	0.0779	0.7493	0.954	0.1948	0.3766	0.7353	0.3377	0.4505	0.6264	0.4815	0.8561	0.3097	0.4895	0.2957	0.1708	0.5075	0.9121	0.7053	0.1189	0.2947	0.2857	0.7063	0.1968	0.015	0.6783	0.002	0.1868	0.001	0.013	0.5804	0.6683	0.5475	0.99	0.001	0.5265	0.3666	0.3996	0.3516	0.4346	0.014	0.3077	0.8521	0.7972	0.0759	0.7293	0.2697	0.956	0.7453	0.2218	0.7363	0.8022	0.9251	0.8402	0.2038	0.7662	0.3766	0.2577	0.001	0.5255	0.1548	0.001	0.6474	0.2827	0.0639	0.5265	0.3616	0.2757	0.4925	0.027	0.9161	0.6304	0.017	0.0699	0.4186	0.8951	0.6933	0.9391	0.3337	0.7862	0.027	0.8342	0.8651	0.3906	0.4975	0.019	0.1419	0.1928	0.5984	0.5734	0.3806	0.1109	0.3297	0.002	0.4176	0.0929	0.8571	0.6064	0.5654	0.0929	0.2777	0.7023	0.3157	0.9261	0.001	0.6673	0.5125	0.4505	0.1029	0.2817	0.6444	0.012	0.957	0.8302	0.5564	0.001	0.3836	0.4296	0.7902	0.5984	0.001	0.037	0.5964	0.9171	1	0.002	0.001	0.9181	0.6773	0.1039	0.0579	0.5854	0.0799	0.8162	0.017	0.6044	0.1698	0.6364	0.5734	0.042	0.8102	0.8781	0.6653	0.3856	0.5804	0.9061	0.1768	0.02	0.012	0.001	0.986	0.003	0.5445	0.2088	0.5824	0.3137	0.1688	0.1658	0.05	0.3187	0.3457	0.0869	0.4406	0.5864	0.0579	0.2687	0.6783	0.001	0.9411	0.5365	0.001	0.7622	0.9491	0.8472	0.014	0.5824	0.3596	0.6603	0.3526	0.5495	0.1998	0.006	0.6444	0.1798	0.001	0.6194	0.9471	0.6174	0.8561	0.6474	0.964	0.019	0.6983	0.5814	0.001	0.012	0.6264	0.0669	0.0559	0.8082	0.2248	0.001	0.7393	0.5574	0.2957	0.2238	0.001	0.0699	0.1159	0.3596	0.8511	0.5295	0.3636	0.4116	0.003	0.007	0.3247	0.2058	0.046	0.3467	0.2178	0.016	0.0869	0.2947	0.041	0.7742	0.3586	0.3976	0.3756	0.2428	0.1499	0.5065	0.4276	0.004	0.4216	0.2967	0.5155	0.4675	0.001	0.9381	0.3377	0.0859	0.3736	0.6274	0.2268	0.3377	0.1039	0.6743	0.989	0.024	0.001	0.97	0.1319	0.034	0.6553	0.9421	0.6184	0.8901	0.5824	0.7343	0.4156	0.6394	0.9481	0.001	0.4645	0.6603	0.7972	0.988	0.7093	0.9271	0.7662	0.028	0.001	0.8472	0.2158	0.9271	0.6474	0.7542	0.1608	0.007	0.001	0.8212	0.002	0.003	0.5764	0.042	0.2657	0.6304	0.0589	0.1339	0.6983	0.4066	0.8741	0.6364	0.001	0.4056	0.7882	0.034	0.001	0.7892	0.0579	0.6264	0.1269	0.5285
Sg_EB13_4	0.4436	0.01	0.9401	0.9351	0.6394	0.001	0.5964	0.001	0.1778	0.4116	0.8891	0.3417	0.6563	0.007	0.002	0.008	0.1469	0.0509	0.4096	0.3806	0.003	0.0569	0.014	0.1159	0.0989	0.0629	0.3506	0.9401	0.05	0.7642	0.008	0.7612	0.011	0.3027	0.024	0.047	0.1499	0.1449	0.7702	0.001	0.001	0.973	0.1149	0.1109	0.003	0.001	0.0789	0.3626	0.002	0.003	0.001	0.8991	0.001	0.3367	0.001	0.4825	0.8761	0.034	0.2967	0.046	0.007	0.1588	0.953	0.016	0.999	0.018	0.7562	0.5425	0.3347	0.3067	0.01	0.99	0.003	0.3257	0.025	0.015	0.2148	0.5155	0.02	0.042	0.001	0.8511	0.046	0.953	0.0949	0.7772	0.032	0.013	0.6843	0.1079	0.2168	0.023	0.04	0.001	0.5105	0.001	0.7443	0.964	0.001	0.001	0.001	0.003	0.004	0.6983	0.5495	0.5804	0.001	0.2627	0.8402	0.001	0.1299	0.1798	0.001	0.8841	0.001	0.3966	0.3946	0.5055	0.001	0.001	0.1838	0.2468	0.1718	0.1199	0.1528	0.3786	0.4436	0.0709	0.2218	0.0649	0.4625	0.5724	0.001	0.046	0.6454	0.015	0.7602	0.001	0.3137	0.017	0.0709	0.001	0.7133	0.3906	0.048	0.7752	0.012	0.002	0.8711	0.3437	0.002	1	0.003	0.9091	0.001	0.002	0.6484	0.1988	0.0949	0.5734	0.0639	0.039	0.3536	0.01	0.007	0.2408	0.013	0.9001	0.006	0.2677	0.004	0.5624	0.3307	0.001	0.004	0.002	0.1858	0.006	0.001	0.001	0.2967	0.1469	0.8971	0.001	0.012	0.011	0.2498	0.4246	0.8981	0.0999	0.3077	0.4505	0.001	0.002	0.5604	0.1988	0.001	0.5195	0.3876	0.023	0.001	0.035	0.0719	0.4945	0.8112	0.0669	0.4985	0.7483	0.99	0.017	0.0739	0.2697	0.0889	0.2977	0.5265	0.014	0.0709	0.001	0.3327	0.1608	0.8921	0.7732	0.2068	0.951	0.003	0.046	0.4875	0.002	0.2907	0.002	0.1538	0.7323	0.2737	0.015	0.0579	0.1469	0.001	0.032	0.8571	0.01	0.001	0.001	0.046	0.3157	0.044	0.6204	0.5445	0.001	0.2927	0.019	0.2458	0.8931	0.7493	0.4186	0.001	0.1199	0.2507	0.039	0.7453	0.006	0.3536	0.9221	0.1838	0.039	0.017	0.2078	0.002	0.8432	0.001	0.2348	0.8561	0.5714	0.002	0.005	0.6813	0.0729	0.004	0.031	0.3826	0.001	0.002	0.3506	0.0559	0.1079	0.003	0.007	0.9181	0.4356	0.001	0.001	0.002	0.9471	0.0979	0.3956	0.1888	0.2438	0.1189	0.7732	0.004	0.9221	0.4785	0.6683	0.004	0.991	0.3726	0.7862	0.007	0.012	0.015	0.001	0.6953	0.021	0.0529	0.4156	0.001	0.1269	0.001	0.001	0.2198	0.0629	0.1279	0.042	0.0759	0.001	0.003	0.046	0.001	0.047	0.8701	0.3716
Sg_EB21_10	0.4925	0.0769	0.8901	0.973	0.6274	0.019	0.9311	0.0829	0.3566	0.1369	0.2987	0.0659	0.7502	0.4316	0.1878	0.001	0.5944	0.9201	0.96	0.9241	0.1758	0.966	0.1479	0.8581	0.9331	0.9251	0.4416	0.01	0.5714	0.0559	0.9251	0.1069	0.3217	0.022	0.1518	0.03	0.3427	0.04	0.5684	0.3337	0.0579	0.007	0.018	0.1259	0.8631	0.1009	0.2088	0.0789	0.2847	0.2388	0.0539	0.5395	0.002	0.4945	0.003	0.1319	0.0899	0.016	0.955	0.3237	0.001	0.8801	0.0629	0.5215	0.7253	0.8731	0.004	0.0599	0.1209	0.6723	0.021	0.6324	0.6334	0.5195	0.8182	0.3936	0.1419	0.4995	0.5095	0.7742	0.1089	0.4785	0.0709	0.1688	0.001	0.3756	0.03	0.001	0.8462	0.2587	0.1169	0.0589	0.1019	0.1179	0.0569	0.004	0.4585	0.4655	0.005	0.6943	0.6783	0.4406	0.8472	0.7463	0.015	0.8042	0.006	0.4675	0.4935	0.3906	0.2168	0.2208	0.1149	0.024	0.4855	0.015	0.1209	0.031	0.5425	0.002	0.04	0.1399	0.4775	0.8871	0.8192	0.008	0.2937	0.1329	0.5305	0.3996	0.001	0.5155	0.047	0.2787	0.0649	0.3936	0.1548	0.003	0.9431	0.1239	0.7952	0.001	0.009	0.1868	0.5385	0.3506	0.001	0.017	0.8092	0.6943	0.001	0.003	1	0.9041	0.4765	0.0519	0.038	0.8412	0.1978	0.2507	0.018	0.7582	0.2398	0.5435	0.5604	0.038	0.1439	0.2537	0.9041	0.3267	0.6623	0.4226	0.99	0.024	0.003	0.001	0.3387	0.002	0.3197	0.1419	0.4266	0.4316	0.004	0.2248	0.0549	0.1858	0.1508	0.018	0.987	0.8761	0.1938	0.017	0.2737	0.001	0.8372	0.3497	0.001	0.5804	0.5654	0.0609	0.012	0.1149	0.6014	0.7393	0.1479	0.7283	0.04	0.001	0.8272	0.7812	0.002	0.7333	0.6853	0.0959	0.3706	0.4306	0.4635	0.016	0.2408	0.1499	0.001	0.003	0.6583	0.1758	0.025	0.1648	0.0739	0.001	0.5025	0.1189	0.5934	0.011	0.001	0.012	0.2907	0.7922	0.6863	0.8831	0.3187	0.3027	0.005	0.017	0.1209	0.2647	0.0999	0.019	0.1179	0.013	0.029	0.7053	0.004	0.7852	0.003	0.6873	0.6983	0.2627	0.1059	0.6124	0.04	0.001	0.0859	0.3127	0.003	0.4176	0.001	0.3526	0.2867	0.2597	0.024	0.2827	0.5435	0.4016	0.3516	0.4486	0.6214	0.005	0.001	0.2637	0.3477	0.005	0.0849	0.8482	0.7363	0.021	0.978	0.1049	0.5275	0.956	0.3736	0.001	0.5075	0.1818	0.6513	0.1938	0.018	0.4635	0.8771	0.004	0.001	0.024	0.2388	0.2657	0.6224	0.012	0.024	0.1998	0.001	0.029	0.001	0.002	0.024	0.1409	0.005	0.05	0.0889	0.4466	0.5664	0.4096	0.4535	0.3477	0.001	0.8392	0.5534	0.0689	0.001	0.8382	0.017	0.6164	0.029	0.9361
Sg_EM03_4	0.5385	0.9451	0.001	0.6563	0.9211	0.8501	0.2807	0.6523	0.3207	0.6014	0.3556	0.1209	0.042	0.98	0.0549	0.7243	0.5445	0.6424	0.037	0.1279	0.3467	0.2028	0.994	0.4815	0.8272	0.8791	0.3636	0.7662	0.1389	0.043	0.6494	0.008	0.3816	0.9421	0.042	0.012	0.5534	0.1169	0.7612	0.3477	0.1528	0.3137	0.97	0.9161	0.8731	0.6004	0.7732	0.1778	0.2278	0.1109	0.6214	0.1329	0.4935	0.2398	0.1548	0.7423	0.8791	0.6394	0.974	0.8631	0.8312	0.7493	0.017	0.7173	0.1618	0.016	0.5924	0.2557	0.1499	0.0659	0.7273	0.2567	0.9181	0.4705	0.8262	0.3916	0.1449	0.2018	0.7512	0.5355	0.5564	0.007	0.7083	0.1239	0.7952	0.8212	0.003	0.3966	0.013	0.4535	0.7742	0.7802	0.1089	0.3307	0.3876	0.8701	0.006	0.05	0.5305	0.0609	0.049	0.3626	0.5974	0.4176	0.1618	0.0739	0.963	0.5964	0.5415	0.048	0.1289	0.3187	0.1499	0.1399	0.5095	0.1489	0.017	0.041	0.7063	0.7872	0.8252	0.6663	0.3556	0.1009	0.6374	0.3147	0.9331	0.3187	0.8771	0.9471	0.7353	0.9031	0.5445	0.962	0.1548	0.7493	0.027	0.0979	0.4096	0.6234	0.0979	0.7093	0.3606	0.0739	0.3167	0.0919	0.951	0.7502	0.7632	0.034	0.9181	0.9091	0.9041	1	0.7363	0.7592	0.4605	0.1668	0.7842	0.1608	0.5335	0.1618	0.2797	0.953	0.6344	0.5644	0.015	0.6254	0.7483	0.4725	0.6164	0.026	0.992	0.8032	0.6763	0.7522	0.1908	0.1229	0.7992	0.3636	0.1588	0.8821	0.4036	0.8961	0.4366	0.024	0.1718	0.2128	0.1858	0.0649	0.1359	0.2028	0.2847	0.8112	0.3536	0.961	0.8462	0.1668	0.1608	0.1219	0.997	0.8751	0.96	0.013	0.7772	0.8501	0.2338	0.6933	0.1119	0.0959	0.1878	0.2158	0.8741	0.8292	0.0659	0.5984	0.8312	0.9311	0.2378	0.1768	0.2338	0.5245	0.6104	0.3976	0.8631	0.2667	0.8202	0.8931	0.2218	0.4655	0.5155	0.007	0.5574	0.0769	0.6304	0.3467	0.6494	0.1109	0.5145	0.3846	0.7792	0.6773	0.7762	0.1818	0.0639	0.4505	0.3117	0.3477	0.2108	0.046	0.2937	0.2298	0.0899	0.7952	0.1908	0.041	0.8501	0.2537	0.9281	0.6793	0.955	0.0949	0.8901	0.8891	0.6284	0.9431	0.6893	0.4246	0.7253	0.6633	0.5684	0.9451	0.7892	0.5674	0.1499	0.6973	0.8531	0.1878	0.6623	0.1159	0.7552	0.2208	0.7433	0.4066	0.3267	0.984	0.2797	0.0759	0.048	0.6763	0.9371	0.977	0.1928	0.1239	0.1459	0.6503	0.2507	0.045	0.8881	0.8821	0.1179	0.991	0.3237	0.8611	0.3956	0.8551	0.6414	0.7582	0.6344	0.1548	0.0619	0.1019	0.5954	0.6593	0.1658	0.0509	0.8511	0.1179	0.2268	0.8681	0.8991	0.5614	0.985	0.4456	0.9491	0.6084	0.3447	0.8601	0.992	0.9231
Sg_EM03_7	0.1958	0.001	0.3457	0.0679	0.013	0.003	0.001	0.007	0.004	0.001	0.001	0.8302	0.4655	0.006	0.1159	0.7762	0.1608	0.002	0.3956	0.8571	0.0619	0.3377	0.1419	0.3087	0.8741	0.0639	0.036	0.4605	0.001	0.3087	0.002	0.3177	0.1938	0.001	0.011	0.4755	0.001	0.0999	0.028	0.3177	0.8202	0.3167	0.003	0.5245	0.001	0.008	0.2168	0.6444	0.2098	0.1898	0.002	0.004	0.049	0.019	0.014	0.001	0.002	0.2378	0.8751	0.1678	0.957	0.031	0.026	0.4585	0.8801	0.2797	0.018	0.1878	0.001	0.006	0.5804	0.8092	0.013	0.0579	0.7343	0.7982	0.028	0.0939	0.5105	0.8092	0.002	0.2048	0.001	0.1289	0.2318	0.2348	0.025	0.7323	0.027	0.2188	0.5395	0.018	0.2507	0.001	0.3816	0.001	0.8641	0.1099	0.001	0.002	0.1768	0.001	0.7582	0.0839	0.6254	0.3726	0.001	0.1938	0.1359	0.3427	0.2208	0.3497	0.8951	0.007	0.009	0.0969	0.015	0.028	0.017	0.029	0.1568	0.003	0.3477	0.5475	0.1219	0.014	0.1009	0.1019	0.4915	0.1009	0.9021	0.014	0.1728	0.002	0.7093	0.1828	0.5465	0.038	0.018	0.0949	0.0839	0.7203	0.011	0.1758	0.038	0.014	0.5714	0.018	0.008	0.5574	0.6773	0.001	0.4765	0.7363	1	0.001	0.1948	0.3826	0.6474	0.005	0.8721	0.7123	0.7832	0.6953	0.001	0.017	0.3057	0.001	0.002	0.0789	0.5015	0.5295	0.001	0.001	0.033	0.2228	0.009	0.7273	0.001	0.0849	0.1748	0.039	0.1219	0.1598	0.8362	0.011	0.019	0.7912	0.003	0.4326	0.5564	0.3766	0.001	0.1469	0.003	0.007	0.1758	0.0769	0.0779	0.012	0.004	0.001	0.6124	0.014	0.5554	0.001	0.6863	0.1938	0.6623	0.1489	0.7143	0.7233	0.4146	0.001	0.2587	0.001	0.002	0.001	0.01	0.3077	0.8651	0.1319	0.022	0.0849	0.7862	0.1189	0.1029	0.6513	0.001	0.004	0.002	0.4945	0.7742	0.4066	0.001	0.001	0.8751	0.2058	0.024	0.1489	0.001	0.001	0.002	0.6923	0.2238	0.002	0.6783	0.004	0.0779	0.3087	0.1219	0.016	0.6793	0.016	0.7982	0.1219	0.0859	0.0639	0.6444	0.3646	0.001	0.013	0.2168	0.002	0.7662	0.003	0.4665	0.01	0.002	0.0569	0.1009	0.019	0.5185	0.7483	0.1738	0.7263	0.966	0.009	0.03	0.1399	0.2587	0.011	0.1369	0.035	0.0819	0.6104	0.1049	0.9361	0.035	0.2627	0.002	0.001	0.004	0.009	0.044	0.0619	0.007	0.3167	0.9061	0.005	0.1499	0.01	0.4785	0.001	0.9411	0.003	0.036	0.005	0.9421	0.0789	0.3437	0.2238	0.04	0.016	0.022	0.019	0.001	0.012	0.002	0.002	0.2827	0.025	0.004	0.001	0.5554	0.5994	0.002	0.1459	0.1449	0.001
Sg_EM12_46	0.001	0.001	0.013	0.0969	0.2308	0.002	0.001	0.005	0.008	0.026	0.009	0.033	0.2438	0.001	0.001	0.1089	0.5105	0.001	0.0679	0.5165	0.1998	0.024	0.2248	0.028	0.8202	0.8142	0.004	0.7083	0.043	0.7103	0.1449	0.017	0.0709	0.001	0.001	0.8412	0.001	0.4406	0.001	0.1738	0.1578	0.3137	0.009	0.9011	0.001	0.002	0.8262	0.043	0.004	0.001	0.0679	0.001	0.012	0.001	0.023	0.003	0.001	0.7682	0.3546	0.001	0.1469	0.013	0.0549	0.027	0.4625	0.8362	0.001	0.0599	0.001	0.007	0.7353	0.974	0.002	0.042	0.7053	0.9321	0.1938	0.002	0.2737	0.1628	0.001	0.1419	0.001	0.7952	0.2018	0.8671	0.001	0.2757	0.0799	0.2258	0.0759	0.003	0.0809	0.001	0.1349	0.001	0.1049	0.003	0.001	0.001	0.001	0.001	0.4446	0.001	0.8781	0.0579	0.001	0.8422	0.006	0.0719	0.4276	0.4386	0.4326	0.001	0.001	0.1798	0.001	0.013	0.1419	0.012	0.004	0.002	0.009	0.0939	0.007	0.1169	0.029	0.008	0.1449	0.021	0.4486	0.01	0.1728	0.001	0.4466	0.1588	0.1618	0.006	0.001	0.013	0.019	0.0629	0.006	0.1758	0.024	0.001	0.048	0.001	0.001	0.2338	0.1039	0.002	0.0519	0.7592	0.001	1	0.1299	0.1329	0.4565	0.1598	0.1838	0.1858	0.8671	0.1299	0.001	0.001	0.2098	0.001	0.001	0.0869	0.4935	0.3706	0.008	0.001	0.5734	0.2438	0.005	0.4545	0.001	0.014	0.1798	0.01	0.4575	0.0649	0.964	0.038	0.002	0.7922	0.003	0.0839	0.3736	0.1748	0.001	0.016	0.001	0.005	0.03	0.006	0.0899	0.2258	0.001	0.001	0.968	0.005	0.5275	0.001	0.1538	0.6933	0.001	0.2637	0.7403	0.1489	0.036	0.001	0.2757	0.001	0.001	0.001	0.1848	0.6703	0.8082	0.2398	0.0769	0.008	0.6973	0.037	0.019	0.004	0.001	0.001	0.1179	0.7433	0.2028	0.5534	0.001	0.001	0.1528	0.1099	0.001	0.0959	0.002	0.001	0.001	0.4116	0.7223	0.001	0.9011	0.001	0.0789	0.8981	0.002	0.1029	0.7522	0.007	0.2967	0.0919	0.005	0.7892	0.043	0.0879	0.001	0.001	0.1289	0.001	0.1548	0.001	0.7802	0.003	0.001	0.001	0.0849	0.01	0.6673	0.6154	0.3546	0.2757	0.1389	0.001	0.2058	0.001	0.5405	0.001	0.4935	0.3047	0.001	0.6733	0.8851	0.3526	0.034	0.0929	0.001	0.005	0.001	0.0509	0.2328	0.001	0.001	0.2767	0.1169	0.004	0.0619	0.002	0.3796	0.006	0.1279	0.006	0.011	0.002	0.0999	0.001	0.8991	0.4635	0.5465	0.011	0.004	0.0929	0.001	0.036	0.006	0.001	0.1089	0.005	0.001	0.002	0.008	0.6553	0.001	0.0849	0.1179	0.001
Sg_EM12_61	0.3227	0.1209	0.0889	0.014	0.3726	0.2448	0.5724	0.4965	0.0619	0.6394	0.038	0.5075	0.019	0.6044	0.2947	0.7932	0.006	0.004	0.016	0.3576	0.2507	0.1738	0.3017	0.1888	0.1928	0.6733	0.7832	0.5504	0.1688	0.2058	0.0509	0.2647	0.3117	0.018	0.028	0.4545	0.0509	0.2997	0.8801	0.4436	0.6983	0.001	0.7642	0.0849	0.039	0.038	0.0669	0.1289	0.6024	0.2627	0.9101	0.6533	0.2448	0.6084	0.5604	0.0629	0.0549	0.7213	0.1159	0.004	0.032	0.03	0.5115	0.1518	0.021	0.4066	0.1099	0.1828	0.2697	0.033	0.5435	0.7642	0.3167	0.8551	0.4695	0.4396	0.002	0.9401	0.5185	0.1698	0.1578	0.0999	0.035	0.8551	0.0999	0.0879	0.2038	0.2278	0.6943	0.5415	0.997	0.2298	0.009	0.8082	0.011	0.95	0.3307	0.2018	0.9351	0.3856	0.5405	0.5215	0.4555	0.5744	0.3506	0.0669	0.5764	0.0719	0.047	0.2707	0.8092	0.1119	0.004	0.0549	0.3197	0.1518	0.2198	0.3716	0.5355	0.7483	0.2438	0.012	0.7453	0.01	0.1259	0.5065	0.044	0.1938	0.0779	0.042	0.008	0.022	0.6024	0.0949	0.4915	0.8701	0.016	0.6903	0.044	0.0779	0.7922	0.03	0.2917	0.007	0.1089	0.8901	0.1019	0.2488	0.8501	0.012	0.0579	0.6484	0.038	0.4605	0.1948	0.1299	1	0.0539	0.048	0.7502	0.0559	0.002	0.002	0.1159	0.015	0.8182	0.039	0.1389	0.0699	0.02	0.1688	0.004	0.5714	0.8621	0.6234	0.5085	0.1798	0.5355	0.7832	0.2248	0.013	0.8801	0.3836	0.0909	0.4505	0.2358	0.2298	0.005	0.0709	0.013	0.028	0.5604	0.2498	0.024	0.0809	0.1758	0.4356	0.005	0.003	0.5375	0.7353	0.039	0.0579	0.1868	0.6523	0.3017	0.6613	0.001	0.3067	0.011	0.8002	0.005	0.5684	0.1209	0.003	0.1638	0.002	0.8042	0.024	0.8971	0.015	0.5055	0.006	0.0709	0.6783	0.1678	0.4406	0.0649	0.0929	0.5355	0.5245	0.1449	0.01	0.6973	0.038	0.6194	0.9051	0.009	0.7832	0.0619	0.4895	0.8172	0.3087	0.6543	0.968	0.5205	0.3267	0.3516	0.1409	0.0729	0.1788	0.6873	0.2957	0.015	0.002	0.8851	0.015	0.7972	0.045	0.4026	0.0839	0.3077	0.8192	0.024	0.014	0.01	0.3846	0.008	0.2268	0.1359	0.3946	0.0979	0.04	0.02	0.02	0.3407	0.0679	0.1169	0.017	0.2787	0.6643	0.3287	0.017	0.8302	0.4166	0.6723	0.7612	0.027	0.7403	0.1708	0.2607	0.004	0.7263	0.006	0.4126	0.05	0.01	0.003	0.0759	0.012	0.5754	0.2877	0.2328	0.006	0.1938	0.001	0.001	0.043	0.981	0.01	0.0839	0.3177	0.2178	0.1129	0.1708	0.1329	0.043	0.8062	0.3716	0.2857	0.001	0.2118	0.1339	0.1848	0.039	0.4156	0.9011	0.1618	0.1199	0.1139
Sg_EM22_6	0.0759	0.001	0.014	0.002	0.967	0.001	0.2687	0.006	0.001	0.5335	0.006	0.8921	0.001	0.001	0.001	0.2817	0.002	0.014	0.001	0.001	0.4915	0.5664	0.8452	0.3726	0.0869	0.4356	0.5425	0.4925	0.96	0.8262	0.2997	0.4396	0.2238	0.001	0.002	0.9061	0.001	0.4775	0.0819	0.0729	0.4346	0.1299	0.8791	0.005	0.001	0.0949	0.041	0.033	0.1728	0.004	0.6873	0.0629	0.5185	0.031	0.5135	0.016	0.014	0.044	0.005	0.001	0.8352	0.037	0.2448	0.049	0.001	0.1239	0.043	0.0699	0.032	0.001	0.8741	0.001	0.0799	0.6553	0.3107	0.5554	0.1718	0.01	0.4545	0.019	0.1119	0.0519	0.001	0.9151	0.1988	0.9451	0.1928	0.033	0.3556	0.1558	0.5315	0.001	0.001	0.1029	0.3786	0.6803	0.5035	0.041	0.045	0.7662	0.042	0.9331	0.994	0.1419	0.3586	0.001	0.05	0.5285	0.027	0.3866	0.6683	0.2408	0.7902	0.0789	0.012	0.2258	0.034	0.1329	0.9331	0.4885	0.1319	0.004	0.006	0.001	0.008	0.003	0.003	0.018	0.1508	0.002	0.008	0.001	0.048	0.001	0.8032	0.1638	0.001	0.2877	0.001	0.027	0.1518	0.4176	0.6653	0.001	0.001	0.03	0.4835	0.1269	0.021	0.001	0.5854	0.1988	0.8412	0.1668	0.3826	0.1329	0.0539	1	0.8342	0.1179	0.034	0.001	0.001	0.96	0.003	0.006	0.0719	0.003	0.001	0.002	0.2647	0.001	0.0889	0.5924	0.2338	0.049	0.04	0.1169	0.0519	0.1169	0.2068	0.0769	0.4456	0.005	0.5674	0.2158	0.006	0.0519	0.008	0.001	0.7902	0.001	0.1089	0.5844	0.006	0.001	0.0549	0.002	0.001	0.1968	0.002	0.001	0.008	0.001	0.1578	0.005	0.2418	0.004	0.0659	0.002	0.4366	0.001	0.049	0.001	0.001	0.002	0.001	0.0689	0.023	0.6693	0.003	0.7562	0.0539	0.001	0.6214	0.2038	0.0839	0.7113	0.001	0.005	0.0709	0.6843	0.021	0.4056	0.0739	0.02	0.5954	0.001	0.012	0.049	0.4635	0.0919	0.002	0.2767	0.3816	0.988	0.0579	0.5524	0.1658	0.1698	0.003	0.0669	0.3926	0.001	0.003	0.005	0.001	0.002	0.6843	0.004	0.001	0.002	0.045	0.001	0.005	0.001	0.6933	0.033	0.4256	0.0929	0.1548	0.001	0.3427	0.3506	0.001	0.7273	0.6374	0.001	0.014	0.9471	0.5724	0.003	0.3147	0.1858	0.0639	0.5225	0.994	0.001	0.2787	0.0549	0.001	0.0929	0.001	0.0549	0.2238	0.008	0.001	0.003	0.7912	0.001	0.043	0.005	0.001	0.1319	0.001	0.034	0.03	0.021	0.95	0.8991	0.7542	0.3447	0.6094	0.007	0.8571	0.2338	0.002	0.8212	0.4296	0.002	0.001	0.012	0.001	0.008	0.6673	0.8841	0.1249	0.042	0.4416	0.002
Sg_EM25_40	0.001	0.7243	0.4416	0.4615	0.2907	0.0689	0.031	0.009	0.007	0.01	0.1828	0.2108	0.2188	0.5105	0.043	0.7303	0.8921	0.5435	0.976	0.7852	0.1908	0.1818	0.4835	0.001	0.0559	0.002	0.008	0.6763	0.3497	0.8821	0.013	0.2358	0.002	0.036	0.5644	0.1508	0.021	0.5435	0.002	0.5914	0.044	0.011	0.037	0.8741	0.024	0.1808	0.1299	0.035	0.016	0.1459	0.01	0.002	0.6194	0.008	0.015	0.3447	0.3037	0.025	0.2488	0.9061	0.02	0.004	0.001	0.1369	0.9341	0.3566	0.9241	0.023	0.001	0.002	0.001	0.1648	0.3067	0.002	0.001	0.001	0.9011	0.002	0.007	0.019	0.0959	0.011	0.02	0.0589	0.0579	0.004	0.001	0.3736	0.2587	0.001	0.001	0.0589	0.7512	0.2428	0.3936	0.047	0.3487	0.3227	0.009	0.3616	0.2547	0.3626	0.958	0.003	0.0939	0.9391	0.3896	0.8701	0.011	0.005	0.2388	0.3257	0.5844	0.024	0.1648	0.6254	0.1059	0.003	0.7123	0.4296	0.001	0.3427	0.002	0.9081	0.008	0.043	0.3556	0.017	0.001	0.016	0.5984	0.004	0.001	0.045	0.1718	0.001	0.1598	0.001	0.015	0.0609	0.001	0.3437	0.018	0.3666	0.035	0.002	0.1638	0.04	0.014	0.7822	0.0799	0.0949	0.1978	0.7842	0.6474	0.4565	0.048	0.8342	1	0.1858	0.003	0.5854	0.1718	0.1449	0.1419	0.4675	0.005	0.5055	0.1259	0.033	0.001	0.1868	0.4605	0.0589	0.8961	0.5744	0.001	0.8262	0.8671	0.3686	0.6274	0.003	0.6683	0.023	0.001	0.4136	0.032	0.1419	0.7273	0.5445	0.001	0.0509	0.1988	0.019	0.0709	0.4336	0.1189	0.003	0.8262	0.9081	0.1678	0.0709	0.1199	0.017	0.011	0.014	0.001	0.1878	0.2308	0.008	0.5095	0.2468	0.009	0.023	0.5754	0.012	0.2178	0.1768	0.05	0.5205	0.3377	0.019	0.1329	0.6164	0.001	0.008	0.001	0.005	0.0559	0.006	0.2138	0.4106	0.5035	0.001	0.1489	0.4306	0.002	0.7223	0.01	0.1758	0.016	0.5534	0.005	0.001	0.021	0.011	0.3996	0.3846	0.018	0.038	0.5035	0.9401	0.3796	0.5205	0.3916	0.6533	0.2737	0.001	0.984	0.4456	0.003	0.5055	0.6873	0.0719	0.016	0.6783	0.001	0.0979	0.0729	0.005	0.003	0.3766	0.001	0.001	0.7003	0.2697	0.0569	0.6973	0.8082	0.0729	0.0539	0.041	0.2358	0.7812	0.7892	0.0789	0.6793	0.3606	0.0849	0.1548	0.017	0.019	0.014	0.6993	0.6723	0.0929	0.1778	0.7922	0.0719	0.1608	0.001	0.7952	0.1089	0.8162	0.3546	0.9371	0.9451	0.3866	0.973	0.0689	0.5025	0.3976	0.1678	0.6254	0.028	0.007	0.3976	0.1049	0.046	0.003	0.5944	0.045	0.1658	0.2058	0.013	0.001	0.004	0.017	0.6484	0.6264
Sg_EM30_38	0.034	0.1628	0.3826	0.3327	0.9031	0.0619	0.1818	0.0549	0.3756	0.1069	0.002	0.001	0.2098	0.012	0.6424	0.99	0.007	0.2008	0.025	0.7193	0.6404	0.3506	0.996	0.001	0.7852	0.015	0.1698	0.015	0.001	0.001	0.8551	0.017	0.5504	0.0879	0.048	0.001	0.006	0.001	0.039	0.014	0.002	0.2817	0.9101	0.0719	0.3906	0.7303	0.002	0.006	0.1089	0.004	0.6653	0.2897	0.6953	0.001	0.1928	0.01	0.4276	0.5544	0.6613	0.003	0.6234	0.0859	0.2048	0.8262	0.4535	0.018	0.02	0.001	0.004	0.0639	0.1489	0.5884	0.8901	0.048	0.9281	0.3636	0.6843	0.001	0.6753	0.011	0.038	0.002	0.02	0.001	0.007	0.0859	0.035	0.024	0.001	0.1409	0.2138	0.002	0.0579	0.5684	0.005	0.6014	0.6124	0.001	0.2907	0.9341	0.2737	0.9201	0.029	0.008	0.001	0.2498	0.2048	0.001	0.002	0.001	0.001	0.5095	0.015	0.003	0.012	0.001	0.001	0.002	0.8911	0.8911	0.037	0.013	0.001	0.029	0.001	0.5604	0.007	0.0819	0.003	0.001	0.005	0.4995	0.1838	0.021	0.0639	0.026	0.0719	0.1229	0.4725	0.4446	0.034	0.2527	0.4036	0.3157	0.5734	0.002	0.4116	0.1079	0.013	0.3866	0.8162	0.5734	0.2507	0.1608	0.005	0.1598	0.7502	0.1179	0.1858	1	0.0899	0.012	0.6973	0.5644	0.001	0.027	0.002	0.004	0.001	0.0909	0.2008	0.028	0.015	0.2837	0.0989	0.7832	0.1878	0.2168	0.0869	0.001	0.3906	0.001	0.6713	0.6703	0.9141	0.7782	0.001	0.983	0.007	0.028	0.1978	0.003	0.007	0.5095	0.001	0.002	0.7662	0.049	0.029	0.001	0.012	0.011	0.2877	0.4176	0.0589	0.01	0.035	0.001	0.9381	0.7143	0.2198	0.004	0.001	0.012	0.047	0.1409	0.2438	0.011	0.998	0.2208	0.3157	0.2567	0.003	0.1109	0.1838	0.0549	0.001	0.5205	0.005	0.8941	0.002	0.001	0.1528	0.0749	0.001	0.0869	0.2527	0.041	0.001	0.002	0.4555	0.0869	0.011	0.4745	0.4505	0.7672	0.019	0.5405	0.013	0.019	0.016	0.001	0.001	0.3017	0.5894	0.3616	0.001	0.1588	0.005	0.7522	0.041	0.002	0.002	0.05	0.045	0.0569	0.3916	0.1029	0.1948	0.01	0.2667	0.009	0.96	0.5365	0.0829	0.9331	0.3746	0.1588	0.9331	0.001	0.7253	0.001	0.02	0.001	0.7263	0.4815	0.007	0.1029	0.006	0.022	0.1958	0.4735	0.0799	0.3017	0.001	0.1928	0.0809	0.8511	0.3796	0.1988	0.2997	0.1009	0.1069	0.8741	0.0659	0.9151	0.963	0.5235	0.0839	0.1828	0.001	0.2557	0.2577	0.001	0.7892	0.6613	0.01	0.5524	0.003	0.004	0.007	0.03	0.033	0.5894	0.5774	0.8202	0.6893	0.1798	0.7922	0.012
Sg_EM30_40	0.1928	0.1129	0.2867	0.3626	0.7752	0.018	0.3387	0.0619	0.008	0.8811	0.016	0.9111	0.023	0.005	0.2378	0.4735	0.015	0.044	0.006	0.5744	0.1179	0.3127	0.5315	0.047	0.0769	0.3057	0.0949	0.3297	0.6284	0.7283	0.972	0.009	0.9461	0.0599	0.018	0.4206	0.012	0.3497	0.6573	0.5904	0.7842	0.0799	0.3646	0.002	0.001	0.014	0.0589	0.0779	0.0739	0.0729	0.8941	0.9271	0.4725	0.016	0.4875	0.5255	0.1758	0.029	0.2597	0.012	0.015	0.3247	0.4735	0.3467	0.0839	0.1808	0.2138	0.0919	0.3856	0.032	0.004	0.8751	0.3257	0.6933	0.0519	0.008	0.2208	0.0749	0.4116	0.015	0.1778	0.007	0.1389	0.8092	0.5794	0.6773	0.989	0.008	0.042	0.6973	0.4905	0.05	0.013	0.1089	0.0619	0.1369	0.5175	0.005	0.4206	0.047	0.2947	0.0889	0.7592	0.1868	0.017	0.0779	0.1668	0.1469	0.008	0.2308	0.6294	0.7772	0.961	0.019	0.007	0.1169	0.0729	0.1718	0.1459	0.2278	0.043	0.013	0.1668	0.005	0.005	0.006	0.003	0.1988	0.6304	0.1369	0.0549	0.3966	0.002	0.011	0.3746	0.2787	0.043	0.0569	0.003	0.6993	0.6833	0.0819	0.8601	0.0639	0.005	0.1219	0.1159	0.1429	0.0689	0.3506	0.017	0.0639	0.018	0.5335	0.8721	0.1838	0.0559	0.034	0.003	0.0899	1	0.001	0.038	0.2677	0.0959	0.1748	0.3866	0.0909	0.003	0.3117	0.006	0.031	0.0589	0.9011	0.9251	0.4925	0.1758	0.2797	0.3367	0.1459	0.05	0.1678	0.05	0.5504	0.003	0.1359	0.008	0.001	0.0979	0.011	0.001	0.034	0.029	0.036	0.003	0.008	0.1009	0.004	0.023	0.0869	0.4306	0.03	0.001	0.5015	0.029	0.2128	0.3327	0.001	0.01	0.8871	0.8961	0.0889	0.022	0.0949	0.021	0.0759	0.002	0.011	0.6434	0.009	0.006	0.3237	0.008	0.1369	0.001	0.028	0.5984	0.0599	0.1169	0.008	0.2018	0.993	0.0689	0.9031	0.0749	0.0509	0.032	0.006	0.0659	0.004	0.043	0.4066	0.0729	0.0879	0.7383	0.4995	0.1548	0.5165	0.2198	0.003	0.0629	0.002	0.0849	0.005	0.008	0.1139	0.003	0.96	0.0809	0.02	0.048	0.2687	0.5305	0.024	0.003	0.008	0.003	0.04	0.012	0.023	0.1768	0.001	0.2378	0.001	0.1059	0.8871	0.018	0.001	0.4905	0.2408	0.5365	0.003	0.6773	0.1698	0.9041	0.4116	0.9091	0.022	0.2258	0.0609	0.047	0.011	0.0689	0.2587	0.05	0.004	0.006	0.022	0.009	0.0809	0.1049	0.0529	0.001	0.4945	0.005	0.024	0.6284	0.0629	0.0659	0.2877	0.7882	0.5115	0.8332	0.1089	0.4645	0.6733	0.1029	0.2378	0.1828	0.04	0.002	0.035	0.004	0.028	0.015	0.005	0.0969	0.8032	0.9001	0.0609
Sg_EM34_4	0.039	0.013	0.0699	0.0529	0.021	0.001	0.7443	0.001	0.006	0.2597	0.007	0.2168	0.001	0.001	0.001	0.2727	0.002	0.01	0.001	0.001	0.1778	0.7393	0.3077	0.0889	0.5375	0.5784	0.5475	0.0629	0.6703	0.4625	0.6603	0.047	0.3437	0.011	0.001	0.7403	0.001	0.037	0.3846	0.4416	0.2018	0.043	0.5465	0.001	0.001	0.0589	0.001	0.003	0.002	0.001	0.8561	0.2787	0.7083	0.018	0.1968	0.0899	0.0559	0.001	0.002	0.001	0.6224	0.0889	0.1728	0.3936	0.001	0.1668	0.01	0.013	0.0979	0.001	0.3277	0.001	0.1648	0.5375	0.2937	0.0869	0.023	0.005	0.99	0.015	0.003	0.008	0.001	0.2388	0.4396	0.1998	0.4496	0.007	0.4535	0.3407	0.1479	0.001	0.001	0.3546	0.3347	0.4515	0.8332	0.006	0.018	0.047	0.022	0.1818	0.018	0.0739	0.026	0.001	0.016	0.6863	0.035	0.4675	0.0589	0.6004	0.7373	0.026	0.001	0.013	0.042	0.1678	0.6304	0.3187	0.3876	0.004	0.01	0.001	0.006	0.001	0.001	0.1169	0.2148	0.005	0.001	0.006	0.041	0.001	0.7862	0.5684	0.001	0.1469	0.004	0.2777	0.1658	0.4815	0.4466	0.001	0.002	0.02	0.983	0.3636	0.0509	0.001	0.6044	0.039	0.7582	0.1618	0.7123	0.1858	0.002	0.001	0.5854	0.012	0.001	1	0.001	0.3407	0.001	0.02	0.021	0.005	0.001	0.003	0.025	0.001	0.2547	0.2847	0.8861	0.0829	0.1469	0.4246	0.5135	0.1918	0.034	0.3277	0.1858	0.0779	0.2178	0.2248	0.002	0.01	0.026	0.001	0.4595	0.001	0.1069	0.3846	0.003	0.001	0.1319	0.03	0.001	0.012	0.001	0.002	0.001	0.012	0.5135	0.048	0.0819	0.001	0.0649	0.1928	0.7133	0.001	0.026	0.001	0.001	0.015	0.001	0.0699	0.6124	0.6543	0.001	0.3397	0.0709	0.001	0.1139	0.4356	0.0659	0.9361	0.001	0.007	0.004	0.4076	0.003	0.985	0.005	0.1209	0.6174	0.001	0.008	0.002	0.039	0.0879	0.003	0.956	0.3706	0.4595	0.008	0.4176	0.2128	0.3197	0.001	0.005	0.03	0.001	0.005	0.011	0.001	0.001	0.3736	0.013	0.001	0.005	0.005	0.001	0.002	0.001	0.1518	0.001	0.0549	0.015	0.1758	0.001	0.02	0.011	0.001	0.3646	0.8651	0.001	0.009	0.8531	0.7443	0.002	0.3666	0.004	0.1768	0.4176	0.2008	0.001	0.0679	0.009	0.003	0.6853	0.001	0.0849	0.007	0.005	0.001	0.001	0.968	0.007	0.2537	0.028	0.001	0.8042	0.001	0.013	0.0849	0.048	0.7023	0.6414	0.6973	0.8501	0.4346	0.001	0.4755	0.7962	0.001	0.5125	0.1918	0.001	0.001	0.1289	0.004	0.003	0.9261	0.0819	0.1119	0.3287	0.6354	0.022
Sg_G06_49	0.004	0.008	0.016	0.001	0.0819	0.2787	0.0599	0.3616	0.001	0.1479	0.01	0.041	0.013	0.3636	0.001	0.026	0.001	0.002	0.001	0.006	0.9441	0.1978	0.8202	0.1129	0.001	0.0699	0.014	0.4595	0.1109	0.004	0.0819	0.049	0.0979	0.001	0.3716	0.007	0.001	0.2478	0.8282	0.1558	0.7732	0.0999	0.005	0.5524	0.019	0.0619	0.2727	0.003	0.5844	0.3596	0.6703	0.2338	0.4755	0.036	0.6553	0.1229	0.017	0.959	0.015	0.007	0.6653	0.002	0.1958	0.003	0.001	0.006	0.2028	0.001	0.013	0.003	0.3626	0.049	0.95	0.7562	0.8791	0.6813	0.0969	0.005	0.006	0.001	0.0849	0.001	0.001	0.2398	0.012	0.1968	0.4066	0.3217	0.1119	0.6434	0.011	0.1269	0.001	0.3487	0.001	0.2238	0.4815	0.0649	0.4126	0.8511	0.983	0.6224	0.021	0.014	0.1568	0.001	0.1908	0.8172	0.001	0.048	0.8082	0.001	0.976	0.002	0.3886	0.5245	0.02	0.01	0.7682	0.1259	0.001	0.009	0.005	0.001	0.001	0.5734	0.043	0.001	0.008	0.002	0.7832	0.001	0.1948	0.003	0.1019	0.001	0.001	0.4915	0.001	0.004	0.002	0.8182	0.001	0.001	0.002	0.027	0.3117	0.7912	0.034	0.001	0.1698	0.3536	0.2398	0.2797	0.7832	0.8671	0.002	0.001	0.1718	0.6973	0.038	0.001	1	0.003	0.6823	0.1409	0.012	0.035	0.002	0.001	0.3477	0.002	0.2358	0.1279	0.02	0.005	0.001	0.1978	0.7972	0.001	0.009	0.1079	0.6573	0.2967	0.04	0.5814	0.001	0.011	0.01	0.001	0.6793	0.041	0.6174	0.6374	0.027	0.003	0.016	0.001	0.001	0.6024	0.0579	0.001	0.001	0.004	0.1768	0.005	0.0759	0.1389	0.3267	0.006	0.0629	0.006	0.004	0.001	0.001	0.006	0.001	0.3087	0.013	0.019	0.8711	0.002	0.001	0.005	0.3297	0.001	0.001	0.3277	0.001	0.7483	0.2478	0.009	0.991	0.0649	0.5744	0.7752	0.0789	0.001	0.041	0.022	0.5884	0.4585	0.001	0.7153	0.2258	0.001	0.3287	0.7033	0.01	0.018	0.1648	0.0609	0.1938	0.001	0.034	0.039	0.005	0.2797	0.021	0.001	0.001	0.001	0.2268	0.001	0.6533	0.004	0.4995	0.007	0.3636	0.001	0.3546	0.001	0.2947	0.6404	0.001	0.047	0.5794	0.001	0.004	0.6224	0.0719	0.003	0.003	0.8511	0.7522	0.5624	0.0659	0.004	0.2517	0.5485	0.002	0.02	0.007	0.05	0.6603	0.002	0.002	0.2438	0.4116	0.001	0.3467	0.009	0.01	0.007	0.0959	0.032	0.002	0.013	0.017	0.6883	0.023	0.1648	0.3077	0.1658	0.1698	0.2028	0.026	0.951	0.1908	0.015	0.01	0.002	0.009	0.027	0.4336	0.6084	0.2438	0.0939	0.3067	0.3676
Sg_G06_9	0.5365	0.6474	0.2358	0.024	0.1459	0.01	0.0639	0.001	0.8891	0.1618	0.1648	0.3606	0.1419	0.1369	0.3067	0.975	0.3906	0.5574	0.3107	0.7662	0.1838	0.972	0.8731	0.6124	0.001	0.3956	0.2228	0.1039	0.0559	0.1868	0.041	0.4026	0.035	0.7363	0.3886	0.2767	0.7183	0.0659	0.0939	0.001	0.4076	0.1548	0.013	0.2957	0.1189	0.1269	0.032	0.3506	0.029	0.001	0.001	0.0549	0.0699	0.1708	0.002	0.5824	0.3397	0.2807	0.0519	0.8561	0.7912	0.1758	0.041	0.005	0.4126	0.011	0.1998	0.0929	0.1698	0.1818	0.006	0.6783	0.1089	0.1449	0.3177	0.009	0.3746	0.4446	0.0949	0.049	0.001	0.5425	0.2008	0.2807	0.0679	0.006	0.1908	0.0609	0.5385	0.1429	0.6174	0.017	0.1109	0.003	0.6174	0.047	0.8841	0.2607	0.001	0.1508	0.004	0.005	0.002	0.9001	0.6953	0.7962	0.007	0.0889	0.1718	0.0709	0.001	0.013	0.0619	0.1399	0.024	0.3257	0.4515	0.1628	0.7862	0.0829	0.013	0.8561	0.1848	0.4256	0.013	0.5025	0.2498	0.0789	0.0589	0.1159	0.4535	0.4066	0.6693	0.9431	0.1988	0.013	0.993	0.004	0.0539	0.0669	0.01	0.3397	0.1788	0.5834	0.2587	0.2877	0.8591	0.001	0.1199	0.8452	0.6364	0.01	0.5435	0.953	0.6953	0.1299	0.1159	0.96	0.1449	0.5644	0.2677	0.3407	0.003	1	0.6124	0.026	0.0689	0.5764	0.4555	0.4176	0.002	0.5544	0.2787	0.002	0.6543	0.4525	0.006	0.3327	0.3536	0.6723	0.6523	0.8611	0.7512	0.1409	0.007	0.0949	0.2458	0.8082	0.8901	0.4615	0.1788	0.5055	0.3037	0.4356	0.4695	0.1069	0.4655	0.029	0.7033	0.044	0.002	0.6204	0.4276	0.3536	0.959	0.7872	0.5764	0.7243	0.7083	0.2587	0.8561	0.977	0.0599	0.8282	0.6823	0.3397	0.8422	0.6953	0.3706	0.7982	0.4376	0.011	0.002	0.9191	0.011	0.001	0.1938	0.8791	0.5105	0.006	0.1019	0.3506	0.8412	0.3696	0.3726	0.8162	0.1209	0.2068	0.3666	0.0909	0.009	0.015	0.6464	0.1718	0.4386	0.2967	0.987	0.001	0.1598	0.011	0.002	0.7153	0.2857	0.8202	0.1748	0.3756	0.1229	0.6703	0.7792	0.5534	0.6004	0.3546	0.006	0.7662	0.5744	0.8432	0.0679	0.5864	0.0669	0.0939	0.3087	0.5395	0.4276	0.002	0.9281	0.6214	0.4875	0.4875	0.3566	0.3866	0.001	0.2677	0.037	0.1149	0.001	0.0529	0.2178	0.0929	0.001	0.955	0.2707	0.5215	0.0799	0.1628	0.0889	0.977	0.7053	0.0949	0.4595	0.0629	0.985	0.9351	0.1339	0.1389	0.7173	0.4496	0.9411	0.2298	0.046	0.015	0.011	0.0959	0.3736	0.002	0.024	0.022	0.3247	0.0989	0.0949	0.3457	0.8781	0.5275	0.7572	0.046	0.6264	0.021	0.016	0.028	0.1219	0.7233
Sg_G09_4	0.0699	0.001	0.0829	0.1918	0.0969	0.002	0.016	0.003	0.0599	0.0669	0.002	0.2348	0.003	0.001	0.009	0.4955	0.023	0.001	0.01	0.3297	0.009	0.2987	0.7752	0.1419	0.5734	0.4755	0.1508	0.0949	0.6074	0.0989	0.6494	0.018	0.7652	0.001	0.001	0.0819	0.001	0.002	0.026	0.5395	0.1858	0.3806	0.5295	0.0929	0.001	0.014	0.006	0.033	0.017	0.002	0.014	0.1179	0.3327	0.013	0.0939	0.001	0.011	0.014	0.1938	0.001	0.1838	0.0979	0.013	0.2038	0.2857	0.5914	0.002	0.039	0.005	0.006	0.02	1	0.1518	0.0639	0.2338	0.016	0.1608	0.019	0.0819	0.0999	0.001	0.03	0.002	0.006	0.002	0.01	0.4036	0.0549	0.2478	0.2038	0.7123	0.002	0.001	0.002	0.4695	0.001	0.6314	0.028	0.001	0.005	0.011	0.004	0.2028	0.003	0.009	0.005	0.001	0.046	0.016	0.7143	0.0929	0.0979	0.2328	0.022	0.002	0.001	0.005	0.046	0.4206	0.03	0.1958	0.001	0.015	0.003	0.003	0.985	0.005	0.1129	0.7253	0.008	0.03	0.1678	0.1868	0.004	0.5035	0.7433	0.022	0.1349	0.003	0.0649	0.018	0.1379	0.2328	0.2827	0.042	0.01	0.5415	0.011	0.003	0.2767	0.5734	0.007	0.5604	0.6344	0.001	0.001	0.015	0.003	0.1419	0.001	0.0959	0.001	0.6823	0.6124	1	0.018	0.4585	0.003	0.001	0.01	0.006	0.0969	0.0519	0.003	0.0539	0.3117	0.0989	0.8412	0.001	0.1748	0.016	0.008	0.5904	0.019	0.1958	0.001	0.001	0.6244	0.01	0.001	0.03	0.1249	0.001	0.5225	0.004	0.001	0.8242	0.005	0.002	0.001	0.001	0.001	0.1369	0.1459	0.5475	0.001	0.8432	0.024	0.2208	0.1908	0.7453	0.002	0.0669	0.003	0.04	0.011	0.003	0.001	0.8182	0.8232	0.1459	0.1778	0.013	0.043	0.017	0.1479	0.0899	0.3526	0.001	0.001	0.002	0.0679	0.3606	0.6583	0.001	0.001	0.1379	0.001	0.003	0.001	0.003	0.001	0.001	0.2218	0.0509	0.0539	0.2547	0.003	0.2068	0.4555	0.001	0.001	0.048	0.015	0.0659	0.01	0.001	0.5125	0.2408	0.1119	0.002	0.006	0.001	0.003	0.019	0.001	0.019	0.002	0.003	0.022	0.043	0.001	0.0759	0.006	0.018	0.9361	0.2378	0.002	0.8881	0.3966	0.5784	0.002	0.996	0.001	0.3626	0.023	0.3307	0.006	0.002	0.2937	0.003	0.043	0.002	0.3307	0.001	0.027	0.001	0.0919	0.4805	0.031	0.011	0.003	0.037	0.006	0.0709	0.005	0.2248	0.001	0.964	0.1588	0.0689	0.3167	0.3277	0.001	0.0679	0.3047	0.001	0.0579	0.019	0.002	0.002	0.039	0.001	0.001	0.2108	0.2797	0.001	0.6034	0.01	0.001
Sg_G10_35	0.004	0.028	0.7882	0.7572	0.022	0.011	0.1049	0.1219	0.005	0.025	0.008	0.8961	0.008	0.001	0.001	0.5554	0.5165	0.001	0.001	0.013	0.7602	0.3247	0.2488	0.006	0.02	0.2547	0.016	0.1798	0.6883	0.1419	0.0949	0.5335	0.043	0.002	0.028	0.1628	0.001	0.1039	0.035	0.4675	0.7682	0.7233	0.037	0.8142	0.002	0.1179	0.0699	0.009	0.001	0.003	0.9231	0.032	0.6713	0.001	0.8432	0.002	0.002	0.8671	0.983	0.016	0.0539	0.001	0.4446	0.001	0.002	0.3187	0.027	0.001	0.001	0.016	0.048	0.0629	0.04	0.001	0.1588	0.6064	0.4905	0.001	0.6134	0.0709	0.033	0.011	0.001	0.5644	0.3996	0.4995	0.001	0.3427	0.1858	0.002	0.002	0.014	0.024	0.1668	0.6284	0.2747	0.3017	0.001	0.04	0.5664	0.021	0.3077	0.7832	0.003	0.4026	0.003	0.006	0.007	0.001	0.8342	0.2038	0.1528	0.4705	0.001	0.001	0.0559	0.001	0.001	0.9291	0.1808	0.026	0.001	0.001	0.001	0.002	0.011	0.007	0.001	0.034	0.002	0.1938	0.001	0.4665	0.001	0.0739	0.033	0.001	0.3347	0.003	0.001	0.009	0.6593	0.005	0.032	0.1139	0.001	0.0649	0.001	0.001	0.004	0.042	0.2408	0.038	0.5644	0.017	0.001	0.8182	0.006	0.4675	0.027	0.1748	0.02	0.1409	0.026	0.018	1	0.006	0.0749	0.002	0.1708	0.954	0.0599	0.001	0.001	0.0759	0.006	0.008	0.7742	0.007	0.2627	0.6953	0.001	0.001	0.001	0.3047	0.1638	0.001	0.1618	0.0589	0.002	0.2158	0.013	0.001	0.05	0.001	0.001	0.001	0.014	0.002	0.0509	0.001	0.001	0.2058	0.003	0.1928	0.001	0.0819	0.3407	0.1918	0.001	0.6693	0.049	0.004	0.001	0.013	0.001	0.001	0.022	0.0809	0.1588	0.6114	0.2058	0.0589	0.031	0.1149	0.046	0.001	0.1449	0.001	0.001	0.2887	0.8462	0.7463	0.003	0.005	0.002	0.2587	0.001	0.001	0.4086	0.2617	0.004	0.001	0.4705	0.2997	0.004	0.9111	0.002	0.005	0.3107	0.6523	0.1808	0.5125	0.009	0.4765	0.0619	0.021	0.018	0.6753	0.3846	0.001	0.001	0.0749	0.001	0.4535	0.001	0.1399	0.0719	0.1289	0.001	0.1179	0.001	0.8911	0.7043	0.002	0.3287	0.0819	0.001	0.5345	0.7562	0.1698	0.001	0.1269	0.1489	0.006	0.7323	0.8462	0.001	0.1798	0.968	0.001	0.0829	0.003	0.8252	0.2108	0.011	0.001	0.7313	0.032	0.001	0.01	0.002	0.0849	0.008	0.1548	0.5634	0.011	0.001	0.5265	0.2707	0.1059	0.1858	0.8012	0.001	0.1668	0.5415	0.001	0.3357	0.028	0.001	0.026	0.014	0.001	0.008	0.0639	0.6094	0.037	0.003	0.5584	0.002
Sg_G11_20	0.001	0.005	0.9131	0.001	0.1029	0.4426	0.02	0.012	0.001	0.012	0.001	0.7852	0.4436	0.2527	0.1698	0.6803	0.8202	0.035	0.0629	0.1948	0.1259	0.4965	0.042	0.003	0.002	0.004	0.003	0.2977	0.7443	0.3347	0.001	0.039	0.001	0.001	0.7582	0.1389	0.001	0.7982	0.002	0.008	0.0819	0.95	0.001	0.962	0.1638	0.3147	0.9051	0.001	0.954	0.6054	0.002	0.011	0.026	0.001	0.001	0.003	0.001	0.034	0.6164	0.0639	0.7113	0.001	0.1249	0.001	0.2527	0.001	0.1229	0.001	0.001	0.001	0.001	0.1419	0.8661	0.001	0.001	0.1199	0.5664	0.001	0.001	0.001	0.6543	0.001	0.001	0.6563	0.0969	0.4086	0.045	0.0859	0.015	0.001	0.01	0.2378	0.5984	0.0699	0.1728	0.3207	0.1229	0.001	0.0529	0.2947	0.8531	0.8172	0.0849	0.001	0.995	0.024	0.9091	0.0529	0.001	0.001	0.0859	0.3457	0.0889	0.001	0.6234	0.7413	0.001	0.001	0.2138	0.013	0.001	0.007	0.001	0.043	0.001	0.1269	0.004	0.001	0.001	0.001	0.7153	0.001	0.001	0.001	0.001	0.001	0.024	0.001	0.002	0.001	0.001	0.3846	0.032	0.1479	0.3996	0.001	0.1049	0.026	0.001	0.1648	0.8102	0.013	0.1439	0.015	0.3057	0.2098	0.039	0.0719	0.005	0.002	0.3866	0.021	0.012	0.0689	0.4585	0.006	1	0.004	0.001	0.0969	0.042	0.1129	0.001	0.1329	0.6404	0.3816	0.001	0.994	0.4865	0.3676	0.4096	0.001	0.007	0.001	0.001	0.964	0.001	0.0989	0.001	0.049	0.3676	0.3626	0.7243	0.3646	0.001	0.006	0.1848	0.001	0.0579	0.7602	0.009	0.001	0.5075	0.007	0.013	0.001	0.005	0.1568	0.1409	0.001	0.1259	0.012	0.001	0.001	0.028	0.006	0.001	0.9041	0.002	0.7612	0.1189	0.001	0.001	0.2138	0.001	0.001	0.001	0.5425	0.001	0.969	0.1728	0.4166	0.3966	0.001	0.1479	0.1409	0.01	0.05	0.001	0.4396	0.003	0.7343	0.001	0.2148	0.8681	0.001	0.4316	0.0649	0.001	0.001	0.3636	0.025	0.3976	0.008	0.2897	0.8741	0.008	0.003	0.0939	0.7273	0.001	0.001	0.0809	0.001	0.7512	0.001	0.003	0.006	0.8561	0.001	0.001	0.006	0.035	0.011	0.049	0.8891	0.6833	0.001	0.3906	0.017	0.007	0.002	0.001	0.7552	0.3477	0.008	0.7273	0.1349	0.002	0.2637	0.006	0.009	0.003	0.8202	0.7912	0.001	0.001	0.2677	0.2168	0.001	0.1788	0.001	0.7473	0.001	0.1698	0.0809	0.026	0.0519	0.1608	0.003	0.7662	0.004	1	0.2208	0.001	0.042	0.034	0.004	0.001	0.001	0.01	0.002	0.001	0.5145	0.4585	0.013	0.1299	0.001	0.7073	0.003
Sg_G18_1	0.001	0.001	0.003	0.004	0.002	0.2308	0.001	0.5864	0.001	0.015	0.001	0.6823	0.007	0.002	0.018	0.5774	0.007	0.001	0.002	0.037	0.4186	0.023	0.0709	0.004	0.021	0.0599	0.011	0.1049	0.3606	0.6513	0.006	0.004	0.005	0.001	0.001	0.7273	0.001	0.4196	0.001	0.016	0.2737	0.7732	0.002	0.0619	0.001	0.005	0.015	0.001	0.025	0.001	0.2917	0.001	0.8042	0.001	0.2398	0.001	0.001	0.2797	0.1169	0.001	0.5714	0.001	0.4256	0.001	0.003	0.003	0.029	0.001	0.001	0.001	0.9301	0.1059	0.009	0.004	0.5405	0.3856	0.004	0.001	0.1169	0.001	0.007	0.001	0.001	0.035	0.2907	0.1828	0.001	0.973	0.001	0.011	0.1439	0.001	0.001	0.1888	0.0579	0.0729	0.8392	0.001	0.4925	0.0539	0.2388	0.0579	0.4226	0.001	0.7033	0.001	0.007	0.0609	0.001	0.1239	0.2048	0.008	0.4106	0.001	0.007	0.1878	0.001	0.001	0.3147	0.99	0.001	0.001	0.001	0.001	0.001	0.2308	0.001	0.001	0.009	0.001	0.5355	0.001	0.6513	0.001	0.1109	0.002	0.003	0.2897	0.001	0.001	0.001	0.4515	0.001	0.001	0.001	0.001	0.1858	0.1159	0.001	0.001	0.8781	0.9001	0.2537	0.6254	0.001	0.001	0.1389	0.003	0.5055	0.004	0.0909	0.005	0.035	0.5764	0.003	0.0749	0.004	1	0.001	0.001	0.6234	0.001	0.001	0.6044	0.1289	0.2188	0.001	0.6703	0.037	0.0989	0.001	0.003	0.3756	0.1119	0.8671	0.5974	0.001	0.7083	0.001	0.002	0.4466	0.046	0.001	0.6274	0.001	0.002	0.4466	0.001	0.001	0.5045	0.005	0.001	0.0819	0.001	0.7163	0.001	0.007	0.007	0.014	0.001	0.7303	0.002	0.001	0.001	0.001	0.001	0.001	0.006	0.004	0.7373	0.967	0.002	0.001	0.002	0.968	0.001	0.001	0.6234	0.001	0.001	0.003	0.9281	0.4805	0.001	0.001	0.001	0.7812	0.023	0.001	0.008	0.8352	0.2378	0.001	0.9401	0.1479	0.001	0.8911	0.987	0.001	0.001	0.012	0.001	0.2208	0.001	0.3516	0.004	0.001	0.4775	0.027	0.0649	0.001	0.001	0.3536	0.001	0.9271	0.001	0.1698	0.001	0.002	0.001	0.012	0.001	0.8232	0.7043	0.001	0.6823	0.7223	0.001	0.1508	0.9481	0.1279	0.001	0.021	0.2328	0.0559	0.6633	0.2398	0.004	0.1558	0.8452	0.001	0.001	0.001	0.002	0.2108	0.001	0.001	0.028	0.6983	0.001	0.016	0.001	0.6204	0.001	0.0609	0.001	0.003	0.001	0.2238	0.1868	0.8472	0.006	0.4426	0.001	0.6224	0.001	0.001	0.982	0.001	0.001	0.001	0.001	0.001	0.041	0.5345	0.1219	0.1918	0.004	0.8791	0.001
Sg_G18_19	0.001	0.001	0.0999	0.003	0.019	0.001	0.001	0.002	0.001	0.05	0.001	0.8861	0.004	0.001	0.001	0.7373	0.001	0.001	0.001	0.041	0.023	0.002	0.4955	0.001	0.0709	0.002	0.002	0.001	0.2847	0.5475	0.0639	0.001	0.032	0.001	0.001	0.4316	0.001	0.001	0.001	0.6783	0.5734	0.1938	0.028	0.001	0.001	0.001	0.001	0.001	0.001	0.001	0.4266	0.001	0.3706	0.001	0.8442	0.001	0.001	0.1109	0.0619	0.001	0.6993	0.001	0.0539	0.001	0.001	0.037	0.001	0.001	0.001	0.001	0.5514	0.3626	0.002	0.001	0.971	0.1758	0.005	0.001	0.6004	0.001	0.001	0.001	0.001	0.4486	0.7063	0.017	0.001	0.008	0.001	0.001	0.001	0.001	0.001	0.01	0.034	0.005	0.1129	0.001	0.034	0.006	0.001	0.003	0.0909	0.001	0.0609	0.001	0.002	0.044	0.001	0.7333	0.008	0.984	0.1988	0.001	0.001	0.001	0.001	0.001	0.4805	0.1908	0.001	0.001	0.001	0.001	0.001	0.4675	0.001	0.001	0.001	0.001	0.002	0.001	0.2827	0.001	0.025	0.006	0.001	0.4525	0.001	0.003	0.001	0.1259	0.006	0.001	0.021	0.001	0.9051	0.001	0.001	0.001	0.6653	0.006	0.9041	0.7483	0.002	0.001	0.0699	0.001	0.1259	0.001	0.003	0.001	0.002	0.4555	0.001	0.002	0.001	0.001	1	0.001	0.1668	0.001	0.001	0.009	0.0599	0.1209	0.001	0.3556	0.014	0.003	0.001	0.001	0.8482	0.027	0.8731	0.1089	0.001	0.1409	0.001	0.001	0.5225	0.001	0.001	0.8372	0.001	0.001	0.2178	0.001	0.001	0.001	0.001	0.001	0.007	0.001	0.7163	0.001	0.006	0.001	0.001	0.001	0.1329	0.001	0.001	0.001	0.001	0.001	0.001	0.001	0.1339	0.8551	0.045	0.025	0.001	0.001	0.5005	0.001	0.001	0.7223	0.001	0.001	0.005	0.988	0.1538	0.001	0.001	0.002	0.3457	0.001	0.001	0.001	0.037	0.001	0.001	0.7393	0.7922	0.001	0.001	0.005	0.002	0.004	0.001	0.001	0.009	0.001	0.003	0.001	0.001	0.025	0.0629	0.0529	0.001	0.001	0.001	0.001	0.03	0.001	0.1029	0.001	0.001	0.001	0.001	0.001	0.6414	0.0919	0.001	0.3157	0.5305	0.001	0.0599	0.1518	0.1309	0.001	0.003	0.001	0.003	0.0969	0.8412	0.001	0.001	0.005	0.001	0.008	0.001	0.2218	0.001	0.001	0.001	0.004	0.8961	0.001	0.001	0.001	0.001	0.001	0.001	0.001	0.028	0.001	0.8032	0.2478	0.1948	0.6793	0.3516	0.001	0.955	0.004	0.001	0.986	0.003	0.001	0.001	0.002	0.001	0.001	0.992	0.8601	0.001	0.007	0.027	0.001
Sg_G19_41	0.001	0.01	0.011	0.025	0.1249	0.1808	0.006	0.0789	0.001	0.5175	0.001	0.3197	0.05	0.002	0.001	0.1419	0.001	0.001	0.001	0.1039	0.1868	0.0939	0.8981	0.01	0.1229	0.007	0.0929	0.0999	0.1099	0.2507	0.6254	0.006	0.3516	0.001	0.002	0.4436	0.001	0.1199	0.0749	0.964	0.1079	0.0619	0.2498	0.0639	0.002	0.003	0.002	0.001	0.0819	0.001	0.6434	0.001	0.7473	0.003	0.8601	0.001	0.018	0.6044	0.0759	0.001	0.2068	0.001	0.1219	0.003	0.001	0.8192	0.001	0.001	0.001	0.001	0.5015	0.2228	0.001	0.4845	0.6563	0.7562	0.011	0.002	0.4176	0.002	0.002	0.001	0.001	0.2527	0.2088	0.0589	0.0739	0.0669	0.009	0.8152	0.009	0.001	0.001	0.035	0.03	0.02	0.6424	0.001	0.3437	0.013	0.001	0.028	0.4715	0.001	0.8452	0.005	0.0669	0.038	0.001	0.1778	0.005	0.1449	0.7473	0.001	0.003	0.048	0.008	0.003	0.2977	0.5275	0.001	0.001	0.001	0.002	0.001	0.4795	0.001	0.001	0.002	0.001	0.0809	0.001	0.8631	0.001	0.4496	0.005	0.001	0.969	0.001	0.003	0.001	0.1628	0.003	0.001	0.0789	0.004	0.4545	0.3786	0.001	0.001	0.3856	0.2677	0.3267	0.4725	0.0789	0.0869	0.02	0.002	0.033	0.0909	0.3117	0.003	0.001	0.4176	0.01	0.1708	0.0969	0.001	0.001	1	0.8022	0.001	0.009	0.0549	0.2737	0.971	0.004	0.5445	0.1788	0.016	0.001	0.001	0.982	0.1269	0.2268	0.1668	0.001	0.05	0.001	0.002	0.9221	0.024	0.05	0.6194	0.001	0.001	0.7992	0.001	0.001	0.0639	0.003	0.001	0.029	0.001	0.6264	0.001	0.1808	0.011	0.1459	0.001	0.049	0.002	0.002	0.001	0.002	0.001	0.001	0.0539	0.0869	0.018	0.024	0.1628	0.001	0.001	0.8022	0.044	0.004	0.5914	0.001	0.0819	0.023	0.6054	0.3746	0.2138	0.047	0.1179	0.7752	0.001	0.001	0.001	0.993	0.2178	0.001	0.0799	0.8571	0.006	0.001	0.3197	0.0819	0.1748	0.005	0.1618	0.4306	0.001	0.004	0.001	0.001	0.7842	0.0629	0.8591	0.001	0.028	0.003	0.001	0.1409	0.001	0.9031	0.001	0.4036	0.001	0.016	0.001	0.8362	0.8951	0.001	0.5325	0.2547	0.002	0.015	0.4336	0.1648	0.001	0.021	0.009	0.002	0.009	0.5395	0.02	0.5804	0.008	0.001	0.3217	0.001	0.0619	0.017	0.001	0.001	0.003	0.3097	0.003	0.03	0.001	0.0839	0.013	0.008	0.001	0.0589	0.001	0.1818	0.4905	0.7922	0.4146	0.7233	0.001	0.4595	0.002	0.001	0.6174	0.1039	0.001	0.001	0.01	0.001	0.004	0.5854	0.046	0.019	0.2757	0.003	0.009
Sg_G21_58	0.3397	0.2527	0.8521	0.05	0.6074	0.001	0.1518	0.001	0.7952	0.037	0.7033	0.026	0.045	0.0599	0.2388	0.2218	0.0979	0.3726	0.3447	0.8871	0.1219	0.3017	0.007	0.3656	0.002	0.0919	0.0849	0.003	0.0679	0.001	0.001	0.1249	0.001	0.6683	0.4176	0.2687	0.951	0.011	0.004	0.8571	0.1878	0.3277	0.001	0.045	0.001	0.044	0.001	0.951	0.001	0.001	0.001	0.001	0.3127	0.0669	0.009	0.2607	0.2328	0.001	0.013	0.006	0.6214	0.1469	0.001	0.023	0.3596	0.0539	0.3397	0.8022	0.004	0.043	0.001	0.7433	0.1618	0.0659	0.001	0.001	0.988	0.0609	0.002	0.5884	0.001	0.6324	0.991	0.035	0.1099	0.001	0.049	0.3586	0.0599	0.0669	0.0529	0.3007	0.004	0.038	0.6783	0.008	0.9231	0.0899	0.003	0.016	0.5445	0.1908	0.001	0.8012	0.034	0.5255	0.002	0.017	0.3117	0.0769	0.001	0.009	0.5355	0.2677	0.001	0.02	0.3516	0.2298	0.8761	0.01	0.012	0.0969	0.034	0.1359	0.4126	0.0529	0.8601	0.1718	0.002	0.2148	0.5245	0.0579	0.001	0.7063	0.8931	0.001	0.6563	0.002	0.2997	0.024	0.0769	0.6274	0.3177	0.6813	0.3277	0.1329	0.992	0.966	0.0889	0.5385	0.5804	0.004	0.6623	0.6164	0.5015	0.4935	0.1688	0.2647	0.001	0.2008	0.006	0.025	0.3477	0.002	0.006	0.954	0.042	0.6234	0.1668	0.8022	1	0.6873	0.9271	0.003	0.4386	0.6214	0.001	0.4695	0.5055	0.4855	0.2817	0.0769	0.4016	0.007	0.001	0.018	0.6513	0.3047	0.6444	0.033	0.001	0.2707	0.031	0.2288	0.6813	0.032	0.9301	0.0519	0.0609	0.001	0.2597	0.974	0.005	0.042	0.017	0.2018	0.015	0.0959	0.6144	0.0579	0.7493	0.4366	0.5175	0.5465	0.6913	0.6503	0.5205	0.031	0.001	0.982	0.033	0.3666	0.4545	0.5265	0.001	0.006	0.0799	0.4925	0.7143	0.001	0.7682	0.0569	0.3596	0.043	0.004	0.7353	0.001	0.0719	0.4775	0.001	0.001	0.042	0.8202	0.001	0.001	0.009	0.7552	0.0599	0.1918	0.1049	0.039	0.1708	0.0609	0.6743	0.012	0.0939	0.012	0.014	0.7662	0.0569	0.1109	0.8042	0.009	0.7483	0.4436	0.1459	0.001	0.8551	0.001	0.3437	0.042	0.029	0.001	0.001	0.8422	0.4496	0.6913	0.3556	0.9331	0.1309	0.009	0.1119	0.0769	0.003	0.1499	0.7253	0.7512	0.007	0.001	0.7592	0.9031	0.2178	0.022	0.4575	0.003	0.9241	0.6833	0.2647	0.5954	0.6044	0.011	0.1778	0.005	0.7862	0.2308	0.4006	0.7383	0.004	0.8871	0.0509	0.0999	0.6853	0.7562	0.002	0.016	0.02	0.1538	0.036	0.4126	0.4246	0.0569	0.2617	0.4236	0.041	0.4456	0.001	0.001	0.001	0.042	0.8751
Sg_G22_16	0.007	0.005	0.001	0.007	0.8472	0.0849	0.0879	0.3257	0.001	0.984	0.002	0.7363	0.001	0.001	0.001	0.971	0.001	0.004	0.001	0.001	0.3147	0.2697	0.8501	0.1369	0.03	0.2388	0.5355	0.2667	0.5664	0.9161	0.0549	0.2308	0.0729	0.009	0.001	0.4186	0.001	0.2807	0.023	0.0839	0.8282	0.0669	0.8761	0.001	0.018	0.5584	0.039	0.049	0.8881	0.0929	0.0659	0.001	0.8951	0.028	0.4855	0.007	0.035	0.7872	0.002	0.01	0.7243	0.015	0.956	0.036	0.001	0.0809	0.036	0.1808	0.002	0.001	0.3796	0.001	0.04	0.5145	0.2478	0.4476	0.004	0.013	0.2368	0.013	0.8711	0.044	0.001	0.7193	0.5994	0.7143	0.006	0.026	0.2188	0.032	0.2667	0.001	0.001	0.6513	0.8711	0.2617	0.8741	0.03	0.8611	0.5245	0.031	0.5784	0.6294	0.3047	0.4236	0.001	0.3217	0.6543	0.007	0.043	0.2867	0.018	0.6444	0.046	0.0579	0.1319	0.023	0.1129	0.8452	0.5105	0.042	0.026	0.001	0.001	0.004	0.01	0.001	0.014	0.039	0.004	0.003	0.001	0.5914	0.006	0.3536	0.001	0.001	0.6633	0.003	0.0639	0.042	0.2028	0.2388	0.001	0.039	0.1269	0.957	0.6144	0.0969	0.001	0.9061	0.5624	0.4226	0.026	0.5295	0.3706	0.004	0.001	0.1868	0.028	0.031	0.001	0.002	0.5544	0.0969	0.0599	0.1129	0.001	0.001	0.001	0.6873	1	0.4056	0.7562	0.2308	0.4076	0.007	0.014	0.4825	0.3976	0.4486	0.012	0.1409	0.019	0.5205	0.4735	0.018	0.036	0.01	0.001	0.4655	0.002	0.5495	0.1718	0.002	0.001	0.5964	0.001	0.001	0.2917	0.026	0.002	0.005	0.001	0.0779	0.026	0.011	0.002	0.035	0.001	0.8651	0.001	0.023	0.001	0.001	0.005	0.001	0.3716	0.001	0.8901	0.002	0.3257	0.009	0.001	0.4086	0.0509	0.017	0.8112	0.001	0.2867	0.015	0.973	0.008	0.998	0.0949	0.02	0.1479	0.001	0.025	0.1339	0.3137	0.6753	0.001	0.02	0.0909	0.8222	0.1818	0.5954	0.1089	0.0889	0.002	0.023	0.1089	0.001	0.001	0.001	0.001	0.001	0.2208	0.1508	0.001	0.0539	0.0619	0.003	0.002	0.005	0.4765	0.001	0.8621	0.015	0.0989	0.001	0.978	0.4635	0.001	0.991	0.7702	0.001	0.031	0.1648	0.4905	0.017	0.6454	0.0679	0.044	0.5125	0.2837	0.001	0.0749	0.003	0.002	0.2058	0.002	0.004	0.0869	0.001	0.001	0.001	0.6084	0.002	0.004	0.007	0.001	0.3736	0.001	0.005	0.0639	0.046	0.1878	0.0579	0.9161	0.9171	0.6414	0.001	0.3337	0.039	0.022	0.9161	0.7732	0.001	0.001	0.002	0.012	0.4535	0.993	0.4186	0.5225	0.045	0.996	0.0999
Sg_G26_10	0.001	0.006	0.4515	0.039	0.001	0.6034	0.001	0.1738	0.001	0.003	0.001	0.3077	0.8192	0.003	0.6474	0.4136	0.5495	0.001	0.0679	0.2338	0.1808	0.1928	0.003	0.001	0.0519	0.007	0.003	0.4206	0.7393	0.2218	0.001	0.0519	0.001	0.001	0.2368	0.2458	0.001	0.1928	0.001	0.016	0.1618	0.2288	0.001	0.1878	0.004	0.5045	0.014	0.001	0.1988	0.4266	0.037	0.002	0.044	0.001	0.003	0.001	0.001	0.2308	0.1778	0.015	0.0769	0.002	0.005	0.001	0.3536	0.001	0.001	0.001	0.001	0.001	0.6324	0.5824	0.3457	0.001	0.034	0.8022	0.3546	0.001	0.005	0.001	0.0749	0.001	0.001	0.1159	0.3477	0.4476	0.1199	0.001	0.003	0.001	0.0639	0.026	0.041	0.6244	0.5524	0.4835	0.5415	0.001	0.6024	0.0749	0.8442	0.047	0.7632	0.001	0.0709	0.041	0.7682	0.005	0.001	0.2298	0.3017	0.3197	0.3477	0.001	0.0579	0.0609	0.001	0.001	0.8901	0.03	0.001	0.001	0.001	0.1339	0.001	0.1878	0.001	0.001	0.001	0.001	0.6454	0.001	0.5455	0.001	0.1638	0.003	0.049	0.026	0.003	0.001	0.001	0.1798	0.011	0.2258	0.0749	0.001	0.5135	0.028	0.001	0.0669	0.1768	0.3307	0.99	0.992	0.001	0.008	0.5714	0.0889	0.4605	0.015	0.0589	0.2547	0.2358	0.2787	0.0519	0.001	0.001	0.001	0.001	0.009	0.9271	0.4056	1	0.988	0.0979	0.6543	0.001	0.6773	0.0769	0.9301	0.2507	0.001	0.021	0.001	0.8891	0.031	0.001	0.8511	0.001	0.1269	0.5225	0.1898	0.005	0.6813	0.001	0.001	0.7952	0.001	0.1499	0.0829	0.013	0.001	0.6913	0.002	0.1399	0.001	0.3776	0.015	0.7692	0.001	0.1169	0.009	0.001	0.001	0.042	0.001	0.001	0.2348	0.048	0.7443	0.6444	0.003	0.001	0.004	0.4366	0.001	0.001	0.3646	0.001	0.005	0.0889	0.3586	0.6364	0.001	0.001	0.005	0.018	0.1069	0.001	0.035	0.1748	0.4715	0.001	0.0839	0.5604	0.001	0.3197	0.3367	0.001	0.001	0.1079	0.011	0.4745	0.003	0.0929	0.002	0.005	0.5245	0.4226	0.6903	0.001	0.001	0.5874	0.001	0.1059	0.001	0.98	0.001	0.2248	0.001	0.017	0.001	0.011	0.4386	0.049	0.3077	0.0889	0.001	0.5794	0.1698	0.3576	0.001	0.001	0.1848	0.4156	0.2697	0.4735	0.4875	0.3077	0.0849	0.001	0.001	0.001	0.2537	0.1678	0.001	0.001	0.3766	0.1778	0.001	0.015	0.001	0.983	0.001	0.9291	0.001	0.2897	0.001	0.4975	0.1439	0.5195	0.002	0.3966	0.001	0.1718	0.004	0.001	0.037	0.001	0.001	0.001	0.001	0.001	0.4535	0.1508	0.4116	0.6863	0.001	0.7572	0.001
Sg_G26_22	0.6983	0.006	0.3187	0.3596	0.6683	0.001	0.2288	0.001	0.0849	0.1578	0.1489	0.4835	0.9421	0.004	0.029	0.043	0.0829	0.0599	0.3986	0.7283	0.025	0.968	0.041	0.7453	0.1099	0.0549	0.3606	0.3606	0.0509	0.6044	0.0659	0.6044	0.2488	0.0929	0.0809	0.2767	0.049	0.1109	0.9341	0.001	0.014	0.8072	0.4975	0.5235	0.005	0.001	0.044	0.6074	0.001	0.001	0.001	0.8322	0.001	0.6633	0.001	0.3317	0.4665	0.3027	0.6563	0.1269	0.0509	0.6733	0.4066	0.2428	0.955	0.2967	0.025	0.4406	0.0809	0.3766	0.011	0.4925	0.007	0.5105	0.1489	0.025	0.1538	0.7273	0.01	0.1069	0.001	0.6214	0.006	0.4665	0.5305	0.0689	0.004	0.007	0.9451	0.2887	0.3037	0.002	0.005	0.001	0.7103	0.001	0.5175	0.5864	0.001	0.001	0.001	0.001	0.006	0.8102	0.4386	0.6933	0.001	0.016	0.7692	0.003	0.001	0.2887	0.024	0.7692	0.001	0.2797	0.7582	0.5415	0.003	0.001	0.4356	0.013	0.7043	0.3846	0.4146	0.0869	0.5764	0.4715	0.1788	0.3247	0.5375	0.5495	0.001	0.033	0.8531	0.0789	0.7073	0.001	0.2108	0.5255	0.1109	0.0519	0.0699	0.7253	0.01	0.6234	0.011	0.001	0.7542	0.8192	0.02	0.001	0.024	0.8032	0.001	0.001	0.8621	0.5924	0.0589	0.2837	0.9011	0.2847	0.1279	0.002	0.003	0.001	0.1329	0.6044	0.009	0.0549	0.003	0.7562	0.988	1	0.001	0.04	0.5365	0.3896	0.001	0.001	0.1179	0.8741	0.3986	0.046	0.0579	0.003	0.4925	0.2527	0.5834	0.4156	0.0669	0.8541	0.001	0.017	0.5974	0.019	0.017	0.7642	0.2597	0.014	0.001	0.017	0.0969	0.4745	0.8122	0.022	0.6793	0.6643	0.8332	0.3357	0.0759	0.7163	0.3836	0.0869	0.7912	0.1009	0.2697	0.001	0.7672	0.6553	0.6833	0.6833	0.5265	0.3996	0.013	0.0839	0.955	0.022	0.0619	0.001	0.006	0.9331	0.2398	0.03	0.032	0.0549	0.013	0.2378	0.9371	0.002	0.001	0.001	0.005	0.2697	0.045	0.1079	0.4875	0.001	0.5674	0.005	0.9001	0.3686	0.9251	0.1229	0.007	0.0709	0.011	0.003	0.5694	0.1099	0.1758	0.1908	0.1289	0.043	0.1678	0.026	0.01	0.7473	0.001	0.8931	0.036	0.0809	0.033	0.002	0.9121	0.0969	0.026	0.007	0.5614	0.001	0.002	0.4286	0.3317	0.045	0.01	0.036	0.027	0.4176	0.001	0.027	0.002	0.4276	0.2418	0.1399	0.1319	0.044	0.1229	0.1329	0.023	0.8631	0.6553	0.0779	0.4236	0.1678	0.2767	0.9291	0.004	0.003	0.2947	0.001	0.1548	0.0559	0.3966	0.001	0.001	0.5834	0.001	0.001	0.2168	0.029	0.6044	0.9351	0.016	0.001	0.036	0.031	0.001	0.038	0.3427	0.4855
Sg_G26_28	0.4356	0.7552	0.992	0.1439	0.6314	0.028	0.0759	0.025	0.0819	0.3307	0.5844	0.4056	0.2847	0.7473	0.7912	0.006	0.01	0.7612	0.5155	0.024	0.5934	0.98	0.9181	0.9391	0.977	0.952	0.2498	0.2957	0.5425	0.1329	0.3716	0.7143	0.3107	0.7393	0.956	0.2737	0.2857	0.5285	0.9171	0.01	0.8511	0.8192	0.3317	0.9391	0.2268	0.1499	0.0619	0.1568	0.048	0.3047	0.001	0.043	0.1109	0.2268	0.028	0.2697	0.2008	0.9291	0.2957	0.6254	0.023	0.952	0.2887	0.5025	0.984	0.6324	0.8571	0.032	0.03	0.2448	0.1998	0.028	0.7203	0.5834	0.043	0.2567	0.1888	0.5005	0.3646	0.8811	0.016	0.0609	0.3536	0.0659	0.8242	0.1289	0.3457	0.4885	0.7872	0.9051	0.026	0.1369	0.1409	0.048	0.2577	0.002	0.8212	0.5864	0.005	0.0719	0.6793	0.1069	0.012	0.2358	0.2108	0.0899	0.017	0.0999	0.1449	0.8222	0.018	0.7433	0.5395	0.1149	0.0899	0.5055	0.7483	0.3896	0.2438	0.002	0.1718	0.3417	0.3906	0.5125	0.6184	0.0919	0.5025	0.2238	0.1419	0.2977	0.1728	0.8681	0.3856	0.3017	0.008	0.987	0.1848	0.01	0.2048	0.8202	0.3596	0.013	0.0599	0.4256	0.96	0.6134	0.003	0.0769	0.8871	0.4805	0.012	0.004	0.003	0.6763	0.033	0.5734	0.6234	0.2338	0.8961	0.0989	0.9251	0.8861	0.02	0.6543	0.0539	0.0759	0.6404	0.1289	0.0599	0.2737	0.4386	0.2308	0.0979	0.001	1	0.002	0.4216	0.1638	0.01	0.2008	0.1598	0.046	0.03	0.0589	0.8541	0.3736	0.1169	0.2667	0.6134	0.983	0.1249	0.3407	0.008	0.02	0.999	0.1369	0.007	0.9181	0.5375	0.3487	0.015	0.6334	0.041	0.0629	0.2478	0.2537	0.5824	0.6713	0.019	0.8292	0.02	0.8102	0.1369	0.6793	0.6424	0.2987	0.7363	0.1019	0.4416	0.1538	0.004	0.05	0.2817	0.6044	0.3167	0.2048	0.006	0.008	0.4595	0.2238	0.043	0.2128	0.01	0.1239	0.3886	0.4825	0.2567	0.9061	0.8841	0.021	0.005	0.01	0.0959	0.7073	0.033	0.005	0.4166	0.025	0.0999	0.999	0.007	0.0639	0.6733	0.7283	0.6324	0.4885	0.5794	0.1139	0.5015	0.01	0.4715	0.2767	0.8002	0.4535	0.011	0.5644	0.026	0.2647	0.042	0.1489	0.2757	0.0899	0.1119	0.0579	0.2108	0.031	0.018	0.3666	0.9011	0.5724	0.3736	0.5375	0.2198	0.3447	0.4535	0.4436	0.2088	0.5015	0.1099	0.0729	0.2647	0.8162	0.1399	0.6623	0.2408	0.5554	0.8521	0.6144	0.003	0.6334	0.2817	0.7762	0.7463	0.3087	0.5245	0.8142	0.003	0.6613	0.027	0.036	0.6603	0.001	0.8511	0.3756	0.6254	0.2188	0.1389	0.0649	0.5764	0.6803	0.7113	0.3487	0.5135	0.002	0.023	0.2078	0.014	0.1439	0.8482	0.966
Sg_G29_33	0.5175	0.041	0.8282	0.3566	0.4845	0.003	0.2957	0.025	0.2468	0.7053	0.2817	0.4306	0.04	0.5904	0.0929	0.002	0.0699	0.1568	0.041	0.034	0.8911	0.1279	0.3287	0.8392	0.2458	0.5564	0.3437	0.5704	0.992	0.4745	0.9191	0.6404	0.6334	0.007	0.6184	0.3127	0.028	0.3047	0.3886	0.5704	0.7972	0.3986	0.1998	0.8142	0.3157	0.0649	0.7762	0.021	0.3516	0.1229	0.01	0.9021	0.002	0.6294	0.0639	0.7373	0.029	0.8342	0.2248	0.1089	0.001	0.5015	0.4186	0.5914	0.003	0.1758	0.5185	0.016	0.2418	0.5285	0.1409	0.4515	0.6234	0.1229	0.4765	0.6973	0.029	0.4016	0.6244	0.3157	0.039	0.039	0.009	0.8561	0.001	0.7283	0.2428	0.006	0.3726	0.0559	0.02	0.8202	0.2288	0.0919	0.0769	0.004	0.2218	0.3087	0.01	0.2697	0.6454	0.2767	0.7592	0.1069	0.0589	0.019	0.005	0.7932	0.0569	0.8831	0.9071	0.4236	0.3886	0.006	0.2887	0.3896	0.0999	0.0519	0.1259	0.019	0.1179	0.2438	0.2867	0.032	0.4036	0.1119	0.7852	0.1738	0.3217	0.0589	0.0579	0.1199	0.965	0.026	0.0539	0.5694	0.3586	0.0529	0.3596	0.1229	0.3616	0.001	0.0579	0.4486	0.1219	0.0839	0.001	0.024	0.6953	0.1099	0.001	0.002	0.001	0.7522	0.2228	0.2438	0.5085	0.049	0.5744	0.7832	0.4925	0.0829	0.005	0.4525	0.3117	0.006	0.3816	0.2188	0.1209	0.971	0.6214	0.4076	0.6543	0.04	0.002	1	0.1339	0.018	0.4376	0.2188	0.6294	0.3726	0.002	0.4555	0.2537	0.016	0.022	0.2757	0.7522	0.044	0.8941	0.8641	0.0779	0.001	0.2238	0.043	0.001	0.1698	0.031	0.9091	0.003	0.016	0.0659	0.8392	0.4076	0.2797	0.1628	0.2468	0.3886	0.7722	0.01	0.1139	0.2268	0.022	0.1548	0.023	0.014	0.0719	0.2927	0.0949	0.012	0.019	0.4316	0.961	0.1558	0.1179	0.014	0.001	0.011	0.027	0.6314	0.1788	0.005	0.033	0.8462	0.5694	0.6753	0.018	0.7303	0.5574	0.001	0.028	0.016	0.5834	0.025	0.018	0.6434	0.041	0.03	0.7163	0.4076	0.3097	0.0619	0.0849	0.1409	0.1648	0.7892	0.6134	0.0669	0.005	0.005	0.0719	0.5155	0.046	0.001	0.0879	0.7882	0.7343	0.1538	0.1698	0.8701	0.0619	0.1249	0.6204	0.0829	0.001	0.001	0.2448	0.6783	0.2268	0.4855	0.1548	0.6763	0.5804	0.5025	0.7443	0.8871	0.013	0.9371	0.001	0.003	0.05	0.9091	0.2308	0.3297	0.3257	0.039	0.3616	0.001	0.018	0.2148	0.0909	0.1858	0.018	0.5804	0.3077	0.001	0.0609	0.001	0.006	0.3297	0.036	0.0679	0.8671	0.4266	0.0969	0.0749	0.1958	0.5435	0.0579	0.0649	0.3646	0.1259	0.004	0.001	0.4176	0.017	0.4735	0.1229	0.3776
Sg_G33_7	0.001	0.002	0.4625	0.001	0.001	0.5185	0.001	0.0529	0.001	0.001	0.001	0.033	0.987	0.001	0.018	0.7093	0.5405	0.001	0.017	0.045	0.1618	0.018	0.007	0.001	0.001	0.002	0.001	0.9071	0.019	0.0649	0.001	0.011	0.001	0.001	0.1489	0.7393	0.001	0.4196	0.001	0.022	0.5305	0.3756	0.001	0.5794	0.006	0.047	0.7283	0.001	0.6454	0.6104	0.022	0.001	0.6703	0.001	0.001	0.001	0.001	0.002	0.5844	0.007	0.7403	0.001	0.6194	0.001	0.022	0.001	0.002	0.001	0.001	0.001	0.001	0.4645	0.6404	0.001	0.002	0.004	0.1239	0.001	0.001	0.001	0.6503	0.001	0.001	0.4795	0.0519	0.1399	0.002	0.026	0.002	0.001	0.001	0.002	0.047	0.2577	0.046	0.7083	0.0629	0.001	0.0859	0.3097	0.4166	0.3696	0.004	0.001	0.4486	0.004	0.8561	0.5514	0.001	0.002	0.1668	0.003	0.6653	0.001	0.3017	0.8711	0.001	0.001	0.4805	0.008	0.001	0.002	0.001	0.031	0.001	0.014	0.001	0.001	0.001	0.001	0.3297	0.001	0.009	0.001	0.003	0.001	0.006	0.001	0.001	0.001	0.001	0.2877	0.001	0.001	0.0829	0.001	0.4196	0.021	0.001	0.011	0.986	0.1858	0.3387	0.1908	0.009	0.005	0.1798	0.04	0.001	0.1878	0.1758	0.1469	0.001	0.006	0.0989	0.008	0.001	0.001	0.001	0.004	0.001	0.007	0.001	0.5365	0.4216	0.1339	1	0.3407	0.4076	0.019	0.002	0.001	0.001	0.001	0.001	0.2597	0.001	0.7732	0.001	0.0919	0.042	0.1708	0.02	0.2438	0.001	0.003	0.2338	0.001	0.021	0.5195	0.005	0.001	0.9141	0.001	0.1289	0.001	0.001	0.006	0.027	0.001	0.1059	0.043	0.001	0.001	0.003	0.001	0.001	0.5664	0.001	0.8641	0.3586	0.001	0.001	0.002	0.001	0.001	0.001	0.6034	0.001	0.5584	0.1129	0.2408	1	0.001	0.2897	0.035	0.022	0.0609	0.001	0.2098	0.027	0.7652	0.001	0.1508	0.2717	0.001	0.4615	0.3417	0.001	0.001	0.5065	0.0589	0.7702	0.001	0.8821	0.041	0.001	0.014	0.013	0.3247	0.001	0.001	0.0579	0.001	0.7802	0.001	0.003	0.001	0.9001	0.001	0.001	0.001	0.003	0.001	0.004	0.033	0.5455	0.001	0.1239	0.5584	0.1379	0.001	0.001	0.7273	0.2657	0.0629	0.9001	0.5864	0.004	0.0549	0.001	0.001	0.001	0.1658	0.6264	0.001	0.001	0.1588	0.6264	0.001	0.001	0.001	0.6194	0.001	0.1409	0.001	0.004	0.003	0.5145	0.046	0.2887	0.0679	0.6923	0.0949	0.004	0.003	0.001	0.036	0.001	0.001	0.001	0.001	0.001	0.3716	0.5684	0.001	0.5105	0.001	0.999	0.001
Sg_G37_59	0.6224	0.1578	0.2298	0.7293	0.8521	0.4695	0.959	0.0939	0.6184	0.5055	0.3536	0.7453	0.035	0.8292	0.9391	0.019	0.8981	0.8631	0.1109	0.0579	0.1079	0.004	0.1099	0.9261	0.4825	0.1129	0.1259	0.6034	0.2707	0.3716	0.7592	0.2667	0.5155	0.6643	0.046	0.3686	0.8611	0.2707	0.2118	0.1938	0.4176	0.965	0.6783	0.1279	0.8571	0.7063	0.7463	0.1439	0.1758	0.4985	0.0559	0.3776	0.1389	0.4725	0.6883	0.2867	0.7912	0.3117	0.5644	0.8841	0.018	0.6134	0.5884	0.5445	0.2757	0.8991	0.1069	0.1119	0.8701	0.6783	0.5964	0.031	0.8971	0.7113	0.4356	0.1898	0.7043	0.9421	0.6274	0.6154	0.6753	0.3816	0.7712	0.1219	0.011	0.96	0.5714	0.011	0.8681	0.8402	0.005	0.0689	0.4316	0.3696	0.8551	0.1489	0.3377	0.7902	0.6304	0.5774	0.3467	0.7233	0.3437	0.3367	0.1838	0.1089	0.4336	0.5015	0.4715	0.5894	0.023	0.1069	0.2448	0.1179	0.8681	0.2917	0.8022	0.5425	0.2208	0.2208	0.989	0.4206	0.8132	0.2258	0.6214	0.6134	0.8062	0.5554	0.6653	0.968	0.015	0.985	0.982	0.1608	0.016	0.4456	0.03	0.7163	0.9121	0.8132	0.2248	0.008	0.8821	0.0659	0.3706	0.6404	0.001	0.8621	0.6394	0.1698	0.003	0.006	0.002	0.1229	0.7273	0.4545	0.5355	0.1169	0.8262	0.2168	0.2797	0.4246	0.1978	0.3327	0.8412	0.7742	0.994	0.6703	0.3556	0.5445	0.4695	0.014	0.6773	0.3896	0.1638	0.018	0.3407	1	0.5365	0.3287	0.2238	0.3107	0.2258	0.1079	0.9281	0.2228	0.6703	0.1289	0.6054	0.3027	0.9071	0.4765	0.999	0.002	0.6474	0.3267	0.01	0.953	0.0709	0.2897	0.3676	0.9221	0.5904	0.8661	0.7153	0.3516	0.2058	0.0859	0.3556	0.3067	0.4535	0.3796	0.5465	0.6294	0.0549	0.9481	0.8252	0.4675	0.9411	0.9111	0.001	0.1538	0.6733	0.032	0.7712	0.8731	0.6264	0.004	0.2258	0.6633	0.046	0.8182	0.003	0.1039	0.8022	0.04	0.4216	0.3187	0.8382	0.4106	0.047	0.8521	0.9341	0.1868	0.1918	0.6294	0.4655	0.4635	0.4945	0.5305	0.2268	0.8122	0.2408	0.2807	0.2587	0.9421	0.032	0.8462	0.967	0.1119	0.8422	0.5954	0.2907	0.5734	0.002	0.8102	0.1868	0.2587	0.7642	0.1998	0.1828	0.2577	0.2168	0.3077	0.0979	0.017	0.005	0.5175	0.6034	0.029	0.5894	0.6933	0.8801	0.5085	0.8821	0.1658	0.4635	0.1139	0.6154	0.007	0.9361	0.981	0.8432	0.3417	0.1868	0.4436	0.7143	0.001	0.001	0.8052	0.976	0.2667	0.8212	0.8931	0.2308	0.9471	0.035	0.6474	0.0519	0.1918	0.1788	0.3866	0.7193	0.4486	0.8332	0.8452	0.7213	0.6234	0.8052	0.5195	0.003	0.0599	0.5594	0.8541	0.007	0.977	0.1648	0.4496	0.7582	0.1169
Sg_G39_28	0.7822	0.001	0.2717	0.8971	0.0589	0.007	0.017	0.01	0.025	0.006	0.017	0.7792	0.0719	0.037	0.03	0.1109	0.1149	0.1598	0.1119	0.1149	0.4476	0.8741	0.2078	0.1978	0.5754	0.1918	0.003	0.1459	0.1029	0.4486	0.0999	0.5624	0.003	0.041	0.1139	0.6953	0.001	0.5604	0.1718	0.049	0.3816	0.9011	0.1768	0.6973	0.009	0.001	0.6523	0.8192	0.5944	0.008	0.004	0.1269	0.001	0.1648	0.002	0.0639	0.007	0.8631	0.3766	0.0919	0.8811	0.3197	0.1489	0.038	0.2807	0.8382	0.1159	0.7502	0.001	0.017	0.5894	0.4975	0.018	0.0789	0.1598	0.4955	0.1019	0.2597	0.2288	0.7373	0.001	0.6364	0.02	0.7732	0.3397	0.6014	0.021	0.5105	0.4915	0.4046	0.6074	0.005	0.2498	0.001	0.9091	0.001	0.6064	0.2058	0.001	0.042	0.0759	0.001	0.8731	0.5175	0.3876	0.0729	0.001	0.9261	0.5495	0.1708	0.7912	0.4825	0.5225	0.2967	0.031	0.4416	0.1708	0.5385	0.015	0.001	0.3057	0.049	0.1528	0.1768	0.5884	0.007	0.2927	0.6903	0.3427	0.4196	0.6873	0.0919	0.1099	0.02	0.3916	0.7912	0.1998	0.01	0.011	0.0509	0.996	0.5984	0.1259	0.0679	0.045	0.024	0.4446	0.001	0.003	0.0839	0.5445	0.001	0.3197	0.7992	0.001	0.001	0.7832	0.0519	0.8671	0.0869	0.3367	0.5135	0.7972	0.3536	0.001	0.007	0.4865	0.037	0.014	0.1788	0.5055	0.4825	0.0769	0.001	0.01	0.4376	0.4076	0.5365	1	0.0799	0.9471	0.2727	0.3706	0.1319	0.8781	0.001	0.0879	0.5025	0.0539	0.2887	0.7602	0.5564	0.001	0.3536	0.1518	0.009	0.1618	0.022	0.043	0.1449	0.001	0.013	0.6044	0.0899	0.3027	0.008	0.3746	0.7662	0.2977	0.2178	0.7852	0.1648	0.982	0.0899	0.035	0.007	0.05	0.003	0.0599	0.7363	0.8092	0.2008	0.2687	0.2897	0.6244	0.3586	0.5125	0.3846	0.003	0.016	0.009	0.7173	0.4186	0.7283	0.001	0.002	0.6244	0.1319	0.1778	0.1469	0.001	0.001	0.013	0.3636	0.032	0.001	0.5614	0.001	0.4645	0.5465	0.9301	0.0739	0.6803	0.0759	0.0919	0.2058	0.02	0.1668	0.985	0.1139	0.015	0.008	0.1918	0.036	0.3506	0.003	0.7662	0.3237	0.001	0.8492	0.0639	0.1119	0.99	0.4096	0.0519	0.7443	0.5724	0.0529	0.0769	0.035	0.8601	0.0629	0.7512	0.5275	0.5465	0.1608	0.0699	0.1898	0.0649	0.4486	0.002	0.048	0.005	0.014	0.4595	0.3307	0.0519	0.1279	0.4486	0.2517	0.012	0.5065	0.9221	0.02	0.5245	0.1838	0.026	0.4695	0.5105	0.042	0.1898	0.4476	0.001	0.2747	0.002	0.1908	0.001	0.002	0.8442	0.034	0.5165	0.3556	0.002	0.001	0.1988	0.7193	0.001	0.8262	0.6883	0.001
Sg_G43_29	0.1728	0.005	0.004	0.001	0.045	0.011	0.006	0.009	0.001	0.0739	0.042	0.001	0.7083	0.048	0.003	0.0839	0.6753	0.001	0.1169	0.3686	0.046	0.8072	0.972	0.2168	0.04	0.2747	0.046	0.9431	0.001	0.001	0.4765	0.3497	0.6234	0.003	0.04	0.001	0.002	0.031	0.0669	0.014	0.002	0.2188	0.03	0.4036	0.001	0.001	0.8591	0.0859	0.0579	0.025	0.003	0.03	0.006	0.5964	0.001	0.1848	0.004	0.5754	0.042	0.1219	0.4346	0.016	0.6833	0.0559	0.1039	0.6923	0.0999	0.7852	0.004	0.001	0.8202	0.6314	0.0519	0.8492	0.8791	0.4665	0.023	0.1139	0.7742	0.1489	0.006	0.2937	0.001	0.033	0.1149	0.5135	0.015	0.0919	0.8821	0.8282	0.1029	0.1878	0.012	0.001	0.001	0.001	0.6154	0.7682	0.001	0.02	0.009	0.009	0.1319	0.4715	0.002	0.0539	0.002	0.028	0.035	0.001	0.9321	0.3876	0.001	0.0619	0.009	0.01	0.3197	0.1698	0.049	0.003	0.044	0.004	0.1588	0.0819	0.5604	0.2328	0.8132	0.05	0.994	0.3856	0.7063	0.002	0.2448	0.013	0.995	0.9081	0.1748	0.001	0.001	0.3826	0.5085	0.2677	0.001	0.3986	0.004	0.2687	0.3017	0.1668	0.0969	0.2458	0.2088	0.001	0.1419	0.3636	0.0849	0.014	0.2248	0.1169	0.3686	0.001	0.1459	0.1918	0.001	0.6723	0.1748	0.2627	0.3676	0.0989	0.003	0.016	0.4855	0.3976	0.9301	0.001	0.2008	0.2188	0.019	0.3287	0.0799	1	0.015	0.5485	0.1628	0.966	0.98	0.6633	0.0659	0.2577	0.0729	0.1339	0.7423	0.7473	0.001	0.0529	0.2088	0.033	0.1399	0.003	0.2308	0.0899	0.01	0.001	0.0529	0.001	0.5485	0.002	0.8581	0.9491	0.1259	0.046	0.0659	0.8332	0.7572	0.001	0.4595	0.001	0.001	0.003	0.036	0.0909	0.4486	0.0579	0.3217	0.4136	0.8691	0.6773	0.3147	0.2707	0.049	0.003	0.1858	0.001	0.4895	0.7582	0.6114	0.1449	0.2108	0.0859	0.7463	0.0529	0.001	0.001	0.002	0.6214	0.5734	0.001	0.8362	0.001	0.2058	0.3886	0.5844	0.3157	0.001	0.009	0.007	0.005	0.045	0.1109	0.003	0.017	0.001	0.1379	0.7842	0.007	0.3377	0.01	0.2987	0.0579	0.001	0.1239	0.1479	0.027	0.3916	0.1758	0.3467	0.2997	0.3197	0.001	0.1239	0.001	0.0879	0.9101	0.4266	0.2987	0.004	0.044	0.4316	0.5025	0.3596	0.2947	0.001	0.004	0.001	0.006	0.022	0.002	0.002	0.036	0.1099	0.024	0.006	0.027	0.5335	0.006	0.4845	0.003	0.002	0.007	0.006	0.001	0.001	0.1858	0.1508	0.8591	0.008	0.1898	0.001	0.005	0.7183	0.015	0.4625	0.7433	0.024	0.001	0.2328	0.981	0.001	0.5594	0.3866	0.1289
Sg_G46_28	0.001	0.018	0.7143	0.0949	0.0529	0.1039	0.021	0.5165	0.001	0.954	0.001	0.5005	0.4935	0.002	0.1409	0.5095	0.004	0.001	0.0749	0.7742	0.1618	0.002	0.6484	0.015	0.7393	0.0519	0.2617	0.002	0.5415	0.4525	0.9391	0.001	0.7283	0.001	0.0619	0.953	0.001	0.0659	0.2338	0.8561	0.8991	0.012	0.7522	0.0659	0.001	0.003	0.004	0.002	0.001	0.001	0.4535	0.1548	0.6693	0.004	0.1908	0.001	0.001	0.2128	0.0569	0.001	0.3636	0.001	0.0569	0.016	0.1259	0.7023	0.003	0.001	0.0719	0.002	0.0739	0.0549	0.5495	0.1489	0.2577	0.0789	0.1019	0.007	0.6593	0.005	0.001	0.001	0.002	0.7253	0.8611	0.001	0.3666	0.1059	0.004	0.1728	0.001	0.1508	0.001	0.1219	0.019	0.008	0.1938	0.001	0.5744	0.033	0.0959	0.0549	0.3796	0.001	0.3237	0.2637	0.004	0.4416	0.001	0.4885	0.1179	0.3696	0.6773	0.002	0.001	0.041	0.001	0.001	0.4505	0.4016	0.017	0.001	0.005	0.023	0.001	0.6444	0.001	0.001	0.049	0.013	0.0779	0.01	0.1089	0.001	0.006	0.3277	0.2507	0.6324	0.001	0.1319	0.001	0.3217	0.016	0.047	0.024	0.007	0.7493	0.9391	0.009	0.1069	0.5824	0.2967	0.4266	0.1588	0.1748	0.1798	0.013	0.2068	0.6274	0.3906	0.05	0.034	0.009	0.6523	0.016	0.6953	0.4096	0.001	0.001	0.001	0.2817	0.4486	0.2507	0.1179	0.1598	0.6294	0.002	0.2238	0.9471	0.015	1	0.0719	0.96	0.3916	0.1489	0.4356	0.001	0.0789	0.003	0.0599	0.042	0.0699	0.1279	0.7962	0.001	0.001	0.6563	0.001	0.032	0.016	0.0869	0.001	0.2837	0.1069	0.4595	0.006	0.2607	0.006	0.3776	0.015	0.4086	0.004	0.002	0.001	0.042	0.007	0.001	0.029	0.0909	0.011	0.0919	0.3087	0.012	0.001	0.1279	0.0819	0.022	0.7173	0.001	0.002	0.2288	0.8651	0.5085	0.036	0.007	0.6084	0.1369	0.029	0.014	0.001	0.2478	0.1758	0.001	0.039	0.2687	0.03	0.002	0.2368	0.032	0.0569	0.2118	0.007	0.1319	0.001	0.0529	0.1558	0.003	0.4605	0.007	0.3317	0.001	0.026	0.007	0.001	0.3087	0.001	0.01	0.001	0.01	0.001	0.0549	0.002	0.2258	0.029	0.1499	0.8621	0.2707	0.001	0.046	0.2448	0.3427	0.001	0.0809	0.006	0.5974	0.0789	0.6454	0.2547	0.1259	0.1698	0.002	0.0929	0.0899	0.6703	0.014	0.002	0.001	0.015	0.4056	0.007	0.3956	0.021	0.4286	0.002	0.0789	0.001	0.1908	0.023	0.3636	0.5075	0.8581	0.5714	0.2208	0.001	0.8282	0.5305	0.001	0.4386	0.0649	0.002	0.007	0.0539	0.001	0.016	0.3497	0.5854	0.033	0.2587	0.0849	0.006
Sg_G46_34	0.001	0.014	0.1219	0.2248	0.001	0.7163	0.001	0.1099	0.001	0.005	0.001	0.7692	0.2857	0.012	0.1678	0.7592	0.1059	0.001	0.007	0.0839	0.5624	0.4436	0.1459	0.001	0.009	0.001	0.004	0.0989	0.6034	0.5445	0.031	0.0879	0.002	0.001	0.003	0.2647	0.001	0.1768	0.001	0.0599	0.8002	0.044	0.006	0.8881	0.0819	0.1499	0.006	0.001	0.7223	0.2677	0.03	0.001	0.2188	0.001	0.001	0.001	0.001	0.0819	0.5465	0.02	0.7013	0.001	0.6923	0.001	0.0869	0.003	0.003	0.001	0.001	0.001	0.1788	0.4755	0.2547	0.001	0.007	0.3766	0.3736	0.001	0.002	0.001	0.0719	0.001	0.001	0.4336	0.2857	0.1059	0.001	0.1628	0.016	0.001	0.001	0.006	0.007	0.6384	0.3227	0.1758	0.3077	0.001	0.4036	0.4945	0.013	0.7712	0.3826	0.001	0.4785	0.04	0.6533	0.002	0.001	0.02	0.1788	0.5035	0.7662	0.001	0.2188	0.026	0.001	0.001	0.8911	0.035	0.001	0.003	0.001	0.035	0.001	0.005	0.001	0.001	0.001	0.001	0.0669	0.002	0.02	0.001	0.2168	0.001	0.007	0.007	0.001	0.001	0.001	0.4086	0.001	0.007	0.5415	0.001	0.4985	0.001	0.001	0.003	0.3137	0.1469	0.4316	0.8821	0.039	0.01	0.8801	0.0769	0.003	0.001	0.1678	0.3277	0.1079	0.8611	0.008	0.001	0.001	0.003	0.001	0.001	0.0769	0.012	0.001	0.8741	0.046	0.3726	0.001	0.3107	0.2727	0.5485	0.0719	1	0.1968	0.001	0.021	0.6134	0.001	0.0859	0.001	0.3167	0.2837	0.0859	0.037	0.3716	0.001	0.001	0.2527	0.001	0.009	0.0929	0.001	0.001	0.5085	0.001	0.002	0.001	0.6723	0.1209	0.961	0.001	0.7053	0.001	0.001	0.001	0.008	0.001	0.001	0.972	0.2378	0.1119	0.9031	0.007	0.001	0.002	0.1668	0.001	0.001	0.3357	0.001	0.1309	0.007	0.7822	0.3257	0.001	0.028	0.1349	0.002	0.0889	0.001	0.013	0.0569	0.3996	0.001	0.5754	0.5045	0.002	0.3167	0.4935	0.002	0.001	0.044	0.006	0.1469	0.001	0.9171	0.003	0.018	0.4146	0.4505	0.2917	0.001	0.001	0.015	0.001	0.6044	0.001	0.1658	0.001	0.7403	0.001	0.002	0.001	0.1199	0.037	0.003	0.6953	0.6793	0.003	0.4036	0.0579	0.1009	0.001	0.017	0.0729	0.2737	0.7043	0.1069	0.2228	0.3257	0.1159	0.001	0.0589	0.001	0.5075	0.0579	0.013	0.001	0.6883	0.3097	0.001	0.001	0.001	0.3177	0.001	0.3826	0.046	0.0749	0.006	0.8811	0.1588	0.1558	0.2398	0.7532	0.001	0.044	0.005	0.001	0.1139	0.001	0.001	0.004	0.001	0.001	0.1928	0.7443	0.023	0.8581	0.001	0.2308	0.003
Sg_G46_4	0.0899	0.1638	0.2657	0.027	0.001	0.4036	0.3596	0.4136	0.1389	0.4156	0.1738	0.1049	0.9271	0.5734	0.1808	0.2398	0.3576	0.2817	0.7013	0.8571	0.9351	0.8072	0.01	0.8262	0.1968	0.9041	0.0759	0.8162	0.4186	0.1698	0.005	0.5754	0.011	0.003	0.6084	0.3237	0.0539	0.1528	0.3526	0.982	0.5385	0.8561	0.002	0.8801	0.047	0.1958	0.7413	0.002	0.4226	0.986	0.6264	0.5195	0.3097	0.029	0.3836	0.024	0.006	0.001	0.3077	0.6454	0.3397	0.035	0.3966	0.031	0.9081	0.006	0.4026	0.008	0.1069	0.1808	0.005	0.5145	0.3856	0.008	0.032	0.0899	0.4036	0.0819	0.03	0.2148	0.0649	0.006	0.037	0.2008	0.3457	0.7592	0.0999	0.023	0.3816	0.023	0.1708	0.1688	0.6494	0.5734	0.0839	0.1149	0.3487	0.2228	0.5255	0.0659	0.1339	0.2697	0.0809	0.1878	0.2507	0.5714	0.2777	0.8611	0.034	0.4046	0.7433	0.3367	0.2847	0.001	0.5634	0.2148	0.0679	0.002	0.048	0.6773	0.001	0.1718	0.0989	0.5125	0.4256	0.001	0.9461	0.004	0.3846	0.003	0.1289	0.001	0.042	0.037	0.2597	0.0719	0.5315	0.5235	0.1548	0.004	0.013	0.2038	0.013	0.9281	0.7063	0.008	0.0909	0.025	0.5055	0.4865	0.1688	0.8971	0.004	0.4036	0.1219	0.4575	0.3836	0.4456	0.6683	0.6713	0.05	0.1858	0.6573	0.7512	0.5904	0.001	0.007	0.3756	0.8482	0.982	0.4016	0.1409	0.021	0.3986	0.03	0.002	0.001	0.2258	0.3706	0.1628	0.96	0.1968	1	0.001	0.0589	0.3946	0.023	0.0969	0.011	0.3636	0.3047	0.0839	0.049	0.0749	0.8691	0.4675	0.003	0.026	0.7353	0.2737	0.014	0.016	0.8142	0.1558	0.1828	0.1718	0.2727	0.5175	0.3087	0.003	0.5005	0.6933	0.1928	0.04	0.9131	0.1009	0.009	0.6653	0.0699	0.6154	0.015	0.025	0.038	0.9001	0.021	0.003	0.009	0.8721	0.005	0.0959	0.2048	0.0739	0.1239	0.023	0.6004	0.4326	0.2378	0.5774	0.6284	0.5734	0.8372	0.3387	0.026	0.1379	0.025	0.001	0.2208	0.3467	0.011	0.05	0.1968	0.9151	0.04	0.05	0.9481	0.8252	0.6603	0.3207	0.009	0.6883	0.01	0.003	0.1598	0.0589	0.0569	0.041	0.1089	0.2537	0.8382	0.017	0.0879	0.4655	0.5105	0.3347	0.7173	0.1059	0.2717	0.3606	0.3067	0.8741	0.2018	0.5105	0.022	0.2717	0.5005	0.1878	0.0979	0.8911	0.0559	0.0509	0.0689	0.001	0.4865	0.9291	0.0659	0.2797	0.2478	0.2967	0.028	0.003	0.1858	0.002	0.0529	0.001	0.004	0.5085	0.001	0.002	0.1938	0.6853	0.1249	0.3826	0.2547	0.9391	0.035	0.9051	0.01	0.8202	0.2687	0.1608	0.977	0.1019	0.0919	0.2108	0.2807	0.8492	0.1618	0.001	0.9231	0.016
Sg_G47_17	0.001	0.1758	0.1808	0.004	0.1858	0.1449	0.023	0.001	0.0759	0.1209	0.001	0.3576	0.016	0.3327	0.05	0.3616	0.7922	0.05	0.003	0.002	0.4096	0.5554	0.01	0.4186	0.03	0.1758	0.044	0.8671	0.8342	0.3407	0.001	0.3676	0.001	0.001	0.035	0.0989	0.001	0.8821	0.002	0.004	0.2527	0.4615	0.001	0.995	0.0779	0.9141	0.7053	0.002	0.1768	0.9311	0.002	0.009	0.017	0.002	0.001	0.004	0.001	0.023	0.7443	0.0669	0.036	0.001	0.6553	0.001	0.012	0.003	0.001	0.012	0.001	0.006	0.002	0.1039	0.4166	0.002	0.001	0.002	0.7113	0.001	0.001	0.01	0.8721	0.1009	0.001	0.3886	0.5355	0.4166	0.3866	0.005	0.4655	0.001	0.6174	0.6164	0.6653	0.1698	0.9061	0.4156	0.3636	0.03	0.022	0.2847	0.8771	0.8611	0.05	0.1718	0.5964	0.003	0.3067	0.3566	0.006	0.009	0.0929	0.7942	0.05	0.001	0.4735	0.6174	0.002	0.001	0.0639	0.001	0.001	0.013	0.001	0.004	0.001	0.1399	0.005	0.001	0.004	0.001	0.003	0.001	0.01	0.008	0.4006	0.001	0.001	0.001	0.001	0.001	0.001	0.001	0.0939	0.003	0.033	0.001	0.1538	0.025	0.001	0.002	0.1658	0.001	0.2248	0.8961	0.1598	0.0649	0.0909	0.005	0.023	0.6703	0.5504	0.0779	0.2967	0.1409	0.019	0.001	0.001	0.1119	0.027	0.1269	0.007	0.019	0.001	0.046	0.0589	0.4555	0.001	0.1079	0.1319	0.966	0.3916	0.001	0.001	1	0.002	0.2667	0.001	0.4276	0.003	0.0539	0.007	0.2358	0.4166	0.0659	0.022	0.007	0.8901	0.001	0.002	0.995	0.033	0.001	0.2488	0.001	0.018	0.001	0.4705	0.039	0.2158	0.001	0.1868	0.003	0.014	0.001	0.001	0.036	0.001	0.5944	0.004	0.3546	0.0929	0.2517	0.003	0.002	0.002	0.001	0.001	0.034	0.001	0.5884	0.4236	0.3746	0.006	0.1029	0.047	0.003	0.001	0.01	0.003	0.9211	0.001	0.8462	0.002	0.8601	0.971	0.001	0.0699	0.0749	0.003	0.001	0.022	0.2807	0.7423	0.018	0.1858	0.2338	0.0609	0.0599	0.8412	0.9061	0.001	0.001	0.6114	0.01	0.002	0.001	0.001	0.001	0.2138	0.001	0.001	0.005	0.001	0.005	0.001	0.3666	0.0549	0.014	0.1788	0.041	0.003	0.002	0.001	0.6903	0.97	0.1439	0.4276	0.0529	0.013	0.012	0.027	0.003	0.001	0.4535	0.6284	0.043	0.003	0.1119	0.1828	0.001	0.016	0.012	0.8651	0.002	0.3327	0.002	0.6034	0.3796	0.8342	0.001	0.4066	0.003	0.8152	0.1868	0.006	0.004	0.001	0.011	0.001	0.014	0.001	0.005	0.002	0.9141	0.048	0.016	0.0529	0.001	0.4306	0.001
Sg_H04_45	0.0639	0.7433	0.6144	0.009	0.6713	0.011	0.2168	0.002	0.1848	0.022	0.6454	0.006	0.2667	0.0999	0.0959	0.988	0.3197	0.8981	0.8292	0.5255	0.2318	0.3766	0.1049	0.2268	0.004	0.0689	0.034	0.015	0.1249	0.0729	0.001	0.1029	0.001	0.028	0.9241	0.2847	0.3566	0.032	0.013	0.4815	0.1329	0.1718	0.001	0.6384	0.005	0.2617	0.001	0.1159	0.001	0.001	0.005	0.01	0.7423	0.1119	0.011	0.3377	0.02	0.002	0.1209	0.2777	0.1818	0.003	0.001	0.1089	0.7692	0.023	0.4466	0.1948	0.002	0.0959	0.001	0.2468	0.033	0.013	0.001	0.001	0.4456	0.0739	0.001	0.3047	0.001	0.4955	0.1179	0.033	0.034	0.001	0.009	0.7602	0.1359	0.008	0.0689	0.9431	0.006	0.039	0.7103	0.02	0.4116	0.1439	0.007	0.042	0.983	0.1678	0.002	0.4605	0.009	0.9011	0.019	0.1808	0.0759	0.007	0.003	0.016	0.5135	0.022	0.001	0.023	0.7812	0.009	0.2707	0.017	0.004	0.3606	0.05	0.6114	0.1039	0.006	0.4356	0.02	0.001	0.0539	0.4256	0.001	0.001	0.5924	0.8851	0.001	0.2018	0.002	0.1958	0.005	0.009	0.962	0.0939	0.4466	0.4296	0.027	0.2428	0.2428	0.048	0.9261	0.05	0.012	0.0549	0.4366	0.8362	0.964	0.4505	0.5674	0.001	0.9141	0.003	0.2178	0.04	0.007	0.1958	0.3047	0.001	0.8671	0.8731	0.2268	0.001	0.5205	0.8891	0.0579	0.8541	0.2537	0.001	0.9281	0.8781	0.98	0.1489	0.021	0.0589	0.002	1	0.1229	0.3117	0.2268	0.5235	0.2677	0.001	0.6573	0.1938	0.046	0.7972	0.0869	0.0859	0.001	0.5265	0.03	0.6893	0.2647	0.0849	0.0559	0.001	0.0889	0.003	0.038	0.7772	0.001	0.7622	0.6623	0.3327	0.045	0.7393	0.3716	0.5694	0.0739	0.002	0.9321	0.037	0.0869	0.0789	0.4635	0.001	0.011	0.004	0.0769	0.1359	0.001	0.7602	0.009	0.1489	0.004	0.01	0.8482	0.001	0.5864	0.973	0.014	0.001	0.0749	0.2338	0.001	0.0679	0.001	0.964	0.0589	0.008	0.032	0.0789	0.4625	0.1029	0.9411	0.0559	0.1279	0.4166	0.008	0.9151	0.4206	0.006	0.1069	0.0689	0.8012	0.1039	0.8422	0.001	0.7562	0.001	0.1668	0.003	0.1199	0.001	0.001	0.7732	0.2887	0.1219	0.7772	0.6503	0.0669	0.001	0.4086	0.011	0.038	0.1628	0.1359	0.4236	0.3107	0.001	0.8811	0.4076	0.4376	0.0869	0.0879	0.031	0.4765	0.4955	0.1888	0.0649	0.046	0.004	0.8442	0.017	0.2398	0.4136	0.4985	0.2248	0.2448	0.7313	0.0519	0.013	0.6583	0.3447	0.011	0.018	0.0529	0.8042	0.5944	0.1788	0.2178	0.0859	0.0989	0.9421	0.2108	0.036	0.001	0.002	0.001	0.0639	0.7552
Sg_I01_33	0.4256	0.0879	0.007	0.2188	0.1918	0.005	0.1588	0.045	0.2278	0.4865	0.1548	0.8122	0.1089	0.6783	0.2098	0.6533	0.2527	0.1638	0.1768	0.2957	0.3776	0.8222	0.2977	0.4905	0.032	0.8821	0.3067	0.7772	0.4595	0.1019	0.9061	0.4406	0.1698	0.0629	0.0699	0.5325	0.027	0.5395	0.3956	0.033	0.1229	0.4276	0.3087	0.2368	0.028	0.018	0.0659	0.3986	0.2747	0.003	0.0609	0.8412	0.003	0.4076	0.004	0.4156	0.5135	0.4026	0.4086	0.2707	0.7762	0.8382	0.8591	0.9311	0.7433	0.2907	0.3806	0.6284	0.1389	0.038	0.0819	0.6783	0.011	0.0629	0.6593	0.2707	0.048	0.4715	0.0749	0.7862	0.001	0.96	0.046	0.4496	0.8142	0.047	0.6553	0.3397	0.7113	0.4615	0.8641	0.3217	0.3397	0.001	0.7582	0.004	0.05	0.2488	0.036	0.012	0.035	0.001	0.3027	0.3227	0.7682	0.1399	0.001	0.039	0.8222	0.005	0.0569	0.042	0.5744	0.7822	0.0549	0.3826	0.2657	0.8192	0.1598	0.004	0.7373	0.3217	0.2178	0.1688	0.5155	0.2058	0.8352	0.3756	0.1648	0.6464	0.4775	0.982	0.033	0.0829	0.8631	0.0729	0.7183	0.001	0.3457	0.3297	0.3976	0.7303	0.2028	0.3546	0.1199	0.1489	0.3347	0.035	0.1379	0.2038	0.3187	0.011	0.1858	0.024	0.011	0.038	0.2358	0.2158	0.4136	0.7782	0.1359	0.2248	0.5814	0.0949	0.001	0.1638	0.964	0.5974	0.1089	0.1668	0.018	0.4735	0.031	0.003	0.3736	0.016	0.2597	0.2228	0.001	0.6633	0.4356	0.6134	0.3946	0.2667	0.1229	1	0.0689	0.8531	0.3077	0.2468	0.0749	0.4595	0.001	0.3586	0.1169	0.019	0.043	0.8711	0.041	0.1758	0.006	0.1698	0.2927	0.7892	0.983	0.2358	0.8831	0.2987	0.0849	0.3437	0.7063	0.0659	0.7273	0.2258	0.0539	0.1828	0.0589	0.012	0.5674	0.5874	0.1199	0.8531	0.4515	0.4406	0.1149	0.5495	0.5125	0.6154	0.0889	0.007	0.1908	0.9341	0.5544	0.2488	0.003	0.0509	0.025	0.0679	0.5025	0.0829	0.006	0.001	0.1598	0.0669	0.2288	0.3257	0.2987	0.002	0.6464	0.2408	0.6114	0.3227	0.8122	0.4096	0.004	0.8352	0.2977	0.033	0.3586	0.6953	0.1688	0.8661	0.0979	0.3726	0.7592	0.047	0.2727	0.7003	0.001	0.5175	0.2318	0.4545	0.2787	0.1119	0.1159	0.6543	0.5025	0.3596	0.5075	0.013	0.4166	0.042	0.5674	0.2677	0.4865	0.1279	0.2827	0.1708	0.019	0.1149	0.1548	0.1858	0.7323	0.1818	0.5774	0.7233	0.029	0.6913	0.5465	0.4635	0.1958	0.7502	0.9311	0.2238	0.6743	0.1459	0.038	0.0679	0.9091	0.006	0.2328	0.8192	0.029	0.049	0.009	0.8991	0.003	0.1868	0.8282	0.044	0.4955	0.961	0.1009	0.004	0.6873	0.1499	0.003	0.5415	0.2907	0.002
Sg_I05_27	0.001	0.001	0.3477	0.003	0.001	0.1758	0.001	0.9481	0.001	0.003	0.001	0.8432	0.1638	0.001	0.013	0.9291	0.2328	0.001	0.002	0.0739	0.6144	0.001	0.6653	0.001	0.006	0.001	0.001	0.1958	0.7253	0.2238	0.004	0.001	0.001	0.001	0.004	0.1718	0.001	0.007	0.001	0.0859	0.2018	0.998	0.001	0.0619	0.001	0.001	0.002	0.001	0.005	0.001	0.022	0.003	0.8252	0.001	0.007	0.001	0.001	0.8212	0.9161	0.001	0.9191	0.001	0.1978	0.001	0.011	0.001	0.001	0.001	0.001	0.001	0.2607	0.9331	0.2527	0.001	0.0539	0.4785	0.2058	0.001	0.004	0.001	0.002	0.001	0.001	0.2258	0.2727	0.3137	0.002	0.022	0.001	0.001	0.001	0.004	0.001	0.994	0.1119	0.0759	0.013	0.001	0.7632	0.4565	0.0619	0.7892	0.7932	0.001	0.3317	0.002	0.033	0.003	0.001	0.004	0.3087	0.6034	0.5005	0.001	0.002	0.003	0.001	0.001	0.4565	0.5604	0.001	0.001	0.001	0.001	0.001	0.0589	0.001	0.001	0.001	0.001	0.031	0.001	0.1658	0.001	0.007	0.002	0.001	0.049	0.001	0.001	0.001	0.6444	0.001	0.001	0.022	0.001	0.2557	0.001	0.001	0.003	0.3457	0.2498	0.1508	0.1718	0.019	0.002	0.2298	0.006	0.032	0.001	0.008	0.002	0.001	0.2458	0.001	0.001	0.001	0.001	0.001	0.001	0.6513	0.018	0.001	0.4925	0.1169	0.022	0.001	0.6703	0.0879	0.0659	0.001	0.001	0.023	0.001	0.3117	0.0689	1	0.5085	0.001	0.001	0.7103	0.006	0.001	0.2258	0.001	0.001	0.015	0.001	0.001	0.003	0.001	0.001	0.2028	0.003	0.0809	0.001	0.036	0.002	0.0609	0.001	0.2178	0.001	0.001	0.001	0.001	0.001	0.001	0.014	0.1748	0.2877	0.5385	0.001	0.001	0.001	0.2567	0.001	0.001	0.4915	0.001	0.001	0.028	0.9251	0.5704	0.001	0.001	0.002	0.1329	0.001	0.001	0.001	0.5015	0.1778	0.001	0.6144	0.8442	0.001	0.002	0.955	0.001	0.001	0.02	0.001	0.1009	0.001	0.3067	0.003	0.001	0.3127	0.022	0.0589	0.001	0.001	0.3706	0.001	0.7493	0.001	0.7562	0.001	0.012	0.001	0.001	0.001	0.3117	0.987	0.001	0.9331	0.8741	0.001	0.1738	0.7453	0.1369	0.001	0.001	0.006	0.1149	0.977	0.7612	0.018	0.6753	0.1189	0.001	0.001	0.001	0.5924	0.01	0.001	0.001	0.1219	0.4925	0.001	0.001	0.001	0.2577	0.001	0.0729	0.001	0.004	0.001	0.4865	0.1808	0.1309	0.1139	0.8382	0.001	0.1109	0.3946	0.001	0.4136	0.001	0.001	0.001	0.001	0.001	0.013	0.6184	0.98	0.2328	0.001	0.8751	0.001
Sg_I05_65	0.2008	0.2667	0.5445	0.2198	0.2298	0.1359	0.1818	0.0989	0.2667	0.1209	0.5055	0.987	0.2308	0.038	0.5814	0.8691	0.003	0.4865	0.013	0.4486	0.004	0.8432	0.6014	0.965	0.2667	0.4575	0.8881	0.4176	0.3447	0.4386	0.7433	0.3716	0.5644	0.979	0.039	0.3427	0.8182	0.7193	0.6853	0.8981	0.7453	0.002	0.1878	0.024	0.1548	0.1259	0.2498	0.9301	0.7762	0.7463	0.9281	0.8412	0.986	0.4595	0.2078	0.7143	0.7632	0.0629	0.3806	0.0629	0.0749	0.8701	0.978	0.7303	0.1119	0.5225	0.2557	0.8771	0.6224	0.8052	0.039	0.6014	0.5305	0.2597	0.0909	0.3626	0.5225	0.3127	0.8232	0.8851	0.3586	0.959	0.7253	0.7343	0.2488	0.0609	0.5075	0.013	0.3976	0.03	0.5924	0.031	0.2837	0.3297	0.0549	0.5734	0.6813	0.5974	0.9271	0.0999	0.0629	0.2378	0.6623	0.6833	0.2268	0.1868	0.4356	0.0879	0.3506	0.8611	0.013	0.1608	0.7413	0.3806	0.4186	0.3806	0.0629	0.1858	0.4166	0.6144	0.6074	0.2088	0.4386	0.018	0.3187	0.015	0.004	0.8172	0.4945	0.8162	0.0569	0.8871	0.001	0.5445	0.8971	0.9211	0.019	0.034	0.1219	0.2148	0.2438	0.0619	0.2378	0.026	0.1309	0.3546	0.1588	0.0769	0.993	0.0679	0.0869	0.4246	0.018	0.2128	0.7912	0.7922	0.005	0.0519	0.1419	0.983	0.001	0.01	0.011	0.8082	0.6244	0.1618	0.0989	0.7083	0.1409	0.05	0.3047	0.036	0.8511	0.2527	0.2667	0.2757	0.7732	0.1289	0.5025	0.2577	0.0789	0.0859	0.0969	0.4276	0.2268	0.8531	0.5085	1	0.8262	0.0969	0.3816	0.017	0.6004	0.027	0.8262	0.2627	0.1479	0.9241	0.008	0.4486	0.3686	0.7962	0.1538	0.1548	0.0699	0.5724	0.9091	0.011	0.7742	0.5085	0.8052	0.2647	0.6254	0.9151	0.007	0.8991	0.7013	0.2917	0.2358	0.0629	0.007	0.016	0.5355	0.0599	0.034	0.7922	0.6953	0.2028	0.6354	0.5005	0.6334	0.3786	0.038	0.007	0.4106	0.2697	0.0979	0.029	0.2637	0.3027	0.5674	0.8631	0.7522	0.8472	0.9241	0.5824	0.05	0.9481	0.6184	0.6464	0.4416	0.9471	0.6044	0.4715	0.01	0.8042	0.0609	0.8482	0.033	0.3746	0.8821	0.7173	0.4436	0.3866	0.012	0.8312	0.0729	0.1319	0.4206	0.4456	0.1958	0.0759	0.1618	0.0879	0.2458	0.4396	0.0919	0.025	0.033	0.3696	0.043	0.6414	0.8741	0.0969	0.8961	0.2448	0.8102	0.0759	0.1998	0.0769	0.5804	0.6563	0.4066	0.5445	0.3237	0.2997	0.2787	0.004	0.015	0.7273	0.4725	0.992	0.024	0.1948	0.003	0.0669	0.9181	0.8192	0.7443	0.8681	0.5305	0.1608	0.1219	0.1259	0.4745	0.6064	0.4735	0.6733	0.2138	0.5814	0.017	0.5445	0.9481	0.0829	0.049	0.4336	0.4855	0.4396	0.8971	0.8422
Sg_I06_25	0.001	0.001	0.4466	0.001	0.001	0.3087	0.021	0.6284	0.001	0.1538	0.001	0.3886	0.014	0.002	0.1548	0.3117	0.0639	0.001	0.001	0.02	0.5974	0.4086	0.033	0.0709	0.1219	0.1788	0.047	0.95	0.3047	0.5934	0.001	0.018	0.003	0.001	0.008	0.4895	0.001	0.2867	0.0809	0.004	0.7552	0.6034	0.018	0.3576	0.001	0.025	0.02	0.001	0.003	0.002	0.4406	0.1688	0.1159	0.001	0.1738	0.001	0.001	0.0999	0.1129	0.001	0.2248	0.001	0.002	0.002	0.018	0.001	0.001	0.001	0.009	0.001	0.2268	0.0679	0.008	0.003	0.2068	0.2597	0.1508	0.001	0.0859	0.001	0.001	0.001	0.001	0.8292	0.1688	0.0509	0.0789	0.4066	0.001	0.007	0.8841	0.028	0.001	0.981	0.1678	0.0529	0.2038	0.001	0.3816	0.0709	0.1289	0.0609	0.4166	0.001	0.5005	0.003	0.1139	0.01	0.001	0.0719	0.3856	0.2288	0.7323	0.001	0.001	0.2557	0.001	0.001	0.7632	0.2098	0.001	0.001	0.001	0.001	0.001	0.3696	0.003	0.001	0.03	0.001	0.8951	0.001	0.6044	0.001	0.3936	0.004	0.002	0.2018	0.001	0.001	0.001	0.0889	0.001	0.002	0.002	0.001	0.6833	0.0929	0.001	0.002	0.4406	0.8981	0.987	0.1858	0.003	0.003	0.0709	0.008	0.7273	0.007	0.0979	0.026	0.01	0.8901	0.01	0.0589	0.001	0.001	0.001	0.001	0.6444	0.01	0.001	0.5834	0.6134	0.7522	0.001	0.6054	0.0539	0.0729	0.003	0.001	0.011	0.003	0.5235	0.3077	0.001	0.8262	1	0.0589	0.8362	0.6983	0.008	0.971	0.001	0.001	0.7473	0.001	0.002	0.1129	0.002	0.001	0.006	0.0729	0.2028	0.001	0.4695	0.029	0.039	0.001	0.008	0.003	0.001	0.001	0.003	0.001	0.001	0.2547	0.004	0.1299	0.3287	0.015	0.001	0.001	0.2318	0.001	0.002	0.4645	0.001	0.001	0.1059	0.8911	0.998	0.007	0.002	0.038	0.3277	0.018	0.001	0.002	0.5814	0.2937	0.001	0.0939	0.6573	0.007	0.0999	0.7792	0.001	0.001	0.01	0.019	0.3606	0.001	0.2567	0.012	0.001	0.1558	0.016	0.5195	0.001	0.001	0.1998	0.001	0.2108	0.001	0.967	0.001	0.024	0.001	0.007	0.002	0.9381	0.8142	0.001	0.0659	0.1818	0.001	0.4156	0.969	0.6813	0.001	0.001	0.0649	0.038	0.9481	0.8901	0.024	0.2348	0.2068	0.001	0.001	0.005	0.043	0.0609	0.001	0.001	0.019	0.4955	0.001	0.1299	0.001	0.7223	0.001	0.3307	0.001	0.02	0.001	0.0919	0.1389	0.9101	0.008	0.0839	0.001	0.973	0.7962	0.001	0.3856	0.001	0.001	0.001	0.001	0.001	0.1658	0.6194	0.2747	0.04	0.001	0.2218	0.001
Sg_I07_11	0.03	0.03	0.0519	0.023	0.0769	0.002	0.9171	0.001	0.011	0.3996	0.003	0.3447	0.001	0.003	0.001	0.3726	0.011	0.003	0.001	0.001	0.3886	0.4675	0.5065	0.0989	0.4306	0.9421	0.2378	0.1259	0.6883	0.6234	0.4416	0.1808	0.3147	0.006	0.001	0.968	0.001	0.1229	0.3257	0.2288	0.0649	0.0649	0.8871	0.003	0.001	0.1269	0.002	0.012	0.03	0.004	0.9161	0.1598	0.7433	0.006	0.2797	0.024	0.029	0.003	0.003	0.001	0.6174	0.0959	0.1009	0.2248	0.001	0.1179	0.018	0.027	0.0699	0.002	0.5235	0.001	0.4466	0.5185	0.3656	0.2378	0.016	0.001	0.8442	0.009	0.007	0.027	0.001	0.3626	0.2517	0.4356	0.3087	0.026	0.6484	0.2488	0.2098	0.001	0.001	0.5075	0.3487	0.6204	0.7113	0.025	0.042	0.0739	0.046	0.1608	0.1009	0.1628	0.0949	0.001	0.024	0.8521	0.039	0.3696	0.1758	0.5215	0.6004	0.022	0.001	0.042	0.0869	0.1449	0.8901	0.4845	0.3497	0.001	0.004	0.001	0.015	0.001	0.001	0.0779	0.4795	0.007	0.001	0.008	0.2188	0.002	0.5774	0.7093	0.001	0.2118	0.004	0.1538	0.028	0.5415	0.5195	0.001	0.002	0.014	0.8921	0.1828	0.041	0.001	0.5864	0.0999	0.8761	0.0649	0.4326	0.0839	0.013	0.001	0.5445	0.028	0.011	0.001	0.001	0.4615	0.001	0.002	0.049	0.002	0.001	0.002	0.033	0.001	0.1269	0.4156	0.983	0.044	0.0919	0.3027	0.2887	0.1339	0.0599	0.3167	0.3636	0.0539	0.2677	0.2468	0.001	0.0969	0.0589	1	0.5584	0.001	0.032	0.4256	0.003	0.001	0.0739	0.026	0.001	0.046	0.001	0.001	0.003	0.005	0.5435	0.0729	0.2537	0.001	0.0719	0.2068	0.9091	0.001	0.032	0.002	0.001	0.009	0.001	0.1059	0.2567	0.7542	0.003	0.3526	0.0739	0.001	0.2458	0.3017	0.02	0.996	0.001	0.004	0.004	0.4575	0.002	0.8192	0.003	0.019	0.5834	0.001	0.019	0.009	0.0559	0.1339	0.001	0.989	0.2627	0.7183	0.022	0.6144	0.1089	0.3606	0.001	0.006	0.1279	0.001	0.003	0.003	0.001	0.002	0.3087	0.036	0.001	0.003	0.017	0.005	0.002	0.002	0.1688	0.002	0.042	0.016	0.1339	0.001	0.0639	0.016	0.001	0.4885	0.8981	0.002	0.012	0.7473	0.982	0.005	0.1828	0.019	0.2597	0.5245	0.1009	0.001	0.2078	0.011	0.002	0.2817	0.001	0.033	0.028	0.01	0.001	0.001	0.984	0.004	0.2887	0.05	0.001	0.4466	0.001	0.023	0.0869	0.019	0.5544	0.5754	0.9411	0.968	0.7912	0.001	0.3407	0.9071	0.001	0.5534	0.2018	0.011	0.001	0.0509	0.001	0.005	0.9381	0.032	0.1768	0.2268	0.4735	0.011
Sg_I09_29	0.1928	0.3497	0.4505	0.1588	0.998	0.0619	0.6174	0.049	0.7542	0.046	0.6314	0.0639	0.5624	0.4805	0.2298	0.0609	0.1818	0.5015	0.9231	0.5055	0.4326	0.957	0.6643	0.3127	0.043	0.4825	0.049	0.004	0.2008	0.5984	0.0779	0.0709	0.007	0.7732	0.7782	0.6943	0.976	0.1229	0.0819	0.8482	0.1039	0.1718	0.035	0.9321	0.018	0.5225	0.002	0.8871	0.006	0.023	0.002	0.2118	0.4695	0.1578	0.3626	0.037	0.5085	0.004	0.1578	0.4755	0.0929	0.2058	0.002	0.3497	0.3277	0.969	0.2687	0.6773	0.0929	0.3487	0.001	0.2977	0.1628	0.1299	0.003	0.001	0.4785	0.1668	0.002	0.8831	0.003	0.3576	0.4675	0.015	0.006	0.003	0.001	0.3956	0.031	0.1419	0.3347	0.4565	0.1319	0.01	0.5445	0.0509	0.3267	0.0749	0.0639	0.013	0.7103	0.0809	0.0569	0.976	0.1319	0.7363	0.1199	0.038	0.8761	0.5754	0.024	0.2627	0.1818	0.7463	0.023	0.1419	0.3976	0.4086	0.4446	0.1518	0.1149	0.033	0.1339	0.6464	0.4236	0.2238	0.7842	0.3237	0.008	0.8392	0.1349	0.033	0.044	0.8242	0.8092	0.001	0.2627	0.2318	0.5564	0.4156	0.3966	0.6294	0.6454	0.7133	0.2657	0.2268	0.6084	0.0679	0.2458	0.8531	0.0579	0.3077	0.1938	0.1359	0.5564	0.3736	0.028	0.7902	0.001	0.1978	0.001	0.4595	0.6793	0.1788	0.03	0.2158	0.3676	0.4466	0.5225	0.9221	0.001	0.4655	0.5225	0.0669	0.1249	0.8941	0.042	0.9071	0.7602	0.7423	0.042	0.2837	0.3047	0.007	0.001	0.0749	0.7103	0.3816	0.8362	0.5584	1	0.9091	0.1169	0.038	0.3127	0.007	0.5105	0.7083	0.2727	0.015	0.4156	0.8012	0.008	0.0679	0.008	0.2088	0.036	0.005	0.3526	0.033	0.3347	0.6693	0.6494	0.8482	0.9251	0.3936	0.7023	0.0719	0.034	0.8681	0.4006	0.7043	0.7982	0.954	0.001	0.5375	0.1179	0.1419	0.991	0.0539	0.7862	0.1319	0.1429	0.3337	0.001	0.7193	0.005	0.5714	0.6703	0.001	0.0639	0.3317	0.6374	0.001	0.004	0.3157	0.4935	0.7323	0.3127	0.6004	0.1918	0.0989	0.1479	0.6334	0.1578	0.7393	0.2078	0.023	0.6653	0.005	0.4096	0.1838	0.4006	0.8591	0.1758	0.2068	0.001	0.7512	0.004	1	0.1329	0.006	0.002	0.001	0.8891	0.3467	0.1309	0.7093	0.5914	0.8541	0.035	0.2398	0.7433	0.1908	0.5295	0.9441	0.964	0.5884	0.003	0.951	0.5345	0.0639	0.0849	0.8531	0.049	0.5524	0.98	0.6533	0.0749	0.7752	0.005	0.5325	0.3257	0.6274	0.975	0.2777	0.6743	0.2907	0.2827	0.7532	0.0589	0.7532	0.8442	0.009	0.8951	0.1039	0.956	0.2218	0.98	0.5495	0.038	0.976	0.7033	0.3686	0.0559	0.001	0.1329	0.035	0.2697	0.3477
Sg_I12_32	0.006	0.7043	0.9251	0.988	0.2627	0.018	0.1968	0.002	0.017	0.5135	0.005	0.1219	0.001	0.001	0.002	0.8172	0.011	0.004	0.001	0.2597	0.0649	0.015	0.7383	0.002	0.4076	0.005	0.0749	0.001	0.034	0.2198	0.8282	0.001	0.6793	0.1528	0.001	0.2348	0.001	0.004	0.019	0.9411	0.2787	0.8062	0.6404	0.003	0.012	0.9061	0.001	0.007	0.1489	0.008	0.6933	0.027	0.6464	0.0769	0.4356	0.003	0.4396	0.001	0.1419	0.001	0.1499	0.0679	0.3546	0.1229	0.003	0.5564	0.005	0.004	0.0679	0.002	0.2717	0.1329	0.1159	0.1449	0.7662	0.3227	0.5435	0.026	0.9321	0.009	0.1548	0.022	0.004	0.2178	0.4126	0.1968	0.0619	0.001	0.0659	0.4036	0.001	0.001	0.001	0.8711	0.956	0.4026	0.0669	0.001	0.4975	0.1538	0.002	0.6304	0.002	0.001	0.0529	0.001	0.2178	0.1678	0.001	0.2408	0.002	0.5964	0.8681	0.0609	0.007	0.001	0.3457	0.4515	0.7542	0.5794	0.3117	0.002	0.023	0.001	0.001	0.001	0.001	0.1249	0.001	0.001	0.001	0.1698	0.0639	0.003	0.2597	0.0649	0.001	0.6004	0.002	1	0.014	0.009	0.7692	0.025	0.2887	0.026	0.1059	0.018	0.0909	0.0759	0.2687	0.4505	0.017	0.2028	0.3766	0.1748	0.5604	0.001	0.0509	0.003	0.034	0.001	0.041	0.5055	0.1249	0.013	0.3626	0.046	0.001	0.024	0.2707	0.002	0.1898	0.8541	0.3407	0.8641	0.1708	0.4765	0.5564	0.7473	0.0699	0.0859	0.0839	0.2358	0.6573	0.4595	0.006	0.017	0.6983	0.001	0.9091	1	0.2747	0.007	0.002	0.006	0.5135	0.0699	0.001	0.001	0.003	0.023	0.1169	0.002	0.6274	0.005	0.037	0.015	0.4855	0.4246	0.3427	0.001	0.001	0.016	0.005	0.003	0.008	0.1429	0.3916	0.984	0.042	0.4855	0.1658	0.003	0.1039	0.6723	0.001	0.2218	0.005	0.1069	0.0659	0.2448	0.003	0.2458	0.1349	0.2537	0.8342	0.001	0.001	0.004	0.6653	0.3896	0.001	0.9311	0.4196	0.9481	0.046	0.979	0.2338	0.4795	0.002	0.0679	0.001	0.1009	0.0739	0.035	0.001	0.003	0.7063	0.7003	0.019	0.0869	0.001	0.001	0.002	0.007	0.1808	0.001	0.3836	0.002	0.021	0.004	0.9471	0.4216	0.027	0.2338	0.0739	0.001	0.015	0.1618	0.97	0.001	0.7033	0.001	0.016	0.6873	0.8601	0.001	0.001	0.001	0.001	0.1129	0.003	0.0889	0.001	0.006	0.033	0.001	0.046	0.3057	0.3457	0.043	0.001	0.3017	0.001	0.2298	0.2298	0.1748	0.4995	0.4106	0.1349	0.1888	0.008	0.001	0.2128	0.1508	0.0689	0.9081	0.7772	0.001	0.001	0.1119	0.003	0.1099	0.1948	0.7742	0.2877	0.1928	0.0609	0.4845
Sg_I12_44	0.006	0.001	0.1598	0.01	0.004	0.001	0.003	0.001	0.001	0.0599	0.001	0.1698	0.1149	0.001	0.046	0.7632	0.045	0.001	0.1199	0.8262	0.038	0.2248	0.2028	0.023	0.1079	0.8821	0.001	0.0709	0.002	0.2248	0.4126	0.0759	0.1868	0.001	0.001	0.1738	0.001	0.3137	0.014	0.1099	0.2867	0.4535	0.0579	0.0829	0.001	0.001	0.016	0.029	0.001	0.001	0.001	0.01	0.041	0.003	0.003	0.001	0.001	0.9241	0.3007	0.001	0.8202	0.035	0.2957	0.2258	0.3526	0.6174	0.001	0.0569	0.001	0.001	0.0649	0.6723	0.021	0.013	0.5964	0.034	0.026	0.002	0.2458	0.0639	0.001	0.016	0.001	0.0869	0.043	0.3327	0.005	0.4026	0.1049	0.0699	0.3716	0.001	0.001	0.001	0.1499	0.001	0.3666	0.002	0.001	0.001	0.023	0.001	0.6084	0.01	0.1568	0.0939	0.001	0.046	0.001	0.041	0.007	0.3337	0.4935	0.004	0.001	0.1369	0.007	0.013	0.003	0.001	0.008	0.001	0.011	0.0759	0.003	0.1109	0.019	0.018	0.7403	0.002	0.1658	0.001	0.2498	0.001	0.2687	0.8651	0.1948	0.001	0.001	0.025	0.008	0.7483	0.004	0.4416	0.0809	0.002	0.6064	0.001	0.001	0.6573	0.6783	0.001	0.2737	0.2847	0.001	0.001	0.2498	0.1089	0.1988	0.007	0.029	0.1069	0.6174	0.3037	0.001	0.001	0.7243	0.001	0.001	0.05	0.031	0.5495	0.005	0.001	0.008	0.0779	0.02	0.999	0.001	0.001	0.1279	0.037	0.049	0.4166	0.1938	0.001	0.001	0.6004	0.008	0.032	0.1169	0.2747	1	0.5185	0.001	0.001	0.2877	0.001	0.1149	0.03	0.001	0.001	0.4136	0.011	0.3776	0.001	0.7263	0.004	0.043	0.0519	0.6174	0.038	0.019	0.001	0.3007	0.001	0.001	0.001	0.033	0.8072	0.1588	0.033	0.003	0.032	0.0509	0.025	0.004	0.5225	0.001	0.001	0.001	0.5295	0.7243	0.8831	0.001	0.001	0.0879	0.04	0.002	0.001	0.001	0.001	0.001	0.0959	0.7662	0.002	0.98	0.001	0.008	0.0749	0.013	0.004	0.8691	0.001	0.015	0.001	0.001	0.024	0.3427	0.5115	0.001	0.024	0.1149	0.001	0.8591	0.001	0.047	0.007	0.001	0.001	0.019	0.001	0.5085	0.008	0.2507	0.6244	0.9021	0.001	0.7353	0.002	0.3147	0.001	0.3976	0.0669	0.005	0.1938	0.2488	0.1638	0.004	0.8831	0.001	0.001	0.001	0.025	0.1688	0.002	0.001	0.0879	0.6503	0.002	0.001	0.001	0.4745	0.001	0.5395	0.001	0.002	0.001	0.2987	0.003	0.7023	0.2208	0.2148	0.001	0.015	0.0909	0.001	0.011	0.008	0.001	0.006	0.001	0.001	0.001	0.6454	0.7493	0.001	0.0559	0.045	0.001
Sg_I12_6	0.2268	0.1099	0.988	0.958	0.967	0.01	0.8561	0.022	0.2767	0.0849	0.4456	0.2398	0.1189	0.4785	0.1369	0.001	0.7023	0.6813	0.4106	0.3497	0.4096	0.1459	0.037	0.3397	0.985	0.4016	0.8192	0.003	0.5934	0.5385	0.6274	0.7043	0.7882	0.025	0.2917	0.4675	0.2907	0.4765	0.5984	0.1389	0.038	0.047	0.0929	0.1179	0.985	0.028	0.1528	0.1628	0.4266	0.1489	0.02	0.982	0.001	0.958	0.001	0.0779	0.4416	0.1119	0.8162	0.7992	0.001	0.9441	0.5974	0.6563	0.6164	0.3816	0.02	0.1479	0.2737	0.8831	0.0519	0.6643	0.8501	0.3796	0.4855	0.1558	0.5035	0.3596	0.7123	0.6124	0.1728	0.3736	0.0589	0.0859	0.001	0.3097	0.002	0.001	0.2358	0.2108	0.032	0.2048	0.1698	0.1019	0.2418	0.001	0.6603	0.8901	0.007	0.2607	0.7772	0.4805	0.5834	0.3387	0.027	0.4276	0.02	0.5145	0.3756	0.1528	0.2318	0.2268	0.032	0.036	0.3337	0.1768	0.0699	0.019	0.7912	0.001	0.1728	0.0649	0.5245	0.3177	0.7323	0.044	0.9351	0.2258	0.2857	0.8941	0.001	0.3926	0.2348	0.0889	0.025	0.1838	0.0549	0.007	0.8951	0.8511	0.7832	0.001	0.1219	0.039	0.6713	0.1658	0.001	0.007	0.6623	0.1958	0.001	0.002	0.001	0.8112	0.1469	0.016	0.024	0.5844	0.019	0.5095	0.036	0.3846	0.6374	0.4356	0.5225	0.05	0.3646	0.6274	0.8372	0.6194	0.2288	0.1718	0.6813	0.017	0.02	0.001	0.2438	0.002	0.3536	0.0529	0.7962	0.3716	0.0749	0.0659	0.046	0.3586	0.2258	0.027	0.971	0.4256	0.038	0.007	0.5185	1	0.2907	0.2488	0.001	0.7952	0.1668	0.4466	0.01	0.1988	0.7902	0.6933	0.4196	0.4456	0.1179	0.001	0.034	0.7033	0.002	0.3207	0.9021	0.2637	0.1069	0.2657	0.6414	0.007	0.7862	0.0829	0.001	0.001	0.9161	0.0669	0.014	0.3616	0.2328	0.001	0.7782	0.3377	0.9271	0.0569	0.001	0.02	0.1548	0.4945	0.6963	0.5614	0.9421	0.1828	0.001	0.005	0.0879	0.1489	0.2837	0.006	0.1988	0.001	0.03	0.3886	0.01	0.994	0.0539	0.7782	0.4326	0.1848	0.0909	0.9441	0.029	0.018	0.1698	0.5085	0.011	0.1698	0.001	0.5065	0.1239	0.2847	0.1109	0.2977	0.5375	0.1618	0.2178	0.2298	0.0959	0.009	0.001	0.6454	0.014	0.004	0.8981	0.5105	0.4935	0.2018	0.9351	0.6973	0.6793	0.3107	0.3936	0.001	0.2218	0.8182	0.8911	0.7882	0.1309	0.2178	0.7233	0.013	0.001	0.2897	0.1518	0.7053	0.5884	0.2438	0.0669	0.039	0.001	0.3327	0.001	0.001	0.5155	0.1289	0.028	0.1429	0.021	0.4306	0.5275	0.3487	0.5055	0.1309	0.001	0.6074	0.4066	0.037	0.001	0.4306	0.015	0.6993	0.3277	0.976
Sg_I13_16	0.001	0.001	0.005	0.007	0.002	0.0849	0.001	0.5325	0.001	0.025	0.001	0.4885	0.046	0.001	0.006	0.6274	0.009	0.001	0.002	0.2767	0.7013	0.002	0.2348	0.001	0.005	0.001	0.004	0.001	0.3956	0.5974	0.015	0.001	0.007	0.001	0.001	0.4236	0.001	0.0949	0.003	0.0779	0.8851	0.3846	0.002	0.7013	0.001	0.008	0.006	0.001	0.002	0.001	0.1698	0.001	0.8052	0.001	0.035	0.001	0.001	0.7163	0.3986	0.001	0.8252	0.001	0.1029	0.001	0.019	0.019	0.001	0.001	0.001	0.001	0.4735	0.6224	0.007	0.001	0.4106	0.5065	0.039	0.001	0.956	0.001	0.001	0.001	0.001	0.8432	0.5005	0.0969	0.002	0.2348	0.001	0.001	0.002	0.001	0.001	0.3506	0.0649	0.0539	0.1548	0.001	0.5764	0.048	0.014	0.024	0.8352	0.001	0.5704	0.004	0.037	0.004	0.001	0.3367	0.2368	0.3756	0.6124	0.001	0.001	0.006	0.001	0.001	0.4466	0.7253	0.001	0.001	0.001	0.001	0.001	0.6154	0.001	0.001	0.001	0.001	0.014	0.001	0.4565	0.001	0.0509	0.001	0.002	0.1938	0.001	0.001	0.001	0.9331	0.001	0.007	0.1169	0.001	0.6034	0.005	0.001	0.009	0.9411	0.5604	0.8372	0.3536	0.003	0.001	0.0809	0.006	0.0709	0.001	0.003	0.003	0.027	0.4695	0.004	0.001	0.001	0.001	0.001	0.001	0.6813	0.002	0.001	0.5974	0.999	0.2238	0.001	0.6474	0.1518	0.2088	0.001	0.001	0.8691	0.022	0.7972	0.1169	0.001	0.8262	0.001	0.003	0.3127	0.002	0.001	0.2907	1	0.001	0.2537	0.001	0.002	0.047	0.001	0.001	0.99	0.001	0.3197	0.001	0.004	0.001	0.001	0.001	0.0739	0.001	0.001	0.001	0.002	0.001	0.001	0.002	0.024	0.2837	0.021	0.001	0.001	0.001	0.8362	0.001	0.001	0.4895	0.001	0.002	0.036	0.5075	0.2298	0.001	0.001	0.001	0.6983	0.006	0.001	0.005	0.9131	0.0809	0.001	0.1159	0.0879	0.001	0.033	0.6354	0.001	0.001	0.013	0.001	0.2448	0.001	0.1898	0.0539	0.001	0.5684	0.007	0.6394	0.001	0.002	0.1848	0.001	0.7852	0.001	0.4565	0.001	0.001	0.001	0.001	0.001	0.8681	0.7453	0.013	0.6683	0.4006	0.001	0.2517	0.6683	1	0.001	0.0609	0.038	0.018	0.7433	0.8152	0.007	0.1708	0.2677	0.001	0.001	0.001	0.1389	0.045	0.001	0.001	0.01	0.8492	0.001	0.011	0.001	0.1938	0.001	0.016	0.001	0.008	0.001	0.7173	0.3227	0.3666	0.05	0.4725	0.001	0.4466	0.006	0.001	0.3616	0.001	0.001	0.001	0.001	0.001	0.032	0.7233	0.0969	0.0619	0.001	0.0659	0.001
Sg_K01_3	0.001	0.001	0.3986	0.0649	0.01	0.004	0.003	0.1339	0.001	0.4715	0.001	0.3157	0.001	0.001	0.017	0.966	0.001	0.001	0.001	0.009	0.1429	0.0509	0.3696	0.003	0.0569	0.005	0.014	0.039	0.3966	0.3766	0.4086	0.011	0.0709	0.001	0.001	0.6064	0.001	0.022	0.01	0.7552	0.4016	0.4665	0.2787	0.012	0.001	0.001	0.001	0.001	0.001	0.001	0.6004	0.033	0.6234	0.001	0.4106	0.001	0.001	0.3487	0.2977	0.001	0.1049	0.002	0.001	0.018	0.002	0.039	0.001	0.001	0.004	0.001	0.022	0.2468	0.0679	0.004	0.6783	0.028	0.02	0.001	0.4416	0.001	0.001	0.001	0.001	0.024	0.2058	0.003	0.0579	0.014	0.007	0.022	0.014	0.004	0.001	0.019	0.1149	0.001	0.6703	0.001	0.018	0.017	0.004	0.004	0.5694	0.001	0.032	0.001	0.006	0.004	0.001	0.5445	0.01	0.4645	0.7532	0.001	0.001	0.002	0.001	0.001	0.7752	0.984	0.001	0.001	0.001	0.001	0.001	0.4885	0.001	0.001	0.005	0.001	0.001	0.001	0.2827	0.001	0.1319	0.6733	0.001	0.9351	0.001	0.001	0.001	0.0689	0.033	0.001	0.029	0.001	0.4256	0.003	0.002	0.001	0.5365	0.1988	0.3497	0.961	0.007	0.005	0.1758	0.001	0.4336	0.002	0.008	0.001	0.003	0.1069	0.001	0.001	0.006	0.002	0.001	0.001	0.032	0.001	0.001	0.019	0.1369	0.043	0.003	0.3267	0.009	0.033	0.001	0.001	0.4675	0.007	0.0869	0.019	0.001	0.2627	0.001	0.001	0.007	0.006	0.001	0.2488	0.001	1	0.1958	0.001	0.001	0.001	0.001	0.001	0.001	0.01	0.5245	0.001	0.4815	0.001	0.5005	0.005	0.044	0.001	0.001	0.001	0.001	0.001	0.001	0.1029	0.1588	0.6683	0.013	0.3137	0.001	0.001	0.03	0.005	0.001	0.2737	0.001	0.001	0.009	0.2707	0.003	0.0799	0.001	0.001	0.9421	0.001	0.001	0.001	0.0909	0.041	0.001	0.001	0.1259	0.011	0.001	0.1229	0.002	0.029	0.001	0.001	0.0569	0.001	0.002	0.001	0.001	0.7502	0.4326	0.022	0.001	0.001	0.007	0.001	0.002	0.001	0.007	0.001	0.003	0.001	0.005	0.001	0.5604	0.001	0.001	0.6643	0.1289	0.001	0.0719	0.4625	0.7992	0.001	0.04	0.001	0.2368	0.0679	0.5704	0.001	0.2058	0.048	0.001	0.001	0.001	0.0839	0.002	0.001	0.001	0.005	0.1908	0.001	0.0869	0.001	0.002	0.001	0.01	0.001	0.1249	0.001	0.986	0.7982	0.028	0.3147	0.6713	0.001	0.3027	0.3536	0.001	0.7383	0.002	0.001	0.001	0.001	0.001	0.001	0.1598	0.3596	0.001	0.001	0.4845	0.001
Sg_K01_5	0.2408	0.034	0.8771	0.7782	0.7203	0.004	0.6623	0.033	0.1548	0.6284	0.8352	0.6713	0.1119	0.8881	0.035	0.002	0.4166	0.3307	0.027	0.0549	0.6793	0.2408	0.1049	0.9281	0.7582	0.8172	0.3706	0.1518	0.7033	0.8581	0.7912	0.8631	0.6863	0.008	0.8881	0.6044	0.034	0.7053	0.5704	0.6124	0.4486	0.3946	0.2338	0.8282	0.3347	0.048	0.7343	0.034	0.5135	0.0589	0.017	0.968	0.001	0.8591	0.036	0.6543	0.1608	0.6543	0.6034	0.2028	0.001	0.6394	0.6643	0.8701	0.007	0.6683	0.1249	0.0529	0.2418	0.6344	0.046	0.2747	0.3317	0.1788	0.994	0.1798	0.3307	0.3277	0.6104	0.4865	0.038	0.1259	0.006	0.6274	0.001	0.6484	0.1209	0.001	0.2727	0.049	0.017	0.8511	0.969	0.025	0.2817	0.002	0.5654	0.4296	0.001	0.2488	0.5714	0.5145	0.6983	0.3007	0.1269	0.0689	0.001	0.8901	0.0909	0.6743	0.6593	0.1319	0.4086	0.006	0.1638	0.4575	0.05	0.05	0.2188	0.004	0.1039	0.6923	0.1848	0.042	0.6304	0.032	0.7792	0.1848	0.3147	0.2158	0.026	0.1668	0.9341	0.034	0.0829	0.2388	0.4695	0.044	0.2777	0.1838	0.5375	0.001	0.0619	0.5065	0.1688	0.046	0.001	0.004	0.6803	0.1009	0.001	0.001	0.001	0.8462	0.1758	0.03	0.4356	0.0549	0.1189	0.7662	0.1009	0.1319	0.016	0.4655	0.8242	0.001	0.1848	0.4466	0.2178	0.7992	0.9301	0.5964	0.7952	0.017	0.007	0.001	0.2338	0.01	0.1618	0.1399	0.6563	0.2527	0.003	0.8901	0.0859	0.043	0.015	0.1479	0.7473	0.0739	0.5105	0.5135	0.2877	0.001	0.2537	0.1958	1	0.2068	0.0519	0.6474	0.001	0.038	0.2837	0.6364	0.1748	0.1269	0.3057	0.025	0.8741	0.9341	0.005	0.1628	0.3007	0.0569	0.2488	0.038	0.0619	0.022	0.5245	0.0789	0.003	0.004	0.6174	0.6753	0.036	0.1169	0.029	0.001	0.007	0.016	0.3027	0.2358	0.001	0.0549	0.6893	0.4665	0.6024	0.035	0.8511	0.6503	0.002	0.004	0.014	0.994	0.002	0.01	0.5245	0.009	0.019	0.3377	0.1389	0.4426	0.1898	0.5714	0.0799	0.8811	0.4905	0.3157	0.1219	0.001	0.021	0.008	0.4116	0.02	0.001	0.1389	0.7313	0.9351	0.0609	0.1778	0.8172	0.4306	0.1039	0.9231	0.1618	0.012	0.001	0.2338	0.2138	0.0509	0.5025	0.1778	0.7333	0.8232	0.5994	0.4096	0.4575	0.0539	0.9141	0.001	0.01	0.2168	0.7023	0.5155	0.5295	0.6324	0.2398	0.1768	0.001	0.0519	0.6144	0.2877	0.3347	0.0729	0.5175	0.0809	0.001	0.1978	0.001	0.002	0.6913	0.1009	0.034	0.7602	0.1778	0.1379	0.0579	0.2038	0.3586	0.0859	0.008	0.6134	0.1558	0.005	0.001	0.3407	0.022	0.8182	0.1558	0.2208
Sg_K09_1	0.001	0.001	0.028	0.001	0.003	0.6344	0.001	0.3017	0.001	0.015	0.001	0.003	0.029	0.004	0.006	0.7063	0.014	0.001	0.002	0.017	0.6993	0.2108	0.005	0.003	0.001	0.002	0.001	0.7133	0.1339	0.041	0.001	0.012	0.001	0.001	0.002	0.1678	0.001	0.5245	0.001	0.1269	0.1399	0.1768	0.001	0.0989	0.002	0.016	0.6414	0.001	0.7263	0.009	0.1399	0.001	0.7493	0.001	0.006	0.001	0.001	0.034	0.1838	0.001	0.4146	0.001	0.984	0.001	0.002	0.001	0.003	0.001	0.001	0.001	0.009	0.0959	0.996	0.001	0.001	0.1678	0.042	0.001	0.001	0.001	0.2667	0.001	0.001	0.96	0.6394	0.0929	0.005	0.014	0.003	0.001	0.002	0.001	0.005	0.7323	0.001	0.2398	0.6064	0.001	0.7123	0.7063	0.3546	0.1738	0.001	0.001	0.6683	0.001	0.1548	0.6893	0.001	0.032	0.2068	0.002	0.3097	0.001	0.1369	0.9181	0.001	0.001	0.984	0.4805	0.001	0.001	0.001	0.001	0.001	0.014	0.001	0.001	0.001	0.001	0.0589	0.001	0.0649	0.001	0.049	0.001	0.001	0.047	0.001	0.001	0.001	0.2907	0.001	0.001	0.007	0.001	0.6973	0.0559	0.001	0.005	0.7622	0.5195	0.5804	0.1668	0.0769	0.006	0.005	0.002	0.003	0.049	0.004	0.03	0.001	0.029	0.005	0.014	0.001	0.001	0.001	0.001	0.0519	0.001	0.001	0.7642	0.9181	0.1698	0.001	0.953	0.022	0.003	0.001	0.001	0.026	0.001	0.001	0.8711	0.001	0.9241	0.001	0.026	0.7083	0.0699	0.001	0.7952	0.001	0.001	0.2068	1	0.003	0.976	0.002	0.001	0.4076	0.001	0.028	0.001	0.004	0.025	0.021	0.001	0.1678	0.001	0.001	0.001	0.001	0.001	0.001	0.1319	0.001	0.0759	0.2827	0.001	0.001	0.006	0.01	0.001	0.001	0.964	0.001	0.039	0.1499	0.1459	0.955	0.001	0.003	0.001	0.012	0.004	0.001	0.038	0.2977	0.2807	0.001	0.5944	0.8641	0.001	0.0669	0.8601	0.001	0.001	0.0889	0.004	0.7772	0.001	0.5485	0.005	0.001	0.0629	0.005	0.2188	0.001	0.001	0.5255	0.001	0.2288	0.001	0.0869	0.001	0.0969	0.001	0.001	0.001	0.011	0.1029	0.001	0.99	0.5445	0.001	0.002	0.8891	0.002	0.001	0.001	0.9301	0.2877	0.986	0.9491	0.009	0.0729	0.0649	0.001	0.001	0.001	0.016	0.7103	0.001	0.001	0.011	0.9001	0.001	0.001	0.001	0.6733	0.001	0.1489	0.001	0.002	0.001	0.0909	0.0989	0.05	0.1848	0.6204	0.013	0.005	0.002	0.001	0.4396	0.001	0.001	0.001	0.001	0.001	0.045	0.8731	0.018	0.8242	0.001	0.3397	0.001
Sg_K09_61	0.02	0.001	0.001	0.008	0.6294	0.001	0.1339	0.0599	0.001	0.6963	0.001	0.5285	0.001	0.001	0.001	0.1399	0.001	0.004	0.001	0.001	0.1688	0.9331	0.8382	0.1768	0.0999	0.6903	0.2008	0.2348	0.8042	0.2827	0.1259	0.1738	0.0909	0.001	0.001	0.3027	0.001	0.1219	0.1079	0.0799	0.2108	0.035	0.7802	0.001	0.001	0.0899	0.001	0.004	0.1089	0.001	0.5874	0.0779	0.3856	0.008	0.9461	0.001	0.043	0.0719	0.003	0.001	0.5974	0.005	0.2328	0.017	0.001	0.0699	0.005	0.022	0.015	0.001	0.7053	0.001	0.049	0.1758	0.3247	0.6494	0.008	0.012	0.2617	0.02	0.023	0.009	0.001	0.5185	0.958	0.1998	0.1508	0.022	0.2128	0.038	0.4016	0.001	0.001	0.0529	0.7612	0.5694	0.6344	0.005	0.2238	0.1838	0.031	0.5385	0.8681	0.1249	0.4296	0.001	0.014	0.3526	0.008	0.0809	0.0779	0.1928	0.2328	0.014	0.003	0.0719	0.009	0.023	0.994	0.991	0.1219	0.001	0.001	0.001	0.003	0.047	0.001	0.024	0.1818	0.003	0.001	0.001	0.046	0.001	0.5804	0.1339	0.001	0.986	0.001	0.018	0.0659	0.1668	0.1139	0.001	0.002	0.014	0.7972	0.1548	0.016	0.001	0.9491	0.3876	0.5654	0.1608	0.0779	0.0899	0.003	0.001	0.8262	0.029	0.023	0.001	0.001	0.7033	0.002	0.002	0.0579	0.001	0.001	0.001	0.0609	0.001	0.1499	0.2597	0.5375	0.031	0.021	0.0709	0.043	0.2308	0.032	0.009	0.7353	0.002	0.5265	0.041	0.001	0.008	0.002	0.001	0.2727	0.001	0.1149	0.1668	0.002	0.001	0.0519	0.003	1	0.04	0.001	0.001	0.005	0.001	0.1049	0.004	0.1818	0.002	0.1698	0.001	0.2897	0.001	0.01	0.001	0.001	0.001	0.001	0.039	0.03	0.7193	0.002	0.5734	0.011	0.001	0.4665	0.0929	0.017	0.8731	0.001	0.001	0.015	0.7273	0.002	0.8112	0.001	0.006	0.4116	0.001	0.013	0.006	0.3846	0.1029	0.002	0.6573	0.2218	0.4416	0.024	0.6983	0.0779	0.2338	0.001	0.009	0.1269	0.001	0.002	0.001	0.001	0.013	0.6763	0.002	0.001	0.003	0.006	0.001	0.003	0.001	0.2178	0.003	0.3027	0.015	0.0649	0.001	0.2198	0.1868	0.001	0.7812	0.8551	0.001	0.017	0.3506	0.8721	0.002	0.2268	0.02	0.0999	0.3676	0.3357	0.001	0.016	0.012	0.001	0.004	0.001	0.01	0.044	0.002	0.001	0.002	0.6713	0.001	0.0769	0.003	0.001	0.0859	0.001	0.009	0.005	0.007	0.7283	0.2188	0.4416	0.2627	0.9381	0.001	0.8432	0.3237	0.001	0.4855	0.1988	0.001	0.001	0.006	0.002	0.011	0.7772	0.2977	0.3197	0.0779	0.8072	0.003
Sg_K10_28	0.0839	0.7153	0.027	0.0899	0.7093	0.003	0.8951	0.006	0.5095	0.3756	0.0639	0.001	0.5355	0.001	0.4056	0.1279	0.2647	0.1329	0.0769	0.8332	0.6104	0.014	0.012	0.009	0.1898	0.3017	0.9291	0.001	0.001	0.001	0.018	0.013	0.036	0.3467	0.2907	0.001	0.02	0.001	0.3457	0.4226	0.015	0.5974	0.02	0.0769	0.0519	0.1838	0.001	0.0539	0.003	0.001	0.025	0.3007	0.7792	0.034	0.9051	0.013	0.8581	0.001	0.9151	0.001	0.995	0.7383	0.031	0.1528	0.7612	0.4625	0.009	0.1778	0.7992	0.6773	0.001	0.9281	0.9301	0.0909	0.04	0.01	0.1219	0.0799	0.1299	0.3397	0.001	0.018	0.1239	0.001	0.022	0.002	0.8521	0.046	0.001	0.6084	0.6693	0.001	0.009	0.2078	0.004	0.036	0.3926	0.002	0.015	0.2957	0.006	0.5624	0.004	0.015	0.001	0.6094	0.022	0.001	0.028	0.9461	0.001	0.003	0.5415	0.2188	0.001	0.001	0.038	0.1429	0.6823	0.1988	0.7293	0.014	0.0789	0.037	0.02	0.2478	0.032	0.9241	0.1049	0.0509	0.002	0.3546	0.002	0.033	0.2817	0.4995	0.2947	0.8921	0.5165	0.1648	0.3946	0.1508	0.2438	0.6763	0.3946	0.006	0.3856	0.0539	0.4386	0.8781	0.8472	0.023	0.0609	0.1219	0.012	0.2258	0.5375	0.1968	0.9081	0.001	0.0869	0.012	0.6024	0.044	0.001	0.0509	0.7602	0.5045	0.001	0.0639	0.001	0.2917	0.0829	0.014	0.3487	0.9091	0.5195	0.2897	0.1449	0.0899	0.016	0.0929	0.2737	0.995	0.03	0.1758	0.003	0.4486	0.1129	0.046	0.015	0.001	0.03	0.4466	0.047	0.001	0.6474	0.976	0.04	1	0.021	0.3007	0.4865	0.6933	0.4825	0.018	0.4496	0.017	0.4326	0.6194	0.1618	0.05	0.048	0.2757	0.2537	0.5804	0.6104	0.001	0.001	0.3826	0.0519	0.994	0.1838	0.1748	0.001	0.6354	0.0909	0.7303	0.018	0.2038	0.0549	0.001	0.05	0.9281	0.002	0.1938	0.5804	0.044	0.001	0.001	0.019	0.003	0.047	0.2088	0.036	0.1079	0.002	0.1598	0.3596	0.5465	0.002	0.001	0.001	0.8781	0.2078	0.1628	0.002	0.8302	0.005	0.7852	0.4715	0.0929	0.001	0.0519	0.048	0.1369	0.003	0.2158	0.0619	0.1139	0.3397	0.008	0.046	0.008	0.3067	0.3746	0.6833	0.1499	0.3117	0.0949	0.1099	0.001	0.2667	0.001	0.3367	0.035	0.3377	0.2687	0.001	0.015	0.1678	0.0689	0.975	0.016	0.001	0.6314	0.1588	0.3816	0.4146	0.5734	0.992	0.2028	0.035	0.1638	0.0599	0.3586	0.042	0.4266	0.029	0.8511	0.001	0.5385	0.014	0.001	0.3986	0.0869	0.004	0.3297	0.2687	0.1009	0.0749	0.7143	0.027	0.0649	0.7043	0.005	0.0679	0.1199	0.05	0.0999
Sg_K14_18	0.002	0.001	0.2607	0.6563	0.013	0.001	0.015	0.001	0.001	0.004	0.004	0.5914	0.01	0.001	0.001	0.1479	0.038	0.001	0.001	0.02	0.4545	0.023	0.3796	0.001	0.1558	0.1499	0.003	0.4006	0.9081	0.2747	0.1309	0.045	0.0659	0.001	0.001	0.4416	0.001	0.0799	0.003	0.039	0.1848	0.6034	0.1568	0.1049	0.001	0.004	0.022	0.002	0.002	0.001	0.0869	0.027	0.016	0.001	0.026	0.002	0.001	0.6613	0.3377	0.001	0.017	0.002	0.2957	0.002	0.001	0.8492	0.003	0.001	0.001	0.001	0.5844	0.0779	0.001	0.001	0.6683	0.4965	0.6164	0.001	0.7383	0.1219	0.001	0.002	0.001	0.957	0.3207	0.1728	0.001	0.3367	0.02	0.002	0.001	0.001	0.001	0.008	0.8971	0.004	0.3886	0.001	0.001	0.3257	0.001	0.019	0.0959	0.001	0.6424	0.001	0.001	0.004	0.001	0.4975	0.0859	0.026	0.1379	0.001	0.001	0.0709	0.001	0.001	0.0859	0.001	0.019	0.002	0.001	0.001	0.001	0.004	0.006	0.016	0.019	0.002	0.3027	0.001	0.9171	0.001	0.0519	0.0989	0.001	0.019	0.001	0.005	0.005	0.2577	0.003	0.013	0.1429	0.001	0.024	0.001	0.001	0.001	0.014	0.001	0.012	0.997	0.004	0.001	0.7353	0.002	0.1678	0.012	0.4306	0.001	0.0579	0.002	0.001	0.001	0.009	0.005	0.001	0.003	0.2597	0.026	0.013	0.001	0.015	0.003	0.005	0.3676	0.001	0.01	0.0869	0.001	0.014	0.033	0.6893	0.006	0.001	0.3686	0.002	0.001	0.4156	0.003	0.001	0.01	0.001	0.001	0.001	0.002	0.001	0.021	1	0.001	0.8492	0.006	0.3127	0.001	0.0629	0.4406	0.024	0.001	0.8202	0.001	0.001	0.001	0.004	0.001	0.001	0.001	0.0899	0.7892	0.7682	0.0739	0.0759	0.009	0.8432	0.0809	0.001	0.012	0.001	0.001	0.01	0.7912	0.5854	0.017	0.001	0.007	0.5714	0.001	0.001	0.038	0.001	0.001	0.001	0.8981	0.3397	0.005	0.6214	0.001	0.005	0.3836	0.1538	0.0839	0.5475	0.001	0.029	0.009	0.002	0.0829	0.7333	0.1479	0.001	0.001	0.008	0.001	0.1568	0.001	0.4316	0.016	0.001	0.002	0.017	0.002	0.5694	0.4116	0.002	0.1199	0.021	0.001	0.5614	0.0799	0.7063	0.001	0.6773	0.0669	0.001	0.6404	0.9171	0.001	0.008	0.7992	0.001	0.036	0.001	0.7582	0.0899	0.001	0.001	0.1379	0.008	0.001	0.002	0.001	0.027	0.001	0.037	0.2278	0.003	0.001	0.5764	0.009	0.0899	0.3127	0.3427	0.001	0.2288	0.8132	0.001	0.03	0.0759	0.001	0.013	0.0639	0.001	0.001	0.004	0.8891	0.001	0.027	0.2987	0.001
Sg_K15_44	0.001	0.001	0.004	0.001	0.001	0.003	0.001	0.028	0.001	0.001	0.001	0.005	0.001	0.001	0.001	0.8701	0.001	0.001	0.001	0.004	0.2128	0.009	0.022	0.001	0.001	0.02	0.001	0.024	0.0519	0.1608	0.001	0.001	0.001	0.001	0.001	0.2687	0.001	0.6683	0.001	0.7922	0.0839	0.5894	0.001	0.0579	0.001	0.002	0.007	0.001	0.002	0.001	0.9061	0.001	0.4805	0.001	0.5105	0.001	0.001	0.2008	0.1668	0.001	0.8282	0.001	0.1998	0.001	0.001	0.002	0.001	0.001	0.001	0.001	0.2557	0.0809	0.001	0.001	0.007	0.6503	0.002	0.001	0.016	0.001	0.001	0.001	0.001	0.8651	0.9041	0.2857	0.001	0.6344	0.001	0.001	0.001	0.001	0.001	0.025	0.017	0.007	0.3976	0.001	0.023	0.003	0.002	0.001	0.3786	0.001	0.4456	0.001	0.002	0.045	0.001	0.2428	0.1049	0.0579	0.2338	0.001	0.001	0.4535	0.001	0.001	0.0519	0.6454	0.001	0.001	0.001	0.001	0.001	0.0999	0.001	0.001	0.001	0.001	0.2677	0.001	0.4426	0.001	0.2338	0.001	0.001	0.9171	0.001	0.001	0.001	0.7522	0.001	0.001	0.001	0.001	0.5614	0.001	0.001	0.001	0.5824	0.035	0.1149	0.8751	0.001	0.001	0.039	0.001	0.0709	0.011	0.03	0.002	0.001	0.6204	0.001	0.001	0.001	0.001	0.001	0.001	0.974	0.002	0.001	0.017	0.6334	0.016	0.001	0.9221	0.013	0.001	0.001	0.001	0.016	0.001	0.2647	0.1698	0.001	0.7962	0.001	0.001	0.8012	0.023	0.001	0.1988	0.001	0.001	0.038	0.001	0.001	0.3007	0.001	1	0.0709	0.001	0.0799	0.001	0.025	0.008	0.005	0.001	0.2128	0.001	0.001	0.001	0.002	0.001	0.001	0.002	0.001	0.1449	0.2917	0.001	0.001	0.001	0.2817	0.001	0.001	0.4845	0.001	0.001	0.003	0.1958	0.8362	0.001	0.001	0.001	0.3167	0.001	0.001	0.001	0.1788	0.002	0.001	0.2388	0.4166	0.001	0.1219	0.012	0.001	0.001	0.002	0.009	0.6643	0.001	0.042	0.001	0.001	0.2857	0.012	0.0799	0.001	0.001	0.8821	0.001	0.8831	0.001	0.9091	0.001	0.001	0.001	0.001	0.001	0.4066	0.8382	0.001	0.6174	0.7892	0.001	0.04	0.1129	0.8292	0.001	0.001	0.1628	0.001	0.7393	0.4625	0.001	0.3606	0.2507	0.001	0.001	0.001	0.002	0.3257	0.001	0.001	0.006	0.4655	0.001	0.001	0.001	0.1968	0.001	0.027	0.001	0.001	0.001	0.4316	0.96	0.3826	0.1159	0.0909	0.001	0.7293	0.014	0.001	0.5335	0.001	0.001	0.001	0.001	0.001	0.001	0.4156	0.0579	0.001	0.001	0.1798	0.001
Sg_K16_17	0.3447	0.015	0.7972	0.0999	0.8511	0.019	0.2917	0.017	0.1149	0.2607	0.1129	0.8172	0.002	0.042	0.971	0.028	0.001	0.5964	0.008	0.2607	0.1289	0.7892	0.2148	0.6104	0.4645	0.5764	0.4525	0.4525	0.3387	0.0629	0.8362	0.3526	0.7912	0.1988	0.1658	0.0879	0.02	0.9171	0.033	0.4126	0.2268	0.3347	0.6623	0.001	0.006	0.047	0.006	0.019	0.012	0.017	0.0759	0.3277	0.5295	0.4745	0.1449	0.8961	0.3267	0.2408	0.001	0.0819	0.955	0.1548	0.1678	0.8951	0.02	0.3526	0.047	0.0529	0.6044	0.3546	0.047	0.0899	0.7213	0.0529	0.0609	0.008	0.0579	0.3137	0.5205	0.0769	0.002	0.024	0.2857	0.6943	0.7223	0.0789	0.3487	0.5984	0.039	0.0619	0.5235	0.0819	0.001	0.1149	0.034	0.017	0.7243	0.05	0.0629	0.013	0.2877	0.1449	0.2527	0.3506	0.7902	0.019	0.1219	0.6813	0.1309	0.5864	0.1778	0.6464	0.3127	0.1159	0.003	0.6523	0.2997	0.7153	0.1808	0.0899	0.5235	0.007	0.4525	0.005	0.2747	0.045	0.7033	0.3776	0.5315	0.6613	0.8811	0.2028	0.019	0.0569	0.2198	0.2008	0.048	0.0579	0.2288	0.9311	0.5704	0.8691	0.3586	0.1199	0.2468	0.7073	0.5584	0.1379	0.3556	0.1878	0.3596	0.0719	0.6014	0.96	0.6124	0.968	0.0579	0.008	0.1199	0.2877	0.001	0.001	0.001	0.4276	0.1369	0.2058	0.5075	0.0819	0.007	0.029	0.005	0.005	0.6913	0.0969	0.041	0.0659	0.9141	0.5904	0.6044	0.0529	0.2837	0.5085	0.8142	0.2488	0.0849	0.2927	0.2028	0.1538	0.006	0.003	0.008	0.1169	0.4136	0.7902	0.99	0.001	0.2837	0.4076	0.005	0.4865	0.8492	0.0709	1	0.7043	0.8791	0.4555	0.7273	0.1309	0.6723	0.8961	0.4515	0.015	0.5634	0.0769	0.038	0.3017	0.006	0.5205	0.5155	0.1129	0.4755	0.6004	0.0569	0.049	0.029	0.7233	0.4715	0.7413	0.0999	0.018	0.7842	0.5155	0.9351	0.8571	0.5684	0.2767	0.2577	0.001	0.2038	0.001	0.0539	0.8172	0.5884	0.027	0.034	0.979	0.1778	0.2767	0.5295	0.8202	0.0779	0.0509	0.4366	0.044	0.001	0.002	0.005	0.7922	0.5015	0.002	0.1748	0.0749	0.2697	0.3506	0.2727	0.014	0.002	0.2717	0.0639	0.1309	0.7173	0.002	0.2917	0.001	0.037	0.2517	0.982	0.1259	0.1778	0.3766	0.997	0.1279	0.0769	0.1938	0.7792	0.8432	0.6094	0.001	0.3626	0.6843	0.1938	0.017	0.6084	0.0689	0.2398	0.023	0.031	0.048	0.7912	0.1229	0.3716	0.1179	0.002	0.3616	0.2368	0.1508	0.009	0.031	0.3227	0.4196	0.7493	0.043	0.8462	0.018	0.2567	0.1359	0.0889	0.996	0.7173	0.5514	0.025	0.046	0.0749	0.027	0.6643	0.014	0.031	0.2787	0.3986	0.6264
Sg_K16_50	0.001	0.001	0.029	0.001	0.008	0.2707	0.001	0.8871	0.001	0.002	0.001	0.028	0.01	0.022	0.001	0.2517	0.022	0.002	0.001	0.005	0.6933	0.5944	0.1918	0.0569	0.043	0.029	0.001	0.1998	0.014	0.0749	0.003	0.0659	0.003	0.001	0.003	0.03	0.001	0.4256	0.001	0.8551	0.0889	0.0789	0.002	0.5105	0.001	0.025	0.3377	0.004	0.6903	0.2178	0.5195	0.001	0.7073	0.021	0.3357	0.001	0.001	0.1838	0.7612	0.0569	0.95	0.001	0.5704	0.001	0.002	0.2328	0.021	0.009	0.001	0.001	0.0579	0.005	0.0629	0.033	0.005	0.02	0.039	0.003	0.011	0.009	0.2687	0.0559	0.001	0.3956	0.9461	0.7562	0.002	0.0519	0.2368	0.04	0.002	0.003	0.021	0.005	0.03	0.3437	0.5634	0.026	0.3976	0.1329	0.004	0.1828	0.7722	0.028	0.041	0.001	0.0529	0.8042	0.001	0.5305	0.97	0.018	0.036	0.001	0.0959	0.7343	0.0939	0.006	0.007	0.8222	0.001	0.003	0.002	0.001	0.001	0.957	0.002	0.001	0.002	0.001	0.0669	0.001	0.3946	0.001	0.1748	0.001	0.001	0.96	0.001	0.009	0.002	0.7123	0.001	0.001	0.0549	0.007	0.8751	0.041	0.001	0.002	0.6603	0.4945	0.7393	0.013	0.014	0.005	0.1868	0.001	0.017	0.4176	0.5015	0.012	0.004	0.3536	0.1459	0.003	0.007	0.001	0.001	0.001	0.042	0.001	0.002	0.4745	0.0629	0.8392	0.001	0.8661	0.0899	0.001	0.1069	0.001	0.1558	0.001	0.0559	0.7892	0.003	0.1548	0.0729	0.005	0.0679	0.002	0.011	0.6933	0.001	0.01	0.6364	0.001	0.001	0.6933	0.006	0.001	0.7043	1	0.0609	0.001	0.02	0.008	0.4925	0.001	0.2527	0.003	0.004	0.001	0.001	0.001	0.001	0.009	0.001	0.5375	0.0719	0.1778	0.002	0.002	0.026	0.001	0.001	0.8681	0.001	0.026	0.038	0.0509	0.0939	0.2128	0.1419	0.01	0.1778	0.004	0.031	0.1159	0.8222	0.1149	0.001	0.3986	0.7263	0.002	0.1139	0.5055	0.014	0.002	0.1389	0.5524	0.3576	0.001	0.3437	0.024	0.001	0.3686	0.1728	0.9371	0.001	0.041	0.5395	0.001	0.2058	0.003	0.3696	0.001	0.5005	0.001	0.003	0.002	0.1798	0.0899	0.001	0.6593	0.8791	0.001	0.001	0.2428	0.8162	0.012	0.044	0.994	0.015	0.2288	0.4306	0.012	0.5245	0.1638	0.001	0.03	0.001	0.0919	0.9031	0.004	0.001	0.006	0.8551	0.001	0.011	0.002	0.0859	0.01	0.001	0.001	0.1159	0.042	0.7972	0.9471	0.0589	0.7642	0.5045	0.006	0.3666	0.001	0.002	0.6074	0.1119	0.001	0.009	0.009	0.001	0.006	0.7043	0.015	0.1049	0.004	0.0879	0.002
Sg_K16_53	0.8172	0.019	0.8302	0.0629	0.3457	0.5055	0.6474	0.4206	0.2378	0.0799	0.6084	0.6104	0.5544	0.1958	0.6793	0.3546	0.1538	0.988	0.0829	0.0949	0.2957	0.003	0.5365	0.4036	0.7223	0.982	0.0719	0.1089	0.988	0.8551	0.003	0.001	0.002	0.0619	0.7922	0.8561	0.4855	0.2607	0.6503	0.981	0.2468	0.4805	0.0739	0.9221	0.2627	0.2018	0.6923	0.1658	0.3127	0.0949	0.5045	0.1409	0.976	0.8891	0.1978	0.7822	0.0819	0.014	0.0659	0.4076	0.952	0.0989	0.0809	0.1289	0.046	0.012	0.8831	0.3147	0.009	0.2667	0.001	0.3506	0.1678	0.038	0.001	0.004	0.015	0.7592	0.001	0.2857	0.2088	0.7722	0.014	0.8751	0.1668	0.1279	0.1778	0.2697	0.0529	0.001	0.7512	0.7153	0.6284	0.8172	0.6833	0.6054	0.968	0.1708	0.6024	0.9461	0.5704	0.028	0.5155	0.2378	0.4595	0.2847	0.4885	0.4865	0.7343	0.017	0.8631	0.017	0.4356	0.032	0.8422	0.0769	0.997	0.016	0.3397	0.1668	0.2787	0.6623	0.5924	0.2388	0.1439	0.5445	0.1419	0.0939	0.1179	0.2797	0.9041	0.001	0.02	0.98	0.5824	0.002	0.046	0.0859	0.9141	0.001	0.0879	0.6943	0.4286	0.029	0.8671	0.3057	0.8022	0.5105	0.2557	0.018	0.3526	0.8112	0.1479	0.7772	0.5554	0.5275	0.6523	0.1578	0.011	0.0589	0.029	0.5135	0.1768	0.959	0.5475	0.1928	0.013	0.7163	0.7163	0.6264	0.017	0.0779	0.1399	0.8122	0.2478	0.4076	0.1289	0.7153	0.3027	0.5485	0.4595	0.002	0.1828	0.018	0.001	0.983	0.0809	0.0699	0.2028	0.5435	0.008	0.6274	0.3776	0.4196	0.3197	0.5245	0.1748	0.028	0.1049	0.4825	0.3127	0.0799	0.8791	0.0609	1	0.7722	0.9011	0.959	0.1159	0.001	0.8472	0.967	0.7153	0.0899	0.012	0.7742	0.5634	0.0759	0.004	0.98	0.1698	0.3626	0.0929	0.3267	0.001	0.3497	0.0849	0.8302	0.012	0.7812	0.7293	0.6503	0.6194	0.1029	0.5495	0.2248	0.001	0.4146	0.2438	0.3197	0.5554	0.6533	0.2108	0.028	0.1868	0.1209	0.1788	0.5055	0.2777	0.022	0.988	0.4695	0.8262	0.7752	0.4286	0.3387	0.5534	0.03	0.0769	0.2707	0.014	0.023	0.031	0.6114	0.6903	0.2607	0.024	0.7562	0.3586	0.8861	0.1469	0.4915	0.001	0.003	0.016	0.7213	0.5095	0.5784	0.1389	0.0569	0.018	0.2018	0.001	0.4086	0.2338	0.4865	0.001	0.5175	0.3706	0.8132	0.9451	0.0969	0.2957	0.002	0.4835	0.969	0.5544	0.952	0.2777	0.005	0.8202	0.4486	0.8711	0.0669	0.4745	0.8082	0.0979	0.8651	0.993	0.5175	0.8921	0.2188	0.006	0.7283	0.8681	0.1029	0.4855	0.954	0.1179	0.2887	0.6414	0.1878	0.8631	0.7952	0.954	0.4625	0.1409	0.003	0.002	0.017
Sg_K17_22	0.001	0.001	0.5674	0.002	0.001	0.012	0.001	0.4496	0.001	0.002	0.001	0.1389	0.5514	0.001	0.001	0.9151	0.1289	0.001	0.007	0.039	0.1319	0.001	0.0889	0.001	0.006	0.003	0.001	0.0939	0.4016	0.8122	0.005	0.04	0.001	0.001	0.008	0.7483	0.001	0.022	0.002	0.7233	0.8212	0.2118	0.001	0.0769	0.001	0.008	0.2847	0.001	0.029	0.001	0.5445	0.001	0.8072	0.001	0.2777	0.001	0.001	0.3826	0.2388	0.001	0.7532	0.001	0.3257	0.001	0.0989	0.023	0.001	0.001	0.001	0.001	0.1708	0.1459	0.029	0.001	0.0919	0.7303	0.7752	0.001	0.031	0.001	0.002	0.001	0.001	0.7133	0.989	0.9081	0.001	0.048	0.007	0.001	0.001	0.001	0.001	0.007	0.2138	0.4036	0.0899	0.001	0.3926	0.2737	0.002	0.2108	0.8012	0.001	0.3936	0.001	0.006	0.1978	0.001	0.5814	0.6933	0.5994	0.4725	0.001	0.005	0.008	0.001	0.001	0.951	0.8162	0.001	0.001	0.001	0.003	0.001	0.1419	0.003	0.001	0.001	0.001	0.0929	0.001	0.5684	0.001	0.017	0.001	0.003	0.7662	0.001	0.001	0.001	0.02	0.002	0.015	0.0679	0.001	0.9061	0.001	0.001	0.049	0.5495	0.0669	0.7283	0.8501	0.001	0.001	0.3017	0.005	0.014	0.01	0.2128	0.048	0.005	0.7872	0.001	0.001	0.001	0.001	0.001	0.001	0.2018	0.026	0.001	0.022	0.2537	0.2797	0.001	0.3516	0.008	0.002	0.006	0.001	0.1718	0.001	0.0889	0.2358	0.001	0.5724	0.001	0.0729	0.2088	0.005	0.001	0.4456	0.001	0.001	0.1269	0.001	0.004	0.018	0.001	0.001	0.4555	0.001	0.7722	1	0.0609	0.0979	0.036	0.001	0.1129	0.002	0.001	0.001	0.008	0.001	0.001	0.003	0.003	0.5804	0.9401	0.001	0.001	0.007	0.1149	0.001	0.001	0.7073	0.001	0.002	0.0709	0.8871	0.9401	0.002	0.002	0.001	0.2997	0.026	0.001	0.017	0.5634	0.004	0.001	0.1628	0.6434	0.001	0.2757	0.0529	0.001	0.005	0.047	0.0999	0.1808	0.001	0.1998	0.01	0.001	0.002	0.046	0.0749	0.001	0.001	0.049	0.001	0.5235	0.001	0.4505	0.001	0.005	0.001	0.002	0.001	0.3816	0.6404	0.011	0.7692	0.6054	0.001	0.1798	0.1828	0.9301	0.001	0.008	0.004	0.013	0.7303	0.3956	0.5564	0.8671	0.1998	0.001	0.003	0.001	0.6653	0.033	0.001	0.001	0.1319	0.8292	0.001	0.001	0.001	0.6344	0.001	0.025	0.002	0.4565	0.001	0.2248	0.7413	0.3676	0.1099	0.8362	0.002	0.3716	0.006	0.001	0.6933	0.001	0.001	0.003	0.001	0.001	0.002	0.6434	0.029	0.017	0.002	0.0859	0.001
Sg_K22_12	0.002	0.4545	0.009	0.0609	0.8302	0.8092	0.0679	0.982	0.031	0.02	0.1678	0.6454	0.8811	0.049	0.2577	0.3037	0.5065	0.5135	0.0559	0.4625	0.4106	0.1209	0.6553	0.002	0.1079	0.007	0.01	0.3307	0.3636	0.5405	0.1329	0.034	0.029	0.037	0.2198	0.4935	0.021	0.3317	0.003	0.8771	0.3117	0.1988	0.025	0.2707	0.999	0.6024	0.7333	0.003	0.952	0.1648	0.3556	0.037	0.4845	0.001	0.1518	0.1618	0.048	0.1738	0.7822	0.3896	0.2498	0.0779	0.013	0.012	0.4496	0.1119	0.4086	0.002	0.002	0.006	0.003	0.8561	0.3776	0.019	0.1698	0.1678	0.1698	0.001	0.1079	0.046	0.959	0.004	0.027	0.4006	0.3177	0.2098	0.002	0.97	0.1978	0.035	0.004	0.006	0.9481	0.2378	0.8062	0.3806	0.2847	0.032	0.4116	0.3556	0.3037	0.7912	0.5694	0.002	0.3936	0.1369	0.3117	0.7103	0.001	0.2977	0.5365	0.9301	0.3706	0.004	0.8591	0.2348	0.045	0.005	0.025	0.6553	0.001	0.986	0.001	0.049	0.004	0.2238	0.033	0.002	0.002	0.001	0.5195	0.004	0.2428	0.003	0.003	0.001	0.1049	0.1109	0.026	0.2318	0.007	0.1778	0.1439	0.1169	0.8432	0.001	0.1179	0.019	0.001	0.3986	0.1998	0.4985	0.04	0.2338	0.6863	0.1538	0.6613	0.2418	0.001	0.035	0.3327	0.0819	0.0759	0.5764	0.8432	0.0819	0.005	0.007	0.006	0.1808	0.015	0.011	0.3776	0.6793	0.5824	0.1628	0.001	0.2058	0.3746	0.8581	0.2607	0.6723	0.2727	0.4705	0.003	0.8831	0.036	0.9091	0.4695	0.2537	0.036	0.037	0.7263	0.1179	0.004	0.4815	0.3057	0.004	0.1818	0.4496	0.0629	0.025	0.7273	0.02	0.9011	0.0609	1	0.8432	0.0589	0.017	0.035	0.002	0.001	0.024	0.0609	0.1159	0.2478	0.3237	0.1419	0.5425	0.1489	0.0509	0.019	0.6084	0.01	0.004	0.001	0.1339	0.1578	0.6444	0.037	0.6793	0.026	0.002	0.5375	0.6494	0.2577	0.2657	0.006	0.988	0.2418	0.3447	0.005	0.03	0.3487	0.013	0.9001	0.7872	0.001	0.034	0.3906	0.001	0.1219	0.1049	0.4765	0.5784	0.0699	0.1169	0.5764	0.9491	0.004	0.2468	0.5994	0.007	0.5784	0.025	0.013	0.1119	0.7702	0.001	0.029	0.6284	0.024	0.005	0.1848	0.003	0.1518	0.1379	0.0939	0.5365	0.0579	0.003	0.6953	0.3107	0.4695	0.2907	0.2867	0.3776	0.6424	0.3916	0.0709	0.8671	0.0729	0.034	0.3506	0.004	0.0679	0.7453	0.0929	0.038	0.003	0.1189	0.7792	0.2907	0.0579	0.4456	0.037	0.1369	0.993	0.5165	0.5714	0.987	0.2517	0.3387	0.007	0.1608	0.8322	0.6583	0.4655	0.006	0.7712	0.2468	0.006	0.6793	0.0549	0.026	0.3676	0.2847	0.5884	0.8302
Sg_K22_14	0.001	0.0539	0.8242	0.0919	0.2937	0.1938	0.016	0.5135	0.0789	0.6494	0.001	0.1089	0.023	0.007	0.3626	0.038	0.011	0.004	0.006	0.2767	0.7313	0.6723	0.1678	0.1379	0.1998	0.027	0.5095	0.007	0.5934	0.4206	0.2078	0.007	0.2657	0.002	0.001	0.2647	0.002	0.047	0.2527	0.2148	0.0939	0.001	0.4026	0.008	0.001	0.0699	0.001	0.001	0.001	0.006	0.1978	0.039	0.3477	0.009	0.0859	0.001	0.1788	0.4535	0.1459	0.004	0.001	0.01	0.007	0.0639	0.014	0.041	0.001	0.003	0.0579	0.001	0.006	0.5564	0.1039	0.034	0.3696	0.0879	0.0569	0.017	0.7722	0.001	0.011	0.01	0.004	0.021	0.015	0.006	0.7423	0.005	0.042	0.2458	0.2627	0.001	0.001	0.9331	0.2478	0.977	0.1808	0.001	0.6663	0.2028	0.4356	0.1429	0.3666	0.2328	0.017	0.019	0.7782	0.004	0.001	0.5754	0.0759	0.6903	0.8212	0.001	0.004	0.008	0.018	0.034	0.4625	0.0649	0.015	0.001	0.011	0.001	0.001	0.001	0.001	0.037	0.3397	0.001	0.001	0.02	0.7333	0.001	0.8771	0.6613	0.001	0.2188	0.015	0.1658	0.023	0.004	0.966	0.034	0.1938	0.1099	0.002	0.9371	0.0609	0.0839	0.006	0.7483	0.001	0.6933	0.1938	0.6933	0.001	0.004	0.1878	0.001	0.001	0.001	0.1389	0.7243	0.024	0.3407	0.1568	0.007	0.001	0.011	0.0959	0.002	0.015	0.6643	0.6713	0.2468	0.006	0.0859	0.7662	0.9491	0.006	0.1209	0.5175	0.039	0.038	0.2987	0.002	0.011	0.029	0.001	0.005	0.015	0.004	0.001	0.001	0.001	0.025	0.025	0.002	0.017	0.4406	0.008	0.1309	0.008	0.959	0.0979	0.8432	1	0.02	0.036	0.002	0.024	0.002	0.004	0.014	0.015	0.001	0.7522	0.3806	0.3986	0.001	0.3177	0.005	0.001	0.007	0.0959	0.0729	0.002	0.008	0.3067	0.034	0.3556	0.001	0.2937	0.003	0.0739	0.6194	0.001	0.001	0.001	0.7982	0.3596	0.034	0.1269	0.8721	0.7103	0.001	0.1169	0.1039	0.011	0.002	0.006	0.026	0.024	0.017	0.0609	0.001	0.2707	0.4026	0.9131	0.001	0.2847	0.0739	0.026	0.001	0.001	0.006	0.006	0.0789	0.001	0.1309	0.001	0.3866	0.039	0.015	0.4605	0.001	0.02	0.005	0.2727	0.1139	0.001	0.008	0.011	0.5265	0.3706	0.3407	0.022	0.2498	0.001	0.0649	0.015	0.004	0.3447	0.006	0.004	0.001	0.03	0.001	0.014	0.1299	0.009	0.001	0.1259	0.001	0.001	0.8212	0.034	0.2637	0.018	0.0959	0.027	0.6094	0.001	0.6933	0.025	0.002	0.2498	0.009	0.004	0.001	0.1089	0.008	0.4186	0.002	0.8402	0.3526	0.024	0.2697	0.001
Sg_K22_66	0.007	0.0869	0.0969	0.1868	0.7702	0.0519	0.3257	0.4615	0.018	0.5215	0.1099	0.0809	0.4765	0.009	0.003	0.5674	0.9171	0.003	0.0899	0.5944	0.1449	0.1269	0.3407	0.1808	0.961	0.3087	0.7512	0.4016	0.2867	0.5854	0.7822	0.0549	0.992	0.001	0.001	0.9471	0.003	0.3886	0.4545	0.966	0.017	0.037	0.3227	0.0919	0.009	0.003	0.3037	0.1159	0.034	0.007	0.1748	0.2448	0.7353	0.005	0.9271	0.1069	0.0999	0.3277	0.4366	0.032	0.4246	0.2058	0.3347	0.2637	0.2967	0.2727	0.3067	0.5095	0.2747	0.0539	0.966	0.2198	0.014	0.022	0.957	0.5295	0.3227	0.009	0.1269	0.1289	0.2687	0.1978	0.003	0.4066	0.0669	0.2448	0.008	0.0639	0.1688	0.025	0.5295	0.008	0.2607	0.8621	0.2088	0.7033	0.2787	0.006	0.7532	0.5465	0.021	0.1419	0.1868	0.017	0.7502	0.0729	0.2657	0.6084	0.0509	0.1429	0.3546	0.5764	0.0589	0.0899	0.006	0.3417	0.013	0.1479	0.6893	0.6923	0.0879	0.2148	0.008	0.0669	0.01	0.1389	0.013	0.1948	0.4955	0.2408	0.1379	0.006	0.7662	0.001	0.8112	0.8531	0.0809	0.5375	0.003	0.4046	0.6633	0.2468	0.7213	0.3646	0.994	0.018	0.3656	0.039	0.033	0.3107	0.6444	0.99	0.8272	0.1119	0.6623	0.001	0.3067	0.0659	0.2308	0.9381	0.01	0.0649	0.3267	0.7083	0.2208	0.1918	0.1409	0.014	0.001	0.1459	0.6144	0.035	0.7692	0.8332	0.019	0.3886	0.027	0.3556	0.2977	0.1259	0.3776	0.961	0.3087	0.2158	0.7772	0.0849	0.0609	0.7742	0.039	0.0719	0.3526	0.4855	0.043	0.034	0.001	0.5005	0.8741	0.021	0.1698	0.4326	0.024	0.005	0.6723	0.4925	0.1159	0.036	0.0589	0.02	1	0.001	0.0869	0.1399	0.2008	0.013	0.1289	0.008	0.001	0.0599	0.2777	0.5934	0.041	0.1668	0.0899	0.1678	0.7662	0.5195	0.2987	0.1828	0.0729	0.006	0.4236	0.6743	0.5654	0.3477	0.2158	0.028	0.034	0.0959	0.014	0.5045	0.6184	0.1069	0.018	0.3536	0.033	0.5944	0.9011	0.0739	0.1768	0.4266	0.1229	0.8681	0.6903	0.3636	0.02	0.5964	0.019	0.1119	0.1528	0.6204	0.009	0.5604	0.8192	0.003	0.1968	0.004	0.6523	0.042	0.044	0.0829	0.0909	0.5105	0.6204	0.996	0.2268	0.9321	0.4256	0.016	0.4745	0.011	0.1588	0.003	0.7013	0.7303	0.008	0.6763	0.3746	0.2138	0.3906	0.8452	0.007	0.8691	0.0899	0.6883	0.5784	0.001	0.001	0.0839	0.3127	0.019	0.013	0.0819	0.1169	0.3956	0.041	0.027	0.5115	0.1908	0.7672	0.5594	0.953	0.1518	0.6913	0.2338	0.1638	0.2358	0.033	0.6384	0.3706	0.002	0.1119	0.4975	0.003	0.2258	0.2048	0.972	0.1678	0.5834	0.009	0.028
Sg_K22_8	0.001	0.001	0.044	0.001	0.001	0.5185	0.001	0.022	0.001	0.034	0.001	0.012	0.1049	0.002	0.1399	0.2747	0.03	0.001	0.003	0.001	0.6264	0.4565	0.1139	0.025	0.005	0.002	0.008	0.1618	0.038	0.1109	0.001	0.5165	0.001	0.001	0.033	0.5614	0.001	0.4515	0.005	0.0599	0.5554	0.0919	0.001	0.2827	0.001	0.025	0.2667	0.001	0.2088	0.2348	0.025	0.005	0.023	0.001	0.001	0.001	0.001	0.022	0.7133	0.013	0.039	0.001	0.97	0.001	0.006	0.033	0.003	0.001	0.001	0.001	0.004	0.017	0.8232	0.001	0.001	0.1119	0.0789	0.001	0.001	0.001	0.6184	0.001	0.001	0.1708	0.8402	0.2827	0.022	0.2038	0.1359	0.001	0.031	0.007	0.026	0.5365	0.013	0.8312	0.2647	0.001	0.1119	0.7972	0.3487	0.7473	0.0849	0.001	0.1359	0.002	0.967	0.1229	0.001	0.018	0.5485	0.005	0.964	0.001	0.1389	0.5964	0.001	0.001	0.976	0.008	0.001	0.001	0.001	0.01	0.001	0.04	0.007	0.001	0.002	0.001	0.1578	0.001	0.1628	0.001	0.1099	0.001	0.001	0.007	0.001	0.001	0.001	0.1279	0.001	0.001	0.0909	0.001	0.4565	0.049	0.001	0.001	0.1798	0.017	0.7812	0.0959	0.1489	0.2637	0.011	0.002	0.008	0.7143	0.8871	0.1928	0.006	0.2587	0.1908	0.001	0.001	0.001	0.001	0.001	0.0579	0.001	0.001	0.3357	0.8292	0.7722	0.001	0.3067	0.2178	0.046	0.015	0.001	0.003	0.001	0.001	0.3437	0.001	0.5085	0.001	0.2068	0.033	0.4246	0.0519	0.7033	0.001	0.005	0.9341	0.001	0.001	0.6194	0.001	0.001	0.8961	0.001	0.001	0.001	0.017	0.036	0.001	1	0.1638	0.001	0.001	0.001	0.001	0.001	0.001	0.953	0.001	0.1359	0.7522	0.004	0.001	0.001	0.001	0.001	0.001	0.2008	0.001	0.0549	0.2987	0.022	0.6763	0.002	0.3397	0.1009	0.004	0.0589	0.004	0.1389	0.002	0.5325	0.001	0.6474	0.2338	0.001	0.0559	0.2617	0.001	0.001	0.1279	0.1449	0.2268	0.001	0.0949	0.011	0.001	0.5455	0.017	0.9281	0.001	0.001	0.6144	0.001	0.4266	0.001	0.014	0.001	0.6434	0.001	0.001	0.004	0.009	0.001	0.001	0.2957	0.1518	0.001	0.001	0.2687	0.2507	0.002	0.001	0.9441	0.015	0.6603	0.2488	0.0679	0.1568	0.009	0.001	0.001	0.001	0.0639	0.5255	0.001	0.001	0.027	0.3107	0.001	0.002	0.001	0.3826	0.001	0.3367	0.001	0.006	0.003	0.3357	0.014	0.029	0.007	0.5445	0.007	0.011	0.005	0.002	0.1958	0.006	0.001	0.001	0.004	0.001	0.6743	0.2008	0.02	0.6104	0.001	0.2278	0.001
Sg_K31_45	0.0539	0.4386	0.001	0.2218	0.5055	0.047	0.5964	0.0539	0.2418	0.5974	0.0589	0.3566	0.998	0.2028	0.5125	0.001	0.4955	0.014	0.3726	0.7093	0.3177	0.2348	0.3756	0.5584	0.8482	0.2527	0.3756	0.6863	0.7483	0.023	0.3237	0.5325	0.4985	0.1588	0.7712	0.031	0.5524	0.2028	0.3676	0.2428	0.4535	0.0999	0.8442	0.7163	0.4366	0.7333	0.8462	0.2617	0.8981	0.6104	0.001	0.4316	0.023	0.2218	0.001	0.003	0.1319	0.2597	0.7862	0.1119	0.002	0.0659	0.045	0.3516	0.8791	0.3616	0.028	0.5584	0.5834	0.1538	0.8262	0.5435	0.6494	0.1389	0.3407	0.962	0.8801	0.5614	0.7273	0.1119	0.7413	0.1728	0.2867	0.5285	0.041	0.3986	0.6304	0.046	0.0839	0.1139	0.5674	0.2617	0.007	0.0749	0.7403	0.3217	0.2088	0.023	0.002	0.5415	0.9271	0.9411	0.8561	0.0899	0.0789	0.6943	0.043	0.2018	0.1149	0.3556	0.5564	0.7592	0.7073	0.2887	0.5005	0.0849	0.2018	0.3546	0.2318	0.003	0.5265	0.0659	0.4805	0.4615	0.008	0.3287	0.0629	0.2967	0.1159	0.4266	0.022	0.1459	0.4605	0.2687	0.7043	0.1738	0.3427	0.008	0.7263	0.1249	0.035	0.002	0.0729	0.8422	0.4735	0.5574	0.001	0.7493	0.7293	0.6713	0.001	0.0739	0.002	0.1878	0.7143	0.7403	0.8002	0.4366	0.5095	0.2198	0.8961	0.7133	0.0629	0.8561	0.7453	0.6693	0.1259	0.7303	0.1329	0.049	0.7493	0.8651	0.1169	0.0759	0.02	0.01	0.1059	0.4535	0.7852	0.0659	0.4086	0.7053	0.5005	0.1868	0.7622	0.7063	0.2178	0.8052	0.008	0.9091	0.3347	0.3427	0.6174	0.002	0.0739	0.044	0.005	0.1678	0.2897	0.1618	0.8202	0.2128	0.4515	0.2527	0.8472	0.1129	0.035	0.002	0.0869	0.1638	1	0.3636	0.043	0.2478	0.7982	0.1159	0.03	0.0879	0.1319	0.6623	0.005	0.1808	0.2767	0.019	0.5365	0.5794	0.4525	0.003	0.4785	0.8801	0.1389	0.02	0.005	0.5085	0.0959	0.1149	0.5944	0.5295	0.0619	0.3846	0.017	0.036	0.1958	0.3886	0.015	0.2917	0.003	0.0829	0.965	0.2937	0.025	0.2897	0.022	0.7882	0.7013	0.2987	0.035	0.1079	0.6503	0.001	0.1069	0.8651	0.1818	0.1369	0.017	0.8162	0.8621	0.2837	0.3666	0.4196	0.3127	0.3786	0.3207	0.6484	0.8791	0.001	0.001	0.5834	0.6993	0.2557	0.025	0.026	0.2468	0.0679	0.2597	0.8062	0.0779	0.7003	0.1179	0.001	0.1558	0.971	0.5634	0.3856	0.016	0.0859	0.007	0.01	0.001	0.8961	0.8591	0.1019	0.7652	0.5075	0.019	0.026	0.001	0.6114	0.001	0.012	0.0869	0.029	0.999	0.022	0.5564	0.3766	0.0559	0.2238	0.1778	0.0749	0.012	0.5395	0.7802	0.0799	0.003	0.5634	0.2547	0.2118	0.1558	0.3177
Sg_K32_30	0.001	0.009	0.0719	0.1688	0.027	0.4965	0.026	0.6104	0.001	0.8402	0.001	0.6563	0.001	0.022	0.1109	0.984	0.001	0.001	0.001	0.001	0.3526	0.4396	0.1998	0.0639	0.001	0.002	0.4446	0.0509	0.1738	0.8891	0.2158	0.004	0.004	0.002	0.004	0.984	0.001	0.1648	0.014	0.011	0.4975	0.5784	0.4565	0.003	0.032	0.0719	0.014	0.001	0.6494	0.001	0.036	0.011	0.2747	0.003	0.035	0.002	0.001	0.5834	0.048	0.001	0.9431	0.001	0.7403	0.001	0.001	0.006	0.021	0.001	0.001	0.001	0.6284	0.001	0.8162	0.3556	0.5335	0.9081	0.1798	0.004	0.5275	0.001	0.1908	0.001	0.001	0.5455	0.0999	0.1109	0.2268	0.1049	0.034	0.01	0.045	0.001	0.001	0.4525	0.0509	0.9151	0.5574	0.001	0.6943	0.8571	0.0519	0.6454	0.1029	0.002	0.0799	0.001	0.2128	0.041	0.001	0.1828	0.1568	0.8551	0.025	0.001	0.007	0.0659	0.001	0.004	0.1099	0.4096	0.002	0.001	0.001	0.001	0.001	0.6154	0.002	0.001	0.001	0.001	0.025	0.008	0.8591	0.001	0.1209	0.011	0.001	0.2488	0.002	0.001	0.002	0.2488	0.012	0.001	0.1538	0.006	0.956	0.1788	0.015	0.001	0.6194	0.2697	0.7333	0.2158	0.7233	0.1489	0.005	0.001	0.2468	0.004	0.0889	0.001	0.006	0.977	0.002	0.049	0.012	0.002	0.001	0.002	0.4366	0.001	0.009	0.7163	0.8102	0.1139	0.043	0.3796	0.1648	0.8332	0.004	0.001	0.6933	0.003	0.6623	0.0659	0.001	0.2647	0.003	0.001	0.6693	0.001	0.038	0.3207	0.001	0.001	0.1628	0.001	0.001	0.05	0.001	0.001	0.015	0.003	0.967	0.002	0.002	0.024	0.1399	0.001	0.3636	1	0.001	0.001	0.001	0.004	0.001	0.4376	0.022	0.8601	0.0769	0.3337	0.001	0.001	0.5864	0.005	0.001	0.951	0.001	0.2048	0.3197	0.8511	0.4026	0.02	0.005	0.1109	0.4945	0.001	0.001	0.017	0.1179	0.8192	0.001	0.6843	0.6743	0.2847	0.0999	0.1518	0.001	0.034	0.029	0.002	0.1069	0.007	0.042	0.008	0.001	0.0669	0.3017	0.1279	0.001	0.002	0.002	0.001	0.032	0.001	0.7832	0.004	0.5045	0.001	0.0869	0.001	0.5934	0.4416	0.001	0.8012	0.9431	0.002	0.002	0.0559	0.041	0.001	0.1958	0.025	0.5874	0.2877	0.8452	0.001	0.2537	0.0739	0.002	0.008	0.005	0.4545	0.035	0.016	0.001	0.011	0.974	0.001	0.007	0.002	0.0799	0.001	0.001	0.005	0.046	0.001	0.5974	0.039	0.9381	0.1489	0.4645	0.002	0.1429	0.0529	0.001	0.4016	0.002	0.001	0.001	0.001	0.001	0.3247	0.7532	0.5884	0.6993	0.007	0.6693	0.009
Sg_K34_1	0.001	0.012	0.7273	0.2677	0.001	0.7692	0.001	0.025	0.001	0.005	0.001	0.6084	0.3367	0.001	0.5644	0.6813	0.004	0.001	0.014	0.1538	0.6084	0.001	0.2857	0.001	0.001	0.001	0.001	0.006	0.2408	0.7163	0.1089	0.003	0.003	0.001	0.05	0.3017	0.001	0.047	0.001	0.008	0.4386	0.4286	0.002	0.0809	0.024	0.033	0.016	0.001	0.005	0.005	0.008	0.002	0.1289	0.001	0.002	0.001	0.001	0.5055	0.9081	0.001	0.976	0.001	0.8162	0.001	0.0549	0.001	0.001	0.001	0.001	0.001	0.4206	0.9451	0.8671	0.001	0.2048	0.6763	0.2308	0.001	0.001	0.001	0.011	0.001	0.001	0.6034	0.8951	0.046	0.007	0.022	0.006	0.001	0.001	0.029	0.001	0.1049	0.005	0.6494	0.2248	0.001	0.1528	0.8851	0.0619	0.8641	0.6973	0.001	0.02	0.023	0.3846	0.007	0.001	0.005	0.2947	0.8312	0.7882	0.001	0.01	0.003	0.001	0.001	0.3117	0.015	0.001	0.001	0.001	0.011	0.001	0.2947	0.001	0.001	0.001	0.001	0.04	0.002	0.1349	0.001	0.001	0.001	0.018	0.002	0.001	0.001	0.001	0.1399	0.001	0.01	0.4016	0.001	0.9061	0.025	0.001	0.033	0.9471	0.0889	0.6853	0.8741	0.4146	0.036	0.5684	0.049	0.009	0.001	0.022	0.026	0.004	0.0599	0.0669	0.004	0.001	0.001	0.001	0.002	0.5175	0.023	0.001	0.3836	0.1369	0.2268	0.001	0.5465	0.982	0.7572	0.002	0.001	0.1928	0.014	0.3327	0.7273	0.001	0.6254	0.001	0.032	0.6494	0.001	0.019	0.9021	0.001	0.001	0.3007	0.001	0.01	0.048	0.001	0.001	0.5634	0.004	0.7153	0.001	0.001	0.002	0.2008	0.001	0.043	0.001	1	0.001	0.005	0.001	0.001	0.4735	0.2358	0.1858	0.8811	0.001	0.001	0.001	0.3886	0.001	0.001	0.8741	0.001	0.3836	0.1019	0.7542	0.8052	0.001	0.0589	0.1089	0.3686	0.0529	0.001	0.001	0.023	0.7463	0.001	0.8202	0.6194	0.001	0.008	0.3257	0.001	0.001	0.2478	0.001	0.021	0.001	0.1159	0.012	0.001	0.036	0.015	0.2947	0.001	0.001	0.4905	0.001	0.6154	0.001	0.995	0.001	0.2707	0.001	0.005	0.001	0.2827	0.8821	0.047	0.981	0.4695	0.001	0.004	0.1788	0.2647	0.001	0.023	0.003	0.6454	0.3117	0.5135	0.1139	0.3746	0.024	0.001	0.01	0.001	0.7373	0.008	0.001	0.001	0.6703	0.9051	0.001	0.001	0.001	0.95	0.001	0.012	0.003	0.1369	0.001	0.2837	0.033	0.1269	0.3017	0.0619	0.001	0.031	0.0969	0.001	0.008	0.001	0.001	0.001	0.001	0.001	0.3896	0.968	0.1079	0.9101	0.002	0.5155	0.002
Sg_K36_16	0.001	0.001	0.008	0.001	0.001	0.018	0.001	0.2797	0.001	0.002	0.001	0.02	0.001	0.001	0.001	0.965	0.001	0.001	0.001	0.002	0.5295	0.014	0.011	0.001	0.002	0.002	0.001	0.027	0.0559	0.1029	0.001	0.005	0.001	0.001	0.001	0.3337	0.001	0.6254	0.001	0.2897	0.2787	0.8681	0.001	0.046	0.001	0.006	0.004	0.001	0.001	0.001	0.4775	0.001	0.8212	0.001	0.1239	0.001	0.001	0.0679	0.1828	0.001	0.8182	0.001	0.2408	0.001	0.002	0.001	0.001	0.001	0.001	0.001	0.0989	0.013	0.001	0.001	0.007	0.7183	0.003	0.001	0.004	0.001	0.001	0.001	0.001	0.9241	0.9411	0.1359	0.001	0.3526	0.001	0.001	0.001	0.001	0.001	0.1199	0.019	0.042	0.3477	0.001	0.1828	0.003	0.005	0.002	0.2388	0.001	0.5325	0.001	0.006	0.035	0.001	0.1149	0.1109	0.015	0.1978	0.001	0.001	0.3546	0.001	0.001	0.1948	0.6364	0.001	0.001	0.001	0.001	0.001	0.1009	0.001	0.001	0.001	0.001	0.1499	0.001	0.1808	0.001	0.2038	0.001	0.001	0.3536	0.001	0.001	0.001	0.4446	0.001	0.001	0.001	0.001	0.3836	0.001	0.001	0.001	0.6174	0.2977	0.0959	0.8292	0.001	0.001	0.1209	0.001	0.023	0.012	0.0949	0.001	0.001	0.8282	0.003	0.001	0.001	0.001	0.001	0.001	0.5465	0.001	0.001	0.0869	0.6793	0.022	0.001	0.6294	0.0899	0.001	0.001	0.001	0.04	0.001	0.045	0.2258	0.001	0.9151	0.001	0.002	0.8482	0.016	0.001	0.2637	0.001	0.001	0.0569	0.001	0.001	0.2757	0.001	0.001	0.0769	0.001	0.0899	0.001	0.024	0.004	0.013	0.001	0.2478	0.001	0.001	1	0.001	0.001	0.001	0.017	0.001	0.1009	0.4565	0.001	0.001	0.001	0.0859	0.001	0.001	0.5485	0.001	0.001	0.007	0.1219	0.6044	0.001	0.001	0.001	0.0919	0.001	0.001	0.001	0.7972	0.024	0.001	0.4505	0.3377	0.001	0.04	0.1049	0.001	0.001	0.007	0.002	0.7732	0.001	0.0699	0.001	0.001	0.1469	0.017	0.0579	0.001	0.001	0.8442	0.001	0.5295	0.001	0.5834	0.001	0.019	0.001	0.001	0.001	0.2278	0.2667	0.001	0.6144	0.8342	0.001	0.022	0.4286	0.4026	0.001	0.001	0.0949	0.001	0.7802	0.7592	0.001	0.7013	0.2847	0.001	0.001	0.001	0.003	0.2627	0.001	0.001	0.019	0.4895	0.001	0.001	0.001	0.1868	0.001	0.014	0.001	0.001	0.001	0.4885	0.4605	0.3247	0.0849	0.0899	0.001	0.2897	0.017	0.001	0.6513	0.001	0.001	0.001	0.001	0.001	0.001	0.4825	0.012	0.027	0.001	0.4226	0.001
Sg_K36_17	0.001	0.001	0.001	0.006	0.0569	0.3367	0.001	0.8412	0.001	0.6464	0.001	0.6853	0.001	0.001	0.003	0.4945	0.001	0.002	0.001	0.001	0.6773	0.7942	0.7443	0.1299	0.014	0.2118	0.0559	0.4745	0.7952	0.6733	0.014	0.2268	0.003	0.001	0.001	0.3307	0.001	0.4795	0.0729	0.0739	0.5145	0.009	0.4306	0.001	0.004	0.0619	0.019	0.006	0.8501	0.0959	0.1528	0.015	0.977	0.01	0.2228	0.001	0.002	0.8142	0.018	0.01	0.5225	0.002	0.6973	0.001	0.001	0.018	0.016	0.0509	0.002	0.001	0.6803	0.001	0.047	0.03	0.026	0.2707	0.001	0.008	0.024	0.013	0.4406	0.013	0.001	0.8501	0.8711	0.983	0.035	0.013	0.019	0.004	0.1169	0.001	0.001	0.4156	0.5804	0.5944	0.7682	0.005	0.8571	0.4066	0.0869	0.8302	0.1399	0.1079	0.5185	0.001	0.0649	0.4575	0.002	0.0659	0.2358	0.1329	0.1359	0.009	0.0659	0.2557	0.003	0.002	0.8412	0.5215	0.011	0.016	0.002	0.001	0.001	0.8831	0.001	0.002	0.03	0.001	0.039	0.001	0.2028	0.001	0.957	0.006	0.001	0.4296	0.001	0.004	0.008	0.0679	0.0549	0.001	0.004	0.019	0.992	0.3077	0.002	0.001	0.8561	0.5265	0.3706	0.0659	0.2587	0.2757	0.003	0.001	0.5754	0.047	0.021	0.001	0.001	0.6823	0.04	0.013	0.028	0.001	0.001	0.002	0.6913	0.001	0.042	0.7912	0.6424	0.1548	0.003	0.0549	0.035	0.4595	0.042	0.008	0.9131	0.001	0.7393	0.0539	0.001	0.007	0.003	0.001	0.9251	0.005	0.3007	0.1069	0.002	0.001	0.2488	0.001	0.001	0.2537	0.004	0.002	0.038	0.001	0.012	0.008	0.0609	0.014	0.1289	0.001	0.7982	0.001	0.005	0.001	1	0.01	0.001	0.0589	0.006	0.9101	0.022	0.7293	0.001	0.001	0.8242	0.015	0.005	0.6663	0.001	0.023	0.2408	0.985	0.0949	0.5694	0.009	0.011	0.1798	0.001	0.021	0.0769	0.3746	0.4985	0.001	0.2338	0.9101	0.1159	0.3137	0.7193	0.014	0.017	0.008	0.016	0.3047	0.001	0.001	0.001	0.001	0.047	0.7363	0.037	0.001	0.002	0.029	0.001	0.01	0.001	0.7952	0.001	0.7363	0.004	0.038	0.001	0.5395	0.7782	0.001	0.8641	0.5345	0.001	0.008	0.1239	0.2977	0.002	0.0729	0.1159	0.4346	0.3916	0.043	0.001	0.0689	0.003	0.001	0.004	0.001	0.002	0.1818	0.001	0.001	0.002	0.5335	0.001	0.046	0.006	0.003	0.007	0.001	0.007	0.011	0.0559	0.9161	0.1039	0.8052	0.5075	0.995	0.001	0.3586	0.04	0.007	0.7882	0.2438	0.001	0.001	0.001	0.001	0.1898	0.6613	0.8751	0.8312	0.019	0.7413	0.002
Sg_K36_27	0.001	0.001	0.015	0.001	0.001	0.046	0.001	0.03	0.001	0.005	0.001	0.015	0.008	0.001	0.005	0.6883	0.002	0.001	0.001	0.0539	0.048	0.002	0.028	0.001	0.007	0.009	0.001	0.008	0.012	0.1139	0.007	0.002	0.006	0.001	0.001	0.0899	0.001	0.983	0.001	0.7682	0.05	0.2707	0.002	0.2527	0.001	0.001	0.022	0.001	0.01	0.001	0.8092	0.001	0.2577	0.001	0.7193	0.001	0.001	0.5395	0.5554	0.001	0.7073	0.001	0.7812	0.001	0.007	0.0989	0.001	0.001	0.001	0.001	0.3477	0.1029	0.001	0.001	0.0549	0.9271	0.037	0.001	0.2917	0.001	0.001	0.001	0.001	0.3986	0.4416	0.5594	0.001	0.3666	0.001	0.001	0.001	0.001	0.001	0.01	0.013	0.017	0.2727	0.001	0.041	0.021	0.001	0.008	0.9111	0.001	0.0659	0.001	0.001	0.2148	0.001	0.4965	0.039	0.0779	0.1279	0.001	0.001	0.7223	0.001	0.001	0.007	0.4625	0.001	0.001	0.001	0.001	0.001	0.2248	0.001	0.001	0.001	0.001	0.1299	0.001	0.7502	0.001	0.1099	0.001	0.001	0.7942	0.001	0.001	0.001	0.8941	0.001	0.001	0.016	0.001	0.7423	0.002	0.001	0.007	0.6474	0.014	0.4306	0.5984	0.001	0.001	0.1638	0.002	0.012	0.1409	0.0759	0.015	0.006	0.3397	0.011	0.001	0.006	0.001	0.001	0.001	0.6503	0.005	0.001	0.1009	0.2987	0.023	0.001	0.9481	0.007	0.001	0.007	0.001	0.1009	0.036	0.3716	0.1828	0.001	0.8991	0.001	0.009	0.3936	0.003	0.001	0.2657	0.001	0.001	0.038	0.001	0.001	0.5804	0.001	0.001	0.3017	0.001	0.7742	0.001	0.1159	0.015	0.008	0.001	0.1159	0.004	0.001	0.001	0.01	1	0.001	0.0759	0.001	0.0569	0.5365	0.001	0.001	0.001	0.2378	0.001	0.001	0.2597	0.001	0.001	0.028	0.1359	0.4466	0.001	0.001	0.003	0.8761	0.003	0.001	0.017	0.0899	0.002	0.001	0.0939	0.1648	0.001	0.1748	0.016	0.001	0.001	0.002	0.1139	0.4845	0.001	0.008	0.004	0.001	0.1678	0.008	0.2987	0.001	0.001	0.2418	0.001	0.3736	0.001	0.7852	0.001	0.001	0.001	0.001	0.001	0.6603	0.9441	0.001	0.2677	0.8641	0.001	0.0949	0.1329	0.2308	0.001	0.029	0.3187	0.001	0.8591	0.7293	0.009	0.2228	0.0959	0.001	0.001	0.001	0.0719	0.5654	0.001	0.001	0.002	0.7852	0.001	0.003	0.001	0.3197	0.001	0.024	0.001	0.008	0.001	0.4775	0.8002	0.3956	0.9331	0.7483	0.001	0.7243	0.001	0.001	0.5514	0.001	0.001	0.001	0.001	0.001	0.001	0.1908	0.014	0.001	0.001	0.045	0.001
Sg_K36_29	0.001	0.001	0.0529	0.001	0.001	0.032	0.001	0.2098	0.001	0.017	0.001	0.008	0.002	0.001	0.002	0.8342	0.002	0.001	0.001	0.003	0.2488	0.012	0.033	0.005	0.005	0.006	0.001	0.016	0.006	0.1129	0.001	0.002	0.003	0.001	0.001	0.2288	0.001	1	0.001	0.6194	0.3856	0.0699	0.001	0.01	0.001	0.001	0.003	0.001	0.001	0.001	0.3167	0.001	0.6863	0.001	0.1968	0.001	0.001	0.4366	0.1708	0.001	0.4695	0.001	0.1349	0.001	0.001	0.003	0.001	0.001	0.001	0.001	0.4565	0.012	0.002	0.001	0.0509	0.3656	0.001	0.001	0.0589	0.001	0.001	0.001	0.001	0.8182	0.8901	0.0959	0.006	0.2118	0.001	0.001	0.001	0.001	0.001	0.1329	0.002	0.041	0.0759	0.001	0.2647	0.026	0.022	0.003	0.9361	0.001	0.2058	0.001	0.002	0.0539	0.001	0.1978	0.2298	0.1419	0.1628	0.001	0.001	0.6354	0.001	0.001	0.0869	0.8631	0.001	0.001	0.001	0.001	0.001	0.4555	0.001	0.001	0.001	0.001	0.018	0.001	0.4825	0.001	0.2448	0.002	0.001	0.8392	0.001	0.001	0.001	0.3516	0.001	0.001	0.001	0.001	0.8911	0.003	0.001	0.001	0.964	0.0709	0.4635	0.8312	0.002	0.001	0.002	0.001	0.2178	0.2438	0.002	0.001	0.001	0.8422	0.003	0.001	0.001	0.001	0.001	0.001	0.5205	0.001	0.001	0.2697	0.7363	0.014	0.001	0.8252	0.05	0.001	0.001	0.001	0.009	0.001	0.5694	0.0589	0.001	0.7013	0.001	0.001	0.7023	0.008	0.001	0.6414	0.001	0.001	0.0619	0.001	0.001	0.6104	0.001	0.001	0.006	0.001	0.5634	0.001	0.2478	0.001	0.001	0.001	0.03	0.001	0.001	0.001	0.001	0.001	1	0.031	0.001	0.026	0.005	0.002	0.001	0.001	0.2987	0.001	0.001	0.979	0.001	0.001	0.036	0.043	0.0919	0.001	0.001	0.002	0.7582	0.001	0.001	0.001	0.2847	0.1429	0.001	0.1009	0.5904	0.001	0.03	0.1728	0.001	0.001	0.006	0.0959	0.2507	0.001	0.006	0.002	0.001	0.2647	0.001	0.027	0.001	0.001	0.3896	0.001	0.6134	0.001	0.5385	0.001	0.001	0.001	0.001	0.001	0.9101	0.7752	0.001	0.7982	0.3137	0.001	0.0679	0.1209	0.6583	0.001	0.002	0.2597	0.001	0.961	0.5325	0.001	0.987	0.1868	0.001	0.001	0.001	0.003	0.7692	0.001	0.001	0.012	0.8691	0.001	0.001	0.001	0.0899	0.001	0.031	0.001	0.001	0.001	0.3037	0.6743	0.2527	0.0729	0.0759	0.001	0.4585	0.038	0.001	0.6494	0.001	0.001	0.001	0.001	0.001	0.002	0.999	0.3706	0.002	0.001	0.4106	0.001
Sg_K36_3	0.018	0.006	0.023	0.2797	0.8052	0.001	0.005	0.001	0.018	0.2108	0.015	0.6364	0.3227	0.001	0.001	0.1628	0.0689	0.004	0.0749	0.6214	0.1618	0.1299	0.041	0.043	0.7552	0.6813	0.0829	0.5185	0.4096	0.5714	0.9491	0.014	0.3886	0.006	0.008	0.8012	0.002	0.004	0.0539	0.1499	0.5315	0.9161	0.8282	0.0949	0.001	0.001	0.2248	0.2038	0.001	0.001	0.001	0.022	0.001	0.4735	0.001	0.019	0.1508	0.0879	0.3037	0.007	0.021	0.6783	0.4845	0.8991	0.4665	0.2787	0.3217	0.0739	0.01	0.01	0.044	0.974	0.002	0.979	0.1479	0.0899	0.1029	0.2098	0.01	0.6024	0.001	0.968	0.002	0.2378	0.4645	0.2008	0.0839	0.4356	0.016	0.988	0.2557	0.009	0.0519	0.001	0.5105	0.003	0.4106	0.0889	0.001	0.004	0.001	0.001	0.1848	0.1159	0.1149	0.1199	0.001	0.5624	0.04	0.008	0.3576	0.1199	0.0859	0.1738	0.001	0.008	0.0569	0.0859	0.009	0.001	0.2607	0.0799	0.3497	0.049	0.1538	0.3896	0.03	0.4925	0.5035	0.3916	0.2278	0.3227	0.008	0.005	0.023	0.4446	0.3387	0.001	0.004	0.6763	0.8611	0.04	0.0839	0.3766	0.03	0.047	0.002	0.004	0.042	0.5435	0.019	0.001	0.016	0.9311	0.001	0.001	0.8042	0.0689	0.1768	0.011	0.011	0.0699	0.3087	0.6953	0.001	0.022	0.9041	0.006	0.001	0.0539	0.031	0.3716	0.2348	0.001	0.1019	0.0719	0.5664	0.4675	0.003	0.003	0.029	0.972	0.6653	0.5944	0.0739	0.012	0.014	0.2917	0.2547	0.1059	0.0719	0.1429	0.001	0.007	0.002	0.1029	0.022	0.1319	0.039	0.001	0.001	0.002	0.5205	0.009	0.0759	0.003	0.3237	0.7522	0.0599	0.953	0.0879	0.4376	0.4735	0.017	0.0589	0.0759	0.031	1	0.4885	0.6284	0.3177	0.0559	0.2078	0.969	0.0669	0.8681	0.2358	0.007	0.021	0.001	0.029	0.9361	0.035	0.4116	0.003	0.004	0.004	0.1159	0.1449	0.004	0.001	0.001	0.001	0.7642	0.2757	0.1528	0.7163	0.001	0.3217	0.7313	0.5814	0.018	0.3377	0.028	0.02	0.2847	0.017	0.008	0.2348	0.0949	0.018	0.0579	0.0809	0.002	0.4885	0.001	0.023	0.3526	0.001	0.023	0.2627	0.1489	0.016	0.042	0.2368	0.4266	0.007	0.001	0.6533	0.001	0.1898	0.025	0.8811	0.014	0.043	0.1189	0.0669	0.0919	0.001	0.0519	0.003	0.2358	0.003	0.1718	0.006	0.001	0.022	0.992	0.016	0.1359	0.0889	0.1009	0.1399	0.1089	0.0959	0.4376	0.007	0.003	0.1379	0.001	0.3217	0.4456	0.969	0.006	0.009	0.4426	0.001	0.001	0.6513	0.001	0.6613	0.7293	0.001	0.001	0.012	0.2028	0.001	0.5754	0.1538	0.018
Sg_K36_6	0.1928	0.001	0.047	0.001	0.003	0.4595	0.007	0.1588	0.001	0.001	0.002	0.002	0.0729	0.965	0.032	0.8052	0.0579	0.01	0.01	0.001	0.4376	0.2108	0.001	0.978	0.001	0.9371	0.005	0.0699	0.001	0.007	0.001	0.0809	0.001	0.001	0.3277	0.017	0.004	0.001	0.0879	0.1029	0.0589	0.2777	0.001	0.5914	0.8492	0.2637	0.009	0.2418	0.046	0.2418	0.1299	0.001	0.6713	0.013	0.2897	0.027	0.001	0.001	0.8951	0.3526	0.4336	0.001	0.2258	0.001	0.001	0.001	0.4655	0.2158	0.001	0.001	0.001	0.001	0.0579	0.1179	0.001	0.001	0.001	0.015	0.002	0.0999	0.2028	0.2637	0.002	0.003	0.3506	0.001	0.001	0.5095	0.98	0.004	0.9191	0.4605	0.6893	0.2957	0.0989	0.2048	0.1518	0.5794	0.6613	0.8212	0.2617	0.954	0.001	0.2717	0.002	0.001	0.4565	0.8891	0.0669	0.0639	0.027	0.003	0.961	0.003	0.3546	0.001	0.1598	0.021	0.0919	0.1319	0.002	0.1389	0.01	0.0789	0.0869	0.047	0.5974	0.003	0.2647	0.01	0.6474	0.001	0.004	0.0539	0.2068	0.001	0.002	0.6174	0.0919	0.001	0.028	0.7852	0.009	0.001	0.6164	0.0699	0.9301	0.1209	0.041	0.001	0.6983	0.3327	0.2408	0.2378	0.01	0.1848	0.024	0.023	0.05	0.998	0.6434	0.6124	0.013	0.3706	0.8182	0.0809	0.002	0.004	0.1339	0.0869	0.001	0.001	0.048	0.7672	0.4416	0.2927	0.001	0.9411	0.0599	0.036	0.0909	0.2378	0.0699	0.004	0.002	0.5674	0.1748	0.2358	0.004	0.2567	0.034	0.3916	0.033	0.7862	0.024	0.1588	0.5245	0.001	0.03	0.001	0.0899	0.001	0.5155	0.001	0.004	0.003	0.1419	0.3806	0.2777	0.001	0.1319	0.022	0.2358	0.001	0.006	0.001	0.001	0.4885	1	0.8751	0.3337	0.3097	0.014	0.025	0.001	0.003	0.014	0.6743	0.001	0.5475	0.3217	0.006	0.5744	0.1069	0.1908	0.001	0.001	0.1748	0.4056	0.4156	0.0959	0.987	0.002	0.007	0.0509	0.001	0.8501	0.5145	0.004	0.011	0.8521	0.8032	0.002	0.002	0.6084	0.3836	0.1508	0.0869	0.1728	0.6743	0.001	0.011	0.001	0.013	0.8931	0.005	0.001	0.4026	0.8412	0.0789	0.028	0.1459	0.003	0.001	0.001	0.9001	0.7652	0.039	0.028	0.7323	0.04	0.7722	0.006	0.001	0.8771	0.1658	0.2897	0.1828	0.005	0.976	0.002	0.001	0.001	0.001	0.001	0.008	0.001	0.3217	0.8102	0.001	0.023	0.002	0.6214	0.001	0.3846	0.012	0.003	0.2587	0.6264	0.0629	0.005	0.004	0.001	0.1948	0.2468	0.001	0.03	0.3876	0.013	0.001	0.0929	0.01	0.0709	0.3656	0.7173	0.001	0.5624	0.001	0.0529	0.01
Sg_K36_8	0.4565	0.2008	0.7193	0.6124	0.9031	0.2168	0.7123	0.973	0.009	0.3437	0.3097	0.0749	0.4086	0.1399	0.9431	0.7862	0.022	0.1988	0.7193	0.977	0.8511	0.2887	0.1009	0.97	0.5754	0.3836	0.3357	0.8452	0.8671	0.0679	0.1648	0.6424	0.952	0.043	0.5065	0.0609	0.0589	0.3347	0.2517	0.5205	0.1259	0.3776	0.6294	0.7183	0.8881	0.03	0.7712	0.3746	0.2937	0.2158	0.5984	0.6893	0.035	0.9391	0.2767	0.6274	0.4016	0.8162	0.8402	0.039	0.2637	0.2148	0.2977	0.3127	0.2188	0.1169	0.4186	0.2458	0.5694	0.3966	0.7862	0.7732	0.3447	0.3137	0.4006	0.6903	0.2398	0.9001	0.5604	0.035	0.3606	0.0539	0.0539	0.016	0.03	0.6144	0.95	0.6184	0.2038	0.8501	0.1199	0.2188	0.5954	0.0819	0.003	0.0599	0.2318	0.8222	0.2098	0.1578	0.3377	0.1229	0.2008	0.1918	0.2438	0.9351	0.6603	0.3417	0.0619	0.5195	0.6404	0.3457	0.5225	0.4935	0.049	0.2338	0.5654	0.7922	0.012	0.0689	0.1898	0.6663	0.8991	0.8681	0.4236	0.5534	0.1159	0.4116	0.3197	0.5265	0.4436	0.3467	0.2897	0.3786	0.986	0.977	0.7343	0.1518	0.1019	0.4076	0.7732	0.0959	0.0929	0.6703	0.1808	0.6034	0.0889	0.1279	0.7782	0.7003	0.5814	0.1608	0.1499	0.1768	0.3077	0.6703	0.8971	0.6693	0.5205	0.2208	0.009	0.6543	0.019	0.7982	0.8232	0.1588	0.7612	0.7373	0.8551	0.018	0.982	0.8901	0.7443	0.6553	0.1538	0.0949	0.8641	0.9111	0.7363	0.0909	0.011	0.1119	0.6154	0.3546	0.9321	0.5874	0.2877	0.0629	0.1299	0.7542	0.8681	0.984	0.8072	0.0829	0.2837	0.6683	0.0789	0.0759	0.7193	0.3826	0.7892	0.1449	0.1129	0.5375	0.98	0.5804	0.5425	0.3986	0.5934	0.1359	0.6623	0.8601	0.1858	0.1009	0.9101	0.0569	0.026	0.6284	0.8751	1	0.955	0.7792	0.4386	0.1009	0.8931	0.7542	0.5594	0.1828	0.3796	0.013	0.5295	0.008	0.5415	0.5465	0.1399	0.7512	0.2597	0.2318	0.962	0.2408	0.1129	0.5664	0.2158	0.1039	0.8262	0.048	0.015	0.1229	0.8372	0.6943	0.0849	0.6454	0.2747	0.0519	0.2827	0.3706	0.5534	0.8452	0.01	0.8102	0.1009	0.6653	0.011	0.3377	0.1039	0.6384	0.5295	0.3616	0.1239	0.6304	0.5584	0.6014	0.4955	0.8681	0.6983	0.2877	0.2478	0.0859	0.5275	0.1688	0.2398	0.2997	0.6553	0.8042	0.6164	0.6973	0.8052	0.3956	0.4955	0.2158	0.0609	0.2667	0.5604	0.2987	0.6014	0.018	0.015	0.0709	0.3277	0.0589	0.966	0.5684	0.4116	0.3536	0.2847	0.2877	0.045	0.3996	0.2907	0.1748	0.2857	0.005	0.0859	0.9281	0.032	0.3546	0.974	0.4316	0.7682	0.1628	0.4426	0.4655	0.7582	0.1239	0.3636	0.2138	0.0819	0.965	0.5085	0.4226
Sg_K40_29	0.8911	0.9451	0.3007	0.3417	0.8581	0.3866	0.1768	0.4496	0.8931	0.2228	0.048	0.5924	0.001	0.035	0.1049	0.005	0.8861	0.01	0.01	0.0799	0.1658	0.0729	0.3986	0.7323	0.5045	0.8571	0.4665	0.1598	0.1459	0.6094	0.5884	0.2468	0.4166	0.5814	0.001	0.8202	0.2418	0.0569	0.3477	0.9021	0.8761	0.005	0.03	0.0579	0.016	0.2777	0.003	0.5864	0.0579	0.2458	0.034	0.2917	0.4875	0.988	0.959	0.007	0.9161	0.034	0.1429	0.006	0.002	0.7273	0.2178	0.8761	0.031	0.0969	0.002	0.6613	0.6464	0.0579	0.047	0.02	0.2128	0.6583	0.3706	0.0639	0.3347	0.96	0.03	0.5704	0.2507	0.4775	0.3886	0.2657	0.002	0.0929	0.2138	0.026	0.4326	0.7413	0.3556	0.0769	0.002	0.5005	0.8072	0.998	0.5504	0.1189	0.3916	0.0599	0.2867	0.8052	0.2717	0.4226	0.0629	0.009	0.959	0.7852	0.4545	0.1199	0.0939	0.8052	0.959	0.6194	0.0659	0.024	0.6354	0.6114	0.042	0.8741	0.3237	0.013	0.8931	0.001	0.4096	0.005	0.0659	0.1868	0.2807	0.5974	0.001	0.6963	0.1499	0.4875	0.2897	0.1518	0.001	0.3616	0.3427	0.6044	0.8701	0.001	0.6254	0.025	0.2747	0.4306	0.001	0.8681	0.4865	0.1419	0.001	0.8921	0.001	0.2338	0.8651	0.8082	0.015	0.003	0.3377	0.3157	0.006	0.001	0.8711	0.4376	0.1459	0.6114	0.1189	0.967	0.045	0.024	0.033	0.002	0.6444	0.6833	0.004	0.012	0.3586	0.001	0.8092	0.4486	0.0919	0.9031	0.015	0.0929	0.037	0.1199	0.5385	0.007	0.3287	0.003	0.4006	0.042	0.1588	0.001	0.021	0.013	0.003	0.2827	0.002	0.0519	0.7682	0.2917	0.4755	0.0719	0.1698	0.9401	0.1489	0.001	0.041	0.7522	0.005	0.0769	0.8811	0.4565	0.022	0.5365	0.005	0.3177	0.3337	0.955	1	0.006	0.6623	0.001	0.048	0.1249	0.1628	0.004	0.0889	0.1918	0.7153	0.7003	0.001	0.0819	0.027	0.1489	0.0559	0.001	0.3986	0.0669	0.5784	0.7483	0.4426	0.2228	0.2727	0.001	0.002	0.8482	0.1159	0.2627	0.025	0.7343	0.3497	0.1279	0.1568	0.0839	0.018	0.8551	0.8761	0.1299	0.4935	0.4116	0.001	0.3297	0.001	0.4805	0.1638	0.0699	0.2338	0.8152	0.2358	0.01	0.2038	0.1129	0.005	0.003	0.001	0.3217	0.5534	0.2837	0.048	0.4266	0.953	0.043	0.047	0.1399	0.0829	0.002	0.2058	0.007	0.2408	0.965	0.0699	0.3656	0.0629	0.7942	0.014	0.007	0.001	0.6913	0.1548	0.3546	0.004	0.7632	0.001	0.002	0.027	0.2707	0.0539	0.8212	0.966	0.3357	0.6444	0.0709	0.6354	0.0789	0.041	0.6623	0.8751	0.2228	0.001	0.954	0.3586	0.1489	0.001	0.1918	0.2917	0.5165	0.1528	0.043
Sg_K40_38	0.001	0.001	0.0639	0.0909	0.001	0.9481	0.044	0.2727	0.001	0.003	0.003	0.0669	0.1459	0.2627	0.8981	0.0789	0.6633	0.005	0.4805	0.9121	0.9221	0.001	0.9101	0.002	0.004	0.008	0.002	1	0.3417	0.4545	0.028	0.0969	0.045	0.001	0.6773	0.4196	0.001	0.9041	0.1109	0.3087	0.9361	0.6703	0.001	0.7203	0.0509	0.2308	0.8731	0.001	0.8292	0.1369	0.984	0.2028	0.5864	0.001	0.1449	0.0529	0.004	0.0649	0.8751	0.05	0.036	0.002	0.6374	0.003	0.7133	0.018	0.7113	0.001	0.013	0.014	0.1788	0.5664	0.5634	0.014	0.0929	0.959	0.7053	0.001	0.012	0.001	0.2547	0.001	0.001	0.2557	0.2767	0.2428	0.046	0.8362	0.001	0.001	0.004	0.5634	0.4695	0.7003	0.0629	0.3397	0.8122	0.002	0.6853	0.4685	0.953	0.3477	0.0769	0.001	0.2517	0.985	0.1209	0.4356	0.002	0.0979	0.1379	0.8022	0.7353	0.001	0.5385	0.981	0.001	0.001	0.2687	0.7233	0.001	0.1209	0.001	0.6174	0.001	0.001	0.1648	0.001	0.002	0.001	0.017	0.006	0.046	0.001	0.001	0.002	0.6114	0.1139	0.001	0.001	0.001	0.0919	0.001	0.966	0.6194	0.001	0.012	0.1948	0.003	0.7592	0.012	0.7732	0.003	0.5245	0.1319	0.2398	0.5055	0.7562	0.019	0.2567	0.3237	0.3397	0.002	0.011	0.1778	0.2058	0.001	0.002	0.025	0.1628	0.3666	0.3257	0.003	0.6833	0.05	0.019	0.001	0.1538	0.2008	0.0579	0.3087	0.007	0.025	0.2517	0.0869	0.8531	0.001	0.016	0.015	0.3526	0.7043	0.4855	0.033	0.001	0.001	0.3137	0.004	0.001	0.5734	0.994	0.0739	0.001	0.6004	0.1778	0.3626	0.001	0.0509	0.3177	0.1668	0.004	0.1808	0.3337	0.001	0.001	0.7293	0.001	0.002	0.0559	0.3097	0.7792	0.006	1	0.001	0.1429	0.1249	0.001	0.001	0.008	0.016	0.03	0.3197	0.2657	0.002	0.001	0.3317	0.033	0.2358	0.1818	0.001	0.4535	0.6074	0.1958	0.001	0.7842	0.2657	0.001	0.2537	0.994	0.001	0.001	0.2408	0.039	0.5215	0.017	0.9471	0.2827	0.0759	0.7143	0.009	0.01	0.002	0.001	0.1259	0.001	0.002	0.001	0.2318	0.001	0.6034	0.001	0.001	0.1179	0.2817	0.3866	0.8551	0.6773	0.0979	0.009	0.6983	0.986	0.032	0.001	0.018	0.4505	0.968	0.0859	0.3017	0.3077	0.027	0.3906	0.006	0.009	0.022	0.5295	0.5554	0.001	0.002	0.3876	0.004	0.001	0.025	0.002	0.025	0.001	0.0559	0.2897	0.007	0.007	0.004	0.7712	0.3916	0.2098	0.5964	0.7752	0.1838	0.4745	0.04	0.2817	0.001	0.004	0.5095	0.01	0.001	0.3616	0.034	0.1868	0.5614	0.046	0.4406	0.005
Sg_K40_4	0.001	0.001	0.1518	0.001	0.001	0.4446	0.001	0.032	0.001	0.001	0.001	0.8571	0.5465	0.004	0.5415	0.9411	0.008	0.001	0.007	0.2158	0.4296	0.005	0.1738	0.001	0.001	0.001	0.001	0.4276	0.4206	0.4545	0.001	0.015	0.001	0.001	0.0929	0.8022	0.001	0.3307	0.002	0.001	0.1858	0.3566	0.001	0.4466	0.002	0.021	0.015	0.001	0.3716	0.0539	0.012	0.003	0.1788	0.001	0.001	0.001	0.001	0.023	0.964	0.001	0.2198	0.001	0.7123	0.001	0.0899	0.001	0.001	0.001	0.001	0.001	0.1838	0.6294	0.99	0.001	0.019	0.3367	0.018	0.001	0.001	0.001	0.1129	0.001	0.001	0.6284	0.9311	0.6613	0.05	0.015	0.001	0.001	0.002	0.02	0.007	0.3327	0.028	0.3906	0.3267	0.001	0.2128	0.6523	0.9141	0.8601	0.01	0.001	0.4336	0.026	0.7862	0.029	0.001	0.001	0.3147	0.011	0.025	0.001	0.0939	0.0769	0.001	0.001	0.5065	0.019	0.001	0.001	0.001	0.011	0.001	0.02	0.001	0.001	0.001	0.001	0.2158	0.001	0.2587	0.001	0.004	0.001	0.008	0.003	0.001	0.001	0.001	0.1808	0.001	0.003	0.0659	0.001	0.971	0.995	0.001	0.004	0.6264	0.2068	0.6583	0.6104	0.022	0.0769	0.006	0.0539	0.1329	0.003	0.008	0.0709	0.001	0.002	0.013	0.0589	0.001	0.001	0.001	0.001	0.4545	0.009	0.001	0.5265	0.2817	0.4316	0.001	0.6733	0.2687	0.3217	0.012	0.001	0.038	0.003	0.0789	0.4515	0.001	0.5355	0.001	0.0739	0.7982	0.1658	0.003	0.9161	0.001	0.001	0.6174	0.001	0.011	0.1838	0.0759	0.001	0.0569	0.002	0.0929	0.001	0.019	0.005	0.0899	0.001	0.2767	0.001	0.001	0.001	0.001	0.001	0.001	0.2078	0.014	0.4386	0.6623	0.001	1	0.01	0.1528	0.001	0.001	0.6004	0.001	0.0609	0.4426	0.5365	0.7493	0.001	0.003	0.002	0.013	0.042	0.001	0.008	0.0669	0.5824	0.001	0.4376	0.7862	0.001	0.0929	0.0559	0.001	0.001	0.2667	0.001	0.2388	0.001	0.6024	0.003	0.001	0.6723	0.049	0.0599	0.001	0.001	0.1808	0.001	0.3427	0.001	0.7972	0.001	0.6573	0.001	0.001	0.001	0.0669	0.2468	0.009	0.5904	0.1429	0.001	0.004	0.0869	0.002	0.001	0.001	0.0729	0.7293	0.3816	0.0929	0.2318	0.2098	0.1818	0.001	0.001	0.001	0.023	0.1848	0.001	0.001	0.1169	0.5684	0.001	0.011	0.001	0.5634	0.001	0.7313	0.001	0.001	0.001	0.3526	0.001	0.5764	0.0619	0.6813	0.001	0.0609	0.013	0.001	0.028	0.001	0.001	0.001	0.001	0.001	0.7043	0.5744	0.2907	0.6693	0.001	0.9471	0.001
Sg_K40_76	0.002	0.001	0.5045	0.002	0.1618	0.0559	0.038	0.1768	0.001	0.8521	0.001	0.5095	0.001	0.001	0.001	0.6833	0.012	0.001	0.001	0.003	0.2388	0.7942	0.3696	0.1169	0.0729	0.0719	0.1998	0.014	0.1099	0.7333	0.0929	0.3986	0.011	0.001	0.001	0.8521	0.001	0.2787	0.2088	0.0669	0.9301	0.3227	0.2118	0.2418	0.001	0.016	0.016	0.003	0.001	0.001	0.3936	0.009	0.4645	0.001	0.2537	0.001	0.007	0.8492	0.1099	0.001	0.022	0.001	0.043	0.001	0.001	0.2288	0.001	0.002	0.005	0.001	0.4795	0.014	0.049	0.0509	0.6454	0.6683	0.011	0.001	0.3836	0.001	0.007	0.001	0.001	0.7872	0.3976	0.038	0.2268	0.0629	0.0579	0.0539	0.3307	0.002	0.001	0.4146	0.049	0.1409	0.1449	0.001	0.7762	0.035	0.0579	0.012	0.2987	0.03	0.2008	0.001	0.3107	0.2358	0.001	0.3237	0.017	0.0759	0.8991	0.002	0.001	0.034	0.002	0.015	0.1848	0.7143	0.001	0.001	0.001	0.001	0.001	0.006	0.001	0.003	0.049	0.003	0.001	0.002	0.6084	0.001	0.9121	0.009	0.001	0.9331	0.002	0.001	0.001	0.0649	0.04	0.001	0.021	0.002	0.1768	0.2907	0.001	0.001	0.0669	0.951	0.1758	0.3976	0.0849	0.008	0.0709	0.001	0.6164	0.1109	0.1369	0.001	0.005	0.9191	0.043	0.031	0.2138	0.002	0.001	0.001	0.5265	0.001	0.004	0.3996	0.6044	0.961	0.002	0.032	0.2897	0.4136	0.001	0.002	0.9001	0.002	0.4635	0.4406	0.001	0.0599	0.001	0.001	0.954	0.003	0.032	0.0669	0.001	0.001	0.6753	0.006	0.001	0.1748	0.009	0.001	0.049	0.002	0.3267	0.007	0.6084	0.001	0.1678	0.001	0.019	0.001	0.001	0.001	0.001	0.001	0.001	0.969	0.025	0.1009	0.001	0.1429	0.01	1	0.7423	0.009	0.0509	0.0819	0.001	0.035	0.3936	0.2258	0.002	0.2028	0.003	0.017	0.6553	0.001	0.001	0.004	0.6464	0.2607	0.001	0.0859	0.7193	0.1319	0.002	0.4096	0.3097	0.2288	0.004	0.032	0.5934	0.001	0.048	0.003	0.002	0.025	0.0889	0.3536	0.001	0.011	0.038	0.001	0.002	0.001	0.4805	0.001	0.003	0.003	0.022	0.001	0.9321	0.967	0.001	0.6494	0.036	0.001	0.008	0.8122	0.3686	0.001	0.2178	0.018	0.001	0.2707	0.2128	0.001	0.7992	0.029	0.001	0.005	0.001	0.013	0.1499	0.001	0.001	0.001	0.03	0.001	0.1219	0.001	0.001	0.004	0.001	0.001	0.0919	0.001	0.2657	0.3317	0.8841	0.2098	0.954	0.002	0.9171	0.015	0.001	0.2917	0.044	0.001	0.001	0.016	0.001	0.0529	0.1059	0.7762	0.042	0.003	0.6793	0.001
Sg_K46_34	0.1429	0.7892	0.7163	0.004	0.5445	0.004	0.3836	0.001	0.1379	0.008	0.5694	0.011	0.4985	0.042	0.3726	0.3037	0.0879	0.8212	0.8781	0.2967	0.1149	0.2178	0.0719	0.5674	0.035	0.6753	0.026	0.001	0.1089	0.2168	0.001	0.028	0.001	0.032	0.6454	0.95	0.5185	0.003	0.005	0.3117	0.4376	0.9421	0.001	0.1319	0.014	0.2078	0.001	0.3077	0.001	0.001	0.001	0.008	0.3467	0.0739	0.001	0.9311	0.029	0.001	0.021	0.019	0.0779	0.015	0.006	0.026	0.9311	0.007	0.0909	0.2498	0.011	0.0579	0.001	0.3986	0.004	0.003	0.001	0.001	0.6993	0.0749	0.001	0.2717	0.001	0.971	0.0559	0.1548	0.006	0.001	0.0739	0.5934	0.1269	0.001	0.1798	0.1668	0.001	0.01	0.8721	0.005	0.8142	0.2647	0.001	0.007	0.2318	0.1359	0.002	0.7133	0.009	0.7433	0.005	0.1568	0.1538	0.012	0.001	0.012	0.9151	0.036	0.002	0.005	0.6683	0.007	0.8571	0.002	0.005	0.1089	0.048	0.5055	0.1459	0.008	0.4595	0.012	0.006	0.1988	0.0859	0.001	0.001	0.6933	0.7273	0.001	0.2757	0.001	0.7193	0.001	0.034	0.5884	0.1259	0.3816	0.5005	0.017	0.1159	0.3207	0.1089	0.9361	0.0559	0.003	0.025	0.8631	0.7862	0.6973	0.6783	0.6214	0.001	0.1838	0.001	0.1139	0.3297	0.011	0.017	0.1149	0.001	0.968	0.5005	0.8022	0.001	0.4086	0.4366	0.013	0.3167	0.1558	0.001	0.7712	0.6244	0.8691	0.1279	0.1668	0.021	0.002	0.001	0.1149	0.2567	0.034	0.2318	0.2458	0.001	0.1039	0.0509	0.014	0.8362	0.03	0.036	0.01	0.4665	0.001	0.8432	0.2817	0.029	0.026	0.001	0.1149	0.01	0.007	0.7662	0.001	0.5365	0.5864	0.3886	0.0859	0.8242	0.2378	0.2987	0.0669	0.001	0.8931	0.048	0.1249	0.1528	0.7423	1	0.002	0.048	0.0829	0.0939	0.006	0.6334	0.025	0.1229	0.015	0.006	0.7662	0.001	0.4116	0.4745	0.001	0.004	0.029	0.3407	0.001	0.026	0.008	0.6234	0.032	0.016	0.006	0.024	0.0899	0.012	0.6683	0.043	0.1139	0.1169	0.005	0.9461	0.1179	0.011	0.0909	0.001	0.8991	0.1279	0.4985	0.001	0.8312	0.001	0.4645	0.043	0.047	0.001	0.001	0.4036	0.9231	0.0759	0.7782	0.2837	0.1469	0.004	0.0969	0.012	0.002	0.0569	0.0659	0.3167	0.3946	0.001	0.8272	0.5564	0.9131	0.0999	0.3726	0.002	0.9351	0.6513	0.4186	0.0649	0.019	0.047	0.8941	0.013	0.1139	0.3686	0.6663	0.2837	0.0959	0.7303	0.015	0.011	0.6014	0.1149	0.019	0.01	0.0669	0.954	0.2907	0.0549	0.3077	0.0909	0.2138	0.6663	0.0659	0.03	0.001	0.002	0.001	0.0519	0.7413
Sg_M01_13	0.001	0.001	0.2767	0.003	0.001	0.1938	0.001	0.005	0.001	0.001	0.001	0.5744	0.6893	0.02	0.5914	0.3407	0.3437	0.001	0.044	0.0789	0.0829	0.026	0.008	0.001	0.001	0.002	0.001	0.7812	0.3636	0.4006	0.001	0.001	0.001	0.001	0.2008	0.8611	0.001	0.4875	0.001	0.002	0.4835	0.8751	0.001	0.3387	0.016	0.3027	0.9131	0.001	0.6434	0.6094	0.001	0.003	0.3726	0.001	0.001	0.001	0.001	0.007	0.036	0.1069	0.964	0.001	1	0.001	0.1319	0.001	0.0789	0.001	0.001	0.001	0.001	0.8581	0.3606	0.001	0.013	0.0579	0.8791	0.001	0.001	0.001	0.3377	0.001	0.001	0.9061	0.2687	0.4106	0.019	0.0649	0.004	0.001	0.001	0.2458	0.5375	0.2278	0.1369	0.5285	0.018	0.001	0.036	0.7473	0.3526	0.6623	0.002	0.001	0.8322	0.035	0.7612	0.2647	0.001	0.001	0.1748	0.014	0.1938	0.001	0.7742	0.5485	0.001	0.001	0.5235	0.029	0.001	0.007	0.001	0.1179	0.001	0.005	0.001	0.001	0.001	0.001	0.4835	0.001	0.0579	0.001	0.007	0.001	0.033	0.001	0.001	0.001	0.001	0.956	0.001	0.009	0.036	0.001	0.3516	0.3886	0.001	0.019	0.8082	0.046	0.1648	0.2667	0.1189	0.037	0.1678	0.2038	0.008	0.0549	0.028	0.4356	0.001	0.001	0.1479	0.046	0.001	0.001	0.001	0.044	0.006	0.0509	0.001	0.0839	0.2048	0.1179	0.001	0.8731	0.3586	0.6773	0.0819	0.001	0.003	0.001	0.011	0.5495	0.001	0.7922	0.001	0.3017	0.5375	0.6723	0.025	0.3616	0.001	0.005	0.1169	0.001	0.0929	0.6354	0.0809	0.001	0.7233	0.001	0.3497	0.001	0.004	0.0959	0.5195	0.001	0.5794	0.005	0.001	0.001	0.015	0.001	0.001	0.8681	0.003	0.7542	0.1249	0.001	0.001	0.009	0.002	1	0.001	0.5564	0.001	0.5305	0.3397	0.3606	0.7373	0.001	0.0769	0.012	0.012	0.2757	0.001	0.7572	0.015	0.999	0.001	0.8901	0.8521	0.001	0.2547	0.0659	0.001	0.001	0.7622	0.002	0.8711	0.001	0.6284	0.3347	0.0829	0.2617	0.029	0.0629	0.001	0.001	0.008	0.001	0.5105	0.001	0.049	0.001	0.7812	0.001	0.001	0.001	0.1479	0.021	0.036	0.3626	0.6683	0.001	0.1169	0.0649	0.009	0.001	0.001	0.8422	0.8002	0.014	0.2008	0.5774	0.005	0.5065	0.001	0.001	0.001	0.5924	0.8571	0.001	0.001	0.975	0.6324	0.001	0.01	0.001	0.3656	0.001	0.6693	0.001	0.002	0.005	0.0629	0.001	0.4515	0.015	0.2018	0.1009	0.001	0.0959	0.003	0.032	0.001	0.001	0.009	0.001	0.001	0.9411	0.5964	0.006	0.3596	0.001	0.4745	0.001
Sg_M01_30	0.001	0.003	0.6863	0.007	0.006	0.9291	0.001	0.0869	0.001	0.005	0.001	0.6404	0.6963	0.001	0.023	0.6074	0.0559	0.001	0.01	0.1988	0.5425	0.002	0.2947	0.001	0.001	0.001	0.001	0.026	0.6374	0.1928	0.001	0.003	0.001	0.001	0.011	0.5654	0.001	0.1768	0.001	0.2038	0.4715	0.4416	0.001	0.1419	0.005	0.1598	0.018	0.001	0.1968	0.006	0.026	0.001	0.4446	0.001	0.004	0.001	0.001	0.039	0.6843	0.001	0.4336	0.001	0.3037	0.001	0.04	0.001	0.004	0.001	0.001	0.001	0.033	0.4905	0.9381	0.001	0.014	0.1229	0.1339	0.001	0.006	0.001	0.0889	0.001	0.001	0.8711	0.3906	0.6973	0.001	0.036	0.001	0.001	0.001	0.003	0.015	0.1179	0.017	0.6464	0.013	0.001	0.4396	0.998	0.1598	0.6833	0.2278	0.001	0.8182	0.016	0.2438	0.012	0.001	0.005	0.3137	0.2777	0.5844	0.001	0.047	0.1109	0.001	0.001	0.2537	0.3197	0.001	0.001	0.001	0.012	0.001	0.006	0.001	0.001	0.001	0.001	0.2318	0.001	0.002	0.001	0.001	0.001	0.001	0.005	0.001	0.001	0.001	0.7822	0.001	0.004	0.0589	0.001	0.0849	0.001	0.001	0.014	0.2248	0.4875	0.0739	0.8202	0.1029	0.019	0.4406	0.0839	0.001	0.001	0.5984	0.0659	0.001	0.1938	0.0899	0.001	0.001	0.001	0.001	0.004	0.0799	0.017	0.001	0.955	0.006	0.014	0.001	0.6264	0.5125	0.3147	0.022	0.001	0.009	0.001	0.004	0.5125	0.001	0.6953	0.002	0.02	0.1179	0.001	0.004	0.2328	0.001	0.001	0.029	0.001	0.017	0.0909	0.001	0.001	0.4715	0.001	0.0849	0.001	0.001	0.0729	0.2987	0.001	0.4525	0.001	0.001	0.001	0.005	0.001	0.001	0.2358	0.014	0.5594	0.1628	0.001	0.001	0.0509	0.048	0.001	1	0.3417	0.001	0.1718	0.1459	0.1868	0.6404	0.001	0.0869	0.002	0.2038	0.037	0.001	0.031	0.2408	0.4505	0.001	0.2517	0.961	0.001	0.039	0.8052	0.001	0.001	0.2657	0.004	0.3736	0.001	0.7293	0.013	0.001	0.1648	0.048	0.1808	0.001	0.001	0.968	0.001	0.9441	0.001	0.1239	0.001	0.3956	0.001	0.001	0.001	0.0669	0.1479	0.005	0.1209	0.6723	0.001	0.002	0.1738	0.001	0.001	0.001	0.027	0.0859	0.1079	0.9431	0.1189	0.8392	0.0969	0.001	0.002	0.001	0.3606	0.1319	0.001	0.001	0.2168	0.1838	0.001	0.001	0.001	0.8911	0.001	0.1339	0.002	0.002	0.001	0.2468	0.014	0.6244	0.5205	0.2577	0.005	0.005	0.048	0.001	0.1628	0.001	0.001	0.001	0.001	0.001	0.2747	0.1528	0.045	0.975	0.001	0.5574	0.001
Sg_M02_37	0.3367	0.2547	0.4855	0.6873	0.5624	0.014	0.964	0.031	0.3836	0.6334	0.4066	0.4745	0.5934	0.6773	0.1009	0.002	0.8202	0.9011	0.8262	0.9051	0.3387	0.2288	0.039	0.6623	0.9011	0.5245	0.9221	0.012	0.8342	0.5285	0.2108	0.9231	0.5834	0.2947	0.3926	0.5145	0.3197	0.6633	0.8482	0.2747	0.1099	0.1269	0.4905	0.5904	0.8412	0.0649	0.1269	0.4505	0.8112	0.2108	0.029	0.6444	0.001	0.3606	0.002	0.0839	0.6973	0.5604	0.6663	0.8701	0.001	0.3546	0.2458	0.4995	0.4276	0.2338	0.018	0.3756	0.3536	0.9131	0.0899	0.3966	0.5195	0.961	0.4326	0.2208	0.4615	0.7463	0.3856	0.7812	0.3437	0.8442	0.2907	0.1389	0.001	0.3716	0.041	0.001	0.3916	0.3856	0.03	0.988	0.5185	0.1688	0.3447	0.019	0.5724	0.8631	0.018	0.4605	0.2168	0.5724	0.2917	0.5604	0.1239	0.8531	0.024	0.6973	0.6593	0.2148	0.3027	0.2078	0.1538	0.3087	0.6344	0.3027	0.2707	0.1588	0.8342	0.001	0.3177	0.034	0.6563	0.9031	0.7802	0.0739	0.7672	0.4006	0.1798	0.8102	0.001	0.9061	0.4126	0.0979	0.0639	0.1938	0.4805	0.006	0.5584	0.6054	0.6234	0.001	0.1139	0.4496	0.8861	0.4655	0.001	0.011	0.9371	0.8312	0.001	0.002	0.001	0.8931	0.6513	0.004	0.0649	0.7113	0.005	0.5205	0.0599	0.9361	0.3277	0.8791	0.3526	0.1449	0.5425	0.6234	0.7223	0.5914	0.4925	0.8112	0.3646	0.022	0.008	0.001	0.6034	0.004	0.3846	0.2707	0.7173	0.3357	0.8721	0.034	0.0769	0.6154	0.4915	0.2028	0.4645	0.996	0.1419	0.2218	0.5225	0.001	0.4895	0.2737	0.001	0.964	0.8731	0.7303	0.012	0.4845	0.7413	0.8681	0.8302	0.7073	0.1339	0.002	0.1828	0.2008	0.003	0.951	0.8741	0.5485	0.6663	0.2597	0.979	0.007	0.6743	0.1828	0.004	0.008	0.6004	0.0819	0.0829	0.5564	0.3417	1	0.7852	0.4705	0.7193	0.1548	0.001	0.1209	0.3177	0.2697	0.5624	0.8961	0.5624	0.1578	0.003	0.002	0.1918	0.1918	0.2907	0.2737	0.1708	0.005	0.1399	0.2458	0.049	0.8801	0.1808	0.6783	0.1918	0.3207	0.2308	0.7483	0.1568	0.004	0.3217	0.9431	0.1828	0.0879	0.001	0.7522	0.3247	0.1578	0.0869	0.6184	0.1688	0.1928	0.0769	0.6164	0.6633	0.011	0.001	0.6993	0.028	0.016	0.8362	0.8282	0.2607	0.3896	0.997	0.3177	0.4915	0.9201	0.978	0.001	0.1668	0.3007	0.6284	0.7622	0.3956	0.5704	0.7233	0.0779	0.001	0.8062	0.1818	0.7552	0.9031	0.9071	0.5215	0.037	0.001	0.7363	0.004	0.001	0.4725	0.0639	0.2867	0.4875	0.0739	0.5155	0.8711	0.4875	0.991	0.2607	0.001	0.7113	0.3417	0.0609	0.001	0.4955	0.0519	0.4076	0.2877	0.3916
Sg_M02_5	0.001	0.001	0.0709	0.001	0.001	0.1868	0.001	0.7003	0.001	0.018	0.001	0.5145	0.001	0.001	0.001	0.7393	0.001	0.001	0.001	0.001	0.2627	0.0719	0.028	0.001	0.024	0.047	0.001	0.0769	0.2887	0.8701	0.001	0.013	0.001	0.001	0.001	0.983	0.001	0.1309	0.002	0.3077	0.988	0.6613	0.002	0.1499	0.001	0.003	0.001	0.001	0.004	0.002	0.4366	0.001	0.6084	0.001	0.1598	0.001	0.001	0.7343	0.4805	0.001	0.7602	0.001	0.0659	0.001	0.001	0.003	0.001	0.001	0.001	0.001	0.0629	0.008	0.0799	0.001	0.004	0.5215	0.017	0.001	0.004	0.001	0.001	0.001	0.001	0.3217	0.6883	0.1768	0.004	0.1039	0.004	0.001	0.001	0.001	0.001	0.046	0.0559	0.003	0.6523	0.001	0.0959	0.006	0.005	0.0619	0.7113	0.001	0.9301	0.001	0.002	0.032	0.001	0.1389	0.0769	0.1249	0.9091	0.001	0.001	0.0519	0.001	0.001	0.2657	0.8851	0.001	0.001	0.001	0.001	0.001	0.0659	0.001	0.001	0.001	0.001	0.0689	0.001	0.962	0.001	0.1678	0.001	0.001	0.6444	0.001	0.001	0.001	0.5894	0.001	0.001	0.001	0.001	0.8142	0.001	0.001	0.001	0.7393	0.2907	0.5025	0.2218	0.001	0.001	0.0929	0.001	0.0559	0.005	0.1169	0.001	0.001	0.5105	0.001	0.001	0.001	0.001	0.001	0.001	0.7143	0.001	0.001	0.0619	0.4595	0.011	0.001	0.2258	0.003	0.049	0.001	0.001	0.005	0.001	0.1359	0.0889	0.001	0.6354	0.001	0.001	0.991	0.005	0.001	0.7782	0.001	0.001	0.007	0.001	0.001	0.018	0.001	0.001	0.0999	0.001	0.012	0.001	0.1578	0.008	0.0729	0.001	0.4785	0.001	0.001	0.001	0.001	0.001	0.001	0.021	0.001	0.3796	0.0889	0.016	0.001	0.001	0.0939	0.001	0.001	0.7852	1	0.001	0.024	0.6284	0.1928	0.002	0.001	0.001	0.013	0.001	0.001	0.001	0.3646	0.011	0.001	0.2577	0.1039	0.001	0.0579	0.1139	0.001	0.001	0.004	0.002	0.3556	0.001	0.04	0.001	0.001	0.3996	0.0969	0.016	0.001	0.001	0.0599	0.001	0.2657	0.001	0.8791	0.001	0.008	0.001	0.001	0.001	0.2258	0.6983	0.001	0.7333	0.8821	0.001	0.044	0.9331	0.2537	0.001	0.001	0.011	0.0759	0.6364	0.4755	0.001	0.4645	0.1738	0.001	0.001	0.001	0.004	0.032	0.001	0.001	0.009	0.998	0.001	0.019	0.001	0.0989	0.001	0.0559	0.001	0.001	0.001	0.3676	0.6104	0.6164	0.0619	0.1269	0.001	0.5934	0.0759	0.001	0.7123	0.001	0.001	0.001	0.001	0.001	0.001	0.8312	0.6633	0.031	0.001	0.8501	0.001
Sg_M02_8	0.1109	0.001	0.1728	0.4156	0.018	0.001	0.0799	0.001	0.001	0.8282	0.001	0.1978	0.001	0.001	0.1159	0.5684	0.031	0.001	0.003	0.1069	0.005	0.049	0.5355	0.4725	0.1558	0.3267	0.1578	0.0599	0.4276	0.9051	0.9261	0.0659	0.7662	0.001	0.001	0.2607	0.001	0.6853	0.7522	0.1339	0.3327	0.7023	0.8621	0.1129	0.001	0.002	0.001	0.021	0.001	0.001	0.025	0.4555	0.021	0.1109	0.04	0.001	0.01	0.0609	0.3816	0.001	0.7233	0.2567	0.006	0.0569	0.019	0.5195	0.0999	0.0839	0.1039	0.1499	0.003	0.4695	0.003	0.0619	0.1948	0.001	0.2438	0.047	0.3487	0.1299	0.001	0.013	0.001	0.2088	0.7502	0.001	0.1518	0.1089	0.036	0.1908	0.4026	0.037	0.001	0.001	0.047	0.001	0.7233	0.004	0.001	0.001	0.002	0.001	0.017	0.014	0.4116	0.004	0.001	0.4346	0.006	0.025	0.011	0.5794	0.4496	0.009	0.001	0.7123	0.004	0.043	0.0899	0.004	0.2498	0.002	0.1059	0.003	0.016	0.8661	0.004	0.2068	0.2567	0.0579	0.5045	0.007	0.016	0.001	0.8961	0.026	0.0869	0.003	0.001	0.0509	0.1179	0.2507	0.001	0.043	0.003	0.027	0.1439	0.002	0.0609	0.014	0.5574	0.002	0.1189	0.4655	0.004	0.001	0.5355	0.005	0.006	0.8941	0.008	0.007	0.7483	0.006	0.001	0.001	0.969	0.001	0.001	0.0819	0.001	0.2867	0.005	0.001	0.2238	0.027	0.5584	0.6633	0.016	0.003	0.002	0.1309	0.0959	0.5884	0.001	0.007	0.001	0.5005	0.001	0.004	0.0539	0.1069	0.001	0.3377	0.002	0.001	0.016	0.039	0.001	0.2038	0.001	0.001	0.018	0.026	0.7812	0.002	0.6444	0.3067	0.006	0.0549	0.8801	0.2048	0.3836	0.001	0.023	0.001	0.001	0.001	0.5475	0.013	0.1918	0.03	0.0609	0.035	0.006	0.5305	0.1718	0.4705	0.001	1	0.5564	0.7243	0.8172	0.7502	0.001	0.001	0.0619	0.005	0.012	0.001	0.001	0.001	0.001	0.001	0.05	0.022	0.8681	0.001	0.4406	0.3267	0.014	0.1798	0.6703	0.001	0.033	0.002	0.002	0.4106	0.0619	0.046	0.001	0.008	0.1778	0.001	0.5235	0.001	0.001	0.002	0.001	0.04	0.1918	0.001	0.0809	0.001	0.018	0.1638	0.4635	0.001	0.9081	0.001	0.1339	0.001	0.9171	0.2947	0.001	0.3876	0.8222	0.002	0.001	0.1219	0.001	0.001	0.009	0.1279	0.4306	0.002	0.001	0.025	0.4026	0.001	0.3906	0.001	0.007	0.002	0.0589	0.002	0.006	0.001	0.1249	0.002	0.9161	0.3766	0.031	0.001	0.008	0.6184	0.001	0.014	0.0539	0.002	0.005	0.0929	0.001	0.001	0.5944	0.001	0.001	0.7532	0.017	0.001
Sg_M03_37	0.2158	0.0779	0.01	0.954	0.6184	0.009	0.041	0.013	0.0849	0.001	0.001	0.3586	0.035	0.037	0.001	0.4426	0.018	0.4486	0.03	0.7602	0.1349	0.8422	0.3776	0.001	0.981	0.5764	0.003	0.5564	0.7552	0.8182	0.1189	0.1049	0.031	0.031	0.005	0.2937	0.002	0.05	0.002	0.3247	0.988	0.4336	0.4246	0.5594	0.1988	0.033	0.0599	0.1688	0.6753	0.1389	0.1988	0.008	0.3966	0.004	0.0749	0.1249	0.0649	0.8252	0.7053	0.2857	0.2088	0.2977	0.5754	0.9441	0.4176	0.3097	0.0989	0.4256	0.001	0.001	0.5105	0.3457	0.1029	0.1269	0.5395	0.2707	0.034	0.001	0.7752	0.3586	0.004	0.043	0.002	0.1758	0.2537	0.6074	0.001	0.0649	0.8541	0.5045	0.994	0.001	0.007	0.024	1	0.028	0.7123	0.2537	0.012	0.001	0.033	0.0549	0.043	0.1419	0.0619	0.1359	0.003	0.011	0.2468	0.5155	0.036	0.8042	0.9351	0.1758	0.1708	0.03	0.1459	0.1149	0.007	0.2418	0.3387	0.1399	0.007	0.006	0.1948	0.4655	0.011	0.4695	0.2058	0.045	0.2308	0.2607	0.3796	0.025	0.8781	0.1259	0.0509	0.3676	0.019	0.1469	0.4396	0.7632	0.3287	0.5005	0.0879	0.019	0.4625	0.1508	0.016	0.7443	0.2957	0.1538	0.5934	0.5155	0.002	0.1179	0.5245	0.0709	0.2138	0.002	0.2018	0.004	0.2478	0.1019	0.002	0.2887	0.1728	0.003	0.005	0.023	0.7682	0.015	0.0889	0.006	0.043	0.6314	0.1129	0.046	0.009	0.1858	0.2288	0.007	0.2048	0.4236	0.7602	0.1908	0.028	0.6334	0.1059	0.004	0.7862	0.0659	0.001	0.9271	0.036	0.009	0.3027	0.1499	0.015	0.0549	0.01	0.003	0.7842	0.038	0.7293	0.0709	0.037	0.034	0.4236	0.2987	0.1389	0.3197	0.1019	0.007	0.2408	0.028	0.036	0.029	0.3217	0.5295	0.7153	0.3197	0.4426	0.3936	0.6334	0.3397	0.1459	0.7193	0.024	0.5564	1	0.042	0.4426	0.9051	0.008	0.2218	0.6953	0.007	0.1149	0.008	0.037	0.001	0.021	0.0769	0.2148	0.2947	0.7922	0.1049	0.3796	0.3566	0.041	0.001	0.039	0.005	0.3177	0.046	0.001	0.5684	0.4955	0.3497	0.008	0.1009	0.0879	0.0769	0.044	0.0879	0.5614	0.026	0.036	0.1568	0.1898	0.027	0.8501	0.7463	0.3037	0.5305	0.5554	0.017	0.8312	0.7023	0.7572	0.0549	0.6074	0.1618	0.5994	0.8102	0.1109	0.018	0.028	0.043	0.035	0.9151	0.011	0.1898	0.04	0.0959	0.02	0.0969	0.8012	0.2058	0.002	0.4066	0.0529	0.1239	0.007	0.4915	0.5135	0.5265	0.7622	0.4705	0.019	0.7592	0.6044	0.007	0.1828	0.1069	0.005	0.0589	0.0749	0.004	0.01	0.0639	0.046	0.004	0.3936	0.2188	0.0639	0.3906	0.8132	0.1279
Sg_M03_38	0.2657	0.2877	0.0669	0.015	0.0789	0.6893	0.2907	0.4975	0.017	0.993	0.8032	0.001	0.7642	0.6254	0.2248	0.016	0.4995	0.016	0.7722	0.95	0.5654	0.1009	0.0749	0.6254	0.008	0.7862	0.3706	0.5714	0.001	0.001	0.011	0.04	0.0639	0.013	0.3916	0.001	0.2368	0.001	0.2647	0.2238	0.001	0.965	0.016	0.9461	0.5495	0.031	0.1049	0.5914	0.7572	0.8981	0.4945	0.0719	0.2108	0.2338	0.2058	0.5405	0.022	0.004	0.2328	0.7073	0.2887	0.012	0.002	0.019	0.5305	0.4765	0.3806	0.5664	0.1339	0.1878	0.041	0.8182	0.6963	0.8831	0.5325	0.2677	0.01	0.5644	0.8402	0.5355	0.6004	0.979	0.0989	0.001	0.0859	0.1119	0.2517	0.018	0.3596	0.8721	0.1409	0.2527	0.987	0.8641	0.001	0.2138	0.5485	0.1898	0.4206	0.3916	0.6783	0.3297	0.013	0.5325	0.001	0.961	0.8531	0.1149	0.3956	0.026	0.0669	0.005	0.002	0.3447	0.5425	0.001	0.7952	0.5395	0.1578	0.4426	0.035	0.8132	0.4525	0.5834	0.9351	0.0689	0.98	0.1598	0.9401	0.4895	0.4206	0.006	0.004	0.6254	0.7732	0.1808	0.7562	0.0539	0.1708	0.2847	0.7463	0.0819	0.001	0.5904	0.5105	0.2747	0.037	0.5554	0.972	0.6054	0.2238	0.7323	0.011	0.007	0.4945	0.7433	0.1449	0.6843	0.4106	0.001	0.993	0.4076	0.009	0.3506	0.0679	0.8462	0.4166	0.9281	0.988	0.6054	0.0569	0.973	0.3586	0.9331	0.2128	0.1788	0.2408	0.8182	0.7173	0.001	0.8651	0.7822	0.0739	0.3746	0.009	0.9341	0.9251	0.3786	0.8911	0.4575	0.1319	0.2448	0.5295	0.0569	0.5075	0.2707	0.2358	0.1459	0.7273	0.001	0.7912	0.1958	0.5155	0.0509	0.6503	0.8871	0.6793	0.3556	0.6743	0.022	0.02	0.8511	0.7542	0.1219	0.985	0.1359	0.043	0.9361	0.006	0.008	0.7003	0.2657	0.5365	0.2258	0.025	0.3606	0.1868	0.1548	0.6284	0.7243	0.042	1	0.3526	0.2677	0.03	0.7722	0.4426	0.8202	0.1329	0.4496	0.977	0.5654	0.4555	0.992	0.1409	0.002	0.8422	0.3447	0.2078	0.3067	0.001	0.001	0.001	0.04	0.5425	0.6184	0.4256	0.1299	0.001	0.0839	0.1459	0.8022	0.014	0.3447	0.0689	0.1059	0.1129	0.995	0.1958	0.3796	0.0779	0.8252	0.964	0.1159	0.7233	0.1459	0.1089	0.1439	0.1379	0.003	0.1838	0.2977	0.987	0.001	0.0619	0.992	0.2687	0.7772	0.3437	0.007	0.3816	0.004	0.2997	0.002	0.001	0.1209	0.0699	0.8731	0.036	0.008	0.0589	0.1898	0.2228	0.006	0.2787	0.028	0.001	0.027	0.003	0.1029	0.001	0.3457	0.1359	0.004	0.2358	0.024	0.6673	0.3387	0.6973	0.3886	0.958	0.7762	0.4715	0.0699	0.2078	0.3976	0.4196	0.037	0.7363	0.7522
Sg_M07_23	0.7053	0.4196	0.1888	0.987	0.6404	0.7003	0.1928	0.5115	0.9091	0.5744	0.0959	0.1499	0.005	0.1479	0.3147	0.011	0.8232	0.4685	0.01	0.1129	0.5624	0.3526	0.8631	0.8242	0.6793	0.7932	0.7353	0.009	0.4086	0.1349	0.7942	0.1738	0.8212	0.9271	0.006	0.1888	0.7023	0.0599	0.1119	0.3616	0.0799	0.005	0.2208	0.1079	0.3556	0.5644	0.004	0.7982	0.4246	0.9431	0.044	0.2557	0.4535	0.6943	0.017	0.011	0.5335	0.0749	0.6973	0.1179	0.001	0.8392	0.1279	0.9151	0.1229	0.8152	0.001	0.3796	0.8482	0.032	0.1508	0.2627	0.5664	0.1658	0.8591	0.6174	0.9441	0.964	0.8931	0.1648	0.4476	0.8002	0.3546	0.034	0.002	0.05	0.1818	0.001	0.959	0.6054	0.9311	0.1508	0.044	0.988	0.3616	0.0989	0.2328	0.0979	0.2178	0.6354	0.5504	0.4046	0.0529	0.3327	0.0819	0.024	0.2587	0.042	0.5235	0.4535	0.0939	0.989	0.4765	0.7343	0.3067	0.032	0.7293	0.3397	0.2368	0.005	0.7423	0.004	0.974	0.002	0.1369	0.001	0.0889	0.3477	0.9021	0.2378	0.001	0.9081	0.5135	0.7083	0.001	0.4925	0.003	0.0609	0.7243	0.4775	0.981	0.001	0.1878	0.0779	0.4995	0.5904	0.001	0.3766	0.7722	0.1808	0.001	0.2737	0.001	0.5574	0.7742	0.2028	0.01	0.021	0.5035	0.1528	0.0689	0.003	0.991	0.8412	0.3606	0.7463	0.3966	0.4805	0.1538	0.3746	0.3596	0.008	0.6364	0.2398	0.01	0.005	1	0.003	0.4186	0.4895	0.5085	0.3257	0.1239	0.006	0.1489	0.5544	0.5704	0.038	0.998	0.002	0.1429	0.003	0.7243	0.001	0.2298	0.003	0.001	0.955	0.002	0.05	0.5854	0.8362	0.9351	0.0939	0.6194	0.9401	0.026	0.001	0.5654	0.6763	0.005	0.4026	0.8052	0.6044	0.0949	0.4466	0.0919	0.035	0.5744	0.5415	0.001	0.002	0.7493	0.002	0.1229	0.7373	0.6404	0.001	0.1928	0.8172	0.4426	0.3526	1	0.0719	0.0799	0.6444	0.968	0.002	0.2168	0.038	0.4416	0.0679	0.7802	0.0669	0.3826	0.0739	0.002	0.049	0.1009	0.1878	0.002	0.989	0.0549	0.6953	0.1708	0.4945	0.014	0.4076	0.2208	0.2098	0.993	0.4306	0.018	0.8631	0.001	0.8871	0.1698	0.0929	0.8631	0.8661	0.3686	0.001	0.8871	0.2667	0.019	0.034	0.001	0.5694	0.4865	0.1668	0.02	0.3636	0.5944	0.016	0.4905	0.1429	0.2857	0.006	0.0759	0.001	0.7383	0.6593	0.1019	0.6434	0.042	0.7303	0.1389	0.006	0.001	0.992	0.9311	0.9101	0.003	0.1159	0.003	0.003	0.013	0.7542	0.0549	0.002	0.0619	0.7453	0.3357	0.002	0.4735	0.1818	0.3367	0.4206	0.5465	0.6304	0.001	0.9451	0.9391	0.8781	0.001	0.5265	0.7762	0.2118	0.1029	0.3706
Sg_M07_27	0.001	0.1049	0.959	0.4645	0.002	0.034	0.029	0.008	0.001	0.002	0.01	0.6563	0.3047	0.0739	0.7682	0.3307	0.5594	0.001	0.958	0.3017	0.2907	0.013	0.0659	0.002	0.002	0.001	0.003	0.0799	0.4286	0.9311	0.002	0.1209	0.001	0.001	0.7682	0.4765	0.001	0.7393	0.1538	0.0659	0.6424	0.1369	0.001	0.4446	0.3656	0.7443	0.3437	0.001	0.04	0.0659	0.031	0.05	0.0699	0.003	0.001	0.012	0.002	0.1039	0.8342	0.012	0.3307	0.001	0.7802	0.001	0.8232	0.002	0.035	0.001	0.006	0.03	0.019	0.029	0.8771	0.001	0.2807	0.1978	0.1948	0.001	0.003	0.001	0.6084	0.001	0.001	0.8392	0.4036	0.9391	0.023	0.7483	0.001	0.001	0.001	0.4266	0.2707	0.009	0.026	0.3656	0.1079	0.001	0.045	0.0709	0.7552	0.6334	0.1628	0.001	0.4715	0.5425	0.9231	0.1369	0.001	0.001	0.7632	0.5465	0.4266	0.001	0.2777	0.7033	0.001	0.001	0.1419	0.1109	0.001	0.004	0.001	0.9321	0.001	0.005	0.002	0.001	0.001	0.001	0.8671	0.001	0.001	0.001	0.01	0.001	0.8511	0.001	0.001	0.001	0.001	0.3546	0.001	0.6064	0.5954	0.001	0.0769	0.034	0.001	0.6943	0.0699	0.015	0.012	0.0769	0.4066	0.5534	0.6973	0.4056	0.001	0.0749	0.9031	0.985	0.0649	0.3696	0.6583	0.003	0.001	0.001	0.001	0.2138	0.043	0.998	0.001	0.03	0.1239	0.033	0.001	0.1039	0.7283	0.7582	0.036	0.001	0.023	0.1029	0.004	0.2488	0.001	0.007	0.007	0.8192	0.3337	0.2458	0.8831	0.02	0.001	0.0799	0.0549	0.001	0.8112	0.9281	0.017	0.001	0.8571	0.2128	0.1029	0.002	0.002	0.2937	0.3477	0.002	0.5085	0.02	0.001	0.001	0.5694	0.001	0.001	0.4116	0.1069	0.5465	0.0819	0.001	0.001	0.2028	0.015	0.001	0.001	0.1209	0.002	0.7502	0.9051	0.2677	0.0719	1	0.8631	0.6164	0.3666	0.7752	0.001	0.4965	0.006	0.1009	0.001	0.969	0.8182	0.001	0.5085	0.1309	0.001	0.001	0.4056	0.009	0.5475	0.002	0.009	0.6963	0.022	0.023	0.011	0.4745	0.001	0.004	0.4326	0.002	0.049	0.001	0.0759	0.001	0.6354	0.001	0.004	0.025	0.0659	0.0699	0.7982	0.1049	0.3377	0.025	0.1568	0.0909	0.014	0.001	0.002	0.8601	0.9211	0.0729	0.4176	0.966	0.0809	0.5664	0.004	0.011	0.047	0.5255	0.9441	0.001	0.001	0.5704	0.03	0.001	0.001	0.001	0.1568	0.001	0.5315	0.01	0.014	0.001	0.1499	0.021	0.9121	0.6494	0.1678	0.3656	0.004	0.0749	0.1788	0.009	0.001	0.001	0.01	0.005	0.001	0.1109	0.1389	0.0769	0.2837	0.001	0.8681	0.029
Sg_M07_39	0.0769	0.001	0.0679	0.8811	0.02	0.013	0.027	0.02	0.032	0.5365	0.001	0.3387	0.01	0.001	0.025	0.8222	0.011	0.001	0.004	0.5205	0.035	0.1948	0.01	0.1249	0.9451	0.1978	0.1698	0.2128	0.6503	0.1149	0.031	0.015	0.0509	0.001	0.002	0.2098	0.001	0.014	0.0589	0.9461	0.2018	0.2737	0.7952	0.4166	0.001	0.031	0.001	0.021	0.009	0.002	0.2358	0.018	0.5215	0.006	0.8961	0.001	0.001	0.4376	0.98	0.001	0.0589	0.0719	0.002	0.0879	0.024	0.3017	0.002	0.2248	0.001	0.012	0.009	0.98	0.003	0.005	0.964	0.1279	0.017	0.008	0.2647	0.1908	0.001	0.019	0.005	0.001	0.006	0.1538	0.4765	0.4555	0.014	0.0879	0.6054	0.002	0.003	0.002	0.1988	0.002	0.5285	0.001	0.01	0.001	0.3187	0.006	0.1439	0.019	0.02	0.0519	0.001	0.006	0.003	0.5984	0.011	0.5185	0.014	0.005	0.001	0.01	0.002	0.017	0.034	0.4046	0.1728	0.001	0.018	0.003	0.003	0.5564	0.001	0.2987	0.3836	0.002	0.006	0.0859	0.1688	0.001	0.4406	0.8132	0.0899	0.8851	0.004	0.001	0.004	0.3686	0.0679	0.011	0.05	0.002	0.1548	0.018	0.004	0.029	0.1159	0.0579	0.2907	0.6304	0.001	0.001	0.038	0.0739	0.1489	0.001	0.0749	0.005	0.5744	0.3726	0.001	0.005	0.1479	0.001	0.001	0.047	0.004	0.0949	0.001	0.032	0.3886	0.8462	0.2897	0.8022	0.001	0.6114	0.007	0.028	0.6004	0.047	0.01	0.003	0.001	0.4106	0.002	0.003	0.001	0.1349	0.001	0.1548	0.001	0.001	0.6893	0.003	0.001	0.002	0.001	0.001	0.5684	0.1419	0.5495	0.002	0.5375	0.003	0.2158	0.3397	0.0959	0.005	0.0589	0.001	0.009	0.001	0.001	0.003	0.1908	0.1399	0.027	0.3317	0.003	0.003	0.006	0.0769	0.0869	0.3177	0.001	0.001	0.008	0.03	0.0799	0.8631	1	0.001	0.8092	0.005	0.001	0.012	0.005	0.003	0.001	0.003	0.7393	0.0739	0.5574	0.036	0.035	0.4486	0.001	0.006	0.043	0.008	0.1828	0.007	0.001	0.5794	0.6394	0.1089	0.001	0.025	0.011	0.001	0.1399	0.001	0.002	0.001	0.001	0.004	0.022	0.001	0.2787	0.002	0.01	0.4216	0.0589	0.005	0.3576	0.5355	0.7353	0.001	0.2677	0.005	0.1169	0.8651	0.4935	0.02	0.005	0.6044	0.001	0.001	0.005	0.009	0.005	0.0939	0.001	0.049	0.0599	0.001	0.8911	0.003	0.1958	0.003	0.2797	0.002	0.2547	0.001	0.953	0.8991	0.0789	0.009	0.1049	0.001	0.0629	0.1818	0.001	0.0889	0.001	0.001	0.001	0.003	0.001	0.002	0.2507	0.1479	0.011	0.049	0.2438	0.001
Sg_M07_4	0.0979	0.001	0.0969	0.1469	0.039	0.1179	0.02	0.6024	0.008	0.0869	0.001	0.3477	0.01	0.008	0.002	0.976	0.1978	0.001	0.003	0.0699	0.4695	0.97	0.1189	0.1968	0.031	0.3037	0.01	0.6913	0.025	0.5145	0.012	0.4805	0.01	0.001	0.016	0.6863	0.001	0.8332	0.0799	0.3407	0.7542	0.3107	0.003	0.6264	0.001	0.0719	0.7073	0.3477	0.5734	0.0579	0.8971	0.002	0.1808	0.022	0.5315	0.001	0.004	0.2048	0.8382	0.004	0.1279	0.014	0.0989	0.003	0.003	0.1778	0.006	0.2917	0.001	0.001	0.8631	0.2667	0.0669	0.006	0.05	0.4126	0.016	0.0759	0.952	0.0649	0.1199	0.3516	0.003	0.995	0.4695	0.2478	0.009	0.9191	0.3656	0.032	0.6454	0.1758	0.0609	0.007	0.8751	0.0769	0.2268	0.0579	0.028	0.003	0.2837	0.3237	0.0619	0.4705	0.6384	0.01	0.01	0.7862	0.027	0.6603	0.4575	0.7582	0.2248	0.007	0.034	0.4795	0.006	0.011	0.0819	0.4016	0.037	0.001	0.038	0.01	0.002	0.0719	0.018	0.025	0.984	0.005	0.1089	0.006	0.8901	0.007	0.2338	0.2737	0.002	0.7572	0.001	0.002	0.012	0.6553	0.005	0.001	0.002	0.009	0.6084	0.007	0.047	0.007	0.3596	0.1469	0.7922	0.3467	0.001	0.001	0.6194	0.02	0.4306	0.0869	0.0509	0.1209	0.7752	0.8162	0.001	0.002	0.1409	0.001	0.002	0.1179	0.7353	0.02	0.005	0.0549	0.4825	0.5694	0.035	0.04	0.002	0.1449	0.6084	0.1349	0.4326	0.003	0.8482	0.0509	0.002	0.2697	0.038	0.019	0.7193	0.2537	0.001	0.4945	0.001	0.001	0.4665	0.001	0.006	0.1938	0.007	0.001	0.2767	0.01	0.2248	0.001	0.6494	0.0739	0.028	0.1009	0.1149	0.1109	0.1089	0.001	0.011	0.003	0.002	0.004	0.001	0.7512	0.1489	0.033	0.002	0.017	0.7662	0.012	0.002	0.2697	0.001	0.001	0.2218	0.7722	0.6444	0.6164	0.001	1	0.9331	0.038	0.006	0.1299	0.042	0.001	0.001	0.6543	0.6943	0.001	0.6184	0.024	0.007	0.6693	0.01	0.031	0.9301	0.002	0.8082	0.016	0.001	0.7293	0.5974	0.3427	0.001	0.001	0.7942	0.001	0.1968	0.002	0.9061	0.001	0.001	0.005	0.001	0.001	0.5455	0.5514	0.003	0.3357	0.2078	0.001	0.8541	0.016	0.1319	0.005	0.3247	0.6414	0.0529	0.6993	0.2188	0.038	0.2158	0.7053	0.001	0.001	0.001	0.003	0.4705	0.002	0.003	0.05	0.3117	0.001	0.957	0.001	0.2727	0.001	0.5405	0.047	0.2258	0.003	0.2378	0.5145	0.6154	0.004	0.022	0.2308	0.032	0.027	0.001	0.04	0.002	0.001	0.001	0.002	0.001	0.003	0.4406	0.6653	0.025	0.005	0.6204	0.001
Sg_M08_36	0.3716	0.2238	0.8162	0.005	0.018	0.001	0.8362	0.002	0.3157	0.028	0.6144	0.4326	0.977	0.013	0.5345	0.2448	0.8412	0.4855	0.2607	0.027	0.016	0.4246	0.033	0.2468	0.0569	0.6454	0.3756	0.1998	0.2488	0.4955	0.001	0.1499	0.001	0.0959	0.3776	0.0509	0.3017	0.3916	0.1878	0.005	0.2448	0.8342	0.006	0.2218	0.0879	0.002	0.022	0.1199	0.001	0.002	0.007	0.4306	0.02	0.022	0.001	0.2967	0.0929	0.003	0.2707	0.049	0.5864	0.0669	0.3546	0.0539	0.2408	0.001	0.3217	0.4226	0.1908	0.6823	0.001	0.009	0.001	0.0529	0.001	0.001	0.0939	0.0579	0.001	0.1998	0.003	0.4545	0.1369	0.2827	0.5874	0.019	0.7223	0.0589	0.957	0.002	0.9031	0.8781	0.0839	0.1109	0.0629	0.007	0.5804	0.8931	0.006	0.0759	0.0559	0.007	0.002	0.6384	0.5514	0.2687	0.013	0.3257	0.0759	0.003	0.035	0.037	0.016	0.011	0.014	0.4585	0.2428	0.004	0.3147	0.001	0.024	0.1279	0.008	0.5814	0.036	0.0709	0.996	0.013	0.024	0.015	0.7882	0.002	0.007	0.96	0.3796	0.001	0.1269	0.001	0.9091	0.001	0.01	0.1818	0.2378	0.0549	0.8501	0.039	0.4835	0.8751	0.2957	0.1159	0.8511	0.001	0.6863	0.6494	0.8751	0.1528	0.9051	0.5954	0.002	0.2527	0.032	0.6174	0.0789	0.1209	0.1379	0.2587	0.01	0.7812	0.3457	0.7752	0.001	0.1479	0.018	0.013	0.2567	0.6753	0.022	0.4216	0.6244	0.2108	0.1369	0.002	0.2378	0.001	0.001	0.025	0.1329	0.0979	0.3277	0.5834	0.005	0.8342	0.0879	0.6963	0.6983	0.9421	0.6024	0.012	0.4116	0.5804	0.5714	0.3167	0.2577	0.1778	0.001	0.2997	0.2577	0.6194	0.034	0.004	0.5944	0.4945	0.3686	0.0919	0.1798	0.8761	0.7582	0.004	0.001	0.2597	0.0559	0.2358	0.013	0.6553	0.001	0.012	0.2038	0.5624	0.013	0.0619	0.6953	0.4426	0.968	0.3666	0.8092	0.9331	1	0.981	0.6703	0.2078	0.001	0.013	0.4226	0.011	0.4765	0.048	0.7123	0.001	0.022	0.002	0.992	0.0679	0.4016	0.8661	0.0689	0.5445	0.5894	0.023	0.025	0.8701	0.044	0.005	0.009	0.6963	0.3207	0.8062	0.002	0.5385	0.001	0.1778	0.2198	0.9361	0.001	0.001	0.1019	0.1598	0.8112	0.7702	0.1409	0.001	0.002	0.5914	0.001	0.8681	0.014	0.1099	0.002	0.7702	0.008	0.1249	0.3736	0.041	0.972	0.6254	0.4835	0.2927	0.9021	0.4206	0.8831	0.006	0.6054	0.3137	0.1818	0.1389	0.3317	0.7253	0.8951	0.1908	0.8292	0.001	0.7203	0.003	0.1908	0.6474	0.001	0.5395	0.8182	0.4116	0.006	0.4965	0.8521	0.019	0.5884	0.009	0.5235	0.0659	0.001	0.002	0.0729	0.1618
Sg_M11_5	0.026	0.011	0.0889	0.036	0.2148	0.001	0.8242	0.001	0.002	0.6643	0.001	0.7243	0.001	0.001	0.001	0.1548	0.002	0.001	0.001	0.001	0.2488	0.8382	0.6523	0.0549	0.2627	0.6274	0.3187	0.1908	0.9471	0.9351	0.2817	0.1149	0.0749	0.002	0.001	0.5844	0.001	0.1718	0.2517	0.3806	0.3966	0.1259	0.8561	0.001	0.001	0.047	0.001	0.006	0.018	0.001	0.8591	0.1119	0.2178	0.007	0.2148	0.012	0.014	0.005	0.001	0.001	0.7173	0.035	0.1289	0.1518	0.001	0.1628	0.004	0.02	0.018	0.002	0.7862	0.001	0.1439	0.3437	0.4645	0.3427	0.017	0.002	0.9251	0.019	0.003	0.008	0.001	0.4456	0.4076	0.2957	0.2797	0.012	0.4276	0.3726	0.1459	0.001	0.001	0.1588	0.2987	0.1319	0.7922	0.019	0.013	0.034	0.014	0.0919	0.1399	0.047	0.1489	0.001	0.013	0.994	0.013	0.7113	0.1169	0.2268	0.9141	0.008	0.001	0.032	0.031	0.1648	0.4815	0.3077	0.2507	0.002	0.006	0.001	0.003	0.001	0.001	0.048	0.2328	0.002	0.001	0.004	0.1209	0.002	0.4116	0.2448	0.001	0.1199	0.002	0.0679	0.0909	0.5594	0.99	0.001	0.002	0.008	0.9181	0.0949	0.016	0.001	0.5295	0.032	0.8831	0.1109	0.2058	0.1099	0.009	0.001	0.7223	0.041	0.006	0.001	0.001	0.2068	0.001	0.001	0.05	0.023	0.001	0.001	0.0719	0.001	0.1069	0.2378	0.9061	0.018	0.0609	0.3187	0.1319	0.0859	0.029	0.0889	0.5774	0.01	0.5864	0.0679	0.001	0.029	0.018	0.001	0.5714	0.001	0.04	0.5614	0.006	0.001	0.035	0.004	0.001	0.044	0.001	0.001	0.001	0.004	0.4146	0.026	0.2657	0.001	0.0959	0.0589	0.5295	0.001	0.0529	0.001	0.001	0.003	0.001	0.1159	0.1748	0.2318	0.001	0.1818	0.042	0.001	0.4116	0.2757	0.037	0.8961	0.001	0.005	0.007	0.8202	0.002	0.7752	0.005	0.038	0.981	1	0.005	0.006	0.028	0.029	0.001	0.6773	0.2228	0.8112	0.018	0.2687	0.1339	0.3267	0.001	0.004	0.2697	0.001	0.001	0.005	0.001	0.002	0.5844	0.005	0.001	0.002	0.014	0.002	0.001	0.001	0.4745	0.001	0.028	0.012	0.0579	0.001	0.025	0.1119	0.001	0.2857	0.9091	0.001	0.0559	0.6623	0.9181	0.001	0.3686	0.024	0.1259	0.1419	0.2168	0.001	0.0969	0.0559	0.001	0.3107	0.002	0.041	0.0559	0.004	0.001	0.001	0.953	0.003	0.1189	0.018	0.001	0.2907	0.001	0.006	0.009	0.02	0.992	0.7303	0.8791	0.6284	0.5285	0.002	0.3926	0.5974	0.001	0.3736	0.2697	0.001	0.001	0.035	0.002	0.002	0.9191	0.0819	0.039	0.0649	0.9211	0.006
Sg_M11_7	0.001	0.002	0.2627	0.5644	0.006	0.3536	0.001	0.7313	0.001	0.021	0.001	0.3856	0.2118	0.001	0.0519	0.6893	0.04	0.001	0.01	0.3397	0.2957	0.001	0.1459	0.001	0.031	0.001	0.007	0.002	0.2527	0.0899	0.038	0.001	0.0789	0.001	0.001	0.0529	0.001	0.003	0.003	0.1908	0.4396	0.4176	0.009	0.1538	0.001	0.1568	0.001	0.001	0.001	0.001	0.1768	0.015	0.1628	0.001	0.014	0.001	0.001	0.3746	0.1918	0.001	0.5215	0.001	0.025	0.001	0.3067	0.05	0.001	0.001	0.002	0.001	0.4775	0.4705	0.005	0.001	0.8232	0.2547	0.6893	0.001	0.8521	0.001	0.002	0.001	0.001	0.4905	0.0769	0.0639	0.003	0.017	0.001	0.002	0.001	0.001	0.001	0.8771	0.3876	0.4775	0.039	0.001	0.6384	0.3027	0.021	0.041	0.3157	0.001	0.0849	0.008	0.037	0.001	0.001	0.0579	0.1678	0.5385	0.4246	0.001	0.001	0.001	0.001	0.001	0.1738	0.4675	0.001	0.001	0.001	0.004	0.001	0.5495	0.001	0.001	0.001	0.001	0.022	0.006	0.4595	0.001	0.005	0.005	0.004	0.043	0.001	0.001	0.001	0.1009	0.004	0.036	0.2537	0.001	0.3996	0.001	0.001	0.1309	0.3636	0.8571	0.3187	0.5145	0.024	0.001	0.7832	0.012	0.01	0.001	0.0659	0.008	0.041	0.3666	0.003	0.001	0.001	0.001	0.001	0.001	0.4775	0.025	0.001	0.9371	0.8841	0.7303	0.001	0.8382	0.1778	0.7463	0.014	0.001	0.6284	0.003	0.973	0.5025	0.001	0.2637	0.001	0.019	0.6703	0.001	0.002	0.9421	0.001	0.001	0.8511	0.001	0.013	0.001	0.001	0.001	0.2038	0.031	0.2438	0.001	0.006	0.001	0.014	0.004	0.0619	0.001	0.001	0.001	0.021	0.001	0.001	0.1449	0.4056	0.962	0.3986	0.001	0.001	0.001	0.4745	0.001	0.001	0.5624	0.001	0.012	0.1149	0.1329	0.2168	0.001	0.001	0.006	0.6703	0.005	1	0.002	0.3996	0.1608	0.001	0.0749	0.5994	0.001	0.1349	0.6024	0.001	0.002	0.004	0.002	0.015	0.001	0.6144	0.011	0.001	0.011	0.0899	0.5295	0.001	0.002	0.008	0.001	0.2148	0.001	0.973	0.001	0.015	0.001	0.001	0.001	0.8082	0.6733	0.0529	0.3437	0.0819	0.001	1	0.1888	0.5904	0.001	0.0959	0.002	0.009	0.9151	0.8212	0.0629	0.2398	0.008	0.001	0.04	0.002	0.1379	0.001	0.001	0.001	0.0649	0.2468	0.001	0.025	0.001	0.2438	0.004	0.0759	0.001	0.6583	0.001	0.5714	0.0809	0.018	0.1439	0.1089	0.001	0.1009	0.0759	0.001	0.01	0.001	0.001	0.001	0.001	0.001	0.3377	0.7473	0.024	0.026	0.004	0.01	0.001
Sg_M12_17	0.007	0.002	0.8721	0.3746	0.3946	0.001	0.1149	0.002	0.001	0.7822	0.006	0.3207	0.1319	0.003	0.2507	0.3706	0.001	0.002	0.0509	0.3506	0.4945	0.3387	0.6733	0.2188	0.7203	0.015	0.1209	0.001	0.6893	0.7712	0.2098	0.005	0.4605	0.001	0.005	0.8312	0.001	0.006	0.6783	0.4116	0.6653	0.3157	0.3117	0.001	0.001	0.001	0.001	0.001	0.001	0.001	0.005	0.6454	0.5445	0.1938	0.3566	0.002	0.1698	0.023	0.01	0.001	0.035	0.006	0.006	0.4675	0.1299	0.2977	0.001	0.005	0.1209	0.039	0.001	0.7273	0.1379	0.5554	0.3337	0.001	0.0729	0.0739	0.9231	0.004	0.001	0.002	0.001	0.2218	0.038	0.001	0.8601	0.0829	0.0599	0.7463	0.035	0.002	0.001	0.009	0.034	0.001	0.8002	0.002	0.003	0.001	0.023	0.006	0.038	0.012	0.037	0.043	0.021	0.001	0.001	0.8062	0.004	0.5125	0.3157	0.003	0.001	0.002	0.028	0.047	0.8721	0.1618	0.1798	0.001	0.0609	0.007	0.006	0.042	0.008	0.1029	0.1069	0.017	0.001	0.0779	0.0559	0.001	0.1239	0.2737	0.0609	0.1708	0.014	0.4635	0.037	0.1099	0.2507	0.1758	0.028	0.3387	0.2837	0.3347	0.1878	0.2128	0.4116	0.01	0.3027	0.3846	0.1489	0.0959	0.0619	0.049	0.1758	0.002	0.004	0.002	0.022	0.0909	0.001	0.4086	0.4396	0.008	0.001	0.001	0.001	0.1339	0.035	0.002	0.021	0.5574	0.2098	0.4106	0.1469	0.0529	0.001	0.013	0.5734	0.9211	0.014	0.0829	0.001	0.3027	0.002	0.009	0.001	0.004	0.001	0.1828	0.005	0.001	0.6503	0.038	0.006	0.001	0.038	0.001	0.001	0.1159	0.3197	0.017	0.988	0.001	0.5045	0.1389	0.3846	0.017	0.001	0.001	0.0769	0.017	0.001	0.004	0.4156	0.2408	0.0669	0.4535	0.008	0.004	0.001	0.7572	0.031	0.1578	0.001	0.001	0.008	0.4496	0.038	0.4965	0.012	0.1299	0.2078	0.006	0.002	1	0.015	0.049	0.001	0.002	0.001	0.4236	0.001	0.013	0.4006	0.3976	0.001	0.001	0.003	0.003	0.001	0.001	0.001	0.2228	0.3157	0.012	0.003	0.008	0.001	0.009	0.015	0.001	0.001	0.025	0.002	0.003	0.4336	0.001	0.1688	0.001	0.0859	0.6314	0.0919	0.006	0.007	0.0829	0.0539	0.001	0.019	0.002	0.0829	0.008	0.5035	0.043	0.003	0.0719	0.004	0.016	0.033	0.2907	0.001	0.001	0.001	0.2378	0.2318	0.013	0.0719	0.003	0.012	0.023	0.023	0.002	0.1209	0.001	0.3397	0.0759	0.1179	0.8691	0.5904	0.001	0.048	0.8701	0.001	0.1159	0.1479	0.001	0.002	0.3926	0.001	0.001	0.0869	0.0879	0.001	0.8392	0.1768	0.0899
Sg_M12_21	0.0929	0.023	0.9071	0.4426	0.4176	0.001	0.8102	0.001	0.8492	0.4715	0.9081	0.7033	0.3896	0.01	0.006	0.007	0.2358	0.1948	0.4805	0.2068	0.004	0.2198	0.008	0.3936	0.032	0.007	0.4486	0.8442	0.0639	0.8561	0.004	0.8092	0.003	0.7003	0.046	0.044	0.3027	0.1299	0.9011	0.001	0.013	0.8631	0.0939	0.3387	0.002	0.001	0.0549	0.1439	0.001	0.001	0.001	0.6683	0.001	0.2527	0.001	0.4895	0.8372	0.01	0.5974	0.1199	0.009	0.037	0.8372	0.009	0.9291	0.009	0.8781	0.2418	0.3786	0.6553	0.003	0.6264	0.005	0.3516	0.001	0.009	0.1249	0.3497	0.001	0.017	0.001	0.6014	0.2547	0.5025	0.2408	0.4825	0.0699	0.018	0.8242	0.039	0.9011	0.1099	0.0929	0.001	0.7273	0.001	0.3556	0.6933	0.001	0.001	0.009	0.001	0.002	0.7413	0.8901	0.9441	0.001	0.4955	0.4446	0.001	0.042	0.1299	0.001	0.4346	0.001	0.3177	0.3297	0.1848	0.001	0.001	0.019	0.4306	0.1598	0.1838	0.03	0.4805	0.5874	0.009	0.009	0.01	0.5215	0.2178	0.001	0.2917	0.7163	0.001	0.4545	0.001	0.6464	0.007	0.041	0.001	0.7033	0.2977	0.041	0.961	0.011	0.036	0.5714	0.2987	0.003	0.001	0.005	0.7792	0.001	0.002	0.4895	0.4635	0.016	0.4555	0.043	0.039	0.5884	0.009	0.003	0.2617	0.003	0.8352	0.037	0.993	0.001	0.3137	0.1748	0.001	0.005	0.001	0.027	0.047	0.001	0.001	0.2478	0.0569	0.8372	0.001	0.001	0.006	0.5015	0.5674	0.5814	0.0559	0.0639	0.6653	0.001	0.001	0.9131	0.0909	0.002	0.2977	0.3846	0.019	0.001	0.1788	0.0539	0.8222	0.5554	0.5634	0.2418	0.7982	0.6184	0.002	0.017	0.1179	0.023	0.7972	0.3746	0.0899	0.2847	0.001	0.0959	0.1129	0.5784	0.6074	0.0669	0.6464	0.004	0.015	0.2408	0.003	0.3646	0.001	0.037	0.977	0.4416	0.006	0.005	0.042	0.001	0.028	0.3996	0.015	1	0.001	0.1698	0.0649	0.023	0.8372	0.7842	0.001	0.2378	0.009	0.3526	0.4336	0.953	0.5195	0.004	0.2288	0.2967	0.017	0.9101	0.002	0.8881	0.9421	0.1538	0.1868	0.0639	0.4575	0.001	0.6154	0.001	0.1528	0.7403	0.3596	0.001	0.001	0.6454	0.0599	0.005	0.1389	0.1578	0.001	0.013	0.8262	0.0539	0.0849	0.028	0.02	0.8192	0.2807	0.001	0.001	0.005	0.8921	0.2368	0.1818	0.1149	0.6773	0.3826	0.978	0.006	0.6613	0.978	0.7882	0.004	0.7253	0.4645	0.3726	0.014	0.016	0.007	0.001	0.3776	0.017	0.034	0.4156	0.001	0.042	0.001	0.001	0.2687	0.3027	0.2827	0.0769	0.1968	0.001	0.002	0.003	0.001	0.028	0.9401	0.2428
Sg_M12_39	0.6943	0.001	0.1479	0.5465	0.991	0.001	0.0709	0.001	0.015	0.0529	0.0519	0.6673	0.2647	0.002	0.001	0.019	0.3836	0.011	0.0569	0.5425	0.039	0.4476	0.4555	0.1339	0.3467	0.1319	0.008	0.4486	0.3137	0.4685	0.1978	0.2358	0.5774	0.03	0.009	0.8541	0.002	0.002	0.0839	0.003	0.005	0.5085	0.984	0.6943	0.001	0.001	0.0949	0.6873	0.002	0.001	0.001	0.3107	0.001	0.1219	0.001	0.1099	0.0549	0.2617	0.9481	0.002	0.008	0.8162	0.5205	0.5714	0.3676	0.044	0.0969	0.997	0.005	0.0649	0.035	0.9001	0.007	0.2488	0.6733	0.1828	0.3047	0.1209	0.006	0.2737	0.001	0.5504	0.005	0.5784	0.6643	0.4545	0.001	0.049	0.2048	0.8721	0.4046	0.001	0.0599	0.001	0.8482	0.001	0.2458	0.4076	0.001	0.003	0.001	0.001	0.016	0.1888	0.2488	0.1508	0.001	0.2318	0.3866	0.001	0.013	0.1069	0.0829	0.7792	0.001	0.017	0.6004	0.9021	0.001	0.001	0.8002	0.0509	0.1938	0.045	0.8691	0.0989	0.4615	0.9261	0.6284	0.8841	0.3167	0.4006	0.005	0.003	0.3596	0.3876	0.5964	0.001	0.002	0.8571	0.3307	0.016	0.0649	0.5644	0.004	0.011	0.009	0.001	0.022	0.4975	0.007	0.001	0.017	0.6773	0.001	0.001	0.8172	0.0919	0.5534	0.0869	0.4066	0.0879	0.4585	0.015	0.001	0.004	0.7343	0.2378	0.001	0.2178	0.042	0.6753	0.4715	0.001	0.01	0.028	0.7652	0.8521	0.001	0.001	0.1758	0.3996	0.3387	0.8462	0.0749	0.001	0.1778	0.8631	0.2937	0.1339	0.3317	0.3896	0.001	0.005	0.0809	0.041	0.004	0.2807	0.1029	0.003	0.001	0.002	0.8172	0.1149	0.6533	0.004	0.3447	0.3596	0.1069	0.5325	0.036	0.8192	0.7463	0.024	0.4985	0.002	0.1429	0.001	0.987	0.5664	0.7483	0.1958	0.5824	0.2607	0.029	0.999	0.4505	0.002	0.011	0.001	0.001	0.5654	0.0679	0.1009	0.003	0.001	0.013	0.029	0.1608	0.049	0.001	1	0.001	0.2817	0.0959	0.0509	0.4396	0.001	0.7792	0.0789	0.2527	0.0619	0.2278	0.028	0.039	0.3277	0.024	0.0979	0.991	0.0719	0.02	0.0979	0.1099	0.002	0.0619	0.001	0.2018	0.4595	0.001	0.6933	0.3077	0.2947	0.028	0.031	0.4655	0.034	0.008	0.012	0.2388	0.001	0.03	0.02	0.1718	0.01	0.003	0.0899	0.2118	0.2228	0.001	0.044	0.001	0.5844	0.018	0.3526	0.009	0.0649	0.0729	0.1239	0.008	0.6194	0.1339	0.1958	0.0899	0.1848	0.3636	0.9201	0.002	0.016	0.1419	0.001	0.1079	0.6484	0.1119	0.016	0.001	0.8901	0.001	0.001	0.995	0.003	0.7532	0.5874	0.001	0.001	0.005	0.3636	0.001	0.7532	0.018	0.002
Sg_M12_6	0.001	0.001	0.013	0.001	0.001	0.005	0.001	0.023	0.001	0.001	0.001	0.047	0.031	0.001	0.001	0.9321	0.001	0.001	0.001	0.033	0.4555	0.004	0.0729	0.001	0.001	0.001	0.001	0.003	0.1868	0.4336	0.001	0.001	0.001	0.001	0.001	0.5824	0.001	0.2358	0.001	0.8771	0.0929	0.7433	0.001	0.034	0.001	0.004	0.008	0.001	0.005	0.001	0.6703	0.001	0.4715	0.001	0.5734	0.001	0.001	0.5954	0.1978	0.001	0.5974	0.001	0.3407	0.001	0.004	0.009	0.001	0.001	0.001	0.001	0.2557	0.3167	0.013	0.001	0.035	0.8751	0.0569	0.001	0.0919	0.001	0.001	0.001	0.001	0.8731	0.9441	0.1419	0.001	0.0519	0.001	0.001	0.001	0.001	0.001	0.042	0.041	0.011	0.3806	0.001	0.009	0.018	0.001	0.005	0.7742	0.001	0.6324	0.001	0.001	0.0699	0.001	0.5495	0.05	0.2288	0.1688	0.001	0.001	0.0769	0.001	0.001	0.1109	0.3506	0.001	0.001	0.001	0.001	0.001	0.012	0.001	0.001	0.001	0.001	0.2178	0.001	0.7233	0.001	0.004	0.001	0.001	0.9271	0.001	0.001	0.001	0.968	0.001	0.002	0.001	0.001	0.4765	0.001	0.001	0.002	0.3247	0.046	0.1209	0.7762	0.002	0.001	0.3087	0.002	0.005	0.011	0.0729	0.003	0.001	0.6464	0.001	0.001	0.001	0.001	0.001	0.001	0.8202	0.001	0.001	0.005	0.0959	0.016	0.001	0.9341	0.013	0.002	0.001	0.001	0.026	0.002	0.2338	0.1598	0.001	0.7522	0.001	0.001	0.6374	0.001	0.001	0.0879	0.001	0.001	0.014	0.001	0.002	0.047	0.001	0.001	0.5884	0.001	0.2108	0.001	0.005	0.034	0.018	0.001	0.1958	0.001	0.001	0.001	0.001	0.001	0.001	0.001	0.002	0.2158	0.4426	0.001	0.001	0.001	0.3407	0.001	0.001	0.1918	0.001	0.001	0.021	0.4555	0.7802	0.001	0.001	0.001	0.4226	0.001	0.001	0.001	0.1698	0.001	1	0.4156	0.9041	0.001	0.1908	0.006	0.001	0.001	0.004	0.002	0.7423	0.001	0.046	0.002	0.001	0.035	0.02	0.1788	0.001	0.001	0.1988	0.001	0.968	0.001	0.3716	0.001	0.006	0.001	0.001	0.001	0.3926	0.4865	0.002	0.2328	0.8741	0.001	0.035	0.2138	0.8841	0.001	0.007	0.041	0.001	0.9191	0.4965	0.002	0.1548	0.0929	0.001	0.002	0.001	0.2557	0.0809	0.001	0.001	0.004	0.3916	0.001	0.001	0.001	0.1908	0.001	0.017	0.001	0.001	0.001	0.2488	0.5724	0.4645	0.6573	0.7562	0.001	0.7173	0.002	0.001	0.8631	0.001	0.001	0.001	0.001	0.001	0.001	0.1998	0.042	0.001	0.001	0.036	0.001
Sg_M14_27	0.4565	0.3606	0.4625	0.975	0.5045	0.9051	0.8621	0.0719	0.7023	0.022	0.049	0.8212	0.7403	0.2527	0.1249	0.3846	0.2368	0.034	0.4735	0.0759	0.1339	0.0759	0.8831	0.7792	0.041	0.5145	0.4885	0.1379	0.3077	0.9391	0.2557	0.01	0.2128	0.4026	0.8122	0.4116	0.5075	0.6663	0.3367	0.9311	0.2937	0.8581	0.1778	0.5495	0.001	0.011	0.001	0.037	0.002	0.001	0.011	0.2478	0.4006	0.7023	0.6334	0.039	0.3786	0.027	0.8921	0.029	0.0879	0.968	0.001	0.6274	0.6454	0.3147	0.011	0.1019	0.3127	0.4745	0.001	0.006	0.4935	0.8521	0.0599	0.002	0.8661	0.8851	0.013	0.0969	0.001	0.0609	0.6024	0.1049	0.012	0.001	0.003	0.7502	0.036	0.2328	0.7403	0.3497	0.1279	0.1489	0.1109	0.001	0.2947	0.001	0.012	0.5624	0.4216	0.004	0.0619	0.2068	0.95	0.1748	0.3117	0.4006	0.3067	0.2957	0.005	0.046	0.979	0.3676	0.0709	0.5405	0.0699	0.9211	0.9291	0.4256	0.977	0.004	0.7433	0.6374	0.5764	0.4505	0.2977	0.7373	0.1019	0.3836	0.2667	0.6474	0.036	0.032	0.4975	0.001	0.0629	0.6394	0.4815	0.9471	0.95	0.8222	0.7972	0.0969	0.7123	0.4066	0.1489	0.2038	0.5155	0.3856	0.2058	0.3157	0.2647	0.1818	0.6923	0.4116	0.6543	0.2767	0.001	0.4745	0.0879	0.956	0.7153	0.1718	0.2218	0.4705	0.2148	0.9401	0.7393	0.0799	0.001	0.02	0.0839	0.2697	0.7073	0.5834	0.1508	0.1868	0.3636	0.6214	0.039	0.5754	0.1379	0.8601	0.001	0.0669	0.6144	0.8472	0.0939	0.989	0.001	0.9311	0.0959	0.1489	0.1159	0.001	0.994	0.5944	0.6573	0.2088	0.8981	0.2388	0.027	0.3986	0.028	0.1628	0.03	0.1269	0.3536	0.6474	0.3886	0.6843	0.8202	0.4505	0.2338	0.0939	0.1009	0.7642	0.007	0.1039	0.2228	0.7842	0.4376	0.0859	0.001	0.8901	0.2517	0.1918	0.2577	0.001	0.0769	0.992	0.0669	0.969	0.003	0.6543	0.011	0.6773	0.0749	0.002	0.0649	0.2817	0.4156	1	0.001	0.8901	0.1219	0.0959	0.5475	0.983	0.0639	0.3227	0.7872	0.8152	0.1998	0.5375	0.3876	0.007	0.1119	0.3377	0.9411	0.992	0.5205	0.039	0.9431	0.019	0.001	0.1179	0.013	0.1309	0.7592	0.014	0.011	0.001	0.1658	0.4655	0.046	0.8541	0.7812	0.1568	0.001	0.01	0.4715	0.2218	0.2697	0.5315	0.0729	0.7253	0.2058	0.5495	0.3217	0.1309	0.6583	0.9211	0.5045	0.8192	0.0829	0.1169	0.039	0.8472	0.024	0.0849	0.6374	0.8442	0.2118	0.006	0.6134	0.038	0.8182	0.8482	0.6963	0.8881	0.4695	0.003	0.0569	0.2637	0.025	0.4905	0.3397	0.8162	0.0919	0.2937	0.031	0.2038	0.1958	0.002	0.001	0.6494	0.0529	0.0929
Sg_M14_34	0.6693	0.6673	0.1299	0.5135	0.3427	0.2837	0.6454	0.2178	0.4236	0.4685	0.0609	0.0839	0.5005	0.1489	0.2657	0.005	0.4316	0.2937	0.5185	0.2737	0.974	0.9031	0.3317	0.2488	0.1309	0.6214	0.4176	0.3357	0.5175	0.1708	0.0819	0.5155	0.3886	0.9201	0.5045	0.7982	0.9201	0.4046	0.0519	0.983	0.1548	0.5834	0.4186	0.4016	0.042	0.2048	0.3866	0.5924	0.1479	0.0969	0.002	0.033	0.007	0.3586	0.4176	0.7273	0.3656	0.0889	0.0879	0.3117	0.2038	0.4755	0.001	0.2807	0.8372	0.1898	0.951	0.4805	0.1698	0.1039	0.0529	0.8921	0.002	0.037	0.9001	0.0649	0.032	0.5924	0.3536	0.7872	0.0549	0.3606	0.8591	0.2687	0.6933	0.024	0.007	0.965	0.956	0.1119	0.6993	0.1698	0.8521	0.006	0.4985	0.02	0.7183	0.967	0.001	0.5485	0.4635	0.8062	0.988	0.4535	0.1518	0.4745	0.0799	0.2847	0.8452	0.2158	0.6893	0.1339	0.9191	0.4925	0.0999	0.8122	0.998	0.6603	0.028	0.0509	0.4795	0.5485	0.7453	0.4096	0.1379	0.3996	0.2278	0.7223	0.0629	0.8372	0.7692	0.7243	0.024	0.9401	0.3227	0.03	0.6434	0.3566	0.961	0.953	0.8192	0.0869	0.3946	0.7013	0.028	0.7073	0.1169	0.7413	0.3307	0.8252	0.046	0.044	0.0999	0.0639	0.2238	0.7223	0.968	0.3816	0.021	0.4505	0.7383	0.3706	0.2258	0.4386	0.0509	0.2997	0.8681	0.1479	0.7922	0.8571	0.001	0.0909	0.5604	0.045	0.033	0.025	0.2717	0.1918	0.032	0.5734	0.2687	0.5045	0.025	0.971	0.0679	0.2288	0.8442	0.9241	0.6573	0.2627	0.004	0.4196	0.7662	0.2837	0.0879	0.1259	0.002	0.8641	0.2218	0.036	0.3397	0.4166	0.034	0.7263	0.1868	0.6434	0.3487	0.8721	0.033	0.2338	0.015	0.6743	0.6194	0.3377	0.9101	0.1648	0.5904	0.2757	0.0509	0.8262	0.2727	0.2657	0.7862	0.7193	0.026	0.8521	0.961	0.2907	0.1039	0.05	0.2148	0.1409	0.3826	0.8182	0.7393	0.6943	0.4765	0.2228	0.5994	0.001	0.023	0.0959	0.9041	0.001	1	0.9251	0.1958	0.0779	0.7732	0.2398	0.7463	0.046	0.3117	0.2857	0.1778	0.7792	0.5245	0.1608	0.996	0.001	0.2358	0.002	0.3067	0.9441	0.4056	0.3387	0.002	0.6204	0.4366	0.7972	0.5574	0.2048	0.2587	0.001	0.6983	0.4046	0.0879	0.8971	0.0969	0.2787	0.8841	0.6484	0.4126	0.1409	0.037	0.5824	0.8282	0.3556	0.9191	0.038	0.4635	0.3067	0.5165	0.1199	0.2937	0.1748	0.1928	0.1469	0.1499	0.5295	0.0609	0.6873	0.4326	0.8611	0.3237	0.4336	0.1039	0.9301	0.002	0.1489	0.8222	0.6893	0.1698	0.3367	0.05	0.035	0.3696	0.2168	0.6723	0.037	0.3457	0.2338	0.5015	0.2527	0.2537	0.001	0.036	0.0789	0.8442	0.5165
Sg_M15_10	0.001	0.001	0.018	0.002	0.001	0.9231	0.001	0.1678	0.001	0.001	0.001	0.003	0.8092	0.034	0.1688	0.0629	0.0749	0.001	0.4336	0.9331	0.965	0.009	0.006	0.001	0.002	0.014	0.001	0.9051	0.023	0.006	0.001	0.0689	0.001	0.001	0.2408	0.0519	0.001	0.0549	0.023	0.6274	0.1688	0.5165	0.001	0.984	0.006	0.007	0.7063	0.001	0.8162	0.3127	0.95	0.001	0.048	0.001	0.3766	0.001	0.001	0.002	0.8012	0.033	0.7333	0.001	0.6743	0.001	0.4496	0.003	0.012	0.001	0.001	0.001	0.009	0.1598	0.3646	0.001	0.022	0.008	0.1748	0.001	0.004	0.001	0.0569	0.001	0.001	0.1249	0.1429	0.2108	0.001	0.7343	0.034	0.002	0.001	0.1369	0.4146	0.1548	0.003	0.014	0.3367	0.002	0.5275	0.2268	0.1459	0.01	0.016	0.001	0.011	0.6623	0.036	0.5794	0.001	0.0989	0.6613	0.0579	0.985	0.001	0.1978	0.1658	0.001	0.001	0.8721	0.978	0.001	0.001	0.001	0.9491	0.001	0.001	0.001	0.001	0.001	0.001	0.3796	0.001	0.0549	0.001	0.1399	0.001	0.5255	0.3866	0.001	0.001	0.001	0.2837	0.001	0.0639	0.037	0.001	0.0759	0.007	0.001	0.1249	0.3467	0.6204	0.019	0.4505	0.002	0.001	0.5205	0.988	0.011	0.7672	0.4995	0.4595	0.001	0.2967	0.0539	0.004	0.001	0.001	0.001	0.006	0.009	0.8222	0.001	0.1079	0.005	0.018	0.001	0.6294	0.001	0.001	0.03	0.002	0.001	0.001	0.001	0.3257	0.001	0.5824	0.007	0.7183	0.3157	0.9481	0.002	0.006	0.001	0.011	0.01	0.001	0.4416	0.1079	0.005	0.001	0.979	0.002	0.1209	0.001	0.013	0.7103	0.5944	0.001	0.2917	0.2847	0.001	0.001	0.1159	0.001	0.001	0.1528	0.001	0.048	0.001	0.001	0.001	0.1319	0.008	0.001	0.001	0.2737	0.001	0.022	0.2947	0.002	0.0739	0.001	0.0739	0.001	0.048	0.8112	0.001	0.4236	0.8372	0.0509	0.001	0.8901	0.9251	1	0.7403	0.1049	0.001	0.003	0.7712	0.1369	0.019	0.001	0.4765	0.1209	0.019	0.2468	0.001	0.0619	0.001	0.001	0.029	0.001	0.0759	0.001	0.1219	0.001	0.0559	0.001	0.001	0.003	0.036	0.012	0.6374	0.1678	0.4975	0.001	0.3107	0.2887	0.043	0.001	0.009	0.2837	0.3037	0.5095	0.6593	0.7512	0.3586	0.4256	0.001	0.001	0.001	0.034	0.0839	0.001	0.001	0.7253	0.1149	0.001	0.005	0.001	0.011	0.001	0.1728	0.002	0.001	0.001	0.005	0.7672	0.0569	0.951	0.1309	0.3057	0.2328	0.036	0.001	0.5944	0.001	0.001	0.0939	0.001	0.001	0.011	0.1668	0.008	0.1469	0.001	0.3267	0.002
Sg_M15_17	0.002	0.3726	0.2188	0.5584	0.4545	0.2088	0.7752	0.6803	0.3207	0.026	0.041	0.1149	0.2907	0.049	0.0799	0.023	0.008	0.0529	0.1219	0.1538	0.3556	0.4106	0.7762	0.0759	0.979	0.003	0.6823	0.7742	0.7872	0.3227	0.8591	0.7982	0.5984	0.012	0.1329	0.4386	0.023	0.002	0.2188	0.8711	0.5115	0.3177	0.4476	0.0579	0.3726	0.1349	0.007	0.004	0.01	0.001	0.1119	0.5145	0.7612	0.0989	0.0869	0.0899	0.2857	0.8472	0.9281	0.005	0.1019	0.006	0.3447	0.5974	0.1189	0.6394	0.001	0.006	0.1339	0.2108	0.2927	0.99	0.6823	0.6973	0.968	0.8252	0.4975	0.1499	0.3107	0.014	0.025	0.011	0.036	0.5774	0.7502	0.014	0.6374	0.003	0.3477	0.7562	0.025	0.5604	0.008	0.7552	0.2218	0.0649	0.1349	0.015	0.2488	0.5974	0.1029	0.7173	0.1109	0.2178	0.0999	0.0739	0.9181	0.1329	0.001	0.4895	0.1548	0.95	0.7812	0.011	0.009	0.003	0.1029	0.043	0.8541	0.3117	0.0649	0.001	0.0619	0.018	0.013	0.003	0.0569	0.0839	0.013	0.038	0.001	0.2288	0.8082	0.011	0.3007	0.4605	0.007	0.2677	0.4565	0.2478	0.02	0.0789	0.0619	0.4186	0.1329	0.0749	0.2028	0.9221	0.2597	0.4346	0.2178	0.5445	0.1179	0.3117	0.6783	0.9011	0.3267	0.0579	0.3996	0.019	0.1548	0.008	0.3287	0.987	0.2547	0.9111	0.4316	0.8911	0.001	0.001	0.7552	0.1818	0.3197	0.4875	0.4166	0.6434	0.4615	0.4655	0.5614	0.8362	0.002	0.3167	0.2208	0.0699	0.964	0.2987	0.002	0.05	0.0999	0.022	0.4935	0.046	0.98	0.1988	0.033	0.001	0.5245	0.0669	0.024	0.002	0.6214	0.1219	0.1778	0.1139	0.1788	0.2757	0.9001	0.001	0.9011	0.0559	0.003	0.0999	0.008	0.04	0.3137	0.1748	0.03	0.7163	0.8501	0.015	0.002	0.2537	0.0929	0.002	0.6234	0.2547	0.039	0.1708	0.0579	0.8681	0.7922	0.8422	0.002	0.5085	0.5574	0.6184	0.7123	0.018	0.1349	0.001	0.7842	0.4396	0.1908	0.1219	0.1958	0.7403	1	0.8881	0.2498	0.6523	0.003	0.0529	0.007	0.1978	0.0549	0.05	0.017	0.8362	0.963	0.2697	0.1099	0.4086	0.025	0.049	0.003	0.022	0.1538	0.2537	0.3766	0.009	0.006	0.001	0.7373	0.4316	0.1409	0.2328	0.1109	0.2138	0.019	0.9441	0.4196	0.007	0.0529	0.001	0.5065	0.1009	0.0949	0.1189	0.7592	0.016	0.1918	0.9291	0.0529	0.951	0.002	0.1758	0.005	0.1399	0.0539	0.2777	0.7403	0.2757	0.012	0.9281	0.002	0.012	0.8541	0.4925	0.0569	0.1608	0.1499	0.4196	0.8362	0.001	0.9441	0.991	0.016	0.2967	0.0689	0.0609	0.002	0.2797	0.015	0.5894	0.0879	0.8442	0.963	0.031	0.966	0.1449
Sg_M15_29	0.4336	0.012	0.2957	0.8831	0.7173	0.001	0.2478	0.001	0.1049	0.1339	0.5215	0.03	0.6124	0.002	0.001	0.012	0.3177	0.033	0.6064	0.5235	0.005	0.5924	0.3177	0.6294	0.027	0.0669	0.0939	0.7562	0.045	0.3516	0.026	0.8082	0.1249	0.2388	0.007	0.1299	0.0559	0.2448	0.979	0.001	0.001	0.3207	0.1858	0.4975	0.002	0.001	0.2617	0.0949	0.001	0.001	0.001	0.8931	0.001	0.9241	0.001	0.969	0.2887	0.3037	0.5964	0.0549	0.008	0.2328	0.7133	0.1339	0.7692	0.001	0.1688	0.1728	0.1289	0.2338	0.0659	0.4306	0.002	0.7702	0.4266	0.0719	0.1319	0.6873	0.006	0.0549	0.001	0.8721	0.036	0.958	0.3177	0.1349	0.009	0.001	0.8951	0.2348	0.1289	0.019	0.0689	0.001	0.4206	0.001	0.5135	0.987	0.001	0.001	0.001	0.001	0.004	0.7972	0.6344	0.7293	0.001	0.6733	0.8432	0.001	0.004	0.017	0.001	0.4046	0.001	0.5235	0.7053	0.2527	0.003	0.001	0.4266	0.1399	0.971	0.4036	0.0769	0.4486	0.6973	0.2418	0.1149	0.1189	0.1409	0.959	0.009	0.034	0.8402	0.018	0.4605	0.001	0.1109	0.1049	0.0549	0.003	0.1628	0.9431	0.04	0.3866	0.02	0.001	0.2248	0.6933	0.016	0.001	0.013	0.3477	0.004	0.001	0.3516	0.5524	0.3846	0.5405	0.5165	0.4176	0.7033	0.001	0.003	0.002	0.0649	0.987	0.005	0.3197	0.0599	0.5954	0.3367	0.001	0.025	0.041	0.3417	0.4635	0.001	0.001	0.2368	0.4935	0.3467	0.0749	0.0589	0.002	0.955	0.9481	0.7792	0.6144	0.7323	0.979	0.001	0.001	0.6354	0.1229	0.009	0.8601	0.6983	0.1598	0.001	0.012	0.2767	0.5055	0.5055	0.0529	0.7872	0.1169	0.0739	0.2617	0.0829	0.1518	0.3257	0.1049	0.7193	0.016	0.1728	0.001	0.5145	0.1229	0.8482	0.994	0.0559	0.4096	0.032	0.0659	0.8052	0.005	0.1139	0.001	0.1049	0.3447	0.049	0.1309	0.036	0.024	0.001	0.2687	0.6024	0.013	0.001	0.001	0.006	0.0959	0.0779	0.1049	0.8881	1	0.2158	0.001	0.2897	0.5914	0.5744	0.1329	0.003	0.2278	0.1628	0.027	0.4525	0.0719	0.2707	0.6863	0.2587	0.049	0.006	0.024	0.0929	0.964	0.001	0.2757	0.8232	0.5554	0.0969	0.011	0.6773	0.0649	0.008	0.1099	0.1958	0.001	0.005	0.2927	0.007	0.1718	0.001	0.044	0.6104	0.5644	0.001	0.002	0.002	0.7532	0.2088	0.1708	0.5025	0.1259	0.1449	0.3626	0.004	0.971	0.0769	0.5435	0.2597	0.2767	0.8302	0.7143	0.002	0.008	0.028	0.001	0.7552	0.041	0.031	0.1538	0.001	0.2927	0.001	0.001	0.3267	0.044	0.2158	0.0849	0.005	0.001	0.005	0.1548	0.001	0.3107	0.1029	0.0799
Sg_M17_3	0.001	0.001	0.2118	0.001	0.001	0.3556	0.015	0.1079	0.001	0.004	0.001	0.6723	0.7982	0.0819	0.6124	0.1908	0.2557	0.001	0.024	0.1479	0.1109	0.005	0.4086	0.001	0.001	0.001	0.008	0.984	0.3087	0.2038	0.001	0.009	0.001	0.001	0.4456	0.7293	0.001	0.6793	0.001	0.021	0.1019	0.7562	0.001	0.1868	0.006	0.1299	0.3037	0.001	0.965	0.0809	0.013	0.039	0.5015	0.001	0.002	0.001	0.001	0.012	0.8741	0.008	0.2947	0.001	0.8521	0.001	0.0999	0.001	0.0879	0.001	0.001	0.003	0.026	0.8032	0.1648	0.001	0.0769	0.1668	0.5035	0.001	0.006	0.001	0.3556	0.001	0.001	0.9101	0.2737	0.8641	0.008	0.3706	0.001	0.001	0.001	0.033	0.3057	0.0569	0.023	0.8731	0.0589	0.001	0.2398	0.3147	0.8521	0.5455	0.002	0.001	0.996	0.037	0.6823	0.0939	0.001	0.003	0.7163	0.2587	0.0539	0.001	0.3866	0.6963	0.001	0.001	0.5255	0.1109	0.001	0.003	0.001	0.0859	0.001	0.001	0.001	0.001	0.001	0.001	0.7992	0.001	0.014	0.001	0.003	0.001	0.031	0.003	0.001	0.001	0.001	0.8701	0.001	0.02	0.3966	0.001	0.031	0.024	0.001	0.035	0.0869	0.2927	0.029	0.2108	0.0779	0.0789	0.1409	0.1658	0.018	0.013	0.2198	0.2128	0.01	0.1598	0.2068	0.005	0.001	0.001	0.002	0.0819	0.1918	0.1089	0.001	0.5674	0.0999	0.03	0.001	0.4945	0.4645	0.2058	0.032	0.002	0.011	0.003	0.008	0.6464	0.001	0.6184	0.001	0.1089	0.3127	0.2338	0.008	0.03	0.001	0.002	0.019	0.001	0.0779	0.3596	0.005	0.001	0.5295	0.014	0.2777	0.001	0.001	0.1039	0.1768	0.001	0.965	0.001	0.001	0.001	0.014	0.001	0.001	0.3217	0.004	0.8372	0.1159	0.001	0.001	0.3097	0.016	0.001	0.001	0.1399	0.001	0.4406	0.3796	0.2078	0.1009	0.001	0.035	0.007	0.022	0.1339	0.001	0.4006	0.2378	0.7792	0.001	0.5475	0.7732	0.001	0.2498	0.2158	1	0.001	0.4595	0.001	0.7852	0.001	0.8222	0.1469	0.005	0.4705	0.013	0.0559	0.001	0.001	0.1239	0.001	0.5185	0.001	0.2058	0.001	0.8521	0.001	0.001	0.001	0.1948	0.2677	0.025	0.1758	0.3357	0.001	0.009	0.2378	0.004	0.001	0.001	0.3107	0.4695	0.0529	0.5335	0.3516	0.1309	0.4206	0.001	0.001	0.001	0.6543	0.6673	0.001	0.001	0.7073	0.05	0.001	0.007	0.001	0.4236	0.001	0.4246	0.006	0.002	0.001	0.0969	0.002	0.2178	0.042	0.6204	0.1159	0.025	0.3297	0.001	0.0719	0.001	0.001	0.015	0.001	0.001	0.7712	0.0519	0.1179	0.4246	0.001	0.976	0.001
Sg_M17_33	0.001	0.023	0.2018	0.001	0.001	0.039	0.001	0.004	0.001	0.005	0.001	0.3047	0.6174	0.1528	0.5145	0.6124	0.7792	0.001	0.0629	0.2917	0.0809	0.2887	0.0639	0.003	0.001	0.002	0.002	0.8751	0.3377	0.5864	0.001	0.032	0.001	0.001	0.0759	0.978	0.001	0.6843	0.001	0.005	0.6114	0.6174	0.001	0.4715	0.041	0.8052	0.4266	0.001	0.7652	0.7532	0.001	0.001	0.043	0.001	0.001	0.001	0.001	0.042	0.9011	0.0829	0.0679	0.001	0.6503	0.001	0.2687	0.001	0.033	0.001	0.001	0.001	0.003	0.8132	0.7542	0.001	0.001	0.956	0.4306	0.001	0.001	0.001	0.6993	0.001	0.001	0.2597	0.7982	0.4116	0.2048	0.004	0.001	0.001	0.013	0.2028	0.4565	0.018	0.0659	0.0779	0.2517	0.001	0.009	0.2108	0.3946	0.7323	0.004	0.001	0.8232	0.0899	0.4565	0.4156	0.001	0.003	0.1668	0.026	0.2587	0.001	0.6893	0.7552	0.001	0.001	0.5035	0.007	0.001	0.004	0.001	0.1309	0.001	0.0649	0.018	0.001	0.001	0.001	0.1708	0.001	0.004	0.001	0.1239	0.001	0.022	0.001	0.001	0.001	0.001	0.0539	0.002	0.013	0.9391	0.001	0.4945	0.5784	0.001	0.0719	0.2947	0.019	0.7053	0.046	0.3087	0.8981	0.0729	0.1698	0.038	0.019	0.003	0.3197	0.018	0.011	0.4555	0.3107	0.001	0.001	0.004	0.1748	0.1049	0.0889	0.001	0.005	0.999	0.7163	0.001	0.5305	0.5465	0.3886	0.0569	0.001	0.05	0.001	0.032	0.2408	0.001	0.6464	0.001	0.3606	0.6004	0.4795	0.0749	0.3886	0.001	0.029	0.3377	0.001	0.2338	0.5465	0.3836	0.001	0.8202	0.002	0.022	0.005	0.034	0.011	0.4266	0.001	0.2937	0.034	0.001	0.001	0.017	0.001	0.001	0.7313	0.011	0.6943	0.2627	0.001	0.001	0.2288	0.006	0.001	0.001	0.2458	0.001	0.3267	0.3566	0.3067	0.1878	0.001	0.4486	0.6693	0.002	0.3267	0.002	0.3976	0.009	0.0789	0.001	0.983	0.2398	0.003	0.6523	0.001	0.001	1	0.4346	0.002	0.8771	0.001	0.0859	0.3197	0.005	0.3187	0.0759	0.978	0.001	0.002	0.0839	0.002	0.1279	0.001	0.0979	0.001	0.6763	0.001	0.001	0.005	0.009	0.0819	0.01	0.8242	0.0849	0.001	0.1219	0.016	0.0819	0.002	0.001	0.7103	0.996	0.6953	0.9011	0.4216	0.021	0.016	0.003	0.001	0.001	0.3057	0.6663	0.002	0.001	0.3437	0.3656	0.001	0.001	0.001	0.4086	0.001	0.8611	0.001	0.0769	0.008	0.6384	0.001	0.2647	0.042	0.6254	0.045	0.001	0.018	0.1169	0.006	0.001	0.001	0.001	0.001	0.001	0.3946	0.1508	0.0549	0.0799	0.001	0.8382	0.003
Sg_M21_45	0.0779	0.0889	0.6653	0.025	0.6034	0.2078	0.5624	0.011	0.0539	0.0899	0.003	0.1748	0.002	0.001	0.004	0.2258	0.0929	0.003	0.001	0.0919	0.6364	0.1019	0.6953	0.1149	0.3377	0.3187	0.4186	0.012	0.8981	0.029	0.9241	0.022	0.6663	0.013	0.001	0.0809	0.007	0.003	0.007	0.6903	0.4056	0.2837	0.2448	0.008	0.001	0.6334	0.002	0.014	0.009	0.004	0.8012	0.3666	0.2218	0.021	0.8711	0.011	0.039	0.013	0.018	0.001	0.007	0.0729	0.001	0.8511	0.001	0.995	0.001	0.2837	0.0949	0.1369	0.0649	0.2827	0.1229	0.0759	0.7433	0.0819	0.4436	0.017	0.3936	0.0849	0.003	0.0949	0.01	0.0979	0.006	0.014	0.4725	0.011	0.5355	0.5005	0.9171	0.001	0.001	0.5504	0.4835	0.3457	0.0699	0.002	0.1059	0.017	0.019	0.2148	0.037	0.0859	0.1598	0.002	0.2348	0.2018	0.0769	0.8452	0.005	0.2787	0.4985	0.0569	0.001	0.003	0.043	0.0509	0.9191	0.2677	0.5714	0.001	0.026	0.001	0.029	0.001	0.024	0.1798	0.2448	0.023	0.003	0.0939	0.2318	0.002	0.4026	0.9431	0.001	0.986	0.017	0.3666	0.0769	0.027	0.5514	0.045	0.1309	0.016	0.007	0.3347	0.023	0.009	0.041	0.2458	0.004	0.2937	0.1219	0.002	0.1788	0.003	0.5035	0.016	0.0629	0.001	0.1648	0.002	0.001	0.6523	0.3636	0.012	0.001	0.005	0.039	0.002	0.1079	0.9001	0.007	0.4076	0.5065	0.2268	0.9301	0.5844	0.2118	0.044	0.1968	0.022	0.0789	0.6114	0.02	0.4416	0.01	0.001	0.1918	0.002	0.013	0.01	0.013	0.001	0.1389	0.0889	0.001	0.002	0.1538	0.002	0.0779	0.1389	0.988	0.047	0.3906	0.002	0.1229	0.1279	0.025	0.029	0.2478	0.007	0.008	0.002	0.006	0.5814	0.8521	0.0849	0.025	0.2408	0.2667	0.004	0.024	0.7622	0.2657	0.049	0.004	0.014	0.041	0.001	0.002	0.4056	0.001	0.01	0.992	0.001	0.004	0.001	0.3526	0.2527	0.004	0.0639	0.7463	0.7712	0.003	0.2897	0.4595	0.4346	1	0.0559	0.024	0.029	0.017	0.001	0.001	0.2877	0.1089	0.5614	0.005	0.5265	0.001	0.002	0.001	0.008	0.0959	0.001	0.2587	0.1049	0.014	0.001	0.8631	0.012	0.003	0.3107	0.009	0.023	0.2817	0.6543	0.027	0.002	0.7922	0.002	0.025	0.028	0.044	0.001	0.01	0.001	0.001	0.4805	0.015	0.8961	0.001	0.012	0.002	0.001	0.008	0.1668	0.4665	0.008	0.001	0.6723	0.001	0.001	0.4505	0.017	0.0789	0.3107	0.2158	0.1329	0.2567	0.001	0.4476	0.9381	0.002	0.8222	0.0559	0.005	0.001	0.0639	0.005	0.025	0.019	0.8182	0.3796	0.2767	0.005	0.018
Sg_OA11r1_10	0.003	0.0889	0.5654	0.5105	0.3686	0.1648	0.2328	0.6074	0.2617	0.007	0.001	0.001	0.0939	0.017	0.983	0.5225	0.044	0.2028	0.004	0.3167	0.8631	0.0659	0.3856	0.002	0.1429	0.005	0.02	0.02	0.048	0.009	0.8991	0.007	0.0659	0.01	0.0649	0.011	0.001	0.001	0.1808	0.001	0.001	0.3267	0.1379	0.2288	0.019	0.3796	0.001	0.001	0.1119	0.001	0.5864	0.6074	0.5764	0.001	0.048	0.007	0.036	0.7852	0.3516	0.004	0.5814	0.007	0.5325	0.1029	0.1259	0.001	0.0609	0.001	0.001	0.0709	0.0509	0.8462	0.2088	0.032	0.8781	0.0609	0.999	0.001	0.3856	0.001	0.004	0.001	0.008	0.011	0.2897	0.002	0.042	0.2388	0.003	0.0659	0.2448	0.1958	0.1558	0.5894	0.5415	0.0589	0.3317	0.001	0.2008	0.5714	0.8352	0.6823	0.952	0.001	0.001	0.1039	0.035	0.003	0.001	0.006	0.0569	0.976	0.004	0.001	0.011	0.001	0.001	0.001	0.1888	0.7822	0.005	0.017	0.001	0.011	0.001	0.4246	0.001	0.001	0.011	0.001	0.026	0.1648	0.1159	0.001	0.02	0.0559	0.0639	0.1329	0.017	0.1449	0.001	0.7722	0.4805	0.0809	0.2837	0.001	0.7562	0.5495	0.001	0.0979	0.7742	0.8931	0.7852	0.2298	0.016	0.1029	0.6873	0.0669	0.9401	0.001	0.002	0.005	0.0609	0.7153	0.001	0.1808	0.025	0.001	0.001	0.1618	0.1708	0.023	0.011	0.3686	0.0639	0.3097	0.0589	0.8122	0.0739	0.3157	0.007	0.006	0.9151	0.2807	0.4625	0.3227	0.001	0.9471	0.019	0.006	0.0989	0.0679	0.004	0.994	0.001	0.001	0.4426	0.004	0.009	0.001	0.0839	0.009	0.0509	0.5524	0.4695	0.0999	0.001	0.006	0.8681	0.1449	0.2897	0.002	0.001	0.002	0.016	0.1139	0.0959	0.018	0.8032	0.6454	0.7343	0.039	0.001	0.032	0.0899	0.002	0.004	0.8801	0.002	0.1798	0.001	0.001	0.989	0.009	0.006	0.031	0.0679	0.004	0.002	0.001	0.4336	0.0619	0.002	0.3227	0.046	0.1369	0.0529	0.5914	0.001	0.002	0.0559	1	0.001	0.007	0.6803	0.1758	0.001	0.986	0.2118	0.2378	0.004	0.001	0.0919	0.002	0.1658	0.001	0.1259	0.019	0.045	0.001	0.022	0.001	0.8142	0.1489	0.018	0.4036	0.7552	0.0599	0.2128	0.013	0.2627	0.001	0.035	0.001	0.3077	0.2857	0.006	0.035	0.013	0.3556	0.1808	0.2567	0.1359	0.6324	0.001	0.0619	0.01	0.7143	0.8691	0.013	0.0679	0.011	0.1049	0.0969	0.1229	0.3826	0.017	0.1079	0.3706	0.1069	0.002	0.1309	0.3217	0.001	0.8791	0.5335	0.024	0.5504	0.012	0.001	0.022	0.014	0.003	0.5235	0.9021	0.3117	0.8242	0.2028	0.7413	0.01
Sg_OA11r1_12	0.2408	0.3407	0.002	0.018	0.0629	0.2458	0.4486	0.2308	0.5784	0.6923	0.5854	0.001	0.4505	0.032	0.8322	0.0579	0.3676	0.3107	0.1598	0.963	0.8432	0.2118	0.1648	0.008	0.2827	0.1658	0.6583	0.009	0.001	0.001	0.036	0.028	0.0889	0.1688	1	0.001	0.6673	0.001	0.3257	0.0559	0.001	0.5265	0.017	0.1638	0.9221	0.8392	0.001	0.2797	0.3497	0.018	0.8332	0.2707	0.2867	0.021	0.0699	0.1898	0.1928	0.007	0.7063	0.01	0.4036	0.9051	0.1489	0.1728	0.6953	0.4525	0.2767	0.4366	0.4096	0.4296	0.02	0.9281	0.2088	0.1738	0.3926	0.1239	0.0689	0.1469	0.4765	0.2697	0.1129	0.043	0.951	0.001	0.015	0.016	0.9281	0.006	0.015	0.4226	0.4795	0.003	0.1988	0.7293	0.001	0.8751	0.3736	0.026	0.8571	0.7443	0.1658	0.5045	0.01	0.1508	0.001	0.8392	0.7173	0.005	0.1009	0.019	0.002	0.027	0.0659	0.5395	0.0529	0.001	0.2438	0.5724	0.2148	0.3077	0.8042	0.6513	0.1009	0.0799	0.029	0.042	0.016	0.7972	0.016	0.1708	0.001	0.1858	0.007	0.6104	0.1379	0.5514	0.2977	0.019	0.5914	0.0709	0.5435	0.011	0.008	0.7143	0.8362	0.1009	0.0749	0.6773	0.7173	0.989	0.3586	0.7493	0.003	0.0899	0.6793	0.7522	0.2957	0.3926	0.3796	0.001	0.0849	0.03	0.1938	0.2857	0.048	0.5125	0.3976	0.2208	0.009	0.4306	0.0609	0.1089	0.4745	0.9251	0.6733	0.0619	0.7702	0.2408	0.6803	0.001	0.1319	0.1469	0.04	0.7423	0.1029	0.8122	0.1009	0.6044	0.3606	0.1279	0.1479	0.001	0.8691	0.0539	0.2448	0.0569	0.1898	0.7772	0.1269	0.001	0.5475	0.6643	0.4366	0.3576	0.8262	0.1808	0.1219	0.026	0.6903	0.2268	0.022	0.1069	0.021	0.7732	0.3047	0.4845	0.2507	0.3377	0.002	0.2747	0.3497	0.5215	0.2388	0.5934	0.012	0.8711	0.3736	0.1808	0.3556	0.6703	0.039	0.001	0.0549	0.5475	0.043	0.9301	0.4016	0.2697	0.015	0.003	0.953	0.2278	0.7423	0.7872	0.3117	0.019	0.007	0.5744	0.7852	0.8771	0.024	0.001	1	0.6803	0.7942	0.8082	0.009	0.046	0.001	0.3447	0.6573	0.2198	0.001	0.989	0.009	0.7942	0.017	0.4785	0.7443	0.3407	0.7962	0.2527	0.6533	0.0839	0.3826	0.3766	0.1299	0.8072	0.9171	0.001	0.2208	0.004	0.3307	0.001	0.4635	0.2218	0.1738	0.2737	0.003	0.002	0.7063	0.001	0.5205	0.001	0.001	0.7233	0.8661	0.4515	0.0919	0.0559	0.8771	0.8831	0.0509	0.003	0.009	0.0859	0.003	0.1598	0.005	0.0829	0.001	0.2607	0.001	0.001	0.984	0.1119	0.3906	0.961	0.4645	0.5594	0.1439	0.6454	0.7263	0.4326	0.1928	0.1329	0.3387	0.1319	0.5774	0.7922
Sg_OA11r1_9	0.001	0.001	0.007	0.002	0.001	0.0789	0.012	0.2667	0.001	0.046	0.001	0.021	0.001	0.001	0.012	0.9361	0.002	0.001	0.001	0.001	0.6883	0.2078	0.1808	0.017	0.001	0.2817	0.003	0.1009	0.1618	0.1069	0.001	0.029	0.001	0.001	0.002	0.4356	0.001	0.7263	0.1399	0.3586	0.4106	0.2847	0.041	0.1289	0.001	0.004	0.014	0.001	0.0579	0.007	0.8871	0.037	0.7832	0.001	0.7752	0.001	0.001	0.0849	0.021	0.002	0.2657	0.001	0.7502	0.001	0.001	0.003	0.001	0.001	0.001	0.001	0.7433	0.0579	0.003	0.003	0.4496	0.3816	0.001	0.001	0.2188	0.001	0.001	0.001	0.001	0.7293	0.989	0.8951	0.003	0.7752	0.004	0.007	0.0519	0.006	0.001	0.1069	0.002	0.0719	0.7882	0.001	0.4386	0.001	0.1628	0.01	0.007	0.001	0.5325	0.001	0.002	0.2607	0.001	0.7822	0.6863	0.039	0.7113	0.001	0.003	0.9281	0.001	0.001	0.1279	0.4306	0.001	0.001	0.001	0.001	0.001	0.0969	0.001	0.001	0.0709	0.001	0.2657	0.001	0.8372	0.001	0.6713	0.005	0.001	0.8821	0.001	0.001	0.001	0.4555	0.001	0.001	0.001	0.001	0.5744	0.006	0.001	0.001	0.3976	0.4186	0.6873	0.7952	0.016	0.007	0.015	0.001	0.5205	0.3017	0.005	0.001	0.001	0.8202	0.015	0.009	0.008	0.001	0.001	0.001	0.6743	0.001	0.003	0.1229	0.7283	0.0849	0.001	0.2807	0.0759	0.009	0.001	0.001	0.05	0.018	0.9411	0.4096	0.001	0.4715	0.001	0.001	0.6334	0.1009	0.001	0.7782	0.001	0.001	0.5714	0.001	0.001	0.8781	0.001	0.001	0.044	0.001	0.7752	0.001	0.1049	0.024	0.3636	0.001	0.7882	0.007	0.001	0.001	0.001	0.001	0.001	0.028	0.002	0.0519	0.1279	0.017	0.001	0.001	0.6683	0.001	0.001	0.6783	0.001	0.001	0.005	0.04	0.6953	0.002	0.008	0.002	0.8661	0.001	0.001	0.003	0.5195	0.028	0.001	0.8152	0.2857	0.001	0.1978	0.1329	0.001	0.001	0.029	0.007	0.6803	1	0.4176	0.001	0.001	0.6713	0.001	0.4545	0.001	0.001	0.9091	0.001	0.1838	0.001	0.7073	0.001	0.002	0.001	0.008	0.001	0.7642	0.6044	0.001	0.992	0.4595	0.001	0.008	0.4835	0.1279	0.001	0.0869	0.3586	0.012	0.5485	0.8631	0.001	0.1998	0.1089	0.001	0.001	0.001	0.002	0.6523	0.001	0.001	0.012	0.975	0.001	0.002	0.001	0.0599	0.001	0.012	0.001	0.001	0.001	0.5544	0.5345	0.4216	0.2587	0.7522	0.005	0.4306	0.2587	0.001	0.1638	0.002	0.001	0.001	0.001	0.001	0.007	0.6623	0.3816	0.017	0.002	0.5774	0.001
Sg_OA13r1_14	0.0789	0.0889	0.1489	0.4486	0.7762	0.001	0.6833	0.001	0.015	0.3097	0.1678	0.3327	0.004	0.0639	0.0599	0.3267	0.001	0.0579	0.002	0.0609	0.017	0.4126	0.1389	0.1399	0.2747	0.5914	0.5754	0.041	0.3337	0.2488	0.015	0.1169	0.031	0.049	0.002	0.1209	0.005	0.4805	0.5734	0.0639	0.1459	0.019	0.005	0.001	0.005	0.001	0.045	0.2018	0.02	0.003	0.041	0.8721	0.001	0.4096	0.008	0.6703	0.973	0.1938	0.002	0.015	0.3207	0.4376	0.8122	0.1998	0.008	0.1219	0.1069	0.969	0.7023	0.022	0.0569	0.1798	0.1169	0.5005	0.4076	0.2138	0.1968	0.3297	0.4306	0.964	0.004	0.3407	0.012	0.4925	0.3487	0.022	0.047	0.3826	0.3477	0.2847	0.0999	0.001	0.001	0.008	0.0959	0.005	0.7493	0.048	0.005	0.4416	0.001	0.1029	0.05	0.3536	0.9241	0.009	0.019	0.8132	0.1578	0.031	0.043	0.7882	0.008	0.6144	0.001	0.3816	0.9261	0.4266	0.1868	0.007	0.6723	0.0569	0.1548	0.004	0.5475	0.0939	0.1708	0.8492	0.9441	0.7582	0.037	0.4276	0.012	0.011	0.6773	0.7243	0.008	0.001	0.1319	0.1578	0.5934	0.4256	0.8851	0.017	0.3447	0.4036	0.6324	0.2348	0.5884	0.005	0.3756	0.001	0.6983	0.1908	0.7982	0.2967	0.002	0.003	0.3916	0.5894	0.008	0.005	0.034	0.1748	0.0659	0.4765	0.2897	0.3516	0.003	0.004	0.012	0.001	0.0929	0.007	0.6324	0.1409	0.8821	0.2587	0.0919	0.007	0.0529	0.9171	0.9481	0.1858	0.0559	0.004	0.3067	0.01	0.2567	0.003	0.1578	0.0739	0.015	0.4326	0.1898	0.002	0.0799	0.5485	0.002	0.2078	0.029	0.042	0.001	0.3437	0.4286	0.1998	0.4765	0.017	0.02	0.0949	0.7013	0.042	0.1159	0.0699	0.001	0.008	0.006	0.02	0.6084	0.2827	0.1568	0.9471	0.6024	0.048	0.043	0.6284	0.7293	0.1918	0.04	0.033	0.3177	0.5425	0.1708	0.009	0.1828	0.8082	0.0689	0.001	0.6144	0.001	0.004	0.039	0.046	0.1998	0.1778	0.4765	0.0549	0.003	0.8222	0.0859	0.017	0.6803	0.7942	0.4176	1	0.001	0.03	0.3117	0.1399	0.015	0.1319	0.3007	0.013	0.003	0.9341	0.0509	0.022	0.3317	0.0659	0.4995	0.4785	0.009	0.1379	0.021	0.014	0.2597	0.3477	0.0789	0.4046	0.004	0.004	0.1429	0.5035	0.1119	0.04	0.0549	0.6494	0.004	0.006	0.5275	0.003	0.5664	0.7453	0.5874	0.2577	0.034	0.004	0.033	0.7982	0.4875	0.1109	0.3996	0.007	0.8412	0.016	0.2867	0.1259	0.1119	0.2977	0.005	0.8272	0.0799	0.7882	0.006	0.042	0.2008	0.01	0.2218	0.035	0.028	0.3576	0.6703	0.025	0.001	0.3746	0.1848	0.002	0.1029	0.1479	0.6853
Sg_OA13r1_52	0.0529	0.009	0.2527	0.015	0.048	0.1199	0.5075	0.1099	0.005	0.8891	0.001	0.3676	0.012	0.002	0.05	0.7962	0.001	0.001	0.001	0.009	0.7263	0.1009	0.7343	0.045	0.0739	0.2018	0.3317	0.1469	0.0989	0.1968	0.3866	0.4136	0.4725	0.005	0.005	0.2937	0.001	0.1808	0.5415	0.5225	0.4985	0.3816	0.5704	0.001	0.001	0.1149	0.002	0.013	0.041	0.1439	0.6284	0.2028	0.8272	0.035	0.5195	0.014	0.032	0.982	0.004	0.009	0.1349	0.008	0.2697	0.0749	0.001	0.021	0.001	0.1808	0.013	0.016	0.1389	0.1229	0.2438	0.2128	0.8262	0.1039	0.021	0.005	0.1099	0.0819	0.0799	0.033	0.001	0.2218	0.2368	0.3497	0.04	0.0839	0.6713	0.1479	0.4036	0.001	0.001	0.5984	0.1648	0.013	0.992	0.0609	0.1449	0.007	0.043	0.1429	0.987	0.04	0.4366	0.002	0.016	0.1129	0.003	0.4116	0.044	0.1928	0.2488	0.026	0.003	0.1958	0.1039	0.036	0.3646	0.7333	0.0609	0.001	0.009	0.001	0.005	0.5984	0.023	0.025	0.1039	0.009	0.2238	0.022	0.8551	0.002	0.3586	0.4785	0.001	0.3876	0.001	0.047	0.003	0.1798	0.027	0.001	0.0529	0.0769	0.2877	0.0569	0.1269	0.002	0.2428	0.1199	0.2627	0.041	0.1219	0.0919	0.8851	0.005	0.6533	0.3616	0.1139	0.011	0.039	0.3756	0.01	0.0619	0.8741	0.004	0.001	0.001	0.0939	0.001	0.002	0.0709	0.4885	0.1648	0.041	0.9421	0.2058	0.005	0.1558	0.003	0.8252	0.2338	0.1279	0.8352	0.003	0.8042	0.012	0.003	0.7393	0.035	0.001	0.1848	0.0539	0.001	0.8811	0.005	0.001	0.1628	0.009	0.001	0.002	0.024	0.3387	0.01	0.5784	0.0609	0.5964	0.011	0.2987	0.008	0.012	0.001	0.001	0.004	0.002	0.2847	0.3836	0.3706	0.0839	0.2827	0.003	0.003	0.1139	0.3347	0.013	0.3207	0.001	0.002	0.046	0.6184	0.4945	0.6963	0.007	0.016	0.5445	0.005	0.011	0.001	0.2288	0.3277	0.002	0.5375	0.7792	0.1209	0.05	0.2278	0.1469	0.3197	0.001	0.1758	0.8082	0.001	0.001	1	0.001	0.9281	0.9471	0.2527	0.001	0.008	0.007	0.005	0.002	0.004	0.03	0.002	0.5495	0.017	0.2597	0.001	0.4126	0.0779	0.001	0.9281	0.1868	0.004	0.1828	0.1788	0.8991	0.008	0.008	0.022	0.048	0.031	0.9221	0.003	0.1838	0.003	0.001	0.007	0.02	0.0689	0.1978	0.008	0.002	0.004	0.1469	0.002	0.001	0.001	0.011	0.005	0.019	0.012	0.5355	0.002	0.6833	0.5844	0.6583	0.4026	0.3776	0.001	0.981	0.0989	0.001	0.2967	0.3387	0.002	0.001	0.01	0.003	0.003	0.1249	0.6563	0.1089	0.4975	0.1379	0.0989
Sg_OA7r2_37	0.001	0.004	0.4396	0.005	0.3257	0.031	0.005	0.1009	0.001	0.2178	0.001	0.957	0.001	0.001	0.001	0.8032	0.001	0.001	0.001	0.1159	0.1389	0.03	0.8591	0.007	0.1349	0.011	0.1299	0.002	0.9261	0.7443	0.4346	0.005	0.012	0.001	0.001	0.7632	0.001	0.018	0.015	0.5814	0.7992	0.1528	0.2298	0.001	0.001	0.001	0.001	0.001	0.002	0.001	0.3686	0.001	0.6234	0.001	0.9241	0.001	0.001	0.2428	0.001	0.001	0.0659	0.001	0.018	0.006	0.001	0.021	0.001	0.001	0.001	0.001	0.1379	0.1459	0.2198	0.0729	0.5375	0.025	0.026	0.001	0.7113	0.001	0.001	0.001	0.001	0.2108	0.0899	0.1479	0.003	0.012	0.019	0.0589	0.027	0.001	0.001	0.3207	0.008	0.042	0.3277	0.001	0.023	0.004	0.003	0.032	0.1429	0.001	0.0529	0.001	0.003	0.043	0.001	0.1399	0.002	0.3437	0.7023	0.001	0.001	0.013	0.001	0.001	0.4016	0.6004	0.001	0.001	0.001	0.001	0.001	0.4416	0.001	0.001	0.006	0.001	0.002	0.001	0.1608	0.001	0.4765	0.2018	0.001	0.5205	0.001	0.007	0.001	0.037	0.016	0.002	0.0559	0.002	0.1299	0.015	0.001	0.007	0.1499	0.2507	0.1059	0.8501	0.0859	0.005	0.015	0.001	0.2737	0.001	0.003	0.001	0.005	0.1229	0.001	0.021	0.008	0.001	0.001	0.001	0.012	0.001	0.005	0.011	0.5794	0.7892	0.001	0.032	0.02	0.045	0.003	0.018	0.6603	0.0609	0.4166	0.2977	0.001	0.0609	0.001	0.001	0.2078	0.001	0.001	0.0909	0.001	0.001	0.4905	0.001	0.001	0.002	0.002	0.001	0.005	0.001	0.5534	0.001	0.0699	0.001	0.019	0.001	0.035	0.001	0.001	0.001	0.001	0.001	0.001	0.017	0.1508	0.5534	0.018	0.0759	0.001	0.002	0.1169	0.0829	0.001	0.2308	0.001	0.002	0.001	0.4256	0.014	0.022	0.001	0.001	0.5894	0.001	0.001	0.001	0.2967	0.024	0.001	0.3876	0.5245	0.019	0.017	0.1628	0.005	0.005	0.001	0.001	0.009	0.001	0.03	0.001	1	0.2887	0.1129	0.3506	0.001	0.001	0.012	0.001	0.004	0.001	0.1449	0.001	0.001	0.001	0.033	0.001	0.8921	0.004	0.001	0.7522	0.037	0.001	0.002	0.4635	0.3307	0.001	0.0769	0.001	0.043	0.3377	0.2418	0.001	0.035	0.001	0.001	0.1299	0.001	0.1508	0.001	0.001	0.001	0.001	0.0819	0.001	0.0709	0.001	0.002	0.003	0.001	0.001	0.0939	0.001	0.3906	0.6813	0.4575	0.9011	0.2438	0.001	0.6074	0.01	0.001	0.6683	0.006	0.001	0.001	0.001	0.001	0.001	0.1898	0.1548	0.049	0.0719	0.031	0.001
Sg_OA7r2_38	0.3457	0.7612	0.3277	0.7642	0.1359	0.7363	0.4655	0.7622	0.2597	0.986	0.6104	0.4446	0.016	0.036	0.006	0.2917	0.9461	0.2947	0.003	0.012	0.8452	0.8162	0.3217	0.2478	0.05	0.2997	0.5325	0.5614	0.0659	0.04	0.026	0.982	0.2038	0.2408	0.1978	0.013	0.2488	0.6054	0.3976	0.0919	0.4306	0.7353	0.1728	0.1748	0.5504	0.001	0.2278	0.4935	0.5814	0.8202	0.003	0.3516	0.021	0.026	0.01	0.985	0.6603	0.5445	0.6813	0.2478	0.3646	0.2527	0.6344	0.3686	0.001	0.0649	0.8042	0.2318	0.7892	0.1718	0.001	0.004	0.9191	0.022	0.1568	0.01	0.6813	0.007	0.1758	0.1099	0.009	0.0729	0.2807	0.2398	0.1718	0.017	0.4685	0.002	0.3467	0.026	0.0959	0.044	0.5065	0.011	0.022	0.001	0.044	0.2168	0.05	0.0939	0.5075	0.014	0.4535	0.0759	0.2458	0.002	0.2577	0.2987	0.4226	0.001	0.2997	0.8212	0.8851	0.2907	0.9211	0.3706	0.5165	0.3866	0.1429	0.003	0.5904	0.8442	0.001	0.001	0.0549	0.002	0.022	0.4126	0.009	0.0599	0.1918	0.1928	0.1738	0.5255	0.8052	0.002	0.001	0.001	0.2098	0.1888	0.023	0.0619	0.1199	0.0939	0.5485	0.016	0.7073	0.2697	0.4486	0.035	0.5065	0.039	0.6124	0.2537	0.0639	0.7892	0.7972	0.002	0.001	0.1588	0.96	0.001	0.2797	0.6703	0.5125	0.018	0.003	0.4775	0.025	0.7842	0.014	0.001	0.5245	0.003	0.1139	0.6134	0.014	0.8462	0.1668	0.1109	0.4605	0.4146	0.3207	0.0599	0.008	0.033	0.3127	0.8482	0.1558	0.002	0.023	0.003	0.024	0.9441	0.5684	0.7502	0.3157	0.0629	0.013	0.8302	0.0829	0.2857	0.7922	0.3686	0.03	0.002	0.1169	0.2707	0.1119	0.5455	0.1079	0.0669	0.036	0.1469	0.047	0.1678	0.2647	0.008	0.0869	0.8452	0.8551	0.7143	0.6723	0.025	0.005	0.2617	0.1648	0.7483	0.3996	0.4106	0.5684	0.1299	0.4076	0.023	0.5794	0.7293	0.023	0.002	0.011	0.2228	0.017	0.0979	0.035	0.007	0.1608	0.2468	0.8362	0.027	0.4705	0.3187	0.2877	0.986	0.046	0.6713	0.3117	0.9281	0.2887	1	0.05	0.7562	0.034	0.2807	0.9211	0.3387	0.0989	0.9211	0.007	0.5974	0.016	0.3337	0.3836	0.6184	0.047	0.012	0.008	0.4765	0.8042	0.7792	0.973	0.003	0.3586	0.0949	0.3526	0.8611	0.9491	0.0899	0.8202	0.01	0.047	0.008	0.0579	0.1808	0.2517	0.2168	0.4036	0.5405	0.6034	0.021	0.987	0.3866	0.5175	0.2627	0.001	0.1988	0.001	0.4416	0.0799	0.3626	0.2897	0.011	0.5095	0.4565	0.4655	0.8851	0.005	0.2278	0.7902	0.032	0.6244	0.016	0.3966	0.5205	0.7463	0.013	0.5644	0.038	0.008	0.0679	0.973	0.5714
Sg_OA7r2_4	0.001	0.0929	0.2418	0.002	0.001	0.951	0.0939	0.3866	0.001	0.7902	0.0759	0.001	0.4036	0.3756	0.8871	0.1738	0.1838	0.001	0.4376	0.8252	0.2408	0.05	0.035	0.2577	0.005	0.012	0.1688	0.8312	0.009	0.001	0.1508	0.2008	0.0599	0.001	0.5784	0.002	0.016	0.002	0.978	0.5544	0.1888	0.3437	0.009	0.3696	0.005	0.001	0.8222	0.002	0.1129	0.0519	0.9231	0.3267	0.1768	0.2657	0.8781	0.1469	0.002	0.016	0.0909	0.024	0.4945	0.001	0.8462	0.013	0.7113	0.6264	0.3976	0.002	0.1339	0.1069	0.972	0.2777	0.6663	0.969	0.5035	0.978	0.038	0.0679	0.5514	0.001	0.0839	0.004	0.004	0.1808	0.0599	0.3487	0.3606	0.048	0.1449	0.7862	0.0829	0.7992	0.0959	0.7882	0.001	0.0629	0.5954	0.017	0.8691	0.954	0.5405	0.015	0.013	0.001	0.001	0.8511	0.0759	0.4366	0.002	0.5105	0.8382	0.2507	0.2048	0.004	0.5125	0.001	0.019	0.015	0.7163	0.2098	0.001	0.0569	0.2338	0.4755	0.0919	0.011	0.1199	0.001	0.2897	0.007	0.1309	0.018	0.952	0.002	0.1439	0.4915	0.4735	0.0819	0.002	0.0749	0.1578	0.1149	0.001	0.2877	0.1928	0.3956	0.027	0.8791	0.2468	0.7522	0.4276	0.7453	0.04	0.9281	0.6444	0.043	0.045	0.6843	0.984	0.005	0.0809	0.3736	0.021	0.7792	0.2408	0.6753	0.0939	0.027	0.0629	0.0629	0.7662	0.2208	0.4226	0.5694	0.5015	0.0669	0.013	0.967	0.985	0.003	0.007	0.4505	0.009	0.8412	0.9151	0.3586	0.022	0.033	0.016	0.3087	0.6653	0.7063	0.3427	0.029	0.007	0.4326	0.1219	0.005	0.6763	0.005	0.7333	0.012	0.5015	0.1728	0.0769	0.046	0.5764	0.4026	0.1528	0.017	0.6503	0.3017	0.015	0.017	0.7363	0.008	0.001	0.2348	0.1728	0.01	0.8761	0.009	0.049	0.0889	0.9461	0.029	0.048	0.1568	0.0969	0.0619	0.4955	0.001	0.2208	0.011	0.6394	0.5974	0.025	0.5844	0.0899	0.3157	0.9101	0.991	0.02	0.1119	0.996	0.001	0.963	0.4525	0.013	0.0759	0.1089	0.2118	0.001	0.001	0.1399	0.9471	0.1129	0.05	1	0.0579	0.005	0.038	0.4306	0.001	0.045	0.002	0.958	0.042	0.003	0.001	0.0519	0.2218	0.1149	0.7652	0.3566	0.955	0.3017	0.004	0.0689	0.014	0.8681	0.029	0.0819	0.011	0.2018	0.7572	0.0609	0.4595	0.1888	0.039	0.013	0.001	0.5974	0.0659	0.001	0.001	0.001	0.8951	0.2488	0.003	0.3067	0.008	0.0519	0.001	0.3596	0.01	0.001	0.003	0.011	0.1578	0.001	0.5085	0.4895	0.2897	0.7872	0.1199	0.047	0.0639	0.3726	0.043	0.2737	0.2278	0.006	0.006	0.2867	0.4985	0.011	0.026	0.9021	0.3516
Sg_OB03r2_1	0.5664	0.017	0.0639	0.7253	0.3067	0.016	0.3457	0.016	0.1029	0.3956	0.6144	0.2358	0.2318	0.4116	0.018	0.001	0.012	0.7712	0.005	0.1688	0.2148	0.969	0.8981	0.6533	0.8751	0.975	0.5544	0.6703	0.1988	0.0619	0.956	0.3946	0.967	0.1479	0.3497	0.041	0.018	0.4555	0.5644	0.7033	0.8032	0.969	0.2827	0.3027	0.012	0.032	0.5245	0.1229	0.0719	0.1848	0.02	0.7363	0.001	0.8402	0.0819	0.9131	0.9431	0.1149	0.0809	0.4416	0.01	0.4775	0.7393	0.2877	0.016	0.2498	0.2328	0.0569	0.7962	0.5185	0.3836	0.4086	0.8931	0.5335	0.9151	0.2837	0.3477	0.1898	0.5195	0.6274	0.03	0.0819	0.1069	0.6843	0.0609	0.8192	0.2807	0.7263	0.7722	0.7652	0.3447	0.4096	0.5315	0.006	0.0819	0.007	0.8402	0.6743	0.005	0.1339	0.6474	0.4166	0.7532	0.8641	0.4605	0.012	0.001	0.0829	0.3656	0.7572	0.9481	0.5504	0.9201	0.0809	0.023	0.4046	0.2008	0.3077	0.3696	0.003	0.0919	0.6533	0.1279	0.003	0.5864	0.8252	0.956	0.2208	0.8771	0.3127	0.8511	0.6513	0.0659	0.1179	0.2947	0.4855	0.2657	0.0559	0.018	0.4346	0.8492	0.014	0.007	0.1109	0.022	0.2278	0.001	0.9021	0.4575	0.02	0.004	0.006	0.001	0.6793	0.3646	0.0879	0.4026	0.004	0.4456	0.7522	0.02	0.013	0.001	0.5534	0.1119	0.3846	0.7273	0.0649	0.0529	0.8591	0.0569	0.1508	0.6903	0.1099	0.01	0.005	0.3247	0.1119	0.1139	0.017	0.3317	0.2917	0.6883	0.9061	0.4206	0.6953	0.0589	0.3746	0.5195	0.036	0.005	0.7003	0.5115	0.018	0.6394	0.022	0.001	0.2188	0.002	0.7852	0.1479	0.0799	0.002	0.9371	0.2707	0.0749	0.9491	0.9131	0.6204	0.9281	0.001	0.1279	0.2947	0.0579	0.037	0.2987	0.027	0.0949	0.6743	0.8102	0.1299	0.01	0.0599	0.3536	0.1179	0.0629	0.1808	0.004	0.016	0.046	0.3497	0.0839	0.2098	0.4745	0.1089	0.3427	0.8701	0.005	0.5295	0.012	0.002	0.0719	0.1788	0.3377	0.001	0.0619	0.2697	0.0719	0.0559	0.978	0.5614	0.2378	0.3447	0.4545	0.015	0.2527	0.3506	0.7562	0.0579	1	0.1618	0.002	0.4086	0.0779	0.1029	0.02	0.008	0.0539	0.015	0.0899	0.8671	0.012	0.042	0.011	0.0999	0.001	0.005	0.021	0.3427	0.0669	0.1748	0.2458	0.4695	0.7353	0.9241	0.7902	0.1499	0.1728	0.5465	0.004	0.2557	0.011	0.2717	0.0829	0.3297	0.6773	0.4086	0.1429	0.002	0.009	0.8382	0.2328	0.1838	0.0709	0.4306	0.4605	0.001	0.1748	0.001	0.012	0.1778	0.4186	0.0599	0.8092	0.0889	0.8402	0.0729	0.8182	0.2747	0.4456	0.8392	0.0829	0.046	0.002	0.006	0.046	0.003	0.8072	0.044	0.0859
Sg_OB03r2_39	0.001	0.001	0.01	0.001	0.001	0.0589	0.001	0.7722	0.001	0.001	0.001	0.005	0.004	0.001	0.002	0.6983	0.002	0.001	0.001	0.001	0.4755	0.04	0.005	0.001	0.001	0.001	0.001	0.1419	0.0679	0.1189	0.001	0.001	0.001	0.001	0.001	0.3287	0.001	0.988	0.001	0.2118	0.1508	0.8302	0.001	0.1129	0.001	0.003	0.047	0.001	0.023	0.002	0.1489	0.001	0.9481	0.001	0.0949	0.001	0.001	0.028	0.2877	0.001	0.9031	0.001	0.6803	0.001	0.001	0.001	0.001	0.001	0.001	0.001	0.013	0.011	0.005	0.001	0.003	0.2727	0.004	0.001	0.001	0.001	0.002	0.001	0.001	0.6354	0.7023	0.9241	0.001	0.1988	0.001	0.001	0.001	0.001	0.001	0.2188	0.009	0.0929	0.4765	0.001	0.4615	0.016	0.008	0.025	0.0789	0.001	0.3656	0.001	0.009	0.0759	0.001	0.05	0.5145	0.02	0.4885	0.001	0.001	0.5724	0.001	0.001	0.2008	0.5914	0.001	0.001	0.001	0.001	0.001	0.034	0.001	0.001	0.001	0.001	0.1948	0.001	0.0759	0.001	0.0959	0.001	0.001	0.2058	0.001	0.001	0.001	0.6214	0.001	0.001	0.002	0.001	0.2807	0.001	0.001	0.001	0.4216	0.3536	0.0859	0.955	0.001	0.001	0.0839	0.001	0.003	0.041	0.048	0.001	0.001	0.6004	0.002	0.001	0.001	0.001	0.001	0.001	0.1109	0.001	0.001	0.1758	0.4715	0.005	0.001	0.8422	0.015	0.001	0.001	0.001	0.01	0.001	0.006	0.1688	0.001	0.8821	0.001	0.001	0.4096	0.019	0.001	0.1698	0.001	0.001	0.021	0.001	0.001	0.4715	0.001	0.001	0.1748	0.001	0.014	0.001	0.004	0.001	0.009	0.001	0.1069	0.001	0.001	0.001	0.001	0.001	0.001	0.018	0.001	0.1009	0.4935	0.002	0.001	0.001	0.011	0.001	0.001	0.3217	0.001	0.001	0.008	0.1459	0.993	0.001	0.001	0.001	0.044	0.001	0.001	0.003	0.8881	0.02	0.001	0.9411	0.2358	0.001	0.1099	0.2707	0.001	0.001	0.005	0.004	0.6573	0.001	0.1319	0.001	0.001	0.034	0.005	0.1618	1	0.001	0.8022	0.001	0.7642	0.001	0.1329	0.001	0.024	0.001	0.001	0.001	0.0859	0.1099	0.001	0.6234	0.8811	0.001	0.02	0.7463	0.2498	0.001	0.001	0.3287	0.003	0.9201	0.5974	0.002	0.7353	0.1259	0.001	0.001	0.001	0.002	0.4695	0.001	0.001	0.009	0.3467	0.001	0.001	0.001	0.2547	0.001	0.02	0.001	0.001	0.001	0.5734	0.2727	0.2557	0.0939	0.1958	0.001	0.1918	0.007	0.001	0.6973	0.001	0.001	0.001	0.001	0.001	0.002	0.3007	0.002	0.0689	0.001	0.5405	0.001
Sg_OB03r2_6	0.001	0.003	0.8142	0.009	0.017	0.5784	0.0719	0.5445	0.001	0.003	0.004	0.7183	0.028	0.043	0.1618	0.1538	0.023	0.004	0.001	0.004	0.9431	0.1119	0.1249	0.002	0.002	0.033	0.001	0.7712	0.7443	0.2567	0.002	0.023	0.003	0.001	0.2128	0.6104	0.001	0.3776	0.0619	0.001	0.014	0.3776	0.001	0.032	0.001	0.007	0.0859	0.001	0.5235	0.009	0.1798	0.3157	0.6703	0.001	0.035	0.001	0.001	0.1469	0.041	0.003	0.8761	0.001	0.037	0.001	0.004	0.001	0.006	0.001	0.001	0.038	0.1998	0.1578	0.2777	0.021	0.02	0.7652	0.6803	0.001	0.002	0.001	0.035	0.001	0.001	0.7393	0.2418	0.4026	0.016	0.1429	0.017	0.005	0.0929	0.1518	0.014	0.8092	0.018	0.3247	0.1708	0.001	0.6424	0.7872	0.6783	0.6873	0.008	0.001	0.1768	0.001	0.0719	0.9041	0.001	0.017	0.6863	0.4585	0.0959	0.001	0.0529	0.1349	0.001	0.001	0.1998	0.6374	0.001	0.001	0.001	0.001	0.001	0.002	0.004	0.001	0.001	0.001	0.5884	0.001	0.2458	0.001	0.0709	0.004	0.001	0.0839	0.001	0.001	0.001	0.3886	0.013	0.005	0.005	0.001	0.5964	0.003	0.001	0.004	0.2967	0.9221	0.3127	0.0949	0.013	0.001	0.3077	0.002	0.5055	0.002	0.2687	0.005	0.001	0.3546	0.006	0.001	0.001	0.001	0.001	0.028	0.8042	0.0539	0.001	0.1908	0.2767	0.0719	0.001	0.5954	0.008	0.1379	0.026	0.001	0.003	0.001	0.1069	0.8661	0.001	0.7173	0.001	0.003	0.1838	0.0869	0.024	0.5085	0.002	0.001	0.008	0.001	0.003	0.0929	0.001	0.001	0.0749	0.041	0.023	0.001	0.2468	0.2847	0.5604	0.001	0.8651	0.002	0.001	0.001	0.002	0.001	0.001	0.0579	0.011	0.6653	0.4116	0.001	0.001	0.011	0.0909	0.001	0.001	0.9431	0.001	0.008	0.1009	0.8022	0.4306	0.004	0.025	0.001	0.005	0.002	0.002	0.008	0.9421	0.0979	0.001	0.992	0.002	0.001	0.4086	0.6863	0.001	0.002	0.5265	0.001	0.2198	0.001	0.3007	0.008	0.001	0.2807	0.038	0.002	0.001	1	0.3327	0.001	0.3497	0.001	0.3127	0.002	0.1049	0.001	0.001	0.001	0.6753	0.999	0.001	0.9441	0.8991	0.001	0.0559	0.4366	0.041	0.001	0.001	0.047	0.977	0.98	0.5455	0.01	0.0649	0.4376	0.001	0.002	0.006	0.7862	0.0799	0.001	0.001	0.7023	0.5445	0.001	0.2288	0.001	0.3217	0.001	0.2128	0.1359	0.017	0.007	0.011	0.1049	0.9241	0.001	0.7023	0.008	0.7772	0.951	0.001	0.5095	0.001	0.001	0.004	0.002	0.001	0.018	0.6424	0.9381	0.3177	0.002	0.3017	0.001
Sg_OB05r2_32	0.2118	0.5185	0.968	0.0799	0.6204	0.043	0.9271	0.003	0.8521	0.005	0.3397	0.019	0.01	0.002	0.022	0.1588	0.2727	0.036	0.03	0.2428	0.007	0.1638	0.2398	0.2677	0.3137	0.3167	0.5445	0.001	0.0809	0.001	0.001	0.006	0.043	0.8771	0.002	0.004	0.0869	0.001	0.4046	0.6034	0.5015	0.9171	0.001	0.001	0.006	0.2438	0.001	0.7023	0.02	0.001	0.1598	0.7443	0.958	0.7732	0.3706	0.0629	0.4845	0.001	0.015	0.001	0.2777	0.2358	0.0839	0.1459	0.2537	0.043	0.001	0.978	0.8811	0.6823	0.001	0.7852	0.1029	0.962	0.005	0.011	0.2448	0.8082	0.005	0.5604	0.004	0.6394	0.4446	0.0839	0.001	0.001	0.8501	0.032	0.1069	0.5554	0.6344	0.002	0.001	0.5325	0.2647	0.1838	0.6284	0.014	0.1369	0.1189	0.001	0.4775	0.003	0.039	0.001	0.1099	0.008	0.008	0.4945	0.1698	0.001	0.0589	0.6414	0.5385	0.002	0.001	0.6683	0.4136	0.5205	0.4625	0.0549	0.005	0.7453	0.003	0.6703	0.1598	0.2128	0.1279	0.3976	0.5804	0.001	0.1898	0.019	0.2208	0.6404	0.3317	0.027	0.4146	0.1918	0.022	0.7213	0.003	0.4585	0.0839	0.7792	0.957	0.028	0.043	0.98	0.1109	0.5155	0.1838	0.003	0.8901	0.2168	0.1289	0.8192	0.045	0.6873	0.002	0.5305	0.005	0.2268	0.006	0.001	0.0749	0.0809	0.3536	0.001	0.003	0.009	0.0619	0.5874	0.1289	0.8002	0.5155	0.0579	0.2907	0.1918	0.7842	0.007	0.015	0.1598	0.6114	0.0689	0.0979	0.3706	0.4436	0.1998	0.017	0.4006	0.001	0.1149	0.011	0.1848	0.007	0.4116	0.5255	0.006	0.001	0.008	0.8821	0.2697	0.5395	0.031	0.049	0.5994	0.0739	0.8192	0.6144	0.1818	0.002	0.4905	0.8442	0.029	0.2418	0.3896	0.0809	0.001	0.011	0.001	0.1259	0.1808	0.038	0.001	0.008	0.968	0.1828	0.0599	0.1778	0.0879	0.014	0.018	0.4326	0.011	0.7942	0.009	0.014	0.008	0.001	0.1538	0.1099	0.1988	0.5205	0.3067	0.029	0.025	0.2587	0.1239	0.0839	0.001	0.0919	0.001	0.9091	0.013	0.007	0.012	0.9211	0.4306	0.4086	0.8022	0.3327	1	0.0639	0.003	0.5285	0.038	0.1459	0.3277	0.8761	0.4605	0.1069	0.006	0.015	0.023	0.2158	0.1439	0.7413	0.7772	0.7632	0.023	0.004	0.3287	0.001	0.009	0.004	0.1658	0.006	0.001	0.001	0.017	0.018	0.5944	0.0629	0.001	0.9431	0.1479	0.1738	0.0609	0.0559	0.4855	0.962	0.036	0.1419	0.004	0.6783	0.001	0.5564	0.0899	0.3097	0.001	0.3996	0.001	0.001	0.7642	0.7333	0.002	0.6823	0.2597	0.2378	0.0709	0.5514	0.0869	0.011	0.1179	0.5055	0.0519	0.0979	0.005	0.6034
Sg_OB05r2_38	0.001	0.001	0.0809	0.001	0.001	0.024	0.001	0.042	0.001	0.047	0.001	0.1389	0.013	0.001	0.003	0.5744	0.001	0.001	0.001	0.008	0.1019	0.001	0.1069	0.001	0.001	0.002	0.001	0.003	0.1738	0.2078	0.013	0.001	0.011	0.001	0.001	0.2627	0.001	0.3397	0.002	0.5045	0.4715	0.3826	0.007	0.0639	0.001	0.002	0.001	0.001	0.002	0.001	0.97	0.001	0.1528	0.001	0.1558	0.001	0.001	0.9371	0.0799	0.001	0.3936	0.001	0.1149	0.001	0.003	0.0609	0.001	0.001	0.001	0.001	0.9311	0.1269	0.022	0.002	0.4675	0.4026	0.2058	0.001	0.6194	0.001	0.001	0.001	0.001	0.5125	0.9181	0.02	0.001	0.4685	0.001	0.002	0.001	0.001	0.001	0.0969	0.001	0.005	0.1079	0.001	0.047	0.2118	0.002	0.013	0.993	0.001	0.5834	0.001	0.002	0.024	0.001	0.9331	0.1229	0.2198	0.5684	0.001	0.001	0.1169	0.001	0.001	0.1658	0.3417	0.001	0.001	0.001	0.001	0.001	0.2248	0.001	0.001	0.001	0.001	0.1908	0.001	0.7952	0.001	0.009	0.001	0.001	0.7323	0.001	0.001	0.001	0.994	0.001	0.001	0.017	0.001	0.4406	0.001	0.001	0.004	0.4675	0.039	0.4176	0.8891	0.002	0.001	0.024	0.001	0.0719	0.05	0.024	0.001	0.001	0.7662	0.003	0.001	0.001	0.001	0.001	0.001	0.7483	0.003	0.001	0.043	0.4535	0.046	0.001	0.5734	0.036	0.007	0.001	0.001	0.0589	0.01	0.8012	0.3726	0.001	0.3866	0.001	0.005	0.8591	0.001	0.001	0.1698	0.001	0.001	0.02	0.001	0.001	0.0519	0.001	0.001	0.3506	0.001	0.6114	0.001	0.007	0.026	0.003	0.001	0.1369	0.001	0.001	0.001	0.001	0.001	0.001	0.002	0.013	0.3377	0.3297	0.001	0.001	0.001	0.8991	0.001	0.001	0.0879	0.001	0.001	0.0769	0.3447	0.8631	0.002	0.001	0.001	0.6963	0.002	0.001	0.009	0.1868	0.002	0.001	0.039	0.9441	0.001	0.049	0.049	0.001	0.002	0.002	0.002	0.989	0.001	0.003	0.005	0.001	0.3387	0.001	0.0779	0.001	0.001	0.0639	1	0.3556	0.001	0.9481	0.001	0.004	0.001	0.001	0.001	0.3387	0.3726	0.001	0.2168	0.8551	0.001	0.1149	0.2368	0.5864	0.001	0.0869	0.0649	0.001	0.9341	0.5934	0.002	0.1329	0.2388	0.001	0.002	0.001	0.4595	0.0979	0.001	0.001	0.005	0.5694	0.001	0.007	0.001	0.0789	0.001	0.003	0.001	0.002	0.001	0.3936	0.8991	0.8272	0.2008	0.987	0.001	0.4945	0.026	0.001	0.5704	0.001	0.001	0.001	0.001	0.001	0.001	0.1089	0.0979	0.001	0.001	0.026	0.001
Sg_OB05r2_8	0.7982	0.7552	0.4016	0.1638	0.4456	0.992	0.9151	0.5544	0.955	0.1738	0.0639	0.1309	0.003	0.1548	0.2298	0.002	0.1109	0.2787	0.003	0.047	0.2058	0.1479	0.2188	0.8352	0.9111	0.9171	0.8242	0.0819	0.8092	0.1279	0.1049	0.8631	0.4026	0.983	0.003	0.1129	0.5065	0.0709	0.1818	0.2438	0.034	0.044	0.4825	0.006	0.2877	0.1558	0.0729	0.8322	0.8861	0.9381	0.046	0.4955	0.001	0.1538	0.04	0.045	0.9041	0.1129	0.5634	0.1868	0.001	0.3227	0.0869	0.4376	0.0529	0.0579	0.002	0.8322	0.7872	0.1778	0.2028	0.5524	0.6733	0.8322	0.97	0.6264	0.5694	0.3277	0.3526	0.8032	0.6593	0.5654	0.7592	0.042	0.001	0.3277	0.1459	0.001	0.6484	0.5624	0.0589	0.034	0.007	0.2188	0.2717	0.022	0.7333	0.7103	0.1439	0.1508	0.2827	0.9301	0.8731	0.6603	0.003	0.006	0.2018	0.4196	0.7692	0.2917	0.6723	0.2847	0.1339	0.4935	0.4615	0.027	0.3497	0.5065	0.7373	0.002	0.7453	0.004	0.3566	0.002	0.1968	0.002	0.1109	0.6623	0.8492	0.1229	0.001	0.4096	0.1229	0.4136	0.1439	0.8152	0.001	0.0649	0.6164	0.4126	0.2438	0.001	0.1419	0.009	0.041	0.8701	0.001	0.0799	0.2877	0.038	0.001	0.017	0.001	0.6284	0.7662	0.1548	0.014	0.005	0.016	0.045	0.003	0.002	0.6533	0.5744	0.019	0.4535	0.7512	0.9271	0.03	0.1409	0.4436	0.002	0.1059	0.1678	0.011	0.001	0.7802	0.002	0.3506	0.3377	0.3087	0.6044	0.0569	0.002	0.1039	0.7592	0.7493	0.012	0.2108	0.002	0.1758	0.002	0.8591	0.001	0.7852	0.002	0.001	0.2288	0.003	0.048	0.1568	0.8831	0.2727	0.2058	0.6903	0.5235	0.5784	0.001	0.1968	0.4266	0.017	0.032	0.6154	0.5295	0.01	0.3736	0.6134	0.4885	0.8931	0.1039	0.001	0.002	0.3427	0.002	0.1279	0.5105	0.9441	0.001	0.2657	0.5235	0.044	0.0689	0.001	0.049	0.1399	0.1968	0.3207	0.001	0.2148	0.015	0.0639	0.0619	0.968	0.9431	0.4056	0.0759	0.003	0.006	0.5185	0.1279	0.001	0.1658	0.009	0.1838	0.9341	0.002	0.004	0.0989	0.045	0.1029	0.7642	0.3497	0.003	0.3556	1	0.3866	0.2448	0.03	0.1668	0.6523	0.2547	0.003	0.1269	0.4505	0.005	0.015	0.001	0.2368	0.003	0.01	0.5734	0.6444	0.0529	0.034	0.4575	0.045	0.6134	0.003	0.4625	0.001	0.6194	0.4116	0.2937	0.7712	0.019	0.7732	0.2098	0.001	0.001	0.8292	0.8482	0.4925	0.001	0.9101	0.001	0.021	0.001	0.9371	0.004	0.002	0.3726	0.0749	0.048	0.01	0.045	0.1878	0.2168	0.7652	0.961	0.9311	0.001	0.4186	0.6783	0.4076	0.001	0.5305	0.1638	0.04	0.1259	0.5854
Sg_OB24r1_18	0.001	0.001	0.011	0.002	0.001	0.012	0.002	0.1389	0.001	0.013	0.001	0.2228	0.022	0.001	0.029	0.2338	0.004	0.001	0.001	0.004	0.6084	0.008	0.0939	0.001	0.004	0.001	0.001	0.0609	0.048	0.2188	0.001	0.001	0.001	0.001	0.001	0.3147	0.001	0.7403	0.002	0.5445	0.9181	0.8472	0.001	0.1459	0.001	0.001	0.003	0.001	0.001	0.001	0.6484	0.018	0.8112	0.001	0.3127	0.001	0.001	0.2867	0.0879	0.001	0.5485	0.001	0.0599	0.001	0.002	0.006	0.001	0.001	0.001	0.001	0.5814	0.3257	0.005	0.001	0.1439	0.1848	0.004	0.001	0.1968	0.001	0.001	0.001	0.001	0.4416	0.7602	0.015	0.003	0.1379	0.001	0.001	0.002	0.001	0.001	0.1449	0.002	0.004	0.1029	0.001	0.034	0.037	0.013	0.017	0.4156	0.001	0.6374	0.001	0.004	0.016	0.001	0.5634	0.2208	0.4675	0.8501	0.001	0.001	0.4785	0.001	0.001	0.7373	0.5924	0.001	0.001	0.001	0.001	0.001	0.034	0.001	0.001	0.002	0.001	0.3497	0.001	0.5485	0.001	0.009	0.029	0.001	0.7502	0.001	0.001	0.001	0.4046	0.001	0.001	0.013	0.001	0.5495	0.001	0.001	0.001	0.9381	0.2078	0.3526	0.9431	0.003	0.001	0.01	0.001	0.6783	0.0569	0.008	0.001	0.004	0.8432	0.001	0.001	0.001	0.001	0.001	0.001	0.1459	0.005	0.001	0.026	0.5644	0.0879	0.001	0.8102	0.003	0.01	0.001	0.001	0.041	0.001	0.8422	0.047	0.001	0.8312	0.001	0.002	0.2068	0.007	0.001	0.5065	0.001	0.001	0.1389	0.001	0.001	0.1369	0.001	0.001	0.014	0.003	0.2607	0.001	0.025	0.001	0.004	0.001	0.8162	0.001	0.001	0.001	0.001	0.001	0.001	0.001	0.005	0.6384	0.4805	0.001	0.001	0.001	0.4985	0.001	0.001	0.7522	0.001	0.001	0.0879	0.1059	0.8871	0.001	0.001	0.002	0.8062	0.001	0.001	0.001	0.4575	0.001	0.001	0.019	0.3387	0.001	0.022	0.024	0.001	0.001	0.008	0.001	0.7942	0.001	0.0509	0.004	0.001	0.9211	0.002	0.02	0.001	0.001	0.5285	0.001	0.3866	1	0.3427	0.001	0.001	0.001	0.001	0.001	0.3966	0.1908	0.001	0.2877	0.5644	0.001	0.012	0.3746	0.4356	0.001	0.003	0.1508	0.001	0.7363	0.9291	0.003	0.1908	0.1399	0.001	0.001	0.001	0.014	0.3646	0.001	0.001	0.014	0.7812	0.001	0.001	0.001	0.1888	0.001	0.1229	0.001	0.001	0.001	0.5255	0.9221	0.4645	0.018	0.4376	0.001	0.9411	0.3077	0.001	0.7622	0.001	0.001	0.001	0.001	0.001	0.001	0.7972	0.6294	0.001	0.001	0.3087	0.001
Sg_OG24B2A_25	0.3037	0.1858	0.5894	0.1818	0.6024	0.003	0.6683	0.001	0.6713	0.009	0.951	0.02	0.5844	0.03	0.0969	0.1449	0.0879	0.6484	0.7702	0.4086	0.046	0.3467	0.02	0.1628	0.003	0.5375	0.0739	0.001	0.7832	0.3726	0.001	0.1219	0.001	0.4745	0.2328	0.8911	0.975	0.009	0.011	0.5315	0.1958	0.3576	0.001	0.2877	0.002	0.0549	0.001	0.8142	0.001	0.003	0.001	0.0989	0.1538	0.027	0.048	0.1249	0.1069	0.001	0.1668	0.016	0.4426	0.1359	0.002	0.1688	0.5664	0.1868	0.2827	0.987	0.008	0.1738	0.001	0.0709	0.1429	0.0829	0.001	0.001	0.4795	0.027	0.002	0.9061	0.001	0.8851	0.8691	0.002	0.1129	0.001	0.004	0.988	0.3746	0.016	0.3187	0.2687	0.001	0.004	0.5534	0.001	0.6913	0.2627	0.002	0.002	0.2198	0.013	0.001	0.7582	0.0619	1	0.001	0.1528	0.7702	0.044	0.001	0.4076	0.7043	0.6214	0.001	0.021	0.8302	0.045	0.7892	0.0659	0.049	0.024	0.039	0.5714	0.6294	0.004	0.4765	0.2438	0.01	0.2687	0.0899	0.026	0.001	0.6224	0.6464	0.001	0.2038	0.014	0.7962	0.006	0.2687	0.983	0.4286	0.5475	0.2438	0.04	0.9471	0.0589	0.036	0.8741	0.3377	0.002	0.2867	0.6893	0.4665	0.7802	0.3846	0.6933	0.001	0.3916	0.003	0.1518	0.4995	0.0679	0.019	0.1399	0.003	0.1698	0.1029	0.9031	0.001	0.4765	0.98	0.01	0.026	0.7882	0.003	0.1868	0.7662	0.2987	0.01	0.1658	0.1089	0.001	0.001	0.2727	0.7562	0.0729	0.967	0.1688	0.001	0.1808	0.047	0.1239	0.4565	0.007	0.7313	0.0869	0.2178	0.003	0.4316	0.9091	0.002	0.3696	0.024	0.4505	0.013	0.006	0.6523	0.014	0.8621	0.7832	0.995	0.5834	0.7952	0.7852	0.5385	0.023	0.001	0.5295	0.1638	0.2318	0.7972	0.4805	0.001	0.049	0.1239	0.3247	0.8791	0.001	0.5614	0.1129	0.1698	0.0759	0.002	0.9061	0.002	0.4745	0.973	0.001	0.001	0.2018	0.3716	0.001	0.002	0.1219	0.1538	0.0929	0.2058	0.0979	0.0959	0.1259	0.017	0.7073	0.022	0.03	0.1449	0.007	0.958	0.008	0.1329	0.3127	0.038	0.9481	0.2448	0.3427	1	0.8422	0.002	0.8641	0.006	0.001	0.001	0.001	0.7892	0.9471	0.4036	0.6144	0.2018	0.0859	0.001	0.2817	0.2917	0.005	0.3936	0.2318	0.7882	0.4955	0.001	0.7642	0.7343	0.1608	0.5165	0.981	0.005	0.8921	0.7942	0.4895	0.2707	0.5035	0.019	0.4206	0.041	0.5534	0.2777	0.1199	0.8831	0.0529	0.3307	0.033	0.044	0.6913	0.8731	0.006	0.006	0.0739	0.0819	0.0559	0.3247	0.3327	0.039	0.2597	0.5854	0.021	0.2637	0.001	0.001	0.001	0.048	0.97
Sg_OG24B2A_39	0.001	0.027	0.035	0.005	0.01	0.9371	0.001	0.6324	0.001	0.0729	0.001	0.1289	0.009	0.001	0.003	0.3427	0.014	0.001	0.001	0.7413	0.3796	0.002	0.6094	0.001	0.008	0.004	0.001	0.02	0.0649	0.977	0.002	0.002	0.002	0.001	0.001	0.8931	0.001	0.2148	0.001	0.3596	0.8931	0.1608	0.001	0.1518	0.001	0.016	0.006	0.001	0.0639	0.046	0.2168	0.001	0.6334	0.001	0.035	0.001	0.001	0.3816	0.3097	0.001	0.023	0.001	0.1858	0.001	0.004	0.012	0.001	0.001	0.001	0.001	0.7043	0.3417	0.4156	0.001	0.1948	0.956	0.005	0.001	0.1049	0.001	0.004	0.001	0.001	0.3107	0.1678	0.0979	0.0559	0.001	0.002	0.001	0.005	0.001	0.001	0.7752	0.03	0.0899	0.2438	0.001	0.5534	0.0909	0.1339	0.012	0.7942	0.001	0.8212	0.013	0.1658	0.6613	0.001	0.013	0.2398	0.1668	0.6414	0.001	0.006	0.0689	0.001	0.001	0.6184	0.1938	0.001	0.001	0.001	0.001	0.001	0.4246	0.001	0.001	0.001	0.001	0.036	0.001	0.6803	0.001	0.0609	0.01	0.001	0.0819	0.001	0.001	0.001	0.1149	0.001	0.007	0.007	0.001	0.0849	0.2328	0.001	0.009	0.0859	0.8432	0.2597	0.4246	0.01	0.003	0.008	0.033	0.0979	0.1029	0.04	0.001	0.007	0.5864	0.002	0.0719	0.006	0.001	0.001	0.001	0.8551	0.001	0.001	0.7473	0.2647	0.7343	0.001	0.2587	0.3237	0.0579	0.001	0.001	0.2537	0.001	0.7562	0.7003	0.001	0.1319	0.001	0.002	0.7512	0.001	0.007	0.2847	0.001	0.001	0.9351	0.001	0.003	0.2158	0.016	0.001	0.2717	0.001	0.7562	0.001	0.1119	0.006	0.042	0.001	0.2837	0.004	0.001	0.001	0.001	0.001	0.001	0.3526	0.4026	0.3616	0.0699	0.001	0.001	0.001	0.8312	0.001	0.001	0.1578	0.001	0.002	0.026	0.995	0.0929	0.001	0.001	0.001	0.5385	0.001	0.001	0.025	0.6154	0.4595	0.001	0.1179	0.6204	0.001	0.2537	0.964	0.001	0.001	0.001	0.019	0.4785	0.001	0.3317	0.002	0.001	0.5974	0.042	0.0539	0.001	0.002	0.1459	0.001	0.03	0.001	0.8422	1	0.1449	0.001	0.001	0.001	0.5395	0.8531	0.005	0.7672	0.014	0.001	0.016	0.979	0.8511	0.001	0.003	0.0609	0.1149	0.8601	0.047	0.002	0.8182	0.007	0.001	0.004	0.001	0.1279	0.1878	0.001	0.001	0.001	0.041	0.001	0.0739	0.001	0.2747	0.001	0.03	0.001	0.049	0.004	0.1928	0.047	0.4146	0.7642	0.1319	0.002	0.5015	0.015	0.001	0.0679	0.001	0.001	0.001	0.001	0.001	0.034	0.1039	0.4995	0.2837	0.001	0.043	0.001
Sg_OG24B2A_8	0.3836	0.002	0.1938	0.983	0.3127	0.001	0.013	0.001	0.035	0.2108	0.016	0.1908	0.2987	0.001	0.029	0.01	0.2068	0.001	0.3796	0.3187	0.01	0.3467	0.8052	0.3656	0.2717	0.1678	0.035	0.2338	0.1429	0.3287	0.968	0.1638	0.7872	0.002	0.02	0.0989	0.001	0.2537	0.8002	0.007	0.0659	0.6793	0.6693	0.4386	0.001	0.001	0.016	0.3876	0.001	0.001	0.001	0.1878	0.001	0.2198	0.001	0.036	0.002	0.2078	0.6294	0.001	0.4396	0.992	0.2637	0.6244	0.986	0.0529	0.02	0.3267	0.012	0.027	0.002	0.1998	0.001	0.1049	0.011	0.001	0.005	0.0829	0.008	0.3946	0.001	0.0549	0.003	0.3546	0.6753	0.1239	0.028	0.016	0.039	0.8002	0.4985	0.012	0.035	0.001	0.006	0.001	0.9101	0.028	0.001	0.001	0.005	0.001	0.029	0.047	0.951	0.5355	0.001	0.2288	0.025	0.002	0.019	0.3007	0.5894	0.1179	0.001	0.4256	0.006	0.2957	0.001	0.001	0.2947	0.003	0.3866	0.1728	0.5245	0.5475	0.1259	0.7443	0.1259	0.5934	0.4995	0.1708	0.002	0.001	0.6923	0.016	0.6973	0.001	0.039	0.9191	0.5674	0.009	0.009	0.4615	0.028	0.04	0.0879	0.002	0.0759	0.964	0.3736	0.001	0.024	0.7253	0.002	0.001	0.2268	0.4256	0.0729	0.1948	0.012	0.0549	0.3636	0.0669	0.003	0.1289	0.8561	0.002	0.001	0.4036	0.001	0.8621	0.2248	0.001	0.042	0.1538	0.9001	0.7642	0.001	0.001	0.01	0.7403	0.8382	0.2138	0.001	0.001	0.012	0.4206	0.024	0.042	0.004	0.3836	0.001	0.1109	0.001	0.003	0.0609	0.0969	0.3027	0.0619	0.001	0.001	0.0639	0.5005	0.3586	0.005	0.7702	0.0789	0.044	0.6434	0.3666	0.5045	0.2707	0.019	0.7363	0.001	0.001	0.001	0.8412	0.1239	0.2338	0.6034	0.6573	0.003	0.001	0.7812	0.3956	0.0869	0.008	0.001	0.036	0.1958	0.8631	0.6354	0.001	0.001	0.001	0.028	0.015	0.002	0.001	0.001	0.006	0.013	0.4366	0.0559	0.3766	0.001	0.8521	0.6763	0.2587	0.045	0.7443	0.002	0.0659	0.5495	0.001	0.016	0.003	0.015	0.024	0.1049	0.3277	0.004	0.1668	0.001	0.002	0.1449	1	0.1209	0.2048	0.004	0.006	0.001	0.986	0.3167	0.2158	0.001	0.5215	0.001	0.2438	0.002	0.1838	0.1329	0.001	0.4016	0.8192	0.2957	0.001	0.002	0.001	0.001	0.0619	0.002	0.2118	0.006	0.002	0.1868	0.1998	0.018	0.8801	0.021	0.1049	0.001	0.4635	0.003	0.001	0.001	0.0569	0.001	0.7453	0.997	0.012	0.036	0.001	0.8462	0.001	0.007	0.1159	0.004	0.024	0.7413	0.003	0.001	0.1858	0.012	0.001	0.8152	0.8472	0.001
Sg_OM21r1_55	0.001	0.001	0.1678	0.001	0.001	0.7562	0.001	0.0889	0.001	0.003	0.001	0.7952	0.5215	0.001	0.0779	0.7872	0.021	0.001	0.005	0.5125	0.4715	0.001	0.1748	0.001	0.001	0.001	0.001	0.009	0.6833	0.2797	0.001	0.001	0.001	0.001	0.021	0.8671	0.001	0.3037	0.001	0.005	0.1998	0.7113	0.001	0.2707	0.001	0.041	0.002	0.001	0.015	0.001	0.02	0.001	0.4386	0.001	0.001	0.001	0.001	0.0919	0.3596	0.001	0.6963	0.001	0.3187	0.001	0.041	0.001	0.001	0.001	0.001	0.001	0.5984	0.5335	0.8731	0.001	0.0959	0.4346	0.2478	0.001	0.011	0.001	0.007	0.001	0.001	0.8432	0.5495	0.0729	0.002	0.03	0.001	0.001	0.001	0.019	0.001	0.4276	0.002	0.1948	0.003	0.001	0.3636	0.7373	0.1648	0.1738	0.1239	0.001	0.7493	0.022	0.2458	0.037	0.001	0.001	0.3766	0.2797	0.1958	0.001	0.008	0.041	0.001	0.001	0.1708	0.1119	0.001	0.001	0.001	0.004	0.001	0.018	0.001	0.001	0.001	0.001	0.1299	0.001	0.1668	0.001	0.001	0.001	0.003	0.007	0.001	0.001	0.001	0.4825	0.001	0.014	0.1309	0.001	0.4515	0.0659	0.001	0.017	0.6274	0.2348	0.2827	0.6633	0.0569	0.001	0.1359	0.0929	0.005	0.01	0.023	0.015	0.001	0.0939	0.022	0.001	0.001	0.001	0.001	0.001	0.3437	0.015	0.001	0.8931	0.1489	0.1698	0.001	0.1998	0.8492	0.1239	0.001	0.001	0.017	0.001	0.1668	0.5175	0.001	0.4456	0.001	0.016	1	0.002	0.001	0.2977	0.001	0.001	0.1778	0.001	0.015	0.1139	0.002	0.001	0.1309	0.001	0.8861	0.001	0.001	0.001	0.0829	0.001	0.4196	0.001	0.001	0.001	0.004	0.001	0.001	0.023	0.0789	0.6304	0.8152	0.001	0.001	0.003	0.4645	0.001	0.001	0.6184	0.001	0.04	0.1568	0.3796	0.8661	0.001	0.004	0.005	0.1778	0.012	0.001	0.003	0.1528	0.6933	0.001	0.1309	0.7972	0.001	0.009	0.2757	0.001	0.001	0.1049	0.001	0.3407	0.001	0.4995	0.017	0.001	0.3337	0.001	0.0899	0.001	0.001	0.8761	0.001	0.6523	0.001	0.8641	0.001	0.1209	1	0.001	0.001	0.2667	0.6314	0.025	0.1868	0.5055	0.001	0.002	0.2777	0.038	0.001	0.001	0.019	0.1339	0.3586	0.8282	0.1239	0.5245	0.1469	0.001	0.001	0.001	0.4615	0.0959	0.001	0.001	0.1508	0.8022	0.001	0.003	0.001	0.8392	0.001	0.1558	0.001	0.001	0.001	0.1369	0.009	0.5544	0.1409	0.2138	0.001	0.012	0.021	0.001	0.003	0.001	0.001	0.001	0.001	0.001	0.5295	0.6683	0.0599	0.7283	0.001	0.2438	0.001
Sg_P15_12	0.001	0.003	0.1548	0.002	0.003	0.5375	0.043	0.1878	0.001	0.044	0.001	0.0539	0.1409	0.032	0.01	0.8891	0.4306	0.001	0.0849	0.2837	0.7383	0.032	0.013	0.001	0.002	0.013	0.001	0.3137	0.4535	0.5105	0.001	0.0589	0.001	0.001	0.001	0.7233	0.001	0.6074	0.001	0.6374	0.7942	0.5435	0.002	0.0759	0.005	0.1189	0.2647	0.001	0.8142	0.0589	0.017	0.006	0.4116	0.001	0.012	0.002	0.001	0.2068	0.8611	0.005	0.04	0.001	0.2208	0.001	0.3846	0.3516	0.0799	0.001	0.001	0.001	0.031	0.7532	0.1558	0.001	0.001	0.1628	0.5934	0.001	0.004	0.001	0.3516	0.001	0.001	0.6294	0.965	0.4915	0.021	0.015	0.009	0.001	0.011	0.038	0.3856	0.7263	0.0669	0.7343	0.1608	0.007	0.5544	0.968	0.1459	0.6394	0.0849	0.004	0.2208	0.0569	0.2877	0.8501	0.001	0.2807	0.3487	0.986	0.8661	0.001	0.5584	0.3417	0.001	0.001	0.1708	0.4625	0.001	0.015	0.001	0.048	0.001	0.0769	0.004	0.001	0.001	0.001	0.038	0.001	0.007	0.001	0.5325	0.001	0.012	0.03	0.001	0.001	0.001	0.0939	0.006	0.0859	0.3237	0.001	0.2198	0.015	0.001	0.3646	0.2268	0.8561	0.5435	0.5684	0.1009	0.0849	0.3946	0.1548	0.003	0.2667	0.1768	0.1758	0.3546	0.3087	0.043	0.1179	0.001	0.012	0.001	0.016	0.042	0.0989	0.017	0.036	0.2757	0.8701	0.001	0.1828	0.0639	0.1479	0.0549	0.002	0.0879	0.001	0.003	0.2318	0.001	0.1958	0.007	0.1339	0.1329	0.021	0.019	0.5375	0.001	0.005	0.8172	0.001	0.0649	0.3397	0.017	0.001	0.7173	0.003	0.1469	0.002	0.029	0.1309	0.0909	0.001	0.3127	0.0869	0.005	0.001	0.038	0.001	0.001	0.2627	0.028	0.5584	0.2358	0.001	0.001	0.022	0.043	0.001	0.001	0.1688	0.001	0.1918	0.1898	0.0779	0.3686	0.004	0.022	0.001	0.2198	0.0579	0.001	0.4336	0.7403	0.3077	0.001	0.7592	0.5574	0.001	0.006	0.8232	0.001	0.001	0.014	0.022	0.7962	0.008	0.4785	0.2597	0.033	0.3836	0.0519	0.8671	0.001	0.001	0.4605	0.001	0.2547	0.001	0.006	0.001	0.2048	0.001	1	0.009	0.024	0.005	0.0899	0.6713	0.0709	0.003	0.2917	0.6414	0.004	0.001	0.1049	0.4446	0.042	0.9251	0.2268	0.1299	0.4745	0.0599	0.001	0.002	0.001	0.5185	0.7812	0.006	0.001	0.2028	0.2627	0.001	0.001	0.022	0.7792	0.002	0.5455	0.001	0.2488	0.019	0.5495	0.0599	0.2827	0.1319	0.8302	0.7433	0.0589	0.1528	0.009	0.1538	0.001	0.001	0.024	0.0929	0.001	0.1469	0.2737	0.01	0.98	0.001	0.5245	0.001
Sg_P15_15	0.001	0.001	0.2557	0.009	0.042	0.0519	0.007	0.4246	0.001	0.5534	0.001	0.5215	0.001	0.001	0.049	0.8412	0.02	0.001	0.001	0.014	0.0989	0.0889	0.7722	0.011	0.007	0.007	0.027	0.025	0.2418	0.8631	0.4106	0.035	0.0979	0.001	0.001	0.961	0.001	0.0919	0.041	0.2048	0.0879	0.2927	0.027	0.017	0.001	0.007	0.001	0.001	0.001	0.001	0.8791	0.018	0.8462	0.001	0.1159	0.001	0.002	0.3307	0.2288	0.001	0.0719	0.003	0.001	0.011	0.001	0.016	0.001	0.001	0.001	0.001	0.039	0.3017	0.1528	0.013	0.5185	0.016	0.006	0.001	0.1499	0.001	0.002	0.001	0.001	0.006	0.5405	0.025	0.0889	0.004	0.023	0.015	0.021	0.004	0.001	0.0929	0.042	0.002	0.1798	0.001	0.1738	0.02	0.0539	0.028	0.5664	0.005	0.1299	0.001	0.015	0.009	0.001	0.1089	0.006	0.6723	0.6543	0.001	0.002	0.016	0.001	0.001	0.974	0.4935	0.001	0.001	0.001	0.001	0.001	0.1798	0.001	0.001	0.004	0.001	0.001	0.001	0.6533	0.001	0.2218	0.5694	0.001	0.6114	0.001	0.001	0.001	0.0959	0.021	0.001	0.0659	0.002	0.6114	0.045	0.005	0.001	0.3377	0.5714	0.4016	0.9451	0.019	0.01	0.0979	0.001	0.3766	0.009	0.001	0.001	0.001	0.5395	0.001	0.001	0.006	0.001	0.001	0.001	0.029	0.001	0.001	0.0809	0.0899	0.0619	0.001	0.2577	0.1119	0.027	0.002	0.001	0.4655	0.005	0.1199	0.4545	0.001	0.0759	0.002	0.001	0.006	0.004	0.001	0.1618	0.001	0.001	0.4306	0.001	0.001	0.008	0.002	0.001	0.002	0.002	0.4915	0.001	0.6284	0.001	0.5105	0.004	0.3786	0.001	0.001	0.001	0.001	0.001	0.001	0.1489	0.1459	0.6014	0.01	0.1179	0.001	0.001	0.047	0.001	0.001	0.1928	0.001	0.001	0.027	0.8252	0.001	0.025	0.001	0.001	0.9361	0.001	0.001	0.001	0.3596	0.2947	0.001	0.014	0.2048	0.003	0.001	0.5554	0.001	0.005	0.001	0.001	0.2527	0.001	0.009	0.001	0.001	0.6184	0.2218	0.012	0.001	0.001	0.1069	0.001	0.003	0.001	0.001	0.001	0.004	0.001	0.009	1	0.967	0.002	0.001	0.6963	0.0799	0.001	0.034	0.7083	0.8901	0.001	0.0549	0.006	0.2637	0.2178	0.8322	0.001	0.4216	0.029	0.001	0.001	0.001	0.019	0.03	0.001	0.001	0.002	0.1379	0.001	0.0759	0.001	0.002	0.001	0.003	0.001	0.034	0.001	0.7133	0.5455	0.2068	0.3826	0.8212	0.001	0.9411	0.0889	0.001	0.6563	0.001	0.001	0.001	0.001	0.001	0.002	0.1229	0.2418	0.012	0.002	0.5904	0.001
Sg_P15_2	0.2917	0.6284	0.6733	0.014	0.1019	0.001	0.3027	0.001	0.4775	0.003	0.2388	0.3007	0.05	0.6304	0.1089	0.0629	0.1039	0.4346	0.2557	0.2967	0.3447	0.6763	0.013	0.1159	0.5055	0.2188	0.02	0.4575	0.7243	0.3497	0.001	0.0699	0.001	0.1858	0.4955	0.4805	0.9001	0.0739	0.0609	0.8581	0.7662	0.041	0.001	0.9261	0.003	0.009	0.013	0.4266	0.009	0.005	0.005	0.0999	0.018	0.012	0.001	0.8092	0.013	0.001	0.1069	0.003	0.0869	0.2987	0.01	0.006	0.4515	0.006	0.5325	0.5594	0.031	0.1988	0.001	0.7522	0.0919	0.025	0.001	0.001	0.5295	0.017	0.001	0.2228	0.001	0.8861	0.4745	0.954	0.7592	0.007	0.1818	0.005	0.6543	0.003	0.2038	0.3676	0.0689	0.1369	0.1948	0.008	0.3167	0.9081	0.003	0.1479	0.6653	0.2847	0.1898	0.8831	0.7972	0.964	0.017	0.975	0.1249	0.033	0.0779	0.5335	0.6513	0.0839	0.046	0.1069	0.5035	0.028	0.2098	0.001	0.003	0.6803	0.013	0.1239	0.022	0.1459	0.5325	0.009	0.006	0.0799	0.7413	0.001	0.001	0.6933	0.9431	0.001	0.7912	0.001	0.8372	0.001	0.002	0.0559	0.5365	0.4306	0.1728	0.019	0.0879	0.4885	0.005	0.9281	0.1039	0.002	0.3516	0.7892	0.5185	0.6673	0.04	0.3427	0.001	0.96	0.2378	0.02	0.2947	0.4276	0.0759	0.8911	0.035	0.8232	0.6414	0.8362	0.001	0.978	0.011	0.033	0.1119	0.1249	0.003	0.2168	0.99	0.3916	0.2258	0.1199	0.5105	0.001	0.001	0.2787	0.3117	0.1618	0.9381	0.0639	0.002	0.9471	0.5085	0.2178	0.8681	0.5604	0.1039	0.011	0.2198	0.046	0.5694	0.4066	0.2917	0.1798	0.001	0.3816	0.024	0.3866	0.6204	0.009	0.3207	0.5934	0.2827	0.2278	0.5395	0.6603	0.9101	0.016	0.003	0.4955	0.2038	0.2817	0.0669	0.9321	0.001	0.1479	0.0669	0.0769	0.2258	0.0809	0.8501	0.964	0.8871	0.0659	0.2787	0.5455	0.001	0.025	0.8082	0.1688	0.001	0.028	0.3926	0.011	0.2587	0.036	0.7373	0.0969	0.1948	0.009	0.8631	0.8142	0.6533	0.7642	0.1379	0.4126	0.8921	0.047	0.1149	0.042	0.0859	0.6753	0.006	0.3387	0.1269	0.3966	0.001	0.5395	0.006	0.2667	0.024	0.967	1	0.001	0.6074	0.5485	0.0759	0.9231	0.2188	0.022	0.005	0.5974	0.039	0.1658	0.2577	0.0689	0.1119	0.049	0.012	0.002	0.7013	0.1918	0.2348	0.8511	0.031	0.6623	0.7333	0.6144	0.1289	0.0829	0.01	0.998	0.012	0.2018	0.1129	0.6783	0.4006	0.1608	0.2028	0.027	0.5245	0.2697	0.6124	0.6893	0.019	0.1668	0.2198	0.0579	0.016	0.2877	0.6194	0.018	0.4036	0.007	0.0839	0.001	0.001	0.001	0.1558	0.3337
Sg_P15_21	0.2927	0.5215	0.8492	0.0509	0.1588	0.004	0.1758	0.001	0.3646	0.014	0.956	0.027	0.0689	0.0819	0.3676	0.1179	0.3636	0.3267	0.4505	0.4945	0.041	0.5794	0.0679	0.1239	0.006	0.3107	0.0659	0.026	0.7323	0.3477	0.001	0.0509	0.001	0.3786	0.3087	0.6703	0.7762	0.023	0.003	0.2937	0.1139	0.1169	0.001	0.1518	0.001	0.02	0.001	0.981	0.001	0.001	0.002	0.01	0.3247	0.032	0.003	0.4386	0.4016	0.001	0.048	0.005	0.6354	0.034	0.001	0.05	0.3846	0.018	0.0619	0.4775	0.018	0.0769	0.001	0.1998	0.4675	0.022	0.001	0.001	0.6484	0.0569	0.001	0.8781	0.001	0.6214	0.4366	0.008	0.0539	0.001	0.022	0.3746	0.6144	0.009	0.3826	0.8272	0.002	0.044	0.3636	0.001	0.7512	0.2018	0.001	0.01	0.3117	0.014	0.002	0.9391	0.032	0.6394	0.001	0.2108	0.6414	0.0659	0.001	0.006	0.6853	0.3846	0.001	0.0849	0.4545	0.1429	0.8941	0.006	0.026	0.006	0.032	0.1758	0.3566	0.009	0.7962	0.2817	0.002	0.1778	0.2108	0.014	0.001	0.4955	0.4346	0.001	0.4625	0.001	0.5135	0.014	0.0679	0.7323	0.1459	0.4466	0.4176	0.047	0.7493	0.9431	0.031	0.965	0.6743	0.005	0.4486	0.5674	0.7483	0.6154	0.02	0.3506	0.001	0.5365	0.001	0.011	0.6404	0.002	0.006	0.7043	0.011	0.7043	0.0919	0.8951	0.001	0.4635	0.4386	0.002	0.0579	0.6204	0.001	0.3077	0.4096	0.1758	0.029	0.037	0.3347	0.005	0.001	0.1119	0.987	0.0879	0.8142	0.016	0.001	0.4216	0.008	0.2298	0.7453	0.001	0.9231	0.1029	0.1868	0.008	0.4116	0.8382	0.001	0.0899	0.003	0.6404	0.005	0.039	0.996	0.001	0.6484	0.4416	0.8821	0.2667	0.7782	0.9441	0.7752	0.042	0.001	0.8681	0.1129	0.3866	0.2468	0.967	0.001	0.021	0.1479	0.6164	0.6983	0.001	0.7463	0.1159	0.2667	0.0699	0.002	0.5514	0.001	0.1119	0.6733	0.001	0.001	0.031	0.4865	0.001	0.001	0.012	0.4316	0.011	0.2677	0.0819	0.012	0.1489	0.0839	0.6044	0.021	0.0779	0.004	0.012	0.7652	0.011	0.1099	0.999	0.015	0.3726	0.4505	0.1908	0.001	0.8531	0.001	0.6314	0.005	0.002	0.001	1	0.99	0.9241	0.6743	0.4326	0.8382	0.034	0.001	0.1618	0.1958	0.004	0.5135	0.1139	0.1039	0.04	0.001	0.4925	0.7393	0.2557	0.3996	0.9171	0.015	0.7712	0.7912	0.1558	0.5485	0.0649	0.035	0.4126	0.006	0.7672	0.2667	0.3806	0.5265	0.02	0.3566	0.008	0.0999	0.969	0.8492	0.001	0.002	0.014	0.021	0.1009	0.6314	0.2248	0.018	0.2887	0.3337	0.005	0.3896	0.001	0.001	0.001	0.3706	0.4276
Sg_P22_10	0.026	0.003	0.011	0.011	0.1139	0.2368	0.03	0.7552	0.002	0.7782	0.001	1	0.001	0.001	0.001	0.7842	0.012	0.002	0.001	0.001	0.8402	0.5065	0.9001	0.5345	0.003	0.4925	0.1359	0.8292	0.995	0.5255	0.035	0.4136	0.014	0.003	0.001	0.3796	0.001	0.6603	0.0729	0.031	0.4925	0.009	0.3696	0.003	0.003	0.4905	0.032	0.038	0.8961	0.0959	0.1079	0.023	0.8571	0.012	0.2907	0.001	0.006	0.8282	0.006	0.027	0.8012	0.01	0.4855	0.002	0.001	0.002	0.015	0.0749	0.005	0.001	0.4575	0.001	0.1608	0.043	0.03	0.4366	0.009	0.004	0.046	0.0869	0.4565	0.026	0.001	0.8661	0.9321	0.6354	0.0659	0.022	0.0639	0.001	0.5784	0.001	0.002	0.4316	0.6513	0.3676	0.5864	0.045	0.7493	0.6204	0.1648	0.7922	0.0509	0.4605	0.5784	0.001	0.1409	0.6444	0.006	0.0649	0.7153	0.1389	0.2527	0.004	0.1279	0.3766	0.026	0.013	0.8561	0.4505	0.042	0.013	0.001	0.001	0.001	0.8511	0.027	0.015	0.1469	0.002	0.02	0.001	0.4406	0.003	0.7572	0.016	0.001	0.3297	0.001	0.003	0.001	0.044	0.1019	0.001	0.003	0.018	0.9211	0.1029	0.004	0.001	0.989	0.6813	0.6214	0.1499	0.1738	0.3546	0.02	0.001	0.7003	0.0829	0.1059	0.001	0.001	0.9281	0.018	0.002	0.049	0.001	0.001	0.001	0.8422	0.001	0.049	0.9121	0.2108	0.0829	0.004	0.0979	0.0519	0.3467	0.1499	0.003	0.7173	0.001	0.7732	0.1159	0.001	0.2458	0.001	0.001	0.8891	0.027	0.2507	0.0959	0.013	0.001	0.1618	0.001	0.001	0.3067	0.002	0.001	0.037	0.001	0.016	0.011	0.1848	0.015	0.2268	0.001	0.8791	0.001	0.047	0.001	0.001	0.001	0.001	0.2368	0.001	0.6983	0.005	0.8551	0.009	0.001	0.4036	0.036	0.005	0.6633	0.001	0.018	0.3037	0.7233	0.019	0.7982	0.01	0.003	0.1019	0.001	0.0529	0.0859	0.6454	0.4655	0.002	0.1658	0.6983	0.6374	0.1409	0.6773	0.025	0.01	0.003	0.018	0.3826	0.001	0.014	0.001	0.001	0.008	0.3566	0.0999	0.001	0.001	0.023	0.001	0.005	0.001	0.7892	0.005	0.986	0.025	0.0899	0.001	0.6074	0.99	1	0.6693	0.6863	0.001	0.004	0.1918	0.2807	0.027	0.045	0.2418	0.3487	0.4545	0.2857	0.001	0.3666	0.005	0.001	0.007	0.001	0.01	0.2677	0.003	0.001	0.001	0.6513	0.001	0.015	0.003	0.001	0.026	0.001	0.024	0.045	0.024	0.7752	0.0569	0.971	0.2897	0.9171	0.001	0.3756	0.3576	0.005	0.978	0.3407	0.001	0.001	0.001	0.001	0.3516	0.8472	0.9131	0.9211	0.01	0.7932	0.002
Sg_P22_13	0.6943	0.6044	0.2997	0.8162	0.5744	0.2358	0.9261	0.015	0.6114	0.3097	0.8911	0.1948	0.2318	0.8671	0.035	0.001	0.2498	0.9451	0.4965	0.3686	0.7532	0.2717	0.6663	0.4915	0.7193	0.3037	0.5185	0.2547	0.1289	0.001	0.8162	0.1578	0.9031	0.7483	0.7962	0.039	0.3656	0.4525	0.7393	0.0999	0.5724	0.2637	0.046	0.9401	0.8192	0.6533	0.2148	0.3986	0.5145	0.1499	0.021	0.6613	0.013	0.1928	0.1718	0.2188	0.9421	0.7552	0.3766	0.4456	0.006	0.5604	0.039	0.3796	0.4466	0.1978	0.8042	0.1329	0.2158	0.4935	0.5195	0.4236	0.3756	0.5475	0.8571	0.2258	0.8082	0.1878	0.2268	0.6264	0.3566	0.2178	0.959	0.8312	0.0699	0.042	0.2138	0.3417	0.2068	0.8332	0.005	0.1119	0.7942	0.4016	0.8841	0.1968	0.6783	0.9321	0.1508	0.4356	0.969	0.5295	0.5824	0.2238	0.2977	0.8332	0.0549	0.3397	0.2478	0.7762	0.6014	0.3996	0.2248	0.4316	0.3317	0.3477	0.6553	0.8222	0.047	0.1149	0.3856	0.8062	0.2058	0.4665	0.977	0.7403	0.3656	0.1758	0.0739	0.5175	0.3337	0.5544	0.6024	0.2378	0.008	0.7203	0.985	0.4535	0.2757	0.5804	0.8052	0.012	0.9371	0.8631	0.6324	0.034	0.011	0.1369	0.2917	0.7113	0.024	0.0729	0.005	0.6973	0.7263	0.2757	0.3407	0.7273	0.2697	0.9331	0.8871	0.3646	0.047	0.6214	0.9361	0.3287	0.8891	0.6823	0.3157	0.5325	0.4496	0.991	0.3077	0.0969	0.031	0.001	0.033	0.017	0.7443	0.2997	0.8621	0.6953	0.1059	0.3666	0.2887	0.6543	0.9331	0.4396	0.0659	0.4885	0.3467	0.2338	0.6244	0.009	0.6683	0.6643	0.012	0.99	0.7812	0.3746	0.1199	0.6174	0.2517	0.6593	0.7213	0.7692	0.003	0.4605	0.9321	0.2957	0.001	0.8012	0.981	0.6144	0.8641	0.2677	0.7982	0.4266	0.9001	0.2877	0.003	0.6773	0.5904	0.6494	0.9231	0.3626	0.1209	0.011	0.7333	0.1638	0.5305	0.1459	0.034	0.1049	0.4216	0.3357	0.1598	0.2857	0.3437	0.6314	0.0599	0.034	0.2328	0.4655	0.4046	0.1678	0.2328	0.0649	0.1758	0.8242	0.3107	0.4036	0.3766	0.992	0.2597	0.9281	0.7522	0.4765	0.955	0.001	0.6234	0.9441	0.2158	0.2168	0.015	0.2877	0.9471	0.7672	0.3167	0.1868	0.6713	0.6963	0.5485	0.9241	0.6693	1	0.022	0.9341	0.5934	0.3357	0.7353	0.3966	0.2168	0.3836	0.3566	0.8981	0.9061	0.6903	0.1139	0.2058	0.1588	0.8042	0.5894	0.7003	0.1129	0.5255	0.8072	0.4336	0.005	0.7542	0.4705	0.6204	0.4136	0.7662	0.6513	0.2947	0.007	0.7233	0.001	0.043	0.2078	0.048	0.7043	0.2398	0.5015	0.7253	0.7562	0.6474	0.3946	0.2098	0.7902	0.5524	0.1898	0.1968	0.003	0.0839	0.2707	0.8212	0.5914	0.962
Sg_P23_1	0.8002	0.5974	0.997	0.4376	0.4755	0.012	0.4476	0.0659	0.8771	0.994	0.037	0.5544	0.7383	0.2268	0.2488	0.002	0.5465	0.3856	0.8272	0.7942	0.3497	0.7742	0.009	0.7842	0.7552	0.7193	0.6184	0.017	0.7393	0.7123	0.1868	0.2208	0.3816	0.5425	0.1459	0.5395	0.997	0.5504	0.4426	0.2677	0.049	0.0549	0.8392	0.3726	0.3816	0.1429	0.1219	0.989	0.7922	0.4775	0.01	0.9301	0.001	0.0549	0.001	0.01	0.8911	0.4026	0.963	0.3417	0.001	0.1848	0.0759	0.2867	0.5844	0.1079	0.001	0.952	0.7363	0.5155	0.0799	0.3007	0.3487	0.7972	0.4935	0.2787	0.6623	0.6304	0.6533	0.3826	0.5085	0.4136	0.4665	0.1259	0.001	0.3217	0.0739	0.001	0.6304	0.5864	0.2667	0.2318	0.1169	0.1479	0.4326	0.016	0.3986	0.0979	0.014	0.2268	0.4216	0.7293	0.7143	0.5944	0.1019	0.9491	0.014	0.4446	0.5325	0.1449	0.2767	0.0999	0.1019	0.6613	0.7802	0.1788	0.7013	0.4925	0.6713	0.001	0.8761	0.007	0.7682	0.979	0.1299	0.0599	0.2547	0.9391	0.9221	0.3686	0.001	0.6643	0.2318	0.8262	0.1309	0.6523	0.3437	0.001	0.5375	0.5814	0.1349	0.001	0.1419	0.3457	0.971	0.8422	0.001	0.017	0.2907	0.8202	0.001	0.004	0.001	0.8531	0.966	0.1389	0.0679	0.6374	0.0569	0.3746	0.018	0.8651	0.5794	0.4875	0.2378	0.0819	0.6833	0.7223	0.5305	0.2547	0.6913	0.7702	0.0889	0.026	0.018	0.001	0.5455	0.005	0.5724	0.3197	0.2707	0.6793	0.2717	0.0549	0.1219	0.5025	0.8741	0.0919	0.1818	0.8981	0.1309	0.0739	0.9021	0.001	0.4006	0.1289	0.001	0.5445	0.8551	0.6833	0.021	0.7892	0.982	0.8791	0.5095	0.6054	0.1518	0.001	0.4256	0.1518	0.001	0.9431	0.4695	0.8342	0.5345	0.8641	0.3137	0.007	0.7652	0.2478	0.001	0.0979	0.1429	0.036	0.0759	0.6683	0.6723	0.001	0.8821	0.4635	0.5554	0.1089	0.001	0.3377	0.0589	0.2078	0.8112	0.9091	0.0819	0.0919	0.005	0.008	0.8741	0.046	0.0879	0.4975	0.1109	0.008	0.3357	0.0849	0.009	0.7552	0.1299	0.4595	0.3477	0.1868	0.037	0.8042	0.3017	0.005	0.8811	0.8991	0.1439	0.8551	0.001	0.5644	0.4036	0.014	0.2158	0.5055	0.0709	0.0799	0.0759	0.6743	0.6863	0.022	1	0.8382	0.0689	0.038	0.4346	0.2138	0.1469	0.3307	0.7303	0.5455	0.4036	0.953	0.7433	0.001	0.952	0.4266	0.6953	0.7073	0.3027	0.7972	0.2028	0.014	0.001	0.956	0.5574	0.6793	0.8701	0.997	0.1698	0.005	0.001	0.6753	0.001	0.001	0.4765	0.038	0.1878	0.1259	0.0699	0.2577	0.6154	0.2218	0.4735	0.8232	0.001	0.3856	0.8062	0.0939	0.001	0.6533	0.0559	0.2288	0.1768	0.1359
Sg_P27_36	0.001	0.001	0.1279	0.001	0.001	0.004	0.001	0.1429	0.001	0.0899	0.001	0.009	0.005	0.001	0.001	0.4905	0.002	0.001	0.001	0.028	0.3576	0.001	0.7083	0.002	0.004	0.0539	0.001	0.0699	0.1229	0.2028	0.01	0.003	0.001	0.001	0.003	0.0749	0.001	0.4026	0.001	0.7093	0.6094	0.2488	0.001	0.041	0.001	0.001	0.008	0.001	0.001	0.001	0.7522	0.001	0.3037	0.001	0.8102	0.001	0.001	0.3237	0.0639	0.001	0.992	0.001	0.6234	0.001	0.002	0.016	0.002	0.001	0.001	0.001	0.6464	0.1049	0.0659	0.001	0.1079	0.3317	0.048	0.001	0.049	0.001	0.001	0.001	0.001	0.987	0.4346	0.3197	0.005	0.2997	0.02	0.001	0.001	0.001	0.001	0.0519	0.002	0.009	0.3946	0.001	0.1009	0.026	0.001	0.029	0.5764	0.001	0.7143	0.001	0.002	0.4496	0.001	0.6454	0.4326	0.0829	0.1978	0.001	0.001	0.2088	0.001	0.001	0.1339	0.2138	0.001	0.001	0.001	0.001	0.001	0.4376	0.001	0.001	0.001	0.001	0.2278	0.001	0.3247	0.001	0.043	0.008	0.001	0.1389	0.001	0.001	0.001	0.5105	0.001	0.002	0.001	0.001	0.2368	0.005	0.001	0.001	0.97	0.031	0.2637	0.1878	0.009	0.001	0.1169	0.001	0.6973	0.1588	0.001	0.001	0.001	0.4875	0.002	0.001	0.001	0.001	0.001	0.002	0.3556	0.001	0.001	0.007	0.3666	0.2448	0.001	0.5175	0.0529	0.001	0.001	0.003	0.3606	0.014	0.7772	0.3596	0.001	0.025	0.001	0.002	0.7093	0.001	0.001	0.6454	0.001	0.001	0.2338	0.001	0.001	0.1499	0.001	0.001	0.1259	0.001	0.5784	0.001	0.1379	0.02	0.016	0.001	0.5834	0.002	0.001	0.001	0.001	0.001	0.001	0.001	0.039	0.0859	0.3217	0.009	0.001	0.001	0.7782	0.001	0.001	0.6993	0.001	0.001	0.017	0.1439	0.5694	0.025	0.005	0.001	0.7702	0.001	0.001	0.006	0.1389	0.012	0.001	0.8541	0.8971	0.001	0.2138	0.1099	0.001	0.001	0.023	0.0599	0.8072	0.001	0.0789	0.004	0.001	0.7792	0.004	0.021	0.001	0.001	0.7413	0.001	0.2368	0.001	0.6144	0.001	0.001	0.001	0.003	0.001	0.9231	0.4326	0.001	0.9341	0.8382	1	0.027	0.0559	0.6344	0.001	0.014	0.1049	0.023	0.5455	0.9491	0.002	0.2468	0.5584	0.001	0.001	0.001	0.1019	0.2837	0.001	0.001	0.001	0.7373	0.001	0.0999	0.001	0.045	0.001	0.003	0.001	0.008	0.001	0.0829	0.5664	0.3047	0.7433	0.9041	0.001	0.7962	0.012	0.001	0.3506	0.001	0.001	0.001	0.001	0.001	0.001	0.6653	0.6274	0.001	0.004	0.1229	0.001
Sg_P27_38	0.005	0.029	0.3876	0.001	0.0719	0.5614	0.1528	0.3337	0.014	0.8911	0.3227	0.046	0.2408	0.6533	0.3177	0.9461	0.006	0.1828	0.016	0.014	0.8901	0.98	0.7672	0.6074	0.012	0.014	0.1239	0.043	0.2108	0.007	0.7203	0.5914	0.048	0.0829	0.6064	0.032	0.011	0.0739	0.2967	0.2687	0.5125	0.015	0.6943	0.1189	0.0969	0.2927	0.5055	0.005	0.6623	0.3676	0.9231	0.2058	0.0739	0.0779	0.0689	0.0699	0.0589	0.4006	0.1618	0.3457	0.029	0.006	0.6643	0.018	0.018	0.004	0.2907	0.004	0.2448	0.01	0.3027	0.0559	0.2358	0.4076	0.023	0.9461	0.1459	0.02	0.002	0.0769	0.3417	0.007	0.032	0.2148	0.5125	0.8501	0.8821	0.02	0.7732	0.9081	0.042	0.1918	0.1419	0.8432	0.003	0.4186	0.4865	0.7772	0.5055	0.6563	0.5964	0.2408	0.0739	0.6803	0.2977	0.01	0.7792	0.6214	0.015	0.3966	0.7932	0.1049	0.7892	0.0569	0.6144	0.2128	0.7443	0.2637	0.6683	0.1508	0.001	0.019	0.006	0.006	0.011	0.6054	0.1818	0.011	0.046	0.003	0.1379	0.001	0.7552	0.1558	0.03	0.0559	0.002	0.2597	0.001	0.008	0.01	0.015	0.041	0.013	0.0939	0.1479	0.2378	0.0729	0.1079	0.003	0.1319	0.3826	0.3477	0.6623	0.03	0.2058	0.017	0.014	0.8082	0.9331	0.4905	0.009	0.004	0.3566	0.8881	0.5345	0.3906	0.1508	0.0599	0.015	0.9331	0.031	0.5794	0.5614	0.9011	0.6783	0.1239	0.6034	0.0769	0.1239	0.046	0.4036	0.3067	0.1788	0.6503	0.5075	0.1738	0.033	0.4156	0.012	0.5914	0.015	0.7353	0.014	0.2517	0.0719	0.2138	0.002	0.017	0.3117	0.5614	0.04	0.1778	0.001	0.1389	0.1798	0.0939	0.005	0.4745	0.001	0.6993	0.002	0.004	0.022	0.008	0.0949	0.0679	0.6533	0.028	0.5275	0.5534	0.6983	0.004	0.008	0.2837	0.1169	0.002	0.028	0.044	0.9081	0.8312	0.1379	0.4865	0.1568	0.3576	0.8541	0.1409	0.0559	1	0.007	0.1578	0.2388	0.035	0.7812	0.0969	0.3107	0.019	0.1958	0.009	0.1219	0.2817	0.2128	0.9171	0.008	0.4046	0.1828	0.002	0.973	0.0689	0.3427	0.02	0.0559	0.7772	0.1149	0.003	0.012	0.2018	0.016	0.5215	0.002	0.2917	0.034	0.2188	0.8382	0.004	0.5934	0.0689	0.027	1	0.7732	0.0949	0.3546	0.048	0.8332	0.961	0.8571	0.9381	0.0589	0.8342	0.004	0.2298	0.0539	0.006	0.4915	0.2847	0.035	0.007	0.2857	0.1908	0.034	0.6234	0.017	0.2318	0.0579	0.004	0.001	0.0769	0.0759	0.3626	0.1169	0.002	0.5335	0.0779	0.1938	0.0929	0.3736	0.3437	0.4565	0.4885	0.1149	0.024	0.2018	0.034	0.4076	0.0599	0.7852	0.5295	0.008	0.5584	0.3696
Sg_P27_4	0.4116	0.041	0.1349	0.1678	0.7502	0.001	0.2657	0.001	0.1568	0.5165	0.4795	0.001	0.4406	0.4416	0.004	0.043	0.5724	0.0539	0.5574	0.4665	0.3606	0.2987	0.0559	0.4675	0.2178	0.0549	0.4805	0.6573	0.001	0.005	0.011	0.6434	0.2278	0.2517	0.4685	0.001	0.4595	0.0519	0.4655	0.001	0.001	0.5415	0.6893	0.8751	0.004	0.001	0.5445	0.0879	0.003	0.0549	0.001	0.6184	0.001	0.0929	0.001	0.7782	0.3676	0.4645	0.1009	0.4016	0.0919	0.2747	0.7512	0.2677	0.3437	0.004	0.7073	0.0799	0.5315	0.2478	0.1459	0.2597	0.002	0.4815	0.2997	0.0979	0.1119	0.3836	0.033	0.031	0.001	0.1778	0.3736	0.1518	0.01	0.8402	0.1279	0.001	0.1738	0.1838	0.7572	0.981	0.1069	0.001	0.006	0.001	0.3546	0.2288	0.001	0.002	0.016	0.002	0.5395	0.5724	0.009	0.8112	0.001	0.025	0.6344	0.001	0.991	0.2897	0.001	0.4845	0.002	0.032	0.5295	0.2018	0.002	0.001	0.4186	0.3506	0.2967	0.9331	0.045	0.8092	0.1578	0.2308	0.004	0.005	0.1948	0.6993	0.1159	0.3447	0.2607	0.003	0.2108	0.001	0.0619	0.0729	0.0949	0.003	0.041	0.3157	0.04	0.2498	0.048	0.03	0.7842	0.3257	0.034	0.001	0.005	0.1159	0.1399	0.001	0.2787	0.9471	0.0729	0.001	0.2408	0.8531	0.6224	0.3866	0.3966	0.7562	0.017	0.9481	0.1518	0.4336	0.1309	0.1648	0.1698	0.001	0.5724	0.2268	0.5584	0.029	0.035	0.001	0.2448	0.0579	0.8741	0.041	0.0669	0.013	0.7453	0.3696	0.969	0.7473	0.8541	0.1618	0.002	0.004	0.6683	0.4625	0.0509	0.8891	0.3506	0.0949	0.0799	0.1129	0.3766	0.2428	0.0569	0.1828	0.5365	0.2727	0.011	0.2687	0.2557	0.0559	0.1788	0.4286	0.1239	0.1329	0.1209	0.001	0.7323	0.1688	0.2837	0.986	0.0869	0.8122	0.1469	0.0649	0.1738	0.016	0.9331	0.001	0.7023	0.003	0.1668	0.0909	0.5355	0.016	0.001	0.6623	0.1888	0.0829	0.001	0.001	0.2138	0.1568	0.2787	0.2887	0.9441	0.001	0.2378	0.016	0.6543	0.013	0.001	0.4835	0.004	0.1788	0.4635	0.003	0.014	0.0669	0.7463	0.4366	0.7632	0.2368	0.01	0.3746	0.0859	0.979	0.001	0.2777	0.6414	0.7083	0.022	0.034	0.1918	0.3357	0.038	0.0559	0.7732	1	0.003	0.5225	0.025	0.2388	0.003	0.0649	0.1908	0.6274	0.1009	0.001	0.018	0.4396	0.1209	0.1119	0.02	0.2128	0.1588	0.7562	0.016	0.7752	0.3856	0.963	0.4296	0.1708	0.8062	0.1798	0.046	0.1389	0.004	0.001	0.005	0.0719	0.022	0.1768	0.001	0.6613	0.014	0.001	0.1019	0.4635	0.0789	0.032	0.2667	0.001	0.029	0.1499	0.001	0.1409	0.2697	0.7902
Sg_P30_9	0.5994	0.1239	0.6264	0.6573	0.022	0.1249	0.4665	0.004	0.9341	0.2587	0.8112	0.4545	0.5504	0.2208	0.6813	0.3836	0.981	0.9441	0.6723	0.2857	0.1558	0.7832	0.0769	0.2198	0.001	0.5455	0.4855	0.031	0.3626	0.2338	0.001	0.2907	0.001	0.4825	0.4625	0.7403	0.2328	0.0509	0.8412	0.011	0.4835	0.1608	0.004	0.8142	0.1249	0.049	0.039	0.1728	0.017	0.2078	0.002	0.8781	0.014	0.041	0.026	0.0999	0.0669	0.028	0.6623	0.3736	0.8761	0.0829	0.014	0.005	0.7133	0.03	0.0529	0.1698	0.1069	0.7423	0.002	0.1698	0.4745	0.4446	0.0909	0.003	0.8262	0.014	0.001	0.4615	0.005	0.5445	0.9291	0.1538	0.1329	0.001	0.5704	0.6903	0.7033	0.2228	0.7323	0.1039	0.034	0.007	0.6094	0.1239	0.1748	0.3247	0.014	0.4685	0.016	0.002	0.001	0.8482	0.1688	0.4026	0.4615	0.8631	0.2358	0.1069	0.001	0.3097	0.002	0.1179	0.018	0.0749	0.1299	0.01	0.1988	0.2737	0.028	0.2887	0.005	0.7143	0.0579	0.006	0.5544	0.049	0.3936	0.012	0.1419	0.0749	0.002	0.7502	0.4206	0.001	0.3856	0.035	0.5564	0.001	0.004	0.5764	0.002	0.2507	0.5035	0.009	0.2098	0.5075	0.1918	0.4486	0.6553	0.002	0.0849	0.7552	0.2587	0.5405	0.6643	0.5724	0.0539	0.7253	0.5365	0.7443	0.0719	0.001	0.5784	0.1698	0.007	0.1279	0.1309	0.1648	0.009	0.4905	0.3576	0.002	0.3736	0.4855	0.1379	0.5894	0.8601	0.0879	0.3427	0.1009	0.2018	0.003	0.001	0.4166	0.1369	0.043	0.6813	0.982	0.035	0.97	0.3147	0.8981	1	0.7992	0.5025	0.002	0.8721	0.1099	0.7063	0.8292	0.997	0.8162	0.018	0.9301	0.0579	0.1139	0.1588	0.2507	0.025	0.041	0.2647	0.4026	0.2977	0.2308	0.6583	0.1898	0.04	0.2398	0.048	0.032	0.002	0.3686	0.004	0.009	0.001	0.8362	0.2537	0.1339	0.7572	0.1838	0.02	0.014	0.7353	0.1319	0.002	0.9181	0.5904	0.0539	0.013	0.03	0.8841	0.001	0.8841	0.043	0.4196	0.005	0.004	0.0819	0.027	0.2627	0.2208	0.1279	0.004	0.8991	0.3307	0.3586	0.8681	0.1748	0.2498	0.041	0.023	0.5864	0.5734	0.4356	0.001	0.8511	0.2438	0.038	0.004	0.8901	0.005	0.001	0.2807	0.7353	0.4346	0.6344	0.0949	0.003	1	0.8701	0.1279	0.0529	0.014	0.006	0.3886	0.7113	0.009	0.4915	0.1918	0.016	0.7692	0.043	0.041	0.4496	0.974	0.019	0.2288	0.002	0.3886	0.4545	0.3706	0.011	0.036	0.5994	0.039	0.4256	0.1369	0.028	0.0539	0.024	0.2078	0.004	0.002	0.8881	0.5215	0.2348	0.026	0.6713	0.8921	0.003	0.5035	0.028	0.6214	0.0699	0.002	0.001	0.003	0.1868
Sg_X03_29	0.001	0.001	0.4865	0.1558	0.007	0.0749	0.001	0.1179	0.001	0.0799	0.001	0.2108	0.0709	0.001	0.02	0.5854	0.003	0.001	0.004	0.2208	0.4406	0.001	0.3367	0.001	0.0639	0.001	0.011	0.002	0.2038	0.0989	0.034	0.001	0.0599	0.001	0.002	0.0569	0.001	0.001	0.01	0.1409	0.4196	0.6643	0.021	0.0809	0.001	0.006	0.001	0.001	0.001	0.001	0.5674	0.022	0.8302	0.001	0.045	0.001	0.001	0.5205	0.1079	0.001	0.7562	0.001	0.013	0.001	0.03	0.0569	0.001	0.001	0.001	0.001	0.0579	0.5604	0.023	0.001	0.6963	0.0999	0.95	0.001	0.7063	0.001	0.001	0.001	0.001	0.2198	0.1798	0.005	0.01	0.0659	0.001	0.002	0.001	0.001	0.001	0.2697	0.1189	0.033	0.004	0.001	0.4436	0.2498	0.027	0.012	0.2787	0.001	0.0769	0.005	0.001	0.004	0.001	0.1908	0.026	0.962	0.4625	0.001	0.001	0.001	0.001	0.001	0.4865	0.963	0.001	0.001	0.001	0.001	0.001	0.5085	0.001	0.001	0.001	0.001	0.005	0.001	0.6953	0.001	0.001	0.008	0.001	0.1059	0.001	0.001	0.001	0.5115	0.006	0.018	0.041	0.001	0.991	0.001	0.001	0.021	0.9421	0.3506	0.8482	0.2208	0.011	0.001	0.3287	0.003	0.041	0.001	0.003	0.002	0.003	0.2677	0.002	0.001	0.002	0.001	0.001	0.001	0.1119	0.017	0.001	0.4286	0.5375	0.1548	0.001	0.6933	0.0629	0.9101	0.001	0.001	0.5105	0.002	0.4086	0.042	0.001	0.6414	0.001	0.005	0.2398	0.001	0.001	0.5105	0.001	0.001	0.1778	0.001	0.002	0.001	0.001	0.001	0.1279	0.012	0.2018	0.001	0.003	0.001	0.003	0.002	0.026	0.001	0.001	0.001	0.002	0.001	0.001	0.025	0.7722	0.2997	0.4266	0.001	0.001	0.001	0.0969	0.001	0.001	0.8282	0.001	0.001	0.0549	0.2977	0.3636	0.001	0.001	0.005	0.5914	0.001	0.001	0.001	0.8262	0.02	0.001	0.01	0.6484	0.001	0.007	0.2927	0.001	0.002	0.002	0.001	0.004	0.001	0.1429	0.008	0.001	0.0949	0.029	0.2458	0.001	0.001	0.004	0.001	0.6444	0.001	0.2817	0.001	0.002	0.001	0.001	0.001	0.5974	0.1618	0.027	0.3966	0.2138	0.001	0.3546	0.5225	0.8701	1	0.014	0.001	0.001	0.7173	0.6623	0.011	0.2348	0.0829	0.001	0.003	0.001	0.3287	0.002	0.001	0.001	0.018	0.5754	0.001	0.023	0.001	0.1169	0.001	0.024	0.001	0.1069	0.001	0.991	0.1968	0.035	0.1279	0.2488	0.001	0.2148	0.0929	0.001	0.027	0.001	0.001	0.001	0.001	0.001	0.0929	0.8142	0.1429	0.014	0.022	0.026	0.001
Sg_X05_12	0.001	0.1039	0.6923	0.002	0.021	0.1988	0.2418	0.01	0.007	0.1878	0.005	0.3936	0.977	0.8462	0.8511	0.3007	0.1019	0.1449	0.0879	0.0659	0.001	0.8671	0.032	0.2527	0.01	0.1179	0.0679	0.8072	0.1658	0.6464	0.001	0.9231	0.001	0.001	0.1998	0.6953	0.002	0.5385	0.2627	0.009	0.1449	0.1059	0.001	0.987	0.048	0.2777	0.2647	0.001	0.7802	0.5465	0.033	0.3457	0.013	0.006	0.004	0.003	0.003	0.002	0.9391	0.2228	0.048	0.001	0.3766	0.001	0.0519	0.001	0.0579	0.002	0.003	0.0869	0.008	0.4336	0.025	0.01	0.002	0.039	0.1079	0.001	0.001	0.001	0.7842	0.003	0.006	0.7752	0.96	0.8881	0.97	0.029	0.1508	0.001	0.5844	0.3656	0.0629	0.1958	0.022	0.3057	0.5914	0.046	0.1608	0.6364	0.2567	0.8262	0.047	0.0719	0.4895	0.0979	0.1459	0.1019	0.002	0.001	0.8601	0.045	0.0869	0.001	0.9351	0.957	0.02	0.001	0.1798	0.013	0.001	0.014	0.009	0.1758	0.001	0.1249	0.1129	0.001	0.008	0.001	0.5904	0.001	0.3367	0.01	0.3327	0.002	0.025	0.007	0.028	0.001	0.001	0.046	0.02	0.0599	0.1079	0.003	0.3666	0.961	0.014	0.045	0.6184	0.0559	0.7363	0.7433	0.1369	0.4935	0.017	0.3147	0.2358	0.02	0.6773	0.3666	0.003	0.037	0.996	0.1269	0.001	0.021	0.003	0.021	0.0769	0.6454	0.001	0.3317	0.2198	0.6763	0.001	0.8801	0.7512	0.4266	0.0809	0.017	0.022	0.001	0.011	0.5674	0.001	0.8741	0.001	0.1828	0.7433	0.7033	0.3976	0.4935	0.0609	0.04	0.7333	0.001	0.2268	0.2667	0.6773	0.001	0.0769	0.044	0.001	0.008	0.6953	0.008	0.7013	0.001	0.2468	0.1958	0.023	0.001	0.0729	0.029	0.002	0.8811	0.006	0.6553	0.953	0.018	0.001	0.2178	0.012	0.001	0.001	0.2607	0.001	0.9171	0.6074	0.987	0.5944	0.002	0.2677	0.3247	0.001	0.3686	0.0959	0.019	0.0539	0.1718	0.007	0.4715	0.4126	0.009	0.0529	0.007	0.001	0.001	0.7922	0.035	0.3307	0.0869	0.5035	0.008	0.0769	0.3526	0.0819	0.4695	0.001	0.001	0.3287	0.0869	0.0529	0.003	0.2917	0.003	0.1838	0.001	0.1049	0.0549	0.039	0.1958	0.045	0.2168	0.1469	0.014	0.048	0.025	0.1279	0.014	1	0.3007	0.1858	0.2488	0.0949	0.968	0.001	0.029	0.0629	0.001	0.037	0.042	0.3696	0.1029	0.003	0.6394	0.2977	0.001	0.0569	0.015	0.7023	0.001	0.5894	0.029	0.0959	0.3427	0.7802	0.001	0.2587	0.034	0.2667	0.041	0.031	0.0869	0.008	0.013	0.003	0.019	0.0859	0.013	0.033	0.956	0.1818	0.4176	0.0889	0.003	0.2398	0.013
Sg_X05_3	0.005	0.9421	0.015	0.3397	0.5844	0.0519	0.7952	0.019	0.2248	0.2358	0.05	0.001	0.3487	0.001	0.3726	0.0849	0.1239	0.1159	0.0659	0.8372	0.4665	0.004	0.021	0.002	0.2917	0.0959	0.981	0.001	0.001	0.001	0.023	0.006	0.0789	0.3497	0.1159	0.001	0.014	0.001	0.4136	0.5135	0.025	0.8961	0.022	0.0649	0.032	0.2348	0.001	0.029	0.001	0.001	0.1419	0.2707	0.5375	0.047	0.7842	0.013	0.7902	0.002	0.3526	0.001	0.7013	0.5445	0.1079	0.4515	0.7033	0.4715	0.001	0.1379	0.9301	0.992	0.001	0.4396	0.9051	0.1788	0.0629	0.028	0.2278	0.1129	0.5195	0.0869	0.002	0.008	0.0759	0.001	0.039	0.001	0.9031	0.037	0.006	0.4466	0.2537	0.001	0.002	0.5415	0.046	0.0639	0.1399	0.006	0.0829	0.2208	0.005	0.1099	0.003	0.005	0.001	0.5275	0.036	0.001	0.002	0.5734	0.001	0.013	0.6953	0.1259	0.001	0.001	0.014	0.1389	0.5215	0.5015	0.6583	0.009	0.0939	0.028	0.005	0.0699	0.004	0.4146	0.018	0.032	0.002	0.6034	0.006	0.015	0.4645	0.9181	0.1139	0.962	0.3506	0.1508	0.0729	0.0529	0.3377	0.3217	0.6863	0.041	0.2847	0.1778	0.3477	0.6334	0.8901	0.1079	0.021	0.4066	0.035	0.3047	0.8302	0.1858	0.7812	0.001	0.1698	0.004	0.8511	0.1149	0.001	0.1489	0.7552	0.2328	0.001	0.009	0.003	0.0679	0.1848	0.045	0.3447	0.5804	0.7273	0.5085	0.5275	0.2987	0.006	0.0729	0.2717	0.6903	0.038	0.2677	0.006	0.0969	0.0649	0.019	0.1908	0.001	0.0669	0.2018	0.038	0.001	0.8232	0.9301	0.02	0.001	0.0669	0.1628	0.1938	0.994	0.4086	0.004	0.3107	0.011	0.7303	0.9441	0.0679	0.025	0.003	0.0949	0.1159	0.3187	0.2597	0.014	0.001	0.8042	0.043	0.4505	0.0729	0.018	0.002	0.8422	0.027	0.3896	0.011	0.2947	0.1618	0.001	0.016	0.8601	0.005	0.6414	0.8681	0.024	0.002	0.002	0.0849	0.01	0.041	0.2218	0.1409	0.2837	0.001	0.1718	0.3107	0.7103	0.002	0.001	0.001	0.3586	0.1119	0.022	0.001	0.8611	0.011	0.7353	0.3287	0.047	0.001	0.0649	0.034	0.1508	0.005	0.0609	0.1329	0.019	0.4446	0.006	0.1658	0.004	0.2418	0.3836	0.3307	0.1049	0.8332	0.2388	0.0529	0.001	0.3007	1	0.1039	0.01	0.5584	0.2128	0.001	0.007	0.1139	0.1259	0.8062	0.025	0.001	0.2547	0.032	0.2158	0.2268	0.8412	0.8661	0.0659	0.038	0.2368	0.0629	0.5554	0.0669	0.2987	0.021	0.6254	0.001	0.9201	0.001	0.001	0.4146	0.1918	0.005	0.998	0.0829	0.0679	0.011	0.8112	0.019	0.1169	0.4326	0.04	0.1878	0.2727	0.1708	0.2537
Sg_Y07_14	0.047	0.002	0.1848	0.3726	0.1049	0.004	0.029	0.002	0.002	0.8921	0.1518	0.021	0.5065	0.001	0.011	0.4635	0.9491	0.001	0.0809	0.3576	0.2188	0.3776	0.6553	0.1578	0.5534	0.4985	0.1638	0.015	0.1039	0.0919	0.8761	0.0959	0.0999	0.005	0.007	0.1289	0.001	0.2178	0.2677	0.0869	0.1019	0.4356	0.7632	0.3896	0.002	0.04	0.009	0.2927	0.002	0.001	0.1878	0.0649	0.1558	0.1179	0.037	0.024	0.1708	0.6394	0.7173	0.007	0.6683	0.1698	0.983	0.1908	0.3167	0.008	0.0629	0.4675	0.009	0.038	0.031	0.1189	0.001	0.4535	0.8102	0.0559	0.7672	0.1279	0.1409	0.5814	0.001	0.0909	0.001	0.3367	0.987	0.2058	0.001	0.1189	0.01	0.3686	0.03	0.001	0.006	0.009	0.2927	0.043	0.2697	0.009	0.048	0.0599	0.001	0.007	0.0559	0.0529	0.1938	0.0539	0.001	0.3576	0.0709	0.0599	0.002	1	0.002	0.4805	0.001	0.4486	0.1708	0.3217	0.1838	0.0619	0.1738	0.035	0.2208	0.1009	0.047	0.8891	0.6593	0.1349	0.4366	0.2947	0.1179	0.039	0.9461	0.002	0.5584	0.7752	0.043	0.015	0.004	0.9071	0.2338	0.8981	0.018	0.2268	0.4206	0.1009	0.8432	0.001	0.0729	0.1399	0.5824	0.003	0.978	0.3267	0.0819	0.001	0.4166	0.0639	0.7892	0.7263	0.9041	0.1768	0.7522	0.001	0.3626	0.006	0.3477	0.0559	0.003	0.002	0.1499	0.044	0.4156	0.01	0.4535	0.5025	0.2657	0.8821	0.5465	0.004	0.5974	0.2737	0.5005	0.97	0.1628	0.4865	0.1149	0.8961	0.038	0.2597	0.5295	0.016	0.005	0.9351	0.018	0.2368	0.5994	0.2877	0.0999	0.3367	0.001	0.001	0.7792	0.015	0.2338	0.013	0.4695	0.5265	0.008	0.015	0.2597	0.5874	0.6454	0.001	0.4346	0.001	0.001	0.043	0.8771	0.6164	0.047	0.968	0.7293	0.001	0.0569	0.8002	0.0859	0.997	0.0759	0.001	0.5994	0.0619	0.4905	0.9211	0.1169	0.0529	0.014	0.1259	0.009	0.0829	0.028	0.003	0.001	0.2697	0.037	0.3037	0.5065	0.001	0.4695	0.996	0.025	0.3077	0.4635	0.012	0.04	0.048	0.043	0.9491	0.2018	0.9241	0.003	0.977	0.009	0.001	0.4575	0.001	0.3936	0.1149	0.001	0.1339	0.042	0.2637	0.2577	0.5135	0.3487	0.3566	0.7303	0.023	0.961	0.003	0.014	0.001	0.1858	0.1039	1	0.7033	0.4266	0.2478	0.001	0.8032	0.001	0.1678	0.015	0.5025	0.2977	0.001	0.001	0.1029	0.8931	0.009	0.034	0.001	0.3017	0.0749	0.1099	0.014	0.5395	0.001	0.2837	0.001	0.7343	0.9131	0.6324	0.002	0.3716	0.1359	0.005	0.9291	0.8422	0.001	0.1149	0.6194	0.001	0.003	0.8561	0.5275	0.001	0.7582	0.0909	0.044
Sg_Y07_23	0.7972	0.2767	0.3546	0.8821	0.4046	0.1339	0.5105	0.003	0.6683	0.3536	0.5425	0.4615	0.7373	0.4655	0.2757	0.984	0.2787	0.0599	0.3417	0.4535	0.2817	0.5894	0.1349	0.3487	0.9281	0.4246	0.6543	0.3147	0.5954	0.3896	0.016	0.4645	0.0609	0.5904	0.1159	0.9081	0.8521	0.017	0.989	0.047	0.3506	0.6783	0.01	0.036	0.4486	0.1179	0.0809	0.4396	0.4665	0.048	0.0879	0.2398	0.014	0.3207	0.005	0.5884	0.3516	0.1678	0.05	0.3007	0.3057	0.8232	0.2208	0.3896	0.7403	0.0859	0.0549	0.3926	0.5125	0.4805	0.015	0.1289	0.1748	0.8551	0.1608	0.1169	0.5145	0.3786	0.0559	0.5754	0.048	0.4406	0.2687	0.4026	0.1209	0.0569	0.969	0.8701	0.2428	0.6244	0.8541	0.5794	0.013	0.1169	0.7542	0.1379	0.7782	0.3127	0.0949	0.1149	0.049	0.1059	0.7652	0.6953	0.2707	0.955	0.2507	0.4286	0.7153	0.0879	0.1259	0.4895	0.4326	0.3546	0.1079	0.047	0.5425	0.3227	0.0959	0.0849	0.1349	0.0719	0.6733	0.3526	0.3586	0.1658	0.962	0.034	0.8292	0.2298	0.029	0.5804	0.0559	0.977	0.3227	0.1528	0.3357	0.019	0.6823	0.0779	0.1159	0.1698	0.5075	0.5455	0.3017	0.3027	0.2168	0.6573	0.5564	0.6344	0.7343	0.007	0.1049	0.984	0.6104	0.6733	0.6723	0.5225	0.0789	0.4815	0.4116	0.4176	0.5624	0.0529	0.023	0.7323	0.008	0.6633	0.0969	0.009	0.7253	0.5125	0.2697	0.036	0.4436	0.7443	0.0629	0.1658	0.1608	0.044	0.0789	0.7043	0.1878	0.1439	0.1359	0.1279	0.977	0.2448	0.9481	0.5245	0.9441	0.6873	0.1938	0.6973	0.7433	0.0679	0.4096	0.986	0.3676	0.035	0.6404	0.7393	0.8432	0.2288	0.4865	0.7303	0.2907	0.3706	0.6763	0.6603	0.8062	0.2877	0.3117	0.7802	0.3916	0.8591	0.961	0.1189	0.1658	0.6973	0.1399	0.0859	0.3816	0.2707	0.0659	0.014	0.1079	0.3177	0.6364	0.3876	0.8102	0.992	0.1429	0.0729	0.8651	0.6993	0.1099	0.1419	0.9151	0.008	0.02	0.0899	0.9191	0.5315	0.5824	0.5095	0.1009	0.044	0.0529	0.6953	0.028	0.2857	0.2218	0.5485	0.0549	0.031	0.3377	0.0899	0.7572	0.7902	0.9201	0.98	0.004	0.9341	0.045	0.7363	0.2318	0.8601	0.4016	0.3586	0.9251	0.2178	0.0689	0.1139	0.4545	0.8981	0.5455	0.5455	0.8571	0.0649	0.006	0.7173	0.2488	0.01	0.7033	1	0.9451	0.6164	0.011	0.6553	0.6563	0.2048	0.6903	0.9181	0.0809	0.4725	0.4176	0.1558	0.3806	0.3057	0.7023	0.5894	0.3986	0.7343	0.8551	0.7473	0.8032	0.5614	0.7393	0.044	0.1209	0.4296	0.7562	0.0579	0.0519	0.2448	0.1908	0.013	0.1568	0.3107	0.2727	0.5225	0.7143	0.05	0.1808	0.9431	0.006	0.2647	0.1389	0.9191
Sg_Y07_27	0.6124	0.048	0.1019	0.4466	0.1698	0.8601	0.0829	0.9401	0.1239	0.006	0.7373	0.03	0.2358	0.4416	0.3506	0.3836	0.1718	0.6394	0.4735	0.1878	0.5035	0.2328	0.1089	0.3536	0.6414	0.4286	0.034	0.1469	0.2178	0.1678	0.987	0.965	0.9111	0.4985	0.7293	0.027	0.4016	0.5734	0.7183	0.1269	0.3926	0.9421	0.5335	0.6484	0.2547	0.3536	0.8362	0.6673	0.0809	0.1179	0.5974	0.9251	0.5395	0.6154	0.5275	0.974	0.1169	0.2997	0.1419	0.1169	0.5225	0.8711	0.006	0.997	0.9291	0.6723	0.1778	0.5994	0.1119	0.4595	0.6653	0.8541	0.6633	0.3726	0.027	0.3696	0.4426	0.6094	0.032	0.6543	0.4296	0.2937	0.1219	0.8891	0.7033	0.5405	0.1858	0.5425	0.5165	0.2478	0.4635	0.2897	0.5425	0.01	0.007	0.3357	0.4406	0.4186	0.8501	0.1958	0.8571	0.05	0.954	0.3167	0.2827	0.9461	0.3407	0.003	0.7063	0.1608	0.1818	0.2727	0.026	0.5135	0.4486	0.5944	0.5465	0.9241	0.1728	0.6943	0.953	0.4016	0.8511	0.6623	0.2148	0.1089	0.7602	0.7992	0.6973	0.6973	0.7682	0.8412	0.5964	0.8761	0.4925	0.0939	0.95	0.4645	0.8322	0.4326	0.8721	0.8791	0.043	0.048	0.6424	0.9211	0.4076	0.5005	0.973	0.024	0.4156	0.9181	0.5275	0.2797	0.1049	0.8851	0.7612	0.994	0.6793	0.007	0.9091	0.2008	0.0659	0.2178	0.3307	0.8462	0.7273	0.2398	0.8412	0.5395	0.7512	0.2837	0.4735	0.027	0.2088	0.8871	0.9001	0.4635	0.0699	0.4316	0.6454	0.1069	0.0979	0.4276	0.4236	0.2827	0.7612	0.8102	0.8901	0.1009	0.964	0.8601	0.2488	0.6793	0.8152	0.5704	0.4575	0.9491	0.3357	0.3377	0.9171	0.4625	0.6094	0.4306	0.001	0.3956	0.2867	0.3407	0.3746	0.2488	0.0779	0.8452	0.5135	0.7592	0.043	0.7293	0.5325	0.0669	0.2897	0.8052	0.0829	0.3017	0.0929	0.2128	0.3167	0.2008	0.9431	0.4915	0.4755	0.8222	0.1109	0.2687	0.2857	0.4176	0.4935	0.2188	0.002	0.2168	0.8212	0.5035	0.8192	0.2118	0.4965	0.0729	0.8282	0.6593	0.0949	0.6104	0.5335	0.9011	0.044	0.006	0.1738	0.8631	0.6494	0.9221	0.2418	0.8202	0.0609	0.1499	0.5974	0.5455	0.1658	0.5934	0.6134	0.9291	0.7882	0.047	0.8192	0.8282	0.2268	0.8322	0.1119	0.1039	0.2857	0.9061	0.4036	0.9491	0.9381	0.1908	0.3886	0.6623	0.0949	0.5584	0.4266	0.9451	1	0.2098	0.011	0.9281	0.8791	0.5654	0.5804	0.2967	0.5085	0.7353	0.3936	0.2418	0.3636	0.1279	0.7253	0.6244	0.0779	0.8362	0.3107	0.1229	0.3277	0.6813	0.7103	0.8501	0.0799	0.985	0.0699	0.0809	0.6863	0.1179	0.9341	0.3526	0.9491	0.2557	0.4975	0.1299	0.8741	0.8342	0.5854	0.6114	0.9171	0.3067	0.7852	0.4795
Sg_Y19_10	0.0939	0.009	0.012	0.0949	0.2278	0.004	0.7493	0.003	0.009	0.1548	0.001	0.6204	0.001	0.002	0.001	0.4406	0.001	0.021	0.001	0.001	0.1578	0.4396	0.9021	0.2767	0.2058	0.8272	0.7493	0.1698	0.2667	0.4186	0.3936	0.1179	0.1858	0.013	0.001	0.7443	0.001	0.5125	0.4456	0.4086	0.4895	0.3237	0.1968	0.002	0.001	0.1718	0.002	0.04	0.1089	0.006	0.9221	0.3317	0.4016	0.0769	0.3896	0.034	0.017	0.006	0.002	0.001	0.6533	0.1568	0.2298	0.3536	0.001	0.1948	0.022	0.0879	0.1698	0.003	0.9101	0.001	0.2038	0.6723	0.6384	0.1998	0.018	0.0659	0.6094	0.0709	0.025	0.0509	0.001	0.3027	0.9021	0.2458	0.2358	0.0979	0.2507	0.3706	0.6304	0.001	0.001	0.5504	0.4985	0.8162	0.3556	0.007	0.036	0.1219	0.037	0.3856	0.4406	0.2577	0.2687	0.001	0.0679	0.954	0.0849	0.1269	0.1169	0.5634	0.3287	0.2158	0.007	0.2078	0.0799	0.3996	0.5924	0.6444	0.8601	0.007	0.031	0.001	0.042	0.002	0.001	0.2318	0.6633	0.036	0.02	0.003	0.1389	0.005	0.2657	0.5594	0.001	0.4386	0.006	0.1249	0.2478	0.6324	0.8342	0.001	0.005	0.1598	0.8731	0.0749	0.2907	0.001	0.6394	0.4356	0.956	0.0759	0.9361	0.3526	0.027	0.001	0.3606	0.1029	0.022	0.001	0.004	0.0929	0.006	0.001	0.1349	0.004	0.001	0.02	0.007	0.001	0.4875	0.4176	0.5015	0.013	0.5864	0.1139	0.1898	0.5025	0.2547	0.2228	0.8911	0.0529	0.3107	0.1708	0.018	0.0759	0.024	0.001	0.5884	0.001	0.1638	0.3107	0.007	0.001	0.0539	0.009	0.001	0.2687	0.001	0.001	0.001	0.012	0.5175	0.5564	0.3776	0.022	0.2138	0.0679	0.7003	0.001	0.1139	0.001	0.001	0.009	0.001	0.0919	0.1828	0.3956	0.002	0.3077	0.2318	0.001	0.3946	0.5774	0.1189	0.9201	0.001	0.002	0.018	0.7772	0.006	0.966	0.02	0.038	0.7702	0.001	0.0629	0.043	0.2807	0.2228	0.002	0.7253	0.3556	0.7512	0.1189	0.5644	0.3516	0.4216	0.001	0.035	0.2737	0.001	0.004	0.003	0.001	0.01	0.4595	0.1728	0.002	0.01	0.006	0.002	0.003	0.003	0.4955	0.002	0.2957	0.1239	0.1299	0.001	0.049	0.04	0.001	0.6903	0.953	0.002	0.0589	0.6274	0.7113	0.011	0.968	0.2128	0.2478	0.6164	0.2098	1	0.0669	0.036	0.001	0.2458	0.008	0.025	0.1838	0.013	0.002	0.001	0.989	0.004	0.3227	0.03	0.001	0.3736	0.001	0.0569	0.009	0.018	0.5534	0.2987	0.988	0.7642	0.9391	0.001	0.9091	0.8342	0.008	0.1548	0.7063	0.003	0.001	0.011	0.002	0.035	0.992	0.042	0.2498	0.1249	0.7622	0.039
Sg_Y19_13	0.7103	0.1658	0.2038	0.0569	0.8971	0.001	0.4236	0.001	0.5684	0.991	0.2737	0.0619	0.2108	0.001	0.0909	0.3856	0.029	0.0749	0.0749	0.7732	0.001	0.4775	0.0629	0.1029	0.001	0.6713	0.9471	0.001	0.1938	0.2498	0.001	0.025	0.003	0.8711	0.002	0.2807	0.3377	0.001	0.9141	0.004	0.3117	0.4096	0.001	0.032	0.043	0.0739	0.001	0.2867	0.001	0.001	0.001	0.5984	0.003	0.5914	0.001	0.2637	0.4266	0.001	0.4036	0.019	0.8541	0.2388	0.3087	0.1848	0.6563	0.003	0.1219	0.2288	0.3487	0.4446	0.001	0.8322	0.001	0.4525	0.012	0.001	0.4426	0.2967	0.001	0.1508	0.001	0.5265	0.1588	0.0509	0.022	0.001	0.022	0.2507	0.3347	0.1588	0.5145	0.001	0.006	0.001	0.1399	0.005	0.3736	0.2597	0.001	0.001	0.001	0.02	0.001	0.2737	0.0819	0.6773	0.001	0.002	0.6344	0.004	0.001	0.1898	0.2987	0.0919	0.001	0.001	0.5924	0.0809	0.02	0.001	0.017	0.0929	0.3586	0.0759	0.8821	0.2507	0.4416	0.1099	0.4236	0.7063	0.011	0.0889	0.011	0.1499	0.2797	0.017	0.5245	0.001	0.5235	0.001	0.1858	0.6563	0.4795	0.0789	0.2068	0.6004	0.9171	0.038	0.8931	0.1289	0.9481	0.001	0.3736	0.048	0.035	0.034	0.7403	0.2787	0.0849	0.006	0.2258	0.0679	0.2517	0.001	0.002	0.1798	0.002	0.1558	0.001	0.5804	0.001	0.0749	0.3077	0.001	0.1099	0.9371	0.004	0.6154	0.0649	0.3596	0.1259	0.3257	0.0559	0.013	0.001	0.019	0.6753	0.1998	0.2348	0.2078	0.003	0.001	0.004	0.3936	0.1708	0.2058	0.9141	0.0729	0.016	0.001	0.008	0.3606	0.3626	0.5245	0.3706	0.8671	0.6424	0.2498	0.3906	0.1568	0.1179	0.2537	0.3746	0.7013	0.0689	0.2228	0.987	0.001	0.005	0.4955	0.2058	0.027	0.2098	0.7992	0.001	0.005	0.8392	0.978	0.4645	0.001	0.028	0.3437	0.0759	0.0809	0.005	0.2158	0.008	0.0969	0.2398	0.003	0.001	0.001	0.1548	0.2058	0.9191	0.3586	0.7592	0.001	0.1309	0.021	0.01	0.013	0.003	0.1998	0.006	0.1838	0.035	0.047	0.1888	0.5465	0.7353	0.0649	0.001	0.1329	0.4625	0.1908	0.001	0.8182	0.001	0.5245	0.4745	0.4216	0.012	0.001	0.3666	0.1139	0.7433	0.2468	0.8342	0.1009	0.009	0.2348	0.001	0.001	0.001	0.011	0.011	0.0669	1	0.6753	0.039	0.2178	0.7562	0.9331	0.001	0.3107	0.5115	0.042	0.954	0.3756	0.7972	0.2488	0.1199	0.1878	0.0549	0.9351	0.7163	0.0979	0.8342	0.001	0.004	0.1289	0.2517	0.001	0.048	0.8891	0.1149	0.001	0.0739	0.1199	0.2348	0.6503	0.0629	0.001	0.986	0.009	0.001	0.022	0.003	0.7842
Sg_YA03_20	0.0959	0.6114	0.4376	0.2767	0.8462	0.0759	0.9141	0.2178	0.1479	0.5694	0.003	0.1209	0.1299	0.023	0.7043	0.001	0.1449	0.1708	0.025	0.034	0.8871	0.3746	0.4236	0.0739	0.1099	0.1319	0.2597	0.001	0.1888	0.0659	0.2627	0.049	0.2727	0.9411	0.02	0.003	0.0749	0.02	0.033	0.2677	0.049	0.0999	0.8192	0.007	0.8372	0.0529	0.0659	0.3027	0.3117	0.3676	0.031	0.5754	0.001	0.006	0.002	0.016	0.3746	0.0599	0.2867	0.027	0.001	0.0989	0.8941	0.2058	0.022	0.046	0.001	0.2937	0.8981	0.1479	0.7802	0.6973	0.6903	0.2557	0.1059	0.6284	0.7183	0.044	0.1439	0.1558	0.1239	0.039	0.3017	0.4226	0.001	0.8781	0.6953	0.001	0.3347	0.1978	0.2238	0.001	0.002	0.006	0.1728	0.001	0.2448	0.023	0.009	0.6803	0.1638	0.3017	0.6693	0.035	0.004	0.046	0.029	0.045	0.0899	0.002	0.1149	0.4296	0.0879	0.6733	0.7792	0.001	0.7692	0.3576	0.4685	0.001	0.5115	0.004	0.0539	0.008	0.003	0.0879	0.0879	0.2398	0.008	0.017	0.001	0.039	0.7972	0.2947	0.7033	0.0809	0.002	0.001	0.0749	0.2987	0.004	0.001	0.3407	0.009	0.6993	0.0769	0.001	0.5245	0.028	0.022	0.001	0.001	0.001	0.6763	0.2627	0.0929	0.1708	0.0549	0.1548	0.022	0.0609	0.009	0.5485	0.955	0.2937	0.968	0.2637	0.8452	0.005	0.008	0.7592	0.003	0.0849	0.027	0.0729	0.001	0.0549	0.007	0.4486	0.2947	0.1698	0.1159	0.0509	0.012	0.8811	0.1149	0.1189	0.0769	0.2068	0.011	0.951	0.001	0.8831	0.001	0.2677	0.048	0.001	0.0649	0.012	0.015	0.7992	0.2507	0.6843	0.1638	0.8132	0.1998	0.3916	0.001	0.8452	0.009	0.001	0.0739	0.024	0.2847	0.003	0.0959	0.1868	0.0519	0.976	0.2158	0.007	0.3906	0.1818	0.029	0.8272	0.5065	0.0969	0.001	0.1738	0.1219	0.043	0.007	0.001	0.5664	0.6044	0.7053	0.1249	0.0559	0.008	0.0719	0.001	0.044	0.0929	0.5495	0.038	0.4256	0.016	0.002	0.4206	0.016	0.001	0.3556	0.002	0.1089	0.5275	0.003	0.001	0.008	0.039	0.004	0.1259	0.4376	0.001	0.2388	0.001	0.1399	0.7642	0.007	0.002	0.1469	0.0599	0.029	0.002	0.4925	0.005	0.2058	0.001	0.5584	0.004	0.001	0.4915	0.0829	0.029	0.007	0.8032	0.6553	0.9281	0.036	0.6753	1	0.033	0.3606	0.1718	0.1638	0.001	0.2897	0.0909	0.001	0.001	0.8631	0.0919	0.3147	0.0529	0.2268	0.001	0.0839	0.001	0.3766	0.001	0.001	0.044	0.8222	0.001	0.002	0.002	0.3506	0.971	0.1419	0.6324	0.1389	0.001	0.1309	0.0649	0.1169	0.001	0.4196	0.004	0.2138	0.016	0.8232
Sg_YA04_9	0.001	0.001	0.009	0.001	0.001	0.001	0.001	0.002	0.001	0.027	0.001	0.011	0.003	0.001	0.001	0.952	0.011	0.001	0.001	0.003	0.049	0.002	0.1988	0.003	0.004	0.022	0.001	0.007	0.0689	0.3786	0.02	0.001	0.025	0.001	0.001	0.2108	0.001	0.4675	0.001	0.2537	0.0899	0.2717	0.011	0.047	0.001	0.001	0.015	0.001	0.01	0.001	0.3756	0.001	0.0679	0.001	0.6094	0.001	0.001	0.4605	0.1618	0.001	0.5335	0.001	0.5465	0.002	0.002	0.1009	0.001	0.001	0.001	0.001	0.5684	0.033	0.002	0.001	0.2358	0.8362	0.046	0.001	0.7982	0.002	0.001	0.001	0.001	0.6084	0.9291	0.7662	0.001	0.3167	0.001	0.002	0.001	0.001	0.001	0.004	0.015	0.009	0.3227	0.001	0.004	0.03	0.001	0.009	0.8561	0.001	0.2238	0.001	0.001	0.2438	0.001	0.8701	0.023	0.2058	0.0959	0.001	0.001	0.2438	0.001	0.001	0.042	0.049	0.001	0.001	0.001	0.001	0.001	0.1638	0.001	0.001	0.001	0.001	0.1738	0.001	0.3876	0.001	0.1239	0.003	0.001	0.2887	0.001	0.001	0.001	0.8412	0.001	0.001	0.002	0.001	0.6234	0.001	0.001	0.001	0.4645	0.002	0.5075	0.9371	0.002	0.001	0.2607	0.001	0.017	0.1958	0.047	0.003	0.002	0.2707	0.003	0.001	0.006	0.001	0.001	0.001	0.9031	0.002	0.001	0.002	0.2647	0.003	0.001	0.9361	0.002	0.001	0.002	0.001	0.0689	0.027	0.4076	0.1548	0.001	0.5804	0.001	0.002	0.5345	0.001	0.001	0.2218	0.001	0.001	0.01	0.001	0.001	0.1678	0.001	0.001	0.1938	0.001	0.9451	0.001	0.0709	0.0649	0.007	0.001	0.1558	0.002	0.001	0.001	0.001	0.001	0.001	0.003	0.002	0.0609	0.2408	0.006	0.001	0.001	0.5564	0.001	0.001	0.1668	0.001	0.001	0.035	0.3816	0.7383	0.004	0.001	0.001	0.3736	0.001	0.001	0.004	0.005	0.001	0.001	0.3217	0.4635	0.001	0.1918	0.002	0.001	0.003	0.001	0.1808	0.7063	0.001	0.003	0.001	0.001	0.0579	0.013	0.2557	0.001	0.001	0.017	0.001	0.6194	0.001	0.7343	0.001	0.001	0.001	0.001	0.001	0.7013	0.7393	0.001	0.1588	0.952	0.001	0.2298	0.018	0.1918	0.001	0.0629	0.1139	0.001	0.6563	0.8791	0.001	0.039	0.033	1	0.001	0.001	0.1019	0.2148	0.001	0.001	0.002	0.6953	0.001	0.002	0.001	0.027	0.001	0.003	0.001	0.007	0.001	0.3996	0.1289	0.6683	0.7123	0.957	0.001	0.9371	0.035	0.001	0.3387	0.001	0.001	0.001	0.001	0.001	0.001	0.1459	0.0659	0.001	0.002	0.045	0.001
Sg_YA12_28	0.006	0.001	0.035	0.001	0.001	0.5265	0.008	0.3716	0.001	0.045	0.001	0.006	0.0589	0.0549	0.7333	0.3357	0.0849	0.001	0.0569	0.005	0.985	0.6214	0.001	0.7742	0.01	0.95	0.019	0.5564	0.003	0.003	0.001	0.991	0.001	0.001	0.03	0.027	0.001	0.002	0.5075	0.037	0.7183	0.3616	0.001	0.7922	0.001	0.002	0.958	0.001	0.0559	0.036	0.5904	0.0549	0.6513	0.001	0.4715	0.001	0.001	0.001	0.6364	0.3616	0.2088	0.001	0.3447	0.001	0.019	0.001	0.0539	0.002	0.001	0.003	0.7453	0.3067	0.0759	0.029	0.023	0.6633	0.004	0.002	0.001	0.001	0.01	0.001	0.001	0.7153	0.9371	0.7672	0.4456	0.6563	0.023	0.001	0.7343	0.3686	0.024	0.1648	0.001	0.036	0.8442	0.012	0.4735	0.0809	0.8392	0.02	0.002	0.0639	0.042	0.009	0.034	0.1489	0.001	0.7702	0.2797	0.2268	0.3966	0.001	0.016	0.007	0.001	0.001	0.8372	0.4875	0.001	0.001	0.001	0.1838	0.002	0.002	0.1229	0.001	0.8452	0.001	0.8292	0.001	0.1968	0.001	0.7333	0.1019	0.1189	0.5185	0.015	0.001	0.001	0.6474	0.001	0.003	0.002	0.005	0.6853	0.3477	0.009	0.001	0.6603	0.9471	0.1818	0.977	0.001	0.005	0.004	0.0929	0.019	0.4735	0.011	0.6853	0.02	0.5215	0.043	0.0829	0.009	0.001	0.008	0.3217	0.2178	0.2058	0.001	0.4276	0.8162	0.05	0.001	0.981	0.048	0.004	0.0929	0.0589	0.001	0.003	0.4376	0.1858	0.001	0.6563	0.001	0.2817	0.0639	0.1129	0.001	0.8182	0.001	0.001	0.2168	0.001	0.004	0.0689	0.036	0.001	0.017	0.03	0.0969	0.003	0.8671	0.015	0.8691	0.001	0.971	0.008	0.01	0.001	0.004	0.001	0.001	0.2358	0.001	0.2667	0.965	0.009	0.001	0.005	0.9131	0.001	0.002	0.3007	0.001	0.001	0.9151	0.004	0.6593	0.011	0.001	0.001	0.041	0.3107	0.04	0.016	0.8921	0.5844	0.002	0.1309	0.3067	0.001	0.9291	0.7532	0.001	0.001	0.4805	0.2567	0.001	0.001	0.5664	0.007	0.1299	0.1808	0.001	0.011	0.001	0.002	0.018	0.002	0.4116	0.001	0.1608	0.004	0.001	0.001	0.002	0.001	0.1918	0.2557	0.007	0.8042	0.4266	0.001	0.0539	0.4396	0.016	0.003	0.001	0.1259	0.1678	0.2048	0.5654	0.2458	0.2178	0.3606	0.001	1	0.021	0.001	0.019	0.001	0.001	0.4625	0.986	0.001	0.039	0.001	0.2837	0.001	0.1169	0.001	0.001	0.001	0.0849	0.6404	0.009	0.002	0.003	0.4106	0.5065	0.1988	0.001	0.8122	0.001	0.001	0.001	0.001	0.001	0.032	0.5285	0.5185	0.0589	0.001	0.0969	0.001
Sg_YA12_4	0.001	0.001	0.018	0.001	0.026	0.1089	0.001	0.5155	0.001	0.004	0.001	0.039	0.011	0.001	0.001	0.7882	0.1688	0.001	0.001	0.014	0.5634	0.1568	0.3247	0.018	0.001	0.004	0.001	0.6344	0.002	0.1139	0.002	0.002	0.001	0.001	0.002	0.0659	0.001	0.8232	0.001	0.7313	0.1958	0.7333	0.001	0.5974	0.001	0.009	0.3257	0.001	0.1728	0.016	0.4016	0.001	0.4096	0.001	0.5145	0.001	0.001	0.7712	0.2557	0.002	0.8731	0.001	0.5225	0.001	0.008	0.023	0.001	0.001	0.001	0.001	0.1109	0.043	0.023	0.005	0.037	0.0989	0.01	0.001	0.3097	0.001	0.0829	0.004	0.001	0.7742	0.986	0.4775	0.004	0.003	0.049	0.005	0.001	0.007	0.006	0.021	0.2058	0.043	0.1269	0.001	0.1209	0.0789	0.027	0.035	0.7073	0.002	0.2837	0.001	0.1738	0.6094	0.001	0.9011	0.7263	0.0659	0.1868	0.001	0.022	0.5435	0.001	0.001	0.01	0.7632	0.001	0.001	0.001	0.001	0.001	0.8521	0.001	0.001	0.001	0.001	0.044	0.001	0.6783	0.001	0.045	0.001	0.001	0.8701	0.001	0.001	0.001	0.5514	0.001	0.013	0.043	0.001	0.9281	0.024	0.001	0.006	0.7972	0.0979	0.6513	0.1928	0.004	0.001	0.7263	0.001	0.014	0.0799	0.0689	0.001	0.007	0.0799	0.002	0.003	0.003	0.001	0.001	0.001	0.022	0.002	0.001	0.2418	0.1399	0.9091	0.001	0.8432	0.005	0.001	0.0899	0.001	0.4865	0.001	0.0869	0.7323	0.001	0.4066	0.005	0.001	0.0849	0.003	0.001	0.8911	0.001	0.001	0.7023	0.001	0.001	0.975	0.001	0.001	0.6084	0.001	0.2957	0.001	0.0729	0.004	0.0899	0.001	0.5634	0.005	0.001	0.001	0.001	0.001	0.001	0.003	0.001	0.5604	0.0699	0.022	0.001	0.001	0.0999	0.001	0.001	0.6284	0.001	0.009	0.011	0.2997	0.1019	0.047	0.005	0.001	0.972	0.002	0.002	0.033	0.2368	0.018	0.001	0.6583	0.5165	0.001	0.0529	0.2088	0.001	0.001	0.015	0.1359	0.5205	0.001	0.7453	0.02	0.001	0.2517	0.5974	0.2717	0.001	0.006	0.5944	0.001	0.2937	0.001	0.5165	0.001	0.0619	0.001	0.001	0.001	0.2348	0.3996	0.001	0.5894	0.6953	0.001	0.006	0.1209	0.7692	0.001	0.037	0.8062	0.015	0.6903	0.5804	0.008	0.7562	0.1718	0.001	0.021	1	0.005	0.8442	0.001	0.001	0.011	0.8122	0.001	0.002	0.001	0.038	0.003	0.002	0.001	0.021	0.007	0.3626	0.998	0.2218	0.8492	0.5684	0.021	0.8681	0.001	0.001	0.8202	0.001	0.001	0.001	0.001	0.001	0.003	0.5944	0.009	0.012	0.001	0.6503	0.001
Sg_YA13_10	0.4955	0.001	0.002	0.005	0.4176	0.2438	0.0639	0.6324	0.03	0.3067	0.005	0.007	0.002	0.2687	0.013	0.2727	0.01	0.008	0.006	0.1728	0.2647	0.002	0.016	0.2318	0.038	0.0709	0.2248	0.043	0.001	0.003	0.001	0.038	0.003	0.01	0.019	0.002	0.03	0.003	0.5465	0.98	0.034	0.8521	0.025	0.7982	0.0919	0.013	0.9351	0.7942	0.2937	0.5834	0.6513	0.009	0.3936	0.961	0.029	0.981	0.005	0.027	0.8202	0.2787	0.4226	0.024	0.2328	0.1249	0.004	0.2158	0.0529	0.7253	0.001	0.021	0.2717	0.6124	0.002	0.4655	0.4975	0.1399	0.001	0.9381	0.3916	0.1369	0.6913	0.8242	0.019	0.2907	0.3127	0.1409	0.3676	0.2168	0.0859	0.5295	0.1508	0.3766	0.0969	0.0689	0.005	0.05	0.021	0.2847	0.2158	0.001	0.7123	0.021	0.013	0.2438	0.003	0.1289	0.1888	0.5355	0.7592	0.5295	0.5365	0.001	0.99	0.3936	0.2947	0.002	0.5734	0.3257	0.002	0.4805	0.4685	0.008	0.8731	0.0589	0.3936	0.3736	0.7662	0.2308	0.1329	0.7662	0.3027	0.003	0.2557	0.1289	0.009	0.5574	0.021	0.025	0.1369	0.004	0.2438	0.2917	0.001	0.003	0.022	0.99	0.5634	0.2687	0.3526	0.001	0.988	0.3956	0.1938	0.1239	0.009	0.0509	0.006	0.0549	0.6993	0.3017	0.2587	0.0849	0.05	0.1628	0.3307	0.8252	0.8202	0.002	0.2218	0.0619	0.4575	0.004	0.2537	0.1399	0.6623	0.2308	0.1658	0.3417	0.014	0.006	0.6703	0.5075	0.9291	0.4535	0.0879	0.1818	0.5924	0.5445	0.043	0.033	0.8531	0.0889	0.025	0.7882	0.1389	0.0839	0.5155	0.016	0.01	0.016	0.7582	0.002	0.0689	0.0919	0.002	0.6653	0.034	0.3447	0.6883	0.0639	0.3856	0.4545	0.7373	0.003	0.002	0.0719	0.003	0.1718	0.001	0.2987	0.3656	0.5295	0.023	0.013	0.3726	0.5924	0.3606	0.7622	0.004	0.1279	0.1898	0.002	0.6434	0.5255	0.009	0.003	0.6254	0.041	0.1379	0.2907	0.1818	0.3526	0.2557	0.9211	0.1199	0.034	0.951	0.1708	0.6543	0.3057	0.8961	0.6324	0.001	0.002	0.5874	0.0689	0.1508	0.2168	0.0659	0.0829	0.002	0.7862	0.0629	0.4595	0.7712	0.014	0.981	0.1279	0.002	0.4615	0.5185	0.019	0.8511	0.9171	0.01	0.7003	0.7073	0.1019	0.4915	0.1119	0.043	0.3287	0.042	0.025	0.5025	0.9181	0.2967	0.025	0.9331	0.1638	0.1019	0.001	0.005	1	0.015	0.049	0.003	0.3806	0.6034	0.001	0.1618	0.025	0.8012	0.001	0.8901	0.002	0.001	0.007	0.2677	0.2238	0.007	0.8861	0.001	0.4565	0.0939	0.009	0.018	0.0759	0.036	0.0629	0.027	0.015	0.1109	0.014	0.8731	0.966	0.2927	0.003	0.003	0.002
Sg_YA31_31	0.033	0.955	0.011	0.023	0.2408	0.021	0.977	0.023	0.3856	0.3926	0.0839	0.001	0.3037	0.001	0.5105	0.019	0.1399	0.2907	0.0779	0.9031	0.7433	0.021	0.048	0.007	0.1998	0.2927	0.9241	0.002	0.001	0.001	0.01	0.005	0.027	0.8781	0.3307	0.001	0.0539	0.001	0.3616	0.3257	0.007	0.5365	0.014	0.1299	0.1479	0.5664	0.001	0.1239	0.002	0.001	0.2348	0.6284	0.4266	0.037	0.6763	0.017	0.7692	0.001	0.7143	0.001	0.6543	0.6224	0.03	0.1688	0.6813	0.5914	0.004	0.1778	0.97	0.8741	0.001	0.8691	0.9191	0.2328	0.024	0.011	0.2557	0.1359	0.0869	0.2028	0.004	0.012	0.2318	0.001	0.012	0.001	0.8811	0.012	0.002	0.9481	0.2997	0.001	0.004	0.5445	0.002	0.1908	0.3616	0.001	0.1279	0.1998	0.01	0.6094	0.002	0.003	0.001	0.7193	0.0839	0.001	0.03	0.2567	0.001	0.014	0.5325	0.3586	0.002	0.001	0.025	0.2068	0.8482	0.6064	0.9291	0.018	0.1668	0.024	0.015	0.0669	0.008	0.8052	0.025	0.1289	0.001	0.1708	0.004	0.0539	0.1988	0.8861	0.1608	0.5954	0.6533	0.0909	0.2158	0.0669	0.1009	0.5105	0.7792	0.035	0.1269	0.2438	0.5504	0.8601	0.7093	0.1888	0.018	0.1459	0.044	0.2328	0.4126	0.2238	0.6723	0.001	0.05	0.007	0.6603	0.0889	0.001	0.2108	0.7912	0.2108	0.001	0.017	0.003	0.0869	0.1678	0.1319	0.2408	0.3297	0.6264	0.1868	0.4595	0.022	0.014	0.0579	0.0659	0.6284	0.031	0.5774	0.01	0.3237	0.0609	0.028	0.049	0.001	0.1688	0.1309	0.045	0.002	0.5295	0.7103	0.044	0.001	0.0899	0.3257	0.2398	0.9031	0.4835	0.033	0.3506	0.006	0.5784	0.5255	0.016	0.035	0.008	0.2627	0.1818	0.5654	0.7692	0.006	0.001	0.6014	0.0629	0.5554	0.1848	0.1499	0.002	0.8571	0.1319	0.3956	0.032	0.4306	0.04	0.001	0.042	0.9441	0.005	0.4705	0.4835	0.0559	0.001	0.001	0.1149	0.009	0.0809	0.5045	0.2937	0.0839	0.002	0.5025	0.6673	0.6663	0.001	0.001	0.001	0.6523	0.2577	0.1978	0.001	0.4036	0.001	0.3297	0.4695	0.0799	0.001	0.0979	0.019	0.3646	0.005	0.1878	0.2118	0.0959	0.7812	0.03	0.031	0.015	0.2677	0.1129	0.3027	0.2837	0.2847	0.02	0.041	0.002	0.3696	0.001	0.2977	0.0809	0.5085	0.1838	0.001	0.001	0.2148	0.019	0.8442	0.015	1	0.5295	0.2298	0.3097	0.1578	0.3417	0.8202	0.3057	0.029	0.0639	0.012	0.6154	0.006	0.8292	0.004	0.6314	0.001	0.6853	0.002	0.001	0.4965	0.1788	0.022	0.5814	0.1868	0.1149	0.05	0.999	0.0679	0.2767	0.4476	0.049	0.3327	0.1029	0.1678	0.3626
Sg_YB34_1	0.001	0.001	0.0789	0.001	0.005	0.0779	0.001	0.1998	0.001	0.034	0.001	0.026	0.1139	0.001	0.003	0.6523	0.003	0.001	0.002	0.1449	0.2308	0.005	0.7253	0.001	0.004	0.003	0.013	0.0689	0.0529	0.034	0.015	0.001	0.008	0.001	0.001	0.2537	0.001	0.9131	0.05	0.3796	0.3457	0.2398	0.001	0.005	0.001	0.001	0.017	0.001	0.004	0.001	0.8232	0.014	0.9331	0.001	0.9251	0.001	0.001	0.4276	0.015	0.001	0.9201	0.001	0.4855	0.001	0.002	0.0689	0.002	0.001	0.001	0.001	0.978	0.2348	0.001	0.006	0.7982	0.5435	0.0799	0.001	0.1768	0.001	0.004	0.001	0.001	0.1069	0.5574	0.5584	0.001	0.8521	0.001	0.017	0.001	0.001	0.001	0.5524	0.002	0.0829	0.1918	0.001	0.3497	0.0849	0.007	0.016	0.8511	0.001	0.3626	0.003	0.027	0.043	0.001	0.5514	0.3277	0.3816	0.3856	0.001	0.001	0.6264	0.001	0.001	0.2857	0.1858	0.001	0.001	0.001	0.002	0.001	0.4256	0.001	0.001	0.001	0.001	0.5475	0.001	0.4835	0.001	0.028	0.001	0.001	0.5245	0.001	0.001	0.001	0.8501	0.001	0.001	0.002	0.001	0.1878	0.005	0.001	0.003	0.9271	0.2438	0.4635	0.6503	0.0619	0.001	0.05	0.008	0.0929	0.1928	0.004	0.005	0.002	0.977	0.027	0.011	0.001	0.001	0.001	0.001	0.9241	0.001	0.001	0.044	0.5554	0.3257	0.001	0.4436	0.3307	0.002	0.002	0.013	0.2797	0.043	0.4765	0.7233	0.001	0.2997	0.001	0.01	0.5524	0.006	0.002	0.2178	0.001	0.001	0.6324	0.001	0.002	0.6314	0.001	0.001	0.023	0.004	0.969	0.001	0.004	0.004	0.001	0.001	0.0859	0.016	0.001	0.001	0.001	0.001	0.001	0.001	0.008	0.018	0.7942	0.001	0.001	0.001	0.9351	0.001	0.001	0.5704	0.001	0.002	0.0959	0.1209	0.7303	0.001	0.0939	0.002	0.2927	0.004	0.001	0.001	0.6773	0.0649	0.001	0.8192	0.1748	0.001	0.1758	0.1259	0.001	0.002	0.012	0.0619	0.7233	0.001	0.034	0.008	0.001	0.5405	0.001	0.6773	0.001	0.001	0.9431	0.001	0.7732	0.001	0.8921	0.001	0.006	0.001	0.006	0.001	0.6623	0.7712	0.003	0.5255	0.7972	0.001	0.035	0.2128	0.4496	0.001	0.1029	0.2547	0.001	0.4725	0.7353	0.013	0.3107	0.2897	0.001	0.001	0.001	0.049	0.5295	1	0.001	0.001	0.5415	0.001	0.002	0.001	0.1069	0.001	0.017	0.001	0.003	0.001	0.8302	0.8931	0.2847	0.7642	0.8571	0.005	0.985	0.0969	0.001	0.8511	0.003	0.001	0.001	0.001	0.001	0.001	0.4805	0.0899	0.006	0.004	0.0559	0.004
Sg_YB35_19	0.001	0.001	0.033	0.001	0.001	0.032	0.002	0.2717	0.001	0.03	0.001	0.0559	0.003	0.001	0.001	0.4785	0.001	0.001	0.001	0.004	0.1648	0.001	0.1449	0.001	0.002	0.002	0.001	0.048	0.05	0.1968	0.001	0.01	0.001	0.001	0.001	0.3327	0.001	0.4765	0.002	0.4775	0.4426	0.1568	0.002	0.027	0.001	0.001	0.003	0.001	0.001	0.001	0.3447	0.001	0.7493	0.001	0.1299	0.001	0.001	0.2418	0.0879	0.001	0.2507	0.001	0.1119	0.001	0.001	0.016	0.001	0.001	0.001	0.001	0.994	0.1449	0.002	0.001	0.2478	0.5355	0.003	0.001	0.0509	0.001	0.001	0.001	0.001	0.963	0.9101	0.049	0.001	0.2488	0.001	0.001	0.001	0.001	0.001	0.1648	0.001	0.01	0.3187	0.001	0.2687	0.035	0.001	0.004	0.3916	0.001	0.5025	0.001	0.005	0.017	0.001	0.4615	0.045	0.1029	0.4835	0.001	0.001	0.2498	0.001	0.001	0.039	0.8771	0.001	0.001	0.001	0.001	0.001	0.3357	0.001	0.001	0.001	0.001	0.005	0.001	0.7263	0.001	0.1598	0.001	0.001	0.8422	0.001	0.001	0.001	0.1708	0.001	0.001	0.007	0.001	0.8222	0.002	0.001	0.001	0.7662	0.1189	0.8771	0.2507	0.007	0.001	0.01	0.001	0.1778	0.0809	0.006	0.001	0.002	0.7053	0.001	0.001	0.001	0.001	0.001	0.001	0.6833	0.001	0.001	0.1229	0.8521	0.039	0.001	0.7143	0.0519	0.002	0.001	0.001	0.2478	0.003	0.4955	0.029	0.001	0.2787	0.001	0.001	0.98	0.033	0.001	0.7233	0.001	0.001	0.2398	0.001	0.001	0.1588	0.001	0.001	0.031	0.001	0.5544	0.001	0.0679	0.001	0.001	0.001	0.007	0.001	0.001	0.001	0.001	0.001	0.001	0.022	0.001	0.015	0.014	0.002	0.001	0.001	0.6513	0.001	0.001	0.7233	0.001	0.001	0.02	0.0699	0.1389	0.001	0.001	0.003	0.9021	0.001	0.001	0.001	0.3826	0.0729	0.001	0.0829	0.1928	0.001	0.005	0.1449	0.001	0.001	0.002	0.01	0.8661	0.001	0.004	0.002	0.001	0.6034	0.001	0.4086	0.001	0.001	0.1479	0.001	0.2098	0.001	0.7942	0.001	0.002	0.001	0.001	0.001	0.7333	0.7912	0.001	0.8072	0.2028	0.001	0.007	0.1588	0.974	0.001	0.003	0.032	0.001	0.4176	0.3936	0.002	0.5115	0.0909	0.001	0.001	0.001	0.003	0.2298	0.001	1	0.001	0.5465	0.001	0.001	0.001	0.0689	0.001	0.004	0.001	0.002	0.001	0.6354	0.6434	0.5205	0.2388	0.3347	0.001	0.994	0.0559	0.001	0.4775	0.001	0.001	0.001	0.001	0.001	0.001	0.7133	0.3257	0.002	0.001	0.3307	0.001
Sg_YB35_41	0.2238	0.3247	0.5774	0.001	0.3067	0.1189	0.1958	0.1359	0.003	0.2108	0.001	0.3387	0.001	0.001	0.002	0.1069	0.017	0.003	0.001	0.1319	0.1429	0.6464	0.2717	0.2058	0.9111	0.8851	0.3427	0.1069	0.0979	0.9331	0.3007	0.4246	0.042	0.018	0.003	0.6953	0.033	0.5295	0.044	0.9271	0.9091	0.017	0.8182	0.031	0.014	0.0539	0.0599	0.1838	0.2398	0.008	0.985	0.017	0.4635	0.1299	0.7363	0.002	0.003	0.2248	0.023	0.001	0.047	0.012	0.0519	0.039	0.001	0.5604	0.001	0.7143	0.014	0.003	0.5814	0.1638	0.1429	0.1499	0.5524	0.5085	0.1079	0.1469	0.4456	0.046	0.04	0.1738	0.002	0.6254	0.1329	0.2937	0.027	0.011	0.8052	0.1578	0.8901	0.001	0.001	0.5035	0.4226	0.3287	0.1309	0.0589	0.1359	0.1339	0.02	0.017	0.045	0.3556	0.8781	0.002	0.1149	0.4396	0.1269	0.9371	0.035	0.2637	0.97	0.2028	0.014	0.7243	0.3037	0.5804	0.2677	0.7962	0.2867	0.001	0.1159	0.001	0.012	0.011	0.002	0.3257	0.6014	0.1339	0.01	0.005	0.1049	0.017	0.7632	0.7203	0.001	0.3566	0.002	0.3367	0.3367	0.011	0.6404	0.005	0.018	0.2677	0.045	0.8192	0.1069	0.001	0.028	0.7732	0.004	0.045	0.3167	0.2767	0.003	0.003	0.7922	0.8511	0.022	0.001	0.2438	0.0949	0.0919	0.7313	0.2677	0.028	0.004	0.003	0.2647	0.001	0.3766	0.1329	0.6144	0.3616	0.1588	0.001	0.1279	0.036	0.015	0.6883	0.2967	0.1119	0.1888	0.6913	0.1219	0.004	0.019	0.001	0.6533	0.001	0.0879	0.013	0.01	0.005	0.1768	0.011	0.002	0.3816	0.1379	0.006	0.048	0.006	0.952	0.1319	0.7453	0.03	0.0839	0.027	0.01	0.011	0.6703	0.019	0.002	0.002	0.012	0.992	0.3217	0.0709	0.007	0.3876	0.1169	0.001	0.4186	0.975	0.2168	0.0779	0.009	0.025	0.0969	0.8731	0.006	0.5704	0.049	0.05	0.4206	0.001	0.0649	0.2378	0.978	0.1239	0.004	0.1169	0.1469	0.7253	0.1399	0.3626	0.7073	0.3437	0.001	0.7143	0.4515	0.012	0.033	0.004	0.001	0.021	0.8951	0.1429	0.009	0.7023	0.1738	0.005	0.001	0.014	0.4895	0.001	0.1868	0.1508	0.2028	0.002	0.6144	0.1558	0.001	0.4336	0.014	0.001	0.2857	0.7562	0.019	0.018	0.6394	0.2158	0.1029	0.1558	0.2418	0.001	0.042	0.001	0.002	0.4625	0.011	0.3806	0.3097	0.001	0.001	1	0.008	0.3926	0.7862	0.0759	0.001	0.6254	0.001	0.001	0.5964	0.2358	0.004	0.3157	0.5744	0.2977	0.3057	0.001	0.8292	0.008	0.021	0.5295	0.6324	0.012	0.001	0.017	0.025	0.2048	0.1079	0.4406	0.1039	0.7692	0.003	0.1798
Sg_YB35_7	0.6444	0.1638	0.8422	0.8012	0.7662	0.016	0.4905	0.0539	0.5335	0.3387	0.0719	0.3167	0.5564	0.2078	0.1239	0.001	0.5435	0.5724	0.9241	0.8681	0.2987	0.8781	0.022	0.998	0.999	0.964	0.8521	0.037	0.8941	0.4176	0.2318	0.2737	0.8551	0.1239	0.2667	0.3646	0.4016	0.4046	0.3307	0.3267	0.0549	0.04	0.1858	0.2657	0.6194	0.1219	0.2058	0.3606	0.5624	0.2188	0.013	0.8961	0.001	0.3057	0.002	0.024	0.4815	0.2058	0.9091	0.4086	0.001	0.6933	0.0889	0.8671	0.5954	0.5934	0.002	0.3656	0.4396	0.973	0.0699	0.5185	0.6943	0.7383	0.8142	0.3197	0.6174	0.8012	0.984	0.8731	0.1738	0.8372	0.1898	0.1019	0.001	0.2348	0.023	0.001	0.96	0.2098	0.0849	0.2498	0.1798	0.2787	0.3736	0.009	0.5005	0.2617	0.007	0.2378	0.5644	0.7892	0.8252	0.8122	0.0839	0.8901	0.004	0.8601	0.963	0.2737	0.2198	0.0839	0.1279	0.1339	0.5065	0.1319	0.3037	0.1039	0.6124	0.001	0.3526	0.024	0.5574	0.972	0.3656	0.034	0.3237	0.3916	0.6334	0.951	0.001	0.5544	0.0589	0.4515	0.0889	0.3377	0.2448	0.004	0.9061	0.8472	0.5035	0.001	0.047	0.2458	0.9131	0.5924	0.001	0.012	0.8182	0.8302	0.001	0.004	0.001	0.8881	0.9061	0.1169	0.0759	0.7912	0.0719	0.3796	0.009	0.968	0.4116	0.4595	0.4805	0.032	0.2168	0.6983	0.8961	0.3097	0.5954	0.6084	0.1778	0.023	0.003	0.001	0.6264	0.001	0.4486	0.1099	0.4056	0.3097	0.028	0.1828	0.0649	0.5465	0.4925	0.015	0.4955	0.984	0.0749	0.046	0.6503	0.001	0.8492	0.1908	0.001	0.9001	0.6713	0.4146	0.008	0.4655	0.7912	0.8551	0.2777	0.8292	0.0929	0.001	0.3127	0.3107	0.001	0.974	0.9051	0.4895	0.5335	0.7852	0.8691	0.016	0.8102	0.3277	0.001	0.004	0.5684	0.03	0.0649	0.6324	0.1838	0.001	0.998	0.4026	0.8012	0.036	0.001	0.03	0.0599	0.3117	0.8831	0.953	0.2468	0.2318	0.006	0.008	0.3916	0.039	0.1499	0.1149	0.0539	0.004	0.05	0.3656	0.008	0.8691	0.0919	0.975	0.7982	0.1469	0.0819	0.987	0.2488	0.002	0.3467	0.5445	0.0609	0.5694	0.001	0.7812	0.2707	0.041	0.1998	0.8022	0.2627	0.1379	0.1289	0.5485	0.6513	0.005	0.001	0.7373	0.1908	0.016	0.2288	0.5754	0.2977	0.2268	0.8931	0.3806	0.3636	0.989	0.954	0.001	0.6953	0.986	0.8122	0.6034	0.1578	0.5415	0.5465	0.008	1	0.3107	0.1978	0.6833	0.8312	0.2927	0.0969	0.021	0.001	0.3047	0.002	0.001	0.4196	0.1489	0.1199	0.1389	0.0879	0.2737	0.9341	0.2937	0.9361	0.5475	0.001	0.7762	0.7443	0.0679	0.001	0.9411	0.05	0.6853	0.1758	0.4046
Sg_YB36_42	0.001	0.001	0.019	0.001	0.001	0.1269	0.001	0.6923	0.001	0.001	0.001	0.015	0.004	0.001	0.015	0.4685	0.002	0.001	0.001	0.007	0.5225	0.1638	0.023	0.007	0.001	0.049	0.002	0.2607	0.0829	0.0639	0.001	0.2108	0.001	0.001	0.003	0.2068	0.001	0.2907	0.047	0.0509	0.4735	0.5554	0.001	0.5055	0.001	0.026	0.04	0.001	0.006	0.028	0.043	0.002	0.4815	0.001	0.023	0.001	0.001	0.025	0.8402	0.002	0.5345	0.001	0.8462	0.001	0.001	0.001	0.018	0.001	0.001	0.001	0.018	0.024	0.009	0.001	0.009	0.4995	0.003	0.001	0.001	0.001	0.027	0.001	0.001	0.6763	0.1668	0.962	0.005	0.991	0.003	0.001	0.0709	0.008	0.005	0.6973	0.004	0.2647	0.3586	0.001	0.967	0.021	0.3227	0.2547	0.023	0.001	0.0649	0.001	0.049	0.0509	0.001	0.016	0.7792	0.002	0.7293	0.001	0.002	0.5355	0.001	0.001	0.2258	0.5654	0.001	0.001	0.001	0.001	0.001	0.0679	0.001	0.001	0.002	0.001	0.5335	0.001	0.0579	0.001	0.4965	0.001	0.001	0.3556	0.001	0.001	0.001	0.8292	0.001	0.001	0.002	0.001	0.1868	0.009	0.001	0.001	0.8472	0.9221	0.024	0.8821	0.005	0.004	0.012	0.001	0.1608	0.1988	0.0809	0.007	0.001	0.0629	0.031	0.001	0.001	0.001	0.001	0.003	0.6044	0.002	0.001	0.8631	0.6334	0.018	0.001	0.8052	0.2517	0.024	0.007	0.001	0.003	0.001	0.046	0.4635	0.001	0.7273	0.001	0.004	0.7752	0.3057	0.002	0.2897	0.001	0.001	0.0519	0.001	0.001	0.5734	0.001	0.001	0.1229	0.001	0.005	0.001	0.038	0.014	0.019	0.001	0.8961	0.001	0.001	0.001	0.001	0.001	0.001	0.1359	0.001	0.0589	0.6913	0.001	0.001	0.001	0.019	0.001	0.001	0.8062	0.001	0.001	0.2058	0.008	0.992	0.001	0.001	0.001	0.006	0.003	0.001	0.013	0.6613	0.6194	0.001	0.8472	0.5295	0.001	0.2777	0.971	0.001	0.001	0.1668	0.013	0.0559	0.001	0.4875	0.002	0.001	0.3866	0.003	0.009	0.001	0.001	0.0559	0.001	0.8292	0.001	0.5035	0.001	0.018	0.001	0.001	0.001	0.0829	0.0649	0.001	0.7542	0.956	0.001	0.034	0.7752	0.002	0.001	0.001	0.8412	0.009	0.3057	0.1279	0.004	0.3756	0.8631	0.001	0.001	0.001	0.001	0.3417	0.001	0.001	0.3926	0.3107	1	0.001	0.001	0.4346	0.001	0.3856	0.001	0.001	0.001	0.0799	0.1508	0.043	0.017	0.005	0.021	0.049	0.038	0.001	0.8701	0.001	0.001	0.001	0.001	0.001	0.0839	0.8052	0.4885	0.2777	0.001	0.6424	0.001
Sg_YB37_21	0.003	0.029	0.0519	0.014	0.002	0.3177	0.024	0.7772	0.002	0.001	0.003	0.025	0.4535	0.003	0.1089	0.7333	0.5854	0.016	0.04	0.037	0.983	0.4505	0.034	0.001	0.002	0.001	0.002	0.7133	0.0869	0.012	0.005	0.2907	0.003	0.001	0.002	0.3896	0.001	0.9061	0.041	0.3437	0.0829	0.033	0.001	0.02	0.2078	0.015	0.4665	0.003	0.6044	0.3187	0.1518	0.016	0.4476	0.002	0.8761	0.2258	0.001	0.0579	0.0659	0.3427	0.7233	0.004	0.039	0.009	0.2887	0.2817	0.03	0.008	0.001	0.001	0.0549	0.0689	0.2807	0.019	0.0519	0.3736	0.0749	0.001	0.1049	0.021	0.2498	0.002	0.001	0.6004	0.3876	0.8541	0.002	0.8182	0.3686	0.004	0.002	0.001	0.003	0.5824	0.0639	0.4076	0.98	0.1449	0.8072	0.9301	0.027	0.0709	0.3067	0.003	0.8402	0.021	0.4466	0.5614	0.002	0.7792	0.4545	0.8521	0.005	0.003	0.2767	0.5714	0.001	0.001	0.4066	0.8182	0.002	0.0839	0.002	0.0759	0.001	0.048	0.0839	0.001	0.001	0.003	0.2338	0.002	0.008	0.001	0.1049	0.001	0.018	0.9221	0.003	0.016	0.001	0.8521	0.001	0.0789	0.8761	0.003	0.6993	0.001	0.001	0.1868	0.2158	0.4785	0.2388	0.1179	0.1499	0.0619	0.5754	0.043	0.001	0.2997	0.1049	0.2537	0.3467	0.985	0.011	0.01	0.1788	0.016	0.001	0.03	0.011	0.004	0.015	0.6553	0.2817	0.2148	0.001	0.976	0.012	0.006	0.3956	0.001	0.1858	0.016	0.004	0.1958	0.001	0.4725	0.1299	0.2887	0.005	0.3457	0.001	0.1518	0.011	0.0869	0.6144	0.001	0.0769	0.992	0.002	0.001	0.3716	0.011	0.8202	0.001	0.003	0.1299	0.013	0.002	0.8591	0.007	0.001	0.001	0.046	0.003	0.001	0.0889	0.023	0.966	0.1548	0.025	0.011	0.1219	0.047	0.01	0.001	0.1818	0.019	0.3906	0.002	0.0589	0.9311	0.001	0.8911	0.957	0.6054	0.1189	0.025	0.0719	0.978	0.1339	0.001	0.024	0.0609	0.005	0.7403	0.0769	0.007	0.001	0.4665	0.0679	0.8771	0.002	0.1109	0.001	0.0709	0.5175	0.3067	0.8382	0.001	0.2288	0.4855	0.007	0.8482	0.001	0.019	0.0739	0.8801	0.003	0.001	0.0759	0.01	0.035	0.015	0.4705	0.5574	0.0999	0.6234	0.3856	0.3886	0.023	0.0569	0.8661	0.034	0.7023	0.7253	0.3227	0.7972	0.0919	0.002	0.039	0.002	0.1618	0.8202	0.002	0.001	0.7862	0.1978	0.001	1	0.0519	0.7153	0.001	0.3516	0.036	0.021	0.023	0.6863	0.4476	0.4276	0.4096	0.9261	0.2098	0.3067	0.0749	0.004	0.8971	0.2208	0.001	0.3666	0.2198	0.002	0.034	0.4316	0.002	0.3457	0.003	0.6084	0.3367
Sg_YB37_28	0.001	0.001	0.7712	0.001	0.001	0.1289	0.002	0.6304	0.001	0.05	0.001	0.2537	0.0569	0.001	0.1548	0.9181	0.006	0.001	0.003	0.043	0.6853	0.03	0.1129	0.008	0.003	0.002	0.016	0.006	0.3187	0.6294	0.001	0.0749	0.012	0.001	0.005	0.5435	0.001	0.5764	0.033	0.03	0.998	0.974	0.001	0.2637	0.001	0.018	0.005	0.001	0.001	0.001	0.973	0.003	0.2038	0.001	0.1868	0.001	0.001	0.1538	0.7233	0.001	0.6883	0.001	0.1179	0.001	0.002	0.001	0.002	0.001	0.001	0.001	0.9281	0.1538	0.013	0.001	0.2987	0.2228	0.03	0.001	0.036	0.001	0.002	0.001	0.001	0.8531	0.976	0.2757	0.003	0.7992	0.001	0.001	0.014	0.005	0.001	0.952	0.02	0.0969	0.014	0.001	0.2927	0.0979	0.048	0.038	0.2737	0.001	0.8681	0.001	0.005	0.003	0.001	0.1528	0.018	0.5225	0.5485	0.001	0.001	0.2877	0.001	0.001	0.8452	0.3347	0.001	0.001	0.001	0.003	0.001	0.1558	0.001	0.001	0.001	0.001	0.4605	0.001	0.3157	0.001	0.2268	0.003	0.002	0.6663	0.001	0.001	0.001	0.2298	0.001	0.003	0.041	0.001	0.3596	0.007	0.001	0.003	0.9271	0.6683	0.2657	0.991	0.01	0.002	0.2877	0.005	0.7952	0.1009	0.0529	0.028	0.009	0.9351	0.003	0.002	0.001	0.001	0.001	0.001	0.1778	0.007	0.001	0.0779	0.7762	0.0909	0.001	0.2667	0.5065	0.027	0.021	0.001	0.002	0.012	0.8442	0.7502	0.001	0.992	0.001	0.05	0.5325	0.043	0.001	0.7053	0.001	0.001	0.2877	0.001	0.003	0.2028	0.001	0.001	0.1179	0.002	0.4486	0.001	0.1189	0.009	0.0819	0.001	0.1019	0.002	0.001	0.001	0.006	0.001	0.001	0.1009	0.002	0.5684	0.3546	0.002	0.001	0.001	0.8941	0.001	0.001	0.7552	0.001	0.001	0.4066	0.1898	0.9101	0.001	0.003	0.001	0.3137	0.018	0.001	0.003	0.7882	0.1958	0.001	0.0849	0.6873	0.001	0.2757	0.5435	0.001	0.001	0.008	0.011	0.8831	0.001	0.3996	0.001	0.001	0.2627	0.008	0.2328	0.001	0.001	0.962	0.001	0.4925	0.001	0.4206	0.001	0.021	0.001	0.022	0.001	0.998	0.4126	0.003	0.6204	0.6793	0.001	0.017	0.963	0.4545	0.001	0.015	0.0659	0.001	0.5894	0.6244	0.03	0.2488	0.3147	0.001	0.001	0.001	0.025	0.3057	0.001	0.001	0.0759	0.6833	0.001	0.0519	1	0.4386	0.001	0.0819	0.001	0.002	0.001	0.8012	0.3766	0.4565	0.033	0.9341	0.002	0.4206	0.029	0.001	0.6923	0.001	0.001	0.001	0.001	0.001	0.025	0.9421	0.9171	0.022	0.001	0.2557	0.001
Sg_YB37_7	0.9171	0.3167	0.9391	0.4735	0.002	0.001	0.1329	0.001	0.4146	0.017	0.1528	0.1688	0.001	0.007	0.001	0.5704	0.017	0.1439	0.001	0.004	0.3576	0.7433	0.0729	0.4016	0.7962	0.4955	0.5824	0.1339	0.6304	0.2098	0.3277	0.6454	0.2098	0.4246	0.006	0.7672	0.029	0.0889	0.8851	0.8661	0.2917	0.044	0.044	0.004	0.001	0.7632	0.005	0.4386	0.008	0.004	0.2787	0.8711	0.4835	0.3706	0.027	0.7612	0.9101	0.001	0.005	0.001	0.8282	0.6683	0.03	0.2947	0.001	0.6194	0.1129	0.7992	0.9251	0.0719	0.0719	0.002	0.2008	0.6923	0.016	0.049	0.4705	0.1409	0.0949	0.6933	0.0519	0.4296	0.1019	0.4525	0.2198	0.8302	0.6663	0.031	0.7493	0.6044	0.99	0.006	0.001	0.2807	0.7902	0.9151	0.2627	0.2038	0.007	0.1309	0.1908	0.3337	0.002	0.7652	0.0559	0.001	0.1229	0.3437	0.7612	0.5135	0.3207	0.7862	0.6993	0.5624	0.002	0.023	0.5005	0.4096	0.3067	0.042	0.1079	0.0579	0.2458	0.001	0.7303	0.001	0.002	0.3876	0.6603	0.6114	0.006	0.4845	0.014	0.1139	0.3676	0.2617	0.001	0.031	0.0969	0.3017	0.8761	0.8202	0.001	0.1618	0.0519	0.2727	0.992	0.4476	0.983	0.009	0.6474	0.004	0.6224	0.3237	0.4785	0.3796	0.2328	0.001	0.1089	0.1069	0.001	0.001	0.01	0.1339	0.037	0.0849	0.7473	0.6204	0.001	0.0839	0.005	0.001	0.983	0.4236	0.7463	0.1858	0.6194	0.8212	0.9221	0.5335	0.4286	0.3177	0.0529	0.8651	0.017	0.9311	0.2577	0.024	0.7223	0.001	0.3257	0.001	0.4745	0.5884	0.1938	0.002	0.3347	0.6733	0.001	0.035	0.027	0.1968	0.002	0.0859	0.8711	0.6344	0.7792	0.001	0.1169	0.3826	0.7652	0.0799	0.95	0.1868	0.003	0.3197	0.0899	0.1399	0.6214	0.4116	0.004	0.025	0.5634	0.001	0.013	0.3656	0.8911	0.9031	0.0989	0.007	0.0529	0.2228	0.003	0.1568	0.1958	0.2727	0.1818	0.001	0.2438	0.012	0.004	0.0899	0.1908	0.6374	0.4326	0.011	0.012	0.2597	0.4236	0.4086	0.001	0.1049	0.0509	0.0599	0.007	0.011	0.002	0.001	0.0519	0.1838	0.2547	0.3217	0.036	0.0789	0.001	0.1888	0.041	0.2747	0.1049	0.8392	0.7792	0.002	0.012	0.006	0.001	0.4136	0.8701	0.045	0.2318	0.4296	0.3706	0.1169	0.7023	0.038	0.3017	0.3986	0.0779	0.001	0.1199	0.0529	0.027	0.2837	0.038	0.8012	0.029	0.1069	0.0689	0.001	0.8312	0.4346	0.7153	0.4386	1	0.046	0.001	0.4775	0.9411	0.3207	0.3866	0.5714	0.6893	0.2917	0.8931	0.041	0.2088	0.6194	0.0949	0.2048	0.2338	0.2008	0.029	0.5195	0.1618	0.027	0.9271	0.004	0.036	0.5485	0.9031	0.3886
Sg_YB38_12	0.002	0.001	0.041	0.001	0.001	0.7243	0.001	0.2807	0.001	0.001	0.001	0.003	0.3506	0.004	0.2937	0.4336	0.0649	0.001	0.1429	0.0649	0.7972	0.2627	0.001	0.0799	0.003	0.1688	0.003	0.981	0.003	0.004	0.001	0.8102	0.001	0.001	0.05	0.023	0.001	0.047	0.0859	0.3087	0.3766	0.979	0.001	0.8382	0.001	0.002	0.5934	0.001	0.012	0.03	0.6344	0.004	0.7892	0.001	0.2567	0.001	0.001	0.001	0.5764	0.006	0.4805	0.001	0.3626	0.001	0.2208	0.001	0.02	0.001	0.001	0.001	0.0989	0.8052	0.0529	0.001	0.015	0.95	0.002	0.001	0.002	0.001	0.002	0.001	0.001	0.9081	0.3816	0.3576	0.014	0.6194	0.025	0.001	0.1978	0.2847	0.003	0.5524	0.001	0.007	0.9061	0.001	0.3287	0.0589	0.8202	0.04	0.002	0.001	0.046	0.02	0.001	0.1009	0.001	0.4236	0.967	0.03	0.9311	0.001	0.001	0.044	0.001	0.001	0.5205	0.9391	0.001	0.001	0.001	0.2288	0.001	0.001	0.018	0.001	0.0609	0.001	0.5115	0.001	0.024	0.001	0.3457	0.001	0.1638	0.7453	0.001	0.001	0.001	0.8472	0.001	0.001	0.01	0.001	0.2328	0.017	0.001	0.011	0.7542	0.991	0.012	0.8611	0.001	0.006	0.006	0.1319	0.8162	0.8741	0.4945	0.8042	0.007	0.1389	0.006	0.008	0.001	0.001	0.001	0.013	0.7862	0.3736	0.001	0.1678	0.3087	0.018	0.001	0.8931	0.02	0.006	0.002	0.001	0.001	0.002	0.2398	0.2238	0.001	0.1948	0.001	0.4466	0.6274	0.3017	0.001	0.2438	0.001	0.001	0.0729	0.001	0.0859	0.1638	0.001	0.001	0.3616	0.01	0.0669	0.001	0.2907	0.1259	0.3956	0.001	0.5075	0.001	0.001	0.001	0.007	0.001	0.001	0.1089	0.001	0.3536	0.7632	0.001	0.001	0.004	0.1139	0.001	0.001	0.9071	0.001	0.002	0.1239	0.006	0.1159	0.001	0.003	0.001	0.1389	0.2907	0.004	0.023	0.7253	0.1848	0.001	0.8442	0.8611	0.001	0.9281	0.2767	0.001	0.001	0.6723	0.0969	0.003	0.001	0.8412	0.005	0.003	0.1988	0.001	0.0709	0.001	0.001	0.1419	0.001	0.9101	0.001	0.5534	0.001	0.001	0.001	0.002	0.001	0.2018	0.7672	0.026	0.7662	0.997	0.001	0.0579	0.1708	0.011	0.001	0.001	0.2368	0.0749	0.7343	0.8362	0.3736	0.1878	0.2268	0.001	0.001	0.003	0.001	0.0639	0.001	0.001	0.6254	0.2927	0.001	0.001	0.001	0.046	1	0.1459	0.001	0.001	0.001	0.0759	0.8402	0.015	0.003	0.001	0.2847	0.4535	0.03	0.001	0.6234	0.001	0.001	0.001	0.001	0.001	0.007	0.989	0.4625	0.044	0.001	0.4096	0.001
Sg_YB38_21	0.016	0.03	0.1479	0.2018	0.002	0.002	0.3307	0.02	0.022	0.3047	0.006	0.5524	0.001	0.001	0.001	0.1259	0.008	0.1079	0.001	0.003	0.2048	0.6374	0.1129	0.021	0.4116	0.4885	0.2807	0.0879	0.5864	0.1508	0.7223	0.0609	0.972	0.0949	0.001	0.3377	0.001	0.0739	0.019	0.7802	0.7133	0.2068	0.2278	0.004	0.011	0.3107	0.023	0.0999	0.1089	0.012	0.2677	0.002	0.7742	0.018	0.7263	0.018	0.8811	0.004	0.3207	0.001	0.3127	0.1578	0.3267	0.4885	0.001	0.2048	0.029	0.4725	0.027	0.002	0.5065	0.002	0.2418	0.8062	0.2098	0.2517	0.1938	0.014	0.3137	0.2128	0.4705	0.1149	0.002	0.6004	0.7423	0.4156	0.029	0.002	0.5325	0.4456	0.0719	0.001	0.001	0.4086	0.993	0.2757	0.1858	0.0569	0.996	0.1459	0.001	0.6194	0.014	0.1039	0.1828	0.001	0.3107	0.8482	0.0709	0.7273	0.2088	0.5345	0.6813	0.3407	0.014	0.027	0.9341	0.8062	0.1728	0.7103	0.6254	0.035	0.005	0.001	0.02	0.001	0.001	0.3417	0.0549	0.0799	0.001	0.1379	0.0599	0.007	0.8541	0.3027	0.001	0.7203	0.002	0.6823	0.2338	0.029	0.1469	0.006	0.0839	0.05	0.3457	0.3457	0.3347	0.002	0.1608	0.3726	0.024	0.3956	0.9411	0.1279	0.1938	0.001	0.3546	0.0659	0.005	0.001	0.0959	0.7173	0.0709	0.1548	0.1698	0.0609	0.001	0.008	0.2308	0.001	0.9291	0.2767	0.5245	0.5804	0.1409	0.2308	0.5245	0.4845	0.0789	0.3826	0.004	0.3327	0.4136	0.6743	0.0729	0.003	0.3307	0.001	0.975	0.001	0.5395	0.0669	0.016	0.01	0.5175	0.1489	0.001	0.0599	0.037	0.027	0.2368	0.001	0.4745	0.025	0.0579	0.001	0.041	0.3367	0.019	0.001	0.012	0.014	0.001	0.024	0.031	0.0959	0.3846	0.2847	0.001	0.0559	0.7313	0.001	0.3686	0.6693	0.1339	0.5215	0.0559	0.0589	0.007	0.2787	0.003	0.5315	0.2797	0.5405	0.3317	0.001	0.0759	0.023	0.4645	0.3636	0.017	0.2118	0.3237	0.1728	0.002	0.8302	0.4246	0.8611	0.001	0.1229	0.009	0.012	0.016	0.019	0.001	0.001	0.3596	0.4306	0.02	0.2128	0.004	0.003	0.001	0.1229	0.2777	0.03	0.4635	0.1558	0.5455	0.003	0.1129	0.2667	0.001	0.6513	0.1698	0.003	0.004	0.8062	0.036	0.024	0.5894	0.0629	0.1099	0.8551	0.3107	0.001	0.0549	0.001	0.003	0.1169	0.002	0.8901	0.012	0.017	0.004	0.001	0.0969	0.3856	0.3516	0.0819	0.001	0.1459	1	0.2557	0.3766	0.2667	0.0729	0.3536	0.2957	0.7642	0.04	0.001	0.6573	0.019	0.006	0.0779	0.5834	0.008	0.002	0.9381	0.011	0.0729	0.3656	0.6813	0.6244	0.8551	0.1289	0.979
Sg_YB38_6	0.001	0.001	0.017	0.001	0.001	0.6963	0.001	0.961	0.001	0.2428	0.001	0.002	0.0549	0.001	0.021	0.4815	0.002	0.001	0.013	0.3546	0.1718	0.1069	0.014	0.3207	0.0989	0.048	0.1548	0.011	0.007	0.015	0.001	0.004	0.002	0.001	0.002	0.0749	0.001	0.3946	0.002	0.7303	0.1459	0.001	0.03	0.2258	0.001	0.011	0.044	0.001	0.001	0.011	0.5205	0.001	0.1059	0.005	0.05	0.001	0.001	0.9271	0.032	0.001	0.002	0.001	0.02	0.001	0.1079	0.1728	0.001	0.001	0.001	0.001	0.4655	0.985	0.014	0.004	0.2647	0.3017	0.001	0.003	0.2827	0.001	0.004	0.001	0.001	0.7473	0.0689	0.015	0.9111	0.032	0.024	0.041	0.042	0.009	0.001	0.1309	0.002	0.0839	0.1009	0.001	0.9041	0.001	0.4845	0.001	0.4326	0.002	0.1668	0.009	0.033	0.8781	0.001	0.7223	0.4036	0.005	0.7822	0.001	0.002	0.7233	0.001	0.002	0.2148	0.3626	0.001	0.001	0.006	0.004	0.001	0.994	0.001	0.001	0.1918	0.001	0.002	0.001	0.5854	0.001	0.7832	0.02	0.015	0.5465	0.001	0.002	0.001	0.022	0.001	0.025	0.0679	0.007	0.0699	0.7992	0.001	0.024	0.007	0.7862	0.1998	0.8551	0.003	0.006	0.001	0.034	0.9371	0.9151	0.024	0.013	0.032	0.4496	0.005	0.5634	0.0809	0.001	0.001	0.001	0.4006	0.005	0.001	0.9291	0.8142	0.3077	0.001	0.9471	0.1838	0.003	0.001	0.046	0.5085	0.002	0.4985	0.1459	0.001	0.0669	0.001	0.023	0.2777	0.2298	0.001	0.039	0.001	0.001	0.0809	0.001	0.009	0.3586	0.2278	0.001	0.1508	0.001	0.8082	0.002	0.4456	0.001	0.027	0.001	0.026	0.005	0.003	0.001	0.007	0.001	0.001	0.4376	0.012	0.2877	0.002	0.2897	0.001	0.001	0.6663	0.001	0.002	0.037	0.001	0.002	0.4915	0.028	0.003	0.01	0.002	0.047	0.7253	0.006	0.001	0.002	0.3726	0.9201	0.001	0.006	0.4336	0.002	0.012	0.7143	0.006	0.001	0.001	0.3826	0.0859	0.001	0.2867	0.012	0.001	0.4416	0.01	0.4605	0.001	0.1359	0.6783	0.001	0.021	0.001	0.1199	0.001	0.003	0.001	0.001	0.001	0.6783	0.3806	0.024	0.2947	0.005	0.001	0.001	0.1798	0.5994	0.001	0.029	0.5554	0.014	0.7473	0.1229	0.0569	0.9351	0.0839	0.001	0.001	0.001	0.002	0.6154	0.001	0.001	0.001	0.021	0.001	0.036	0.001	0.4775	0.001	0.2557	1	0.022	0.001	0.6354	0.1409	0.003	0.4975	0.8402	0.002	0.2827	0.001	0.001	0.0779	0.001	0.001	0.001	0.001	0.001	0.0549	0.02	0.5534	0.0999	0.001	0.011	0.001
Sg_YB39_24	0.005	0.001	0.016	0.021	0.1089	0.004	0.1698	0.02	0.002	0.02	0.005	0.006	0.05	0.2637	0.045	0.001	0.018	0.008	0.007	0.2587	0.5145	0.8651	0.7223	0.6663	0.0659	0.3007	0.033	0.3007	0.007	0.001	0.05	0.7932	0.004	0.001	0.2088	0.005	0.001	0.007	0.6533	0.3806	0.036	0.8711	0.001	0.969	0.007	0.001	0.3257	0.001	0.015	0.006	0.012	0.3037	0.002	0.0599	0.012	0.4765	0.001	0.005	0.0869	0.1958	0.001	0.009	0.3177	0.011	0.009	0.0619	0.5455	0.001	0.001	0.023	0.2408	0.5594	0.2458	0.3147	0.4156	0.9191	0.001	0.029	0.2687	0.014	0.001	0.005	0.001	0.1399	0.001	0.4825	0.037	0.001	0.4685	0.2198	0.015	0.8831	0.4456	0.027	0.001	0.001	0.2767	0.1668	0.001	0.0689	0.975	0.007	0.3177	0.2567	0.006	0.045	0.002	0.5914	0.002	0.5904	0.983	0.1359	0.981	0.001	0.011	0.004	0.002	0.001	0.7173	0.002	0.001	0.032	0.021	0.029	0.031	0.007	0.2088	0.001	0.4715	0.004	0.035	0.001	0.3546	0.001	0.1958	0.1009	0.1698	0.006	0.008	0.003	0.0959	0.001	0.001	0.025	0.03	0.013	0.001	0.039	0.01	0.007	0.001	0.007	0.001	0.6414	0.036	0.011	0.001	0.03	0.9451	0.963	0.6284	0.0849	0.002	0.9411	0.2248	0.011	0.026	0.003	0.028	0.0589	0.7383	0.0639	0.2897	0.004	0.003	0.001	0.004	0.035	0.026	0.002	0.1908	0.0749	0.001	0.6034	0.2248	0.038	0.004	0.9181	0.02	0.0869	0.6743	0.2298	0.002	0.001	0.008	0.1249	0.001	0.002	0.005	0.042	0.003	0.001	0.009	0.1159	0.0979	0.4565	0.037	0.8212	0.5115	0.006	0.001	0.046	0.1369	0.001	0.011	0.008	0.001	0.007	0.003	0.045	0.027	0.007	0.001	0.0919	0.2837	0.002	0.002	0.001	0.001	0.006	0.5135	0.001	0.013	0.014	0.2547	0.2258	0.8951	0.009	0.6583	0.1209	0.014	0.002	0.001	0.6134	0.1039	0.001	0.8541	0.002	0.002	0.0769	0.4505	0.017	0.003	0.001	0.1259	0.5355	0.0939	0.0799	0.001	0.001	0.001	0.017	0.001	0.002	0.001	0.001	0.8831	0.049	0.001	0.001	0.2488	0.034	0.4006	0.5265	0.045	0.007	0.001	0.008	0.0769	0.046	0.039	0.1069	0.0959	0.0669	0.5395	0.8032	0.3277	0.009	0.7163	0.001	0.007	0.001	0.021	0.001	0.006	0.003	0.002	0.5964	0.001	0.001	0.021	0.002	0.9411	0.001	0.3766	0.022	1	0.001	0.001	0.0919	0.003	0.6294	0.003	0.4875	0.2617	0.9001	0.003	0.1269	0.041	0.001	0.7093	0.011	0.001	0.003	0.001	0.7902	0.002	0.003	0.2917	0.006
Sg_YB41_11	0.001	0.001	0.2128	0.016	0.001	0.011	0.017	0.021	0.001	0.2448	0.001	0.03	0.043	0.001	0.3117	0.7902	0.0789	0.001	0.02	0.2108	0.3477	0.1209	0.4076	0.014	0.02	0.1009	0.1668	0.0639	0.2308	0.1259	0.1419	0.1828	0.4326	0.001	0.002	0.0659	0.001	0.985	0.1149	0.8721	0.3866	0.7892	0.031	0.2108	0.001	0.001	0.002	0.001	0.001	0.001	0.2278	0.1059	0.4935	0.002	0.2268	0.001	0.001	0.5974	0.0659	0.001	0.8811	0.001	0.2018	0.001	0.047	0.4875	0.007	0.001	0.001	0.007	0.1249	0.1459	0.001	0.025	0.2857	0.008	0.03	0.001	0.7682	0.001	0.001	0.001	0.001	0.8651	0.8372	0.0759	0.005	0.1399	0.004	0.049	0.035	0.037	0.001	0.1718	0.001	0.001	0.3157	0.001	0.013	0.021	0.02	0.004	0.3896	0.001	0.1349	0.012	0.001	0.017	0.001	0.5754	0.025	0.6314	0.7283	0.001	0.001	0.8422	0.001	0.001	0.4965	0.023	0.001	0.001	0.001	0.019	0.001	0.0919	0.002	0.001	0.1928	0.001	0.7003	0.001	0.5175	0.001	0.2178	0.4356	0.036	0.028	0.002	0.001	0.001	0.8322	0.001	0.0539	0.008	0.001	0.1119	0.001	0.002	0.03	0.8212	0.012	0.029	0.7582	0.005	0.002	0.043	0.021	0.3866	0.5235	0.0629	0.048	0.013	0.2298	0.001	0.001	0.0519	0.001	0.001	0.001	0.004	0.046	0.001	0.003	0.6613	0.0609	0.003	0.6474	0.4695	0.007	0.023	0.006	0.002	0.3796	0.2448	0.0679	0.001	0.8192	0.001	0.019	0.2907	0.1748	0.001	0.3327	0.001	0.001	0.1978	0.001	0.007	0.4266	0.001	0.001	0.031	0.042	0.8651	0.001	0.1369	0.034	0.1908	0.003	0.6114	0.001	0.001	0.001	0.0559	0.001	0.001	0.003	0.2587	0.3996	0.2707	0.007	0.001	0.001	0.0959	0.005	0.001	0.7363	0.001	0.001	0.5265	0.027	0.7542	0.001	0.001	0.003	0.1908	0.02	0.001	0.001	0.016	0.016	0.001	0.038	0.9301	0.001	0.4925	0.008	0.001	0.008	0.017	0.1079	0.1598	0.001	0.1119	0.002	0.001	0.3626	0.003	0.1748	0.001	0.007	0.5564	0.001	0.9371	0.001	0.0529	0.004	0.001	0.001	0.019	0.001	0.1608	0.02	0.024	0.7233	0.6753	0.001	0.0759	0.1389	0.4256	0.001	0.3427	0.2987	0.001	0.5614	0.6813	0.018	0.0979	0.3766	0.001	0.001	0.007	0.007	0.8292	0.001	0.001	0.2358	0.3047	0.001	0.023	0.001	0.3207	0.001	0.2667	0.001	0.001	1	0.2857	0.1199	0.1329	0.1538	0.1708	0.006	0.3736	0.7053	0.001	0.7073	0.001	0.001	0.001	0.001	0.001	0.002	0.6064	0.0689	0.001	0.026	0.1429	0.001
Sg_YB41_12	0.7073	0.4336	0.0959	0.4326	0.2408	0.2008	0.2967	0.3746	0.6693	0.1349	0.2008	0.003	0.5734	0.4855	0.2837	0.001	0.4605	0.7742	0.8851	0.9001	0.988	0.3347	0.7303	0.6953	0.0679	0.6823	0.2567	0.8152	0.0569	0.011	0.3167	0.5634	0.981	0.5994	0.8711	0.004	0.1199	0.01	0.7722	0.1239	0.1279	0.8761	0.1049	0.4805	0.2158	0.1039	0.2857	0.4665	0.5025	0.7403	0.1079	0.7423	0.001	0.9341	0.1039	0.4605	0.8881	0.5734	0.2537	0.9331	0.003	0.6304	0.1159	0.2617	0.5644	0.2028	0.0739	0.1758	0.7393	0.965	0.6913	0.5574	0.3546	0.9471	0.7343	0.8801	0.6653	0.3936	0.4346	0.8242	0.1998	0.1558	0.7942	0.6254	0.019	0.6703	0.4326	0.1239	0.7283	0.8262	0.03	0.1798	0.3177	0.014	0.04	0.05	0.7013	0.4875	0.046	0.3736	0.4765	0.7193	0.2128	0.5754	0.012	0.8432	0.014	0.003	0.2348	0.2488	0.0809	0.4456	0.4216	0.1159	0.3836	0.026	0.8801	0.7373	0.6464	0.009	0.0809	0.7023	0.2637	0.7213	0.5664	0.046	0.5584	0.2817	0.7632	0.8412	0.4326	0.981	0.3956	0.4995	0.2687	0.95	0.3437	0.1129	0.006	0.6943	0.6254	0.002	0.004	0.8781	0.016	0.5165	0.002	0.8252	0.6134	0.8382	0.002	0.015	0.001	0.6344	0.9421	0.0999	0.981	0.95	0.973	0.0839	0.0659	0.7023	0.017	0.046	0.964	0.5265	0.1608	0.2238	0.8032	0.1818	0.8871	0.1878	0.4975	0.2947	0.027	0.001	0.5145	0.0519	0.5105	0.006	0.3636	0.8811	0.1938	0.8342	0.7313	0.9091	0.4865	0.7443	0.0919	0.5544	0.2827	0.4995	0.2987	0.001	0.7173	0.986	0.001	0.0909	0.7283	0.029	0.5764	0.4316	0.3227	0.7972	0.993	0.2248	0.993	0.2637	0.7672	0.3357	0.001	0.5974	0.2837	0.4885	0.9161	0.4775	0.3037	0.1379	0.6264	0.2907	0.0539	0.004	0.3526	0.2657	0.7303	0.0629	0.2468	0.004	0.3676	0.1249	0.7622	0.003	0.0549	0.1499	0.953	0.2378	0.8292	0.992	0.5714	0.3397	0.007	0.1419	0.2488	0.8182	0.002	0.005	0.0569	0.028	0.0969	0.6384	0.0789	0.3706	0.005	0.5544	0.2977	0.6833	0.3906	0.2897	0.011	0.001	0.5734	0.011	0.0899	0.3936	0.004	0.5255	0.3307	0.1928	0.0569	0.1369	0.5495	0.7133	0.2028	0.3566	0.7752	0.001	0.001	0.0829	0.3626	0.004	0.1369	0.991	0.7802	0.021	0.2837	0.7393	0.7103	0.5534	0.8342	0.001	0.3996	0.0849	0.3626	0.2677	0.004	0.8302	0.6354	0.004	0.002	0.0799	0.6863	0.8012	0.3866	0.0759	0.0729	0.6354	0.001	0.2857	1	0.014	0.005	0.3766	0.1229	0.0539	0.1479	0.4915	0.3237	0.2408	0.7992	0.7572	0.2398	0.1129	0.3706	0.005	0.002	0.5614	0.037	0.7562	0.2767	0.3876
Sg_YB46_3	0.015	0.1009	0.4565	0.4346	0.8252	0.001	0.4446	0.001	0.9061	0.6434	0.1738	0.004	0.2268	0.1598	0.028	0.004	0.9231	0.4635	0.2787	0.3197	0.004	0.992	0.0679	0.6094	0.004	0.036	0.3546	0.6823	0.008	0.0909	0.001	0.3037	0.001	0.7073	0.2078	0.002	0.7522	0.7972	0.3606	0.001	0.001	0.0939	0.03	0.8282	0.1239	0.001	0.5455	0.005	0.001	0.011	0.001	0.989	0.001	0.044	0.001	0.0629	0.4885	0.048	0.8911	0.5335	0.002	0.014	0.6703	0.007	0.0629	0.001	0.1898	0.035	0.8651	0.984	0.03	0.4805	0.012	0.1928	0.024	0.009	0.3007	0.1688	0.007	0.002	0.002	0.037	0.8991	0.1518	0.018	0.7053	0.042	0.001	0.5055	0.029	0.4755	0.3047	0.5245	0.001	0.0819	0.001	0.3506	0.0879	0.001	0.003	0.003	0.002	0.016	0.5944	0.1548	0.6344	0.001	0.0719	0.0939	0.001	0.2008	0.2537	0.001	0.017	0.001	0.3616	0.0829	0.025	0.005	0.001	0.027	0.4925	0.0709	0.4006	0.004	0.7303	0.0549	0.01	0.033	0.002	0.009	0.1339	0.002	0.7612	0.2208	0.003	0.025	0.001	0.953	0.001	0.002	0.001	0.4665	0.0629	0.2118	0.2827	0.002	0.01	0.5075	0.1159	0.003	0.001	0.002	0.1548	0.0789	0.001	0.01	0.8991	0.0689	0.1828	0.2877	0.6414	0.6883	0.015	0.1588	0.2707	0.003	0.1868	0.2478	0.4905	0.0509	0.0579	0.1439	0.001	0.036	0.006	0.046	0.1918	0.042	0.001	0.5075	0.1588	0.6853	0.001	0.0519	0.006	0.1808	0.8681	0.1389	0.5754	0.7532	0.4106	0.003	0.001	0.3227	0.7982	0.002	0.0989	0.2188	0.8511	0.009	0.96	0.4196	0.9471	0.5175	0.7413	0.5165	0.018	0.5594	0.014	0.012	0.039	0.033	0.4605	0.1039	0.8002	0.6743	0.001	0.0629	0.1748	0.8212	0.7712	0.001	0.3317	0.015	0.001	0.014	0.001	0.6104	0.002	0.4705	0.1029	0.002	0.021	0.8991	0.5145	0.001	0.7303	0.0809	0.0759	0.001	0.001	0.5724	0.8482	0.1489	0.7672	0.1608	0.001	0.002	0.001	0.3107	0.1069	0.0829	0.5345	0.005	0.5844	0.6813	0.011	0.1578	0.012	0.2727	0.1049	0.3097	0.8991	0.002	0.9221	0.033	0.047	0.001	0.009	0.0599	0.5455	0.027	0.008	0.0569	0.043	0.001	0.5664	0.1169	0.001	0.028	0.1968	0.001	0.6254	0.001	0.044	0.8501	0.2987	0.001	0.001	0.1289	0.6404	0.998	0.2238	0.6314	0.8931	0.6434	0.3157	0.001	0.1508	0.4476	0.3766	0.5714	0.8402	0.3536	0.1409	0.0919	0.1199	0.014	1	0.5375	0.004	0.034	0.4635	0.001	0.4006	0.04	0.001	0.007	0.8312	0.003	0.036	0.8601	0.001	0.004	0.026	0.001	0.007	0.964	0.9091
Sg_YB50_23	0.998	0.8262	0.01	0.001	0.1798	0.3167	0.3606	0.2148	0.2198	0.6813	0.5734	0.001	0.8971	0.1738	0.3936	0.1189	0.8851	0.2537	0.9061	0.4895	0.7083	0.0599	0.0929	0.039	0.027	0.5405	0.7343	0.0559	0.001	0.001	0.008	0.1309	0.0559	0.2517	0.9371	0.001	0.8931	0.001	0.7003	0.8442	0.003	0.0639	0.017	0.6643	0.3337	0.6344	0.002	0.9201	0.2567	0.044	0.4446	0.1578	0.4326	0.1359	0.4935	0.4336	0.02	0.033	0.1528	0.1728	0.8472	0.2008	0.1159	0.0529	0.3856	0.7702	0.1119	0.9181	0.1888	0.3407	0.005	0.2697	0.3766	0.0649	0.1109	0.1479	0.035	0.5554	0.1738	0.8671	0.048	0.4446	0.8631	0.001	0.1209	0.02	0.5594	0.1938	0.0919	0.3407	0.6863	0.046	0.2667	0.4965	0.001	0.5185	0.6054	0.01	0.5125	0.8811	0.0559	0.963	0.001	0.2098	0.001	0.3576	0.5065	0.001	0.968	0.0799	0.001	0.006	0.1479	0.9101	0.0799	0.001	0.1339	0.966	0.8641	0.7942	0.1528	1	0.4615	0.998	0.4755	0.2328	0.2817	0.1009	0.3467	0.8232	0.004	0.006	0.0529	0.6454	0.8372	0.5105	0.5195	0.1798	0.1049	0.04	0.5894	0.1558	0.026	0.7203	0.1179	0.3107	0.3197	0.1109	0.5984	0.6464	0.5764	0.6953	0.024	0.0619	0.3437	0.8991	0.0839	0.7542	0.5025	0.001	0.7882	0.6973	0.023	0.011	0.0689	0.1059	0.7662	0.8472	0.1948	0.7922	0.0999	0.9161	0.5195	0.1548	0.6603	0.3297	0.2887	0.1788	0.1898	0.001	0.8581	0.1558	0.1249	0.4066	0.013	0.2328	0.1309	0.5305	0.9101	0.9411	0.0589	0.1349	0.7023	0.5155	0.3666	0.028	0.6913	0.05	0.4416	0.001	0.0899	0.3826	0.7493	0.0589	0.8921	0.3676	0.5714	0.0959	0.953	0.029	0.0869	0.9381	0.1269	0.3247	0.8052	0.3956	0.2527	0.3217	0.005	0.2857	0.966	0.3916	0.5764	0.8841	0.011	0.4515	0.6244	0.4725	0.6164	0.9161	0.019	0.001	0.0619	0.9121	0.0789	0.6154	0.7203	0.8791	0.018	0.1179	0.3776	0.1079	0.4645	0.6963	0.8222	0.0569	0.1499	0.7552	0.2178	0.2647	0.2158	0.002	0.001	0.4216	0.8272	0.6583	0.4575	0.5095	0.001	0.1778	0.2557	0.9241	0.001	0.8272	0.3726	0.4645	0.044	0.4146	0.7453	0.5544	0.2827	0.2068	0.5245	0.0999	0.971	0.2078	0.4765	0.3047	0.002	0.005	0.0539	0.035	0.2587	0.001	0.7343	0.1209	0.0799	0.988	0.004	0.044	0.6683	0.009	0.2218	0.007	0.001	0.2847	0.5205	0.5744	0.4196	0.043	0.4276	0.4565	0.6893	0.015	0.2957	0.003	0.003	0.1329	0.005	0.5375	1	0.7383	0.025	0.001	0.8601	0.045	0.9131	0.4376	0.3037	0.7083	0.1389	0.9301	0.7123	0.3397	0.4555	0.2178	0.8012	0.045	0.9141	0.6893
Sg_YB55_11	0.6024	0.007	0.4545	0.0689	0.001	0.1279	0.7143	0.014	0.8641	0.2228	0.2637	0.2757	0.7522	0.4645	0.2128	0.0789	0.0769	0.5255	0.8791	0.1309	0.1958	0.8432	0.004	0.5994	0.2517	0.5095	0.7642	0.2727	0.5485	0.0999	0.008	0.9051	0.1479	0.021	0.7772	0.05	0.1169	0.6603	0.6184	0.001	0.015	0.9021	0.049	0.5085	0.3976	0.8022	0.8761	0.1129	0.9171	0.6124	0.001	0.5864	0.01	0.002	0.006	0.0759	0.7742	0.0979	0.5924	0.6723	0.029	0.039	0.007	0.035	0.8651	0.005	0.5854	0.1099	0.6174	0.8981	0.6314	0.003	0.7133	0.049	0.025	0.4815	0.4396	0.002	0.017	0.0839	0.9291	0.3177	0.2657	0.6344	0.2727	0.5984	0.9421	0.5774	0.7862	0.0909	0.0839	0.5924	0.8641	0.2667	0.4256	0.2777	0.998	0.1339	0.043	0.6693	0.1289	0.1568	0.018	0.5804	0.5974	0.1938	0.2627	0.1269	0.4306	0.7283	0.1049	0.952	0.041	0.0599	0.9221	0.7083	0.011	0.004	0.7463	0.003	0.1229	0.2857	0.001	0.8342	0.2108	0.2258	0.7253	0.012	0.6014	0.007	0.5215	0.015	0.2178	0.2917	0.4226	0.2847	0.6014	0.003	0.8691	0.005	0.1379	0.1169	0.5744	0.5085	0.3147	0.001	0.1059	0.2208	0.03	0.4106	0.042	0.021	0.1409	0.1019	0.2238	0.4635	0.3177	0.3447	0.3976	0.2557	0.5115	0.8501	0.1648	0.0959	0.3167	0.1858	0.004	0.006	0.6793	0.4146	0.6853	0.9171	0.002	0.0559	0.001	0.036	0.0679	0.3866	0.4476	0.1858	0.5714	0.2398	0.3826	0.003	0.6583	0.8192	0.1139	0.1608	0.008	0.968	0.7532	0.1888	0.2208	0.1289	0.05	0.3147	0.1009	0.1848	0.2627	0.5385	0.3127	0.1159	0.043	0.7642	0.2188	0.1099	0.987	0.027	0.1518	0.007	0.029	0.1489	0.3017	0.0849	0.5075	0.9331	0.0729	0.4456	0.004	0.005	0.3357	0.2098	0.0619	0.2098	0.6014	0.015	0.5205	0.0639	0.0619	0.3766	0.7592	0.3457	0.7453	0.6494	0.009	0.004	0.003	0.6284	0.1439	0.8691	0.017	0.6484	0.6573	0.8881	0.6893	0.951	0.4196	0.041	0.042	0.042	0.1329	0.1309	0.2607	0.2587	0.0799	0.4026	0.9011	0.4565	0.5085	0.4186	0.0939	0.001	0.3996	0.2008	0.0749	0.018	0.6913	0.7642	0.997	0.1409	0.1319	0.3826	0.2697	0.969	0.2897	0.048	0.038	0.7433	0.5335	0.0719	0.024	0.1279	0.034	0.9201	0.9131	0.4296	0.985	0.7642	0.1289	0.8222	0.7123	0.002	0.8492	0.8861	0.6853	0.7642	0.2388	0.2977	0.1489	0.017	0.4096	0.033	0.2917	0.003	0.7642	0.4975	0.6294	0.1538	0.3766	0.004	0.7383	1	0.016	0.5225	0.5035	0.6494	0.015	0.1499	0.007	0.3107	0.031	0.7912	0.1489	0.2138	0.02	0.1588	0.1528	0.002	0.5115	0.002
Sg_YB59_31	0.019	0.001	0.95	0.9061	0.036	0.2997	0.1459	0.3866	0.2118	0.026	0.4076	0.1688	0.4735	0.4326	0.4316	0.03	0.4306	0.4995	0.7493	0.3756	0.4595	0.1489	0.042	0.1758	0.2358	0.01	0.3427	0.001	0.01	0.042	0.1059	0.027	0.1039	0.018	0.959	0.006	0.6943	0.002	0.7772	0.4406	0.1958	0.8242	0.1339	0.2448	0.1768	0.018	0.1598	0.4006	0.5345	0.9181	0.4176	0.5564	0.006	0.8162	0.0669	0.8511	0.5524	0.006	0.2478	0.3257	0.4735	0.9011	0.3816	0.3307	0.7862	0.5514	0.031	0.2438	0.0649	0.3706	0.1149	0.0979	0.0529	0.6044	0.3966	0.5275	0.049	0.8631	0.2328	0.5784	0.2388	0.4296	0.0739	0.1978	0.0929	0.5115	0.4016	0.014	0.1948	0.3856	0.0759	0.033	0.3227	0.001	0.2428	0.003	0.1618	0.1089	0.0519	0.0529	0.2108	0.4995	0.4725	0.1219	0.002	0.4755	0.1209	0.4036	0.8671	0.1309	0.2817	0.2148	0.985	0.7952	0.4096	0.001	0.6593	0.7692	0.004	0.026	0.7333	0.2398	0.7672	0.7702	0.3796	0.5694	0.3277	0.5624	0.0679	0.4096	0.1988	0.3956	0.5534	0.9461	0.1049	0.8951	0.6573	0.049	0.5215	0.035	0.2118	0.005	0.3696	0.7582	0.037	0.7273	0.3516	0.6044	0.8252	0.4545	0.2657	0.0529	0.005	0.5954	0.04	0.5465	0.2178	0.6094	0.1678	0.2577	0.8332	0.4346	0.3077	0.3736	0.3277	0.8012	1	0.4426	0.3516	0.7233	0.7562	0.6414	0.3966	0.3966	0.8511	0.0679	0.6923	0.7193	0.001	0.1508	0.2208	0.7532	0.2547	0.8152	0.3447	0.029	0.8382	0.1219	0.0839	0.7912	0.8442	0.008	0.2148	0.028	0.4725	0.6713	0.034	0.6204	0.9381	0.014	0.3427	0.0909	0.8462	0.5045	0.006	0.8362	0.2517	0.6094	0.6913	0.5445	0.999	0.4645	0.0619	0.0899	0.995	0.7483	0.0759	0.969	0.001	0.0859	0.6444	0.5964	0.6813	0.954	0.1149	0.2018	0.2577	0.2867	0.1269	0.031	0.6044	0.1359	0.3357	0.1678	0.1049	0.022	0.1908	0.5285	0.1089	0.5904	0.034	0.1119	0.7562	0.4695	0.1698	0.1309	0.8362	0.031	0.6204	0.6254	0.2567	0.3217	0.001	0.7522	0.7882	0.3776	0.2438	0.4655	0.4895	0.0599	0.1958	0.7023	0.001	0.987	0.048	0.4376	0.8731	0.1319	0.012	0.2138	0.8302	0.8212	0.6124	0.8492	0.9171	0.7043	0.1878	0.9041	0.0779	0.022	0.2078	0.2488	0.2667	0.001	0.6324	0.7562	0.0699	0.9391	0.2517	0.001	0.957	0.003	0.5684	0.001	0.002	0.8571	0.3347	0.3057	0.1199	0.005	0.9261	0.9341	0.8931	0.001	0.04	0.8402	0.003	0.1708	0.1229	0.034	0.025	0.016	1	0.1079	0.001	0.963	0.019	0.031	0.7962	0.6793	0.2807	0.7892	0.5854	0.0719	0.1698	0.5365	0.008	0.2028	0.1169	0.015
Sg_Z02_23	0.001	0.003	0.4336	0.4416	0.6553	0.006	0.003	0.01	0.001	0.8701	0.001	0.001	0.015	0.001	0.1788	0.0579	0.002	0.001	0.001	0.1349	0.2867	0.022	0.4076	0.003	0.1658	0.0549	0.0699	0.002	0.03	0.003	0.7393	0.001	0.5275	0.001	0.001	0.005	0.001	0.001	0.011	0.8951	0.2517	0.2647	0.5365	0.004	0.001	0.018	0.001	0.001	0.001	0.001	0.2907	0.024	0.98	0.005	0.1798	0.001	0.023	0.0519	0.0989	0.001	0.2657	0.016	0.001	0.1648	0.001	0.3367	0.001	0.001	0.007	0.002	0.003	0.7393	0.0959	0.0879	0.8232	0.003	0.7263	0.005	0.6953	0.002	0.001	0.001	0.001	0.001	0.025	0.001	0.0999	0.011	0.001	0.0869	0.001	0.001	0.001	0.027	0.5984	0.0789	0.3127	0.001	0.0559	0.041	0.001	0.002	0.001	0.001	0.001	0.008	0.005	0.001	0.001	0.2707	0.001	0.5734	0.96	0.003	0.001	0.001	0.001	0.003	0.8681	0.9441	0.006	0.001	0.004	0.001	0.001	0.3586	0.003	0.005	0.007	0.001	0.001	0.015	0.1239	0.001	0.6074	0.2517	0.001	0.3866	0.003	0.2478	0.001	0.037	0.5704	0.004	0.1089	0.007	0.3297	0.036	0.005	0.001	0.6304	0.4156	0.05	0.6593	0.016	0.011	0.1129	0.007	0.6254	0.001	0.1089	0.001	0.1658	0.002	0.001	0.001	0.2208	0.001	0.001	0.001	0.002	0.001	0.001	0.001	0.3756	0.8671	0.0949	0.4486	0.2747	0.8591	0.001	0.001	0.9391	0.1868	0.011	0.049	0.001	0.1259	0.001	0.001	0.009	0.001	0.001	0.1429	0.001	0.001	0.7602	0.013	0.001	0.001	0.001	0.001	0.018	0.006	0.7283	0.002	0.3387	0.001	0.2338	0.007	0.022	0.002	0.001	0.001	0.001	0.001	0.001	0.006	0.1948	0.9281	0.0709	0.7752	0.001	0.002	0.019	0.1009	0.005	0.4875	0.001	0.001	0.007	0.004	0.002	0.3656	0.001	0.2308	0.6474	0.002	0.001	0.001	0.4156	0.016	0.001	0.003	0.3367	0.3057	0.001	0.1538	0.1159	0.045	0.001	0.001	0.001	0.005	0.006	0.001	0.001	0.8851	0.2897	0.8092	0.001	0.008	0.001	0.001	0.01	0.001	0.006	0.002	0.036	0.001	0.7433	0.001	0.6893	0.001	0.001	0.2398	0.1259	0.001	0.1938	0.1768	0.004	0.001	0.041	0.001	0.002	0.0579	0.0809	0.001	0.001	0.002	0.001	0.4106	0.021	0.4565	0.001	0.005	0.001	0.001	0.1389	0.021	0.2098	0.002	0.041	0.2847	0.001	0.002	0.4875	0.006	0.0539	0.4635	0.001	0.5225	0.1079	1	0.7622	0.4106	0.001	0.4436	0.022	0.001	0.001	0.005	0.001	0.045	0.2927	0.0749	0.0599	0.9451	0.002	0.01
Sg_Z02_43	0.032	0.3796	0.8561	0.044	0.3666	0.001	0.6334	0.001	0.4006	0.5135	0.3676	0.7832	0.967	0.5315	0.5495	0.0579	0.3427	0.4905	0.8741	0.3397	0.1419	0.8831	0.047	0.2597	0.003	0.017	0.7992	0.034	0.0629	0.5774	0.001	0.4086	0.1019	0.3357	0.6913	0.1628	0.5195	0.8721	0.2238	0.009	0.1698	0.9311	0.037	0.7123	0.1299	0.001	0.7373	0.017	0.0769	0.02	0.001	0.1598	0.001	0.0639	0.001	0.2108	0.3077	0.3217	0.6484	0.4925	0.1129	0.015	0.0849	0.0669	0.6573	0.002	0.9051	0.006	0.8801	0.2827	0.005	0.5954	0.1858	0.025	0.041	0.0619	0.0929	0.0559	0.019	0.029	0.001	0.025	0.6214	0.5175	0.1918	0.0879	0.6414	0.014	0.1698	0.003	0.047	0.3387	0.7692	0.001	0.6044	0.001	0.0749	0.2308	0.001	0.002	0.1169	0.001	0.012	0.1578	0.6633	0.8222	0.002	0.1608	0.035	0.001	0.023	0.1538	0.0729	0.04	0.002	0.7153	0.0929	0.034	0.002	0.001	0.022	0.9291	0.0799	0.9321	0.009	0.2088	0.1788	0.014	0.001	0.001	0.4266	0.0689	0.001	0.5704	0.0929	0.001	0.1888	0.001	0.3157	0.0779	0.001	0.006	0.2328	0.4176	0.4835	0.0679	0.1419	0.989	0.5045	0.4456	0.0589	0.001	0.0889	0.1658	0.022	0.004	0.1708	0.8571	0.028	0.7892	0.4645	0.4755	0.1698	0.024	0.0679	0.1668	0.001	0.6224	0.955	0.4595	0.016	0.3337	0.1718	0.001	0.6254	0.4266	0.004	0.8332	0.002	0.008	0.8282	0.044	0.035	0.006	0.018	0.009	0.1109	0.4745	0.973	0.3407	0.8951	0.2128	0.015	0.021	0.4466	0.3027	0.1778	0.005	0.8432	0.3986	0.2288	0.7293	0.2567	0.3666	0.8681	0.3716	0.007	0.6933	0.1638	0.011	0.5564	0.1429	0.031	0.2897	0.3586	0.7243	0.4585	0.009	0.2468	0.032	0.6354	0.1838	0.0609	0.9171	0.01	0.001	0.005	0.0739	0.5934	0.008	0.1828	0.2358	0.4735	0.004	0.0629	0.032	0.001	0.3926	0.1009	0.048	0.001	0.001	0.7173	0.0569	0.05	0.2328	0.9441	0.001	0.025	0.001	0.4476	0.8791	0.984	0.4306	0.042	0.981	0.6074	0.005	0.7872	0.0889	0.1918	0.7772	0.7642	0.4945	0.045	0.9411	0.006	0.5015	0.001	0.012	0.0589	0.9411	0.019	0.002	0.3756	0.5015	0.0699	0.7962	0.0929	0.001	0.002	0.2148	0.031	0.4146	0.3716	0.0519	0.6863	0.9091	0.048	0.002	0.9371	0.5065	0.8681	0.0939	0.4965	0.985	0.994	0.8292	0.0879	0.049	0.3067	0.4206	0.2088	0.4535	0.6573	0.2827	0.2617	0.3736	0.1479	0.001	0.8601	0.5035	0.001	0.7622	1	0.1598	0.026	0.006	0.2607	0.2208	0.2168	0.0839	0.7493	0.001	0.0629	0.025	0.001	0.007	0.7632	0.3846
Sg_Z02_5	0.007	0.017	0.004	0.013	0.043	0.6464	0.001	0.1738	0.006	0.016	0.003	0.035	0.6933	0.7752	0.012	0.4775	0.04	0.014	0.3287	0.9381	0.7403	0.4066	0.02	0.4156	0.1828	0.1648	0.037	0.4016	0.005	0.1099	0.002	0.5654	0.001	0.001	0.0719	0.1069	0.025	0.2178	0.001	0.5225	0.0519	0.2398	0.002	0.3546	0.4955	0.2378	0.9151	0.2308	0.9251	0.6893	0.1568	0.001	0.1838	0.5005	0.1349	0.001	0.0549	0.028	0.3067	0.4436	0.2138	0.007	0.5245	0.002	0.4166	0.5455	0.0599	0.3756	0.001	0.001	0.1938	0.4346	0.047	0.0729	0.023	0.033	0.005	0.1079	0.1778	0.036	0.2627	0.6444	0.005	0.8212	0.5814	0.1688	0.012	0.1299	0.979	0.012	0.4555	0.033	0.0759	0.1209	0.043	0.7043	0.7902	0.1349	0.2298	0.4426	0.1958	0.5225	0.6314	0.1249	0.1119	0.2298	0.8012	0.9451	0.0829	0.7872	0.8701	0.012	0.5215	0.0589	0.8921	0.1748	0.3077	0.1259	0.0819	0.3566	0.008	0.0869	0.1199	0.3117	0.006	0.9291	0.003	0.004	0.0839	0.017	0.1548	0.002	0.024	0.0999	0.7782	0.002	0.024	0.4036	0.001	0.036	0.0509	0.4825	0.016	0.0559	0.7672	0.4895	0.4685	0.7902	0.013	0.1958	0.1339	0.1269	0.4466	0.0509	0.019	0.0929	0.1329	0.2338	0.007	0.6613	0.6733	0.7962	0.2028	0.022	0.3047	0.5415	0.042	0.001	0.004	0.002	0.02	0.039	0.004	0.5834	0.2188	0.0969	0.003	0.8452	0.1908	0.1898	0.5305	0.005	0.9051	0.004	0.0529	0.8991	0.3946	0.6064	0.7962	0.9071	0.1039	0.1508	0.0909	0.4306	0.006	0.3536	0.1379	0.002	0.3237	0.0869	0.8132	0.014	0.1359	0.001	0.1029	0.006	0.1608	0.025	0.2358	0.005	0.3766	0.0529	0.0969	0.017	0.04	0.001	0.038	0.4426	0.001	0.3546	0.0789	0.4745	0.013	0.015	0.0669	0.0959	0.048	0.5155	0.0759	0.6184	0.1069	0.024	0.1818	0.0749	0.1818	0.027	0.5395	0.5974	0.0759	0.8701	0.042	0.8901	0.002	0.2637	0.035	0.036	0.991	0.2927	0.3297	0.018	0.9381	0.5335	0.1119	0.2587	0.2008	0.0989	0.01	0.2278	0.1199	0.8402	0.007	0.951	0.7333	0.026	0.1878	0.3077	0.0739	0.015	0.8462	0.021	0.1528	0.0889	0.1668	0.014	0.3576	0.7253	0.2577	0.012	0.3736	0.6613	0.8881	0.0929	0.0869	0.1918	0.1359	0.2448	0.1179	0.8342	0.8891	0.3506	0.035	0.1988	0.001	0.009	0.1788	0.0969	0.0559	0.008	0.2737	0.038	0.0749	0.029	0.6194	0.03	0.019	0.001	0.9001	0.7053	0.4915	0.4006	0.045	0.6494	0.963	0.4106	0.1598	1	0.011	0.1898	0.1758	0.007	0.01	0.023	0.1788	0.4765	0.4825	0.002	0.99	0.032	0.1179	0.032
Sg_Z03_24	0.001	0.001	0.3676	0.008	0.001	0.001	0.001	0.001	0.001	0.0509	0.001	0.2667	0.007	0.001	0.001	0.8392	0.001	0.001	0.001	0.0909	0.045	0.023	0.0509	0.004	0.033	0.4456	0.002	0.3906	0.003	0.8671	0.017	0.008	0.01	0.001	0.001	0.8661	0.001	0.0549	0.003	0.4056	0.1868	0.1628	0.011	0.017	0.001	0.001	0.01	0.001	0.001	0.001	0.1189	0.002	0.1329	0.001	0.3367	0.001	0.001	0.993	0.2967	0.001	0.7652	0.001	0.001	0.002	0.006	0.1319	0.001	0.001	0.001	0.001	0.9391	0.4466	0.018	0.004	0.9041	0.2208	0.007	0.001	0.6533	0.003	0.001	0.001	0.001	0.1119	0.3566	0.018	0.003	0.5195	0.023	0.039	0.025	0.001	0.001	0.001	0.011	0.001	0.7383	0.001	0.001	0.001	0.001	0.001	0.967	0.001	0.2198	0.001	0.001	0.1209	0.001	0.1538	0.018	0.9341	0.3447	0.001	0.001	0.028	0.001	0.001	0.023	0.0829	0.001	0.001	0.001	0.001	0.001	0.4396	0.001	0.001	0.042	0.001	0.042	0.001	0.0769	0.001	0.1449	0.0619	0.002	0.0849	0.001	0.001	0.001	0.4805	0.002	0.014	0.002	0.001	0.992	0.001	0.001	0.012	0.6983	0.001	0.5664	0.8511	0.001	0.001	0.043	0.002	0.3976	0.01	0.1029	0.001	0.026	0.3247	0.001	0.001	0.034	0.001	0.001	0.001	0.1538	0.022	0.001	0.001	0.1389	0.0749	0.001	0.7213	0.001	0.001	0.001	0.001	0.01	0.001	0.8042	0.003	0.001	0.4735	0.001	0.001	0.956	0.0689	0.001	0.5275	0.001	0.001	0.0579	0.001	0.001	0.004	0.001	0.001	0.0889	0.002	0.4855	0.001	0.8322	0.002	0.033	0.002	0.0559	0.001	0.001	0.001	0.007	0.001	0.001	0.001	0.03	0.974	0.041	0.04	0.001	0.001	0.954	0.003	0.001	0.8711	0.001	0.001	0.005	0.6673	0.3367	0.1788	0.001	0.001	0.8182	0.001	0.001	0.001	0.001	0.001	0.001	0.025	0.3696	0.001	0.016	0.001	0.001	0.1169	0.002	0.024	0.3906	0.001	0.01	0.001	0.001	0.7902	0.047	0.0729	0.001	0.001	0.002	0.001	0.2168	0.001	0.0819	0.001	0.001	0.001	0.009	0.001	0.2198	0.021	0.005	0.7562	0.6154	0.001	0.3437	0.014	0.5215	0.001	0.008	0.005	0.005	0.1908	0.9341	0.008	0.1149	0.971	0.001	0.001	0.001	0.018	0.022	0.001	0.001	0.021	0.9341	0.001	0.004	0.001	0.0949	0.001	0.006	0.001	0.003	0.001	0.3237	0.04	0.9131	0.015	0.019	0.001	0.026	0.011	1	0.1239	0.001	0.001	0.001	0.002	0.001	0.001	0.8272	0.9481	0.001	0.003	0.1518	0.001
Sg_Z06_28	0.016	0.043	0.5834	0.6254	0.027	0.001	0.4046	0.001	0.5644	0.6064	0.6384	0.1698	0.1868	0.3706	0.014	0.2478	0.0829	0.7712	0.5674	0.5724	0.0749	0.3187	0.05	0.3177	0.2268	0.001	0.4356	0.7892	0.5455	0.7572	0.2218	0.8052	0.1179	0.5365	0.1728	0.2138	0.9431	0.8262	0.5315	0.001	0.001	0.4705	0.021	0.5604	0.2448	0.1279	0.8861	0.004	0.3516	0.2997	0.001	0.7373	0.001	0.022	0.001	0.3836	0.3856	0.047	0.988	0.8671	0.5904	0.1199	0.6663	0.013	0.6533	0.4935	0.5724	0.002	0.7303	0.965	0.3407	0.5524	0.0569	0.5135	0.0919	0.0529	0.1698	0.006	0.02	0.001	0.0869	0.029	0.2987	0.7962	0.6893	0.8731	0.1958	0.04	0.005	0.1838	0.1139	0.2328	0.3596	0.001	0.1588	0.008	0.3297	0.009	0.001	0.001	0.036	0.043	0.2627	0.041	0.8322	0.6703	0.002	0.8372	0.0959	0.001	0.4006	0.8062	0.004	0.0669	0.031	0.7732	0.02	0.011	0.002	0.001	0.003	0.7233	0.012	0.4615	0.004	0.8951	0.1878	0.001	0.006	0.003	0.5654	0.968	0.019	0.5764	0.023	0.1359	0.8881	0.001	0.6513	0.0779	0.004	0.0939	0.6484	0.999	0.025	0.1099	0.3806	0.1499	0.044	0.7413	0.4066	0.001	0.4096	0.1179	0.012	0.036	0.8062	0.8212	0.1049	0.5524	0.2378	0.5125	0.951	0.0989	0.0579	0.3357	0.004	0.982	0.986	0.6174	0.036	0.9161	0.037	0.001	0.0649	0.1958	0.036	0.6234	0.002	0.005	0.4386	0.1139	0.8202	0.011	0.5944	0.1868	0.4136	0.6733	0.3856	0.5534	0.2218	0.9081	0.011	0.3487	0.3616	0.7383	0.2038	0.4396	0.4855	0.3297	0.03	0.5335	0.996	0.6074	0.954	0.6933	0.6583	0.2498	0.6384	0.1958	0.2238	0.4016	0.008	0.6513	0.7882	0.5514	0.6494	0.001	0.3876	0.4316	0.6623	0.2817	0.028	0.2917	0.2907	0.032	0.1628	0.4875	0.7123	0.014	0.0589	0.3387	0.4206	0.009	0.0889	0.04	0.4116	0.3736	0.01	0.1159	0.001	0.001	0.8631	0.4905	0.2168	0.5944	0.2967	0.001	0.0719	0.006	0.8222	0.5504	0.961	0.1638	0.2218	0.2967	0.6683	0.032	0.0639	0.8182	0.6973	0.5095	0.6823	0.5704	0.7652	0.7622	0.0559	0.0679	0.007	0.003	0.1538	0.6563	0.0579	0.1009	0.978	0.6474	0.2218	0.3506	0.4565	0.001	0.2348	0.027	0.013	0.998	0.9291	0.013	0.3526	0.1548	0.001	0.1419	0.3387	0.8122	0.8202	0.0759	0.5814	0.8511	0.4775	0.5295	0.2937	0.8701	0.8971	0.6923	0.2048	0.6234	0.0779	0.0779	0.1269	0.7073	0.2408	0.001	0.4376	0.1499	0.031	0.4436	0.006	0.1898	0.1239	1	0.011	0.4665	0.3666	0.0659	0.7203	0.002	0.3197	0.004	0.001	0.025	0.4396	0.9491
Sg_Z07_36	0.001	0.001	0.6753	0.011	0.001	0.1998	0.001	0.018	0.001	0.002	0.001	0.4825	0.6424	0.005	0.9251	0.5395	0.5285	0.001	0.3706	0.8831	0.959	0.0659	0.005	0.003	0.01	0.015	0.004	0.992	0.958	0.4545	0.001	0.023	0.001	0.001	0.03	0.2178	0.001	0.2018	0.011	0.025	0.043	0.4795	0.001	0.031	0.019	0.5924	0.0649	0.001	0.0989	0.3027	0.006	0.028	0.024	0.001	0.001	0.001	0.001	0.044	0.03	0.037	0.6693	0.001	0.1948	0.001	0.7672	0.001	0.001	0.001	0.001	0.006	0.1189	0.8392	0.965	0.001	0.003	0.3816	0.1259	0.001	0.004	0.001	0.1119	0.001	0.001	0.3457	0.4416	0.5315	0.4555	0.048	0.001	0.001	0.049	0.4466	0.2458	0.3826	0.5095	0.6034	0.5844	0.001	0.1379	0.0899	0.6963	0.9191	0.2597	0.001	0.5804	0.4236	0.6124	0.004	0.001	0.003	0.2368	0.3487	0.005	0.001	0.1389	0.1249	0.001	0.001	0.5514	0.007	0.001	0.001	0.001	0.3027	0.001	0.1269	0.001	0.001	0.001	0.001	0.3926	0.001	0.003	0.001	0.1988	0.003	0.4695	0.004	0.003	0.001	0.001	0.5455	0.001	0.2967	0.3636	0.001	0.7992	0.2887	0.001	0.6783	0.8741	0.2198	0.4535	0.2268	0.002	0.006	0.3716	0.4296	0.046	0.003	0.1828	0.1918	0.1908	0.0949	0.019	0.028	0.001	0.001	0.003	0.1039	0.4126	0.7732	0.001	0.2168	0.5764	0.5435	0.001	0.8052	0.8442	0.7183	0.0649	0.001	0.2687	0.001	0.1788	0.8282	0.001	0.2138	0.001	0.2018	0.98	0.7772	0.008	0.5055	0.001	0.002	0.3586	0.001	0.1988	0.2687	0.0759	0.001	0.7173	0.1119	0.1179	0.001	0.4655	0.009	0.3706	0.006	0.1778	0.002	0.001	0.001	0.2438	0.001	0.001	0.6513	0.013	0.7682	0.8751	0.001	0.001	0.044	0.0549	0.001	0.001	0.991	0.001	0.0539	0.0749	0.6973	0.5465	0.001	0.001	0.002	0.006	0.2697	0.001	0.1479	0.2687	0.995	0.001	0.3397	0.6723	0.001	0.0689	0.3267	0.001	0.001	0.0559	0.012	0.4645	0.002	0.035	0.3387	0.006	0.6244	0.3726	0.2747	0.001	0.001	0.2597	0.001	0.961	0.001	0.3247	0.001	0.1159	0.001	0.001	0.001	0.016	0.6314	0.3407	0.3946	0.4735	0.001	0.4885	0.1019	0.026	0.001	0.003	0.0829	0.8422	0.1568	0.9491	0.7063	0.0739	0.6324	0.001	0.001	0.001	0.036	0.1868	0.003	0.001	0.6324	0.9361	0.001	0.2208	0.001	0.2338	0.001	0.5834	0.001	0.041	0.001	0.7992	0.007	0.3037	0.007	0.7962	0.022	0.2607	0.1758	0.001	0.011	1	0.001	0.001	0.001	0.001	0.7862	0.7572	0.1728	0.4496	0.001	0.1259	0.001
Sg_Z07_42	0.001	0.001	0.013	0.001	0.002	0.005	0.001	0.045	0.001	0.002	0.001	0.1069	0.03	0.001	0.001	0.5504	0.001	0.001	0.001	0.013	0.2887	0.005	0.03	0.001	0.001	0.001	0.001	0.005	0.2707	0.4286	0.003	0.001	0.004	0.001	0.001	0.7922	0.001	0.2148	0.001	0.8861	0.0579	0.7023	0.001	0.028	0.001	0.004	0.006	0.001	0.002	0.001	0.4845	0.001	0.6154	0.001	0.3646	0.001	0.001	0.1728	0.3546	0.001	0.7862	0.001	0.5475	0.001	0.004	0.003	0.001	0.001	0.001	0.001	0.3906	0.038	0.001	0.001	0.005	0.7063	0.021	0.001	0.1968	0.001	0.001	0.001	0.001	0.7592	0.961	0.1938	0.001	0.2817	0.001	0.001	0.001	0.001	0.001	0.038	0.1269	0.1219	0.1548	0.001	0.2158	0.01	0.001	0.01	0.8751	0.001	0.7792	0.001	0.001	0.011	0.001	0.2987	0.0569	0.0529	0.2048	0.001	0.001	0.0519	0.001	0.001	0.0879	0.991	0.001	0.001	0.001	0.001	0.001	0.1668	0.001	0.001	0.001	0.001	0.0719	0.001	0.3786	0.001	0.0659	0.001	0.001	0.6274	0.001	0.001	0.001	0.5425	0.001	0.001	0.014	0.001	0.5804	0.001	0.001	0.001	0.6364	0.0629	0.3477	0.8681	0.002	0.001	0.2857	0.002	0.003	0.004	0.04	0.001	0.015	0.3457	0.002	0.001	0.001	0.001	0.001	0.001	0.4246	0.001	0.001	0.029	0.6803	0.0579	0.001	0.5195	0.034	0.015	0.002	0.001	0.1608	0.014	0.2178	0.044	0.001	0.5814	0.001	0.011	0.5495	0.001	0.001	0.1309	0.001	0.001	0.0859	0.001	0.001	0.1009	0.001	0.001	0.5514	0.001	0.2887	0.001	0.006	0.004	0.002	0.001	0.0749	0.001	0.001	0.001	0.001	0.001	0.001	0.001	0.001	0.1628	0.2228	0.004	0.001	0.001	0.3077	0.001	0.001	0.2607	0.001	0.002	0.004	0.3886	0.6304	0.001	0.001	0.001	0.4965	0.001	0.001	0.001	0.3027	0.003	0.001	0.8162	0.037	0.001	0.0609	0.044	0.001	0.001	0.005	0.001	0.5594	0.001	0.028	0.002	0.001	0.016	0.043	0.4456	0.001	0.001	0.2378	0.001	0.9311	0.001	0.3327	0.001	0.004	0.001	0.001	0.001	0.2877	0.2248	0.001	0.2098	0.8232	0.001	0.1149	0.4635	0.6713	0.001	0.019	0.0679	0.001	0.3107	0.2557	0.003	0.1199	0.1389	0.001	0.001	0.001	0.0629	0.1149	0.001	0.001	0.012	0.5475	0.001	0.001	0.001	0.2008	0.001	0.008	0.001	0.001	0.001	0.7572	0.8312	0.7083	0.3107	0.6793	0.001	0.2208	0.007	0.001	0.4665	0.001	1	0.001	0.001	0.001	0.001	0.3576	0.001	0.017	0.001	0.0669	0.001
Sg_Z09_20	0.001	0.015	0.0839	0.006	0.018	0.9291	0.006	0.973	0.001	0.4036	0.001	0.9431	0.001	0.001	0.0949	0.2398	0.006	0.001	0.002	0.0659	0.1808	0.4825	0.1778	0.05	0.023	0.046	0.1489	0.003	0.8641	0.993	0.046	0.008	0.004	0.001	0.001	0.6064	0.001	0.0619	0.044	0.0929	0.0809	0.04	0.036	0.1269	0.001	0.1508	0.001	0.001	0.009	0.004	0.04	0.013	0.04	0.001	0.017	0.001	0.001	0.4665	0.0629	0.001	0.001	0.001	0.026	0.001	0.001	0.004	0.001	0.001	0.002	0.001	0.045	0.2128	0.016	0.005	0.8831	0.0709	0.024	0.001	0.4046	0.001	0.003	0.001	0.001	0.0649	0.005	0.1169	0.2078	0.002	0.009	0.017	0.2348	0.002	0.001	0.8871	0.1069	0.4496	0.4725	0.001	0.4855	0.005	0.1079	0.2008	0.6923	0.001	0.1099	0.001	0.1838	0.001	0.001	0.017	0.027	0.031	0.008	0.001	0.001	0.02	0.001	0.001	0.5774	0.0549	0.001	0.001	0.002	0.001	0.001	0.2198	0.001	0.001	0.0559	0.001	0.001	0.001	0.969	0.001	0.8591	0.3237	0.001	0.1219	0.001	0.001	0.001	0.001	0.012	0.001	0.011	0.001	0.001	0.3107	0.002	0.001	0.001	0.1279	0.001	0.8991	0.2827	0.1089	0.001	0.001	0.5944	0.007	0.002	0.001	0.01	0.8781	0.002	0.026	0.01	0.001	0.001	0.001	0.0569	0.001	0.001	0.6044	0.7113	0.0649	0.001	0.003	0.5165	0.4625	0.007	0.004	0.977	0.001	0.0859	0.4955	0.001	0.017	0.001	0.001	0.038	0.001	0.006	0.001	0.001	0.001	0.008	0.001	0.001	0.0749	0.013	0.001	0.025	0.009	0.6414	0.003	0.7712	0.001	0.1119	0.001	0.012	0.001	0.001	0.001	0.001	0.001	0.001	0.6613	0.0929	0.4426	0.001	0.5095	0.001	0.001	0.0909	0.009	0.001	0.001	0.001	0.005	0.01	0.958	0.001	0.01	0.001	0.001	0.8521	0.001	0.001	0.002	0.2827	0.7532	0.001	0.0919	0.3457	0.0939	0.002	0.2158	0.015	0.001	0.001	0.022	0.1439	0.001	0.3576	0.001	0.001	0.3966	0.2737	0.8392	0.001	0.004	0.0709	0.001	0.001	0.001	0.039	0.001	0.024	0.001	0.024	0.001	0.6194	0.018	0.001	0.7902	0.001	0.001	0.024	0.0789	0.8921	0.001	0.0859	0.011	0.1149	0.2727	0.4975	0.001	0.2348	0.001	0.001	0.001	0.001	0.027	0.05	0.001	0.001	0.001	0.001	0.001	0.3666	0.001	0.029	0.001	0.002	0.001	0.7093	0.001	0.2398	0.003	0.1389	0.031	0.2807	0.001	0.2168	0.01	0.001	0.3666	0.001	0.001	1	0.001	0.001	0.3397	0.001	0.5395	0.6374	0.011	0.044	0.001
Sg_Z10_1	0.001	0.002	0.0819	0.005	0.003	0.1598	0.003	0.1399	0.001	0.0549	0.001	0.3057	0.009	0.01	0.2238	0.8252	0.016	0.002	0.006	0.1419	0.5664	0.2517	0.1159	0.036	0.003	0.025	0.038	0.0529	0.7193	0.3287	0.004	0.018	0.001	0.001	0.018	0.8252	0.001	0.5445	0.017	0.033	0.1578	0.984	0.001	0.2757	0.043	0.7283	0.4845	0.001	0.6154	0.7922	0.032	0.002	0.1678	0.001	0.018	0.001	0.001	0.2048	0.1009	0.024	0.4276	0.001	0.977	0.001	0.004	0.001	0.016	0.001	0.001	0.001	0.1089	0.0589	0.5764	0.016	0.031	0.1489	0.0839	0.001	0.009	0.001	0.3746	0.001	0.001	0.7912	0.6094	0.7782	0.023	0.2148	0.006	0.005	0.021	0.018	0.002	0.7063	0.2338	0.5245	0.6573	0.001	0.4386	0.036	0.3147	0.3616	0.0879	0.003	0.6084	0.007	0.2198	0.1409	0.001	0.003	0.5804	0.008	0.012	0.001	0.0669	0.7273	0.001	0.001	0.3996	0.0979	0.001	0.001	0.001	0.007	0.001	0.035	0.002	0.001	0.002	0.001	0.6863	0.001	0.1479	0.001	0.2148	0.001	0.002	0.1049	0.001	0.001	0.001	0.2428	0.001	0.001	0.0629	0.002	0.9281	0.2278	0.001	0.001	0.4056	0.042	0.8392	0.5614	0.025	0.005	0.2118	0.012	0.045	0.03	0.035	0.1289	0.002	0.5275	0.039	0.014	0.002	0.001	0.002	0.01	0.2617	0.002	0.001	0.9351	0.3487	0.3646	0.001	0.0599	0.3556	0.7433	0.0539	0.001	0.1019	0.005	0.0989	0.961	0.001	0.5445	0.001	0.0509	0.976	0.1119	0.001	0.6074	0.001	0.001	0.6134	0.001	0.006	0.7143	0.0639	0.001	0.046	0.009	0.1878	0.001	0.2468	0.1089	0.4975	0.004	0.5395	0.001	0.001	0.001	0.001	0.001	0.001	0.7293	0.01	0.4655	0.954	0.01	0.001	0.016	0.2138	0.001	0.001	0.7113	0.001	0.0929	0.0639	0.7762	0.9451	0.005	0.003	0.002	0.019	0.035	0.001	0.3926	0.0769	0.5874	0.001	0.2937	0.2338	0.001	0.2797	0.0849	0.001	0.001	0.0639	0.014	0.6454	0.001	0.6703	0.01	0.001	0.5205	0.2278	0.0829	0.001	0.002	0.5514	0.001	0.4186	0.001	0.2597	0.001	0.7413	0.001	0.0929	0.001	0.018	0.2887	0.001	0.5524	0.3856	0.001	0.2018	0.032	0.003	0.001	0.013	0.8112	0.6194	0.5225	0.1299	0.011	0.6503	0.1309	0.001	0.001	0.001	0.015	0.999	0.001	0.001	0.017	0.7762	0.001	0.2198	0.001	0.5195	0.001	0.9381	0.001	0.011	0.001	0.1129	0.036	0.9301	0.7912	0.7892	0.005	0.0839	0.023	0.002	0.0659	0.001	0.001	0.001	1	0.001	0.5964	0.6883	0.1469	0.3606	0.002	0.9431	0.001
Sg_Z12_45	0.001	0.001	0.002	0.005	0.001	0.011	0.001	0.0889	0.001	0.012	0.001	0.3956	0.049	0.001	0.008	0.3876	0.013	0.001	0.001	0.006	0.2797	0.001	0.2048	0.001	0.001	0.001	0.001	0.048	0.1489	0.4985	0.01	0.001	0.003	0.001	0.001	0.5554	0.001	0.1858	0.002	0.7502	0.5175	0.995	0.002	0.1439	0.001	0.001	0.001	0.001	0.001	0.001	0.956	0.002	0.6074	0.001	0.2018	0.001	0.001	0.7682	0.1109	0.001	0.981	0.001	0.0789	0.001	0.009	0.035	0.001	0.001	0.001	0.001	0.4505	0.4426	0.003	0.001	0.2537	0.3866	0.028	0.001	0.3077	0.001	0.001	0.001	0.001	0.8761	0.8641	0.02	0.001	0.1259	0.001	0.001	0.001	0.001	0.001	0.0829	0.012	0.007	0.0939	0.001	0.037	0.034	0.001	0.016	0.8561	0.001	0.9161	0.001	0.001	0.007	0.001	0.9271	0.0899	0.5594	0.978	0.001	0.001	0.0639	0.001	0.001	0.3397	0.2717	0.001	0.001	0.001	0.001	0.001	0.0769	0.001	0.001	0.001	0.001	0.2208	0.001	0.6084	0.001	0.006	0.017	0.002	0.6124	0.001	0.001	0.001	0.4336	0.001	0.001	0.016	0.001	0.4585	0.001	0.001	0.002	0.7882	0.0759	0.5534	0.985	0.004	0.001	0.1339	0.001	0.1658	0.033	0.004	0.004	0.009	0.7572	0.001	0.001	0.001	0.001	0.001	0.001	0.4236	0.012	0.001	0.016	0.5135	0.1259	0.001	0.5594	0.002	0.024	0.001	0.001	0.0919	0.002	0.9421	0.1009	0.001	0.9481	0.001	0.001	0.7033	0.003	0.001	0.4066	0.001	0.001	0.1558	0.001	0.002	0.027	0.001	0.001	0.0749	0.001	0.8631	0.001	0.006	0.008	0.003	0.001	0.7802	0.001	0.001	0.001	0.001	0.001	0.001	0.001	0.0709	0.7582	0.3586	0.001	0.001	0.001	0.6663	0.001	0.001	0.3417	0.001	0.001	0.046	0.4715	0.9391	0.001	0.001	0.001	0.5884	0.002	0.001	0.001	0.1968	0.001	0.001	0.031	0.5015	0.001	0.015	0.005	0.001	0.001	0.005	0.003	0.7263	0.001	0.025	0.003	0.001	0.7463	0.006	0.046	0.001	0.001	0.0869	0.001	0.6783	0.001	0.5854	0.001	0.003	0.001	0.001	0.001	0.4036	0.3337	0.001	0.1898	0.8062	0.001	0.034	0.2667	0.5035	0.001	0.033	0.019	0.001	0.7143	0.8741	0.002	0.0629	0.0649	0.001	0.001	0.001	0.1109	0.0679	0.001	0.001	0.025	0.7443	0.001	0.002	0.001	0.1618	0.001	0.011	0.001	0.001	0.001	0.3706	0.8601	0.7123	0.1489	0.5854	0.001	0.7493	0.1788	0.001	0.7203	0.001	0.001	0.001	0.001	1	0.002	0.4386	0.2428	0.001	0.001	0.0689	0.001
Sg_Z14_36	0.4226	0.001	0.0939	0.017	0.2398	0.001	0.008	0.001	0.002	0.1568	0.021	0.004	0.0679	0.001	0.001	0.01	0.008	0.002	0.024	0.4466	0.002	0.4316	0.8242	0.1229	0.991	0.1948	0.019	0.1279	0.001	0.03	0.3546	0.3297	0.8442	0.003	0.001	0.005	0.001	0.5495	0.049	0.001	0.004	0.3756	0.963	0.033	0.001	0.001	0.0629	0.3526	0.001	0.001	0.001	0.037	0.001	0.2468	0.001	0.0549	0.013	0.1878	0.2797	0.001	0.1319	0.2128	0.8841	0.998	0.1548	0.2388	0.019	0.7073	0.001	0.005	0.1089	0.4096	0.004	0.5534	0.4815	0.0529	0.007	0.0919	0.2458	0.9391	0.001	0.2607	0.001	0.995	0.6893	0.3287	0.002	0.1778	0.6793	0.7143	0.0529	0.001	0.001	0.001	0.001	0.001	0.0749	0.1688	0.001	0.001	0.001	0.001	0.1588	0.1009	0.5724	0.024	0.001	0.9261	0.05	0.001	0.013	0.2977	0.001	0.2757	0.001	0.4875	0.4426	0.4416	0.001	0.001	0.4965	0.001	0.2288	0.002	0.6034	0.5644	0.2248	0.4625	0.972	0.3836	0.6573	0.019	0.001	0.001	0.7473	0.2727	0.1598	0.001	0.001	0.8811	0.6184	0.04	0.002	0.3227	0.001	0.0669	0.0949	0.002	0.1019	0.3536	0.034	0.001	0.0689	0.4456	0.001	0.002	0.1848	0.008	0.2058	0.5894	0.028	0.003	0.027	0.046	0.001	0.008	0.5145	0.041	0.001	0.004	0.041	0.4535	0.4535	0.001	0.002	0.004	0.3716	0.8541	0.001	0.001	0.016	0.1928	0.2108	0.9141	0.2108	0.004	0.013	0.0829	0.1658	0.005	0.3686	0.1099	0.001	0.037	0.032	0.001	0.005	0.045	0.011	0.0649	0.001	0.001	0.027	0.006	0.7952	0.002	0.6793	0.4186	0.2258	0.6743	0.0799	0.3247	0.3896	0.001	0.1898	0.001	0.002	0.001	0.3656	0.1239	0.1489	0.3616	0.7043	0.0529	0.0659	0.9411	0.2747	0.0609	0.001	0.001	0.004	0.0699	0.8781	0.1109	0.002	0.003	0.009	0.002	0.3377	0.001	0.001	0.001	0.001	0.2038	0.2527	0.011	0.5894	0.001	0.7712	0.3946	0.025	0.5235	0.4326	0.007	0.001	0.003	0.001	0.013	0.006	0.002	0.002	0.018	0.011	0.001	0.4076	0.001	0.021	0.034	0.001	0.5295	0.1469	0.002	0.007	0.005	0.3516	0.1968	0.0939	0.001	0.4076	0.001	0.028	0.0929	0.956	0.1169	0.003	0.05	0.8342	0.035	0.001	0.1169	0.001	0.032	0.003	0.014	0.2767	0.001	0.001	0.2048	0.0679	0.0839	0.034	0.025	0.027	0.007	0.0729	0.0549	0.003	0.002	0.005	0.001	0.3397	0.2138	0.0719	0.045	0.001	0.4765	0.001	0.002	0.7862	0.001	0.3397	0.5964	0.002	1	0.1189	0.2308	0.001	0.8571	0.3586	0.007
Sg_Z14_45	0.3556	0.2378	0.983	0.7013	0.5604	0.019	0.966	0.045	0.3876	0.4376	0.3027	0.4715	0.6573	0.6214	0.1379	0.002	0.6284	0.7672	0.7193	0.7253	0.4376	0.3017	0.029	0.7343	0.6254	0.9131	0.8621	0.016	0.8571	0.6723	0.3367	0.963	0.7782	0.3297	0.2777	0.5065	0.3586	0.5704	0.9091	0.4655	0.1159	0.1039	0.2527	0.5554	0.7562	0.0889	0.1099	0.4745	0.954	0.2108	0.028	0.4855	0.001	0.4695	0.003	0.0989	0.4825	0.3177	0.5544	0.8012	0.001	0.5874	0.2757	0.5415	0.4236	0.4036	0.011	0.5634	0.2577	0.7393	0.046	0.2997	0.8402	0.974	0.6603	0.0969	0.5564	0.7782	0.3986	0.8342	0.4346	0.7193	0.2767	0.0699	0.001	0.1678	0.022	0.001	0.3686	0.4835	0.045	0.7632	0.2178	0.1588	0.5045	0.025	0.981	0.7403	0.011	0.1209	0.4625	0.6304	0.8701	0.6503	0.0779	0.7023	0.015	0.4765	0.7223	0.3137	0.2198	0.0859	0.1399	0.2288	0.6464	0.2557	0.3277	0.1918	0.6863	0.001	0.3127	0.0549	0.6064	0.9181	0.5495	0.039	0.5185	0.4126	0.3167	0.8382	0.001	0.8671	0.2727	0.1159	0.1389	0.2028	0.4825	0.022	0.7083	0.6973	0.5794	0.001	0.1938	0.4256	0.8521	0.3856	0.001	0.011	0.8052	0.999	0.001	0.003	0.001	0.9491	0.5554	0.008	0.039	0.6673	0.013	0.5774	0.015	0.9261	0.4336	0.6264	0.2108	0.0639	0.4585	0.5345	0.992	0.5854	0.4456	0.993	0.1508	0.036	0.023	0.001	0.5684	0.007	0.1988	0.2328	0.3497	0.7443	0.2807	0.048	0.036	0.6873	0.6184	0.049	0.6194	0.9381	0.0559	0.1948	0.6454	0.001	0.7233	0.1598	0.001	0.8731	0.7772	0.7043	0.004	0.4156	0.6643	0.7043	0.954	0.6434	0.0549	0.002	0.2048	0.2008	0.003	0.7532	0.968	0.4825	0.6613	0.1908	0.999	0.012	0.7173	0.3636	0.001	0.034	0.5744	0.1059	0.03	0.5964	0.1528	0.001	0.8312	0.5944	0.3936	0.2078	0.001	0.1389	0.2507	0.4406	0.5235	0.9191	0.7473	0.0869	0.002	0.005	0.1998	0.1958	0.2537	0.1668	0.0879	0.005	0.0519	0.1508	0.019	0.9021	0.1928	0.6623	0.3746	0.1249	0.1898	0.5644	0.2867	0.006	0.3007	0.6424	0.1179	0.1089	0.001	0.7972	0.2637	0.1039	0.1858	0.6683	0.2737	0.1229	0.0839	0.3896	0.8472	0.003	0.001	0.6653	0.0599	0.029	0.6214	0.8142	0.1818	0.4326	0.8561	0.1808	0.5854	0.992	0.986	0.001	0.1459	0.5285	0.5944	0.8731	0.4476	0.4805	0.7133	0.1079	0.001	0.8052	0.4316	0.9421	0.9271	0.989	0.3656	0.02	0.001	0.6064	0.002	0.004	0.4555	0.02	0.1698	0.2927	0.0629	0.4825	0.8272	0.3197	0.7572	0.3576	0.001	0.6883	0.4386	0.1189	1	0.4905	0.033	0.3926	0.2707	0.4046
Sg_Z14_58	0.032	0.7063	0.2208	0.024	0.2158	0.0599	0.014	0.029	0.3666	0.012	0.1698	0.047	0.0799	0.9471	0.3846	0.1678	0.6444	0.9311	0.4086	0.5504	0.3816	0.4086	0.001	0.1598	0.002	0.001	0.0659	0.1878	0.1179	0.025	0.001	0.042	0.007	0.1738	0.8382	0.8022	0.1618	0.0879	0.003	0.7552	0.1688	0.3387	0.003	0.5085	0.02	0.1399	0.002	0.3007	0.001	0.1808	0.007	0.002	0.2917	0.008	0.0519	0.99	0.2148	0.001	0.4825	0.1259	0.9261	0.035	0.011	0.044	0.3536	0.0529	0.1469	0.0899	0.001	0.002	0.001	0.2028	0.3686	0.0999	0.001	0.001	0.961	0.003	0.012	0.2388	0.1169	0.3407	0.2847	0.0549	0.8372	0.007	0.03	0.3177	0.5425	0.1558	0.019	0.3047	0.4336	0.1878	0.7163	0.021	0.8072	0.5754	0.016	0.1998	0.9371	0.973	0.008	0.0769	0.0509	0.6484	0.042	0.6523	0.1129	0.1538	0.001	0.015	0.4545	0.3457	0.013	0.1728	0.7652	0.0549	0.7473	0.019	0.006	0.5954	0.002	0.3137	0.1578	0.1099	0.6074	0.026	0.001	0.031	0.8561	0.049	0.001	0.1089	0.1808	0.001	0.5165	0.002	0.03	0.0639	0.023	0.4535	0.2697	0.3566	0.4226	0.027	0.6643	0.4466	0.001	0.8052	0.7892	0.046	0.8382	0.6084	0.5994	0.6553	0.4156	0.8841	0.001	0.8202	0.005	0.0819	0.6084	0.021	0.2797	0.6094	0.013	0.1219	0.8601	0.046	0.001	0.4186	0.4116	0.031	0.2078	0.4176	0.001	0.977	0.7193	0.981	0.5854	0.023	0.8492	0.016	0.001	0.1499	0.98	0.4336	0.2747	0.032	0.001	0.7742	0.7493	0.4306	0.0969	0.3596	0.3407	0.018	0.2977	0.005	0.8891	0.0579	0.014	0.015	0.4625	0.029	0.026	0.8402	0.972	0.02	0.5634	0.5884	0.1079	0.012	0.8751	0.014	0.3706	0.2028	0.001	0.2138	0.1918	0.1868	0.2907	0.7762	0.001	0.006	0.045	0.4955	0.6633	0.001	0.2188	0.3976	0.5265	0.0769	0.1479	0.6653	0.0659	0.0819	0.024	0.0879	0.003	0.3636	0.042	0.002	0.001	0.008	0.8442	0.1548	0.1179	0.0549	0.8182	0.3117	0.1329	0.3816	0.1848	0.6563	0.1548	0.038	0.4985	0.046	0.002	0.9381	0.5055	0.0979	0.5305	0.6294	0.001	0.4995	0.012	0.0599	0.01	0.2418	0.001	0.001	0.9131	0.0839	0.6533	0.6274	0.7852	0.1499	0.0699	0.1429	0.4176	0.04	0.5275	0.9431	0.6114	0.042	0.009	0.4196	0.0659	0.5185	0.009	0.966	0.049	0.0899	0.3257	0.4406	0.9411	0.4885	0.002	0.9171	0.004	0.4625	0.6813	0.5534	0.7902	0.0689	0.5614	0.026	0.2178	0.1588	0.5365	0.0749	0.025	0.002	0.9481	0.004	0.1728	0.001	0.5395	0.1469	0.2428	0.2308	0.4905	1	0.042	0.001	0.5265	0.5884
Sg_Z15_39	0.9341	0.001	0.5275	0.8292	0.1369	0.001	0.01	0.001	0.012	0.4186	0.0779	0.0609	0.4056	0.001	0.028	0.009	0.1209	0.002	0.3546	0.8531	0.001	0.0869	0.1239	0.7532	0.1389	0.5904	0.0879	0.1089	0.014	0.3357	0.045	0.1279	0.0569	0.012	0.001	0.014	0.006	0.4216	0.6843	0.001	0.002	0.8991	0.3417	0.3487	0.001	0.001	0.003	0.7283	0.001	0.001	0.001	0.4975	0.001	0.993	0.001	0.0539	0.2198	0.04	0.4046	0.004	0.0529	0.8631	0.0519	0.5654	0.7682	0.004	0.016	0.4196	0.1968	0.0869	0.002	0.7303	0.001	0.9051	0.005	0.002	0.2048	0.5395	0.002	0.5305	0.001	0.3297	0.002	0.999	0.8402	0.018	0.012	0.01	0.1439	0.0849	0.5564	0.0569	0.001	0.001	0.014	0.001	0.8941	0.1349	0.001	0.001	0.002	0.001	0.001	0.04	0.5085	0.2248	0.001	0.6154	0.1199	0.001	0.01	0.0669	0.004	0.4585	0.001	0.5025	0.6743	0.8072	0.001	0.001	0.962	0.005	0.8661	0.1928	0.5534	0.998	0.4136	0.6274	0.2507	0.7283	0.8482	0.9431	0.001	0.002	0.3506	0.002	0.6324	0.001	0.005	0.2807	0.2587	0.012	0.03	0.7403	0.006	0.4186	0.035	0.005	0.1958	0.99	0.0579	0.001	0.017	0.3447	0.002	0.001	0.9011	0.1249	0.004	0.6893	0.0969	0.1119	0.2438	0.016	0.001	0.037	0.1299	0.1918	0.001	0.019	0.001	0.5225	0.6863	0.001	0.014	0.017	0.5105	0.1648	0.001	0.001	0.033	0.8581	0.1618	0.0529	0.002	0.003	0.2328	0.4855	0.04	0.1768	0.1329	0.2877	0.001	0.015	0.0619	0.001	0.022	0.8242	0.3197	0.0679	0.001	0.001	0.031	0.1049	0.1409	0.017	0.3676	0.3526	0.1678	0.6104	0.2547	0.6993	0.9101	0.027	0.8312	0.001	0.002	0.001	0.5624	0.0819	0.2917	0.5614	0.6693	0.042	0.002	0.3596	0.975	0.0519	0.031	0.001	0.0639	0.4196	0.7762	0.2837	0.011	0.025	0.001	0.039	0.026	0.001	0.001	0.001	0.001	0.001	0.036	0.1469	0.963	0.001	0.4246	0.0799	0.3796	0.8242	0.3387	0.017	0.002	0.1089	0.049	0.008	0.011	0.003	0.0689	0.3177	0.0519	0.001	0.1638	0.001	0.001	0.2837	0.001	0.7283	0.98	0.012	0.001	0.001	0.9211	0.2707	0.0559	0.001	0.5295	0.001	0.002	0.014	0.0889	0.1878	0.001	0.006	0.9171	0.2498	0.001	0.004	0.001	0.0589	0.012	0.2927	0.3327	0.006	0.002	0.1039	0.05	0.2777	0.3457	0.022	0.036	0.044	0.6244	0.0999	0.002	0.001	0.037	0.001	0.8012	0.1528	0.008	0.0599	0.001	0.99	0.001	0.001	0.4496	0.017	0.6374	0.3606	0.001	0.001	0.033	0.042	1	0.2777	0.002	0.027
Sg_Z15_51	0.001	0.001	0.4306	0.001	0.001	0.2797	0.005	0.01	0.005	0.005	0.001	0.045	0.0679	0.0619	0.03	0.5055	0.1828	0.001	0.018	0.018	0.8591	0.8691	0.001	0.028	0.001	0.005	0.003	0.7423	0.1079	0.0839	0.001	0.9471	0.001	0.001	0.01	0.5564	0.001	0.0769	0.001	0.018	0.8621	0.6673	0.001	0.9351	0.1359	0.4805	0.5475	0.001	0.975	0.5315	0.002	0.001	0.0579	0.001	0.001	0.002	0.001	0.001	0.1209	0.2577	0.1598	0.001	0.3816	0.001	0.1279	0.001	0.001	0.001	0.001	0.001	0.001	0.1978	0.4755	0.001	0.001	0.001	0.015	0.001	0.001	0.001	0.8452	0.001	0.001	0.4545	0.965	0.1718	0.033	0.015	0.047	0.001	0.1698	0.5275	0.8571	0.0749	0.0709	0.5684	0.4456	0.002	0.2218	0.4366	0.5904	0.8312	0.005	0.005	0.2827	0.008	0.3087	0.3786	0.001	0.002	0.2627	0.0589	0.7253	0.001	0.7073	0.2877	0.001	0.001	0.3367	0.003	0.001	0.001	0.001	0.0509	0.001	0.0669	0.023	0.001	0.001	0.001	0.4845	0.001	0.001	0.001	0.4885	0.001	0.006	0.002	0.003	0.001	0.001	0.1299	0.003	0.001	0.1439	0.001	0.5914	0.0609	0.001	0.022	0.6264	0.047	0.6164	0.8601	0.1459	0.0849	0.1618	0.042	0.017	0.1798	0.8032	0.3287	0.0939	0.028	0.6034	0.003	0.001	0.004	0.007	0.2757	0.001	0.045	0.001	0.038	0.1439	0.4735	0.001	0.4496	0.8262	0.5594	0.2587	0.001	0.001	0.001	0.001	0.5415	0.001	0.4396	0.001	0.2268	0.035	0.1928	0.0559	0.6993	0.001	0.001	0.8182	0.001	0.0779	0.1199	0.027	0.001	0.2787	0.004	0.003	0.002	0.2847	0.024	0.5834	0.001	0.2118	0.007	0.002	0.001	0.019	0.001	0.001	0.5754	0.001	0.965	0.5165	0.046	0.001	0.003	0.001	0.001	0.001	0.4076	0.001	0.7532	0.3906	0.037	0.2118	0.001	0.049	0.005	0.002	0.0649	0.004	0.8392	0.028	0.7532	0.001	0.6494	0.0789	0.001	0.031	0.3107	0.001	0.001	0.2767	0.2028	0.1319	0.002	0.1029	0.4975	0.0719	0.0679	0.026	0.8072	0.001	0.002	0.0979	0.001	0.04	0.001	0.001	0.001	0.8152	0.001	0.001	0.002	0.001	0.001	0.01	0.8212	0.2288	0.004	0.008	0.1409	0.001	0.022	0.003	0.2727	0.7582	0.2647	0.3067	0.1249	0.022	0.2138	0.002	0.001	0.001	0.003	0.1029	0.004	0.001	0.7692	0.6853	0.001	0.003	0.001	0.5485	0.001	0.8551	0.001	0.003	0.026	0.7562	0.007	0.045	0.002	0.2028	0.9451	0.007	0.032	0.003	0.025	0.001	0.001	0.011	0.002	0.001	0.8571	0.3926	0.001	0.2777	1	0.0739	0.001
Sg_Z16_22	0.1079	0.8591	0.3367	0.4865	0.2468	0.2537	0.1299	0.2917	0.0529	0.7882	0.0529	0.2517	0.4226	0.022	0.5754	0.0969	0.7562	0.001	0.7942	0.1988	0.015	0.007	0.021	0.9211	0.1139	0.0999	0.2897	0.001	0.7213	0.7772	0.019	0.003	0.0629	0.1149	0.001	0.955	0.048	0.1149	0.2587	0.3227	0.1149	0.0979	0.3706	0.1658	0.048	0.3327	0.014	0.5255	0.0699	0.043	0.046	0.1688	0.8711	0.4056	0.97	0.001	0.7313	0.033	0.047	0.006	0.5145	0.2707	0.0599	0.6603	0.7702	0.0529	0.032	0.1928	0.8022	0.2577	0.008	0.3776	0.0629	0.4096	0.1329	0.1049	0.2158	0.4026	0.027	0.5574	0.027	0.1588	0.034	0.9311	0.003	0.005	0.3616	0.5415	0.028	0.4665	0.4595	0.046	0.011	0.1538	0.955	0.1648	0.1758	0.023	0.0969	0.1788	0.002	0.1518	0.009	0.006	0.8621	0.4486	0.1778	0.018	0.0629	0.0969	0.1788	0.4206	0.5964	0.5704	0.009	0.0769	0.8531	0.8232	0.8501	0.5145	0.6104	0.0729	0.5265	0.7003	0.4246	0.968	0.019	0.5175	0.6613	0.2947	0.1019	0.9191	0.9271	0.1608	0.3267	0.3956	0.9341	0.8821	0.006	0.5135	0.5734	0.0929	0.1219	0.6234	0.6743	0.6014	0.1728	0.3746	0.2308	0.8382	0.1269	0.8701	0.029	0.992	0.1449	0.1179	0.1199	0.4416	0.6484	0.7922	0.9001	0.6354	0.3067	0.1219	0.01	0.5584	0.7073	0.8791	0.027	0.003	0.042	0.996	0.7572	0.3427	0.8482	0.1229	0.999	0.7582	0.6883	0.3866	0.0849	0.2308	0.9231	0.4306	0.0639	0.2907	0.8751	0.8971	0.2218	0.4735	0.2697	0.0609	0.045	0.3277	0.0659	0.4845	0.1558	0.3397	0.8072	0.05	0.2987	0.1798	0.3986	0.0879	0.002	0.0859	0.5884	0.2697	0.009	0.2278	0.1558	0.6693	0.5155	0.4226	0.7413	0.045	0.4106	0.1538	0.0529	0.5085	0.1528	0.4406	0.9471	0.6793	0.0519	0.4745	0.5574	0.2877	0.8501	0.017	0.8132	0.7363	0.1029	0.8681	0.2438	0.6204	0.0729	0.9211	0.01	0.1768	0.9401	0.018	0.036	0.0529	0.8442	0.3267	0.966	0.1029	0.976	0.8382	0.005	0.7413	0.5774	0.5774	0.1479	0.1379	0.031	0.973	0.9021	0.044	0.5405	0.3017	0.005	0.026	0.1259	0.3087	0.048	0.043	0.8472	0.2438	0.5245	0.5904	0.1558	0.3706	0.7932	0.5914	0.1768	0.1229	0.5584	0.2697	0.003	0.026	0.2398	0.1708	0.0909	0.1389	0.7852	0.7622	0.003	0.016	0.045	0.0969	0.6503	0.003	0.1678	0.0559	0.3307	0.003	0.1758	0.6424	0.6084	0.2557	0.9031	0.4096	0.1289	0.011	0.2917	0.1429	0.2767	0.964	0.9141	0.5115	0.1169	0.002	0.7632	0.1179	0.1518	0.4396	0.1259	0.0669	0.044	0.9431	0.0689	0.3586	0.2707	0.5265	0.002	0.0739	1	0.971
Sg_Z17_26	0.001	0.001	0.0969	0.015	0.001	0.1768	0.001	0.5305	0.001	0.009	0.001	0.5724	0.015	0.001	0.032	0.8062	0.1828	0.001	0.002	0.039	0.3167	0.5475	0.026	0.04	0.0839	0.3387	0.002	0.3516	0.1748	0.6873	0.001	0.044	0.001	0.001	0.001	0.957	0.001	0.5485	0.001	0.2897	0.97	0.2038	0.002	0.5145	0.001	0.0599	0.0919	0.001	0.008	0.002	0.8202	0.001	0.8162	0.001	0.5405	0.001	0.001	0.2288	0.2188	0.001	0.1379	0.001	0.035	0.001	0.009	0.036	0.002	0.001	0.001	0.001	0.5285	0.3057	0.0699	0.001	0.007	0.5974	0.031	0.002	0.1538	0.001	0.002	0.001	0.001	0.1379	0.031	0.7133	0.0639	0.3327	0.005	0.001	0.6903	0.019	0.0979	0.019	0.7133	0.001	0.2418	0.001	0.1748	0.015	0.3137	0.3546	0.4635	0.013	0.6184	0.003	0.004	0.3816	0.001	0.8282	0.1189	0.3516	0.2737	0.001	0.001	0.2977	0.001	0.001	0.0789	0.972	0.001	0.001	0.001	0.002	0.001	0.1978	0.001	0.001	0.1189	0.001	0.028	0.001	0.967	0.001	0.5904	0.018	0.003	0.5285	0.001	0.001	0.001	0.6444	0.003	0.006	0.015	0.001	0.4256	0.005	0.001	0.006	0.5285	0.3716	0.9361	0.9231	0.001	0.001	0.1139	0.002	0.6264	0.012	0.0609	0.022	0.3676	0.7233	0.001	0.002	0.003	0.001	0.001	0.009	0.8751	0.0999	0.001	0.4855	0.966	0.3776	0.001	0.1169	0.001	0.1289	0.006	0.003	0.016	0.001	0.7552	0.002	0.001	0.8422	0.001	0.011	0.3477	0.4845	0.001	0.976	0.001	0.001	0.2208	0.001	0.003	0.0999	0.001	0.001	0.6264	0.002	0.017	0.001	0.8302	0.001	0.028	0.001	0.3177	0.009	0.002	0.001	0.002	0.001	0.001	0.018	0.01	0.4226	0.043	0.005	0.001	0.001	0.7413	0.001	0.001	0.3916	0.001	0.001	0.1279	0.7522	0.3706	0.029	0.001	0.001	0.1618	0.006	0.001	0.0899	0.2428	0.002	0.001	0.0929	0.5165	0.002	0.1449	0.0799	0.001	0.003	0.018	0.01	0.7922	0.001	0.6853	0.0989	0.001	0.5714	0.3516	0.0859	0.001	0.001	0.6034	0.001	0.5854	0.001	0.97	0.001	0.001	0.001	0.001	0.001	0.3337	0.4276	0.002	0.962	0.1359	0.001	0.3696	0.7902	0.1868	0.001	0.013	0.2537	0.044	0.9191	0.4795	0.039	0.7842	0.8232	0.001	0.001	0.001	0.002	0.3626	0.004	0.001	0.1798	0.4046	0.001	0.3367	0.001	0.3886	0.001	0.979	0.001	0.006	0.001	0.3876	0.9091	0.6893	0.002	0.015	0.01	0.3846	0.032	0.001	0.9491	0.001	0.001	0.001	0.001	0.001	0.007	0.4046	0.5884	0.027	0.001	0.971	1
