	Gp_EAB_462	Gp_MJ1_12	Gp_MJ1_149	Gp_MJ1_272	Gp_MJ1_444	Gp_MJ2_113	Gp_MJ3_423	Gp_MJ3_477	Gp_MJ4_197	Gp_MJ4_65	Gp_NH_148	Gp_YAB_333	Gp_YAB_339	Gp_meta27_16	Gp_meta27_511	Sg_A01_16	Sg_A07_40	Sg_A11_10	Sg_A11_12	Sg_A11_2	Sg_A11_47	Sg_A15_26	Sg_A17_17	Sg_A19_11	Sg_A19_12	Sg_A19_18	Sg_A19_36	Sg_A19_51	Sg_A20_2	Sg_A20_35	Sg_A22_19	Sg_A22_22	Sg_A22_3	Sg_A22_8	Sg_A24_54	Sg_A27_23	Sg_A27_31	Sg_A28_8	Sg_A33_4	Sg_A34_19	Sg_A34_5	Sg_A37_36	Sg_B03_29	Sg_B03_38	Sg_B04_2	Sg_B07_12	Sg_B07_38	Sg_B07_50	Sg_B07_53	Sg_B07_62	Sg_B08_36	Sg_B14_1	Sg_B14_13	Sg_B15_22	Sg_B15_23	Sg_B15_25	Sg_B15_35	Sg_B15_52	Sg_B19_17	Sg_B19_30	Sg_B19_40	Sg_B19_58	Sg_B23_42	Sg_B25_10	Sg_B25_38	Sg_B26_35	Sg_B26_38	Sg_B26_4	Sg_B27_18	Sg_B27_6	Sg_C02_30	Sg_C03_36	Sg_C04_25	Sg_C04_33	Sg_C14_34	Sg_CA11_3	Sg_CA11_45	Sg_CA11_52	Sg_CA13_9	Sg_CA25_14	Sg_CA25_21	Sg_CA40A_55	Sg_CA9_20	Sg_CA9_31	Sg_CB03_1	Sg_CB03_2	Sg_CB03_44	Sg_CB03_47	Sg_CD22A_27	Sg_CD22A_44	Sg_CD23A_20	Sg_CD23A_32	Sg_CD24A_1	Sg_CD24A_10	Sg_CD25A_53	Sg_CD26A_19	Sg_CD27A_46	Sg_CD28A_40	Sg_CD30A_34	Sg_CE19A_15	Sg_CE19A_24	Sg_CE19A_29	Sg_CE19A_36	Sg_CG50A_22	Sg_CG50A_49	Sg_CG50A_74	Sg_CK05A_18	Sg_CK05A_21	Sg_CK05A_46	Sg_CK05A_56	Sg_CK28A_36	Sg_CK28A_47	Sg_CK51A_47	Sg_CK52A_43	Sg_CK52A_74	Sg_CM17_16	Sg_CM17_58	Sg_CM17_7	Sg_CM21_15	Sg_CM21_57	Sg_CM29A_16	Sg_CM30A_3	Sg_CM31A_43	Sg_CM31A_52	Sg_CM32A_26	Sg_CM32A_49	Sg_CM33A_39	Sg_CM33A_60	Sg_CM33A_9	Sg_CM35A_15	Sg_D02_31	Sg_D02_32	Sg_D02_44	Sg_D02_9	Sg_D03_75	Sg_D03_78	Sg_D09_14	Sg_D10_17	Sg_D18_45	Sg_E04_12	Sg_E06_10	Sg_E06_24	Sg_E10_50	Sg_EA47_17	Sg_EA47_9	Sg_EA57_9	Sg_EA61_27	Sg_EB03_22	Sg_EB08_12	Sg_EB09_7	Sg_EB10_11	Sg_EB13_4	Sg_EB21_10	Sg_EM03_4	Sg_EM03_7	Sg_EM12_46	Sg_EM12_61	Sg_EM22_6	Sg_EM25_40	Sg_EM30_38	Sg_EM30_40	Sg_EM34_4	Sg_G06_49	Sg_G06_9	Sg_G09_4	Sg_G10_35	Sg_G11_20	Sg_G18_1	Sg_G18_19	Sg_G19_41	Sg_G21_58	Sg_G22_16	Sg_G26_10	Sg_G26_22	Sg_G26_28	Sg_G29_33	Sg_G33_7	Sg_G37_59	Sg_G39_28	Sg_G43_29	Sg_G46_28	Sg_G46_34	Sg_G46_4	Sg_G47_17	Sg_H04_45	Sg_I01_33	Sg_I05_27	Sg_I05_65	Sg_I06_25	Sg_I07_11	Sg_I09_29	Sg_I12_32	Sg_I12_44	Sg_I12_6	Sg_I13_16	Sg_K01_3	Sg_K01_5	Sg_K09_1	Sg_K09_61	Sg_K10_28	Sg_K14_18	Sg_K15_44	Sg_K16_17	Sg_K16_50	Sg_K16_53	Sg_K17_22	Sg_K22_12	Sg_K22_14	Sg_K22_66	Sg_K22_8	Sg_K31_45	Sg_K32_30	Sg_K34_1	Sg_K36_16	Sg_K36_17	Sg_K36_27	Sg_K36_29	Sg_K36_3	Sg_K36_6	Sg_K36_8	Sg_K40_29	Sg_K40_38	Sg_K40_4	Sg_K40_76	Sg_K46_34	Sg_M01_13	Sg_M01_30	Sg_M02_37	Sg_M02_5	Sg_M02_8	Sg_M03_37	Sg_M03_38	Sg_M07_23	Sg_M07_27	Sg_M07_39	Sg_M07_4	Sg_M08_36	Sg_M11_5	Sg_M11_7	Sg_M12_17	Sg_M12_21	Sg_M12_39	Sg_M12_6	Sg_M14_27	Sg_M14_34	Sg_M15_10	Sg_M15_17	Sg_M15_29	Sg_M17_3	Sg_M17_33	Sg_M21_45	Sg_OA11r1_10	Sg_OA11r1_12	Sg_OA11r1_9	Sg_OA13r1_14	Sg_OA13r1_52	Sg_OA7r2_37	Sg_OA7r2_38	Sg_OA7r2_4	Sg_OB03r2_1	Sg_OB03r2_39	Sg_OB03r2_6	Sg_OB05r2_32	Sg_OB05r2_38	Sg_OB05r2_8	Sg_OB24r1_18	Sg_OG24B2A_25	Sg_OG24B2A_39	Sg_OG24B2A_8	Sg_OM21r1_55	Sg_P15_12	Sg_P15_15	Sg_P15_2	Sg_P15_21	Sg_P22_10	Sg_P22_13	Sg_P23_1	Sg_P27_36	Sg_P27_38	Sg_P27_4	Sg_P30_9	Sg_X03_29	Sg_X05_12	Sg_X05_3	Sg_Y07_14	Sg_Y07_23	Sg_Y07_27	Sg_Y19_10	Sg_Y19_13	Sg_YA03_20	Sg_YA04_9	Sg_YA12_28	Sg_YA12_4	Sg_YA13_10	Sg_YA31_31	Sg_YB34_1	Sg_YB35_19	Sg_YB35_41	Sg_YB35_7	Sg_YB36_42	Sg_YB37_21	Sg_YB37_28	Sg_YB37_7	Sg_YB38_12	Sg_YB38_21	Sg_YB38_6	Sg_YB39_24	Sg_YB41_11	Sg_YB41_12	Sg_YB46_3	Sg_YB50_23	Sg_YB55_11	Sg_YB59_31	Sg_Z02_23	Sg_Z02_43	Sg_Z02_5	Sg_Z03_24	Sg_Z06_28	Sg_Z07_36	Sg_Z07_42	Sg_Z09_20	Sg_Z10_1	Sg_Z12_45	Sg_Z14_36	Sg_Z14_45	Sg_Z14_58	Sg_Z15_39	Sg_Z15_51	Sg_Z16_22	Sg_Z17_26
Gp_EAB_462	1	0.001	0.031	0.001	0.001	0.7522	0.001	0.8531	0.001	0.008	0.001	0.2997	0.7912	0.0659	0.002	0.6723	0.8891	0.001	0.5854	0.1948	0.0589	0.2757	0.005	0.0809	0.1269	0.4426	0.008	0.0999	0.0729	0.0759	0.001	0.0569	0.001	0.001	0.0909	0.0939	0.001	0.1948	0.001	0.5964	0.5754	0.5005	0.001	0.4645	0.006	0.005	0.5604	0.001	0.023	0.013	0.3556	0.01	0.2607	0.0519	0.5095	0.0539	0.001	0.01	0.035	0.7622	0.954	0.002	0.4725	0.005	0.8721	0.007	0.004	0.001	0.001	0.005	0.5325	0.3686	0.9211	0.001	0.0909	0.3876	0.02	0.01	0.001	0.002	0.035	0.001	0.001	0.4276	0.3606	0.2338	0.011	0.0979	0.2108	0.1898	0.0819	0.9451	0.1009	0.019	0.005	0.004	0.0649	0.1019	0.3746	0.003	0.3097	0.007	0.1628	0.003	0.014	0.4336	0.1119	0.3726	0.001	0.8601	0.4945	0.3756	0.6673	0.001	0.4226	0.2817	0.001	0.001	0.1638	0.7732	0.001	0.001	0.0859	0.7263	0.001	0.044	0.002	0.001	0.0689	0.001	0.2607	0.001	0.014	0.011	0.6174	0.011	0.983	0.1998	0.003	0.001	0.001	0.6893	0.001	0.2368	0.4106	0.006	0.0689	0.8991	0.002	0.6264	0.4955	0.2498	0.1668	0.7802	0.04	0.015	0.041	0.2907	0.2398	0.029	0.4336	0.8641	0.009	0.2028	0.012	0.3756	0.017	0.004	0.037	0.027	0.039	0.8591	0.002	0.2617	0.6763	0.1568	0.001	0.9231	0.001	0.0649	0.3896	0.006	0.0529	0.003	0.1089	0.003	0.001	0.3786	0.003	0.7023	0.1379	0.023	0.005	0.2438	0.001	0.03	0.2168	0.001	0.7832	0.1439	0.5015	0.001	0.7712	0.001	0.045	0.001	0.5594	0.8372	0.1578	0.001	0.4745	0.7512	0.01	0.001	0.975	0.001	0.001	0.0549	0.001	0.7502	0.4705	0.046	0.001	0.9131	0.2488	0.001	0.001	0.4086	0.004	0.007	0.1988	0.7303	0.2997	0.001	0.012	0.001	0.6533	0.5075	0.0699	0.041	0.2118	0.2707	0.001	0.4276	0.6963	0.001	0.5465	0.2408	0.001	0.001	0.0519	0.015	0.1628	0.1059	0.2018	0.0539	0.4466	0.2418	0.001	0.3257	0.001	0.018	0.001	0.002	0.1299	0.001	0.6793	0.0959	0.004	0.001	0.002	0.006	0.011	0.3387	0.4985	0.5205	0.6623	0.007	0.001	0.0569	0.003	0.001	0.017	0.2498	0.029	0.8102	0.5514	0.7982	0.1778	0.045	0.008	0.001	0.002	0.012	0.2138	0.013	0.001	0.5255	0.0749	0.001	0.6274	0.003	0.3337	0.001	0.1658	0.001	0.009	0.001	0.2927	0.7682	0.1898	0.7992	0.002	0.8661	0.5335	0.3057	0.002	0.2298	0.001	0.001	0.047	0.003	0.01	0.05	0.7443	0.0779	0.1369	0.001	0.6224	0.001
Gp_MJ1_12	0.001	1	0.002	0.001	0.001	0.014	0.002	0.2607	0.001	0.012	0.001	0.009	0.013	0.002	0.001	0.048	0.4436	0.001	0.007	0.8232	0.03	0.022	0.001	0.027	0.029	0.041	0.035	0.0719	0.001	0.017	0.001	0.1389	0.001	0.001	0.0939	0.005	0.001	0.1978	0.005	0.7073	0.3996	0.8182	0.001	0.6823	0.001	0.001	0.0989	0.001	0.001	0.001	0.4336	0.013	0.002	0.001	0.017	0.1309	0.001	0.1419	0.0969	0.5854	0.3347	0.001	0.003	0.001	0.2348	0.0629	0.1209	0.004	0.001	0.001	0.0599	0.2378	0.004	0.001	0.6583	0.0549	0.0949	0.001	0.8462	0.018	0.001	0.006	0.001	0.5864	0.022	0.0809	0.0569	0.001	0.2138	0.0599	0.001	0.2747	0.008	0.001	0.001	0.001	0.0679	0.3007	0.001	0.001	0.4535	0.001	0.1189	0.0829	0.015	0.3686	0.001	0.3307	0.003	0.1868	0.3047	0.6084	0.987	0.002	0.004	0.046	0.001	0.001	0.001	0.01	0.002	0.012	0.001	0.0609	0.019	0.009	0.001	0.002	0.4775	0.001	0.1948	0.001	0.017	0.001	0.2208	0.001	0.0939	0.0789	0.001	0.001	0.001	0.1109	0.001	0.025	0.015	0.001	0.001	0.0529	0.001	0.0649	0.039	0.005	0.001	0.995	0.001	0.001	0.012	0.2048	0.6344	0.4895	0.2797	0.1479	0.001	0.7862	0.002	0.0599	0.002	0.001	0.022	0.001	0.1199	0.05	0.002	0.001	0.5375	0.001	0.001	0.3227	0.001	0.001	0.5245	0.001	0.018	0.03	0.009	0.001	0.001	0.4825	0.001	0.033	0.008	0.019	0.001	0.018	0.001	0.01	0.006	0.001	0.0769	0.1628	0.041	0.001	0.1429	0.004	0.2478	0.001	0.5105	0.2218	0.001	0.001	0.1538	0.015	0.044	0.001	0.1698	0.001	0.001	0.001	0.001	0.7982	0.4426	0.009	0.001	0.3447	0.015	0.001	0.004	0.009	0.001	0.001	0.4565	0.0809	0.0519	0.001	0.001	0.001	0.5415	0.014	0.1708	0.4456	0.002	0.001	0.001	0.01	0.1948	0.002	0.1259	0.001	0.01	0.001	0.003	0.005	0.015	0.002	0.022	0.001	0.029	0.001	0.001	0.007	0.001	0.007	0.001	0.001	0.016	0.001	0.4256	0.1409	0.001	0.001	0.001	0.016	0.8571	0.032	0.022	0.1199	0.026	0.002	0.001	0.002	0.001	0.001	0.026	0.2468	0.001	0.3806	0.6893	0.022	0.2647	0.001	0.001	0.001	0.001	0.001	0.1718	0.001	0.001	0.1429	0.001	0.001	0.8322	0.001	0.7253	0.001	0.0959	0.002	0.001	0.001	0.01	0.5165	0.028	0.4226	0.001	0.7183	0.004	0.7602	0.001	0.01	0.001	0.001	0.011	0.001	0.001	0.001	0.0709	0.0619	0.001	0.001	0.7203	0.001
Gp_MJ1_149	0.031	0.002	1	0.002	0.001	0.023	0.001	0.4006	0.006	0.001	0.004	0.001	0.8082	0.0759	0.001	0.033	0.8721	0.006	0.6484	0.2448	0.1249	0.02	0.012	0.004	0.8492	0.6444	0.002	0.8551	0.009	0.005	0.0629	0.2527	0.001	0.001	0.5934	0.001	0.002	0.007	0.001	0.006	0.0849	0.2577	0.001	0.3806	0.001	0.018	0.4416	0.024	0.1648	0.001	0.1139	0.012	0.002	0.001	0.017	0.9091	0.001	0.2468	0.0979	0.8791	0.0829	0.005	0.001	0.002	0.8062	0.1698	0.975	0.1079	0.001	0.001	0.011	0.8941	0.1299	0.001	0.3916	0.011	0.0739	0.001	0.7642	0.002	0.001	0.1349	0.001	0.7882	0.2847	0.1948	0.001	0.001	0.6963	0.8442	0.6583	0.2527	0.3886	0.001	0.001	0.001	0.4396	0.5564	0.001	0.001	0.2797	0.001	0.3177	0.3576	0.001	0.2048	0.001	0.5714	0.012	0.2837	0.7642	0.7512	0.3666	0.009	0.1718	0.001	0.004	0.002	0.033	0.018	0.015	0.9211	0.001	0.7582	0.0539	0.015	0.2318	0.001	0.6244	0.001	0.4545	0.001	0.001	0.002	0.6653	0.004	0.5704	0.012	0.006	0.002	0.019	0.001	0.001	0.7672	0.002	0.001	0.033	0.6763	0.001	0.4256	0.028	0.002	0.001	0.5155	0.001	0.001	0.007	0.1738	0.4675	0.3347	0.7413	0.7512	0.2747	0.4685	0.0749	0.4316	0.3377	0.002	0.2298	0.049	0.024	0.8102	0.006	0.005	0.5275	0.002	0.001	0.0609	0.001	0.001	0.6753	0.1508	0.2278	0.8721	0.005	0.001	0.005	0.8272	0.0809	0.7992	0.001	0.005	0.001	0.003	0.0689	0.6254	0.01	0.001	0.9141	0.015	0.0679	0.001	0.2288	0.002	0.9161	0.001	0.004	0.3656	0.1768	0.001	0.026	0.7732	0.05	0.001	0.5554	0.001	0.005	0.004	0.004	0.6354	0.4436	0.048	0.002	0.1369	0.005	0.001	0.0559	0.015	0.001	0.001	0.004	0.0659	0.1878	0.001	0.001	0.003	0.1099	0.9401	0.7602	0.972	0.002	0.004	0.002	0.7253	0.027	0.001	0.987	0.001	0.2098	0.008	0.014	0.011	0.006	0.05	0.024	0.2358	0.0989	0.011	0.038	0.1548	0.001	0.1169	0.0799	0.037	0.001	0.001	0.043	0.4565	0.001	0.023	0.001	0.4935	0.3467	0.022	0.959	0.001	0.0559	0.007	0.012	0.013	0.003	0.044	0.1568	0.0939	0.001	0.1359	0.8262	0.6773	0.034	0.001	0.001	0.003	0.001	0.021	0.014	0.003	0.001	0.1898	0.002	0.001	0.044	0.001	0.2018	0.001	0.0549	0.2238	0.001	0.007	0.005	0.011	0.016	0.028	0.001	0.7902	0.001	0.001	0.001	0.002	0.015	0.002	0.9371	0.002	0.002	0.001	0.031	0.0819	0.001	0.009	0.5574	0.001
Gp_MJ1_272	0.001	0.001	0.002	1	0.001	0.0829	0.001	0.6553	0.001	0.01	0.005	0.003	0.1618	0.0549	0.002	0.3247	0.2917	0.001	0.037	0.6893	0.2108	0.021	0.001	0.0689	0.002	0.049	0.0599	0.013	0.001	0.001	0.001	0.4486	0.001	0.001	0.4246	0.002	0.001	0.008	0.036	0.8452	0.2547	0.1439	0.001	0.6284	0.001	0.001	0.1279	0.002	0.024	0.012	0.6244	0.024	0.1299	0.001	0.2388	0.6184	0.001	0.008	0.0579	0.5355	0.4945	0.002	0.2128	0.001	0.1598	0.1209	0.5375	0.006	0.001	0.001	0.008	0.2517	0.5095	0.002	0.5265	0.005	0.007	0.003	0.3556	0.013	0.003	0.009	0.001	0.1209	0.1109	0.6933	0.0559	0.004	0.95	0.6344	0.006	0.7652	0.0729	0.013	0.001	0.001	0.8332	0.3107	0.011	0.001	0.8991	0.02	0.002	0.4655	0.001	0.6733	0.0629	0.4755	0.006	0.0979	0.1169	0.3736	0.4486	0.001	0.2348	0.011	0.012	0.001	0.037	0.1469	0.002	0.0919	0.005	0.3247	0.1968	0.005	0.0579	0.001	0.2667	0.001	0.4655	0.001	0.2987	0.003	0.007	0.003	0.2088	0.2667	0.001	0.001	0.041	0.7822	0.001	0.1838	0.1109	0.002	0.1718	0.8182	0.002	0.046	0.969	0.0779	0.004	0.7782	0.011	0.012	0.005	0.5435	0.7892	0.7502	0.8302	0.6484	0.001	0.046	0.023	0.3487	0.005	0.001	0.5874	0.001	0.003	0.3157	0.1039	0.032	0.4126	0.2448	0.001	0.6104	0.007	0.001	0.8631	0.3047	0.007	0.048	0.004	0.2148	0.001	0.2817	0.001	0.1499	0.003	0.001	0.004	0.5045	0.018	0.0709	0.4116	0.001	0.1808	0.007	0.2917	0.001	0.2637	0.003	0.4296	0.001	0.5315	0.2018	0.0769	0.001	0.1439	0.1998	0.032	0.001	0.1009	0.001	0.001	0.004	0.001	0.6783	0.6004	0.012	0.001	0.2458	0.003	0.001	0.005	0.8651	0.006	0.021	0.3057	0.001	0.1179	0.005	0.041	0.001	0.9421	0.1309	0.963	0.0729	0.037	0.014	0.001	0.2488	0.7353	0.004	0.4056	0.031	0.005	0.001	0.0539	0.037	0.002	0.039	0.1918	0.015	0.8282	0.001	0.001	0.0509	0.001	0.01	0.001	0.004	0.7073	0.001	0.8062	0.017	0.001	0.001	0.001	0.1049	0.2038	0.002	0.0679	0.7542	0.8561	0.036	0.1079	0.004	0.001	0.039	0.005	0.038	0.002	0.3227	0.2288	0.1618	0.3297	0.002	0.001	0.001	0.001	0.001	0.003	0.008	0.003	0.5834	0.0889	0.001	0.4106	0.001	0.2228	0.001	0.018	0.006	0.001	0.002	0.045	0.5485	0.002	0.2108	0.001	0.8561	0.1279	0.0569	0.001	0.1608	0.023	0.001	0.013	0.003	0.004	0.001	0.9201	0.002	0.005	0.001	0.1279	0.001
Gp_MJ1_444	0.001	0.001	0.001	0.001	1	0.3956	0.001	0.6973	0.001	0.001	0.001	0.002	0.8501	0.012	0.011	0.2098	0.8102	0.001	0.954	0.2897	0.2228	0.004	0.002	0.001	0.3137	0.6693	0.003	0.0619	0.001	0.001	0.004	0.8322	0.001	0.001	0.7802	0.001	0.001	0.003	0.006	0.3197	0.0889	0.989	0.001	0.3317	0.002	0.001	0.1818	0.001	0.014	0.001	0.7892	0.029	0.001	0.001	0.05	0.5305	0.001	0.004	0.0509	0.6264	0.7952	0.003	0.002	0.001	0.3287	0.0889	0.2717	0.002	0.001	0.001	0.017	0.4845	0.0789	0.001	0.0719	0.01	0.3896	0.001	0.1019	0.001	0.001	0.002	0.001	0.6763	0.0699	0.008	0.001	0.001	0.8082	0.2068	0.026	0.4196	0.0999	0.001	0.001	0.001	0.4925	0.4745	0.001	0.001	0.6384	0.001	0.0529	0.5634	0.001	0.2008	0.001	0.6863	0.001	0.6174	0.7842	0.2787	0.5804	0.001	0.0699	0.002	0.001	0.001	0.001	0.043	0.001	0.1528	0.001	0.2807	0.002	0.001	0.001	0.001	0.8232	0.001	0.6673	0.001	0.001	0.002	0.005	0.001	0.0749	0.0729	0.001	0.001	0.001	0.033	0.001	0.985	0.002	0.001	0.0719	0.0579	0.001	0.6374	0.1239	0.001	0.001	0.8821	0.001	0.001	0.002	0.1039	0.1459	0.6394	0.6234	0.2767	0.011	0.974	0.025	0.013	0.0569	0.001	0.5574	0.004	0.009	0.6164	0.001	0.001	0.7852	0.02	0.001	0.0809	0.001	0.001	0.4086	0.007	0.023	0.032	0.008	0.005	0.001	0.3966	0.001	0.8402	0.001	0.003	0.001	0.003	0.001	0.3966	0.034	0.001	0.6683	0.003	0.007	0.001	0.2448	0.001	0.7333	0.001	0.0539	0.963	0.006	0.001	0.1499	0.6793	0.025	0.001	0.6114	0.001	0.001	0.001	0.001	0.8501	0.2348	0.1578	0.001	0.024	0.001	0.001	0.002	0.1978	0.001	0.001	0.011	0.1768	0.2547	0.001	0.001	0.001	0.5584	0.5225	0.0669	0.8022	0.005	0.001	0.001	0.0969	0.994	0.001	0.6274	0.001	0.013	0.001	0.004	0.002	0.009	0.017	0.013	0.0749	0.02	0.001	0.006	0.0749	0.001	0.002	0.001	0.002	0.004	0.001	0.3097	0.029	0.001	0.001	0.001	0.1159	0.2158	0.003	0.6553	0.5894	0.5345	0.001	0.003	0.001	0.001	0.001	0.004	0.007	0.002	0.3596	0.7522	0.7812	0.4396	0.001	0.001	0.001	0.001	0.005	0.009	0.004	0.001	0.006	0.002	0.001	0.6354	0.001	0.003	0.001	0.001	0.001	0.001	0.001	0.012	0.2687	0.007	0.8631	0.001	0.2807	0.001	0.1688	0.001	0.001	0.001	0.001	0.039	0.001	0.001	0.001	0.0599	0.025	0.003	0.001	0.6194	0.001
Gp_MJ2_113	0.7522	0.014	0.023	0.0829	0.3956	1	0.014	0.001	0.017	0.7512	0.6044	0.1079	0.2288	0.021	0.007	0.019	0.3477	0.0609	0.9021	0.3097	0.007	0.2957	0.8611	0.3137	0.2428	0.4555	0.0979	0.0949	0.1369	0.8462	0.2408	0.2438	0.2028	0.019	0.0709	0.1109	0.001	0.6993	0.032	0.034	0.03	0.5275	0.6583	0.001	0.005	0.001	0.035	0.3167	0.001	0.001	0.001	0.008	0.001	0.1528	0.001	0.958	0.4466	0.0549	0.8392	0.009	0.012	0.2338	0.006	0.5375	0.95	0.0759	0.3886	0.7882	0.034	0.036	0.1688	0.6184	0.0909	0.3427	0.004	0.1778	0.032	0.2488	0.032	0.5075	0.001	0.995	0.032	0.0549	0.1299	0.2577	0.2268	0.022	0.3866	0.1229	0.9041	0.001	0.034	0.001	0.045	0.004	0.6134	0.2997	0.001	0.003	0.004	0.001	0.019	0.3127	0.3127	0.5744	0.001	0.998	0.4266	0.001	0.036	0.6024	0.001	0.8072	0.001	0.1918	0.8621	0.7163	0.001	0.001	0.7622	0.5824	0.3447	0.5834	0.3666	0.8252	0.2498	0.7792	0.5734	0.971	0.8551	0.031	0.7003	0.002	0.8951	0.5684	0.9341	0.001	0.046	0.8911	0.8901	0.039	0.005	0.98	0.4236	0.1978	0.013	0.1469	0.0589	0.5834	0.0619	0.001	0.008	0.026	0.0539	0.001	0.4306	0.4845	0.01	0.2827	0.7193	0.2667	0.9341	0.002	0.001	0.3487	0.4695	0.009	0.001	0.02	0.0669	0.8831	0.2218	0.001	0.3027	0.028	0.2587	0.5445	0.1479	0.001	0.0599	0.7413	0.8941	0.011	0.2388	0.042	0.1039	0.015	0.2118	0.4765	0.6643	0.4316	0.001	0.03	0.0839	0.037	0.012	0.1209	0.5884	0.6494	0.0819	0.008	0.1928	0.003	0.1149	0.018	0.3217	0.5465	0.001	0.2727	0.1868	0.5015	0.9021	0.009	0.4416	0.001	0.008	0.001	0.6593	0.6543	0.8242	0.3586	0.8881	0.2827	0.3147	0.6713	0.7812	0.004	0.022	0.003	0.0789	0.2338	0.2707	0.8452	0.1249	0.036	0.001	0.6923	0.7173	0.033	0.001	0.001	0.014	0.028	0.9411	0.4026	0.4006	0.001	0.8022	0.5235	0.0859	0.3646	0.1299	0.034	0.1678	0.041	0.1538	0.3337	0.1319	0.2697	0.043	0.046	0.5914	0.005	0.1109	0.2837	0.018	0.6613	0.001	0.969	0.6104	0.1678	0.1449	0.1538	0.9261	0.0859	0.006	0.1439	0.6893	0.001	0.966	0.5744	0.0959	0.6863	0.001	0.0589	0.8691	0.2498	0.002	0.1139	0.001	0.2308	0.002	0.035	0.3816	0.0579	0.009	0.962	0.011	0.1489	0.042	0.1678	0.002	0.4795	0.1628	0.4066	0.2098	0.006	0.1548	0.001	0.2338	0.0759	0.6823	0.0809	0.001	0.1119	0.003	0.003	0.8342	0.001	0.956	0.965	0.0859	0.001	0.037	0.2877	0.001	0.976	0.4326	0.5994
Gp_MJ3_423	0.001	0.002	0.001	0.001	0.001	0.014	1	0.3906	0.002	0.001	0.001	0.01	0.8671	0.049	0.013	0.1269	0.8302	0.003	0.8991	0.5824	0.1269	0.2787	0.0549	0.002	0.3506	0.2068	0.001	0.9161	0.003	0.003	0.3047	0.1359	0.001	0.001	0.1199	0.001	0.001	0.005	0.001	0.2498	0.1409	0.3387	0.001	0.5564	0.001	0.004	0.4885	0.002	0.025	0.005	0.8352	0.001	0.014	0.0549	0.1129	0.1389	0.01	0.017	0.003	0.4276	0.3167	0.001	0.001	0.007	0.8651	0.0599	0.2148	0.001	0.001	0.001	0.018	0.3477	0.1888	0.001	0.1928	0.016	0.002	0.008	0.029	0.001	0.004	0.001	0.001	0.4386	0.006	0.2218	0.001	0.013	0.8911	0.8811	0.6434	0.9001	0.8661	0.002	0.001	0.009	0.1379	0.7852	0.031	0.002	0.6014	0.015	0.5355	0.031	0.001	0.5754	0.014	0.964	0.001	0.2897	0.8402	0.3077	0.3956	0.001	0.0989	0.004	0.001	0.001	0.005	0.1399	0.001	0.4985	0.026	0.6653	0.001	0.1339	0.1309	0.001	0.036	0.001	0.1548	0.002	0.004	0.002	0.7772	0.02	0.977	0.2048	0.001	0.001	0.002	0.036	0.001	0.8242	0.1099	0.0909	0.005	0.5534	0.001	0.8412	0.1369	0.003	0.022	0.1598	0.0579	0.002	0.005	0.0969	0.0749	0.6783	0.026	0.3566	0.008	0.5704	0.021	0.6573	0.001	0.002	0.1049	0.007	0.016	0.3576	0.016	0.038	0.0949	0.0599	0.001	0.982	0.004	0.001	0.4865	0.2767	0.4046	0.2507	0.011	0.0859	0.002	0.6024	0.1359	0.5305	0.006	0.009	0.001	0.01	0.001	0.5115	0.0509	0.001	0.6314	0.007	0.8621	0.001	0.8282	0.001	0.5395	0.001	0.7672	0.6384	0.2677	0.001	0.1159	0.5405	0.014	0.001	0.4016	0.001	0.001	0.004	0.003	0.5864	0.2807	0.032	0.002	0.1518	0.01	0.007	0.001	0.033	0.007	0.001	0.021	0.0589	0.5115	0.001	0.1059	0.002	0.9221	0.5854	0.031	0.0649	0.004	0.2338	0.001	0.7672	0.9461	0.001	0.2827	0.2018	0.003	0.001	0.3736	0.0709	0.004	0.011	0.8591	0.7063	0.2198	0.025	0.002	0.1029	0.001	0.0549	0.004	0.008	0.009	0.002	0.2667	0.0719	0.001	0.001	0.001	0.008	0.032	0.0839	0.996	0.0899	0.0959	0.007	0.0719	0.011	0.009	0.01	0.1049	0.0969	0.002	0.1928	0.4316	0.5495	0.8591	0.004	0.002	0.002	0.001	0.001	0.014	0.011	0.001	0.1099	0.003	0.001	0.2637	0.001	0.0839	0.002	0.1129	0.042	0.001	0.001	0.041	0.1019	0.001	0.9181	0.001	0.5804	0.036	0.001	0.006	0.0569	0.003	0.001	0.5185	0.001	0.005	0.002	0.0789	0.007	0.034	0.009	0.9051	0.0739
Gp_MJ3_477	0.8531	0.2607	0.4006	0.6553	0.6973	0.001	0.3906	1	0.0509	0.3556	0.2537	0.6424	0.5644	0.003	0.01	0.4246	0.5744	0.5904	0.8991	0.8022	0.002	0.0729	0.1229	0.2448	0.009	0.2847	0.1019	0.001	0.8082	0.1169	0.048	0.015	0.014	0.1449	0.005	0.6793	0.027	0.039	0.042	0.023	0.012	0.6164	0.1848	0.001	0.037	0.002	0.001	0.8701	0.001	0.002	0.001	0.0919	0.001	0.7622	0.001	0.6643	0.4675	0.001	0.7413	0.006	0.001	0.9191	0.017	0.9311	0.5684	0.023	0.5914	0.9461	0.2627	0.3047	0.012	0.9191	0.0999	0.7003	0.002	0.046	0.1299	0.9481	0.001	0.6513	0.001	0.7253	0.047	0.2807	0.049	0.026	0.5964	0.9191	0.0879	0.6523	0.014	0.002	0.3087	0.001	0.1179	0.2847	0.2727	0.3896	0.001	0.5145	0.001	0.04	0.001	0.013	0.2288	0.5035	0.001	0.047	0.2547	0.001	0.001	0.1888	0.001	0.4106	0.001	0.3087	0.2697	0.989	0.002	0.001	0.6913	0.7842	0.6344	0.1668	0.3427	0.3906	0.017	0.3187	0.1089	0.6124	0.9401	0.8921	0.5744	0.001	0.004	0.1209	0.5345	0.001	0.0559	0.2038	0.9371	0.002	0.2378	0.9031	0.5954	0.8052	0.002	0.001	0.008	0.5534	0.001	0.001	0.019	0.5774	0.1099	0.008	0.2128	0.8442	0.2757	1	0.98	0.0749	0.8501	0.001	0.005	0.0559	0.4675	0.1738	0.001	0.3796	0.005	0.995	0.7183	0.001	0.0719	0.001	0.2258	0.011	0.6993	0.1239	0.016	0.041	0.2717	0.003	0.0609	0.0889	0.4316	0.012	0.7862	0.2887	0.3516	0.001	0.048	0.003	0.007	0.011	0.001	0.8022	0.7962	0.0509	0.003	0.1109	0.0809	0.018	0.037	0.024	0.5584	0.6354	0.045	0.8531	0.7952	0.971	0.9201	0.04	0.5305	0.002	0.041	0.007	0.004	0.008	0.8751	0.3287	0.5894	0.8911	0.009	0.3946	0.9061	0.001	0.021	0.001	0.1359	0.7413	0.3746	0.2677	0.2108	0.6164	0.001	0.3956	0.2907	0.2597	0.001	0.001	0.011	0.1289	0.995	0.7572	0.2737	0.001	0.8352	0.6184	0.2448	0.8362	0.5465	0.0839	0.004	0.4126	0.1439	0.3077	0.2677	0.7063	0.4875	0.007	0.011	0.009	0.019	0.3227	0.1648	0.2218	0.002	0.7702	0.1778	0.8042	0.004	0.004	0.8771	0.3067	0.001	0.4865	0.2817	0.001	0.0649	0.1718	0.002	0.0639	0.001	0.0879	0.1049	0.6334	0.001	0.6783	0.001	0.1079	0.048	0.6384	0.1578	0.1469	0.02	0.982	0.004	0.6264	0.1259	0.4036	0.001	0.2757	0.1578	0.4286	0.7552	0.002	0.5904	0.001	0.3866	0.002	0.1888	0.002	0.001	0.4246	0.2148	0.3017	0.99	0.012	0.1628	0.0609	0.007	0.001	0.001	0.006	0.001	0.1419	0.012	0.1748
Gp_MJ4_197	0.001	0.001	0.006	0.001	0.001	0.017	0.002	0.0509	1	0.016	0.001	0.019	0.0789	0.001	0.004	0.2647	0.3007	0.001	0.007	0.1528	0.007	0.4266	0.1608	0.029	0.8851	0.1449	0.044	0.8871	0.001	0.005	0.3247	0.6883	0.025	0.001	0.1449	0.002	0.001	0.046	0.016	0.9181	0.0959	0.7852	0.008	0.1469	0.001	0.001	0.002	0.001	0.002	0.001	0.8801	0.008	0.001	0.001	0.008	0.3756	0.001	0.7552	0.6963	0.008	0.1069	0.001	0.002	0.001	0.032	0.5584	0.6783	0.003	0.001	0.002	0.7153	0.8412	0.029	0.001	0.4645	0.8501	0.008	0.001	0.4615	0.001	0.001	0.003	0.001	0.0749	0.001	0.004	0.022	0.005	0.0889	0.1848	0.1429	0.2967	0.005	0.001	0.001	0.001	0.0869	0.4106	0.001	0.001	0.4066	0.001	0.8681	0.001	0.012	0.0899	0.001	0.7612	0.001	0.019	0.0919	0.017	0.0829	0.001	0.001	0.013	0.001	0.001	0.001	0.004	0.003	0.1918	0.003	0.014	0.004	0.1618	0.001	0.002	0.5684	0.001	0.7313	0.001	0.008	0.001	0.4066	0.0739	0.0949	0.0589	0.001	0.001	0.001	0.0689	0.001	0.1798	0.001	0.013	0.003	0.1369	0.002	0.015	0.025	0.001	0.001	0.0839	0.008	0.012	0.004	0.2827	0.5385	0.4406	0.1668	0.1489	0.001	0.6763	0.016	0.3017	0.036	0.001	0.002	0.001	0.6434	0.0919	0.002	0.001	0.2418	0.006	0.002	0.6434	0.023	0.001	0.015	0.001	0.01	0.3756	0.1548	0.007	0.001	0.0999	0.001	0.045	0.03	0.4945	0.01	0.028	0.001	0.0669	0.002	0.001	0.0579	0.022	0.1449	0.001	0.0639	0.006	0.3187	0.001	0.2547	0.9391	0.001	0.001	0.7043	0.01	0.001	0.001	0.0629	0.001	0.001	0.001	0.046	0.005	0.2398	0.4925	0.001	0.6234	0.5345	0.003	0.001	0.005	0.001	0.001	0.044	0.007	0.2348	0.001	0.013	0.001	0.2857	0.024	0.038	0.1718	0.001	0.009	0.001	0.001	0.2847	0.001	0.977	0.004	0.005	0.007	0.047	0.039	0.004	0.001	0.6114	0.006	0.9301	0.012	0.001	0.1189	0.001	0.1748	0.001	0.001	0.0999	0.001	0.8342	0.001	0.001	0.001	0.007	0.0919	0.1409	0.6244	0.0559	0.5245	0.021	0.001	0.011	0.001	0.001	0.001	0.2737	0.05	0.001	0.017	0.1189	0.0899	0.0519	0.001	0.001	0.001	0.001	0.001	0.04	0.001	0.001	0.6404	0.001	0.001	0.8651	0.001	0.3147	0.001	0.4046	0.001	0.001	0.001	0.1189	0.1718	0.018	0.3067	0.002	0.0689	0.004	0.0809	0.002	0.001	0.001	0.001	0.03	0.001	0.001	0.001	0.022	0.6344	0.003	0.007	0.8362	0.003
Gp_MJ4_65	0.008	0.012	0.001	0.01	0.001	0.7512	0.001	0.3556	0.016	1	0.1508	0.039	0.0769	0.5445	0.9331	0.008	0.9311	0.0849	0.1588	0.014	0.5295	0.024	0.0709	0.001	0.988	0.3047	0.001	0.1978	0.027	0.0679	0.0559	0.8262	0.001	0.012	0.3237	0.0539	0.029	0.034	0.001	0.1738	0.1469	0.3327	0.001	0.1289	0.4306	0.0989	0.5894	0.014	0.8811	0.002	0.1868	0.026	0.003	0.001	0.3546	0.5305	0.003	0.001	0.018	0.1009	0.7582	0.003	0.001	0.001	0.011	0.036	0.7073	0.001	0.001	0.001	0.002	0.005	0.0709	0.002	0.003	0.004	0.9331	0.001	0.002	0.009	0.004	0.049	0.0569	0.2198	0.984	0.0659	0.001	0.001	0.3966	0.9121	0.5345	0.8412	0.9371	0.004	0.006	0.001	0.1948	0.4935	0.007	0.001	0.5495	0.001	0.039	0.1568	0.0919	0.014	0.1598	0.7532	0.011	0.2148	0.1399	0.4875	0.2747	0.001	0.8452	0.2438	0.001	0.001	0.0659	0.2607	0.001	0.1399	0.001	0.006	0.016	0.001	0.3147	0.001	0.7512	0.001	0.002	0.001	0.001	0.2198	0.002	0.014	0.001	0.5914	0.2168	0.002	0.001	0.006	0.001	0.015	0.0589	0.001	0.7502	0.5664	0.001	0.3167	0.6434	0.029	0.033	0.7932	0.001	0.001	0.027	0.007	0.4206	0.2388	0.9171	0.02	0.1618	0.4146	0.1988	0.0979	0.0759	0.005	0.2148	0.4705	0.048	0.0659	0.001	0.018	0.8352	0.3846	0.004	0.969	0.001	0.004	0.5185	0.3457	0.2857	0.6793	0.004	0.003	0.014	0.1988	0.2897	0.1369	0.004	0.001	0.001	0.006	0.014	0.8851	0.4625	0.003	0.044	0.1299	0.035	0.045	0.2967	0.0949	0.006	0.006	0.008	0.0549	0.1888	0.006	0.007	0.0709	0.028	0.02	0.02	0.1878	0.1189	0.004	0.001	0.971	0.0699	0.1588	0.003	0.2408	0.002	0.001	0.001	0.5345	0.006	0.041	0.001	0.7912	0.002	0.001	0.001	0.029	0.0679	0.046	0.5924	0.6124	0.026	0.014	0.0769	0.3686	0.0749	0.001	0.022	0.0539	0.007	0.001	0.5465	0.001	0.3017	0.3896	0.031	0.3846	0.008	0.001	0.047	0.034	0.001	0.003	0.024	0.6144	0.008	0.016	0.1249	0.5385	0.002	0.001	0.001	0.2597	0.1149	0.005	0.033	0.024	0.7542	0.1439	0.002	0.02	0.012	0.1878	0.003	0.2957	0.2657	0.5814	0.1179	0.0609	0.7952	0.001	0.1449	0.002	0.001	0.1598	0.2927	0.9131	0.031	0.039	0.011	0.001	0.2887	0.003	0.001	0.001	0.002	0.0799	0.001	0.049	0.002	0.2927	0.0809	0.7692	0.001	0.9161	0.018	0.049	0.001	0.004	0.001	0.016	0.4555	0.001	0.3097	0.007	0.024	0.005	0.2607	0.004	0.9491	0.001
Gp_NH_148	0.001	0.001	0.004	0.005	0.001	0.6044	0.001	0.2537	0.001	0.1508	1	0.5874	0.023	0.001	0.002	0.3217	0.1229	0.001	0.026	0.2677	0.1558	0.024	0.003	0.1109	0.6993	0.9441	0.2637	0.5365	0.004	0.0639	0.001	0.009	0.002	0.001	0.3137	0.029	0.001	0.1459	0.003	0.8372	0.1658	0.024	0.001	0.3237	0.001	0.002	0.03	0.001	0.013	0.002	0.6214	0.004	0.2537	0.036	0.2527	0.001	0.003	0.2547	0.1968	0.009	0.5544	0.003	0.4186	0.024	0.1449	0.5335	0.002	0.001	0.001	0.007	0.9371	0.1109	0.007	0.001	0.3267	0.2587	0.0939	0.017	0.8761	0.001	0.007	0.007	0.001	0.3117	0.034	0.002	0.0539	0.3137	0.5914	0.1359	0.2747	0.7213	0.036	0.001	0.006	0.007	0.1688	0.2068	0.019	0.002	0.1459	0.001	0.8941	0.003	0.034	0.1019	0.011	0.024	0.001	0.0969	0.3297	0.2318	0.7453	0.001	0.04	0.0969	0.001	0.001	0.03	0.033	0.004	0.002	0.0579	0.015	0.001	0.1239	0.002	0.001	0.0659	0.001	0.975	0.001	0.006	0.001	0.3646	0.026	0.0779	0.1978	0.001	0.001	0.002	0.2348	0.001	0.1069	0.0659	0.0519	0.015	0.0929	0.0589	0.0749	0.1289	0.0779	0.0999	0.5155	0.018	0.017	0.01	0.0779	0.0849	0.7952	0.049	0.047	0.004	0.4106	0.03	0.1459	0.0729	0.001	0.001	0.001	0.4026	0.045	0.001	0.038	0.7163	0.0829	0.004	0.8362	0.002	0.003	0.034	0.005	0.6314	0.003	0.1299	0.046	0.001	0.7143	0.001	0.006	0.3177	0.961	0.028	0.1269	0.001	0.003	0.04	0.001	0.029	0.1449	0.03	0.001	0.7732	0.001	0.2937	0.001	0.5514	0.2867	0.001	0.001	0.2547	0.0879	0.002	0.001	0.1838	0.001	0.001	0.003	0.1219	0.043	0.3946	0.7662	0.001	0.2318	0.6024	0.003	0.001	0.1149	0.001	0.001	0.2268	0.2997	0.5395	0.001	0.002	0.001	0.5894	0.008	0.001	0.1109	0.0509	0.0979	0.001	0.011	0.7752	0.001	0.96	0.0539	0.018	0.001	0.002	0.1399	0.1648	0.001	0.2967	0.2198	0.9011	0.0679	0.024	0.7263	0.001	0.01	0.014	0.001	0.2597	0.001	0.5694	0.043	0.005	0.001	0.001	0.029	0.6983	0.3846	0.0579	0.8142	0.1928	0.002	0.1239	0.016	0.001	0.001	0.5395	0.2807	0.001	0.1868	0.1788	0.01	0.2957	0.0539	0.001	0.003	0.001	0.0599	0.1778	0.001	0.001	0.5285	0.014	0.001	0.6094	0.001	0.9311	0.001	0.9461	0.003	0.003	0.001	0.8781	0.8432	0.2308	0.7532	0.001	0.032	0.0949	0.1748	0.003	0.023	0.001	0.001	0.005	0.001	0.001	0.007	0.3377	0.8801	0.012	0.001	0.8172	0.001
Gp_YAB_333	0.2997	0.009	0.001	0.003	0.002	0.1079	0.01	0.6424	0.019	0.039	0.5874	1	0.3237	0.6094	0.045	0.0559	0.045	0.2737	0.0939	0.4845	0.993	0.2088	0.032	0.0659	0.004	0.0869	0.1449	0.0559	0.001	0.001	0.027	0.031	0.0509	0.007	0.3327	0.001	0.0559	0.001	0.1369	0.3037	0.001	0.027	0.005	0.2448	0.0859	0.2018	0.0559	0.034	0.4026	0.5055	0.5465	0.027	0.011	0.015	0.2907	0.1538	0.02	0.0589	0.02	0.8891	0.4895	0.005	0.001	0.003	0.5534	0.1479	0.033	0.7552	0.002	0.006	0.002	0.95	0.2867	0.2188	0.4016	0.006	0.001	0.02	0.8402	0.3387	0.0679	0.7532	0.002	0.1169	0.012	0.1309	0.2028	0.002	0.023	0.7403	0.7952	0.1119	0.7732	0.1069	0.001	0.0889	0.2567	0.041	0.2158	0.004	0.6244	0.3387	0.011	0.6773	0.001	0.1039	0.024	0.016	0.1319	0.6194	0.1648	0.0589	0.1329	0.1009	0.6294	0.001	0.2907	0.1279	0.1389	0.4875	0.2757	0.3037	0.021	0.0539	0.995	0.004	0.9481	0.033	0.5285	0.3137	0.04	0.001	0.042	0.2198	0.1598	0.003	0.6543	0.4585	0.1009	0.003	0.5914	0.2388	0.001	0.7862	0.1329	0.026	0.043	0.9301	0.014	0.8072	0.2687	0.041	0.012	0.3117	0.4965	0.05	0.004	0.4306	0.1349	0.001	0.2817	0.036	0.001	0.0839	0.6464	0.976	0.1479	0.049	0.4296	0.0569	0.001	0.2048	0.9011	0.2557	0.968	0.0719	0.002	0.8571	0.6174	0.001	0.7223	0.7912	0.036	0.1219	0.001	0.3117	0.3387	0.3377	0.8092	0.1069	0.004	0.007	0.1748	0.0929	0.7672	0.3317	0.1289	0.001	0.3856	0.001	0.8731	0.005	0.4625	0.1928	0.1988	0.024	0.2088	0.001	0.5175	0.001	0.032	0.9311	0.963	0.006	0.6603	0.017	0.003	0.0949	0.001	0.2228	0.6034	0.3277	0.1339	0.7612	0.002	0.026	0.5345	0.3666	0.8252	0.2727	0.7622	0.001	0.0869	0.2408	0.4406	0.0599	0.7063	0.049	0.1818	0.7992	0.1269	0.9241	0.023	0.9171	0.7792	0.001	0.2827	0.1808	0.7163	0.0819	0.5215	0.0549	0.001	0.3047	0.1159	0.5265	0.1518	0.0549	0.001	0.1738	0.001	0.2318	0.009	0.2537	0.012	0.1169	0.019	0.6743	0.0519	0.2018	0.003	0.9121	0.015	0.008	0.3217	0.0669	0.2747	0.2428	0.6703	0.028	0.003	0.8322	0.031	0.001	0.007	0.3347	0.9061	0.1848	0.4865	0.029	0.017	0.002	0.1588	0.001	0.001	0.4016	0.002	0.047	0.039	0.001	0.001	0.013	0.0509	0.006	0.003	0.002	0.002	0.0699	0.043	0.048	0.001	0.1429	0.031	0.1778	0.2717	0.01	0.048	0.013	0.7443	0.003	0.2098	0.012	0.4555	0.026	0.3327	0.004	0.1918	0.006	0.8152	0.0899
Gp_YAB_339	0.7912	0.013	0.8082	0.1618	0.8501	0.2288	0.8671	0.5644	0.0789	0.0769	0.023	0.3237	1	0.016	0.0949	0.7682	0.1319	0.029	0.001	0.001	0.8761	0.3337	0.6464	0.0509	0.1758	0.018	0.001	0.2777	0.7762	0.8342	0.1039	0.3876	0.9231	0.1449	0.9341	0.6394	0.0589	0.8082	0.0629	0.007	0.02	0.2607	0.5485	0.4905	0.1958	0.2847	0.8212	0.5355	0.7393	0.3586	0.031	0.1389	0.009	0.3457	0.4156	0.4396	0.3327	0.2737	0.7353	0.6484	0.8801	0.2338	0.4356	0.5614	0.001	0.5794	0.2178	0.9181	0.2238	0.2078	0.8342	0.001	0.0999	0.7163	0.5684	0.5255	0.4126	0.9061	0.1359	0.3966	0.2328	0.1249	0.012	0.0799	0.2727	0.5495	0.003	0.5095	0.3606	0.023	0.016	0.2927	0.5704	0.5125	0.3656	0.5654	0.8761	0.7143	0.1139	0.6673	0.4106	0.3506	0.3806	0.6184	0.9431	0.001	0.0969	0.9161	0.991	0.6064	0.4585	0.8531	0.004	0.3347	0.3706	0.8402	0.7073	0.5385	0.2068	0.1349	0.7572	0.029	0.99	0.001	0.952	0.0629	0.0929	0.8801	0.6813	0.5365	0.6024	0.2498	0.8591	0.01	0.8691	0.8432	0.001	0.2617	0.001	0.1838	0.9401	0.8182	0.4196	0.001	0.4276	0.1538	0.0909	0.0909	0.6434	0.001	0.3936	0.05	0.0559	0.1878	0.2208	0.2707	0.4106	0.001	0.3387	0.9191	0.5255	0.001	0.008	0.9461	0.8761	0.1209	0.0609	0.3137	0.9231	0.1229	0.7862	0.001	0.2368	0.1019	0.0629	0.1129	0.4905	0.5245	0.3586	0.3207	0.6304	0.984	0.1239	0.0619	0.6933	0.4925	0.1099	0.969	0.039	0.001	0.6244	0.3147	0.1219	0.7602	0.0969	0.3057	0.1628	0.1219	0.001	0.973	0.2987	0.0679	0.4066	0.5185	0.2138	0.6753	0.8442	0.7522	0.003	0.0959	0.1798	0.001	0.4266	0.0809	0.001	0.0739	0.0899	0.5964	0.4406	0.4995	0.7373	0.1938	0.2218	0.6953	0.8681	0.2547	0.9071	0.2488	0.2987	0.4635	0.049	0.5864	0.4975	0.5604	0.98	0.4386	0.4176	0.001	0.6294	0.7552	0.1109	0.3397	0.1389	0.1788	0.6733	0.9151	0.5844	0.029	0.5634	0.5065	0.2777	0.7073	0.8951	0.5804	0.3526	0.2288	0.1389	0.3796	0.8821	0.2138	0.1329	0.3007	0.1319	0.004	0.2268	0.033	0.8571	0.2398	0.4815	0.7153	0.963	0.97	0.0799	0.7143	0.001	0.7772	0.2527	0.3586	0.8182	0.026	0.007	0.0899	0.4126	0.8521	0.5225	0.8951	0.7882	0.001	0.95	0.4525	0.2098	0.2607	0.9301	0.5754	0.8422	0.001	0.6953	0.8541	0.2278	0.0889	0.001	0.3047	0.001	0.2238	0.1389	0.6583	0.021	0.966	0.9321	0.0579	0.5974	0.8901	0.959	0.6623	0.0569	0.2587	0.1169	0.2717	0.4366	0.2048	0.013	0.2977	0.013	0.0859	0.7383	0.4376	0.0879	0.8132	0.3936	0.2617
Gp_meta27_16	0.0659	0.002	0.0759	0.0549	0.012	0.021	0.049	0.003	0.001	0.5445	0.001	0.6094	0.016	1	0.001	0.1019	0.7163	0.009	0.004	0.5105	0.1179	0.9351	0.6314	0.2947	0.2128	0.3736	0.2158	0.2797	0.05	0.1309	0.4585	0.0629	0.7333	0.001	0.4645	0.1169	0.001	0.3117	0.008	0.0669	0.6264	0.3836	0.2298	0.0789	0.001	0.002	0.002	0.012	0.011	0.001	0.1938	0.3387	0.004	0.2747	0.004	0.012	0.0599	0.6384	0.958	0.006	0.018	0.009	0.5425	0.045	0.1269	0.3896	0.1279	0.012	0.034	0.031	0.2308	0.5514	0.0599	0.007	0.1618	0.6234	0.4146	0.0819	0.008	0.1359	0.001	0.031	0.001	0.0569	0.1938	0.001	0.2847	0.3237	0.004	0.4426	0.8332	0.3776	0.1019	0.001	0.013	0.007	0.1578	0.1109	0.005	0.018	0.036	0.036	0.023	0.002	0.957	0.1399	0.05	0.046	0.013	0.016	0.0719	0.4895	0.1968	0.002	0.018	0.959	0.017	0.002	0.04	0.002	0.0619	0.0589	0.1009	0.006	0.011	0.971	0.009	0.049	0.0589	0.006	0.9091	0.011	0.012	0.001	0.0809	0.9301	0.1099	0.019	0.001	0.1508	0.0579	0.0719	0.002	0.2987	0.0539	0.2418	0.003	0.033	0.002	0.1578	0.005	0.004	0.003	0.7453	0.0669	0.001	0.5415	0.0629	0.6533	0.984	0.1249	0.001	0.2358	0.2398	0.008	0.1758	0.1279	0.0659	0.001	0.006	0.3007	0.0849	0.2188	0.001	0.5544	0.01	0.3666	0.2248	0.1748	0.02	0.1029	0.5894	0.3377	0.3087	0.5355	0.05	0.001	0.5465	0.001	0.001	0.4935	0.1099	0.1628	0.035	0.001	0.007	0.004	0.031	0.004	0.2707	0.011	0.001	0.2777	0.04	0.1229	0.001	0.4486	0.1089	0.003	0.011	0.6663	0.008	0.013	0.001	0.2527	0.001	0.001	0.001	0.8851	0.022	0.2338	0.2388	0.005	0.978	0.3946	0.4575	0.034	0.004	0.001	0.001	0.958	0.6943	0.2308	0.001	0.0519	0.001	0.002	0.001	0.002	0.1908	0.007	0.003	0.001	0.017	0.6084	0.1279	0.4915	0.002	0.1309	0.0829	0.2438	0.2008	0.7622	0.002	0.3986	0.2238	0.2627	0.7403	0.007	0.0519	0.003	0.044	0.3277	0.001	0.0739	0.001	0.5674	0.028	0.001	0.025	0.3087	0.0749	0.002	0.8162	0.032	0.1788	0.012	0.0519	0.002	0.001	0.3966	0.001	0.4366	0.2388	0.001	0.1219	0.2268	0.01	0.0549	0.035	0.001	0.1718	0.0649	0.9381	0.4446	0.003	0.001	0.6713	0.001	0.016	0.5994	0.005	0.014	0.1079	0.3497	0.3177	0.005	0.001	0.1339	0.049	0.9151	0.2098	0.1698	0.016	0.004	0.6883	0.1029	0.033	0.0569	0.001	0.2577	0.0959	0.001	0.003	0.028	0.1868	0.005	0.2368	0.4266	0.004
Gp_meta27_511	0.002	0.001	0.001	0.002	0.011	0.007	0.013	0.01	0.004	0.9331	0.002	0.045	0.0949	0.001	1	0.9221	0.1289	0.002	0.005	0.7103	0.021	0.0609	0.012	0.4535	0.3796	0.3037	0.1568	0.3387	0.002	0.0789	0.0739	0.9401	0.1069	0.001	0.044	0.02	0.001	0.1039	0.004	0.005	0.5165	0.5225	0.0939	0.3606	0.001	0.005	0.4825	0.0509	0.009	0.006	0.4416	0.1259	0.032	0.3786	0.0849	0.4945	0.005	0.7672	0.4535	0.5914	0.044	0.0579	0.01	0.007	0.1069	0.4815	0.3546	0.1608	0.008	0.0629	0.4995	0.1518	0.014	0.002	0.5085	0.1089	0.0999	0.3317	0.3057	0.3676	0.025	0.1029	0.001	0.004	0.017	0.5684	0.4046	0.3546	0.2408	0.9241	0.2088	0.4106	0.6004	0.002	0.008	0.027	0.2248	0.976	0.027	0.049	0.0509	0.0679	0.4406	0.006	0.011	0.4486	0.01	0.6174	0.0539	0.1119	0.0689	0.8671	0.006	0.026	0.0649	0.02	0.4925	0.003	0.0749	0.1049	0.3417	0.0899	0.2218	0.013	0.2557	0.7512	0.2887	0.1568	0.2817	0.019	0.5295	0.001	0.5005	0.001	0.3097	0.01	0.022	0.0559	0.001	0.001	0.4126	0.0619	0.001	0.0869	0.1738	0.014	0.001	0.1009	0.001	0.038	0.013	0.013	0.004	0.961	0.1239	0.009	0.1748	0.1409	0.7183	0.1518	0.5954	0.003	0.042	0.4865	0.028	0.2448	0.041	0.039	0.001	0.003	0.046	0.038	0.3586	0.034	0.8671	0.001	0.1039	0.7952	0.1798	0.01	0.8821	0.0589	0.0739	0.2138	0.1139	0.014	0.002	0.3247	0.007	0.001	0.016	0.6673	0.2078	0.0919	0.002	0.026	0.005	0.002	0.022	0.0569	0.0669	0.002	0.2607	0.001	0.031	0.004	0.3247	0.8561	0.002	0.001	0.9481	0.2018	0.0799	0.001	0.1339	0.001	0.001	0.004	0.1369	0.2597	0.1289	0.1199	0.0639	0.6783	0.1998	0.038	0.3656	0.01	0.001	0.001	0.7892	0.1459	0.1449	0.004	0.3297	0.002	0.009	0.003	0.2617	0.8751	0.017	0.012	0.001	0.0719	0.7453	0.1229	0.7752	0.001	0.4975	0.1009	0.007	0.4875	0.005	0.1708	0.5784	0.4456	0.7233	0.8671	0.008	0.7742	0.001	0.957	0.0519	0.001	0.0649	0.003	0.0889	0.4755	0.001	0.1299	0.0949	0.1708	0.8262	0.1728	0.015	0.035	0.019	0.0739	0.042	0.001	0.0729	0.006	0.4545	0.0669	0.001	0.011	0.9111	0.0689	0.3596	0.2657	0.001	0.034	0.003	0.1678	0.021	0.001	0.001	0.6653	0.009	0.001	0.2937	0.001	0.021	0.012	0.8432	0.027	0.009	0.002	0.5195	0.009	0.0849	0.1139	0.2178	0.8711	0.037	0.6294	0.031	0.0829	0.1748	0.001	0.6573	0.0659	0.002	0.001	0.0919	0.6454	0.002	0.019	0.0849	0.011
Sg_A01_16	0.6723	0.048	0.033	0.3247	0.2098	0.019	0.1269	0.4246	0.2647	0.008	0.3217	0.0559	0.7682	0.1019	0.9221	1	0.1469	0.2537	0.8302	0.4935	0.1119	0.4116	0.1159	0.0529	0.976	0.1598	0.028	0.0709	0.2348	0.0719	0.6693	0.8711	0.6803	0.1009	0.6883	0.035	0.2048	0.4086	0.7902	0.9431	0.044	0.2328	0.047	0.9201	0.2547	0.0539	0.5485	0.1499	0.9301	0.1239	0.6773	0.983	0.001	0.013	0.0709	0.5524	0.2527	0.0769	0.023	0.2567	0.1868	0.1269	0.2647	0.3886	0.6174	0.016	0.025	0.5964	0.02	0.0619	0.037	0.2068	0.6324	0.2178	0.4206	0.5924	0.9331	0.005	0.7323	0.2068	0.02	0.1638	0.5634	0.1289	0.1938	0.8392	0.0539	0.001	0.2807	0.3526	0.3257	0.8991	0.7542	0.1079	0.037	0.003	0.3107	0.8432	0.4765	0.0529	0.2088	0.0709	0.4605	0.1918	0.3327	0.6024	0.0579	0.1538	0.8432	0.4765	0.4555	0.5045	0.4006	0.2338	0.973	0.2168	0.7932	0.5335	0.6154	0.1778	0.8422	0.1588	0.007	0.9211	0.6783	0.1159	0.7413	0.03	0.1499	0.0739	0.023	0.0969	0.2118	0.957	0.1219	0.0989	0.4605	0.5475	0.8392	0.2108	0.0899	0.0559	0.1309	0.3057	0.1978	0.024	0.007	0.7013	0.4256	0.8721	0.0879	0.018	0.028	0.3057	0.2737	0.021	0.961	0.4605	0.2717	0.2617	0.6144	0.7243	0.4545	0.1409	0.1648	0.6783	0.0679	0.2767	0.7243	0.5465	0.2198	0.6633	0.032	0.013	0.6274	0.011	0.1638	0.8551	0.042	0.0619	0.3327	0.9401	0.0679	0.1439	0.1858	0.024	0.2857	0.6064	0.3357	0.7283	0.9001	0.007	0.027	0.038	0.6523	0.2557	0.033	0.039	0.9021	0.3706	0.6513	0.1568	0.5844	0.3417	0.041	0.1059	0.1109	0.4625	0.969	0.3826	0.001	0.2707	0.7223	0.1778	0.2338	0.7882	0.1888	0.038	0.028	0.5754	0.7013	0.037	0.0959	0.1888	0.0879	0.2707	0.5005	0.046	0.0769	0.3377	0.3696	0.2418	0.023	0.1039	0.0779	0.1568	0.6464	0.8002	0.0589	0.2937	0.013	0.0579	0.7742	0.1289	0.001	0.0569	0.025	0.1409	0.1728	0.1359	0.5285	0.0759	0.1419	0.7582	0.1399	0.2308	0.6224	0.1838	0.1089	0.001	0.1289	0.2008	0.017	0.2338	0.026	0.3457	0.7493	0.5055	0.025	0.0549	0.0929	0.8531	0.8132	0.4565	0.7932	0.001	0.0609	0.8102	0.2927	0.7822	0.1029	0.6354	0.7912	0.5764	0.7822	0.6204	0.4875	0.7852	0.9291	0.001	0.5295	0.007	0.1419	0.3327	0.2517	0.7842	0.4136	0.046	0.002	0.0869	0.7852	0.1678	0.7542	0.026	0.1489	0.7672	0.003	0.5614	0.001	0.032	0.0769	0.6304	0.007	0.035	0.2008	0.7712	0.048	0.1449	0.0939	0.2927	0.3846	0.0529	0.6543	0.021	0.0829	0.1459	0.3007	0.036	0.969	0.1718
Sg_A07_40	0.8891	0.4436	0.8721	0.2917	0.8102	0.3477	0.8302	0.5744	0.3007	0.9311	0.1229	0.045	0.1319	0.7163	0.1289	0.1469	1	0.6474	0.2917	0.0849	0.2208	0.0779	0.3526	0.3636	0.2577	0.2238	0.2008	0.4535	0.02	0.035	0.983	0.4715	0.2997	0.5185	0.6004	0.1449	0.5704	0.001	0.3736	0.8851	0.0689	0.002	0.7413	0.027	0.4625	0.6194	0.958	0.9051	0.8911	0.0839	0.5055	0.3137	0.955	0.8232	0.6673	0.024	0.993	0.5954	0.957	0.7423	0.3437	0.5794	0.9271	0.8362	0.045	0.7922	0.1878	0.1668	0.5684	0.5055	0.1538	0.1359	0.7932	0.7253	0.2557	0.7792	0.2767	0.8372	0.9451	0.7682	0.3956	0.4775	0.3646	0.2488	0.0569	0.6134	0.3596	0.6054	0.02	0.7532	0.2817	0.1079	0.6404	0.2617	0.1798	0.8851	0.0529	0.1369	0.1728	0.7313	0.9071	0.9281	0.6144	0.1169	0.024	0.2258	0.6783	0.7502	0.6533	0.005	0.6503	0.0919	0.3317	0.3776	0.8402	0.001	0.0509	0.4466	0.1918	0.8981	0.7742	0.7353	0.989	0.2488	0.5495	0.5774	0.2268	0.6653	0.3616	0.0669	0.1578	0.4505	0.021	0.3177	0.0509	0.8102	0.1688	0.5265	0.2797	0.7792	0.3477	0.3107	0.0819	0.2238	0.7073	0.4595	0.4585	0.3706	0.2817	0.027	0.7433	0.8991	0.4306	0.0689	0.5115	0.5365	0.002	0.042	0.8701	0.001	0.018	0.5874	0.042	0.5584	0.4695	0.4076	0.9391	0.6044	0.7223	0.002	0.3686	0.0609	0.8372	0.6863	0.0869	0.4396	0.7552	0.0569	0.991	0.8531	0.5365	0.039	0.3666	0.2148	0.1548	0.8002	0.963	0.012	0.3117	0.4416	0.8971	0.8741	0.0759	0.2507	0.8821	0.0609	0.7003	0.5425	0.024	0.001	0.8761	0.3616	0.01	0.8941	0.9411	0.7383	0.964	0.4166	0.039	0.5165	0.0549	0.1379	0.4565	0.3506	0.0719	0.4006	0.1618	0.8921	0.8282	0.0899	0.2847	0.7413	0.977	0.3267	0.1399	0.4765	0.7802	0.3976	0.6344	0.8492	0.4386	0.003	0.0559	0.0729	0.9451	0.8741	0.2937	0.3407	0.019	0.5814	0.6573	0.0519	0.2587	0.2218	0.9001	0.8112	0.7892	0.5894	0.3656	0.8162	0.5455	0.0779	0.002	0.8472	0.05	0.6543	0.3786	0.4955	0.2577	0.3846	0.4925	0.025	0.984	0.6284	0.5135	0.8082	0.3806	0.5215	0.4615	0.7323	0.3137	0.2118	0.8581	0.966	0.2478	0.4436	0.6603	0.0939	0.034	0.7283	0.2008	0.2707	0.8232	0.001	0.5864	0.5495	0.6454	0.0759	0.7293	0.8252	0.5005	0.3097	0.972	0.0559	0.001	0.5934	0.6913	0.4186	0.5534	0.4515	0.1898	0.7453	0.8821	0.8172	0.3806	0.0819	0.3686	0.4036	0.1628	0.95	0.006	0.5115	0.6903	0.4945	0.7912	0.9201	0.3636	0.8372	0.3237	0.3776	0.8851	0.2867	0.7722	0.9371	0.5025	0.6194	0.5554	0.3686	0.7223	0.6613
Sg_A11_10	0.001	0.001	0.006	0.001	0.001	0.0609	0.003	0.5904	0.001	0.0849	0.001	0.2737	0.029	0.009	0.002	0.2537	0.6474	1	0.011	0.5644	0.03	0.039	0.004	0.1968	0.3177	0.3227	0.037	0.6044	0.0579	0.027	0.018	0.1429	0.001	0.001	0.1978	0.014	0.001	0.4176	0.047	0.8571	0.7512	0.7512	0.001	0.8112	0.001	0.001	0.0779	0.001	0.007	0.002	0.9491	0.003	0.2298	0.002	0.2328	0.1608	0.001	0.1069	0.0619	0.4406	0.9281	0.001	0.1399	0.001	0.0979	0.3077	0.02	0.001	0.001	0.013	0.7203	0.0749	0.003	0.001	0.9371	0.2268	0.046	0.01	0.6104	0.002	0.001	0.001	0.001	0.5375	0.3227	0.0809	0.0679	0.049	0.031	0.1988	0.047	0.3067	0.002	0.002	0.003	0.003	0.1429	0.3676	0.021	0.002	0.3586	0.001	0.4496	0.008	0.1688	0.2358	0.002	0.5804	0.001	0.1528	0.4735	0.1568	0.5485	0.001	0.0629	0.4466	0.002	0.001	0.007	0.4825	0.006	0.002	0.036	0.045	0.003	0.03	0.001	0.001	0.5215	0.001	0.8801	0.001	0.0599	0.001	0.8102	0.021	0.0849	0.5694	0.001	0.001	0.001	0.7712	0.001	0.008	0.007	0.023	0.049	0.7622	0.002	0.003	0.3556	0.042	0.015	0.4046	0.007	0.1419	0.004	0.3776	0.8292	0.1289	0.2827	0.1039	0.003	0.2997	0.024	0.3686	0.005	0.001	0.008	0.001	0.2697	0.012	0.001	0.018	0.5944	0.0629	0.001	0.7922	0.03	0.007	0.039	0.001	0.025	0.002	0.2138	0.006	0.001	0.5445	0.001	0.029	0.2927	0.3017	0.001	0.2048	0.001	0.0639	0.0719	0.001	0.042	0.4446	0.2168	0.001	0.9051	0.001	0.5504	0.001	0.9321	0.3377	0.001	0.001	0.973	0.021	0.004	0.001	0.1309	0.001	0.001	0.002	0.001	0.6424	0.1708	0.046	0.001	0.2078	0.4286	0.001	0.002	0.2038	0.001	0.001	0.3407	0.1878	0.973	0.001	0.002	0.001	0.4925	0.01	0.033	0.2168	0.01	0.001	0.001	0.005	0.8791	0.001	0.7742	0.018	0.001	0.001	0.006	0.001	0.2408	0.2258	0.2258	0.001	0.3127	0.028	0.004	0.0519	0.001	0.043	0.001	0.001	0.5664	0.001	0.4006	0.002	0.001	0.001	0.002	0.0929	0.982	0.4945	0.017	0.5495	0.3047	0.001	0.018	0.1339	0.001	0.001	0.0779	0.8022	0.001	0.1608	0.5564	0.019	0.3257	0.001	0.001	0.001	0.001	0.001	0.6214	0.001	0.001	0.5445	0.003	0.001	0.4346	0.001	0.5425	0.001	0.3097	0.004	0.001	0.001	0.0809	0.3437	0.0689	0.7083	0.002	0.1528	0.1988	0.3337	0.001	0.0869	0.001	0.001	0.001	0.001	0.001	0.001	0.3437	0.6324	0.039	0.001	0.4935	0.001
Sg_A11_12	0.5854	0.007	0.6484	0.037	0.954	0.9021	0.8991	0.8991	0.007	0.1588	0.026	0.0939	0.001	0.004	0.005	0.8302	0.2917	0.011	1	0.001	0.0759	0.4615	0.7283	0.043	0.7133	0.028	0.018	0.7023	0.6923	0.8462	0.2817	0.6114	0.8591	0.044	0.1359	0.5754	0.004	0.3906	0.2577	0.1059	0.027	0.6424	1	0.0659	0.0549	0.96	0.4715	0.8192	0.2298	0.6913	0.3247	0.1249	0.1528	0.6064	0.9191	0.2198	0.2498	0.1508	0.1459	0.0919	0.5225	0.4416	0.2078	0.1808	0.001	0.5694	0.2358	0.9461	0.2687	0.4426	0.6384	0.001	0.021	0.6553	0.3696	0.5564	0.5125	0.8362	0.043	0.5095	0.9421	0.3497	0.003	0.031	0.2328	0.3546	0.022	0.3856	0.1449	0.022	0.006	0.3726	0.1139	0.4885	0.5654	0.6763	0.4186	0.9191	0.956	0.9311	0.984	0.5634	0.9441	0.2817	0.6054	0.001	0.5714	0.969	0.8561	0.1618	0.4965	0.8871	0.0539	0.6204	0.5974	0.5055	0.9211	0.2517	0.6184	0.6643	0.7203	0.1199	0.7133	0.001	0.8212	0.019	0.1758	0.7692	0.4595	0.5704	0.4895	0.0829	0.4176	0.002	0.998	0.8911	0.001	0.974	0.007	0.2258	0.5345	0.992	0.1818	0.001	0.2478	0.4106	0.1578	0.7662	0.4805	0.001	0.2128	0.4545	0.018	0.0609	0.2458	0.966	0.2198	0.001	0.2537	0.5165	0.6843	0.001	0.014	0.95	0.3267	0.6084	0.2787	0.5355	0.2468	0.045	0.7413	0.001	0.4106	0.5544	0.0589	0.0759	0.3586	0.2008	0.962	0.8851	0.7862	0.5994	0.035	0.03	0.8611	0.2358	0.013	0.1918	0.002	0.001	0.6873	0.1868	0.7542	0.7093	0.007	0.2128	0.0889	0.04	0.001	0.6284	0.968	0.012	0.8242	0.8771	0.1758	0.7682	0.9461	0.5914	0.007	0.1668	0.0759	0.001	0.5265	0.016	0.001	0.021	0.023	0.4316	0.5564	0.1728	0.2517	0.7922	0.1109	0.4875	0.7173	0.6234	0.5604	0.1788	0.0519	0.3357	0.029	0.7832	0.8561	0.5694	0.8062	0.2188	0.3516	0.001	0.5674	0.3516	0.7443	0.4466	0.038	0.1219	0.6254	0.5335	0.4276	0.8042	0.7702	0.6384	0.036	0.6733	0.6693	0.4775	0.1628	0.0639	0.1918	0.5754	0.9391	0.3437	0.0599	0.1878	0.1738	0.001	0.1359	0.033	0.7962	0.041	0.4296	0.6923	0.8192	0.8701	0.0929	0.4835	0.001	0.7572	0.1538	0.1209	0.6763	0.3816	0.033	0.0579	0.4406	0.5055	0.024	0.5445	0.6214	0.001	0.4286	0.4835	0.027	0.3167	0.3327	0.7762	0.3896	0.001	0.2567	0.1998	0.2268	0.0549	0.015	0.0919	0.001	0.2787	0.0829	0.7752	0.042	0.2038	0.8482	0.1868	0.2398	0.9101	0.9061	0.7712	0.8102	0.1598	0.5005	0.6314	0.5005	0.038	0.004	0.1888	0.006	0.8561	0.6114	0.2008	0.7972	0.7502	0.4985	0.0839
Sg_A11_2	0.1948	0.8232	0.2448	0.6893	0.2897	0.3097	0.5824	0.8022	0.1528	0.014	0.2677	0.4845	0.001	0.5105	0.7103	0.4935	0.0849	0.5644	0.001	1	0.6364	0.8262	0.1009	0.003	0.961	0.0729	0.002	0.992	0.9401	0.9011	0.1469	0.1968	0.044	0.974	0.6703	0.9371	0.5954	0.7473	0.2428	0.012	0.1888	0.033	0.1948	0.002	0.7562	0.5075	0.6693	0.0689	0.7932	0.2787	0.0509	0.2008	0.1528	0.0779	0.6374	0.9251	0.5854	0.1449	0.4246	0.5235	0.9311	0.8192	0.6903	0.8531	0.001	0.4246	0.1459	0.1109	0.0839	0.2787	0.6713	0.001	0.2617	0.0889	0.05	0.8082	0.5195	0.2338	0.1119	0.3497	0.2158	0.4655	0.027	0.001	0.2018	0.8362	0.001	0.3127	0.4555	0.035	0.2258	0.5854	0.8891	0.6454	0.3516	0.5455	0.7742	0.0959	0.2777	0.1948	0.8432	0.1728	0.6603	0.6983	0.979	0.001	0.6414	0.962	0.2228	0.037	0.7063	0.2068	0.3906	0.2378	0.6723	0.9211	0.4296	0.2677	0.988	0.8082	0.031	0.8521	0.1698	0.001	0.2607	0.2108	0.9271	0.0789	0.9031	0.0919	0.6404	0.6633	0.0679	0.1189	0.5495	0.7493	0.001	0.6454	0.1059	0.4166	0.1349	0.4396	0.4835	0.001	0.3846	0.009	0.4545	0.5465	0.3886	0.001	0.8541	0.4645	0.1479	0.006	0.032	0.1618	0.2218	0.001	0.5365	0.3087	0.1758	0.042	0.5754	0.4106	0.5744	0.3217	0.8202	0.8442	0.3956	0.1758	0.5574	0.001	0.01	0.4196	0.1628	0.4006	0.043	0.5105	0.033	0.5674	0.5574	0.1479	0.1359	0.6454	0.7233	0.025	0.4466	0.1838	0.5844	0.01	0.964	0.2637	0.1738	0.1489	0.7093	0.8072	0.4675	0.9091	0.001	0.7423	0.3427	0.4835	0.1938	0.044	0.008	0.5734	0.5425	0.6164	0.028	0.7882	0.0639	0.001	0.9441	0.5465	0.001	0.6104	0.2617	0.5684	0.2987	0.024	0.3806	0.98	0.6394	0.9221	0.6364	0.1339	0.0989	0.6304	0.8282	0.9361	0.1678	0.6873	0.2338	0.1249	0.1728	0.2747	0.977	0.001	0.5884	0.4565	0.5245	0.4935	0.4865	0.8911	0.1249	0.1479	0.1099	0.2078	0.2248	0.1099	0.2468	0.3017	0.8671	0.6983	0.02	0.6034	0.1898	0.5964	0.4176	0.7413	0.9421	0.2288	0.8951	0.035	0.2238	0.5664	0.8472	0.6314	0.2078	0.0919	0.2428	0.4645	0.1139	0.8581	0.001	0.5465	0.5065	0.8182	0.03	0.2817	0.1958	0.7173	0.2128	0.7233	0.4975	0.5874	0.2398	0.001	0.3746	0.8881	0.3177	0.4196	0.3207	0.8641	0.8392	0.002	0.9281	0.7722	0.8851	0.5814	0.0659	0.6863	0.1169	0.3686	0.7133	0.5974	0.3996	0.5185	0.2607	0.2208	0.7912	0.2847	0.0629	0.3566	0.3417	0.8651	0.04	0.4106	0.0689	0.5974	0.2448	0.7493	0.1139	0.3506	0.973	0.1888	0.2917	0.2927	0.1808	0.3606
Sg_A11_47	0.0589	0.03	0.1249	0.2108	0.2228	0.007	0.1269	0.002	0.007	0.5295	0.1558	0.993	0.8761	0.1179	0.021	0.1119	0.2208	0.03	0.0759	0.6364	1	0.5045	0.7702	0.6723	0.0949	0.3367	0.5694	0.04	0.1868	0.7592	0.969	0.049	0.3437	0.027	0.001	0.4186	0.008	0.9161	0.0799	0.1269	0.017	0.7043	0.4625	0.027	0.03	0.002	0.014	0.5115	0.002	0.015	0.0979	0.0909	0.019	0.8711	0.016	0.5834	0.4845	0.009	0.5504	0.016	0.3506	0.2607	0.3457	0.7093	0.041	0.1449	0.7223	0.6973	0.1219	0.1808	0.6583	0.3776	0.001	0.1618	0.015	0.5045	0.022	0.982	0.0769	0.6094	0.013	0.4236	0.017	0.4755	0.7273	0.019	0.9061	0.978	0.047	0.8082	0.4835	0.006	0.037	0.01	0.1828	0.0889	0.1319	0.7073	0.01	0.031	0.009	0.1149	0.029	0.4096	0.6264	0.3307	0.001	0.0729	0.5754	0.001	0.002	0.4286	0.1049	0.6374	0.01	0.5914	0.97	0.3756	0.028	0.004	0.4486	0.4755	0.5425	0.041	0.1848	0.5375	0.044	0.8991	0.6973	0.965	0.1588	0.0589	0.5874	0.002	0.2348	0.8541	0.033	0.0589	0.016	0.5884	0.4066	0.988	0.05	0.034	0.1778	0.8501	0.04	0.3067	0.4276	0.1039	0.1339	0.003	0.2507	0.6603	0.5405	0.1339	0.7203	0.5305	0.4026	0.6713	0.2148	0.4925	0.3746	0.1978	0.003	0.968	0.9361	0.0889	0.001	0.006	0.5644	0.043	0.4955	0.017	0.3017	0.1059	0.6883	0.4296	0.038	0.2298	0.4775	0.007	0.7083	0.3606	0.6573	0.4496	0.1648	0.009	0.1019	0.2877	0.8651	0.0849	0.012	0.4815	0.008	0.011	0.0809	0.1239	0.1698	0.6903	0.3217	0.007	0.0809	0.0839	0.2927	0.02	0.8332	0.2418	0.035	0.2318	0.6553	0.1858	0.8022	0.003	0.2737	0.001	0.025	0.023	0.4096	0.2607	0.0759	0.5544	0.6993	0.2208	0.5764	0.6673	0.6424	0.1339	0.014	0.005	0.958	0.5255	0.5734	0.2418	0.2278	0.7343	0.02	0.2308	0.8282	0.013	0.001	0.012	0.007	0.2198	0.7932	0.7393	0.3217	0.004	0.999	0.981	0.044	0.9441	0.5405	0.2827	0.6893	0.04	0.0899	0.8102	0.4725	0.5215	0.04	0.6354	0.1528	0.0729	0.8152	0.0959	0.1089	0.1548	0.003	0.1469	0.4605	0.1668	0.5504	0.3916	0.0949	0.0809	0.2637	0.016	0.7213	0.019	0.7642	0.3676	0.006	0.9301	0.001	0.027	0.6663	0.8731	0.01	0.7443	0.002	0.6154	0.0949	0.0569	0.969	0.039	0.005	0.7622	0.0979	0.1738	0.1708	0.019	0.02	0.3856	0.1738	0.6284	0.3137	0.001	0.3956	0.05	0.956	0.1039	0.963	0.0539	0.009	0.037	0.0579	0.1319	0.8991	0.005	0.0549	0.1988	0.01	0.001	0.5125	0.0689	0.002	0.9261	0.7253	0.9201
Sg_A15_26	0.2757	0.022	0.02	0.021	0.004	0.2957	0.2787	0.0729	0.4266	0.024	0.024	0.2088	0.3337	0.9351	0.0609	0.4116	0.0779	0.039	0.4615	0.8262	0.5045	1	0.001	0.2478	0.0769	0.2957	0.0819	0.025	0.008	0.048	0.014	0.9011	0.001	0.045	0.5984	0.1399	0.5205	0.0609	0.5864	0.8611	0.5065	0.3167	0.008	0.019	0.3906	0.0739	0.2298	0.1129	0.5455	0.6094	0.2428	0.1449	0.6653	0.002	0.6953	0.3237	0.002	0.003	0.037	0.009	0.4895	0.1429	0.2258	0.011	0.8412	0.2637	0.973	0.8342	0.028	0.1209	0.005	0.8182	0.953	0.007	0.015	0.008	0.5574	0.013	0.045	0.1928	0.5724	0.5265	0.1349	0.5604	0.4476	0.4436	0.2448	0.014	0.4685	0.5564	0.014	0.1518	0.5674	0.3137	0.009	0.002	0.007	0.4056	0.5025	0.014	0.2707	0.028	0.023	0.0919	0.1538	0.8701	0.8402	0.8601	0.2088	0.0929	0.1998	0.6523	0.0799	0.1728	0.4945	0.2038	0.0719	0.0889	0.6494	0.3047	0.6204	0.5804	0.02	0.9201	0.6713	0.005	0.1558	0.035	0.1788	0.003	0.95	0.001	0.0719	0.4925	0.003	0.007	0.975	0.7612	0.7582	0.002	0.6823	0.4885	0.047	0.2957	0.7243	0.0669	0.958	0.2547	0.1299	0.1219	0.8541	0.8202	0.3037	0.2428	0.1309	0.0679	0.04	0.6494	0.2258	0.6513	0.7582	0.9471	0.6973	0.4995	0.5764	0.016	0.4805	0.2927	0.1439	0.1319	0.001	0.5295	0.047	0.2348	0.991	0.8072	0.0599	0.2358	0.0539	0.1039	0.9161	0.4066	0.2128	0.001	0.004	0.5365	0.1508	0.3267	0.0839	0.5634	0.003	0.003	0.1409	0.9031	0.5694	0.5784	0.8272	0.001	0.1948	0.2967	0.006	0.021	0.048	0.3556	0.3626	0.2448	0.5475	0.5754	0.9221	0.002	0.2288	0.4745	0.4845	0.1479	0.8422	0.3826	0.3736	0.0769	0.001	0.7812	0.5005	0.0629	0.0749	0.988	0.004	0.038	0.1608	0.6643	0.0659	0.6923	0.4056	0.7223	0.4655	0.029	0.021	0.0789	0.1658	0.6693	0.7343	0.0529	0.7782	0.2378	0.3007	0.4276	0.029	0.1369	0.6703	0.3347	1	0.008	0.001	0.036	0.1409	0.4905	0.026	0.2877	0.1379	0.021	0.041	0.2438	0.011	0.006	0.039	0.1608	0.8272	0.002	0.038	0.957	0.033	0.0729	0.019	0.4785	0.1668	0.002	0.1768	0.2378	0.7213	0.7982	0.1219	0.3946	0.001	0.1479	0.008	0.0999	0.9111	0.5125	0.3087	0.2408	0.4216	0.019	0.5784	0.003	0.3067	0.3277	0.1978	0.3706	0.5325	0.8881	0.4036	0.012	0.5245	0.004	0.036	0.002	0.03	0.3716	0.001	0.1738	0.2927	0.6154	0.1668	0.1778	0.004	0.0929	0.1978	0.8621	0.017	0.7083	0.3387	0.2418	0.2797	0.002	0.041	0.3536	0.8422	0.003	0.971	0.001	0.5345	0.002
Sg_A17_17	0.005	0.001	0.012	0.001	0.002	0.8611	0.0549	0.1229	0.1608	0.0709	0.003	0.032	0.6464	0.6314	0.012	0.1159	0.3526	0.004	0.7283	0.1009	0.7702	0.001	1	0.0539	0.002	0.04	0.1369	0.001	0.001	0.004	0.001	0.2018	0.001	0.001	0.8671	0.003	0.019	0.008	0.1349	0.2837	0.8252	0.1938	0.001	0.001	0.002	0.001	0.1758	0.001	0.3646	0.0909	0.1279	0.2557	0.6783	0.001	0.2837	0.3576	0.001	0.001	0.018	0.2138	0.7792	0.005	0.9071	0.001	0.4805	0.006	0.002	0.026	0.005	0.2308	0.001	0.6464	0.9331	0.001	0.001	0.001	0.2527	0.005	0.001	0.003	0.04	0.003	0.016	0.023	0.2118	0.3117	0.4026	0.002	0.7053	0.1588	0.001	0.0979	0.2478	0.0829	0.001	0.001	0.3576	0.6623	0.1718	0.001	0.016	0.009	0.001	0.8671	0.001	0.0739	0.6993	0.035	0.015	0.2258	0.1508	0.7722	0.4725	0.002	0.6474	0.037	0.009	0.001	0.3277	0.6224	0.001	0.001	0.001	0.5504	0.4955	0.001	0.2378	0.001	0.5365	0.002	0.4006	0.001	0.008	0.2418	0.1289	0.001	0.5634	0.1928	0.1938	0.001	0.001	0.5684	0.001	0.7642	0.9291	0.001	0.0869	0.3037	0.007	0.7942	0.5485	0.4176	0.039	0.024	0.001	0.007	0.032	0.5195	0.9251	0.989	0.4236	0.975	0.023	0.008	0.4386	0.024	0.007	0.024	0.6743	0.1279	0.001	0.8152	0.001	0.1399	0.2817	0.038	0.001	0.1688	0.001	0.02	0.955	0.01	0.027	0.001	0.001	0.007	0.001	0.007	0.001	0.5215	0.006	0.001	0.006	0.4585	0.3147	0.2338	0.1788	0.001	0.964	0.022	0.0819	0.001	0.011	0.1299	0.0689	0.005	0.4066	0.9341	0.1708	0.001	0.037	0.7243	0.8422	0.001	0.971	0.034	0.004	0.5185	0.001	0.0609	0.971	0.002	0.001	0.994	0.001	0.001	0.001	0.5335	0.008	0.5215	0.9161	0.0659	0.1528	0.001	0.003	0.001	0.018	0.5095	0.8042	0.5095	0.992	0.2178	0.005	0.2458	0.007	0.009	0.6324	0.3257	0.007	0.001	0.006	0.2008	0.002	0.2917	0.001	0.2348	0.1369	0.024	0.003	0.014	0.001	0.002	0.002	0.048	0.0799	0.001	0.1119	0.4176	0.012	0.001	0.001	0.01	0.001	0.002	0.983	0.3317	0.8202	0.3257	0.032	0.8731	0.001	0.01	0.006	0.016	0.4795	0.4965	0.012	0.5524	0.008	0.005	0.2308	0.001	0.046	0.009	0.011	0.2218	0.032	0.7103	0.1209	0.001	0.5624	0.001	0.035	0.001	0.001	0.004	0.001	0.007	0.01	0.1748	0.015	0.6294	0.001	0.032	0.4565	0.5125	0.001	0.7393	0.001	0.001	0.006	0.003	0.0949	0.1788	0.8112	0.001	0.0699	0.001	0.0769	0.001
Sg_A19_11	0.0809	0.027	0.004	0.0689	0.001	0.3137	0.002	0.2448	0.029	0.001	0.1109	0.0659	0.0509	0.2947	0.4535	0.0529	0.3636	0.1968	0.043	0.003	0.6723	0.2478	0.0539	1	0.4426	0.1159	0.001	0.962	0.032	0.2328	0.2707	0.1399	0.002	0.007	0.4096	0.1698	0.018	0.1508	0.008	0.027	0.046	0.6164	0.001	0.1998	0.0929	0.008	0.2018	0.001	0.1938	0.029	0.1319	0.0869	0.029	0.001	0.2398	0.6034	0.002	0.003	0.005	0.8781	0.2747	0.043	0.001	0.007	0.009	0.03	0.4985	0.001	0.001	0.005	0.019	0.045	0.6144	0.001	0.013	0.003	0.8182	0.001	0.3117	0.007	0.007	0.026	0.022	0.0939	0.4565	0.0999	0.001	0.001	0.8681	0.7493	0.6903	0.3477	0.9281	0.009	0.007	0.006	0.6254	0.0739	0.048	0.025	0.2058	0.001	0.4675	0.5415	0.042	0.008	0.1119	0.8432	0.004	0.6743	0.5984	0.6034	0.4386	0.007	0.0799	0.2927	0.019	0.001	0.1389	0.0859	0.001	0.7033	0.001	0.003	0.008	0.003	0.1918	0.001	0.0919	0.005	0.018	0.004	0.01	0.012	0.2857	0.002	0.002	0.2168	0.022	0.014	0.001	0.011	0.001	0.041	0.2937	0.001	0.2358	0.3237	0.001	0.2507	0.0559	0.029	0.0829	0.3207	0.011	0.004	0.3796	0.013	0.1618	0.7542	0.4136	0.023	0.0839	0.9481	0.1339	0.0589	0.0679	0.016	0.5804	0.2348	0.0729	0.028	0.001	0.018	0.1199	0.039	0.001	0.03	0.007	0.032	0.0999	0.016	0.2967	0.8392	0.009	0.006	0.013	0.1249	0.2138	0.048	0.004	0.022	0.002	0.001	0.013	0.6064	0.0819	0.004	0.05	0.1968	0.031	0.007	0.959	0.4925	0.1479	0.001	0.001	0.0709	0.9361	0.008	0.001	0.3177	0.2088	0.005	0.1039	0.033	0.046	0.0959	0.0829	0.6034	0.0579	0.005	0.008	0.998	0.001	0.001	0.001	0.0669	0.002	0.0689	0.001	0.3057	0.007	0.001	0.018	0.039	0.3766	0.032	0.1049	0.5115	0.0649	0.2797	0.003	0.7363	0.0869	0.001	0.004	0.043	0.004	0.003	0.7223	0.004	0.2078	0.3986	0.1798	0.972	0.5774	0.008	0.019	0.2478	0.002	0.007	0.0929	0.0679	0.002	0.019	0.1239	0.1868	0.019	0.005	0.001	0.9091	0.7163	0.006	0.036	0.009	0.1339	0.4565	0.001	0.002	0.0799	0.025	0.018	0.2997	0.1009	0.9261	0.4366	0.044	0.4296	0.003	0.02	0.011	0.007	0.3007	0.2078	0.9261	0.01	0.032	0.002	0.01	0.05	0.001	0.002	0.001	0.002	0.006	0.005	0.035	0.009	0.0919	0.0769	0.2278	0.001	0.4196	0.027	0.8022	0.003	0.036	0.001	0.004	0.4905	0.009	0.0839	0.011	0.015	0.006	0.0669	0.001	0.7233	0.008
Sg_A19_12	0.1269	0.029	0.8492	0.002	0.3137	0.2428	0.3506	0.009	0.8851	0.988	0.6993	0.004	0.1758	0.2128	0.3796	0.976	0.2577	0.3177	0.7133	0.961	0.0949	0.0769	0.002	0.4426	1	0.1958	0.7822	0.001	0.008	0.028	0.001	0.6254	0.001	0.1329	0.04	0.005	0.4955	0.006	0.9451	0.8651	0.3716	0.5465	0.001	0.014	0.3996	0.6144	0.006	0.1768	0.4915	0.042	0.036	0.8412	0.029	0.2717	0.5644	0.7872	0.001	0.025	0.1658	0.028	0.976	0.1029	0.9281	0.019	0.9041	0.013	0.4066	0.5455	0.2757	0.9411	0.001	0.3287	0.3736	0.4286	0.0649	0.007	0.0889	0.3676	0.0809	0.6474	0.2867	0.4695	0.4835	0.7353	0.3347	0.001	0.7952	0.0619	0.004	0.8132	0.006	0.035	0.5445	0.3576	0.039	0.6164	0.3886	0.0559	0.3137	0.4785	0.1558	0.6513	0.001	0.0839	0.001	0.8342	0.4905	0.1638	0.4945	0.1648	0.004	0.5964	0.1119	0.2168	0.048	0.018	0.5964	0.5684	0.4985	0.2517	0.1149	0.1838	0.2557	0.5924	0.047	0.013	0.8422	0.0749	0.5295	0.3766	0.1558	0.004	0.3926	0.8162	0.043	0.002	0.7443	0.7023	0.985	0.003	0.6224	0.6963	0.1409	0.4286	0.4036	0.0619	0.5485	0.1738	0.1668	0.3826	0.5455	0.0519	0.1958	0.6963	0.9151	0.6024	0.3407	0.4416	0.1718	0.0619	0.3177	0.4775	0.041	0.004	0.8871	0.9491	0.043	0.7812	0.021	0.9011	0.001	0.8462	0.8482	0.6853	0.1089	0.3217	0.003	0.4496	0.8222	0.0699	0.1279	0.6763	0.02	0.008	0.002	0.6304	0.9141	0.003	0.032	0.8212	0.008	0.005	0.7263	0.6833	0.2068	0.3696	0.5425	0.001	0.3656	0.003	0.3107	0.0869	0.3666	0.5095	0.8282	0.1369	0.7962	0.008	0.2378	0.002	0.1658	0.1558	0.0779	0.4076	0.1139	0.96	0.4416	0.4735	0.001	0.2368	0.032	0.05	0.3257	0.3806	0.001	0.018	0.2478	0.7962	0.5205	0.1489	0.1748	0.001	0.2617	0.3177	0.8232	0.018	0.3017	0.9321	0.1479	0.1598	0.1249	0.7852	0.3477	0.7802	0.1928	0.1219	0.1149	0.8152	0.6114	0.021	0.7203	0.5824	0.001	0.7982	0.1119	0.7173	0.5425	0.1728	0.027	0.3217	0.0549	0.0819	0.001	0.7932	0.5335	0.2408	0.008	0.2498	0.9281	0.2298	0.016	0.8561	0.013	0.001	0.3586	0.1319	0.95	0.5524	0.1998	0.8571	0.001	0.4675	0.017	0.009	0.5185	0.999	0.4496	0.2637	0.005	0.2228	0.8282	0.002	0.5844	0.004	0.003	0.7083	0.5714	0.5255	0.3586	0.015	0.1149	0.046	0.0699	0.002	0.015	0.4356	0.0669	0.5564	0.2198	0.6444	0.001	0.5175	0.0669	0.001	0.1738	0.4855	0.2767	0.5554	0.3796	0.4206	0.6174	0.0569	0.8701	0.7982	0.7133	0.001	0.7113	0.001	0.1369	0.0679
Sg_A19_18	0.4426	0.041	0.6444	0.049	0.6693	0.4555	0.2068	0.2847	0.1449	0.3047	0.9441	0.0869	0.018	0.3736	0.3037	0.1598	0.2238	0.3227	0.028	0.0729	0.3367	0.2957	0.04	0.1159	0.1958	1	0.1139	0.041	0.04	0.019	0.2058	0.6284	0.5325	0.005	0.5135	0.011	0.1518	0.0689	0.003	0.012	0.9291	0.0879	0.8691	0.2777	0.3247	0.2877	0.981	0.5045	0.0549	0.96	0.0539	0.1788	0.7732	0.4376	0.967	0.993	0.0739	0.5305	0.8821	0.7323	0.1239	0.8302	0.1888	0.3526	0.009	0.1229	0.3267	0.003	0.8571	0.0609	0.995	0.0899	0.8202	0.5225	0.8222	0.2138	0.3037	0.8152	0.2847	0.1079	0.1918	0.4226	0.1099	0.7792	0.4436	0.5904	0.027	0.0839	0.1548	0.031	0.001	0.8991	0.047	0.0629	0.1568	0.0769	0.0909	0.0909	0.3227	0.009	0.1429	0.0959	0.029	0.2018	0.029	0.2268	0.8222	0.0719	0.0649	0.03	0.9481	0.4036	0.5694	0.1818	0.2448	0.014	0.7093	0.7443	0.8152	0.8591	0.01	0.021	0.8352	0.022	0.0789	0.7662	0.2607	0.5295	0.004	0.3536	0.0999	0.046	0.5275	0.7952	0.01	0.5724	0.0639	0.6653	0.7922	0.0779	0.4995	0.027	0.0729	0.038	0.049	0.8711	0.4855	0.8981	0.6833	0.028	0.2657	0.7013	0.3556	0.6234	0.6264	0.5554	0.022	0.1159	0.001	0.015	0.8272	0.1788	0.6314	0.5235	0.8182	0.6224	0.3596	0.3217	0.8611	0.2707	0.963	0.1259	0.4396	0.1938	0.007	0.9141	0.3846	0.002	0.1119	0.0509	0.5215	0.5395	0.5804	0.4525	0.8442	0.6563	0.4466	0.7463	0.001	0.029	0.5275	0.2498	0.2258	0.0539	0.4446	0.7742	0.7423	0.017	0.008	0.1169	0.969	0.022	0.3686	0.0819	0.047	0.6763	0.4166	0.1598	0.006	0.045	0.1369	0.008	0.1668	0.018	0.044	0.2857	0.026	0.1528	0.1419	0.3147	0.032	0.5365	0.5295	0.3167	0.985	0.4825	0.2248	0.4216	0.8242	0.8501	0.5654	0.009	0.1179	0.3956	0.0799	0.2258	0.1439	0.017	0.003	0.7902	0.8422	0.4555	0.6703	0.0639	0.8272	0.5744	0.0569	0.7592	0.036	0.7662	0.0899	0.6973	0.004	0.2108	0.5355	0.1139	0.0949	0.2547	0.0679	0.0569	0.0719	0.959	0.2687	0.1658	0.1499	0.1199	0.3447	0.5544	0.1688	0.2887	0.955	0.4885	0.6154	0.4675	0.036	0.7413	0.4895	0.7423	0.955	0.2268	0.002	0.8092	0.5455	0.028	0.2278	0.4605	0.2118	0.045	0.2597	0.2498	0.5175	0.007	0.1618	0.03	0.037	0.4386	0.1978	0.3197	0.6503	0.013	0.1668	0.1099	0.2827	0.0949	0.7692	0.9441	0.015	0.5714	0.1538	0.0619	0.1159	0.03	0.4545	0.4515	0.6803	0.5285	0.048	0.5934	0.2108	0.1259	0.0679	0.1678	0.5654	0.4446	0.041	0.9091	0.1459	0.0719	0.1838	0.0619
Sg_A19_36	0.008	0.035	0.002	0.0599	0.003	0.0979	0.001	0.1019	0.044	0.001	0.2637	0.1449	0.001	0.2158	0.1568	0.028	0.2008	0.037	0.018	0.002	0.5694	0.0819	0.1369	0.001	0.7822	0.1139	1	0.5574	0.1289	0.3736	0.7872	0.04	0.001	0.002	0.9261	0.1199	0.017	0.7862	0.001	0.001	0.032	0.1708	0.009	0.3077	0.2438	0.004	0.4206	0.002	0.2038	0.01	0.022	0.01	0.001	0.001	0.011	0.5904	0.004	0.007	0.027	0.6434	0.0609	0.002	0.001	0.001	0.004	0.1718	0.6553	0.001	0.001	0.001	0.039	0.001	0.4505	0.001	0.0909	0.021	0.5275	0.001	0.0539	0.029	0.001	0.0619	0.1608	0.2278	0.7722	0.1379	0.001	0.004	0.5035	0.3047	0.3267	0.6753	0.8881	0.001	0.008	0.001	0.7123	0.1718	0.003	0.002	0.1499	0.002	0.9191	0.2927	0.3566	0.001	0.009	0.5584	0.007	0.979	0.6374	0.5584	0.1129	0.004	0.0639	0.995	0.033	0.001	0.001	0.019	0.001	0.1838	0.001	0.006	0.03	0.002	0.042	0.001	0.6623	0.001	0.2348	0.002	0.001	0.0729	0.6573	0.012	0.001	0.039	0.6034	0.028	0.001	0.004	0.001	0.025	0.4855	0.001	0.047	0.0669	0.001	0.0869	0.028	0.001	0.0549	0.8012	0.004	0.001	0.3786	0.001	0.2827	0.3457	0.958	0.013	0.3017	0.3746	0.019	0.01	0.1009	0.1029	0.1349	0.8891	0.2907	0.001	0.001	0.002	0.1429	0.013	0.005	0.1179	0.001	0.004	0.1868	0.006	0.2428	0.4875	0.0909	0.002	0.009	0.2478	0.0969	0.013	0.002	0.017	0.001	0.001	0.006	0.6454	0.022	0.002	0.005	0.9011	0.005	0.043	0.5694	0.008	0.0519	0.001	0.04	0.3187	0.2887	0.004	0.013	0.009	0.1319	0.048	0.04	0.0619	0.1558	0.002	0.0929	0.8442	0.2368	0.1329	0.009	0.4815	0.05	0.007	0.001	0.022	0.008	0.037	0.001	0.5365	0.0879	0.001	0.003	0.015	0.3976	0.009	0.0539	0.5305	0.002	0.002	0.0589	0.5085	0.1219	0.001	0.2837	0.001	0.004	0.001	0.6573	0.001	0.7053	0.5315	0.032	0.962	0.037	0.015	0.009	0.0959	0.003	0.033	0.2148	0.1389	0.003	0.035	0.1878	0.1139	0.002	0.001	0.002	0.7872	0.3477	0.049	0.01	0.017	0.037	0.0869	0.003	0.002	0.1508	0.0909	0.2258	0.8462	0.031	0.5425	0.2757	0.001	0.1329	0.003	0.019	0.018	0.002	0.3337	0.974	0.968	0.001	0.3956	0.002	0.045	0.013	0.007	0.032	0.001	0.003	0.1399	0.0639	0.005	0.031	0.008	0.2218	0.3067	0.001	0.5714	0.002	0.2438	0.001	0.038	0.008	0.006	0.1189	0.02	0.1319	0.001	0.001	0.1279	0.003	0.005	0.6633	0.033
Sg_A19_51	0.0999	0.0719	0.8551	0.013	0.0619	0.0949	0.9161	0.001	0.8871	0.1978	0.5365	0.0559	0.2777	0.2797	0.3387	0.0709	0.4535	0.6044	0.7023	0.992	0.04	0.025	0.001	0.962	0.001	0.041	0.5574	1	0.1688	0.0899	0.001	0.0969	0.001	0.3047	0.027	0.1199	0.7912	0.015	0.4775	0.024	0.957	0.3756	0.001	0.001	0.6943	0.9251	0.001	0.0699	0.98	0.4795	0.006	0.3177	0.6833	0.038	0.012	1	0.001	0.001	0.021	0.015	0.0509	0.026	0.0859	0.0619	0.7802	0.002	0.4436	0.6963	0.2058	0.5295	0.002	0.1648	0.1099	0.1249	0.021	0.2458	0.6783	0.2068	0.009	0.0959	0.5604	0.1319	0.968	0.0939	0.4675	0.002	0.6793	0.001	0.1229	0.2268	0.001	0.001	0.6204	0.2577	0.1578	0.036	0.5215	0.1968	0.3716	0.3247	0.001	0.3097	0.001	0.0729	0.01	0.7113	0.046	0.001	0.9271	0.003	0.001	0.5964	0.004	0.0789	0.1409	0.0609	0.013	0.038	0.0929	0.022	0.039	0.049	0.1748	0.6304	0.3626	0.022	0.6014	0.007	0.005	0.0849	0.2328	0.006	0.4685	0.0569	0.005	0.044	0.5125	0.004	0.7133	0.001	0.1578	0.3906	0.3846	0.8382	0.6414	0.039	0.6873	0.0819	0.9171	0.5155	0.2298	0.011	0.2637	0.1758	0.5564	0.3746	0.0679	0.7622	0.2937	0.3217	0.031	0.6753	0.1229	0.003	0.964	0.7203	0.3706	0.9111	0.001	0.2388	0.002	0.7073	0.3506	0.6893	0.001	0.8561	0.0759	0.03	0.0609	0.3007	0.2158	0.4386	0.2647	0.018	0.008	0.0729	0.2557	0.002	0.01	0.995	0.2478	0.001	0.5405	0.4505	0.1558	0.2298	0.6354	0.002	0.8432	0.016	0.0899	0.0999	0.041	0.5475	0.047	0.6424	0.8482	0.1998	0.7093	0.019	0.2168	0.8541	0.9061	0.4715	0.8332	0.1568	0.7742	0.5335	0.001	0.022	0.2108	0.015	0.1429	0.8462	0.002	0.004	0.0969	0.2827	0.7992	0.0869	0.2078	0.4036	0.6224	0.1738	0.1778	0.014	0.026	0.8272	0.0829	0.4316	0.0609	0.7502	0.7183	0.6444	0.004	0.3127	0.951	0.3407	0.1968	0.008	0.8072	0.1139	0.027	0.8412	0.014	0.0529	0.2977	0.006	0.0769	0.006	0.0859	0.001	0.001	0.6004	0.959	0.2058	0.4935	0.6933	0.8901	0.0569	0.002	0.1658	0.004	0.024	0.7642	0.6593	0.1119	0.6553	0.2597	0.2338	0.001	0.7433	0.003	0.005	0.019	0.2418	0.031	0.3257	0.001	0.004	0.046	0.001	0.3337	0.1828	0.03	0.8601	0.8651	0.046	0.8092	0.007	0.3976	0.034	0.014	0.001	0.01	0.1289	0.003	0.8112	0.006	0.1009	0.0859	0.3526	0.009	0.001	0.2118	0.4326	0.1129	0.7642	0.008	0.973	0.1089	0.047	0.3477	0.1708	0.0679	0.001	0.3906	0.001	0.001	0.003
Sg_A20_2	0.0729	0.001	0.009	0.001	0.001	0.1369	0.003	0.8082	0.001	0.027	0.004	0.001	0.7762	0.05	0.002	0.2348	0.02	0.0579	0.6923	0.9401	0.1868	0.008	0.001	0.032	0.008	0.04	0.1289	0.1688	1	0.001	0.012	0.3626	0.001	0.001	0.988	0.001	0.001	0.001	0.2448	0.2168	0.02	0.2078	0.007	0.5964	0.001	0.001	0.7742	0.01	0.001	0.002	0.955	0.034	0.003	0.003	0.027	0.3127	0.002	0.0509	0.1099	0.5614	0.1648	0.036	0.002	0.001	0.6494	0.8362	0.3307	0.2288	0.001	0.002	0.021	0.8172	0.3337	0.003	0.5125	0.039	0.038	0.017	0.9211	0.049	0.002	0.6923	0.001	0.045	0.003	0.977	0.1009	0.001	0.3906	0.2647	0.03	0.7473	0.969	0.001	0.001	0.001	0.3297	0.0789	0.002	0.001	0.7313	0.002	0.005	0.7942	0.001	0.7153	0.001	0.3826	0.008	0.1518	0.5864	0.2038	0.1169	0.012	0.014	0.001	0.0889	0.022	0.008	0.012	0.049	0.8841	0.029	0.9451	0.6264	0.002	0.1379	0.009	0.1928	0.041	0.4306	0.001	0.025	0.009	0.004	0.044	0.8472	0.032	0.007	0.001	0.2138	0.0709	0.001	0.8641	0.04	0.04	0.009	0.039	0.001	0.2488	0.049	0.003	0.002	0.7532	0.0599	0.002	0.003	0.8811	0.5325	0.001	0.5335	0.5944	0.001	0.8861	0.047	0.0829	0.036	0.03	0.2717	0.002	0.004	0.8901	0.046	0.004	0.8531	0.021	0.027	0.992	0.01	0.001	0.6024	0.1708	0.002	0.1848	0.011	0.6014	0.035	0.8681	0.004	0.9031	0.001	0.002	0.003	0.044	0.011	0.7702	0.035	0.001	0.4016	0.001	0.044	0.001	0.7962	0.0719	0.1379	0.001	0.5794	0.3247	0.01	0.001	0.0509	0.2278	0.6354	0.001	0.2777	0.002	0.001	0.003	0.001	0.1638	0.1888	0.2248	0.005	0.7582	0.009	0.0759	0.3357	0.1269	0.025	0.001	0.3417	0.001	0.2068	0.037	0.024	0.001	0.6823	0.961	0.4785	0.8362	0.005	0.021	0.001	0.031	0.952	0.001	0.4076	0.001	0.5884	0.012	0.1209	0.9011	0.001	0.001	0.2907	0.5025	0.1489	0.001	0.001	0.0789	0.001	0.1139	0.009	0.026	0.006	0.001	0.2807	0.023	0.001	0.007	0.001	0.2657	0.6194	0.0949	0.8212	0.8771	0.1299	0.1239	0.0719	0.001	0.001	0.1429	0.2637	0.001	0.002	0.018	0.4955	0.7682	0.8631	0.001	0.002	0.001	0.008	0.002	0.001	0.0699	0.001	0.5045	0.01	0.001	0.017	0.001	0.1459	0.001	0.005	0.001	0.001	0.001	0.043	0.046	0.001	0.981	0.001	0.4995	0.003	0.013	0.002	0.019	0.1778	0.002	0.4935	0.001	0.02	0.001	0.1409	0.03	0.002	0.001	0.1808	0.002
Sg_A20_35	0.0759	0.017	0.005	0.001	0.001	0.8462	0.003	0.1169	0.005	0.0679	0.0639	0.001	0.8342	0.1309	0.0789	0.0719	0.035	0.027	0.8462	0.9011	0.7592	0.048	0.004	0.2328	0.028	0.019	0.3736	0.0899	0.001	1	0.005	0.1998	0.021	0.001	0.5475	0.001	0.006	0.001	0.1439	0.7483	0.05	0.006	0.002	0.2807	0.002	0.0579	0.045	0.004	0.6553	0.0839	0.0549	0.0509	0.1119	0.025	0.7602	0.5275	0.003	0.001	0.039	0.3117	0.8472	0.005	0.1938	0.002	0.8422	0.022	0.8771	0.035	0.003	0.001	0.005	0.7113	0.2987	0.007	0.7063	0.021	0.005	0.041	0.2847	0.011	0.039	0.0579	0.002	0.0649	0.2388	0.7642	0.2218	0.001	0.979	0.7083	0.1628	0.959	0.2527	0.016	0.001	0.001	0.6643	0.0859	0.4136	0.003	0.1199	0.3956	0.003	0.6773	0.001	0.3836	0.3686	0.017	0.008	0.4825	0.1159	0.031	0.3107	0.005	0.8591	0.001	0.0679	0.032	0.8022	0.8541	0.008	0.6613	0.0539	0.4366	0.3726	0.002	0.5634	0.001	0.6583	0.031	0.1938	0.001	0.032	0.1808	0.0679	0.006	0.7013	0.8142	0.016	0.002	0.1748	0.3866	0.001	0.9161	0.031	0.2068	0.0579	0.3387	0.034	0.7023	0.4745	0.4945	0.016	0.2767	0.3077	0.2607	0.001	0.5544	0.4136	0.001	0.1419	0.2557	0.001	0.009	0.4376	0.5654	0.1049	0.026	0.3107	0.006	0.001	0.8981	0.6923	0.1678	0.9001	0.4026	0.007	0.7972	0.1429	0.001	0.7582	0.8871	0.0669	0.5844	0.001	0.1848	0.016	0.1369	0.047	0.97	0.03	0.004	0.3806	0.2138	0.2338	0.6254	0.3467	0.001	0.962	0.001	0.3886	0.002	0.3387	0.0749	0.8092	0.008	0.4575	0.3876	0.5744	0.001	0.027	0.5754	0.4935	0.001	0.7123	0.014	0.001	0.0549	0.001	0.3716	0.5155	0.6154	0.001	0.7962	0.002	0.012	0.1079	0.7612	0.3946	0.0969	0.9321	0.001	0.2557	0.009	0.2717	0.002	0.9371	0.7532	0.4346	0.3626	0.5854	0.8312	0.007	0.3986	0.7922	0.002	0.7542	0.4645	0.2657	0.01	0.9471	0.5055	0.001	0.1179	0.1049	0.1728	0.1798	0.031	0.001	0.025	0.001	0.2627	0.001	0.0899	0.047	0.014	0.1079	0.011	0.015	0.005	0.002	0.2418	0.036	0.01	0.9361	0.5724	0.6054	0.1818	0.4745	0.0619	0.001	0.2368	0.004	0.001	0.032	0.8841	0.7572	0.99	0.1698	0.004	0.0579	0.001	0.038	0.002	0.001	0.1189	0.001	0.4286	0.0619	0.001	0.03	0.003	0.008	0.001	0.005	0.008	0.001	0.0719	0.006	0.9091	0.001	0.991	0.001	0.2787	0.3437	0.009	0.032	0.012	0.2258	0.008	0.3606	0.001	0.2677	0.0829	0.6763	0.002	0.1978	0.003	0.2787	0.005
Sg_A22_19	0.001	0.001	0.0629	0.001	0.004	0.2408	0.3047	0.048	0.3247	0.0559	0.001	0.027	0.1039	0.4585	0.0739	0.6693	0.983	0.018	0.2817	0.1469	0.969	0.014	0.001	0.2707	0.001	0.2058	0.7872	0.001	0.012	0.005	1	0.3187	0.001	0.001	0.2607	0.006	0.009	0.028	0.1159	0.1189	0.995	0.0529	0.001	0.001	0.015	0.1119	0.004	0.001	0.6464	0.2507	0.2937	0.8352	0.7842	0.01	0.0709	0.1638	0.001	0.001	0.013	0.7403	0.1908	0.006	0.2977	0.005	0.5095	0.002	0.001	0.018	0.038	0.4006	0.015	0.7253	0.3576	0.001	0.044	0.013	0.4575	0.027	0.039	0.014	0.5584	0.009	0.017	0.2438	0.8412	0.034	0.5914	0.035	0.8561	0.017	0.001	0.3836	0.4156	0.4535	0.006	0.044	0.6803	0.4456	0.5345	0.005	0.035	0.1399	0.001	0.4426	0.001	0.2088	0.8152	0.1139	0.007	0.0839	0.007	0.8631	0.038	0.002	0.5804	0.0629	0.014	0.001	0.3966	0.3926	0.001	0.002	0.027	0.8402	0.5774	0.001	0.0669	0.001	0.7872	0.001	0.0559	0.001	0.013	0.2008	0.3666	0.001	0.8901	0.0549	0.03	0.001	0.001	0.8841	0.016	0.979	0.7862	0.002	0.5894	0.4436	0.0679	0.7053	0.6993	0.0749	0.1828	0.027	0.016	0.0999	0.019	0.8611	0.7502	0.5465	0.4416	0.3876	0.001	0.002	0.4226	0.0899	0.006	0.021	0.4306	0.1828	0.004	0.6034	0.015	0.7383	0.004	0.2038	0.001	0.2757	0.001	0.1069	0.8821	0.02	0.1668	0.001	0.002	0.007	0.002	0.003	0.001	0.0839	0.0769	0.002	0.0679	0.6663	0.1149	0.1039	0.7333	0.001	0.7652	0.033	0.3217	0.001	0.023	0.1419	0.0729	0.022	0.4825	0.3606	0.4006	0.001	0.2867	0.955	0.3806	0.002	0.954	0.028	0.013	0.4965	0.001	0.3007	0.4935	0.046	0.002	0.5794	0.001	0.001	0.001	0.7762	0.006	0.2927	0.9161	0.1808	0.026	0.002	0.004	0.002	0.1259	0.1688	0.4216	0.2917	0.2058	0.4625	0.004	0.4186	0.1389	0.012	0.3317	0.9191	0.012	0.001	0.1369	0.4496	0.025	0.3457	0.002	0.1558	0.5265	0.0739	0.006	0.1399	0.001	0.001	0.001	0.017	0.2358	0.001	0.1828	0.3626	0.1139	0.001	0.001	0.027	0.007	0.012	0.8182	0.8072	0.4246	0.1469	0.009	0.968	0.001	0.009	0.002	0.017	0.8432	0.6983	0.2268	0.1409	0.005	0.0539	0.1788	0.001	0.048	0.03	0.038	0.1708	0.017	0.5694	0.4895	0.001	0.6673	0.001	0.036	0.001	0.036	0.005	0.001	0.011	0.0769	0.0679	0.0879	0.9091	0.001	0.1728	0.6164	0.5395	0.003	0.2867	0.001	0.005	0.002	0.028	0.012	0.98	0.4096	0.002	0.2917	0.001	0.2208	0.001
Sg_A22_22	0.0569	0.1389	0.2527	0.4486	0.8322	0.2438	0.1359	0.015	0.6883	0.8262	0.009	0.031	0.3876	0.0629	0.9401	0.8711	0.4715	0.1429	0.6114	0.1968	0.049	0.9011	0.2018	0.1399	0.6254	0.6284	0.04	0.0969	0.3626	0.1998	0.3187	1	0.8322	0.0609	0.0519	0.1119	0.2398	0.2058	0.2787	0.7433	0.7682	0.4166	0.3756	0.2108	0.3856	0.036	0.002	0.0599	0.0849	0.4166	0.0899	0.1039	0.7023	0.9041	0.3277	0.0729	0.0699	0.9061	0.7133	0.02	0.8771	0.5225	0.5624	0.6054	0.995	0.9271	0.009	0.0629	0.4775	0.3157	0.3966	0.3576	0.8162	0.048	0.7592	0.4346	0.042	0.9251	0.9131	0.6783	0.0779	0.0589	0.6623	0.2048	0.3017	0.006	0.3217	0.7992	0.1169	0.3726	0.5125	0.3686	0.1049	0.045	0.5954	0.4396	0.0979	0.028	0.1638	0.0749	0.0799	0.1828	0.1928	0.3197	0.2627	0.9441	0.2438	0.018	0.2717	0.033	0.1249	0.048	0.7732	0.2028	0.048	0.0919	0.1798	0.0749	0.1658	0.1908	0.1658	0.0579	0.7842	0.3896	0.2088	0.6613	0.001	0.3407	0.4825	0.3946	0.4705	0.2048	0.9371	0.006	0.4595	0.9021	0.6593	0.6743	0.2038	0.9321	0.0669	0.8661	0.6164	0.4795	0.7073	0.4346	0.1648	0.1848	0.2607	0.5225	0.4166	0.2058	0.6803	0.997	0.1668	0.2867	0.8112	0.8252	0.6933	0.0619	0.4306	0.1548	0.987	0.4925	0.04	0.1738	0.4036	0.1668	0.009	0.2997	0.2008	0.8162	0.1668	0.1948	0.3477	0.3856	0.4286	0.1279	0.021	0.8122	0.3576	0.0529	0.4246	0.4815	0.3117	0.2238	0.0689	0.4995	0.044	0.1678	0.4895	0.1489	0.05	0.1928	0.004	0.001	0.4825	0.2128	0.3996	0.1179	0.034	0.3127	0.7383	0.0699	0.4735	0.0779	0.6464	0.026	0.0849	0.7283	0.7502	0.1548	0.2128	0.1928	0.971	0.039	0.4515	0.2178	0.8332	0.7972	0.4066	0.6214	0.2757	0.0729	0.9361	0.2677	0.005	0.2388	0.1099	0.4376	0.4505	0.2478	0.5764	0.047	0.04	0.2008	0.7153	0.1718	0.006	0.0729	0.1209	0.3487	0.1259	0.5934	0.6454	0.8252	0.4555	0.8621	0.033	0.036	0.3876	0.0849	0.0829	0.2138	0.4995	0.4955	0.025	0.7572	0.8781	0.6054	0.2318	0.3177	0.3277	0.0959	0.8102	0.0569	0.042	0.1499	0.3327	0.1528	1	0.032	0.9141	0.7672	0.6983	0.5784	0.4496	0.5924	0.8761	0.3596	0.4925	0.007	0.5265	0.3267	0.5974	0.7403	0.7722	0.3047	0.1648	0.6633	0.0949	0.5734	0.1838	0.1708	0.0859	0.4256	0.0859	0.4396	0.1578	0.8641	0.4905	0.2957	0.1968	0.3337	0.2817	0.5704	0.983	0.041	0.5035	0.7383	0.0749	0.3067	0.3117	0.003	0.2547	0.5145	0.1419	0.7722	0.025	0.1568	0.0569	0.8132	0.011	0.1608	0.5065	0.7103	0.0739	0.3087	0.8492	0.5804
Sg_A22_3	0.001	0.001	0.001	0.001	0.001	0.2028	0.001	0.014	0.025	0.001	0.002	0.0509	0.9231	0.7333	0.1069	0.6803	0.2997	0.001	0.8591	0.044	0.3437	0.001	0.001	0.002	0.001	0.5325	0.001	0.001	0.001	0.021	0.001	0.8322	1	0.001	0.0849	0.01	0.003	0.0519	0.003	0.7423	0.7732	0.6613	0.001	0.003	0.005	0.1019	0.1189	0.001	0.988	0.023	0.8721	0.0649	0.6823	0.001	0.4466	0.2028	0.001	0.001	0.001	0.1978	0.9151	0.001	0.1479	0.001	0.0519	0.001	0.1059	0.001	0.001	0.006	0.005	0.3047	0.5335	0.001	0.001	0.002	0.8192	0.001	0.002	0.001	0.048	0.001	0.021	0.1289	0.8132	0.8581	0.001	0.001	0.6474	0.6673	0.042	0.1099	0.7712	0.1199	0.002	0.001	0.962	0.1209	0.0759	0.003	0.5235	0.001	0.001	0.8232	0.003	0.2198	0.2777	0.6264	0.001	0.004	0.039	0.3327	0.2777	0.001	0.8871	0.3287	0.001	0.001	0.1648	0.9201	0.001	0.1349	0.001	0.1578	0.038	0.001	0.007	0.001	0.9091	0.001	0.015	0.001	0.001	0.034	0.0859	0.002	0.0959	0.5265	0.021	0.001	0.001	0.017	0.002	0.5095	0.035	0.001	0.4555	0.6833	0.001	0.8631	0.2048	0.7363	0.005	0.1079	0.006	0.003	0.03	0.1069	0.1059	0.1518	0.0619	0.5345	0.042	0.0609	0.1618	0.1129	0.001	0.005	0.2737	0.5075	0.002	0.8032	0.001	0.3417	0.0799	0.033	0.001	0.4935	0.001	0.002	0.4905	0.006	0.1109	0.001	0.002	0.003	0.001	0.002	0.001	0.9121	0.003	0.001	0.001	0.002	0.001	0.6743	0.1259	0.001	0.3037	0.0799	0.1988	0.001	0.1499	0.0599	0.014	0.002	0.038	0.3167	0.6753	0.001	0.4256	0.6034	0.03	0.004	0.5365	0.047	0.04	0.0599	0.001	0.1548	0.1189	0.01	0.001	0.6893	0.001	0.001	0.001	0.3147	0.002	0.023	0.024	0.4006	0.039	0.001	0.001	0.001	0.004	0.8372	0.0549	0.4116	0.7742	0.0599	0.001	0.6763	0.0629	0.001	0.019	0.1439	0.001	0.001	0.1239	0.002	0.1688	0.2238	0.003	0.9201	0.01	0.001	0.009	0.2777	0.001	0.001	0.001	0.026	0.002	0.001	0.05	0.011	0.027	0.001	0.001	0.4416	0.009	0.006	0.5684	0.8781	0.5335	0.002	0.002	0.049	0.001	0.002	0.001	0.3776	0.5964	0.7552	0.4935	0.961	0.2258	0.001	0.2048	0.001	0.001	0.038	0.1798	0.0969	0.007	0.2478	0.008	0.001	0.6733	0.001	0.001	0.001	0.001	0.001	0.001	0.002	0.031	0.3896	0.042	0.7053	0.001	0.5504	0.6084	0.6843	0.001	0.0809	0.001	0.001	0.2098	0.001	0.027	0.1109	0.0719	0.001	0.1399	0.001	0.5275	0.001
Sg_A22_8	0.001	0.001	0.001	0.001	0.001	0.019	0.001	0.1449	0.001	0.012	0.001	0.007	0.1449	0.001	0.001	0.1009	0.5185	0.001	0.044	0.974	0.027	0.045	0.001	0.007	0.1329	0.005	0.002	0.3047	0.001	0.001	0.001	0.0609	0.001	1	0.1479	0.001	0.001	0.045	0.001	0.9121	0.1189	0.1409	0.001	0.5045	0.001	0.001	0.0789	0.001	0.001	0.001	0.987	0.003	0.001	0.001	0.0659	0.2358	0.001	0.038	0.0599	0.1449	0.3357	0.001	0.042	0.001	0.3327	0.2597	0.002	0.001	0.001	0.001	0.0869	0.3337	0.02	0.001	0.2787	0.0639	0.025	0.001	0.5734	0.001	0.001	0.001	0.001	0.6104	0.1099	0.05	0.01	0.001	0.004	0.007	0.002	0.3267	0.002	0.001	0.001	0.001	0.049	0.046	0.001	0.001	0.6663	0.001	0.1618	0.003	0.002	0.7552	0.001	0.3996	0.001	0.044	0.2807	0.3367	0.5065	0.001	0.001	0.025	0.001	0.001	0.012	0.023	0.002	0.001	0.001	0.0919	0.002	0.002	0.001	0.001	0.8362	0.001	0.4805	0.001	0.009	0.001	0.6753	0.001	0.2288	0.2897	0.001	0.001	0.001	0.1479	0.001	0.1259	0.005	0.001	0.001	0.034	0.001	0.1239	0.04	0.008	0.002	0.6434	0.001	0.001	0.001	0.7043	0.8661	0.8062	0.1938	0.2088	0.001	0.3417	0.003	0.005	0.009	0.001	0.002	0.001	0.1009	0.2208	0.001	0.001	0.3986	0.001	0.001	0.3377	0.001	0.001	0.049	0.001	0.013	0.026	0.004	0.001	0.001	0.8991	0.001	0.024	0.03	0.039	0.001	0.015	0.001	0.024	0.003	0.001	0.2607	0.048	0.009	0.001	0.2058	0.002	0.5934	0.001	0.4236	0.8791	0.001	0.001	0.3536	0.0679	0.008	0.001	0.3087	0.001	0.001	0.001	0.001	0.5055	0.5255	0.018	0.001	0.2358	0.037	0.001	0.001	0.01	0.001	0.001	0.1628	0.038	0.1908	0.001	0.001	0.001	0.3916	0.02	0.043	0.022	0.002	0.002	0.001	0.012	0.9141	0.001	0.8871	0.001	0.001	0.001	0.002	0.01	0.005	0.002	0.1259	0.003	0.5924	0.005	0.001	0.035	0.001	0.01	0.001	0.001	0.015	0.001	0.3367	0.004	0.001	0.001	0.001	0.036	0.6014	0.028	0.1019	0.1169	0.036	0.001	0.001	0.008	0.001	0.001	0.015	0.0679	0.001	0.2997	0.3387	0.2218	0.7293	0.001	0.001	0.001	0.001	0.001	0.04	0.001	0.001	0.6314	0.001	0.001	0.9201	0.001	0.9231	0.001	0.032	0.001	0.001	0.001	0.015	0.5485	0.006	0.9231	0.001	0.1588	0.006	0.3297	0.001	0.003	0.001	0.001	0.001	0.001	0.001	0.001	0.0859	0.1668	0.001	0.001	0.4925	0.001
Sg_A24_54	0.0909	0.0939	0.5934	0.4246	0.7802	0.0709	0.1199	0.005	0.1449	0.3237	0.3137	0.3327	0.9341	0.4645	0.044	0.6883	0.6004	0.1978	0.1359	0.6703	0.001	0.5984	0.8671	0.4096	0.04	0.5135	0.9261	0.027	0.988	0.5475	0.2607	0.0519	0.0849	0.1479	1	0.8741	0.0709	0.4975	0.0849	0.1798	0.0509	0.6573	0.0839	0.009	0.0689	0.003	0.004	0.9181	0.011	0.007	0.6783	0.1988	0.1978	0.4286	0.027	0.2717	0.9461	0.031	0.1339	0.011	0.2737	0.4396	0.3187	0.7153	0.036	0.3317	0.2707	0.958	0.5584	0.0939	0.2877	0.3976	0.001	0.8102	0.0689	0.3317	0.039	0.6983	0.2278	0.1269	0.01	0.7882	0.037	0.3067	0.1618	0.008	0.6344	0.7253	0.1239	0.3746	0.954	0.0729	0.0519	0.0559	0.2607	0.4006	0.008	0.8242	0.034	0.2088	0.0589	0.3307	0.006	0.1978	0.5485	0.3307	0.003	0.036	0.4346	0.015	0.001	0.6004	0.0649	0.4196	0.024	0.8052	0.9001	0.6943	0.3706	0.009	0.5425	0.3057	0.2737	0.026	0.3696	0.0689	0.8382	0.4036	0.8601	0.5504	0.038	0.2847	0.6064	0.019	0.4496	0.8841	0.0629	0.0569	0.043	0.5305	0.9431	0.2468	0.5305	0.1928	0.7552	0.2388	0.002	0.7303	0.2338	0.986	0.1119	0.008	0.2238	0.2448	0.97	0.8771	0.7053	0.4196	0.8811	0.5914	0.038	0.1479	0.2348	0.9441	0.021	0.1768	0.8012	0.2577	0.003	0.007	0.6883	0.1039	0.8052	0.0779	0.024	0.1339	0.3996	0.7722	0.2198	0.3217	0.5924	0.016	0.3686	0.1409	0.2557	0.4655	0.5365	0.027	0.3437	0.2298	0.7253	0.0809	0.5854	0.3546	0.049	0.035	0.0929	0.1319	0.2318	0.2657	0.6484	0.0619	0.2228	0.03	0.6064	0.2008	0.1788	0.049	0.3966	0.9281	0.1898	0.2567	0.5035	0.029	0.5864	0.002	0.1469	0.1329	0.2298	0.5045	0.0679	0.2967	0.999	0.0809	0.3267	0.5485	0.4765	0.0779	0.5894	0.1489	0.4296	0.8841	0.5005	0.5125	0.7862	0.8212	0.1259	0.1449	0.7822	0.007	0.004	0.0899	0.0809	0.4845	0.6084	0.2458	0.038	0.018	0.8272	0.7033	0.2058	0.8022	0.993	0.2368	0.1479	0.0599	0.961	0.6084	0.4486	0.3596	0.2667	0.2857	0.3417	0.1209	0.9251	0.6214	0.4525	0.5225	0.012	0.7792	0.2448	0.3257	0.8781	0.3077	0.2468	0.2857	0.1219	0.4655	1	0.0649	0.2118	0.5684	0.041	0.4955	0.008	0.4376	0.0929	0.6593	0.0519	0.985	0.011	0.8062	0.0959	0.2997	0.4645	0.045	0.0839	0.4895	0.1578	0.5944	0.3467	0.6124	0.012	0.974	0.1508	0.4186	0.8152	0.007	0.4336	0.049	0.7443	0.1109	0.9211	0.033	0.037	0.05	0.6334	0.6783	0.3197	0.029	0.0589	0.7962	0.1638	0.007	0.3926	0.4685	0.008	0.6953	0.5974	0.2527
Sg_A27_23	0.0939	0.005	0.001	0.002	0.001	0.1109	0.001	0.6793	0.002	0.0539	0.029	0.001	0.6394	0.1169	0.02	0.035	0.1449	0.014	0.5754	0.9371	0.4186	0.1399	0.003	0.1698	0.005	0.011	0.1199	0.1199	0.001	0.001	0.006	0.1119	0.01	0.001	0.8741	1	0.003	0.001	0.2877	0.4116	0.006	0.016	0.003	0.4965	0.001	0.002	0.1209	0.009	0.0779	0.01	0.2268	0.025	0.016	0.003	0.0859	0.4985	0.005	0.006	0.0809	0.1918	0.2977	0.017	0.018	0.001	0.8232	0.1598	0.8921	0.0839	0.001	0.001	0.013	0.6883	0.1349	0.009	0.8212	0.029	0.001	0.035	0.4645	0.03	0.002	0.1808	0.001	0.1279	0.027	0.4126	0.0639	0.001	0.4705	0.5425	0.0859	0.2188	0.3257	0.001	0.001	0.001	0.6414	0.1069	0.014	0.001	0.6613	0.046	0.001	0.6314	0.001	0.2458	0.003	0.013	0.011	0.1119	0.5584	0.1848	0.1508	0.006	0.3506	0.001	0.1019	0.046	0.0679	0.0879	0.046	0.4665	0.031	0.2707	0.7612	0.001	0.2527	0.002	0.997	0.0529	0.2118	0.001	0.017	0.0549	0.019	0.001	0.4466	0.0919	0.004	0.001	0.1608	0.1039	0.001	0.9101	0.009	0.028	0.006	0.8292	0.01	0.9421	0.0869	0.012	0.001	0.2527	0.0619	0.01	0.001	0.3626	0.7832	0.001	0.2468	0.1409	0.012	0.1918	0.3157	0.7542	0.0939	0.001	0.953	0.017	0.005	0.5614	0.2877	0.002	0.2717	0.0619	0.005	0.2268	0.014	0.001	0.7882	0.7602	0.038	0.7423	0.009	0.0869	0.033	0.2717	0.003	0.9031	0.019	0.001	0.033	0.029	0.1748	0.8501	0.049	0.001	0.7782	0.001	0.9211	0.001	0.9381	0.025	0.6224	0.001	0.5085	0.2817	0.0689	0.001	0.005	0.3576	0.953	0.001	0.7732	0.007	0.001	0.006	0.001	0.7912	0.4565	0.2717	0.001	0.5305	0.005	0.023	0.3886	0.2038	0.1159	0.009	0.2787	0.001	0.3417	0.026	0.031	0.001	0.6174	0.5075	0.6494	0.5974	0.022	0.0609	0.001	0.2128	0.4585	0.001	0.9481	0.015	0.7473	0.005	0.3157	0.8232	0.001	0.024	0.1708	0.2647	0.3417	0.014	0.001	0.011	0.001	0.4845	0.002	0.042	0.003	0.007	0.1718	0.016	0.001	0.015	0.001	0.1249	0.0519	0.014	0.6254	0.2547	0.2078	0.024	0.6274	0.006	0.001	0.1349	0.0639	0.001	0.006	0.0719	0.9241	0.4525	0.968	0.001	0.004	0.001	0.008	0.001	0.001	0.039	0.001	0.3417	0.004	0.001	0.004	0.001	0.036	0.001	0.002	0.013	0.001	0.003	0.002	0.1269	0.001	0.7173	0.001	0.1528	0.049	0.003	0.001	0.002	0.2468	0.001	0.4136	0.002	0.1908	0.001	0.2368	0.009	0.003	0.001	0.3477	0.012
Sg_A27_31	0.001	0.001	0.002	0.001	0.001	0.001	0.001	0.027	0.001	0.029	0.001	0.0559	0.0589	0.001	0.001	0.2048	0.5704	0.001	0.004	0.5954	0.008	0.5205	0.019	0.018	0.4955	0.1518	0.017	0.7912	0.001	0.006	0.009	0.2398	0.003	0.001	0.0709	0.003	1	0.2018	0.003	0.2188	0.0589	0.7033	0.001	0.4126	0.001	0.001	0.012	0.001	0.001	0.001	0.7033	0.003	0.001	0.002	0.007	0.1698	0.001	0.2338	0.2438	0.036	0.0519	0.001	0.001	0.001	0.1129	0.4545	0.3287	0.001	0.001	0.001	0.6134	0.6184	0.003	0.001	0.8062	0.5435	0.016	0.002	0.5285	0.002	0.001	0.001	0.001	0.024	0.001	0.005	0.01	0.011	0.2248	0.3267	0.0559	0.2148	0.0569	0.001	0.001	0.001	0.009	0.2088	0.001	0.001	0.0889	0.001	0.998	0.001	0.006	0.3037	0.001	0.4186	0.001	0.018	0.1658	0.038	0.0989	0.001	0.001	0.012	0.001	0.001	0.001	0.005	0.001	0.1059	0.002	0.0669	0.001	0.1039	0.001	0.001	0.2138	0.001	0.4216	0.001	0.015	0.001	0.7283	0.004	0.1269	0.021	0.001	0.001	0.001	0.025	0.001	0.1019	0.001	0.002	0.004	0.1818	0.001	0.02	0.011	0.001	0.001	0.4975	0.003	0.001	0.013	0.5125	0.7632	0.8811	0.3197	0.0699	0.001	0.6533	0.006	0.2837	0.021	0.001	0.001	0.001	0.7932	0.0669	0.003	0.001	0.8432	0.002	0.001	0.5265	0.006	0.001	0.0859	0.001	0.018	0.2268	0.0569	0.001	0.001	0.997	0.001	0.017	0.048	0.4875	0.003	0.006	0.001	0.016	0.001	0.001	0.1848	0.1129	0.1269	0.001	0.7662	0.001	0.0879	0.001	0.6793	0.4296	0.001	0.001	0.4565	0.041	0.003	0.001	0.1938	0.001	0.001	0.001	0.006	0.0579	0.5914	0.2218	0.001	0.4635	0.4246	0.001	0.001	0.003	0.001	0.001	0.1998	0.0709	0.0619	0.001	0.005	0.001	0.2478	0.017	0.003	0.0789	0.001	0.001	0.001	0.001	0.3636	0.001	0.2178	0.002	0.001	0.001	0.03	0.018	0.007	0.005	0.7103	0.0849	0.1908	0.014	0.001	0.1029	0.001	0.038	0.001	0.001	0.009	0.001	0.979	0.005	0.001	0.001	0.002	0.1229	0.4505	0.3197	0.034	0.3826	0.017	0.001	0.001	0.001	0.004	0.001	0.3107	0.2218	0.001	0.1259	0.2318	0.0999	0.2388	0.001	0.001	0.001	0.001	0.002	0.1868	0.001	0.001	0.2687	0.001	0.001	0.8402	0.001	0.3516	0.001	0.5514	0.001	0.001	0.001	0.004	0.1189	0.033	0.3826	0.001	0.0599	0.002	0.2188	0.001	0.001	0.001	0.001	0.0819	0.001	0.001	0.001	0.009	0.985	0.001	0.001	0.4336	0.001
Sg_A28_8	0.1948	0.1978	0.007	0.008	0.003	0.6993	0.005	0.039	0.046	0.034	0.1459	0.001	0.8082	0.3117	0.1039	0.4086	0.001	0.4176	0.3906	0.7473	0.9161	0.0609	0.008	0.1508	0.006	0.0689	0.7862	0.015	0.001	0.001	0.028	0.2058	0.0519	0.045	0.4975	0.001	0.2018	1	0.5684	0.987	0.004	0.002	0.004	0.1179	0.2018	0.7582	0.03	0.0649	0.5564	0.964	0.042	0.0779	0.3487	0.031	0.3007	0.7552	0.044	0.012	0.014	0.3457	0.3327	0.1159	0.1568	0.013	0.6214	0.2717	0.4436	0.5415	0.003	0.006	0.001	0.991	0.2627	0.1329	0.5914	0.032	0.011	0.1808	0.1029	0.0569	0.5684	0.5554	0.037	0.2567	0.0879	0.1339	0.3876	0.002	0.015	0.5824	0.1898	0.955	0.9211	0.0549	0.001	0.0659	0.1578	0.02	0.8152	0.008	0.032	0.3307	0.002	0.1279	0.001	0.1489	0.5485	0.001	0.0949	0.954	0.026	0.1548	0.8901	0.0739	0.7622	0.001	0.1249	0.1359	0.6923	0.2877	0.2967	0.8661	0.1119	0.1928	0.7952	0.007	0.4086	0.032	0.2807	0.6803	0.0639	0.004	0.4925	0.8052	0.006	0.005	0.6174	0.3417	0.1608	0.008	0.4815	0.8142	0.001	0.5534	0.1778	0.1179	0.7842	0.3017	0.4486	0.4116	0.991	0.9121	0.2498	0.1958	0.5794	0.3746	0.001	0.3067	0.5804	0.001	0.1928	0.1059	0.005	0.009	0.3087	0.8412	0.1908	0.2787	0.031	0.0769	0.001	0.6254	0.6683	0.994	0.7742	0.7343	0.026	0.6374	0.0559	0.004	0.3836	0.1868	0.0919	0.8981	0.001	0.4206	0.4066	0.3536	0.8482	0.3746	0.004	0.001	0.9271	0.5584	0.8012	0.3367	0.982	0.001	0.9191	0.001	0.9301	0.011	0.8152	0.0539	0.8711	0.1968	0.1209	0.047	0.3077	0.001	0.038	0.6993	0.6933	0.012	0.3427	0.2058	0.0579	0.7852	0.002	0.995	0.952	0.9381	0.024	0.8531	0.001	0.021	0.3756	0.4885	0.7413	0.9471	0.9401	0.001	0.2378	0.2418	0.3996	0.031	0.95	0.2787	0.1189	0.4286	0.9171	0.1568	0.1159	0.8511	0.8412	0.01	0.6673	0.6643	0.8911	0.043	0.8821	0.2278	0.001	0.1778	0.2707	0.6663	0.1678	0.003	0.003	0.2288	0.003	0.8072	0.013	0.7423	0.0729	0.4206	0.0799	0.9151	0.2218	0.2887	0.003	0.1988	0.001	0.003	0.9121	0.6573	0.4446	0.3726	0.7283	0.2208	0.001	0.9151	0.006	0.001	0.2707	0.4545	0.8771	0.6394	0.021	0.037	0.4026	0.001	0.2997	0.001	0.001	0.2158	0.019	0.1489	0.3706	0.001	0.006	0.0509	0.006	0.006	0.006	0.003	0.002	0.2248	0.046	0.4246	0.001	0.6444	0.002	0.024	0.7652	0.024	0.1139	0.041	0.3457	0.035	0.6114	0.001	0.8741	0.5075	0.7732	0.001	0.963	0.006	0.0959	0.0599
Sg_A33_4	0.001	0.005	0.001	0.036	0.006	0.032	0.001	0.042	0.016	0.001	0.003	0.1369	0.0629	0.008	0.004	0.7902	0.3736	0.047	0.2577	0.2428	0.0799	0.5864	0.1349	0.008	0.9451	0.003	0.001	0.4775	0.2448	0.1439	0.1159	0.2787	0.003	0.001	0.0849	0.2877	0.003	0.5684	1	0.007	0.034	0.9011	0.002	0.5644	0.006	0.021	0.3986	0.005	0.2867	0.001	0.045	0.001	0.004	0.1738	0.011	0.4256	0.005	0.04	0.018	0.6004	0.014	0.001	0.002	0.005	0.0719	0.019	0.5994	0.001	0.001	0.001	0.1039	0.2937	0.2018	0.001	0.8501	0.013	0.2617	0.026	0.5185	0.013	0.003	0.021	0.011	0.1568	0.1179	0.1908	0.001	0.0719	0.4036	0.6853	0.1958	0.97	0.9341	0.005	0.029	0.0999	0.3586	0.1588	0.004	0.008	0.043	0.013	0.4246	0.008	0.04	0.4555	0.005	0.0619	0.002	0.8771	0.5574	0.0549	0.02	0.003	0.1499	0.2078	0.009	0.001	0.013	0.01	0.001	0.8651	0.035	0.1479	0.009	0.009	0.4186	0.001	0.011	0.001	0.0669	0.003	0.003	0.001	0.1099	0.0529	0.3007	0.038	0.023	0.005	0.004	0.004	0.001	0.4206	0.4835	0.002	0.01	0.0719	0.001	0.4126	0.005	0.003	0.01	0.7043	0.043	0.002	0.3167	0.0779	0.022	0.2238	0.2647	0.1369	0.024	0.5884	0.0769	0.041	0.016	0.0609	0.039	0.2168	0.0739	0.1978	0.005	0.1109	0.1698	0.002	0.001	0.0829	0.016	0.02	0.9391	0.024	0.2667	0.6903	0.004	0.01	0.004	0.1668	0.3017	0.1449	0.037	0.3337	0.001	0.001	0.001	0.3896	0.003	0.003	0.0809	0.4825	0.009	0.002	0.1658	0.001	0.8751	0.001	0.3117	0.046	0.5395	0.003	0.985	0.0809	0.014	0.006	0.5185	0.001	0.008	0.005	0.1548	0.2997	0.018	0.8462	0.012	0.7113	0.1149	0.001	0.001	0.004	0.002	0.001	0.028	0.8312	0.032	0.001	0.1149	0.009	0.5534	0.1279	0.04	0.8661	0.004	0.018	0.002	0.5455	1	0.002	0.0759	0.002	0.019	0.002	0.6094	0.1289	0.4555	0.2178	0.7413	0.8721	0.0689	0.0529	0.038	0.7882	0.002	0.1888	0.043	0.003	0.002	0.004	0.021	0.2747	0.002	0.001	0.011	0.6044	0.2577	0.2288	0.5075	0.3896	0.01	0.013	0.004	0.001	0.3067	0.044	0.1059	0.7942	0.002	0.7632	0.0939	0.029	0.1988	0.023	0.001	0.1459	0.001	0.4316	0.5015	0.2348	0.001	0.3956	0.001	0.012	0.1548	0.016	0.1329	0.011	0.1129	0.027	0.1199	0.003	0.3966	0.019	0.1898	0.1089	0.002	0.1668	0.018	0.013	0.015	0.0619	0.003	0.001	0.1459	0.03	0.004	0.001	0.001	0.0779	0.004	0.0939	0.029	0.0579
Sg_A34_19	0.5964	0.7073	0.006	0.8452	0.3197	0.034	0.2498	0.023	0.9181	0.1738	0.8372	0.3037	0.007	0.0669	0.005	0.9431	0.8851	0.8571	0.1059	0.012	0.1269	0.8611	0.2837	0.027	0.8651	0.012	0.001	0.024	0.2168	0.7483	0.1189	0.7433	0.7423	0.9121	0.1798	0.4116	0.2188	0.987	0.007	1	0.015	0.0779	0.1628	0.4595	0.4565	0.014	0.3606	0.3736	0.0709	0.026	0.003	0.1079	0.003	0.2667	0.003	0.6054	0.4955	0.4905	0.953	0.7842	0.001	0.7423	0.003	0.2128	0.031	0.3636	0.2787	0.8302	0.2158	0.011	0.5704	0.1119	0.3027	0.968	0.8032	0.3726	0.8921	0.3357	0.6703	0.7183	0.0989	0.3237	0.7822	0.3696	0.1149	0.2318	0.003	0.3287	0.0889	0.043	0.041	0.985	0.1638	0.008	0.1668	0.4266	0.7692	0.968	0.009	0.3816	0.001	0.3257	0.1798	0.998	0.5075	0.024	0.005	0.021	0.6813	0.8422	0.032	0.982	0.024	0.5275	0.047	0.7772	0.4745	0.6294	0.0539	0.001	0.993	0.0809	0.2697	0.0509	0.7073	0.8941	0.1259	0.4316	0.4895	0.9271	0.9061	0.5914	0.0649	0.1998	0.7353	0.8571	0.0669	0.003	0.8352	0.3616	0.6843	0.003	0.1109	0.0619	0.4396	0.011	0.3317	0.1369	0.003	0.0669	0.004	0.001	0.018	0.8971	0.1798	0.011	0.5315	0.2607	0.031	0.7423	0.6843	0.3127	0.6224	0.1369	0.0639	0.3516	0.5514	0.5954	0.0659	0.972	1	0.1598	0.5654	0.002	0.6853	0.016	0.955	0.2897	0.8112	0.035	0.3736	0.8462	0.6314	0.1708	0.7053	0.2787	0.5824	0.5065	0.6484	0.3626	0.1469	0.6064	0.1558	0.004	0.5045	0.4366	0.01	0.8432	0.043	0.8521	0.045	0.9001	0.9111	0.01	0.994	0.0639	0.1399	0.2048	0.7333	0.4206	0.6344	0.0669	0.4525	0.964	0.2408	0.0939	0.9261	0.026	0.5604	0.1748	0.6364	0.8482	0.4855	0.9091	0.4505	0.8112	0.5035	0.025	0.6154	0.2248	0.1079	0.5275	0.3616	0.2947	0.7512	0.5095	0.0869	0.1039	0.2777	0.2837	0.002	0.001	0.5804	0.4925	0.6414	0.8252	0.0709	0.001	0.3217	0.8511	0.9021	0.965	0.6014	0.8362	0.8002	0.1439	0.1608	0.999	0.3107	0.1518	0.5504	0.2917	0.3956	0.4216	0.001	0.7682	0.1788	0.961	0.002	0.4985	0.8521	0.1868	0.7193	0.6124	0.0659	0.0819	0.0719	0.6324	0.015	0.001	0.0749	0.9221	0.045	0.7023	0.014	0.6434	0.8152	0.009	0.023	0.5165	0.014	0.3007	0.2148	0.5145	0.96	0.4116	0.4436	0.8172	0.013	0.8781	0.001	0.5215	0.5475	0.7043	0.8831	0.1748	0.9221	0.0529	0.954	0.001	0.6444	0.033	0.3127	0.1209	0.004	0.2977	0.3516	0.0789	0.971	0.2637	0.004	0.4226	0.8442	0.001	0.003	0.8062	0.032	0.5395	0.0569	0.5704
Sg_A34_5	0.5754	0.3996	0.0849	0.2547	0.0889	0.03	0.1409	0.012	0.0959	0.1469	0.1658	0.001	0.02	0.6264	0.5165	0.044	0.0689	0.7512	0.027	0.1888	0.017	0.5065	0.8252	0.046	0.3716	0.9291	0.032	0.957	0.02	0.05	0.995	0.7682	0.7732	0.1189	0.0509	0.006	0.0589	0.004	0.034	0.015	1	0.2577	0.6254	0.3197	0.1848	0.042	0.3946	0.3067	0.036	0.009	0.024	0.0829	0.001	0.1099	0.004	0.3716	0.2547	0.7003	0.1019	0.022	0.3556	0.6563	0.0909	0.6264	0.1269	0.8891	0.1908	0.959	0.0549	0.012	0.8721	0.2707	0.1968	0.7682	0.6903	0.7003	0.0939	0.2228	0.4326	0.0699	0.004	0.8781	0.1239	0.8262	0.013	0.2897	0.0689	0.013	0.2218	0.2607	0.4875	0.2997	0.8641	0.001	0.0779	0.023	0.5654	0.8861	0.002	0.017	0.035	0.0709	0.6893	0.6933	0.008	0.2488	0.003	0.4955	0.4755	0.014	0.3397	0.4505	0.003	1	0.0819	0.002	0.4585	0.5445	0.0529	0.001	0.9401	0.4306	0.3866	0.1738	0.9151	0.1988	0.972	0.6683	0.5554	0.6533	0.1548	0.0979	0.6364	0.3427	0.4306	0.4426	0.0639	0.02	0.8362	0.973	0.6074	0.0789	0.02	0.019	0.0939	0.0829	0.1508	0.2108	0.2358	0.03	0.0929	0.001	0.4915	0.6424	0.2138	0.0919	0.0889	0.1538	0.982	0.002	0.6304	0.3207	0.3007	0.9311	0.0629	0.4036	0.6713	0.1219	0.0689	0.2028	0.7562	0.024	0.6074	0.015	0.7972	0.2667	0.7952	0.1978	0.042	0.001	0.7922	0.977	0.7792	0.029	0.7632	0.016	0.6404	0.5564	0.7922	0.4086	0.4785	0.4635	0.1239	0.1039	0.1489	0.3726	0.2547	0.1568	0.0529	0.007	0.1279	0.1329	0.2428	0.2368	0.6523	0.0719	0.7862	0.5864	0.4965	0.2577	0.2228	0.3716	0.2248	0.0519	0.1199	0.1229	0.1019	0.005	0.956	0.3197	0.8362	0.5385	0.9161	0.7033	0.6983	0.8821	0.954	0.3207	0.3696	0.0919	0.1359	0.011	0.0739	0.8232	0.049	0.4286	0.2398	0.1808	0.9371	0.3656	0.001	0.0549	0.2527	0.2088	0.6863	0.4695	0.6094	0.003	0.9351	0.5514	0.8601	0.97	0.001	0.01	0.1189	0.9011	0.993	0.026	0.0979	0.2817	0.05	0.1838	0.8991	0.4645	0.0609	0.7133	0.9281	0.1758	0.011	0.5335	0.1019	0.987	0.985	0.4885	0.04	0.047	0.3646	0.5774	0.3077	0.001	0.8462	0.6284	0.2408	0.013	0.0569	0.3497	0.5245	0.046	0.4855	0.0729	0.025	0.3536	0.035	0.1249	0.008	0.7463	0.016	0.9211	0.2038	0.1748	0.009	0.028	0.9271	0.3447	0.6334	0.046	0.6843	0.007	0.2597	0.002	0.002	0.0599	0.0999	0.4535	0.006	0.031	0.0589	0.014	0.1558	0.015	0.3936	0.9001	0.8691	0.001	0.1938	0.9131	0.003	0.7443	0.5345	0.7532
Sg_A37_36	0.5005	0.8182	0.2577	0.1439	0.989	0.5275	0.3387	0.6164	0.7852	0.3327	0.024	0.027	0.2607	0.3836	0.5225	0.2328	0.002	0.7512	0.6424	0.033	0.7043	0.3167	0.1938	0.6164	0.5465	0.0879	0.1708	0.3756	0.2078	0.006	0.0529	0.4166	0.6613	0.1409	0.6573	0.016	0.7033	0.002	0.9011	0.0779	0.2577	1	0.0529	0.4765	0.6304	0.6553	0.022	0.2537	0.6234	0.3726	0.4276	0.1588	0.4376	0.3816	0.0759	0.1119	0.8472	0.3407	0.2228	0.1958	0.0829	0.7353	0.1279	0.8352	0.021	0.6254	0.6104	0.4915	0.955	0.8761	0.3237	0.034	0.4835	0.9211	0.1039	0.5744	0.1239	0.4545	0.4535	0.962	0.3057	0.986	0.2048	0.2148	0.7163	0.4825	0.3716	0.6394	0.2647	0.042	0.4326	0.5085	0.7642	0.7962	0.2418	0.4116	0.3217	0.4056	0.4296	0.5604	0.1568	0.3996	0.1718	0.7323	0.001	0.2987	0.7982	0.023	0.4366	0.1688	0.031	0.6434	0.8881	0.7363	0.8861	0.001	0.8551	0.8492	0.5465	0.1319	0.4685	0.1838	0.3566	0.3716	0.8731	0.9371	0.9451	0.2298	0.9231	0.5225	0.7133	0.4496	0.1898	0.5944	0.8921	0.7473	0.0989	0.1389	0.1409	0.3636	0.3826	0.1119	0.4655	0.015	0.5864	0.2537	0.2847	0.048	0.2138	0.039	0.1249	0.2348	0.2228	0.4376	0.2028	0.9261	0.001	0.5095	0.8322	0.042	0.02	0.9091	0.1079	0.003	0.2817	0.1289	0.4126	0.7483	0.7612	0.1029	0.4156	0.3397	0.6533	0.1379	0.6354	0.3696	0.6224	0.8551	0.7892	0.7313	0.4366	0.1459	0.9291	0.8072	0.3736	0.6134	0.6713	0.9391	0.9121	0.9291	0.8382	0.9301	0.2408	0.0829	0.7912	0.1638	0.2138	0.2338	0.1069	0.001	0.0989	0.4735	0.2498	0.1429	0.4605	0.5774	0.1149	0.7163	0.2028	0.1019	0.9221	0.5844	0.9401	0.5694	0.025	0.3676	0.1289	0.3766	0.5495	0.2657	0.7742	0.7143	0.9391	0.3906	0.3397	0.3716	0.8691	0.1149	0.3576	0.9111	0.1558	0.014	0.5435	0.1508	0.6244	0.6234	0.3237	0.7303	0.4595	0.4076	0.3407	0.009	0.2717	0.7223	0.951	0.978	0.04	0.033	0.9181	0.7203	0.4006	0.0949	0.002	0.9061	0.1469	0.981	0.3566	0.7982	0.1888	0.6144	0.5145	0.6424	0.8631	0.048	0.5714	0.1858	0.9471	0.8382	0.2627	0.9321	0.1219	0.3367	0.3477	0.7512	0.1688	0.5784	0.1578	0.8811	0.1608	0.6394	0.0599	0.8791	0.3946	0.003	0.7622	0.8082	0.7572	0.3586	0.2757	0.5754	0.3167	0.2827	0.8991	0.3636	0.002	0.3556	0.2048	0.6284	0.0549	0.6613	0.2977	0.3057	0.3257	0.4206	0.3916	0.1269	0.3986	0.7862	0.8641	0.1009	0.021	0.7772	0.8821	0.2677	0.1828	0.0819	0.5175	0.961	0.7403	0.5415	0.4535	0.6503	0.0549	0.3806	0.028	0.6354	0.999	0.2118	0.2957	0.7592
Sg_B03_29	0.001	0.001	0.001	0.001	0.001	0.6583	0.001	0.1848	0.008	0.001	0.001	0.005	0.5485	0.2298	0.0939	0.047	0.7413	0.001	1	0.1948	0.4625	0.008	0.001	0.001	0.001	0.8691	0.009	0.001	0.007	0.002	0.001	0.3756	0.001	0.001	0.0839	0.003	0.001	0.004	0.002	0.1628	0.6254	0.0529	1	0.011	0.001	0.018	0.1838	0.001	0.2757	0.0839	0.1079	0.006	0.0709	0.001	0.2697	0.012	0.001	0.001	0.011	0.2278	0.8971	0.001	0.3367	0.003	0.2488	0.001	0.036	0.001	0.001	0.003	0.001	0.3167	0.6843	0.001	0.003	0.003	0.3826	0.001	0.001	0.001	0.1449	0.001	0.001	0.0819	0.2238	0.4006	0.001	0.001	0.9491	0.3726	0.009	0.1978	0.1419	0.0659	0.001	0.009	0.3616	0.2537	0.3856	0.001	0.023	0.003	0.002	0.1548	0.001	0.1209	0.5834	0.1638	0.001	0.0519	0.002	0.2028	0.4515	0.001	0.7413	0.008	0.001	0.001	0.6404	0.9251	0.001	0.008	0.001	0.3097	0.015	0.001	0.0539	0.001	0.3397	0.001	0.048	0.001	0.002	0.027	0.3467	0.001	0.2388	0.1798	0.002	0.001	0.001	0.2208	0.001	0.961	0.2448	0.001	0.1259	0.5035	0.011	0.5604	0.6753	0.9481	0.04	0.1658	0.002	0.002	0.004	0.3117	0.2657	0.4685	0.7043	0.4306	0.001	0.002	0.6054	0.3417	0.001	0.001	0.7902	0.007	0.001	0.7922	0.001	0.3417	0.5005	0.0789	0.001	0.7043	0.001	0.018	0.1578	0.025	0.5465	0.017	0.001	0.001	0.001	0.001	0.001	0.8731	0.0959	0.001	0.003	0.0569	0.016	0.3477	0.2178	0.001	0.6314	0.006	0.9011	0.001	0.2008	0.008	0.027	0.001	0.1139	0.4006	0.2278	0.001	0.025	0.6983	0.025	0.001	0.6783	0.04	0.002	0.0659	0.001	0.3606	0.2308	0.003	0.001	0.7852	0.001	0.001	0.001	0.3367	0.001	0.015	0.2837	0.0649	0.0779	0.001	0.001	0.001	0.0559	0.959	0.045	0.2018	0.6963	0.5714	0.001	0.2967	0.041	0.001	0.1359	0.6653	0.001	0.001	0.04	0.003	0.005	0.1119	0.004	0.3267	0.1489	0.002	0.006	0.007	0.001	0.001	0.001	0.005	0.011	0.001	0.1518	0.0829	0.037	0.001	0.001	0.006	0.004	0.001	0.9231	0.1968	0.8462	0.02	0.009	0.4765	0.001	0.002	0.001	0.038	0.3756	0.6873	0.1159	0.5654	0.0709	0.002	0.1129	0.001	0.001	0.011	0.006	0.029	0.002	0.1718	0.027	0.001	0.3936	0.001	0.002	0.001	0.004	0.002	0.001	0.02	0.003	0.2158	0.011	0.4076	0.001	0.1518	0.7802	0.2557	0.001	0.017	0.001	0.001	0.007	0.001	0.007	0.2318	0.6074	0.003	0.2298	0.001	0.7902	0.001
Sg_B03_38	0.4645	0.6823	0.3806	0.6284	0.3317	0.001	0.5564	0.001	0.1469	0.1289	0.3237	0.2448	0.4905	0.0789	0.3606	0.9201	0.027	0.8112	0.0659	0.002	0.027	0.019	0.001	0.1998	0.014	0.2777	0.3077	0.001	0.5964	0.2807	0.001	0.2108	0.003	0.5045	0.009	0.4965	0.4126	0.1179	0.5644	0.4595	0.3197	0.4765	0.011	1	0.3437	0.2008	0.028	0.1409	0.2597	0.6733	0.1538	0.2028	0.0809	0.022	0.006	0.9221	0.011	0.006	0.0519	0.002	0.0759	0.1578	0.2527	0.2837	0.023	0.012	0.035	0.3497	0.4296	0.1848	0.0799	0.1219	0.1648	0.2108	0.001	0.2707	0.2238	0.1159	0.006	0.043	0.3327	0.1459	0.1269	0.001	0.1668	0.034	0.3377	0.2887	0.7093	0.2398	0.019	0.014	0.7273	0.2547	0.4486	0.3996	0.8501	0.3107	0.1319	0.0939	0.001	0.6823	0.001	0.3357	0.2438	0.001	0.01	0.03	0.8232	0.001	0.021	0.3626	0.018	0.2478	0.1339	0.3087	0.1708	0.0949	0.022	0.004	0.1618	0.031	0.033	0.006	0.6503	0.039	0.8422	0.044	0.2348	0.024	0.5884	0.1279	0.007	0.006	0.1179	0.006	0.013	0.006	0.0989	0.002	0.043	0.3477	0.7473	0.1628	0.982	0.007	0.0929	0.8042	0.5504	0.1409	0.1558	0.002	0.5425	0.001	0.0889	0.5834	0.8751	0.013	0.5774	0.1878	0.3437	0.0889	0.8012	0.032	0.2118	0.4805	0.043	0.8651	0.001	0.037	0.01	0.0599	0.0899	0.1119	0.1588	0.8901	0.0629	0.0809	0.1518	0.3966	0.4505	0.4855	0.6793	0.008	0.037	0.1808	0.6903	0.005	0.2717	0.1748	0.3047	0.001	0.7792	0.4336	0.1528	0.04	0.1998	0.0899	0.03	0.3536	0.8781	0.8272	0.001	0.6014	0.0709	0.8032	0.6244	0.7632	0.1239	0.0609	0.1828	0.1359	0.7163	0.5554	0.1409	0.0639	0.4835	0.02	0.002	0.003	0.8432	0.2517	0.3427	0.7373	0.024	0.012	0.1189	0.0679	0.9141	0.0979	0.5485	0.6843	0.2597	0.0629	0.1928	0.3666	0.005	0.1568	0.3447	0.5754	0.017	0.6184	0.2597	0.6354	0.018	0.3207	0.7512	0.4925	0.1009	0.1818	0.6773	0.2567	0.5724	0.9491	0.001	0.7493	0.018	0.0929	0.8412	0.2567	0.6164	0.001	0.044	0.0619	0.7113	0.2228	0.1688	0.6444	0.7433	0.1748	0.0889	0.985	0.012	0.01	0.0759	0.7672	0.023	0.6094	0.028	0.1069	0.1009	0.9061	0.002	0.1449	0.0619	0.0979	0.2278	0.1459	0.001	0.4496	0.013	0.008	0.0929	0.7333	0.2418	0.1219	0.5784	0.8941	0.3926	0.2667	0.4585	0.4266	0.001	0.004	0.041	0.8282	0.1169	0.4785	0.1898	0.015	0.6104	0.5634	0.036	0.009	0.1409	0.2907	0.1069	0.3227	0.0559	0.4416	0.7742	0.039	0.2737	0.022	0.0819	0.004	0.0529	0.005	0.0929	0.007
Sg_B04_2	0.006	0.001	0.001	0.001	0.002	0.005	0.001	0.037	0.001	0.4306	0.001	0.0859	0.1958	0.001	0.001	0.2547	0.4625	0.001	0.0549	0.7562	0.03	0.3906	0.002	0.0929	0.3996	0.3247	0.2438	0.6943	0.001	0.002	0.015	0.3856	0.005	0.001	0.0689	0.001	0.001	0.2018	0.006	0.4565	0.1848	0.6304	0.001	0.3437	1	0.001	0.1798	0.001	0.002	0.001	0.6454	0.046	0.013	0.006	0.006	0.003	0.001	0.7363	0.3736	0.014	0.005	0.003	0.014	0.001	0.3756	0.2228	0.0649	0.002	0.002	0.007	0.8991	0.3706	0.021	0.001	0.984	0.4466	0.002	0.006	0.2757	0.001	0.001	0.006	0.001	0.1149	0.015	0.024	0.0799	0.036	0.022	0.1359	0.1538	0.0999	0.017	0.001	0.001	0.001	0.1618	0.5744	0.004	0.001	0.0619	0.001	0.5495	0.002	0.004	0.4046	0.001	0.3147	0.001	0.003	0.1239	0.1019	0.0959	0.001	0.002	0.1169	0.003	0.001	0.0659	0.001	0.002	0.006	0.009	0.0999	0.014	0.1568	0.005	0.001	0.2088	0.002	0.9001	0.001	0.0529	0.001	0.6444	0.0739	0.3806	0.013	0.001	0.002	0.001	0.03	0.001	0.5075	0.002	0.019	0.002	0.4456	0.001	0.0879	0.002	0.006	0.002	0.4665	0.001	0.002	0.012	0.4266	0.6803	0.1489	0.7433	0.1239	0.008	0.7942	0.004	0.4585	0.0729	0.001	0.001	0.001	0.5325	0.027	0.001	0.001	0.955	0.001	0.001	0.5365	0.015	0.001	0.027	0.003	0.0849	0.0759	0.2767	0.001	0.001	0.958	0.001	0.027	0.8511	0.3796	0.004	0.006	0.001	0.004	0.001	0.001	0.2867	0.1439	0.2807	0.001	0.4785	0.02	0.1209	0.001	0.6254	0.3646	0.001	0.001	0.6104	0.0989	0.005	0.001	0.1688	0.001	0.001	0.001	0.0919	0.3646	0.4206	0.4815	0.001	0.8382	0.7053	0.002	0.009	0.002	0.001	0.001	0.1319	0.007	0.1269	0.001	0.003	0.001	0.0649	0.027	0.043	0.024	0.003	0.002	0.001	0.001	0.8881	0.001	0.6803	0.001	0.002	0.004	0.013	0.0839	0.009	0.001	0.6054	0.2138	0.8791	0.0959	0.003	0.1099	0.001	0.1349	0.005	0.001	0.008	0.001	0.5145	0.002	0.001	0.001	0.01	0.018	0.3706	0.4995	0.0729	0.1838	0.009	0.001	0.0609	0.001	0.001	0.001	0.1778	0.7263	0.001	0.033	0.5205	0.1189	0.024	0.002	0.001	0.002	0.001	0.001	0.1449	0.001	0.001	0.5604	0.001	0.001	0.5554	0.001	0.1429	0.001	0.7223	0.003	0.001	0.001	0.021	0.1369	0.012	0.4346	0.009	0.3277	0.003	0.1139	0.001	0.006	0.001	0.001	0.01	0.002	0.001	0.001	0.016	0.7083	0.001	0.002	0.5255	0.002
Sg_B07_12	0.005	0.001	0.018	0.001	0.001	0.001	0.004	0.002	0.001	0.0989	0.002	0.2018	0.2847	0.002	0.005	0.0539	0.6194	0.001	0.96	0.5075	0.002	0.0739	0.001	0.008	0.6144	0.2877	0.004	0.9251	0.001	0.0579	0.1119	0.036	0.1019	0.001	0.003	0.002	0.001	0.7582	0.021	0.014	0.042	0.6553	0.018	0.2008	0.001	1	0.0579	0.003	0.001	0.001	0.009	0.015	0.001	0.002	0.001	0.3686	0.001	0.5534	0.2527	0.1948	0.015	0.002	0.016	0.004	0.5445	0.8382	0.3197	0.036	0.001	0.002	0.9071	0.3497	0.1429	0.001	0.7702	0.4046	0.041	0.003	0.8651	0.0859	0.001	0.038	0.001	0.2368	0.008	0.0579	0.013	0.001	0.4995	0.4715	0.0589	0.0569	0.021	0.001	0.001	0.001	0.6324	0.9071	0.001	0.001	0.008	0.001	0.6853	0.0509	0.1339	0.5325	0.001	0.1369	0.005	0.001	0.004	0.958	0.1169	0.007	0.001	0.6474	0.014	0.004	0.001	0.001	0.016	0.0669	0.017	0.8941	0.1588	0.007	0.002	0.005	0.8092	0.011	0.7882	0.001	0.05	0.001	0.2867	0.03	0.3726	0.001	0.004	0.001	0.013	0.009	0.001	0.7992	0.0549	0.01	0.001	0.006	0.001	0.963	0.005	0.001	0.001	0.7473	0.001	0.001	0.2378	0.7792	0.7892	0.7013	0.7562	0.8162	0.2378	0.0609	0.001	0.01	0.3526	0.001	0.001	0.008	0.6963	0.6244	0.005	0.001	0.4096	0.001	0.009	0.5854	0.001	0.001	0.037	0.004	0.007	0.4685	0.5085	0.006	0.001	0.8711	0.001	0.4845	0.1309	0.1099	0.001	0.003	0.002	0.005	0.003	0.001	0.7463	0.99	0.006	0.001	0.4136	0.002	0.4396	0.001	0.4156	0.6593	0.003	0.002	0.1439	0.7453	0.4645	0.001	0.9281	0.001	0.001	0.001	0.027	0.1339	0.97	0.019	0.004	0.1469	0.6204	0.026	0.012	0.004	0.001	0.001	0.003	0.2657	0.3007	0.002	0.002	0.001	0.1409	0.7003	0.2188	0.0959	0.001	0.001	0.001	0.001	0.5714	0.004	0.2238	0.001	0.0879	0.004	0.018	0.001	0.0649	0.005	0.8921	0.045	0.7832	0.0949	0.001	0.1329	0.001	0.2517	0.045	0.001	0.006	0.001	0.4376	0.1069	0.001	0.005	0.017	0.014	0.7313	0.8452	0.7702	0.1469	0.007	0.011	0.046	0.001	0.004	0.004	0.7293	0.8212	0.001	0.1389	0.6284	0.3756	0.005	0.001	0.001	0.001	0.001	0.002	0.5974	0.027	0.001	0.3447	0.001	0.001	0.0619	0.001	0.978	0.001	0.042	0.1009	0.001	0.001	0.0949	0.001	0.0539	0.8162	0.006	0.4426	0.001	0.3826	0.001	0.003	0.013	0.001	0.0659	0.003	0.001	0.001	0.019	0.4326	0.001	0.002	0.7622	0.003
Sg_B07_38	0.5604	0.0989	0.4416	0.1279	0.1818	0.035	0.4885	0.001	0.002	0.5894	0.03	0.0559	0.8212	0.002	0.4825	0.5485	0.958	0.0779	0.4715	0.6693	0.014	0.2298	0.1758	0.2018	0.006	0.981	0.4206	0.001	0.7742	0.045	0.004	0.002	0.1189	0.0789	0.004	0.1209	0.012	0.03	0.3986	0.3606	0.3946	0.022	0.1838	0.028	0.1798	0.0579	1	0.6124	0.009	0.003	0.0759	0.2188	0.0889	0.9441	0.01	0.4486	0.5465	0.008	0.6384	0.003	0.023	0.7892	0.034	0.6613	0.6074	0.004	0.0679	0.4326	0.3217	0.8262	0.005	0.6464	0.1239	0.3766	0.4496	0.003	0.5055	0.8671	0.023	0.5504	0.001	0.1429	0.1109	0.3257	0.1159	0.001	0.5934	0.8561	0.007	0.7073	0.2737	0.0769	0.043	0.044	0.7992	0.6503	0.008	0.003	0.021	0.2108	0.002	0.003	0.001	0.007	0.046	0.5714	0.003	0.001	0.2238	0.009	0.001	0.6224	0.034	0.9411	0.001	0.0709	0.3646	0.1479	0.03	0.013	0.7293	0.1628	0.994	0.1059	0.0829	0.1548	0.002	0.4545	0.3736	0.999	0.023	0.8052	0.2248	0.001	0.2777	0.1299	0.7622	0.0559	0.046	0.3247	0.035	0.1838	0.1768	0.9411	0.5035	0.3836	0.0749	0.002	0.0989	0.7942	0.024	0.001	0.2717	0.5894	0.1918	0.3866	0.4775	0.9291	0.5385	0.1449	0.4266	0.1259	0.4745	0.007	0.3277	0.0739	0.5824	0.041	0.001	0.0709	0.003	0.7103	0.0859	0.047	0.005	0.1059	0.3806	0.1978	0.3397	0.7642	0.016	0.015	0.9451	0.5974	0.021	0.4416	0.0639	0.011	0.3347	0.2517	0.4775	0.001	0.3876	0.1189	0.001	0.008	0.017	0.8541	0.5654	0.022	0.005	0.1089	0.1259	0.1788	0.031	0.1209	0.7303	0.022	0.011	0.7642	0.2637	0.023	0.6983	0.035	0.4426	0.002	0.0519	0.049	0.001	0.1638	0.02	0.2657	0.5005	0.1978	0.002	0.3966	0.4336	0.016	0.022	0.003	0.1449	0.2298	0.3087	0.2557	0.1868	0.6873	0.1359	0.1658	0.005	0.5694	0.003	0.1079	0.036	0.031	0.3287	0.4416	0.5265	0.043	0.6074	0.6354	0.0879	0.1948	0.0679	0.0529	0.018	0.7143	0.9201	0.6653	0.7003	0.1788	0.1628	0.1938	0.0699	0.0709	0.4955	0.4565	0.0959	0.1009	0.0619	0.7423	0.1489	0.2917	0.014	0.032	0.9181	0.4605	0.029	0.4196	0.1528	0.0779	0.01	0.018	0.023	0.028	0.001	0.0889	0.2358	0.6663	0.001	0.9081	0.006	0.4056	0.1499	0.7502	0.009	0.1069	0.007	0.5475	0.024	0.8342	0.1598	0.5025	0.01	0.4366	0.1479	0.1129	0.8721	0.029	0.1968	0.3946	0.0629	0.981	0.984	0.001	0.008	0.7872	0.3257	0.6344	0.3497	0.003	0.6214	0.7113	0.026	0.008	0.016	0.018	0.041	0.2717	0.03	0.7123
Sg_B07_50	0.001	0.001	0.024	0.002	0.001	0.3167	0.002	0.8701	0.001	0.014	0.001	0.034	0.5355	0.012	0.0509	0.1499	0.9051	0.001	0.8192	0.0689	0.5115	0.1129	0.001	0.001	0.1768	0.5045	0.002	0.0699	0.01	0.004	0.001	0.0599	0.001	0.001	0.9181	0.009	0.001	0.0649	0.005	0.3736	0.3067	0.2537	0.001	0.1409	0.001	0.003	0.6124	1	0.038	0.001	0.8362	0.001	0.033	0.003	0.8511	0.003	0.001	0.006	0.005	0.3117	0.8062	0.001	0.1618	0.005	0.4805	0.001	0.018	0.001	0.001	0.003	0.7802	0.1528	0.1798	0.001	0.1259	0.5544	0.0759	0.002	0.4835	0.001	0.006	0.001	0.001	0.6324	0.1558	0.1399	0.002	0.03	0.1718	0.029	0.4466	0.9311	0.1668	0.029	0.003	0.001	0.047	0.009	0.1109	0.002	0.3207	0.002	0.3017	0.001	0.023	0.1738	0.1019	0.8122	0.001	0.8691	0.3736	0.025	0.973	0.001	0.0999	0.0749	0.001	0.001	0.0909	0.6893	0.001	0.008	0.009	0.7842	0.001	0.03	0.001	0.001	0.3536	0.001	0.4226	0.001	0.016	0.001	0.5644	0.022	0.3666	0.7582	0.001	0.001	0.001	0.7512	0.001	0.7083	0.0579	0.006	0.0529	0.9161	0.007	0.6713	0.5554	0.1039	0.2458	0.6044	0.004	0.004	0.011	0.0969	0.5035	0.2537	0.8162	0.4286	0.001	0.012	0.006	0.5994	0.001	0.001	0.038	0.033	0.3337	0.8781	0.001	0.0569	0.6364	0.0749	0.001	0.1678	0.005	0.002	0.002	0.003	0.1958	0.003	0.4116	0.001	0.001	0.6793	0.001	0.3087	0.5794	0.023	0.006	0.1239	0.001	0.006	0.2418	0.001	0.6713	0.0809	0.7223	0.001	0.5275	0.001	0.2298	0.001	0.7862	0.5055	0.032	0.001	0.3686	0.2757	0.001	0.001	0.8152	0.001	0.001	0.003	0.002	0.4046	0.6503	0.0659	0.001	0.8661	0.2707	0.001	0.001	0.4256	0.001	0.001	0.1968	0.0669	0.1638	0.001	0.001	0.001	0.9291	0.3996	0.001	0.031	0.0549	0.2328	0.001	0.001	0.4775	0.001	0.7103	0.3816	0.001	0.001	0.0879	0.004	0.1139	0.003	0.1359	0.0889	0.6234	0.007	0.002	0.024	0.001	0.001	0.001	0.001	0.0969	0.001	0.1918	0.006	0.005	0.001	0.001	0.001	0.9111	0.7992	0.7942	0.5295	0.7552	0.001	0.021	0.011	0.001	0.001	0.003	0.1319	0.009	0.5465	0.8501	0.5864	0.8472	0.01	0.001	0.001	0.001	0.004	0.0999	0.001	0.001	0.4665	0.026	0.001	0.4076	0.001	0.3516	0.001	0.2298	0.001	0.001	0.001	0.015	0.8072	0.021	0.4895	0.001	0.8462	0.2318	0.3307	0.001	0.024	0.001	0.001	0.004	0.006	0.001	0.018	0.7473	0.7243	0.024	0.001	0.6044	0.001
Sg_B07_53	0.023	0.001	0.1648	0.024	0.014	0.001	0.025	0.001	0.002	0.8811	0.013	0.4026	0.7393	0.011	0.009	0.9301	0.8911	0.007	0.2298	0.7932	0.002	0.5455	0.3646	0.1938	0.4915	0.0549	0.2038	0.98	0.001	0.6553	0.6464	0.0849	0.988	0.001	0.011	0.0779	0.001	0.5564	0.2867	0.0709	0.036	0.6234	0.2757	0.2597	0.002	0.001	0.009	0.038	1	0.002	0.2308	0.013	0.002	0.1359	0.001	0.6344	0.01	0.3976	0.5485	0.031	0.044	0.042	0.0839	0.031	0.3776	0.0719	0.1938	0.6424	0.005	0.1339	0.6893	0.7912	0.01	0.001	0.4006	0.5894	0.012	0.6563	0.2438	0.2268	0.001	0.1349	0.001	0.3397	0.018	0.3586	0.3636	0.01	0.04	0.1329	0.008	0.1888	0.02	0.001	0.005	0.002	0.0989	0.9181	0.001	0.005	0.1518	0.003	0.5604	0.021	0.5055	0.9431	0.001	0.5764	0.1728	0.004	0.001	0.2567	0.1189	0.2737	0.001	0.3896	0.036	0.007	0.001	0.001	0.5405	0.018	0.8901	0.2398	0.3506	0.4116	0.001	0.4366	0.1988	0.1608	0.1329	0.001	0.6084	0.001	0.8012	0.5065	0.6134	0.002	0.005	0.0719	0.038	0.0739	0.001	0.3097	0.0689	0.2587	0.005	0.005	0.005	0.4555	0.012	0.001	0.003	0.3966	0.003	0.001	0.3107	0.5325	0.3397	0.7093	0.4076	0.3427	0.0629	0.2138	0.001	0.007	0.8102	0.016	0.001	0.019	0.9201	0.4286	0.1159	0.001	1	0.011	0.8571	0.2887	0.003	0.001	0.0779	0.018	0.0879	0.965	0.8761	0.1499	0.001	0.044	0.001	0.0999	0.5175	0.8342	0.001	0.0709	0.001	0.1139	0.004	0.001	0.4735	0.6943	0.006	0.001	0.7562	0.005	0.023	0.003	0.3197	0.2018	0.001	0.002	0.3856	0.1369	0.5714	0.001	0.5495	0.001	0.001	0.001	0.2128	0.1059	0.2787	0.8621	0.0809	0.3167	0.7183	0.5485	0.3157	0.003	0.002	0.001	0.0529	0.2657	0.1748	0.1079	0.011	0.003	0.004	0.1748	0.5065	0.1688	0.001	0.001	0.002	0.004	0.0769	0.0919	0.5265	0.001	0.7213	0.2248	0.0869	0.2867	0.039	0.002	0.7892	0.011	0.5085	0.1109	0.004	0.985	0.001	0.5664	0.7433	0.017	0.1608	0.003	0.2767	0.1908	0.001	0.1359	0.2707	0.0949	0.9441	0.5465	0.3766	0.3776	0.019	0.026	0.043	0.001	0.0549	0.014	0.3277	0.4755	0.001	0.009	0.7063	0.8442	0.01	0.0639	0.001	0.013	0.016	0.017	0.5165	0.0709	0.001	0.7732	0.007	0.001	0.5265	0.001	0.1229	0.013	0.3986	0.1129	0.034	0.001	0.7053	0.0609	0.5854	0.5105	0.3477	0.2398	0.003	0.0899	0.001	0.001	0.1578	0.001	0.034	0.1149	0.014	0.001	0.1199	0.4236	0.001	0.0899	0.6593	0.026
Sg_B07_62	0.013	0.001	0.001	0.012	0.001	0.001	0.005	0.002	0.001	0.002	0.002	0.5055	0.3586	0.001	0.006	0.1239	0.0839	0.002	0.6913	0.2787	0.015	0.6094	0.0909	0.029	0.042	0.96	0.01	0.4795	0.002	0.0839	0.2507	0.4166	0.023	0.001	0.007	0.01	0.001	0.964	0.001	0.026	0.009	0.3726	0.0839	0.6733	0.001	0.001	0.003	0.001	0.002	1	0.002	0.047	0.001	0.001	0.002	0.3437	0.011	0.9151	0.1349	0.04	0.028	0.006	0.006	0.002	0.5035	0.5664	0.2897	0.003	0.001	0.002	0.2537	0.7822	0.041	0.001	0.7373	0.975	0.0709	0.001	0.1538	0.012	0.001	0.007	0.001	0.6873	0.3297	0.001	0.005	0.002	0.017	0.0929	0.3556	0.0549	0.005	0.001	0.006	0.001	0.008	0.0859	0.001	0.001	0.005	0.001	0.1758	0.017	0.4715	0.8641	0.001	0.0829	0.001	0.022	0.001	0.4765	0.0869	0.005	0.001	0.7832	0.001	0.001	0.001	0.001	0.007	0.2088	0.001	0.6813	0.015	0.007	0.005	0.004	0.976	0.001	0.7313	0.001	0.007	0.001	0.7053	0.4875	0.3886	0.001	0.001	0.011	0.002	0.001	0.001	0.4535	0.008	0.001	0.004	0.003	0.001	0.6064	0.005	0.001	0.001	0.964	0.001	0.001	0.1768	0.3976	0.2178	0.2887	0.6194	0.4146	0.3976	0.015	0.001	0.008	0.4765	0.001	0.001	0.005	0.7902	0.9351	0.001	0.001	0.9371	0.001	0.0569	0.6294	0.001	0.001	0.0859	0.002	0.1828	0.9461	0.999	0.001	0.001	0.3906	0.001	0.1898	0.4256	0.2088	0.001	0.001	0.001	0.018	0.006	0.001	0.6094	0.9361	0.001	0.001	0.7403	0.004	0.2667	0.001	0.4056	0.4036	0.015	0.001	0.7622	0.5974	0.009	0.001	0.3536	0.001	0.001	0.001	0.1608	0.6174	0.3656	0.5564	0.001	0.022	0.4306	0.028	0.019	0.003	0.001	0.001	0.001	0.6064	0.1988	0.001	0.001	0.001	0.1079	0.4575	0.0649	0.0779	0.001	0.001	0.001	0.002	0.4985	0.004	0.8661	0.001	0.006	0.009	0.003	0.001	0.5155	0.002	0.7263	0.014	0.1249	0.003	0.037	0.2667	0.001	0.1099	0.1339	0.001	0.004	0.001	0.4635	0.005	0.001	0.001	0.006	0.1379	0.1039	0.4426	0.8781	0.2208	0.011	0.003	0.005	0.001	0.0929	0.001	0.8222	0.6573	0.001	0.0579	0.3327	0.4296	0.001	0.001	0.001	0.003	0.001	0.0579	0.9021	0.002	0.001	0.6264	0.001	0.001	0.7413	0.001	0.5215	0.004	0.3467	0.03	0.002	0.001	0.1768	0.008	0.3297	0.0749	0.001	0.003	0.001	0.0549	0.001	0.001	0.001	0.001	0.05	0.011	0.001	0.001	0.003	0.7682	0.001	0.038	0.4575	0.001
Sg_B08_36	0.3556	0.4336	0.1139	0.6244	0.7892	0.001	0.8352	0.001	0.8801	0.1868	0.6214	0.5465	0.031	0.1938	0.4416	0.6773	0.5055	0.9491	0.3247	0.0509	0.0979	0.2428	0.1279	0.1319	0.036	0.0539	0.022	0.006	0.955	0.0549	0.2937	0.0899	0.8721	0.987	0.6783	0.2268	0.7033	0.042	0.045	0.003	0.024	0.4276	0.1079	0.1538	0.6454	0.009	0.0759	0.8362	0.2308	0.002	1	0.5774	0.001	0.4086	0.001	0.9491	0.3826	0.019	0.5085	0.0799	0.0649	0.5594	0.2887	0.4226	0.1189	0.2498	0.7143	0.8741	0.6244	0.2308	0.0819	0.2647	0.4875	0.8891	0.049	0.2438	0.9301	0.2577	0.004	0.2647	0.001	0.9391	0.7812	0.8412	0.6993	0.0639	0.04	0.5734	0.6244	0.6663	0.0559	0.0949	0.6464	0.009	0.5674	0.2298	0.7992	0.0569	0.001	0.4136	0.001	0.023	0.002	0.7512	0.1179	0.3147	0.001	0.1029	0.3447	0.0549	0.001	0.0699	0.0619	0.2448	0.005	0.0959	0.7363	0.8312	0.014	0.001	0.6444	0.4845	0.3886	0.5534	0.6913	0.6813	0.1908	0.4136	0.9191	0.9041	0.987	0.7692	0.9421	0.048	0.1788	0.033	0.2208	0.001	0.8841	0.3487	0.8981	0.022	0.5425	0.1678	0.5025	0.1808	0.951	0.012	0.022	0.0909	0.047	0.001	0.2767	0.7862	0.0809	0.018	0.6434	0.1009	0.5704	0.2328	0.1638	0.6553	0.038	0.002	0.006	0.1299	0.5914	0.8531	0.001	0.1189	0.006	0.5455	0.5495	0.003	0.6174	0.036	0.4266	0.1069	0.4206	0.1888	0.1259	0.3736	0.4635	0.0829	0.042	0.02	0.97	0.1309	0.992	0.8432	0.6823	0.1069	0.01	0.019	0.0799	0.018	0.1169	0.2478	0.0849	0.041	0.008	0.6244	0.3516	0.2907	0.2957	0.1219	0.8651	0.4535	0.7612	0.6254	0.5854	0.2797	0.3626	0.7243	0.2328	0.1409	0.964	0.006	0.0989	0.4336	0.4126	0.4995	0.3706	0.1778	0.045	0.4945	0.4895	0.0589	0.032	0.014	0.006	0.3057	0.5994	0.8881	0.0539	0.5045	0.02	0.5874	0.2707	0.5445	0.001	0.001	0.3447	0.2537	0.3556	0.9401	0.2388	0.001	0.4575	0.996	0.6993	0.0609	0.0889	0.4176	0.1638	0.7522	0.7253	0.2727	0.8472	0.6354	0.8442	0.8322	0.012	0.5075	0.0519	0.3596	0.1369	0.5564	0.001	0.6733	0.5425	0.7992	0.007	0.022	0.1459	0.6743	0.0729	0.2418	0.5514	0.001	0.0719	0.4705	0.013	0.045	0.1309	0.6903	0.2318	0.028	0.001	0.4406	0.03	0.1249	0.0909	0.2787	0.0579	0.7612	0.4376	0.6583	0.1019	0.2078	0.025	0.7353	0.0629	0.3936	0.5205	0.3836	0.8781	0.0869	0.953	0.001	0.0889	0.007	0.6593	0.005	0.002	0.8961	0.034	0.3477	0.993	0.7742	0.1039	0.1988	0.04	0.002	0.01	0.0929	0.001	0.2178	0.1459	0.5964
Sg_B14_1	0.01	0.013	0.012	0.024	0.029	0.008	0.001	0.0919	0.008	0.026	0.004	0.027	0.1389	0.3387	0.1259	0.983	0.3137	0.003	0.1249	0.2008	0.0909	0.1449	0.2557	0.0869	0.8412	0.1788	0.01	0.3177	0.034	0.0509	0.8352	0.1039	0.0649	0.003	0.1988	0.025	0.003	0.0779	0.001	0.1079	0.0829	0.1588	0.006	0.2028	0.046	0.015	0.2188	0.001	0.013	0.047	0.5774	1	0.005	0.3836	0.1369	0.0629	0.2068	0.045	0.015	0.956	0.6883	0.001	0.003	0.2657	0.2867	0.2108	0.8511	0.021	0.001	0.001	0.0979	0.3876	0.1808	0.003	0.6923	0.1918	0.015	0.2557	0.4346	0.1299	0.002	0.2008	0.011	0.8661	0.04	0.7512	0.002	0.1249	0.961	0.7652	0.4456	0.2787	0.5614	0.035	0.007	0.4276	0.5934	0.8372	0.031	0.022	0.4486	0.018	0.4346	0.2977	0.031	0.1578	0.014	0.3836	0.001	0.1419	0.6993	0.015	0.012	0.014	0.029	0.038	0.1099	0.009	0.005	0.1239	0.012	0.8541	0.5804	0.1658	0.028	0.1029	0.0899	0.011	0.1309	0.0799	0.2328	0.018	0.1269	0.002	0.6084	0.2328	0.4276	0.3427	0.005	0.0559	0.1628	0.3157	0.002	0.5305	0.2298	0.3477	0.2438	0.7922	0.1419	0.4346	0.6823	0.003	0.2877	0.6054	0.017	0.0739	0.026	0.0599	0.1958	0.9221	0.019	0.1578	0.025	0.3586	0.3646	0.8212	0.0569	0.001	0.023	0.015	0.2917	0.2717	0.0559	0.1159	0.1099	0.2867	0.001	0.4366	0.02	0.013	0.5804	0.2937	0.8601	0.7592	0.2987	0.6693	0.029	0.5924	0.5924	0.1229	0.1918	0.3916	0.047	0.2428	0.007	0.1958	0.2358	0.002	0.2038	0.1249	0.5814	0.005	0.6134	0.001	0.8482	0.002	0.3596	0.4036	0.1868	0.013	0.6414	0.973	0.3107	0.004	0.2288	0.004	0.003	0.018	0.047	0.3017	0.2957	0.2078	0.011	0.2158	0.0619	0.1099	0.0559	0.3217	0.0599	0.004	0.029	0.028	0.4515	0.1239	0.1149	0.009	0.4366	0.0809	0.1918	0.9061	0.006	0.4675	0.001	0.2757	0.6284	0.003	0.2567	0.2068	0.0859	0.002	0.1778	0.4426	0.008	0.006	0.7602	0.8402	0.3297	0.034	0.023	0.6583	0.006	0.9161	0.2258	0.1948	0.2937	0.0699	0.6743	0.03	0.014	0.03	0.025	0.005	0.4715	0.5295	0.5504	0.1189	0.5345	0.047	0.5564	0.0959	0.2378	0.1528	0.2967	0.2328	0.006	0.2887	0.4456	0.1508	0.3487	0.3017	0.002	0.046	0.001	0.006	0.0949	0.2907	0.002	0.2597	0.0979	0.004	0.0749	0.009	0.1439	0.0619	0.6244	0.0599	0.0799	0.006	0.3526	0.1299	0.015	0.993	0.0709	0.6264	0.0969	0.001	0.0829	0.05	0.1768	0.004	0.7363	0.015	0.049	0.008	0.3267	0.1349	0.028	0.2697	0.2777	0.3457
Sg_B14_13	0.2607	0.002	0.002	0.1299	0.001	0.001	0.014	0.001	0.001	0.003	0.2537	0.011	0.009	0.004	0.032	0.001	0.955	0.2298	0.1528	0.1528	0.019	0.6653	0.6783	0.029	0.029	0.7732	0.001	0.6833	0.003	0.1119	0.7842	0.7023	0.6823	0.001	0.1978	0.016	0.001	0.3487	0.004	0.003	0.001	0.4376	0.0709	0.0809	0.013	0.001	0.0889	0.033	0.002	0.001	0.001	0.005	1	0.001	0.001	0.7123	0.1828	0.6973	0.2667	0.1369	0.021	0.01	0.001	0.1009	0.1179	0.8861	0.0519	0.3696	0.001	0.001	0.5744	0.003	0.3946	0.023	0.1209	0.8342	0.3546	0.001	0.2338	0.4186	0.001	0.2857	0.002	0.8002	0.019	0.045	0.002	0.001	0.5305	0.8212	0.6783	0.0619	0.2667	0.001	0.001	0.001	0.8132	0.6613	0.001	0.001	0.047	0.001	0.0609	0.3127	0.1019	0.0999	0.001	0.8911	0.026	0.0599	0.022	0.7263	0.002	0.1249	0.001	0.0709	0.038	0.027	0.001	0.001	0.1199	0.1439	0.004	0.2997	0.2018	0.0889	0.1439	0.1219	0.5504	0.0529	0.3566	0.001	0.1129	0.009	0.4276	0.2927	0.026	0.001	0.02	0.3656	0.1219	0.002	0.001	0.049	0.01	0.001	0.009	0.008	0.006	0.1159	0.031	0.001	0.002	0.3886	0.001	0.001	0.3786	0.0669	0.5644	0.4416	0.7542	0.5335	0.2697	0.003	0.005	0.034	0.99	0.01	0.003	0.1249	0.2617	0.029	0.035	0.001	0.6533	0.002	0.1469	0.6833	0.008	0.001	0.2567	0.4156	0.6304	0.004	0.8122	0.001	0.016	0.3756	0.024	0.8202	0.5894	0.3207	0.001	0.003	0.007	0.0969	0.01	0.032	0.0579	0.4116	0.013	0.002	0.6773	0.016	0.8931	0.001	0.1868	0.4655	0.1648	0.035	0.004	0.8561	0.2517	0.001	0.0519	0.003	0.002	0.001	0.2737	0.009	0.956	0.1598	0.027	0.2827	0.6653	0.4126	0.1508	0.009	0.005	0.002	0.026	0.6214	0.0999	0.03	0.01	0.015	0.1928	0.2917	0.4835	0.6444	0.001	0.001	0.002	0.0649	0.3776	0.025	0.0679	0.001	0.2677	0.1528	0.1459	0.013	0.0829	0.039	0.9391	0.3277	0.1598	0.03	0.01	0.008	0.002	0.8691	0.4296	0.014	0.003	0.009	0.5724	0.3067	0.001	0.0949	0.2657	0.1049	0.1189	0.9371	0.049	0.006	0.034	0.2098	0.003	0.001	0.5375	0.0699	0.3646	0.3357	0.001	0.1508	0.1189	0.013	0.002	0.001	0.001	0.028	0.004	0.2128	0.2488	0.3097	0.001	0.2418	0.002	0.002	0.0509	0.003	0.6533	0.1159	0.8551	0.1309	0.005	0.001	0.002	0.001	0.1029	0.1389	0.003	0.1608	0.001	0.031	0.001	0.001	0.1059	0.001	0.2458	0.02	0.006	0.001	0.009	0.4905	0.001	0.2268	0.1918	0.0719
Sg_B15_22	0.0519	0.001	0.001	0.001	0.001	0.1528	0.0549	0.7622	0.001	0.001	0.036	0.015	0.3457	0.2747	0.3786	0.013	0.8232	0.002	0.6064	0.0779	0.8711	0.002	0.001	0.001	0.2717	0.4376	0.001	0.038	0.003	0.025	0.01	0.9041	0.001	0.001	0.4286	0.003	0.002	0.031	0.1738	0.2667	0.1099	0.3816	0.001	0.022	0.006	0.002	0.9441	0.003	0.1359	0.001	0.4086	0.3836	0.001	1	0.0539	0.6943	0.001	0.001	0.048	0.6673	0.6444	0.001	0.009	0.001	0.1349	0.03	0.963	0.009	0.001	0.003	0.018	0.1668	0.975	0.001	0.039	0.043	0.3986	0.001	0.1079	0.003	0.001	0.001	0.002	0.4106	0.4006	0.0869	0.001	0.001	0.5365	0.7333	0.0679	0.5105	0.1788	0.001	0.005	0.001	0.6414	0.4446	0.001	0.001	0.6484	0.001	0.013	0.6643	0.022	0.0719	0.003	0.1778	0.003	0.2358	0.8302	0.5405	0.6723	0.001	0.0779	0.1878	0.001	0.001	0.0509	0.041	0.002	0.5495	0.001	0.0759	0.1628	0.001	0.021	0.001	0.4346	0.001	0.1598	0.001	0.002	0.003	0.003	0.001	0.009	0.045	0.022	0.001	0.001	0.021	0.001	0.3926	0.008	0.001	0.4226	0.0629	0.001	0.7343	0.2537	0.016	0.004	0.4505	0.001	0.001	0.0959	0.0829	0.956	0.8751	0.3506	0.1818	0.5624	0.3916	0.1069	0.008	0.032	0.001	0.8541	0.022	0.048	0.3966	0.001	0.001	0.4625	0.0549	0.001	0.1848	0.001	0.001	0.2577	0.1528	0.1139	0.2018	0.007	0.002	0.001	0.0649	0.001	0.6713	0.026	0.001	0.001	0.027	0.028	0.9481	0.1159	0.001	0.3746	0.1309	0.005	0.001	0.2647	0.4895	0.2278	0.001	0.001	0.1329	0.1059	0.001	0.04	0.4006	0.1229	0.001	0.5325	0.007	0.007	0.002	0.001	0.7393	0.5215	0.016	0.002	0.2747	0.006	0.001	0.001	0.3047	0.001	0.009	0.002	0.2078	0.035	0.001	0.001	0.006	0.1738	0.3127	0.6394	0.8911	0.005	0.002	0.001	0.0629	0.05	0.001	0.1049	0.002	0.008	0.001	0.003	0.001	0.1059	0.0669	0.003	0.0899	0.016	0.001	0.045	0.029	0.001	0.002	0.013	0.022	0.012	0.001	0.3586	0.1758	0.001	0.001	0.001	0.2567	0.7742	0.015	0.4256	0.032	0.6104	0.003	0.009	0.001	0.001	0.019	0.02	0.1718	0.007	0.5195	0.6523	0.4486	0.2248	0.001	0.007	0.001	0.027	0.006	0.1838	0.0979	0.003	0.1918	0.007	0.001	0.1938	0.001	0.003	0.001	0.001	0.004	0.001	0.002	0.004	0.1538	0.0629	0.7952	0.001	0.6563	0.001	0.8412	0.001	0.002	0.001	0.001	0.2238	0.001	0.005	0.001	0.1189	0.033	0.004	0.001	0.0869	0.001
Sg_B15_23	0.5095	0.017	0.017	0.2388	0.05	0.001	0.1129	0.001	0.008	0.3546	0.2527	0.2907	0.4156	0.004	0.0849	0.0709	0.6673	0.2328	0.9191	0.6374	0.016	0.6953	0.2837	0.2398	0.5644	0.967	0.011	0.012	0.027	0.7602	0.0709	0.3277	0.4466	0.0659	0.027	0.0859	0.007	0.3007	0.011	0.003	0.004	0.0759	0.2697	0.006	0.006	0.001	0.01	0.8511	0.001	0.002	0.001	0.1369	0.001	0.0539	1	0.2378	0.1738	0.039	0.963	0.4246	0.001	0.1159	0.001	0.025	0.984	0.1558	0.1409	0.6853	0.009	0.01	0.7323	0.6673	0.036	0.6324	0.021	0.6693	0.4915	0.0619	0.002	0.4715	0.001	0.4665	0.004	0.012	0.008	0.042	0.0799	0.01	0.9171	0.4126	0.5954	0.005	0.1888	0.001	0.005	0.001	0.3866	0.2757	0.001	0.006	0.001	0.007	0.1019	0.8452	0.8861	0.4725	0.001	0.026	0.8362	0.001	0.001	0.3467	0.01	0.3776	0.001	0.963	0.994	0.8492	0.001	0.001	0.4985	0.1668	0.1798	0.6394	0.3457	0.1558	0.018	0.5914	0.7133	0.7802	0.7133	0.0709	0.1598	0.001	0.4745	0.977	0.991	0.001	0.1489	0.5465	1	0.001	0.002	0.6503	0.014	0.1019	0.001	0.003	0.001	0.6004	0.001	0.001	0.001	0.013	0.018	0.001	0.3566	0.7732	0.3706	0.3746	0.993	0.8791	0.5834	0.001	0.001	0.016	0.4256	0.014	0.001	0.1838	0.5614	0.8402	0.6224	0.001	0.4366	0.001	0.7522	0.3816	0.3357	0.001	0.3736	0.047	0.0629	0.1668	0.971	0.6344	0.6503	0.1538	0.1628	0.5115	0.1269	0.5425	0.001	0.001	0.033	0.4565	0.001	0.2817	0.959	0.2827	0.003	0.007	0.8881	0.0769	0.005	0.001	0.5105	0.1888	0.017	0.1349	0.3866	0.7373	0.5994	0.005	0.986	0.002	0.0849	0.001	0.3397	0.045	0.8941	0.9061	0.8891	0.4136	0.8631	0.2577	0.6024	0.001	0.002	0.001	0.01	0.4675	0.1648	0.2987	0.0629	0.1479	0.008	0.8482	0.986	0.8631	0.001	0.001	0.029	0.0769	0.6004	0.2458	0.027	0.001	0.2198	0.999	0.3497	0.0879	0.5724	0.005	0.3766	0.1409	0.5924	0.2048	0.1349	0.4446	0.022	0.2228	0.3247	0.009	0.005	0.044	0.5425	0.044	0.001	0.6703	0.7552	0.3776	0.03	0.6503	0.9281	0.4755	0.001	0.013	0.5185	0.001	0.6803	0.5944	0.003	0.1928	0.001	0.1518	0.3037	0.2747	0.001	0.001	0.001	0.9321	0.001	0.4466	0.5195	0.0629	0.007	0.6444	0.001	0.044	0.0799	0.021	0.0559	0.8462	0.7053	0.3556	0.1009	0.001	0.5225	0.001	0.2637	0.041	0.1948	0.034	0.001	0.0889	0.001	0.005	0.6813	0.002	0.2028	0.2398	0.013	0.001	0.001	0.6224	0.001	0.6144	0.1419	0.7183
Sg_B15_25	0.0539	0.1309	0.9091	0.6184	0.5305	0.958	0.1389	0.6643	0.3756	0.5305	0.001	0.1538	0.4396	0.012	0.4945	0.5524	0.024	0.1608	0.2198	0.9251	0.5834	0.3237	0.3576	0.6034	0.7872	0.993	0.5904	1	0.3127	0.5275	0.1638	0.0729	0.2028	0.2358	0.2717	0.4985	0.1698	0.7552	0.4256	0.6054	0.3716	0.1119	0.012	0.9221	0.003	0.3686	0.4486	0.003	0.6344	0.3437	0.9491	0.0629	0.7123	0.6943	0.2378	1	0.7562	0.1828	0.9411	0.3487	0.3127	0.8711	0.016	0.3447	0.995	0.0769	0.0539	0.047	0.4945	0.1638	0.3716	0.3826	0.8482	0.017	0.3017	0.1968	0.5395	0.7323	0.4515	0.3636	0.9061	0.1079	0.4625	0.3576	0.6633	0.0959	0.3936	0.975	0.8462	0.02	0.3616	0.5874	0.2308	0.1309	0.6034	0.6024	0.6324	0.0539	0.8082	0.0579	0.3956	0.1768	0.973	0.2368	0.9261	0.966	0.4296	0.1279	0.046	0.4625	0.5065	0.9401	0.6713	0.003	0.5944	0.9351	0.037	0.0709	0.4186	0.998	0.021	0.0729	0.8901	0.5664	0.1289	0.6144	0.2927	0.1099	0.7113	0.2777	0.5734	0.3307	0.7283	0.3077	0.6264	0.4196	0.7522	0.1878	0.031	0.5714	0.2597	0.4116	0.3656	0.7942	0.6154	0.6943	0.2388	0.6883	0.9161	0.2867	0.5155	0.2807	0.3097	0.4925	0.0519	0.2188	0.022	0.8332	0.1349	0.5854	0.0939	0.1568	0.5215	0.1908	0.3407	0.958	0.3077	0.1109	0.3467	0.2058	0.3736	0.1808	0.019	0.6593	0.8651	0.2188	0.1109	0.8631	0.016	0.8102	0.0959	0.0909	0.6314	0.0889	0.2418	0.0759	0.009	0.4755	0.014	0.041	0.001	0.8881	0.7463	0.5035	0.012	0.002	0.2657	0.5005	0.2757	0.7742	0.961	0.1948	0.0609	0.0569	0.7423	0.1399	0.4266	0.005	0.1419	0.976	0.6523	0.1299	0.0969	0.1758	0.4376	0.8372	0.034	0.046	0.5814	0.5604	0.2458	0.7652	0.036	0.2607	0.7772	0.2887	0.1119	0.2438	0.012	0.021	0.5514	0.6903	0.7802	0.8861	0.02	0.004	0.8691	0.1119	0.1099	0.8322	0.2667	0.976	0.0629	0.021	0.7522	0.9201	0.6683	0.95	0.3497	0.0839	0.0829	0.0579	0.7852	0.1588	0.4406	0.5724	0.8342	0.0859	0.5495	0.2038	0.1868	0.1149	0.2278	0.3786	0.6414	0.018	0.013	0.2108	0.4565	0.0619	0.7822	0.001	0.4196	0.1379	0.4286	0.1768	0.1848	0.4396	0.8092	0.5534	0.4256	0.036	0.1808	0.7083	0.8771	0.6643	0.1409	0.1399	0.8941	0.7333	0.979	0.1349	0.2727	0.2917	0.9361	0.2068	0.1578	0.004	0.4935	0.2697	0.2198	0.2168	0.9181	0.5944	0.5574	0.2867	0.2587	0.8142	0.4635	0.0819	0.7153	0.046	0.2348	0.4935	0.7283	0.8811	0.2797	0.4016	0.1469	0.4376	0.017	0.0549	0.0719	0.7003	0.3147	0.5275	0.993	0.2188	0.7193	0.1159
Sg_B15_35	0.001	0.001	0.001	0.001	0.001	0.4466	0.01	0.4675	0.001	0.003	0.003	0.02	0.3327	0.0599	0.005	0.2527	0.993	0.001	0.2498	0.5854	0.4845	0.002	0.001	0.002	0.001	0.0739	0.004	0.001	0.002	0.003	0.001	0.0699	0.001	0.001	0.9461	0.005	0.001	0.044	0.005	0.4955	0.2547	0.8472	0.001	0.011	0.001	0.001	0.5465	0.001	0.01	0.011	0.3826	0.2068	0.1828	0.001	0.1738	0.7562	1	0.001	0.1838	0.7502	0.3776	0.001	0.038	0.001	0.6993	0.001	0.005	0.003	0.001	0.0539	0.004	0.999	0.2957	0.001	0.016	0.001	0.3996	0.001	0.012	0.001	0.001	0.001	0.001	0.8571	0.2468	0.8252	0.015	0.001	0.5514	0.1229	0.002	0.5994	0.035	0.006	0.001	0.001	0.3477	0.2458	0.003	0.001	0.4585	0.001	0.001	0.2557	0.014	0.6523	0.0719	0.4116	0.009	0.7762	0.1948	0.7193	0.7732	0.001	0.0749	0.1179	0.001	0.001	0.031	0.1978	0.001	0.003	0.001	0.9321	0.1518	0.001	0.002	0.001	0.3447	0.001	0.3087	0.001	0.004	0.01	0.039	0.001	0.969	0.2807	0.005	0.001	0.001	0.028	0.001	0.8272	0.1988	0.001	0.007	0.01	0.001	0.3556	0.039	0.2867	0.001	0.2218	0.01	0.001	0.049	0.8721	0.7333	0.5485	0.4835	0.5684	0.009	0.1738	0.006	0.003	0.01	0.001	0.7483	0.038	0.001	0.9431	0.003	0.007	0.4226	0.002	0.001	0.1548	0.001	0.001	0.5005	0.001	0.005	0.001	0.001	0.001	0.001	0.3107	0.001	0.1489	0.001	0.001	0.001	0.013	0.002	0.1139	0.002	0.001	0.5894	0.1598	0.005	0.001	0.012	0.1339	0.3137	0.001	0.2458	0.3996	0.015	0.001	0.3506	0.2927	0.0869	0.001	0.8631	0.001	0.001	0.001	0.001	0.8701	0.6553	0.01	0.004	0.1459	0.001	0.001	0.001	0.015	0.001	0.039	0.1818	0.0989	0.1009	0.001	0.001	0.001	0.3247	0.2797	0.1109	0.4426	0.0629	0.002	0.001	0.2038	0.4496	0.001	0.6004	0.011	0.008	0.001	0.009	0.006	0.021	0.012	0.001	0.013	0.5924	0.001	0.008	0.043	0.001	0.001	0.001	0.001	0.035	0.001	0.035	0.0669	0.001	0.001	0.001	0.034	0.016	0.001	0.4166	0.9041	0.044	0.037	0.009	0.012	0.001	0.001	0.001	0.0879	0.01	0.4645	0.2597	0.2078	0.6384	0.001	0.001	0.001	0.001	0.006	0.0759	0.034	0.001	0.7483	0.001	0.001	0.6254	0.001	0.0869	0.001	0.001	0.001	0.001	0.001	0.0519	0.8322	0.019	0.7822	0.001	0.2737	0.004	0.6933	0.001	0.02	0.001	0.001	0.001	0.001	0.005	0.002	0.0969	0.002	0.002	0.001	0.1698	0.001
Sg_B15_52	0.01	0.1419	0.2468	0.008	0.004	0.0549	0.017	0.001	0.7552	0.001	0.2547	0.0589	0.2737	0.6384	0.7672	0.0769	0.5954	0.1069	0.1508	0.1449	0.009	0.003	0.001	0.003	0.025	0.5305	0.007	0.001	0.0509	0.001	0.001	0.9061	0.001	0.038	0.031	0.006	0.2338	0.012	0.04	0.4905	0.7003	0.3407	0.001	0.006	0.7363	0.5534	0.008	0.006	0.3976	0.9151	0.019	0.045	0.6973	0.001	0.039	0.1828	0.001	1	0.004	0.027	0.2468	0.009	0.7303	0.001	0.006	0.001	0.8821	0.002	0.003	0.002	0.001	0.0999	0.035	0.001	0.001	0.001	0.9111	0.004	0.001	0.0969	0.7782	0.003	0.5475	0.2687	0.6833	0.2847	0.002	0.001	0.6104	0.9341	0.037	0.042	0.2378	0.985	0.03	0.015	0.5345	0.3776	0.7572	0.0689	0.001	0.2627	0.001	0.1548	0.011	0.0559	0.2867	0.023	0.027	0.002	0.001	0.3207	0.6523	0.002	0.1459	0.1948	0.01	0.001	0.5634	0.0739	0.001	0.8492	0.001	0.002	0.5455	0.001	0.6673	0.001	0.8551	0.001	0.001	0.001	0.018	0.4106	0.001	0.001	0.01	0.02	0.5325	0.001	0.002	0.2737	0.018	0.0839	0.8811	0.002	0.6583	0.96	0.022	0.6134	0.7832	0.1908	0.4066	0.0719	0.1808	0.1678	0.028	0.1319	0.1039	0.5125	0.9301	0.006	0.0999	0.005	0.2198	0.1489	0.005	0.2328	0.001	0.9201	0.001	0.044	0.032	0.8092	0.1019	0.8971	0.001	0.9391	0.013	0.1369	0.3636	0.7313	0.1439	0.005	0.001	0.0649	0.005	0.001	0.1798	0.1179	0.002	0.001	0.2727	0.3207	0.3926	0.3207	0.968	0.001	0.049	0.025	0.6064	0.0549	0.0609	0.5894	0.001	0.2128	0.1678	0.0889	0.0509	0.002	0.015	0.2537	0.3097	0.1019	0.1349	0.7313	0.5604	0.6663	0.001	0.3137	0.0539	0.0719	0.006	0.7263	0.001	0.001	0.001	0.6863	0.7063	0.8372	0.1499	0.5744	0.009	0.004	0.0679	0.006	0.001	0.0519	0.6284	0.3407	0.2847	0.966	0.1528	0.5954	0.1988	0.009	0.017	0.5415	0.03	0.002	0.6264	0.015	0.027	0.6843	0.002	0.6214	0.004	0.005	0.04	0.009	0.002	0.002	0.001	0.9041	0.029	0.1169	0.003	0.6174	0.5475	0.003	0.001	0.1059	0.001	0.002	0.0989	0.5405	0.3766	0.5375	0.02	0.6843	0.001	0.037	0.001	0.0859	0.2128	0.3267	0.5584	0.3666	0.002	0.003	0.2527	0.001	0.0569	0.0789	0.0679	0.1279	0.6923	0.046	0.3247	0.001	0.5814	0.009	0.001	0.001	0.001	0.029	0.003	0.6903	0.001	0.0669	0.012	0.0719	0.001	0.006	0.8342	0.979	0.0649	0.3137	0.001	0.1868	0.8941	0.002	0.4595	0.7532	0.6763	0.001	0.6204	0.001	0.1169	0.001
Sg_B19_17	0.035	0.0969	0.0979	0.0579	0.0509	0.8392	0.003	0.7413	0.6963	0.018	0.1968	0.02	0.7353	0.958	0.4535	0.023	0.957	0.0619	0.1459	0.4246	0.5504	0.037	0.018	0.005	0.1658	0.8821	0.027	0.021	0.1099	0.039	0.013	0.7133	0.001	0.0599	0.1339	0.0809	0.2438	0.014	0.018	0.953	0.1019	0.2228	0.011	0.0519	0.3736	0.2527	0.6384	0.005	0.5485	0.1349	0.5085	0.015	0.2667	0.048	0.963	0.9411	0.1838	0.004	1	0.1139	0.8192	0.008	0.4146	0.025	0.2727	0.038	0.5744	0.031	0.001	0.037	0.1269	0.3746	0.7642	0.016	0.1179	0.5954	0.0999	0.0589	0.4885	0.0539	0.044	0.007	0.2717	0.1818	0.2597	0.3866	0.046	0.001	0.5185	0.0839	0.5814	0.1858	0.0839	0.0809	0.03	0.1379	0.1578	0.99	0.6184	0.0639	0.1279	0.0899	0.0719	0.5934	0.007	0.2577	0.6434	0.5165	0.004	0.4875	0.1109	0.049	0.5315	0.008	0.4975	0.033	0.003	0.043	0.4625	0.7043	0.011	0.4276	0.0829	0.0709	0.1858	0.001	0.2268	0.002	0.8681	0.003	0.006	0.019	0.008	0.4116	0.6254	0.2238	0.036	0.6843	0.1169	0.004	0.013	0.4146	0.033	0.7073	0.4496	0.0569	0.5275	0.8681	0.0679	0.965	0.7572	0.9071	0.2298	0.1998	0.013	0.1998	0.016	0.0659	0.6194	0.8332	0.0779	0.0659	0.1379	0.4755	0.8292	0.2278	0.005	0.2248	0.1698	0.3097	0.1029	0.1768	0.0869	0.6583	0.4226	0.1289	0.012	0.2028	0.042	0.1598	0.5065	0.7942	0.016	0.024	0.042	0.2847	0.1389	0.001	0.6663	0.1109	0.4865	0.001	0.029	0.2917	0.3417	0.4825	0.4476	0.006	0.1878	0.019	0.2567	0.0999	0.0569	0.0759	0.4605	0.3407	0.3257	0.1219	0.1199	0.006	0.037	0.9331	0.3766	0.1768	0.5624	0.3497	0.1758	0.6194	0.001	0.9101	0.003	0.024	0.003	0.042	0.1279	0.004	0.002	0.9131	0.0589	0.2977	0.023	0.027	0.0649	0.011	0.1279	0.041	0.2268	0.1099	0.7682	0.2597	0.964	0.8711	0.1309	0.8122	0.004	0.002	0.011	0.8052	0.022	0.001	0.7113	0.2268	0.032	0.4605	0.0939	0.7083	0.013	0.001	0.022	0.035	0.02	0.003	0.003	0.4975	0.005	0.035	0.9061	0.4565	0.2338	0.002	0.001	0.1768	0.1578	0.3497	0.5974	0.01	0.8891	0.7722	0.1618	0.5085	0.013	0.2308	0.0729	0.05	0.8981	0.7832	0.959	0.2418	0.1848	0.013	0.4895	0.002	0.034	0.027	0.047	0.8861	0.1229	0.001	0.04	0.013	0.985	0.021	0.001	0.005	0.001	0.0679	0.001	0.5285	0.009	0.6164	0.019	0.6004	0.001	0.3786	0.8092	0.1099	0.028	0.2507	0.026	0.1698	0.0679	0.1329	0.2677	0.6523	0.4216	0.006	0.8771	0.003	0.3137	0.014
Sg_B19_30	0.7622	0.5854	0.8791	0.5355	0.6264	0.009	0.4276	0.006	0.008	0.1009	0.009	0.8891	0.6484	0.006	0.5914	0.2567	0.7423	0.4406	0.0919	0.5235	0.016	0.009	0.2138	0.8781	0.028	0.7323	0.6434	0.015	0.5614	0.3117	0.7403	0.02	0.1978	0.1449	0.011	0.1918	0.036	0.3457	0.6004	0.7842	0.022	0.1958	0.2278	0.002	0.014	0.1948	0.003	0.3117	0.031	0.04	0.0799	0.956	0.1369	0.6673	0.4246	0.3487	0.7502	0.027	0.1139	1	0.3946	0.8102	0.9031	0.3606	0.016	0.021	0.0729	0.7133	0.3636	0.5794	0.002	0.5694	0.001	0.985	0.001	0.014	0.01	0.6843	0.003	0.1788	0.1838	0.4436	0.009	0.0719	0.8531	0.003	0.5125	0.1049	0.2697	0.1439	0.2028	0.1219	0.007	0.017	0.1499	0.7283	0.006	0.2188	0.1688	0.4436	0.0779	0.6623	0.015	0.04	0.5455	0.1479	0.008	0.6124	0.1349	0.001	0.006	0.6883	0.2517	0.4905	0.001	0.4126	0.4545	0.2657	0.0909	0.017	0.5944	0.2328	0.5844	0.01	0.3097	0.2178	0.0699	0.3097	0.3457	0.7902	0.042	0.7453	0.2877	0.002	0.1139	0.0629	0.036	0.2488	0.007	0.2208	0.2498	0.8601	0.1758	0.2398	0.3866	0.046	0.2408	0.4176	0.7363	0.6194	0.2697	0.039	0.6114	0.0619	0.2218	0.6863	0.023	0.4176	0.1059	0.1638	0.0789	0.008	0.5145	0.963	0.0909	0.8801	0.5495	0.8002	0.001	0.0709	0.003	0.2018	0.6074	0.0839	0.5824	0.4795	0.1469	0.5145	0.5814	0.0849	0.0559	0.7862	0.3736	0.1648	0.013	0.0619	0.1119	0.012	0.0599	0.02	0.1179	0.001	0.8571	0.5854	0.004	0.025	0.3357	0.8062	0.0979	0.3257	0.4306	0.1219	0.001	0.2078	0.1568	0.2438	0.3666	0.02	0.003	0.8731	0.048	0.011	0.1229	0.034	0.0879	0.006	0.012	0.0809	0.0579	0.018	0.1598	0.0729	0.5225	0.0689	0.004	0.2468	0.5784	0.2258	0.1768	0.1119	0.6454	0.4366	0.2108	0.9231	0.8492	0.4016	0.012	0.025	0.009	0.01	0.0839	0.9401	0.037	0.1139	0.017	0.1688	0.001	0.5584	0.6274	0.5185	0.5734	0.2867	0.3467	0.025	0.001	0.5994	0.038	0.2917	0.2388	0.2478	0.3057	0.5375	0.2597	0.009	0.8062	0.3167	0.029	0.1818	0.2218	0.8971	0.1179	0.6374	0.019	0.016	0.1658	0.2168	0.2767	0.0689	0.9421	0.032	0.5025	0.047	0.004	0.1469	0.009	0.7483	0.7433	0.3487	0.1069	0.3746	0.002	0.4256	0.4376	0.4685	0.3796	0.001	0.001	0.0819	0.5425	0.957	0.3247	0.2258	0.001	0.5824	0.002	0.027	0.7572	0.003	0.0849	0.0859	0.5345	0.5335	0.5155	0.002	0.1499	1	0.8242	0.1678	0.2468	0.0609	0.024	0.3586	0.006	0.1269	0.4775	0.004	0.021	0.2937	0.4875	0.7962
Sg_B19_40	0.954	0.3347	0.0829	0.4945	0.7952	0.012	0.3167	0.001	0.1069	0.7582	0.5544	0.4895	0.8801	0.018	0.044	0.1868	0.3437	0.9281	0.5225	0.9311	0.3506	0.4895	0.7792	0.2747	0.976	0.1239	0.0609	0.0509	0.1648	0.8472	0.1908	0.8771	0.9151	0.3357	0.2737	0.2977	0.0519	0.3327	0.014	0.001	0.3556	0.0829	0.8971	0.0759	0.005	0.015	0.023	0.8062	0.044	0.028	0.0649	0.6883	0.021	0.6444	0.001	0.3127	0.3776	0.2468	0.8192	0.3946	1	0.2288	0.001	0.0889	0.8332	0.7353	0.6593	0.4865	0.6673	0.5405	0.5974	0.9301	0.3167	0.2957	0.2358	0.3696	0.6693	0.3746	0.2567	0.3696	0.009	0.6184	0.2078	0.1528	0.002	0.1469	0.3307	0.021	0.0729	0.2308	0.023	0.8841	0.3656	0.0759	0.028	0.2727	0.3327	0.4216	0.011	0.5834	0.003	0.5594	0.037	0.05	0.6364	0.4635	0.001	0.3776	0.3317	0.3057	0.004	0.2957	0.003	0.4226	0.003	0.7133	0.6523	0.967	0.012	0.002	0.7532	0.2927	0.4206	0.5475	0.6863	0.6244	0.1788	0.5674	0.034	0.4396	0.2977	0.4685	0.0739	0.02	0.015	0.4785	0.6374	0.001	0.8432	0.8601	0.2438	0.001	0.4116	0.6683	0.7373	0.5445	0.001	0.004	0.002	0.5325	0.001	0.002	0.001	0.2527	0.1179	0.006	0.023	0.4146	0.0789	0.2318	0.2697	0.3586	0.5345	0.022	0.1409	0.017	0.8212	0.4106	0.002	0.4995	0.8012	0.5325	0.9311	0.021	0.2817	0.001	0.6264	0.0819	0.5105	0.014	0.2068	0.022	0.006	0.9091	0.2837	0.2278	0.5914	0.9261	0.5465	0.4156	0.4605	0.0619	0.0969	0.001	0.0599	0.2418	0.001	0.4286	0.9021	0.4456	0.005	0.1748	0.5165	0.2767	0.0629	0.019	0.0649	0.0919	0.8781	0.3606	0.7383	0.8591	0.6993	0.1898	0.6693	0.0539	0.4426	0.1029	0.1578	0.0669	0.0599	0.8402	0.967	0.039	0.6843	0.7572	0.8002	0.001	0.1429	0.0559	0.1748	0.6893	0.0999	0.018	0.8082	0.1838	0.3936	0.3776	0.1039	0.8282	0.002	0.006	0.1868	0.5964	0.7163	0.0689	0.0799	0.001	0.7912	0.96	0.5834	0.4456	0.7473	0.1568	0.8202	0.4226	0.2168	0.043	0.3367	0.2208	0.2328	0.3946	0.6314	0.1778	0.001	0.8751	0.017	0.0939	0.004	0.8062	0.7692	0.029	0.6184	0.3616	0.6284	0.7033	0.001	0.2468	0.2148	0.004	0.3946	0.1548	0.1069	0.0629	0.007	0.1578	0.2238	0.8641	0.001	0.005	0.0829	0.4446	0.02	0.3776	0.5584	0.035	0.2008	0.5714	0.001	0.8541	0.009	0.2697	0.011	0.4755	0.4885	0.4226	0.6683	0.02	0.3007	0.002	0.2537	0.015	0.8462	0.2228	0.0669	0.7023	0.2428	0.2997	0.3217	0.0659	0.024	0.9191	0.7652	0.003	0.001	0.7023	0.008	0.9461	0.013	0.8941
Sg_B19_58	0.002	0.001	0.005	0.002	0.003	0.2338	0.001	0.9191	0.001	0.003	0.003	0.005	0.2338	0.009	0.0579	0.1269	0.5794	0.001	0.4416	0.8192	0.2607	0.1429	0.005	0.043	0.1029	0.8302	0.002	0.026	0.036	0.005	0.006	0.5225	0.001	0.001	0.4396	0.017	0.001	0.1159	0.001	0.7423	0.6563	0.7353	0.001	0.1578	0.003	0.002	0.7892	0.001	0.042	0.006	0.5594	0.001	0.01	0.001	0.1159	0.8711	0.001	0.009	0.008	0.8102	0.2288	1	0.009	0.001	0.6254	0.001	0.3936	0.001	0.001	0.001	0.031	0.8521	0.0959	0.001	0.959	0.035	0.0539	0.001	0.2577	0.001	0.001	0.001	0.001	0.015	0.012	0.5025	0.011	0.011	0.8521	0.7612	0.1608	0.4535	0.0899	0.0739	0.001	0.014	0.1658	0.5524	0.1339	0.003	0.5225	0.003	0.0619	0.016	0.0799	0.8861	0.0679	0.4715	0.001	0.6593	0.4256	0.006	0.978	0.001	0.1688	0.0749	0.001	0.001	0.0609	0.2458	0.001	0.1528	0.002	0.966	0.001	0.005	0.007	0.001	0.0749	0.001	0.0639	0.001	0.002	0.001	0.7463	0.007	0.6004	0.3796	0.001	0.001	0.001	0.0809	0.001	0.1548	0.028	0.001	0.004	0.963	0.001	0.2807	0.0709	0.035	0.001	0.6553	0.021	0.013	0.1099	0.7772	0.5385	0.5854	0.3407	0.7233	0.002	0.1429	0.3317	0.7333	0.001	0.001	0.3357	0.016	0.048	0.5015	0.002	0.0889	0.8082	0.003	0.001	0.2258	0.0819	0.007	0.3536	0.01	0.025	0.3576	0.002	0.005	0.001	0.1049	0.002	0.7872	0.039	0.006	0.004	0.015	0.001	0.5794	0.003	0.001	0.7602	0.1758	0.9241	0.001	0.1089	0.002	0.8841	0.001	0.3586	0.0759	0.2468	0.001	0.7882	0.3576	0.001	0.001	0.2358	0.001	0.001	0.022	0.001	0.5504	0.1568	0.0579	0.001	0.8841	0.026	0.001	0.001	0.015	0.003	0.001	0.1538	0.014	0.01	0.001	0.2607	0.001	0.6104	0.5604	0.1259	0.4026	0.015	0.0519	0.001	0.2028	0.5594	0.001	0.0649	0.034	0.001	0.001	0.5964	0.031	0.025	0.015	0.02	0.0659	0.2298	0.0919	0.001	0.2148	0.001	0.022	0.001	0.007	0.026	0.001	0.1499	0.3986	0.002	0.001	0.001	0.3427	0.7453	0.1219	0.2667	0.2877	0.0569	0.001	0.009	0.0739	0.001	0.001	0.003	0.2448	0.001	0.6184	0.5864	0.4735	0.974	0.001	0.001	0.001	0.004	0.001	0.1399	0.01	0.001	0.048	0.001	0.001	0.3886	0.001	0.0979	0.001	0.012	0.004	0.001	0.001	0.048	0.2997	0.007	0.4655	0.001	0.8472	0.1988	0.028	0.019	0.1069	0.001	0.001	0.3307	0.001	0.001	0.004	0.039	0.0939	0.0979	0.001	0.8791	0.001
Sg_B23_42	0.4725	0.003	0.001	0.2128	0.002	0.006	0.001	0.017	0.002	0.001	0.4186	0.001	0.4356	0.5425	0.01	0.2647	0.9271	0.1399	0.2078	0.6903	0.3457	0.2258	0.9071	0.001	0.9281	0.1888	0.001	0.0859	0.002	0.1938	0.2977	0.5624	0.1479	0.042	0.3187	0.018	0.001	0.1568	0.002	0.003	0.0909	0.1279	0.3367	0.2527	0.014	0.016	0.034	0.1618	0.0839	0.006	0.2887	0.003	0.001	0.009	0.001	0.016	0.038	0.7303	0.4146	0.9031	0.001	0.009	1	0.031	0.2607	0.9421	0.002	0.1628	0.001	0.002	0.1948	0.6893	0.1928	0.0559	0.5824	0.012	0.032	0.002	0.8352	0.1668	0.001	0.4276	0.001	0.0819	0.004	0.027	0.002	0.001	0.6054	0.1079	0.0989	0.004	0.1698	0.032	0.002	0.019	0.8172	0.5804	0.003	0.032	0.002	0.003	0.3566	0.6064	0.009	0.5594	0.001	0.4905	0.001	0.2817	0.029	0.1059	0.004	0.0589	0.011	0.027	0.1808	0.1049	0.001	0.005	0.1059	0.01	0.005	0.0669	0.2028	0.014	0.0939	0.0599	0.1429	0.1119	0.1109	0.014	0.006	0.012	0.4436	0.041	0.2158	0.003	0.01	0.1429	0.1908	0.001	0.001	0.5844	0.1129	0.029	0.001	0.0869	0.001	0.7083	0.001	0.001	0.001	0.2168	0.0869	0.007	0.8681	0.3986	0.1059	0.1608	0.7812	0.0529	0.0549	0.001	0.5165	0.1838	0.1968	0.002	0.1159	0.0719	0.1838	0.2108	0.1149	0.003	0.0709	0.001	0.027	0.1988	0.5874	0.001	0.8192	0.017	0.0799	0.0809	0.048	0.4076	0.2967	0.6374	0.7243	0.033	0.001	0.4096	0.002	0.001	0.021	0.3217	0.001	0.0899	0.2468	0.1219	0.042	0.003	0.7413	0.0729	0.011	0.002	0.032	0.003	0.1389	0.003	0.2627	0.9151	0.7752	0.003	0.2507	0.001	0.021	0.029	0.3786	0.024	0.4126	0.3826	0.1748	0.8751	0.1588	0.023	0.1209	0.001	0.039	0.002	0.004	0.0509	0.014	0.016	0.4845	0.1289	0.5524	0.03	0.2947	0.5135	0.001	0.048	0.002	0.8921	0.5954	0.001	0.1269	0.002	0.5085	0.2498	0.3317	0.6384	0.024	0.2048	0.1888	0.4865	0.005	0.2228	0.019	0.7493	0.001	0.1349	0.3756	0.0559	0.001	0.2128	0.02	0.9161	0.002	0.2078	0.049	0.1528	0.9341	0.2028	0.3886	0.0839	0.001	0.1429	0.012	0.001	0.3546	0.1568	0.6264	0.4156	0.001	0.0819	0.6623	0.2248	0.003	0.005	0.001	0.1728	0.001	0.012	0.1009	0.0789	0.002	0.001	0.001	0.003	0.034	0.006	0.2857	0.012	0.04	0.01	0.007	0.003	0.3516	0.001	0.011	0.0719	0.015	0.5275	0.001	0.026	0.01	0.013	0.3287	0.001	0.041	0.024	0.1159	0.001	0.001	0.2018	0.004	0.4426	0.0969	0.2637
Sg_B25_10	0.005	0.001	0.002	0.001	0.001	0.5375	0.007	0.9311	0.001	0.001	0.024	0.003	0.5614	0.045	0.007	0.3886	0.8362	0.001	0.1808	0.8531	0.7093	0.011	0.001	0.007	0.019	0.3526	0.001	0.0619	0.001	0.002	0.005	0.6054	0.001	0.001	0.7153	0.001	0.001	0.013	0.005	0.2128	0.6264	0.8352	0.003	0.2837	0.001	0.004	0.6613	0.005	0.031	0.002	0.4226	0.2657	0.1009	0.001	0.025	0.3447	0.001	0.001	0.025	0.3606	0.0889	0.001	0.031	1	0.7982	0.038	0.4106	0.002	0.001	0.002	0.002	0.4965	0.8871	0.001	0.1658	0.002	0.0519	0.001	0.0599	0.026	0.002	0.003	0.001	0.2987	0.0879	0.2418	0.002	0.001	0.95	0.1548	0.028	0.7882	0.2977	0.001	0.001	0.001	0.5574	0.5095	0.001	0.001	0.6124	0.002	0.001	0.2767	0.014	0.7702	0.031	0.7892	0.004	0.8282	0.5924	0.8541	0.953	0.002	0.0829	0.0969	0.001	0.001	0.021	0.045	0.001	0.2148	0.001	0.8432	0.1149	0.001	0.021	0.001	0.3826	0.001	0.037	0.001	0.019	0.001	0.006	0.001	0.8851	0.0799	0.001	0.001	0.001	0.001	0.001	0.5235	0.032	0.001	0.006	0.1399	0.001	0.1409	0.002	0.018	0.001	0.8601	0.002	0.001	0.001	0.4655	0.1958	0.6803	0.9161	0.969	0.01	0.4735	0.0599	0.032	0.021	0.001	0.8172	0.038	0.002	0.3467	0.001	0.009	0.5225	0.001	0.001	0.6194	0.006	0.001	0.5694	0.024	0.001	0.004	0.001	0.005	0.001	0.3596	0.001	0.3776	0.002	0.002	0.002	0.001	0.001	0.3916	0.001	0.001	0.3956	0.029	0.007	0.001	0.1658	0.1548	0.9241	0.001	0.1518	0.3037	0.5495	0.001	0.4565	0.955	0.011	0.001	0.1598	0.001	0.002	0.001	0.001	0.8541	0.8182	0.0889	0.001	0.2328	0.001	0.001	0.001	0.01	0.002	0.004	0.043	0.1598	0.007	0.001	0.003	0.001	0.6843	0.4695	0.3736	0.8701	0.022	0.002	0.001	0.1928	0.8012	0.001	0.3387	0.002	0.023	0.001	0.1618	0.004	0.01	0.1259	0.004	0.1558	0.1109	0.001	0.005	0.1149	0.001	0.006	0.003	0.005	0.001	0.001	0.0559	0.012	0.003	0.001	0.001	0.6134	0.0699	0.012	0.2557	0.9181	0.013	0.018	0.013	0.002	0.001	0.001	0.005	0.1469	0.004	0.1439	0.997	0.6104	0.3716	0.001	0.001	0.001	0.001	0.005	0.037	0.02	0.001	0.6593	0.001	0.001	0.3986	0.001	0.0949	0.001	0.001	0.009	0.001	0.002	0.04	0.8482	0.003	0.6414	0.001	0.9241	0.004	0.7203	0.001	0.1648	0.001	0.001	0.3966	0.001	0.006	0.001	0.002	0.003	0.008	0.001	0.8192	0.001
Sg_B25_38	0.8721	0.2348	0.8062	0.1598	0.3287	0.95	0.8651	0.5684	0.032	0.011	0.1449	0.5534	0.001	0.1269	0.1069	0.6174	0.045	0.0979	0.001	0.001	0.041	0.8412	0.4805	0.009	0.9041	0.009	0.004	0.7802	0.6494	0.8422	0.5095	0.995	0.0519	0.3327	0.036	0.8232	0.1129	0.6214	0.0719	0.031	0.1269	0.021	0.2488	0.023	0.3756	0.5445	0.6074	0.4805	0.3776	0.5035	0.1189	0.2867	0.1179	0.1349	0.984	0.995	0.6993	0.006	0.2727	0.016	0.8332	0.6254	0.2607	0.7982	1	0.1169	0.9071	0.1568	0.1379	0.2637	0.4845	0.001	0.008	0.1798	0.0749	0.3427	0.1668	0.4066	0.01	0.7712	0.2917	0.8392	0.001	0.005	0.2138	0.7233	0.001	0.0859	0.8741	0.005	0.1029	0.8761	0.1499	0.7922	0.7203	0.4945	0.7862	0.0609	0.3596	0.4905	0.8312	0.1129	0.7892	0.3536	0.9441	0.001	0.4905	0.4785	0.4715	0.015	0.5694	0.5285	0.1508	0.4296	0.7433	0.5415	0.2248	0.8162	0.6144	0.4625	0.024	0.3546	0.2887	0.001	0.8482	0.01	0.4635	0.1149	0.6783	0.1558	0.1419	0.6893	0.0569	0.006	0.973	0.7243	0.001	0.8971	0.006	0.8062	0.3277	0.1459	0.3257	0.001	0.3706	0.004	0.3756	0.4006	0.5614	0.001	0.9111	0.6354	0.1678	0.012	0.008	0.2278	0.038	0.001	0.3626	0.4066	0.0759	0.001	0.0709	0.9041	0.951	0.1948	0.6533	0.7962	0.4216	0.039	0.969	0.001	0.02	0.2288	0.2208	0.3706	0.0619	0.4545	0.1169	0.4635	0.961	0.5664	0.033	0.4066	0.8951	0.4436	0.6024	0.024	0.0799	0.001	0.6813	0.0749	0.2308	0.0639	0.4525	0.4136	0.4436	0.2008	0.001	0.4356	0.4655	0.0869	0.1479	0.6753	0.02	0.7283	0.6354	0.5355	0.003	0.2777	0.026	0.001	0.957	0.0939	0.001	0.05	0.04	0.3816	0.5045	0.022	0.1239	0.7612	0.9201	0.7253	0.4256	0.3976	0.1059	0.7572	0.8002	0.8591	0.019	0.2857	0.0799	0.4975	0.1698	0.7562	0.1269	0.001	0.5195	0.3117	0.8212	0.3556	0.1668	0.6893	0.1838	0.1019	0.0539	0.1518	0.6344	0.3257	0.0719	0.2448	0.4336	0.6743	0.017	0.0519	0.0559	0.2448	0.8751	0.961	0.4116	0.7862	0.9231	0.007	0.03	0.2468	0.4885	0.1808	0.8621	0.3297	0.1828	0.7982	0.0659	0.5155	0.001	0.7393	0.6244	0.3856	0.4176	0.3217	0.1518	0.5944	0.0679	0.4635	0.0649	0.3147	0.8671	0.001	0.5055	0.6104	0.04	0.9491	0.6224	0.6913	0.4815	0.001	0.3387	0.5085	0.952	0.3187	0.3177	0.6454	0.001	0.9021	0.0699	0.9341	0.1978	0.5175	0.1618	0.3207	0.977	0.8382	0.1648	1	0.4246	0.8791	0.0509	0.0989	0.3716	0.1808	0.021	0.5924	0.024	0.5105	0.5514	0.0919	0.3946	0.3636	0.1289	0.8272
Sg_B26_35	0.007	0.0629	0.1698	0.1209	0.0889	0.0759	0.0599	0.023	0.5584	0.036	0.5335	0.1479	0.5794	0.3896	0.4815	0.016	0.7922	0.3077	0.5694	0.4246	0.1449	0.2637	0.006	0.03	0.013	0.1229	0.1718	0.002	0.8362	0.022	0.002	0.9271	0.001	0.2597	0.3317	0.1598	0.4545	0.2717	0.019	0.3636	0.8891	0.6254	0.001	0.012	0.2228	0.8382	0.004	0.001	0.0719	0.5664	0.2498	0.2108	0.8861	0.03	0.1558	0.0769	0.001	0.001	0.038	0.021	0.7353	0.001	0.9421	0.038	0.1169	1	0.6543	0.001	0.036	0.0609	0.002	0.3656	0.2148	0.018	0.003	0.005	0.9171	0.001	0.005	0.003	0.4505	0.001	0.1508	0.4545	0.1918	0.1998	0.0709	0.0529	0.3726	0.8821	0.8711	0.0869	0.5764	0.4905	0.0829	0.3736	0.8072	0.0979	0.0989	0.4535	0.032	0.7662	0.001	0.3766	0.2088	0.2917	0.2388	0.1199	0.009	0.004	0.002	0.002	0.974	0.001	0.008	0.5315	0.005	0.001	0.0879	0.3097	0.001	0.2717	0.007	0.047	0.1099	0.013	0.5724	0.001	0.0819	0.002	0.032	0.0559	0.0839	0.9421	0.6813	0.001	0.0959	0.1798	0.1868	0.003	0.002	0.4346	0.1289	0.3257	0.4805	0.01	0.4246	0.0789	0.1169	0.6773	0.8032	0.1528	0.2567	0.3277	0.1289	0.4835	0.7033	0.4236	0.03	0.7403	0.7023	0.1798	0.1049	0.003	0.9091	0.1449	0.001	0.2118	0.032	0.992	0.002	0.5085	0.037	0.9171	0.989	0.3077	0.001	0.5085	0.1548	0.8551	0.8661	0.8841	0.1469	0.0949	0.002	0.014	0.025	0.002	0.1988	0.5025	0.3906	0.003	0.5924	0.2717	0.6154	0.6593	0.7103	0.014	0.3017	0.2857	0.0889	0.0859	0.1189	0.6803	0.001	0.029	0.1229	0.3666	0.1828	0.2058	0.038	0.9361	0.009	0.1668	0.973	0.6723	0.2567	0.8032	0.003	0.7792	0.015	0.004	0.006	0.2727	0.001	0.001	0.001	0.982	0.1658	0.4166	0.8921	0.3756	0.007	0.001	0.3866	0.004	0.02	0.4226	0.3956	0.6713	0.1409	0.6693	0.0909	0.4246	0.022	0.1638	0.0759	0.4745	0.002	0.003	0.2178	0.3177	0.3996	0.7173	0.008	0.979	0.5934	0.4835	0.1259	0.012	0.029	0.01	0.001	0.4505	0.041	0.0909	0.0679	0.6743	0.7033	0.001	0.002	0.3237	0.2338	0.009	0.4805	0.1489	0.8022	0.1578	0.2907	0.6004	0.008	0.1738	0.001	0.6883	0.4326	0.014	0.6683	0.7323	0.033	0.049	0.2637	0.002	0.2088	0.2388	0.2498	0.6384	0.3506	0.4715	0.2388	0.028	0.7033	0.1029	0.003	0.001	0.001	0.0899	0.011	0.966	0.007	0.6693	0.0749	0.5934	0.007	0.021	0.2997	0.8472	0.3257	0.9361	0.001	0.2987	0.6763	0.022	0.7253	0.3227	0.7752	0.003	0.4486	0.001	0.4406	0.026
Sg_B26_38	0.004	0.1209	0.975	0.5375	0.2717	0.3886	0.2148	0.5914	0.6783	0.7073	0.002	0.033	0.2178	0.1279	0.3546	0.025	0.1878	0.02	0.2358	0.1459	0.7223	0.973	0.002	0.4985	0.4066	0.3267	0.6553	0.4436	0.3307	0.8771	0.001	0.009	0.1059	0.002	0.2707	0.8921	0.3287	0.4436	0.5994	0.2787	0.1908	0.6104	0.036	0.035	0.0649	0.3197	0.0679	0.018	0.1938	0.2897	0.7143	0.8511	0.0519	0.963	0.1409	0.0539	0.005	0.8821	0.5744	0.0729	0.6593	0.3936	0.002	0.4106	0.9071	0.6543	1	0.0529	0.8012	0.6254	0.3207	0.6484	0.8262	0.027	0.1259	0.3636	0.8272	0.7692	0.1019	0.014	0.4595	0.007	0.2957	0.0529	0.5524	0.3087	0.6923	0.1369	0.01	0.013	0.018	0.0679	0.009	0.4216	0.5335	0.5874	0.005	0.002	0.4755	0.0569	0.1269	0.3017	0.5325	0.008	0.5754	0.3427	0.7682	0.8192	0.1568	0.6693	0.4396	0.027	0.015	0.0639	0.7003	0.1299	0.02	0.003	0.1199	0.8112	0.0549	0.001	0.968	0.0949	0.0949	0.7732	0.1039	0.0669	0.5275	0.015	0.014	0.023	0.1319	0.4775	0.1149	0.4555	0.5125	0.1958	0.3526	0.003	0.003	0.5804	0.987	0.8901	0.4096	0.8032	0.6693	0.992	0.2887	0.2368	0.9141	0.0539	0.8082	0.045	0.037	0.3546	0.3746	0.6743	0.4725	0.012	0.8751	0.008	0.7772	0.009	0.012	0.4525	0.5095	0.5994	0.0869	0.95	0.4486	0.4635	0.1548	0.9401	0.6314	0.7103	0.4496	0.0719	0.05	0.9441	0.1189	0.027	0.3047	0.001	0.4975	0.016	0.003	0.4855	0.002	0.008	0.3287	0.6054	0.8861	0.5864	0.027	0.007	0.6593	0.026	1	0.1528	0.4915	0.1029	0.0529	0.0529	0.1179	0.2727	0.2567	0.001	0.3437	0.2597	0.021	0.5205	0.1389	0.1608	0.5085	0.1938	0.1379	0.6174	0.5075	0.025	0.2507	0.3976	0.019	0.0799	0.5834	0.0849	0.039	0.8521	0.0779	0.3616	0.5245	0.2527	0.049	0.012	0.012	0.015	0.9151	0.005	0.003	0.026	0.2847	0.4985	0.2108	0.2378	0.7053	0.8551	0.0679	0.997	0.016	0.02	0.041	0.1439	0.1848	0.1988	0.8741	0.2507	0.1389	0.9211	0.8392	0.4276	0.049	0.019	0.7582	0.4505	0.3347	0.017	0.2378	0.4116	0.3866	0.024	0.2827	0.004	0.1778	0.4775	0.9241	0.016	0.6583	0.1528	0.1968	0.2408	0.2637	0.004	0.2887	0.2687	0.9231	0.966	0.4006	0.1578	0.2438	0.6084	0.1399	0.042	0.3047	0.7223	0.1568	0.2697	0.1409	0.0579	0.979	0.2028	0.048	0.1219	0.3097	0.034	0.3337	0.7702	0.6114	0.0939	0.2438	0.004	0.3057	0.2078	0.4126	0.1958	0.7642	0.6683	0.1399	0.6923	0.004	0.1429	0.001	0.3906	0.0829	0.4226	0.2408	0.6813	0.5914	0.009	0.3646	0.029
Sg_B26_4	0.001	0.004	0.1079	0.006	0.002	0.7882	0.001	0.9461	0.003	0.001	0.001	0.7552	0.9181	0.012	0.1608	0.5964	0.1668	0.001	0.9461	0.1109	0.6973	0.8342	0.026	0.001	0.5455	0.003	0.001	0.6963	0.2288	0.035	0.018	0.0629	0.001	0.001	0.958	0.0839	0.001	0.5415	0.001	0.8302	0.959	0.4915	0.001	0.3497	0.002	0.036	0.4326	0.001	0.6424	0.003	0.8741	0.021	0.3696	0.009	0.6853	0.047	0.003	0.002	0.031	0.7133	0.4865	0.001	0.1628	0.002	0.1568	0.001	0.0529	1	0.001	0.001	0.1449	0.3127	0.7792	0.001	0.006	0.025	0.3417	0.001	0.007	0.001	0.025	0.001	0.001	0.9111	0.3287	0.0519	0.001	0.0549	0.1059	0.5285	0.2697	0.3017	0.2747	0.1558	0.032	0.032	0.005	0.001	0.4695	0.042	0.5984	0.015	0.6933	0.001	0.2068	0.3377	0.4076	0.3566	0.001	0.2448	0.2937	0.1169	0.9131	0.001	0.5504	0.9461	0.001	0.001	0.2418	0.972	0.001	0.2008	0.003	0.2198	0.001	0.028	0.019	0.001	0.001	0.001	0.024	0.001	0.011	0.004	0.2388	0.007	0.1728	0.5844	0.001	0.001	0.001	0.0619	0.001	0.5275	0.0809	0.002	0.1069	0.8671	0.001	0.7962	0.1379	0.2977	0.1279	0.8781	0.015	0.1748	0.2068	0.0799	0.0509	0.021	0.7932	0.5624	0.002	0.037	0.1628	0.5205	0.001	0.002	0.3556	0.1459	0.1009	0.5295	0.001	0.3666	0.1199	0.1179	0.001	0.0589	0.026	0.1209	0.1059	0.006	0.0679	0.016	0.009	0.001	0.001	0.1419	0.004	0.962	0.1469	0.04	0.0669	0.002	0.001	0.1359	0.1179	0.001	0.1908	0.3626	0.5425	0.001	0.8262	0.003	0.034	0.001	0.2747	0.8641	0.972	0.001	0.7453	0.7213	0.001	0.001	0.7183	0.001	0.001	0.0509	0.024	0.978	0.0859	0.0559	0.001	0.9361	0.1059	0.001	0.001	0.1399	0.001	0.001	0.049	0.8561	0.024	0.001	0.0529	0.001	0.0779	0.8921	0.001	0.031	0.3946	0.3516	0.001	0.2867	0.6653	0.001	0.0809	0.6254	0.001	0.001	0.7333	0.002	0.9131	0.3277	0.1508	0.3007	0.1698	0.019	0.034	0.0889	0.001	0.002	0.001	0.002	0.008	0.002	0.7013	0.011	0.0539	0.001	0.001	0.0639	0.3886	0.0919	0.6513	0.951	0.3177	0.006	0.012	0.041	0.033	0.001	0.001	0.6773	0.011	0.8841	0.035	0.7842	0.5554	0.001	0.008	0.003	0.001	0.0849	0.7862	0.009	0.001	0.1459	0.005	0.001	0.8232	0.002	0.036	0.001	0.015	0.001	0.004	0.005	0.0709	0.5325	0.2278	0.5584	0.001	0.2787	0.8871	0.4785	0.024	0.2667	0.001	0.001	0.1179	0.01	0.01	0.1898	0.015	0.0529	0.4585	0.001	0.5654	0.006
Sg_B27_18	0.001	0.001	0.001	0.001	0.001	0.034	0.001	0.2627	0.001	0.001	0.001	0.002	0.2238	0.034	0.008	0.02	0.5684	0.001	0.2687	0.0839	0.1219	0.028	0.005	0.001	0.2757	0.8571	0.001	0.2058	0.001	0.003	0.038	0.4775	0.001	0.001	0.5584	0.001	0.001	0.003	0.001	0.2158	0.0549	0.955	0.001	0.4296	0.002	0.001	0.3217	0.001	0.005	0.001	0.6244	0.001	0.001	0.001	0.009	0.4945	0.001	0.003	0.001	0.3636	0.6673	0.001	0.001	0.001	0.1379	0.036	0.8012	0.001	1	0.001	0.005	0.1489	0.1459	0.001	0.0509	0.013	0.036	0.001	0.0629	0.003	0.001	0.002	0.001	0.6434	0.0619	0.4066	0.001	0.001	0.8112	0.6354	0.2547	0.5634	0.5754	0.001	0.001	0.001	0.8641	0.7113	0.001	0.001	0.9161	0.001	0.2238	0.2118	0.001	0.0669	0.002	0.4805	0.001	0.7173	0.6723	0.1798	0.2847	0.001	0.015	0.002	0.001	0.001	0.002	0.011	0.001	0.5884	0.001	0.1199	0.001	0.001	0.002	0.001	0.8621	0.001	0.0529	0.001	0.001	0.002	0.1658	0.001	0.0679	0.045	0.001	0.001	0.001	0.029	0.001	0.8222	0.002	0.001	0.01	0.4026	0.001	0.7143	0.1988	0.001	0.001	0.8192	0.001	0.001	0.008	0.005	0.2737	0.9451	0.6484	0.1029	0.002	0.96	0.01	0.2587	0.002	0.001	0.2368	0.018	0.004	0.0909	0.001	0.001	0.8072	0.004	0.001	0.6603	0.001	0.001	0.2767	0.004	0.0649	0.3157	0.001	0.019	0.001	0.3247	0.005	0.2428	0.001	0.001	0.001	0.003	0.001	0.7323	0.022	0.001	0.2527	0.008	0.1279	0.001	0.2807	0.001	0.7832	0.001	0.2757	0.4396	0.1918	0.001	0.031	0.7333	0.005	0.001	0.1628	0.001	0.001	0.001	0.001	0.8571	0.6533	0.029	0.001	0.0859	0.001	0.002	0.001	0.0789	0.001	0.001	0.002	0.0619	0.0929	0.001	0.002	0.001	0.8571	0.1389	0.3536	0.965	0.003	0.001	0.001	0.6743	0.1968	0.001	0.026	0.002	0.013	0.001	0.0829	0.001	0.002	0.006	0.048	0.2547	0.022	0.001	0.002	0.041	0.001	0.005	0.001	0.003	0.002	0.001	0.1289	0.02	0.001	0.001	0.001	0.031	0.1848	0.007	0.3027	0.019	0.3187	0.001	0.009	0.001	0.001	0.003	0.034	0.044	0.001	0.0689	0.7522	0.1119	0.3896	0.001	0.001	0.001	0.001	0.001	0.01	0.03	0.001	0.016	0.001	0.001	0.5485	0.001	0.004	0.001	0.001	0.004	0.001	0.001	0.003	0.0569	0.001	0.7063	0.001	0.7413	0.001	0.001	0.001	0.001	0.001	0.001	0.9371	0.001	0.003	0.001	0.0619	0.005	0.001	0.001	0.6943	0.001
Sg_B27_6	0.005	0.001	0.001	0.001	0.001	0.036	0.001	0.3047	0.002	0.001	0.007	0.006	0.2078	0.031	0.0629	0.0619	0.5055	0.013	0.4426	0.2787	0.1808	0.1209	0.2308	0.005	0.9411	0.0609	0.001	0.5295	0.002	0.001	0.4006	0.3157	0.006	0.001	0.0939	0.001	0.001	0.006	0.001	0.011	0.012	0.8761	0.003	0.1848	0.007	0.002	0.8262	0.003	0.1339	0.002	0.2308	0.001	0.001	0.003	0.01	0.1638	0.0539	0.002	0.037	0.5794	0.5405	0.001	0.002	0.002	0.2637	0.0609	0.6254	0.001	0.001	1	0.028	0.2567	0.3107	0.006	0.7732	0.018	0.007	0.001	0.1918	0.004	0.001	0.01	0.001	0.1469	0.01	0.1139	0.001	0.001	0.4625	0.3816	0.2338	0.3866	0.5045	0.001	0.001	0.001	0.5425	0.7453	0.002	0.001	0.3596	0.012	0.8382	0.4296	0.005	0.2867	0.002	0.4476	0.001	0.4915	0.8142	0.2408	0.4446	0.001	0.2318	0.009	0.004	0.003	0.003	0.014	0.001	0.2757	0.002	0.1309	0.002	0.007	0.4645	0.001	0.1419	0.002	0.033	0.001	0.036	0.001	0.1828	0.0519	0.2527	0.013	0.002	0.022	0.013	0.004	0.001	0.4046	0.006	0.004	0.0809	0.6274	0.001	0.4056	0.1568	0.001	0.004	0.0549	0.02	0.003	0.019	0.1219	0.04	0.7043	0.02	0.1379	0.044	0.8042	0.1798	0.5445	0.003	0.001	0.4116	0.012	0.0899	0.2088	0.0589	0.002	0.1548	0.0969	0.001	0.6464	0.003	0.001	0.8042	0.9481	0.2168	0.4725	0.05	0.0679	0.004	0.8931	0.2078	0.5884	0.008	0.008	0.008	0.01	0.002	0.1499	0.1339	0.001	0.2148	0.011	0.2058	0.002	0.8901	0.001	0.1818	0.001	0.6104	0.2737	0.8372	0.004	0.0659	0.8911	0.013	0.002	0.2218	0.001	0.003	0.001	0.012	0.1309	0.1568	0.1608	0.001	0.0609	0.007	0.012	0.002	0.1588	0.027	0.001	0.005	0.039	0.034	0.003	0.0569	0.002	0.9331	0.2607	0.0709	0.3457	0.001	0.015	0.001	0.984	0.6484	0.001	0.011	0.011	0.009	0.003	0.5834	0.004	0.003	0.038	0.9091	0.4306	0.1848	0.001	0.002	0.1608	0.001	0.1688	0.004	0.036	0.01	0.002	0.4116	0.0799	0.001	0.001	0.001	0.019	0.2188	0.0849	0.2977	0.0739	0.3217	0.012	0.1309	0.002	0.046	0.04	0.2088	0.1289	0.002	0.7642	0.1359	0.1608	0.2018	0.002	0.001	0.006	0.001	0.001	0.027	0.1409	0.002	0.0579	0.002	0.001	0.03	0.001	0.027	0.02	0.024	0.049	0.001	0.002	0.046	0.002	0.002	0.3327	0.001	0.6673	0.001	0.001	0.008	0.005	0.0629	0.001	0.952	0.001	0.023	0.001	0.023	0.006	0.016	0.04	0.5465	0.1199
Sg_C02_30	0.5325	0.0599	0.011	0.008	0.017	0.1688	0.018	0.012	0.7153	0.002	0.9371	0.002	0.8342	0.2308	0.4995	0.037	0.1538	0.7203	0.6384	0.6713	0.6583	0.005	0.001	0.019	0.001	0.995	0.039	0.002	0.021	0.005	0.015	0.3966	0.005	0.0869	0.2877	0.013	0.6134	0.001	0.1039	0.5704	0.8721	0.3237	0.001	0.0799	0.8991	0.9071	0.005	0.7802	0.6893	0.2537	0.0819	0.0979	0.5744	0.018	0.7323	0.3716	0.004	0.001	0.1269	0.002	0.5974	0.031	0.1948	0.002	0.4845	0.002	0.3207	0.1449	0.005	0.028	1	0.99	0.2847	0.007	0.002	0.001	0.9181	0.0659	0.003	0.3686	0.6464	0.4056	0.2438	0.4895	0.1459	0.0669	0.033	0.001	0.4126	0.6264	0.0789	0.029	0.4236	0.7073	0.019	0.1748	0.0919	0.0979	0.8142	0.2328	0.023	0.6164	0.001	0.049	0.001	0.1469	0.7073	0.049	0.7243	0.009	0.006	0.2018	0.5135	0.3746	0.0989	0.007	0.1489	0.1099	0.7982	0.7502	0.0919	0.4695	0.037	0.0819	0.9201	0.001	0.3427	0.01	0.4545	0.1249	0.004	0.012	0.1558	0.7063	0.0699	0.001	0.5385	0.5824	0.7762	0.001	0.0929	0.0659	0.025	0.994	0.8422	0.003	0.2398	0.4486	0.0829	0.5614	0.1538	0.5644	0.008	0.8961	0.0869	0.1568	0.047	0.6923	0.001	0.2298	0.4196	0.003	0.019	0.009	0.4825	0.4196	0.2557	0.9261	0.001	0.5594	0.001	0.5944	0.0719	0.7413	0.5974	0.1119	0.004	0.2947	0.048	0.2877	0.012	0.4386	0.041	0.2268	0.001	0.8651	0.4366	0.003	0.4046	0.1009	0.001	0.001	0.6024	0.0629	0.5744	0.009	0.1199	0.001	0.8601	0.001	0.6174	0.1159	0.037	0.9401	0.1039	0.0789	0.012	0.001	0.3566	0.002	0.001	0.3197	0.5814	0.3127	0.5864	0.8771	0.7642	0.983	0.001	0.1848	0.0639	0.0949	0.027	0.2238	0.001	0.001	0.1039	0.3017	0.5724	0.1289	0.4426	0.3317	0.005	0.03	0.4735	0.4336	0.028	0.1778	0.0729	0.043	0.6883	0.8901	0.2827	0.015	0.0559	0.044	0.008	0.8312	0.4066	0.032	0.5465	0.5085	0.001	0.7423	0.002	0.6394	0.011	0.024	0.2008	0.036	0.017	0.023	0.042	0.7133	0.018	0.4386	0.001	0.8392	0.2138	0.1868	0.001	0.8841	0.001	0.001	0.963	0.2138	0.5644	0.967	0.2567	0.4635	0.001	0.5854	0.004	0.007	0.8072	0.99	0.968	0.6763	0.0569	0.001	0.6444	0.001	0.1029	0.1928	0.001	0.7113	0.8601	0.004	0.022	0.005	0.033	0.043	0.001	0.001	0.001	0.8072	0.001	0.4196	0.001	0.4096	0.002	0.8601	0.001	0.004	0.8681	0.3337	0.1878	0.5375	0.1169	0.1219	0.3047	0.002	0.2258	0.8771	0.1459	0.001	0.6064	0.001	0.3477	0.0989
Sg_C03_36	0.3686	0.2378	0.8941	0.2517	0.4845	0.6184	0.3477	0.9191	0.8412	0.005	0.1109	0.95	0.001	0.5514	0.1518	0.2068	0.1359	0.0749	0.001	0.001	0.3776	0.8182	0.6464	0.045	0.3287	0.0899	0.001	0.1648	0.8172	0.7113	0.7253	0.3576	0.3047	0.3337	0.3976	0.6883	0.6184	0.991	0.2937	0.1119	0.2707	0.034	0.3167	0.1219	0.3706	0.3497	0.6464	0.1528	0.7912	0.7822	0.2647	0.3876	0.003	0.1668	0.6673	0.3826	0.999	0.0999	0.3746	0.5694	0.9301	0.8521	0.6893	0.4965	0.001	0.3656	0.6484	0.3127	0.1489	0.2567	0.99	1	0.021	0.1778	0.2418	0.1059	0.4515	0.7822	0.011	0.1748	0.6394	0.3317	0.006	0.001	0.4595	0.6943	0.002	0.2927	0.968	0.1968	0.2677	0.0959	0.2637	0.7393	0.4525	0.3786	0.7113	0.0509	0.6573	0.6164	0.034	0.0729	0.4995	0.8212	0.9311	0.001	0.7682	0.6014	0.2388	0.0599	0.6513	0.4645	0.3576	0.1758	0.4535	0.8472	0.0959	0.2498	0.8731	0.964	0.044	0.6573	0.7323	0.001	0.2088	0.8961	0.951	0.1489	0.7083	0.1159	0.96	0.6154	0.0929	0.047	0.8362	0.6024	0.001	0.3586	0.1259	0.973	0.2617	0.3566	0.4795	0.001	0.2927	0.2368	0.5025	0.7962	0.6114	0.001	0.7233	0.5155	0.2478	0.0589	0.0799	0.0909	0.4226	0.001	0.4705	0.3067	0.1518	0.029	0.971	0.7213	0.6354	0.8821	0.5564	0.7732	0.966	0.026	0.1568	0.001	0.1528	0.1688	0.1638	0.6264	0.5544	0.4026	0.0559	0.7343	0.2747	0.7702	0.1209	0.4086	0.3666	0.025	0.6144	0.0799	0.9071	0.008	0.6054	0.1518	0.5315	0.3536	0.9151	0.8721	0.6174	0.3566	0.001	0.7502	0.9221	0.2557	0.9341	0.2967	0.005	0.6204	0.7722	0.6124	0.003	0.1429	0.0529	0.001	0.3896	0.3237	0.001	0.1029	0.3756	0.2388	0.5594	0.6364	0.4705	0.6993	0.4815	0.6144	0.956	0.3317	0.033	0.7393	0.5974	0.5554	0.047	0.023	0.3856	0.2198	0.3636	0.4565	0.1748	0.001	0.2198	0.5604	0.7453	0.972	0.5584	0.6583	0.1748	0.3077	0.8991	0.5824	0.1628	0.3057	0.047	0.1209	0.5265	0.7792	0.2727	0.0599	0.2118	0.6893	0.1928	0.1828	0.5475	0.2398	0.7133	0.015	0.2617	0.2408	0.1848	0.2687	0.6573	0.2607	0.8012	0.1239	0.1009	0.3956	0.001	0.6404	0.5455	0.5095	0.028	0.5504	0.0819	0.8521	0.2218	0.8961	0.1598	0.6993	0.3846	0.001	0.1738	0.8272	0.042	0.5315	0.7892	0.8282	0.5634	0.016	0.5664	0.9261	0.8761	0.4206	0.7013	0.6434	0.0529	0.7592	0.965	0.4625	0.5265	0.977	0.1149	0.1299	0.6034	0.954	0.1878	0.9291	0.1439	0.6593	0.1409	0.1209	0.1039	0.2158	0.037	0.6374	0.1379	0.3626	0.9261	0.988	0.8162	0.5365	0.7622	0.957
Sg_C04_25	0.9211	0.004	0.1299	0.5095	0.0789	0.0909	0.1888	0.0999	0.029	0.0709	0.007	0.2867	0.0999	0.0599	0.014	0.6324	0.7932	0.003	0.021	0.2617	0.001	0.953	0.9331	0.6144	0.3736	0.8202	0.4505	0.1099	0.3337	0.2987	0.3576	0.8162	0.5335	0.02	0.001	0.1349	0.003	0.2627	0.2018	0.3027	0.1968	0.4835	0.6843	0.1648	0.021	0.1429	0.1239	0.1798	0.01	0.041	0.4875	0.1808	0.3946	0.975	0.036	0.8482	0.2957	0.035	0.7642	0.001	0.3167	0.0959	0.1928	0.8871	0.008	0.2148	0.8262	0.7792	0.1459	0.3107	0.2847	0.021	1	0.2498	0.012	0.8501	0.3287	0.6793	0.002	0.027	0.1029	0.7962	0.002	0.0889	0.2867	0.7532	0.6523	0.3087	0.8292	0.3217	0.6304	0.048	0.1119	0.043	0.1279	0.8801	0.026	0.971	0.3347	0.1538	0.017	0.983	0.1289	0.1299	0.2088	0.0899	0.017	0.7822	0.4046	0.04	0.003	0.7792	0.5355	0.5435	0.013	0.022	0.5864	0.1578	0.026	0.0519	0.2378	0.5445	0.8511	0.022	0.2517	0.4246	0.0659	0.4426	0.968	0.5215	0.1878	0.1748	0.4975	0.001	0.4036	0.4685	0.003	0.016	0.001	0.3257	0.3047	0.9401	0.008	0.013	0.046	0.8671	0.1568	0.0599	0.7862	0.034	0.2537	0.1139	0.2677	0.9151	0.7213	0.6943	0.6523	0.2148	0.6004	0.4366	0.007	0.019	0.01	0.7393	0.1638	0.6803	0.6054	0.012	0.003	0.003	0.8142	0.009	0.8911	0.4565	0.7283	0.0919	0.7433	0.8661	0.9441	0.0969	0.6244	0.0979	0.8032	0.7013	0.7872	0.7812	0.031	0.017	0.2877	0.008	0.8462	0.0529	0.2937	0.6753	0.045	0.5764	0.0829	0.1079	0.016	0.1988	0.2727	0.001	0.3117	0.014	0.001	0.038	0.5644	0.5395	0.001	0.028	0.1029	0.006	0.1608	0.003	0.014	0.001	0.005	0.0799	0.5305	0.5524	0.013	0.2078	0.7602	0.2088	0.4316	0.7762	0.2288	0.1778	0.004	0.027	0.9401	0.048	0.1439	0.7203	0.9331	0.8891	0.004	0.019	0.1109	0.8232	0.1009	0.2847	0.005	0.2937	0.017	0.8981	0.3776	0.0729	0.5884	0.5524	0.2707	0.1778	0.0689	0.0559	0.4695	0.1828	0.7512	0.7712	0.2957	0.6484	0.015	0.2098	0.7073	0.003	0.987	0.012	0.2997	0.4266	0.007	0.8212	0.991	0.7163	0.0819	0.7962	0.01	0.2577	0.2458	0.001	0.8052	0.0569	0.4036	0.042	0.0549	0.1059	0.001	0.0929	0.5265	0.0659	0.013	0.979	0.001	0.8601	0.049	0.3237	0.2298	0.001	0.001	0.4655	0.1089	0.015	0.6653	0.01	0.013	0.7672	0.015	0.2857	0.2498	0.007	0.2777	0.1069	0.1998	0.1029	0.996	0.034	0.2897	0.1289	0.3227	0.4036	0.8252	0.001	0.0969	0.4196	0.001	0.0899	0.4176	0.3526	0.1139	0.3447	0.3377	0.2567
Sg_C04_33	0.001	0.001	0.001	0.002	0.001	0.3427	0.001	0.7003	0.001	0.002	0.001	0.2188	0.7163	0.007	0.002	0.2178	0.7253	0.001	0.6553	0.0889	0.1618	0.007	0.001	0.001	0.4286	0.5225	0.001	0.1249	0.003	0.007	0.001	0.048	0.001	0.001	0.8102	0.009	0.001	0.1329	0.001	0.968	0.7682	0.9211	0.001	0.2108	0.001	0.001	0.3766	0.001	0.001	0.001	0.8891	0.003	0.023	0.001	0.6324	0.017	0.001	0.001	0.016	0.985	0.2957	0.001	0.0559	0.001	0.1798	0.018	0.027	0.001	0.001	0.006	0.007	0.1778	0.2498	1	0.009	0.008	0.3826	0.002	0.002	0.001	0.001	0.001	0.001	0.1409	0.9241	0.0649	0.001	0.001	0.009	0.034	0.002	0.951	0.027	0.002	0.001	0.001	0.2018	0.013	0.001	0.001	0.5025	0.001	0.1349	0.002	0.032	0.0989	0.1109	0.4286	0.001	0.7562	0.7662	0.6853	0.5415	0.001	0.004	0.2617	0.001	0.001	0.043	0.2148	0.001	0.014	0.004	0.6224	0.001	0.001	0.001	0.001	0.9121	0.001	0.2168	0.001	0.002	0.001	0.8212	0.001	0.2727	0.966	0.001	0.001	0.001	0.045	0.001	0.8332	0.1788	0.001	0.004	0.0899	0.002	0.6553	0.045	0.1079	0.004	0.0519	0.001	0.001	0.004	0.1479	0.7682	0.1039	0.8711	0.8322	0.002	0.4216	0.003	0.01	0.002	0.001	0.1309	0.027	0.028	0.6224	0.001	0.001	0.977	0.008	0.001	0.5824	0.001	0.001	0.3217	0.001	0.0539	0.002	0.001	0.001	0.001	0.4865	0.001	0.5634	0.007	0.003	0.001	0.006	0.001	0.1279	0.012	0.001	0.6963	0.2418	0.007	0.001	0.2757	0.002	0.1978	0.001	0.0909	0.6354	0.0899	0.001	0.0939	0.5305	0.001	0.001	0.4915	0.001	0.001	0.001	0.001	0.9141	0.7223	0.014	0.001	0.2967	0.002	0.001	0.001	0.044	0.001	0.002	0.007	0.8392	0.0779	0.001	0.001	0.001	0.3556	0.7193	0.008	0.1369	0.0699	0.003	0.001	0.0809	0.3536	0.001	0.6593	0.01	0.001	0.001	0.01	0.001	0.0989	0.008	0.001	0.0619	0.0769	0.001	0.003	0.01	0.001	0.001	0.001	0.001	0.003	0.001	0.2737	0.0929	0.001	0.001	0.001	0.008	0.1099	0.004	0.9451	0.2498	0.0979	0.01	0.001	0.038	0.001	0.001	0.002	0.5035	0.001	0.2587	0.9431	0.9261	1	0.001	0.001	0.001	0.001	0.019	0.2717	0.025	0.001	0.3307	0.001	0.001	0.7572	0.001	0.032	0.001	0.003	0.001	0.001	0.001	0.01	0.4036	0.1648	0.987	0.001	0.7393	0.007	0.7732	0.001	0.022	0.001	0.001	0.018	0.001	0.001	0.001	0.0569	0.02	0.001	0.001	0.9281	0.001
Sg_C14_34	0.0909	0.6583	0.3916	0.5265	0.0719	0.004	0.1928	0.002	0.4645	0.003	0.3267	0.4016	0.5684	0.1618	0.5085	0.4206	0.2557	0.9371	0.3696	0.05	0.015	0.015	0.001	0.013	0.0649	0.8222	0.0909	0.021	0.5125	0.7063	0.044	0.7592	0.001	0.2787	0.0689	0.8212	0.8062	0.5914	0.8501	0.8032	0.6903	0.1039	0.003	0.001	0.984	0.7702	0.4496	0.1259	0.4006	0.7373	0.049	0.6923	0.1209	0.039	0.021	0.3017	0.016	0.001	0.1179	0.001	0.2358	0.959	0.5824	0.1658	0.0749	0.003	0.1259	0.006	0.0509	0.7732	0.002	0.2418	0.012	0.009	1	0.0709	0.004	0.0909	0.001	0.034	0.2987	0.1489	0.6484	0.002	0.6264	0.5385	0.008	0.0759	0.6873	0.1149	0.2817	0.002	0.4076	0.4486	0.8232	0.1938	0.964	0.2368	0.5385	0.3217	0.019	0.1698	0.013	0.4905	0.8272	0.026	0.009	0.4585	0.2947	0.001	0.024	0.5524	0.0809	0.018	0.1848	0.5365	0.1518	0.031	0.0519	0.0509	0.1548	0.4555	0.1079	0.0809	0.1299	0.049	0.996	0.005	0.8631	0.1159	0.1898	0.0759	0.0689	0.0909	0.1319	0.002	0.017	0.035	0.5125	0.004	0.005	0.9241	0.5714	0.1618	0.965	0.017	0.2977	0.7173	0.4346	0.4496	0.5375	0.0789	0.956	0.046	0.1259	0.2338	0.8402	0.04	0.2687	0.019	0.1479	0.1608	0.7882	0.3317	0.954	0.1878	0.047	0.3117	0.021	0.3247	0.007	0.0839	0.001	0.5744	0.1518	0.6184	0.016	0.2677	0.002	0.4935	0.8212	0.1499	0.6274	0.001	0.001	0.4665	0.3277	0.014	0.2228	0.3756	0.0849	0.001	0.5564	0.7552	0.962	0.0739	0.3916	0.039	0.1868	0.9061	0.5415	0.5704	0.2148	0.8222	0.003	0.3526	0.3926	0.8182	0.3237	0.1489	0.0649	0.2288	0.7752	0.7602	0.3097	0.1758	0.6064	0.2438	0.001	0.044	0.5504	0.1089	0.048	0.6623	0.002	0.011	0.022	0.3117	0.2168	0.5425	0.1199	0.1179	0.6054	0.017	0.048	0.0749	0.001	0.4376	0.4785	0.5195	0.1399	0.9101	0.8981	0.6603	0.049	0.1668	0.4545	0.4795	0.0689	0.003	0.9471	0.007	0.6913	0.4246	0.003	0.2897	0.0549	0.0529	0.7073	0.1688	0.1748	0.001	0.002	0.4705	0.5325	0.9041	0.0589	0.4236	0.967	0.034	0.01	0.4875	0.015	0.006	0.3347	0.5764	0.1538	0.7153	0.0959	0.3666	0.1199	0.2707	0.016	0.969	0.0659	0.6853	0.6833	0.7772	0.002	0.0939	0.036	0.01	0.2348	0.1538	0.8551	0.3017	0.2607	0.8751	0.9221	0.0939	0.1429	0.0859	0.001	0.004	0.03	0.5764	0.1648	0.952	0.2178	0.013	0.7572	0.013	0.001	0.045	0.4915	0.4236	0.036	0.0519	0.003	0.6464	0.2358	0.01	0.05	0.2188	0.5824	0.001	0.3327	0.004	0.1229	0.0519
Sg_CA11_3	0.3876	0.0549	0.011	0.005	0.01	0.1778	0.016	0.046	0.8501	0.004	0.2587	0.006	0.5255	0.6234	0.1089	0.5924	0.7792	0.2268	0.5564	0.8082	0.5045	0.008	0.001	0.003	0.007	0.2138	0.021	0.2458	0.039	0.021	0.013	0.4346	0.002	0.0639	0.3317	0.029	0.5435	0.032	0.013	0.3726	0.7003	0.5744	0.003	0.2707	0.4466	0.4046	0.003	0.5544	0.5894	0.975	0.2438	0.1918	0.8342	0.043	0.6693	0.1968	0.001	0.001	0.5954	0.014	0.3696	0.035	0.012	0.002	0.3427	0.005	0.3636	0.025	0.013	0.018	0.001	0.1059	0.8501	0.008	0.0709	1	0.7203	0.014	0.011	0.5445	0.978	0.7532	0.0749	0.975	0.6134	0.5245	0.018	0.008	0.5504	0.2697	0.3017	0.997	0.4645	0.8062	0.1439	0.1259	0.1039	0.2398	0.3377	0.4086	0.9221	0.964	0.003	0.5634	0.004	0.5934	0.5025	0.2717	0.6354	0.0539	0.1149	0.4496	0.8691	0.3077	0.1249	0.1928	0.1838	0.047	0.1049	0.6014	0.0509	0.3816	0.009	0.029	0.8541	0.001	0.5235	0.009	0.5854	0.0619	0.01	0.012	0.024	0.7393	0.2258	0.001	0.7912	0.4985	0.8382	0.001	0.1998	0.034	0.031	0.8591	0.7542	0.002	0.0869	0.5584	0.008	0.5684	0.1688	0.8661	0.021	0.7662	0.1089	0.1379	0.5025	0.8581	0.001	0.6643	0.5245	0.003	0.1149	0.015	0.7612	0.1898	0.1339	0.3626	0.018	0.0979	0.001	0.4096	0.1628	0.4386	0.8801	0.1139	0.001	0.986	0.3057	0.1069	0.037	0.1059	0.2607	0.0879	0.001	0.6044	0.2008	0.0509	0.8991	0.0689	0.001	0.003	0.0569	0.044	0.991	0.046	0.1379	0.001	0.5894	0.045	0.2687	0.0989	0.025	0.6074	0.4645	0.031	0.034	0.001	0.4555	0.003	0.022	0.2847	0.6963	0.1499	0.9201	0.3137	0.6663	0.989	0.001	0.4635	0.1818	0.2737	0.2118	0.6354	0.001	0.002	0.0629	0.1299	0.5524	0.8551	0.8971	0.3926	0.038	0.012	0.6154	0.3586	0.011	0.0729	0.8521	0.3756	0.6833	0.3876	0.2557	0.02	0.4466	0.029	0.005	0.2887	0.4905	0.3077	0.6104	0.6384	0.0549	0.3077	0.003	0.7223	0.0659	0.1668	0.4226	0.6134	0.006	0.1099	0.1868	0.4296	0.006	0.0519	0.001	0.5365	0.1788	0.1668	0.001	0.2597	0.002	0.001	0.8741	0.3397	0.2148	0.8302	0.1379	0.5634	0.001	0.6354	0.01	0.2058	0.6054	0.977	0.963	0.4845	0.9241	0.002	0.5205	0.022	0.025	0.1449	0.041	0.993	0.3177	0.0559	0.023	0.013	0.04	0.018	0.001	0.001	0.001	0.5455	0.028	0.2198	0.1189	0.5315	0.008	0.7892	0.004	0.037	0.6374	0.6683	0.1189	0.4955	0.2168	0.022	0.8671	0.018	0.7812	0.3187	0.0679	0.001	0.6454	0.001	0.9431	0.026
Sg_CA11_45	0.02	0.0949	0.0739	0.007	0.3896	0.032	0.002	0.1299	0.008	0.9331	0.0939	0.001	0.4126	0.4146	0.0999	0.9331	0.2767	0.046	0.5125	0.5195	0.022	0.5574	0.2527	0.8182	0.0889	0.3037	0.5275	0.6783	0.038	0.005	0.4575	0.042	0.8192	0.025	0.039	0.001	0.016	0.011	0.2617	0.8921	0.0939	0.1239	0.3826	0.2238	0.002	0.041	0.5055	0.0759	0.012	0.0709	0.9301	0.015	0.3546	0.3986	0.4915	0.5395	0.3996	0.9111	0.0999	0.01	0.6693	0.0539	0.032	0.0519	0.1668	0.9171	0.8272	0.3417	0.036	0.007	0.9181	0.4515	0.3287	0.3826	0.004	0.7203	1	0.2827	0.2338	0.2877	0.021	0.025	0.002	0.048	0.027	0.1558	0.8911	0.5544	0.8332	0.8771	0.972	0.05	0.5085	0.014	0.003	0.5664	0.1379	0.3227	0.2537	0.0929	0.5385	0.9481	0.6384	0.1049	0.001	0.4525	0.01	0.1648	0.0559	0.003	0.3147	0.6154	0.1618	0.0779	0.1289	0.01	0.038	0.3127	0.0889	0.5634	0.0689	0.2128	0.5155	0.5455	0.5445	0.3726	0.2757	0.0609	0.3127	0.2158	0.9341	0.015	0.4336	0.007	0.6124	0.9341	0.1538	0.5634	0.001	0.2627	0.8651	0.6074	0.008	0.1469	0.4735	0.7073	0.01	0.1678	0.007	0.1778	0.2308	0.0959	0.2218	0.1978	0.3257	0.3177	0.016	0.2857	0.4745	0.002	0.1788	0.9011	0.1429	0.6783	0.4306	0.1578	0.2238	0.0509	0.0759	0.006	0.4156	0.3626	0.6084	0.0969	0.2308	0.3067	0.0689	0.8911	0.6274	0.004	0.9411	0.9451	0.0899	0.5724	0.8621	0.5035	0.0849	0.7243	0.1419	0.9411	0.6244	0.975	0.1538	0.5205	0.044	0.031	0.3077	0.018	0.2577	0.009	0.3716	0.003	0.1099	0.0849	0.0609	0.1808	0.4975	0.4136	0.1379	0.015	0.6364	0.04	0.1848	0.006	0.4745	0.001	0.002	0.1808	0.3866	0.1399	0.6464	0.9461	0.034	0.1598	0.8871	0.2687	0.0729	0.2318	0.7542	0.011	0.4466	0.001	0.7762	0.3227	0.7133	0.1548	0.2398	0.6943	0.8571	0.0969	0.1199	0.7293	0.012	0.046	0.4765	0.0739	0.2378	0.8701	0.1538	0.1698	0.0819	0.4755	0.001	0.3596	0.3377	0.5584	0.7592	0.7133	0.006	0.7253	0.011	0.2168	0.1159	0.1708	0.5245	0.0699	0.1658	0.2328	0.0829	0.0609	0.5275	0.1269	0.2507	0.5135	0.1878	0.6633	0.1898	0.0959	0.4036	0.1978	0.005	0.1848	0.7592	0.033	0.002	0.028	0.5954	0.4865	0.3357	0.8791	0.004	0.2208	0.0629	0.001	0.007	0.011	0.003	0.7413	0.1988	0.0519	0.027	0.043	0.5984	0.1089	0.3157	0.006	0.0839	0.044	0.955	0.1738	0.007	0.0879	0.9181	0.9101	0.3437	0.027	0.4236	0.2787	0.2817	0.015	0.2108	0.4486	0.008	0.03	0.6294	0.5355	0.1229	0.2857	0.2757	0.8651
Sg_CA11_52	0.01	0.001	0.001	0.003	0.001	0.2488	0.008	0.9481	0.001	0.001	0.017	0.02	0.9061	0.0819	0.3317	0.005	0.8372	0.01	0.8362	0.2338	0.982	0.013	0.005	0.001	0.3676	0.8152	0.001	0.2068	0.017	0.041	0.027	0.9251	0.001	0.001	0.6983	0.035	0.002	0.1808	0.026	0.3357	0.2228	0.4545	0.001	0.1159	0.006	0.003	0.8671	0.002	0.6563	0.001	0.2577	0.2557	0.001	0.001	0.0619	0.7323	0.001	0.004	0.0589	0.6843	0.3746	0.001	0.002	0.001	0.4066	0.001	0.7692	0.001	0.001	0.001	0.0659	0.7822	0.6793	0.002	0.0909	0.014	0.2827	1	0.3067	0.004	0.001	0.005	0.001	0.5295	0.3626	0.039	0.001	0.001	0.4466	0.8891	0.2438	0.2478	0.3387	0.001	0.002	0.001	0.8761	0.2917	0.004	0.001	0.3516	0.001	0.0699	0.9211	0.0749	0.4426	0.007	0.7223	0.002	0.6464	0.6833	0.3876	0.8122	0.001	0.2657	0.4595	0.001	0.001	0.047	0.0529	0.001	0.964	0.001	0.3387	0.036	0.001	0.047	0.001	0.951	0.001	0.05	0.001	0.001	0.001	0.008	0.006	0.1059	0.0689	0.006	0.001	0.001	0.005	0.001	0.6184	0.011	0.001	0.2158	0.2338	0.001	0.5245	0.1249	0.013	0.001	0.975	0.001	0.001	0.1558	0.2527	0.5075	0.6763	0.3227	0.5105	0.3327	0.3127	0.0779	0.0729	0.016	0.001	0.6753	0.011	0.0589	0.8362	0.001	0.003	0.9361	0.015	0.001	0.8182	0.001	0.001	0.1479	0.1768	0.024	0.3247	0.025	0.001	0.004	0.1628	0.012	0.998	0.015	0.001	0.001	0.004	0.004	0.5335	0.0549	0.001	0.7303	0.3986	0.02	0.001	0.3347	0.5694	0.2667	0.001	0.001	0.1059	0.1678	0.001	0.047	0.2747	0.0779	0.001	0.5055	0.014	0.001	0.008	0.001	0.4496	0.1958	0.011	0.001	0.2907	0.047	0.001	0.001	0.0869	0.001	0.001	0.003	0.1079	0.006	0.001	0.002	0.001	0.3227	0.7353	0.4775	0.7233	0.005	0.006	0.001	0.3756	0.014	0.001	0.025	0.006	0.004	0.001	0.004	0.001	0.3387	0.042	0.023	0.1209	0.0699	0.001	0.0979	0.025	0.001	0.004	0.008	0.008	0.002	0.001	0.2448	0.1239	0.001	0.001	0.001	0.3077	0.8731	0.035	0.7982	0.005	0.1808	0.004	0.011	0.001	0.001	0.009	0.017	0.5634	0.006	0.9491	0.989	0.9251	0.1229	0.001	0.002	0.001	0.008	0.008	0.3976	0.0549	0.001	0.1129	0.001	0.001	0.1379	0.001	0.01	0.001	0.001	0.003	0.001	0.011	0.006	0.1089	0.0619	0.7493	0.001	0.5455	0.002	0.8781	0.001	0.008	0.001	0.003	0.2827	0.001	0.003	0.001	0.035	0.038	0.012	0.001	0.3946	0.001
Sg_CA13_9	0.001	0.8462	0.7642	0.3556	0.1019	0.032	0.029	0.001	0.4615	0.002	0.8761	0.8402	0.1359	0.008	0.3057	0.7323	0.9451	0.6104	0.043	0.1119	0.0769	0.045	0.001	0.3117	0.0809	0.2847	0.0539	0.009	0.9211	0.2847	0.039	0.9131	0.002	0.5734	0.2278	0.4645	0.5285	0.1029	0.5185	0.6703	0.4326	0.4535	0.001	0.006	0.2757	0.8651	0.023	0.4835	0.2438	0.1538	0.004	0.4346	0.2338	0.1079	0.002	0.4515	0.012	0.001	0.4885	0.003	0.2567	0.2577	0.8352	0.0599	0.01	0.005	0.1019	0.007	0.0629	0.1918	0.003	0.011	0.002	0.002	0.001	0.011	0.2338	0.3067	1	0.1838	0.1608	0.0509	0.2617	0.017	0.4715	0.3267	0.007	0.038	0.1499	0.3746	0.1059	0.037	0.4935	0.3606	0.4975	0.1678	0.8691	0.3646	0.1159	0.2957	0.003	0.4685	0.003	0.3167	0.3147	0.02	0.016	0.4446	0.3736	0.001	0.001	0.8751	0.4116	0.047	0.0659	0.8002	0.1538	0.016	0.1588	0.012	0.04	0.3586	0.4106	0.006	0.3167	0.015	0.2797	0.001	0.9301	0.046	0.2557	0.046	0.039	0.013	0.028	0.002	0.01	0.001	0.2468	0.003	0.013	0.6224	0.5385	0.0969	0.1119	0.0759	0.3706	0.3646	0.4426	0.1469	0.3856	0.026	0.6743	0.1329	0.4296	0.7882	0.3766	0.025	0.037	0.0919	0.5514	0.003	0.7652	0.1489	0.6044	0.8312	0.014	0.6943	0.002	0.8571	0.003	0.008	0.022	0.5924	0.8472	0.3327	0.007	0.1518	0.015	0.5614	0.4875	0.5335	0.8581	0.007	0.002	0.4316	0.3457	0.016	0.8971	0.008	0.012	0.001	0.5205	0.8711	0.4975	0.1349	0.3407	0.038	0.007	0.2997	0.5714	0.8432	0.6164	0.9361	0.001	0.5574	0.4206	0.8631	0.03	0.2128	0.4535	0.003	0.3237	0.9261	0.016	0.1299	0.6963	0.4865	0.001	0.028	0.8911	0.0899	0.2358	0.9231	0.001	0.009	0.007	0.2917	0.3357	0.1518	0.1049	0.1059	0.7822	0.014	0.3437	0.2907	0.001	0.013	0.4755	0.3217	0.028	0.4955	0.9271	0.0599	0.4665	0.0799	0.5125	0.3447	0.1039	0.049	0.9201	0.038	0.8641	0.3287	0.002	0.2797	0.0599	0.1229	0.9341	0.1079	0.2707	0.004	0.018	0.1019	0.2807	0.5884	0.2228	0.1169	0.5944	0.017	0.01	0.3017	0.001	0.002	0.043	0.5604	0.2148	0.4436	0.1608	0.0799	0.047	0.5105	0.001	0.7712	0.008	0.2757	0.2747	0.2128	0.001	0.0579	0.013	0.005	0.3676	0.5325	0.4845	0.0699	0.2238	0.7343	0.8561	0.1708	0.956	0.8472	0.001	0.002	0.001	0.7113	0.3686	0.4206	0.4266	0.011	0.3167	0.002	0.005	0.014	0.4446	0.5235	0.1049	0.3986	0.028	0.8511	0.4915	0.003	0.009	0.1429	0.6873	0.001	0.1708	0.001	0.2527	0.0889
Sg_CA25_14	0.002	0.018	0.002	0.013	0.001	0.5075	0.001	0.6513	0.001	0.009	0.001	0.3387	0.3966	0.1359	0.3676	0.2068	0.7682	0.002	0.5095	0.3497	0.6094	0.1928	0.003	0.007	0.6474	0.1079	0.029	0.0959	0.049	0.011	0.014	0.6783	0.001	0.001	0.1269	0.03	0.002	0.0569	0.013	0.7183	0.0699	0.962	0.001	0.043	0.001	0.0859	0.5504	0.001	0.2268	0.012	0.2647	0.1299	0.4186	0.003	0.4715	0.3636	0.001	0.0969	0.0539	0.1788	0.3696	0.001	0.1668	0.026	0.7712	0.003	0.014	0.001	0.003	0.004	0.3686	0.1748	0.027	0.001	0.034	0.5445	0.2877	0.004	0.1838	1	0.0719	0.001	0.004	0.4386	0.042	0.2837	0.002	0.2088	0.2547	0.8202	0.7752	0.0999	0.4476	0.1578	0.002	0.028	0.003	0.008	0.957	0.015	0.1518	0.018	0.4046	0.002	0.038	0.5964	0.5245	0.6523	0.001	0.7433	0.8771	0.0729	0.4975	0.001	0.2527	0.0859	0.001	0.001	0.8751	0.99	0.001	0.023	0.002	0.7652	0.001	0.4066	0.027	0.001	0.0569	0.001	0.6953	0.001	0.001	0.003	0.3776	0.1379	0.5065	0.4446	0.012	0.001	0.001	0.0659	0.001	0.4056	0.0529	0.012	0.028	0.3756	0.01	0.7173	0.1808	0.5265	0.0609	0.4126	0.008	0.0829	0.1918	0.2537	0.4256	0.5495	0.2797	0.2927	0.002	0.012	0.1878	0.9051	0.004	0.001	0.2657	0.021	0.3077	0.7572	0.001	0.6474	0.039	0.1049	0.002	0.2507	0.01	0.039	0.026	0.035	0.2707	0.0689	0.1409	0.002	0.001	0.2687	0.001	0.2358	0.2208	0.041	0.2388	0.031	0.001	0.7443	0.0829	0.001	0.7353	0.0569	0.8921	0.001	0.6124	0.03	0.1219	0.006	0.2557	0.4206	0.9011	0.001	0.6294	0.3536	0.001	0.002	0.7612	0.011	0.002	0.1708	0.037	0.99	0.2717	0.1219	0.001	0.968	0.3487	0.001	0.001	0.1129	0.001	0.008	0.3716	0.0639	0.3437	0.001	0.038	0.002	0.4835	0.2028	0.001	0.0519	0.4645	0.992	0.004	0.0629	0.7622	0.001	0.3656	0.7193	0.001	0.002	0.9371	0.041	0.1668	0.013	0.3417	0.6434	0.1558	0.1069	0.005	0.1838	0.002	0.004	0.001	0.026	0.0879	0.002	0.7293	0.042	0.0779	0.001	0.004	0.3986	0.8342	0.7363	0.7163	0.1169	0.2338	0.002	0.0779	0.1339	0.043	0.001	0.01	0.2917	0.013	0.6054	0.2408	0.5105	0.1419	0.016	0.016	0.001	0.007	0.0759	0.1349	0.001	0.001	0.964	0.016	0.001	0.6733	0.001	0.3237	0.001	0.3866	0.001	0.001	0.015	0.1459	0.6324	0.041	0.2068	0.001	0.98	0.95	0.038	0.0559	0.1868	0.001	0.003	0.039	0.005	0.005	0.2707	0.1409	0.4755	0.7662	0.002	0.5614	0.009
Sg_CA25_21	0.035	0.001	0.001	0.003	0.001	0.001	0.004	0.001	0.001	0.004	0.007	0.0679	0.2328	0.001	0.025	0.02	0.3956	0.001	0.9421	0.2158	0.013	0.5724	0.04	0.007	0.2867	0.1918	0.001	0.5604	0.002	0.039	0.5584	0.0779	0.048	0.001	0.01	0.002	0.001	0.5684	0.003	0.0989	0.004	0.3057	0.1449	0.3327	0.001	0.001	0.001	0.006	0.001	0.001	0.001	0.002	0.001	0.001	0.001	0.9061	0.001	0.7782	0.044	0.1838	0.009	0.001	0.001	0.002	0.2917	0.4505	0.4595	0.025	0.001	0.001	0.6464	0.6394	0.1029	0.001	0.2987	0.978	0.021	0.001	0.1608	0.0719	1	0.03	0.001	0.7982	0.1798	0.003	0.004	0.001	0.005	0.2947	0.1409	0.02	0.002	0.001	0.003	0.001	0.1019	0.2248	0.001	0.001	0.004	0.001	0.2378	0.0509	0.2468	0.6513	0.001	0.0719	0.008	0.001	0.001	0.5045	0.034	0.031	0.001	0.3616	0.001	0.001	0.002	0.001	0.007	0.2378	0.001	0.96	0.1369	0.003	0.002	0.009	0.6753	0.005	0.6903	0.001	0.008	0.001	0.6543	0.2078	0.4186	0.001	0.002	0.005	0.001	0.001	0.001	0.6374	0.011	0.001	0.001	0.002	0.001	0.4855	0.003	0.001	0.001	0.7532	0.001	0.001	0.1419	0.3487	0.2418	0.7283	0.4496	0.7712	0.4136	0.021	0.001	0.002	0.7293	0.001	0.002	0.0529	0.8631	0.7792	0.001	0.001	0.5954	0.001	0.014	0.7842	0.001	0.001	0.1229	0.001	0.011	0.8492	0.8012	0.001	0.001	0.2997	0.001	0.4845	0.1728	0.2148	0.001	0.001	0.001	0.005	0.001	0.001	0.4605	0.7423	0.002	0.001	0.6474	0.006	0.2008	0.001	0.8941	0.7083	0.006	0.001	0.2248	0.5784	0.0749	0.001	0.2278	0.001	0.001	0.001	0.1588	0.4945	0.9151	0.1918	0.002	0.012	0.8651	0.015	0.026	0.001	0.001	0.001	0.003	0.0579	0.1708	0.002	0.001	0.001	0.045	0.7922	0.3197	0.1858	0.001	0.001	0.001	0.004	0.4785	0.001	0.5834	0.001	0.021	0.001	0.005	0.001	0.1049	0.002	0.6274	0.001	0.3856	0.001	0.024	0.1229	0.001	0.3896	0.1079	0.001	0.003	0.001	0.5415	0.013	0.001	0.004	0.006	0.012	0.5215	0.7453	0.5894	0.1279	0.003	0.007	0.044	0.001	0.041	0.002	0.9261	0.8871	0.001	0.026	0.4915	0.2737	0.001	0.001	0.001	0.001	0.001	0.003	0.6064	0.022	0.001	0.1538	0.001	0.001	0.4066	0.001	0.6144	0.004	0.1319	0.032	0.001	0.001	0.025	0.003	0.0599	0.1169	0.002	0.008	0.001	0.021	0.001	0.001	0.003	0.001	0.2777	0.037	0.001	0.001	0.001	0.7732	0.001	0.014	0.1339	0.001
Sg_CA40A_55	0.001	0.006	0.1349	0.009	0.002	0.995	0.001	0.7253	0.003	0.049	0.007	0.7532	0.1249	0.031	0.1029	0.1638	0.4775	0.001	0.3497	0.4655	0.4236	0.5265	0.003	0.026	0.4695	0.4226	0.0619	0.1319	0.6923	0.0579	0.009	0.0589	0.001	0.001	0.7882	0.1808	0.001	0.5554	0.021	0.3237	0.8781	0.986	0.001	0.1459	0.006	0.038	0.1429	0.001	0.1349	0.007	0.9391	0.2008	0.2857	0.001	0.4665	0.1079	0.001	0.003	0.007	0.4436	0.6184	0.001	0.4276	0.003	0.8392	0.001	0.007	0.001	0.002	0.01	0.4056	0.3317	0.7962	0.001	0.1489	0.7532	0.025	0.005	0.0509	0.001	0.03	1	0.002	0.6024	0.0669	0.035	0.014	0.1239	0.017	0.3956	0.8821	0.0719	0.1309	0.5435	0.001	0.025	0.001	0.001	0.9451	0.046	0.1099	0.017	0.995	0.001	0.3826	0.9161	0.1968	0.5814	0.001	0.2937	0.5025	0.3816	0.9051	0.001	0.0759	0.964	0.001	0.001	0.8402	0.5844	0.001	0.003	0.007	0.973	0.001	0.038	0.001	0.001	0.007	0.001	0.1818	0.001	0.0569	0.002	0.3207	0.016	0.6663	0.3427	0.001	0.001	0.001	0.2028	0.001	0.9491	0.2068	0.023	0.2158	0.8601	0.001	0.3457	0.1648	0.8192	0.0929	0.0549	0.0699	0.0849	0.0829	0.6803	0.7562	0.1109	0.4486	0.4525	0.027	0.3696	0.958	0.4056	0.001	0.002	0.4296	0.1199	0.1389	0.5644	0.002	0.2557	0.8382	0.044	0.002	0.9331	0.2128	0.4276	0.004	0.01	0.033	0.0529	0.0619	0.001	0.001	0.0739	0.001	0.2098	0.2947	0.1888	0.3327	0.0539	0.001	0.018	0.0859	0.001	0.961	0.6164	0.4675	0.001	0.8212	0.016	0.049	0.01	0.1578	0.2797	0.6743	0.002	0.8242	0.0709	0.001	0.001	0.8601	0.005	0.001	0.0549	0.008	0.6563	0.1728	0.013	0.001	0.7802	0.3616	0.001	0.001	0.1429	0.002	0.002	0.1279	0.6054	0.2577	0.001	0.2458	0.001	0.4236	0.1898	0.001	0.2408	0.8482	0.6613	0.001	0.005	0.3636	0.001	0.8172	0.9011	0.001	0.001	0.7742	0.001	0.5684	0.6973	0.2787	0.3327	0.3936	0.1558	0.003	0.025	0.001	0.001	0.001	0.002	0.0769	0.001	0.7902	0.0679	0.045	0.001	0.004	0.011	0.5794	0.5664	0.5884	0.8771	0.4186	0.009	0.028	0.3786	0.002	0.001	0.006	0.8102	0.046	0.1668	0.2498	0.2498	0.1828	0.027	0.0619	0.002	0.004	0.012	0.9001	0.007	0.008	0.1948	0.016	0.001	0.1139	0.001	0.1578	0.001	0.015	0.001	0.001	0.045	0.03	0.5015	0.4226	0.7473	0.001	0.3846	0.976	0.7493	0.026	0.3616	0.001	0.004	0.03	0.003	0.003	0.4266	0.1499	0.2817	0.6543	0.001	0.7872	0.003
Sg_CA9_20	0.001	0.001	0.001	0.001	0.001	0.032	0.001	0.047	0.001	0.0569	0.001	0.002	0.012	0.001	0.001	0.5634	0.3646	0.001	0.003	0.027	0.017	0.1349	0.016	0.022	0.4835	0.1099	0.1608	0.968	0.001	0.002	0.017	0.6623	0.021	0.001	0.037	0.001	0.001	0.037	0.011	0.7822	0.1239	0.2048	0.001	0.1269	0.001	0.001	0.1109	0.001	0.001	0.001	0.7812	0.011	0.002	0.002	0.004	0.4625	0.001	0.5475	0.2717	0.009	0.2078	0.001	0.001	0.001	0.001	0.1508	0.2957	0.001	0.001	0.001	0.2438	0.006	0.002	0.001	0.6484	0.0749	0.002	0.001	0.2617	0.004	0.001	0.002	1	0.002	0.003	0.043	0.0709	0.005	0.4785	0.005	0.0849	0.0619	0.001	0.001	0.001	0.001	0.0789	0.7193	0.001	0.001	0.2128	0.001	0.4635	0.003	0.006	0.014	0.001	0.4036	0.001	0.012	0.0969	0.0509	0.4136	0.001	0.001	0.022	0.001	0.001	0.003	0.001	0.006	0.015	0.002	0.01	0.004	0.041	0.002	0.001	0.2468	0.001	0.2837	0.001	0.0669	0.001	0.7423	0.003	0.006	0.008	0.001	0.001	0.001	0.0729	0.001	0.008	0.001	0.003	0.001	0.1638	0.001	0.003	0.027	0.001	0.001	0.1888	0.011	0.003	0.001	0.02	0.1079	0.3187	0.1139	0.0969	0.001	0.6214	0.006	0.2707	0.007	0.001	0.002	0.001	0.1578	0.006	0.002	0.001	0.7752	0.004	0.001	0.7053	0.015	0.001	0.2927	0.001	0.004	0.2907	0.014	0.009	0.001	0.3187	0.001	0.012	0.018	0.2677	0.003	0.036	0.001	0.028	0.002	0.001	0.006	0.034	0.1479	0.001	0.7363	0.003	0.029	0.001	0.1159	0.7932	0.001	0.001	0.5564	0.002	0.001	0.001	0.002	0.001	0.001	0.001	0.006	0.001	0.4166	0.0529	0.001	0.3177	0.1149	0.001	0.001	0.005	0.001	0.001	0.0989	0.004	0.1089	0.001	0.015	0.001	0.0939	0.014	0.0519	0.1319	0.001	0.005	0.001	0.009	0.1618	0.001	0.9191	0.001	0.003	0.001	0.001	0.0879	0.001	0.001	0.996	0.002	0.9091	0.016	0.001	0.4915	0.001	0.1768	0.001	0.001	0.0679	0.001	0.1988	0.004	0.001	0.001	0.001	0.0559	0.3107	0.1379	0.003	0.0829	0.017	0.001	0.026	0.001	0.001	0.001	0.1379	0.0819	0.001	0.0789	0.2817	0.017	0.0789	0.003	0.001	0.001	0.001	0.001	0.028	0.001	0.001	0.2577	0.002	0.001	0.4186	0.001	0.5914	0.001	0.0529	0.001	0.001	0.001	0.4725	0.2617	0.005	0.2208	0.001	0.1049	0.002	0.0729	0.001	0.005	0.001	0.001	0.003	0.001	0.001	0.001	0.05	0.4765	0.001	0.001	0.9011	0.001
Sg_CA9_31	0.4276	0.5864	0.7882	0.1209	0.6763	0.0549	0.4386	0.2807	0.0749	0.2198	0.3117	0.1169	0.0799	0.0569	0.004	0.1289	0.2488	0.5375	0.031	0.001	0.4755	0.5604	0.023	0.0939	0.7353	0.7792	0.2278	0.0939	0.045	0.0649	0.2438	0.2048	0.1289	0.6104	0.3067	0.1279	0.024	0.2567	0.1568	0.3696	0.8262	0.2148	0.0819	0.001	0.1149	0.2368	0.3257	0.6324	0.3397	0.6873	0.8412	0.8661	0.8002	0.4106	0.012	0.3576	0.8571	0.2687	0.1818	0.0719	0.1528	0.015	0.0819	0.2987	0.005	0.4545	0.0529	0.9111	0.6434	0.1469	0.4895	0.001	0.0889	0.1409	0.002	0.975	0.048	0.5295	0.017	0.4386	0.7982	0.6024	0.002	1	0.039	0.966	0.2048	0.4635	0.5205	0.3217	0.0519	0.4735	0.7872	0.4266	0.0849	0.8971	0.9171	0.02	0.5345	0.7143	0.0639	0.3716	0.8212	0.0909	0.5824	0.002	0.0819	0.9381	0.4565	0.039	0.9381	0.1748	0.2268	0.8122	0.2927	0.0929	0.9291	0.6124	0.1369	0.2507	0.4585	0.1259	0.4955	0.0659	0.8472	0.5944	0.8282	0.4016	0.024	0.4286	0.1518	0.7742	0.2168	0.002	0.3616	0.2607	0.004	0.003	0.031	0.6723	0.1069	0.3377	0.031	0.1449	0.1189	0.2238	0.1598	0.9351	0.0949	0.04	0.1209	0.0779	0.041	0.004	0.044	0.8082	0.1938	0.002	0.5215	0.002	0.1039	0.2877	0.5005	0.5754	0.7313	0.4715	0.2867	0.99	0.1638	0.044	0.8192	0.032	0.008	0.4705	0.7083	0.3536	0.4565	0.1179	0.002	0.1389	0.5385	0.2837	0.0719	0.2827	0.8122	0.3407	0.979	0.2577	0.7692	0.2318	0.2438	0.1459	0.1319	0.3606	0.4186	0.5125	0.1139	0.6663	0.025	0.1818	0.5594	0.1688	0.4116	0.2198	0.001	0.7013	0.3566	0.039	0.3087	0.1169	0.04	0.1738	0.1838	0.1349	0.005	0.002	0.0729	0.2587	0.5375	0.001	0.4376	0.3297	0.8322	0.2717	0.5325	0.4416	0.8022	0.0819	0.982	0.004	0.3117	0.013	0.1998	0.6973	0.004	0.7293	0.001	0.1608	0.4525	0.9061	0.0869	0.3726	0.049	0.0929	0.009	0.6064	0.8162	0.2827	0.4366	0.1628	0.2148	0.03	0.041	0.4426	0.1409	0.5045	0.4496	0.1588	0.023	0.0679	0.3816	0.041	0.3566	0.019	0.7363	0.2478	0.6304	0.7193	0.3437	0.4476	0.4356	0.5784	0.1508	0.3916	0.023	0.4286	0.0559	0.1179	0.0879	0.007	0.4595	0.8252	0.7872	0.2537	0.001	0.2957	0.3676	0.1139	0.4346	0.9251	0.003	0.2318	0.4895	0.1259	0.1389	0.0719	0.2398	0.5994	0.1329	0.1998	0.7872	0.5954	0.1409	0.2478	0.9071	0.4246	0.4635	0.1029	0.0759	0.032	0.034	0.3746	0.1578	0.8332	0.5884	0.2707	0.1678	0.2807	0.1548	0.2238	0.4615	0.7153	0.035	0.047	0.1179	0.2707	0.0979	0.1109	0.9161	0.5085
Sg_CB03_1	0.3606	0.022	0.2847	0.1109	0.0699	0.1299	0.006	0.049	0.001	0.984	0.034	0.012	0.2727	0.1938	0.017	0.1938	0.0569	0.3227	0.2328	0.2018	0.7273	0.4476	0.2118	0.4565	0.3347	0.4436	0.7722	0.4675	0.003	0.2388	0.8412	0.3017	0.8132	0.1099	0.1618	0.027	0.001	0.0879	0.1179	0.1149	0.013	0.7163	0.2238	0.1668	0.015	0.008	0.1159	0.1558	0.018	0.3297	0.6993	0.04	0.019	0.4006	0.008	0.6633	0.2468	0.6833	0.2597	0.8531	0.002	0.012	0.004	0.0879	0.2138	0.1918	0.5524	0.3287	0.0619	0.01	0.1459	0.4595	0.2867	0.9241	0.6264	0.6134	0.027	0.3626	0.4715	0.042	0.1798	0.0669	0.003	0.039	1	0.6613	0.951	0.0629	0.0939	0.3127	0.3896	0.2478	0.1828	0.2238	0.002	0.4256	0.1528	0.8951	0.3157	0.7163	0.8751	0.4276	0.5205	0.0839	0.043	0.2807	0.004	0.2727	0.0729	0.6014	0.3676	0.046	0.018	0.1299	0.0589	0.025	0.2288	0.1219	0.5485	0.0669	0.2507	0.9031	0.3886	0.3487	0.6294	0.6084	0.4935	0.1978	0.3936	0.4486	0.4535	0.0829	0.6244	0.027	0.7612	0.2847	0.2478	0.017	0.033	0.1169	0.4276	0.002	0.007	0.964	0.4286	0.9161	0.004	0.4326	0.014	0.3157	0.001	0.01	0.003	0.2208	0.9261	0.2188	0.4745	0.1349	0.024	0.046	0.3906	0.2537	0.001	0.95	0.8931	0.7273	0.1828	0.1259	0.3047	0.2537	0.1069	0.3526	0.7153	0.1339	0.1538	0.002	0.3506	0.4366	0.7153	0.03	0.6933	0.7882	0.002	0.8032	0.018	0.1429	0.027	0.972	0.2937	0.2408	0.0879	0.8082	0.5694	0.048	0.0569	0.5365	0.001	0.042	0.4875	0.038	0.7363	0.003	0.3367	0.025	0.3636	0.0959	0.3127	0.0929	0.1918	0.0549	0.8671	0.0899	0.4206	0.004	0.3437	0.014	0.012	0.4076	0.3437	0.007	0.5295	0.1329	0.0949	0.3317	0.2128	0.0809	0.4116	0.003	0.5984	0.027	0.7103	0.0769	0.2378	0.3676	0.2827	0.009	0.8072	0.1888	0.4595	0.3177	0.029	0.5155	0.006	0.032	0.5155	0.0719	0.1459	0.0829	0.2098	0.3516	0.3267	0.2787	0.005	0.2717	0.1838	0.5784	0.0629	0.8302	0.002	0.2498	0.004	0.2917	0.004	0.2228	0.021	0.6204	0.2517	0.4056	0.0839	0.6314	0.2857	0.4066	0.6304	0.7083	0.6124	0.3676	0.005	0.4925	0.4016	0.0669	0.6174	0.2228	0.7113	0.1658	0.003	0.019	0.957	0.4386	0.7173	0.2288	0.041	0.2318	0.007	0.032	0.049	0.005	0.046	0.2498	0.007	0.008	0.3556	0.0549	0.4945	0.1439	0.0729	0.023	0.019	0.016	0.1129	0.005	0.031	0.1209	0.5425	0.4146	0.1289	0.1269	0.8112	0.5924	0.3906	0.009	0.1718	0.0879	0.4086	0.01	0.006	0.4216	0.7522	0.1279	0.8262	0.995
Sg_CB03_2	0.2338	0.0809	0.1948	0.6933	0.008	0.2577	0.2218	0.026	0.004	0.0659	0.002	0.1309	0.5495	0.001	0.5684	0.8392	0.6134	0.0809	0.3546	0.8362	0.019	0.4436	0.3117	0.0999	0.001	0.5904	0.1379	0.002	0.977	0.7642	0.034	0.006	0.8581	0.05	0.008	0.4126	0.005	0.1339	0.1908	0.2318	0.2897	0.4825	0.4006	0.034	0.024	0.0579	0.001	0.1399	0.3586	0.001	0.0639	0.7512	0.045	0.0869	0.042	0.0959	0.8252	0.2847	0.3866	0.003	0.1469	0.5025	0.027	0.2418	0.7233	0.1998	0.3087	0.0519	0.4066	0.1139	0.0669	0.6943	0.7532	0.0649	0.5385	0.5245	0.1558	0.039	0.3267	0.2837	0.003	0.035	0.043	0.966	0.6613	1	0.0769	0.6134	0.007	0.6364	0.2198	0.3047	0.0699	0.038	0.4136	0.01	0.044	0.002	0.017	0.006	0.006	0.006	0.002	0.005	0.0779	0.5245	0.006	0.002	0.1339	0.019	0.002	0.5025	0.2188	0.0829	0.006	0.1369	0.014	0.007	0.006	0.018	0.3227	0.7822	0.1409	0.2747	0.001	0.7962	0.006	0.2717	0.2787	0.0639	0.2378	0.3586	0.041	0.004	0.5644	0.3307	0.8312	0.1259	0.0599	0.6593	0.035	0.0509	0.0629	0.8132	0.1598	0.7842	0.0849	0.0929	0.0559	0.8631	0.0519	0.003	0.3437	0.6204	0.1109	0.0889	0.3786	0.6943	1	0.2278	0.0719	0.3177	0.7053	0.009	0.1189	0.4046	0.6024	0.0599	0.005	0.009	0.1029	0.4555	0.014	0.013	0.007	0.3267	0.6094	0.3706	0.1229	0.2228	0.004	0.0979	0.7902	0.8382	0.3477	0.012	0.002	0.01	0.1548	0.3616	0.8462	0.013	0.0909	0.032	0.001	0.01	0.0929	0.8851	0.5564	0.0599	0.003	0.1169	0.3377	0.8531	0.5634	0.0829	0.3616	0.002	0.1229	0.6713	0.5495	0.2418	0.003	0.033	0.6364	0.002	0.0639	0.001	0.01	0.1429	0.0789	0.3407	0.046	0.1049	0.0629	0.4545	0.047	0.0599	0.003	0.001	0.044	0.0869	0.5185	0.0669	0.048	0.3387	0.5105	0.2527	0.003	0.0899	0.003	0.1009	0.02	0.041	0.8302	0.3946	0.2058	0.038	0.1119	0.973	0.0849	0.003	0.03	0.2298	0.2368	0.5145	0.8082	0.4965	0.959	0.8651	0.039	0.4476	0.3526	0.014	0.3856	0.042	0.1678	0.4685	0.007	0.0539	0.9121	0.7483	0.0609	0.2987	0.7243	0.956	0.0619	0.2498	0.0749	0.018	0.4346	0.001	0.4705	0.03	0.003	0.6553	0.7722	0.5065	0.001	0.1319	0.007	0.964	0.1908	0.4276	0.031	0.0589	0.015	0.5524	0.014	0.6803	0.4056	0.0519	0.1928	0.5624	0.6703	0.2238	0.1848	0.012	0.8741	0.5025	0.1269	0.8182	0.044	0.001	0.002	0.6673	0.1039	0.2218	0.025	0.019	0.1698	0.1499	0.001	0.009	0.022	0.1948	0.0689	0.9011	0.1868	0.1648
Sg_CB03_44	0.011	0.0569	0.001	0.0559	0.001	0.2268	0.001	0.5964	0.022	0.001	0.0539	0.2028	0.003	0.2847	0.4046	0.0539	0.3596	0.0679	0.022	0.001	0.9061	0.2448	0.4026	0.001	0.7952	0.027	0.001	0.6793	0.1009	0.2218	0.5914	0.3217	0.001	0.01	0.6344	0.0639	0.01	0.3876	0.001	0.003	0.0689	0.3716	0.001	0.3377	0.0799	0.013	0.5934	0.002	0.3636	0.005	0.04	0.002	0.002	0.001	0.0799	0.3936	0.015	0.002	0.046	0.5125	0.3307	0.011	0.002	0.002	0.001	0.0709	0.6923	0.001	0.001	0.001	0.033	0.002	0.6523	0.001	0.008	0.018	0.8911	0.001	0.007	0.002	0.004	0.014	0.0709	0.2048	0.951	0.0769	1	0.002	0.9351	0.1548	0.3107	0.5624	0.9251	0.002	0.004	0.001	0.8601	0.0999	0.007	0.003	0.2687	0.001	0.6204	0.5994	0.1039	0.004	0.034	0.2238	0.002	0.5415	0.8092	0.4915	0.4436	0.001	0.2298	0.5335	0.002	0.001	0.003	0.022	0.001	0.1329	0.001	0.002	0.001	0.01	0.0909	0.001	0.3536	0.001	0.023	0.003	0.001	0.034	0.2038	0.048	0.001	0.0889	0.046	0.013	0.001	0.003	0.001	0.003	0.007	0.001	0.5644	0.7483	0.001	0.0549	0.1249	0.001	0.0559	0.7632	0.011	0.001	0.1169	0.001	0.0979	0.1359	0.8551	0.007	0.2917	0.4905	0.0629	0.2567	0.022	0.003	0.5984	0.5844	0.2567	0.01	0.001	0.009	0.2677	0.1019	0.001	0.3916	0.001	0.006	0.3227	0.0549	0.98	0.9231	0.0729	0.002	0.004	0.2987	0.1918	0.038	0.008	0.004	0.001	0.001	0.005	0.5405	0.1039	0.005	0.004	0.4515	0.1638	0.048	0.9111	0.001	0.015	0.001	0.015	0.3856	0.2777	0.01	0.011	0.016	0.016	0.028	0.004	0.0579	0.1828	0.002	0.043	0.8182	0.1399	0.1129	0.001	0.1139	0.011	0.001	0.001	0.1049	0.002	0.002	0.001	0.7253	0.039	0.001	0.001	0.007	0.3596	0.009	0.024	0.6114	0.003	0.008	0.008	0.5195	0.3117	0.001	0.1049	0.004	0.002	0.001	0.951	0.001	0.4575	0.1528	0.1508	0.7502	0.1768	0.001	0.0859	0.2288	0.002	0.004	0.046	0.2677	0.001	0.039	0.1938	0.04	0.003	0.001	0.001	0.8661	0.4086	0.021	0.009	0.028	0.3017	0.005	0.005	0.001	0.1598	0.027	0.1059	0.7942	0.0839	0.7103	0.045	0.002	0.1648	0.001	0.034	0.027	0.001	0.3926	0.8282	0.7872	0.004	0.1059	0.003	0.013	0.0629	0.002	0.002	0.004	0.006	0.1169	0.004	0.032	0.015	0.031	0.2328	0.4705	0.001	0.4875	0.011	0.015	0.001	0.003	0.001	0.006	0.3387	0.001	0.1648	0.001	0.005	0.0769	0.044	0.033	0.4456	0.022
Sg_CB03_47	0.0979	0.001	0.001	0.004	0.001	0.022	0.013	0.9191	0.005	0.001	0.3137	0.002	0.5095	0.3237	0.3546	0.001	0.6054	0.049	0.3856	0.3127	0.978	0.014	0.002	0.001	0.0619	0.0839	0.004	0.001	0.001	0.001	0.035	0.7992	0.001	0.001	0.7253	0.001	0.011	0.002	0.0719	0.3287	0.013	0.6394	0.001	0.2887	0.036	0.001	0.8561	0.03	0.01	0.002	0.5734	0.1249	0.001	0.001	0.01	0.975	0.001	0.001	0.001	0.1049	0.021	0.011	0.001	0.001	0.0859	0.0529	0.1369	0.0549	0.001	0.001	0.001	0.2927	0.3087	0.001	0.0759	0.008	0.5544	0.001	0.038	0.2088	0.001	0.1239	0.005	0.4635	0.0629	0.6134	0.002	1	0.7163	0.6124	0.003	0.5784	0.7542	0.001	0.002	0.001	0.0979	0.3696	0.001	0.001	0.5584	0.001	0.005	0.1598	0.001	0.2248	0.002	0.3756	0.2857	0.8531	0.3786	0.4865	0.3067	0.018	0.009	0.004	0.002	0.004	0.023	0.003	0.033	0.7572	0.001	0.0619	0.975	0.001	0.0679	0.001	0.01	0.016	0.01	0.001	0.021	0.2507	0.001	0.005	0.012	0.04	0.1768	0.001	0.003	0.001	0.001	0.2388	0.006	0.001	0.001	0.1459	0.001	0.5245	0.003	0.002	0.001	0.7363	0.001	0.001	0.017	0.3536	0.7253	0.5165	0.0759	0.0659	0.1459	0.4106	0.047	0.019	0.041	0.002	0.2717	0.4645	0.002	0.1528	0.004	0.001	0.2348	0.001	0.037	0.4136	0.001	0.001	0.6973	0.4176	0.001	0.4466	0.001	0.005	0.027	0.1998	0.004	0.3856	0.004	0.001	0.001	0.001	0.044	0.5115	0.001	0.001	0.3796	0.003	0.014	0.001	0.1708	0.3067	0.5475	0.001	0.1718	0.0959	0.5125	0.001	0.001	0.8232	0.4555	0.001	0.4486	0.046	0.0569	0.001	0.001	0.2298	0.2138	0.0569	0.013	0.9051	0.001	0.002	0.03	0.003	0.029	0.025	0.006	0.0669	0.006	0.006	0.001	0.001	0.4545	0.2288	0.1658	0.2318	0.002	0.001	0.006	0.2188	0.003	0.001	0.033	0.001	0.6963	0.001	0.6194	0.001	0.001	0.004	0.002	0.047	0.03	0.001	0.009	0.001	0.001	0.006	0.004	0.0909	0.001	0.017	0.1159	0.4326	0.001	0.016	0.001	0.3736	0.0609	0.001	0.3147	0.0979	0.006	0.1119	0.034	0.002	0.001	0.1998	0.014	0.018	0.2827	0.7493	0.3397	0.3556	0.6773	0.001	0.1918	0.001	0.01	0.011	0.004	0.6733	0.026	0.001	0.001	0.001	0.1958	0.001	0.002	0.001	0.001	0.017	0.001	0.002	0.002	0.035	0.001	0.9371	0.001	0.2647	0.003	0.4476	0.001	0.004	0.004	0.001	0.5045	0.001	0.7073	0.001	0.001	0.001	0.001	0.001	0.3556	0.001
Sg_CD22A_27	0.2108	0.2138	0.6963	0.95	0.8082	0.3866	0.8911	0.0879	0.0889	0.3966	0.5914	0.023	0.3606	0.004	0.2408	0.2807	0.02	0.031	0.1449	0.4555	0.047	0.4685	0.7053	0.8681	0.004	0.1548	0.5035	0.1229	0.3906	0.979	0.8561	0.1169	0.6474	0.004	0.1239	0.4705	0.2248	0.015	0.4036	0.0889	0.2218	0.2647	0.9491	0.7093	0.022	0.4995	0.007	0.1718	0.04	0.017	0.6244	0.961	0.5305	0.5365	0.9171	0.8462	0.5514	0.6104	0.5185	0.2697	0.0729	0.8521	0.6054	0.95	0.8741	0.3726	0.01	0.1059	0.8112	0.4625	0.4126	0.968	0.8292	0.009	0.6873	0.5504	0.8332	0.4466	0.1499	0.2547	0.005	0.017	0.4785	0.5205	0.0939	0.007	0.9351	0.7163	1	0.2458	0.7532	0.7143	0.008	0.3636	0.7612	0.4645	0.036	0.003	0.0809	0.4625	0.6993	0.1139	0.007	0.001	0.0569	0.6783	0.5355	0.6054	0.3666	0.2478	0.024	0.0969	0.2318	0.1688	0.031	0.018	0.0679	0.025	0.6254	0.8102	0.3606	0.018	0.6014	0.0599	0.043	0.6733	0.011	0.2837	0.2128	0.012	0.4605	0.6204	0.7003	0.3237	0.002	0.9221	0.3067	0.4036	0.7722	0.2248	0.023	0.4126	0.8022	0.8721	0.4915	0.4246	0.009	0.1618	0.3017	0.8611	0.041	0.5105	0.4446	0.1279	0.1299	0.8372	0.3776	0.8062	0.0679	0.033	0.8272	0.0659	0.8212	0.6703	0.1988	0.025	0.8102	0.974	0.005	0.9421	0.0919	0.3137	0.1628	0.3516	0.7273	0.1379	0.7892	0.7013	0.3996	0.8382	0.1139	0.002	0.7113	0.0589	0.3217	0.032	0.001	0.3317	0.032	0.0669	0.3147	0.035	0.4805	0.1818	0.002	0.2607	0.0599	0.1099	0.8661	0.009	0.026	0.2917	0.0709	0.95	0.6623	0.6194	0.7343	0.05	0.7972	0.7193	0.961	0.4476	0.1479	0.1818	0.5365	0.1399	0.3087	0.0569	0.2148	0.4156	0.966	0.7113	0.049	0.3387	0.1848	0.6953	0.2378	0.032	0.1159	0.0769	0.6104	0.1918	0.6024	0.024	0.0739	0.2987	0.2507	0.019	0.0539	0.0839	0.2687	0.1908	0.2777	0.044	0.5704	0.2777	0.2088	0.7692	0.027	0.6024	0.6484	0.2088	0.034	0.3746	0.5405	0.021	0.4955	0.2478	0.995	0.1169	0.3596	0.3087	0.7233	0.02	0.8262	0.0969	0.3377	0.0709	0.1359	0.036	0.8342	0.1818	0.1708	0.2527	0.3606	0.4605	0.027	0.6593	0.0559	0.3137	0.7942	0.001	0.5115	0.006	0.0859	0.5814	0.6883	0.4615	0.2547	0.3946	0.3716	0.7862	0.3097	0.4755	0.005	0.2707	0.1858	0.986	0.0719	0.99	0.001	0.6484	0.015	0.4056	0.1778	0.7912	0.7862	0.1578	0.2757	0.035	0.027	0.3247	0.4775	0.1489	0.8511	0.8601	0.4256	0.5724	0.0699	0.3736	0.1129	0.5275	0.2128	0.4226	0.1638	0.0809	0.0869	0.7682	0.1159	0.3976
Sg_CD22A_44	0.1898	0.0599	0.8442	0.6344	0.2068	0.1229	0.8811	0.6523	0.1848	0.9121	0.1359	0.7403	0.023	0.4426	0.9241	0.3526	0.7532	0.1988	0.022	0.035	0.8082	0.5564	0.1588	0.7493	0.8132	0.031	0.3047	0.2268	0.2647	0.7083	0.017	0.3726	0.6673	0.007	0.3746	0.5425	0.3267	0.5824	0.6853	0.043	0.2607	0.042	0.3726	0.2398	0.1359	0.4715	0.7073	0.029	0.1329	0.0929	0.6663	0.7652	0.8212	0.7333	0.4126	0.02	0.1229	0.9341	0.0839	0.1439	0.2308	0.7612	0.1079	0.1548	0.005	0.8821	0.013	0.5285	0.6354	0.3816	0.6264	0.1968	0.3217	0.034	0.1149	0.2697	0.8771	0.8891	0.3746	0.8202	0.2947	0.3956	0.005	0.3217	0.3127	0.6364	0.1548	0.6124	0.2458	1	0.017	0.6863	0.1049	0.0829	0.9201	0.5824	0.8851	0.2118	0.2378	0.0569	0.044	0.1768	0.2248	0.2947	0.8911	0.0899	0.2937	0.8741	0.1409	0.5704	0.5245	0.6354	0.025	0.2358	0.3566	0.979	0.4715	0.0819	0.4036	0.5265	0.3756	0.003	0.9041	0.018	0.1838	0.2468	0.0519	0.6963	0.3187	0.7473	0.3966	0.0549	0.4985	0.3786	0.9261	0.3726	0.0579	0.1668	0.011	0.05	0.0899	0.2038	0.1718	0.007	0.5455	0.6324	0.5764	0.2737	0.3686	0.005	0.5295	0.3147	0.8342	0.2048	0.1848	0.1399	0.026	0.3477	0.0799	0.2907	0.9441	0.0599	0.0929	0.5614	0.0729	0.0539	0.8462	0.8781	0.7313	0.2278	0.2747	0.1269	0.6494	0.4645	0.005	0.3127	0.6424	0.2038	0.1538	0.9081	0.5185	0.1239	0.0519	0.026	0.6563	0.1289	0.043	0.9211	0.008	0.013	0.2507	0.6304	0.9001	0.1808	0.0859	0.05	0.8971	0.013	0.019	0.6923	0.2587	0.015	0.8661	0.9011	0.3027	0.2847	0.8482	0.0759	0.034	0.1029	0.7173	0.046	0.7512	0.014	0.018	0.2827	0.004	0.6004	0.4535	0.0669	0.4456	0.3117	0.0849	0.3287	0.6963	0.1758	0.5884	0.5415	0.0579	0.3986	0.6913	0.8981	0.1359	0.3636	0.013	0.0839	0.7243	0.026	0.5065	0.4945	0.6214	0.997	0.035	0.3057	0.2328	0.7982	0.2677	0.3926	0.3047	0.042	0.003	0.3736	0.6673	0.1029	1	0.2967	0.8002	0.2168	0.7522	0.5015	0.024	0.0759	0.2078	0.0549	0.6673	0.01	0.2627	0.0939	0.3936	0.0919	0.6623	0.007	0.5954	0.2008	0.007	0.2627	0.3916	0.8671	0.1049	0.5844	0.029	0.005	0.3936	0.2857	0.5445	0.986	0.3317	0.017	0.955	0.7013	0.1538	0.024	0.6024	0.7343	0.6723	0.2318	0.044	0.8851	0.6314	0.018	0.014	0.014	0.5495	0.1538	0.6563	0.5554	0.0949	0.0599	0.7323	0.02	0.8182	0.3536	0.6793	0.9281	0.5644	0.6314	0.1598	0.9491	0.1129	0.0859	0.006	0.3297	0.047	0.6074	0.2398	0.2607	0.6733	0.1389	0.2278	0.1339
Sg_CD23A_20	0.0819	0.001	0.6583	0.006	0.026	0.9041	0.6434	0.014	0.1429	0.5345	0.2747	0.7952	0.016	0.8332	0.2088	0.3257	0.2817	0.047	0.006	0.2258	0.4835	0.014	0.001	0.6903	0.006	0.001	0.3267	0.001	0.03	0.1628	0.001	0.5125	0.042	0.002	0.954	0.0859	0.0559	0.1898	0.1958	0.041	0.4875	0.4326	0.009	0.019	0.1538	0.0589	0.2737	0.4466	0.008	0.3556	0.0559	0.4456	0.6783	0.0679	0.5954	0.3616	0.002	0.037	0.5814	0.2028	0.023	0.1608	0.0989	0.028	0.1029	0.8711	0.018	0.2697	0.2547	0.2338	0.0789	0.2677	0.6304	0.002	0.2817	0.3017	0.972	0.2438	0.1059	0.7752	0.1409	0.8821	0.0849	0.0519	0.3896	0.2198	0.3107	0.003	0.7532	0.017	1	0.6823	0.023	0.0899	0.4076	0.004	0.2677	0.3926	0.3137	0.002	0.006	0.014	0.001	0.022	0.036	0.3447	0.6054	0.2038	0.2507	0.6104	0.2098	0.1069	0.015	0.8432	0.7493	0.1628	0.4046	0.0829	0.7712	0.962	0.7822	0.002	0.1399	0.0769	0.1808	0.0559	0.2517	0.3776	0.002	0.3247	0.5335	0.001	0.6484	0.7742	0.001	0.005	0.1309	0.2338	0.5395	0.001	0.3247	0.0819	0.019	0.033	0.4296	0.017	0.7982	0.6973	0.7922	0.045	0.1948	0.1499	0.3347	0.019	0.01	0.1379	0.03	0.1369	0.046	0.3906	0.4236	0.3187	0.1698	0.3317	0.0959	0.1868	0.996	0.0669	0.2088	0.0849	0.029	0.0509	0.1558	0.3866	0.001	0.6973	0.2627	0.016	0.001	0.0719	0.2907	0.4575	0.4286	0.004	0.0599	0.2877	0.036	0.2757	0.001	0.024	0.1718	0.001	0.019	0.1508	0.8511	0.3437	0.8262	0.001	0.037	0.2767	0.5604	0.001	0.031	0.4865	0.9301	0.028	0.6434	0.7233	0.006	0.003	0.3227	0.0569	0.5185	0.003	0.1239	0.3317	0.028	0.1189	0.001	0.001	0.032	0.3117	0.0799	0.3317	0.005	0.043	0.5644	0.4535	0.1558	0.6563	0.997	0.2887	0.7832	0.4306	0.001	0.008	0.976	0.026	0.025	0.7542	0.6024	0.1209	0.1808	0.3516	0.1808	0.9171	0.2827	0.2787	0.5684	0.0619	0.007	0.05	0.0519	0.0849	0.032	0.009	0.4326	0.005	0.3277	0.0749	0.001	0.028	0.039	0.2378	0.2158	0.001	0.7702	0.9261	0.036	0.3267	0.017	0.0639	0.1069	0.006	0.029	0.7273	0.2038	0.4376	0.2797	0.4246	0.001	0.2767	0.037	0.0569	0.8322	0.7552	0.0519	0.017	0.0909	0.002	0.4525	0.001	0.9371	0.031	0.2038	0.3347	0.0519	0.8831	0.9001	0.001	0.0979	0.008	0.4086	0.001	0.1948	0.7582	0.001	0.1089	0.0789	0.008	0.3796	0.049	0.006	0.0609	0.5984	0.3986	0.001	0.2997	0.0759	0.006	0.003	0.004	0.1878	0.5974	0.038	0.034	0.2537	0.001	0.0529	0.001
Sg_CD23A_32	0.9451	0.2747	0.2527	0.7652	0.4196	0.001	0.9001	0.002	0.2967	0.8412	0.7213	0.1119	0.2927	0.3776	0.4106	0.8991	0.1079	0.3067	0.3726	0.5854	0.006	0.1518	0.0979	0.3477	0.035	0.8991	0.6753	0.001	0.7473	0.959	0.3836	0.3686	0.1099	0.3267	0.0729	0.2188	0.2148	0.955	0.97	0.985	0.2997	0.5085	0.1978	0.014	0.0999	0.0569	0.0769	0.9311	0.1888	0.0549	0.0949	0.2787	0.0619	0.5105	0.005	0.5874	0.5994	0.042	0.1858	0.1219	0.8841	0.4535	0.004	0.7882	0.8761	0.0869	0.0679	0.3017	0.5634	0.3866	0.029	0.0959	0.048	0.951	0.002	0.997	0.05	0.2478	0.037	0.0999	0.02	0.0719	0.0619	0.4735	0.2478	0.3047	0.5624	0.5784	0.7143	0.6863	0.6823	1	0.1059	0.006	0.9071	0.4995	0.4366	0.5465	0.02	0.037	0.001	0.2368	0.1179	0.4795	0.7353	0.6773	0.002	0.2647	0.8002	0.001	0.001	0.2857	0.0539	0.2108	0.0649	0.5385	0.024	0.2947	0.001	0.003	0.6563	0.2148	0.6194	0.7423	0.995	0.4995	0.2498	0.1878	0.7453	0.1029	0.9021	0.5315	0.3856	0.041	0.3107	0.7822	0.9251	0.009	0.023	0.1908	0.5574	0.7752	0.0769	0.5365	0.1089	0.7153	0.8881	0.3736	0.7163	0.96	0.7213	0.001	0.986	0.1838	0.2368	0.2328	0.9421	0.7932	0.3317	0.1129	0.3806	0.2747	0.5964	0.005	0.039	0.993	0.3367	0.002	0.009	0.004	0.036	0.9201	0.5834	0.026	0.4525	0.8771	0.6394	0.7582	0.5045	0.0829	0.5834	0.1568	0.6653	0.003	0.1039	0.8282	0.8022	0.009	0.2617	0.4496	0.7143	0.0909	0.023	0.8112	0.4945	0.0689	0.975	0.7443	0.5974	0.8292	0.6553	0.1299	0.039	0.5854	0.02	0.049	0.6603	0.5275	0.01	0.9481	0.3796	0.5445	0.3956	0.0529	0.6234	0.007	0.0799	0.0919	0.0949	0.3377	0.026	0.1978	0.4236	0.0829	0.0989	0.5614	0.2637	0.8701	0.1369	0.023	0.0689	0.2078	0.4555	0.2158	0.3257	0.4815	0.1608	0.2308	0.4665	0.1578	0.005	0.0919	0.1099	0.9271	0.033	0.5934	0.977	0.0969	0.1269	0.2348	0.041	0.5974	0.5345	0.8082	0.6034	0.4795	0.2408	0.7473	0.5904	0.1708	0.2358	0.001	0.008	0.1499	0.9101	0.3876	0.0949	0.8202	0.1948	0.9151	0.8991	0.6883	0.2617	0.3477	0.5275	0.3177	0.7103	0.1568	0.3167	0.0759	0.9301	0.9341	0.4216	0.959	0.016	0.7782	0.6344	0.3007	0.001	0.9151	0.003	0.6074	0.1269	0.0739	0.6304	0.2328	0.012	0.7253	0.988	0.4845	0.2248	0.5954	0.5784	0.3317	0.5325	0.2907	0.7792	0.3277	0.7932	0.0699	0.3287	0.5834	0.5125	0.012	0.029	0.2977	0.0559	0.015	0.2677	0.042	0.5754	0.6224	0.049	0.001	0.7423	0.0599	0.004	0.1788	0.0879	0.4306
Sg_CD24A_1	0.1009	0.008	0.3886	0.0729	0.0999	0.034	0.8661	0.3087	0.005	0.9371	0.036	0.7732	0.5704	0.1019	0.6004	0.7542	0.6404	0.002	0.1139	0.8891	0.037	0.5674	0.2478	0.9281	0.5445	0.047	0.8881	0.6204	0.969	0.2527	0.4156	0.1049	0.7712	0.002	0.0519	0.3257	0.0569	0.9211	0.9341	0.1638	0.8641	0.7642	0.1419	0.7273	0.017	0.021	0.043	0.1668	0.02	0.005	0.6464	0.5614	0.2667	0.1788	0.1888	0.2308	0.035	0.2378	0.0839	0.007	0.3656	0.0899	0.1698	0.2977	0.1499	0.5764	0.009	0.2747	0.5754	0.5045	0.4236	0.2637	0.1119	0.027	0.4076	0.4645	0.5085	0.3387	0.4935	0.4476	0.002	0.1309	0.001	0.7872	0.1828	0.0699	0.9251	0.7542	0.008	0.1049	0.023	0.1059	1	0.034	0.4126	0.033	0.1608	0.5564	0.014	0.001	0.9131	0.007	0.8432	0.0889	0.5724	0.6174	0.0579	0.8342	0.3626	0.008	0.4306	0.0849	0.1129	0.4356	0.033	0.7832	0.03	0.022	0.1159	0.0509	0.5205	0.004	0.5654	0.0619	0.5784	0.8771	0.015	0.2867	0.4885	0.4296	0.0999	0.017	0.8781	0.02	0.4605	0.3487	0.1179	0.4785	0.047	0.3087	0.1089	0.3946	0.02	0.4216	0.0849	0.5175	0.8751	0.6713	0.7453	0.6763	0.5075	0.2398	0.4496	0.5674	0.0759	0.5624	0.019	0.3766	0.2248	0.1808	0.8182	0.1199	0.2807	0.1049	0.1009	0.4296	0.3087	0.011	0.008	0.006	0.1938	0.2627	0.031	0.03	0.7023	0.6224	0.2078	0.029	0.0509	0.1459	0.8871	0.0609	0.2757	0.7243	0.4835	0.037	0.003	0.0509	0.002	0.035	0.4016	0.6523	0.0739	0.7652	0.035	0.012	0.999	0.003	0.2348	0.7562	0.5135	0.006	0.1768	0.0729	0.8132	0.023	0.3796	0.0739	0.001	0.1129	0.6933	0.1039	0.3107	0.004	0.6424	0.004	0.004	0.006	0.5864	0.954	0.049	0.5734	0.1728	0.003	0.8062	0.4675	0.1978	0.9401	0.026	0.0819	0.9081	0.4176	0.2617	0.1878	0.027	0.0659	0.0659	0.035	0.3167	0.003	0.0619	0.009	0.033	0.1618	0.955	0.8561	0.009	0.0759	0.0989	0.4945	0.003	0.015	0.8362	0.014	0.5664	0.001	0.009	0.1698	0.9381	0.9261	0.007	0.988	0.8931	0.025	0.031	0.001	0.2158	0.0679	0.002	0.0979	0.4306	0.022	0.4466	0.5425	0.2058	0.1908	0.8501	0.023	0.7453	0.2727	0.1009	0.014	0.6364	0.957	0.033	0.4236	0.1668	0.2358	0.2038	0.0929	0.006	0.013	0.3047	0.3057	0.7423	0.011	0.003	0.0909	0.6813	0.019	0.8492	0.024	0.0859	0.0559	0.1968	0.3836	0.035	0.003	0.5864	0.2378	0.7453	0.951	0.2707	0.015	0.025	0.5145	0.008	0.0759	0.03	0.007	0.001	0.039	0.002	0.0899	0.3037	0.8661	0.004	0.1359	0.7293	0.048
Sg_CD24A_10	0.019	0.001	0.001	0.013	0.001	0.001	0.002	0.001	0.001	0.004	0.001	0.1069	0.5125	0.001	0.002	0.1079	0.2617	0.002	0.4885	0.6454	0.01	0.3137	0.0829	0.009	0.3576	0.0629	0.001	0.2577	0.001	0.016	0.4535	0.045	0.1199	0.001	0.0559	0.001	0.001	0.0549	0.005	0.008	0.001	0.7962	0.0659	0.2547	0.001	0.001	0.044	0.029	0.001	0.001	0.009	0.035	0.001	0.001	0.001	0.1309	0.006	0.985	0.0809	0.017	0.0759	0.0739	0.032	0.001	0.7922	0.4905	0.4216	0.1558	0.001	0.001	0.7073	0.7393	0.043	0.002	0.4486	0.8062	0.014	0.001	0.3606	0.1578	0.001	0.5435	0.001	0.4266	0.2238	0.038	0.002	0.001	0.3636	0.0829	0.0899	0.006	0.034	1	0.002	0.001	0.9381	0.6284	0.001	0.001	0.005	0.001	0.6943	0.2707	0.035	0.8631	0.001	0.5325	0.1479	0.001	0.001	0.3646	0.1538	0.1089	0.001	0.047	0.046	0.008	0.001	0.001	0.1858	0.1988	0.001	0.4036	0.2667	0.0709	0.033	0.0549	0.5035	0.026	0.9451	0.001	0.0589	0.001	0.2428	0.1738	0.7532	0.001	0.001	0.045	0.035	0.003	0.001	0.9221	0.001	0.001	0.002	0.008	0.001	0.7273	0.013	0.001	0.002	0.4246	0.001	0.001	0.01	0.6573	0.2687	0.0999	0.983	0.3986	0.3407	0.011	0.001	0.021	0.5804	0.001	0.001	0.005	0.5794	0.9201	0.013	0.001	0.951	0.002	0.2328	0.7413	0.001	0.001	0.1079	0.1968	0.0749	0.7133	0.9311	0.001	0.002	0.2547	0.001	0.043	0.6324	0.2128	0.001	0.003	0.001	0.007	0.004	0.001	0.8651	0.1039	0.002	0.001	0.7732	0.003	0.1878	0.001	0.1848	0.3417	0.001	0.001	0.1149	0.5864	0.1798	0.001	0.9131	0.001	0.001	0.001	0.1708	0.1538	0.1808	0.4615	0.009	0.0579	0.7662	0.1818	0.1199	0.011	0.001	0.001	0.002	0.0929	0.5514	0.004	0.001	0.001	0.029	0.2787	0.6364	0.1089	0.001	0.001	0.001	0.012	0.9001	0.01	0.8332	0.001	0.6703	0.001	0.003	0.004	0.012	0.002	0.6364	0.0619	0.6713	0.002	0.018	0.1009	0.001	0.6533	0.7323	0.001	0.003	0.001	0.2478	0.0729	0.001	0.009	0.01	0.018	0.7383	0.952	0.8821	0.018	0.025	0.012	0.046	0.001	0.011	0.012	0.8621	0.2068	0.001	0.034	0.7572	0.6743	0.001	0.001	0.001	0.002	0.002	0.004	0.0679	0.017	0.001	0.8372	0.002	0.001	0.0799	0.001	0.4016	0.003	0.2937	0.0849	0.001	0.001	0.0689	0.001	0.017	0.4715	0.002	0.046	0.001	0.1169	0.001	0.001	0.044	0.001	0.4036	0.009	0.001	0.001	0.016	0.7183	0.001	0.023	0.8831	0.003
Sg_CD25A_53	0.005	0.001	0.001	0.001	0.001	0.045	0.001	0.1179	0.001	0.006	0.006	0.001	0.3656	0.013	0.008	0.037	0.1798	0.003	0.5654	0.3516	0.1828	0.009	0.001	0.007	0.039	0.1568	0.008	0.1578	0.001	0.001	0.006	0.5954	0.002	0.001	0.2607	0.001	0.001	0.001	0.029	0.1668	0.0779	0.2418	0.001	0.4486	0.001	0.001	0.7992	0.003	0.005	0.006	0.5674	0.007	0.001	0.005	0.005	0.6034	0.001	0.03	0.03	0.1499	0.028	0.001	0.002	0.001	0.7203	0.0829	0.5335	0.032	0.001	0.001	0.019	0.4525	0.1279	0.001	0.8232	0.1439	0.003	0.002	0.4975	0.002	0.003	0.001	0.001	0.0849	0.002	0.4136	0.004	0.002	0.7612	0.9201	0.4076	0.9071	0.4126	0.002	1	0.001	0.6154	0.4915	0.003	0.001	0.9461	0.001	0.046	0.5385	0.001	0.3946	0.004	0.2378	0.001	0.2198	0.5864	0.3886	0.3017	0.001	0.026	0.001	0.002	0.001	0.041	0.041	0.002	0.1628	0.006	0.8831	0.0549	0.001	0.003	0.001	0.2098	0.002	0.0809	0.001	0.005	0.001	0.2807	0.018	0.8362	0.006	0.002	0.001	0.007	0.002	0.001	0.7423	0.025	0.0509	0.001	0.7403	0.001	0.5594	0.003	0.003	0.001	0.5055	0.1898	0.001	0.003	0.7992	0.8472	0.0819	0.0879	0.7902	0.003	0.9181	0.3836	0.8002	0.047	0.001	0.0679	0.0819	0.046	0.8881	0.0679	0.001	0.4945	0.003	0.002	0.4575	0.017	0.001	0.1109	0.1349	0.002	0.4136	0.011	0.007	0.001	0.1908	0.002	0.4266	0.006	0.01	0.008	0.001	0.005	0.6064	0.002	0.001	0.4466	0.002	0.5225	0.001	0.8082	0.001	0.6603	0.001	0.4036	0.4396	0.2038	0.001	0.1289	0.3936	0.3307	0.001	0.6843	0.001	0.001	0.003	0.002	0.2018	0.1968	0.002	0.001	0.7502	0.026	0.001	0.002	0.002	0.01	0.001	0.0529	0.002	0.023	0.001	0.0719	0.001	0.2288	0.3636	0.5395	0.98	0.005	0.023	0.002	0.0509	0.2877	0.001	0.1718	0.004	0.012	0.002	0.6723	0.2008	0.001	0.011	0.4725	0.3956	0.1928	0.1758	0.001	0.0539	0.001	0.0529	0.002	0.012	0.003	0.001	0.1359	0.0569	0.001	0.001	0.003	0.3007	0.8052	0.2158	0.7103	0.1608	0.009	0.002	0.001	0.003	0.001	0.003	0.3037	0.013	0.001	0.5175	0.6783	0.5415	0.962	0.001	0.001	0.001	0.002	0.001	0.002	0.003	0.001	0.0599	0.001	0.001	0.025	0.001	0.3287	0.001	0.007	0.003	0.001	0.001	0.013	0.014	0.001	0.5055	0.001	0.3736	0.008	0.034	0.001	0.1129	0.015	0.001	0.8501	0.001	0.003	0.001	0.008	0.027	0.01	0.002	0.3437	0.002
Sg_CD26A_19	0.004	0.001	0.001	0.001	0.001	0.004	0.009	0.2847	0.001	0.001	0.007	0.0889	0.5654	0.007	0.027	0.003	0.8851	0.003	0.6763	0.5455	0.0889	0.002	0.001	0.006	0.6164	0.0769	0.001	0.036	0.001	0.001	0.044	0.4396	0.001	0.001	0.4006	0.001	0.001	0.0659	0.0999	0.4266	0.023	0.4116	0.009	0.3996	0.001	0.001	0.6503	0.001	0.002	0.001	0.2298	0.4276	0.001	0.001	0.001	0.6024	0.001	0.015	0.1379	0.7283	0.2727	0.014	0.019	0.001	0.4945	0.3736	0.5874	0.032	0.001	0.001	0.1748	0.3786	0.8801	0.001	0.1938	0.1259	0.5664	0.001	0.1678	0.028	0.001	0.025	0.001	0.8971	0.4256	0.01	0.001	0.001	0.4645	0.5824	0.004	0.4995	0.033	0.001	0.001	1	0.3666	0.7403	0.001	0.001	0.7393	0.001	0.043	0.8701	0.035	0.5065	0.001	0.969	0.0669	0.0669	0.7373	0.2707	0.8322	0.004	0.017	0.1988	0.001	0.001	0.001	0.001	0.04	0.3526	0.001	0.8841	0.1289	0.002	0.001	0.002	0.006	0.001	0.6933	0.001	0.014	0.039	0.001	0.007	0.1598	0.001	0.0629	0.002	0.001	0.008	0.001	0.3097	0.008	0.001	0.004	0.021	0.001	0.973	0.033	0.002	0.002	0.3576	0.002	0.001	0.044	0.4176	0.6364	0.9301	0.2777	0.8961	0.8042	0.0649	0.001	0.004	0.3526	0.002	0.1049	0.0569	0.0509	0.2887	0.001	0.001	0.998	0.005	0.0829	0.0849	0.001	0.001	0.045	0.039	0.019	0.037	0.0719	0.002	0.002	0.6494	0.001	0.2777	0.002	0.001	0.001	0.003	0.002	0.1968	0.01	0.001	0.99	0.1878	0.003	0.001	0.3506	0.1419	0.5045	0.001	0.3606	0.955	0.032	0.001	0.008	0.7722	0.1988	0.001	0.2857	0.004	0.003	0.001	0.001	0.9031	0.5944	0.1069	0.002	0.045	0.023	0.025	0.018	0.045	0.001	0.001	0.003	0.3926	0.1329	0.002	0.001	0.001	0.964	0.4915	0.8082	0.2318	0.001	0.001	0.001	0.011	0.0519	0.003	0.3816	0.001	0.1968	0.001	0.006	0.001	0.0639	0.001	0.1189	0.003	0.5904	0.001	0.004	0.001	0.001	0.001	0.007	0.001	0.013	0.001	0.8791	0.02	0.001	0.001	0.001	0.0959	0.8262	0.0539	0.8082	0.4825	0.0619	0.024	0.011	0.001	0.001	0.006	0.6144	0.2507	0.005	0.6803	0.2517	0.6454	0.1798	0.001	0.003	0.001	0.001	0.031	0.1179	0.034	0.001	0.2198	0.001	0.001	0.9461	0.001	0.1948	0.001	0.005	0.0839	0.001	0.001	0.002	0.003	0.013	0.6843	0.001	0.5974	0.001	0.6873	0.001	0.001	0.004	0.001	0.0659	0.001	0.016	0.001	0.048	0.0559	0.001	0.001	0.0829	0.001
Sg_CD27A_46	0.0649	0.0679	0.4396	0.8332	0.4925	0.6134	0.1379	0.2727	0.0869	0.1948	0.1688	0.2567	0.8761	0.1578	0.2248	0.3107	0.0529	0.1429	0.4186	0.7742	0.1319	0.007	0.3576	0.6254	0.3886	0.0909	0.7123	0.5215	0.3297	0.6643	0.6803	0.0979	0.962	0.049	0.008	0.6414	0.009	0.1578	0.3586	0.7692	0.5654	0.3217	0.3616	0.8501	0.1618	0.6324	0.008	0.047	0.0989	0.008	0.7992	0.5934	0.8132	0.6414	0.3866	0.6324	0.3477	0.5345	0.1578	0.006	0.3327	0.1658	0.8172	0.5574	0.7862	0.8072	0.005	0.005	0.8641	0.5425	0.0919	0.7113	0.026	0.2018	0.964	0.1039	0.1379	0.8761	0.8691	0.003	0.1019	0.001	0.0789	0.9171	0.1528	0.044	0.8601	0.0979	0.036	0.8851	0.2677	0.4366	0.1608	0.9381	0.6154	0.3666	1	0.001	0.988	0.8472	0.8911	0.8462	0.008	0.001	0.3836	0.7313	0.2198	0.6923	0.041	0.9301	0.05	0.7373	0.3896	0.01	0.006	0.1489	0.02	0.005	0.9021	0.7293	0.048	0.038	0.9081	0.4086	0.017	0.1379	0.1119	0.1718	0.035	0.04	0.2797	0.2947	0.8062	0.1199	0.001	0.8811	0.3327	0.5794	0.1319	0.1678	0.001	0.8162	0.4296	0.8551	0.9291	0.8042	0.2448	0.2817	0.1778	0.6404	0.3427	0.7233	0.7962	0.1399	0.6104	0.9091	0.4755	0.8152	0.8382	0.1618	0.4665	0.1808	0.2348	0.5065	0.6883	0.8332	0.045	0.2398	0.008	0.0929	0.4146	0.4156	0.1159	0.9381	0.2787	0.3616	0.3986	0.5365	0.9291	0.988	0.2178	0.019	0.7493	0.9431	0.4845	0.03	0.005	0.1758	0.0579	0.3756	0.6324	0.032	0.4885	0.6474	0.002	0.018	0.3247	0.3187	0.6623	0.2757	0.7532	0.1508	0.5534	0.1269	0.8212	0.1678	0.96	0.0679	0.0619	0.6374	0.012	0.034	0.004	0.1838	0.9231	0.016	0.006	0.8302	0.5145	0.6783	0.4336	0.98	0.1199	0.4396	0.0959	0.2018	0.0579	0.1878	0.1968	0.1039	0.5614	0.6933	0.1309	0.1788	0.5984	0.4026	0.5435	0.2388	0.001	0.015	0.7213	0.8911	0.012	0.1299	0.1558	0.8751	0.04	0.7972	0.001	0.8022	0.8781	0.7323	0.2937	0.6623	0.95	0.5395	0.1149	0.3666	0.7922	0.5524	0.2118	0.97	0.3516	0.0789	0.8861	0.6683	0.4665	0.5125	0.6703	0.0699	0.5405	0.034	0.9301	0.2228	0.9361	0.4615	0.2767	0.0839	0.6833	0.5564	0.1668	0.004	0.6583	0.0749	0.033	0.04	0.7552	0.7892	0.8142	0.2517	0.1039	0.8871	0.2318	0.5055	0.0769	0.045	0.021	0.4855	0.6164	0.4625	0.5924	0.2118	0.0619	0.6054	0.1489	0.0559	0.7612	0.0829	0.3227	0.6194	0.3437	0.2927	0.5085	0.027	0.8092	0.9381	0.6044	0.8302	0.001	0.035	0.017	0.7123	0.1988	0.7662	0.5385	0.1578	0.2547	0.8731	0.6993	0.993
Sg_CD28A_40	0.1019	0.3007	0.5564	0.3107	0.4745	0.2997	0.7852	0.3896	0.4106	0.4935	0.2068	0.041	0.7143	0.1109	0.976	0.8432	0.1369	0.3676	0.9191	0.0959	0.7073	0.4056	0.6623	0.0739	0.0559	0.0909	0.1718	0.1968	0.0789	0.0859	0.4456	0.028	0.1209	0.046	0.8242	0.1069	0.2088	0.02	0.1588	0.968	0.8861	0.4056	0.2537	0.3107	0.5744	0.9071	0.003	0.009	0.9181	0.0859	0.0569	0.8372	0.6613	0.4446	0.2757	0.0539	0.2458	0.3776	0.99	0.2188	0.4216	0.5524	0.5804	0.5095	0.0609	0.0979	0.002	0.001	0.7113	0.7453	0.0979	0.0509	0.971	0.013	0.2368	0.2398	0.3227	0.2917	0.3646	0.008	0.2248	0.001	0.7193	0.02	0.8951	0.002	0.0999	0.3696	0.003	0.2118	0.3926	0.5465	0.5564	0.6284	0.4915	0.7403	0.001	1	0.8631	0.2997	0.7992	0.1938	0.01	0.001	0.042	0.3966	0.7213	0.1638	0.003	0.7143	0.1239	0.2108	0.4236	0.004	0.047	0.009	0.005	0.003	0.6663	0.8122	0.003	0.004	0.2058	0.6783	0.005	0.9161	0.026	0.036	0.0919	0.007	0.6134	0.5994	0.4176	0.2248	0.042	0.8881	0.3566	0.1698	0.4945	0.0949	0.001	0.2418	0.9191	0.1129	0.9331	0.5884	0.8811	0.0619	0.0829	0.1449	0.2537	0.8442	0.8192	0.001	0.0879	0.2408	0.2408	0.1598	0.8601	0.001	0.9211	0.2587	0.5514	0.9121	0.2677	0.0839	0.0819	0.4505	0.2567	0.7043	0.1319	0.6583	0.014	0.7393	0.3646	0.1359	0.3197	0.2038	0.7093	0.3936	0.004	0.036	0.8901	0.2348	0.3097	0.001	0.001	0.7852	0.0629	0.3427	0.3526	0.0749	0.8831	0.1538	0.001	0.006	0.2607	0.6204	0.0949	0.014	0.04	0.5654	0.9431	0.8891	0.019	0.2458	0.6663	0.023	0.4026	0.6923	0.5415	0.6943	0.001	0.3646	0.1039	0.5375	0.1299	0.1449	0.2667	0.6334	0.7033	0.4036	0.0579	0.4945	0.0699	0.023	0.037	0.2368	0.049	0.1618	0.1069	0.0689	0.9101	0.048	0.036	0.2537	0.2078	0.4056	0.001	0.5794	0.5644	0.9371	0.1039	0.5904	0.979	0.6064	0.997	0.9141	0.001	0.4236	0.979	0.0619	0.002	0.8452	0.9141	0.2148	0.8132	0.6523	0.5994	0.7572	0.2038	0.1119	0.7103	0.1239	0.3526	0.1289	0.5864	0.4026	0.963	0.014	0.3337	0.1489	0.6813	0.1938	0.1499	0.7343	0.4206	0.4895	0.2098	0.9221	0.1788	0.001	0.0759	0.002	0.4695	0.9041	0.2268	0.7443	0.7273	0.992	0.6484	0.8681	0.6543	0.1059	0.005	0.7193	0.2877	0.2268	0.3457	0.998	0.016	0.4046	0.8342	0.5125	0.8012	0.1528	0.955	0.6863	0.7672	0.0839	0.025	0.7532	0.4096	0.006	0.8901	0.2358	0.4645	0.8272	0.003	0.2128	0.2927	0.959	0.0619	0.5385	0.1658	0.6334	0.8611	0.3247	0.0799	0.1998
Sg_CD30A_34	0.3746	0.001	0.001	0.011	0.001	0.001	0.031	0.001	0.001	0.007	0.019	0.2158	0.1139	0.005	0.027	0.4765	0.1728	0.021	0.956	0.2777	0.01	0.5025	0.1718	0.048	0.3137	0.3227	0.003	0.3716	0.002	0.4136	0.5345	0.1638	0.0759	0.001	0.034	0.014	0.001	0.8152	0.004	0.009	0.002	0.4296	0.3856	0.1319	0.004	0.001	0.021	0.1109	0.001	0.001	0.001	0.031	0.001	0.001	0.001	0.8082	0.003	0.7572	0.6184	0.1688	0.011	0.1339	0.003	0.001	0.3596	0.0989	0.4755	0.4695	0.001	0.002	0.8142	0.6573	0.3347	0.001	0.5385	0.3377	0.2537	0.004	0.1159	0.957	0.001	0.9451	0.001	0.5345	0.3157	0.017	0.007	0.001	0.0809	0.2378	0.3137	0.02	0.014	0.001	0.003	0.001	0.988	0.8631	1	0.001	0.001	0.001	0.5235	0.4056	0.3287	0.5105	0.001	0.1049	0.3876	0.005	0.002	0.0739	0.031	0.6334	0.001	0.978	0.0819	0.027	0.001	0.001	0.2468	0.5035	0.01	0.7672	0.8122	0.013	0.003	0.3447	0.2038	0.2308	0.8042	0.001	0.024	0.001	0.5085	0.3926	0.4995	0.001	0.03	0.0559	0.1269	0.001	0.001	0.4695	0.014	0.001	0.002	0.001	0.001	0.3596	0.001	0.001	0.001	0.3097	0.001	0.001	0.2108	0.4825	0.5205	0.6603	0.4076	0.7493	0.9151	0.014	0.001	0.005	0.3327	0.002	0.001	0.3207	0.4745	0.5245	0.017	0.001	0.6224	0.002	0.2687	0.3716	0.001	0.001	0.3666	0.002	0.1548	0.9201	0.6364	0.002	0.01	0.1988	0.001	0.4635	0.0599	0.2527	0.001	0.001	0.001	0.017	0.002	0.004	0.4216	0.5804	0.002	0.001	0.4905	0.022	0.1948	0.001	0.7962	0.6633	0.031	0.002	0.3237	0.6244	0.6094	0.001	0.4246	0.001	0.008	0.001	0.1668	0.3946	0.8601	0.4585	0.1329	0.003	0.5495	0.5664	0.6454	0.001	0.001	0.001	0.006	0.973	0.1958	0.02	0.001	0.003	0.043	0.8002	0.3626	0.2647	0.001	0.001	0.001	0.008	0.7433	0.022	0.3926	0.001	0.8302	0.011	0.006	0.003	0.4515	0.004	0.6374	0.012	0.5604	0.002	0.0769	0.8601	0.002	0.2847	0.8891	0.006	0.002	0.004	0.9141	0.015	0.001	0.2088	0.0509	0.1119	0.3646	0.8691	0.5984	0.5095	0.004	0.013	0.02	0.001	0.1269	0.024	0.1998	0.4875	0.001	0.044	0.6953	0.2228	0.001	0.001	0.001	0.031	0.001	0.1548	0.6923	0.1349	0.001	0.4256	0.001	0.002	0.1988	0.001	0.2328	0.014	0.3097	0.4895	0.001	0.001	0.4346	0.002	0.4845	0.025	0.007	0.04	0.001	0.1419	0.001	0.001	0.1618	0.001	0.4356	0.1998	0.002	0.001	0.001	0.8921	0.001	0.0529	0.9401	0.01
Sg_CE19A_15	0.003	0.001	0.001	0.001	0.001	0.003	0.002	0.5145	0.001	0.001	0.002	0.004	0.6673	0.018	0.049	0.0529	0.7313	0.002	0.9311	0.1948	0.031	0.014	0.001	0.025	0.4785	0.009	0.002	0.3247	0.001	0.003	0.005	0.0749	0.003	0.001	0.2088	0.001	0.001	0.008	0.008	0.3816	0.017	0.5604	0.001	0.0939	0.001	0.001	0.2108	0.002	0.005	0.001	0.4136	0.022	0.001	0.001	0.006	0.0579	0.001	0.0689	0.0639	0.4436	0.5834	0.003	0.032	0.001	0.4905	0.4535	0.0569	0.042	0.001	0.001	0.2328	0.6164	0.1538	0.001	0.3217	0.4086	0.0929	0.001	0.2957	0.015	0.001	0.046	0.001	0.7143	0.7163	0.006	0.003	0.001	0.4625	0.0569	0.002	0.037	0.001	0.001	0.001	0.001	0.8472	0.2997	0.001	1	0.6294	0.001	0.045	0.5654	0.008	0.1119	0.001	0.4685	0.047	0.002	0.7023	0.7912	0.9211	0.002	0.004	0.019	0.001	0.001	0.002	0.002	0.019	0.025	0.001	0.6194	0.0839	0.001	0.005	0.004	0.015	0.001	0.4745	0.001	0.001	0.004	0.002	0.001	0.2438	0.047	0.002	0.001	0.002	0.2328	0.001	0.7413	0.001	0.001	0.1119	0.039	0.001	0.959	0.6903	0.003	0.014	0.7393	0.001	0.001	0.001	0.1299	0.3866	0.8581	0.2228	0.5844	0.048	0.6603	0.001	0.035	0.049	0.001	0.1878	0.003	0.5035	0.5345	0.001	0.001	0.3237	0.0819	0.004	0.035	0.001	0.001	0.2248	0.025	0.1758	0.2318	0.0989	0.001	0.001	0.6603	0.001	0.5135	0.0939	0.003	0.001	0.1079	0.002	0.031	0.2068	0.001	0.7832	0.047	0.005	0.001	0.3087	0.002	0.7083	0.001	0.9401	0.5395	0.004	0.001	0.016	0.4476	0.0809	0.001	0.3686	0.001	0.001	0.001	0.001	0.8452	0.1878	0.1598	0.002	0.004	0.041	0.002	0.017	0.5784	0.001	0.001	0.016	0.0729	0.5335	0.003	0.001	0.002	0.3516	0.8801	0.5455	0.0789	0.001	0.001	0.001	0.1279	0.2567	0.002	0.7672	0.001	0.1269	0.001	0.001	0.001	0.016	0.001	0.015	0.001	0.3477	0.001	0.029	0.0519	0.001	0.1009	0.0509	0.005	0.1528	0.001	0.7612	0.1758	0.001	0.001	0.003	0.004	0.1269	0.025	0.6444	0.1548	0.993	0.003	0.004	0.005	0.001	0.003	0.017	0.0929	0.001	0.8841	0.6134	0.5654	0.2098	0.001	0.001	0.001	0.001	0.001	0.025	0.049	0.001	0.7982	0.019	0.001	0.999	0.001	0.1219	0.001	0.0719	0.0669	0.001	0.001	0.028	0.3776	0.017	0.5185	0.001	0.0999	0.001	0.0929	0.001	0.001	0.003	0.001	0.015	0.001	0.001	0.001	0.7652	0.038	0.001	0.001	0.7433	0.001
Sg_CE19A_24	0.3097	0.4535	0.2797	0.8991	0.6384	0.004	0.6014	0.001	0.4066	0.5495	0.1459	0.6244	0.4106	0.036	0.0509	0.2088	0.9071	0.3586	0.984	0.8432	0.009	0.2707	0.016	0.2058	0.1558	0.1429	0.1499	0.001	0.7313	0.1199	0.035	0.0799	0.5235	0.6663	0.0589	0.6613	0.0889	0.032	0.043	0.001	0.035	0.1568	0.023	0.001	0.0619	0.008	0.002	0.3207	0.1518	0.005	0.001	0.4486	0.047	0.6484	0.001	0.3956	0.4585	0.001	0.1279	0.0779	0.003	0.5225	0.002	0.6124	0.8312	0.032	0.1269	0.5984	0.9161	0.3596	0.023	0.034	0.017	0.5025	0.019	0.9221	0.5385	0.3516	0.003	0.1518	0.004	0.1099	0.2128	0.0639	0.8751	0.006	0.2687	0.5584	0.6993	0.044	0.006	0.001	0.9131	0.005	0.9461	0.7393	0.8911	0.7992	0.001	0.6294	1	0.4166	0.002	0.5265	0.4016	0.2577	0.001	0.001	0.7702	0.002	0.001	0.8661	0.004	0.1778	0.012	0.1688	0.1339	0.2358	0.001	0.001	0.5954	0.044	0.5265	0.7942	0.6124	0.7053	0.5534	0.1049	0.0749	0.3786	0.8282	0.9261	0.7542	0.001	0.3107	0.1708	0.8022	0.001	0.2198	0.033	0.3966	0.013	0.1578	0.8851	0.1209	0.3477	0.1249	0.004	0.014	0.99	0.002	0.001	0.0699	0.0949	0.2557	0.1009	0.032	0.3387	0.4685	0.6174	0.6943	0.7522	0.1818	0.001	0.031	0.1159	0.2787	0.031	0.001	0.037	0.041	0.5335	0.8981	0.008	0.2208	0.038	0.9351	0.032	0.7183	0.0749	0.6084	0.1009	0.9041	0.043	0.0859	0.5984	0.5125	0.0689	0.6224	0.8102	0.984	0.001	0.007	0.004	0.0539	0.2278	0.024	0.1938	0.8412	0.031	0.004	0.4416	0.1638	0.4346	0.003	0.049	0.4396	0.6673	0.038	0.7013	0.3327	0.7213	0.8472	0.2577	0.5784	0.001	0.5455	0.004	0.001	0.1299	0.4625	0.2178	0.1588	0.2178	0.02	0.1469	0.2547	0.006	0.003	0.005	0.1309	0.992	0.2537	0.9401	0.4695	0.5744	0.006	0.9331	0.1439	0.7882	0.001	0.001	0.1449	0.6613	0.0999	0.953	0.1778	0.001	0.1399	0.2617	0.3536	0.9281	0.1578	0.4885	0.0669	0.3127	0.3267	0.4126	0.7223	0.004	0.5235	0.02	0.003	0.049	0.0509	0.6204	0.987	0.1189	0.016	0.3047	0.6623	0.004	0.004	0.2028	0.7892	0.8332	0.004	0.048	1	0.001	0.2018	0.988	0.001	0.017	0.001	0.2507	0.1309	0.5165	0.001	0.9251	0.001	0.005	0.1149	0.8462	0.0779	0.1209	0.0819	0.0949	0.018	0.6144	0.026	0.6673	0.009	0.0519	0.2727	0.5694	0.2058	0.049	0.0809	0.001	0.5265	0.1598	0.6094	0.001	0.001	0.987	0.2527	0.2098	0.1169	0.037	0.2707	0.3167	0.009	0.001	0.001	0.048	0.001	0.014	0.003	0.5175
Sg_CE19A_29	0.007	0.001	0.001	0.02	0.001	0.001	0.015	0.04	0.001	0.001	0.001	0.3387	0.3506	0.036	0.0679	0.0709	0.9281	0.001	0.5634	0.1728	0.1149	0.028	0.009	0.001	0.6513	0.0959	0.002	0.3097	0.002	0.3956	0.1399	0.1828	0.001	0.001	0.3307	0.046	0.001	0.3307	0.013	0.3257	0.0709	0.3996	0.003	0.6823	0.001	0.001	0.003	0.002	0.003	0.001	0.023	0.018	0.001	0.001	0.007	0.1768	0.001	0.2627	0.0899	0.6623	0.5594	0.003	0.003	0.002	0.1129	0.7662	0.3017	0.015	0.001	0.012	0.6164	0.0729	0.983	0.001	0.1698	0.964	0.9481	0.001	0.4685	0.018	0.001	0.017	0.001	0.3716	0.4276	0.006	0.001	0.001	0.1139	0.1768	0.014	0.2368	0.007	0.001	0.001	0.001	0.8462	0.1938	0.001	0.001	0.4166	1	0.7972	0.2168	0.2068	0.2378	0.001	0.0739	0.012	0.016	0.1628	0.986	0.2068	0.003	0.001	0.3616	0.001	0.001	0.001	0.001	0.001	0.0819	0.001	0.5624	0.027	0.007	0.001	0.004	0.0859	0.003	0.9081	0.001	0.014	0.001	0.05	0.042	0.024	0.015	0.001	0.001	0.001	0.027	0.001	0.1419	0.002	0.001	0.0519	0.042	0.001	0.4615	0.2188	0.001	0.003	0.8262	0.001	0.001	0.011	0.1069	0.3027	0.1129	0.1718	0.6983	0.3656	0.018	0.001	0.01	0.3477	0.001	0.011	0.0739	0.8781	0.2897	0.001	0.001	0.8771	0.01	0.009	0.3337	0.001	0.001	0.007	0.001	0.2827	0.5495	0.3656	0.001	0.001	0.3966	0.001	0.998	0.0979	0.007	0.001	0.009	0.001	0.014	0.02	0.001	0.3387	0.5325	0.006	0.001	0.6593	0.023	0.8701	0.001	0.4965	0.7782	0.003	0.001	0.048	0.8332	0.035	0.001	0.1019	0.001	0.001	0.001	0.003	0.7892	0.8901	0.03	0.001	0.033	0.3037	0.002	0.001	0.0799	0.001	0.001	0.001	1	0.1119	0.005	0.001	0.001	0.1828	0.8122	0.3027	0.6294	0.001	0.001	0.001	0.01	0.037	0.001	0.8042	0.001	0.036	0.001	0.004	0.001	0.3017	0.001	0.5954	0.01	0.3796	0.001	0.039	0.1668	0.001	0.021	0.021	0.001	0.02	0.001	0.6104	0.1319	0.001	0.002	0.003	0.003	0.5385	0.4026	0.2607	0.1499	0.2138	0.014	0.001	0.002	0.006	0.002	0.1469	0.5704	0.003	0.4356	0.6743	0.4386	0.0739	0.001	0.001	0.001	0.001	0.0799	0.4925	0.033	0.001	0.0959	0.005	0.001	0.5385	0.001	0.2488	0.001	0.1019	0.019	0.001	0.001	0.009	0.039	0.3337	0.5105	0.001	0.1129	0.001	0.2428	0.001	0.001	0.001	0.001	0.2078	0.002	0.001	0.001	0.0929	0.4745	0.001	0.001	0.5285	0.001
Sg_CE19A_36	0.1628	0.1189	0.3177	0.002	0.0529	0.019	0.5355	0.001	0.8681	0.039	0.8941	0.011	0.3806	0.023	0.4406	0.4605	0.6144	0.4496	0.9441	0.6603	0.029	0.023	0.001	0.4675	0.001	0.029	0.9191	0.001	0.005	0.003	0.001	0.1928	0.001	0.1618	0.006	0.001	0.998	0.002	0.4246	0.1798	0.6893	0.1718	0.002	0.001	0.5495	0.6853	0.001	0.3017	0.5604	0.1758	0.002	0.4346	0.0609	0.013	0.1019	0.973	0.001	0.001	0.0719	0.015	0.037	0.0619	0.3566	0.001	0.7892	0.001	0.5325	0.6933	0.2238	0.8382	0.001	0.4995	0.1289	0.1349	0.013	0.003	0.6384	0.0699	0.003	0.4046	0.2378	0.995	0.4635	0.8212	0.5205	0.002	0.6204	0.005	0.007	0.2248	0.001	0.1179	0.8432	0.6943	0.046	0.043	0.008	0.01	0.5235	0.045	0.002	0.7972	1	0.001	0.001	0.6344	0.0949	0.002	0.9161	0.033	0.001	0.7093	0.004	0.1928	0.003	0.009	0.4136	0.4106	0.2697	0.1129	0.1089	0.1289	0.042	0.1588	0.0829	0.001	0.5495	0.027	0.027	0.1628	0.0569	0.003	0.3506	0.1988	0.001	0.003	0.5425	0.1658	0.6803	0.001	0.4655	0.3626	0.0929	0.6084	0.4266	0.018	0.5075	0.038	0.7093	0.2947	0.2328	0.005	0.3766	0.992	0.3407	0.4965	0.019	0.7512	0.4635	0.3337	0.5884	0.028	0.2118	0.002	0.6633	0.8921	0.1828	0.7672	0.001	0.7592	0.001	0.954	0.6753	0.8352	0.001	0.8012	0.013	0.045	0.0659	0.049	0.033	0.4695	0.1259	0.003	0.001	0.9031	0.967	0.001	0.025	0.3656	0.014	0.001	0.1938	0.4995	0.031	0.02	0.4146	0.002	0.7852	0.001	0.1638	0.1049	0.039	0.4316	0.0549	0.1708	0.3696	0.016	0.8951	0.005	0.0749	0.6384	0.4356	0.3497	0.1469	0.2697	0.9201	0.4456	0.001	0.017	0.1718	0.1499	0.0679	0.8182	0.001	0.003	0.2398	0.1508	0.5155	0.1518	0.8711	0.029	0.2268	0.2927	0.1109	0.0669	0.021	0.4755	0.01	0.2897	0.039	0.8452	0.8102	0.5115	0.1399	0.2178	0.4326	0.6214	0.8731	0.016	0.8831	0.3487	0.002	0.5904	0.001	0.2597	0.3726	0.012	0.0789	0.1009	0.011	0.008	0.003	0.3077	0.9071	0.1179	0.034	0.996	0.6454	0.0759	0.001	0.7832	0.002	0.001	0.6653	0.7003	0.0819	0.2957	0.7692	0.4396	0.001	0.5984	0.001	0.002	0.049	0.0909	0.038	0.5305	0.002	0.006	0.2398	0.001	0.9421	0.009	0.001	0.7982	0.8222	0.1019	0.9101	0.001	0.6204	0.014	0.001	0.001	0.001	0.9361	0.003	0.7313	0.036	0.0639	0.003	0.0619	0.001	0.001	0.4246	0.7323	0.042	0.6713	0.1099	0.7512	0.1958	0.008	0.3716	0.3417	0.0939	0.001	0.5215	0.001	0.001	0.001
Sg_CG50A_22	0.003	0.0829	0.3576	0.4655	0.5634	0.3127	0.031	0.013	0.001	0.1568	0.003	0.6773	0.6184	0.002	0.006	0.1918	0.1169	0.008	0.2817	0.6983	0.4096	0.0919	0.8671	0.5415	0.0839	0.2018	0.2927	0.0729	0.7942	0.6773	0.4426	0.3197	0.8232	0.003	0.1978	0.6314	0.001	0.1279	0.008	0.998	0.6933	0.7323	0.1548	0.3357	0.002	0.0509	0.007	0.001	0.021	0.017	0.7512	0.2977	0.3127	0.6643	0.8452	0.2368	0.2557	0.1548	0.5934	0.04	0.05	0.016	0.6064	0.2767	0.3536	0.3766	0.008	0.001	0.2118	0.4296	0.049	0.8212	0.1299	0.002	0.4905	0.5634	0.1049	0.9211	0.3167	0.002	0.0509	0.001	0.003	0.0909	0.0839	0.005	0.5994	0.1598	0.001	0.2947	0.022	0.4795	0.0889	0.2707	0.5385	0.8701	0.001	0.001	0.4056	0.5654	0.5265	0.2168	0.001	1	0.3586	0.4216	0.2108	0.1369	0.001	0.0879	0.1179	0.984	0.0749	0.001	0.004	0.3327	0.001	0.001	0.2717	0.6893	0.006	0.009	0.9211	0.0669	0.001	0.048	0.048	0.026	0.004	0.005	0.0669	0.1788	0.4925	0.001	0.001	0.9361	0.1409	0.982	0.003	0.1019	0.006	0.3177	0.1059	0.5035	0.9131	0.5375	0.004	0.4256	0.03	0.5744	0.046	0.1558	0.4106	0.6583	0.5704	0.2008	0.8462	0.6953	0.5554	0.1379	0.2248	0.037	0.0989	0.2837	0.038	0.7572	0.1049	0.2288	0.001	0.1538	0.2218	0.8012	0.1109	0.4715	0.005	0.046	0.1269	0.0939	0.6484	0.7063	0.006	0.007	0.3237	0.2378	0.3966	0.037	0.001	0.1978	0.0569	0.1399	0.5794	0.003	0.7522	0.1399	0.001	0.008	0.037	0.0739	0.6623	0.2218	0.5295	0.005	0.5624	0.04	0.3277	0.0849	0.4016	0.015	0.1988	0.0729	0.014	0.3876	0.001	0.002	0.6034	0.001	0.001	0.1279	0.0719	0.026	0.5884	0.1059	0.023	0.6384	0.043	0.035	0.007	0.012	0.008	0.001	0.6334	0.8302	0.1518	0.005	0.6184	0.005	0.0799	0.0629	0.001	0.013	0.1269	0.989	0.001	0.026	0.2028	0.036	0.2827	0.5455	0.001	0.4336	0.4545	0.8462	0.2587	0.2128	0.3217	0.5345	0.3107	0.1039	0.2867	0.6394	0.026	0.6284	0.046	0.001	0.3137	0.005	0.3916	0.1988	0.3017	0.011	0.9191	0.0969	0.2178	0.0699	0.3007	0.9391	0.017	0.2128	0.2827	0.1848	0.7353	0.001	0.5315	0.0709	0.001	0.0589	0.1808	0.6214	0.5015	0.6773	0.001	0.9241	0.1628	0.6484	0.2927	0.003	0.001	0.4206	0.0819	0.2448	0.4266	0.2108	0.026	0.4795	0.3686	0.008	0.8751	0.03	0.1938	0.8332	0.4885	0.1149	0.1828	0.0609	0.4515	0.8192	0.6244	0.8651	0.004	0.003	0.0899	0.8192	0.002	0.1758	0.1798	0.0529	0.1069	0.6224	0.1419	0.5265
Sg_CG50A_49	0.014	0.015	0.001	0.001	0.001	0.3127	0.001	0.2288	0.012	0.0919	0.034	0.001	0.9431	0.957	0.011	0.3327	0.024	0.1688	0.6054	0.979	0.6264	0.1538	0.001	0.042	0.001	0.029	0.3566	0.01	0.001	0.001	0.001	0.2627	0.003	0.002	0.5485	0.001	0.006	0.001	0.04	0.5075	0.008	0.001	0.001	0.2438	0.004	0.1339	0.046	0.023	0.5055	0.4715	0.1179	0.031	0.1019	0.022	0.8861	0.9261	0.014	0.011	0.007	0.5455	0.6364	0.0799	0.009	0.014	0.9441	0.2088	0.5754	0.2068	0.001	0.005	0.001	0.9311	0.2088	0.032	0.8272	0.004	0.001	0.0749	0.3147	0.038	0.2468	0.3826	0.006	0.5824	0.043	0.0779	0.1039	0.001	0.0569	0.8911	0.036	0.7353	0.5724	0.035	0.001	0.035	0.3836	0.042	0.3287	0.008	0.4016	0.2068	0.001	0.3586	1	0.2587	0.0919	0.013	0.019	0.7353	0.0899	0.1668	0.2967	0.016	0.9451	0.001	0.0719	0.1389	0.4466	0.992	0.0569	0.7822	0.019	0.1768	0.98	0.002	0.9141	0.002	0.956	0.1968	0.034	0.001	0.028	0.1309	0.0759	0.001	0.7013	0.8202	0.036	0.001	0.3986	0.3846	0.001	0.8102	0.039	0.004	0.049	0.3097	0.0529	0.3926	0.3996	0.4466	0.009	0.4525	0.1149	0.044	0.001	0.3746	0.3526	0.001	0.7912	0.0969	0.001	0.044	0.5275	0.6863	0.1788	0.003	0.2777	0.019	0.001	0.4965	0.7133	0.4885	0.1538	0.0759	0.001	0.7013	0.0689	0.001	0.3247	0.6953	0.1459	0.6374	0.001	0.2737	0.2118	0.012	0.0559	0.3806	0.001	0.001	0.1179	0.1419	0.9001	0.7183	0.1908	0.001	0.7592	0.001	0.6064	0.001	0.6264	0.0679	0.4056	0.002	0.1269	0.011	0.2737	0.001	0.016	0.6753	0.6933	0.002	0.4845	0.011	0.002	0.1758	0.001	0.977	0.4565	0.6873	0.005	0.5954	0.001	0.006	0.0859	0.4905	0.6434	0.3067	0.3237	0.001	0.0679	0.016	0.2088	0.008	0.973	0.2657	0.3796	0.976	0.6204	0.7632	0.003	0.5574	0.974	0.001	0.6883	0.4655	0.6953	0.007	0.4156	0.2997	0.001	0.1309	0.4665	0.965	0.3576	0.021	0.001	0.3077	0.001	0.4905	0.001	0.0899	0.003	0.0739	0.005	0.1658	0.037	0.0899	0.001	0.3057	0.002	0.001	0.959	0.2048	0.6234	0.0539	0.4226	0.0509	0.001	0.5495	0.0659	0.001	0.028	0.4046	0.953	0.6783	0.1449	0.013	0.042	0.001	0.023	0.001	0.001	0.014	0.001	0.0989	0.043	0.002	0.002	0.001	0.016	0.001	0.022	0.003	0.001	0.0819	0.02	0.2188	0.001	0.5504	0.001	0.0679	0.4346	0.029	0.006	0.0549	0.2068	0.001	0.5804	0.002	0.1838	0.0719	0.5305	0.001	0.2438	0.001	0.4376	0.023
Sg_CG50A_74	0.4336	0.3686	0.2048	0.6733	0.2008	0.5744	0.5754	0.5035	0.0899	0.014	0.1019	0.1039	0.001	0.1399	0.4486	0.6024	0.2258	0.2358	0.001	0.001	0.3307	0.8701	0.0739	0.008	0.8342	0.2268	0.001	0.7113	0.7153	0.3836	0.2088	0.9441	0.2198	0.7552	0.3307	0.2458	0.3037	0.1489	0.4555	0.024	0.2488	0.2987	0.1209	0.001	0.4046	0.5325	0.5714	0.1738	0.9431	0.8641	0.3147	0.1578	0.0999	0.0719	0.4725	0.966	0.6523	0.0559	0.2577	0.1479	0.4635	0.8861	0.5594	0.7702	0.001	0.2917	0.3427	0.3377	0.0669	0.2867	0.1469	0.001	0.0899	0.0989	0.026	0.5934	0.4525	0.4426	0.02	0.5964	0.6513	0.9161	0.014	0.002	0.2807	0.5245	0.004	0.2248	0.6783	0.0899	0.3447	0.6773	0.6174	0.8631	0.3946	0.5065	0.7313	0.3966	0.5105	0.1119	0.2577	0.2378	0.6344	0.4216	0.2587	1	0.9301	0.4755	0.3377	0.037	0.6424	0.6054	0.2727	0.3756	0.99	0.2298	0.5065	0.6194	0.7972	0.9101	0.1319	0.9411	0.3616	0.001	0.5075	0.0579	0.4316	0.1159	0.6334	0.3197	0.9211	0.8272	0.1179	0.006	0.7652	0.2428	0.001	0.5854	0.037	0.5355	0.4336	0.8182	0.5754	0.001	0.3786	0.017	0.2817	0.8831	0.8072	0.001	0.2627	0.7093	0.0669	0.012	0.021	0.1718	0.7532	0.001	0.95	0.9161	0.4765	0.001	0.3516	0.2747	0.997	0.4476	0.7003	0.951	0.6224	0.1389	0.8082	0.001	0.042	0.2977	0.2178	0.1499	0.049	0.6324	0.0609	0.3896	0.969	0.5994	0.1638	0.5345	0.7293	0.4186	0.8751	0.1229	0.3886	0.001	0.6104	0.049	0.4176	0.6543	0.2358	0.4146	0.1479	0.7493	0.001	0.4505	0.7143	0.3596	0.1479	0.1389	0.026	0.6074	0.8122	0.7612	0.013	0.7682	0.012	0.001	0.6304	0.3616	0.001	0.2268	0.1648	0.9251	0.2098	0.0679	0.6274	0.9481	0.7592	0.6813	0.1758	0.2567	0.1548	0.1928	0.5145	0.5195	0.1129	0.969	0.7762	0.3237	0.2757	0.5974	0.5085	0.001	0.8741	0.8921	0.7932	0.8352	0.3477	0.6054	0.2438	0.3117	0.2947	0.3167	0.5944	0.2737	0.2677	0.4885	0.3666	0.9411	0.006	0.3776	0.0669	0.3516	0.3147	0.9011	0.7782	0.4565	0.9481	0.002	0.2657	0.3487	0.8452	0.1958	0.3586	0.3666	0.2997	0.2717	0.023	0.2038	0.001	0.4236	0.0939	0.4745	0.1209	0.4865	0.2537	0.6494	0.1598	0.1798	0.2647	0.7393	0.1688	0.001	0.0999	0.6833	0.1019	0.3217	0.8851	0.99	0.2747	0.001	0.8012	0.8102	0.5105	0.6983	0.023	0.962	0.002	0.3906	0.1858	0.979	0.5495	0.9211	0.2258	0.3556	0.4246	0.7642	0.1049	0.995	0.3556	0.5245	0.025	0.2657	0.4985	0.4416	0.0909	0.995	0.012	0.5385	0.3516	0.033	0.5415	0.1369	0.6044	0.5954
Sg_CK05A_18	0.1119	0.001	0.001	0.0629	0.001	0.001	0.014	0.001	0.001	0.1598	0.011	0.024	0.0969	0.05	0.01	0.0579	0.6783	0.002	0.5714	0.6414	0.001	0.8402	0.6993	0.1119	0.4905	0.8222	0.009	0.046	0.001	0.3686	0.8152	0.2438	0.2777	0.001	0.003	0.003	0.001	0.5485	0.005	0.005	0.003	0.7982	0.5834	0.01	0.001	0.001	0.003	0.1019	0.001	0.001	0.001	0.014	0.001	0.003	0.001	0.4296	0.0719	0.2867	0.6434	0.008	0.001	0.0679	0.001	0.031	0.4905	0.2388	0.7682	0.4076	0.002	0.002	0.7073	0.7682	0.017	0.1109	0.009	0.5025	0.01	0.007	0.016	0.5245	0.001	0.1968	0.001	0.0819	0.004	0.006	0.034	0.002	0.5355	0.2937	0.6054	0.002	0.0579	0.001	0.004	0.001	0.2198	0.7213	0.001	0.001	0.001	0.001	0.0949	0.2108	0.0919	0.9301	1	0.2727	0.0839	0.001	0.001	0.6533	0.001	0.4555	0.001	0.3007	0.1349	0.1349	0.001	0.001	0.4466	0.9461	0.015	0.9381	0.976	0.022	0.006	0.2448	0.954	0.1299	0.5095	0.004	0.1249	0.001	0.7193	0.4695	0.6264	0.001	0.014	0.3037	0.0879	0.001	0.001	0.4166	0.005	0.015	0.001	0.002	0.002	0.3477	0.001	0.001	0.001	0.049	0.003	0.001	0.6394	0.4386	0.6623	0.2827	0.976	0.8412	0.9391	0.004	0.001	0.026	0.9321	0.001	0.001	0.017	0.5994	0.5005	0.038	0.001	0.5475	0.001	0.1998	0.7193	0.022	0.001	0.1139	0.006	0.1508	0.2278	0.7493	0.023	0.04	0.0599	0.0679	0.95	0.0739	0.8222	0.001	0.001	0.002	0.03	0.001	0.016	0.2577	0.5055	0.001	0.001	0.1439	0.007	0.0529	0.001	0.8002	0.4545	0.001	0.006	0.3007	0.3786	0.3766	0.001	0.4795	0.001	0.003	0.001	0.6713	0.1528	0.96	0.5055	0.5005	0.1718	0.7163	0.5594	0.6334	0.001	0.001	0.001	0.017	0.0809	0.2138	0.1528	0.006	0.003	0.034	0.8302	0.3227	0.6613	0.001	0.001	0.001	0.007	0.9441	0.031	0.0809	0.001	0.5744	0.2408	0.0959	0.045	0.0919	0.01	0.2687	0.044	0.7912	0.0569	0.0549	0.5794	0.001	0.3347	0.961	0.002	0.001	0.005	0.9441	0.0569	0.001	0.1638	0.1009	0.4715	0.2607	0.6184	0.4476	0.3946	0.001	0.004	0.5005	0.001	0.3826	0.0829	0.014	0.9351	0.001	0.03	0.5624	0.0719	0.001	0.001	0.001	0.1149	0.001	0.016	0.3726	0.008	0.001	0.4446	0.001	0.008	0.012	0.001	0.1189	0.0579	0.5205	0.1279	0.015	0.001	0.1518	0.001	0.03	0.03	0.04	0.007	0.001	0.0739	0.001	0.001	0.1698	0.001	0.8881	0.1249	0.001	0.001	0.001	0.6883	0.001	0.2458	0.1628	0.1129
Sg_CK05A_21	0.3726	0.3307	0.5714	0.4755	0.6863	0.998	0.964	0.047	0.7612	0.7532	0.024	0.016	0.9161	0.046	0.6174	0.1538	0.7502	0.5804	0.969	0.962	0.0729	0.8601	0.035	0.8432	0.1638	0.0719	0.5584	0.001	0.3826	0.017	0.1139	0.018	0.6264	0.3996	0.036	0.013	0.4186	0.001	0.0619	0.021	0.4955	0.023	0.1638	0.03	0.3147	0.1369	0.001	0.8122	0.5764	0.0829	0.1029	0.3836	0.8911	0.1778	0.026	0.1279	0.4116	0.023	0.5165	0.6124	0.3776	0.4715	0.4905	0.7892	0.4785	0.1199	0.8192	0.3566	0.4805	0.4476	0.049	0.6014	0.7822	0.4286	0.4585	0.2717	0.1648	0.7223	0.4446	0.6523	0.0719	0.5814	0.4036	0.9381	0.2727	0.002	0.2238	0.3756	0.6054	0.8741	0.2038	0.2647	0.8342	0.5325	0.2378	0.969	0.6923	0.1638	0.1049	0.4685	0.001	0.0739	0.002	0.1369	0.013	0.4755	0.2727	1	0.7323	0.2218	0.004	0.7463	0.5365	0.9481	0.4276	0.006	0.7073	0.6404	0.1558	0.014	0.8681	0.4685	0.3197	0.4675	0.029	0.4585	0.5824	0.4486	0.1419	0.991	0.5984	0.7483	0.2078	0.007	0.039	0.3636	0.9131	0.0549	0.2527	0.1528	0.7572	0.4565	0.7882	0.8991	0.7033	0.965	0.4026	0.039	0.3237	0.5185	0.3207	0.0559	0.98	0.8921	0.3596	0.3736	0.0599	0.5335	0.1459	0.008	0.4086	0.6274	0.7592	0.019	0.1598	0.2078	0.6553	0.1718	0.009	0.2058	0.1069	0.6573	0.042	0.4396	0.0689	0.7423	0.9481	0.3197	0.2657	0.4955	0.3037	0.013	1	0.7932	0.1119	0.2298	0.8921	0.1319	0.9211	0.7632	0.6893	0.03	0.4555	0.1299	0.007	0.019	0.5025	0.3447	0.991	0.001	0.0529	0.6843	0.6743	0.2348	0.2228	0.1858	0.2867	0.2148	0.3846	0.6583	0.1578	0.4116	0.4765	0.5145	0.5774	0.038	0.3996	0.01	0.005	0.1618	0.6014	0.3926	0.9141	0.5495	0.026	0.5544	0.5734	0.4955	0.019	0.018	0.1289	0.024	0.5165	0.6214	0.3417	0.8152	0.2867	0.7532	0.045	0.2677	0.1079	0.0729	0.1019	0.7812	0.2847	0.6194	0.4386	0.02	0.5804	0.5674	0.3646	0.2088	0.003	0.3866	0.1688	0.3646	0.4805	0.9091	0.4685	0.026	0.7133	0.8482	0.2617	0.1249	0.8631	0.3816	0.8801	0.4146	0.3257	0.7073	0.2348	0.8951	0.0949	0.2777	0.8721	0.953	0.3856	1	0.6623	0.0869	0.1249	0.4116	0.0659	0.002	0.0879	0.9221	0.1079	1	0.01	0.5964	0.029	0.0939	0.1389	0.1199	0.001	0.994	0.4446	0.2138	0.2777	0.7692	0.6104	0.972	0.2677	0.0739	0.2298	0.1508	0.1848	0.2378	0.043	0.3437	0.009	0.8901	0.6344	0.001	0.1449	0.7572	0.4555	0.7223	0.5145	0.1119	0.965	0.8841	0.033	0.1818	0.1838	0.0859	0.1608	0.2458	0.001	0.3447
Sg_CK05A_46	0.001	0.003	0.012	0.006	0.001	0.4266	0.001	0.2547	0.001	0.011	0.001	0.1319	0.991	0.013	0.0539	0.8432	0.6533	0.001	0.8561	0.2228	0.5754	0.2088	0.015	0.004	0.4945	0.0649	0.007	0.9271	0.008	0.008	0.007	0.2717	0.001	0.001	0.4346	0.011	0.001	0.0949	0.002	0.6813	0.4755	0.4366	0.001	0.8232	0.001	0.005	0.2238	0.001	0.1728	0.001	0.3447	0.001	0.026	0.003	0.8362	0.046	0.009	0.027	0.004	0.1349	0.3317	0.001	0.001	0.004	0.4715	0.009	0.1568	0.001	0.001	0.001	0.7243	0.2388	0.4046	0.001	0.2947	0.6354	0.0559	0.002	0.3736	0.001	0.008	0.001	0.001	0.4565	0.0729	0.1339	0.002	0.2857	0.3666	0.1409	0.2507	0.8002	0.3626	0.1479	0.001	0.0669	0.041	0.003	0.3876	0.047	0.7702	0.012	0.9161	0.001	0.019	0.3377	0.0839	0.7323	1	0.963	0.8541	0.004	0.1918	0.001	0.1229	0.1578	0.001	0.001	0.1678	0.8991	0.001	0.0779	0.005	0.4326	0.001	0.003	0.001	0.001	0.001	0.001	0.1449	0.001	0.005	0.001	0.2178	0.1628	0.1678	0.982	0.001	0.001	0.001	0.2298	0.001	0.9471	0.1119	0.038	0.2547	0.8721	0.003	0.5924	0.2597	0.0849	0.0669	0.6643	0.041	0.044	0.025	0.0889	0.3556	0.7902	0.8651	0.9331	0.002	0.4296	0.8112	0.1738	0.002	0.001	0.02	0.0529	0.7802	0.6274	0.001	0.1269	0.1079	0.0649	0.001	0.0689	0.2268	0.1139	0.028	0.011	0.1469	0.1748	0.2298	0.005	0.001	0.1049	0.007	0.957	0.2108	0.1968	0.0509	0.03	0.001	0.1059	0.0959	0.001	0.4505	0.0969	0.1678	0.001	0.4945	0.001	0.5664	0.001	0.2707	0.99	0.3057	0.001	0.973	0.7343	0.003	0.001	0.7642	0.001	0.001	0.03	0.0569	0.0549	0.2507	0.006	0.001	0.7632	0.7832	0.001	0.001	0.1748	0.001	0.001	0.0969	0.035	0.0719	0.001	0.1808	0.001	0.9231	0.9211	0.001	0.3656	0.2118	0.8332	0.001	0.0679	0.3277	0.001	0.3906	0.5574	0.001	0.001	0.2298	0.029	0.0759	0.1029	0.8731	0.7213	0.4945	0.0919	0.001	0.4925	0.001	0.003	0.001	0.001	0.012	0.001	0.5774	0.004	0.031	0.001	0.001	0.0949	0.4855	0.9031	0.7243	0.8981	0.2997	0.001	0.003	0.004	0.009	0.001	0.045	0.3447	0.001	0.4426	0.033	0.8531	0.6474	0.0589	0.001	0.003	0.001	0.02	0.1259	0.003	0.001	0.2617	0.016	0.001	0.5255	0.001	0.1059	0.002	0.0909	0.001	0.001	0.004	0.1628	0.9311	0.042	0.6603	0.002	0.2947	0.3776	0.1119	0.023	0.2428	0.001	0.001	0.1109	0.001	0.001	0.026	0.0819	0.8601	0.3307	0.005	0.7003	0.004
Sg_CK05A_56	0.8601	0.1868	0.2837	0.0979	0.6174	0.001	0.2897	0.001	0.019	0.2148	0.0969	0.6194	0.6064	0.016	0.1119	0.4765	0.005	0.1528	0.1618	0.037	0.001	0.0929	0.2258	0.6743	0.1648	0.03	0.979	0.003	0.1518	0.4825	0.0839	0.033	0.004	0.044	0.015	0.1119	0.018	0.954	0.8771	0.8422	0.014	0.1688	0.0519	0.001	0.003	0.001	0.009	0.8691	0.004	0.022	0.0549	0.1419	0.0599	0.2358	0.001	0.4625	0.7762	0.002	0.4875	0.001	0.3057	0.6593	0.2817	0.8282	0.015	0.004	0.6693	0.2448	0.7173	0.4915	0.009	0.0599	0.04	0.7562	0.001	0.0539	0.003	0.6464	0.001	0.7433	0.001	0.2937	0.012	0.039	0.6014	0.019	0.5415	0.8531	0.2478	0.5704	0.6104	0.001	0.008	0.001	0.2198	0.0669	0.9301	0.7143	0.005	0.002	0.002	0.016	0.033	0.0879	0.7353	0.037	0.001	0.2218	0.963	1	0.002	0.6134	0.018	0.3596	0.001	0.5105	0.3027	0.8801	0.004	0.001	0.1568	0.7213	0.2807	0.013	0.8681	0.1728	0.1738	0.1229	0.4845	0.1449	0.2507	0.6444	0.1339	0.002	0.6204	0.1838	0.029	0.002	0.0839	0.2008	0.3986	0.8861	0.024	0.2857	0.2547	0.0539	0.0649	0.1738	0.6643	0.2478	0.4126	0.001	0.3427	0.014	0.3437	0.0839	0.1169	0.1259	0.03	0.013	0.2218	0.0819	0.5115	0.026	0.002	0.952	0.2577	0.014	0.001	0.002	0.004	0.3816	0.6334	0.002	0.2488	0.3437	0.1988	0.2517	0.3237	0.009	0.0639	0.8811	0.8422	0.032	0.029	0.8741	0.3746	0.001	0.3457	0.1109	0.1868	0.006	0.034	0.8671	0.0649	0.001	0.1818	0.4505	0.0709	0.7033	0.1998	0.0629	0.002	0.2378	0.014	0.0599	0.048	0.2498	0.001	0.7902	0.4935	0.1289	0.4945	0.013	0.3197	0.002	0.003	0.011	0.023	0.0639	0.2098	0.8082	0.7253	0.1369	0.015	0.1778	0.3576	0.1908	0.036	0.002	0.4855	0.015	0.9251	0.4825	0.1059	0.4316	0.001	0.0899	0.8162	0.001	0.001	0.0619	0.014	0.3147	0.5514	0.6783	0.0799	0.01	0.5325	0.2577	0.2278	0.3916	0.1608	0.035	0.001	0.0559	0.002	0.8462	0.1419	0.9141	0.2587	0.001	0.0689	0.009	0.4655	0.2428	0.011	0.3786	0.025	0.7532	0.3247	0.2228	0.038	0.0749	0.2488	0.3746	0.0649	0.7263	0.1848	0.047	0.8032	0.4515	0.009	0.96	0.001	0.1838	0.5874	0.5145	0.003	0.8581	0.001	0.9391	0.1518	0.018	0.3896	0.01	0.003	0.1319	0.3916	0.6963	0.5425	0.1898	0.002	0.5624	0.029	0.4406	0.6773	0.033	0.7592	0.027	0.1179	0.5345	0.2917	0.012	0.001	0.0549	0.0759	0.1439	0.5165	0.004	0.2068	0.2028	0.007	0.001	0.6464	0.043	0.001	0.4625	0.3656	0.8072
Sg_CK28A_36	0.4945	0.3047	0.7642	0.1169	0.7842	0.036	0.8402	0.001	0.0919	0.1399	0.3297	0.1648	0.4585	0.0719	0.0689	0.4555	0.6503	0.4735	0.4965	0.7063	0.002	0.1998	0.1508	0.5984	0.004	0.9481	0.6374	0.001	0.5864	0.1159	0.007	0.1249	0.039	0.2807	0.001	0.5584	0.1658	0.026	0.5574	0.032	0.3397	0.031	0.002	0.021	0.1239	0.004	0.001	0.3736	0.001	0.001	0.001	0.6993	0.022	0.8302	0.001	0.5065	0.1948	0.001	0.1109	0.006	0.004	0.4256	0.029	0.5924	0.5694	0.002	0.4396	0.2937	0.6723	0.8142	0.006	0.6513	0.003	0.7662	0.024	0.1149	0.3147	0.6833	0.001	0.8771	0.001	0.5025	0.0969	0.9381	0.3676	0.002	0.8092	0.3786	0.024	0.5245	0.2098	0.001	0.4306	0.001	0.5864	0.7373	0.05	0.1239	0.002	0.7023	0.001	0.1628	0.001	0.1179	0.0899	0.6424	0.001	0.004	0.8541	0.002	1	0.4086	0.016	0.043	0.001	0.1199	0.3377	0.5864	0.01	0.001	0.1588	0.5255	0.5335	0.1728	0.5924	0.2717	0.0929	0.02	0.966	0.4735	0.007	0.8272	0.8102	0.005	0.1019	0.1139	0.5015	0.001	0.2258	0.1109	0.7982	0.046	0.4945	0.8971	0.2717	0.4895	0.014	0.001	0.0609	0.7043	0.002	0.001	0.1349	0.5764	0.1229	0.2168	0.034	0.7992	0.5325	0.9071	0.4795	0.1998	0.7483	0.001	0.038	0.049	0.1538	0.3956	0.001	0.2238	0.019	0.4216	0.6983	0.003	0.0629	0.01	0.0719	0.5644	0.5385	0.2448	0.1998	0.001	0.7572	0.0889	0.01	0.8941	0.8911	0.004	0.9391	0.2977	0.7892	0.001	0.1039	0.043	0.035	0.4046	0.005	0.3536	0.5215	0.013	0.001	0.2537	0.5025	0.3826	0.001	0.048	0.7992	0.048	0.0609	0.6184	0.1778	0.3047	0.6833	0.1159	0.8142	0.001	0.2008	0.024	0.001	0.1109	0.012	0.1469	0.7832	0.2677	0.001	0.049	0.1618	0.011	0.0909	0.004	0.1618	0.4595	0.0999	0.9281	0.4466	0.3536	0.014	0.3307	0.5654	0.9231	0.002	0.008	0.1469	0.044	0.1289	0.8192	0.8042	0.001	0.3127	0.1928	0.0699	0.8541	0.2028	0.0929	0.039	0.7562	0.7393	0.4685	0.984	0.0519	0.6533	0.013	0.004	0.3137	0.3177	0.6583	0.4535	0.6833	0.009	0.2947	0.0609	0.3137	0.011	0.007	0.9191	0.8262	0.004	0.3277	0.4036	0.009	0.026	0.4016	0.001	0.023	0.001	0.0639	0.8082	0.5624	0.001	0.7463	0.001	0.028	0.2907	0.986	0.028	0.2048	0.032	0.1089	0.03	0.7662	0.7712	0.6474	0.002	0.0759	0.1469	0.8741	0.3716	0.018	0.034	0.01	0.1948	0.0979	0.2208	0.001	0.002	0.9451	0.2218	0.6284	0.4655	0.049	0.4835	0.4755	0.0519	0.001	0.008	0.012	0.002	0.028	0.018	0.3227
Sg_CK28A_47	0.3756	0.6084	0.7512	0.3736	0.2787	0.6024	0.3077	0.1888	0.017	0.4875	0.2318	0.0589	0.8531	0.4895	0.8671	0.5045	0.0919	0.1568	0.8871	0.2068	0.4286	0.6523	0.7722	0.6034	0.5964	0.4036	0.5584	0.5964	0.2038	0.031	0.8631	0.048	0.3327	0.3367	0.6004	0.1848	0.038	0.1548	0.0549	0.982	0.4505	0.6434	0.2028	0.3626	0.1019	0.958	0.6224	0.025	0.2567	0.4765	0.0699	0.015	0.7263	0.5405	0.3467	0.9401	0.7193	0.3207	0.049	0.6883	0.2957	0.006	0.1059	0.8541	0.5285	0.002	0.027	0.1169	0.1798	0.2408	0.2018	0.4645	0.7792	0.6853	0.5524	0.4496	0.6154	0.3876	0.8751	0.0729	0.5045	0.3816	0.0509	0.1748	0.046	0.5025	0.4915	0.4865	0.0969	0.6354	0.1069	0.2857	0.0849	0.3646	0.3886	0.2707	0.7373	0.2108	0.0739	0.7912	0.8661	0.986	0.7093	0.984	0.1668	0.6054	0.6533	0.7463	0.004	0.6134	0.4086	1	0.0919	0.0609	0.1818	0.1209	0.979	0.2098	0.5245	0.8591	0.0669	0.1399	0.7742	0.6294	0.0759	0.2657	0.6164	0.1908	0.03	0.4515	0.2028	0.3876	0.3277	0.1269	0.8781	0.4276	0.7772	0.4855	0.014	0.4006	0.1888	0.1309	0.017	0.4775	0.3277	0.7453	0.6084	0.024	0.9181	0.1598	0.1728	0.7233	0.6873	0.0729	0.6094	0.1259	0.1029	0.9431	0.0619	0.041	0.3586	0.0959	0.005	0.1249	0.2927	0.035	0.01	0.1239	0.6434	0.0629	0.3766	0.4735	0.1768	0.5684	0.0799	0.4785	0.003	0.1838	0.5405	0.951	0.7093	0.7123	0.6174	0.4276	0.1798	0.5644	0.4016	0.4176	0.6893	0.1109	0.962	0.7572	0.5265	0.1728	0.8591	0.1668	0.4396	0.4875	0.8372	0.0739	0.015	0.1648	0.2737	0.2488	0.9101	0.5255	0.6973	0.031	0.6733	0.4585	0.8731	0.9381	0.5475	0.1319	0.1758	0.2208	0.0719	0.7822	0.4745	0.041	0.987	0.6054	0.002	0.0939	0.6943	0.0619	0.2188	0.0939	0.4725	0.2368	0.7483	0.1109	0.1039	0.9181	0.0999	0.4226	0.0879	0.1808	0.7303	0.6613	0.7992	0.1508	0.0649	0.8382	0.2308	0.036	0.3357	0.4615	0.1928	0.1439	0.5974	0.1099	0.0619	0.8641	0.8302	0.1019	0.1089	0.4655	0.1718	0.8521	0.1119	0.976	0.036	0.6274	0.961	0.9191	0.8462	0.1898	0.4226	0.025	0.3237	0.3297	0.4865	0.8242	0.8811	0.3167	0.1469	0.1329	0.7712	0.8022	0.2827	0.4436	0.1279	0.1528	0.2438	0.6553	0.3347	0.6913	0.2847	0.4815	0.3387	0.5165	0.1129	0.1608	0.0609	0.3017	0.0999	0.5874	0.5874	0.1469	0.3047	0.2737	0.0729	0.4396	0.2258	0.007	0.5275	0.7992	0.1189	0.984	0.034	0.5564	0.7662	0.9371	0.1339	0.1339	0.3007	0.5634	0.4765	0.1628	0.6953	0.0939	0.8152	0.9161	0.4895	0.7393	0.2368	0.7273	0.9081	0.8442
Sg_CK51A_47	0.6673	0.987	0.3666	0.4486	0.5804	0.001	0.3956	0.001	0.0829	0.2747	0.7453	0.1329	0.004	0.1968	0.006	0.4006	0.3317	0.5485	0.0539	0.3906	0.1049	0.0799	0.4725	0.4386	0.1119	0.5694	0.1129	0.004	0.1169	0.3107	0.038	0.7732	0.2777	0.5065	0.0649	0.1508	0.0989	0.8901	0.02	0.024	0.003	0.8881	0.4515	0.018	0.0959	0.1169	0.034	0.973	0.1189	0.0869	0.0619	0.012	0.002	0.6723	0.01	0.6713	0.7732	0.6523	0.5315	0.2517	0.003	0.978	0.004	0.953	0.1508	0.974	0.015	0.9131	0.2847	0.4446	0.5135	0.3576	0.5355	0.5415	0.0809	0.8691	0.1618	0.8122	0.4116	0.4975	0.034	0.9051	0.4136	0.2268	0.018	0.2188	0.4436	0.3067	0.2318	0.025	0.015	0.0539	0.1129	0.1538	0.3017	0.8322	0.3896	0.4236	0.031	0.9211	0.004	0.2068	0.004	0.0749	0.2967	0.2727	0.001	0.5365	0.1918	0.018	0.016	0.0919	1	0.4885	0.006	0.2917	0.2877	0.982	0.034	0.004	0.963	0.0799	0.5724	0.1518	0.963	0.8362	0.8032	0.7373	0.0809	0.3946	0.4595	0.8781	0.8342	0.2937	0.0619	0.8631	0.1578	0.0689	0.4216	0.4865	0.6693	0.009	0.3956	0.1289	0.9171	0.8352	0.005	0.1049	0.036	0.0849	0.006	0.001	0.0849	0.4316	0.6893	0.4356	0.6244	0.1039	0.4256	0.006	0.7792	0.3906	0.7443	0.028	0.8442	0.5205	0.7812	0.4875	0.005	0.3347	0.99	0.0509	0.8851	0.044	0.036	0.015	0.7303	0.031	0.4565	0.0649	0.3726	0.1628	0.4725	0.009	0.7992	0.3926	0.8222	0.1349	0.6903	0.0649	0.4396	0.0599	0.7143	0.013	0.1079	0.8052	0.011	0.8152	0.021	0.7672	0.2897	0.4006	0.0809	0.5944	0.8232	0.2667	0.7602	0.4076	0.999	0.8172	0.6054	0.1738	0.7892	0.1359	0.1538	0.1558	0.1658	0.1359	0.0939	0.049	0.7772	0.9251	0.5924	0.1089	0.3736	0.4965	0.3816	0.004	0.8501	0.0629	0.3936	0.2268	0.1229	0.9051	0.4276	0.4545	0.1558	0.036	0.9451	0.7952	0.002	0.2507	0.1139	0.7902	0.3047	0.5105	0.4436	0.012	0.2388	0.2617	0.4665	0.036	0.1019	0.4525	0.4725	0.034	0.7532	0.3097	0.1728	0.9331	0.6174	0.025	0.4665	0.1439	0.004	0.1798	0.7822	0.2208	0.2747	0.1988	0.5245	0.4086	0.6304	0.4625	0.0759	0.2248	0.006	0.5125	0.6344	0.009	0.0509	0.964	0.1768	0.9481	0.012	0.024	0.9131	0.006	0.1329	0.8681	0.1339	0.1728	0.1489	0.7253	0.2927	0.9191	0.3207	0.3067	0.0709	0.5594	0.0599	0.5684	0.2647	0.4226	0.7233	0.046	0.1818	0.2078	0.6503	0.017	0.1638	0.0889	0.2557	0.2128	0.008	0.2298	0.956	0.6703	0.7552	0.0709	0.001	0.0589	0.8511	0.001	0.007	0.5375	0.004	0.4256	0.021	0.1279
Sg_CK52A_43	0.001	0.002	0.009	0.001	0.001	0.8072	0.001	0.4106	0.001	0.001	0.001	0.1009	0.3347	0.002	0.026	0.2338	0.3776	0.001	0.6204	0.2378	0.6374	0.1728	0.002	0.007	0.2168	0.1818	0.004	0.0789	0.012	0.005	0.002	0.2028	0.001	0.001	0.4196	0.006	0.001	0.0739	0.003	0.5275	1	0.7363	0.001	0.2478	0.001	0.007	0.9411	0.001	0.2737	0.005	0.2448	0.014	0.1249	0.001	0.3776	0.003	0.001	0.002	0.008	0.4905	0.4226	0.001	0.0589	0.002	0.4296	0.001	0.0639	0.001	0.001	0.001	0.3746	0.1758	0.5435	0.001	0.018	0.3077	0.0779	0.001	0.047	0.001	0.031	0.001	0.001	0.8122	0.1299	0.0829	0.001	0.018	0.1688	0.2358	0.8432	0.2108	0.4356	0.1089	0.001	0.004	0.01	0.004	0.6334	0.002	0.1778	0.003	0.1928	0.001	0.016	0.3756	0.4555	0.9481	0.001	0.3596	0.043	0.0609	0.4885	1	0.3457	0.1538	0.001	0.001	0.3636	0.6454	0.001	0.0919	0.001	0.6234	0.001	0.009	0.001	0.001	0.005	0.001	0.1459	0.001	0.003	0.004	0.6863	0.013	0.2807	0.3666	0.001	0.001	0.001	0.048	0.001	0.7932	0.0639	0.003	0.037	0.7203	0.003	0.3566	0.1728	0.4196	0.041	0.7313	0.015	0.008	0.043	0.3686	0.7992	0.1878	0.4376	0.7463	0.001	0.0769	0.2108	0.3776	0.001	0.001	0.2168	0.036	0.1508	0.6663	0.001	0.2547	0.6074	0.0709	0.001	0.2907	0.008	0.013	0.013	0.0559	0.036	0.005	0.0879	0.001	0.001	0.04	0.001	0.4825	0.7932	0.012	0.025	0.012	0.001	0.0869	0.0979	0.001	0.957	0.023	0.5654	0.001	0.5435	0.001	0.2468	0.003	0.1309	0.5574	0.3656	0.001	0.8701	0.2787	0.001	0.001	0.6683	0.001	0.001	0.024	0.001	0.4665	0.0719	0.025	0.001	0.7283	0.1998	0.001	0.001	0.1489	0.001	0.001	0.044	0.1828	0.0549	0.001	0.005	0.001	0.2707	0.5455	0.001	0.0689	0.4496	0.6613	0.001	0.015	0.8442	0.001	0.7922	0.7702	0.001	0.001	0.4835	0.001	0.1039	0.1169	0.0699	0.5185	0.1139	0.0699	0.001	0.018	0.001	0.001	0.001	0.001	0.014	0.001	0.8531	0.005	0.017	0.001	0.001	0.02	0.6014	0.5644	0.6034	0.3986	0.2448	0.001	0.009	0.0599	0.001	0.001	0.001	0.3776	0.014	0.4935	0.2787	0.3796	0.2448	0.004	0.015	0.001	0.003	0.015	0.1269	0.001	0.001	0.1578	0.004	0.001	0.9041	0.001	0.0849	0.001	0.0839	0.001	0.001	0.003	0.01	0.968	0.0569	0.8202	0.001	0.9171	0.8052	0.2198	0.001	0.029	0.001	0.001	0.023	0.001	0.002	0.1359	0.0699	0.2258	0.4096	0.002	0.8262	0.002
Sg_CK52A_74	0.4226	0.004	0.1718	0.2348	0.0699	0.001	0.0989	0.001	0.001	0.8452	0.04	0.6294	0.3706	0.018	0.0649	0.973	0.8402	0.0629	0.5974	0.6723	0.01	0.4945	0.6474	0.0799	0.048	0.2448	0.0639	0.1409	0.014	0.8591	0.5804	0.048	0.8871	0.001	0.024	0.3506	0.001	0.7622	0.1499	0.047	0.0819	0.8861	0.7413	0.1339	0.002	0.001	0.001	0.0999	0.001	0.001	0.005	0.029	0.001	0.0779	0.001	0.5944	0.0749	0.1459	0.4975	0.001	0.003	0.1688	0.011	0.0829	0.7433	0.008	0.7003	0.5504	0.015	0.2318	0.0989	0.4535	0.013	0.004	0.1848	0.1249	0.1289	0.2657	0.0659	0.2527	0.001	0.0759	0.001	0.2927	0.0589	0.006	0.2298	0.009	0.031	0.3566	0.7493	0.0649	0.033	0.001	0.026	0.017	0.006	0.047	0.001	0.004	0.012	0.001	0.003	0.004	0.9451	0.99	0.001	0.4276	0.1229	0.001	0.001	0.1818	0.006	0.3457	1	0.8382	0.026	0.035	0.001	0.001	0.6713	0.3536	0.4316	0.4036	0.3836	0.7512	0.001	0.7023	0.4615	0.5295	0.1319	0.005	0.4056	0.001	0.6853	0.8072	0.977	0.001	0.02	0.2997	0.008	0.005	0.002	0.8581	0.04	0.6533	0.005	0.001	0.002	0.8721	0.001	0.001	0.004	0.7453	0.007	0.001	0.3407	0.968	0.2767	0.8511	0.9211	0.2767	0.0889	0.023	0.001	0.005	0.8951	0.014	0.001	0.03	0.1379	0.972	0.0649	0.001	0.1568	0.001	0.7213	0.9021	0.0599	0.001	0.001	0.024	0.044	0.4815	0.2987	0.014	0.004	0.005	0.002	0.2348	0.8711	0.2537	0.002	0.001	0.001	0.017	0.001	0.02	0.96	0.7922	0.002	0.002	0.2058	0.012	0.025	0.009	0.4575	0.2857	0.006	0.009	0.5395	0.0539	0.4715	0.001	0.9241	0.001	0.002	0.001	0.9011	0.041	0.5125	0.8891	0.4286	0.1918	0.1658	0.6623	0.6913	0.001	0.003	0.001	0.01	0.4505	0.2378	0.3596	0.007	0.01	0.044	0.3407	0.04	0.5025	0.001	0.001	0.001	0.004	0.4625	0.0779	0.4725	0.001	0.6733	0.3437	0.1968	0.2857	0.4975	0.001	0.979	0.2098	0.7642	0.1858	0.046	0.8412	0.004	0.4486	0.6404	0.002	0.009	0.016	0.0709	0.1429	0.001	0.2767	0.6643	0.1299	0.2158	0.1449	0.9291	0.7443	0.001	0.05	0.5345	0.001	0.983	0.004	0.1898	0.6793	0.001	0.004	0.6813	0.4685	0.001	0.044	0.001	0.1299	0.0579	0.1778	0.8501	0.1239	0.001	0.7892	0.001	0.039	0.7532	0.005	0.037	0.0769	0.5435	0.005	0.0759	0.001	0.6314	0.015	0.8601	0.2118	0.4446	0.004	0.001	0.4466	0.001	0.013	0.1409	0.001	0.2747	0.7293	0.002	0.001	0.002	0.2967	0.001	0.2987	0.8452	0.0919
Sg_CM17_16	0.2817	0.046	0.001	0.011	0.002	0.1918	0.004	0.3087	0.013	0.2438	0.0969	0.001	0.8402	0.959	0.02	0.2168	0.001	0.4466	0.5055	0.9211	0.5914	0.2038	0.037	0.2927	0.018	0.014	0.995	0.0609	0.001	0.001	0.0629	0.0919	0.3287	0.025	0.8052	0.001	0.012	0.001	0.2078	0.7772	0.002	0.001	0.008	0.3087	0.1169	0.6474	0.0709	0.0749	0.3896	0.7832	0.0959	0.038	0.0709	0.1878	0.963	0.9351	0.1179	0.1948	0.033	0.4126	0.7133	0.0749	0.027	0.0969	0.5415	0.5315	0.1299	0.9461	0.002	0.009	0.007	0.8472	0.022	0.2617	0.5365	0.1928	0.01	0.4595	0.8002	0.0859	0.3616	0.964	0.022	0.0929	0.025	0.1369	0.5335	0.004	0.018	0.979	0.1628	0.5385	0.7832	0.047	0.001	0.1988	0.1489	0.009	0.978	0.019	0.1688	0.3616	0.009	0.3327	0.001	0.2298	0.3007	0.006	0.1578	0.5105	0.1199	0.1209	0.2917	0.1538	0.8382	1	0.2947	0.2917	0.6294	0.5694	0.5624	0.5175	0.2897	0.3966	0.6803	0.1089	0.5095	0.0819	0.4256	0.9471	0.1888	0.005	0.3536	0.3177	0.04	0.019	0.8911	0.8012	0.035	0.029	0.8152	0.7193	0.001	0.6623	0.037	0.1389	0.2118	0.2667	0.6294	0.5165	0.7902	0.2378	0.1059	0.1359	0.7353	0.3616	0.001	0.3437	0.994	0.001	0.0879	0.2258	0.003	0.1259	0.3247	0.3836	0.3556	0.044	0.2338	0.014	0.002	0.6134	0.967	0.8581	0.8102	0.3297	0.022	0.8601	0.2008	0.003	0.3626	0.2308	0.1499	0.2128	0.001	0.5085	0.3956	0.5125	0.8551	0.4885	0.019	0.003	0.8761	0.4266	0.8511	0.4625	0.5514	0.001	0.9161	0.001	0.4476	0.002	0.984	0.027	0.1029	0.1179	0.4206	0.0749	0.1109	0.001	0.03	0.7942	0.6653	0.002	0.4985	0.022	0.009	0.3576	0.009	0.6513	0.5954	0.6703	0.0829	0.8991	0.001	0.045	0.7213	0.974	0.9091	0.4406	0.8482	0.001	0.3127	0.3716	0.7802	0.042	0.2797	0.4206	0.0879	0.4396	0.4116	0.2168	0.035	0.5005	0.6963	0.004	0.7942	0.971	0.5884	0.2488	0.8342	0.036	0.001	0.1059	0.4346	0.8561	0.2997	0.023	0.001	0.1648	0.002	0.5924	0.003	0.1768	0.032	0.2478	0.1239	0.987	0.2008	0.6923	0.013	0.5105	0.026	0.012	0.9421	0.2428	0.955	0.1528	0.8521	0.1708	0.005	0.7882	0.0509	0.001	0.013	0.2947	0.6663	0.7782	0.1219	0.049	0.0879	0.002	0.2468	0.002	0.001	0.0629	0.002	0.1888	0.1858	0.001	0.032	0.0589	0.0539	0.035	0.1329	0.004	0.003	0.2158	0.025	0.1598	0.001	0.5564	0.004	0.0699	0.6693	0.01	0.1878	0.0569	0.8352	0.01	0.2697	0.003	0.4246	0.1788	0.97	0.003	0.6843	0.0719	0.6244	0.2418
Sg_CM17_58	0.001	0.001	0.004	0.012	0.001	0.8621	0.001	0.2697	0.001	0.001	0.001	0.2907	0.7073	0.017	0.4925	0.7932	0.0509	0.002	0.9211	0.4296	0.97	0.0719	0.009	0.019	0.5964	0.7093	0.033	0.013	0.0889	0.0679	0.014	0.1798	0.001	0.001	0.9001	0.1019	0.001	0.1249	0.009	0.4745	0.4585	0.8551	0.001	0.1708	0.003	0.014	0.3646	0.001	0.036	0.001	0.7363	0.1099	0.038	0.001	0.994	0.037	0.001	0.01	0.003	0.4545	0.6523	0.001	0.1808	0.001	0.2248	0.005	0.02	0.001	0.001	0.004	0.1489	0.0959	0.5864	0.001	0.1518	0.1838	0.038	0.001	0.1538	0.001	0.001	0.001	0.001	0.9291	0.2288	0.014	0.002	0.002	0.0679	0.4715	0.4046	0.024	0.03	0.046	0.002	0.001	0.02	0.005	0.0819	0.001	0.1339	0.001	0.4136	0.001	0.0719	0.5065	0.1349	0.7073	0.001	0.3027	0.3377	0.979	0.2877	0.001	0.026	0.2947	1	0.001	0.1558	0.6324	0.001	0.009	0.001	0.6823	0.001	0.0579	0.001	0.001	0.4216	0.001	0.4056	0.001	0.001	0.001	0.8651	0.0679	0.1578	0.9071	0.001	0.001	0.001	0.013	0.001	0.3327	0.008	0.002	0.013	0.7562	0.001	0.7263	0.1808	0.3566	0.01	0.2068	0.001	0.014	0.03	0.4196	0.3856	0.0819	0.7433	0.9011	0.041	0.1169	0.1289	0.5245	0.012	0.001	0.5465	0.0849	0.1918	0.5465	0.002	0.029	0.2178	0.1219	0.001	0.8701	0.004	0.003	0.1369	0.1369	0.2537	0.007	0.0809	0.002	0.001	0.1029	0.001	0.5005	0.1249	0.002	0.026	0.004	0.001	0.047	0.1379	0.001	0.4575	0.1838	0.4156	0.001	0.4775	0.1129	0.7552	0.003	0.2617	0.2767	0.8851	0.001	0.8282	0.1459	0.001	0.001	0.3776	0.004	0.002	0.001	0.003	0.6384	0.035	0.1109	0.001	0.2627	0.0849	0.001	0.001	0.0899	0.002	0.004	0.2068	0.2717	0.3107	0.001	0.007	0.001	0.4705	0.4855	0.001	0.6284	0.2667	0.2138	0.001	0.013	0.3716	0.001	0.7003	0.2827	0.001	0.001	0.5075	0.001	0.3347	0.006	0.1479	0.0649	0.1838	0.002	0.035	0.3357	0.001	0.001	0.001	0.005	0.025	0.001	0.6563	0.1239	0.008	0.001	0.001	0.003	0.7023	0.2348	0.7213	0.8082	0.2448	0.004	0.0739	0.015	0.005	0.001	0.004	0.4885	0.018	0.5644	0.2158	0.7602	0.5794	0.002	0.023	0.001	0.009	0.003	0.6074	0.005	0.001	0.1858	0.001	0.001	0.1888	0.001	0.0859	0.001	0.013	0.002	0.001	0.002	0.1159	0.6973	0.1958	0.9121	0.001	0.6503	0.1578	0.2507	0.001	0.003	0.001	0.001	0.021	0.001	0.001	0.1119	0.1249	0.1019	0.1189	0.001	0.8062	0.001
Sg_CM17_7	0.001	0.001	0.002	0.001	0.001	0.7163	0.001	0.989	0.001	0.001	0.001	0.1279	0.5385	0.002	0.003	0.5335	0.4466	0.001	0.2517	0.2677	0.3756	0.0889	0.001	0.001	0.5684	0.7443	0.001	0.038	0.022	0.032	0.001	0.0749	0.001	0.001	0.6943	0.046	0.001	0.1359	0.001	0.6294	0.5445	0.8492	0.001	0.0949	0.001	0.004	0.1479	0.001	0.007	0.001	0.8312	0.009	0.027	0.001	0.8492	0.0709	0.001	0.001	0.043	0.2657	0.967	0.001	0.1049	0.001	0.8162	0.001	0.003	0.001	0.001	0.003	0.1099	0.2498	0.1578	0.001	0.031	0.047	0.3127	0.001	0.016	0.001	0.001	0.001	0.001	0.6124	0.1219	0.007	0.001	0.004	0.025	0.0819	0.0829	0.2947	0.022	0.008	0.001	0.001	0.005	0.003	0.027	0.001	0.2358	0.001	0.4106	0.001	0.1389	0.6194	0.1349	0.6404	0.001	0.8801	0.5864	0.2098	0.982	0.001	0.035	0.2917	0.001	1	0.0639	0.6144	0.001	0.005	0.001	0.6793	0.001	0.007	0.001	0.001	0.2468	0.001	0.3756	0.001	0.001	0.001	0.5674	0.001	0.9451	0.4825	0.001	0.001	0.001	0.2448	0.001	0.5684	0.0509	0.001	0.021	0.1379	0.001	0.3337	0.2058	0.1518	0.023	0.2817	0.004	0.007	0.012	0.4266	0.4915	0.042	0.4426	0.4026	0.002	0.04	0.015	0.049	0.001	0.001	0.0929	0.032	0.0729	0.8501	0.001	0.009	0.3307	0.03	0.001	0.967	0.001	0.012	0.034	0.001	0.0679	0.003	0.007	0.001	0.001	0.7453	0.001	0.2268	0.014	0.01	0.003	0.018	0.001	0.029	0.039	0.001	0.96	0.1768	0.03	0.001	0.4016	0.003	0.1429	0.001	0.2737	0.6523	0.044	0.001	0.8162	0.6164	0.001	0.001	0.961	0.001	0.001	0.002	0.001	0.6454	0.6014	0.003	0.001	0.3616	0.031	0.001	0.001	0.1289	0.001	0.001	0.1459	0.5914	0.1558	0.001	0.001	0.001	0.4705	0.1638	0.002	0.1149	0.1169	0.0779	0.001	0.1409	0.8292	0.001	0.6334	0.0809	0.001	0.001	0.0779	0.001	0.2318	0.039	0.042	0.039	0.1528	0.001	0.002	0.0619	0.001	0.001	0.001	0.001	0.037	0.001	0.5804	0.044	0.002	0.001	0.001	0.009	0.3676	0.034	0.6004	0.3736	0.3546	0.001	0.001	0.033	0.001	0.001	0.001	0.3317	0.001	0.5744	0.7792	0.4815	0.3906	0.001	0.001	0.001	0.001	0.017	0.3297	0.001	0.001	0.2547	0.001	0.001	0.3846	0.001	0.1598	0.001	0.022	0.001	0.001	0.001	0.1009	0.3307	0.1409	0.8611	0.001	0.4346	0.0689	0.6693	0.001	0.038	0.001	0.001	0.01	0.001	0.001	0.02	0.1548	0.1469	0.0549	0.001	0.98	0.001
Sg_CM21_15	0.1638	0.001	0.033	0.037	0.001	0.001	0.005	0.002	0.001	0.0659	0.03	0.1389	0.2068	0.04	0.0749	0.6154	0.1918	0.007	0.6184	0.988	0.028	0.6494	0.3277	0.1389	0.4985	0.8152	0.001	0.0929	0.008	0.8022	0.3966	0.1658	0.1648	0.012	0.3706	0.0679	0.001	0.6923	0.013	0.0539	0.0529	0.5465	0.6404	0.022	0.0659	0.001	0.03	0.0909	0.001	0.001	0.014	0.005	0.001	0.0509	0.001	0.4186	0.031	0.5634	0.4625	0.0909	0.012	0.0609	0.001	0.021	0.6144	0.0879	0.1199	0.2418	0.002	0.003	0.7982	0.8731	0.026	0.043	0.0519	0.1049	0.0889	0.047	0.1588	0.8751	0.002	0.8402	0.003	0.1369	0.5485	0.006	0.003	0.023	0.6254	0.4036	0.7712	0.001	0.1159	0.001	0.041	0.001	0.9021	0.6663	0.001	0.002	0.001	0.001	0.2697	0.2717	0.4466	0.7972	0.001	0.1558	0.1678	0.004	0.01	0.5245	0.034	0.3636	0.001	0.6294	0.1558	0.0639	1	0.001	0.7143	0.0519	0.2707	0.8322	0.4016	0.0709	0.001	0.2278	0.962	0.046	0.7882	0.007	0.033	0.001	0.5584	0.5435	0.8022	0.001	0.0729	0.6014	0.2657	0.004	0.002	0.8881	0.006	0.1279	0.006	0.019	0.002	0.6224	0.016	0.001	0.002	0.019	0.028	0.001	0.8222	0.4985	0.5824	0.9061	0.2278	0.4466	0.6633	0.003	0.001	0.039	0.4795	0.001	0.001	0.003	0.9021	0.1768	0.0609	0.001	0.2877	0.012	0.1698	0.6783	0.1658	0.001	0.1269	0.007	0.9351	0.4925	0.975	0.7572	0.0799	0.029	0.0859	0.5514	0.007	0.7812	0.001	0.001	0.002	0.6813	0.004	0.0729	0.6503	0.9331	0.017	0.003	0.3686	0.03	0.015	0.001	0.8392	0.3526	0.001	0.002	0.9251	0.8352	0.5764	0.002	0.5155	0.001	0.008	0.001	0.6723	0.2318	0.6294	0.7063	0.8292	0.047	0.9331	0.981	0.4515	0.002	0.002	0.001	0.008	0.5075	0.5964	0.1479	0.011	0.047	0.1868	0.4146	0.0889	0.9101	0.001	0.001	0.001	0.6803	0.2677	0.017	0.2188	0.001	0.998	0.6464	0.0709	0.0599	0.6703	0.009	0.8901	0.0879	0.983	0.1169	0.1249	0.95	0.001	0.4705	0.7163	0.001	0.039	0.008	0.6643	0.026	0.001	0.1329	0.1768	0.1758	0.1568	0.4895	0.7572	0.8501	0.002	0.001	0.2897	0.001	0.2657	0.1139	0.0679	0.7732	0.001	0.0949	0.2178	0.1558	0.001	0.001	0.001	0.2258	0.001	0.05	0.8741	0.017	0.001	0.7163	0.001	0.023	0.2308	0.001	0.2927	0.0879	0.96	0.1668	0.2038	0.001	0.8282	0.003	0.3027	0.4635	0.0949	0.038	0.001	0.023	0.001	0.002	0.5724	0.001	0.7512	0.1479	0.001	0.001	0.002	0.6993	0.001	0.8492	0.1788	0.1259
Sg_CM21_57	0.7732	0.01	0.018	0.1469	0.043	0.001	0.1399	0.001	0.004	0.2607	0.033	0.4875	0.1349	0.002	0.1049	0.1778	0.8981	0.4825	0.6643	0.8082	0.004	0.3047	0.6224	0.0859	0.2517	0.8591	0.019	0.022	0.012	0.8541	0.3926	0.1908	0.9201	0.023	0.009	0.0879	0.005	0.2877	0.01	0.001	0.001	0.1319	0.9251	0.004	0.001	0.001	0.013	0.6893	0.001	0.001	0.001	0.1239	0.001	0.041	0.001	0.998	0.1978	0.0739	0.7043	0.017	0.002	0.2458	0.005	0.045	0.4625	0.3097	0.8112	0.972	0.011	0.014	0.7502	0.964	0.0519	0.2148	0.0509	0.6014	0.5634	0.0529	0.012	0.99	0.001	0.5844	0.001	0.2507	0.0669	0.018	0.022	0.003	0.8102	0.5265	0.962	0.003	0.0509	0.001	0.041	0.001	0.7293	0.8122	0.001	0.002	0.001	0.001	0.1129	0.6893	0.992	0.9101	0.001	0.014	0.8991	0.001	0.001	0.8591	0.004	0.6454	0.001	0.5694	0.6324	0.6144	0.001	1	0.8531	0.8741	0.1459	0.7792	0.6354	0.2228	0.041	0.6274	0.4116	0.6723	0.9331	0.019	0.2478	0.002	0.5485	0.9181	0.4625	0.001	0.04	0.6533	0.2747	0.001	0.001	0.1109	0.0649	0.038	0.002	0.003	0.003	0.1149	0.001	0.001	0.001	0.0879	0.001	0.001	0.8931	0.7822	0.5684	0.2438	0.7013	0.8911	0.5964	0.003	0.001	0.041	0.5934	0.006	0.001	0.014	0.2208	0.7652	0.0569	0.001	0.4476	0.001	0.8112	0.9391	0.027	0.001	0.1768	0.037	0.8472	0.032	0.7952	0.1139	0.2408	0.029	0.022	0.5045	0.6743	0.4825	0.001	0.001	0.009	0.0759	0.001	0.2178	0.5824	0.3686	0.004	0.006	0.3936	0.0859	0.0779	0.001	0.7333	0.6613	0.011	0.1499	0.4476	0.7932	0.5714	0.005	0.5724	0.001	0.031	0.001	0.6114	0.2058	0.2957	0.9291	0.3516	0.1838	0.8611	0.4935	0.5724	0.001	0.001	0.001	0.008	0.7702	0.1469	0.6853	0.006	0.0849	0.009	0.8651	0.6713	0.3247	0.001	0.001	0.003	0.0779	0.7822	0.2987	0.2428	0.001	0.5215	0.9161	0.3716	0.0939	0.6753	0.002	0.1009	0.2028	0.5514	0.034	0.3646	0.7842	0.011	0.4865	0.0669	0.032	0.01	0.033	0.7852	0.04	0.001	0.7203	0.2597	0.8821	0.008	0.6803	0.3447	0.3487	0.001	0.048	0.4216	0.001	0.4845	0.4765	0.007	0.0919	0.001	0.0599	0.6703	0.2018	0.001	0.006	0.001	0.5075	0.002	0.5824	0.6004	0.1788	0.001	0.7313	0.001	0.1009	0.014	0.01	0.0889	0.2747	0.8032	0.7483	0.1598	0.001	0.4356	0.001	0.3536	0.026	0.0879	0.003	0.001	0.0969	0.001	0.001	0.3477	0.001	0.8591	0.7223	0.01	0.001	0.001	0.2987	0.001	0.6783	0.4955	0.3127
Sg_CM29A_16	0.001	0.002	0.015	0.002	0.001	0.7622	0.001	0.6913	0.003	0.001	0.004	0.2757	0.7572	0.0619	0.3417	0.8422	0.7742	0.006	0.7203	0.031	0.4486	0.6204	0.001	0.001	0.1149	0.01	0.001	0.039	0.049	0.008	0.001	0.1658	0.001	0.002	0.5425	0.046	0.001	0.2967	0.001	0.993	0.9401	0.4685	0.001	0.1618	0.002	0.016	0.7293	0.001	0.5405	0.007	0.6444	0.012	0.1199	0.002	0.4985	0.021	0.001	0.001	0.011	0.5944	0.7532	0.001	0.1059	0.001	0.024	0.001	0.0549	0.001	0.001	0.001	0.0919	0.044	0.2378	0.001	0.1548	0.0509	0.0689	0.001	0.04	0.001	0.007	0.001	0.006	0.4585	0.2507	0.3227	0.001	0.033	0.3606	0.3756	0.7822	0.6563	0.5205	0.1858	0.002	0.04	0.048	0.003	0.2468	0.019	0.5954	0.001	0.1089	0.006	0.0569	0.1319	0.4466	0.8681	0.001	0.1568	0.1588	0.0669	0.963	0.001	0.6713	0.5624	0.001	0.001	0.7143	0.8531	1	0.05	0.001	0.1219	0.001	0.001	0.03	0.001	0.017	0.001	0.023	0.001	0.004	0.003	0.8871	0.018	0.032	0.4206	0.001	0.001	0.001	0.0769	0.001	0.1848	0.2517	0.001	0.3686	0.4436	0.001	0.7443	0.2837	0.5614	0.0829	0.1938	0.006	0.014	0.0859	0.1189	0.4176	0.0939	0.6304	0.5984	0.001	0.0689	0.2338	0.6693	0.001	0.001	0.6663	0.2388	0.1528	0.5165	0.001	0.2987	0.2408	0.0709	0.001	0.2458	0.004	0.0739	0.4356	0.017	0.1259	0.1628	0.039	0.001	0.001	0.006	0.004	0.8651	0.1628	0.003	0.019	0.01	0.001	0.031	0.1968	0.001	0.1259	0.3157	0.8032	0.001	0.5295	0.005	0.024	0.001	0.2537	0.5854	0.6773	0.001	0.4166	0.2967	0.002	0.001	0.2258	0.01	0.002	0.049	0.001	0.5554	0.021	0.01	0.001	0.3287	0.043	0.001	0.001	0.2747	0.002	0.004	0.1449	0.3546	0.004	0.001	0.019	0.001	0.1239	0.7572	0.001	0.4735	0.6194	0.6234	0.001	0.2607	0.6134	0.001	0.1698	0.6044	0.001	0.001	0.6354	0.001	0.4106	0.3097	0.0869	0.983	0.2408	0.012	0.007	0.4965	0.001	0.001	0.001	0.031	0.003	0.001	0.95	0.01	0.1109	0.001	0.001	0.022	0.2737	0.4605	0.1718	0.5495	0.5175	0.026	0.005	0.034	0.002	0.001	0.001	0.8891	0.0979	0.7293	0.2627	0.6763	0.7283	0.01	0.008	0.001	0.001	0.028	0.5475	0.2128	0.002	0.2038	0.019	0.001	0.6653	0.002	0.002	0.001	0.002	0.001	0.001	0.032	0.01	0.7003	0.1199	0.4196	0.001	0.8412	0.3986	0.3836	0.003	0.036	0.001	0.002	0.0789	0.004	0.002	0.1469	0.1349	0.1169	0.2478	0.001	0.8132	0.001
Sg_CM30A_3	0.001	0.012	0.9211	0.0919	0.1528	0.5824	0.4985	0.7842	0.1918	0.1399	0.002	0.3037	0.029	0.0589	0.0899	0.1588	0.7353	0.002	0.1199	0.8521	0.4755	0.5804	0.001	0.7033	0.1838	0.021	0.1838	0.049	0.8841	0.6613	0.002	0.0579	0.1349	0.001	0.3057	0.4665	0.1059	0.8661	0.8651	0.0809	0.4306	0.1838	0.008	0.031	0.006	0.0669	0.1628	0.008	0.018	0.2088	0.4845	0.8541	0.1439	0.5495	0.1668	0.0729	0.003	0.8492	0.4276	0.2328	0.2927	0.1528	0.01	0.2148	0.3546	0.2717	0.001	0.2008	0.5884	0.2757	0.4695	0.6573	0.5445	0.014	0.4555	0.3816	0.2128	0.964	0.3586	0.023	0.2378	0.003	0.015	0.1259	0.9031	0.7822	0.1329	0.7572	0.018	0.003	0.002	0.2148	0.004	0.1988	0.1628	0.3526	0.038	0.004	0.5035	0.025	0.044	0.0819	0.1289	0.009	0.7822	0.9411	0.9461	0.4685	0.0779	0.7213	0.5255	0.1399	0.0799	0.0919	0.3536	0.5175	0.009	0.005	0.0519	0.8741	0.05	1	0.8382	0.035	0.2108	0.7233	0.0609	0.046	0.979	0.01	0.02	0.006	0.2078	0.2058	0.4595	0.1878	0.2717	0.1219	0.043	0.001	0.014	0.2168	0.2448	0.2038	0.5664	0.7512	0.3936	0.8372	0.3357	0.8322	0.8521	0.039	0.962	0.003	0.015	0.3766	0.0979	0.5904	0.2547	0.1059	0.969	0.018	0.3516	0.01	0.009	0.4146	0.2148	0.3367	0.1109	0.5684	0.6863	0.2637	0.2517	0.4875	0.4166	0.4316	0.2647	0.0869	0.0719	0.8472	0.1409	0.045	0.9401	0.001	0.7692	0.025	0.001	0.2318	0.002	0.004	0.3856	0.9001	0.6783	0.1628	0.048	0.003	0.6803	0.002	0.2837	0.4865	0.6314	0.003	0.0839	0.2438	0.4775	0.1429	0.3307	0.001	0.041	0.028	0.0999	0.0839	0.1598	0.007	0.7273	0.038	0.006	0.4545	0.1259	0.0779	0.1009	0.014	0.024	0.2977	0.9311	0.027	0.0619	0.9161	0.0549	0.1758	0.4575	0.6533	0.0579	0.021	0.014	0.007	0.5395	0.003	0.0539	0.1499	0.2428	0.5564	0.029	0.037	0.955	0.5315	0.0739	0.8322	0.03	0.017	0.008	0.3097	0.9241	0.1039	0.9071	0.0819	0.0709	0.4805	0.3586	0.992	0.004	0.02	0.3467	0.0939	0.3217	0.001	0.0679	0.4126	0.1848	0.015	0.0599	0.002	0.4915	0.7053	0.2577	0.2358	0.4036	0.2727	0.0699	0.4056	0.015	0.002	0.0889	0.7113	0.6224	0.6464	0.0779	0.02	0.1349	0.965	0.031	0.003	0.6903	0.3157	0.6743	0.1439	0.037	0.4086	0.9031	0.024	0.05	0.045	0.6214	0.001	0.9221	0.1748	0.0589	0.0959	0.6034	0.003	0.7562	0.3676	0.6104	0.7033	0.8911	0.5135	0.0699	0.7992	0.002	0.021	0.001	0.2767	0.007	0.7023	0.0549	0.966	0.3936	0.002	0.0809	0.005
Sg_CM31A_43	0.0859	0.001	0.001	0.005	0.001	0.3447	0.026	0.6344	0.003	0.001	0.0579	0.021	0.99	0.1009	0.2218	0.007	0.989	0.036	0.7133	0.1698	0.5425	0.02	0.001	0.001	0.2557	0.8352	0.001	0.1748	0.029	0.0539	0.027	0.7842	0.001	0.001	0.2737	0.031	0.002	0.1119	0.035	0.2697	0.3866	0.3566	0.001	0.033	0.009	0.017	0.994	0.009	0.8901	0.001	0.3886	0.5804	0.004	0.001	0.1798	0.8901	0.001	0.001	0.0829	0.5844	0.4206	0.002	0.005	0.001	0.2887	0.007	0.968	0.003	0.001	0.002	0.037	0.7323	0.8511	0.004	0.1079	0.009	0.5155	0.001	0.4106	0.002	0.001	0.007	0.002	0.4955	0.3886	0.1409	0.001	0.001	0.6014	0.9041	0.1399	0.6194	0.5654	0.001	0.006	0.001	0.9081	0.2058	0.01	0.001	0.5265	0.001	0.042	0.9211	0.019	0.3616	0.015	0.3197	0.005	0.2807	0.5335	0.7742	0.5724	0.001	0.4316	0.2897	0.001	0.001	0.2707	0.1459	0.001	0.8382	1	0.2707	0.1289	0.001	0.1848	0.001	0.9381	0.001	0.0569	0.001	0.001	0.001	0.003	0.002	0.1029	0.1339	0.022	0.001	0.001	0.011	0.001	0.3716	0.01	0.001	0.4086	0.2078	0.001	0.5085	0.1518	0.0939	0.001	0.4865	0.001	0.001	0.2128	0.2468	0.7073	0.8002	0.1988	0.6603	0.4416	0.4715	0.3307	0.036	0.035	0.001	0.7073	0.1209	0.02	0.957	0.004	0.024	0.6294	0.027	0.002	0.7183	0.001	0.002	0.3257	0.4436	0.0819	0.2777	0.007	0.002	0.003	0.0649	0.011	0.7532	0.009	0.001	0.001	0.009	0.012	0.8182	0.0579	0.001	0.7483	0.2348	0.019	0.001	0.1009	0.8601	0.2817	0.001	0.001	0.036	0.3457	0.001	0.023	0.1948	0.1339	0.001	0.5754	0.039	0.006	0.025	0.001	0.9491	0.0869	0.03	0.001	0.3367	0.016	0.001	0.002	0.0999	0.001	0.007	0.005	0.1149	0.008	0.001	0.001	0.002	0.4795	0.8851	0.4935	0.7912	0.0579	0.012	0.005	0.3137	0.031	0.001	0.035	0.019	0.011	0.001	0.024	0.001	0.2348	0.1169	0.009	0.2667	0.039	0.002	0.1718	0.0749	0.001	0.003	0.006	0.031	0.004	0.001	0.0549	0.1798	0.001	0.002	0.001	0.2507	0.8901	0.018	0.7662	0.003	0.2807	0.02	0.011	0.007	0.001	0.012	0.005	0.3377	0.006	0.983	0.8561	0.99	0.2517	0.001	0.006	0.001	0.012	0.029	0.3137	0.0869	0.004	0.0939	0.007	0.001	0.3037	0.001	0.006	0.001	0.002	0.006	0.001	0.048	0.002	0.1878	0.1009	0.7852	0.001	0.8511	0.001	0.7473	0.001	0.005	0.001	0.008	0.5954	0.001	0.006	0.011	0.031	0.027	0.0599	0.001	0.3776	0.001
Sg_CM31A_52	0.7263	0.0609	0.7582	0.3247	0.2807	0.5834	0.6653	0.1668	0.014	0.006	0.015	0.0539	0.001	0.006	0.013	0.9211	0.2488	0.045	0.001	0.001	0.041	0.9201	0.5504	0.003	0.5924	0.022	0.006	0.6304	0.9451	0.4366	0.8402	0.3896	0.1578	0.0919	0.026	0.2707	0.0669	0.1928	0.1479	0.0509	0.1738	0.3716	0.3097	0.006	0.0999	0.8941	0.1059	0.7842	0.2398	0.6813	0.5534	0.1658	0.2997	0.0759	0.6394	0.5664	0.9321	0.002	0.0709	0.01	0.5475	0.966	0.0669	0.8432	0.001	0.047	0.0949	0.2198	0.1199	0.1309	0.0819	0.001	0.022	0.6224	0.0809	0.029	0.5455	0.3387	0.006	0.7652	0.96	0.973	0.01	0.0659	0.3487	0.2747	0.002	0.0619	0.0599	0.018	0.0769	0.7423	0.0619	0.4036	0.8831	0.8841	0.4086	0.6783	0.7672	0.6194	0.7942	0.5624	0.1588	0.0669	0.1768	0.001	0.9381	0.4675	0.4326	0.013	0.1728	0.6294	0.1518	0.6234	0.4036	0.3966	0.6823	0.6793	0.8322	0.7792	0.1219	0.035	0.2707	1	0.8222	0.001	0.1538	0.0999	0.4785	0.8342	0.1628	0.4006	0.2707	0.005	0.2707	0.2358	0.001	0.7922	0.004	0.993	0.6773	0.6863	0.6184	0.001	0.7123	0.02	0.1189	0.6513	0.9131	0.001	0.2827	0.9281	0.0839	0.02	0.0669	0.7552	0.3736	0.001	0.1359	0.8881	0.5544	0.001	0.037	0.6484	0.0979	0.4116	0.979	0.988	0.003	0.0629	0.1588	0.001	0.2018	0.6054	0.5135	0.1748	0.027	0.2308	0.5125	0.6793	0.4026	0.5285	0.2697	0.1858	0.1678	0.5495	0.0799	0.017	0.02	0.001	0.2547	0.009	0.4436	0.3686	0.01	0.039	0.1259	0.1938	0.001	0.3397	0.8691	0.0659	0.4216	0.963	0.1039	0.6024	0.5764	0.1249	0.002	0.4995	0.008	0.001	0.6793	0.0789	0.001	0.043	0.035	0.4036	0.3606	0.1139	0.0649	0.8741	0.5584	0.3726	0.0619	0.2897	0.0939	0.1918	0.1808	0.3576	0.007	0.9221	0.4026	0.7522	0.9491	0.5964	0.0509	0.001	0.5654	0.1119	0.7732	0.6104	0.1309	0.0929	0.5844	0.2527	0.0749	0.6204	0.8142	0.8711	0.018	0.5694	0.4925	0.1998	0.002	0.0769	0.017	0.2637	0.5455	0.5724	0.3397	0.6763	0.8392	0.002	0.031	0.0999	0.1798	0.027	0.7682	0.7862	0.1429	0.6703	0.008	0.031	0.001	0.6643	0.1059	0.5225	0.7483	0.3996	0.2847	0.1429	0.0509	0.3536	0.039	0.2507	0.6863	0.001	0.2498	0.8531	0.017	0.972	0.5574	0.6533	0.2507	0.001	0.3886	0.1019	0.4975	0.4356	0.015	0.5524	0.001	0.9241	0.003	0.8741	0.4106	0.2557	0.2897	0.4426	0.1648	0.5994	0.2078	0.4725	0.957	0.3976	0.2398	0.3786	0.997	0.1339	0.002	0.9331	0.007	0.9311	0.9471	0.002	0.9181	0.4815	0.5375	0.8132
Sg_CM32A_26	0.001	0.019	0.0539	0.1968	0.002	0.3666	0.001	0.3427	0.004	0.016	0.001	0.995	0.952	0.011	0.2557	0.6783	0.5495	0.003	0.8212	0.2607	0.1848	0.6713	0.4955	0.008	0.047	0.0789	0.03	0.3626	0.6264	0.3726	0.5774	0.2088	0.038	0.002	0.3696	0.7612	0.001	0.7952	0.009	0.7073	0.9151	0.8731	0.015	0.6503	0.014	0.1588	0.0829	0.001	0.3506	0.015	0.6913	0.028	0.2018	0.1628	0.3457	0.1289	0.1518	0.5455	0.1858	0.3097	0.6863	0.001	0.2028	0.1149	0.8482	0.1099	0.0949	0.001	0.001	0.002	0.9201	0.2088	0.2517	0.001	0.1299	0.8541	0.5445	0.036	0.3167	0.001	0.1369	0.001	0.004	0.8472	0.6294	0.001	0.001	0.975	0.043	0.1838	0.1808	0.995	0.5784	0.2667	0.0549	0.1289	0.017	0.005	0.8122	0.0839	0.6124	0.027	0.0829	0.001	0.98	0.5075	0.976	0.029	0.001	0.8681	0.5924	0.0759	0.963	0.001	0.3836	0.6803	0.001	0.001	0.4016	0.6354	0.001	0.2108	0.1289	0.8222	1	0.6653	0.003	0.001	0.003	0.001	0.7283	0.037	0.0699	0.003	0.01	0.3427	0.5784	0.3037	0.001	0.007	0.001	0.6913	0.002	0.4865	0.0599	0.2737	0.3586	0.971	0.1389	0.994	0.8372	0.3457	1	0.3187	0.2188	0.3127	0.3217	0.0699	0.6573	0.0639	0.1808	0.99	0.014	0.4795	0.2288	0.8102	0.03	0.01	0.0619	0.1548	0.5245	0.6334	0.003	0.5365	0.026	0.5375	0.005	0.3287	0.0689	0.9001	0.0699	0.005	0.9181	0.1808	0.6513	0.01	0.001	0.6324	0.0939	0.8731	0.7093	0.96	0.2547	0.2807	0.001	0.1499	0.5974	0.026	0.4016	0.8661	0.4186	0.001	0.7383	0.006	0.6893	0.003	0.6094	0.2308	0.6923	0.02	0.4635	0.3367	0.001	0.001	0.5235	0.001	0.001	0.1658	0.8571	0.3097	0.8192	0.0969	0.001	0.8841	0.7522	0.001	0.001	0.8492	0.001	0.001	0.4126	0.5355	0.6344	0.001	0.2587	0.014	0.9371	0.961	0.001	0.029	0.5804	0.5754	0.001	0.3367	0.3716	0.001	0.9461	0.8631	0.001	0.009	0.4036	0.013	0.6244	0.4216	0.7043	0.7842	0.5115	0.1229	0.031	0.7672	0.002	0.006	0.013	0.002	0.2807	0.002	0.3866	0.4136	0.2438	0.001	0.009	0.2418	0.5155	0.9041	0.7612	0.5864	0.9401	0.002	0.015	0.1059	0.3656	0.001	0.0739	0.7852	0.002	0.8062	0.5704	0.7383	0.6494	0.2288	0.002	0.0979	0.007	0.4246	0.8671	0.014	0.001	0.3736	0.1439	0.006	0.2547	0.005	0.1758	0.024	0.5015	0.002	0.025	0.004	0.7403	0.3147	0.954	0.2647	0.017	0.1169	0.6813	0.2288	0.1828	0.7502	0.001	0.001	0.1858	0.021	0.001	0.5405	0.4925	0.3307	0.996	0.1259	0.6523	0.1129
Sg_CM32A_49	0.044	0.009	0.015	0.005	0.001	0.8252	0.1339	0.3906	0.1618	0.001	0.1239	0.004	0.0629	0.971	0.7512	0.1159	0.5774	0.03	0.019	0.2108	0.5375	0.005	0.001	0.003	0.013	0.7662	0.002	0.022	0.002	0.002	0.001	0.6613	0.001	0.002	0.0689	0.001	0.1039	0.007	0.009	0.8941	0.1988	0.9371	0.001	0.039	0.1568	0.007	0.1548	0.03	0.4116	0.007	0.6813	0.1029	0.0889	0.001	0.1558	0.6144	0.001	0.001	0.001	0.2178	0.6244	0.005	0.014	0.001	0.01	0.013	0.7732	0.028	0.001	0.007	0.001	0.8961	0.4246	0.001	0.049	0.001	0.3726	0.001	0.015	0.4066	0.003	0.038	0.041	0.5944	0.6084	0.7962	0.01	0.001	0.6733	0.2468	0.0559	0.4995	0.8771	0.0709	0.001	0.002	0.1379	0.9161	0.013	0.001	0.7053	0.007	0.001	0.048	0.002	0.0579	0.022	0.4585	0.003	0.1728	0.2717	0.2657	0.8362	0.009	0.7512	0.1089	0.0579	0.007	0.0709	0.2228	0.001	0.7233	0.001	0.001	0.6653	1	0.0579	0.001	0.96	0.003	0.007	0.001	0.001	0.1678	0.006	0.001	0.001	0.2707	0.5185	0.001	0.001	0.044	0.001	0.4346	0.2837	0.001	0.2717	0.002	0.001	0.4885	0.1119	0.2318	0.01	0.4635	0.002	0.002	0.0849	0.0539	0.0889	0.8332	0.6933	0.001	0.7912	0.989	0.6464	0.001	0.043	0.0579	0.1169	0.5135	0.001	0.017	0.004	0.007	0.1089	0.019	0.002	0.4805	0.001	0.005	0.5974	0.043	0.01	0.039	0.001	0.4466	0.1419	0.001	0.0789	0.005	0.001	0.001	0.001	0.004	0.2388	0.2867	0.1069	0.001	0.0559	0.034	0.001	0.001	0.025	0.4146	0.2777	0.003	0.01	0.012	0.8402	0.001	0.04	0.1049	0.6773	0.003	0.4096	0.0949	0.1758	0.047	0.001	0.5524	0.2178	0.2018	0.005	0.6154	0.002	0.001	0.001	0.2917	0.004	0.1209	0.016	0.1299	0.003	0.001	0.001	0.016	0.049	0.001	0.6244	0.1169	0.1499	0.012	0.032	0.6324	0.1718	0.001	0.029	0.04	0.1848	0.002	0.2947	0.015	0.014	0.2807	0.001	0.4456	0.027	0.001	0.006	0.1069	0.001	0.012	0.043	0.1718	0.001	0.001	0.007	0.3447	0.002	0.002	0.001	0.952	0.012	0.001	0.1159	0.6723	0.5115	0.0619	0.033	0.039	0.001	0.1429	0.004	0.036	0.5025	0.5145	0.5574	0.03	0.975	0.001	0.0949	0.001	0.045	0.024	0.022	0.5674	0.031	0.005	0.005	0.001	0.1708	0.001	0.001	0.001	0.001	0.1279	0.001	0.003	0.036	0.8252	0.002	0.2288	0.001	0.3886	0.0629	0.9081	0.001	0.043	0.013	0.002	0.8691	0.002	0.1878	0.011	0.05	0.001	0.012	0.001	0.2567	0.001
Sg_CM33A_39	0.002	0.001	0.2318	0.0579	0.001	0.2498	0.1309	0.017	0.001	0.3147	0.002	0.9481	0.0929	0.009	0.2887	0.7413	0.2268	0.001	0.1758	0.9271	0.044	0.1558	0.2378	0.1918	0.8422	0.2607	0.042	0.6014	0.1379	0.5634	0.0669	0.001	0.007	0.001	0.8382	0.2527	0.001	0.4086	0.4186	0.1259	0.972	0.9451	0.0539	0.8422	0.005	0.002	0.002	0.001	0.001	0.005	0.1908	0.0899	0.1439	0.021	0.018	0.2927	0.002	0.6673	0.2268	0.0699	0.1788	0.007	0.0939	0.021	0.4635	0.5724	0.1039	0.019	0.002	0.4645	0.3427	0.951	0.0659	0.001	0.996	0.5235	0.2757	0.047	0.2797	0.027	0.002	0.001	0.002	0.8282	0.4935	0.006	0.0909	0.0679	0.011	0.0519	0.2517	0.2498	0.015	0.033	0.003	0.001	0.1119	0.026	0.003	0.005	0.5534	0.001	0.5495	0.048	0.9141	0.4316	0.006	0.5824	0.001	0.1738	0.0929	0.6164	0.8032	0.001	0.001	0.5095	0.001	0.001	0.001	0.041	0.03	0.0609	0.1848	0.1538	0.003	0.0579	1	0.003	0.8841	0.001	0.5405	0.005	0.1159	0.001	0.9471	0.6244	0.6773	0.041	0.003	0.002	0.001	0.2018	0.002	0.1798	0.003	0.6054	0.0559	0.0559	0.028	0.3247	0.0529	0.012	0.007	0.2667	0.0579	0.002	0.3457	0.8531	0.4116	0.041	0.8042	0.1399	0.1369	0.0949	0.018	0.0679	0.3716	0.001	0.003	0.2258	0.5734	0.3007	0.012	0.006	0.4765	0.019	0.3377	0.6533	0.009	0.007	0.002	0.002	0.05	0.025	0.5005	0.007	0.001	0.3367	0.001	0.0869	0.6903	0.8831	0.001	0.016	0.001	0.025	0.007	0.003	0.2458	0.4366	0.029	0.001	0.8222	0.011	0.1409	0.001	0.8861	0.1109	0.002	0.001	0.5215	0.017	0.046	0.001	0.7453	0.001	0.004	0.005	0.0979	0.4176	0.9281	0.3217	0.005	0.1748	0.3856	0.005	0.004	0.014	0.001	0.001	0.021	0.964	0.7013	0.002	0.001	0.001	0.2228	0.0689	0.006	0.9211	0.006	0.008	0.001	0.015	0.8821	0.016	0.3736	0.1109	0.004	0.004	0.0719	0.004	0.7473	0.003	0.7093	0.01	0.6264	0.0639	0.014	0.3287	0.001	0.0719	0.2288	0.001	0.2328	0.001	0.4386	0.003	0.002	0.001	0.0899	0.2088	0.042	0.4166	0.2478	0.4016	0.029	0.001	0.1039	0.041	0.008	0.001	0.6184	0.4136	0.007	0.6513	0.7632	0.1309	0.029	0.01	0.002	0.001	0.012	0.1538	0.3277	0.003	0.001	0.2997	0.001	0.001	0.0919	0.001	0.4446	0.002	0.5465	0.001	0.001	0.001	0.3497	0.7892	0.7053	0.8541	0.029	0.017	0.1469	0.6513	0.001	0.1019	0.002	0.002	0.016	0.046	0.001	0.005	0.03	0.2827	0.002	0.035	0.7273	0.001
Sg_CM33A_60	0.001	0.002	0.001	0.001	0.001	0.7792	0.001	0.3187	0.002	0.001	0.001	0.033	0.8801	0.049	0.1568	0.03	0.6653	0.001	0.7692	0.0789	0.8991	0.035	0.001	0.001	0.0749	0.5295	0.001	0.007	0.009	0.001	0.001	0.3407	0.001	0.001	0.4036	0.002	0.001	0.032	0.001	0.4316	0.6683	0.2298	0.001	0.044	0.001	0.005	0.4545	0.001	0.4366	0.004	0.4136	0.011	0.1219	0.001	0.5914	0.1099	0.001	0.001	0.002	0.3097	0.5674	0.001	0.0599	0.001	0.1149	0.001	0.0669	0.001	0.001	0.001	0.01	0.1489	0.4426	0.001	0.005	0.009	0.0609	0.001	0.001	0.001	0.009	0.001	0.001	0.4016	0.1978	0.2717	0.001	0.001	0.2837	0.6963	0.3776	0.1878	0.2867	0.0549	0.001	0.002	0.1718	0.036	0.3447	0.004	0.1049	0.004	0.027	0.026	0.002	0.1159	0.2448	0.4486	0.001	0.1229	0.02	0.1908	0.7373	0.001	0.7023	0.0819	0.001	0.001	0.2278	0.6274	0.001	0.046	0.001	0.0999	0.001	0.001	0.003	1	0.005	0.001	0.021	0.001	0.001	0.003	0.956	0.002	0.0869	0.3936	0.002	0.001	0.001	0.035	0.001	0.6354	0.0619	0.001	0.045	0.4326	0.001	0.7193	0.2048	0.3097	0.007	0.3866	0.005	0.01	0.016	0.0839	0.2038	0.1938	0.7283	0.2178	0.009	0.1469	0.6294	0.4565	0.001	0.001	0.9041	0.0659	0.001	0.4545	0.001	0.1049	0.8951	0.049	0.001	0.5544	0.001	0.009	0.0949	0.007	0.0629	0.007	0.002	0.002	0.001	0.002	0.001	0.6384	0.03	0.001	0.001	0.002	0.001	0.3706	0.0749	0.001	0.2987	0.023	0.7772	0.001	0.5534	0.012	0.022	0.001	0.1668	0.967	0.97	0.001	0.0909	0.7892	0.001	0.002	0.3876	0.005	0.001	0.036	0.001	0.9251	0.032	0.001	0.001	0.9191	0.016	0.001	0.001	0.1179	0.001	0.001	0.014	0.0759	0.032	0.001	0.008	0.001	0.0549	0.6464	0.006	0.1778	0.2468	0.4206	0.001	0.2138	0.0999	0.001	0.1389	0.5984	0.001	0.001	0.4276	0.001	0.046	0.3447	0.007	0.3237	0.1419	0.026	0.001	0.005	0.001	0.001	0.001	0.003	0.002	0.001	0.3167	0.026	0.014	0.001	0.001	0.03	0.017	0.02	0.6084	0.2168	0.2448	0.005	0.002	0.1329	0.001	0.001	0.001	0.3666	0.0999	0.5604	0.1369	0.8771	0.2188	0.001	0.0519	0.001	0.001	0.001	0.0769	0.018	0.001	0.045	0.003	0.001	0.3946	0.001	0.001	0.001	0.001	0.002	0.001	0.009	0.001	0.3896	0.016	0.7493	0.001	0.4795	0.7253	0.1149	0.001	0.0629	0.001	0.001	0.0689	0.001	0.004	0.0599	0.0799	0.002	0.2388	0.001	0.953	0.001
Sg_CM33A_9	0.0689	0.4775	0.6244	0.2667	0.8232	0.5734	0.036	0.1089	0.5684	0.7512	0.0659	0.5285	0.6813	0.0589	0.2817	0.1499	0.3616	0.5215	0.4595	0.9031	0.6973	0.1788	0.5365	0.0919	0.5295	0.004	0.6623	0.005	0.1928	0.6583	0.7872	0.4825	0.9091	0.8362	0.8601	0.997	0.2138	0.2807	0.011	0.4895	0.5554	0.9231	0.3397	0.2348	0.2088	0.8092	0.3736	0.3536	0.1988	0.976	0.9191	0.1309	0.5504	0.4346	0.7133	0.7113	0.3447	0.8551	0.8681	0.3457	0.034	0.0749	0.1429	0.3826	0.6783	0.0819	0.5275	0.001	0.8621	0.1419	0.4545	0.7083	0.968	0.9121	0.8631	0.5854	0.3127	0.951	0.9301	0.0569	0.6753	0.007	0.2468	0.024	0.3936	0.2787	0.3536	0.01	0.2128	0.3187	0.002	0.7453	0.4885	0.5035	0.2098	0.006	0.035	0.0919	0.2038	0.015	0.0749	0.0859	0.027	0.004	0.956	0.6334	0.954	0.1419	0.001	0.4845	0.966	0.03	0.0809	0.005	0.4615	0.4256	0.4216	0.2468	0.962	0.4116	0.017	0.979	0.9381	0.4785	0.003	0.96	0.8841	0.005	1	0.2418	0.008	0.5055	0.026	0.013	0.001	0.7163	0.8851	0.7702	0.1219	0.6224	0.2627	0.2218	0.7682	0.6144	0.6484	0.6154	0.1658	0.4505	0.1818	0.5504	0.0939	0.7762	0.8082	0.7872	0.4685	0.3506	0.1029	0.7952	0.018	0.9051	0.3007	0.6743	0.971	0.963	0.1648	0.6294	0.2388	0.3407	0.021	0.7013	0.4496	0.8142	0.8531	0.5794	0.017	0.4326	0.02	0.005	0.046	0.1588	0.7163	0.1918	0.8861	0.6254	0.6943	0.8192	0.4366	0.039	0.3546	0.4236	0.7622	0.022	0.1139	0.0789	0.1059	0.4066	0.1698	0.5964	0.2707	0.4026	0.5704	0.7902	0.5744	0.2178	0.7023	0.4196	0.2358	0.2597	0.2657	0.9211	0.0819	0.3896	0.2168	0.976	0.7512	0.1059	0.2348	0.3197	0.043	0.045	0.009	0.3167	0.3327	0.026	0.2018	0.1449	0.012	0.0539	0.4116	0.0639	0.7942	0.7073	0.019	0.003	0.003	0.6733	0.8991	0.5614	0.001	0.1638	0.7972	0.1848	0.3217	0.5644	0.0549	0.034	0.2687	0.2627	0.008	0.4316	0.1369	0.1479	0.6314	0.1868	0.5674	0.0769	0.5924	0.001	0.0569	0.1149	0.974	0.8891	0.6953	0.1109	0.0589	0.5245	0.3536	0.2488	0.2018	0.0789	0.5894	0.7143	0.4286	0.7642	0.9141	0.3966	0.0669	0.0889	0.7223	0.5834	0.1469	0.0749	0.6134	0.2138	0.1339	0.8022	0.002	0.9131	0.984	0.1618	0.1089	0.024	0.1598	0.5984	0.3497	0.2667	0.3556	0.2418	0.2038	0.5365	0.1888	0.9271	0.8861	0.2707	0.6693	0.3606	0.2268	0.4486	0.4256	0.9231	0.7502	0.2617	0.1548	0.3806	0.0929	0.2268	0.016	0.5375	0.1219	0.6833	0.5894	0.8821	0.038	0.6923	0.022	0.5085	0.3087	0.3676	0.046	0.0909
Sg_CM35A_15	0.001	0.001	0.001	0.001	0.001	0.971	0.001	0.6124	0.001	0.001	0.001	0.3137	0.5365	0.006	0.019	0.0739	0.0669	0.001	0.5704	0.0919	0.965	0.003	0.002	0.005	0.3766	0.3536	0.001	0.0849	0.041	0.031	0.001	0.3946	0.001	0.001	0.5504	0.0529	0.001	0.6803	0.001	0.9271	0.6533	0.5225	0.001	0.024	0.002	0.011	0.999	0.001	0.1608	0.001	0.9041	0.0799	0.0529	0.001	0.7802	0.2777	0.001	0.001	0.003	0.7902	0.4396	0.001	0.1119	0.001	0.1558	0.002	0.015	0.001	0.001	0.002	0.1249	0.1159	0.5215	0.001	0.1159	0.0619	0.2158	0.001	0.046	0.001	0.005	0.001	0.001	0.4286	0.4486	0.0639	0.001	0.016	0.012	0.7473	0.3247	0.1029	0.4296	0.026	0.002	0.001	0.04	0.007	0.2308	0.001	0.3786	0.003	0.1628	0.005	0.1968	0.3197	0.1299	0.991	0.001	0.1449	0.4735	0.4515	0.3946	0.001	0.5295	0.9471	0.001	0.001	0.046	0.6723	0.001	0.01	0.001	0.8342	0.001	0.003	0.001	0.001	0.2418	1	0.1968	0.001	0.001	0.001	0.5554	0.011	0.2378	0.8731	0.004	0.001	0.001	0.0699	0.001	0.4286	0.019	0.001	0.0519	0.3586	0.001	0.982	0.1528	0.2987	0.039	0.1199	0.001	0.014	0.1888	0.1249	0.2507	0.0629	0.9021	0.6044	0.05	0.5105	0.037	0.04	0.001	0.006	0.1848	0.0829	0.0879	0.8272	0.001	0.032	0.6484	0.045	0.001	0.953	0.005	0.012	0.028	0.006	0.3656	0.001	0.0549	0.001	0.001	0.0629	0.002	0.3297	0.018	0.007	0.002	0.016	0.001	0.6883	0.0629	0.001	0.6084	0.6933	0.041	0.001	0.031	0.025	0.037	0.001	0.046	0.6983	0.5175	0.001	0.8571	0.8112	0.001	0.001	0.2478	0.005	0.002	0.001	0.002	0.5005	0.3616	0.002	0.001	0.4675	0.1109	0.001	0.001	0.1678	0.001	0.001	0.038	0.7762	0.1419	0.001	0.001	0.001	0.5175	0.3187	0.004	0.6124	0.2637	0.035	0.001	0.1778	0.2398	0.001	0.2238	0.1269	0.001	0.001	0.1109	0.001	0.7403	0.038	0.023	0.1229	0.0659	0.014	0.005	0.007	0.001	0.001	0.001	0.001	0.038	0.001	0.3746	0.025	0.002	0.001	0.001	0.1708	0.7003	0.1089	0.9441	0.0869	0.2458	0.001	0.001	0.0509	0.001	0.001	0.002	0.7662	0.008	0.9071	0.3497	0.7712	0.8721	0.001	0.005	0.001	0.001	0.019	0.955	0.001	0.001	0.2008	0.005	0.001	0.6573	0.001	0.0619	0.001	0.035	0.003	0.001	0.004	0.016	0.8302	0.3057	0.8362	0.001	0.8472	0.4406	0.5644	0.001	0.008	0.001	0.001	0.1668	0.001	0.001	0.037	0.0999	0.1978	0.2118	0.001	0.8651	0.001
Sg_D02_31	0.2607	0.1948	0.4545	0.4655	0.6673	0.8551	0.1548	0.9401	0.7313	0.002	0.975	0.04	0.6024	0.9091	0.5295	0.023	0.1578	0.8801	0.4895	0.6404	0.1588	0.95	0.4006	0.018	0.1558	0.0999	0.2348	0.2328	0.4306	0.1938	0.0559	0.4705	0.015	0.4805	0.038	0.2118	0.4216	0.0639	0.0669	0.9061	0.1548	0.7133	0.048	0.5884	0.9001	0.7882	0.023	0.4226	0.1329	0.7313	0.987	0.2328	0.3566	0.1598	0.7133	0.5734	0.3087	0.001	0.006	0.042	0.2977	0.0639	0.1109	0.037	0.1419	0.032	0.014	0.024	0.0529	0.033	0.004	0.96	0.1878	0.2168	0.1898	0.01	0.9341	0.05	0.2557	0.6953	0.6903	0.1818	0.2837	0.1518	0.4535	0.2378	0.023	0.01	0.4605	0.3966	0.5335	0.9021	0.0999	0.9451	0.0809	0.6933	0.2797	0.6134	0.8042	0.4745	0.8282	0.9081	0.0569	0.0669	0.034	0.9211	0.5095	0.5984	0.1449	0.2507	0.007	0.2028	0.4595	0.1459	0.1319	0.1888	0.4056	0.3756	0.7882	0.9331	0.023	0.02	0.0569	0.1628	0.7283	0.007	0.5405	0.021	0.008	0.1968	1	0.2587	0.3447	0.3766	0.992	0.0669	0.4376	0.9261	0.4366	0.025	0.0679	0.021	0.049	0.3207	0.3866	0.001	0.3257	0.4136	0.0699	0.5814	0.0779	0.6284	0.05	0.2897	0.2957	0.6324	0.6903	0.9451	0.3477	0.1139	0.3606	0.3297	0.1818	0.8202	0.5295	0.5315	0.0839	0.1489	0.2667	0.8032	0.05	0.6663	0.3147	0.7962	0.1728	0.1469	0.018	0.025	0.7572	0.2258	0.1059	0.8412	0.4765	0.9301	0.001	0.2358	0.5355	0.014	0.3576	0.5255	0.0629	0.005	0.9051	0.005	0.3876	0.6284	0.0939	0.1688	0.2887	0.037	0.8541	0.4715	0.4316	0.9121	0.2088	0.3626	0.02	0.001	0.1778	0.2178	0.041	0.1419	0.2388	0.5135	0.7982	0.7363	0.8921	0.4416	0.013	0.9461	0.001	0.1698	0.1528	0.001	0.003	0.008	0.006	0.1129	0.965	0.5135	0.2398	0.1369	0.001	0.1289	0.6164	0.7443	0.1758	0.4476	0.6723	0.4635	0.9071	0.6034	0.3766	0.6973	0.1708	0.009	0.001	0.8162	0.2068	0.034	0.007	0.7253	0.026	0.8002	0.2887	0.8931	0.1988	0.5125	0.0719	0.0739	0.1079	0.4406	0.013	0.2777	0.003	0.987	0.003	0.8701	0.973	0.0599	0.001	0.8472	0.7353	0.1109	0.6384	0.038	0.1349	0.7542	0.6653	0.4296	0.1049	0.7443	0.1029	0.1838	0.8282	1	0.0759	0.8242	0.6274	0.003	0.8821	0.3227	0.016	0.4735	0.1439	0.8621	0.953	0.002	0.007	0.0559	0.6494	0.044	0.038	0.1379	0.011	0.2747	0.0599	0.5075	0.001	0.3916	0.034	0.1738	0.013	0.037	0.8202	0.4885	0.9191	0.2328	0.0529	0.2957	0.017	0.7233	0.8032	0.8302	0.01	0.019	0.9421	0.1359	0.5365	0.6324
Sg_D02_32	0.001	0.001	0.001	0.001	0.001	0.031	0.002	0.8921	0.001	0.001	0.001	0.001	0.2498	0.011	0.001	0.0969	0.4505	0.001	0.0829	0.6633	0.0589	0.001	0.001	0.004	0.004	0.046	0.002	0.006	0.001	0.001	0.001	0.2048	0.001	0.001	0.2847	0.001	0.001	0.004	0.003	0.5914	0.0979	0.4496	0.001	0.1279	0.001	0.001	0.8052	0.001	0.001	0.001	0.7692	0.018	0.001	0.001	0.0709	0.3307	0.001	0.001	0.019	0.7453	0.4685	0.001	0.014	0.001	0.6893	0.0559	0.023	0.001	0.001	0.001	0.012	0.6154	0.1748	0.001	0.0759	0.012	0.015	0.001	0.046	0.001	0.001	0.001	0.001	0.7742	0.0829	0.3586	0.003	0.001	0.6204	0.0549	0.001	0.5315	0.017	0.001	0.001	0.001	0.2947	0.5994	0.001	0.001	0.9261	0.001	0.003	0.1788	0.001	0.8272	0.004	0.7483	0.001	0.6444	0.8272	0.3876	0.8781	0.001	0.005	0.005	0.001	0.001	0.007	0.019	0.001	0.006	0.001	0.4006	0.037	0.001	0.005	0.001	0.5055	0.001	0.2587	1	0.001	0.001	0.01	0.001	0.7313	0.1339	0.001	0.001	0.001	0.04	0.001	0.2547	0.007	0.001	0.003	0.2438	0.001	0.1169	0.0839	0.007	0.001	0.4935	0.001	0.001	0.003	0.7942	0.8511	0.9161	0.8851	0.6114	0.001	0.1908	0.003	0.05	0.003	0.001	0.1189	0.001	0.004	0.3816	0.001	0.001	0.3077	0.003	0.001	0.5435	0.001	0.001	0.1399	0.001	0.002	0.007	0.001	0.001	0.001	0.2507	0.001	0.1249	0.001	0.001	0.001	0.01	0.001	0.049	0.003	0.001	0.4535	0.009	0.0659	0.001	0.1189	0.003	0.5504	0.001	0.1069	0.5225	0.002	0.001	0.2418	0.1079	0.011	0.001	0.4086	0.001	0.001	0.001	0.001	0.951	0.6114	0.034	0.001	0.1658	0.001	0.001	0.001	0.038	0.001	0.001	0.017	0.004	0.032	0.001	0.001	0.001	0.5644	0.1808	0.1778	0.0649	0.001	0.001	0.001	0.003	0.3536	0.001	0.3726	0.002	0.001	0.001	0.001	0.002	0.001	0.001	0.006	0.006	0.2597	0.001	0.001	0.038	0.001	0.001	0.001	0.001	0.013	0.001	0.4266	0.008	0.001	0.001	0.001	0.008	0.1449	0.01	0.1748	0.1938	0.1329	0.002	0.004	0.001	0.001	0.001	0.002	0.014	0.001	0.0759	0.5035	0.1618	0.8472	0.001	0.001	0.001	0.001	0.001	0.006	0.002	0.001	0.2527	0.001	0.001	0.3986	0.001	0.1668	0.001	0.003	0.001	0.001	0.001	0.006	0.4995	0.002	0.6294	0.001	0.8641	0.001	0.3117	0.001	0.003	0.001	0.001	0.001	0.001	0.001	0.001	0.1339	0.002	0.001	0.001	0.1299	0.001
Sg_D02_44	0.014	0.017	0.001	0.2987	0.001	0.7003	0.004	0.5744	0.008	0.001	0.006	0.042	0.8591	0.012	0.5005	0.2118	0.021	0.0599	0.4176	0.0679	0.5874	0.0719	0.008	0.01	0.3926	0.5275	0.001	0.4685	0.025	0.032	0.013	0.9371	0.001	0.009	0.6064	0.017	0.015	0.4925	0.003	0.0649	0.6364	0.1898	0.002	0.007	0.0529	0.05	0.2248	0.016	0.6084	0.007	0.9421	0.1269	0.1129	0.002	0.1598	0.7283	0.004	0.018	0.008	0.2877	0.0739	0.002	0.006	0.019	0.0569	0.0839	0.1319	0.011	0.001	0.036	0.1558	0.0929	0.4975	0.002	0.0689	0.024	0.4336	0.001	0.039	0.001	0.008	0.0569	0.0669	0.2168	0.6244	0.041	0.001	0.021	0.7003	0.4985	0.6484	0.3856	0.8781	0.0589	0.005	0.014	0.8062	0.4176	0.024	0.001	0.7542	0.014	0.3506	0.4925	0.028	0.1179	0.1249	0.2078	0.005	0.1339	0.8102	0.3277	0.8342	0.003	0.4056	0.3536	0.001	0.001	0.033	0.2478	0.004	0.2078	0.001	0.2707	0.0699	0.001	0.1159	0.001	0.026	0.001	0.3447	0.001	1	0.018	0.6583	0.004	0.0759	0.5295	0.1628	0.001	0.003	0.005	0.009	0.1618	0.4446	0.001	0.013	0.5045	0.002	0.2677	0.016	0.0839	0.006	0.3257	0.003	0.002	0.6723	0.1359	0.003	0.7822	0.7193	0.2438	0.1429	0.9221	0.3397	0.2388	0.0879	0.022	0.4615	0.3067	0.0579	0.2318	0.003	0.0509	0.3696	0.014	0.002	0.7982	0.004	0.004	0.2278	0.007	0.6294	0.014	0.009	0.2448	0.0549	0.001	0.1429	0.5095	0.006	0.023	0.001	0.003	0.004	0.3526	0.013	0.009	0.1558	0.7423	0.2198	0.014	0.008	0.1469	0.4136	0.002	0.019	0.6294	0.6503	0.001	0.5065	0.4705	0.6034	0.02	0.024	0.0719	0.048	0.0539	0.029	0.6454	0.7083	0.1389	0.003	0.7093	0.0779	0.009	0.002	0.024	0.001	0.006	0.017	0.2517	0.1608	0.001	0.008	0.002	0.0599	0.5045	0.009	0.6503	0.0719	0.016	0.037	0.9091	0.0909	0.001	0.1708	0.012	0.1059	0.002	0.1339	0.0859	0.3457	0.1588	0.002	0.8711	0.039	0.0619	0.1389	0.3207	0.002	0.002	0.1349	0.3057	0.002	0.001	0.0599	0.1399	0.005	0.003	0.002	0.8601	0.1449	0.01	0.1738	0.029	0.0929	0.009	0.003	0.0709	0.037	0.021	0.2527	0.8492	0.0719	0.6404	0.6933	0.4875	0.5874	0.003	0.02	0.011	0.032	0.1938	0.7243	0.5914	0.004	0.043	0.001	0.004	0.1788	0.002	0.024	0.001	0.011	0.0699	0.007	0.005	0.1788	0.8452	0.2148	0.3227	0.001	0.4975	0.0569	0.1109	0.002	0.009	0.001	0.007	0.6134	0.001	0.007	0.013	0.028	0.1159	0.2458	0.003	0.5754	0.001
Sg_D02_9	0.011	0.001	0.002	0.003	0.002	0.002	0.002	0.001	0.001	0.2198	0.001	0.2198	0.01	0.001	0.001	0.957	0.3177	0.001	0.002	0.1189	0.002	0.4925	0.2418	0.012	0.8162	0.7952	0.0729	0.0569	0.009	0.1808	0.2008	0.006	0.034	0.001	0.019	0.0549	0.001	0.8052	0.001	0.1998	0.3427	0.5944	0.027	0.006	0.001	0.001	0.001	0.001	0.001	0.001	0.048	0.002	0.009	0.003	0.001	0.3077	0.01	0.4106	0.4116	0.002	0.02	0.001	0.012	0.001	0.006	0.9421	0.4775	0.004	0.002	0.001	0.7063	0.047	0.001	0.001	0.0909	0.7393	0.007	0.001	0.013	0.003	0.001	0.002	0.001	0.002	0.027	0.004	0.034	0.2507	0.3237	0.3786	0.7742	0.041	0.02	0.001	0.001	0.039	0.1199	0.2248	0.001	0.004	0.001	0.001	0.1988	0.001	0.1309	0.006	0.001	0.007	0.001	0.002	0.005	0.1269	0.2937	0.004	0.001	0.3177	0.001	0.001	0.001	0.002	0.003	0.2058	0.001	0.005	0.003	0.1678	0.001	0.003	0.013	0.001	0.3766	0.001	0.018	1	0.3057	0.3117	0.006	0.001	0.001	0.003	0.001	0.045	0.001	0.025	0.001	0.023	0.003	0.0919	0.001	0.003	0.003	0.001	0.001	0.1259	0.023	0.004	0.03	0.018	0.5245	0.98	0.1688	0.011	0.003	0.4006	0.034	0.2587	0.0589	0.001	0.001	0.001	0.8711	0.002	0.012	0.003	0.4336	0.001	0.003	0.0599	0.0909	0.001	0.0629	0.001	0.007	0.7453	0.3976	0.026	0.001	0.7023	0.001	0.003	0.2977	0.3187	0.002	0.004	0.001	0.003	0.001	0.001	0.003	0.7303	0.03	0.001	0.1648	0.004	0.007	0.001	0.2987	0.6913	0.001	0.001	0.2887	0.01	0.002	0.001	0.008	0.001	0.001	0.001	0.4935	0.006	0.7802	0.3596	0.001	0.1588	0.7922	0.001	0.002	0.001	0.001	0.001	0.1628	0.0529	0.024	0.001	0.034	0.001	0.009	0.002	0.003	0.3966	0.001	0.003	0.001	0.007	0.4575	0.001	0.5315	0.001	0.001	0.004	0.021	0.0599	0.1728	0.002	0.1229	0.1189	0.3506	0.3526	0.002	0.5175	0.001	0.4446	0.0709	0.001	0.0609	0.001	0.7852	0.001	0.001	0.002	0.007	0.3307	0.012	0.7413	0.006	0.3187	0.004	0.001	0.1109	0.001	0.004	0.001	0.7942	0.8382	0.001	0.0729	0.0519	0.012	0.001	0.024	0.001	0.024	0.001	0.004	0.8112	0.001	0.001	0.7982	0.001	0.001	0.5045	0.001	0.0739	0.008	0.7692	0.001	0.001	0.001	0.7732	0.0709	0.2707	0.3347	0.018	0.001	0.001	0.1179	0.011	0.041	0.001	0.001	0.0569	0.001	0.001	0.001	0.005	0.5285	0.001	0.0999	0.2018	0.007
Sg_D03_75	0.6174	0.2208	0.6653	0.007	0.005	0.8951	0.7772	0.004	0.4066	0.002	0.3646	0.1598	0.8691	0.0809	0.3097	0.1219	0.0509	0.8102	0.998	0.5495	0.2348	0.003	0.1289	0.2857	0.043	0.01	0.6573	0.005	0.004	0.0679	0.3666	0.4595	0.0859	0.6753	0.4496	0.019	0.7283	0.006	0.1099	0.7353	0.4306	0.8921	0.3467	0.1179	0.6444	0.2867	0.2777	0.5644	0.8012	0.7053	0.1788	0.6084	0.4276	0.003	0.4745	0.6264	0.039	0.001	0.6254	0.1139	0.015	0.7463	0.4436	0.006	0.973	0.6813	0.1149	0.2388	0.1658	0.1828	0.0699	0.8362	0.4036	0.8212	0.1319	0.2258	0.6124	0.008	0.028	0.3776	0.6543	0.3207	0.7423	0.3616	0.7612	0.5644	0.2038	0.001	0.002	0.9261	0.001	0.3107	0.4605	0.2428	0.2807	0.001	0.001	0.042	0.5085	0.002	0.3107	0.05	0.001	0.001	0.0759	0.7652	0.7193	0.039	0.2178	0.6204	0.1019	0.8781	0.0619	0.6863	0.6853	0.04	0.8651	0.5674	0.5584	0.5485	0.8871	0.4595	0.003	0.2707	0.01	0.006	0.9471	0.956	0.001	0.5554	0.992	0.01	0.6583	0.3057	1	0.1359	0.1259	0.4525	0.996	0.2757	0.988	0.7133	0.023	0.7183	0.1199	0.02	0.0729	0.7982	0.8511	0.3806	0.043	0.8032	0.5574	0.8152	0.3966	0.2717	0.008	0.9091	0.3856	0.5005	0.8402	0.0869	0.6603	0.5784	0.9201	0.6803	0.3806	0.0769	0.001	0.1978	0.019	0.6603	0.3756	0.2867	0.0609	0.2428	0.4575	0.041	0.018	0.018	0.2298	0.038	0.2098	0.9231	0.1359	0.966	0.7133	0.6474	0.1429	0.7063	0.0729	0.001	0.038	0.3327	0.1908	0.3397	0.1259	0.039	0.6464	0.018	0.6553	0.1269	0.8152	0.4226	0.3556	0.4146	0.96	0.4855	0.4895	0.1878	0.027	0.2178	0.2348	0.1409	0.7213	0.5335	0.9181	0.2448	0.001	0.0969	0.033	0.6573	0.6823	0.018	0.007	0.4306	0.6603	0.043	0.974	0.4076	0.0869	0.3017	0.5844	0.2567	0.0609	0.4965	0.0549	0.3666	0.003	0.1189	0.6404	0.1079	0.6084	0.7463	0.5624	0.8452	0.7682	0.2498	0.0749	0.5335	0.2687	0.007	0.039	0.2867	0.1459	0.2747	0.4555	0.001	0.7453	0.1009	0.042	0.4875	0.2128	0.2138	0.5514	0.3666	0.976	0.9461	0.0639	0.9471	0.032	0.9201	0.2158	0.01	0.8042	0.3916	0.017	0.988	0.6803	0.2468	0.002	0.1828	0.05	0.016	0.1628	0.2298	0.1508	1	0.6254	0.002	0.4466	0.001	0.8681	0.0659	0.012	0.3497	0.972	0.963	0.6324	0.006	0.7233	0.1209	0.002	0.01	0.003	0.7652	0.002	0.7363	0.0549	0.9231	0.032	0.005	0.001	0.2158	0.0969	0.5395	0.016	0.1878	0.8781	0.4745	0.3876	0.001	0.3247	0.2667	0.2657	0.002	0.8332	0.019	0.008	0.008
Sg_D03_78	0.011	0.001	0.004	0.003	0.001	0.5684	0.02	0.1209	0.0739	0.014	0.026	0.003	0.8432	0.9301	0.01	0.0989	0.8102	0.021	0.8911	0.7493	0.8541	0.007	0.001	0.002	0.002	0.5724	0.012	0.044	0.044	0.006	0.001	0.9021	0.002	0.001	0.8841	0.001	0.004	0.005	0.0529	0.8571	0.4426	0.7473	0.001	0.006	0.0739	0.03	0.1299	0.022	0.5065	0.4875	0.033	0.2328	0.2927	0.001	0.977	0.4196	0.001	0.001	0.2238	0.0629	0.4785	0.007	0.041	0.001	0.7243	0.001	0.4555	0.007	0.001	0.0519	0.001	0.6024	0.4685	0.001	0.002	0.001	0.9341	0.006	0.002	0.1379	0.2078	0.016	0.003	0.2607	0.2847	0.3307	0.048	0.005	0.9221	0.3726	0.005	0.7822	0.3487	0.1738	0.018	0.007	0.8811	0.8881	0.3926	0.001	0.1708	0.042	0.003	0.9361	0.001	0.2428	0.4695	0.3636	0.1628	0.1838	0.1139	0.4276	0.8631	0.013	0.8072	0.019	0.0679	0.001	0.5435	0.9181	0.018	0.1878	0.002	0.2358	0.3427	0.001	0.6244	0.002	0.7163	0.011	0.0669	0.001	0.004	0.3117	0.1359	1	0.9481	0.8392	0.0999	0.001	0.002	0.1169	0.001	0.4585	0.6673	0.001	0.03	0.0929	0.007	0.3776	0.1528	0.8711	0.011	0.3337	0.014	0.011	0.1888	0.6643	0.003	0.972	0.9051	0.0639	0.005	0.0589	0.6034	0.012	0.007	0.0529	0.1688	0.041	0.001	0.6154	0.008	0.1049	0.3087	0.006	0.001	0.1159	0.005	0.0759	0.2328	0.003	0.018	0.021	0.001	0.2318	0.002	0.014	0.024	0.7253	0.001	0.001	0.034	0.0719	0.3497	0.4725	0.038	0.001	0.8342	0.005	0.038	0.001	0.0669	0.3147	0.1618	0.003	0.008	0.013	0.0759	0.001	0.001	0.962	0.984	0.001	0.8072	0.014	0.01	0.4156	0.001	0.7892	0.6264	0.011	0.008	0.4835	0.001	0.001	0.005	0.1049	0.0599	0.989	0.6983	0.2657	0.1199	0.001	0.0739	0.006	0.008	0.6094	0.7622	0.5884	0.6713	0.2188	0.006	0.1459	0.1908	0.003	0.022	0.1978	0.0809	0.03	0.1009	0.3207	0.004	0.8192	0.001	0.1289	0.025	0.1638	0.0609	0.021	0.001	0.008	0.004	0.005	0.01	0.002	0.001	0.9331	0.015	0.013	0.001	0.3167	0.001	0.001	0.6523	0.049	0.3057	0.6843	0.031	0.8711	0.001	0.027	0.001	0.01	0.0769	0.6573	0.7343	0.973	0.2288	0.001	0.1109	0.001	0.006	0.1878	0.003	0.1598	0.021	0.045	0.012	0.001	0.2458	0.001	0.001	0.001	0.001	0.2378	0.001	0.008	0.011	0.4296	0.002	0.7502	0.001	0.0669	0.2837	0.7223	0.001	0.1409	0.003	0.001	0.1988	0.001	0.2507	0.2398	0.2577	0.001	0.3746	0.001	0.7143	0.001
Sg_D09_14	0.983	0.0939	0.5704	0.2088	0.0749	0.9341	0.977	0.5345	0.0949	0.001	0.0779	0.6543	0.001	0.1099	0.022	0.4605	0.1688	0.0849	0.001	0.001	0.033	0.975	0.5634	0.002	0.7443	0.0639	0.001	0.5125	0.8472	0.7013	0.8901	0.6593	0.0959	0.2288	0.0629	0.4466	0.1269	0.6174	0.3007	0.0669	0.0639	0.0989	0.2388	0.013	0.3806	0.3726	0.7622	0.3666	0.6134	0.3886	0.2208	0.4276	0.026	0.009	0.991	0.7522	0.969	0.01	0.036	0.036	0.6374	0.6004	0.2158	0.8851	0.001	0.0959	0.5125	0.1728	0.0679	0.2527	0.5385	0.001	0.003	0.2727	0.017	0.7912	0.1538	0.1059	0.01	0.5065	0.4186	0.6663	0.006	0.004	0.2478	0.8312	0.001	0.012	0.3067	0.0579	0.1309	0.9251	0.1179	0.7532	0.8362	0.1598	0.3327	0.3566	0.4995	0.2438	0.8022	0.024	0.5425	0.1409	0.7013	0.001	0.6264	0.9131	0.1678	0.029	0.5015	0.7772	0.1578	0.2807	0.977	0.8911	0.1578	0.9451	0.8022	0.4625	0.032	0.2717	0.1029	0.001	0.5784	0.001	0.6773	0.0869	0.8851	0.2378	0.4376	0.7313	0.0759	0.006	0.1259	0.9481	1	0.8172	0.035	0.8082	0.2527	0.3227	0.8501	0.001	0.8921	0.005	0.1908	0.9221	0.7143	0.001	0.3906	0.4086	0.2128	0.04	0.003	0.1738	0.4286	0.001	0.7972	0.6404	0.1039	0.001	0.039	0.4935	0.8831	0.3267	0.8781	0.4705	0.1838	0.037	0.8591	0.001	0.017	0.0829	0.2288	0.2617	0.1219	0.2957	0.0659	0.3826	0.5095	0.5754	0.1858	0.2937	0.7033	0.5624	0.3437	0.015	0.2168	0.001	0.964	0.005	0.1508	0.1998	0.1568	0.2507	0.1449	0.2228	0.001	0.992	0.5744	0.1499	0.5385	0.8412	0.034	0.7123	0.5724	0.9401	0.001	0.2817	0.007	0.001	0.9401	0.2128	0.001	0.038	0.0729	0.6384	0.4655	0.1039	0.2887	0.8661	0.7223	0.7003	0.5415	0.2967	0.0559	0.2587	0.974	0.8951	0.004	0.4056	0.2937	0.4995	0.1009	0.6953	0.1049	0.001	0.8302	0.1948	0.6773	0.4725	0.1928	0.8352	0.1658	0.1748	0.2288	0.1908	0.6823	0.2537	0.0719	0.026	0.8272	0.8731	0.034	0.0779	0.028	0.023	0.6094	0.7612	0.5584	0.5065	0.7622	0.01	0.025	0.2667	0.7263	0.3966	0.7093	0.2857	0.1518	0.7832	0.3097	0.4326	0.001	0.7323	0.1369	0.5954	0.2488	0.1359	0.1968	0.2248	0.1019	0.9241	0.031	0.2837	0.8122	0.001	0.4436	0.3996	0.028	0.5335	0.7892	0.6224	0.9451	0.001	0.3277	0.3087	0.7113	0.5405	0.1998	0.7493	0.001	0.6983	0.007	0.7273	0.6953	0.3656	0.0939	0.2158	0.5135	0.3357	0.037	0.8871	0.3676	0.8202	0.045	0.0569	0.3796	0.2138	0.009	0.9431	0.022	0.3337	0.9191	0.1479	0.4935	0.3926	0.8412	0.8342
Sg_D10_17	0.1998	0.0789	0.012	0.2667	0.0729	0.001	0.2048	0.001	0.0589	0.5914	0.1978	0.4585	0.2617	0.019	0.0559	0.5475	0.5265	0.5694	0.974	0.6454	0.0589	0.7612	0.1928	0.2168	0.7023	0.6653	0.039	0.004	0.032	0.8142	0.0549	0.6743	0.5265	0.2897	0.0569	0.0919	0.021	0.3417	0.038	0.003	0.02	0.1389	0.1798	0.006	0.013	0.001	0.0559	0.7582	0.002	0.001	0.001	0.3427	0.001	0.045	0.001	0.1878	0.2807	0.02	0.6843	0.2488	0.001	0.3796	0.003	0.0799	0.8971	0.1798	0.1958	0.5844	0.045	0.013	0.5824	0.3586	0.016	0.966	0.035	0.4985	0.5634	0.0689	0.001	0.4446	0.001	0.3427	0.008	0.003	0.017	0.1259	0.0889	0.04	0.4036	0.1668	0.2338	0.009	0.4785	0.001	0.006	0.001	0.5794	0.1698	0.001	0.047	0.001	0.015	0.1658	0.982	0.8202	0.5854	0.001	0.0549	0.982	0.002	0.001	0.4855	0.0689	0.3666	0.001	0.8012	0.9071	0.4825	0.001	0.001	0.4206	0.1219	0.1339	0.7922	0.3037	0.2707	0.041	0.3936	0.7702	0.8731	0.9261	0.1339	0.5295	0.001	0.4525	0.8392	0.8172	1	0.2707	0.3616	0.8701	0.001	0.014	0.4725	0.02	0.1169	0.006	0.001	0.002	0.6653	0.001	0.001	0.001	0.022	0.0519	0.001	0.3187	0.6743	0.3257	0.2258	0.7223	0.9141	0.3596	0.001	0.003	0.05	0.4116	0.035	0.001	0.2168	0.7662	0.954	0.989	0.001	0.2987	0.003	0.9011	0.6174	0.5495	0.001	0.3137	0.2098	0.1738	0.1928	0.7632	0.8382	0.9221	0.1499	0.3477	0.5644	0.1049	0.3606	0.002	0.001	0.1928	0.6963	0.001	0.7183	0.991	0.3986	0.012	0.0519	0.985	0.0679	0.002	0.001	0.8342	0.1818	0.033	0.2517	0.8312	0.7473	0.6953	0.047	0.8182	0.004	0.3057	0.001	0.2288	0.0729	0.981	0.6374	0.9341	0.2148	0.6763	0.1489	0.3736	0.001	0.005	0.001	0.003	0.5854	0.4126	0.6494	0.1399	0.3377	0.007	0.9071	0.963	0.5055	0.001	0.001	0.0619	0.0979	0.4386	0.5405	0.0669	0.001	0.2318	0.6763	0.4016	0.1748	0.6653	0.007	0.1978	0.3067	0.8631	0.2697	0.2478	0.7942	0.0879	0.2088	0.1618	0.033	0.013	0.1249	0.3367	0.1009	0.001	0.5984	0.7732	0.2048	0.006	0.6114	0.958	0.9361	0.001	0.012	0.975	0.001	0.7493	0.9101	0.003	0.1818	0.001	0.1568	0.5345	0.2368	0.001	0.009	0.001	0.4815	0.001	0.5874	0.5664	0.0719	0.009	0.8611	0.001	0.2208	0.036	0.027	0.1079	0.9021	0.7433	0.3447	0.1948	0.002	0.994	0.001	0.2897	0.0909	0.3017	0.035	0.001	0.2028	0.001	0.012	0.3856	0.025	0.2178	0.5165	0.029	0.001	0.001	0.5215	0.001	0.3566	0.5225	0.8402
Sg_D18_45	0.003	0.001	0.006	0.001	0.001	0.046	0.001	0.0559	0.001	0.2168	0.001	0.1009	0.001	0.001	0.001	0.8392	0.2797	0.001	0.007	0.1059	0.016	0.7582	0.1938	0.022	0.985	0.7922	0.6034	0.7133	0.007	0.016	0.03	0.2038	0.021	0.001	0.043	0.004	0.001	0.1608	0.023	0.8352	0.8362	0.1409	0.002	0.0989	0.001	0.004	0.046	0.001	0.005	0.001	0.8841	0.005	0.02	0.022	0.1489	0.031	0.005	0.5325	0.1169	0.007	0.8432	0.001	0.01	0.001	0.006	0.1868	0.3526	0.001	0.001	0.002	0.7762	0.1259	0.001	0.001	0.5125	0.8382	0.001	0.006	0.2468	0.012	0.002	0.001	0.001	0.031	0.033	0.0599	0.046	0.1768	0.7722	0.011	0.5395	0.023	0.047	0.001	0.002	0.0629	0.1319	0.4945	0.03	0.002	0.2198	0.001	0.6803	0.003	0.036	0.037	0.014	0.2527	0.001	0.0839	0.2258	0.014	0.4216	0.001	0.02	0.035	0.001	0.001	0.0729	0.04	0.001	0.043	0.022	0.004	0.001	0.5185	0.003	0.002	0.1219	0.004	0.4366	0.001	0.1628	0.001	0.996	0.0999	0.035	0.2707	1	0.003	0.003	0.3736	0.001	0.013	0.001	0.0999	0.028	0.4795	0.005	0.003	0.3237	0.021	0.003	0.4346	0.1119	0.0619	0.001	0.0819	0.8022	0.7263	0.4505	0.039	0.001	0.954	0.022	0.2008	0.001	0.001	0.011	0.001	0.9481	0.008	0.003	0.017	0.8611	0.018	0.001	0.5395	0.1149	0.006	0.2208	0.004	0.1099	0.8601	0.5335	0.003	0.001	0.6843	0.002	0.005	0.5674	0.7243	0.1029	0.0939	0.001	0.004	0.035	0.001	0.008	0.1518	0.6563	0.001	0.1159	0.001	0.1269	0.001	0.4346	0.4755	0.001	0.001	0.7802	0.006	0.001	0.001	0.0679	0.001	0.001	0.002	0.05	0.008	0.1538	0.1109	0.001	0.1379	0.6633	0.001	0.002	0.1239	0.001	0.001	0.3457	0.0759	0.1479	0.001	0.0559	0.001	0.0819	0.005	0.001	0.0529	0.034	0.1588	0.001	0.002	0.3437	0.001	0.7522	0.1888	0.004	0.001	0.011	0.0949	0.029	0.001	0.5145	0.1548	0.7233	0.012	0.009	0.6943	0.001	0.041	0.002	0.001	0.0809	0.001	0.2458	0.002	0.002	0.003	0.001	0.005	0.1568	0.8192	0.009	0.5305	0.3457	0.001	0.019	0.01	0.001	0.001	0.2328	0.2707	0.001	0.043	0.2078	0.002	0.04	0.019	0.001	0.001	0.001	0.002	0.1708	0.001	0.001	0.3936	0.002	0.001	0.4555	0.001	0.6384	0.001	0.5814	0.001	0.001	0.001	0.1389	0.3047	0.035	0.2567	0.003	0.035	0.016	0.0699	0.016	0.006	0.002	0.001	0.006	0.003	0.001	0.005	0.3087	0.3546	0.009	0.038	0.8871	0.004
Sg_E04_12	0.001	0.001	0.002	0.001	0.001	0.8911	0.001	0.2038	0.001	0.002	0.001	0.003	0.1838	0.1508	0.001	0.2108	0.7792	0.001	0.2258	0.4166	0.5884	0.002	0.001	0.014	0.003	0.0779	0.028	0.001	0.001	0.002	0.001	0.9321	0.001	0.001	0.5305	0.001	0.001	0.008	0.005	0.3616	0.973	0.3636	0.001	0.002	0.002	0.001	0.3247	0.001	0.0719	0.011	0.3487	0.0559	0.3656	0.001	0.5465	0.5714	0.001	0.001	0.004	0.2208	0.8601	0.001	0.1429	0.001	0.8062	0.003	0.003	0.001	0.001	0.022	0.001	0.973	0.3257	0.001	0.004	0.001	0.2627	0.001	0.003	0.001	0.005	0.001	0.001	0.6723	0.1169	0.6593	0.013	0.001	0.2248	0.05	0.001	0.1908	0.3087	0.045	0.001	0.002	0.1678	0.0949	0.0559	0.001	0.033	0.001	0.001	0.1019	0.001	0.5355	0.3037	0.1528	0.001	0.2008	0.1109	0.4006	0.4865	0.001	0.2997	0.029	0.001	0.001	0.6014	0.6533	0.001	0.001	0.001	0.993	0.007	0.001	0.002	0.001	0.6224	0.001	0.025	0.001	0.001	0.003	0.2757	0.001	0.8082	0.3616	0.003	1	0.001	0.2248	0.001	0.3566	0.0939	0.001	0.0529	0.3287	0.001	0.1828	0.2398	0.8851	0.003	0.012	0.004	0.003	0.003	0.5684	0.5075	0.3307	0.7123	0.8941	0.001	0.026	0.2088	0.0629	0.001	0.001	0.8761	0.026	0.001	0.7123	0.001	0.1359	0.1399	0.004	0.001	0.4026	0.001	0.004	0.3057	0.001	0.002	0.001	0.001	0.001	0.001	0.009	0.001	0.4935	0.001	0.001	0.001	0.0989	0.001	0.3736	0.037	0.001	0.986	0.019	0.1658	0.001	0.026	0.04	0.2298	0.001	0.1788	0.3227	0.2008	0.001	0.2218	0.8911	0.002	0.001	0.6713	0.001	0.001	0.035	0.001	0.1508	0.5694	0.002	0.001	0.975	0.001	0.001	0.001	0.1688	0.001	0.005	0.2717	0.0619	0.042	0.001	0.003	0.001	0.0809	0.3636	0.1429	0.5564	0.8042	0.0529	0.001	0.1518	0.1009	0.001	0.0719	0.1269	0.001	0.001	0.0719	0.016	0.004	0.0639	0.001	0.1369	0.025	0.003	0.001	0.006	0.001	0.001	0.001	0.001	0.006	0.001	0.018	0.1499	0.001	0.001	0.001	0.016	0.011	0.001	0.3596	0.3526	0.3946	0.002	0.001	0.3766	0.001	0.001	0.001	0.0629	0.004	0.4196	0.2767	0.2398	0.011	0.001	0.006	0.001	0.002	0.005	0.02	0.005	0.001	0.05	0.005	0.001	0.6364	0.001	0.015	0.001	0.001	0.001	0.001	0.001	0.001	0.1239	0.005	0.6623	0.001	0.1838	0.3097	0.7562	0.001	0.4935	0.001	0.001	0.029	0.001	0.002	0.0649	0.2937	0.001	0.0739	0.001	0.4236	0.001
Sg_E06_10	0.001	0.001	0.019	0.041	0.001	0.8901	0.002	0.9371	0.001	0.001	0.002	0.5914	0.9401	0.0579	0.4126	0.0899	0.3477	0.001	0.5345	0.1349	0.4066	0.6823	0.001	0.001	0.6224	0.4995	0.001	0.1578	0.2138	0.1748	0.001	0.0669	0.001	0.001	0.9431	0.1608	0.001	0.4815	0.004	0.6843	0.6074	0.3826	0.001	0.043	0.001	0.013	0.035	0.001	0.038	0.002	0.8981	0.1628	0.1219	0.001	1	0.2597	0.001	0.002	0.013	0.2498	0.2438	0.001	0.1908	0.001	0.3277	0.002	0.003	0.001	0.001	0.013	0.0929	0.2617	0.3047	0.001	0.005	0.1998	0.8651	0.001	0.013	0.001	0.001	0.001	0.001	0.1069	0.4276	0.035	0.001	0.003	0.023	0.0899	0.3247	0.5574	0.1089	0.035	0.007	0.001	0.001	0.001	0.1269	0.002	0.3966	0.001	0.4655	0.006	0.3986	0.4336	0.0879	0.7572	0.001	0.3986	0.7982	0.1888	0.6693	0.001	0.008	0.8152	0.001	0.001	0.2657	0.2747	0.001	0.014	0.001	0.6773	0.001	0.001	0.001	0.001	0.2627	0.001	0.0679	0.001	0.003	0.001	0.988	0.002	0.2527	0.8701	0.003	0.001	1	0.041	0.001	0.7642	0.014	0.001	0.1329	0.0879	0.001	0.8132	0.027	0.2148	0.003	0.2368	0.003	0.003	0.1139	0.2338	0.5295	0.037	0.8611	0.9201	0.001	0.3147	0.0709	0.016	0.002	0.003	0.3307	0.2008	0.1339	0.8941	0.001	0.0769	0.963	0.003	0.001	0.7952	0.003	0.037	0.002	0.001	0.046	0.018	0.009	0.001	0.001	0.5235	0.001	0.5055	0.1718	0.02	0.003	0.004	0.001	0.3197	0.002	0.001	0.4765	0.5105	0.017	0.001	0.4276	0.0519	0.032	0.001	0.014	0.9031	0.1728	0.001	0.6494	0.4116	0.001	0.001	0.978	0.005	0.001	0.011	0.001	0.7872	0.2458	0.042	0.001	0.7502	0.0679	0.001	0.001	0.03	0.001	0.005	0.012	0.958	0.0909	0.001	0.001	0.001	0.044	0.5085	0.004	0.3187	0.1898	0.0579	0.001	0.3027	0.5504	0.001	0.2627	0.1109	0.001	0.001	0.5245	0.001	0.7802	0.1618	0.021	0.2498	0.042	0.003	0.033	0.017	0.001	0.001	0.002	0.002	0.001	0.001	0.4416	0.009	0.003	0.001	0.001	0.0889	0.4106	0.1858	0.7323	0.5155	0.1179	0.001	0.006	0.1309	0.002	0.001	0.005	0.8152	0.014	0.6733	0.3417	0.9311	0.996	0.002	0.01	0.001	0.001	0.2727	0.992	0.006	0.001	0.2058	0.001	0.001	0.3467	0.001	0.0779	0.001	0.002	0.001	0.001	0.002	0.007	0.3007	0.3506	0.5724	0.001	0.1209	0.2468	0.7592	0.001	0.0619	0.001	0.001	0.032	0.001	0.014	0.0749	0.011	0.1868	0.0749	0.001	0.964	0.001
Sg_E06_24	0.6893	0.1109	0.001	0.7822	0.033	0.039	0.036	0.002	0.0689	0.006	0.2348	0.2388	0.8182	0.0719	0.0619	0.0559	0.3107	0.7712	0.992	0.4396	0.988	0.4885	0.5684	0.011	0.6963	0.027	0.004	0.3906	0.0709	0.3866	0.8841	0.8661	0.017	0.1479	0.2468	0.1039	0.025	0.8142	0.004	0.003	0.0789	0.1119	0.2208	0.3477	0.03	0.009	0.1838	0.7512	0.0739	0.001	0.022	0.3157	0.002	0.021	0.001	0.4116	0.028	0.2737	0.4146	0.8601	0.001	0.0809	0.001	0.001	0.1459	0.4346	0.5804	0.0619	0.029	0.004	0.0659	0.3566	0.9401	0.045	0.9241	0.034	0.6074	0.005	0.6224	0.0659	0.001	0.2028	0.0729	0.3377	0.002	0.0509	0.003	0.001	0.4126	0.2038	0.0819	0.7752	0.3946	0.003	0.002	0.008	0.8162	0.2418	0.001	0.2328	0.013	0.027	0.3626	0.3177	0.3846	0.8182	0.001	0.4565	0.2298	0.8861	0.046	0.1309	0.009	0.048	0.005	0.7193	0.013	0.2448	0.004	0.001	0.0769	0.2168	0.011	0.6863	0.6913	0.044	0.2018	0.035	0.2218	0.0699	0.021	0.04	0.005	0.045	0.7133	0.1169	0.3227	0.001	0.3736	0.2248	0.041	1	0.0769	0.0689	0.1858	0.029	0.001	0.027	0.001	0.1479	0.001	0.001	0.001	0.2038	0.005	0.001	0.3277	0.9101	0.028	0.6763	0.3347	0.7113	0.6174	0.016	0.0739	0.021	0.5475	0.0809	0.1179	0.6753	0.1678	0.9271	0.1129	0.002	0.3666	0.001	0.7493	0.1988	0.1898	0.001	0.3766	0.038	0.002	0.9181	0.035	0.025	0.2498	0.5724	0.4016	0.5784	0.0519	0.4765	0.029	0.001	0.006	0.4685	0.001	0.0699	0.3407	0.9461	0.005	0.044	0.3756	0.1788	0.7353	0.024	0.015	0.1828	0.3616	0.0749	0.6963	0.7103	0.3686	0.05	0.4116	0.0509	0.6683	0.003	0.5644	0.1099	0.012	0.5155	0.4046	0.5984	0.1698	0.1099	0.1838	0.001	0.0909	0.006	0.005	0.8531	0.003	0.004	0.0709	0.032	0.7502	0.8212	0.041	0.5814	0.001	0.001	0.0699	0.6104	0.5784	0.017	0.013	0.001	0.5205	0.1149	0.4515	0.1528	0.4815	0.0619	0.2108	0.6583	0.029	0.8651	0.2677	0.1578	0.019	0.5295	0.6603	0.2488	0.001	0.4505	0.006	0.1299	0.002	0.3097	0.0939	0.2597	0.4196	0.7962	0.5215	0.3227	0.001	0.2527	0.05	0.002	0.9101	0.048	0.977	0.2867	0.021	0.2737	0.1588	0.6074	0.002	0.001	0.0949	0.4805	0.002	0.8531	0.995	0.1069	0.2507	0.1548	0.001	0.1169	0.034	0.034	0.5395	0.037	0.012	0.2597	0.023	0.005	0.0589	0.001	0.1239	0.044	0.009	0.3347	0.003	0.2797	0.02	0.006	0.031	0.035	0.041	0.2438	0.5714	0.001	0.001	0.1459	0.003	0.2158	0.0589	0.3816
Sg_E10_50	0.001	0.001	0.001	0.001	0.001	0.005	0.001	0.2378	0.001	0.001	0.001	0.001	0.4196	0.002	0.001	0.1309	0.0819	0.001	0.1818	0.4835	0.05	0.047	0.001	0.001	0.1409	0.0729	0.001	0.3846	0.001	0.001	0.016	0.6164	0.002	0.001	0.5305	0.001	0.001	0.001	0.001	0.1109	0.02	0.4655	0.001	0.7473	0.001	0.001	0.1768	0.001	0.001	0.001	0.5425	0.002	0.001	0.001	0.002	0.3656	0.001	0.018	0.033	0.1758	0.4116	0.001	0.001	0.001	0.3257	0.1289	0.987	0.001	0.001	0.001	0.025	0.4795	0.008	0.001	0.5714	0.031	0.008	0.001	0.5385	0.001	0.001	0.001	0.001	0.031	0.007	0.0629	0.001	0.001	0.8022	0.1718	0.019	0.0769	0.02	0.001	0.001	0.001	0.4296	0.9191	0.001	0.001	0.1578	0.001	0.0929	0.1059	0.001	0.5754	0.001	0.7882	0.001	0.024	0.4945	0.017	0.3956	0.001	0.002	0.001	0.001	0.001	0.002	0.001	0.001	0.2448	0.001	0.6184	0.002	0.001	0.002	0.001	0.7682	0.001	0.049	0.001	0.009	0.001	0.023	0.001	0.8501	0.014	0.001	0.001	0.001	0.0769	1	0.3187	0.001	0.001	0.013	0.1469	0.001	0.033	0.0549	0.001	0.001	0.3377	0.001	0.001	0.001	0.7463	0.3816	0.2567	0.2977	0.7353	0.002	0.5764	0.009	0.1489	0.002	0.001	0.026	0.001	0.0539	0.4605	0.001	0.001	0.7343	0.005	0.001	0.9391	0.001	0.001	0.2368	0.009	0.004	0.3017	0.002	0.001	0.001	0.962	0.002	0.4715	0.002	0.003	0.001	0.011	0.001	0.0999	0.003	0.001	0.3487	0.003	0.046	0.001	0.5415	0.001	0.1558	0.001	0.034	0.2008	0.001	0.001	0.1678	0.1189	0.001	0.001	0.1888	0.001	0.001	0.001	0.001	0.0859	0.5614	0.0629	0.001	0.3157	0.007	0.001	0.001	0.039	0.001	0.001	0.006	0.005	0.018	0.001	0.001	0.001	0.2787	0.5355	0.1968	0.5634	0.001	0.001	0.001	0.01	0.8511	0.001	0.5335	0.002	0.001	0.001	0.026	0.004	0.001	0.001	0.3227	0.023	0.1738	0.001	0.001	0.1419	0.001	0.0999	0.001	0.001	0.003	0.001	0.2238	0.023	0.001	0.001	0.001	0.0589	0.8921	0.007	0.2567	0.0899	0.1299	0.001	0.009	0.001	0.001	0.001	0.046	0.004	0.001	0.1858	0.3636	0.4166	0.1918	0.001	0.001	0.001	0.001	0.001	0.005	0.001	0.001	0.0689	0.001	0.001	0.1578	0.001	0.1189	0.001	0.001	0.001	0.001	0.001	0.011	0.0589	0.001	0.9201	0.001	0.2817	0.001	0.0879	0.001	0.001	0.001	0.001	0.1059	0.001	0.001	0.001	0.014	0.0869	0.001	0.001	0.6873	0.001
Sg_EA47_17	0.2368	0.025	0.7672	0.1838	0.985	0.98	0.8242	0.9031	0.1798	0.015	0.1069	0.7862	0.001	0.2987	0.0869	0.3057	0.2238	0.008	0.001	0.001	0.034	0.2957	0.7642	0.041	0.4286	0.038	0.025	0.8382	0.8641	0.9161	0.979	0.4795	0.5095	0.1259	0.1928	0.9101	0.1019	0.5534	0.4206	0.0619	0.019	0.015	0.961	0.1628	0.5075	0.7992	0.9411	0.7083	0.3097	0.4535	0.1678	0.5305	0.049	0.3926	0.6503	0.7942	0.8272	0.0839	0.7073	0.2398	0.6683	0.1548	0.5844	0.5235	0.001	0.3257	0.8901	0.5275	0.8222	0.4046	0.994	0.001	0.013	0.8332	0.1618	0.8591	0.1469	0.6184	0.0969	0.4056	0.6374	0.9491	0.008	0.1449	0.964	0.8132	0.003	0.2388	0.8721	0.007	0.033	0.5365	0.4216	0.9221	0.7423	0.3097	0.8551	0.1129	0.4695	0.7413	0.8851	0.1419	0.6084	0.5035	0.8102	0.001	0.4166	0.8991	0.9471	0.2857	0.8971	0.4775	0.1289	0.7932	0.8581	0.6623	0.3327	0.5684	0.8881	0.1109	0.1848	0.2038	0.3716	0.001	0.4865	0.4346	0.1798	0.6354	0.6144	0.4286	0.3207	0.2547	0.1618	0.025	0.7183	0.4585	0.001	0.4725	0.013	0.3566	0.7642	0.0689	0.3187	1	0.8961	0.0679	0.3287	0.7562	0.6573	0.001	1	0.4246	0.4186	0.2837	0.0799	0.4535	0.0909	0.001	0.4785	0.6394	0.049	0.015	0.2637	0.4386	0.9121	0.8701	0.4046	0.8671	0.4865	0.1568	0.6863	0.001	0.3996	0.1568	0.1499	0.3536	0.7443	0.3916	0.5455	0.6044	0.6643	0.6094	0.023	0.038	0.7712	0.2617	0.3646	0.2657	0.0589	0.008	0.6973	0.3107	0.966	0.0809	0.4645	0.4625	0.5075	0.0599	0.001	0.5025	0.9191	0.023	0.7722	0.3177	0.014	0.3387	0.97	0.9391	0.001	0.048	0.012	0.001	0.5784	0.0689	0.001	0.022	0.0779	0.2657	0.6813	0.3157	0.4535	0.3806	0.6104	0.7532	0.8651	0.8981	0.3986	0.9281	0.6454	0.9301	0.0649	0.2368	0.0929	0.7932	0.2807	0.7842	0.3946	0.003	0.5644	0.8172	0.6364	0.3397	0.0709	0.7363	0.1938	0.3836	0.3716	0.1818	0.9331	0.4525	0.004	0.4775	0.3157	0.8721	0.99	0.1009	0.4955	0.4476	0.6653	0.6114	0.1858	0.6014	0.7323	0.016	0.1419	0.0819	0.7113	0.4436	0.9471	0.987	0.5984	0.958	0.5624	0.8172	0.001	0.9231	0.9131	0.0929	0.4515	0.2657	0.0849	0.2028	0.4575	0.4386	0.1339	0.3756	0.3606	0.001	0.7562	0.7832	0.035	0.4835	0.8831	0.4226	0.4975	0.001	0.1359	0.4755	0.8741	0.1908	0.953	0.3357	0.026	0.4136	0.3536	0.967	0.1209	0.2278	0.2038	0.2018	0.7552	0.8561	0.2887	0.7682	0.2388	0.7922	0.3856	0.0979	0.7473	0.1139	0.042	0.4366	0.017	0.5005	0.5305	0.5005	0.4995	0.9131	0.3117	0.4685
Sg_EA47_9	0.4106	0.015	0.002	0.1109	0.002	0.4236	0.1099	0.5954	0.001	0.0589	0.0659	0.1329	0.4276	0.0539	0.1738	0.1978	0.7073	0.007	0.2478	0.3846	0.1778	0.7243	0.9291	0.2937	0.4036	0.049	0.4855	0.6414	0.04	0.031	0.7862	0.7073	0.035	0.005	0.7552	0.009	0.001	0.1778	0.4835	0.4396	0.0939	0.5864	0.2448	0.982	0.002	0.0549	0.5035	0.0579	0.0689	0.008	0.5025	0.2298	0.01	0.008	0.014	0.6154	0.1988	0.8811	0.4496	0.3866	0.7373	0.028	0.1129	0.032	0.3706	0.4805	0.4096	0.0809	0.002	0.006	0.8422	0.2927	0.046	0.1788	0.965	0.7542	0.4735	0.011	0.1119	0.0529	0.011	0.2068	0.001	0.1189	0.4286	0.1598	0.007	0.006	0.4915	0.5455	0.4296	0.1089	0.0849	0.001	0.025	0.008	0.9291	0.9331	0.014	0.001	0.1209	0.002	0.4266	0.9131	0.039	0.3786	0.005	0.7033	0.1119	0.2547	0.2717	0.3277	0.9171	0.0639	0.04	0.037	0.008	0.0509	0.006	0.0649	0.2517	0.5664	0.01	0.7123	0.0599	0.2837	0.003	0.0619	0.6484	0.019	0.3866	0.007	0.4446	0.001	0.1199	0.6673	0.8921	0.02	0.001	0.0939	0.014	0.1858	0.001	0.8961	1	0.023	0.4416	0.6803	0.0739	0.2587	0.2727	0.003	0.002	0.1119	0.014	0.0529	0.016	0.8761	0.9071	0.6933	0.7812	0.7333	0.6953	0.2258	0.3027	0.3067	0.9161	0.002	0.6054	0.1159	0.8711	0.2498	0.2947	0.029	0.047	0.031	0.1239	0.967	0.0969	0.001	0.3996	0.992	0.1678	0.8252	0.8082	0.009	0.0559	0.3586	0.008	0.3886	0.982	0.1319	0.04	0.015	0.037	0.8521	0.0789	0.02	0.8521	0.1369	0.6713	0.002	0.969	0.2368	0.0549	0.003	0.7003	0.8162	0.032	0.04	0.4016	0.3467	0.033	0.002	0.2997	0.008	0.014	0.002	0.1868	0.6593	0.953	0.6354	0.003	0.1998	0.7153	0.0779	0.1968	0.2737	0.007	0.001	0.0899	0.1858	0.4925	0.0869	0.002	0.002	0.1868	0.6204	0.6993	0.1578	0.008	0.003	0.001	0.0689	0.9241	0.0699	0.8172	0.012	0.2667	0.043	0.8042	0.022	0.1189	0.005	0.8052	0.0639	0.7712	0.006	0.2448	0.6134	0.001	0.6763	0.0539	0.024	0.05	0.015	0.7343	0.007	0.004	0.1259	0.015	0.7962	0.2458	0.9231	0.7443	0.1928	0.5784	0.001	0.4785	0.024	0.0599	0.024	0.5255	0.4146	0.001	0.2328	0.1778	0.7582	0.027	0.001	0.012	0.049	0.0859	0.045	0.2837	0.001	0.001	0.1618	0.005	0.002	0.5694	0.003	0.97	0.0509	0.3836	0.2517	0.001	0.012	0.009	0.1668	0.1848	0.4615	0.001	0.2198	0.0559	0.0619	0.006	0.003	0.1099	0.005	0.997	0.004	0.014	0.007	0.1149	0.8472	0.019	0.7602	0.7143	0.039
Sg_EA57_9	0.006	0.001	0.001	0.002	0.001	0.1978	0.0909	0.8052	0.013	0.001	0.0519	0.026	0.1538	0.2418	0.014	0.024	0.4595	0.023	0.4106	0.009	0.8501	0.0669	0.001	0.001	0.0619	0.8711	0.001	0.039	0.04	0.2068	0.002	0.4346	0.001	0.001	0.2388	0.028	0.002	0.1179	0.002	0.011	0.0829	0.2537	0.001	0.007	0.019	0.01	0.3836	0.006	0.2587	0.001	0.1808	0.3477	0.001	0.001	0.1019	0.6943	0.001	0.002	0.0569	0.046	0.5445	0.001	0.029	0.001	0.004	0.01	0.8032	0.002	0.001	0.004	0.003	0.2368	0.8671	0.001	0.017	0.002	0.7073	0.001	0.0759	0.012	0.001	0.023	0.003	0.2238	0.9161	0.7842	0.001	0.001	0.4246	0.6324	0.017	0.7153	0.5175	0.001	0.0509	0.001	0.8042	0.5884	0.001	0.001	0.3477	0.001	0.018	0.5375	0.004	0.017	0.015	0.965	0.038	0.0539	0.4895	0.7453	0.8352	0.003	0.6533	0.1389	0.002	0.001	0.1279	0.038	0.001	0.7512	0.001	0.02	0.2737	0.001	0.6054	0.001	0.6154	0.001	0.001	0.001	0.001	0.023	0.02	0.001	0.005	0.1169	0.0999	0.001	0.001	0.029	0.001	0.0679	0.023	1	0.4436	0.1229	0.001	0.5504	0.2078	0.047	0.013	0.0849	0.001	0.001	0.3806	0.0529	0.5924	0.3437	0.0979	0.1259	0.2368	0.8422	0.1119	0.008	0.012	0.001	0.983	0.0979	0.006	0.2368	0.001	0.003	0.0649	0.023	0.001	0.5884	0.001	0.001	0.8462	0.0829	0.4436	0.3646	0.001	0.001	0.002	0.016	0.009	0.6454	0.001	0.001	0.001	0.009	0.1189	0.965	0.1229	0.001	0.0719	0.1888	0.021	0.002	0.014	0.1109	0.2517	0.001	0.002	0.007	0.2957	0.001	0.017	0.3107	0.047	0.001	0.1359	0.02	0.01	0.001	0.001	0.2098	0.3516	0.1479	0.001	0.974	0.001	0.001	0.001	0.2478	0.001	0.023	0.004	0.5425	0.001	0.001	0.001	0.002	0.4336	0.2378	0.8971	0.6753	0.027	0.001	0.008	0.3766	0.038	0.002	0.01	0.001	0.023	0.003	0.038	0.001	0.0889	0.1029	0.004	0.1399	0.01	0.001	0.2458	0.0789	0.001	0.01	0.003	0.031	0.001	0.001	0.006	0.6823	0.001	0.001	0.001	0.4226	0.5285	0.001	0.1688	0.009	0.7123	0.01	0.004	0.005	0.001	0.1309	0.013	0.2218	0.008	0.7612	0.2138	0.1668	0.4426	0.001	0.007	0.001	0.003	0.1628	0.2627	0.3297	0.003	0.1369	0.01	0.001	0.0799	0.001	0.003	0.001	0.001	0.1219	0.001	0.017	0.007	0.1229	0.1289	0.3127	0.001	0.8621	0.005	0.976	0.001	0.003	0.001	0.001	0.9021	0.001	0.021	0.001	0.0919	0.007	0.004	0.001	0.6713	0.001
Sg_EA61_27	0.0689	0.001	0.033	0.1718	0.0719	0.013	0.005	0.002	0.003	0.7502	0.015	0.043	0.0909	0.003	0.001	0.007	0.4585	0.049	0.1578	0.4545	0.04	0.958	0.0869	0.2358	0.5485	0.4855	0.047	0.6873	0.009	0.0579	0.5894	0.1648	0.4555	0.001	0.002	0.006	0.004	0.7842	0.01	0.3317	0.1508	0.2847	0.1259	0.0929	0.002	0.001	0.0749	0.0529	0.005	0.004	0.951	0.2438	0.009	0.4226	0.001	0.2388	0.007	0.6583	0.5275	0.2408	0.001	0.004	0.001	0.006	0.3756	0.4246	0.6693	0.1069	0.01	0.0809	0.2398	0.5025	0.1568	0.004	0.2977	0.0869	0.01	0.2158	0.3706	0.028	0.001	0.2158	0.001	0.1598	0.004	0.0849	0.5644	0.001	0.009	0.5764	0.7982	0.8881	0.8751	0.002	0.001	0.004	0.2448	0.8811	0.002	0.1119	0.1249	0.0519	0.5075	0.004	0.049	0.2817	0.001	0.4026	0.2547	0.0649	0.014	0.6084	0.005	0.037	0.005	0.2118	0.013	0.021	0.006	0.002	0.3686	0.3936	0.4086	0.1189	0.3586	0.2717	0.0559	0.045	0.1658	0.0519	0.3257	0.003	0.013	0.003	0.0729	0.03	0.1908	0.006	0.028	0.0529	0.1329	0.001	0.013	0.3287	0.4416	0.4436	1	0.1778	0.001	0.951	0.001	0.001	0.001	0.0569	0.02	0.011	0.5574	0.1159	0.3257	0.1878	0.7972	0.1608	0.029	0.2917	0.004	0.1469	0.1518	0.011	0.001	0.1429	0.2028	0.3357	0.1179	0.001	0.3526	0.001	0.2787	0.2248	0.1489	0.001	0.5534	0.002	0.001	0.5904	0.1508	0.1339	0.023	0.8442	0.007	0.1349	0.1998	0.9441	0.007	0.001	0.001	0.8022	0.001	0.003	0.2398	0.6733	0.0759	0.001	0.0839	0.1578	0.02	0.001	0.2607	0.6503	0.1499	0.006	0.6234	0.1119	0.1978	0.001	0.4685	0.001	0.003	0.01	0.6344	0.1189	0.3047	0.3167	0.044	0.2088	0.4176	0.1798	0.0859	0.001	0.048	0.004	0.6184	0.0819	0.032	0.001	0.1598	0.018	0.3397	0.0619	0.1279	0.0869	0.001	0.003	0.002	0.0939	0.5894	0.002	0.4146	0.002	0.3257	0.025	0.7043	0.8681	0.0509	0.009	0.2647	0.2438	0.3497	0.6693	0.009	0.02	0.001	0.6543	0.1748	0.002	0.001	0.018	0.0669	0.1169	0.001	0.0909	0.2078	0.5664	0.996	0.6593	0.1638	0.05	0.001	0.1518	0.1149	0.012	0.1319	0.022	0.5734	0.7872	0.001	0.043	0.965	0.2797	0.016	0.001	0.001	0.0769	0.002	0.0989	0.3866	0.002	0.004	0.1538	0.001	0.013	0.1409	0.006	0.034	0.002	0.2348	0.027	0.01	0.001	0.0939	0.006	0.021	0.038	0.2488	0.9001	0.036	0.1898	0.017	0.041	0.026	0.002	1	0.5684	0.034	0.001	0.001	0.4086	0.001	0.026	0.2547	0.2388
Sg_EB03_22	0.8991	0.0529	0.6763	0.8182	0.0579	0.1469	0.5534	0.001	0.1369	0.5664	0.0929	0.9301	0.0909	0.033	0.1009	0.7013	0.3706	0.7622	0.7662	0.5465	0.3067	0.2547	0.3037	0.3237	0.1738	0.8981	0.0669	0.0819	0.039	0.3387	0.4436	0.1848	0.6833	0.034	0.7303	0.8292	0.1818	0.3017	0.0719	0.1369	0.2108	0.048	0.5035	0.8042	0.4456	0.006	0.002	0.9161	0.005	0.003	0.012	0.7922	0.008	0.0629	0.003	0.6883	0.01	0.96	0.8681	0.4176	0.004	0.963	0.0869	0.1399	0.4006	0.0789	0.992	0.8671	0.4026	0.6274	0.4486	0.7962	0.0599	0.0899	0.7173	0.5584	0.1678	0.2338	0.3646	0.3756	0.002	0.8601	0.1638	0.9351	0.4326	0.0929	0.7483	0.1459	0.1618	0.2737	0.6973	0.3736	0.6713	0.008	0.7403	0.021	0.2817	0.0619	0.001	0.039	0.004	0.042	0.038	0.4256	0.3097	0.8831	0.002	0.039	0.8721	0.1738	0.001	0.024	0.1049	0.7203	0.001	0.2667	0.7562	0.1379	0.019	0.003	0.4436	0.8372	0.2078	0.6513	0.971	0.002	0.0559	0.4326	0.4505	0.3586	0.4136	0.2438	0.5045	0.0919	0.7982	0.0929	0.9221	0.001	0.4795	0.3287	0.0879	0.027	0.1469	0.7562	0.6803	0.1229	0.1778	1	0.004	0.7872	0.006	0.007	0.0899	0.0609	0.037	0.007	0.0829	0.7932	0.5035	0.4675	0.8272	0.97	0.4406	0.006	0.2018	0.001	0.8322	0.6114	0.019	0.5784	0.7403	0.5415	0.5654	0.015	0.7632	0.007	0.2258	0.6803	0.1189	0.1688	0.4276	0.004	0.1888	0.2178	0.4296	0.7473	0.2348	0.0599	0.3706	0.8112	0.0869	0.3506	0.009	0.041	0.028	0.2917	0.006	0.3357	0.7013	0.1698	0.001	0.028	0.1708	0.5874	0.2717	0.022	0.5075	0.3906	0.013	0.045	0.4535	0.8911	0.7782	0.035	0.7932	0.021	0.2368	0.013	0.5924	0.047	0.3107	0.9071	0.7103	0.3477	0.6304	0.5564	0.98	0.013	0.004	0.047	0.0999	0.5245	0.8202	0.1089	0.021	0.7213	0.2567	0.7892	0.2068	0.7253	0.013	0.001	0.1299	0.6254	0.3317	0.6963	0.1988	0.001	0.6773	0.5874	0.1838	0.7133	0.4985	0.1009	0.4565	0.3746	0.5025	0.9261	0.6394	0.8372	0.0809	0.5784	0.1648	0.038	0.047	0.0709	0.0959	0.9151	0.005	0.7652	0.6543	0.7642	0.985	0.6214	0.8482	0.8991	0.006	0.9391	0.0589	0.003	0.996	0.0739	0.1499	0.5145	0.003	0.1768	0.989	0.1469	0.003	0.4925	0.008	0.6873	0.3347	0.2338	0.2777	0.9221	0.034	0.5135	0.03	0.1459	0.9401	0.0899	0.6833	0.5884	0.3506	0.8731	0.8312	0.001	0.047	0.0869	0.4935	0.7662	0.6893	0.021	0.004	0.3806	0.001	0.1718	0.4735	0.007	0.3556	0.4935	0.1049	0.002	0.009	0.964	0.001	0.2577	0.017	0.021
Sg_EB08_12	0.002	0.001	0.001	0.002	0.001	0.0589	0.001	0.008	0.002	0.001	0.0589	0.014	0.6434	0.002	0.001	0.4256	0.2817	0.002	0.4805	0.3886	0.4276	0.1299	0.007	0.001	0.1668	0.6833	0.001	0.9171	0.001	0.034	0.0679	0.2607	0.001	0.001	0.2338	0.01	0.001	0.4486	0.001	0.003	0.2358	0.2138	0.011	0.5504	0.001	0.001	0.0989	0.007	0.005	0.001	0.022	0.1419	0.006	0.001	0.001	0.9161	0.001	0.022	0.0679	0.7363	0.002	0.001	0.001	0.001	0.5614	0.1169	0.2887	0.001	0.001	0.001	0.0829	0.6114	0.7862	0.002	0.4346	0.008	0.007	0.001	0.4426	0.01	0.001	0.001	0.001	0.0949	0.014	0.0559	0.001	0.001	0.3017	0.3686	0.7922	0.7163	0.7453	0.001	0.001	0.001	0.1778	0.0829	0.001	0.001	0.014	0.001	0.7093	0.03	0.0529	0.8072	0.002	0.3237	0.003	0.6643	0.0609	0.9181	0.036	0.003	0.002	0.6294	0.001	0.001	0.002	0.003	0.001	0.3357	0.001	0.9131	0.1389	0.001	0.028	0.001	0.1818	0.001	0.0699	0.001	0.002	0.001	0.8511	0.007	0.7143	0.002	0.005	0.001	0.001	0.001	0.001	0.6573	0.0739	0.001	0.001	0.004	1	0.6513	0.001	0.001	0.001	0.7902	0.001	0.001	0.1299	0.7053	0.3107	0.996	0.5185	0.8661	0.0659	0.2517	0.036	0.001	0.026	0.006	0.024	0.0989	0.011	0.7982	0.013	0.001	0.5784	0.001	0.005	0.3706	0.014	0.001	0.1848	0.001	0.001	0.0639	0.006	0.001	0.001	0.1978	0.001	0.5634	0.001	0.039	0.001	0.001	0.001	0.1908	0.001	0.001	0.7443	0.6454	0.001	0.001	0.2837	0.031	0.5564	0.001	0.0859	0.2068	0.6503	0.001	0.8971	0.7053	0.039	0.001	0.9061	0.001	0.001	0.001	0.015	0.1998	0.3257	0.2068	0.002	0.8901	0.0939	0.001	0.001	0.001	0.001	0.001	0.009	0.4296	0.005	0.001	0.015	0.001	0.6404	0.7652	0.023	0.7982	0.001	0.001	0.001	0.1039	0.8062	0.001	0.2278	0.001	0.008	0.001	0.1778	0.012	0.0779	0.1269	0.0739	0.6264	0.032	0.0659	0.001	0.4366	0.001	0.0879	0.02	0.001	0.001	0.001	0.0519	0.015	0.001	0.001	0.001	0.5175	0.1918	0.3626	0.6643	0.5455	0.001	0.005	0.004	0.001	0.007	0.001	0.0879	0.9071	0.001	0.0709	0.5175	0.6414	0.011	0.001	0.001	0.002	0.001	0.01	0.7003	0.018	0.001	0.6304	0.001	0.001	0.1878	0.001	0.7493	0.001	0.001	0.014	0.002	0.001	0.1828	0.026	0.021	0.2458	0.001	0.2228	0.001	0.7403	0.001	0.0649	0.002	0.001	0.6563	0.007	0.003	0.001	0.001	0.0789	0.001	0.001	0.2268	0.001
Sg_EB09_7	0.6264	0.0649	0.4256	0.046	0.6374	0.5834	0.8412	0.5534	0.015	0.3167	0.0749	0.8072	0.001	0.1578	0.038	0.8721	0.027	0.003	0.001	0.001	0.1039	0.1219	0.7942	0.2507	0.3826	0.028	0.0869	0.5155	0.2488	0.7023	0.7053	0.5225	0.8631	0.1239	0.986	0.9421	0.02	0.4116	0.4126	0.0669	0.03	0.039	0.5604	0.1409	0.0879	0.963	0.7942	0.6713	0.4555	0.6064	0.0909	0.4346	0.1159	0.7343	0.6004	0.2867	0.3556	0.6134	0.965	0.6194	0.5325	0.2807	0.7083	0.1409	0.001	0.6773	0.2368	0.7962	0.7143	0.4056	0.5614	0.001	0.034	0.6553	0.4496	0.5684	0.1778	0.5245	0.1469	0.7173	0.4855	0.3457	0.003	0.04	0.3157	0.8631	0.0549	0.5245	0.8611	0.005	0.045	0.96	0.6763	0.7273	0.5594	0.973	0.6404	0.1449	0.3596	0.959	0.99	0.4615	0.2947	0.5744	0.3926	0.001	0.3477	0.5185	0.5924	0.2478	0.7043	0.1598	0.0849	0.3566	0.8721	0.5165	0.7263	0.3337	0.6224	0.1149	0.7443	0.8322	0.5085	0.001	0.994	0.4885	0.3247	0.7193	0.5504	0.982	0.5814	0.1169	0.2677	0.003	0.3806	0.3776	0.001	0.6653	0.003	0.1828	0.8132	0.1479	0.033	0.001	0.2587	0.5504	0.951	0.7872	0.6513	1	0.967	0.2318	0.2028	0.1459	0.0829	0.8272	0.012	0.001	0.4366	0.9111	0.1788	0.005	0.0619	0.8372	0.4486	0.7732	0.2507	0.5864	0.6693	0.039	0.0919	0.001	0.4635	0.2967	0.0669	0.5365	0.953	0.4865	0.7033	0.6494	0.968	0.8212	0.008	0.0609	0.2138	0.7692	0.0679	0.5035	0.029	0.001	0.8302	0.8112	0.978	0.0809	0.3237	0.6533	0.6693	0.0659	0.001	0.2338	0.986	0.014	0.2517	0.5804	0.028	0.6893	0.4346	0.8102	0.003	0.038	0.2717	0.001	0.8062	0.036	0.001	0.0639	0.026	0.6973	0.4136	0.031	0.3147	0.6394	0.1858	0.6803	0.4925	0.3956	0.988	0.7902	0.0899	0.4915	0.2617	0.3916	0.4615	0.5075	0.7632	0.5235	0.6793	0.001	0.5305	0.6593	0.3257	0.4645	0.03	0.2847	0.6204	0.9071	0.4006	0.2997	0.7433	0.8432	0.017	0.7443	0.2957	0.6224	0.4416	0.2118	0.6633	0.8941	0.4565	0.6913	0.0859	0.5345	0.1429	0.009	0.1878	0.0779	0.8362	0.2238	0.8022	0.5684	0.8312	0.9291	0.3656	0.7722	0.001	0.8352	0.9041	0.1928	0.8901	0.3467	0.003	0.1638	0.8112	0.4665	0.0569	0.1648	0.5135	0.001	0.4845	0.8541	0.0759	0.2727	0.998	0.1209	0.4535	0.001	0.1938	0.9441	0.954	0.033	0.3017	0.1219	0.1069	0.2577	0.9191	0.7223	0.009	0.6523	0.8112	0.1369	0.9341	0.5075	0.964	0.4386	0.8002	0.2757	0.5644	0.4416	0.7463	0.0529	0.046	0.026	0.013	0.5914	0.5764	0.4775	0.2807	0.8042	0.1678	0.0939
Sg_EB10_11	0.4955	0.039	0.028	0.969	0.1239	0.0619	0.1369	0.001	0.025	0.6434	0.1289	0.2687	0.3936	0.005	0.013	0.0879	0.7433	0.3556	0.2128	0.8541	0.1339	0.8541	0.5485	0.0559	0.5455	0.2657	0.028	0.2298	0.049	0.4745	0.6993	0.4166	0.2048	0.04	0.1119	0.0869	0.011	0.991	0.005	0.004	0.0929	0.1249	0.6753	0.1558	0.002	0.005	0.024	0.5554	0.012	0.005	0.047	0.6823	0.031	0.2537	0.001	0.5155	0.039	0.7832	0.7572	0.2697	0.001	0.0709	0.001	0.002	0.9111	0.8032	0.9141	0.1379	0.1988	0.1568	0.1538	0.7233	0.2537	0.045	0.5375	0.1688	0.2308	0.1249	0.3856	0.1808	0.003	0.1648	0.027	0.1209	0.001	0.0519	0.1249	0.003	0.041	0.5295	0.1948	0.7213	0.5075	0.013	0.003	0.033	0.3427	0.2537	0.001	0.6903	0.002	0.2188	0.2328	0.046	0.3996	0.2627	0.001	0.3207	0.2597	0.4126	0.002	0.1728	0.006	0.1728	0.001	0.7902	0.1808	0.2058	0.016	0.001	0.2837	0.8521	0.1518	0.2827	0.8372	0.1119	0.0529	0.2048	0.0939	0.1528	0.0779	0.0839	0.016	0.003	0.043	0.1528	0.3906	0.001	0.3237	0.2398	0.027	0.001	0.0549	1	0.2727	0.2078	0.001	0.006	0.001	0.967	1	0.001	0.001	0.2128	0.05	0.001	0.2038	0.1828	0.0569	0.2707	0.5045	0.2557	0.4176	0.0599	0.013	0.001	0.7053	0.3417	0.009	0.6833	0.3087	0.2098	0.4356	0.005	0.4895	0.001	0.9031	0.1518	0.5644	0.003	0.3137	0.002	0.001	0.4785	0.0669	0.009	0.1199	0.8841	0.1319	0.1588	0.2088	0.4226	0.04	0.001	0.003	0.6673	0.001	0.044	0.5694	1	0.001	0.018	0.4216	0.2018	0.1289	0.003	0.013	0.1778	0.5395	0.026	0.9351	0.6124	0.8232	0.025	0.3127	0.011	0.3467	0.015	0.5554	0.1139	0.0799	0.5944	0.3926	0.0999	0.4196	0.2178	0.4875	0.001	0.039	0.007	0.1199	0.4855	0.017	0.001	0.1299	0.032	0.3756	0.1309	0.0729	0.7073	0.001	0.001	0.017	0.1948	0.8631	0.023	0.0879	0.001	0.5475	0.3437	0.6873	0.8771	0.2717	0.0829	0.5644	0.7562	0.3067	0.5884	0.1528	0.1059	0.01	0.7642	0.7962	0.035	0.001	0.4635	0.008	0.035	0.001	0.2787	0.1878	0.1349	0.994	0.8122	0.2587	0.5375	0.001	0.0529	0.1978	0.002	0.7173	0.028	0.3197	0.3017	0.003	0.0979	0.3736	0.5954	0.001	0.001	0.01	0.7632	0.017	0.961	0.9431	0.023	0.0539	0.2847	0.001	0.1758	0.025	0.028	0.042	0.048	0.0529	0.1878	0.0909	0.001	0.1479	0.001	0.1009	0.003	0.2907	0.3626	0.026	0.9381	0.0589	0.1349	0.047	0.004	0.0769	0.5395	0.3477	0.001	0.001	0.7652	0.001	0.3107	0.0959	0.5355
Sg_EB13_4	0.2498	0.005	0.002	0.0779	0.001	0.001	0.003	0.001	0.001	0.029	0.0779	0.041	0.05	0.004	0.013	0.018	0.8991	0.042	0.4545	0.4645	0.003	0.8202	0.4176	0.029	0.0519	0.7013	0.001	0.011	0.003	0.4945	0.0749	0.2058	0.7363	0.008	0.008	0.012	0.001	0.9121	0.003	0.001	0.001	0.2348	0.9481	0.002	0.006	0.001	0.001	0.1039	0.001	0.001	0.001	0.003	0.001	0.016	0.001	0.2807	0.2867	0.1908	0.9071	0.039	0.002	0.035	0.001	0.018	0.6354	0.1528	0.0539	0.2977	0.001	0.001	0.5644	0.5155	0.1139	0.1079	0.0789	0.8661	0.0959	0.013	0.026	0.5265	0.001	0.8192	0.001	0.0779	0.01	0.003	0.001	0.002	0.5105	0.3147	0.1499	0.001	0.2398	0.001	0.003	0.002	0.7233	0.8442	0.001	0.003	0.001	0.001	0.005	0.1558	0.4466	0.7093	0.001	0.0559	0.0849	0.001	0.001	0.7233	0.001	0.4196	0.001	0.2378	0.3566	0.1518	0.001	0.001	0.5614	0.039	0.0939	0.9281	0.3457	0.2318	0.012	0.3097	0.7762	0.2987	0.6284	0.007	0.0839	0.001	0.8032	0.8711	0.4086	0.001	0.021	0.8851	0.2148	0.001	0.001	0.4246	0.003	0.047	0.001	0.007	0.001	0.2318	0.001	1	0.001	0.011	0.013	0.001	0.8971	0.3437	0.9441	0.3766	0.5245	0.8362	0.5634	0.001	0.001	0.0979	0.8711	0.002	0.001	0.035	0.2278	0.2577	0.027	0.001	0.1538	0.001	0.2438	0.2128	0.0549	0.001	0.0579	0.023	0.1079	0.007	0.6344	0.031	0.0859	0.022	0.0679	0.8172	0.1668	0.7053	0.001	0.001	0.001	0.2368	0.001	0.025	0.2138	0.8901	0.011	0.001	0.2128	0.003	0.0799	0.001	0.8861	0.5524	0.033	0.013	0.2008	0.9351	0.4525	0.001	0.4406	0.001	0.003	0.001	0.8501	0.05	0.8861	0.6743	0.4396	0.1199	0.5375	0.7642	0.7293	0.001	0.001	0.001	0.002	0.3516	0.1728	0.1119	0.016	0.008	0.03	0.5544	0.3287	0.3616	0.001	0.001	0.001	0.0529	0.6893	0.014	0.1379	0.001	0.8831	0.2567	0.2018	0.037	0.2308	0.005	0.5075	0.3297	0.8302	0.0989	0.01	0.4016	0.002	0.3487	0.954	0.002	0.001	0.048	0.3796	0.034	0.001	0.2507	0.4426	0.6993	0.0679	0.4306	0.3786	0.1009	0.001	0.004	0.1538	0.001	0.8601	0.1349	0.029	0.961	0.001	0.013	0.2587	0.027	0.001	0.002	0.001	0.3077	0.001	0.1718	0.5045	0.0569	0.001	0.6454	0.001	0.024	0.012	0.004	0.033	0.2617	0.9051	0.1528	0.0719	0.001	0.1069	0.001	0.0879	0.014	0.0539	0.004	0.001	0.013	0.001	0.001	0.2807	0.001	0.3676	0.2178	0.011	0.001	0.001	0.2947	0.001	0.987	0.1758	0.5624
Sg_EB21_10	0.1668	0.001	0.001	0.004	0.001	0.008	0.022	0.019	0.001	0.033	0.0999	0.012	0.0559	0.003	0.004	0.028	0.4306	0.015	0.018	0.1479	0.2507	0.3037	0.039	0.0829	0.1958	0.3556	0.0549	0.2637	0.002	0.016	0.1828	0.6803	0.005	0.002	0.2238	0.001	0.001	0.2498	0.01	0.018	0.4915	0.2228	0.04	0.5425	0.002	0.001	0.2717	0.2458	0.003	0.001	0.2767	0.2877	0.002	0.004	0.001	0.3097	0.001	0.4066	0.2298	0.6114	0.001	0.001	0.001	0.001	0.1678	0.2567	0.8082	0.1279	0.001	0.004	0.008	0.2478	0.2677	0.004	0.956	0.021	0.2218	0.001	0.6743	0.0609	0.001	0.0929	0.001	0.041	0.003	0.3437	0.0559	0.001	0.4446	0.8342	0.3347	0.986	0.4496	0.002	0.001	0.002	0.7962	0.8192	0.001	0.014	0.0699	0.003	0.3766	0.4106	0.009	0.0669	0.001	0.98	0.0669	0.3427	0.1349	0.6873	0.0849	0.041	0.004	0.1059	0.01	0.023	0.002	0.001	0.0829	0.962	0.001	0.0839	1	0.01	0.007	0.007	0.8082	0.039	0.05	0.001	0.006	0.001	0.5574	0.011	0.2128	0.001	0.003	0.003	0.003	0.001	0.001	0.4186	0.002	0.013	0.001	0.0899	0.001	0.2028	0.001	0.001	1	0.0809	0.005	0.001	0.3606	0.044	0.2308	0.2537	0.2188	0.2458	0.035	0.1229	0.044	0.0759	0.2967	0.003	0.1419	0.2987	0.026	0.0619	0.2278	0.002	0.1249	0.001	0.2288	0.9091	0.1139	0.001	0.6214	0.031	0.001	0.5744	0.002	0.009	0.029	0.5714	0.002	0.0639	0.013	0.0509	0.001	0.001	0.002	0.5245	0.001	0.001	0.2058	0.2198	0.022	0.001	0.1528	0.1299	0.0959	0.001	0.029	0.012	0.0809	0.001	0.3576	0.1598	0.5534	0.001	0.0679	0.001	0.006	0.003	0.011	0.2837	0.1229	0.0799	0.018	0.6204	0.038	0.003	0.1209	0.001	0.003	0.004	0.1289	0.1279	0.004	0.001	0.014	0.001	0.4016	0.0559	0.3716	0.8551	0.001	0.001	0.001	0.3516	0.4116	0.003	0.0749	0.001	0.6474	0.006	0.6204	0.1548	0.016	0.016	0.1409	0.1588	0.1988	0.2048	0.006	0.1219	0.001	0.2547	0.044	0.003	0.001	0.014	0.008	0.008	0.001	0.1119	0.004	0.4945	0.7303	0.1968	0.0679	0.2977	0.001	0.003	0.041	0.001	0.012	0.008	0.6713	0.8202	0.002	0.2917	0.7652	0.1528	0.001	0.001	0.001	0.002	0.002	0.1618	0.1828	0.002	0.004	0.0669	0.001	0.001	0.1379	0.001	0.2727	0.001	0.002	0.0769	0.001	0.001	0.008	0.005	0.005	0.1169	0.001	0.6573	0.002	0.2707	0.002	0.018	0.02	0.001	0.6454	0.005	0.032	0.001	0.001	0.1369	0.001	0.008	0.3876	0.003
Sg_EM03_4	0.7802	0.995	0.5155	0.7782	0.8821	0.026	0.1598	0.5774	0.0839	0.7932	0.5155	0.3117	0.1878	0.7453	0.961	0.3057	0.0689	0.4046	0.0609	0.006	0.6603	0.2428	0.024	0.3207	0.6963	0.6234	0.8012	0.1758	0.7532	0.2767	0.027	0.997	0.1079	0.6434	0.2448	0.2527	0.4975	0.1958	0.7043	0.8971	0.6424	0.4376	0.1658	0.001	0.4665	0.7473	0.5894	0.6044	0.3966	0.964	0.7862	0.6054	0.3886	0.4505	0.013	0.4925	0.2218	0.0719	0.1998	0.0619	0.2527	0.6553	0.2168	0.8601	0.012	0.3277	0.045	0.8781	0.8192	0.0549	0.8961	0.0589	0.9151	0.0519	0.046	0.7662	0.1978	0.975	0.1329	0.4126	0.7532	0.0549	0.1888	0.004	0.2208	0.6204	0.7632	0.7363	0.1279	0.2048	0.019	0.1838	0.5674	0.4246	0.5055	0.3576	0.1399	0.001	0.3097	0.7393	0.0949	0.8262	0.992	0.6583	0.4525	0.012	0.049	0.8921	0.6643	0.014	0.5764	0.0729	0.4316	0.7313	0.7453	0.1359	0.2068	0.2817	0.019	0.0879	0.1938	0.003	0.4865	0.02	0.3187	0.4635	0.2667	0.3866	0.7872	0.1199	0.2897	0.4935	0.3257	0.1259	0.8152	0.3337	0.04	0.022	0.4346	0.012	0.2368	0.2038	0.3377	0.2837	0.1119	0.0849	0.0569	0.0609	0.7902	0.1459	0.2128	0.011	0.0809	1	0.0859	0.7213	0.0879	0.019	0.2567	0.014	0.1129	0.3187	0.7982	0.5694	0.3207	0.0549	0.2707	0.8661	0.3307	0.3397	0.7283	0.1239	0.2018	0.1998	0.2108	0.4735	0.6434	0.8282	0.1329	0.047	0.9491	0.2647	0.2717	0.0579	0.8641	0.3277	0.2597	0.021	0.5724	0.4166	0.6813	0.5035	0.8342	0.1748	0.987	0.6004	0.2398	0.7692	0.02	0.0639	0.1588	0.9371	0.047	0.3666	0.3177	0.5564	0.5654	0.0949	0.0999	0.4396	0.953	0.5824	0.3417	0.7842	0.006	0.3516	0.9171	0.3576	0.3566	0.016	0.3796	0.2498	0.9371	0.4535	0.989	0.1798	0.1558	0.1608	0.5175	0.7542	0.4286	0.5774	0.1948	0.1908	0.4695	0.996	0.6563	0.2288	0.1988	0.5644	0.012	0.2547	0.9081	0.7502	0.4206	0.98	0.7992	0.7532	0.2428	0.8302	0.4026	0.6094	0.3007	0.8002	0.016	0.2318	0.5574	0.9221	0.9301	0.5944	0.995	0.1628	0.8771	0.1508	0.968	0.1409	0.3916	0.028	0.7133	0.3766	0.6703	0.1369	0.4026	0.6513	0.1049	0.5425	0.0639	0.1129	0.011	0.3397	0.9391	0.035	0.028	0.2957	0.4256	0.8881	0.3377	0.2777	0.1259	0.2408	0.1179	0.3526	0.0979	0.3736	0.0699	0.006	0.7702	0.8282	0.1548	0.7862	0.2637	0.5015	0.035	0.3956	0.3157	0.8022	0.8671	0.5874	0.6983	0.038	0.0589	0.992	0.8102	0.5025	0.2488	0.3137	0.2767	0.2248	0.2018	0.8422	0.9021	0.5495	0.7303	0.048	0.1658	0.6264	0.4705	0.0649	0.6494	0.01
Sg_EM03_7	0.04	0.001	0.001	0.011	0.001	0.0539	0.0579	0.1099	0.008	0.001	0.018	0.4965	0.2208	0.0669	0.1239	0.2737	0.5115	0.007	0.2458	0.032	0.5405	0.1309	0.001	0.011	0.9151	0.6264	0.004	0.5564	0.0599	0.3077	0.016	0.1668	0.006	0.001	0.97	0.0619	0.003	0.5794	0.043	0.1798	0.2138	0.2028	0.002	0.0889	0.001	0.001	0.1918	0.004	0.003	0.001	0.0809	0.017	0.001	0.001	0.018	0.0519	0.01	0.1808	0.013	0.2218	0.1179	0.021	0.0869	0.002	0.008	0.1289	0.037	0.015	0.001	0.02	0.0869	0.0799	0.7213	0.001	0.1259	0.1089	0.3257	0.001	0.4296	0.008	0.001	0.0699	0.011	0.044	0.9261	0.1109	0.011	0.001	0.1299	0.1848	0.01	0.2368	0.0759	0.001	0.1898	0.002	0.6104	0.0879	0.001	0.001	0.2557	0.001	0.3407	0.5704	0.1149	0.021	0.003	0.3596	0.041	0.3437	0.1229	0.6094	0.6893	0.015	0.007	0.7353	0.001	0.004	0.028	0.001	0.006	0.015	0.001	0.0669	0.2188	0.002	0.0579	0.005	0.4685	0.001	0.2957	0.001	0.003	0.023	0.3966	0.014	0.003	0.0519	0.1119	0.004	0.003	0.005	0.001	0.0799	0.014	0.001	0.02	0.037	0.001	0.0829	0.05	0.013	0.005	0.0859	1	0.002	0.4965	0.048	0.9331	0.3826	0.1419	0.2867	0.7283	0.3896	0.002	0.003	0.3686	0.001	0.0869	0.038	0.4595	0.2158	0.001	0.001	0.5205	0.003	0.003	0.7173	0.001	0.002	0.1069	0.0609	0.6583	0.1249	0.1179	0.013	0.006	0.1618	0.001	0.951	0.4406	0.011	0.001	0.005	0.008	0.0689	0.017	0.001	0.018	1	0.002	0.001	0.021	0.1119	0.7502	0.001	0.0669	0.9111	0.1189	0.003	0.1079	0.4635	0.0539	0.002	0.0519	0.015	0.001	0.001	0.021	0.1828	0.998	0.5714	0.001	0.6803	0.0769	0.002	0.001	0.043	0.001	0.001	0.001	0.5934	0.0629	0.002	0.001	0.002	0.7732	0.5025	0.2927	0.2997	0.005	0.001	0.002	0.1558	0.1119	0.013	0.2118	0.001	0.1149	0.001	0.008	0.001	0.5714	0.001	0.021	0.0709	0.2388	0.001	0.5485	0.3776	0.001	0.1179	0.5235	0.1778	0.003	0.001	0.8442	0.2168	0.001	0.002	0.001	0.015	0.7003	0.1349	0.1149	0.0589	0.1389	0.013	0.034	0.029	0.015	0.019	0.0549	0.7542	0.007	0.6374	0.2887	0.2388	0.02	0.001	0.006	0.001	0.006	0.04	0.976	0.1508	0.002	0.5035	0.007	0.001	0.5754	0.001	0.0769	0.001	0.035	0.2398	0.002	0.003	0.0599	0.3616	0.1788	0.967	0.002	0.1758	0.003	0.1449	0.001	0.001	0.001	0.001	0.2837	0.006	0.011	0.001	0.035	0.1528	0.001	0.001	0.4635	0.003
Sg_EM12_46	0.015	0.001	0.001	0.012	0.001	0.001	0.002	0.008	0.012	0.001	0.017	0.05	0.2707	0.001	0.009	0.021	0.5365	0.1419	0.966	0.1618	0.1339	0.0679	0.007	0.004	0.6024	0.5554	0.001	0.3746	0.002	0.2607	0.0999	0.2867	0.003	0.001	0.8771	0.01	0.001	0.3746	0.002	0.011	0.0919	0.9261	0.002	0.5834	0.002	0.001	0.3866	0.004	0.001	0.001	0.018	0.0739	0.001	0.001	0.001	0.2188	0.001	0.1678	0.1998	0.6863	0.006	0.013	0.007	0.001	0.2278	0.4835	0.3546	0.1748	0.001	0.003	0.1568	0.0909	0.6943	0.001	0.2338	0.1379	0.3177	0.001	0.7882	0.0829	0.001	0.0849	0.003	0.8082	0.2188	0.0889	0.001	0.001	0.8372	0.1399	0.1379	0.2328	0.5624	0.001	0.001	0.001	0.9091	0.2408	0.001	0.001	0.1009	0.001	0.4965	0.2008	0.044	0.1718	0.001	0.3736	0.044	0.0839	0.2168	0.1259	0.4356	0.008	0.001	0.3616	0.014	0.007	0.001	0.001	0.014	0.3766	0.001	0.7552	0.3127	0.002	0.002	0.01	0.3506	0.014	0.6324	0.001	0.002	0.004	0.2717	0.011	0.1738	0.001	0.0619	0.003	0.003	0.001	0.001	0.4535	0.0529	0.001	0.011	0.007	0.001	0.8272	0.001	0.001	0.001	0.7213	0.002	1	0.3387	0.1419	0.7972	0.8551	0.3646	0.9171	0.3856	0.0579	0.001	0.008	0.7183	0.004	0.001	0.1229	0.2488	0.2587	0.001	0.001	0.7792	0.001	0.03	0.4406	0.001	0.001	0.004	0.05	0.035	0.3516	0.1009	0.001	0.003	0.3237	0.001	0.4226	0.0869	0.014	0.001	0.001	0.003	0.04	0.001	0.001	0.4575	0.6803	0.004	0.001	0.2867	0.026	0.5634	0.001	0.0759	0.8601	0.0679	0.001	0.024	0.8432	0.5504	0.001	0.3367	0.002	0.001	0.001	0.014	0.5145	0.6753	0.2637	0.035	0.0529	0.0579	0.003	0.0779	0.001	0.001	0.001	0.005	0.6693	0.2118	0.002	0.001	0.001	0.4925	0.8621	0.2937	0.2517	0.001	0.001	0.001	0.037	0.0919	0.015	0.2757	0.001	0.5285	0.004	0.005	0.002	0.1079	0.015	0.1289	0.975	0.7083	0.007	0.008	0.043	0.001	0.041	0.2068	0.008	0.002	0.001	0.4096	0.0759	0.001	0.006	0.003	0.0859	0.6593	0.4426	0.6533	0.1828	0.004	0.022	0.027	0.001	0.006	0.005	0.5425	0.7912	0.003	0.1059	0.4585	0.3067	0.016	0.001	0.001	0.001	0.002	0.2138	0.4885	0.2298	0.002	0.5385	0.001	0.002	0.2188	0.001	0.6843	0.002	0.0529	0.3267	0.001	0.001	0.01	0.001	0.1499	0.6494	0.001	0.6494	0.001	0.2867	0.001	0.002	0.003	0.001	0.3916	0.002	0.002	0.001	0.004	0.2757	0.001	0.002	0.5574	0.001
Sg_EM12_61	0.041	0.012	0.007	0.005	0.002	0.4306	0.005	0.2128	0.004	0.027	0.01	0.004	0.4106	0.5415	0.1748	0.961	0.002	0.004	0.2198	0.2218	0.7203	0.04	0.032	0.3796	0.3407	0.022	0.3786	0.0679	0.003	0.001	0.019	0.8112	0.03	0.001	0.7053	0.001	0.013	0.001	0.3167	0.5315	0.0889	0.001	0.004	0.8751	0.012	0.2378	0.4775	0.011	0.3107	0.1768	0.6434	0.026	0.3786	0.0959	0.3566	0.022	0.049	0.028	0.016	0.023	0.023	0.1099	0.8681	0.001	0.038	0.7033	0.3746	0.2068	0.008	0.019	0.047	0.4226	0.6523	0.004	0.8402	0.5025	0.016	0.1558	0.3766	0.1918	0.1419	0.0829	0.001	0.1938	0.4745	0.3786	0.1169	0.017	0.3776	0.026	0.03	0.9421	0.019	0.01	0.003	0.044	0.4755	0.2408	0.2108	0.001	0.032	0.011	0.019	0.8462	0.001	0.7532	0.6394	0.0599	0.025	0.1169	0.034	0.1029	0.6244	0.043	0.3407	0.001	0.03	0.012	0.8222	0.8931	0.0859	0.0979	0.2128	0.3736	0.3217	0.0849	0.3457	0.016	0.1029	0.1888	0.6903	0.003	0.6723	0.03	0.008	0.1888	0.4286	0.3187	0.001	0.003	0.1139	0.3277	0.001	0.0909	0.016	0.3806	0.5574	0.0829	0.1299	0.012	0.2038	0.8971	0.3606	0.0879	0.4965	0.3387	1	0.7383	0.8801	0.045	0.1119	0.8052	0.006	0.005	0.8082	0.1728	0.1618	0.1319	0.5255	0.005	0.1419	0.2947	0.1089	0.4376	0.3766	0.6404	0.0879	0.3856	0.027	0.015	0.3217	0.4376	0.2517	0.3576	0.044	0.005	0.015	0.8342	0.01	0.7073	0.2597	0.013	0.4855	0.3736	0.0729	0.1449	0.4086	0.001	0.1109	0.001	0.4545	0.001	0.1768	0.006	0.8641	0.0739	0.5924	0.5944	0.036	0.002	0.2268	0.3397	0.1399	0.001	0.0659	0.012	0.001	0.0819	0.003	0.4146	0.2088	0.7183	0.001	0.0759	0.013	0.011	0.0719	0.1069	0.2947	0.1249	0.9001	0.022	0.7423	0.3207	0.006	0.001	0.3467	0.6024	0.7512	0.7642	0.8841	0.8771	0.002	0.4066	0.5544	0.048	0.009	0.8591	0.3866	0.003	0.0689	0.2098	0.001	0.0529	0.5804	0.018	0.8332	0.001	0.019	0.5435	0.001	0.1558	0.0539	0.019	0.8062	0.005	0.6593	0.2557	0.0719	0.05	0.009	0.011	0.1578	0.1229	0.1598	0.8881	0.0879	0.0689	0.4136	0.2917	0.001	0.1918	0.026	0.001	0.2178	0.6294	0.988	0.3007	0.1808	0.037	0.012	0.001	0.03	0.002	0.001	0.023	0.001	0.1598	0.976	0.001	0.2907	0.002	0.1199	0.001	0.007	0.007	0.001	0.0569	0.1698	0.3826	0.001	0.2208	0.002	0.9251	0.3057	0.0699	0.05	0.049	0.0719	0.001	0.05	0.006	0.016	0.2238	0.1279	0.1059	0.1898	0.001	0.0699	0.008
Sg_EM22_6	0.2907	0.2048	0.1738	0.5435	0.1039	0.4845	0.0969	0.8442	0.2827	0.007	0.0779	0.4306	0.001	0.0629	0.1409	0.4605	0.042	0.3776	0.001	0.001	0.5305	0.6494	0.5195	0.013	0.4416	0.1159	0.001	0.7622	0.8811	0.5544	0.8611	0.8252	0.1069	0.7043	0.4196	0.3626	0.5125	0.3067	0.0779	0.2607	0.1538	0.5095	0.3117	0.013	0.4266	0.7792	0.9291	0.0969	0.5325	0.3976	0.1009	0.0599	0.0669	0.0829	0.7732	0.8332	0.8721	0.1319	0.0659	0.4176	0.4146	0.7772	0.3986	0.4655	0.001	0.4236	0.6743	0.0799	0.005	0.1219	0.6923	0.001	0.2148	0.1479	0.04	0.8581	0.2857	0.2527	0.025	0.2537	0.3487	0.6803	0.02	0.002	0.1349	0.6943	0.001	0.3536	0.8062	0.3477	0.1369	0.7932	0.3766	0.6573	0.7992	0.4176	0.8152	0.1598	0.4825	0.1299	0.3387	0.1069	0.7512	0.6953	0.3746	0.001	0.4386	0.5335	0.0889	0.1259	0.7992	0.9431	0.1039	0.3686	0.968	0.3437	0.4196	0.4266	0.4985	0.7822	0.1189	0.5904	0.2468	0.001	0.0699	0.0539	0.8531	0.0839	0.7952	0.1249	0.9451	0.7942	0.1359	0.018	0.9091	0.6643	0.001	0.6743	0.0819	0.5684	0.2338	0.9101	0.7463	0.001	0.8761	0.0529	0.1159	0.7932	0.7053	0.001	0.1828	0.3437	0.044	0.019	0.048	0.1419	0.7383	1	0.8072	0.4905	0.1249	0.001	0.1768	0.993	0.5804	0.4426	0.9111	0.8452	0.8531	0.0579	0.6014	0.001	0.037	0.6903	0.1708	0.1858	0.032	0.3606	0.038	0.4376	0.6324	0.4995	0.1459	0.8851	0.6623	0.3197	0.9411	0.0699	0.1379	0.001	0.5045	0.0549	0.0769	0.6513	0.4955	0.3347	0.1149	0.7283	0.001	0.5774	0.6134	0.3237	0.7223	0.1249	0.022	0.3776	0.8601	0.6863	0.004	0.5195	0.029	0.001	0.7552	0.5315	0.001	0.1888	0.4266	0.6883	0.6444	0.026	0.5325	0.9401	0.8821	0.6933	0.9461	0.2348	0.1888	0.1778	0.952	0.8142	0.018	0.8601	0.7902	0.2178	0.3117	0.5095	0.4116	0.001	0.7892	0.951	0.3656	0.8951	0.4056	0.2837	0.5305	0.1449	0.3037	0.9071	0.3387	0.2438	0.1269	0.1219	0.8482	0.7942	0.0559	0.1858	0.1199	0.1748	0.5125	0.4146	0.8741	0.2038	0.952	0.0589	0.1838	0.2827	0.7323	0.5335	0.3946	0.1848	0.3037	0.4066	0.0669	0.5215	0.001	0.7652	0.0759	0.9201	0.1678	0.3876	0.1259	0.7193	0.2667	0.3397	0.3387	0.5165	0.5295	0.001	0.2697	0.985	0.1269	0.4975	0.1978	0.6903	0.6044	0.003	0.8951	0.6384	0.3546	0.7872	0.2338	0.95	0.001	0.8062	0.3766	0.6853	0.2847	0.993	0.1968	0.4056	0.4725	0.968	0.0729	0.6304	0.4356	0.1229	0.039	0.5614	0.3077	0.5015	0.023	0.954	0.0919	0.2697	0.5055	0.1668	0.5055	0.6094	0.3826	0.8681
Sg_EM25_40	0.2398	0.6344	0.4675	0.7892	0.1459	0.01	0.0749	0.2757	0.5385	0.4206	0.0849	0.1349	0.3387	0.6533	0.7183	0.2717	0.8701	0.8292	0.2537	0.5365	0.4026	0.2258	0.9251	0.1618	0.1718	0.001	0.2827	0.2937	0.5325	0.4136	0.7502	0.6933	0.1059	0.8661	0.8811	0.7832	0.7632	0.5804	0.022	0.031	0.982	0.8322	0.2657	0.5774	0.6803	0.7892	0.5385	0.5035	0.3397	0.2178	0.5704	0.1958	0.5644	0.956	0.3706	0.1349	0.7333	0.1039	0.6194	0.1059	0.0789	0.5385	0.1059	0.1958	0.3626	0.03	0.4725	0.0509	0.2737	0.04	0.001	0.4705	0.6004	0.7682	0.2687	0.001	0.4745	0.5075	0.037	0.4256	0.2418	0.7562	0.1079	0.5215	0.024	1	0.0979	0.7253	0.0679	0.0799	0.046	0.3317	0.2248	0.2687	0.8472	0.6364	0.8382	0.8601	0.5205	0.3866	0.4685	0.3027	0.4635	0.5554	0.3526	0.95	0.6623	0.1459	0.3556	0.03	0.5325	0.0619	0.4256	0.7992	0.2767	0.994	0.3856	0.4915	0.5824	0.5684	0.4176	0.2547	0.7073	0.1359	0.6573	0.0889	0.4116	0.2038	0.018	0.2507	0.3477	0.8511	0.003	0.5245	0.3856	0.003	0.7972	0.3257	0.8022	0.5075	0.5295	0.028	0.3816	0.4785	0.9071	0.5924	0.3257	0.5035	0.3107	0.4366	0.0569	0.9441	0.2308	0.2567	0.9331	0.7972	0.8801	0.8072	1	0.8811	0.3037	0.006	0.4755	0.0769	0.2737	0.8212	0.3836	0.2857	0.1319	0.5435	0.002	0.4146	0.951	0.3516	0.1269	0.2318	0.1039	0.4865	0.2657	0.6683	0.0819	0.1578	0.0509	0.2837	0.001	0.05	0.4166	0.2478	0.1678	0.0529	0.001	0.7642	0.4426	0.04	0.8282	0.045	0.1009	0.7592	0.2527	0.4396	0.8332	0.7263	0.5644	0.5305	0.3736	0.2937	0.1668	0.035	0.1608	0.5644	0.4346	0.1469	0.994	0.4975	0.7453	0.9081	0.5155	0.4845	0.8561	0.046	0.2098	0.9431	0.7782	0.1169	0.003	0.5315	0.5075	0.1768	0.3816	0.9331	0.9071	0.9101	0.7263	0.1309	0.2827	0.8881	0.037	0.048	0.1419	0.047	0.6633	0.968	0.5814	0.005	0.2837	0.1409	0.026	0.5215	0.5984	0.5524	0.3536	0.2458	0.8162	0.7882	0.3497	0.5155	0.1578	0.957	0.3387	0.1339	0.5544	0.5904	0.8292	0.6553	0.043	0.7762	0.001	0.4875	0.7992	0.6723	0.018	0.1489	0.008	0.001	0.2807	0.7323	0.2178	0.6264	0.8931	0.4605	0.8372	0.8601	0.6014	0.7722	0.7213	0.2408	0.3816	0.2128	0.7822	0.4496	0.5594	0.2418	0.2158	0.5574	0.5025	0.8841	0.6294	0.037	0.0579	0.8282	0.007	0.8032	0.013	0.4835	0.01	0.6134	1	0.6444	0.2987	0.984	0.4915	0.7772	0.4156	0.8262	0.7632	0.3407	0.4026	0.7872	0.7542	0.6334	0.1269	0.1079	0.8202	0.8691	0.0509	0.002	0.1568	0.3337	0.0969	0.6993
Sg_EM30_38	0.029	0.4895	0.3347	0.7502	0.6394	0.2827	0.6783	1	0.4406	0.2388	0.7952	0.001	0.9191	0.984	0.1518	0.2617	0.001	0.1289	0.5165	0.3087	0.6713	0.6513	0.989	0.7542	0.0619	0.015	0.3457	0.3217	0.001	0.001	0.5465	0.0619	0.1518	0.8062	0.5914	0.001	0.8811	0.001	0.2238	0.7423	0.002	0.042	0.4685	0.1878	0.1489	0.7013	0.1449	0.2537	0.7093	0.2887	0.2328	0.9221	0.4416	0.8751	0.3746	0.5854	0.5485	0.5125	0.8332	0.1638	0.2318	0.5854	0.1608	0.6803	0.4066	0.7403	0.012	0.021	0.9451	0.7043	0.2298	0.3067	0.4366	0.1039	0.019	0.6643	0.002	0.6763	0.0919	0.5495	0.7283	0.1109	0.3187	0.002	0.046	0.2278	0.1359	0.5165	0.033	0.2907	0.3906	0.1129	0.1808	0.0999	0.0819	0.9301	0.1618	0.001	0.6603	0.8581	0.6174	0.1129	0.3337	0.1379	0.001	0.9161	0.2827	0.008	0.7902	0.013	0.9071	0.041	0.006	0.1878	0.8511	0.001	0.0819	0.042	0.9061	0.2438	0.0939	0.1059	0.8002	0.8881	0.0639	0.8332	0.041	0.1938	0.9051	0.0629	0.1139	0.9161	0.7822	0.98	0.5005	0.972	0.6404	0.2258	0.7263	0.3307	0.037	0.6763	0.2567	0.6394	0.6933	0.3437	0.1878	0.4675	0.996	0.9111	0.2707	0.3766	0.2537	0.014	0.3826	0.8551	0.045	0.4905	0.8811	1	0.7383	0.7183	0.2028	0.6154	0.3347	0.2418	0.6853	0.7223	0.7562	0.1159	0.3636	0.999	0.029	0.7762	0.4575	0.6903	0.4575	0.8362	0.0799	0.015	0.5435	0.046	0.8112	0.026	0.1638	0.2098	0.1239	0.5425	0.3037	0.8911	0.6563	0.8901	0.1898	0.7483	0.2058	0.3616	0.3646	0.988	0.6204	0.001	0.3576	0.8202	0.2717	0.2857	0.038	0.96	0.1029	0.0669	0.4066	0.5005	0.0629	0.3217	0.2697	0.6983	0.2797	0.9331	0.2797	0.8951	0.4356	0.1319	0.2897	0.4386	0.992	0.0629	0.3766	0.1748	0.027	0.5455	0.0919	0.8721	0.2537	0.001	0.1548	0.0569	0.0579	0.7353	0.2468	0.6923	0.009	0.7193	0.7972	0.2388	0.959	0.5504	0.1628	0.4665	0.7093	0.99	0.007	0.2338	0.3157	0.001	0.001	0.7912	0.5475	0.0869	0.9241	0.8452	0.1319	0.3457	0.9431	0.006	0.7652	0.6653	0.3287	0.1508	0.5824	0.5824	0.7203	0.0819	0.8711	0.4515	0.8472	0.8791	0.6993	0.3576	0.1838	0.3487	0.004	0.1788	0.2517	0.031	0.6673	0.001	0.2108	0.011	0.8342	0.7742	0.9031	0.9341	0.5584	0.7133	0.7632	0.007	0.001	0.6743	0.4575	0.3716	0.5065	0.5465	0.007	0.997	0.969	0.5315	0.3786	0.0909	0.7702	0.9351	0.2438	0.1209	0.001	0.3357	0.3297	0.1738	0.6204	0.0899	0.4625	0.3297	0.0559	0.8412	0.1119	0.9391	0.2877	0.3926	0.5794	0.974	0.7453	0.6034	0.3836	0.1998
Sg_EM30_40	0.4336	0.2797	0.7413	0.8302	0.6234	0.7193	0.026	0.98	0.1668	0.9171	0.049	0.2817	0.5255	0.1249	0.5954	0.6144	0.018	0.2827	0.6843	0.1758	0.2148	0.7582	0.4236	0.4136	0.3177	0.8272	0.958	0.031	0.5335	0.1419	0.4416	0.4306	0.0619	0.1938	0.038	0.2468	0.3197	0.1928	0.2647	0.6843	0.6304	0.02	0.7043	0.3437	0.7433	0.7562	0.4266	0.8162	0.4076	0.6194	0.1638	0.019	0.7542	0.3506	0.993	0.0939	0.4835	0.9301	0.0779	0.0789	0.2697	0.3407	0.7812	0.9161	0.0759	0.7023	0.8751	0.7932	0.6484	0.02	0.4196	0.1518	0.007	0.8711	0.1479	0.5245	0.1788	0.3227	0.5514	0.2797	0.4496	0.4486	0.1139	0.1039	0.3906	0.0719	0.8551	0.0759	0.8272	0.9441	0.4236	0.3806	0.8182	0.983	0.0879	0.2777	0.4665	0.9211	0.4076	0.2228	0.6943	0.1718	0.5884	0.2248	0.7912	0.4765	0.976	0.4086	0.8651	0.2218	0.4795	0.3586	0.7792	0.4376	0.9211	0.0879	0.7433	0.4426	0.2278	0.7013	0.6304	0.969	0.1988	0.5544	0.1808	0.6933	0.8042	0.7283	0.3007	0.9021	0.3606	0.8851	0.7193	0.1688	0.8402	0.9051	0.1039	0.7223	0.4505	0.7123	0.8611	0.3347	0.2977	0.049	0.7812	0.0979	0.7972	0.8272	0.5185	0.1788	0.5045	0.5245	0.2188	0.1129	0.1419	0.3646	0.1119	0.1249	0.3037	0.7383	1	0.5415	0.1199	0.1429	0.5035	0.5245	0.9161	0.8731	0.4176	0.019	0.992	0.2488	0.7802	0.8521	0.035	0.2148	0.8781	0.3926	0.8901	0.9191	0.9281	0.3766	0.9011	0.2428	0.7912	0.0949	0.6074	0.032	0.7173	0.6613	0.8721	0.0879	0.0729	0.1738	0.3227	0.5804	0.4426	0.6813	0.0729	0.2208	0.8042	0.4326	0.6553	0.028	0.2028	1	0.3207	0.3666	0.0989	0.6873	0.2607	0.3776	0.8222	0.3277	0.034	0.043	0.2088	0.6553	0.3467	0.0619	0.2817	0.3946	0.8921	0.0909	0.4316	0.5065	0.7752	0.4815	0.6424	0.3247	0.2917	0.5804	0.3556	0.7762	0.5095	0.0949	0.5564	0.99	0.6154	0.7522	0.5724	0.2038	0.4725	0.2867	0.026	0.4196	0.4735	0.6314	0.6424	0.2358	0.96	0.1888	0.1389	0.5764	0.5085	0.8591	0.4416	0.2298	0.1129	0.3377	0.4905	0.022	0.6414	0.3397	0.1479	0.1528	0.4715	0.9301	0.6823	0.7852	0.4326	0.8951	0.971	0.7303	0.2438	0.4436	0.4016	0.3307	0.6843	0.961	0.952	0.966	0.974	0.1578	0.0519	0.6643	0.3167	0.6773	0.7403	0.2438	0.036	0.6044	0.7502	0.3287	0.1698	0.3267	0.04	0.6164	0.5994	0.5714	0.3606	0.7902	0.9491	0.6823	0.3417	0.4675	0.8841	0.3506	0.3786	0.4575	0.5644	0.4086	0.5335	0.5465	0.963	0.036	0.1099	0.6424	0.2368	0.2278	0.6543	0.1548	0.1389	0.963	0.4076	0.9171	0.4505	0.2258	0.952	0.3816
Sg_EM34_4	0.8641	0.1479	0.7512	0.6484	0.2767	0.2667	0.3566	0.0749	0.1489	0.02	0.047	0.036	0.001	0.001	0.003	0.7243	0.5874	0.1039	0.001	0.042	0.4925	0.9471	0.975	0.023	0.4775	0.1788	0.013	0.6753	0.5944	0.2557	0.3876	0.1548	0.5345	0.2088	0.1479	0.1409	0.0699	0.1059	0.1369	0.3127	0.3207	0.9091	0.4306	0.0889	0.1239	0.8162	0.1259	0.4286	0.3427	0.4146	0.6553	0.1578	0.5335	0.1818	0.8791	0.1568	0.5684	0.006	0.0659	0.008	0.3586	0.7233	0.0529	0.969	0.001	0.1798	0.008	0.5624	0.1029	0.1379	0.003	0.029	0.019	0.8322	0.1608	0.003	0.9011	0.5105	0.003	0.2927	0.7712	0.4525	0.0969	0.2877	0.2537	0.3177	0.007	0.0659	0.0659	0.0599	0.3187	0.2747	0.1199	0.3986	0.7902	0.8961	0.1808	0.2587	0.7493	0.5844	0.7522	0.6983	0.028	0.037	0.0969	0.001	0.8412	0.6274	0.9331	0.0819	0.1998	0.0959	0.3906	0.7463	0.2767	0.2258	0.9011	0.4026	0.4466	0.8911	0.5984	0.018	0.6603	0.001	0.99	0.001	0.1399	0.2178	0.6743	0.6044	0.3297	0.6114	0.2438	0.011	0.0869	0.0639	0.001	0.9141	0.039	0.8941	0.9201	0.7113	0.7353	0.015	0.7333	0.1259	0.1608	0.97	0.8661	0.005	0.2557	0.8362	0.2458	0.3187	0.2867	0.9171	0.8052	0.001	0.006	0.7183	0.5415	1	0.1658	0.7443	0.0909	0.7572	0.9211	0.6284	0.001	0.5335	0.039	0.001	0.2458	0.5944	0.5195	0.1978	0.033	0.5674	0.5445	0.7393	0.1588	0.5524	0.5644	0.2408	0.013	0.032	0.006	0.046	0.014	0.001	0.025	0.003	0.2737	0.8911	0.003	0.012	0.1499	0.4575	0.001	0.0969	0.6503	0.2008	0.9071	0.5215	0.3267	0.3057	0.4366	0.037	0.032	0.979	0.011	0.001	0.2767	0.1429	0.016	0.0849	0.1079	0.2807	0.4196	0.3227	0.2458	0.6384	0.6204	0.3886	0.009	0.976	0.2408	0.1069	0.0809	0.4176	0.019	0.6314	0.974	0.8531	0.7403	0.1449	0.013	0.001	0.1219	0.1079	0.8871	0.5295	0.4236	0.014	0.4985	0.2438	0.1568	0.7962	0.7403	0.7602	0.0779	0.7273	0.1868	0.3157	0.009	0.3836	0.024	0.1489	0.8152	0.5734	0.5405	0.5834	0.6214	0.004	0.048	0.1998	0.0719	0.03	0.7183	0.6703	0.1289	0.4775	0.003	0.002	0.001	0.5245	0.0859	0.8232	0.7602	0.8022	0.9161	0.029	0.1149	0.3906	0.0819	0.3257	1	0.001	0.5864	0.3596	0.044	0.9001	0.3986	0.2507	0.1219	0.002	0.8501	0.005	0.5524	0.7802	0.008	0.4346	0.001	0.6304	0.001	0.3067	0.9141	0.3087	0.3037	0.8222	0.0709	0.2537	0.2378	0.2707	0.9351	0.1369	0.2507	0.5405	0.3157	0.3317	0.004	0.2747	0.013	0.8861	0.7273	0.003	0.9191	0.5774	0.8432	0.4805
Sg_G06_49	0.009	0.001	0.2747	0.001	0.011	0.9341	0.008	0.8501	0.001	0.1618	0.004	0.001	0.008	0.2358	0.042	0.4545	0.042	0.003	0.014	0.5754	0.3746	0.6973	0.023	0.0839	0.041	0.6314	0.3017	0.1229	0.001	0.001	0.001	0.987	0.042	0.001	0.2348	0.012	0.001	0.005	0.024	0.6224	0.3007	0.1079	0.001	0.8012	0.008	0.2378	0.4745	0.001	0.0629	0.3976	0.038	0.025	0.2697	0.5624	0.5834	0.5215	0.009	0.0999	0.1379	0.5145	0.5345	0.002	0.0549	0.01	0.0709	0.1049	0.7772	0.002	0.002	0.044	0.019	0.971	0.01	0.002	0.7882	0.1149	0.1429	0.3327	0.7652	0.002	0.4136	0.027	0.001	0.5005	0.001	0.7053	0.2917	0.1459	0.8212	0.0929	0.1698	0.5964	0.2807	0.3407	0.003	0.8042	0.2348	0.5514	0.9151	0.048	0.1818	0.3656	0.2118	0.0989	0.001	0.3516	0.9391	0.7592	0.002	0.5115	0.7483	0.005	0.7443	0.001	0.0889	0.003	0.041	0.002	0.6633	0.5964	0.001	0.3516	0.4416	0.037	0.014	0.7912	0.1369	0.009	0.971	0.05	0.1818	0.001	0.1429	0.003	0.6603	0.005	0.039	0.3596	0.001	0.001	0.001	0.6174	0.002	0.2637	0.6953	0.2368	0.029	0.4406	0.0659	0.0619	0.4176	0.5634	0.035	0.7982	0.7283	0.3856	0.006	0.1768	0.4755	0.2028	0.1199	0.1658	1	0.001	0.5305	0.4745	0.012	0.005	0.5844	0.004	0.2088	0.0979	0.034	0.9001	0.6523	0.0599	0.003	0.3147	0.3596	0.039	0.5075	0.013	0.042	0.8032	0.004	0.049	0.001	0.6114	0.011	0.043	0.0919	0.3137	0.7483	0.4016	0.004	0.4226	0.0529	0.001	0.0709	0.003	0.3417	0.001	0.8891	0.013	0.996	0.012	0.8482	0.0759	0.1798	0.001	0.4615	0.1149	0.0629	0.001	0.1578	0.001	0.001	0.3087	0.007	0.0889	0.7113	0.5814	0.001	0.8442	0.027	0.001	0.015	0.2068	0.0919	0.1099	0.4765	0.008	0.038	0.034	0.3666	0.015	0.4476	0.019	0.2148	0.1119	0.6913	0.4885	0.001	0.4515	0.4236	0.001	0.5794	0.7473	0.013	0.012	0.6813	0.4535	0.001	0.0799	0.5724	0.4635	0.0779	0.1309	0.001	0.1299	0.001	0.6174	0.001	0.004	0.3526	0.006	0.2408	0.1209	0.1798	0.001	0.006	0.4695	0.5684	0.2438	0.1598	0.6673	0.1978	0.3457	0.031	0.3966	0.001	0.008	0.004	0.008	0.008	0.2897	0.4006	0.02	0.3946	0.0649	0.003	0.001	0.001	0.011	0.002	0.005	0.001	0.4216	0.018	0.001	0.8002	0.002	0.999	0.001	0.2517	0.001	0.001	0.018	0.1229	0.4116	0.004	0.1099	0.012	0.5724	0.8102	0.1938	0.2248	0.2577	0.009	0.001	0.0959	0.016	0.022	0.1998	0.3267	0.2298	0.8671	0.004	0.6853	0.044
Sg_G06_9	0.2028	0.7862	0.4685	0.046	0.974	0.002	0.5704	0.001	0.6763	0.4146	0.4106	0.0839	0.9461	0.2398	0.4865	0.1409	0.5584	0.2997	0.95	0.4106	0.1978	0.4995	0.008	0.9481	0.004	0.5235	0.3746	0.003	0.8861	0.009	0.002	0.4925	0.0609	0.3417	0.9441	0.1918	0.6533	0.009	0.5884	0.1369	0.9311	0.003	0.002	0.032	0.7942	0.0609	0.007	0.012	0.2138	0.015	0.002	0.3586	0.003	0.3916	0.001	0.1908	0.1738	0.005	0.4755	0.963	0.022	0.1429	0.001	0.4735	0.9041	0.003	0.009	0.037	0.96	0.8042	0.009	0.7213	0.7393	0.4216	0.3317	0.015	0.6783	0.3127	0.1489	0.012	0.021	0.3696	0.6214	0.5754	0.95	0.009	0.4905	0.4106	0.6703	0.5614	0.3317	0.005	0.1049	0.011	0.9181	0.0649	0.5065	0.9121	0.014	0.6603	0.001	0.018	0.002	0.2837	0.044	0.2747	0.004	0.019	0.4296	0.026	0.001	0.1249	0.028	0.0769	0.023	0.1259	0.1169	0.04	0.003	0.003	0.0689	0.01	0.4715	0.6484	0.4795	0.989	0.0949	0.1469	0.963	0.5105	0.8202	0.1908	0.9221	0.4006	0.5784	0.0589	0.4935	0.001	0.954	0.026	0.3147	0.016	0.5764	0.4386	0.2258	0.8422	0.2917	0.006	0.2517	0.8372	0.0599	0.001	0.1229	0.5694	0.3896	0.0579	0.005	0.993	0.0769	0.6154	0.1429	0.7443	0.001	1	0.1788	0.1029	0.4805	0.1968	0.014	0.7333	0.009	0.7443	0.963	0.005	0.953	0.0729	0.01	0.8272	0.4585	0.4466	0.2527	0.9061	0.7083	0.036	0.005	0.8501	0.1518	0.0749	0.2537	0.962	0.8352	0.1728	0.016	0.043	0.7193	0.5365	0.0929	0.019	0.975	0.007	0.007	0.5924	0.2168	0.3566	0.035	0.9161	0.4336	0.7672	0.1978	0.2338	0.5764	0.953	0.3936	0.7722	0.2258	0.5365	0.4795	0.022	0.02	0.2917	0.4635	0.8971	0.1499	0.9311	0.002	0.0529	0.4695	0.021	0.0999	0.018	0.001	0.045	0.5365	0.5864	0.4835	0.3427	0.05	0.8282	0.8262	0.4965	0.002	0.004	0.7732	0.3307	0.6184	0.999	0.4466	0.02	0.1958	0.1948	1	0.2028	0.026	0.5754	0.3047	0.2737	0.9441	0.5734	0.7053	0.7163	0.4206	0.1209	0.033	0.4775	0.0629	0.6833	0.2527	0.5215	0.0909	0.1828	0.048	0.4376	0.011	0.044	0.8372	0.2697	0.02	0.978	0.6024	0.0699	0.1928	0.7672	0.002	0.026	0.1668	0.1668	0.3437	0.6693	0.001	0.5225	0.4535	0.0669	0.7193	0.3467	0.017	0.973	0.7143	0.6374	0.0779	0.3437	0.4525	0.5994	0.1419	0.036	0.3536	0.037	0.8871	0.7003	0.7453	0.001	0.0599	0.5215	0.9451	0.1029	0.002	0.4525	0.1039	0.2547	0.022	0.9141	0.005	0.7932	0.5385	0.003	0.005	0.014	0.022	0.012	0.1459	0.4555
Sg_G09_4	0.012	0.002	0.0749	0.023	0.025	0.001	0.021	0.005	0.016	0.1988	0.03	0.6464	0.8761	0.008	0.028	0.1648	0.4695	0.024	0.3267	0.5744	0.003	0.5764	0.4386	0.1339	0.8871	0.8182	0.019	0.964	0.047	0.4376	0.4226	0.04	0.1618	0.003	0.021	0.3157	0.006	0.3087	0.0769	0.0639	0.0629	0.2817	0.6054	0.2118	0.004	0.001	0.3277	0.006	0.001	0.001	0.006	0.3646	0.005	0.1069	0.001	0.3407	0.006	0.2198	0.8292	0.0909	0.1409	0.3317	0.5165	0.0599	0.951	0.9091	0.012	0.1628	0.01	0.1798	0.4825	0.6354	0.1638	0.003	0.954	0.7612	0.4306	0.0779	0.6044	0.1878	0.001	0.958	0.006	0.7313	0.8931	0.1189	0.0629	0.047	0.1988	0.0729	0.0959	0.039	0.1009	0.001	0.3836	0.001	0.6883	0.2677	0.001	0.001	0.031	0.001	0.6633	0.038	0.5275	0.997	0.001	0.1598	0.8112	0.002	0.038	0.2927	0.8442	0.2108	0.001	0.3247	0.1289	0.015	0.001	0.001	0.2338	0.009	0.3307	0.0979	0.2288	0.6464	0.018	0.6294	0.1648	0.037	0.5295	0.003	0.3397	0.034	0.9201	0.6034	0.8831	0.003	0.022	0.2088	0.0709	0.0739	0.009	0.9121	0.3027	0.1119	0.004	0.2018	0.036	0.4486	0.013	0.001	0.044	0.3207	0.002	0.001	0.8082	0.5804	0.2737	0.3347	0.5035	0.0909	0.5305	0.1788	1	0.2587	0.3586	0.0509	0.001	0.2238	0.0769	0.8192	0.018	0.001	0.7652	0.003	0.3536	0.6434	0.001	0.001	0.1009	0.007	0.3986	0.1179	0.1479	0.005	0.01	0.1968	0.004	0.046	0.7542	0.6863	0.001	0.032	0.001	0.011	0.01	0.004	0.9341	0.2438	0.0599	0.001	0.8721	0.044	0.972	0.001	0.988	0.1638	0.022	0.0609	0.5415	0.8641	0.1289	0.002	0.6843	0.001	0.009	0.001	0.2488	0.6833	0.3576	0.1788	0.2557	0.049	0.6933	0.4665	0.99	0.017	0.001	0.001	0.1169	0.7742	0.7922	0.1588	0.001	0.003	0.2478	0.0699	0.1608	0.009	0.001	0.001	0.001	0.1239	0.7083	0.2448	0.4905	0.001	0.4036	0.023	0.024	0.012	0.5395	0.005	0.986	0.0929	0.1658	0.014	0.5634	0.0689	0.003	0.0669	0.954	0.006	0.2488	0.014	0.018	0.044	0.001	0.007	0.045	0.1069	0.5205	0.3856	0.8082	0.6144	0.05	0.0679	0.2817	0.001	0.1838	0.037	0.3566	0.1748	0.018	0.2248	0.1508	1	0.014	0.006	0.001	0.006	0.002	0.4246	0.5514	0.1299	0.002	0.5015	0.018	0.043	0.7802	0.001	0.05	0.008	0.4136	0.3646	0.1788	0.001	0.1738	0.004	0.8132	0.2787	0.1189	0.2757	0.001	0.4296	0.001	0.002	0.008	0.001	0.012	0.7433	0.035	0.001	0.1588	0.4036	0.001	0.047	0.1179	0.015
Sg_G10_35	0.3756	0.0599	0.4316	0.3487	0.013	0.3487	0.6573	0.0559	0.3017	0.0979	0.1459	0.976	0.1209	0.1758	0.2448	0.6783	0.4076	0.3686	0.6084	0.3217	0.968	0.016	0.024	0.0589	0.9491	0.6224	0.01	0.7203	0.0829	0.5654	0.0899	0.1738	0.1129	0.005	0.1768	0.7542	0.2837	0.8412	0.041	0.3516	0.4036	0.1289	0.3417	0.4805	0.4585	0.01	0.0739	0.5994	0.007	0.008	0.1299	0.8212	0.034	0.008	0.016	0.958	0.003	0.1489	0.2278	0.8801	0.017	0.7333	0.1838	0.032	0.1948	0.1449	0.4525	0.5205	0.2587	0.5445	0.4196	0.8821	0.6803	0.01	0.1878	0.1898	0.1578	0.0729	0.8312	0.9051	0.002	0.4056	0.2707	0.4715	0.7273	0.4046	0.2567	0.019	0.025	0.0539	0.1868	0.993	0.4296	0.021	0.8002	0.004	0.8332	0.0839	0.005	0.035	0.1159	0.01	0.8921	0.7572	0.6863	0.4476	0.026	0.2078	0.1738	0.952	0.049	0.035	0.5205	0.3776	0.005	0.3836	0.5245	0.049	0.039	0.041	0.6693	0.4146	0.036	0.4116	0.8102	0.001	0.0679	0.4565	0.6294	0.04	0.5315	0.05	0.2388	0.2587	0.6803	0.012	0.3267	0.05	0.2008	0.0629	0.016	0.021	0.1489	0.8701	0.3067	0.008	0.1469	0.001	0.001	0.7732	0.001	0.0979	0.0759	0.0549	0.003	0.008	0.1728	0.4426	0.8212	0.2418	0.5245	0.7572	0.4745	0.1029	0.2587	1	0.8332	0.7752	0.1279	0.7343	0.4016	0.3986	0.1039	0.013	0.3487	0.005	0.954	0.4855	0.027	0.1608	0.7902	0.009	0.1339	0.017	0.1219	0.6314	0.1039	0.8382	0.1069	0.8422	0.0519	0.4106	0.001	0.013	0.049	0.954	0.004	0.024	0.7203	0.4985	0.001	0.028	0.015	0.5305	0.8591	0.039	0.0919	0.0649	0.1968	0.005	0.9211	0.8901	0.2517	0.026	0.7762	0.1349	0.5035	0.011	0.4885	0.6104	0.6603	0.4525	0.3676	0.1039	0.4096	0.4575	0.1958	0.009	0.003	0.3586	0.0619	0.6144	0.4246	0.008	0.002	0.3626	0.8731	0.7962	0.3766	0.3706	0.042	0.004	0.5634	0.7522	0.5804	0.2208	0.1399	0.006	0.8222	0.4535	0.039	0.0689	0.975	0.3786	0.1339	0.2537	0.3526	0.3167	0.2468	0.4855	0.015	0.4386	0.8531	0.028	0.024	0.028	0.0609	0.6184	0.003	0.1299	0.0669	0.8821	0.7063	0.1339	0.991	0.7023	0.012	0.8432	0.017	0.013	0.2847	0.044	0.8402	0.9311	0.0859	0.5045	0.3826	0.1988	0.1099	0.0739	0.027	0.0989	0.1758	0.2198	0.5714	0.7582	0.1968	0.8731	0.012	0.034	0.6464	0.029	0.3736	0.0749	0.047	0.6234	0.3916	0.007	0.3546	0.8551	0.8282	0.8521	0.1279	0.5125	0.012	0.1638	0.003	0.1379	0.3377	0.016	0.7542	0.1349	0.3337	0.014	0.006	0.2907	0.011	0.014	0.1508	0.003
Sg_G11_20	0.017	0.002	0.3377	0.005	0.0569	0.4695	0.001	0.4675	0.036	0.0759	0.0729	0.1479	0.0609	0.1279	0.041	0.0679	0.9391	0.005	0.2787	0.8202	0.9361	0.4805	0.007	0.0679	0.043	0.3596	0.1009	0.3706	0.036	0.1049	0.006	0.4036	0.001	0.009	0.8012	0.0939	0.021	0.1908	0.016	0.5514	0.6713	0.4126	0.001	0.043	0.0729	0.3526	0.5824	0.001	0.8102	0.4765	0.5914	0.0569	0.99	0.032	0.4256	0.3077	0.01	0.005	0.005	0.5495	0.8212	0.001	0.1968	0.021	0.6533	0.001	0.5095	0.001	0.002	0.003	0.2557	0.5564	0.6054	0.002	0.047	0.1339	0.2238	0.016	0.014	0.004	0.7293	0.001	0.007	0.2867	0.1828	0.6024	0.022	0.041	0.8102	0.8462	0.996	0.3367	0.3087	0.5804	0.047	0.3526	0.045	0.0819	0.3327	0.049	0.2787	0.3477	0.1828	0.1049	0.1788	0.7003	0.9321	0.6553	0.002	0.2577	0.1538	0.01	0.7812	0.001	0.8951	0.3556	0.012	0.001	0.4795	0.5934	0.001	0.2148	0.035	0.979	0.03	0.043	0.3716	0.001	0.2388	0.001	0.0839	0.003	0.0879	0.0589	0.3806	0.007	0.8781	0.4116	0.001	0.001	0.002	0.5475	0.002	0.4046	0.9161	0.012	0.1518	0.8322	0.026	0.2507	0.7053	0.8711	0.2967	0.2707	0.3686	0.7183	0.1618	0.9111	0.3836	0.6853	0.9161	0.9211	0.012	0.4805	0.3586	0.8332	1	0.0749	0.5844	0.038	0.023	0.5934	0.003	0.8102	0.7562	0.0949	0.001	0.3007	0.2847	0.3886	0.1618	0.3566	0.043	0.0569	0.0589	0.04	0.004	0.0579	0.1489	0.6194	0.1948	0.019	0.1259	0.3736	0.032	0.8452	0.5255	0.001	0.5345	0.2358	0.993	0.005	0.3187	0.022	0.047	0.04	0.6254	0.9241	0.955	0.007	0.3237	0.049	0.001	0.004	0.5035	0.02	0.005	0.4525	0.002	0.8821	0.8821	0.01	0.001	0.1898	0.0909	0.001	0.002	0.7822	0.031	0.007	0.3067	0.1259	0.1499	0.003	0.4436	0.023	0.1718	0.5584	0.0829	0.3197	0.6304	0.6064	0.001	0.3986	0.1319	0.006	0.0719	0.996	0.001	0.003	0.6593	0.2108	0.3516	0.0789	0.0539	0.7772	0.3966	0.036	0.0779	0.012	0.001	0.003	0.002	0.018	0.0579	0.003	0.988	0.8561	0.3856	0.001	0.006	0.1748	0.3916	0.0799	0.3017	0.3826	0.8961	0.0769	0.0959	0.4595	0.004	0.029	0.003	0.6633	0.3137	0.8621	0.8901	0.2448	0.1419	0.0659	0.1449	0.001	0.012	0.04	0.2068	0.2488	0.0529	0.3307	0.0759	0.002	0.7353	0.014	0.0509	0.001	0.015	0.013	0.006	0.1618	0.1159	0.7053	0.0679	0.8791	0.007	0.7522	0.3506	0.7213	0.1738	0.984	0.006	0.003	0.6364	0.011	0.0769	0.6284	0.5255	0.01	0.8172	0.002	0.2987	0.01
Sg_G18_1	0.004	0.001	0.002	0.001	0.001	0.009	0.002	0.1738	0.001	0.005	0.001	0.049	0.3137	0.0659	0.039	0.2767	0.6044	0.001	0.5355	0.8442	0.0889	0.2927	0.024	0.016	0.7812	0.3217	0.1029	0.9111	0.03	0.026	0.021	0.1668	0.005	0.001	0.2577	0.001	0.001	0.2787	0.0609	0.5954	0.1219	0.7483	0.001	0.8651	0.001	0.001	0.041	0.001	0.016	0.001	0.8531	0.001	0.01	0.001	0.014	0.1109	0.001	0.2328	0.2248	0.8002	0.4106	0.001	0.002	0.001	0.7962	0.2118	0.5994	0.002	0.001	0.001	0.9261	0.7732	0.012	0.001	0.3117	0.3626	0.0509	0.001	0.6943	0.001	0.001	0.002	0.001	0.99	0.1259	0.0599	0.003	0.002	0.974	0.8781	0.0669	0.002	0.011	0.001	0.001	0.002	0.2398	0.4505	0.002	0.001	0.031	0.001	0.7672	0.2288	0.003	0.951	0.001	0.1718	0.001	0.014	0.3956	0.1239	0.4875	0.001	0.014	0.044	0.001	0.001	0.001	0.006	0.001	0.3367	0.001	0.988	0.01	0.0579	0.001	0.001	0.3407	0.006	0.1489	0.001	0.022	0.001	0.0769	0.0529	0.4705	0.035	0.001	0.001	0.003	0.0809	0.001	0.8671	0.002	0.001	0.011	0.6114	0.006	0.5864	0.3417	0.002	0.003	0.8661	0.001	0.004	0.1319	0.8452	0.2857	0.7223	0.8731	0.6284	0.005	0.1968	0.0509	0.7752	0.0749	1	0.004	0.001	0.5415	0.7123	0.001	0.002	0.5345	0.043	0.001	0.5135	0.001	0.001	0.1269	0.019	0.3257	0.9401	0.4356	0.005	0.001	0.999	0.003	0.1678	0.3756	0.0549	0.001	0.015	0.002	0.015	0.0649	0.001	0.9001	0.2707	0.8262	0.001	0.2977	0.002	0.1968	0.001	0.964	0.8811	0.002	0.001	0.1888	0.1998	0.002	0.001	0.6294	0.001	0.001	0.002	0.01	0.8252	0.6653	0.3626	0.001	0.033	0.6713	0.001	0.001	0.0519	0.001	0.001	0.001	0.039	0.022	0.002	0.003	0.001	0.7353	0.4286	0.033	0.049	0.002	0.001	0.001	0.002	0.8631	0.001	0.8851	0.004	0.006	0.001	0.039	0.002	0.0709	0.001	0.6414	0.0889	0.7682	0.005	0.004	0.3556	0.001	0.5684	0.003	0.002	0.0519	0.001	0.8561	0.008	0.001	0.001	0.004	0.0739	0.2787	0.6274	0.9451	0.2068	0.1359	0.001	0.0959	0.003	0.001	0.001	0.2428	0.6384	0.001	0.1568	0.1818	0.2338	0.049	0.001	0.001	0.001	0.001	0.001	0.3407	0.001	0.001	0.8681	0.002	0.001	0.9451	0.001	0.7073	0.001	0.4835	0.003	0.001	0.005	0.024	0.2947	0.014	0.9261	0.001	0.1019	0.005	0.017	0.001	0.016	0.001	0.001	0.008	0.002	0.001	0.001	0.049	0.4076	0.001	0.012	0.4875	0.001
Sg_G18_19	0.037	0.022	0.2298	0.5874	0.5574	0.001	0.1049	0.001	0.002	0.2148	0.001	0.4296	0.9231	0.001	0.001	0.7243	0.7223	0.008	0.2468	0.3956	0.001	0.1439	0.6743	0.5804	0.021	0.8611	0.1349	0.001	0.2717	0.3107	0.4306	0.009	0.2737	0.002	0.003	0.953	0.001	0.031	0.039	0.0659	0.0689	0.7612	0.7902	0.001	0.001	0.001	0.001	0.038	0.001	0.001	0.001	0.023	0.003	0.8541	0.001	0.3467	0.7483	0.001	0.1698	0.001	0.002	0.3357	0.1159	0.8172	0.4216	0.032	0.0869	0.3556	0.2368	0.4116	0.001	0.966	0.003	0.1309	0.021	0.018	0.0759	0.6753	0.002	0.2657	0.002	0.4296	0.002	0.1638	0.3047	0.005	0.5984	0.2717	0.005	0.7313	0.2088	0.009	0.008	0.001	0.0679	0.1049	0.008	0.2567	0.001	0.1878	0.001	0.011	0.001	0.001	0.2777	0.6224	0.001	0.009	0.02	0.001	0.001	0.6434	0.005	0.2168	0.001	0.2338	0.5465	0.0929	0.001	0.001	0.6663	0.1109	0.7073	0.003	0.0619	0.1169	0.003	0.9041	0.021	0.1848	0.2667	0.1189	0.4615	0.001	0.001	0.1688	0.1838	0.001	0.011	0.8761	0.3307	0.1179	0.026	0.4865	0.6054	0.983	0.001	0.019	0.024	0.6693	0.009	0.001	0.1419	0.3307	0.0869	0.001	0.5255	0.8531	0.1319	0.7562	0.4176	0.001	0.5844	0.014	0.001	0.1279	0.5844	0.004	1	0.007	0.001	0.4935	0.0849	0.001	0.025	0.018	0.7463	0.1578	0.2597	0.01	0.002	0.005	0.7453	0.5385	0.004	0.0959	0.002	0.008	0.034	0.009	0.0999	0.001	0.003	0.0609	0.001	0.001	0.006	0.2967	0.4376	0.0549	0.02	0.004	0.0829	0.002	0.006	0.009	0.4406	0.0509	0.001	0.3407	0.0699	0.3516	0.2368	0.003	0.9271	0.001	0.001	0.001	0.018	0.034	0.2887	0.5974	0.5894	0.3197	0.001	0.7003	0.5664	0.002	0.001	0.001	0.3886	0.8072	0.955	0.1279	0.1638	0.02	0.001	0.014	0.011	0.005	0.001	0.001	0.005	0.014	0.1658	0.3287	0.4236	0.001	0.1379	0.4515	0.021	0.8981	0.6553	0.004	0.007	0.3087	0.032	0.1518	0.0609	0.4655	0.048	0.1908	0.1988	0.001	0.5734	0.013	0.033	0.02	0.001	0.1349	0.3586	0.3506	0.002	0.002	0.4096	0.4046	0.002	0.016	0.2148	0.001	0.3746	0.012	0.001	0.1029	0.001	0.03	0.4486	0.6903	0.001	0.6613	0.001	0.7672	0.001	0.8082	0.1099	0.002	0.001	0.0759	0.032	0.5604	0.1838	0.023	0.001	0.963	0.001	0.0759	0.5305	0.001	0.2338	0.002	0.3407	0.0999	0.2178	0.001	0.002	0.1499	0.017	0.0809	0.1049	0.002	0.05	0.4705	0.001	0.001	0.042	0.001	0.001	0.5894	0.0569	0.7013
Sg_G19_41	0.027	0.001	0.049	0.001	0.004	0.02	0.007	0.3796	0.001	0.4705	0.001	0.0569	0.1229	0.006	0.003	0.5465	0.002	0.001	0.045	0.1758	0.006	0.1319	0.1279	0.2348	0.9011	0.2707	0.8891	0.2388	0.002	0.006	0.1828	0.2997	0.5075	0.001	0.007	0.017	0.001	0.0769	0.2168	0.972	0.2028	0.1029	0.007	0.037	0.001	0.008	0.0709	0.033	0.019	0.005	0.1189	0.015	0.1249	0.022	0.1838	0.2058	0.038	0.9201	0.3097	0.0709	0.4995	0.016	0.0719	0.038	0.039	0.992	0.95	0.1459	0.018	0.012	0.5594	0.026	0.003	0.027	0.3247	0.0979	0.006	0.011	0.8571	0.021	0.0529	0.1199	0.001	0.044	0.2537	0.009	0.5844	0.4645	0.9421	0.2278	0.0849	0.004	0.006	0.005	0.0819	0.0569	0.0929	0.7043	0.3207	0.003	0.037	0.0739	0.7592	0.1538	0.019	0.1389	0.017	0.2058	0.0529	0.002	0.2238	0.0629	0.3347	0.036	0.03	0.014	0.0849	0.032	0.003	0.014	0.2388	0.5684	0.1209	0.0629	0.1548	0.5135	0.2258	0.0659	0.7013	0.0829	0.8032	0.001	0.3067	0.001	0.1978	0.041	0.037	0.2168	0.001	0.026	0.2008	0.6753	0.001	0.1568	0.1159	0.0979	0.1429	0.5784	0.0989	0.039	0.6833	0.035	0.2987	0.3397	0.038	0.1229	0.005	0.0579	0.5435	0.1159	0.019	0.5335	0.004	0.7333	0.2238	0.7343	0.038	0.001	0.007	1	0.0999	0.0569	0.006	0.1059	0.0969	0.7802	0.005	0.952	0.1279	0.01	0.2308	0.1888	0.6034	0.5235	0.1369	0.956	0.007	0.0999	0.007	0.2667	0.0699	0.8551	0.0879	0.9011	0.004	0.037	0.983	0.001	0.011	0.0739	0.5844	0.001	0.1828	0.0749	0.2408	0.003	0.6613	0.9411	0.001	0.001	0.6214	0.022	0.018	0.001	0.2847	0.001	0.001	0.002	0.1359	0.2488	0.001	0.6583	0.014	0.3447	0.2258	0.1299	0.0589	0.974	0.001	0.001	0.8611	0.013	0.3606	0.2058	0.3267	0.2198	0.0949	0.1638	0.2717	0.009	0.025	0.3716	0.001	0.0729	0.9311	0.0619	0.3447	0.0559	0.3786	0.5614	0.008	0.8162	0.019	0.006	0.6244	0.039	0.4156	0.2258	0.0679	0.9271	0.001	0.5714	0.4326	0.001	0.4136	0.002	0.957	0.4156	0.009	0.026	0.026	0.5714	0.7433	0.038	0.0699	0.3766	0.9461	0.0649	0.9351	0.003	0.002	0.1139	0.3407	0.1568	0.001	0.0579	0.5255	0.0539	0.1608	0.2318	0.001	0.005	0.011	0.001	0.036	0.001	0.001	0.0819	0.4615	0.001	0.4545	0.001	0.7762	0.01	0.7522	0.006	0.017	0.004	0.8422	0.6643	0.014	0.9331	0.018	0.015	0.036	0.0959	0.018	0.01	0.1718	0.001	0.003	0.004	0.001	0.002	0.5744	0.3676	0.012	0.037	0.5974	0.008
Sg_G21_58	0.039	0.1199	0.024	0.003	0.009	0.0669	0.016	0.005	0.6434	0.048	0.4026	0.001	0.7862	0.3007	0.046	0.2198	0.3686	0.2697	0.7413	0.5574	0.5644	0.001	0.001	0.0729	0.001	0.963	0.2907	0.002	0.004	0.001	0.004	0.2008	0.002	0.1009	0.6883	0.005	0.7932	0.001	0.0739	1	0.7562	0.4156	0.001	0.01	0.5325	0.6963	0.003	0.3337	0.9201	0.7902	0.006	0.2917	0.2617	0.048	0.5614	0.3736	0.001	0.001	0.1029	0.003	0.8012	0.048	0.1838	0.002	0.969	0.002	0.4486	0.1009	0.004	0.0899	0.001	0.1568	0.8142	0.028	0.007	0.001	0.4156	0.0589	0.003	0.3077	0.8631	0.1389	0.1578	0.8192	0.1069	0.1029	0.2567	0.002	0.0919	0.2747	0.029	0.036	0.1938	0.5794	0.046	0.0509	0.4146	0.1319	0.4745	0.5035	0.041	0.8781	0.001	0.2218	0.001	0.8082	0.5994	0.1069	0.7802	0.004	0.019	0.3766	0.99	0.1508	0.1379	0.002	0.1918	0.0729	0.9021	0.2208	0.1528	0.6863	0.02	0.1588	0.5245	0.001	0.5734	0.001	0.4496	0.0879	0.05	0.004	0.0579	0.8711	0.019	0.001	0.8591	0.7662	0.9481	0.001	0.1339	0.1678	0.0539	0.6863	0.8711	0.006	0.2028	0.7403	0.011	0.0919	0.3087	0.2278	0.026	0.7283	0.4595	0.2488	0.1419	0.6014	0.002	0.3636	0.992	0.039	0.2088	0.009	0.0769	0.4016	0.023	0.5415	0.001	0.0999	1	0.8561	0.3566	0.6104	0.4486	0.1688	0.003	0.3516	0.1369	0.1878	0.0989	0.3946	0.003	0.014	0.001	0.5265	0.3357	0.019	0.4835	0.3237	0.001	0.001	0.3956	0.2098	0.6533	0.027	0.2617	0.001	0.4835	0.001	0.6693	0.0629	0.036	0.9051	0.3157	0.2258	0.2078	0.023	0.6224	0.001	0.1039	0.9261	0.9331	0.1678	0.4236	0.6613	0.5944	0.6014	0.001	0.3317	0.3736	0.4755	0.1269	0.3996	0.001	0.005	0.0899	0.5055	0.7423	0.5055	0.6943	0.0799	0.1928	0.006	0.8072	0.1129	0.027	0.3347	0.0999	0.1059	0.4116	0.8881	0.4146	0.2278	0.0639	0.0829	0.1129	0.953	0.4795	0.1788	0.7532	0.8641	0.001	0.6903	0.004	0.5465	0.0809	0.0929	0.1169	0.1419	0.018	0.036	0.002	0.5724	0.049	0.2118	0.001	0.8661	0.3057	0.2028	0.001	0.8392	0.001	0.001	0.3876	0.4166	0.5744	0.957	0.7502	0.9111	0.001	0.9151	0.006	0.001	0.8012	0.5954	0.3107	0.9241	0.044	0.006	0.5914	0.006	0.1748	0.034	0.001	0.6064	0.3986	0.1349	0.0819	0.003	0.1469	0.04	0.001	0.001	0.001	0.5165	0.003	0.5335	0.1009	0.4835	0.001	0.4406	0.004	0.001	0.9491	0.6294	0.2088	0.6454	0.1538	0.0769	0.8292	0.004	0.5714	0.974	0.5305	0.001	0.6324	0.001	0.4885	0.005
Sg_G22_16	0.8591	0.05	0.8102	0.3157	0.6164	0.8831	0.3576	0.995	0.0919	0.0659	0.045	0.2048	0.001	0.0849	0.038	0.6633	0.0609	0.012	0.001	0.001	0.043	0.5295	0.8152	0.028	0.8462	0.1259	0.001	0.7073	0.8901	0.8981	0.6034	0.8162	0.8032	0.2208	0.1039	0.5614	0.0669	0.6254	0.1978	0.1598	0.024	0.3397	0.7922	0.0599	0.027	0.6244	0.7103	0.8781	0.4286	0.9351	0.5455	0.2717	0.029	0.3966	0.8402	0.1808	0.9431	0.044	0.1768	0.2018	0.5325	0.5015	0.2108	0.3467	0.001	0.5085	0.4635	0.5295	0.0909	0.2088	0.5944	0.001	0.009	0.6224	0.0839	0.4096	0.3626	0.8362	0.008	0.7572	0.7792	0.5644	0.006	0.032	0.3526	0.4555	0.01	0.1528	0.3137	0.1269	0.0509	0.9201	0.2627	0.9201	0.8881	0.2887	0.4156	0.6583	0.5245	0.5345	0.5335	0.2897	0.954	0.8012	0.4965	0.001	0.5005	0.6573	0.6274	0.3816	0.4216	0.4735	0.0509	0.6663	0.972	0.6134	0.5465	0.8501	0.1768	0.7652	0.5165	0.2637	0.957	0.001	0.6334	0.017	0.3007	0.4545	0.8142	0.8272	0.6663	0.3816	0.2318	0.002	0.6603	0.6154	0.001	0.954	0.008	0.7123	0.8941	0.9271	0.4605	0.001	0.2498	0.2368	0.3357	0.5415	0.7982	0.001	0.2098	0.2577	0.0619	0.1239	0.2158	0.2587	0.2947	0.001	0.4146	0.999	0.2488	0.001	0.0979	0.7443	0.8192	0.3986	0.5934	0.7123	0.4935	0.0569	0.8561	1	0.3876	0.1728	0.1479	0.1998	0.3826	0.2198	0.4476	0.4865	0.7622	0.6863	0.045	0.1978	0.8911	0.5534	0.0949	0.0569	0.013	0.001	0.1648	0.0879	0.1409	0.6713	0.037	0.2128	0.1419	0.2458	0.001	0.9111	0.6254	0.1139	0.8142	0.8561	0.037	0.8801	0.7143	0.9331	0.009	0.3297	0.008	0.001	0.6893	0.1499	0.001	0.042	0.1988	0.9081	0.8292	0.3167	0.4116	0.5564	0.1379	0.8142	0.6563	0.7612	0.1628	0.3027	0.1459	0.3497	0.1219	0.7672	0.981	0.7093	0.6304	0.6054	0.1179	0.001	0.997	0.8671	0.3167	0.984	0.1279	0.0889	0.2388	0.4366	0.2468	0.6713	0.969	0.969	0.0529	0.7123	0.986	0.7712	0.2607	0.1409	0.3806	0.3437	0.6244	0.8601	0.2887	0.8062	0.7403	0.0609	0.1339	0.0759	0.5834	0.0669	0.8691	0.7443	0.5145	0.8232	0.0819	0.2108	0.001	0.7692	0.2098	0.035	0.3157	0.2018	0.0919	0.1069	0.7702	0.5495	0.1049	0.2897	0.5495	0.001	0.1768	0.9451	0.0739	0.9491	0.7602	0.6753	0.6174	0.001	0.3227	0.3566	0.3437	0.2637	0.1868	0.4186	0.001	0.8741	0.1469	0.8651	0.0919	0.6653	0.6533	0.1948	0.2398	0.5095	0.4945	0.7403	0.2667	0.6114	0.1439	0.7143	0.8501	0.3097	0.007	0.3576	0.02	0.3047	0.5295	0.0669	0.3846	0.6014	0.9171	0.5285
Sg_G26_10	0.002	0.002	0.006	0.1039	0.001	0.2218	0.016	0.7183	0.002	0.001	0.001	0.9011	0.2368	0.2188	0.3586	0.032	0.8372	0.001	0.4106	0.01	0.4955	0.047	0.001	0.001	0.8482	0.4396	0.001	0.3506	0.046	0.6923	0.015	0.1668	0.001	0.001	0.8052	0.2877	0.003	0.6683	0.005	0.5654	0.6074	0.6533	0.001	0.0899	0.001	0.005	0.0859	0.001	0.1159	0.001	0.5495	0.0559	0.035	0.001	0.6224	0.019	0.003	0.032	0.0869	0.6074	0.9311	0.002	0.1149	0.001	0.02	0.037	0.1548	0.001	0.001	0.0589	0.0719	0.1528	0.8911	0.001	0.001	0.1628	0.6084	0.001	0.022	0.001	0.001	0.002	0.002	0.008	0.7153	0.014	0.001	0.004	0.1628	0.6494	0.1558	0.5834	0.031	0.013	0.0679	0.001	0.1159	0.014	0.017	0.001	0.8981	0.001	0.6753	0.1109	0.7133	0.042	0.038	0.042	0.001	0.6334	0.6983	0.1768	0.8851	0.001	0.0649	0.967	0.002	0.001	0.0609	0.0569	0.001	0.2517	0.004	0.2018	0.003	0.004	0.012	0.001	0.8531	0.001	0.3147	0.001	0.003	0.012	0.3756	0.008	0.017	0.989	0.003	0.001	0.001	0.1129	0.001	0.3996	0.2947	0.001	0.1179	0.5654	0.013	0.4635	0.4356	0.027	0.2278	0.2018	0.001	0.001	0.1089	0.037	0.951	0.029	0.7802	0.2458	0.034	0.963	0.018	0.1039	0.003	0.001	0.0849	0.006	0.3566	0.3876	1	0.021	0.2687	0.2168	0.001	0.7193	0.001	0.048	0.014	0.001	0.7972	0.2537	0.0879	0.001	0.001	0.3107	0.001	0.3916	0.4246	0.006	0.001	0.018	0.001	0.2587	0.3277	0.001	0.2008	0.6883	0.1249	0.001	0.8831	0.031	0.2797	0.001	0.1628	0.4176	0.0769	0.001	0.023	0.5095	0.006	0.001	0.2108	0.011	0.002	0.001	0.008	0.1379	0.3177	0.3487	0.001	0.2458	0.0769	0.001	0.001	0.3247	0.001	0.001	0.026	0.6863	0.0609	0.001	0.001	0.001	0.1998	0.5165	0.1309	0.0689	0.011	0.009	0.001	0.037	0.014	0.001	0.4496	0.045	0.001	0.001	0.022	0.001	0.8222	0.022	0.02	0.2468	0.0569	0.001	0.2038	0.047	0.001	0.001	0.009	0.003	0.0559	0.001	0.955	0.1668	0.001	0.001	0.001	0.1868	0.8382	0.1109	0.2567	0.4496	0.6214	0.013	0.018	0.1059	0.008	0.002	0.008	0.7692	0.1598	0.2647	0.1019	0.2787	0.5844	0.001	0.038	0.001	0.001	0.4246	0.9321	0.1808	0.002	0.956	0.018	0.001	0.966	0.001	0.03	0.001	0.021	0.02	0.001	0.004	0.001	0.7812	0.7622	0.8072	0.001	0.1469	0.0579	0.7642	0.001	0.018	0.001	0.001	0.025	0.001	0.002	0.006	0.2418	0.1638	0.003	0.001	0.4396	0.001
Sg_G26_22	0.2617	0.001	0.005	0.032	0.001	0.001	0.038	0.001	0.001	0.018	0.038	0.2557	0.1019	0.001	0.034	0.013	0.6863	0.018	0.5544	0.4196	0.017	0.2348	0.1399	0.018	0.6853	0.1938	0.002	0.6893	0.004	0.1678	0.7383	0.1948	0.3417	0.001	0.0779	0.002	0.001	0.994	0.1109	0.002	0.015	0.1379	0.3417	0.1119	0.001	0.001	0.047	0.0569	0.001	0.001	0.003	0.1159	0.001	0.001	0.001	0.6593	0.007	0.8092	0.6583	0.0839	0.021	0.0889	0.003	0.009	0.2288	0.9171	0.9401	0.3666	0.001	0.002	0.7413	0.1688	0.4565	0.001	0.5744	0.4386	0.0969	0.003	0.5924	0.6474	0.001	0.2557	0.001	0.4705	0.1339	0.013	0.009	0.001	0.3516	0.4645	0.3866	0.026	0.03	0.001	0.001	0.001	0.9381	0.7393	0.001	0.001	0.008	0.001	0.8352	0.4715	0.4885	0.2977	0.001	0.4396	0.1269	0.002	0.003	0.5684	0.044	0.2547	0.001	0.8581	0.029	0.009	0.001	0.001	0.2987	0.4875	0.024	0.6054	0.5365	0.007	0.006	0.1049	0.5794	0.032	0.7962	0.001	0.0509	0.003	0.2867	0.1049	0.0829	0.001	0.017	0.1359	0.0769	0.002	0.001	0.1568	0.029	0.003	0.001	0.015	0.001	0.2967	0.005	0.001	0.002	0.1998	0.001	0.001	0.4376	0.6903	0.3516	0.7762	0.8521	0.5944	0.9001	0.005	0.001	0.013	0.8102	0.002	0.001	0.1059	0.6104	0.1728	0.021	1	0.6414	0.006	0.2697	0.4086	0.002	0.001	0.1598	0.041	0.3257	0.5684	0.8831	0.007	0.009	0.1988	0.001	0.7912	0.1159	0.2488	0.001	0.001	0.003	0.1029	0.008	0.006	0.4366	0.7922	0.006	0.001	0.4635	0.1019	0.5035	0.001	0.4925	0.8012	0.003	0.008	0.032	0.9021	0.7732	0.001	0.2747	0.001	0.004	0.001	0.1369	0.0599	0.7562	0.032	0.027	0.0809	0.4525	0.6673	0.1648	0.004	0.001	0.001	0.002	0.9471	0.2617	0.009	0.001	0.002	0.1548	0.7383	0.3656	0.4016	0.001	0.001	0.001	0.002	0.4555	0.0769	0.2138	0.001	0.6454	0.0879	0.024	0.001	0.1888	0.017	0.7263	0.019	0.6813	0.019	0.003	0.0539	0.001	0.4146	0.5125	0.001	0.007	0.003	0.4026	0.2098	0.001	0.036	0.0559	0.1588	0.1628	0.5834	0.2747	0.0889	0.008	0.0539	0.036	0.001	0.042	0.03	0.2038	0.7113	0.001	0.0849	0.8032	0.1658	0.001	0.001	0.001	0.005	0.006	0.017	0.8801	0.1459	0.001	0.3656	0.001	0.002	0.1409	0.001	0.6873	0.01	0.1998	0.4296	0.001	0.001	0.048	0.001	0.1489	0.3177	0.012	0.4116	0.001	0.6593	0.001	0.001	0.1089	0.001	0.3556	0.032	0.006	0.001	0.011	0.7423	0.001	0.009	0.5524	0.036
Sg_G26_28	0.6763	0.5375	0.5275	0.4126	0.7852	0.3027	0.0949	0.0719	0.2418	0.8352	0.7163	0.968	0.0629	0.5544	0.8671	0.6274	0.0869	0.5944	0.0589	0.1628	0.3017	0.991	0.2817	0.1199	0.1089	0.007	0.1429	0.001	0.8531	0.9001	0.004	0.3477	0.0799	0.3986	0.024	0.2717	0.8432	0.7742	0.1698	0.6853	0.7972	0.6354	0.5005	0.1588	0.955	0.4096	0.005	0.6364	1	0.9371	0.6174	0.1099	0.6533	0.4625	0.4366	0.8651	0.4226	0.1019	0.4226	0.5824	0.2817	0.8082	0.0709	0.5225	0.2208	0.989	0.6314	0.1199	0.8072	0.1548	0.5974	0.1638	0.7283	0.977	0.1518	0.8801	0.2308	0.9361	0.8472	0.039	0.5954	0.8382	0.7752	0.7083	0.1538	0.007	0.2677	0.2348	0.7273	0.005	0.001	0.4525	0.7023	0.951	0.4945	0.998	0.2787	0.3646	0.6224	0.3237	0.2208	0.8771	0.001	0.005	0.1538	0.2178	0.5475	0.0689	0.1079	0.2488	0.0629	0.0799	0.036	0.6074	0.1568	0.8102	0.2178	0.3307	0.2877	0.4476	0.2408	0.4166	0.6294	0.5135	0.026	0.1089	0.4765	0.8951	0.017	0.6484	0.1728	0.3077	0.3696	0.4336	0.0609	0.3087	0.2288	0.2987	0.8611	0.1399	0.963	0.3666	0.7343	0.1499	0.047	0.0649	0.3526	0.7632	0.5784	0.0669	0.4895	0.1538	0.1249	0.2108	0.5205	0.7792	0.3766	0.1708	0.1269	0.4575	0.035	0.5195	0.6523	0.953	0.7652	0.3487	0.7562	0.5345	0.025	0.0969	0.4486	0.1479	0.2687	0.6414	1	0.3177	0.6154	0.008	0.2677	0.5914	0.02	0.7153	0.991	0.1818	0.3427	0.1908	0.4715	0.0769	0.023	0.1139	0.7463	0.011	0.3776	0.6533	0.1918	0.1449	1	0.1978	0.2547	0.6803	0.8122	0.3566	0.0639	0.5215	0.6144	0.3097	0.3736	0.1968	0.2348	0.2817	0.3267	0.4635	0.4955	0.5864	0.0799	0.5634	0.6993	0.6733	0.002	0.0769	0.8941	0.8262	0.957	0.6284	0.2697	0.6873	0.5135	0.4795	0.9211	0.3137	0.974	0.3596	0.7423	0.9101	0.0799	0.3217	0.8721	0.2088	0.1029	0.6414	0.2458	0.2458	0.9401	0.967	0.3746	0.1249	0.7273	0.7762	0.1848	0.4366	0.8172	0.4226	0.6943	0.8921	0.1419	0.1838	0.951	0.6613	0.8921	0.5385	0.2807	0.3606	0.1508	0.8112	0.8152	0.6813	0.1499	0.8851	0.4476	0.5185	0.5754	0.8492	0.3137	0.3746	0.0669	0.6154	0.2268	0.4236	0.2408	0.1439	0.015	0.5784	0.6244	0.5105	0.2208	0.3257	0.3676	0.0789	0.2328	0.1389	0.2318	0.0849	0.7662	0.5734	0.8501	0.5375	0.7373	0.6673	0.96	0.0509	0.0979	0.3357	0.954	0.2777	0.7882	0.0529	0.036	0.971	0.3596	0.1888	0.8392	0.3946	0.1489	0.1538	0.7782	0.2747	0.1668	0.8831	0.6064	0.8262	0.6194	0.6184	0.5435	0.3307	0.4476	0.6044	0.7972	0.4186	0.3167	0.007
Sg_G29_33	0.1568	0.001	0.002	0.2448	0.02	0.028	0.0599	0.001	0.006	0.3846	0.0829	0.0719	0.1129	0.01	0.001	0.011	0.4396	0.0629	0.0759	0.4006	0.1059	0.8072	0.038	0.039	0.3217	0.9141	0.013	0.8561	0.021	0.4026	0.2038	0.3856	0.033	0.001	0.1339	0.0619	0.002	0.7343	0.002	0.016	0.2667	0.3696	0.0789	0.8901	0.001	0.001	0.1059	0.0749	0.011	0.001	0.036	0.2867	0.002	0.0549	0.001	0.2188	0.002	0.8971	0.1289	0.4795	0.001	0.003	0.001	0.001	0.3706	0.3077	0.7103	0.1179	0.004	0.0969	0.1119	0.6264	0.0919	0.008	0.6184	0.1139	0.3067	0.015	0.3327	0.1049	0.001	0.044	0.004	0.3536	0.002	0.3267	0.1019	0.001	0.1379	0.3127	0.6973	0.8771	0.6224	0.002	0.003	0.005	0.3616	0.1359	0.002	0.0819	0.038	0.01	0.8012	0.046	0.0759	0.1499	0.001	0.7423	0.0649	0.3437	0.01	0.4785	0.015	0.0709	0.001	0.3297	0.1219	0.03	0.012	0.001	0.0709	0.4316	0.027	0.1748	0.5375	0.019	0.019	0.049	0.4326	0.045	0.1469	0.003	0.014	0.001	0.2428	0.006	0.2617	0.003	0.018	0.004	0.003	0.001	0.005	0.3536	0.031	0.023	0.001	0.007	0.001	0.5365	0.001	0.001	0.001	0.4735	0.003	0.001	0.6404	0.1858	0.2318	0.6903	0.2148	0.1978	0.0599	0.0729	0.003	0.005	0.0949	0.043	0.018	0.7802	0.1688	0.1998	0.2168	0.006	0.3177	1	0.3926	0.2537	0.2657	0.004	0.2398	0.001	0.001	0.6024	0.017	0.002	0.048	0.4186	0.012	0.0749	0.0849	0.7363	0.002	0.001	0.004	0.965	0.001	0.002	0.4276	0.7023	0.001	0.001	0.0569	0.0659	0.1369	0.001	0.026	0.1429	0.1419	0.001	0.4775	0.2977	0.5185	0.001	0.1858	0.001	0.014	0.022	0.3007	0.2488	0.0959	0.0649	0.0649	0.2687	0.1958	0.007	0.1518	0.001	0.006	0.003	0.0989	0.3746	0.02	0.001	0.013	0.001	0.4675	0.0799	0.1319	0.6753	0.001	0.001	0.001	0.4605	0.2108	0.005	0.0519	0.001	0.1718	0.042	0.5165	0.4905	0.2118	0.0509	0.2308	0.8541	0.2208	0.6903	0.0659	0.0599	0.001	0.3566	0.2438	0.004	0.001	0.016	0.027	0.0529	0.001	0.1219	0.042	0.4795	0.9091	0.6134	0.1289	0.1508	0.001	0.019	0.022	0.008	0.0909	0.005	0.8521	0.8082	0.001	0.2408	0.6424	0.4525	0.002	0.001	0.005	0.046	0.003	0.8492	0.4895	0.001	0.004	0.031	0.001	0.004	0.1668	0.003	0.1558	0.001	0.047	0.048	0.001	0.001	0.016	0.002	0.0559	0.031	0.035	0.6454	0.009	0.5664	0.004	0.0819	0.002	0.001	0.2328	0.1279	0.023	0.001	0.001	0.3856	0.001	0.022	0.1389	0.044
Sg_G33_7	0.001	0.001	0.001	0.001	0.001	0.2587	0.001	0.2258	0.002	0.004	0.004	0.002	0.4905	0.3666	0.1039	0.1638	0.7552	0.001	0.3586	0.043	0.6883	0.0599	0.001	0.001	0.003	0.3846	0.005	0.0759	0.027	0.007	0.001	0.4286	0.001	0.001	0.3996	0.005	0.001	0.026	0.001	0.955	0.7952	0.6224	0.001	0.0629	0.001	0.009	0.3806	0.001	0.8571	0.0569	0.4266	0.001	0.1469	0.001	0.7522	0.1109	0.001	0.001	0.012	0.1469	0.6264	0.001	0.027	0.001	0.0619	0.001	0.4496	0.001	0.001	0.001	0.004	0.5544	0.7433	0.001	0.016	0.001	0.0689	0.001	0.007	0.002	0.014	0.002	0.001	0.4565	0.3506	0.6094	0.001	0.037	0.7892	0.6424	0.2627	0.6394	0.2078	0.2328	0.002	0.0829	0.3986	0.3197	0.2687	0.004	0.9351	0.009	0.013	0.1269	0.001	0.049	0.1998	0.9481	0.001	0.1988	0.0719	0.003	0.7303	0.001	0.7213	0.022	0.001	0.001	0.1698	0.8112	0.001	0.2647	0.002	0.027	0.005	0.002	0.3377	0.001	0.02	0.001	0.018	0.001	0.002	0.003	0.4575	0.001	0.1219	0.9011	0.001	0.001	0.001	0.7493	0.001	0.7443	0.1239	0.001	0.2787	0.2258	0.005	0.953	0.9031	0.2438	0.2288	0.6434	0.003	0.03	0.0879	0.032	0.1039	0.4575	0.8781	0.033	0.003	0.01	0.3536	0.954	0.001	0.001	0.7463	0.005	0.003	0.3826	0.001	0.2697	0.6154	0.3926	1	0.3826	0.004	0.004	0.9091	0.007	0.4006	0.0789	0.003	0.035	0.001	0.001	0.002	0.1199	0.01	0.002	0.004	0.2178	0.029	0.5994	0.5894	0.001	0.0939	0.019	0.6543	0.001	0.4176	0.003	0.1868	0.001	0.2857	0.0529	0.3207	0.001	0.026	0.6094	0.017	0.001	0.7133	0.001	0.001	0.011	0.001	0.2707	0.2897	0.034	0.001	0.7133	0.001	0.001	0.001	0.8971	0.004	0.006	0.0689	0.015	0.011	0.001	0.1319	0.001	0.0509	0.1369	0.0849	0.2218	0.1708	0.2178	0.001	0.2258	0.3447	0.001	0.012	0.3387	0.001	0.001	0.0919	0.01	0.011	0.0749	0.017	0.5245	0.2517	0.004	0.006	0.1219	0.001	0.001	0.001	0.017	0.0999	0.001	0.1618	0.028	0.007	0.001	0.001	0.1678	0.0869	0.001	0.7173	0.2358	0.6563	0.002	0.0579	0.1918	0.001	0.005	0.001	0.1359	0.026	0.7363	0.2478	0.4056	0.3267	0.004	0.004	0.001	0.001	0.001	0.026	0.017	0.001	0.2957	0.0659	0.001	0.1169	0.002	0.001	0.001	0.013	0.015	0.001	0.017	0.001	0.974	0.011	0.6723	0.001	0.6603	0.3277	0.0749	0.002	0.2238	0.001	0.001	0.2018	0.001	0.002	0.027	0.8322	0.001	0.1728	0.001	0.5694	0.002
Sg_G37_59	0.9231	0.3227	0.0609	0.6104	0.0809	0.5445	0.982	0.011	0.6434	0.969	0.8362	0.8571	0.5245	0.2248	0.7952	0.8551	0.0569	0.7922	0.2008	0.5105	0.4296	0.2358	0.1688	0.03	0.4496	0.002	0.1179	0.03	0.992	0.7972	0.2757	0.1279	0.4935	0.3377	0.7722	0.2268	0.5265	0.6374	0.0829	0.2897	0.1978	0.8551	0.7043	0.0809	0.5365	0.5854	0.1978	0.1678	0.2887	0.6294	0.1069	0.4366	0.6833	0.1848	0.3816	0.8631	0.1548	0.9391	0.2028	0.5145	0.0819	0.2258	0.1988	0.6194	0.4545	0.5085	0.0719	0.0589	0.6603	0.6464	0.2947	0.4026	0.8661	0.5824	0.2677	0.986	0.8911	0.8182	0.1518	0.2507	0.7842	0.9331	0.7053	0.1179	0.4366	0.3706	0.3916	0.4136	0.7013	0.2038	0.016	0.7582	0.029	0.7413	0.4575	0.0849	0.5365	0.2038	0.3716	0.035	0.032	0.3337	0.045	0.0939	0.7013	0.6324	0.7193	0.3197	0.0689	0.2517	0.5644	0.1838	0.031	0.2907	0.9021	0.8601	0.8701	0.967	0.6783	0.9391	0.2458	0.0869	0.7183	0.2308	0.3287	0.4805	0.6533	0.5544	0.005	0.953	0.025	0.5435	0.7982	0.0599	0.041	0.1159	0.2957	0.6174	0.5395	0.4026	0.7952	0.1988	0.9391	0.3916	0.967	0.5884	0.2248	0.6803	0.3706	0.4865	0.1518	0.2128	0.9091	0.8282	0.7173	0.4406	0.3856	0.3606	0.4865	0.8362	0.3926	0.5674	0.3147	0.8272	0.6434	0.4855	0.3007	0.5135	0.1578	0.952	0.3516	0.2198	0.7193	0.4086	0.008	0.2537	0.3826	1	0.007	0.6583	0.1588	0.7193	0.2967	0.4476	0.4905	0.6743	0.9151	0.3387	0.0539	0.1988	0.7792	0.0819	0.2428	0.0969	0.4156	0.2008	0.1998	0.3147	0.3187	0.7443	0.8232	0.5245	0.3447	0.8781	0.6543	0.9451	0.5335	0.4076	0.0539	0.3906	0.6963	0.2358	0.045	0.7413	0.961	0.4456	0.7293	0.6434	0.0729	0.1479	0.05	0.4535	0.7403	0.001	0.1798	0.5744	0.031	0.1119	0.964	0.0909	0.2717	0.2498	0.002	0.1449	0.3097	0.7822	0.3067	0.2547	0.025	0.9351	0.5554	0.3586	0.4835	0.4496	0.7782	0.3606	0.035	0.6144	0.1149	0.994	0.014	0.5205	0.7393	0.4565	0.032	0.1029	0.6344	0.048	0.1079	0.3866	0.5554	0.3926	0.969	0.4745	0.0719	0.5894	0.969	0.9441	0.2318	0.5385	0.9061	0.7043	0.0909	0.1139	0.4585	0.3317	0.1229	0.6773	0.7203	0.1309	0.0759	0.2667	0.6234	0.8541	0.2108	0.7852	0.0579	0.4565	0.3067	0.4166	0.6164	0.047	0.9141	0.6204	0.8172	0.7692	0.5235	0.2647	0.1479	0.1339	0.2388	0.4885	0.6623	0.1958	0.5305	0.0819	0.1598	0.7992	0.7672	0.046	0.6084	0.3427	0.3107	0.1558	0.4076	0.8511	0.049	0.4615	0.4985	0.7982	0.007	0.0699	0.2617	0.5744	0.021	0.8851	0.7053	0.2008	0.1918	0.1998
Sg_G39_28	0.001	0.001	0.001	0.007	0.001	0.1479	0.004	0.6993	0.023	0.001	0.002	0.6174	0.3586	0.1748	0.1798	0.042	0.991	0.03	0.962	0.033	0.038	0.0539	0.001	0.007	0.8222	0.1119	0.001	0.0609	0.01	0.1429	0.001	0.021	0.001	0.001	0.2198	0.014	0.006	0.0559	0.016	0.8112	0.042	0.7892	0.001	0.1518	0.015	0.001	0.3397	0.005	0.003	0.001	0.4206	0.02	0.008	0.001	0.3357	0.016	0.001	0.013	0.042	0.5814	0.5105	0.0819	0.5874	0.006	0.1169	0.1548	0.05	0.026	0.001	0.003	0.048	0.0559	0.9441	0.001	0.002	0.3057	0.6274	0.001	0.015	0.01	0.001	0.2128	0.015	0.002	0.7153	0.1229	0.001	0.001	0.3996	0.1538	0.001	0.5045	0.0509	0.001	0.017	0.001	0.9291	0.7093	0.001	0.001	0.7183	0.001	0.0659	0.6484	0.0689	0.0609	0.022	0.2657	0.2268	0.3237	0.5385	0.5405	0.4565	0.008	0.0599	0.2008	0.004	0.001	0.1658	0.027	0.004	0.0719	0.001	0.5125	0.0689	0.001	0.009	0.001	0.046	0.005	0.7572	0.001	0.004	0.0909	0.018	0.005	0.0659	0.5495	0.1149	0.001	0.003	0.1898	0.001	0.5455	0.0969	0.001	0.1489	0.1189	0.014	0.7033	0.5644	0.0549	0.1139	0.1329	0.001	0.001	0.027	0.038	0.2657	0.0799	0.8901	0.5445	0.3596	0.4585	0.001	0.027	0.2847	0.001	0.2597	0.1279	0.1369	0.4476	0.001	0.002	0.2677	0.2657	0.004	0.007	1	0.002	0.9331	0.0729	0.3337	0.0899	0.1089	0.004	0.002	0.3217	0.001	0.7622	0.2218	0.001	0.001	0.0989	0.01	0.0869	0.4705	0.001	0.5984	0.1998	0.007	0.001	0.3876	0.002	0.1588	0.001	0.2488	0.3546	0.0699	0.003	0.014	0.5904	0.1778	0.002	0.1908	0.007	0.013	0.002	0.001	0.1419	0.6334	0.1618	0.001	0.002	0.013	0.001	0.003	0.7642	0.001	0.002	0.005	0.7203	0.3916	0.001	0.001	0.001	0.6424	1	0.99	0.1628	0.006	0.001	0.002	0.3786	0.026	0.011	0.7303	0.006	0.0979	0.001	0.014	0.001	0.1309	0.006	0.017	0.0579	0.2468	0.001	0.1159	0.045	0.002	0.003	0.05	0.1628	0.049	0.002	0.8202	0.2637	0.001	0.001	0.001	0.003	0.0589	0.032	0.3746	0.0569	0.8861	0.0559	0.012	0.1119	0.003	0.0739	0.0979	0.2747	0.1059	0.8961	0.4895	0.5075	0.6553	0.001	0.029	0.001	0.001	0.039	0.2817	0.4635	0.001	0.7572	0.0559	0.001	0.6993	0.001	0.017	0.001	0.016	0.3037	0.001	0.001	0.011	0.6214	0.4565	0.4236	0.001	0.7802	0.001	0.1329	0.001	0.007	0.001	0.001	0.0549	0.001	0.037	0.001	0.7123	0.035	0.001	0.001	0.4815	0.001
Sg_G43_29	0.0649	0.001	0.001	0.001	0.001	0.001	0.001	0.1239	0.001	0.004	0.003	0.001	0.3207	0.02	0.01	0.0619	0.8531	0.007	0.8851	0.5674	0.2298	0.1039	0.02	0.032	0.0699	0.0509	0.004	0.3007	0.001	0.001	0.1069	0.8122	0.002	0.001	0.3217	0.001	0.001	0.004	0.02	0.035	0.001	0.7313	0.018	0.3966	0.001	0.001	0.7642	0.002	0.001	0.001	0.1888	0.013	0.001	0.001	0.001	0.8102	0.001	0.1369	0.1598	0.0849	0.014	0.007	0.001	0.001	0.4635	0.8551	0.9441	0.1209	0.001	0.001	0.2877	0.7343	0.0969	0.001	0.4935	0.1069	0.004	0.001	0.5614	0.039	0.001	0.4276	0.001	0.1389	0.03	0.2228	0.006	0.001	0.8382	0.9081	0.0719	0.0829	0.1459	0.001	0.001	0.001	0.988	0.3936	0.001	0.001	0.0749	0.001	0.049	0.7063	0.001	0.3896	0.001	0.4955	0.1139	0.009	0.2448	0.951	0.0649	0.013	0.001	0.003	0.003	0.012	0.001	0.001	0.0739	0.8472	0.002	0.6793	0.9001	0.005	0.007	0.009	0.1588	0.012	0.2258	0.001	0.004	0.001	0.018	0.0759	0.3826	0.001	0.006	0.004	0.037	0.001	0.001	0.6044	0.001	0.001	0.001	0.1688	0.001	0.6494	0.003	0.001	0.001	0.047	0.002	0.001	0.015	0.4376	0.6683	0.015	0.9191	0.7393	0.039	0.4466	0.001	0.1608	0.3886	0.001	0.01	0.01	0.1878	0.4865	0.048	0.001	0.5914	0.004	0.004	0.6583	0.002	1	0.2967	0.1159	0.038	0.6114	0.1978	0.006	0.003	0.5944	0.001	0.5285	0.01	0.004	0.001	0.001	0.005	0.3297	0.001	0.001	0.5265	0.002	0.1219	0.001	0.5814	0.012	0.3007	0.001	0.7413	0.2837	0.01	0.001	0.1658	0.2328	0.1089	0.001	0.994	0.001	0.001	0.001	0.002	0.3277	0.7253	0.5504	0.003	0.0969	0.1069	0.0849	0.2068	0.001	0.005	0.001	0.004	0.002	0.0729	0.013	0.001	0.001	0.4635	0.983	0.6773	0.6573	0.001	0.001	0.001	0.004	0.987	0.003	0.4805	0.001	0.6753	0.011	0.0559	0.019	0.001	0.001	0.2937	0.0559	0.3367	0.001	0.001	0.0609	0.001	0.3447	0.019	0.002	0.002	0.002	0.6903	0.021	0.001	0.014	0.001	0.2987	0.9371	0.2448	0.6204	0.2198	0.004	0.001	0.4236	0.001	0.001	0.016	0.7013	0.031	0.001	0.012	0.4056	0.3636	0.013	0.001	0.001	0.001	0.001	0.001	0.001	0.009	0.001	0.5235	0.001	0.001	0.0559	0.001	0.9061	0.001	0.1019	0.006	0.001	0.001	0.021	0.001	0.001	0.1159	0.001	0.7742	0.001	0.017	0.001	0.001	0.017	0.001	0.3816	0.013	0.009	0.001	0.006	0.1319	0.001	0.004	0.3806	0.002
Sg_G46_28	0.3896	0.5245	0.6753	0.8631	0.4086	0.0599	0.4865	0.016	0.015	0.5185	0.034	0.7223	0.6304	0.1029	0.8821	0.3327	0.5365	0.039	0.7862	0.5574	0.4775	0.9161	0.955	0.0999	0.1279	0.5215	0.1868	0.2158	0.6024	0.7582	0.8821	0.3576	0.4905	0.049	0.5924	0.7882	0.0859	0.3836	0.9391	0.3736	0.7922	0.4366	0.1578	0.4505	0.027	0.037	0.016	0.002	0.0779	0.0859	0.1259	0.5804	0.2567	0.2577	0.3736	0.0959	0.5005	0.3636	0.5065	0.0559	0.2068	0.3536	0.8192	0.5694	0.961	0.8661	0.1189	0.1059	0.2767	0.8042	0.012	0.2747	0.6244	0.3217	0.8212	0.037	0.9411	0.1479	0.4875	0.026	0.1229	0.004	0.2927	0.5385	0.6933	0.004	0.3227	0.6973	0.1139	0.5185	0.2907	0.5834	0.8871	0.1079	0.1109	0.045	0.2178	0.004	0.3666	0.2248	0.6084	0.007	0.033	0.006	0.3247	0.969	0.1139	0.3037	0.028	0.0639	0.1998	0.7093	0.3726	0.013	0.001	0.3626	0.1369	0.034	0.1269	0.1768	0.4356	0.1409	0.3257	0.4026	0.0699	0.5974	0.002	0.0949	0.7163	0.028	0.1059	0.1399	0.2278	0.0629	0.2298	0.2328	0.5095	0.3137	0.2208	0.3057	0.002	0.3766	0.2368	0.6643	0.3996	0.8462	0.5534	0.4276	0.1848	0.968	0.3137	0.0579	0.6214	0.9491	0.1069	0.004	0.3217	0.6324	0.0819	0.5435	0.9281	0.1588	0.5075	0.2527	0.1009	0.7902	0.1618	0.1269	0.002	0.2308	0.0989	0.7622	0.014	0.1598	0.02	0.2398	0.9091	0.1588	0.9331	0.2967	1	0.1109	0.5794	0.7652	0.0519	0.012	0.012	0.0579	0.0539	0.2707	0.0529	0.1548	0.2887	0.2517	0.002	0.019	0.2587	0.4905	0.8262	0.3766	0.5105	0.2557	0.1369	0.6154	0.7582	0.6324	0.4346	0.008	0.2378	0.3786	0.992	0.3467	0.0819	0.1479	0.6683	0.1479	0.004	0.0659	0.4296	0.3886	0.958	0.981	0.1768	0.6234	0.008	0.3207	0.2148	0.1688	0.005	0.003	0.015	0.984	0.3656	0.3047	0.006	0.006	0.4835	0.2148	0.0639	0.1029	0.0759	0.4336	0.0629	0.007	0.3187	0.1628	0.993	0.3137	0.0539	0.1838	0.3526	0.0869	0.3177	0.2318	0.1708	0.4466	0.2957	0.7393	0.2048	0.0889	0.3257	0.3546	0.8871	0.019	0.4945	0.1289	0.004	0.1029	0.3656	0.025	0.9091	0.2957	0.021	0.01	0.9201	0.7243	0.1888	0.0849	0.5455	0.3806	0.7692	0.0889	0.7083	0.1928	0.2488	0.2358	0.3926	0.7443	0.2148	0.6404	0.1978	0.1898	0.3237	0.8701	0.4575	0.0909	0.0579	0.5734	0.2917	0.9001	0.4975	0.1838	0.1638	0.2507	0.8072	0.04	0.4705	0.3477	0.2687	0.4595	0.7113	0.4316	0.7033	0.04	0.6763	0.991	0.0749	0.1748	0.1249	0.1788	0.3656	0.7003	0.039	0.0969	0.2957	0.017	0.1618	0.4366	0.6883	0.4815
Sg_G46_34	0.006	0.001	0.1508	0.3047	0.007	0.7413	0.2767	0.041	0.001	0.3457	0.005	0.7912	0.984	0.5894	0.0589	0.9401	0.039	0.001	0.5994	0.1479	0.007	0.4066	0.01	0.016	0.6763	0.5395	0.006	0.4386	0.1708	0.8871	0.02	0.0529	0.006	0.001	0.016	0.7602	0.001	0.1868	0.024	0.8462	0.977	0.1459	0.025	0.4855	0.003	0.004	0.015	0.003	0.018	0.002	0.3736	0.2937	0.4156	0.1528	0.047	0.0909	0.001	0.7313	0.7942	0.7862	0.022	0.01	0.017	0.024	0.5664	0.8841	0.027	0.006	0.004	0.9481	0.4386	0.7702	0.0979	0.001	0.1499	0.1059	0.9451	0.1768	0.5335	0.035	0.001	0.01	0.001	0.2837	0.7882	0.0979	0.0549	0.4176	0.002	0.1239	0.4575	0.1568	0.0609	0.1968	0.1349	0.039	0.019	0.036	0.002	0.025	0.1009	0.001	0.4695	0.007	0.6953	0.5994	0.006	0.013	0.011	0.8811	0.001	0.7123	0.1628	0.0559	0.024	0.2308	0.1369	0.001	0.007	0.037	0.017	0.045	0.4436	0.5285	0.005	0.043	0.002	0.007	0.1918	0.006	0.8412	0.001	0.007	0.001	0.038	0.003	0.5754	0.2098	0.004	0.001	0.001	0.038	0.009	0.6094	0.992	0.0829	0.002	0.004	0.001	0.8212	0.002	0.023	0.031	0.2647	0.0609	0.05	0.4376	0.4995	0.1578	0.046	0.3766	0.5524	0.013	0.9061	0.007	0.009	0.3566	0.019	0.005	0.1888	0.3946	0.6863	0.001	0.041	0.7153	0.001	0.007	0.7193	0.0729	0.1159	0.1109	1	0.1738	0.0599	0.1059	0.024	0.002	0.8871	0.005	0.6943	0.004	0.7233	0.006	0.003	0.001	0.5754	0.001	0.002	0.7732	0.1748	0.029	0.001	0.4975	0.1489	0.979	0.001	0.4675	0.984	0.0889	0.001	0.5045	0.4196	0.3097	0.001	0.5415	0.001	0.005	0.026	0.4016	0.8911	0.2118	0.3766	0.03	0.7792	0.5075	0.004	0.029	0.002	0.002	0.01	0.1439	0.4755	0.5275	0.001	0.008	0.021	0.4456	0.4835	0.027	0.05	0.005	0.004	0.001	0.2238	0.6204	0.001	0.5514	0.021	0.013	0.006	0.011	0.1409	0.5095	0.1099	0.043	0.2048	0.3996	0.5504	0.3726	0.9081	0.002	0.018	0.3516	0.002	0.1419	0.007	0.1279	0.01	0.004	0.005	0.014	0.989	0.3816	0.3736	0.7862	0.8182	0.002	0.036	0.004	0.2038	0.0519	0.002	0.7123	0.2008	0.008	0.015	0.982	0.952	0.045	0.0559	0.002	0.031	0.001	0.9431	0.2418	0.028	0.002	0.8292	0.001	0.011	0.7552	0.001	0.5944	0.002	0.5884	0.038	0.2617	0.001	0.951	0.6943	0.7203	0.1309	0.0979	0.022	0.025	0.9451	0.001	0.4635	0.001	0.001	0.036	0.1548	0.01	0.002	0.014	0.9231	0.001	0.008	0.0589	0.0549
Sg_G46_4	0.0529	0.018	0.2278	0.007	0.023	0.8941	0.4046	0.2717	0.01	0.2857	0.6314	0.036	0.1239	0.3377	0.0739	0.0679	0.3666	0.025	0.035	0.1359	0.7083	0.2128	0.027	0.2967	0.02	0.5804	0.2428	0.2647	0.002	0.0669	0.1668	0.4246	0.1109	0.013	0.3686	0.038	0.018	0.0919	0.2667	0.6314	0.7792	0.9291	0.5465	0.6793	0.0849	0.007	0.9451	0.1958	0.0879	0.1828	0.4635	0.8601	0.6304	0.1139	0.0629	0.6314	0.005	0.1439	0.016	0.3736	0.006	0.025	0.0799	0.001	0.033	0.1469	0.3047	0.0679	0.0649	0.2168	0.041	0.1209	0.8032	0.0539	0.6274	0.2607	0.0899	0.024	0.8581	0.2707	0.011	0.033	0.004	0.0719	0.002	0.7902	0.98	0.001	0.7113	0.0519	0.4286	0.6653	0.2757	0.0749	0.002	0.019	0.7493	0.8901	0.1548	0.1758	0.9041	0.2827	0.1259	0.3237	0.1459	0.1638	0.1508	1	0.1469	0.8422	0.7572	0.6174	0.4725	0.036	0.044	0.1499	0.2537	0.0679	0.9351	0.8472	0.1259	0.9401	0.0819	0.2697	0.9181	0.01	0.05	0.0629	0.8861	0.3656	0.4765	0.002	0.6294	0.007	0.2098	0.018	0.1858	0.1738	0.1099	0.002	0.046	0.002	0.004	0.023	0.1678	0.4436	0.001	0.1888	0.001	0.008	0.001	0.1079	0.001	0.2717	0.6583	0.035	0.2517	0.1459	0.0509	0.8112	0.9011	0.5644	0.042	0.7083	0.3986	0.1339	0.043	0.3257	0.7453	0.6034	0.003	0.045	0.7972	0.3257	0.991	0.001	0.4006	0.2967	0.3337	0.038	0.5794	0.1738	1	0.1429	0.009	0.3796	0.0549	0.6354	0.035	0.2268	0.039	0.0539	0.2398	0.002	0.0549	0.4276	0.001	0.001	0.049	0.1089	0.1149	0.005	0.5215	0.2148	0.2038	0.0569	0.9211	0.5265	0.971	0.001	0.8891	0.1309	0.9171	0.001	0.01	0.01	0.046	0.6883	0.009	0.029	0.033	0.2468	0.1718	0.7443	0.1269	0.001	0.1798	0.002	0.2028	0.1129	0.3826	0.0759	0.3387	0.011	0.3796	0.005	0.6294	0.2448	0.5734	0.0939	0.1279	0.049	0.013	0.2018	0.8462	0.05	0.1419	0.1149	0.1139	0.01	0.8152	0.4436	0.025	0.2927	0.045	0.4086	0.0679	0.2827	0.008	0.041	0.003	0.2338	0.003	0.0939	0.001	0.038	0.2288	0.028	0.008	0.035	0.1109	0.6793	0.2308	0.3806	0.03	0.6324	0.002	0.1888	0.7373	0.1309	0.015	0.0649	0.1948	0.1339	0.014	0.3676	0.4256	0.2388	0.967	0.002	0.0929	0.007	0.2947	0.1009	0.0569	0.1259	0.0699	0.011	0.001	0.003	0.3287	0.042	0.8152	0.004	0.001	0.1049	0.001	0.0919	0.0689	0.2078	0.0819	0.3187	0.0869	0.6454	0.5784	0.4515	0.1628	0.4985	0.1768	0.015	0.3616	0.2298	0.2547	0.018	0.001	0.003	0.3047	0.006	0.7772	0.1249
Sg_G47_17	0.003	0.03	0.8721	0.048	0.032	0.011	0.2507	0.003	0.3756	0.6793	0.003	0.1219	0.0619	0.3087	0.2138	0.1439	0.2148	0.002	0.03	0.6454	0.3606	0.001	0.001	0.8392	0.008	0.4525	0.4875	0.018	0.1848	0.5844	0.001	0.4815	0.001	0.026	0.1409	0.7423	0.2268	0.8981	0.6903	0.1708	0.029	0.8072	0.017	0.008	0.0759	0.4685	0.5974	0.003	0.965	0.9461	0.0829	0.7592	0.004	0.2018	0.1668	0.0889	0.001	0.005	0.024	0.1648	0.9091	0.3576	0.0809	0.004	0.4066	0.0949	0.001	0.016	0.3157	0.4725	0.2268	0.4086	0.7013	0.002	0.001	0.0879	0.5724	0.3247	0.007	0.0689	0.8492	0.0529	0.2907	0.2827	0.8032	0.8382	0.9231	0.4466	0.0589	0.026	0.004	0.003	0.7243	0.7133	0.4136	0.037	0.9431	0.2348	0.9201	0.2318	0.043	0.5495	0.003	0.2378	0.6374	0.5345	0.2278	0.7932	0.1748	0.032	0.0889	0.4276	0.009	0.005	0.4815	0.2128	0.007	0.003	0.4925	0.032	0.1628	0.001	0.2777	0.1858	0.1808	0.039	0.025	0.007	0.6254	0.001	0.9301	0.007	0.014	0.7453	0.9231	0.021	0.2937	0.1928	0.8601	0.001	0.018	0.9181	0.3017	0.038	0.8252	0.3646	0.5904	0.2178	0.0639	0.0609	0.4785	0.007	0.5744	0.0579	0.1249	0.3516	0.3576	0.8851	0.2837	0.026	0.2428	0.2408	0.8032	0.036	0.1179	0.017	0.0569	0.9401	0.5385	0.5235	0.014	0.1978	0.2537	0.5684	0.1818	0.6024	0.0789	0.4476	0.0899	0.6114	0.7652	0.0599	0.1429	1	0.045	0.3676	0.001	0.022	0.005	0.1019	0.1129	0.031	0.1718	0.9281	0.0659	0.8292	0.5005	0.002	0.2527	0.6174	0.033	0.031	0.006	0.6543	0.2288	0.2078	0.8971	0.4995	0.8272	0.001	0.1598	0.3776	0.3307	0.1399	0.1039	0.4905	0.5045	0.8961	0.002	0.0859	0.997	0.1139	0.044	0.1029	0.1029	0.028	0.039	0.956	0.034	0.4046	0.9371	0.6853	0.5335	0.001	0.022	0.003	0.015	0.037	0.031	0.8741	0.042	0.2547	0.1668	0.2507	0.4276	0.1618	0.8801	0.8092	0.0689	0.001	0.0989	0.0529	0.5684	0.3886	0.013	0.2028	0.4196	0.2877	0.4126	0.3556	0.017	0.001	0.009	0.1538	0.8432	0.004	0.2787	0.0899	0.3127	0.003	0.005	0.1049	0.0569	0.0799	0.017	0.2438	0.8551	0.1349	0.0849	0.6893	0.005	0.006	0.05	0.5534	0.7363	0.7982	0.029	0.0549	0.029	0.1469	0.7592	0.005	0.2438	0.7283	0.4306	0.0659	0.2527	0.9261	0.3906	0.028	0.012	0.005	0.3197	0.001	0.1009	0.4795	0.044	0.033	0.7473	0.001	0.7153	0.1079	0.0659	0.1099	0.4226	0.1189	0.047	0.2418	0.012	0.2348	0.021	0.022	0.2108	0.4356	0.8162	0.03	0.5025	0.001	0.048	0.001
Sg_H04_45	0.1089	0.009	0.005	0.004	0.008	0.2388	0.011	0.0609	0.1548	0.004	0.1299	0.001	0.6933	0.5355	0.1139	0.1858	0.1548	0.2138	0.8611	0.7233	0.6573	0.004	0.001	0.009	0.002	0.8442	0.0909	0.008	0.011	0.001	0.002	0.3117	0.002	0.004	0.2557	0.009	0.0569	0.001	0.004	0.7053	0.7632	0.3736	0.001	0.037	0.2767	0.5085	0.021	0.4116	0.8761	0.999	0.042	0.2987	0.8122	0.007	0.971	0.2418	0.001	0.001	0.042	0.013	0.2837	0.002	0.048	0.001	0.8951	0.002	0.4975	0.009	0.001	0.05	0.001	0.3666	0.7872	0.001	0.001	0.001	0.8621	0.025	0.002	0.1409	0.8012	0.0619	0.014	0.8122	0.018	0.3477	0.0729	0.001	0.3217	0.6563	0.0599	0.1039	0.4835	0.9311	0.011	0.0719	0.4845	0.3097	0.6364	0.0989	0.0859	0.3656	0.001	0.3966	0.001	0.7293	0.7493	0.1119	0.2298	0.029	0.01	0.1798	0.7992	0.0879	0.2987	0.001	0.0809	0.007	0.975	0.7952	0.039	0.7692	0.007	0.1678	0.6513	0.001	0.5005	0.002	0.6943	0.0549	0.001	0.001	0.009	0.3976	0.1359	0.001	0.7033	0.7632	0.5335	0.001	0.009	0.035	0.002	0.7712	0.8082	0.001	0.1508	0.4296	0.006	0.2138	0.0669	0.6344	0.002	0.8641	0.1179	0.1009	0.044	0.6623	0.001	0.1638	0.7912	0.013	0.004	0.005	0.1479	0.1219	0.0589	0.4356	0.004	0.1369	0.001	0.8911	0.0879	0.8831	0.3427	0.017	0.003	0.4905	0.1089	0.1978	0.0519	0.1059	0.009	0.045	1	0.5754	0.041	0.016	0.1908	0.2388	0.001	0.001	0.3886	0.03	0.6044	0.026	0.016	0.001	0.972	0.001	0.1958	0.004	0.034	0.9441	0.1728	0.017	0.007	0.001	0.9241	0.001	0.013	0.3736	0.6194	0.017	0.2977	0.1838	0.1778	0.8701	0.001	0.5425	0.0999	0.1079	0.007	0.0879	0.001	0.001	0.015	0.1199	0.5924	0.7822	0.997	0.1618	0.002	0.004	0.7043	0.0819	0.016	0.3586	0.3686	0.2498	0.7612	0.7033	0.021	0.1399	0.1668	0.006	0.005	0.4915	0.2278	0.0579	0.8122	0.964	0.001	0.6444	0.002	0.6234	0.009	0.0699	0.1109	0.0959	0.001	0.021	0.005	0.2987	0.002	0.0809	0.001	0.9431	0.1159	0.0999	0.001	0.6054	0.001	0.001	0.5435	0.2408	0.2268	0.6603	0.0919	0.8771	0.001	0.3137	0.001	0.003	0.2048	0.7802	0.8701	0.963	0.0589	0.001	0.6074	0.002	0.017	0.0699	0.001	0.3497	0.1698	0.009	0.006	0.001	0.1988	0.01	0.001	0.001	0.001	0.3606	0.001	0.0999	0.009	0.3007	0.001	0.7812	0.001	0.014	0.4256	0.9221	0.0539	0.8182	0.02	0.004	0.3566	0.001	0.9341	0.6464	0.045	0.001	0.8202	0.001	0.8711	0.003
Sg_I01_33	0.003	0.001	0.001	0.2148	0.005	0.042	0.0859	0.0889	0.007	0.003	0.046	0.3117	0.4925	0.05	0.014	0.024	0.8002	0.006	0.2358	0.025	0.4496	0.5365	0.007	0.006	0.6304	0.6563	0.002	0.0729	0.6014	0.1848	0.007	0.2238	0.003	0.001	0.4655	0.0869	0.001	0.4206	0.01	0.2787	0.016	0.6134	0.001	0.1808	0.001	0.006	0.4416	0.001	0.1499	0.001	0.02	0.6693	0.001	0.002	0.6344	0.0759	0.001	0.0649	0.2847	0.0619	0.2278	0.005	0.4076	0.005	0.4436	0.014	0.016	0.001	0.019	0.0679	0.8651	0.025	0.7812	0.001	0.4665	0.6044	0.5035	0.001	0.4316	0.002	0.001	0.001	0.009	0.3407	0.1429	0.012	0.002	0.005	0.032	0.1289	0.2877	0.8282	0.037	0.001	0.007	0.002	0.03	0.001	0.002	0.001	0.5984	0.001	0.9031	0.037	0.2737	0.4186	0.023	0.2298	0.005	0.8741	0.8941	0.5644	0.3926	0.001	0.014	0.5085	0.002	0.001	0.7572	0.1139	0.001	0.025	0.002	0.5495	0.01	0.4466	0.007	0.002	0.8192	0.001	0.2358	0.001	0.2448	0.026	0.966	0.2318	0.5624	0.8382	0.003	0.001	0.001	0.025	0.001	0.2617	0.009	0.001	0.1339	0.7473	0.001	0.7692	0.009	0.031	0.009	0.3277	0.013	0.001	0.005	0.3197	0.05	0.2098	0.0949	0.032	0.049	0.8501	0.005	0.6314	0.04	0.005	0.0959	0.956	0.5265	0.5534	0.001	0.007	0.1908	0.002	0.035	0.6743	0.004	0.006	0.012	0.024	0.3796	0.3676	0.5754	1	0.001	0.8871	0.001	0.011	0.8352	0.1429	0.009	0.004	0.001	0.019	0.011	0.001	0.4466	0.5485	0.2777	0.002	0.8871	0.0809	0.009	0.001	0.1928	0.6513	0.3107	0.015	0.1269	0.7952	0.001	0.001	0.4705	0.008	0.002	0.001	0.017	0.7712	0.5584	0.0619	0.001	0.3167	0.5475	0.001	0.007	0.029	0.001	0.003	0.1299	0.4575	0.047	0.002	0.001	0.001	0.6523	0.045	0.013	0.2188	0.041	0.005	0.001	0.002	0.039	0.013	0.7343	0.006	0.002	0.002	0.2108	0.001	0.6134	0.1678	0.2807	0.1748	0.4386	0.024	0.042	0.006	0.001	0.017	0.003	0.003	0.004	0.003	0.3407	0.2607	0.002	0.001	0.007	0.014	0.7662	0.4665	0.8891	0.2318	0.1239	0.005	0.001	0.0629	0.0589	0.001	0.007	0.7782	0.0629	0.6354	0.8771	0.3946	0.6014	0.001	0.028	0.001	0.006	0.3317	0.8282	0.012	0.002	0.7752	0.01	0.002	0.6913	0.001	0.3297	0.001	0.4106	0.003	0.001	0.003	0.002	0.2028	0.5534	0.1878	0.001	0.6364	0.02	0.2358	0.001	0.022	0.001	0.001	0.2048	0.0759	0.023	0.007	0.047	0.8062	0.005	0.002	0.9121	0.002
Sg_I05_27	0.001	0.001	0.005	0.001	0.001	0.1039	0.002	0.4316	0.001	0.014	0.001	0.3387	0.1099	0.001	0.002	0.2857	0.963	0.001	0.013	0.4466	0.1648	0.1508	0.001	0.013	0.9141	0.4466	0.009	0.2557	0.035	0.016	0.002	0.0689	0.001	0.001	0.5365	0.033	0.001	0.4066	0.004	0.5824	0.6404	0.6713	0.001	0.6903	0.001	0.001	0.0639	0.001	0.001	0.001	0.97	0.029	0.016	0.001	0.6503	0.009	0.001	0.005	0.1389	0.1119	0.5914	0.001	0.2967	0.001	0.6024	0.025	0.003	0.001	0.001	0.004	0.4366	0.6144	0.031	0.001	0.3277	0.2008	0.0849	0.004	0.3457	0.001	0.001	0.001	0.001	0.979	0.027	0.002	0.004	0.027	0.001	0.043	0.036	0.8022	0.003	0.002	0.001	0.002	0.005	0.001	0.01	0.001	0.5125	0.001	0.967	0.001	0.2118	0.8751	0.04	0.8921	0.001	0.3746	0.8911	0.4016	0.8222	0.001	0.004	0.3956	0.001	0.001	0.0799	0.2408	0.001	0.001	0.003	0.0799	0.001	0.1419	0.001	0.001	0.4366	0.001	0.5355	0.001	0.0549	0.001	0.7133	0.002	0.3437	0.9221	0.001	0.001	0.001	0.2498	0.001	0.3646	0.0559	0.002	0.023	0.2348	0.001	0.0679	0.1199	0.0859	0.029	0.2597	0.006	0.003	0.015	0.9411	0.4166	0.1239	0.6074	0.006	0.001	0.1518	0.01	0.1039	0.004	0.001	0.002	0.007	0.3357	0.0949	0.001	0.009	0.4715	0.048	0.001	0.9151	0.002	0.003	0.012	0.002	0.0549	0.001	0.041	0.001	1	0.6474	0.001	0.003	0.3227	0.1888	0.004	0.0969	0.001	0.003	0.032	0.001	0.3247	0.3636	0.0739	0.001	0.8472	0.006	0.5465	0.001	0.7453	0.2527	0.006	0.001	0.9321	0.0999	0.001	0.001	0.5934	0.001	0.001	0.001	0.003	0.6503	0.7123	0.0599	0.001	0.2298	0.1978	0.001	0.001	0.0579	0.001	0.001	0.2278	0.4276	0.2278	0.001	0.001	0.001	0.7952	0.004	0.001	0.0549	0.0509	0.022	0.001	0.001	0.6414	0.001	0.8402	0.038	0.001	0.001	0.048	0.002	0.1908	0.0579	0.1528	0.029	0.4126	0.022	0.001	0.01	0.001	0.001	0.001	0.001	0.1538	0.001	0.6244	0.007	0.001	0.001	0.001	0.003	0.8781	0.5844	0.0969	0.4795	0.1598	0.003	0.001	0.0509	0.001	0.001	0.006	0.6124	0.001	0.0969	0.5015	0.0649	0.8711	0.001	0.001	0.001	0.001	0.005	0.6394	0.001	0.001	0.8831	0.003	0.001	0.0839	0.001	0.6134	0.001	0.1548	0.001	0.001	0.001	0.011	0.3656	0.3337	0.6813	0.001	0.4126	0.046	0.9291	0.001	0.026	0.001	0.001	0.001	0.001	0.001	0.006	0.1778	0.7512	0.018	0.001	0.7113	0.001
Sg_I05_65	0.3786	0.4825	0.8272	0.2817	0.3966	0.015	0.6024	0.012	0.0999	0.1988	0.7143	0.3377	0.969	0.5465	0.3247	0.6064	0.012	0.5445	0.1918	0.1838	0.009	0.3267	0.007	0.1249	0.003	0.7463	0.2478	0.002	0.8681	0.1369	0.003	0.4995	0.002	0.8991	0.027	0.2717	0.997	0.3536	0.1668	0.5065	0.5564	0.9391	0.001	0.005	0.958	0.8711	0.011	0.6793	0.044	0.3906	0.1309	0.5924	0.3756	0.0649	0.1538	0.4755	0.3107	0.001	0.001	0.012	0.9261	0.1049	0.6374	0.3596	0.024	0.002	0.4855	0.1419	0.3247	0.8931	0.003	0.0799	0.017	0.4865	0.014	0.0509	0.7243	0.1628	0.016	0.2687	0.2997	0.0739	0.3187	0.2577	0.972	0.01	0.2987	0.1998	0.3317	0.9211	0.2757	0.009	0.0509	0.2547	0.1908	0.6494	0.1758	0.7852	0.1988	0.6603	0.0689	0.3966	0.001	0.1978	0.012	0.1229	0.0599	0.1319	0.1049	0.001	0.004	0.4176	0.1349	0.04	0.005	0.5125	0.1029	0.7453	0.029	0.029	0.006	0.2318	0.0649	0.017	0.6324	0.001	0.3367	0.002	0.039	0.0629	0.014	0.2507	0.001	0.7023	0.6474	0.014	0.015	0.1499	0.6843	0.009	0.5235	0.5724	0.962	0.2657	0.3586	0.016	0.8442	0.0599	0.1978	0.5035	0.8841	0.022	0.5714	0.021	0.1618	0.3237	0.8342	0.0699	0.2478	0.5425	0.032	0.046	0.6114	0.0749	0.1968	0.8382	0.0579	0.999	0.008	0.0999	0.019	0.0569	0.3107	0.1988	0.0769	0.4186	0.001	0.3387	0.3217	0.5944	0.0579	0.8871	0.6354	0.022	0.016	0.8871	0.6474	1	0.6264	0.1658	0.2867	0.001	0.4226	0.5604	0.1728	0.0529	0.955	0.1479	0.1159	0.4655	0.4585	0.8871	0.006	0.7213	0.2527	0.4036	0.0759	0.1528	0.003	0.3147	0.2038	0.0759	0.6304	0.6044	0.2308	0.1219	0.5385	0.2777	0.007	0.042	0.025	0.1099	0.0759	0.0839	0.015	0.026	0.006	0.8501	0.961	0.3007	0.9121	0.6863	0.034	0.001	0.6983	0.2527	0.004	0.1748	0.9441	0.4675	0.028	0.3666	0.5245	0.3157	0.0589	0.0699	0.0809	0.1499	0.1998	0.011	0.3347	0.3816	0.3506	0.3147	0.047	0.0569	0.2687	0.7802	0.0939	0.4715	0.5684	0.002	0.032	0.4246	0.0529	0.3766	0.019	0.7043	0.4306	0.0939	0.004	0.5854	0.03	0.01	0.2737	0.7662	0.4116	0.7323	0.0679	0.1738	0.034	0.8192	0.004	0.5315	0.0579	0.1089	0.9401	0.5854	0.005	0.3137	0.1508	0.1099	0.9371	0.6244	0.7053	0.2188	0.2577	0.02	0.5824	0.2977	0.4935	0.6783	0.001	0.049	0.008	0.8901	0.2418	0.3147	0.1089	0.2897	0.3077	0.3397	0.0669	0.0809	0.0979	0.6444	0.7243	0.8152	0.015	0.6833	0.3057	0.1129	0.978	0.2158	0.8442	0.002	0.0529	0.013	0.2218	0.0949
Sg_I06_25	0.003	0.001	0.0809	0.001	0.001	0.2118	0.1359	0.7862	0.001	0.2897	0.001	0.8092	0.039	0.001	0.007	0.3357	0.3117	0.001	0.002	0.5844	0.1019	0.0839	0.001	0.2138	0.032	0.001	0.0969	0.01	0.004	0.047	0.001	0.044	0.001	0.001	0.3437	0.003	0.001	0.8482	0.3017	0.6484	0.7922	0.9121	0.001	0.2717	0.001	0.001	0.3347	0.001	0.001	0.001	0.992	0.5924	0.024	0.001	0.1628	0.014	0.001	0.1798	0.6663	0.0599	0.5465	0.002	0.7243	0.001	0.0799	0.1988	0.002	0.004	0.005	0.2078	0.4046	0.9071	0.2877	0.001	0.2228	0.8991	0.1419	0.012	0.8971	0.001	0.001	0.001	0.001	0.7692	0.2937	0.1548	0.1918	0.004	0.032	0.008	0.001	0.2617	0.002	0.001	0.002	0.001	0.0579	0.0629	0.001	0.001	0.6224	0.001	0.025	0.0569	0.0559	0.3886	0.0679	0.9211	0.007	0.3457	0.9391	0.6893	0.6903	0.001	0.002	0.8551	0.001	0.001	0.0859	0.022	0.004	0.002	0.011	0.02	0.0939	0.0789	0.001	0.001	0.3546	0.002	0.3576	0.001	0.1429	0.001	0.1429	0.024	0.2168	0.3477	0.002	0.001	0.001	0.4016	0.002	0.0589	0.008	0.009	0.007	0.3706	0.001	0.029	0.1319	0.0679	0.002	0.5724	0.001	0.001	0.01	0.1379	0.1678	0.3037	0.7173	0.014	0.011	0.2537	0.004	0.1069	0.1489	0.003	0.034	0.007	0.4835	0.013	0.001	0.001	0.023	0.012	0.002	0.0539	0.001	0.001	0.0539	0.005	0.035	0.005	0.1908	0.001	0.001	0.6264	1	0.001	0.7812	0.024	0.002	0.1249	0.001	0.011	0.022	0.001	0.036	0.7153	0.1449	0.001	0.5415	0.1149	0.9051	0.001	0.6224	0.2607	0.003	0.001	0.6454	0.006	0.02	0.001	0.002	0.001	0.001	0.001	0.001	0.6873	0.5035	0.1369	0.001	0.1119	0.1429	0.001	0.011	0.0689	0.001	0.001	0.3277	0.5844	0.5954	0.004	0.001	0.001	0.6573	0.002	0.0579	0.028	0.034	0.001	0.001	0.002	0.7083	0.1479	0.2188	0.003	0.019	0.001	0.007	0.001	0.1678	0.004	0.1538	0.008	0.5514	0.006	0.001	0.046	0.001	0.001	0.001	0.001	0.5055	0.001	0.6484	0.001	0.001	0.001	0.014	0.039	0.3876	0.2058	0.01	0.8781	0.2468	0.001	0.027	0.019	0.001	0.001	0.04	0.8771	0.002	0.2008	0.5335	0.025	0.7383	0.001	0.002	0.001	0.014	0.025	0.7403	0.001	0.001	0.3826	0.006	0.001	0.3676	0.001	0.2807	0.001	0.3157	0.022	0.001	0.001	0.023	0.6094	0.5634	0.8831	0.001	0.6513	0.01	0.7453	0.001	0.0559	0.001	0.001	0.001	0.003	0.001	0.003	0.3936	0.5235	0.003	0.001	0.1139	0.001
Sg_I07_11	0.7023	0.033	0.7992	0.1499	0.8402	0.4765	0.5305	0.2887	0.045	0.1369	0.006	0.1069	0.001	0.001	0.001	0.7283	0.4416	0.029	0.001	0.01	0.2877	0.5634	0.5215	0.048	0.8212	0.029	0.013	0.995	0.9031	0.97	0.0839	0.1678	0.9121	0.024	0.2298	0.9031	0.017	0.3746	0.1449	0.3626	0.4086	0.9291	0.8731	0.1748	0.027	0.4845	0.2517	0.3087	0.0999	0.1898	0.8432	0.1229	0.8202	0.6713	0.5115	0.041	0.1489	0.1179	0.1109	0.02	0.4156	0.7872	0.033	0.3776	0.001	0.5025	0.008	0.962	0.2428	0.5884	0.1009	0.008	0.008	0.5634	0.3756	0.0689	0.9411	0.998	0.008	0.2358	0.4845	0.2098	0.012	0.2318	0.2408	0.3616	0.038	0.3856	0.0669	0.013	0.024	0.4496	0.035	0.043	0.4266	0.2777	0.3756	0.3427	0.4635	0.5135	0.8102	0.998	0.3656	0.1399	0.3806	0.001	0.95	0.7632	0.957	0.1109	0.2977	0.1109	0.0649	0.4825	0.2348	0.4885	0.5005	0.2268	0.5514	0.5045	0.8651	0.004	0.7532	0.001	0.8731	0.005	0.0869	0.6384	0.4236	0.3297	0.5255	0.1249	0.5095	0.003	0.7063	0.7253	0.001	0.5644	0.005	0.4935	0.5055	0.5784	0.4715	0.008	0.3886	0.6454	0.1349	0.8112	0.5634	0.001	0.1588	0.8172	0.0639	0.4166	0.951	0.4226	0.7073	0.001	0.0529	0.8911	0.6613	0.001	0.043	0.962	0.046	0.8422	0.6194	0.1678	0.009	0.2667	0.3237	0.001	0.3916	0.7912	0.1139	0.0749	0.1199	0.1988	0.7622	0.5285	0.2707	0.6943	0.2268	0.1019	0.2388	0.011	0.003	0.1658	0.001	1	0.0739	0.0779	0.6993	0.8681	0.001	0.012	0.0759	0.0759	0.001	0.3906	0.4286	0.029	0.8871	0.6254	0.4555	0.984	0.6204	0.0729	0.009	0.3976	0.0909	0.001	0.3237	0.009	0.002	0.0689	0.042	0.0519	0.981	0.3846	0.1838	0.8631	0.1818	0.3377	0.1618	0.6613	0.5495	0.1089	0.022	0.1968	0.0509	0.976	0.9161	0.6294	0.1758	0.043	0.0739	0.001	0.1259	0.1748	0.8012	0.1109	0.2078	0.019	0.3886	0.4496	0.3836	0.5674	0.8022	0.4795	0.0549	0.7243	0.6074	0.1798	0.0819	0.1149	0.023	0.5065	0.9261	0.1269	0.0579	0.3207	0.2937	0.004	0.1479	0.022	0.2677	0.02	0.1598	0.7612	0.7463	0.2178	0.014	0.0579	0.001	0.7812	0.1339	0.4346	0.5664	0.996	0.1618	0.008	0.3287	0.5794	0.0519	0.4865	0.4076	0.001	0.2767	0.6963	0.022	0.3616	0.2328	0.5924	0.2827	0.001	0.3696	0.016	0.2268	0.0799	0.006	0.0519	0.001	0.6963	0.006	0.4885	0.1508	0.1728	0.972	0.5215	0.2917	0.7702	0.9421	0.4116	0.7333	0.1588	0.8871	0.6474	0.2557	0.0959	0.001	0.7403	0.011	0.8472	0.5864	0.026	0.6833	0.6643	0.965	0.0739
Sg_I09_29	0.1379	0.008	0.001	0.003	0.001	0.6643	0.006	0.3516	0.03	0.004	0.3177	0.004	0.6244	0.4935	0.016	0.9001	0.8971	0.2927	0.6873	0.964	0.8651	0.003	0.006	0.004	0.008	0.5275	0.002	0.2478	0.001	0.03	0.0769	0.4895	0.003	0.03	0.7253	0.019	0.048	0.004	0.037	0.1469	0.4785	0.8382	0.0959	0.3047	0.8511	0.1309	0.4775	0.5794	0.5175	0.4256	0.6823	0.1918	0.5894	0.026	0.1269	0.001	0.001	0.002	0.4865	0.1179	0.4605	0.039	0.001	0.002	0.6813	0.3906	0.3287	0.1469	0.001	0.008	0.001	0.6054	0.8462	0.007	0.0849	0.001	0.6244	0.015	0.012	0.2208	0.1728	0.2947	0.018	0.2438	0.0879	0.8462	0.008	0.004	0.3147	0.2507	0.1718	0.7143	0.4016	0.6324	0.006	0.002	0.6324	0.3526	0.0599	0.0939	0.984	0.0979	0.014	0.5794	0.001	0.6104	0.0739	0.6893	0.2108	0.1868	0.7892	0.962	0.4396	0.7932	0.8711	0.019	0.1249	0.014	0.007	0.6743	0.1628	0.3856	0.009	0.2547	0.7093	0.001	0.6903	0.03	0.7622	0.018	0.0629	0.001	0.006	0.2977	0.0729	0.001	0.964	0.1049	0.5674	0.001	0.1718	0.0519	0.002	0.6973	0.982	0.001	0.1998	0.0869	0.001	0.8302	0.2088	0.1668	0.013	0.6813	0.4406	0.0869	0.2597	0.5045	0.001	0.6563	0.8721	0.025	0.0919	0.8352	0.7542	0.0519	0.1948	0.3756	0.0999	0.0699	0.001	0.1648	0.4246	0.1159	0.7463	0.0849	0.01	0.7792	0.2218	0.01	0.0529	0.004	0.039	0.1129	0.001	0.8352	0.3227	0.2867	0.7812	0.0739	1	0.001	0.0899	0.0549	0.4505	0.0769	0.1009	0.001	0.7403	0.011	0.044	0.006	0.1708	0.6244	0.4895	0.007	0.0879	0.001	0.7463	0.001	0.1598	0.4895	0.8032	0.021	0.5355	0.036	0.2298	0.2857	0.001	0.98	0.5455	0.1259	0.3347	0.4735	0.001	0.014	0.0819	0.1309	0.5794	0.7253	0.2128	0.1658	0.1019	0.007	0.5954	0.3337	0.3237	0.1528	0.6663	0.1678	0.0979	0.2048	0.029	0.1988	0.5265	0.006	0.1289	0.1668	0.7742	0.2857	0.4995	0.5375	0.005	0.3147	0.027	0.5365	0.041	0.035	0.039	0.8212	0.001	0.0539	0.024	0.0579	0.022	0.1069	0.001	0.5504	0.032	0.2657	0.001	0.5435	0.004	0.001	0.8761	0.6004	0.2228	0.99	0.0849	0.0539	0.004	0.4735	0.0979	0.009	0.041	0.2537	0.4376	0.5644	0.6484	0.005	0.049	0.011	0.007	0.0809	0.011	0.6204	0.1069	0.007	0.026	0.001	0.3716	0.012	0.002	0.001	0.001	0.2997	0.013	0.024	0.7532	0.2567	0.001	0.2358	0.001	0.1399	0.0649	0.5964	0.009	0.6643	0.3736	0.004	0.2388	0.003	0.3596	0.014	0.1079	0.001	0.1399	0.001	0.7882	0.018
Sg_I12_32	0.023	0.019	0.005	0.001	0.003	0.4316	0.009	0.001	0.4945	0.001	0.961	0.007	0.3147	0.1099	0.6673	0.007	0.8741	0.3017	0.1868	0.2637	0.0849	0.003	0.001	0.022	0.005	0.2498	0.017	0.001	0.002	0.004	0.002	0.1489	0.001	0.039	0.0809	0.001	0.4875	0.001	0.3337	0.6064	0.4635	0.9301	0.001	0.001	0.3796	0.1099	0.001	0.023	0.8342	0.2088	0.1069	0.3916	0.3207	0.001	0.5425	0.8881	0.001	0.001	0.001	0.001	0.0619	0.006	0.4096	0.002	0.0749	0.003	0.6054	0.04	0.001	0.008	0.001	0.1518	0.0529	0.003	0.001	0.003	0.975	0.001	0.001	0.041	0.2148	0.1888	0.2677	0.1459	0.8082	0.013	0.004	0.001	0.035	0.6304	0.001	0.0909	0.6523	0.2128	0.01	0.001	0.032	0.0749	0.2527	0.003	0.001	0.007	0.001	0.003	0.001	0.049	0.8222	0.03	0.1968	0.006	0.001	0.7572	0.0599	0.012	0.2537	0.003	0.002	0.01	0.7812	0.4825	0.003	0.9001	0.001	0.009	0.96	0.001	0.8831	0.001	0.022	0.007	0.005	0.001	0.023	0.3187	0.001	0.001	0.005	0.3606	0.7243	0.001	0.02	0.4765	0.003	0.3107	0.1319	0.001	0.9441	0.3506	0.039	0.8112	0.4226	0.7053	0.0509	0.5035	0.011	0.014	0.013	0.0549	0.7642	0.8901	0.0879	0.003	0.3137	0.1728	0.6863	0.4106	0.019	0.0549	0.001	0.8551	0.001	0.0879	0.006	0.2488	0.011	0.7363	0.002	0.0819	0.001	0.004	0.1548	0.7233	0.0539	0.031	0.001	0.1429	0.1888	0.001	0.024	0.0779	0.001	1	0.004	0.3497	0.5335	0.1499	0.6943	0.001	0.1508	0.001	0.962	0.013	0.034	0.8372	0.004	0.031	0.3407	0.028	0.2767	0.002	0.003	0.3047	0.7223	0.0519	0.4236	0.6114	0.4316	0.2817	0.001	0.006	0.1459	0.048	0.003	0.975	0.001	0.001	0.009	0.4605	0.2537	0.9491	0.0829	0.1109	0.033	0.014	0.005	0.005	0.012	0.041	0.0569	0.5325	0.996	0.1399	0.3327	0.962	0.006	0.004	0.1618	0.3876	0.3247	0.001	0.8781	0.001	0.002	0.3347	0.001	0.2008	0.012	0.001	0.014	0.005	0.001	0.002	0.001	0.7582	0.0509	0.045	0.0699	0.8981	0.029	0.003	0.001	0.0949	0.001	0.001	0.2737	0.1089	0.1928	0.3586	0.1169	0.2987	0.001	0.6703	0.003	0.002	0.2158	0.6543	0.2088	0.2398	0.001	0.001	0.4326	0.001	0.0909	0.006	0.002	0.5544	0.5115	0.008	0.2527	0.001	0.7642	0.001	0.001	0.001	0.001	0.3267	0.001	0.3906	0.002	0.7912	0.001	0.2448	0.001	0.001	0.3906	0.3596	0.004	0.1169	0.022	0.2198	0.6583	0.001	0.5125	0.3477	0.6683	0.001	0.5804	0.001	0.007	0.001
Sg_I12_44	0.005	0.001	0.001	0.004	0.001	0.001	0.001	0.048	0.01	0.001	0.028	0.1748	0.1219	0.1628	0.2078	0.027	0.0759	0.001	0.7542	0.1738	0.012	0.1409	0.006	0.002	0.7263	0.2258	0.001	0.5405	0.003	0.3806	0.0679	0.05	0.001	0.001	0.5854	0.033	0.003	0.9271	0.001	0.1558	0.1239	0.2408	0.003	0.7792	0.004	0.001	0.3876	0.006	0.001	0.001	0.01	0.047	0.001	0.001	0.001	0.7463	0.001	0.2727	0.029	0.8571	0.0969	0.004	0.002	0.002	0.2308	0.5924	0.8861	0.0669	0.001	0.008	0.6024	0.5315	0.2937	0.001	0.5564	0.0569	0.1538	0.001	0.5205	0.2388	0.001	0.3327	0.003	0.1319	0.5694	0.0909	0.001	0.001	0.4805	0.9001	0.019	0.023	0.0739	0.001	0.008	0.001	0.4885	0.8831	0.001	0.001	0.007	0.001	0.1938	0.7522	0.1179	0.4176	0.001	0.4555	0.0509	0.034	0.1039	0.5265	0.7143	0.025	0.002	0.8761	0.026	0.003	0.001	0.001	0.019	0.6783	0.001	0.4436	0.2547	0.001	0.001	0.001	0.1139	0.002	0.9051	0.001	0.001	0.002	0.038	0.034	0.1508	0.002	0.1029	0.001	0.003	0.029	0.001	0.966	0.04	0.001	0.007	0.009	0.001	0.978	0.04	0.001	0.001	0.8342	0.001	0.001	0.4855	0.0769	0.4426	0.1898	0.0729	0.2737	0.7483	0.016	0.001	0.001	0.1259	0.001	0.003	0.0879	0.3956	0.1409	0.001	0.001	0.3776	0.002	0.004	0.2428	0.001	0.001	0.2887	0.006	0.2398	0.1718	0.3886	0.009	0.004	0.4226	0.002	0.6993	0.0899	0.004	1	0.003	0.011	0.7423	0.004	0.001	0.5395	0.7822	0.001	0.001	0.3886	0.038	0.9161	0.001	0.1419	0.8581	0.037	0.001	0.0549	0.8791	0.4106	0.001	0.4745	0.001	0.004	0.001	0.004	0.3047	0.971	0.0549	0.026	0.013	0.3856	0.012	0.012	0.015	0.001	0.001	0.001	0.5914	0.5435	0.002	0.001	0.001	0.7363	0.5045	0.9341	0.1598	0.001	0.001	0.002	0.5025	0.0599	0.001	0.3397	0.001	0.0859	0.001	0.003	0.001	0.7433	0.01	0.048	0.028	0.8781	0.002	0.045	0.0929	0.001	0.047	0.3147	0.008	0.006	0.001	0.9051	0.0709	0.001	0.001	0.001	0.9201	0.8531	0.1838	0.6743	0.1718	0.035	0.003	0.006	0.001	0.001	0.037	0.95	0.4655	0.009	0.9441	0.2677	0.1019	0.002	0.001	0.002	0.001	0.002	0.009	0.956	0.1219	0.001	0.4416	0.001	0.001	0.0759	0.001	0.2827	0.001	0.014	0.1249	0.001	0.001	0.0779	0.016	0.3327	0.9411	0.001	0.2488	0.001	0.3616	0.001	0.018	0.004	0.001	0.1758	0.001	0.002	0.001	0.012	0.1409	0.001	0.001	0.6364	0.001
Sg_I12_6	0.2438	0.018	0.003	0.5045	0.003	0.03	0.01	0.003	0.028	0.006	0.1269	0.0929	0.7602	0.035	0.0919	0.038	0.2507	0.2048	0.7093	0.1489	0.4815	0.9031	0.4585	0.001	0.6833	0.0539	0.001	0.4505	0.044	0.2138	0.6663	0.1928	0.002	0.015	0.3546	0.029	0.006	0.5584	0.001	0.004	0.1039	0.0829	0.0569	0.4336	0.006	0.003	0.1189	0.1239	0.0709	0.001	0.019	0.2428	0.003	0.027	0.001	0.5035	0.013	0.3207	0.2917	0.5854	0.001	0.015	0.001	0.001	0.0639	0.2717	0.5864	0.002	0.003	0.01	0.0629	0.3536	0.6753	0.006	0.7552	0.044	0.5205	0.004	0.8711	0.031	0.001	0.0539	0.036	0.3606	0.048	0.032	0.001	0.001	0.1818	0.1808	0.1508	0.8112	0.7652	0.003	0.001	0.003	0.6474	0.1538	0.001	0.1079	0.004	0.009	0.4995	0.1399	0.1419	0.6543	0.001	0.1299	0.03	0.8671	0.043	0.1728	0.013	0.012	0.001	0.4266	0.004	0.018	0.001	0.001	0.01	0.1628	0.009	0.3686	0.2807	0.004	0.016	0.002	0.0789	0.016	0.005	0.01	0.003	0.004	0.3327	0.0719	0.1998	0.001	0.0939	0.0989	0.004	0.001	0.011	0.0809	0.015	0.009	0.001	0.041	0.001	0.0809	0.001	0.001	0.001	0.1748	0.005	0.001	0.3736	0.6513	0.04	0.7483	0.1738	0.8911	0.4016	0.043	0.032	0.013	0.3736	0.015	0.0609	0.9011	0.2098	0.6713	0.018	0.001	0.6533	0.001	0.2178	0.0969	0.0989	0.001	0.2517	0.003	0.002	0.9281	0.03	0.004	0.0969	0.5604	0.1249	0.8681	0.0549	0.3497	0.003	1	0.001	0.6084	0.001	0.007	0.1838	0.6104	0.004	0.005	0.4306	0.1179	0.5425	0.001	0.01	0.0889	0.8232	0.01	0.2867	0.5035	0.2498	0.014	0.4126	0.006	0.2657	0.002	0.4545	0.4226	0.003	0.3956	0.1329	0.4525	0.1359	0.004	0.031	0.001	0.006	0.002	0.008	0.5554	0.004	0.001	0.013	0.003	0.7483	0.9311	0.019	0.9011	0.001	0.001	0.005	0.5305	0.4505	0.001	0.016	0.001	0.2258	0.024	0.3556	0.0879	0.3976	0.0649	0.1239	0.98	0.1518	0.4386	0.0719	0.1489	0.003	0.2368	0.3906	0.02	0.001	0.1708	0.015	0.028	0.002	0.0669	0.01	0.2088	0.4965	0.4695	0.4056	0.3626	0.001	0.007	0.0899	0.001	0.5175	0.007	0.6863	0.5055	0.01	0.5085	0.1578	0.4236	0.001	0.001	0.031	0.1958	0.002	0.7662	0.6484	0.037	0.019	0.1159	0.001	0.031	0.043	0.014	0.6803	0.011	0.005	0.039	0.01	0.002	0.027	0.002	0.04	0.042	0.002	0.1688	0.017	0.3516	0.004	0.011	0.007	0.004	0.0809	0.1808	0.1728	0.001	0.001	0.1429	0.001	0.1159	0.012	0.2028
Sg_I13_16	0.001	0.001	0.0689	0.018	0.001	0.0839	0.001	0.007	0.001	0.014	0.001	0.7672	0.0969	0.001	0.002	0.6523	0.8821	0.001	0.007	0.7093	0.008	0.5694	0.3147	0.013	0.2068	0.4446	0.006	0.1558	0.011	0.2338	0.1149	0.004	0.001	0.001	0.049	0.1748	0.001	0.8012	0.001	0.5045	0.1489	0.7912	0.016	0.1528	0.001	0.002	0.001	0.001	0.001	0.001	0.0799	0.007	0.007	0.028	0.033	0.012	0.002	0.3926	0.3417	0.004	0.0599	0.001	0.021	0.001	0.4525	0.6154	0.027	0.001	0.001	0.002	0.5744	0.9151	0.045	0.001	0.962	0.991	0.044	0.004	0.4975	0.001	0.001	0.001	0.001	0.4186	0.0569	0.001	0.005	0.044	0.002	0.0859	0.8511	0.4945	0.035	0.001	0.005	0.002	0.002	0.001	0.001	0.002	0.0539	0.001	0.031	0.001	0.9001	0.2358	0.002	0.007	0.001	0.0649	0.035	0.8591	0.1079	0.001	0.001	0.8511	0.001	0.001	0.002	0.009	0.001	0.048	0.012	0.01	0.001	0.2388	0.001	0.001	0.1059	0.001	0.3876	0.001	0.004	0.001	0.1908	0.3497	0.1568	0.1928	0.001	0.001	0.001	0.006	0.001	0.4645	0.037	0.1189	0.001	0.028	0.001	0.3237	0.003	0.001	0.002	0.987	0.008	0.003	0.0729	0.4955	0.8282	0.2058	0.3227	0.003	0.004	0.7193	0.001	0.049	0.032	0.002	0.001	0.004	0.6533	0.037	0.001	0.003	0.1918	0.004	0.029	0.4156	0.01	0.005	0.002	0.001	0.0549	0.0659	0.6044	0.001	0.001	0.1728	0.001	0.001	0.4505	0.5335	0.011	0.001	1	0.001	0.002	0.001	0.1568	0.7483	0.001	0.001	0.6094	0.009	0.6933	0.001	0.5425	0.3047	0.014	0.001	0.3676	0.0619	0.001	0.001	0.7582	0.001	0.001	0.001	0.4276	0.2108	0.6084	0.4975	0.001	0.2348	0.7053	0.001	0.002	0.002	0.001	0.001	0.0839	0.8631	0.034	0.001	0.001	0.001	0.2607	0.003	0.001	0.043	0.001	0.009	0.001	0.007	0.2867	0.001	0.8711	0.004	0.001	0.001	0.026	0.003	0.9181	0.015	0.8472	0.2048	0.8591	0.032	0.024	0.3267	0.001	0.01	0.026	0.001	0.04	0.001	0.5634	0.001	0.001	0.001	0.003	0.0749	0.1538	0.4476	0.0849	0.8012	0.003	0.002	0.004	0.002	0.0789	0.001	0.2148	0.5225	0.001	0.1109	0.2837	0.0579	0.027	0.001	0.001	0.004	0.001	0.0959	0.6254	0.001	0.001	0.9311	0.001	0.001	0.1968	0.001	0.1429	0.001	0.5674	0.002	0.001	0.001	0.3367	0.7862	0.7413	0.3197	0.001	0.002	0.004	0.3277	0.002	0.01	0.001	0.001	0.004	0.011	0.001	0.001	0.001	0.5345	0.003	0.008	0.1788	0.001
Sg_K01_3	0.03	0.01	0.6254	0.0709	0.3966	0.037	0.5115	0.011	0.0669	0.8851	0.003	0.3317	0.3057	0.007	0.026	0.2557	0.0609	0.0639	0.2128	0.8072	0.011	0.5784	0.2338	0.6064	0.3696	0.7742	0.6454	0.2298	0.7702	0.6254	0.1039	0.001	0.6743	0.024	0.035	0.8501	0.016	0.3367	0.3896	0.4366	0.3726	0.1638	0.3477	0.04	0.004	0.005	0.008	0.006	0.1139	0.018	0.018	0.1958	0.0969	0.9481	0.4565	0.002	0.1139	0.3207	0.4825	0.025	0.2418	0.5794	0.3217	0.3916	0.4136	0.6593	0.007	0.1359	0.7323	0.1499	0.009	0.8721	0.5764	0.1279	0.0739	0.046	0.031	0.5335	0.1349	0.7443	0.005	0.018	0.028	0.5125	0.5365	0.01	0.5405	0.5115	0.2607	0.05	0.3437	0.0689	0.012	0.007	0.6064	0.1968	0.018	0.006	0.017	0.031	0.2278	0.014	0.02	0.008	0.7183	0.4146	0.03	0.019	0.1059	0.001	0.4046	0.1668	0.8052	0.0869	0.017	0.4625	0.047	0.029	0.6813	0.0759	0.031	0.003	0.8182	0.039	0.1499	0.2867	0.025	0.3706	0.4066	0.6883	0.6284	0.049	0.3526	0.003	0.3397	0.4725	0.2507	0.6963	0.004	0.3736	0.3197	0.4685	0.0999	0.4625	0.8521	0.965	0.8022	0.2917	0.1908	0.6533	0.6673	0.2368	0.5245	0.6004	0.0689	0.04	0.1449	0.3347	0.045	0.3616	0.5804	0.012	0.4226	0.5365	0.011	0.954	0.8452	0.015	0.001	0.037	0.027	0.2128	0.2587	0.1029	0.1449	0.965	0.5994	0.2008	0.0869	0.3297	0.019	0.5754	0.4276	0.8292	0.026	0.019	0.003	0.0529	0.011	0.012	0.0769	0.1499	0.7423	0.6084	0.001	1	0.7123	0.1598	0.3946	0.2527	0.4426	0.018	0.027	0.0709	0.4645	0.0989	0.0519	0.006	0.011	0.3876	0.5005	0.0619	0.008	0.012	0.8002	0.007	0.001	0.009	0.7692	0.1389	0.5025	0.8332	0.4116	0.037	0.0669	0.2957	0.048	0.999	0.009	0.001	0.8701	0.6593	0.4635	0.4505	0.03	0.008	0.034	0.022	0.002	0.019	0.1838	0.1608	0.002	0.001	0.7183	0.9121	0.1648	0.2967	0.1149	0.0599	0.05	0.0849	0.7702	0.1019	0.024	0.1848	0.031	0.4695	0.3546	0.7063	0.05	0.9181	0.8531	0.008	0.2448	0.008	0.002	0.3916	0.1698	0.045	0.8142	0.001	0.1309	0.021	0.4326	0.6943	0.7053	0.6054	0.4875	0.036	0.8921	0.002	0.8422	0.4775	0.03	0.021	0.7373	0.0799	0.1489	0.3856	0.003	0.1648	0.1369	0.1039	0.2418	0.0889	0.017	0.4525	0.6633	0.2268	0.4006	0.1329	0.032	0.7013	0.1339	0.0829	0.3187	0.031	0.8472	0.2727	0.5035	0.7632	0.8611	0.015	0.0799	0.8012	0.0929	0.1848	0.2697	0.023	0.002	0.6983	0.001	0.0629	0.3936	0.0639	0.017	0.1249	0.5035	0.6743
Sg_K01_5	0.2168	0.006	0.01	0.4116	0.034	0.012	0.0509	0.001	0.002	0.4625	0.04	0.1289	0.1628	0.004	0.005	0.033	0.7003	0.0719	0.0889	0.4675	0.0809	0.8272	0.1788	0.0819	0.5425	0.7423	0.022	0.6354	0.035	0.3467	0.7333	0.4825	0.1259	0.003	0.0929	0.049	0.001	0.982	0.003	0.01	0.2547	0.2138	0.2178	0.1998	0.001	0.003	0.017	0.2418	0.004	0.006	0.1169	0.2358	0.01	0.1159	0.001	0.2657	0.002	0.968	0.4476	0.3357	0.001	0.003	0.001	0.001	0.4436	0.7103	0.6593	0.1179	0.022	0.1339	0.1199	0.6174	0.0829	0.012	0.3916	0.1379	0.3077	0.0549	0.3407	0.0829	0.001	0.0859	0.002	0.1139	0.001	0.0929	0.1039	0.001	0.0599	0.8971	0.8262	0.975	0.999	0.004	0.002	0.01	0.3247	0.2607	0.002	0.2068	0.024	0.02	0.4146	0.037	0.1908	0.1479	0.001	0.5025	0.0959	0.1818	0.005	0.4396	0.011	0.0979	0.001	0.5514	0.1379	0.039	0.004	0.001	0.1968	0.6803	0.0579	0.1259	0.5974	0.1069	0.007	0.0749	0.1698	0.0629	0.0939	0.003	0.013	0.001	0.1259	0.038	0.1449	0.001	0.035	0.037	0.002	0.001	0.003	0.5075	0.0789	0.1229	0.001	0.006	0.001	0.6693	0.001	0.001	0.001	0.2398	0.017	0.001	0.4086	0.1149	0.1009	0.3646	0.4426	0.1499	0.0529	0.0929	0.01	0.004	0.5255	0.0649	0.006	0.983	0.2617	0.1419	0.3277	0.008	1	0.001	0.5894	0.1998	0.4705	0.001	0.2587	0.001	0.001	0.5005	0.016	0.011	0.032	0.955	0.022	0.0759	0.1009	0.6943	0.004	0.001	0.002	0.7123	1	0.002	0.3966	0.9131	0.005	0.001	0.1928	0.0689	0.0929	0.001	0.034	0.0629	0.2078	0.003	0.9391	0.3087	0.6454	0.001	0.2338	0.001	0.034	0.009	0.6803	0.1449	0.0919	0.1968	0.1059	0.1379	0.3357	0.04	0.2208	0.001	0.01	0.003	0.0929	0.2787	0.017	0.001	0.0909	0.005	0.3796	0.0599	0.1049	0.8501	0.001	0.001	0.002	0.3616	0.8541	0.005	0.034	0.001	0.2498	0.1149	0.7612	0.7902	0.1958	0.021	0.4735	0.7652	0.2797	0.8282	0.0669	0.0819	0.001	0.6873	0.3317	0.007	0.001	0.0849	0.006	0.033	0.001	0.1568	0.0809	0.2767	0.992	0.9471	0.1598	0.2478	0.001	0.014	0.0629	0.012	0.2198	0.004	0.5175	0.4146	0.001	0.1039	0.4925	0.3646	0.001	0.001	0.002	0.1479	0.004	0.7882	0.7343	0.001	0.006	0.1109	0.001	0.014	0.0839	0.01	0.041	0.004	0.1029	0.0559	0.008	0.002	0.035	0.005	0.0559	0.025	0.0949	0.2727	0.011	0.4176	0.012	0.0829	0.015	0.001	0.2188	0.1518	0.0709	0.001	0.001	0.6164	0.001	0.0899	0.0839	0.1479
Sg_K09_1	0.001	0.001	0.001	0.001	0.001	0.1209	0.001	0.8022	0.001	0.003	0.001	0.001	0.1219	0.031	0.002	0.039	0.5425	0.001	0.04	0.9091	0.1239	0.001	0.001	0.004	0.001	0.017	0.002	0.002	0.001	0.001	0.001	0.2128	0.001	0.001	0.1319	0.001	0.001	0.001	0.003	0.8432	0.1568	0.2338	0.001	0.0899	0.001	0.001	0.8541	0.001	0.001	0.001	0.2478	0.002	0.032	0.001	0.2817	0.5005	0.001	0.001	0.006	0.8062	0.4286	0.001	0.0899	0.001	0.2008	0.014	0.026	0.001	0.001	0.001	0.001	0.3566	0.1079	0.001	0.039	0.001	0.018	0.001	0.038	0.001	0.001	0.001	0.001	0.6663	0.042	0.8851	0.005	0.001	0.1099	0.013	0.001	0.7443	0.003	0.001	0.001	0.001	0.3187	0.6204	0.004	0.001	0.1938	0.001	0.002	0.0739	0.001	0.7493	0.016	0.3447	0.001	0.4505	0.3536	0.4875	0.8152	0.001	0.02	0.001	0.001	0.001	0.0729	0.2178	0.001	0.002	0.001	0.1938	0.026	0.001	0.003	0.001	0.5964	0.001	0.1688	0.001	0.009	0.001	0.039	0.001	0.2228	0.7183	0.001	0.001	0.001	0.0699	0.001	0.0599	0.02	0.001	0.003	0.3357	0.001	0.0659	0.044	0.025	0.001	0.7692	0.001	0.001	0.001	0.7283	0.7592	0.988	0.6813	0.4575	0.001	0.019	0.004	0.024	0.001	0.001	0.2967	0.001	0.001	0.2458	0.001	0.006	0.1978	0.002	0.001	0.3147	0.001	0.001	0.4905	0.002	0.001	0.002	0.001	0.001	0.001	0.1479	0.001	0.0759	0.001	0.001	0.001	0.007	0.001	0.1598	0.002	1	0.2128	0.001	0.0549	0.001	0.1179	0.002	0.4925	0.001	0.3546	0.4366	0.005	0.001	0.1489	0.0789	0.026	0.001	0.0949	0.001	0.001	0.001	0.001	0.4965	0.7952	0.009	0.001	0.2587	0.001	0.001	0.001	0.022	0.001	0.002	0.3017	0.003	0.0719	0.001	0.001	0.001	0.5964	0.0639	0.3906	0.0829	0.006	0.002	0.001	0.0979	0.4515	0.001	0.6563	0.01	0.001	0.001	0.003	0.003	0.001	0.001	0.015	0.003	0.3666	0.003	0.001	0.007	0.001	0.001	0.001	0.001	0.016	0.001	0.0739	0.004	0.001	0.001	0.001	0.01	0.03	0.002	0.029	0.1688	0.0549	0.005	0.004	0.015	0.001	0.001	0.001	0.002	0.001	0.3447	0.4725	0.1219	0.2747	0.001	0.001	0.001	0.001	0.001	0.001	0.001	0.001	0.1678	0.001	0.001	0.6324	0.001	0.2238	0.001	0.002	0.001	0.001	0.001	0.006	0.7083	0.001	0.959	0.001	0.4925	0.033	0.0969	0.001	0.046	0.001	0.001	0.002	0.001	0.001	0.001	0.1019	0.001	0.001	0.001	0.2228	0.001
Sg_K09_61	0.7832	0.0769	0.9141	0.1808	0.6683	0.5884	0.6314	0.7962	0.0579	0.044	0.029	0.3856	0.001	0.004	0.022	0.9021	0.024	0.042	0.001	0.001	0.1698	0.1948	0.964	0.05	0.3656	0.008	0.005	0.8432	0.4016	0.962	0.7652	0.3996	0.3037	0.2607	0.2318	0.7782	0.1848	0.9191	0.0809	0.043	0.0529	0.1069	0.6314	0.03	0.2867	0.7463	0.5654	0.6713	0.4735	0.6094	0.0849	0.2038	0.0579	0.3746	0.959	0.2757	0.5894	0.049	0.1878	0.0979	0.9021	0.7602	0.2468	0.3956	0.001	0.3017	1	0.1908	0.2527	0.2148	0.8601	0.001	0.016	0.6963	0.1868	0.5894	0.2577	0.7303	0.007	0.7353	0.4605	0.961	0.006	0.025	0.4875	0.5564	0.004	0.3796	0.8661	0.019	0.037	0.5974	0.2348	0.8651	0.4466	0.99	0.6623	0.0949	0.4216	0.7832	0.8412	0.3387	0.7852	0.6623	0.7592	0.001	0.2577	0.991	0.4505	0.0709	0.5215	0.8372	0.021	0.957	0.96	0.9161	0.4575	0.96	0.6503	0.5824	0.1259	0.2837	0.7483	0.001	0.4016	0.0559	0.2458	0.2987	0.2707	0.6084	0.2887	0.4535	0.1558	0.003	0.6464	0.8342	0.001	0.991	0.008	0.986	0.4765	0.3407	0.3487	0.001	0.8521	0.0719	0.2398	0.7013	0.7443	0.001	0.5694	0.2138	0.2058	0.02	0.018	0.4575	0.1109	0.001	0.2527	0.6204	0.0729	0.001	0.0709	0.975	0.9341	0.7203	0.5345	0.9001	0.4376	0.011	0.4835	0.001	0.2008	0.4366	0.2547	0.4276	0.0939	0.3187	0.5984	0.5265	0.8262	0.7732	0.049	0.2527	0.972	0.4466	0.3247	0.1159	0.036	0.001	0.7403	0.1508	0.5395	0.1838	0.1568	0.3946	0.3966	0.2128	1	0.6693	0.8841	0.1039	0.4386	0.6124	0.012	0.6903	0.7602	0.4605	0.001	0.1798	0.1069	0.001	0.6464	0.1558	0.001	0.0839	0.0979	0.8591	0.965	0.0909	0.1059	0.6054	0.5994	0.3536	0.997	0.6124	0.2248	0.6234	0.1838	0.5934	0.02	0.4725	0.5694	0.8382	0.9411	0.8681	0.041	0.001	0.5854	0.8392	0.4865	0.5355	0.2577	0.3357	0.968	0.3526	0.1269	0.2448	0.6024	0.8312	0.015	0.6284	0.5794	0.4925	0.028	0.1079	0.0669	0.5455	0.7093	0.6054	0.3956	0.8861	0.6543	0.005	0.025	0.044	0.9401	0.1109	0.8272	0.6364	0.5664	0.7672	0.026	0.7413	0.001	0.9221	0.4036	0.7922	0.7493	0.4346	0.011	0.4685	0.1878	0.7363	0.1259	0.2288	0.7323	0.001	0.3127	0.986	0.034	0.5734	0.6933	0.5564	0.7113	0.001	0.4735	0.3816	0.6853	0.2967	0.1099	0.3127	0.002	0.6124	0.1758	0.9341	0.0759	0.6014	0.2737	0.3916	0.5524	0.6394	0.5644	0.7772	0.7972	0.2907	0.1329	0.1908	0.6224	0.2008	0.005	0.3766	0.011	0.4785	0.6923	0.3207	0.5465	0.8282	0.1968	0.2897
Sg_K10_28	0.1439	0.1628	0.015	0.007	0.003	0.6494	0.007	0.0509	0.022	0.1299	0.1449	0.001	0.973	0.2707	0.0569	0.3706	0.001	0.4446	0.6284	0.7423	0.6903	0.2967	0.022	0.1968	0.003	0.1169	0.9011	0.016	0.001	0.001	0.033	0.1179	0.0799	0.048	0.2657	0.001	0.1129	0.001	0.4825	0.8521	0.007	0.001	0.006	0.3536	0.1439	0.99	0.022	0.0809	0.6943	0.9361	0.041	0.1249	0.4116	0.1309	0.2827	0.7742	0.1598	0.025	0.019	0.3257	0.4456	0.1758	0.1219	0.029	0.4356	0.2857	0.1528	0.3626	0.008	0.011	0.001	0.7502	0.1988	0.2418	0.9061	0.045	0.009	0.3986	0.2997	0.0569	0.7423	0.6164	0.034	0.1818	0.038	0.0599	0.4515	0.003	0.009	0.6923	0.2767	0.8292	0.7562	0.1039	0.002	0.1878	0.2757	0.014	0.5804	0.047	0.031	0.5325	0.001	0.2218	0.001	0.4505	0.5055	0.001	0.0969	0.7033	0.013	0.0739	0.7672	0.023	0.7922	0.001	0.1838	0.1768	0.9331	0.3686	0.3157	0.4865	0.2348	0.3397	0.8661	0.034	0.4366	0.023	0.4026	0.6933	0.037	0.009	0.7423	0.7303	0.018	0.005	0.992	0.3986	0.1518	0.019	0.5105	0.9461	0.003	0.5025	0.1369	0.1888	0.6733	0.1698	0.6454	0.2338	1	0.8901	0.2198	0.0639	1	0.6803	0.001	0.5774	0.4396	0.001	0.2208	0.0969	0.003	0.007	0.2438	0.4985	0.2358	0.2707	0.0549	0.0739	0.001	0.9111	0.6883	0.7922	0.6803	0.7023	0.019	0.7443	0.1998	0.002	0.3766	0.1748	0.1089	0.6174	0.001	0.5485	0.3636	0.4655	0.7153	0.3906	0.011	0.001	0.7822	0.6104	0.7483	0.2527	0.9131	0.001	0.6693	1	0.4605	0.011	0.4765	0.0759	0.5554	0.2048	0.1489	0.023	0.2108	0.001	0.045	0.5704	0.5345	0.027	0.1019	0.2048	0.029	0.9261	0.005	0.9241	0.8142	0.8551	0.015	0.6643	0.001	0.021	0.4575	0.5774	0.6324	0.9011	0.8212	0.001	0.2128	0.4525	0.7952	0.029	0.981	0.3566	0.0879	0.2827	0.9121	0.0859	0.1179	0.8721	0.7802	0.009	0.6923	0.5684	0.8372	0.0889	0.7572	0.0529	0.001	0.3327	0.4476	0.7532	0.1009	0.019	0.004	0.1179	0.005	0.9061	0.003	0.4406	0.0839	0.4985	0.049	0.8601	0.4266	0.2717	0.003	0.5554	0.008	0.003	0.8871	0.6414	0.6833	0.2857	0.4186	0.1838	0.001	0.7722	0.012	0.001	0.2587	0.3127	0.6973	0.7852	0.035	0.05	0.4505	0.003	0.2218	0.001	0.001	0.0689	0.009	0.0909	0.3746	0.001	0.014	0.0579	0.016	0.009	0.011	0.006	0.001	0.3217	0.032	0.4466	0.001	0.974	0.004	0.009	0.8172	0.027	0.1918	0.0749	0.4126	0.031	0.4216	0.015	0.9171	0.5085	0.8771	0.001	0.8711	0.013	0.2637	0.1848
Sg_K14_18	0.5015	0.041	0.0679	0.2917	0.007	0.0819	0.8621	0.003	0.1449	0.035	0.03	0.8731	0.2987	0.011	0.0669	0.6513	0.8761	0.2168	0.968	0.3427	0.3217	0.006	0.0819	0.031	0.3107	0.969	0.005	0.0899	0.044	0.3886	0.3217	0.034	0.1988	0.009	0.6484	0.9211	0.1269	0.9301	0.009	0.045	0.1279	0.0989	0.9011	0.8781	0.2807	0.006	0.005	0.7223	0.006	0.001	0.008	0.5814	0.013	0.005	0.003	0.961	0.005	0.6064	0.2567	0.4306	0.005	0.9241	0.042	0.007	0.4655	0.0889	0.4915	0.5425	0.1279	0.2058	0.6174	0.9221	0.2727	0.007	0.5415	0.2687	0.3716	0.02	0.5714	0.8921	0.002	0.4675	0.1479	0.5594	0.7363	0.003	0.1638	0.014	0.026	0.2587	0.5604	0.6553	0.5135	0.002	0.5225	0.003	0.7532	0.04	0.002	0.005	0.004	0.006	0.1638	0.5295	0.6064	0.7143	0.001	0.0529	0.1678	0.1998	0.001	0.015	0.2897	0.5654	0.002	0.4476	0.4156	0.03	0.017	0.004	0.8032	0.6314	0.019	0.8691	0.4186	0.001	0.029	0.7772	0.5704	0.041	0.8541	0.0659	0.2198	0.03	0.6553	0.038	0.5744	0.012	0.6563	0.1658	0.017	0.005	0.046	0.9191	0.6713	0.021	0.0759	0.001	0.001	0.986	0.001	0.011	0.022	0.1588	0.002	0.004	0.4545	0.6134	0.8332	0.3576	0.8042	0.6503	0.3417	0.007	0.0599	0.001	0.993	0.8262	0.02	0.5844	0.6693	0.6254	0.1249	0.006	0.8122	0.001	0.6543	0.8232	0.007	0.1219	0.5105	0.029	0.1149	0.033	0.1958	0.2777	0.0739	0.4585	0.1449	0.4286	0.044	0.962	0.001	0.004	0.001	0.4426	0.005	0.0549	0.8841	0.4605	1	0.019	0.0769	0.3047	0.7153	0.015	0.0639	0.2977	0.0709	0.007	0.8312	0.967	0.9241	0.013	0.7522	0.017	0.3576	0.003	0.99	0.4745	0.8202	0.4286	0.3676	0.3516	0.6214	0.3976	0.2288	0.007	0.001	0.0719	0.0849	0.3906	0.2478	0.009	0.003	0.4605	0.2118	0.7333	0.1169	0.5025	0.005	0.004	0.2118	0.7562	0.972	0.3097	0.2797	0.001	0.8671	0.4685	0.041	0.046	0.6933	0.1718	0.4855	0.2997	0.5984	0.2268	0.3097	0.6933	0.008	0.5455	0.2408	0.011	0.01	0.01	0.1099	0.7033	0.001	0.2008	0.0789	0.964	0.8531	0.2088	0.8162	0.5035	0.01	0.9261	0.006	0.001	0.5015	0.018	0.3806	0.9451	0.007	0.3556	0.7173	0.3417	0.008	0.0509	0.002	0.1768	0.0809	0.2637	0.5125	0.5614	0.0809	0.8242	0.002	0.043	0.7293	0.019	0.8611	0.0879	0.0909	0.6484	0.1229	0.001	0.4396	0.1219	0.7632	0.7692	0.036	0.042	0.001	0.2817	0.002	0.1548	0.4625	0.003	0.4685	0.1209	0.0589	0.002	0.002	0.3906	0.006	0.033	0.1319	0.002
Sg_K15_44	0.001	0.001	0.001	0.001	0.001	0.008	0.001	0.1109	0.001	0.045	0.001	0.005	0.0679	0.001	0.002	0.1568	0.3616	0.001	0.012	0.4835	0.007	0.021	0.001	0.007	0.0869	0.022	0.043	0.0999	0.001	0.002	0.001	0.3127	0.001	0.001	0.0619	0.001	0.001	0.011	0.002	0.9001	0.1329	0.4735	0.001	0.8272	0.001	0.001	0.1089	0.001	0.001	0.001	0.6244	0.005	0.002	0.001	0.007	0.1948	0.001	0.0549	0.0999	0.1219	0.1748	0.001	0.003	0.001	0.0869	0.0859	0.1029	0.001	0.001	0.002	0.1159	0.2557	0.001	0.001	0.5704	0.0989	0.003	0.001	0.8432	0.001	0.001	0.001	0.001	0.1688	0.003	0.1169	0.048	0.001	0.2917	0.015	0.001	0.1299	0.006	0.001	0.001	0.001	0.1508	0.5654	0.001	0.001	0.4416	0.001	0.1049	0.005	0.001	0.3596	0.001	0.6843	0.001	0.0629	0.2537	0.1648	0.4006	0.001	0.002	0.002	0.001	0.001	0.003	0.006	0.001	0.003	0.001	0.0659	0.001	0.001	0.001	0.001	0.7902	0.001	0.4715	0.001	0.014	0.001	0.1269	0.001	0.1499	0.0519	0.001	0.001	0.001	0.044	0.001	0.023	0.002	0.002	0.001	0.028	0.001	0.014	0.018	0.001	0.001	0.9371	0.001	0.001	0.001	0.3237	0.7263	0.8202	0.4326	0.2008	0.001	0.5924	0.001	0.028	0.005	0.001	0.004	0.001	0.0629	0.1139	0.001	0.001	0.3566	0.001	0.001	0.5245	0.001	0.001	0.2557	0.001	0.005	0.031	0.004	0.002	0.001	0.8871	0.001	0.029	0.006	0.013	0.001	0.005	0.001	0.018	0.001	0.001	0.1039	0.011	0.019	1	0.6264	0.002	0.2138	0.001	0.3956	0.6474	0.001	0.001	0.4835	0.028	0.011	0.001	0.0829	0.001	0.001	0.001	0.001	0.1379	0.2847	0.02	0.001	0.3007	0.015	0.001	0.002	0.004	0.001	0.001	0.1538	0.006	0.1319	0.001	0.001	0.001	0.2278	0.032	0.0579	0.0519	0.001	0.003	0.001	0.002	0.6903	0.001	0.5564	0.001	0.004	0.001	0.001	0.01	0.001	0.001	0.1289	0.001	0.5385	0.004	0.001	0.0679	0.001	0.038	0.001	0.001	0.006	0.001	0.5704	0.01	0.001	0.001	0.001	0.009	0.8392	0.0769	0.024	0.1429	0.023	0.001	0.008	0.001	0.001	0.001	0.016	0.017	0.001	0.0629	0.7453	0.044	0.2168	0.001	0.001	0.001	0.001	0.001	0.011	0.001	0.001	0.3526	0.001	0.001	0.9311	0.001	0.9231	0.001	0.019	0.001	0.001	0.001	0.035	0.3626	0.002	0.4685	0.001	0.4565	0.001	0.2258	0.001	0.002	0.001	0.001	0.002	0.001	0.001	0.001	0.038	0.2517	0.001	0.001	0.8172	0.001
Sg_K16_17	0.7712	0.1429	0.2288	0.2637	0.2448	0.1928	0.8282	0.0809	0.0639	0.2967	0.7732	0.4625	0.4066	0.2777	0.2607	0.5844	0.01	0.9051	0.8242	0.1938	0.0809	0.048	0.011	0.959	0.3666	0.3686	0.5694	0.041	0.7962	0.3387	0.023	0.7383	0.1499	0.2058	0.2228	0.9381	0.7662	0.8152	0.1658	0.9111	0.2428	0.2498	0.2008	0.001	0.4785	0.4136	0.1259	0.5275	0.7562	0.7403	0.3516	0.6134	0.6773	0.2647	0.8881	0.0609	0.012	0.0609	0.0569	0.001	0.5165	0.1089	0.7413	0.1658	0.1479	0.1189	0.0529	0.8262	0.2807	0.8901	0.037	0.9341	0.3117	0.2757	0.2148	0.025	0.1099	0.3347	0.6164	0.6124	0.6474	0.8212	0.7363	0.4116	0.3367	0.3377	0.9111	0.1708	0.0709	0.8661	0.031	0.039	0.1768	0.7732	0.8082	0.3506	0.5534	0.9431	0.4905	0.3087	0.1638	0.6593	0.039	0.5624	0.6264	0.1479	0.1439	0.6743	0.4945	0.002	0.5025	0.2737	0.0809	0.5435	0.2058	0.984	0.4775	0.4016	0.3686	0.3936	0.5295	0.0839	0.1009	0.4216	0.7383	0.025	0.8222	0.5534	0.5744	0.031	0.4316	0.1189	0.008	0.1648	0.8152	0.0669	0.5385	0.985	0.1159	0.026	0.4276	0.3756	0.5415	0.7722	0.969	0.014	0.0839	0.1708	0.2837	0.2517	0.4216	0.2128	0.1528	0.047	0.021	0.2867	0.1768	0.7223	0.5644	0.2717	0.6553	0.9071	0.8891	0.2168	0.8721	0.015	0.3187	0.2977	0.0829	0.1828	0.036	0.8142	0.8831	0.4635	0.0639	0.0569	0.4176	0.3447	0.3876	0.5814	0.1369	0.4975	0.5215	0.006	0.034	0.8871	0.8472	0.006	0.5415	0.8871	0.1708	0.034	0.3886	0.4306	0.6094	0.027	0.1928	0.1179	0.4386	0.4765	0.0769	0.6264	1	0.7882	0.8851	0.6494	0.6533	0.1039	0.1039	0.0649	0.984	0.3936	0.7812	1	0.3656	0.958	0.3646	0.8322	0.043	0.047	0.2947	0.5634	0.0929	0.0899	0.012	0.2408	0.2547	0.4466	0.8861	0.5495	0.3966	0.6294	0.3377	0.016	0.2677	0.9481	0.4865	0.9331	0.3936	0.3027	0.5285	0.1738	0.3596	0.4216	0.1139	0.4346	0.1658	0.5345	0.9231	0.1399	0.4655	0.6543	0.5514	0.958	0.001	0.4605	0.048	0.3197	0.5794	0.6474	0.2897	0.1239	0.5574	0.8212	0.3407	0.1149	0.025	0.3357	0.5195	0.5035	0.0809	0.3007	0.1239	0.042	0.8132	0.2338	0.5954	0.8212	0.029	0.5465	0.2248	0.6893	0.022	0.7622	0.7383	0.0939	0.023	0.968	0.2537	0.1928	0.954	0.1508	0.7542	0.2937	0.5894	0.0849	0.97	0.0579	0.1119	0.1958	0.1489	0.5355	0.1149	0.0729	0.1369	0.3157	0.1768	0.8302	0.6294	0.1898	0.5355	0.3307	0.1638	0.1578	0.8232	0.7213	0.2927	0.6873	0.3417	0.8152	0.3646	0.6454	0.6424	0.6104	0.5055	0.04	0.973	0.0959	0.7043	0.005
Sg_K16_50	0.001	0.004	0.002	0.003	0.001	0.003	0.001	0.018	0.006	0.0949	0.001	0.1928	0.5185	0.04	0.001	0.3417	0.8941	0.001	0.8771	0.044	0.0839	0.3556	0.1299	0.4925	0.5095	0.0819	0.008	0.5475	0.0719	0.0749	0.1419	0.0699	0.0599	0.002	0.03	0.025	0.001	0.0539	0.001	0.01	0.2368	0.1429	0.008	0.6014	0.02	0.002	0.1788	0.001	0.005	0.004	0.2907	0.001	0.016	0.4895	0.0769	0.0569	0.1339	0.5894	0.0759	0.2078	0.2767	0.002	0.0729	0.1548	0.6753	0.6803	0.0529	0.003	0.001	0.001	0.9401	0.2967	0.014	0.002	0.8222	0.6074	0.0849	0.5694	0.9361	0.03	0.006	0.016	0.003	0.2198	0.025	0.8531	0.001	0.3067	0.95	0.9011	0.4865	0.5854	0.0729	0.003	0.001	0.1419	0.1269	0.8891	0.022	0.002	0.4346	0.023	0.4316	0.04	0.0679	0.1389	0.007	0.2348	0.001	0.2378	0.3826	0.2488	0.5944	0.001	0.012	0.027	0.1129	0.003	0.03	0.0859	0.005	0.2438	0.8601	0.963	0.006	0.4146	0.011	0.012	0.2178	0.025	0.9121	0.003	0.1469	0.004	0.4226	0.3147	0.8412	0.0679	0.001	0.04	0.0519	0.1788	0.001	0.3177	0.2368	0.1109	0.1578	0.5874	0.031	0.5804	0.2018	0.003	0.1299	0.3666	0.1119	0.026	0.006	0.1249	0.5305	0.2857	0.028	0.5215	0.013	0.3566	0.044	0.5305	0.022	0.002	0.002	0.0749	0.9051	0.8561	0.031	0.1019	0.5215	0.0659	0.003	0.8781	0.002	0.012	0.6154	0.1489	0.2148	0.6543	0.9441	0.0809	0.006	0.7213	0.1149	0.6254	0.6244	0.8372	0.038	0.1179	0.009	0.0709	0.0689	0.002	0.6124	0.0759	0.3047	0.002	0.7882	1	0.6603	0.002	0.1758	0.8651	0.028	0.002	0.3806	0.7662	0.1548	0.001	0.6943	0.001	0.005	0.019	0.0759	0.1698	0.6783	0.4605	0.008	0.047	0.5465	0.01	0.014	0.2008	0.007	0.002	0.2278	0.3846	0.954	0.009	0.0779	0.002	0.04	0.8232	0.0789	0.4735	0.001	0.045	0.001	0.7053	0.6074	0.012	0.8372	0.014	0.012	0.001	0.1159	0.2028	0.034	0.007	0.7193	0.0899	0.3007	0.048	0.02	0.5055	0.001	0.8541	0.0579	0.023	0.1748	0.004	0.8202	0.0559	0.001	0.002	0.1888	0.017	0.4725	0.957	0.9321	0.9171	0.3906	0.001	0.1538	0.015	0.2577	0.0719	0.6863	0.1159	0.001	0.7692	0.6683	0.4525	0.4046	0.3277	0.001	0.025	0.001	0.1908	0.1059	0.036	0.001	0.4885	0.024	0.001	0.0879	0.002	0.9401	0.043	0.7203	0.0919	0.038	0.001	0.9431	0.004	0.1119	0.1848	0.018	0.1698	0.0949	0.001	0.01	0.041	0.035	0.001	0.5265	0.033	0.004	0.002	0.2398	0.7592	0.006	0.1958	0.2697	0.0819
Sg_K16_53	0.045	0.2478	0.9161	0.4296	0.7333	0.1149	0.5395	0.037	0.3187	0.006	0.2937	0.1988	0.2138	0.1229	0.031	0.041	0.9411	0.5504	0.1758	0.008	0.2927	0.3626	0.0689	0.1479	0.8282	0.047	0.0519	0.047	0.1379	0.8092	0.0729	0.4735	0.014	0.5934	0.6064	0.6224	0.0879	0.8711	0.8751	0.994	0.6523	0.4605	0.027	0.0709	0.1209	0.4396	0.031	0.2298	0.023	0.2667	0.2957	0.8482	0.8931	0.2278	0.005	0.7423	0.3137	0.001	0.4605	0.1568	0.0629	0.8841	0.011	0.9241	0.02	0.001	0.1179	0.034	0.7832	0.1818	0.1039	0.005	0.001	0.1978	0.003	0.4645	0.0609	0.2667	0.001	0.1219	0.2008	0.049	0.029	0.001	0.3636	0.5634	0.015	0.5475	0.6623	0.3027	0.9301	0.02	0.8132	0.1878	0.6603	0.5045	0.8212	0.019	0.1948	0.7083	0.003	0.8701	0.0549	0.3277	0.4056	0.026	0.0529	0.2228	0.5664	0.014	0.001	0.9101	0.8232	0.2468	0.025	0.1029	0.7552	0.1429	0.015	0.0779	0.024	0.4775	0.2817	0.1039	0.6893	0.2777	0.1409	0.022	0.7023	0.037	0.2088	0.5504	0.4136	0.007	0.3556	0.1618	0.034	0.002	0.1269	0.2298	0.032	0.7353	0.1558	0.014	0.0549	0.2517	0.02	0.2717	0.5564	0.028	0.1289	0.0799	0.0959	0.3177	0.7502	0.5634	0.8641	0.022	0.3736	0.038	0.2028	0.3267	0.996	0.035	0.972	0.8591	0.047	0.1968	0.006	0.2408	0.3157	0.037	0.2797	0.5035	0.6144	0.1369	0.1868	0.6543	0.1588	0.3007	0.7582	0.979	0.2038	0.2288	0.1728	0.009	0.5465	0.2527	0.9051	0.4555	0.4895	0.004	0.9161	0.5425	0.6933	0.4645	0.0929	0.4925	0.012	0.5554	0.7153	0.2138	0.8851	0.6603	1	0.4156	0.5574	0.974	0.003	0.4855	0.1189	0.02	0.3377	0.2378	0.012	0.006	0.0959	0.6454	0.007	0.1319	0.1818	0.028	0.3147	0.4685	0.04	0.0649	0.0939	0.047	0.1229	0.029	0.5844	0.045	0.1678	0.1179	0.1668	0.8861	0.002	0.3207	0.5904	0.1608	0.0959	0.4236	0.4286	0.1079	0.007	0.8561	0.2338	0.2228	0.0779	0.2488	0.1548	0.031	0.1019	0.3187	0.1209	0.7762	0.7063	0.8182	0.6713	0.019	0.7303	0.004	0.2108	0.0509	0.7353	0.1938	0.6434	0.7832	0.3956	0.024	0.0739	0.2248	0.003	0.2268	0.032	0.4575	0.026	0.042	0.1279	0.0539	0.5325	0.5784	0.012	0.3367	0.002	0.0679	0.2108	0.3666	0.004	0.5874	0.005	0.1429	0.998	0.4246	0.4615	0.018	0.013	0.7233	0.1638	0.6144	0.6134	0.4525	0.022	0.1029	0.2957	0.7582	0.8132	0.1389	0.0829	0.2128	0.5395	0.8501	0.022	0.0849	0.7443	0.4396	0.994	0.4276	0.036	0.1289	0.8162	0.6903	0.009	0.0619	0.1518	0.0679	0.1489	0.042	0.2947	0.3027
Sg_K17_22	0.001	0.001	0.001	0.001	0.001	0.018	0.001	0.024	0.001	0.006	0.001	0.024	0.6753	0.001	0.004	0.1059	0.7383	0.001	0.7682	0.5734	0.02	0.2448	0.005	0.001	0.1369	0.6763	0.001	0.6424	0.001	0.008	0.022	0.0779	0.002	0.001	0.2008	0.001	0.001	0.1968	0.001	0.0639	0.0719	0.5774	0.001	0.8032	0.001	0.001	0.1209	0.001	0.003	0.001	0.1219	0.002	0.001	0.001	0.001	0.1399	0.001	0.2128	0.3407	0.2438	0.019	0.001	0.002	0.001	0.7283	0.029	0.2727	0.001	0.001	0.001	0.0789	0.6204	0.038	0.001	0.3526	0.031	0.1808	0.001	0.5574	0.006	0.001	0.01	0.001	0.7013	0.0959	0.0829	0.001	0.001	0.6194	0.2847	0.028	0.049	0.023	0.001	0.001	0.001	0.1678	0.2458	0.001	0.001	0.049	0.001	0.1708	0.0849	0.002	0.6074	0.001	0.1858	0.001	0.0599	0.048	0.5255	0.2667	0.003	0.009	0.1179	0.003	0.001	0.001	0.001	0.001	0.1429	0.001	0.6024	0.003	0.003	0.001	0.001	0.4196	0.001	0.3626	0.001	0.002	0.001	0.4146	0.003	0.7123	0.001	0.001	0.001	0.001	0.024	0.001	0.3387	0.003	0.001	0.001	0.022	0.001	0.6893	0.003	0.001	0.001	0.5564	0.001	0.001	0.0739	0.3776	0.2937	0.96	1	0.3057	0.012	0.9161	0.001	0.039	0.04	0.001	0.009	0.003	0.2258	0.8801	0.001	0.001	0.3097	0.001	0.001	0.9451	0.001	0.001	0.6324	0.001	0.0569	0.2078	0.017	0.001	0.001	0.4036	0.001	0.984	0.007	0.031	0.001	0.001	0.001	0.0989	0.001	0.001	0.6903	0.2048	0.015	0.001	0.6494	0.002	0.4156	1	0.1269	0.3077	0.002	0.001	0.05	0.7652	0.023	0.001	0.4286	0.001	0.001	0.001	0.005	0.8232	0.3227	0.0629	0.001	0.4486	0.021	0.001	0.001	0.001	0.001	0.001	0.015	0.1568	0.0799	0.001	0.001	0.001	0.4466	0.9291	0.049	0.045	0.001	0.001	0.001	0.0649	0.9141	0.001	0.3646	0.001	0.017	0.001	0.017	0.002	0.007	0.001	0.1089	0.1009	0.993	0.002	0.001	0.1688	0.001	0.04	0.011	0.001	0.001	0.001	0.2158	0.022	0.001	0.001	0.002	0.2438	0.9301	0.025	0.7642	0.3357	0.02	0.001	0.009	0.001	0.001	0.001	0.1718	0.7383	0.001	0.3666	0.9391	0.6174	0.025	0.001	0.001	0.001	0.001	0.006	0.2148	0.001	0.001	0.5045	0.001	0.001	0.049	0.001	0.3047	0.001	0.015	0.023	0.001	0.001	0.036	0.035	0.009	0.2278	0.001	0.0979	0.001	0.0769	0.001	0.02	0.001	0.001	0.1079	0.001	0.001	0.001	0.001	0.1229	0.001	0.001	0.6653	0.001
Sg_K22_12	0.5594	0.5105	0.004	0.5315	0.0539	0.3217	0.7672	0.5584	0.2547	0.008	0.5514	0.2088	0.8442	0.4486	0.3247	0.1109	0.964	0.9321	0.9461	0.5425	0.8332	0.5475	0.4066	0.001	0.7962	0.4166	0.04	0.8482	0.5794	0.4575	0.4825	0.6464	0.038	0.4236	0.1788	0.5085	0.6793	0.1209	0.3117	0.1399	0.7862	0.1149	0.1139	0.6244	0.6254	0.4156	0.7303	0.7862	0.3197	0.4056	0.8651	0.3596	0.1868	0.001	0.5105	0.4266	0.2458	0.1678	0.3257	0.3666	0.0649	0.3586	0.032	0.1518	0.6354	0.1229	0.2567	0.2747	0.2757	0.6104	0.012	0.7722	0.5644	0.0909	0.3926	0.034	0.4975	0.001	0.4206	0.2557	0.8941	0.1578	0.1159	0.3566	0.3127	0.3616	0.015	0.1718	0.7343	0.8482	0.6434	0.6603	0.3796	0.1848	0.4036	0.3606	0.96	0.6663	0.7962	0.9401	0.4396	0.4965	0.3696	0.4016	0.1269	0.8122	0.8002	0.2867	0.2707	0.048	0.7992	0.6973	0.7602	0.1309	0.4575	0.4206	0.2617	0.2737	0.8392	0.7333	0.2537	0.3307	0.001	0.5764	0.6094	0.01	0.8861	0.1668	0.2358	0.046	0.02	0.1069	0.019	0.2987	0.96	0.008	0.5724	0.8342	0.4346	0.1788	0.014	0.015	0.034	0.97	0.7003	0.002	0.2607	0.5075	0.0859	0.4346	0.013	0.8861	0.029	0.5654	0.0669	0.0759	0.5924	0.8601	0.1668	0.1029	0.3207	0.4366	0.8482	0.4336	0.988	0.0919	0.6254	0.964	0.4406	0.6613	0.2078	0.7143	0.1628	0.4925	0.3736	0.026	0.2857	0.5335	0.2488	0.7413	0.4346	0.4675	0.9211	0.8971	0.007	0.1928	0.7453	0.0759	0.6224	0.6204	0.0879	0.3407	0.1419	0.01	0.5425	0.0519	0.034	0.3546	0.7602	0.1489	0.0639	0.3956	0.6533	0.1758	0.5574	0.1269	1	0.04	0.9361	0.1389	0.1858	0.7373	0.6344	0.5205	0.5405	0.7652	0.6833	0.7912	0.3986	0.6324	0.5225	0.6274	0.041	0.2997	0.033	0.0999	0.1898	0.0669	0.1818	0.984	0.037	0.7752	0.02	0.011	0.6364	0.7962	0.1818	0.5504	0.7782	0.6503	0.5185	0.7343	0.3846	0.4555	0.2767	0.1908	0.1269	0.6404	0.3796	0.2967	0.2188	0.5385	0.2667	0.7872	0.03	0.1868	0.0729	0.6094	0.5205	0.3337	0.0919	0.0969	0.5445	0.7033	0.004	0.3946	0.004	0.7902	0.3197	0.0909	0.026	0.1648	0.7133	0.024	0.6633	0.005	0.0689	0.5405	0.0979	0.6553	0.0769	0.5155	0.3137	0.2488	0.4036	0.4216	0.4515	0.7333	0.2897	0.049	0.5355	0.4965	0.6843	0.5325	0.3137	0.4106	0.4625	0.1668	0.01	0.1548	0.032	0.2917	0.0979	0.0519	0.1499	0.3706	0.0649	0.6464	0.0769	0.2597	0.3986	0.3137	0.031	0.7772	0.3447	0.1598	0.1848	0.0899	0.012	0.2877	0.3726	0.006	0.5964	0.8402	0.008	0.4885	0.6064	0.4116	0.6024	0.043
Sg_K22_14	0.8372	0.2218	0.3656	0.2018	0.963	0.5465	0.6384	0.6354	0.9391	0.0549	0.2867	0.001	0.7522	0.1089	0.8561	0.4625	0.4166	0.3377	0.5914	0.6164	0.2418	0.5754	0.9341	0.0709	0.008	0.1598	0.3187	0.1998	0.3247	0.3876	0.3606	0.026	0.3167	0.8791	0.049	0.2817	0.4296	0.047	0.046	0.2048	0.5864	0.7163	0.4006	0.7632	0.3646	0.6593	0.022	0.5055	0.2018	0.4036	0.4535	0.4036	0.4655	0.1329	0.1888	0.005	0.3996	0.0889	0.1219	0.02	0.0919	0.0759	0.003	0.3037	0.5355	0.3666	0.001	0.8641	0.4396	0.2737	0.001	0.6124	0.5395	0.6354	0.8182	0.001	0.4136	0.1059	0.8631	0.4206	0.7083	0.2797	0.7932	0.039	0.0929	0.002	0.3856	0.0959	0.05	0.0759	0.7233	0.5275	0.0739	0.3417	0.4396	0.955	0.0679	0.023	0.6633	0.5395	0.6673	0.7782	0.016	0.015	0.011	0.7612	0.4545	0.2148	0.99	0.2498	0.048	0.031	0.4076	0.5574	0.2857	0.0749	0.2767	0.6523	0.3526	0.6613	0.5854	0.001	0.036	0.1249	0.2308	0.012	0.1109	0.967	0.2597	0.6983	0.001	0.5225	0.6294	0.6913	0.4855	0.013	0.9401	0.1818	0.4755	0.3227	0.9031	0.1828	0.2008	0.9391	0.8162	0.007	0.6503	0.3906	0.2068	0.8102	0.1778	0.5524	0.012	0.0949	0.9111	0.8601	0.5944	0.6863	0.035	0.0669	0.3666	0.037	0.0759	0.7672	0.1638	0.0649	0.9241	0.8811	0.0509	0.9411	0.023	0.9331	0.4176	0.8012	0.1968	0.1429	0.0529	0.4076	0.3546	0.2837	0.008	0.984	0.5265	0.4995	0.001	0.6513	0.2527	0.1528	0.2607	0.0729	0.001	0.028	0.8581	0.0889	0.3047	0.006	0.0629	0.4366	0.4605	0.023	0.2977	0.6474	0.1039	0.8651	0.974	0.3077	0.04	1	0.5155	0.1029	0.0999	0.2298	0.0599	0.8991	0.4985	0.8771	0.6224	0.5914	0.032	0.5854	0.001	0.7443	0.8042	0.001	0.001	0.3407	0.7532	0.1479	0.4605	0.2967	0.6803	0.1888	0.001	0.8272	0.1718	0.2637	0.6983	0.1109	0.1309	0.1069	0.7263	0.7842	0.8931	0.047	0.8442	0.03	0.001	0.5794	0.3307	0.5944	0.1139	0.2048	0.034	0.2547	0.1099	0.6703	0.024	0.8941	0.2767	0.8821	0.3536	0.3347	0.1818	0.7013	0.036	0.5534	0.001	0.5485	0.8981	0.968	0.015	0.042	0.3037	0.004	0.8691	0.2178	0.1189	0.8891	0.976	0.4056	0.3756	0.1149	0.2577	0.0749	0.6414	0.6503	0.5175	0.4416	0.7992	0.1289	0.6004	0.8092	0.1269	0.8871	0.041	1	0.976	0.003	0.0529	0.1618	0.2308	0.6334	0.031	0.4396	0.025	0.8332	0.3427	0.8501	0.2108	0.1718	0.013	0.1329	0.3037	0.008	0.7802	0.7383	0.964	0.2388	0.6294	0.6643	0.001	0.3776	0.4286	0.5764	0.027	0.017	0.9341	0.4046	0.5544	0.4655
Sg_K22_66	0.1578	0.001	0.1768	0.0769	0.006	0.001	0.2677	0.045	0.001	0.1888	0.001	0.5175	0.003	0.003	0.002	0.969	0.039	0.001	0.007	0.028	0.035	0.9221	0.1708	0.9361	0.2378	0.006	0.2887	0.7093	0.01	0.5744	0.4006	0.0849	0.6753	0.001	0.3966	0.0689	0.001	0.3077	0.5395	0.7333	0.4965	0.2028	0.2278	0.1239	0.001	0.003	0.011	0.032	0.001	0.015	0.7612	0.1868	0.1648	0.1059	0.017	0.1419	0.015	0.0509	0.1199	0.003	0.8781	0.2468	0.1389	0.5495	0.003	0.1828	0.3437	0.972	0.1918	0.8372	0.3566	0.003	0.001	0.0899	0.3237	0.4555	0.1379	0.1678	0.03	0.9011	0.006	0.6743	0.001	0.3087	0.1918	0.1229	0.2777	0.5125	0.7972	0.034	0.006	0.01	0.001	0.001	0.2038	0.032	0.0619	0.4026	0.031	0.004	0.038	0.003	0.8951	0.1988	0.2737	0.013	0.001	0.3846	0.3057	0.001	0.0609	0.6733	0.999	0.3656	0.006	0.1109	0.8851	0.044	0.001	0.011	0.6773	0.041	0.3457	0.002	0.6923	0.8402	0.002	0.97	0.2657	0.5175	0.1778	0.002	0.6503	0.001	0.4895	0.0759	0.001	0.033	0.001	0.2008	0.1728	0.3616	0.001	0.001	0.032	0.2957	0.1499	0.013	0.6503	0.003	0.5395	0.033	0.0809	0.0999	0.1189	0.0679	0.036	0.004	0.1608	0.4066	0.0989	0.032	0.1798	0.1978	0.022	0.1968	0.955	0.002	0.001	0.001	0.6224	0.009	0.0769	0.003	0.2348	0.1419	0.3207	0.0539	0.0699	0.01	0.2378	0.0889	0.971	0.8272	0.9241	0.3107	0.006	0.003	0.003	0.009	0.7463	0.2767	0.037	0.8232	0.014	0.011	0.2078	0.005	0.001	0.2108	0.0709	0.001	0.1039	0.028	0.003	0.002	0.9361	0.5155	1	0.002	0.8521	0.001	0.9281	0.001	0.001	0.001	0.001	0.009	0.4785	0.2298	0.005	0.3986	0.1588	0.1019	0.8412	0.5974	0.8102	0.2777	0.001	0.003	0.6713	0.0559	0.3936	0.6454	0.013	0.003	0.007	0.007	0.7353	0.2907	0.006	0.0519	0.001	0.035	0.5015	0.6084	0.1758	0.011	0.8212	0.4116	0.003	0.7323	0.027	0.003	0.3257	0.003	0.3726	0.3287	0.3417	0.7313	0.001	0.3097	0.4186	0.001	0.6903	0.001	0.5914	0.2368	0.006	0.3876	0.4875	0.0759	0.0769	0.5285	0.001	0.979	0.4705	0.007	0.7303	0.0689	0.009	0.036	0.3227	0.1279	0.001	0.0739	0.5744	0.003	0.007	0.2817	0.001	0.01	0.041	0.041	0.1688	0.001	0.001	0.6144	0.2937	0.001	0.9191	0.001	0.01	0.025	0.1329	0.4326	0.009	0.001	0.7732	0.2807	0.2687	0.3457	0.3337	0.2208	0.011	0.998	0.001	0.039	0.5205	0.001	0.006	0.03	0.001	0.002	0.6733	0.2188	0.002	0.1379	0.6923	0.022
Sg_K22_8	0.001	0.001	0.001	0.001	0.001	0.2727	0.001	0.8531	0.001	0.006	0.001	0.001	0.0959	0.011	0.001	0.3826	0.5165	0.001	0.1668	0.7882	0.2318	0.002	0.001	0.008	0.002	0.045	0.004	0.019	0.001	0.001	0.001	0.7283	0.001	0.001	0.9281	0.001	0.001	0.001	0.003	0.4206	0.2577	0.1019	0.001	0.0609	0.001	0.002	0.7642	0.001	0.002	0.001	0.6254	0.013	0.035	0.001	0.1349	0.976	0.001	0.002	0.006	0.8731	0.3606	0.001	0.003	0.001	0.2777	0.2058	0.2597	0.001	0.001	0.004	0.002	0.1429	0.028	0.001	0.1489	0.003	0.015	0.001	0.2128	0.001	0.001	0.002	0.001	0.1169	0.0549	0.6713	0.01	0.001	0.7193	0.1029	0.003	0.9481	0.1129	0.001	0.001	0.001	0.6374	0.6923	0.002	0.001	0.7013	0.001	0.005	0.0729	0.001	0.7682	0.006	0.6583	0.001	0.7902	0.6184	0.4585	0.8172	0.001	0.009	0.001	0.001	0.001	0.002	0.1499	0.001	0.028	0.001	0.4995	0.02	0.001	0.001	0.001	0.9211	0.001	0.2178	0.001	0.001	0.001	0.1878	0.001	0.2817	0.2517	0.001	0.001	0.001	0.0749	0.001	0.048	0.04	0.001	0.006	0.045	0.001	0.038	0.026	0.013	0.001	0.4396	0.003	0.001	0.002	0.5195	0.5644	0.5005	0.6873	0.979	0.001	0.2338	0.0609	0.005	0.007	0.001	0.3407	0.001	0.001	0.3297	0.001	0.008	0.2817	0.001	0.001	0.3906	0.003	0.001	0.3786	0.001	0.001	0.001	0.001	0.015	0.001	0.3147	0.001	0.3976	0.001	0.002	0.001	0.01	0.001	0.3876	0.003	0.001	0.1798	0.001	0.007	0.001	0.0649	0.002	0.4855	0.001	0.1389	0.1029	0.002	1	0.3047	0.1618	0.036	0.001	0.1359	0.001	0.001	0.003	0.001	0.6114	0.8621	0.019	0.001	0.7802	0.001	0.001	0.001	0.027	0.001	0.001	0.1778	0.001	0.2028	0.001	0.003	0.001	0.6004	0.3037	0.1249	0.4775	0.003	0.012	0.001	0.026	0.3467	0.001	0.5644	0.001	0.01	0.001	0.006	0.0759	0.001	0.011	0.004	0.029	0.0849	0.004	0.001	0.1169	0.001	0.005	0.001	0.001	0.003	0.001	0.045	0.0569	0.001	0.001	0.001	0.2547	0.1079	0.001	0.0519	0.3536	0.0629	0.003	0.003	0.001	0.001	0.001	0.004	0.003	0.001	0.01	0.8751	0.1508	0.964	0.001	0.001	0.001	0.001	0.001	0.001	0.001	0.001	0.1449	0.001	0.001	0.4655	0.001	0.1139	0.001	0.002	0.001	0.001	0.001	0.0719	0.5495	0.001	0.0999	0.001	0.5784	0.026	0.2278	0.001	0.044	0.002	0.001	0.0669	0.001	0.001	0.001	0.0869	0.005	0.002	0.001	0.5495	0.001
Sg_K31_45	0.4745	0.1538	0.026	0.1439	0.1499	0.1868	0.1159	0.7952	0.7043	0.007	0.2547	0.032	0.1798	0.6663	0.9481	0.001	0.0549	0.973	0.0759	0.0639	0.6553	0.2288	0.037	0.001	0.1658	0.1369	0.013	0.2168	0.0509	0.027	0.2867	0.7502	0.4256	0.3536	0.1898	0.005	0.4565	0.038	0.985	0.6344	0.2228	0.9221	0.025	0.1828	0.6104	0.1439	0.2637	0.3686	0.3856	0.7622	0.5854	0.6414	0.004	0.04	0.3866	0.6523	0.3506	0.015	0.037	0.048	0.7383	0.7882	0.2627	0.4565	0.026	0.038	0.021	0.7453	0.031	0.0659	0.001	0.0529	0.1029	0.0939	0.0649	0.022	0.6364	0.047	0.4535	0.6294	0.2248	0.8242	0.5564	0.04	0.8671	0.5495	0.011	0.001	0.961	0.7173	0.3227	0.3796	0.6933	0.1149	0.1289	0.008	0.012	0.5415	0.3237	0.016	0.3327	0.048	0.0749	0.014	0.016	0.012	0.3007	0.1578	0.973	0.4935	0.1778	0.8731	0.6054	0.8701	0.5395	0.03	0.8282	0.8162	0.9251	0.4476	0.4166	0.0999	0.023	0.008	0.4635	0.04	0.5215	0.0909	0.0819	0.8571	0.041	0.2418	0.5065	0.2887	0.027	0.001	0.007	0.8312	0.7802	0.2218	0.6494	0.6963	0.1678	0.012	0.4016	0.017	0.6234	0.4535	0.8971	0.2717	0.9351	0.2008	0.3576	0.953	0.1079	0.024	0.2268	0.029	0.4346	0.0629	0.2607	0.011	0.4615	0.5764	0.5415	0.9211	0.3237	0.1888	0.0699	0.6214	0.1039	0.008	0.023	0.032	0.3267	0.4775	0.026	0.6963	0.014	0.1658	0.992	0.5045	0.8891	0.1598	0.013	0.1269	0.9321	0.2038	0.6454	0.0909	0.1598	0.003	0.0549	0.2867	0.3676	0.5005	0.9391	0.1489	0.1069	0.045	0.8312	0.4835	0.984	0.3806	0.1189	0.05	0.1858	0.0999	0.8521	0.3047	1	0.5694	0.1828	0.4985	0.039	0.3666	0.5125	0.3746	0.033	0.2577	0.8821	0.0739	0.3117	0.6164	0.003	0.2707	0.5185	0.9311	0.2617	0.9301	0.6294	0.3187	0.0519	0.5974	0.04	0.2637	0.2927	0.0539	0.032	0.7023	0.2118	0.2398	0.7233	0.7113	0.001	0.046	0.026	0.2398	0.8511	0.1369	0.4785	0.1948	0.022	0.6134	0.027	0.6723	0.4605	0.02	0.1588	0.001	0.2607	0.1668	0.2288	0.8352	0.033	0.5115	0.4965	0.6693	0.1419	0.4306	0.023	0.2677	0.6144	0.004	0.019	0.005	0.8032	0.1119	0.3497	0.7103	0.1039	0.5055	0.1419	0.1219	0.4525	0.8282	0.6793	0.0529	0.7203	0.001	0.1708	0.007	0.1339	0.4336	0.022	0.2547	0.8621	0.0909	0.2248	0.1169	0.7502	0.2957	0.007	0.023	0.015	0.3526	0.004	0.965	0.001	0.2068	0.01	0.8851	0.005	0.024	0.0849	0.8252	0.004	0.1109	0.8691	0.4965	0.2148	0.033	0.4985	0.1039	0.966	0.003	0.3546	0.015	0.7023	0.2627
Sg_K32_30	0.7512	0.015	0.7732	0.1998	0.6793	0.5015	0.5405	0.971	0.01	0.0709	0.0879	0.9311	0.001	0.008	0.2018	0.2707	0.1379	0.021	0.001	0.001	0.1858	0.4745	0.7243	0.3177	0.1558	0.008	0.009	0.8541	0.2278	0.5754	0.955	0.1548	0.6034	0.0679	0.2567	0.3576	0.041	0.6993	0.0809	0.0669	0.3716	0.5844	0.6983	0.1359	0.0989	0.7453	0.023	0.2757	0.1369	0.5974	0.2797	0.973	0.8561	0.4006	0.7373	0.1299	0.2927	0.2537	0.9331	0.011	0.8591	0.3576	0.9151	0.955	0.001	0.9361	0.5205	0.7213	0.7333	0.8911	0.3197	0.001	0.006	0.5305	0.2288	0.2847	0.04	0.2747	0.003	0.3536	0.5784	0.0709	0.002	0.1738	0.0899	0.2418	0.016	0.8232	0.4476	0.046	0.0569	0.5445	0.1039	0.5864	0.3936	0.7722	0.034	0.6943	0.6244	0.4476	0.7213	0.8332	0.6384	0.3876	0.6753	0.001	0.3786	0.4116	0.7343	0.1289	0.3047	0.9381	0.1738	0.2787	0.0539	0.7942	0.1459	0.6164	0.8352	0.7932	0.2967	0.0839	0.1948	0.001	0.3367	0.1049	0.017	0.7892	0.3896	0.8112	0.1419	0.1079	0.4705	0.01	0.2178	0.962	0.001	0.7473	0.006	0.8911	0.4116	0.7103	0.1189	0.001	0.3467	0.3107	0.1119	0.8911	0.7053	0.001	0.6124	0.9351	0.1598	0.5824	0.4635	0.8432	0.3397	0.001	0.1469	0.3217	0.3776	0.001	0.1149	0.953	0.8641	0.8901	0.049	0.1998	0.3516	0.022	0.9261	0.001	0.5095	0.9021	0.4635	0.2977	0.6094	0.2358	0.5904	0.2328	0.3467	0.4196	0.1309	0.3776	0.3736	0.7952	0.0999	0.0759	0.006	0.001	0.4895	0.3047	0.8791	0.5035	0.0619	0.0619	0.3087	0.0789	0.001	0.5704	0.967	0.028	0.3936	0.7662	0.02	0.7652	0.7373	0.2298	0.001	0.1618	0.5694	1	0.967	0.029	0.001	0.048	0.005	0.6104	0.5524	0.1039	0.5684	0.4176	0.3716	0.4046	0.5704	0.8511	0.5205	0.3127	0.2358	0.2817	0.2278	0.007	0.0779	0.6404	0.8322	0.2088	0.2218	0.001	0.4386	0.9451	0.6464	0.8032	0.1658	0.022	0.6394	0.5005	0.2767	0.5534	0.6034	0.5405	0.0519	0.8472	0.2507	0.1029	0.1399	0.0679	0.3397	0.7702	0.6104	0.1728	0.1039	0.8751	0.1508	0.013	0.2448	0.026	0.4276	0.0549	0.2488	0.8232	0.5135	0.0879	0.002	0.5794	0.001	0.7912	0.3487	0.6693	0.1858	0.9141	0.0609	0.0699	0.4615	0.6114	0.0899	0.046	0.6494	0.001	0.3976	0.8212	0.0879	0.1638	0.8721	0.0519	0.5734	0.003	0.0749	0.7662	0.3477	0.034	0.1059	0.038	0.003	0.4246	0.1868	0.1239	0.037	0.3467	0.965	0.7433	0.5714	0.7662	0.8931	0.5514	0.5684	0.8681	0.8062	0.8781	0.6034	0.1419	0.002	0.1079	0.014	0.7872	0.993	0.4685	0.8881	0.6424	0.2517	0.1598
Sg_K34_1	0.01	0.044	0.05	0.032	0.025	0.9021	0.014	0.9201	0.001	0.028	0.002	0.963	0.4266	0.013	0.0799	0.7223	0.4565	0.004	0.5265	0.9441	0.8022	0.4845	0.8422	0.2088	0.0779	0.1668	0.1319	0.9061	0.6354	0.4935	0.3806	0.2128	0.03	0.008	0.5035	0.953	0.003	0.6933	0.014	0.4525	0.2248	0.9401	0.025	0.7163	0.005	0.4645	0.6983	0.001	0.5714	0.009	0.3626	0.3107	0.2517	0.1229	0.5994	0.0969	0.0869	0.3097	0.3766	0.1229	0.6993	0.001	0.7752	0.011	0.957	0.009	0.1389	0.001	0.005	0.013	0.5814	0.3896	0.1608	0.001	0.7752	0.6963	0.1848	0.0779	0.3237	0.001	0.0749	0.001	0.001	0.1838	0.4206	0.003	0.016	0.4555	0.1479	0.7512	0.5185	0.3956	0.3107	0.1798	0.3307	0.1988	0.004	0.001	0.6094	0.0809	0.8472	0.035	0.4356	0.001	0.6933	0.6304	0.3766	0.4765	0.003	0.4945	0.6833	0.5475	0.7892	0.001	0.4715	0.6653	0.001	0.001	0.5764	0.5714	0.002	0.1598	0.1339	0.6793	0.001	0.6773	0.046	0.001	0.2168	0.001	0.2388	0.011	0.6034	0.002	0.2348	0.984	0.9401	0.6953	0.001	0.002	0.001	0.3686	0.001	0.5784	0.033	0.047	0.1978	0.7782	0.039	0.8062	0.8232	0.4525	0.5534	0.3417	0.0539	0.5504	0.1399	0.7552	0.994	0.2697	0.8222	0.2767	0.0629	0.3936	0.1289	0.2517	0.001	0.002	0.2368	0.018	0.9331	0.6893	0.006	0.7732	0.4955	0.5185	0.017	0.045	0.1778	0.1089	0.0819	0.3097	0.9171	0.3307	0.6194	0.001	0.001	0.6304	0.02	0.3237	0.8032	0.7223	0.4106	0.2498	0.001	0.008	0.6454	0.026	0.6464	0.5345	0.9241	0.011	0.7812	0.1548	0.3377	0.023	0.6344	0.0599	0.9281	0.036	0.1828	0.967	1	0.001	0.8881	0.001	0.001	0.016	0.5315	0.8611	0.7872	0.4216	0.001	0.6513	0.7652	0.001	0.001	0.7652	0.003	0.001	0.0729	0.9171	0.1279	0.003	0.3497	0.014	0.8212	0.2837	0.001	0.039	0.6484	0.6643	0.001	0.016	0.993	0.0549	0.2667	0.7552	0.001	0.1359	0.4126	0.007	0.6603	0.031	0.6753	0.4645	0.8092	0.1079	0.3097	0.6214	0.001	0.019	0.007	0.003	0.5455	0.006	0.4745	0.8851	0.1898	0.002	0.0569	0.1199	0.3397	0.7872	0.978	0.5754	0.8511	0.008	0.3447	0.1209	0.1259	0.001	0.022	0.7173	0.003	0.2697	0.4366	0.4805	0.7582	0.0679	0.028	0.0969	0.018	0.0789	0.9371	0.001	0.003	0.5375	0.1239	0.003	0.1089	0.012	0.8492	0.038	0.9411	0.001	0.014	0.0699	0.7982	0.8152	0.7932	0.1938	0.007	0.038	0.4296	0.2308	0.1708	0.4615	0.001	0.001	0.2637	0.3017	0.002	0.3936	0.3027	0.8132	0.3986	0.2737	0.8841	0.04
Sg_K36_16	0.001	0.001	0.001	0.001	0.001	0.009	0.001	0.04	0.001	0.02	0.001	0.006	0.0809	0.001	0.001	0.1778	0.3506	0.001	0.016	0.5465	0.003	0.1479	0.001	0.005	0.4076	0.018	0.048	0.4715	0.001	0.001	0.002	0.1928	0.004	0.001	0.029	0.001	0.001	0.012	0.006	0.964	0.0519	0.5694	0.001	0.5554	0.001	0.001	0.035	0.001	0.001	0.001	0.7243	0.004	0.001	0.001	0.005	0.1758	0.001	0.1019	0.1768	0.034	0.1898	0.001	0.003	0.001	0.0939	0.1668	0.1608	0.001	0.001	0.002	0.3127	0.3237	0.003	0.001	0.7602	0.1499	0.006	0.001	0.9261	0.002	0.001	0.001	0.001	0.1349	0.004	0.033	0.028	0.001	0.1818	0.014	0.003	0.0529	0.004	0.001	0.001	0.001	0.1838	0.3646	0.001	0.001	0.2577	0.001	0.3497	0.002	0.002	0.3616	0.001	0.5145	0.001	0.013	0.1159	0.1319	0.1359	0.001	0.001	0.002	0.001	0.001	0.002	0.005	0.001	0.007	0.001	0.0789	0.001	0.003	0.001	0.002	0.976	0.001	0.5135	0.001	0.02	0.001	0.1409	0.001	0.2128	0.047	0.001	0.001	0.001	0.05	0.001	0.0689	0.002	0.001	0.001	0.035	0.001	0.036	0.025	0.001	0.001	0.7842	0.002	0.001	0.001	0.5315	0.4975	0.6983	0.3277	0.1429	0.001	0.7722	0.002	0.026	0.004	0.001	0.003	0.001	0.1678	0.1499	0.001	0.001	0.5864	0.001	0.001	0.7413	0.002	0.001	0.1479	0.001	0.001	0.1399	0.017	0.001	0.001	0.6044	0.001	0.009	0.021	0.0519	0.001	0.014	0.001	0.012	0.001	0.001	0.1558	0.027	0.013	0.001	1	0.001	0.2378	0.001	0.5205	0.8991	0.001	0.001	0.4985	0.029	0.001	1	0.1339	0.001	0.001	0.001	0.002	0.0669	0.2038	0.0619	0.001	0.2098	0.0829	0.001	0.001	0.008	0.001	0.001	0.1129	0.008	0.0979	0.001	0.001	0.001	0.1818	0.026	0.05	0.025	0.001	0.001	0.001	0.002	0.2408	0.001	0.7193	0.001	0.01	0.001	0.002	0.011	0.001	0.001	0.2717	0.005	0.9411	0.003	0.001	0.0609	0.001	0.0559	0.001	0.001	0.007	0.001	0.9471	0.008	0.001	0.001	0.001	0.027	0.7772	0.1329	0.046	0.2418	0.021	0.002	0.003	0.001	0.001	0.001	0.029	0.029	0.001	0.0529	0.8252	0.0769	0.1628	0.001	0.001	0.001	0.001	0.001	0.01	0.001	0.001	0.7203	0.001	0.001	0.6933	0.001	0.8422	0.001	0.038	0.001	0.001	0.001	0.0679	0.5035	0.001	0.4206	0.001	0.1449	0.001	0.1878	0.001	0.003	0.001	0.001	0.002	0.001	0.001	0.001	0.046	0.4855	0.001	0.001	0.8661	0.001
Sg_K36_17	0.975	0.1698	0.5554	0.1009	0.6114	0.4416	0.4016	0.5305	0.0629	0.02	0.1838	0.6603	0.001	0.2527	0.1339	0.2338	0.0719	0.1309	0.001	0.001	0.2737	0.8422	0.971	0.1039	0.1139	0.044	0.04	0.8332	0.2777	0.7123	0.954	0.971	0.5365	0.3087	0.5864	0.7732	0.1938	0.3427	0.5185	0.2408	0.1199	0.025	0.6783	0.1409	0.1688	0.9281	0.4426	0.8152	0.5495	0.3536	0.2328	0.2288	0.0519	0.5325	0.986	0.4376	0.8631	0.1349	0.5624	0.0879	0.6693	0.2358	0.2507	0.1598	0.001	0.973	0.5085	0.7183	0.1628	0.2218	0.5864	0.001	0.014	0.4915	0.3097	0.9201	0.4745	0.5055	0.016	0.7612	0.2278	0.8601	0.002	0.005	0.3437	0.6364	0.004	0.4486	0.5365	0.018	0.1239	0.6234	0.6424	0.9131	0.6843	0.2857	0.9231	0.1039	0.4246	0.3686	0.5784	0.1019	0.1469	0.6034	0.4845	0.001	0.4795	0.5774	0.7642	0.3197	0.8142	0.1758	0.1538	0.6683	0.9241	0.4985	0.3776	0.961	0.5155	0.5724	0.2258	0.7273	0.5754	0.001	0.5235	0.4096	0.7453	0.3876	0.7512	0.2478	0.7982	0.4086	0.024	0.008	0.7213	0.8072	0.001	0.8182	0.0679	0.6713	0.978	0.4116	0.1888	0.001	0.2997	0.1359	0.4685	0.7932	0.9061	0.001	0.3127	0.4406	0.0679	0.006	0.0519	0.3367	0.0659	0.001	0.7453	0.2797	0.034	0.016	0.1578	0.2258	0.6843	0.7762	0.5035	0.6294	0.9271	0.2847	0.4236	0.001	0.2108	0.2747	0.0799	0.1858	0.7133	0.961	0.1908	0.994	0.6683	0.5415	0.01	0.1039	0.2977	0.4705	0.5934	0.2308	0.002	0.002	0.5355	0.4236	0.4745	0.4126	0.7582	0.8002	0.2338	0.0949	0.001	0.1019	0.7522	0.0829	0.3656	0.6943	0.012	0.4286	0.5405	0.4985	0.001	0.1359	0.039	0.001	0.8881	0.1339	1	0.0879	0.1508	0.2937	0.9461	0.1209	0.967	0.9131	0.6503	0.8062	0.5614	0.8132	0.2827	0.6224	0.8412	0.8691	0.1449	0.1858	0.6853	0.7103	0.1808	0.8531	0.6474	0.001	0.3826	0.5884	0.5005	0.5694	0.1399	0.5664	0.0909	0.0909	0.2557	0.5035	0.8671	0.7453	0.5684	0.2717	0.1289	0.9331	0.5165	0.3946	0.3906	0.2547	0.3516	0.5884	0.2907	0.7982	0.3417	0.027	0.4595	0.3127	0.6633	0.0929	0.985	0.7113	0.4745	0.3057	0.0939	0.8931	0.001	0.6174	0.4745	0.0549	0.2008	0.8412	0.022	0.7203	0.7732	0.2887	0.1518	0.3646	0.997	0.001	0.6384	0.8761	0.1489	0.8601	0.3836	0.5724	0.1848	0.001	0.3007	0.6214	0.5165	0.1648	0.7902	0.4585	0.037	0.5784	0.8422	0.8252	0.1179	0.5375	0.3636	0.3576	0.7363	0.961	0.3866	0.5075	0.3596	0.4246	0.2368	0.0689	0.6843	0.1898	0.1399	0.5035	0.1059	0.6194	0.7083	0.6114	0.5385	0.6913	0.0999	0.9021
Sg_K36_27	0.001	0.001	0.001	0.001	0.001	0.001	0.001	0.002	0.001	0.1878	0.001	0.017	0.0739	0.001	0.001	0.7882	0.4006	0.001	0.021	0.6104	0.001	0.3826	0.034	0.033	0.96	0.2857	0.0619	0.1568	0.002	0.014	0.028	0.039	0.047	0.001	0.002	0.007	0.001	0.2058	0.001	0.0939	0.1229	0.3676	0.04	0.0639	0.001	0.001	0.002	0.001	0.001	0.001	0.1409	0.004	0.003	0.007	0.002	0.8372	0.001	0.7313	0.3497	0.006	0.0539	0.001	0.001	0.001	0.05	0.6723	0.1938	0.001	0.001	0.001	0.8771	0.1029	0.001	0.001	0.1758	0.3137	0.001	0.014	0.1299	0.011	0.001	0.005	0.001	0.002	0.014	0.002	0.0579	0.046	0.1399	0.2827	0.3317	0.007	0.004	0.001	0.001	0.004	0.016	0.5375	0.001	0.001	0.001	0.001	0.2697	0.001	0.011	0.2268	0.001	0.038	0.001	0.002	0.001	0.2208	0.1558	0.001	0.001	0.022	0.004	0.001	0.001	0.001	0.01	0.038	0.039	0.043	0.001	0.0949	0.001	0.005	0.1059	0.005	0.7363	0.001	0.0719	0.001	0.5335	0.014	0.038	0.004	0.001	0.001	0.005	0.0509	0.001	0.022	0.008	0.02	0.001	0.021	0.001	0.0639	0.011	0.001	0.001	0.3516	0.015	0.002	0.012	0.1888	0.9081	0.9331	0.043	0.0849	0.001	0.5365	0.001	0.1349	0.02	0.001	0.001	0.001	0.6613	0.042	0.011	0.001	0.5634	0.001	0.001	0.4456	0.007	0.001	0.1479	0.001	0.01	0.4905	0.1838	0.008	0.001	0.1219	0.001	0.0689	0.036	0.6114	0.001	0.006	0.001	0.007	0.001	0.001	0.0839	0.2048	0.017	0.001	0.958	0.001	0.006	0.001	0.7652	0.8771	0.001	0.001	0.3666	0.048	0.001	0.001	0.0879	1	0.001	0.001	0.0739	0.031	0.3946	0.1908	0.001	0.1169	0.7852	0.001	0.002	0.001	0.001	0.001	0.0939	0.036	0.1688	0.001	0.011	0.001	0.009	0.033	0.009	0.032	0.001	0.001	0.001	0.006	0.2637	0.001	0.8711	0.001	0.009	0.006	0.004	0.1439	0.022	0.008	0.987	0.008	0.7273	0.0959	0.001	0.7333	0.001	0.6494	0.018	0.001	0.027	0.001	0.9081	0.029	0.001	0.001	0.003	0.2078	0.3786	0.5335	0.023	0.4426	0.001	0.001	0.032	0.001	0.001	0.001	0.5634	0.2547	0.001	0.031	0.9261	0.0969	0.007	0.008	0.001	0.002	0.001	0.001	0.1429	0.001	0.001	0.4486	0.001	0.001	0.4955	0.001	0.1878	0.001	0.6474	0.001	0.001	0.001	0.976	0.039	0.036	0.041	0.007	0.002	0.001	0.0719	0.001	0.012	0.003	0.001	0.026	0.004	0.001	0.001	0.008	0.8711	0.001	0.01	0.3307	0.001
Sg_K36_29	0.001	0.001	0.005	0.001	0.001	0.008	0.001	0.041	0.001	0.1189	0.001	0.003	0.0899	0.001	0.001	0.1888	0.1618	0.001	0.023	0.2617	0.025	0.3736	0.004	0.046	0.4416	0.026	0.1558	0.7742	0.001	0.001	0.013	0.4515	0.04	0.001	0.1469	0.001	0.001	0.0579	0.008	0.9261	0.1019	0.1289	0.002	0.4835	0.001	0.001	0.0519	0.001	0.001	0.001	0.964	0.003	0.002	0.007	0.0849	0.034	0.001	0.5604	0.1758	0.012	0.4426	0.001	0.021	0.002	0.04	0.2567	0.1379	0.001	0.001	0.003	0.7642	0.3756	0.005	0.001	0.6064	0.6663	0.002	0.001	0.6963	0.002	0.001	0.001	0.001	0.0729	0.012	0.0639	0.1828	0.0569	0.3087	0.004	0.028	0.0799	0.004	0.001	0.001	0.003	0.006	0.1299	0.008	0.001	0.5455	0.001	0.9201	0.001	0.002	0.1648	0.003	0.3996	0.001	0.003	0.2008	0.0719	0.1658	0.001	0.002	0.009	0.002	0.001	0.008	0.031	0.002	0.006	0.006	0.035	0.001	0.1758	0.004	0.001	0.2348	0.002	0.8921	0.001	0.048	0.001	0.9181	0.01	0.0729	0.3057	0.001	0.001	0.001	0.6683	0.001	0.0779	0.014	0.01	0.003	0.2368	0.001	0.026	0.3467	0.003	0.006	0.9171	0.001	0.001	0.001	0.4266	0.5155	0.2797	0.2088	0.1079	0.001	0.4795	0.009	0.5035	0.005	0.001	0.001	0.001	0.5944	0.1988	0.002	0.004	0.6993	0.014	0.001	0.7293	0.013	0.001	0.004	0.005	0.046	0.5045	0.1778	0.002	0.001	0.5385	0.001	0.042	0.2298	0.4316	0.004	0.2657	0.001	0.001	0.034	0.001	0.0979	0.029	0.3576	0.001	0.3646	0.005	0.0959	0.001	0.6833	0.6224	0.001	0.001	0.5125	0.005	0.001	0.001	0.1508	0.001	1	0.001	0.012	0.033	0.1588	0.046	0.001	0.2408	0.9271	0.001	0.001	0.0789	0.001	0.001	0.2557	0.004	0.3926	0.001	0.011	0.001	0.1518	0.037	0.011	0.003	0.001	0.0509	0.001	0.002	0.4056	0.001	0.7562	0.007	0.002	0.001	0.001	0.2168	0.003	0.001	0.9451	0.0599	0.959	0.046	0.001	0.048	0.001	0.3137	0.001	0.001	0.1738	0.001	0.6633	0.023	0.001	0.001	0.008	0.011	0.3417	0.7043	0.0679	0.1928	0.1299	0.002	0.028	0.001	0.001	0.001	0.035	0.0529	0.001	0.04	0.1499	0.0919	0.6074	0.003	0.001	0.001	0.001	0.002	0.015	0.001	0.001	0.8122	0.01	0.001	0.8082	0.001	0.3996	0.001	0.5195	0.001	0.001	0.001	0.1049	0.7013	0.005	0.7762	0.004	0.0509	0.007	0.0549	0.001	0.016	0.002	0.001	0.001	0.001	0.001	0.001	0.4336	0.992	0.003	0.001	0.3636	0.001
Sg_K36_3	0.0549	0.001	0.004	0.004	0.001	0.001	0.004	0.007	0.001	0.004	0.003	0.0949	0.5964	0.001	0.004	0.038	0.8921	0.002	0.4316	0.5684	0.023	0.0769	0.5185	0.0959	0.4735	0.1528	0.002	0.5335	0.003	0.0549	0.4965	0.2178	0.0599	0.001	0.1329	0.006	0.001	0.7852	0.005	0.026	0.005	0.3766	0.0659	0.02	0.001	0.001	0.049	0.003	0.001	0.001	0.006	0.018	0.001	0.002	0.001	0.046	0.001	0.6663	0.6194	0.0809	0.1029	0.022	0.029	0.001	0.3816	0.8032	0.6174	0.0509	0.001	0.001	0.983	0.2388	0.0799	0.001	0.2438	0.989	0.1808	0.008	0.4865	0.1708	0.001	0.0549	0.001	0.2587	0.4076	0.001	0.002	0.001	0.0569	0.6004	0.1189	0.0919	0.006	0.001	0.003	0.001	0.8302	0.1449	0.001	0.001	0.004	0.001	0.4456	0.1279	0.1758	0.9251	0.001	0.01	0.03	0.011	0.024	0.7822	0.1359	0.024	0.001	0.3576	0.001	0.002	0.001	0.001	0.049	0.4545	0.025	0.4036	0.1658	0.047	0.005	0.036	0.3197	0.001	0.4416	0.001	0.0539	0.001	0.2448	0.4156	0.6384	0.001	0.002	0.035	0.011	0.003	0.001	0.2657	0.002	0.001	0.01	0.013	0.001	0.6973	0.015	0.001	0.003	0.3576	0.001	0.001	0.0819	0.6883	0.4845	0.8951	0.6553	0.2807	0.3087	0.022	0.001	0.011	0.4525	0.002	0.001	0.002	0.6014	0.9081	0.001	0.001	0.6733	0.022	0.011	0.6434	0.002	0.001	0.0659	0.026	0.6883	0.8961	0.8701	0.001	0.001	0.2777	0.001	0.0519	0.2857	0.2817	0.001	0.002	0.001	0.009	0.009	0.001	0.8591	0.9261	0.003	0.001	0.8322	0.019	0.6454	0.001	0.7912	0.5914	0.009	0.003	0.3746	0.6104	0.016	0.001	0.2937	0.001	0.001	1	0.1399	0.3217	0.2577	0.3726	0.001	0.0619	0.7772	0.2757	0.1169	0.017	0.001	0.001	0.002	0.5884	0.0559	0.018	0.001	0.001	0.039	0.2328	0.0609	0.2488	0.001	0.001	0.001	0.002	0.6194	0.01	0.2827	0.001	0.2997	0.014	0.006	0.001	0.1678	0.001	0.4805	0.046	0.4565	0.002	0.019	0.035	0.001	0.1588	0.0799	0.001	0.0969	0.001	0.4645	0.007	0.001	0.007	0.017	0.0599	0.1908	0.988	0.8941	0.2318	0.039	0.002	0.025	0.001	0.014	0.002	0.8841	0.9381	0.001	0.2847	0.0909	0.8442	0.001	0.001	0.001	0.002	0.001	0.012	0.8971	0.005	0.001	0.6533	0.001	0.001	0.7902	0.001	0.2807	0.011	0.8751	0.1728	0.001	0.001	0.034	0.002	0.1219	0.5205	0.002	0.018	0.001	0.1279	0.001	0.001	0.044	0.001	0.2098	0.002	0.001	0.001	0.014	0.7203	0.001	0.032	0.0899	0.004
Sg_K36_6	0.001	0.001	0.004	0.001	0.001	0.6593	0.003	0.004	0.046	0.001	0.1219	0.001	0.4406	0.8851	0.1369	0.028	0.8282	0.001	0.5564	0.2987	0.4096	0.001	0.001	0.0829	0.001	0.1419	0.0929	0.001	0.001	0.001	0.001	0.8332	0.001	0.001	0.2298	0.001	0.006	0.002	0.1548	0.5604	0.956	0.5495	0.001	0.002	0.0919	0.027	0.001	0.002	0.2128	0.1608	0.0989	0.047	0.2737	0.001	0.3397	0.5814	0.001	0.001	0.001	0.0579	0.1578	0.001	0.3786	0.001	0.5045	0.003	0.5075	0.024	0.001	0.012	0.001	0.5594	0.5305	0.001	0.001	0.001	0.3866	0.001	0.001	0.037	0.1588	0.008	0.006	0.5375	0.3437	0.01	0.043	0.001	0.2148	0.4535	0.001	0.0949	0.5864	0.1708	0.002	0.001	0.5145	0.2667	0.1668	0.001	0.001	0.003	0.001	0.0719	0.001	0.2098	0.6713	0.005	0.0569	0.023	0.001	0.4745	0.0939	0.001	0.9011	0.009	0.003	0.001	0.6723	0.6114	0.001	0.1259	0.001	0.3606	0.8571	0.001	0.0979	0.001	0.043	0.002	0.013	0.001	0.029	0.4935	0.001	0.001	0.4655	0.2288	0.05	0.001	0.001	0.5644	0.001	0.6813	0.1868	0.001	0.6344	0.5924	0.015	0.4136	0.5554	0.8501	0.011	0.3566	0.021	0.014	0.003	0.6444	0.8561	0.4356	0.3467	0.4196	0.007	0.02	0.2488	0.4885	0.002	0.01	0.018	0.1359	0.001	0.8292	0.008	0.1369	0.002	0.3007	0.001	0.0729	0.001	0.002	0.4296	0.4016	0.009	0.002	0.001	0.017	0.003	0.007	0.001	0.981	0.001	0.001	0.004	0.4545	0.4276	0.7692	0.6803	0.001	0.965	0.005	0.99	0.001	0.043	0.0759	0.007	0.005	0.3986	0.032	0.4785	0.001	0.033	0.5524	0.5315	0.002	0.9461	0.0739	0.012	0.1399	1	0.0659	0.1898	0.002	0.002	0.7952	0.001	0.001	0.005	0.8282	0.0879	0.3756	0.4635	0.0839	0.036	0.004	0.002	0.001	0.028	0.981	0.3506	0.7702	0.7343	0.05	0.002	0.5884	0.006	0.003	0.047	0.2777	0.039	0.001	0.2178	0.007	0.001	0.0809	0.001	0.022	0.013	0.001	0.002	0.002	0.001	0.001	0.001	0.1538	0.1299	0.001	0.0799	0.5544	0.006	0.001	0.001	0.018	0.002	0.001	0.7223	0.3057	0.3976	0.1199	0.017	0.4885	0.001	0.045	0.001	0.004	0.9041	0.8422	0.017	0.4086	0.001	0.001	0.5145	0.001	0.004	0.001	0.002	0.4715	0.04	0.016	0.1159	0.001	0.976	0.001	0.002	0.001	0.002	0.022	0.001	0.028	0.001	0.6374	0.003	0.3666	0.001	0.001	0.4376	0.6703	0.001	0.1069	0.002	0.007	0.0809	0.001	0.3497	0.1429	0.6683	0.001	0.1299	0.001	0.007	0.001
Sg_K36_8	0.7502	0.7982	0.6354	0.6783	0.8501	0.6543	0.5864	0.008	0.005	0.971	0.043	0.2228	0.4995	0.022	0.2597	0.5754	0.0899	0.6424	0.1728	0.024	0.2607	0.7812	0.0609	0.6034	0.2368	0.3147	0.8442	0.022	0.1638	0.3716	0.3007	0.7972	0.1548	0.5055	0.5045	0.7912	0.0579	0.995	0.2997	0.1748	0.3197	0.2657	0.3606	0.003	0.3646	0.1339	0.1638	0.4046	0.1059	0.6174	0.4336	0.3017	0.009	0.7393	0.045	0.5604	0.8701	0.3137	0.9101	0.018	0.0669	0.5504	0.024	0.8541	0.022	0.7792	0.025	0.978	0.8571	0.1309	0.1848	0.6364	0.5524	0.9141	0.044	0.4635	0.1399	0.4496	0.028	0.99	0.4945	0.6563	0.001	0.001	0.007	0.1429	0.8182	0.2298	0.4156	0.0669	0.001	0.3377	0.954	0.1538	0.2018	0.9031	0.6783	0.6334	0.3946	0.8452	0.1299	0.7892	0.017	0.026	0.977	0.0679	0.1528	0.1618	0.0549	0.0639	0.1109	0.041	0.049	0.4665	0.041	0.6513	0.6384	0.6454	0.2318	0.2058	0.5554	0.0779	0.9491	0.1139	0.3097	0.5524	0.4176	0.9251	0.045	0.5005	0.9461	0.951	0.6454	0.006	0.0969	0.7892	0.1039	0.0729	0.008	0.1508	0.7872	0.1099	0.0859	0.3157	0.6593	0.2098	0.1189	0.047	0.1998	0.031	0.1139	0.05	0.2837	0.016	0.1828	0.5145	0.4146	0.026	0.046	0.1319	0.0619	0.3227	0.0889	0.2917	0.6833	0.6104	0.8821	0.8252	0.034	0.2488	0.3317	0.3167	0.1379	0.0599	0.0769	0.2488	0.2707	0.1479	0.1419	0.3277	0.3886	0.8911	0.029	0.0859	0.5425	0.7712	0.6503	0.042	0.6873	0.3846	0.98	0.006	0.3047	0.4226	0.2108	0.1389	0.1449	0.4965	0.0909	0.9241	0.4745	0.1379	0.047	0.1698	0.1319	0.8232	0.6324	0.5854	0.2298	0.6114	0.2577	0.1039	0.8611	0.0669	0.1209	0.031	0.033	0.3217	0.0659	1	0.1768	0.8561	0.8761	0.4186	0.2248	0.5504	0.2997	0.1089	0.8551	0.03	0.9321	0.2078	0.7842	0.4126	0.2757	0.9321	0.5185	0.5624	0.0659	0.6154	0.0879	0.956	0.017	0.2418	0.0619	0.5664	0.7293	0.4515	0.7622	0.5255	0.9421	0.1129	0.4376	0.2537	0.0909	0.8232	0.951	0.0979	0.0849	0.3956	0.5095	0.1079	0.8781	0.0849	0.3217	0.3327	0.8092	0.4496	0.6464	0.7363	0.3796	0.5814	0.1858	0.0989	0.2647	0.8192	0.0599	0.5984	0.8382	0.013	0.8162	0.2438	0.03	0.7353	0.002	0.5315	0.039	0.5045	0.049	0.2048	0.007	0.1409	0.5934	0.5814	0.7812	0.2058	0.0749	0.9061	0.3666	0.5155	0.1738	0.1029	0.1518	0.1948	0.6094	0.0879	0.8541	0.013	0.0759	0.017	0.6663	0.0779	0.2398	0.1648	0.04	0.5495	0.3736	0.032	0.2787	0.1508	0.5934	0.6743	0.017	0.0879	0.2048	0.015	0.3556	0.2478	0.2857	0.3387
Sg_K40_29	0.4705	0.4426	0.4436	0.6004	0.2348	0.8242	0.2807	0.8751	0.2398	0.0699	0.3946	0.6034	0.7373	0.2338	0.1289	0.7013	0.2847	0.1708	0.2517	0.3806	0.0759	0.5005	0.971	0.0579	0.032	0.032	0.2368	0.2108	0.1888	0.5155	0.4935	0.4066	0.1189	0.5255	0.0679	0.4565	0.5914	0.952	0.018	0.6364	0.8362	0.7742	0.2308	0.8432	0.4206	0.97	0.02	0.6503	0.2787	0.3656	0.4126	0.2957	0.956	0.5215	0.8941	0.2458	0.6553	0.0539	0.003	0.1598	0.0599	0.1568	0.4126	0.8182	0.1239	0.015	0.2507	0.0859	0.6533	0.1568	0.0639	0.4705	0.013	0.7223	0.5504	0.1818	0.6464	0.1958	0.8911	0.2717	0.9151	0.1728	0.4166	0.4376	0.5295	0.0789	0.1399	0.2138	0.966	0.4456	0.032	0.026	0.049	0.1808	0.1968	0.5944	0.4336	0.7033	0.8601	0.1878	0.4625	0.8901	0.1718	0.5884	0.4565	0.6274	0.96	0.6014	0.2507	0.2098	0.012	0.987	0.7772	0.0719	0.5125	0.5954	0.035	0.6014	0.6294	0.2957	0.021	0.1009	0.0869	0.0649	0.8192	0.2178	0.9281	0.032	0.009	0.3616	0.001	0.6114	0.7083	0.7802	0.033	0.6264	0.2887	0.981	0.1538	0.5694	0.2458	0.012	0.5614	0.4535	0.953	0.3516	0.3047	0.3107	0.3257	0.3147	0.0799	0.8861	0.1229	0.3796	0.998	0.6753	0.2088	0.5325	0.2098	0.2897	0.2817	0.2458	0.7113	0.4635	0.3576	0.6603	0.8821	0.6653	0.2887	0.001	0.3736	0.4116	0.3177	0.7562	0.8941	0.0959	0.2897	0.05	0.6334	0.7253	0.958	0.2118	0.033	0.997	0.0999	0.5584	0.7123	0.025	0.5035	0.1838	0.5455	0.1459	0.971	0.003	0.6084	0.5025	0.0919	0.7952	0.1059	0.8142	0.8202	0.2847	0.2947	0.6783	0.1818	0.3227	0.5225	0.001	0.005	0.8621	0.8821	0.5684	0.7872	0.2038	0.967	0.3946	0.1588	0.2577	0.1898	0.1768	1	0.022	0.6573	0.0989	0.1508	0.025	0.019	0.043	0.1858	0.2657	0.5055	0.5085	0.005	0.1189	0.4795	0.4496	0.5744	0.2537	0.6254	0.1349	0.9411	0.3616	0.6723	0.1029	0.1309	0.4106	0.003	0.3037	0.039	0.1049	0.004	0.5874	0.9141	0.2717	0.8232	0.7203	0.7343	0.1818	0.0829	0.7662	0.4426	0.4436	0.0539	0.9141	0.007	0.6114	0.033	0.9491	0.3886	0.2897	0.2797	0.957	0.5285	0.6354	0.4426	0.2408	0.033	0.977	0.4885	0.5704	0.8412	0.9451	0.2218	0.8681	0.6503	0.0619	0.2817	0.3117	0.2468	0.5924	0.2458	0.7463	0.5465	0.7752	0.998	0.4645	0.1618	0.003	0.0509	0.5185	0.3027	0.6723	0.2188	0.7542	0.1279	0.8521	0.7483	0.6264	0.3177	0.2537	0.969	0.2138	0.5365	0.0579	0.1598	0.4356	0.4266	0.8292	0.2478	0.1049	0.005	0.3337	0.7562	0.5644	0.012	0.0839	0.6474	0.5604	0.4745	0.5265
Sg_K40_38	0.046	0.009	0.048	0.012	0.1578	0.3586	0.032	0.3287	0.4925	0.1588	0.7662	0.3277	0.1938	0.2388	0.1199	0.037	0.7413	0.046	0.7922	0.98	0.5544	0.0629	0.002	0.005	0.05	0.5365	0.1329	0.015	0.2248	0.6154	0.046	0.6214	0.01	0.018	0.2967	0.2717	0.2218	0.9381	0.8462	0.8482	0.5385	0.7143	0.003	0.2517	0.4815	0.019	0.2657	0.0659	0.8621	0.5564	0.4995	0.2078	0.1598	0.016	0.9061	0.7652	0.01	0.0719	0.024	0.0729	0.8402	0.0579	0.3826	0.0889	0.7612	0.004	0.3976	0.0559	0.029	0.1608	0.0949	0.6993	0.2078	0.014	0.1089	0.2737	0.9461	0.011	0.0899	0.1219	0.1918	0.013	0.0529	0.3297	0.1329	0.3407	0.1129	0.0569	0.7113	0.3117	0.3117	0.1978	0.5734	0.4615	0.002	0.1069	0.98	0.4036	0.4585	0.1598	0.2178	0.03	0.1499	0.1059	0.6873	0.9481	0.5055	0.3926	0.006	0.8082	0.1469	0.6054	0.9251	0.025	0.8891	0.6703	0.1109	0.003	0.7063	0.9291	0.01	0.014	0.03	0.8741	0.0969	0.2018	0.3217	0.001	0.3167	0.002	0.1698	0.034	0.1389	0.3596	0.6573	0.011	0.8661	0.6374	0.1109	0.002	0.042	0.5155	0.0629	0.3806	0.6354	0.1479	0.3167	0.9071	0.2068	0.6394	0.5944	0.6743	0.0799	0.2498	0.5714	0.2637	0.7183	0.9401	0.9431	0.4386	0.3946	0.6384	0.5814	0.8971	0.1788	0.4525	0.01	0.3626	0.5974	0.6583	0.4755	0.5564	0.3487	0.032	0.8262	0.0649	0.034	0.4535	0.1618	0.5504	0.981	0.3766	0.2468	0.1139	0.1079	0.0619	0.0599	0.1099	0.1369	0.8631	0.1259	0.048	0.0549	0.3956	0.4975	0.8332	0.1968	0.009	0.6054	0.8551	0.4286	0.02	0.5634	0.4605	0.028	0.0629	0.6274	0.7443	0.3986	0.019	0.0739	0.4176	0.4216	0.0619	0.9131	0.1908	0.046	0.3726	0.002	0.8561	0.022	1	0.1439	0.7283	0.0719	0.001	0.01	0.4056	0.4206	0.8402	0.958	0.2867	0.2837	0.002	0.4116	0.02	0.6284	0.6264	0.5844	0.8392	0.5155	0.5884	0.014	0.3796	0.026	0.02	0.0659	0.5774	0.001	0.023	0.3307	0.1618	0.4545	0.5894	0.2977	0.3427	0.4805	0.953	0.006	0.026	0.0519	0.026	0.05	0.036	0.1499	0.034	0.978	0.8611	0.2148	0.042	0.006	0.1598	0.5465	0.1229	0.7263	0.037	0.4795	0.7992	0.037	0.6753	0.019	0.016	0.0849	0.4985	0.6474	0.8442	0.2817	0.4336	0.1678	0.0829	0.1968	0.002	0.2428	0.3277	0.7213	0.6374	0.9211	0.1399	0.2198	0.046	0.4346	0.024	0.3916	0.001	0.0839	0.1548	0.005	0.2028	0.0549	0.952	0.3626	0.4705	0.0629	0.1678	0.3207	0.7502	0.1039	0.4905	0.028	0.1489	0.5385	0.0559	0.1499	0.3397	0.7233	0.1149	0.2997	0.001	0.6134	0.033
Sg_K40_4	0.001	0.001	0.002	0.001	0.001	0.8881	0.002	0.5894	0.001	0.003	0.001	0.1339	0.2218	0.005	0.0639	0.0959	0.977	0.001	0.1109	0.6394	0.6993	0.0749	0.001	0.008	0.3257	0.5295	0.009	0.1429	0.005	0.001	0.002	0.2757	0.001	0.001	0.999	0.001	0.001	0.024	0.012	0.4855	0.9161	0.9391	0.001	0.3427	0.001	0.004	0.5005	0.001	0.0809	0.001	0.3706	0.011	0.027	0.002	0.8891	0.036	0.004	0.006	0.003	0.5225	0.967	0.001	0.1748	0.001	0.9201	0.006	0.019	0.001	0.001	0.001	0.027	0.4815	0.7602	0.001	0.048	0.2118	0.034	0.001	0.2358	0.001	0.002	0.001	0.001	0.8322	0.0949	0.046	0.001	0.013	0.049	0.0849	0.0799	0.4236	0.1728	0.009	0.001	0.002	0.1199	0.0579	0.1329	0.002	0.1588	0.001	0.0679	0.023	0.005	0.7592	0.5005	0.9141	0.001	0.7253	0.7832	0.002	0.5924	0.001	0.4286	0.0829	0.001	0.001	0.8292	0.3516	0.001	0.024	0.001	0.5584	0.001	0.005	0.005	0.001	0.3327	0.001	0.1528	0.001	0.003	0.001	0.6823	0.008	0.7223	0.9341	0.001	0.001	0.001	0.4046	0.001	0.6104	0.003	0.001	0.044	0.7103	0.002	0.1858	0.3926	0.4396	0.018	0.9371	0.001	0.035	0.001	0.8821	0.7782	0.992	0.8921	0.6204	0.001	0.1499	0.2557	0.3676	0.001	0.001	0.5894	0.014	0.1269	0.1379	0.001	0.027	0.957	0.0649	0.001	0.7403	0.001	0.003	0.1768	0.03	0.1718	0.044	0.007	0.001	0.001	0.0759	0.001	0.1818	0.3347	0.003	0.026	0.1329	0.001	0.4116	0.1059	0.001	0.5994	0.015	0.3676	0.001	0.0929	0.008	0.3147	0.001	0.041	0.8042	0.1588	0.001	0.3117	0.3716	0.001	0.001	0.6503	0.001	0.001	0.001	0.002	0.8761	0.6573	0.1439	1	0.9241	0.02	0.001	0.001	0.4346	0.001	0.001	0.1758	0.2677	0.021	0.001	0.004	0.001	0.7363	0.1319	0.023	0.2527	0.5225	0.2068	0.001	0.018	0.4865	0.001	0.6044	0.2338	0.001	0.001	0.0989	0.002	0.033	0.024	0.1908	0.2328	0.0779	0.001	0.006	0.0509	0.001	0.001	0.001	0.003	0.0869	0.001	0.976	0.004	0.002	0.001	0.001	0.043	0.8292	0.1578	0.3916	0.1219	0.7562	0.001	0.014	0.2158	0.001	0.001	0.001	0.2218	0.001	0.8881	0.3257	0.3207	0.5874	0.001	0.001	0.001	0.001	0.001	0.0699	0.001	0.001	0.0959	0.001	0.001	0.3586	0.001	0.0519	0.001	0.013	0.001	0.001	0.001	0.002	0.4156	0.024	0.7592	0.001	0.984	0.0949	0.2697	0.001	0.01	0.001	0.001	0.028	0.001	0.001	0.0889	0.2827	0.3317	0.3187	0.001	0.4186	0.001
Sg_K40_76	0.9131	0.3447	0.1369	0.2458	0.024	0.2827	0.1518	0.8911	0.6234	0.2408	0.2318	0.7612	0.6953	0.978	0.6783	0.1888	0.3267	0.2078	0.4875	0.9221	0.2208	0.988	0.994	0.998	0.3806	0.3167	0.4815	0.8462	0.7582	0.7962	0.5794	0.0729	0.6893	0.2358	0.0809	0.5305	0.4635	0.8531	0.7113	0.9091	0.7033	0.3906	0.7852	0.7373	0.8382	0.1469	0.1978	0.8661	0.3167	0.022	0.1778	0.2158	0.2827	0.2747	0.4136	0.2607	0.1459	0.7263	0.042	0.0689	0.039	0.8841	0.8751	0.2328	0.7253	0.2727	0.0799	0.9361	0.0859	0.0609	0.2238	0.6144	0.2088	0.2967	0.6623	0.6354	0.1598	0.2907	0.9231	0.968	0.012	0.7802	0.3177	0.2717	0.3317	0.1049	0.1139	0.9051	0.3387	0.3287	0.3317	0.0829	0.003	0.0579	0.7502	0.045	0.4396	0.4945	0.003	0.004	0.2178	0.033	0.8182	0.6384	0.5954	0.6813	0.1718	0.5495	0.7632	0.1369	0.2677	0.0939	0.1089	0.7283	0.1918	0.8991	0.2627	0.3616	0.047	0.1838	0.3287	0.2977	0.3367	0.3726	0.8841	0.6154	0.1748	0.9191	0.026	0.4675	0.001	0.1658	0.7093	0.1588	0.018	0.4835	0.7003	0.2148	0.1379	0.975	0.7502	0.5984	0.3157	0.7532	0.1998	0.974	0.2088	0.3477	0.8901	0.6803	0.0999	0.1199	0.6204	0.4535	0.6803	0.0529	0.0759	0.6933	0.1169	0.0629	0.0909	0.3886	0.8442	0.9311	0.049	0.1039	0.1898	0.033	0.3197	0.3447	0.3996	0.8142	0.2458	0.0809	0.6284	0.2687	0.7133	0.001	0.002	0.0969	0.6234	0.7792	0.7443	0.1029	0.0879	0.3167	0.2298	0.0839	0.1119	0.3377	0.4735	0.975	0.013	0.4525	0.2348	0.037	0.1379	0.2587	0.3536	0.6643	0.3516	0.3007	0.0899	0.047	0.4685	0.4486	0.2997	0.001	0.1019	0.7802	0.6164	0.4046	0.6513	0.2098	0.8062	0.1169	0.2408	0.0619	0.7952	0.4186	0.0989	0.7283	0.9241	1	0.6224	0.8531	0.4186	0.2607	0.1708	0.6054	0.2647	0.3936	0.007	0.4505	0.013	0.3287	0.988	0.6274	0.6004	0.6004	0.028	0.1239	0.3546	0.8811	0.3756	0.5105	0.015	0.2607	0.8442	0.5574	0.002	0.007	0.5105	0.4995	0.2907	0.5534	0.2537	0.011	0.2178	0.2108	0.2907	0.972	0.6543	0.7363	0.0569	0.1229	0.0819	0.1049	0.0519	0.7962	0.8492	0.2298	0.9391	0.5365	0.983	0.04	0.1868	0.0879	0.6643	0.4625	0.5295	0.4935	0.8961	0.8112	0.5035	0.8462	0.8511	0.8631	0.0849	0.6054	0.0609	0.2028	0.3776	0.1958	0.7013	0.6733	0.2218	0.1179	0.3297	0.3497	0.8541	0.2847	0.6444	0.6613	0.4276	0.9001	0.3487	0.3866	0.7852	0.8092	0.3157	0.1748	0.1489	0.041	0.008	0.1628	0.041	0.6454	0.6933	0.3626	0.003	0.3167	0.0819	0.0939	0.1658	0.7243	0.036	0.7982	0.2168	0.6044
Sg_K46_34	0.2488	0.015	0.005	0.003	0.001	0.3147	0.01	0.009	0.5345	0.002	0.6024	0.002	0.8681	0.3946	0.1998	0.0879	0.1399	0.4286	0.7173	0.6364	0.5764	0.004	0.001	0.001	0.001	0.985	0.05	0.002	0.009	0.002	0.001	0.9361	0.001	0.037	0.3267	0.005	0.4246	0.001	0.1149	0.4505	0.6983	0.3397	0.001	0.024	0.7053	0.6204	0.002	0.2707	0.7183	0.4306	0.045	0.0619	0.6653	0.006	0.8631	0.7772	0.001	0.001	0.1279	0.004	0.6843	0.026	0.1588	0.001	0.4256	0.001	0.5834	0.1059	0.001	0.007	0.001	0.956	0.4316	0.002	0.002	0.001	0.8871	0.047	0.001	0.3487	0.8651	0.3616	0.1149	0.5325	0.2128	0.0629	0.011	0.001	0.1848	0.6963	0.005	0.0989	0.8062	0.7662	0.026	0.023	0.0959	0.0699	0.5495	0.041	0.02	0.3037	0.001	0.043	0.001	0.1758	0.7163	0.026	0.7832	0.015	0.001	0.6943	0.3736	0.1998	0.1658	0.001	0.0849	0.031	0.9331	0.8611	0.043	0.9311	0.016	0.0619	0.7522	0.002	0.3856	0.016	0.2018	0.1109	0.003	0.001	0.0779	0.7922	0.007	0.001	0.5415	0.6763	0.6633	0.001	0.0679	0.1698	0.007	0.8651	0.7153	0.001	0.4176	0.6304	0.0939	0.4925	0.4196	0.5375	0.038	0.989	0.0769	0.0579	0.013	0.9461	0.003	0.3766	0.4316	0.009	0.027	0.002	0.6933	0.4096	0.0909	0.6713	0.001	0.2258	0.001	0.6563	0.0769	0.4525	0.2697	0.1958	0.001	0.1798	0.013	0.1069	0.008	0.5075	0.1269	0.1029	0.001	0.5475	0.1978	0.015	0.1429	0.1618	0.001	0.001	0.3856	0.1359	0.7053	0.0669	0.3357	0.001	0.997	0.001	0.6214	0.015	0.012	0.5465	0.04	0.021	0.033	0.001	0.8412	0.001	0.003	0.5704	0.7652	0.0829	0.5614	0.7852	0.9271	0.7772	0.001	0.2248	0.1508	0.0719	0.02	0.6224	1	0.001	0.0639	0.6114	0.9051	0.2697	0.8082	0.2148	0.012	0.011	0.1578	0.1299	0.029	0.1778	0.1489	0.1359	0.8292	0.5325	0.1279	0.0989	0.044	0.0639	0.0619	0.5195	0.6474	0.043	0.96	0.2987	0.001	0.8781	0.001	0.2228	0.0589	0.003	0.2767	0.0779	0.003	0.016	0.013	0.9391	0.049	0.1149	0.001	0.9271	0.1289	0.2368	0.001	0.5475	0.001	0.001	0.8891	0.1349	0.8531	0.8472	0.2028	0.956	0.001	0.9061	0.002	0.001	0.8192	0.9231	0.4486	0.983	0.0669	0.001	0.995	0.001	0.0519	0.048	0.001	0.8452	0.4256	0.009	0.031	0.001	0.1758	0.012	0.001	0.001	0.001	0.961	0.001	0.1798	0.002	0.6304	0.003	0.998	0.001	0.001	0.3017	0.3906	0.038	0.2358	0.041	0.03	0.977	0.001	0.5514	0.6543	0.5325	0.001	0.9041	0.001	0.1149	0.011
Sg_M01_13	0.001	0.001	0.001	0.001	0.001	0.6713	0.007	0.3946	0.003	0.001	0.003	0.026	0.2547	0.4575	0.038	0.2707	0.4765	0.001	0.6234	0.1339	0.6673	0.038	0.001	0.001	0.018	0.4825	0.007	0.004	0.0759	0.012	0.001	0.2677	0.001	0.001	0.5485	0.023	0.001	0.021	0.001	0.8112	0.8821	0.3716	0.001	0.012	0.002	0.026	0.3966	0.001	0.5485	0.028	0.4945	0.1099	0.4126	0.001	0.2577	0.2887	0.001	0.001	0.004	0.2468	0.7572	0.001	0.023	0.001	0.3976	0.001	0.0849	0.001	0.002	0.012	0.001	0.3317	0.7762	0.001	0.011	0.002	0.2687	0.001	0.009	0.001	0.015	0.001	0.001	0.4416	0.0809	0.4545	0.001	0.002	0.6953	0.1758	0.043	0.5614	0.4675	0.1818	0.001	0.025	0.2018	0.023	0.5664	0.002	0.1469	0.002	0.003	0.035	0.006	0.2567	0.5594	0.5544	0.001	0.1778	0.049	0.0619	0.4965	0.001	0.6623	0.045	0.001	0.001	0.981	0.4935	0.001	0.027	0.001	0.2897	0.001	0.001	0.005	0.001	0.1449	0.001	0.008	0.001	0.009	0.001	0.4306	0.001	0.2967	0.1489	0.001	0.001	0.001	0.1099	0.001	0.8981	0.0779	0.001	0.1798	0.5564	0.001	0.3956	0.2178	0.7642	0.003	0.1798	0.002	0.003	0.011	0.2348	0.5315	0.1748	0.5065	0.976	0.001	0.0529	0.4665	0.4575	0.001	0.001	0.7003	0.1299	0.005	0.7612	0.001	0.6673	0.6873	0.007	0.001	0.5744	0.001	0.0849	0.3207	0.004	0.001	0.028	0.001	0.001	0.001	0.026	0.001	0.6613	0.014	0.001	0.012	0.004	0.001	0.2957	0.04	0.001	0.6124	0.021	0.3976	0.001	0.2408	0.01	0.0649	0.001	0.0999	0.3407	0.5974	0.001	0.2707	0.8511	0.001	0.001	0.8132	0.001	0.001	0.2757	0.001	0.5504	0.025	0.001	0.001	0.8531	0.001	1	0.001	0.1199	0.002	0.016	0.1568	0.2258	0.002	0.001	0.008	0.001	0.2008	0.7233	0.0829	0.6783	0.6384	0.7183	0.001	0.2428	0.2567	0.001	0.3756	0.6194	0.001	0.001	0.4785	0.002	0.046	0.6384	0.001	0.4815	0.1329	0.008	0.001	0.1019	0.001	0.004	0.001	0.004	0.006	0.001	0.1868	0.2208	0.037	0.001	0.001	0.1718	0.042	0.021	0.9281	0.5485	0.3616	0.008	0.004	0.4076	0.001	0.001	0.001	0.0679	0.034	0.8402	0.9291	0.3716	0.1429	0.001	0.03	0.001	0.002	0.015	0.043	0.014	0.003	0.0909	0.006	0.001	1	0.001	0.006	0.001	0.001	0.001	0.001	0.031	0.002	0.3566	0.026	0.5115	0.001	0.7103	0.8741	0.982	0.001	0.6054	0.001	0.001	0.1299	0.001	0.005	0.1778	0.0529	0.004	0.5524	0.001	0.9271	0.001
Sg_M01_30	0.001	0.004	0.0559	0.005	0.002	0.7812	0.001	0.9061	0.001	0.001	0.001	0.5345	0.9071	0.034	0.3656	0.5005	0.7802	0.002	0.5604	0.0989	0.6424	0.1608	0.001	0.001	0.2478	0.2248	0.001	0.0969	0.3357	0.1079	0.001	0.005	0.001	0.001	0.4765	0.3886	0.001	0.3756	0.001	0.5035	0.954	0.8691	0.001	0.1189	0.009	0.012	0.4336	0.001	0.3157	0.019	0.4895	0.0559	0.1508	0.001	0.6024	0.1119	0.001	0.001	0.002	0.5784	0.8002	0.001	0.1209	0.001	0.1059	0.001	0.039	0.001	0.001	0.002	0.1039	0.033	0.2288	0.001	0.022	0.0629	0.0729	0.001	0.007	0.001	0.026	0.001	0.001	0.8022	0.4116	0.047	0.001	0.03	0.2378	0.5884	0.5644	0.2637	0.1978	0.1199	0.002	0.018	0.0579	0.037	0.6454	0.017	0.2547	0.001	0.2398	0.007	0.0859	0.1548	0.6334	0.5734	0.001	0.3576	0.1618	0.2188	0.3816	0.001	0.6913	0.7213	0.001	0.001	0.4515	0.5724	0.001	0.0619	0.002	0.0939	0.001	0.001	0.004	0.001	0.012	0.001	0.006	0.001	0.002	0.002	0.6603	0.005	0.0559	0.3736	0.002	0.001	0.001	0.1838	0.001	0.3986	0.1968	0.001	0.0859	0.98	0.001	0.988	0.4875	0.7293	0.1209	0.1558	0.001	0.0779	0.0719	0.1888	0.5075	0.027	0.7752	0.2408	0.015	0.4695	0.99	0.1958	0.002	0.001	0.5664	0.0589	0.0899	0.1628	0.001	0.1648	0.5135	0.1518	0.001	0.031	0.003	0.2068	0.2148	0.029	0.1798	0.039	0.015	0.007	0.001	0.006	0.011	0.5495	0.0819	0.009	0.012	0.031	0.002	0.048	0.2208	0.001	0.2248	0.4575	0.2288	0.002	0.2547	0.014	0.0939	0.001	0.1898	0.7532	0.8102	0.001	0.5185	0.5205	0.001	0.001	0.2827	0.002	0.001	0.1169	0.005	0.2997	0.019	0.01	0.001	0.4186	0.0639	0.001	1	0.2737	0.001	0.003	0.031	0.8042	0.003	0.001	0.0579	0.002	0.1479	0.5724	0.003	0.0729	0.5744	0.6923	0.001	0.1009	0.1329	0.001	0.2947	0.951	0.001	0.001	0.6593	0.001	0.6713	0.1548	0.1119	0.1409	0.3357	0.0709	0.005	0.3367	0.001	0.001	0.001	0.003	0.018	0.001	0.6753	0.6444	0.0799	0.001	0.001	0.021	0.1558	0.1449	0.4006	0.8392	0.4755	0.034	0.004	0.2318	0.001	0.001	0.004	0.7852	0.016	0.6034	0.05	0.8032	0.4136	0.01	0.03	0.001	0.003	0.005	0.9041	0.0629	0.001	0.1119	0.01	0.001	0.7353	0.001	0.003	0.001	0.002	0.001	0.001	0.012	0.0829	0.5045	0.3287	0.5465	0.001	0.4855	0.6094	0.974	0.005	0.1279	0.001	0.001	0.3367	0.001	0.001	0.2298	0.1648	0.0629	0.4146	0.001	0.7363	0.001
Sg_M02_37	0.4086	0.009	0.015	0.8651	0.1978	0.004	0.033	0.001	0.005	0.5345	0.1149	0.3666	0.2488	0.004	0.01	0.046	0.3976	0.2038	0.1788	0.6304	0.1339	0.6643	0.5335	0.0669	0.7962	0.4216	0.022	0.2827	0.1269	0.7612	0.7762	0.2388	0.3147	0.01	0.0779	0.2038	0.003	0.4885	0.004	0.025	0.3207	0.1149	0.3367	0.0679	0.002	0.004	0.016	0.4256	0.003	0.003	0.0589	0.3217	0.009	0.3047	0.001	0.2438	0.015	0.6863	0.9131	0.2258	0.001	0.015	0.001	0.01	0.7572	0.982	0.8521	0.1399	0.0789	0.1588	0.3017	0.7393	0.1778	0.044	0.3117	0.1299	0.2318	0.0869	0.2917	0.1129	0.001	0.1429	0.005	0.0819	0.003	0.0599	0.1049	0.003	0.032	0.5415	0.4535	0.8701	0.9401	0.011	0.002	0.045	0.1878	0.2368	0.001	0.5784	0.006	0.0799	0.1508	0.012	0.4905	0.1928	0.001	0.4955	0.1748	0.1908	0.011	0.0939	0.004	0.1489	0.001	0.974	0.0899	0.1289	0.002	0.001	0.2747	0.9161	0.0999	0.1918	0.8492	0.2917	0.014	0.1179	0.0539	0.1678	0.1129	0.038	0.024	0.001	0.043	0.1049	0.2587	0.001	0.1239	0.1688	0.03	0.001	0.039	0.9281	0.2737	0.2478	0.001	0.013	0.001	0.7902	0.001	0.001	0.001	0.1608	0.043	0.001	0.1069	0.1778	0.1768	0.5455	0.4815	0.1069	0.2068	0.021	0.017	0.009	0.7822	0.0519	0.002	0.974	0.5055	0.3027	0.3247	0.004	0.4795	0.001	0.8971	0.1119	0.7642	0.001	0.1688	0.002	0.002	0.956	0.1199	0.029	0.0579	0.8501	0.0689	0.1089	0.1309	0.4605	0.015	0.001	0.002	0.999	0.001	0.022	0.6234	0.5774	0.007	0.004	0.4466	0.2008	0.047	0.001	0.0669	0.1479	0.2777	0.027	0.9311	0.3127	0.7652	0.008	0.6224	0.001	0.0789	0.017	0.8282	0.1089	0.043	0.4056	0.4346	0.2607	0.6114	0.1199	0.2737	1	0.025	0.005	0.0989	0.4985	0.022	0.003	0.1808	0.012	0.2657	0.1009	0.028	0.7692	0.001	0.003	0.009	0.3497	0.966	0.011	0.0949	0.002	0.3756	0.3157	0.969	0.7443	0.5365	0.0619	0.5874	0.9191	0.4466	0.3806	0.1199	0.1469	0.004	0.986	0.6553	0.003	0.001	0.1758	0.019	0.042	0.001	0.3586	0.2777	0.2867	0.7323	0.7732	0.2717	0.2847	0.001	0.0589	0.1828	0.005	0.6823	0.005	0.3217	0.1768	0.001	0.049	0.1938	0.4645	0.003	0.001	0.001	0.5375	0.003	0.969	0.7542	0.003	0.023	0.1409	0.001	0.0999	0.1299	0.028	0.016	0.038	0.2527	0.0759	0.0679	0.003	0.1199	0.003	0.2218	0.031	0.3367	0.4535	0.03	0.4206	0.039	0.0939	0.019	0.002	0.3487	0.4995	0.0669	0.001	0.001	0.8921	0.002	0.2148	0.046	0.5614
Sg_M02_5	0.004	0.001	0.001	0.006	0.001	0.022	0.007	0.021	0.001	0.006	0.001	0.8252	0.2987	0.001	0.001	0.0769	0.6344	0.001	0.0519	0.8282	0.014	0.0659	0.008	0.002	0.5205	0.8242	0.008	0.7992	0.025	0.3946	0.006	0.1099	0.002	0.001	0.5894	0.1159	0.001	0.7413	0.002	0.6154	0.3696	0.3576	0.001	0.9141	0.001	0.001	0.022	0.001	0.002	0.001	0.032	0.0599	0.005	0.001	0.002	0.012	0.001	0.7063	0.0589	0.1768	0.1429	0.003	0.039	0.002	0.8002	0.1658	0.0779	0.001	0.001	0.027	0.5724	0.5974	0.004	0.001	0.2168	0.5524	0.7542	0.001	0.3357	0.001	0.001	0.002	0.001	0.982	0.5984	0.003	0.002	0.029	0.1159	0.0579	0.1558	0.1369	0.026	0.001	0.01	0.001	0.1968	0.049	0.001	0.001	0.003	0.001	0.5155	0.008	0.6434	0.5145	0.001	0.019	0.001	0.036	0.0909	0.4725	0.8501	0.001	0.003	0.9091	0.002	0.001	0.002	0.001	0.002	0.0549	0.001	0.1808	0.001	0.004	0.001	0.001	0.4116	0.001	0.965	0.001	0.001	0.001	0.974	0.0599	0.974	0.005	0.001	0.001	0.001	0.0909	0.001	0.6454	0.007	0.001	0.048	0.004	0.001	0.0899	0.039	0.001	0.003	0.5175	0.001	0.001	0.2947	0.952	0.3816	0.0919	0.6424	0.0809	0.0919	0.0999	0.001	0.003	0.031	0.001	0.001	0.001	0.7423	0.1459	0.001	0.001	0.9211	0.006	0.004	0.964	0.001	0.005	0.005	0.002	0.2028	0.034	0.5924	0.001	0.001	0.961	0.001	0.022	0.5794	0.2537	0.001	0.006	0.001	0.009	0.01	0.001	0.1838	0.6324	0.001	0.001	0.8861	0.007	0.1229	0.001	0.1818	0.4605	0.001	0.001	0.2617	0.2358	0.003	0.001	0.8412	0.001	0.001	0.001	0.0879	0.8551	0.1858	0.4206	0.001	0.1708	0.9051	0.002	0.001	0.025	1	0.001	0.005	0.9361	0.2048	0.001	0.001	0.001	0.0929	0.044	0.001	0.1189	0.001	0.001	0.001	0.004	0.3087	0.001	0.7992	0.001	0.002	0.003	0.001	0.001	0.983	0.006	0.5455	0.0889	0.8312	0.003	0.022	0.035	0.001	0.002	0.0559	0.001	0.033	0.001	0.6024	0.011	0.001	0.001	0.002	0.0899	0.017	0.8931	0.1588	0.1409	0.0619	0.001	0.007	0.001	0.003	0.001	0.5564	0.5604	0.001	0.1249	0.1249	0.2398	0.003	0.001	0.001	0.001	0.001	0.3676	0.5574	0.001	0.001	0.8292	0.001	0.001	0.2178	0.001	0.966	0.001	0.4585	0.019	0.001	0.001	0.03	0.2378	0.6853	0.9281	0.001	0.046	0.001	0.5754	0.001	0.019	0.001	0.001	0.003	0.002	0.001	0.001	0.027	0.5714	0.001	0.002	0.6703	0.001
Sg_M02_8	0.007	0.001	0.001	0.021	0.001	0.003	0.001	0.001	0.001	0.041	0.001	0.2727	0.4635	0.001	0.001	0.3377	0.8492	0.001	0.3357	0.9361	0.005	0.6923	0.5215	0.0689	0.1489	0.8501	0.037	0.0869	0.001	0.0969	0.2927	0.4376	0.023	0.001	0.1489	0.009	0.001	0.9471	0.001	0.2248	0.0919	0.9111	0.015	0.0979	0.001	0.001	0.003	0.001	0.001	0.001	0.014	0.004	0.002	0.009	0.001	0.021	0.039	0.8372	0.2977	0.1119	0.0559	0.001	0.002	0.004	0.8591	0.4166	0.3616	0.001	0.001	0.001	0.1289	0.5554	0.027	0.002	0.5425	0.8551	0.011	0.001	0.1518	0.008	0.001	0.002	0.001	0.004	0.027	0.001	0.002	0.025	0.0769	0.3986	0.6563	0.023	0.0819	0.001	0.001	0.001	0.1039	0.1618	0.001	0.001	0.005	0.001	0.1518	0.001	0.3067	0.5195	0.001	0.018	0.001	0.002	0.004	0.2368	0.0629	0.001	0.001	0.4406	0.004	0.001	0.001	0.001	0.004	0.1758	0.007	0.3576	0.001	0.1209	0.001	0.001	0.0639	0.001	0.5135	0.001	0.006	0.001	0.4076	0.989	0.8951	0.001	0.001	0.005	0.005	0.006	0.001	0.9301	0.001	0.023	0.004	0.047	0.001	0.4915	0.007	0.001	0.004	0.7542	0.001	0.001	0.1249	0.8142	0.9331	0.8721	0.3247	0.4176	0.1099	0.018	0.001	0.3586	0.007	0.001	0.001	0.001	0.5055	0.3497	0.001	0.001	0.3137	0.003	0.006	0.0909	0.002	0.001	0.003	0.01	0.1129	0.4046	0.7822	0.003	0.001	0.3007	0.001	0.1968	0.7253	0.9491	0.001	0.002	0.001	0.001	0.003	0.002	0.5934	0.9011	0.0719	0.001	0.5495	0.002	0.029	0.001	0.984	0.2967	0.003	0.001	0.9301	0.2817	0.001	0.001	0.8691	0.001	0.001	0.001	0.3756	0.03	0.2657	0.8402	0.001	0.6054	0.2697	0.016	0.003	0.005	0.001	1	0.007	0.1209	0.1219	0.001	0.001	0.001	0.004	0.2857	0.001	0.0969	0.001	0.001	0.001	0.001	0.7962	0.001	0.3936	0.001	0.012	0.004	0.0599	0.018	0.3846	0.001	0.6414	0.0799	0.7992	0.028	0.007	0.6194	0.001	0.3536	0.027	0.001	0.016	0.001	0.2817	0.032	0.001	0.001	0.018	0.022	0.023	0.1439	0.5285	0.1489	0.015	0.001	0.037	0.001	0.02	0.001	0.5584	0.3956	0.001	0.049	0.1499	0.4555	0.001	0.004	0.001	0.026	0.001	0.006	0.974	0.002	0.001	0.4975	0.001	0.001	0.8432	0.001	0.5594	0.006	0.4116	0.006	0.001	0.001	0.3816	0.005	0.2787	0.2038	0.007	0.012	0.001	0.046	0.001	0.002	0.005	0.001	0.2148	0.004	0.001	0.001	0.017	0.2398	0.001	0.0939	0.3896	0.003
Sg_M03_37	0.1988	0.4565	0.004	0.3057	0.011	0.0789	0.021	0.1359	0.044	0.001	0.2268	0.7622	0.049	0.958	0.7892	0.3696	0.4386	0.3407	0.029	0.1678	0.958	0.4056	0.9161	0.001	0.1748	0.5654	0.001	0.2078	0.3417	0.9321	0.9161	0.4505	0.024	0.1628	0.4296	0.2787	0.1998	0.9401	0.028	0.1079	0.1359	0.1558	0.2837	0.5485	0.1319	0.003	0.1449	0.1968	0.0529	0.001	0.006	0.029	0.026	0.002	0.01	0.5514	0.1818	0.1499	0.023	0.6454	0.1748	0.1538	0.004	0.043	0.019	0.8921	0.5245	0.049	0.002	0.005	0.4426	0.047	0.9401	0.007	0.1199	0.8971	0.4466	0.003	0.1049	0.3716	0.003	0.1279	0.0989	0.3117	0.7103	0.044	0.001	0.006	0.6104	0.6913	0.997	0.0689	0.9081	0.002	0.0529	0.003	0.5614	0.1069	0.006	0.016	0.1309	0.001	0.8711	0.6334	0.3237	0.1129	0.017	0.1289	0.0969	0.4855	0.1618	0.7483	0.3936	0.044	0.01	0.8482	0.2068	0.1459	0.008	0.008	0.1449	0.4575	0.005	0.007	0.4126	0.016	0.021	0.014	0.7942	0.038	0.2398	0.017	0.017	0.1628	0.0869	0.6983	0.004	0.003	0.3457	0.2717	0.012	0.005	0.006	0.0649	0.0899	0.004	0.6184	0.0999	0.009	0.2617	0.1199	0.002	0.1289	0.4286	0.001	0.005	0.9001	0.018	0.9071	0.2537	0.2917	0.019	0.4765	0.001	0.1169	0.0619	0.3067	0.001	0.3886	0.8611	0.6943	0.1219	0.026	0.002	0.974	0.0989	0.0689	0.2717	0.005	0.004	0.015	0.1439	0.3826	0.9371	0.997	0.1299	0.2278	0.9121	0.3277	0.0509	0.2128	0.0829	0.001	0.008	0.0839	0.8701	0.0929	0.3017	0.02	0.8212	0.0849	0.1538	0.3966	0.2278	0.5844	0.015	0.037	0.6803	0.6713	0.1778	0.6294	0.2278	0.0729	0.1129	0.1449	0.0939	0.2557	0.002	0.4635	0.9321	0.5055	0.958	0.1758	0.2647	0.8082	0.1568	0.031	0.0989	0.005	0.007	1	0.8462	0.2687	0.0709	0.003	0.1499	0.4645	0.008	0.3926	0.8322	0.013	0.003	0.1019	0.3447	0.956	0.029	0.3247	0.002	0.1189	0.2328	0.2807	0.001	0.8402	0.038	0.5634	0.5864	0.7962	0.01	0.3177	0.5105	0.027	0.1379	0.3407	0.7323	0.019	0.2398	0.985	0.2018	0.001	0.0659	0.034	0.7982	0.7283	0.7453	0.0989	0.0569	0.1199	0.029	0.1708	0.016	0.1538	0.1359	0.4645	0.5574	0.1678	0.2807	0.1139	0.044	0.013	0.008	0.1349	0.2787	0.007	0.1419	0.7303	0.8012	0.034	0.2148	0.021	0.1339	0.2757	0.041	0.013	0.1309	0.1079	0.6194	0.1059	0.3487	0.4515	0.03	0.7602	0.7043	0.002	0.1429	0.01	0.0839	0.001	0.043	0.043	0.049	0.2757	0.031	0.3117	0.003	0.009	0.2917	0.012	0.6224	0.7632	0.2507
Sg_M03_38	0.7303	0.0809	0.0659	0.001	0.1768	0.2338	0.0589	0.7413	0.007	0.7912	0.2997	0.001	0.5864	0.6943	0.1459	0.2418	0.003	0.1878	0.7832	0.6873	0.5255	0.7223	0.0659	0.3057	0.001	0.009	0.5365	0.4036	0.001	0.001	0.1808	0.2478	0.4006	0.038	0.8841	0.001	0.0709	0.001	0.8312	0.5275	0.011	0.014	0.0649	0.6843	0.007	0.2657	0.2298	0.0669	0.2657	0.6064	0.3057	0.028	0.6214	0.2078	0.4675	0.6903	0.0989	0.5744	0.027	0.4366	0.6893	0.014	0.0509	0.1598	0.2857	0.3756	0.2527	0.8561	0.0619	0.039	0.3317	0.023	0.048	0.8392	0.1179	0.3926	0.001	0.1079	0.1059	0.0639	0.0579	0.6054	0.004	0.013	0.0769	0.0869	0.7253	0.0669	0.1918	0.8981	0.2887	0.2078	0.4176	0.0929	0.002	0.3926	0.6933	0.0689	0.973	0.0729	0.992	1	0.029	0.8302	0.001	0.969	0.0809	0.024	0.035	0.015	0.4595	0.1109	0.2268	0.1828	0.4505	0.001	0.2717	0.5914	0.5075	0.7702	0.3546	0.6533	0.1149	0.9221	0.5355	0.1299	0.964	0.0759	0.7073	0.7762	0.1369	0.004	0.2517	0.0529	0.3017	0.2657	0.4056	0.5854	0.0759	0.0619	0.958	0.8531	0.005	0.2368	0.1858	0.5425	0.0819	0.5245	0.4296	0.3916	0.4855	0.3516	0.1279	0.5774	0.5934	0.6693	0.022	0.8601	0.9101	0.001	0.5804	0.6314	0.008	0.045	0.7742	0.6144	0.1259	0.039	0.8072	0.013	0.0799	0.7672	0.6863	0.9471	0.3596	0.3746	0.015	0.2498	0.7203	0.002	0.984	0.4755	0.0759	0.6853	0.1618	0.4575	0.4276	0.6863	0.5844	0.976	0.1658	0.1109	0.5914	0.5554	0.8631	0.6593	0.2787	0.003	0.4725	0.001	0.3906	0.006	0.6294	0.3846	0.045	0.1568	0.7752	0.1888	0.0559	0.001	0.3187	0.007	0.9171	0.008	0.1858	0.036	0.004	0.5884	0.0839	0.2078	0.5085	0.2867	0.2677	0.3936	0.2148	0.2258	0.8042	0.4985	0.9361	0.1209	0.8462	1	0.3956	0.6194	0.8182	0.034	0.1069	0.984	0.2358	0.7812	0.3666	0.4126	0.0639	0.2408	0.5534	0.001	0.6004	0.959	0.6643	0.2378	0.9111	0.013	0.001	0.019	0.7862	0.3387	0.7522	0.3387	0.002	0.3057	0.012	0.2997	0.025	0.3157	0.3526	0.1149	0.5435	0.0799	0.2567	0.2847	0.019	0.3227	0.9141	0.4116	0.5475	0.2388	0.3157	0.4565	0.044	0.0579	0.002	0.6533	0.3267	0.001	0.008	0.024	0.6324	0.7592	0.7552	0.2308	0.026	0.018	0.4076	0.001	0.001	0.1538	0.005	0.5065	0.1798	0.003	0.004	0.002	0.4865	0.0659	0.1299	0.001	0.018	0.1049	0.2018	0.2637	0.001	0.1389	0.4945	0.2038	0.9441	0.001	0.3606	0.1239	0.9181	0.043	0.5265	0.1179	0.1279	0.1798	0.9301	0.1189	0.2557	0.1049	0.7043	0.2068
Sg_M07_23	0.2997	0.0519	0.1878	0.1179	0.2547	0.2707	0.5115	0.3746	0.2348	0.002	0.5395	0.0869	0.4975	0.2308	0.1449	0.023	0.0559	0.973	0.8561	0.2338	0.5734	0.4655	0.1528	0.007	0.2617	0.1179	0.0879	0.6224	0.2068	0.2557	0.026	0.5764	0.039	0.1908	0.5005	0.3417	0.0619	0.2378	0.032	0.3616	0.0739	0.5435	0.0779	0.2597	0.1269	0.3007	0.3087	0.1638	0.1748	0.1988	0.5994	0.4515	0.0999	0.035	0.1648	0.7802	0.1009	0.009	0.0649	0.2108	0.0999	0.01	0.014	0.007	0.0799	0.007	0.049	0.024	0.0929	0.034	0.005	0.3856	0.1439	0.0779	0.6054	0.038	0.7762	0.006	0.7822	0.3437	0.1708	0.2577	0.1089	0.1998	0.2378	0.5185	0.039	0.006	0.6024	0.1359	0.7832	0.4555	0.2617	0.5514	0.023	0.1329	0.1309	0.9101	0.1958	0.5335	0.2537	0.1119	0.2268	0.1518	0.0679	0.7762	0.2138	0.5165	0.0719	0.9251	0.0999	0.1039	0.1229	0.0549	0.2378	0.3127	0.3107	0.1558	0.5964	0.1469	0.004	0.0579	0.008	0.4026	0.6344	0.003	0.7013	0.032	0.019	0.1419	0.001	0.032	0.1608	0.024	0.5844	0.1199	0.2937	0.4126	0.1479	0.042	0.0909	0.003	0.018	0.0929	0.4925	0.001	0.032	0.8202	0.005	0.4615	0.017	0.1728	0.004	0.1948	0.0629	0.2118	0.7423	0.7902	0.7263	0.1548	0.3556	0.974	0.038	0.5365	0.7922	0.4246	0.1499	0.022	0.955	0.3606	0.1928	0.981	0.0609	0.2617	0.7423	0.02	0.011	0.002	0.3916	0.0729	0.3656	0.5275	0.3387	0.5335	0.002	0.047	0.2278	0.034	0.5954	0.9161	0.1019	0.033	0.5435	0.004	0.034	0.4635	0.017	0.0719	0.5694	0.2128	0.2478	0.1319	0.3377	0.954	0.1678	0.0799	0.02	0.001	0.3936	0.2028	0.0519	0.0779	0.1279	0.0979	0.6853	0.1688	0.3926	0.0559	0.036	0.7842	0.005	0.2837	0.021	0.007	0.012	0.002	0.003	0.022	0.2048	0.1219	0.2687	0.3956	1	0.022	0.6494	0.4016	0.8531	0.9421	0.9371	0.9251	0.3027	0.1758	0.0839	0.6454	0.0549	0.017	0.002	0.3287	0.3007	0.02	0.0779	0.4176	0.0989	0.6394	0.5584	0.7662	0.6384	0.4605	0.015	0.1978	0.02	0.4585	0.043	0.0869	0.007	0.3646	0.028	0.5714	0.3037	0.038	0.002	0.7133	0.6094	0.2577	0.5355	0.026	0.036	0.6823	0.1249	0.0779	0.0919	0.2498	0.0749	0.3916	0.2348	0.8621	0.4266	0.5135	0.6304	0.004	0.2188	0.1379	0.011	0.3606	0.2997	0.5375	0.4935	0.041	0.002	0.0619	0.5994	0.019	0.2278	0.043	0.042	0.047	0.016	0.0959	0.006	0.035	0.0959	0.0959	0.008	0.4895	0.1069	0.9211	0.4046	0.1369	0.011	0.037	0.0619	0.6304	0.3327	0.1409	0.002	0.045	0.2777	0.043	0.3117	0.1768
Sg_M07_27	0.001	0.001	0.001	0.005	0.001	0.8452	0.001	0.2677	0.001	0.001	0.001	0.2408	0.5604	0.001	0.004	0.1039	0.0729	0.001	0.5694	0.1249	0.2418	0.029	0.001	0.001	0.3177	0.3956	0.001	0.1738	0.037	0.009	0.002	0.047	0.001	0.001	0.5125	0.026	0.001	0.2418	0.001	0.2947	0.8232	0.1508	0.001	0.0629	0.001	0.002	0.2557	0.001	0.1079	0.001	0.8881	0.1239	0.03	0.001	0.2987	0.8861	0.001	0.004	0.011	0.9231	0.018	0.001	0.016	0.001	0.4975	0.001	0.012	0.001	0.001	0.003	0.03	0.2198	0.7203	0.001	0.017	0.012	0.3227	0.001	0.014	0.001	0.002	0.001	0.001	0.6973	0.3676	0.0669	0.001	0.006	0.024	0.3636	0.4306	0.2158	0.1878	0.004	0.001	0.002	0.1788	0.048	0.02	0.003	0.9401	0.005	0.2927	0.005	0.016	0.3237	0.1528	0.6214	0.001	0.4825	0.9281	0.9181	0.9051	0.001	0.3596	0.3716	0.001	0.001	0.1479	0.6853	0.001	0.021	0.001	0.7522	0.001	0.001	0.002	0.001	0.003	0.001	0.1289	0.001	0.001	0.001	0.2567	0.001	0.4995	0.6494	0.001	0.001	0.001	0.004	0.001	0.7932	0.0869	0.001	0.001	0.1089	0.001	0.5075	0.001	0.1119	0.001	0.1908	0.002	0.002	0.3207	0.2178	0.1309	0.0569	0.7762	0.8531	0.034	0.5864	0.1588	0.008	0.003	0.002	0.1279	0.2058	0.006	0.7093	0.001	0.009	0.9101	0.001	0.001	0.1449	0.001	0.013	0.3047	0.001	0.011	0.001	0.004	0.002	0.001	0.001	0.004	0.6294	0.007	0.014	0.002	0.001	0.001	0.4505	0.001	0.001	0.8382	0.4525	0.009	0.001	0.016	0.009	0.1179	0.001	0.011	0.8272	0.6454	0.001	0.5974	0.6404	0.003	0.001	0.7103	0.001	0.001	0.018	0.004	0.4126	0.1189	0.002	0.001	0.4505	0.011	0.001	0.001	0.003	0.001	0.001	0.0709	0.6194	0.022	1	0.002	0.001	0.5774	0.7153	0.001	0.1289	0.0619	0.011	0.001	0.3447	0.048	0.001	0.2238	0.02	0.001	0.001	0.1568	0.001	0.2947	0.0879	0.007	0.0819	0.2498	0.3506	0.001	0.046	0.001	0.001	0.001	0.002	0.001	0.001	0.044	0.1139	0.002	0.001	0.001	0.0899	0.0969	0.008	0.6274	0.03	0.01	0.003	0.001	0.022	0.003	0.001	0.008	0.7722	0.001	0.7532	0.5365	0.6484	0.7922	0.002	0.003	0.001	0.001	0.1209	0.6204	0.007	0.001	0.023	0.001	0.001	0.5724	0.001	0.1439	0.001	0.02	0.004	0.001	0.001	0.0829	0.5664	0.1748	0.5195	0.001	0.6484	0.03	0.5654	0.001	0.1079	0.001	0.001	0.3127	0.001	0.001	0.005	0.005	0.025	0.037	0.001	0.4785	0.001
Sg_M07_39	0.012	0.001	0.001	0.041	0.001	0.1249	0.1059	0.2108	0.013	0.001	0.002	0.4406	0.98	0.0519	0.3297	0.0779	0.9451	0.002	0.8062	0.1728	0.2278	0.021	0.003	0.018	0.8232	0.0799	0.003	0.1778	0.024	0.2717	0.004	0.04	0.001	0.001	0.7862	0.031	0.005	0.3996	0.1149	0.7512	0.049	0.6244	0.001	0.1928	0.003	0.002	0.1868	0.001	0.011	0.001	0.0539	0.1149	0.01	0.001	0.0629	0.02	0.001	0.0679	0.1279	0.8492	0.8082	0.2607	0.4845	0.003	0.1698	0.3866	0.012	0.0529	0.002	0.0569	0.4735	0.3636	0.9331	0.001	0.048	0.6154	0.7133	0.002	0.3437	0.038	0.001	0.2458	0.015	0.004	0.2827	0.048	0.001	0.001	0.0739	0.013	0.001	0.3257	0.027	0.001	0.0719	0.001	0.5984	0.036	0.001	0.001	0.4695	0.001	0.1109	0.6184	0.2088	0.2757	0.006	0.3417	0.1808	0.1059	0.4466	0.0999	0.4276	0.005	0.007	0.7802	0.007	0.001	0.011	0.006	0.019	0.014	0.001	0.9491	0.2587	0.001	0.001	0.008	0.003	0.001	0.6164	0.001	0.008	0.034	0.0609	0.0739	0.1009	0.1399	0.0559	0.003	0.001	0.0709	0.001	0.2807	0.002	0.001	0.1598	0.021	0.015	0.7632	0.1299	0.016	0.014	0.4695	0.001	0.001	0.006	0.3117	0.2827	0.0579	0.5095	0.7403	0.3666	0.4835	0.001	0.002	0.4436	0.003	0.1638	0.3267	0.8072	0.6304	0.001	0.001	0.0799	0.013	0.1319	0.3097	0.001	0.001	0.006	0.008	0.3796	0.022	0.7043	0.001	0.001	0.6983	0.001	0.1758	0.5954	0.005	0.001	0.013	0.001	0.03	0.0909	0.001	0.9411	0.7952	0.003	0.001	0.2677	0.0779	0.1668	0.001	0.6364	0.1718	0.013	0.003	0.04	0.8322	0.3497	0.001	0.1808	0.011	0.011	0.001	0.002	0.2757	0.4795	0.4116	0.004	0.013	0.1578	0.008	0.0579	0.1808	0.001	0.001	0.003	0.8182	0.6494	0.002	1	0.001	0.3916	0.3996	0.1718	0.4436	0.006	0.001	0.001	0.0679	0.018	0.011	0.8262	0.001	0.3227	0.001	0.001	0.001	0.8462	0.001	0.1409	0.016	0.969	0.001	0.5824	0.0709	0.001	0.014	0.2887	0.006	0.032	0.001	0.6344	0.02	0.001	0.001	0.001	0.004	0.6943	0.5534	0.6024	0.2438	0.4256	0.025	0.011	0.025	0.002	0.003	0.1029	0.997	0.1119	0.7063	0.8891	0.7073	0.032	0.001	0.004	0.001	0.01	0.3836	0.7323	0.1788	0.002	0.4326	0.016	0.001	0.5604	0.001	0.3826	0.001	0.0859	0.1768	0.001	0.002	0.05	0.5704	0.5045	0.2058	0.001	0.3736	0.001	0.8472	0.001	0.002	0.002	0.001	0.018	0.007	0.01	0.001	0.2757	0.4965	0.001	0.002	0.6503	0.001
Sg_M07_4	0.001	0.001	0.003	0.001	0.001	0.036	0.002	0.6164	0.001	0.029	0.001	0.0599	0.4386	0.001	0.002	0.1568	0.8741	0.001	0.2188	0.2747	0.7343	0.0789	0.001	0.039	0.018	0.2258	0.015	0.014	0.001	0.002	0.002	0.2008	0.001	0.001	0.8212	0.001	0.001	0.031	0.009	0.5095	0.4286	0.6234	0.001	0.3666	0.001	0.001	0.6873	0.001	0.003	0.001	0.5045	0.009	0.015	0.006	0.1479	0.004	0.001	0.006	0.041	0.4016	0.1838	0.001	0.1289	0.001	0.7562	0.004	0.015	0.001	0.001	0.002	0.4336	0.4565	0.8891	0.001	0.0749	0.3586	0.1548	0.001	0.2907	0.002	0.001	0.001	0.001	0.7293	0.009	0.3387	0.007	0.001	0.2987	0.0839	0.008	0.4815	0.0659	0.001	0.001	0.001	0.4026	0.2537	0.003	0.002	0.5744	0.001	0.0669	0.005	0.008	0.5974	0.003	0.8152	0.001	0.4316	0.3536	0.4226	0.4545	0.001	0.01	0.042	0.001	0.001	0.047	0.0849	0.001	0.007	0.002	0.5964	0.014	0.016	0.001	0.001	0.6733	0.001	0.7443	0.001	0.002	0.001	0.4965	0.006	0.6953	0.3377	0.001	0.001	0.001	0.032	0.001	0.7842	0.002	0.002	0.018	0.7213	0.001	0.5235	0.032	0.008	0.001	0.996	0.002	0.001	0.001	0.5095	0.8881	0.7353	0.0949	0.1449	0.015	0.3427	0.003	0.3626	0.023	0.001	0.02	0.2198	0.1129	0.6054	0.001	0.002	0.3217	0.001	0.001	0.7822	0.001	0.001	0.006	0.021	0.005	0.003	0.0819	0.001	0.001	0.2527	0.001	0.043	0.3337	0.005	0.001	0.003	0.001	0.008	0.005	0.001	0.8681	0.029	0.4605	0.001	0.9481	0.002	0.8861	0.001	0.7962	0.2637	0.003	0.001	0.2637	0.2088	0.014	0.001	0.8531	0.001	0.001	0.001	0.001	0.9321	0.4496	0.02	0.001	0.3287	0.1299	0.001	0.002	0.012	0.001	0.001	0.1499	0.034	0.4016	0.001	0.001	1	0.6064	0.0779	0.033	0.5235	0.003	0.002	0.001	0.005	0.3646	0.001	0.6074	0.003	0.001	0.001	0.039	0.003	0.006	0.001	0.2268	0.1688	0.6723	0.002	0.001	0.016	0.001	0.001	0.001	0.001	0.001	0.001	0.6384	0.007	0.001	0.001	0.001	0.002	0.5045	0.3936	0.6164	0.6693	0.0829	0.001	0.029	0.009	0.001	0.001	0.001	0.0839	0.001	0.4426	0.8781	0.3736	0.7812	0.001	0.004	0.001	0.001	0.008	0.021	0.002	0.001	0.2348	0.001	0.001	0.7682	0.001	0.9461	0.001	0.0579	0.001	0.001	0.001	0.001	0.3277	0.016	0.5135	0.001	0.8052	0.0819	0.2498	0.001	0.016	0.001	0.001	0.006	0.001	0.002	0.001	0.0709	0.2777	0.001	0.001	0.6753	0.001
Sg_M08_36	0.6533	0.5415	0.1099	0.9421	0.5584	0.001	0.9221	0.001	0.2857	0.0679	0.5894	0.7063	0.4176	0.002	0.009	0.6464	0.2937	0.4925	0.3516	0.977	0.02	0.1658	0.018	0.3766	0.3017	0.1439	0.3976	0.026	0.6823	0.9371	0.1259	0.7153	0.004	0.3916	0.1259	0.6174	0.2478	0.95	0.5534	0.0869	0.2398	0.3237	0.0559	0.005	0.0649	0.1409	0.1359	0.9291	0.004	0.1079	0.02	0.4366	0.1928	0.1738	0.008	0.8691	0.3247	0.001	0.2268	0.012	0.3936	0.6104	0.5524	0.6843	0.1269	0.02	0.9151	0.0779	0.8571	0.9331	0.028	0.1748	0.004	0.3556	0.001	0.011	0.2398	0.3227	0.001	0.4835	0.045	0.4236	0.0939	0.001	0.8072	0.5105	0.3596	0.4545	0.2507	0.7243	0.976	0.1608	0.0659	0.029	0.2288	0.964	0.5435	0.2078	0.043	0.3516	0.006	0.1828	0.021	0.0799	0.973	0.5085	0.034	0.2867	0.9231	0.001	0.014	0.0879	0.1558	0.2707	0.044	0.2797	0.4705	0.4705	0.1868	0.009	0.1239	0.5395	0.4795	0.0509	0.9371	0.049	0.2228	0.0549	0.8991	0.5175	0.1758	0.5644	0.0599	0.009	0.0549	0.008	0.1049	0.007	0.0819	0.0809	0.044	0.7502	0.2787	0.3946	0.1868	0.4336	0.3397	0.2567	0.6404	0.6793	0.3756	0.03	0.4016	0.6563	0.7732	0.4925	0.3467	0.4116	0.037	0.2468	0.5564	0.013	0.4476	0.05	0.2478	0.8731	0.1718	0.7353	0.001	0.0949	0.027	0.1179	0.1998	0.1548	0.8721	0.4675	0.0509	0.3067	0.6424	0.4635	0.4835	0.4456	0.6294	0.015	0.016	0.6523	0.7952	0.004	0.6573	0.0739	0.3237	0.012	0.7363	0.7483	0.2607	0.034	0.3796	0.5964	0.041	0.981	0.2118	0.2278	0.4865	0.04	0.002	0.4466	0.1818	0.6983	0.007	0.6004	0.2927	0.2218	0.8212	0.1818	0.6474	0.009	0.1518	0.039	0.028	0.5185	0.5744	0.6284	0.7363	0.988	0.029	0.2008	0.1479	0.2657	0.0929	0.004	0.4645	0.1069	0.8531	0.5774	0.3916	0.6064	1	0.0889	0.951	0.9381	0.044	0.3137	0.2038	0.1349	0.8022	0.6414	0.1269	0.032	0.1079	0.3816	0.6733	0.3217	0.2298	0.023	0.001	0.037	0.001	0.4515	0.2008	0.0779	0.8601	0.005	0.1029	0.032	0.6284	0.1309	0.3906	0.9241	0.0889	0.1329	0.1139	0.4985	0.001	0.038	0.1259	0.3077	0.2657	0.3127	0.8831	0.032	0.6454	0.7073	0.0669	0.4326	0.001	0.2957	0.3087	0.3247	0.01	0.3337	0.001	0.2717	0.8861	0.9141	0.5894	0.1429	0.019	0.955	0.5784	0.9141	0.5365	0.8202	0.001	0.0749	0.032	0.5445	0.8392	0.1548	0.1419	0.003	0.7782	0.0619	0.1578	0.1409	0.1039	0.1189	0.993	0.1389	0.0619	0.2248	0.4416	0.1848	0.005	0.042	0.95	0.006	0.008	0.0529	0.0669	0.997
Sg_M11_5	0.5075	0.014	0.9401	0.1309	0.5225	0.6923	0.5854	0.3956	0.024	0.046	0.008	0.049	0.001	0.001	0.003	0.8002	0.3407	0.01	0.001	0.001	0.2308	0.6693	0.5095	0.032	0.9321	0.017	0.009	0.8272	0.961	0.7532	0.1688	0.1718	0.8372	0.02	0.1449	0.5075	0.017	0.2787	0.1279	0.1039	0.1808	0.7303	0.959	0.1568	0.027	0.7003	0.1658	0.3996	0.1748	0.4575	0.5874	0.0809	0.2917	0.3127	0.8482	0.1119	0.2797	0.0519	0.1099	0.025	0.3776	0.5604	0.03	0.4695	0.001	0.4226	0.005	0.8921	0.1389	0.2607	0.1778	0.001	0.019	0.7193	0.4376	0.0729	0.6943	0.7353	0.013	0.2028	0.7922	0.1898	0.014	0.1608	0.1888	0.2527	0.009	0.2288	0.019	0.026	0.026	0.2308	0.035	0.2787	0.3636	0.4915	0.2388	0.4056	0.8002	0.8801	0.9331	0.8122	0.4755	0.0629	0.2657	0.001	0.8302	0.7532	0.9211	0.0899	0.3307	0.1808	0.036	0.5455	0.3407	0.4206	0.4855	0.1638	0.4146	0.8651	0.7572	0.003	0.8851	0.001	0.961	0.001	0.0689	0.6464	0.5614	0.3187	0.4476	0.1808	0.5045	0.002	0.3666	0.6094	0.001	0.9071	0.005	0.3636	0.5085	0.8212	0.5355	0.003	0.6204	0.2378	0.0619	0.7892	0.7652	0.001	0.1309	0.5544	0.0559	0.2288	0.5025	0.8621	0.6024	0.001	0.048	0.6923	0.99	0.001	0.019	0.8282	0.0699	0.7962	0.5584	0.4286	0.014	0.1638	0.3347	0.001	0.5165	0.7383	0.2088	0.0799	0.1369	0.2547	1	0.983	0.2148	0.4835	0.2448	0.037	0.3586	0.045	0.004	0.1748	0.002	0.001	0.1528	0.041	0.5045	0.9311	0.003	0.022	0.0599	0.0639	0.001	0.3566	0.7333	0.032	0.9331	0.8232	0.3207	0.9291	0.5504	0.1109	0.007	0.3037	0.0539	0.001	0.2837	0.026	0.001	0.033	0.037	0.2328	0.981	0.5624	0.2537	0.6264	0.1319	0.6274	0.1778	0.7233	0.5724	0.1009	0.044	0.2857	0.008	0.984	0.9421	0.7153	0.3996	0.0779	0.0889	1	0.1818	0.1209	0.9221	0.2947	0.1538	0.02	0.8232	0.5185	0.3237	0.965	0.5944	0.4975	0.1169	0.9051	0.4895	0.2228	0.05	0.0749	0.05	0.3017	0.7912	0.1658	0.0889	0.1948	0.2458	0.001	0.0779	0.024	0.3337	0.015	0.3676	0.6424	0.6793	0.4426	0.014	0.0739	0.001	0.5854	0.0809	0.3616	0.6454	0.4855	0.1439	0.021	0.3447	0.4356	0.0589	0.4975	0.7083	0.001	0.5624	0.6693	0.036	0.4146	0.3536	0.6883	0.2677	0.001	0.4276	0.035	0.1788	0.1878	0.004	0.1289	0.001	0.4306	0.005	0.5864	0.1299	0.1908	0.8691	0.2507	0.2248	0.6603	0.7463	0.5874	0.7702	0.1079	0.6394	0.7303	0.2418	0.1139	0.001	0.6703	0.004	0.8601	0.6464	0.037	0.998	0.6494	0.7303	0.1449
Sg_M11_7	0.0699	0.1708	0.7602	0.963	0.0669	0.7173	0.031	0.2907	0.038	0.5924	0.001	0.1818	0.6294	0.002	0.2617	0.0589	0.019	0.033	0.5674	0.5884	0.8282	0.7343	0.8042	0.1049	0.1479	0.003	0.0539	0.0829	0.4785	0.4346	0.4216	0.006	0.0549	0.043	0.7822	0.6494	0.003	0.1189	0.04	0.2777	0.9371	0.4595	0.045	0.3447	0.043	0.2188	0.005	0.001	0.5065	0.0649	0.2707	0.1918	0.4835	0.6394	0.986	0.1099	0.1109	0.6284	0.7682	0.009	0.1039	0.1259	0.2947	0.3736	0.5195	0.3956	0.003	0.001	0.3536	0.0709	0.0729	0.2198	0.1109	0.008	0.4785	0.8521	0.8571	0.4775	0.4755	0.001	0.3197	0.001	0.0519	0.4525	0.4595	0.003	0.024	0.1658	0.0539	0.5065	0.025	0.4665	0.3167	0.6364	0.5395	0.8082	0.001	0.001	0.3626	0.5455	0.1439	0.3027	0.01	0.001	0.3796	0.8741	0.3227	0.045	0.001	0.8162	0.5654	0.7303	0.9451	0.001	0.04	0.0879	0.001	0.002	0.0889	0.6713	0.001	0.0539	0.4935	0.5654	0.001	0.6244	0.006	0.006	0.001	0.004	0.6723	0.1778	0.009	0.003	0.003	0.7622	0.8302	0.963	0.001	0.1429	0.004	0.041	0.1968	0.5644	0.6993	0.8971	0.1279	0.2068	0.023	0.5305	0.0729	0.3287	0.3716	0.1988	0.2927	0.2937	0.7512	0.7892	0.1419	0.009	0.6154	0.1219	0.2148	0.8262	0.1608	0.3766	0.0829	0.033	0.011	0.2717	0.0999	0.997	0.1309	0.3656	0.1029	0.1319	0.0849	0.025	0.99	0.6773	0.0639	0.027	0.5734	0.031	0.3686	0.013	0.001	0.9441	0.0579	0.1259	0.6663	0.0569	0.9341	0.019	0.001	0.002	0.1049	0.3906	0.5854	0.0879	0.1169	0.0579	0.3936	0.0789	0.5904	0.049	0.7782	0.1309	0.7353	0.1249	0.032	0.4386	0.001	0.05	0.3826	0.009	0.011	0.0609	0.3506	0.0659	0.6254	0.5844	0.023	0.6004	0.1489	0.0829	0.003	0.028	0.001	0.001	0.3926	0.2358	0.9371	0.001	0.1718	0.033	0.951	0.1818	1	0.025	0.5045	0.5824	0.001	0.1888	0.1059	0.034	0.3117	0.5215	0.001	0.1079	0.8501	0.1568	0.029	0.3377	0.7103	0.7073	0.6344	0.3506	0.5684	0.1648	0.028	0.029	0.4046	0.002	0.1029	0.007	0.6024	0.1259	0.5175	0.009	0.3257	0.0609	0.4985	0.3876	0.981	0.6923	0.0809	0.0619	0.1768	0.042	0.3636	0.001	0.7892	0.031	0.02	0.2857	0.032	0.3986	0.3207	0.8601	0.002	0.8332	0.039	0.4815	0.014	0.009	0.006	0.8861	0.039	0.2797	0.2038	0.03	0.3257	0.4995	0.2977	0.029	0.7053	0.005	0.1648	0.9401	0.2577	0.7542	0.5375	0.012	0.6643	0.957	0.4066	0.2587	0.002	0.017	0.026	0.3736	0.001	0.5135	0.039	0.1548	0.4855	0.3437	0.2348	0.1528
Sg_M12_17	0.041	0.4456	0.972	0.0729	0.8022	0.033	0.0649	0.2597	0.1718	0.6124	0.1109	0.7992	0.7552	0.1908	0.8751	0.2937	0.5814	0.2168	0.3516	0.4565	0.013	0.0529	0.5095	0.5115	0.1598	0.7902	0.5305	0.4316	0.8362	0.3626	0.2917	0.0729	0.4116	0.022	0.007	0.5974	0.0789	0.4286	0.8661	0.2837	0.3656	0.4076	0.2018	0.5754	0.024	0.0959	0.5694	0.031	0.1688	0.0779	0.5445	0.9061	0.6444	0.8911	0.8631	0.8322	0.4426	0.3407	0.2597	0.01	0.8282	0.4026	0.5135	0.8701	0.3117	0.6713	0.026	0.031	0.965	0.3457	0.043	0.5604	0.8232	0.1369	0.5195	0.3756	0.0969	0.7233	0.3217	0.0519	0.1858	0.2408	0.1319	0.9061	0.3177	0.0899	0.6114	0.2318	0.0839	0.4945	0.7542	0.1578	0.003	0.1089	0.98	0.2318	0.015	0.5794	0.2647	0.0789	0.7882	0.6294	0.2897	0.013	0.976	0.8921	0.6613	0.2677	0.3656	0.001	0.9231	0.6613	0.7952	0.0689	0.5025	0.4396	0.6284	0.1149	0.9101	0.3247	0.4735	0.1499	0.7912	0.1119	0.029	0.1169	0.9211	0.1778	0.1638	0.6124	0.4635	0.0649	0.6503	0.3966	0.1189	0.5884	0.1948	0.5055	0.0529	0.5564	0.3187	0.5814	0.5634	0.8172	0.1578	0.6753	0.0869	0.7253	0.7982	0.6593	0.7073	0.3616	0.8551	0.5644	0.2997	0.2517	0.7642	0.951	0.047	0.7193	0.7522	0.1079	0.1119	0.4965	0.009	0.3706	0.3197	0.049	0.005	0.009	0.1059	0.8671	0.0689	0.4016	0.6414	0.6753	0.2218	0.9351	0.1628	0.6573	0.1029	0.05	0.0939	0.8741	0.2498	0.2188	0.0549	0.4675	0.028	0.1748	0.1678	0.5325	0.1598	0.9011	0.043	0.019	0.8501	0.0829	0.8392	0.2827	0.5025	0.0519	0.3027	0.4735	0.1608	0.045	0.6503	0.1069	0.2907	0.4775	0.7023	0.9451	0.039	0.025	0.5884	0.032	0.003	0.2488	0.7702	0.6154	0.1349	0.8392	0.2527	0.6004	0.1359	0.6783	0.0729	0.7692	0.1189	0.0969	0.8322	0.7812	0.9251	0.1289	0.4436	0.5235	0.9381	0.1209	0.025	1	0.2448	0.5495	0.038	0.1499	0.8072	0.6074	0.048	0.7473	0.0529	0.5904	0.3337	0.5245	0.5654	0.3836	0.5724	0.037	0.008	0.3147	0.4635	0.3367	0.1339	0.4076	0.6414	0.1429	0.2517	0.4236	0.013	0.3806	0.2677	0.031	0.8332	0.0719	0.5395	0.3636	0.4825	0.5794	0.6763	0.8422	0.5375	0.6553	0.6913	0.0579	0.6543	0.2967	0.1638	0.4515	0.986	0.5764	0.6114	0.7103	0.1159	0.2767	0.0629	0.3467	0.4276	0.0769	0.0689	0.033	0.958	0.2957	0.6434	0.1578	0.016	0.3646	0.022	0.4126	0.7932	0.031	0.7463	0.989	0.6034	0.2228	0.9291	0.1409	0.3347	0.3686	0.0609	0.3896	0.047	0.017	0.001	0.9201	0.2248	0.3626	0.4725	0.1898	0.0759	0.3906	0.5774	0.7033
Sg_M12_21	0.2118	0.002	0.002	0.037	0.005	0.001	0.004	0.001	0.001	0.026	0.0509	0.1269	0.1109	0.007	0.017	0.013	0.6573	0.01	0.7443	0.5245	0.001	0.7782	0.992	0.0649	0.1249	0.8422	0.002	0.0609	0.005	0.5854	0.2058	0.1209	0.7742	0.002	0.004	0.022	0.001	0.9171	0.004	0.002	0.001	0.3407	0.6963	0.017	0.003	0.001	0.003	0.0549	0.001	0.001	0.001	0.006	0.001	0.005	0.001	0.2667	0.0629	0.2847	0.964	0.0839	0.002	0.015	0.001	0.022	0.8212	0.1409	0.2847	0.3946	0.003	0.001	0.6883	0.7453	0.1009	0.0699	0.1399	0.6833	0.1199	0.005	0.028	0.4645	0.001	0.8482	0.001	0.0869	0.029	0.003	0.003	0.002	0.2687	0.6214	0.6024	0.005	0.0619	0.001	0.005	0.001	0.7213	0.5644	0.001	0.001	0.001	0.001	0.039	0.1269	0.6204	0.7932	0.001	0.1079	0.2118	0.001	0.002	0.7992	0.002	0.4496	0.001	0.4116	0.2667	0.1169	0.001	0.001	0.6194	0.2428	0.0579	0.7732	0.5804	0.1499	0.006	0.2468	0.7972	0.2637	0.9071	0.001	0.0719	0.001	0.6404	0.6713	0.6773	0.001	0.034	0.8042	0.1898	0.001	0.001	0.6364	0.008	0.027	0.001	0.013	0.001	0.3257	0.001	0.001	0.001	0.012	0.005	0.001	0.8841	0.3656	0.6633	0.7972	0.5724	0.8871	0.6913	0.002	0.001	0.042	0.6304	0.002	0.001	0.025	0.4116	0.3167	0.011	0.001	0.2458	0.001	0.1708	0.5554	0.006	0.001	0.0759	0.005	0.1279	0.042	0.7612	0.041	0.0509	0.028	0.034	0.8012	0.0979	0.996	0.001	0.001	0.001	0.1838	0.001	0.006	0.4865	0.9121	0.005	0.001	0.5285	0.001	0.0959	0.001	0.5185	0.7263	0.006	0.003	0.2118	0.6464	0.6484	0.001	0.5005	0.001	0.001	0.001	0.7343	0.0879	0.9411	0.5155	0.5225	0.028	0.8292	0.6384	0.5744	0.001	0.001	0.001	0.013	0.3666	0.3027	0.0619	0.006	0.003	0.044	0.9221	0.5045	0.2448	1	0.001	0.003	0.04	0.984	0.025	0.2178	0.001	0.8701	0.1908	0.0629	0.015	0.3087	0.004	0.7383	0.05	0.8911	0.0859	0.019	0.2298	0.001	0.5215	0.8472	0.001	0.009	0.009	0.4865	0.034	0.001	0.2388	0.4266	0.9441	0.1129	0.6124	0.6044	0.1309	0.002	0.017	0.1638	0.001	0.6893	0.1229	0.0569	0.9161	0.001	0.016	0.3896	0.0899	0.001	0.001	0.001	0.1039	0.001	0.1499	0.6933	0.0539	0.001	0.6434	0.001	0.007	0.0729	0.002	0.03	0.0989	0.9161	0.2877	0.047	0.001	0.1129	0.001	0.1798	0.035	0.039	0.023	0.001	0.011	0.001	0.002	0.1449	0.001	0.995	0.1668	0.004	0.001	0.001	0.5075	0.001	0.6294	0.2747	0.2448
Sg_M12_39	0.2707	0.001	0.004	0.014	0.001	0.001	0.2338	0.001	0.009	0.014	0.0979	0.9241	0.3397	0.003	0.012	0.0579	0.0519	0.001	0.4466	0.4935	0.012	0.2378	0.2178	0.2797	0.7852	0.4555	0.002	0.7502	0.021	0.8312	0.4625	0.3487	0.0599	0.002	0.0899	0.0609	0.001	0.1568	0.018	0.001	0.0549	0.009	0.5714	0.6184	0.002	0.001	0.1079	0.2328	0.001	0.001	0.001	0.4675	0.001	0.002	0.001	0.976	0.002	0.966	0.8711	0.9401	0.006	0.0519	0.048	0.002	0.3556	0.6693	0.4985	0.3516	0.001	0.015	0.8901	0.972	0.2847	0.003	0.9101	0.3876	0.7293	0.006	0.4955	0.992	0.001	0.6613	0.005	0.3726	0.5155	0.1009	0.008	0.001	0.1908	0.997	0.1209	0.0919	0.009	0.001	0.023	0.001	0.8911	0.9371	0.001	0.001	0.001	0.001	0.8452	0.989	0.7632	0.8352	0.001	0.0729	0.8332	0.0619	0.008	0.1508	0.2507	0.6613	0.001	0.2168	0.2138	0.0779	0.001	0.001	0.6234	0.5564	0.012	0.6104	0.5754	0.012	0.008	0.4206	0.1848	0.035	0.6034	0.001	0.016	0.003	0.1079	0.2188	0.4725	0.001	0.1588	0.0529	0.0579	0.001	0.001	0.3397	0.003	0.001	0.003	0.001	0.001	0.4645	0.001	0.001	0.001	0.2547	0.001	0.001	0.8771	0.8951	0.968	0.2388	0.2038	0.5295	0.4885	0.004	0.001	0.004	0.6064	0.001	0.001	0.3716	0.8881	0.984	0.009	0.001	0.2458	0.001	0.2178	0.3586	0.001	0.001	0.4336	0.004	0.049	0.2547	0.7033	0.005	0.022	0.3666	0.001	0.1109	0.2048	0.1399	0.001	0.001	0.009	0.1608	0.001	0.002	0.5355	0.0859	0.004	0.003	0.1738	0.045	0.4236	0.001	0.7343	0.7842	0.0519	0.012	0.2398	0.8032	0.6643	0.001	0.5694	0.001	0.0509	0.001	0.05	0.956	0.3616	0.5884	0.2068	0.1239	0.5325	0.7183	0.6923	0.003	0.001	0.001	0.003	0.4126	0.1758	0.011	0.001	0.002	0.3137	0.2947	0.5824	0.5495	0.001	1	0.005	0.013	0.4066	0.1219	0.0609	0.001	0.973	0.047	0.044	0.001	0.6733	0.003	0.1289	0.002	0.5475	0.003	0.2438	0.0849	0.001	0.1239	0.7173	0.015	0.018	0.001	0.8681	0.015	0.001	0.1129	0.047	0.5125	0.2827	0.6184	0.8252	0.3716	0.004	0.002	0.03	0.001	0.1149	0.0629	0.1349	0.038	0.001	0.2577	0.7622	0.4456	0.001	0.001	0.001	0.024	0.002	0.6354	0.1299	0.1119	0.006	0.7772	0.001	0.003	0.5924	0.001	0.1688	0.007	0.3566	0.5624	0.002	0.001	0.1099	0.001	0.984	0.1548	0.003	0.1459	0.001	0.8202	0.001	0.002	0.0899	0.001	0.3586	0.0539	0.018	0.001	0.004	0.6713	0.001	0.034	0.992	0.004
Sg_M12_6	0.001	0.001	0.002	0.001	0.001	0.014	0.001	0.011	0.001	0.0769	0.001	0.023	0.1389	0.001	0.001	0.7742	0.2587	0.001	0.038	0.4865	0.007	0.3007	0.005	0.003	0.3477	0.6703	0.0589	0.7183	0.001	0.007	0.004	0.1259	0.001	0.001	0.0809	0.001	0.001	0.1159	0.002	0.5804	0.2527	0.2717	0.001	0.2597	0.001	0.001	0.036	0.001	0.002	0.001	0.3447	0.001	0.002	0.001	0.029	0.0629	0.001	0.1528	0.1309	0.037	0.1868	0.001	0.002	0.001	0.1668	0.0909	0.2108	0.001	0.001	0.001	0.2827	0.5584	0.005	0.001	0.8981	0.2557	0.012	0.001	0.9271	0.004	0.001	0.001	0.001	0.049	0.006	0.02	0.008	0.006	0.2777	0.035	0.1808	0.1099	0.033	0.001	0.002	0.001	0.012	0.1039	0.001	0.001	0.1449	0.001	0.8102	0.001	0.003	0.3477	0.001	0.1019	0.001	0.014	0.1469	0.0649	0.1139	0.001	0.001	0.035	0.001	0.001	0.001	0.003	0.001	0.029	0.005	0.1309	0.001	0.032	0.001	0.001	0.3217	0.001	0.3766	0.001	0.037	0.001	0.6084	0.006	0.1928	0.0619	0.001	0.001	0.001	0.0699	0.001	0.0709	0.001	0.008	0.002	0.1299	0.001	0.03	0.017	0.001	0.001	0.9081	0.002	0.001	0.002	0.4056	0.5814	0.959	0.4725	0.4236	0.001	0.7732	0.001	0.5634	0.001	0.001	0.005	0.001	0.4146	0.1279	0.001	0.001	0.9401	0.001	0.001	0.4835	0.002	0.001	0.0629	0.001	0.013	0.1668	0.021	0.001	0.001	0.5245	0.001	0.2078	0.029	0.3327	0.002	0.005	0.001	0.002	0.002	0.001	0.2577	0.1179	0.2118	0.001	0.3596	0.001	0.4286	0.001	0.3846	0.8931	0.001	0.001	0.7233	0.1658	0.001	0.001	0.1399	0.001	0.001	0.001	0.002	0.017	0.6723	0.014	0.001	0.3546	0.1279	0.001	0.001	0.009	0.001	0.001	0.1019	0.0639	0.0839	0.001	0.001	0.001	0.2038	0.1538	0.001	0.038	0.003	0.005	1	0.001	0.956	0.001	0.3866	0.003	0.001	0.001	0.009	0.041	0.015	0.001	0.6693	0.0529	0.5954	0.002	0.002	0.5524	0.001	0.017	0.001	0.001	0.004	0.001	0.9341	0.014	0.001	0.001	0.001	0.002	0.998	0.3906	0.0629	0.4505	0.047	0.001	0.024	0.004	0.001	0.001	0.0539	0.4136	0.001	0.0599	0.9461	0.1299	0.0959	0.002	0.001	0.001	0.001	0.001	0.1099	0.001	0.001	0.2308	0.001	0.001	0.7103	0.001	0.8931	0.001	0.1229	0.001	0.001	0.001	0.1119	0.1359	0.012	0.1459	0.001	0.019	0.002	0.2028	0.001	0.004	0.001	0.001	0.021	0.002	0.001	0.001	0.02	0.7732	0.001	0.001	0.9181	0.001
Sg_M14_27	0.4276	0.01	0.7253	0.2488	0.0969	0.028	0.7672	0.1289	0.001	0.3686	0.011	0.9171	0.1788	0.017	0.0719	0.1289	0.2218	0.005	0.1219	0.8911	0.2198	0.4276	0.2458	0.7363	0.7802	0.0639	0.5085	0.6444	0.031	0.3986	0.4186	0.5934	0.6763	0.012	0.4845	0.2128	0.001	0.8511	0.5455	0.4925	0.2088	0.7223	0.2967	0.6354	0.001	0.001	0.031	0.001	0.004	0.002	0.2537	0.2757	0.0649	0.0629	0.0769	0.021	0.2038	0.5954	0.8122	0.1139	0.5964	0.2028	0.8921	0.1928	0.6893	0.4246	0.2378	0.2867	0.6743	0.984	0.015	0.6583	0.2937	0.0809	0.6603	0.02	0.046	0.3756	0.0599	0.0629	0.004	0.005	0.009	0.0929	0.032	0.041	0.5195	0.2188	0.044	0.3057	0.3516	0.9271	0.1618	0.012	0.0509	0.011	0.1299	0.5904	0.008	0.1279	0.6613	0.01	0.5115	0.026	0.5574	0.6054	0.007	0.7812	0.0679	0.3147	0.044	0.8382	0.7902	0.015	0.004	0.5005	0.013	0.1409	0.6803	0.0779	0.2607	0.037	0.3137	0.0929	0.3367	0.6324	0.015	0.2138	0.5644	0.1778	0.6973	0.003	0.9091	0.007	0.7463	0.1459	0.8352	0.0979	0.002	0.1518	0.3027	0.6104	0.01	0.7363	0.0689	0.3766	0.0939	0.6254	0.1039	0.2847	0.1948	0.0529	0.3516	0.7502	0.1558	0.037	0.4066	0.2837	0.005	0.5504	0.2867	0.014	0.4515	0.3307	0.1239	0.7522	0.3986	0.002	0.014	0.0729	0.2278	0.0889	0.037	0.002	0.967	0.4605	0.2258	0.4496	0.3786	0.004	0.007	0.2238	0.2018	0.2507	0.1399	0.002	0.001	0.3157	0.002	0.019	0.1988	0.962	0.5025	0.5305	0.007	0.001	0.3616	0.0979	0.3357	0.8721	0.7562	0.002	0.4216	0.7053	0.1079	0.0649	0.4555	0.047	0.035	0.026	0.7113	0.022	0.016	0.002	0.5664	0.006	0.002	0.002	0.5884	0.2418	0.1029	0.3796	0.018	0.8811	0.0989	0.2428	0.1009	0.3497	0.004	0.001	0.3447	0.2408	0.6454	0.3447	0.0679	0.005	0.1349	0.02	0.1888	0.1499	0.04	0.013	0.001	1	0.4705	0.038	0.3327	0.022	0.1389	0.1828	0.2507	0.0689	0.3676	0.02	0.4795	0.2827	0.8631	0.1798	0.048	0.0669	0.006	0.1848	0.002	0.019	0.8671	0.006	0.001	0.1938	0.007	0.0639	0.976	0.018	0.015	0.002	0.3187	0.8781	0.3806	0.1808	0.7443	0.007	0.0969	0.001	0.963	0.7752	0.005	0.002	0.998	0.0689	0.3327	0.1568	0.015	0.1049	0.2627	0.015	0.963	0.012	0.007	0.4286	0.1568	0.011	0.039	0.017	0.028	0.2527	0.6434	0.037	0.01	0.029	0.1548	0.1349	0.7672	0.1239	0.4306	0.8492	0.033	0.0659	0.011	0.2318	0.0609	0.03	0.046	0.2348	0.008	0.005	0.7542	0.02	0.008	0.1608	0.2587	0.1009
Sg_M14_34	0.6963	0.1948	0.027	0.7353	0.994	0.9411	0.9461	0.995	0.2847	0.0749	0.7752	0.7792	0.6733	0.6084	0.7453	0.001	0.9001	0.8791	0.6254	0.1249	0.7932	0.029	0.007	0.0869	0.1928	0.8272	0.1219	0.004	0.952	0.7922	0.1389	0.6454	0.0629	0.9141	0.6084	0.4585	0.3636	0.8412	1	0.6414	0.6863	0.951	0.041	0.018	0.8881	0.5714	0.3287	0.4775	0.0769	0.4985	0.3556	0.6284	0.3776	0.05	0.6004	0.7522	0.4496	0.1988	0.004	0.017	0.7163	0.5594	0.5954	0.8012	0.1838	0.022	0.7053	0.6653	0.1968	0.6484	0.0559	0.1748	0.017	0.3536	0.049	0.4466	0.4765	0.014	0.4665	0.7622	0.4785	0.3636	0.1618	0.009	0.5155	0.8302	0.3117	0.003	0.5704	0.2328	0.1808	0.033	0.955	0.9001	0.2877	0.0519	0.1558	0.979	0.7433	0.2567	0.0999	0.037	0.1399	0.2028	0.974	0.2438	0.9441	0.2847	0.3277	0.5514	0.1289	0.2308	0.3047	0.8442	0.4625	0.6963	0.3716	0.8292	0.2677	0.7822	0.6134	0.955	0.031	0.5844	0.3716	0.1718	0.8821	0.0999	0.0549	0.2398	0.1708	0.3536	0.0909	0.4575	0.5624	0.1908	0.1658	0.4386	0.3437	0.1009	0.5504	0.5784	0.8511	0.1938	0.9241	0.038	0.5894	0.3317	0.8062	0.6204	0.8631	0.6893	0.4116	0.4206	0.1119	0.0919	0.5544	0.5305	0.2837	0.1628	0.026	0.4985	0.4236	0.6184	0.7083	0.5804	0.1319	0.8631	0.1658	0.9311	0.0639	0.2388	0.014	0.4555	0.3746	0.2108	0.3447	0.7782	0.026	0.987	0.3187	0.6204	0.8462	0.4276	0.1668	0.039	0.6414	0.0589	0.7083	0.3886	0.5265	0.006	0.0599	0.4505	0.2867	0.7183	0.8541	0.4515	0.968	0.7802	0.972	0.6903	0.1139	0.6074	0.007	0.9141	0.2767	0.8442	0.5015	0.3467	0.001	0.6394	0.993	0.2408	0.0909	0.2637	0.4056	0.6194	0.006	0.0619	0.1309	0.026	0.4865	0.3756	0.044	0.2567	0.1329	0.966	0.3087	0.7962	0.956	0.5534	0.0549	0.048	0.018	0.3646	0.8022	0.8232	0.1059	0.8072	0.984	0.4066	0.956	0.4705	1	0.4406	0.2458	0.7313	0.2468	0.1049	0.9021	0.024	0.4815	0.6533	0.1628	0.0839	0.4336	0.2028	0.8072	0.001	0.6883	0.006	0.3876	0.9211	0.2468	0.1568	0.6014	0.1578	0.6154	0.1908	0.0909	0.3337	0.959	0.1149	0.4945	0.015	0.9011	0.3636	0.4356	0.4096	0.1059	0.994	0.4286	0.6434	0.0709	0.3996	0.1059	0.9381	0.3926	0.013	0.0579	0.03	0.7552	0.9131	0.8272	0.4725	0.3706	0.022	0.2567	0.6783	0.5475	0.6464	0.1678	0.009	0.1638	0.4186	0.004	0.8182	0.002	0.2258	0.7483	0.7083	0.011	0.032	0.4076	0.2937	0.05	0.5924	0.0609	0.3626	0.3367	0.4476	0.5355	0.964	0.6903	0.012	0.6374	0.007	0.2288	0.015
Sg_M15_10	0.001	0.002	0.001	0.004	0.001	0.4026	0.001	0.7572	0.001	0.001	0.001	0.001	0.9151	0.1279	0.1229	0.0569	0.8112	0.001	0.5335	0.1479	0.7393	0.1369	0.009	0.001	0.1219	0.5744	0.001	0.3127	0.001	0.002	0.012	0.8252	0.001	0.001	0.2458	0.001	0.001	0.01	0.002	0.8252	0.4695	0.978	0.001	0.3207	0.001	0.004	0.4416	0.001	0.0919	0.004	0.9401	0.003	0.025	0.001	0.2458	0.9201	0.001	0.009	0.002	0.1688	0.0689	0.001	0.001	0.001	0.1019	0.1638	0.8551	0.001	0.001	0.001	0.044	0.3077	0.8981	0.001	0.1668	0.029	0.0739	0.001	0.0799	0.001	0.001	0.001	0.001	0.6064	0.0719	0.3946	0.001	0.001	0.2777	0.7982	0.9171	0.5934	0.8561	0.01	0.001	0.003	0.8751	0.6064	0.022	0.002	0.953	0.001	0.2178	0.036	0.001	0.3117	0.031	0.6194	0.001	0.6783	0.8192	0.036	0.5105	0.001	0.0779	0.004	0.001	0.001	0.017	0.2987	0.001	0.5315	0.001	0.2527	0.001	0.001	0.016	0.001	0.034	0.001	0.009	0.001	0.001	0.001	0.8452	0.003	0.1748	0.5405	0.001	0.001	0.001	0.017	0.001	0.3836	0.0699	0.002	0.002	0.6963	0.001	0.9071	0.023	0.014	0.003	0.98	0.013	0.015	0.048	0.1449	0.1409	0.4665	0.4196	0.2438	0.001	0.999	0.2448	0.2208	0.006	0.001	0.3287	0.0619	0.0829	0.4366	0.001	0.0769	0.1249	0.005	0.001	0.3606	0.011	0.003	0.1628	0.001	0.05	0.1618	0.006	0.013	0.001	0.0699	0.1479	0.4496	0.006	0.004	0.001	0.001	0.001	0.9121	0.005	0.001	0.3526	0.009	0.3097	0.001	0.4346	0.012	0.8561	0.001	0.1908	0.03	0.6084	0.001	0.046	0.5005	0.0549	0.001	0.0909	0.001	0.001	0.01	0.003	0.5664	0.4106	0.02	0.001	0.5105	0.0639	0.001	0.001	0.011	0.001	0.001	0.029	0.001	0.017	0.001	0.011	0.001	0.6414	0.5185	0.034	0.6074	0.025	0.1219	0.001	0.038	0.4406	1	0.012	0.0979	0.001	0.001	0.3636	0.0519	0.01	0.046	0.028	0.5395	0.017	0.003	0.003	0.032	0.001	0.007	0.001	0.004	0.001	0.001	0.4026	0.032	0.003	0.001	0.001	0.2807	0.2707	0.2318	0.3347	0.2817	0.013	0.021	0.006	0.01	0.001	0.001	0.004	0.1299	0.004	0.0779	0.0969	0.6853	0.6623	0.001	0.002	0.001	0.001	0.001	0.019	0.0719	0.001	0.003	0.001	0.001	0.5564	0.001	0.006	0.001	0.001	0.001	0.001	0.002	0.004	0.7942	0.001	0.3976	0.001	0.8172	0.1818	0.046	0.001	0.019	0.001	0.001	0.8222	0.001	0.004	0.001	0.004	0.0919	0.0659	0.001	0.5375	0.001
Sg_M15_17	0.5465	0.1259	0.987	0.4056	0.6274	0.4006	0.2827	0.2737	0.977	0.022	0.96	0.2827	0.5844	0.4915	0.7752	0.025	0.7892	0.7742	0.4276	0.1099	0.3217	0.6703	0.6324	0.004	0.1149	0.0569	0.2837	0.951	0.4076	0.7542	0.3317	0.4555	0.019	0.8871	0.038	0.9481	0.2178	0.6673	0.0759	0.0709	0.6094	0.04	0.1359	0.7512	0.6803	0.2238	0.5265	0.7103	0.5265	0.8661	0.2388	0.2567	0.0679	0.1049	0.027	0.6683	0.6004	0.017	0.011	0.001	0.0799	0.0649	0.1269	0.3387	0.0539	0.0759	0.0679	0.0809	0.026	0.011	0.008	0.8991	0.3776	0.6593	0.4545	0.005	0.2378	0.025	0.5125	0.3656	0.5834	0.8172	0.9191	0.8162	0.1459	0.2058	0.1049	0.033	0.2088	0.2677	0.2827	0.977	0.009	0.8332	0.1718	0.3816	0.04	0.997	0.3926	0.7672	0.1778	0.8042	0.4326	0.2827	0.6883	0.2947	0.0809	0.4386	0.3906	0.0799	0.8042	0.3357	0.4436	0.7922	0.4725	0.7942	0.7003	0.6334	0.2188	0.2428	0.1698	0.0739	0.035	0.0749	0.9461	0.029	0.3736	0.1389	0.2687	0.2238	0.001	0.3726	0.1708	0.5315	0.7682	0.022	0.2288	0.0669	0.7522	0.0719	0.2627	0.013	0.5335	0.3716	0.8172	0.01	0.4146	0.1988	0.2278	0.4006	0.0879	0.1379	0.0749	0.7992	0.2118	0.2757	0.009	0.3037	0.026	0.7093	0.4735	0.1568	0.5794	0.4466	0.4905	0.1399	0.0719	0.8851	0.4236	0.3447	0.1129	0.2468	0.4496	0.2138	0.7273	0.0519	0.012	0.035	0.7303	0.4805	0.993	0.5514	0.1419	0.8801	0.005	0.7343	0.8402	0.0809	0.2188	0.3836	0.1289	0.1618	0.3397	0.016	0.8711	0.1648	0.034	0.6563	0.1269	0.6923	0.2797	0.5564	0.1658	0.8372	0.2338	0.3646	0.1269	0.001	0.1758	0.5644	0.026	0.2767	0.2667	0.7193	0.2557	0.8711	0.7562	0.2827	0.047	0.7293	0.003	0.0659	0.6044	0.015	0.0619	0.3756	0.2947	0.0949	0.7992	0.3936	0.3247	0.6004	0.002	0.2238	0.8262	0.6074	0.1269	0.3237	0.3117	0.048	0.2178	0.0609	0.3866	0.3327	0.2458	0.012	1	0.1149	0.8092	0.0789	0.1399	0.5964	0.975	0.6164	0.2158	0.2607	0.022	0.8022	0.3526	0.0519	0.3097	0.1219	0.0759	0.96	0.005	0.8282	0.02	0.9431	0.2767	0.2967	0.003	0.3986	0.5584	0.0919	0.3117	0.4436	0.1778	0.7453	0.0549	0.5205	0.6404	0.8272	0.8721	0.4056	0.5225	0.5884	0.2478	0.2138	0.3536	0.019	0.995	0.6334	0.0509	0.966	0.9301	0.3017	0.5095	0.034	0.005	0.2637	0.3317	0.3756	0.1528	0.4086	0.04	0.7053	0.2757	0.5784	0.015	0.0569	0.4705	0.4815	0.0879	0.8751	0.4196	0.6663	0.5175	0.2458	0.7143	0.4945	0.001	0.2168	0.4695	0.3027	0.012	0.013	0.996	0.3107	0.033	0.5125
Sg_M15_29	0.2408	0.001	0.001	0.031	0.001	0.001	0.2018	0.001	0.004	0.0539	0.0539	0.1808	0.029	0.002	0.001	0.1409	0.5894	0.018	0.8042	0.2078	0.004	0.3347	0.3257	0.043	0.8152	0.7592	0.001	0.3407	0.001	0.4645	0.9191	0.8621	0.1439	0.001	0.018	0.015	0.002	0.6643	0.002	0.001	0.003	0.033	0.6653	0.4925	0.001	0.001	0.043	0.3816	0.001	0.001	0.001	0.2068	0.001	0.002	0.001	0.95	0.011	0.5415	0.8052	0.5584	0.001	0.034	0.002	0.002	0.1518	0.4745	0.997	0.6254	0.002	0.011	0.8312	0.5824	0.0729	0.01	0.4795	0.2887	0.8701	0.006	0.3447	0.7193	0.001	0.9011	0.001	0.2827	0.0829	0.038	0.004	0.001	0.7692	0.3926	0.2787	0.0969	0.0759	0.001	0.004	0.001	0.7972	0.9141	0.001	0.001	0.001	0.001	0.6214	0.5455	0.4655	0.3167	0.001	0.02	0.5574	0.01	0.001	0.4615	0.012	0.7702	0.001	0.971	0.2827	0.0809	0.001	0.001	0.6044	0.8322	0.019	0.6204	0.8631	0.04	0.1109	0.5984	0.2627	0.1269	0.8162	0.002	0.012	0.001	0.2498	0.1978	0.1908	0.001	0.1888	0.1269	0.1109	0.001	0.002	0.1818	0.012	0.001	0.002	0.001	0.001	0.2997	0.001	0.001	0.001	0.7532	0.001	0.001	0.8591	0.9071	0.5215	0.99	0.6314	0.7962	0.7473	0.02	0.001	0.006	0.996	0.004	0.001	0.0559	0.953	0.6713	0.045	0.001	0.7762	0.001	0.3387	0.6144	0.006	0.001	0.3137	0.021	0.1149	0.8092	0.4915	0.006	0.038	0.1499	0.003	0.5674	0.1668	0.3876	0.001	0.001	0.004	0.2967	0.001	0.01	0.2448	0.5684	0.001	0.001	0.5345	0.014	0.2228	0.001	0.6404	0.5794	0.011	0.001	0.2398	0.5534	0.7552	0.001	0.5035	0.001	0.007	0.001	0.2777	0.4515	0.3037	0.5774	0.2338	0.2607	0.5195	0.6194	0.951	0.002	0.001	0.001	0.002	0.959	0.3287	0.02	0.001	0.003	0.032	0.965	0.5215	0.7473	0.001	0.001	0.003	0.022	0.7313	0.0979	0.1149	1	0.6823	0.2308	0.041	0.009	0.3926	0.018	0.2498	0.0579	0.2687	0.007	0.037	0.5145	0.001	0.9061	0.984	0.03	0.002	0.002	0.6643	0.2008	0.001	0.2028	0.0899	0.969	0.4685	0.5125	0.3576	0.0999	0.001	0.008	0.016	0.001	0.3047	0.0859	0.1518	0.2448	0.001	0.1888	0.9311	0.0669	0.001	0.001	0.001	0.045	0.005	0.4016	0.8531	0.1798	0.001	0.8761	0.001	0.001	0.007	0.001	0.2977	0.013	0.1778	0.8961	0.003	0.001	0.2078	0.001	0.2627	0.028	0.005	0.039	0.001	0.5275	0.001	0.001	0.1499	0.001	0.995	0.041	0.028	0.001	0.002	0.8751	0.001	0.0619	0.2737	0.005
Sg_M17_3	0.001	0.01	0.2098	0.005	0.013	0.8022	0.003	0.8352	0.005	0.007	0.018	0.7163	0.5634	0.1309	0.4975	0.1728	0.3656	0.001	0.7702	0.2248	0.999	1	0.007	0.004	0.6114	0.036	0.004	0.1968	0.5884	0.2657	0.012	0.033	0.001	0.001	0.8272	0.7473	0.001	0.8911	0.019	0.3217	0.9351	0.9181	0.001	0.1009	0.002	0.0879	0.6074	0.001	0.7213	0.006	0.4575	0.0859	0.2677	0.008	0.2198	0.3497	0.008	0.03	0.022	0.6274	0.7912	0.001	0.5085	0.023	0.6344	0.002	0.016	0.001	0.013	0.009	0.4066	0.1628	0.5884	0.001	0.0689	0.4905	0.1538	0.004	0.1039	0.001	0.021	0.001	0.003	0.4366	0.2098	0.1119	0.002	0.6963	0.027	0.3047	0.5684	0.1269	0.0989	0.6703	0.012	0.1968	0.001	0.001	0.8302	0.1269	0.1399	0.036	0.8731	0.001	0.6953	0.5944	0.5744	0.5804	0.001	0.5325	0.3127	0.1928	0.2388	0.001	0.6733	0.5884	0.001	0.001	0.998	0.5215	0.001	0.03	0.011	0.8142	0.001	0.1848	0.004	0.001	0.008	0.001	0.2068	0.001	0.1059	0.001	0.0749	0.0809	0.6823	0.2318	0.004	0.001	0.001	0.5205	0.001	0.9331	0.2667	0.023	0.3257	0.6773	0.008	0.7433	0.5475	0.8831	0.6474	0.2428	0.1149	0.5285	0.3866	0.3387	0.5984	0.007	0.6424	0.7403	0.013	0.1958	0.4036	0.8222	0.001	0.006	0.1379	0.3786	0.4795	0.969	0.001	0.6454	0.1848	0.1718	0.001	0.1149	0.0979	0.6753	0.0539	0.013	0.1139	0.0689	0.2278	0.002	0.001	0.1998	0.019	0.8022	0.7742	0.3247	0.0859	0.2258	0.001	0.1149	0.2498	0.001	0.6024	0.8372	0.8671	0.004	0.9231	0.012	0.0779	0.017	0.3796	0.3307	0.8212	0.01	0.8511	0.6034	0.001	0.01	0.8671	0.009	0.002	0.2997	0.039	0.7622	0.039	0.001	0.001	0.8442	0.6474	0.001	0.001	0.3756	0.002	0.012	0.1189	0.6643	0.3007	0.001	0.3227	0.001	0.1079	0.5944	0.001	0.0529	0.8701	0.973	0.001	0.1389	0.2468	0.001	0.8092	0.6823	1	0.001	0.97	0.002	0.6873	0.3616	0.6034	0.0849	0.2917	0.3816	0.02	0.04	0.002	0.006	0.001	0.014	0.3057	0.003	0.6254	0.046	0.1229	0.001	0.002	0.045	0.999	0.8571	0.9421	0.6474	0.4655	0.006	0.039	0.5235	0.011	0.001	0.028	0.4685	0.041	0.973	0.1209	0.8581	0.2328	0.1419	0.0589	0.005	0.004	0.0629	0.6503	0.01	0.002	0.1688	0.049	0.013	0.8601	0.003	0.2997	0.001	0.3057	0.002	0.005	0.04	0.044	0.4456	0.8262	0.5874	0.016	0.4945	0.6763	0.6024	0.0889	0.9251	0.001	0.013	0.036	0.009	0.005	0.6464	0.2957	0.3097	0.9081	0.003	0.7033	0.011
Sg_M17_33	0.001	0.001	0.008	0.001	0.001	0.5235	0.001	0.6184	0.007	0.001	0.001	0.0819	0.5065	0.0829	0.1009	0.1359	0.8162	0.001	0.6384	0.1099	0.981	0.008	0.001	0.003	0.021	0.7662	0.001	0.008	0.012	0.01	0.001	0.036	0.001	0.001	0.7033	0.005	0.001	0.043	0.002	0.8511	0.5514	0.7203	0.001	0.1818	0.004	0.004	0.6354	0.001	0.2248	0.009	0.996	0.002	0.1528	0.001	0.999	0.0839	0.001	0.002	0.001	0.5185	0.96	0.001	0.2498	0.001	0.3257	0.003	0.02	0.001	0.001	0.003	0.032	0.3057	0.5524	0.001	0.003	0.3077	0.1698	0.001	0.049	0.002	0.001	0.001	0.001	0.1628	0.3516	0.973	0.001	0.001	0.6024	0.042	0.0619	0.2348	0.4945	0.001	0.002	0.001	0.8022	0.4236	0.011	0.001	0.2617	0.001	0.016	0.4336	0.007	0.2737	0.2408	0.5674	0.001	0.2577	0.1928	0.1439	0.2617	0.001	0.3437	0.2488	0.001	0.001	0.6464	0.9161	0.001	0.017	0.001	0.8711	0.009	0.002	0.004	0.001	0.4316	0.001	0.034	0.001	0.002	0.004	0.5335	0.03	0.2537	0.6763	0.001	0.001	0.001	0.1149	0.001	0.4525	0.043	0.003	0.025	0.5874	0.001	0.8432	0.3437	0.2567	0.006	0.8302	0.001	0.004	0.003	0.2438	0.5524	0.2338	0.2358	0.7602	0.012	0.1948	0.023	0.4535	0.003	0.001	0.4515	0.5614	0.1788	0.969	0.001	0.0879	0.4366	0.042	0.001	0.994	0.001	0.011	0.1838	0.006	0.01	0.001	0.0579	0.002	0.001	0.011	0.001	0.4795	0.2857	0.001	0.001	0.024	0.001	0.0599	0.1149	0.001	0.8312	0.0889	0.4685	0.001	0.1399	0.001	0.2488	0.001	0.2967	0.5944	0.4116	0.001	0.1369	0.5405	0.1359	0.001	0.7453	0.006	0.001	0.014	0.001	0.5255	0.1049	0.023	0.001	0.5574	0.043	0.001	0.001	0.3157	0.003	0.004	0.2328	0.2378	0.02	0.001	0.001	0.001	0.3816	0.4975	0.1079	0.5904	0.1908	0.047	0.001	0.1828	0.1049	0.001	0.0789	0.2308	0.001	1	0.046	0.001	0.0549	0.005	0.04	0.1768	0.028	0.001	0.004	0.049	0.001	0.001	0.001	0.01	0.009	0.001	0.7972	0.004	0.002	0.001	0.001	0.002	0.1199	0.3347	0.8452	0.2867	0.4945	0.01	0.003	0.1379	0.001	0.002	0.002	0.2138	0.1778	0.8711	0.8342	0.5085	0.3606	0.001	0.007	0.001	0.001	0.016	0.1548	0.0629	0.001	0.024	0.003	0.001	0.7532	0.001	0.0609	0.001	0.004	0.008	0.001	0.001	0.004	0.8701	0.039	0.2787	0.001	0.9321	0.3457	0.1938	0.001	0.022	0.001	0.002	0.1548	0.001	0.005	0.019	0.2388	0.026	0.042	0.001	0.6843	0.001
Sg_M21_45	0.0519	0.003	0.014	0.0539	0.004	0.0859	0.3736	0.2448	0.047	0.5465	0.002	0.5215	0.2777	0.2438	0.007	0.5285	0.5455	0.006	0.036	0.2468	0.044	0.001	0.006	0.7223	0.7203	0.0899	0.6573	0.8072	0.1209	0.9471	0.1369	0.3876	0.1239	0.002	0.2058	0.3157	0.03	0.8821	0.6094	0.9021	0.8601	0.4006	0.04	0.6773	0.013	0.018	0.0879	0.0879	0.0869	0.003	0.6993	0.1778	0.1459	0.003	0.3497	0.0829	0.009	0.6264	0.7113	0.5734	0.5834	0.5964	0.3317	0.1618	0.0719	0.2178	0.041	0.7333	0.0829	0.5834	0.5465	0.047	0.2707	0.01	0.9471	0.6104	0.0819	0.004	0.9201	0.9371	0.005	0.7742	0.001	0.2148	0.3267	0.0849	0.951	0.6194	0.6484	0.003	0.007	0.041	0.003	0.003	0.6723	0.006	0.8781	0.979	0.006	0.001	0.3536	0.004	0.8831	0.4545	0.4156	0.2677	0.0959	0.3646	0.2298	0.2278	0.0699	0.5974	0.4665	0.4835	0.1968	0.8342	0.5075	0.0779	0.0709	0.3716	0.6354	0.008	0.024	0.018	0.4036	0.2947	0.0719	0.4276	0.1369	0.1109	0.007	0.001	0.1339	0.021	0.2687	0.1009	0.0719	0.4016	0.011	0.0719	0.5245	0.4515	0.026	0.004	0.8042	0.038	0.7043	0.1838	0.1778	0.017	0.6873	0.2018	0.6204	0.4026	0.008	0.005	0.0689	0.1269	0.3536	0.3157	0.96	0.0779	0.6813	1	0.024	0.039	0.6593	0.039	0.021	0.008	0.7532	0.0529	0.022	0.024	0.8172	0.5165	0.0919	0.014	0.014	0.0559	0.3526	0.011	0.8152	0.0989	0.8122	0.2108	0.048	0.3347	0.007	0.0549	0.4995	0.8781	0.003	0.3556	0.026	0.05	0.7612	0.003	0.015	0.7572	0.041	0.001	0.4655	0.1159	0.1548	0.017	0.2188	0.1139	0.003	0.006	0.4785	0.0519	0.4126	0.002	0.5684	0.004	0.001	0.006	0.2178	0.9421	0.004	0.3307	0.0989	0.002	0.96	0.4785	0.6593	0.969	0.001	0.0599	0.2807	0.9111	0.0779	0.1568	0.001	0.039	0.6733	0.1169	0.8501	0.3337	0.0629	0.044	0.009	0.2507	0.9021	0.3636	0.1399	0.041	0.97	0.046	1	0.011	0.6583	0.1479	0.8501	0.043	0.7163	0.01	0.5245	0.6933	0.002	0.4126	0.8971	0.009	0.2288	0.001	0.3357	0.4346	0.001	0.1229	0.3187	0.0839	0.9211	0.5534	0.02	0.8701	0.8511	0.1379	0.1439	0.1389	0.03	0.039	0.7313	0.7363	0.023	0.4396	0.973	0.0639	0.1079	0.3896	0.001	0.007	0.1508	0.0949	0.8611	0.033	0.009	0.2917	0.9341	0.012	0.6444	0.007	0.3307	0.004	0.4635	0.0849	0.045	0.008	0.4535	0.6454	0.8791	0.5315	0.2228	0.1339	0.008	0.8801	0.001	0.1538	0.0579	0.002	0.001	0.003	0.001	0.022	0.3227	0.7143	0.012	0.003	0.7023	0.002
Sg_OA11r1_10	0.015	0.005	0.011	0.037	0.002	0.3646	0.0709	0.8362	0.039	0.001	0.1399	0.0549	0.7073	0.2008	0.4875	0.0759	0.0779	0.001	0.6733	0.3017	0.9441	0.036	0.2008	0.004	0.5824	0.6973	0.001	0.1139	0.9011	0.5055	0.4496	0.0849	0.002	0.01	0.8022	0.8232	0.018	0.2278	0.1289	0.965	0.97	0.0949	0.003	0.2567	0.0839	0.001	0.1948	0.004	0.2867	0.001	0.0609	0.4426	0.013	0.001	0.0879	0.0579	0.006	0.015	0.2268	0.2867	0.4456	0.031	0.6384	0.004	0.2448	0.3177	0.1439	0.002	0.001	0.004	0.5085	0.1209	0.1778	0.001	0.007	0.6384	0.4755	0.001	0.038	0.041	0.001	0.001	0.0879	0.03	0.2787	0.003	0.001	0.001	0.2088	0.3736	0.05	0.5974	0.015	0.004	0.2008	0.001	0.7323	0.0619	0.003	0.001	0.9281	0.001	0.3487	0.8462	0.2997	0.4885	0.045	0.2088	0.029	0.3916	0.8541	0.1099	0.036	0.001	0.2857	0.036	0.001	0.001	0.0599	0.0939	0.001	0.3097	0.001	0.5694	0.013	0.015	0.004	0.001	0.1479	0.001	0.7253	0.002	0.0859	0.0599	0.007	0.3207	0.026	0.1748	0.0949	0.016	0.001	0.1528	0.004	0.4775	0.022	0.001	0.8681	0.7133	0.012	0.7443	0.8771	0.037	0.1548	0.6094	0.001	0.002	0.2098	0.1219	0.2458	0.001	0.1888	0.7273	0.4535	0.2028	0.012	0.0689	0.2108	0.002	0.8981	0.8162	0.8641	0.7123	0.001	0.001	0.4226	0.4905	0.01	0.5205	0.001	0.019	0.0869	0.1409	0.4436	0.0529	0.964	0.001	0.002	0.3816	0.001	0.7243	0.5375	0.001	0.001	0.0879	0.003	0.0849	0.7902	0.003	0.6284	0.0529	0.046	0.01	0.6543	0.2028	0.031	0.002	0.5385	0.2048	0.7323	0.0759	0.1948	0.8472	0.007	0.011	0.2717	0.1439	0.2168	0.001	0.007	0.1129	0.5874	0.1618	0.002	0.007	0.2987	0.002	0.001	0.7443	0.001	0.018	0.001	0.013	0.4176	0.001	0.001	0.003	0.3217	0.9051	0.1568	0.5245	0.015	0.001	0.041	0.0689	0.024	0.0519	0.5964	0.009	0.002	0.001	0.011	1	0.034	0.1948	0.3536	0.003	0.4146	0.001	0.5864	0.046	0.001	0.001	0.0599	0.1119	0.4935	0.001	0.2657	0.1479	0.001	0.002	0.002	0.017	0.6523	0.2897	0.9391	0.7183	0.6873	0.007	0.012	0.0509	0.035	0.011	0.1249	0.0519	0.5964	0.6264	0.3806	0.9201	0.1618	0.001	0.1618	0.001	0.006	0.5445	0.015	0.2238	0.1199	0.2028	0.0679	0.002	0.1618	0.007	0.0619	0.002	0.0789	0.6364	0.001	0.0669	0.039	0.8701	0.1998	0.3796	0.001	0.2947	0.002	0.8272	0.001	0.028	0.001	0.031	0.034	0.002	0.041	0.008	0.2847	0.3097	0.018	0.006	0.2927	0.001
Sg_OA11r1_12	0.1628	0.015	0.006	0.002	0.009	0.1299	0.004	0.5465	0.004	0.3017	0.1648	0.001	0.8951	0.7622	0.005	0.1419	0.002	0.2408	0.6693	0.8671	0.5405	0.1409	0.002	0.2078	0.001	0.004	0.7053	0.027	0.001	0.001	0.025	0.0829	0.1688	0.005	0.993	0.001	0.007	0.001	0.4555	0.6014	0.001	0.002	0.005	0.5724	0.009	0.0649	0.0679	0.1139	0.039	0.5155	0.0889	0.008	0.0829	0.1059	0.5724	0.7852	0.021	0.027	0.032	0.3467	0.7473	0.025	0.024	0.01	0.4336	0.3996	0.1848	0.9131	0.002	0.003	0.001	0.5265	0.0689	0.0989	0.6913	0.0549	0.001	0.3387	0.8641	0.1668	0.1049	0.5684	0.001	0.041	0.005	0.03	0.4575	0.001	0.034	0.6673	0.0519	0.5345	0.8362	0.012	0.001	0.0639	0.2937	0.002	0.4515	0.016	0.1578	0.3017	0.002	0.2587	0.001	0.3666	0.0919	0.003	0.0759	0.1608	0.2028	0.0619	0.1019	0.1039	0.4975	0.001	0.3347	0.2318	0.6703	0.6753	0.4106	0.9241	0.2348	0.4925	0.6244	0.014	0.7473	0.046	0.6314	0.7403	0.026	0.001	0.3457	0.1728	0.039	0.004	0.8272	0.6653	0.029	0.004	0.7802	0.4815	0.001	0.3157	0.1189	0.0889	0.0509	0.4985	0.0779	0.2957	0.2717	0.2308	0.016	0.3007	0.5714	0.1079	0.001	0.8482	0.8162	0.001	0.1389	0.1868	0.001	0.026	0.5395	0.975	0.3516	0.0709	0.6553	0.019	0.001	0.986	0.8222	0.1888	0.6943	0.2118	0.011	0.7393	0.1309	0.001	0.3177	0.5095	0.025	0.5684	0.001	0.6134	0.1908	0.3506	0.1678	0.6074	0.005	0.002	0.7433	0.3976	0.9181	0.7702	0.1958	0.001	0.5794	0.001	0.6933	0.001	0.5514	0.034	0.1019	0.007	0.2667	0.034	0.027	0.001	0.022	0.2507	0.6603	0.001	0.1289	0.022	0.003	0.1678	0.001	0.4376	0.9141	0.4545	0.033	0.5105	0.001	0.046	0.6713	0.5365	0.983	0.3846	0.8402	0.001	0.0989	0.2947	0.8462	0.006	0.2298	0.4895	0.029	0.5654	0.3087	0.6733	0.015	0.3676	0.4815	0.01	0.975	0.3926	0.6873	0.0549	0.6583	0.034	1	0.039	0.5095	0.6484	0.3007	0.031	0.001	0.1119	0.002	0.6114	0.004	0.1908	0.038	0.1698	0.035	0.2677	0.036	0.3746	0.001	0.1758	0.045	0.005	0.6114	0.1039	0.5544	0.2507	0.8751	0.049	0.001	0.983	0.0939	0.001	0.003	0.038	0.9261	0.8282	0.1518	0.015	0.026	0.001	0.0649	0.001	0.001	0.0999	0.001	0.1279	0.0969	0.001	0.001	0.002	0.0789	0.004	0.002	0.009	0.001	0.028	0.019	0.0949	0.001	0.5095	0.022	0.017	0.4156	0.001	0.0739	0.033	0.5954	0.002	0.6484	0.004	0.5714	0.043	0.6793	0.003	0.1778	0.005	0.4316	0.1219
Sg_OA11r1_9	0.1059	0.002	0.05	0.039	0.017	0.034	0.011	0.0839	0.001	0.3896	0.001	0.3047	0.5804	0.002	0.1708	0.7582	0.8472	0.2258	0.4775	0.6983	0.2827	0.4905	0.2917	0.3986	0.7982	0.2108	0.5315	0.8412	0.001	0.1179	0.3457	0.2138	0.2238	0.002	0.2368	0.024	0.005	0.1778	0.2178	0.8362	0.01	0.9061	0.1119	0.9491	0.001	0.005	0.0529	0.003	0.002	0.002	0.4176	0.006	0.039	0.0669	0.005	0.1588	0.012	0.6843	0.4605	0.025	0.1568	0.015	0.2048	0.1259	0.6743	0.7173	0.1988	0.3277	0.006	0.038	0.7423	0.7792	0.0559	0.008	0.4246	0.3077	0.3596	0.042	0.3287	0.013	0.002	0.6973	0.001	0.4426	0.2717	0.2298	0.1528	0.004	0.3746	0.1029	0.0849	0.8082	0.014	0.002	0.011	0.001	0.6623	0.8452	0.004	0.001	0.4885	0.001	0.5904	0.2128	0.1309	0.9411	0.01	0.3866	0.1029	0.035	0.0929	0.8641	0.4525	0.1169	0.001	0.1059	0.006	0.039	0.009	0.002	0.3097	0.1039	0.1169	0.1998	0.4216	0.2807	0.003	0.3447	0.1868	0.038	0.8002	0.001	0.1588	0.002	0.2867	0.8192	0.8731	0.007	0.001	0.0639	0.1618	0.0619	0.001	0.8721	0.005	0.1029	0.009	0.1009	0.1269	0.6224	0.0829	0.005	0.016	0.8002	0.001	0.015	0.0529	0.7942	0.7882	0.7912	0.5764	0.3157	0.0799	0.5754	0.005	0.3786	0.0789	0.001	0.004	0.006	0.6903	0.7712	0.022	0.017	0.8921	0.0509	0.0749	0.4565	0.006	0.001	0.2318	0.1099	0.2927	0.3886	0.6444	0.1678	0.0579	0.3147	0.004	0.1798	0.3147	0.3347	0.01	0.0649	0.015	0.1019	0.021	0.001	0.4925	0.3327	0.1718	0.001	0.958	0.007	0.3187	0.001	0.7872	0.2547	0.003	0.011	0.6134	0.1029	0.031	0.001	0.9331	0.008	0.001	0.001	0.0809	0.2537	0.2717	0.5894	0.024	0.4995	0.8781	0.6384	0.1548	0.0619	0.006	0.001	0.038	0.019	0.6394	0.0879	0.001	0.001	0.023	0.2228	0.3377	0.3836	0.004	0.003	0.001	0.02	0.6533	0.046	0.6164	0.018	0.3616	0.005	0.1479	0.1948	0.039	1	0.4076	0.022	0.3856	0.005	0.2817	0.6643	0.001	0.2078	0.1698	0.0509	0.2977	0.001	0.7862	0.005	0.002	0.025	0.1329	0.035	0.0719	0.6623	0.6943	0.8272	0.1359	0.008	0.0789	0.001	0.006	0.042	0.9151	0.1978	0.002	0.7023	0.7602	0.4306	0.0959	0.006	0.001	0.003	0.011	0.1658	0.1868	0.024	0.001	0.976	0.006	0.002	0.7762	0.001	0.3946	0.003	0.5365	0.1518	0.007	0.001	0.7143	0.027	0.1319	0.8931	0.005	0.0729	0.003	0.006	0.001	0.027	0.028	0.001	0.1139	0.023	0.001	0.001	0.2787	0.7083	0.001	0.1219	0.3786	0.004
Sg_OA13r1_14	0.2018	0.022	0.024	0.1918	0.013	0.1678	0.8591	0.004	0.6114	0.031	0.2967	0.1159	0.3526	0.3986	0.5784	0.1399	0.05	0.2258	0.1628	0.02	0.6893	0.026	0.001	0.1798	0.1119	0.5355	0.032	0.014	0.2907	0.1049	0.002	0.4995	0.003	0.1259	0.1479	0.1708	0.7103	0.2707	0.7413	0.8002	0.1189	0.1469	0.004	0.001	0.6054	0.8921	0.018	0.1359	0.7892	0.7263	0.1638	0.7602	0.9391	0.003	0.3766	0.4406	0.001	0.002	0.0939	0.001	0.8202	0.02	0.1888	0.004	0.017	0.008	0.8741	0.1508	0.048	0.9091	0.002	0.2727	0.4695	0.001	0.003	0.003	0.3377	0.023	0.002	0.3417	0.6274	0.2787	0.996	0.1409	0.1838	0.2368	0.1508	0.002	0.5405	1	0.032	0.6034	0.5664	0.6364	0.4725	0.1189	0.95	0.9141	0.6374	0.015	0.0669	0.5954	0.001	0.3217	0.4665	0.006	0.2687	0.1688	0.8731	0.001	0.039	0.8302	0.4725	0.0699	0.979	0.4346	0.1479	0.042	0.8901	0.1009	0.0869	0.9071	0.009	0.002	0.7043	0.001	0.7093	0.007	0.5674	0.023	0.2887	0.006	0.002	0.1229	0.1459	0.001	0.034	0.1978	0.5145	0.001	0.021	0.2108	0.3227	0.99	0.8052	0.004	0.2647	0.4565	0.0739	0.4416	0.5644	0.5075	0.1409	0.016	0.021	0.1289	0.5804	0.0559	0.3497	0.5475	0.5085	0.009	0.5724	0.3047	0.986	0.1339	0.0539	0.6414	0.007	0.6244	0.004	0.2607	0.02	0.7263	0.1419	0.2308	0.017	0.032	0.017	0.2937	0.1708	0.043	0.045	0.013	0.002	0.2807	0.1528	0.047	0.1538	0.0819	0.027	0.001	0.048	0.1239	0.8472	0.024	0.4735	0.015	0.028	0.4476	0.4855	0.1289	0.001	0.7193	0.1209	0.1089	0.03	0.1099	0.3257	0.004	0.027	0.1399	0.6753	0.2717	0.5165	0.987	0.9451	0.4805	0.001	0.0909	0.8232	0.2977	0.1908	0.2907	0.001	0.001	0.1119	0.5874	0.5455	0.6414	0.5634	0.7862	0.5584	0.007	0.1409	0.2268	0.001	0.05	0.7103	0.5724	0.7383	0.1289	0.6693	0.4795	0.1628	0.028	0.2158	0.2498	0.6034	0.04	0.8501	0.3536	0.5095	0.4076	1	0.4086	0.001	0.2218	0.8482	0.026	0.046	0.009	0.0589	0.5295	0.019	0.1029	0.0739	0.3646	0.1229	0.025	0.014	0.6434	0.002	0.002	0.2408	0.0599	0.7283	0.5175	0.1139	0.7832	0.016	0.2378	0.001	0.5944	0.5844	0.8482	0.031	0.1528	0.1558	0.009	0.3197	0.002	0.8991	0.4745	0.4416	0.1499	0.7163	0.1089	0.0949	0.011	0.9131	0.0719	0.003	0.001	0.002	0.977	0.014	0.4316	0.019	0.0629	0.6234	0.6893	0.007	0.008	0.8402	0.2997	0.002	0.5195	0.1149	0.3756	0.8362	0.02	0.3926	0.7872	0.5355	0.001	0.7792	0.004	0.3886	0.001
Sg_OA13r1_52	0.0539	0.001	0.2358	0.015	0.0749	0.041	0.7063	0.4126	0.006	0.3846	0.2198	0.5265	0.2288	0.2238	0.4456	0.2308	0.6543	0.001	0.0639	0.6034	0.04	0.2877	0.2348	0.972	0.7173	0.1139	0.962	0.0529	0.5025	0.1728	0.1558	0.4955	0.9201	0.003	0.0599	0.2647	0.0849	0.6663	0.8721	0.1439	0.9011	0.981	0.3267	0.7493	0.2138	0.045	0.7143	0.0889	0.011	0.014	0.7522	0.8402	0.3277	0.0899	0.1409	0.5724	0.013	0.6214	0.7083	0.5994	0.4226	0.0659	0.4865	0.1558	0.0519	0.979	0.2507	0.3007	0.2547	0.4306	0.6394	0.0599	0.1828	0.0619	0.2897	0.7223	0.5584	0.1209	0.2797	0.6434	0.001	0.3327	0.002	0.5045	0.5784	0.5145	0.7502	0.047	0.021	0.2967	0.009	0.4795	0.001	0.0619	0.3956	0.003	0.5395	0.2148	0.012	0.001	0.3127	0.01	0.2597	0.5345	0.965	0.3776	0.044	0.3646	0.7213	0.0559	0.7562	0.1019	0.034	0.5185	0.2098	0.8561	0.0649	0.039	0.0879	0.2028	0.983	0.0819	0.2667	0.0769	0.7842	0.4456	0.01	0.3237	0.0769	0.1229	0.8931	0.006	0.8711	0.1189	0.2747	0.1289	0.0779	0.3067	0.1548	0.1369	0.2498	0.6583	0.023	0.1009	0.0639	0.1399	0.2438	0.3746	0.6264	0.2118	0.7562	0.3297	0.1588	0.2318	0.0709	0.975	0.018	0.1858	0.5155	0.0869	0.8591	0.3836	0.4635	0.2737	0.0929	0.2537	0.7772	0.0889	0.3087	0.039	0.5465	0.1409	0.2468	0.019	0.1838	0.8541	0.5245	0.1029	0.0579	0.0559	0.4466	0.2048	0.4086	0.2028	0.6234	0.1748	0.029	0.0569	0.008	0.1149	0.5365	0.2008	0.028	0.98	0.2048	0.1848	0.7652	0.003	0.1079	0.7532	0.2997	0.001	0.4605	0.0899	0.7762	0.1009	0.1868	0.6703	0.003	0.029	0.6723	0.0679	0.4645	0.005	0.3946	0.008	0.0599	0.046	0.022	0.8232	0.7203	0.3427	0.2328	0.5534	0.2228	0.4815	0.1409	0.9191	0.0889	0.0799	0.5864	0.3387	0.7662	0.0819	0.016	0.1688	0.037	0.0749	0.7073	0.037	0.05	0.002	0.0529	0.2827	0.0839	0.5395	0.2607	0.0579	0.0849	0.1768	0.043	0.003	0.6484	0.022	0.4086	1	0.2807	0.0609	0.7383	0.1658	0.009	0.7712	0.3596	0.016	0.2158	0.001	0.8661	0.4416	0.001	0.034	0.1099	0.043	0.9201	0.0899	0.0559	0.6094	0.9491	0.0529	0.6084	0.2418	0.02	0.0859	0.7313	0.5325	0.0539	0.2378	0.7652	0.2468	0.4316	0.009	0.016	0.004	0.3716	0.1728	0.7562	0.024	0.006	0.1908	0.2667	0.002	0.7203	0.01	0.3147	0.01	0.8561	0.7852	0.001	0.001	0.7822	0.8042	0.4595	0.2777	0.1429	0.8511	0.0989	0.6414	0.016	0.018	0.1718	0.019	0.002	0.1169	0.022	0.0859	0.4486	0.2597	0.011	0.032	0.6384	0.005
Sg_OA7r2_37	0.4466	0.029	0.0989	0.8282	0.02	0.1538	0.2198	0.1439	0.9301	0.008	0.9011	0.1518	0.1389	0.2627	0.7233	0.6224	0.3786	0.3127	0.1918	0.1898	0.0899	0.1379	0.1369	0.5774	0.5425	0.0949	0.037	0.2977	0.1489	0.1798	0.5265	0.025	0.01	0.5924	0.961	0.3417	0.1908	0.1678	0.0689	0.1608	0.993	0.3566	0.1489	0.018	0.8791	0.7832	0.9201	0.6234	0.5085	0.1249	0.7253	0.3297	0.1598	0.016	0.5924	0.8342	0.5924	0.004	0.013	0.038	0.2168	0.2298	0.005	0.1109	0.0559	0.5934	0.1389	0.1698	0.022	0.1848	0.011	0.2118	0.7512	0.0769	0.0549	0.0659	0.7592	0.0699	0.0599	0.1558	0.3856	0.3936	0.9091	0.4496	0.0629	0.8082	0.1768	0.03	0.4955	0.8002	0.4326	0.2408	0.009	0.6713	0.1928	0.5904	0.1149	0.8132	0.5604	0.3477	0.3267	0.3796	0.3726	0.3107	0.3576	0.0669	0.7912	0.4805	0.4945	0.002	0.7393	0.1089	0.7532	0.1139	0.7642	0.2997	0.1838	0.1528	0.983	0.5514	0.2408	0.0709	0.039	0.017	0.5115	0.027	0.6264	0.1419	0.5924	0.0659	0.1988	0.2597	0.039	0.3506	0.4555	0.025	0.028	0.8631	0.7233	0.025	0.042	0.029	0.1738	0.4955	0.7712	0.01	0.3497	0.5025	0.032	0.6633	0.3067	0.8302	0.1988	0.5574	0.2388	0.7083	0.8332	0.1199	0.1578	0.9241	0.4416	0.024	0.0779	0.9441	0.1658	0.3526	0.3966	0.7682	0.032	0.4156	0.0809	0.3806	0.0569	0.6813	0.951	0.2208	0.2517	0.6344	0.2468	0.3367	0.2957	0.3996	0.0679	0.4196	0.009	0.4386	0.4126	0.2687	0.5514	0.023	0.041	0.012	0.8781	0.1518	0.8591	0.031	0.2797	0.3666	0.0669	0.1009	0.5984	0.5385	0.048	0.3007	0.7063	0.993	0.0729	0.024	0.3726	0.0849	0.4605	0.3397	0.8092	0.9411	0.3906	0.7273	0.959	0.4565	0.013	0.951	0.7343	0.4805	0.0779	0.2537	0.0589	0.1329	0.3357	0.4466	0.8312	0.7992	0.7962	0.7522	0.6384	0.2498	0.969	0.6723	0.001	0.05	0.6344	0.008	0.8911	0.5475	0.5954	0.8631	0.4336	0.017	0.022	0.2687	0.2917	0.028	0.7163	0.4146	0.3007	0.3856	0.001	0.2807	1	0.0979	0.4685	0.3956	0.1768	0.3616	0.045	0.4026	0.005	0.9251	0.013	0.3656	0.2727	0.0699	0.1788	0.8172	0.0719	0.1558	0.1489	0.3896	0.3716	0.9031	0.046	0.8302	0.9491	0.9321	0.1848	0.5175	0.9131	0.3097	0.6484	0.0969	0.4855	0.0519	0.5734	0.1449	0.0609	0.6194	0.3986	0.8591	0.7512	0.016	0.0859	0.0839	0.8012	0.4066	0.008	0.0599	0.017	0.3736	0.0599	0.6713	0.1239	0.9121	0.1898	0.7972	0.021	0.3097	0.8432	0.9031	0.1808	0.3447	0.3526	0.5874	0.007	0.0919	0.1678	0.5614	0.0649	0.0549	0.4615	0.2178	0.7532	0.1688
Sg_OA7r2_38	0.2418	0.001	0.011	0.001	0.001	0.3337	0.025	0.3077	0.012	0.001	0.0679	0.0549	0.3796	0.7403	0.8671	0.1838	0.4955	0.028	0.5754	0.5964	0.8102	0.021	0.024	0.008	0.1728	0.2547	0.015	0.006	0.001	0.031	0.0739	0.7572	0.001	0.005	0.6084	0.014	0.014	0.003	0.0529	0.999	0.026	0.7982	0.002	0.0929	0.0959	0.0949	0.6653	0.007	0.1109	0.003	0.2727	0.034	0.03	0.001	0.2048	0.0859	0.001	0.005	0.001	0.2917	0.043	0.0919	0.2228	0.001	0.2448	0.4835	0.9211	0.019	0.001	0.001	0.024	0.6893	0.7712	0.001	0.0529	0.1668	0.7133	0.001	0.1229	0.1069	0.001	0.1558	0.016	0.1588	0.8302	0.4965	0.001	0.001	0.2478	0.2168	0.005	0.7473	0.1698	0.002	0.1758	0.001	0.3666	0.6523	0.002	0.001	0.4126	0.001	0.012	0.1039	0.021	0.3516	0.0569	0.9091	0.0919	0.8462	0.4685	0.4655	0.3097	0.0699	0.1858	0.023	0.002	0.001	0.1169	0.034	0.012	0.4805	0.002	0.2637	0.1229	0.001	0.0639	0.026	0.001	0.014	0.5125	0.001	0.0619	0.3526	0.001	0.1638	0.023	0.2697	0.012	0.003	0.003	0.8651	0.001	0.4476	0.006	0.001	0.6693	0.9261	0.0659	0.8941	0.5884	0.0989	0.2048	0.9221	0.001	0.007	0.001	0.1748	0.957	0.8452	0.2298	0.1489	0.1309	0.5734	0.014	0.3167	0.036	0.005	0.1518	0.2258	0.0929	0.3437	0.001	0.019	0.6613	0.6903	0.004	0.048	0.001	0.001	0.7393	0.5504	0.2827	0.2877	0.0699	0.024	0.022	0.7802	0.006	0.5065	0.035	0.001	0.002	0.4386	0.032	0.4695	0.8282	0.003	0.5455	0.019	0.2268	0.004	0.3197	0.048	0.8182	0.002	0.6094	0.8941	0.3287	0.004	0.02	0.7702	0.1079	0.003	0.2547	0.0959	0.046	0.002	0.001	0.0979	0.1818	0.953	0.001	0.011	0.003	0.008	0.0709	0.3806	0.003	0.028	0.01	0.3387	0.4605	0.3506	0.001	0.002	0.4515	0.3017	0.3506	0.3147	0.0859	0.003	0.002	0.1798	0.2028	0.003	0.8022	0.007	0.3816	0.001	0.01	0.001	0.031	0.005	0.2218	0.0609	0.0979	1	0.9401	0.0799	0.001	0.002	0.026	0.3147	0.3596	0.003	0.5125	0.0669	0.001	0.01	0.001	0.045	0.5534	0.011	0.3347	0.7612	0.1019	0.021	0.2717	0.006	0.003	0.4236	0.045	0.033	0.5245	0.8781	0.973	0.3566	0.8931	0.001	0.027	0.001	0.004	0.021	0.044	0.8811	0.006	0.0629	0.1958	0.001	0.5724	0.001	0.001	0.001	0.002	0.022	0.001	0.046	0.011	0.7522	0.029	0.7293	0.001	0.8811	0.015	0.2118	0.001	0.002	0.014	0.002	0.1938	0.002	0.1918	0.009	0.961	0.009	0.015	0.001	0.035	0.001
Sg_OA7r2_4	0.001	0.001	0.038	0.001	0.006	0.1319	0.002	0.2677	0.001	0.047	0.024	0.001	0.8821	0.007	0.008	0.1089	0.2577	0.004	0.9391	0.4176	0.4725	0.041	0.003	0.019	0.027	0.0679	0.009	0.0769	0.001	0.001	0.006	0.8781	0.009	0.001	0.4486	0.001	0.001	0.003	0.038	0.3107	0.0979	0.1888	0.006	0.8412	0.003	0.001	0.7003	0.002	0.004	0.037	0.8472	0.023	0.01	0.045	0.1349	0.5495	0.008	0.04	0.022	0.2388	0.3367	0.001	0.019	0.005	0.8751	0.1259	0.8392	0.034	0.002	0.002	0.2008	0.1928	0.2957	0.003	0.7073	0.4226	0.006	0.0979	0.9341	0.005	0.024	0.003	0.001	0.023	0.002	0.959	0.0859	0.009	0.995	0.7522	0.3277	0.5904	0.9381	0.018	0.001	0.004	0.7922	0.5994	0.0769	0.029	0.7223	0.039	0.0789	0.2867	0.001	0.3147	0.0549	0.4685	0.001	0.1419	0.984	0.1718	0.1728	0.001	0.046	0.001	0.035	0.002	0.1249	0.3646	0.007	0.3586	0.1718	0.5455	0.031	0.006	0.014	0.001	0.0569	0.005	0.0719	0.001	0.1389	0.002	0.7453	0.0609	0.6094	0.2478	0.009	0.001	0.033	0.2677	0.001	0.6653	0.2448	0.2458	0.009	0.6394	0.001	0.4565	0.1528	0.01	0.006	0.9301	0.5485	0.008	0.019	0.5125	0.3387	0.1319	0.1129	0.8152	0.001	0.7053	0.5634	0.2468	0.0779	0.004	0.0609	0.0679	0.1169	0.6244	0.2038	0.003	0.8921	0.0659	0.006	0.1079	0.1159	0.001	0.2048	0.3726	0.008	0.4126	0.1109	0.042	0.001	0.0939	0.001	0.9261	0.039	0.014	0.045	0.0719	0.024	0.3546	0.0669	0.001	0.7093	0.004	0.3097	0.001	0.5794	0.02	0.6713	0.001	0.5205	0.2767	0.3417	0.001	0.1588	0.6104	0.3097	0.001	0.3516	0.001	0.001	0.019	0.002	0.0849	0.0829	0.006	0.006	0.2178	0.2767	0.001	0.005	0.1199	0.022	0.007	0.3177	0.002	0.015	0.001	0.5824	0.001	0.2008	0.7912	0.5684	0.4635	0.019	0.2438	0.002	0.048	0.8072	0.003	0.3526	0.037	0.02	0.004	0.5245	0.5864	0.001	0.2817	0.8482	0.7383	0.4685	0.9401	1	0.0989	0.001	0.1538	0.002	0.002	0.026	0.004	0.3676	0.3566	0.001	0.001	0.015	0.2248	0.6643	0.3217	0.8032	0.1009	0.1319	0.0569	0.011	0.004	0.002	0.015	0.1389	0.01	0.002	0.3287	0.5065	0.9181	0.1369	0.025	0.008	0.001	0.01	0.001	0.004	0.03	0.003	0.2428	0.016	0.001	0.0789	0.001	0.3157	0.001	0.029	0.004	0.001	0.001	0.0839	0.0709	0.001	0.5085	0.009	0.2218	0.1838	0.0939	0.009	0.2707	0.0699	0.003	0.9251	0.008	0.004	0.001	0.2128	0.0759	0.029	0.001	0.7473	0.017
Sg_OB03r2_1	0.3257	0.007	0.1548	0.0509	0.0749	0.2697	0.1029	0.7063	0.1189	0.034	0.7263	0.1738	0.2138	0.0519	0.7742	0.001	0.3846	0.0519	0.3437	0.7413	0.5215	0.2438	0.014	0.2478	0.3217	0.0569	0.0959	0.006	0.0789	0.025	0.1399	0.6054	0.2777	0.035	0.3596	0.011	0.1029	0.2288	0.7882	0.1518	0.2817	0.6144	0.007	0.2567	0.1099	0.1329	0.1788	0.024	0.985	0.2667	0.6354	0.6583	0.008	0.029	0.4446	0.2038	0.043	0.009	0.035	0.2478	0.2208	0.2148	0.7493	0.1149	0.961	0.012	0.4276	0.0889	0.041	0.1608	0.036	0.1828	0.6484	0.01	0.1688	0.6134	0.7253	0.025	0.1079	0.1838	0.1229	0.025	0.4915	0.0679	0.2498	0.8651	0.2288	0.001	0.1169	0.5015	0.0749	0.1708	0.9261	0.1009	0.0539	0.001	0.5524	0.7572	0.8601	0.0519	0.004	0.1668	0.1009	0.6394	0.3077	0.9011	0.5794	0.026	0.4925	0.9141	0.0519	0.8521	0.9331	0.018	0.8412	0.1648	0.3357	0.0619	0.95	0.7842	0.4965	0.992	0.0749	0.5724	0.7672	0.1069	0.3287	0.005	0.1149	0.007	0.0739	0.038	0.3207	0.5175	0.1009	0.021	0.7612	0.7942	0.6943	0.006	0.017	0.1578	0.1419	0.6114	0.6134	0.0789	0.02	0.8372	0.4366	0.6913	0.1059	0.4016	0.1219	0.5944	0.3776	0.043	0.5435	0.4146	0.1339	0.3457	0.3377	0.5734	0.1299	0.7163	0.0689	0.4855	0.012	0.3556	0.4655	0.9271	0.1419	0.8601	0.047	0.0539	0.5385	0.0599	0.1219	0.3866	0.045	0.0609	0.0889	0.9081	0.041	0.3556	0.0959	0.006	0.01	0.4715	0.046	0.1269	0.8212	0.005	0.0929	0.1489	0.3267	0.7063	0.0819	0.007	0.6054	0.1179	0.6933	0.0679	0.6474	0.5055	0.019	0.1688	0.3337	0.8821	0.7313	0.1169	0.001	0.1728	0.6214	0.0609	0.5884	0.7333	0.048	0.035	0.002	0.3956	0.7662	0.026	0.0509	0.2108	0.0779	0.1019	0.3367	0.1469	0.035	0.6194	0.5105	0.3057	0.1978	0.046	0.0709	0.016	0.0779	0.1658	0.1648	0.3367	0.2298	0.0849	0.5524	0.0669	0.001	0.032	0.0519	0.5145	0.04	0.049	0.6933	0.046	0.1119	0.6643	0.026	0.1658	0.3956	0.0799	0.0989	1	0.022	0.005	0.002	0.1299	0.0659	0.1798	0.5215	0.2318	0.026	0.007	0.046	0.2238	0.9391	0.2547	0.6713	0.011	0.1119	0.8751	0.1678	0.9111	0.006	0.2727	0.1598	0.4875	0.7013	0.3277	0.6913	0.3556	0.3477	0.001	0.2867	0.001	0.0509	0.3946	0.1738	0.4456	0.3976	0.2348	0.014	0.017	0.3916	0.035	0.7283	0.003	0.1568	0.6294	0.002	0.4286	0.001	0.7542	0.0529	0.985	0.009	0.009	0.5135	0.7163	0.031	0.3556	0.04	0.2158	0.7712	0.046	0.5155	0.1898	0.1858	0.1169	0.7822	0.001	0.4585	0.0529
Sg_OB03r2_39	0.001	0.001	0.001	0.001	0.001	0.043	0.001	0.4875	0.001	0.001	0.001	0.001	0.1329	0.003	0.001	0.1289	0.4925	0.001	0.0599	0.9421	0.04	0.011	0.001	0.002	0.0549	0.0719	0.003	0.0859	0.001	0.001	0.001	0.2318	0.001	0.001	0.2667	0.001	0.001	0.003	0.002	0.5504	0.05	0.5145	0.001	0.6164	0.001	0.001	0.1628	0.001	0.001	0.001	0.8442	0.006	0.002	0.001	0.022	0.1868	0.001	0.002	0.02	0.3057	0.2328	0.001	0.001	0.001	0.4116	0.029	0.049	0.001	0.001	0.001	0.017	0.5475	0.015	0.001	0.1748	0.006	0.011	0.001	0.2707	0.002	0.001	0.001	0.001	0.3816	0.004	0.039	0.002	0.001	0.3596	0.024	0.001	0.2358	0.007	0.001	0.001	0.001	0.2118	0.2038	0.002	0.001	0.5235	0.001	0.011	0.026	0.001	0.7782	0.001	0.7133	0.001	0.2587	0.6533	0.1119	0.6174	0.001	0.004	0.002	0.001	0.001	0.001	0.011	0.001	0.004	0.001	0.3397	0.002	0.001	0.001	0.001	0.974	0.001	0.1079	0.001	0.002	0.001	0.042	0.001	0.5584	0.0879	0.001	0.001	0.001	0.019	0.001	0.1858	0.001	0.001	0.001	0.0809	0.001	0.0859	0.01	0.002	0.001	0.995	0.001	0.001	0.001	0.8741	0.5544	0.9431	0.4905	0.5405	0.001	0.4206	0.003	0.015	0.001	0.001	0.048	0.001	0.018	0.2887	0.001	0.001	0.2807	0.001	0.001	0.5554	0.002	0.001	0.3257	0.002	0.003	0.017	0.001	0.001	0.001	0.5684	0.001	0.0579	0.001	0.001	0.001	0.003	0.001	0.05	0.001	0.001	0.3956	0.005	0.008	0.001	0.2897	0.001	0.7303	0.001	0.0919	0.3536	0.001	0.001	0.2607	0.1039	0.001	0.001	0.2907	0.001	0.001	0.001	0.001	0.5095	0.4426	0.0519	0.001	0.2907	0.003	0.001	0.001	0.004	0.001	0.001	0.027	0.012	0.02	0.001	0.001	0.001	0.8601	0.0889	0.028	0.1339	0.001	0.001	0.001	0.006	0.6883	0.001	0.3097	0.001	0.002	0.001	0.002	0.001	0.002	0.001	0.046	0.009	0.1768	0.001	0.001	0.022	1	0.002	0.001	0.001	0.003	0.001	0.2478	0.002	0.001	0.001	0.001	0.049	0.4086	0.011	0.1029	0.2757	0.042	0.001	0.001	0.001	0.001	0.001	0.007	0.007	0.001	0.1379	0.6523	0.1608	0.3846	0.001	0.001	0.001	0.001	0.001	0.004	0.001	0.001	0.2517	0.001	0.001	0.963	0.001	0.2398	0.001	0.003	0.001	0.001	0.001	0.007	0.6663	0.001	0.5934	0.001	0.2987	0.001	0.1698	0.001	0.001	0.001	0.001	0.004	0.001	0.001	0.001	0.013	0.028	0.001	0.001	0.9351	0.001
Sg_OB03r2_6	0.018	0.007	0.1169	0.01	0.002	0.046	0.0549	0.007	0.1748	0.003	0.01	0.2318	0.3007	0.044	0.957	0.2008	0.025	0.043	0.1878	0.2288	0.6354	0.006	0.002	0.007	0.0819	0.959	0.033	0.001	0.1139	0.2627	0.001	0.3177	0.001	0.01	0.2857	0.4845	0.038	0.8072	0.1888	0.2917	0.1838	0.6424	0.001	0.001	0.1349	0.2517	0.1938	0.001	0.5664	0.1099	0.8322	0.9161	0.8691	0.002	0.2228	0.1149	0.001	0.002	0.003	0.5375	0.3946	0.022	0.1349	0.006	0.7862	0.01	0.019	0.002	0.005	0.1688	0.023	0.2398	0.2098	0.001	0.001	0.1099	0.2168	0.004	0.004	0.004	0.3896	0.001	0.1768	0.041	0.2917	0.4476	0.004	0.006	0.3087	0.0759	0.028	0.001	0.988	0.6533	0.0529	0.001	0.97	0.1119	0.2847	0.1009	0.02	0.021	0.008	0.6284	0.4905	0.4565	0.3347	0.8482	0.003	0.001	0.013	0.976	0.025	0.001	0.4486	0.5924	0.001	0.001	0.4705	0.4865	0.001	0.02	0.003	0.6763	0.006	0.012	0.0719	0.001	0.8891	0.001	0.4406	0.001	0.002	0.4446	0.4875	0.008	0.5065	0.2088	0.041	0.001	0.001	0.5295	0.0999	0.6014	0.6763	0.01	0.6543	0.5784	0.0879	0.5345	0.7642	0.3487	0.2547	0.1628	0.1179	0.041	0.1558	0.2038	0.5904	0.006	0.022	0.5834	0.6174	0.1209	0.0669	0.4386	0.003	0.5684	0.1908	0.5714	0.036	0.8062	0.001	0.4146	0.3606	0.3566	0.001	0.3926	0.003	0.3447	0.3546	0.018	0.2338	0.001	0.021	0.017	0.001	0.002	0.001	0.3207	0.0539	0.002	0.047	0.2368	0.01	0.9181	0.6873	0.001	0.8861	0.9061	0.5455	0.038	0.1239	0.8541	0.004	0.04	0.0969	0.3347	0.3097	0.005	0.1668	0.8751	0.019	0.0559	0.7982	0.6494	0.3137	0.1588	0.001	0.1079	0.4436	0.026	0.001	0.972	0.016	0.004	0.001	0.986	0.002	0.3536	0.1379	0.2997	0.4585	0.001	0.014	0.001	0.005	0.1948	0.029	0.4076	0.5215	0.1239	0.017	0.1848	0.006	0.007	0.1219	0.9061	0.006	0.001	0.4126	0.001	0.6114	0.2078	0.009	0.7712	0.3616	0.002	0.1538	0.005	0.002	1	0.001	0.0589	0.1608	0.003	0.7712	0.01	0.0699	0.001	0.001	0.1089	0.5854	0.006	0.3317	0.9291	0.5375	0.1638	0.011	0.6943	0.002	0.002	0.0579	0.8132	0.4156	0.8911	0.3417	0.3896	0.009	0.002	0.8192	0.001	0.032	0.9051	0.6234	0.2747	0.5075	0.1998	0.0959	0.007	0.1359	0.001	0.021	0.001	0.034	0.4066	0.001	0.027	0.01	0.1748	0.7453	0.985	0.001	0.2118	0.7043	0.4176	0.002	0.992	0.001	0.1249	0.037	0.001	0.0709	0.95	0.9171	0.015	0.963	0.001	0.008	0.001
Sg_OB05r2_32	0.001	0.001	0.0799	0.001	0.001	0.5914	0.004	0.011	0.001	0.024	0.014	0.009	0.1319	0.3277	0.0519	0.017	0.984	0.001	0.1738	0.8951	0.1528	0.039	0.002	0.0929	0.001	0.2687	0.2148	0.001	0.009	0.001	0.001	0.3277	0.001	0.001	0.3417	0.002	0.001	0.013	0.043	0.3956	0.8991	0.8631	0.001	0.044	0.005	0.045	0.0699	0.001	0.7433	0.1339	0.012	0.2258	0.4296	0.013	0.3247	0.2278	0.001	0.001	0.003	0.2597	0.6314	0.001	0.3756	0.003	0.9231	0.001	0.7582	0.001	0.001	0.004	0.042	0.7133	0.7073	0.001	0.002	0.1868	0.1159	0.008	0.018	0.001	0.1079	0.001	0.001	0.3566	0.004	0.3526	0.046	0.004	0.7233	0.2078	0.039	0.008	0.8931	0.7323	0.002	0.007	0.3516	0.7103	0.8891	0.0509	0.003	0.021	0.003	0.046	0.001	0.9481	0.961	0.2617	0.001	0.0689	0.004	0.036	0.4665	0.001	0.6404	0.003	0.001	0.001	0.7163	0.0669	0.001	0.3467	0.006	0.8392	0.013	0.043	0.2288	0.001	0.6953	0.001	0.013	0.001	0.1349	0.0709	0.2128	0.004	0.7622	0.1618	0.002	0.001	0.002	0.6603	0.001	0.7323	0.0539	0.003	0.1748	0.1648	0.02	0.1429	0.7962	0.954	0.044	0.8771	0.5235	0.2068	0.0539	0.952	0.8292	0.7652	0.6414	0.6214	0.001	0.033	0.954	0.8531	0.002	0.003	0.1988	0.4326	0.002	0.7403	0.009	0.5125	0.1508	0.2438	0.001	0.969	0.05	0.019	0.8871	0.3516	0.003	0.009	0.005	0.003	0.001	0.032	0.001	0.2937	0.024	0.001	0.3147	0.3906	0.026	0.8531	0.3317	0.001	0.6543	0.003	0.2408	0.001	0.5574	0.0579	0.2108	0.011	0.5445	0.1818	0.4186	0.001	0.2288	0.1508	0.007	0.001	0.3417	0.018	0.001	0.0799	0.001	0.8781	0.0539	0.05	0.001	0.6543	0.013	0.001	0.001	0.6553	0.0559	0.027	0.3407	0.025	0.043	0.001	0.2887	0.001	0.1029	0.2458	0.4046	0.6414	0.8472	0.7173	0.001	0.002	0.3876	0.001	0.0759	0.984	0.001	0.001	0.8971	0.0599	0.004	0.1698	0.0589	0.3596	0.045	0.026	0.002	0.002	0.001	0.001	1	0.004	0.1339	0.001	0.1159	0.0599	0.047	0.001	0.001	0.0919	0.1978	0.1179	0.2288	0.3277	0.8442	0.0839	0.0949	0.7552	0.001	0.001	0.001	0.006	0.017	0.6803	0.5654	0.1608	0.001	0.003	0.2857	0.001	0.002	0.001	0.005	0.011	0.008	0.1179	0.0579	0.001	0.2358	0.001	0.1259	0.001	0.014	0.004	0.001	0.0609	0.001	0.7702	0.004	0.9441	0.001	0.003	0.8711	0.8352	0.024	0.8172	0.001	0.003	0.2827	0.001	0.1728	0.3427	0.8222	0.001	0.9051	0.001	0.5195	0.001
Sg_OB05r2_38	0.002	0.001	0.037	0.004	0.002	0.005	0.008	0.009	0.001	0.6144	0.001	0.2537	0.004	0.001	0.001	0.2338	0.6284	0.001	0.001	0.035	0.0729	0.1608	0.048	0.0679	0.7932	0.1658	0.1389	0.6004	0.026	0.0899	0.017	0.0959	0.026	0.001	0.1209	0.042	0.001	0.7423	0.003	0.4216	0.4645	0.048	0.005	0.0619	0.001	0.001	0.0709	0.001	0.017	0.001	0.5075	0.1948	0.014	0.022	0.009	0.3786	0.001	0.9041	0.4975	0.009	0.1778	0.007	0.0559	0.005	0.007	0.4505	0.4505	0.002	0.003	0.036	0.7133	0.015	0.003	0.001	0.4705	0.4296	0.1708	0.008	0.1019	0.026	0.001	0.002	0.001	0.019	0.2228	0.014	0.2677	0.0909	0.02	0.0549	0.2378	0.1499	0.025	0.001	0.012	0.001	0.0789	0.1239	0.006	0.005	0.049	0.001	0.3077	0.001	0.0899	0.002	0.002	0.1249	0.001	0.009	0.3137	0.6274	0.1439	0.001	0.002	0.1768	0.005	0.001	0.001	0.032	0.031	0.0939	0.031	0.002	0.002	0.1718	0.001	0.003	0.1109	0.001	0.2777	0.001	0.3057	0.001	0.2138	0.005	0.01	0.033	0.001	0.001	0.002	0.2488	0.001	0.016	0.024	0.031	0.002	0.038	0.001	0.009	0.035	0.002	0.003	0.1508	0.1778	0.008	0.019	0.0589	0.6553	0.6653	0.3397	0.004	0.004	0.4775	0.006	0.028	0.018	0.002	0.001	0.001	0.5724	0.0609	0.003	0.001	0.8112	0.004	0.017	0.4745	0.1628	0.002	0.019	0.002	0.0939	0.1538	0.2987	0.003	0.001	0.4246	0.001	0.004	0.0579	0.7582	0.008	0.02	0.001	0.008	0.007	0.001	0.005	0.4406	0.011	0.001	0.8212	0.023	0.0509	0.001	0.7033	0.7013	0.001	0.001	0.8352	0.013	0.003	0.001	0.027	0.001	0.001	0.001	0.1538	0.0849	0.9141	0.036	0.003	0.7363	0.9391	0.004	0.003	0.003	0.001	0.001	0.7323	0.3157	0.0869	0.002	0.006	0.001	0.032	0.001	0.002	0.1429	0.001	0.015	0.001	0.019	0.9211	0.004	0.96	0.03	0.014	0.01	0.009	0.1119	0.1908	0.0509	0.5295	0.016	0.4026	0.3147	0.002	0.1299	0.001	0.0589	0.004	1	0.0529	0.001	0.5325	0.02	0.004	0.002	0.003	0.3666	0.025	0.2777	0.002	0.1978	0.006	0.001	0.1099	0.002	0.003	0.001	0.3716	0.3546	0.001	0.4396	0.1888	0.016	0.1419	0.006	0.001	0.003	0.001	0.1449	0.3906	0.001	0.001	0.5375	0.001	0.001	0.2078	0.001	0.0859	0.001	0.8551	0.001	0.002	0.001	0.3377	0.4116	0.1558	0.6683	0.013	0.1768	0.039	0.6593	0.002	0.0519	0.003	0.001	0.017	0.0529	0.001	0.001	0.0579	0.8941	0.001	0.003	0.3686	0.003
Sg_OB05r2_8	0.1299	0.016	0.001	0.7073	0.004	0.1109	0.009	0.019	0.0999	0.008	0.2597	0.012	0.2268	0.0739	0.0649	0.026	0.5135	0.5664	0.1359	0.2238	0.8152	0.8272	0.0799	0.002	0.5335	0.1499	0.003	0.959	0.006	0.047	0.2358	0.8102	0.002	0.015	0.9251	0.003	0.009	0.0729	0.002	0.001	0.0609	0.5714	0.011	0.7113	0.008	0.006	0.4955	0.0969	0.1608	0.004	0.0519	0.2937	0.003	0.012	0.005	0.6414	0.035	0.029	0.005	0.8062	0.001	0.026	0.001	0.001	0.03	0.041	0.3347	0.008	0.002	0.01	0.018	0.2617	0.987	0.003	0.5325	0.006	0.5245	0.002	0.2807	0.0879	0.003	0.0769	0.0679	0.7363	0.021	0.3856	0.001	0.001	0.8262	0.6673	0.2158	0.9101	0.031	0.003	0.003	0.013	0.8861	0.3526	0.002	0.1528	0.0509	0.02	0.9071	0.3137	0.003	0.2657	0.001	0.8631	0.012	0.4655	0.3177	0.961	0.004	0.014	0.009	0.032	0.025	0.037	0.039	0.01	0.003	0.3217	0.004	0.031	0.2807	0.001	0.2328	0.002	0.0589	0.038	0.003	0.013	0.002	0.0609	0.5514	0.01	0.025	0.013	0.0809	0.006	0.001	0.001	0.003	0.1419	0.05	0.001	0.001	0.047	0.001	0.1878	0.001	0.001	0.001	0.968	0.003	0.002	0.8062	0.1838	0.043	0.3287	0.1479	0.048	0.3526	0.0629	0.2488	0.024	0.0579	0.0519	0.5734	0.4136	0.049	0.1339	0.0559	0.007	0.8152	0.001	0.0999	0.0719	0.049	0.002	0.4945	0.1419	0.001	0.8432	0.002	0.004	0.1538	0.0529	0.5055	0.1479	0.022	0.0509	0.006	0.001	0.04	0.2448	0.001	0.016	0.025	0.0839	0.01	0.006	0.3407	0.1748	0.7353	0.001	0.004	0.036	0.6903	0.003	0.033	0.2448	0.5455	0.007	0.4595	0.027	0.1738	0.0969	0.1299	0.3217	0.007	0.1499	0.0869	0.0569	0.049	0.006	0.018	0.001	0.033	0.016	0.019	0.3526	0.007	0.001	0.032	0.001	0.6284	0.0779	0.1029	0.2517	0.009	0.018	0.004	0.8671	0.2468	0.001	0.005	0.002	0.3057	0.009	0.2288	0.4935	0.038	0.2977	0.019	0.2158	0.005	0.3596	0.026	0.0659	0.003	0.1608	0.1339	0.0529	1	0.2218	0.012	0.5265	0.004	0.036	0.004	0.3896	0.1239	0.1698	0.1608	0.1079	0.001	0.0739	0.012	0.001	0.3217	0.034	0.4256	0.5445	0.026	0.8452	0.3856	0.043	0.033	0.001	0.0879	0.0719	0.006	0.6424	0.0719	0.2418	0.028	0.006	0.001	0.015	0.004	0.015	0.1558	0.004	0.001	0.029	0.003	0.005	0.002	0.002	0.003	0.1558	0.002	0.9381	0.0839	0.7842	0.002	0.034	0.022	0.001	0.001	0.0969	0.3936	0.002	0.001	0.049	0.006	0.011	0.0999	0.0679
Sg_OB24r1_18	0.001	0.001	0.001	0.001	0.001	0.2837	0.002	0.3227	0.001	0.016	0.001	0.1169	0.033	0.001	0.003	0.3457	0.8082	0.001	0.033	0.5664	0.0959	0.002	0.001	0.019	0.2408	0.1199	0.035	0.2058	0.001	0.014	0.001	0.0569	0.001	0.001	0.6214	0.007	0.001	0.4206	0.004	0.7682	0.7133	0.1858	0.001	0.2228	0.001	0.001	0.4565	0.001	0.003	0.001	0.3596	0.0699	0.009	0.001	0.044	0.018	0.001	0.1169	0.035	0.3167	0.8751	0.001	0.2128	0.001	0.2468	0.0909	0.017	0.002	0.001	0.002	0.4386	0.2408	0.012	0.001	0.9041	0.0519	0.0699	0.001	0.5884	0.002	0.001	0.001	0.001	0.2478	0.6204	0.042	0.039	0.017	0.0969	0.01	0.001	0.3876	0.001	0.001	0.001	0.001	0.6683	0.1289	0.004	0.001	0.6204	0.001	0.1179	0.005	0.0739	0.3487	0.005	0.3816	0.001	0.2428	0.6583	0.9191	0.1798	0.001	0.016	0.2478	0.001	0.001	0.008	0.033	0.001	0.001	0.001	0.0999	0.002	0.001	0.001	0.001	0.5245	0.001	0.987	0.001	0.001	0.001	0.3666	0.002	0.2667	0.1249	0.001	0.001	0.001	0.4505	0.001	0.0819	0.015	0.001	0.018	0.0709	0.001	0.0779	0.4635	0.048	0.014	0.1409	0.001	0.001	0.005	0.2827	0.7762	0.1508	0.1528	0.1998	0.006	0.6833	0.014	0.028	0.003	0.001	0.013	0.002	0.2118	0.0759	0.001	0.003	0.6813	0.016	0.001	0.5894	0.002	0.002	0.1289	0.007	0.038	0.004	0.0809	0.003	0.001	0.3766	0.001	0.022	0.1069	0.045	0.001	0.1708	0.001	0.008	0.0849	0.001	0.044	0.4985	0.01	0.001	0.1149	0.004	0.1938	0.001	0.3946	0.5534	0.001	0.001	0.5115	0.026	0.006	0.001	0.3127	0.001	0.001	0.001	0.001	0.3327	0.6114	0.034	0.001	0.1229	0.1149	0.001	0.001	0.1758	0.001	0.001	0.2398	0.1149	0.3646	0.001	0.001	0.001	0.1309	0.024	0.007	0.4236	0.009	0.001	0.001	0.006	0.1568	0.001	0.8282	0.002	0.003	0.001	0.001	0.001	0.1698	0.001	0.1029	0.001	0.9251	0.003	0.004	0.1798	0.001	0.003	0.001	0.001	0.2218	1	0.6324	0.0639	0.001	0.001	0.001	0.027	0.2128	0.0599	0.043	0.2298	0.4795	0.001	0.004	0.002	0.001	0.001	0.014	0.4066	0.001	0.9211	0.3137	0.0629	0.2897	0.001	0.001	0.001	0.006	0.006	0.4106	0.001	0.001	0.3097	0.005	0.001	0.3876	0.001	0.3656	0.001	0.0929	0.008	0.001	0.001	0.1039	0.9051	0.3107	0.9101	0.001	0.3277	0.004	0.4106	0.001	0.008	0.001	0.001	0.001	0.001	0.001	0.001	0.6354	0.2138	0.002	0.001	1	0.001
Sg_OG24B2A_25	0.6793	0.4256	0.043	0.8062	0.3097	0.018	0.2667	0.1648	0.8342	0.1249	0.5694	0.019	0.8571	0.5674	0.0889	0.7493	0.3806	0.4006	0.7962	0.8472	0.1089	0.038	0.1119	0.1239	0.008	0.3447	0.1878	0.4935	0.2807	0.1079	0.1828	0.042	0.05	0.3367	0.4525	0.1718	0.979	0.0799	0.021	0.1788	0.9281	0.9471	0.1518	0.1688	0.5145	0.4376	0.0959	0.1918	0.2767	0.4635	0.1369	0.6743	0.5724	0.3586	0.5425	0.013	0.035	0.003	0.9061	0.029	0.017	0.1499	0.02	0.0559	0.4885	0.0679	0.2378	0.7013	0.1289	0.4116	0.001	0.1848	0.2997	0.2737	0.0589	0.001	0.1658	0.2448	0.2228	0.7293	0.5415	0.7902	0.1988	0.6304	0.2517	0.1678	0.1938	0.1159	0.3377	0.2627	0.7702	0.0949	0.2158	0.2478	0.1359	0.8791	0.4665	0.5864	0.9141	0.7612	0.987	0.6104	0.034	0.3916	0.005	0.8452	0.9441	0.8801	0.5774	0.011	0.4535	0.8462	0.7822	0.8531	0.0709	0.1239	0.6563	0.5804	0.6643	0.7852	0.95	0.0679	0.0549	0.1798	0.3866	0.007	0.4386	0.3167	0.3536	0.3746	0.003	0.4266	0.0599	0.7852	0.976	0.001	0.7263	0.3367	0.2458	0.018	0.4416	0.006	0.2238	0.7113	0.7343	0.006	0.0669	0.0959	0.0519	0.8362	0.008	0.3796	0.008	0.3916	0.8442	0.4096	0.6593	0.7323	0.001	0.5824	0.4715	0.0719	0.2408	0.2527	0.018	0.0609	0.988	0.8561	0.033	0.957	0.001	0.5834	0.955	0.4026	0.1499	0.027	0.1618	0.969	0.8202	0.6903	0.004	0.1279	0.2288	0.2787	0.001	0.3407	0.6244	0.019	0.6484	0.2677	0.001	0.0699	0.9051	0.015	0.5634	0.002	0.006	0.0739	0.9401	0.049	0.1099	0.5704	0.025	0.8202	0.6434	0.2158	0.004	0.001	0.5914	0.045	0.4965	0.4276	0.4745	0.9471	0.6633	0.9081	0.6633	0.4645	0.0799	0.8092	0.033	0.978	0.976	0.0819	0.001	0.1868	0.6753	0.019	0.6024	0.2817	0.985	0.5435	0.028	0.044	0.6344	0.6384	0.3906	0.3337	0.6024	0.013	0.4865	0.8681	0.9341	0.001	0.6014	0.4026	0.02	0.6643	0.6254	0.7972	0.3357	0.2657	0.035	0.7862	0.0739	0.8661	0.013	0.5125	0.3676	0.5215	0.2478	0.7712	0.1159	0.5325	0.012	0.6324	1	0.7542	0.5624	0.7742	0.017	0.044	0.04	0.001	0.7872	0.2238	0.034	0.7203	0.1149	0.7313	0.0789	0.7582	0.1988	0.0939	0.3117	0.6543	0.3956	0.7602	0.6344	0.0619	0.985	0.7742	0.1698	0.3377	0.0779	0.7762	0.6723	0.0669	0.01	0.1099	0.0779	0.3227	0.012	0.0889	0.005	0.2897	0.2498	0.5035	0.9151	0.982	0.042	0.8771	0.037	0.1469	0.8801	0.6394	0.7582	0.9101	0.7952	0.2008	0.018	0.0659	0.8402	0.6883	0.01	0.001	0.5475	0.0789	0.0589	0.1578
Sg_OG24B2A_39	0.0959	0.1409	0.4565	0.017	0.029	0.6613	0.0719	0.2218	0.001	0.5385	0.043	0.6743	0.2398	0.028	0.4755	0.5055	0.5215	0.002	0.041	0.6314	0.1548	0.957	0.4176	0.1868	0.2498	0.5544	0.1139	0.6933	0.023	0.011	0.3626	0.1499	0.011	0.004	0.5225	0.016	0.005	0.9151	0.2747	0.961	0.1758	0.8382	0.0829	0.6444	0.002	0.1069	0.1009	0.006	0.1908	0.005	0.5564	0.03	0.3067	0.1758	0.044	0.2108	0.0669	0.6174	0.4565	0.1818	0.0939	0.3986	0.9161	0.012	0.1808	0.6743	0.4116	0.011	0.02	0.0799	0.8392	0.2687	0.4266	0.0929	0.4236	0.5365	0.2328	0.1239	0.1169	0.042	0.013	0.0679	0.004	0.7193	0.4056	0.4685	0.04	0.4326	0.0709	0.0939	0.9261	0.8202	0.0679	0.0729	0.0569	0.02	0.5125	0.4026	0.015	0.1758	0.1189	0.1319	0.996	0.1988	0.1658	0.1958	0.0569	0.4146	0.004	0.3786	0.6833	0.1898	0.2208	0.005	0.1429	0.987	0.1239	0.044	0.026	0.04	0.01	0.4126	0.1798	0.027	0.4136	0.3447	0.003	0.026	0.2488	0.025	0.8701	0.008	0.1399	0.001	0.9461	0.9331	0.3966	0.1009	0.002	0.1499	0.009	0.1299	0.023	0.4436	0.007	0.6823	0.1169	0.9151	0.015	0.2238	0.035	0.034	0.008	0.028	0.2168	0.0759	0.2557	0.5335	0.4875	0.5824	0.9301	0.03	0.1209	0.5215	0.044	0.6184	0.8561	0.008	0.02	0.4156	0.8661	0.0669	0.1668	0.2098	0.8851	0.0529	0.028	0.9441	0.2637	0.021	0.1029	0.01	0.028	0.0899	0.9431	0.2607	0.007	0.7043	0.001	0.02	0.5504	0.8981	0.0709	0.028	0.001	0.3916	0.033	0.004	0.1109	0.8601	0.7033	0.01	0.3357	0.0559	0.7832	0.022	0.7902	0.5485	0.2368	0.0569	0.6693	0.0549	0.8851	0.008	0.0929	0.029	0.023	0.007	0.5544	0.4496	0.9491	0.8611	0.004	0.1049	0.9271	0.2208	0.6444	0.042	0.011	0.032	0.2018	0.0799	0.5714	0.1139	0.02	0.007	0.9241	0.015	0.1259	0.3806	0.034	0.015	0.014	0.1938	0.1578	0.032	0.9431	0.2008	0.046	0.004	0.4346	0.1479	0.2677	0.005	0.3646	0.4416	0.3656	0.0669	0.3566	0.2318	0.002	0.01	0.0599	0.02	0.5265	0.0639	0.7542	1	0.011	0.014	0.027	0.8841	0.0589	0.4845	0.0689	0.5295	0.0659	0.002	0.5784	0.034	0.0539	0.0609	0.7323	0.7802	0.026	0.3047	0.1309	0.1668	0.1988	0.0509	0.011	0.2018	0.005	0.4735	0.8801	0.004	0.003	0.2827	0.02	0.036	0.6583	0.005	0.1898	0.0659	0.965	0.1399	0.1059	0.005	0.0829	0.7892	0.3217	0.6683	0.1518	0.1858	0.1119	0.044	0.1598	0.2607	0.039	0.031	0.009	0.1608	0.05	0.02	0.038	0.7842	0.0819	0.4126	0.4835	0.2507
Sg_OG24B2A_8	0.004	0.001	0.001	0.001	0.001	0.001	0.001	0.002	0.001	0.002	0.005	0.0519	0.4815	0.001	0.001	0.025	0.4615	0.001	0.4296	0.2078	0.003	0.033	0.012	0.019	0.9281	0.1688	0.002	0.8901	0.001	0.015	0.1139	0.3327	0.027	0.001	0.012	0.001	0.001	0.2218	0.002	0.002	0.011	0.2627	0.037	0.7433	0.001	0.001	0.0619	0.005	0.001	0.001	0.001	0.014	0.001	0.001	0.001	0.4565	0.001	0.5475	0.2338	0.2218	0.004	0.002	0.002	0.003	0.8621	0.7033	0.3866	0.0539	0.001	0.001	0.2138	0.6573	0.007	0.001	0.967	0.1788	0.0829	0.001	0.5944	0.0779	0.001	0.045	0.001	0.3437	0.0839	0.007	0.003	0.001	0.1359	0.3936	0.036	0.1948	0.002	0.001	0.001	0.001	0.6703	0.963	0.001	0.001	0.016	0.001	0.6454	0.3017	0.037	0.3586	0.001	0.3257	0.031	0.025	0.009	0.4226	0.2747	0.017	0.001	0.2008	0.008	0.002	0.001	0.001	0.1109	0.1848	0.001	0.7682	0.2438	0.002	0.002	0.014	0.2018	0.002	0.973	0.001	0.005	0.001	0.0639	0.015	0.7093	0.001	0.002	0.001	0.003	0.002	0.001	0.9471	0.004	0.001	0.001	0.005	0.001	0.8022	0.001	0.001	0.001	0.7133	0.001	0.001	0.0719	0.3946	0.7992	0.7203	0.6823	0.7183	0.1798	0.0909	0.001	0.003	0.3856	0.001	0.001	0.009	0.3057	0.8691	0.001	0.001	0.4476	0.001	0.007	0.2318	0.001	0.001	0.3656	0.004	0.008	0.3127	0.1159	0.002	0.001	0.4306	0.001	0.1598	0.032	0.029	0.001	0.002	0.001	0.1698	0.001	0.001	0.8272	0.4266	0.001	0.001	0.5195	0.001	0.3956	0.001	0.3197	0.8981	0.006	0.001	0.1419	0.2488	0.1898	0.001	0.985	0.001	0.001	0.001	0.006	0.6464	0.3886	0.2148	0.002	0.0519	0.1289	0.037	0.0799	0.001	0.001	0.001	0.001	0.2567	0.3037	0.002	0.001	0.001	0.0889	0.3676	0.5175	0.2677	0.001	0.001	0.001	0.007	0.6154	0.003	0.2767	0.001	0.1229	0.002	0.001	0.001	0.036	0.002	0.1229	0.001	0.2727	0.001	0.001	0.026	0.001	0.0699	0.047	0.004	0.004	0.001	0.5624	0.011	1	0.001	0.006	0.1089	0.6034	0.2368	0.6523	0.0789	0.006	0.001	0.001	0.001	0.001	0.001	0.8002	0.5784	0.001	0.0519	0.6703	0.5994	0.002	0.001	0.001	0.001	0.001	0.008	0.3147	0.012	0.001	0.5015	0.001	0.001	0.1159	0.001	0.7233	0.001	0.1918	0.3097	0.001	0.001	0.042	0.003	0.0699	0.1329	0.001	0.0629	0.001	0.045	0.001	0.001	0.002	0.001	0.0859	0.001	0.001	0.001	0.002	0.1429	0.001	0.003	0.9051	0.001
Sg_OM21r1_55	0.001	0.001	0.023	0.001	0.001	0.969	0.001	0.7702	0.001	0.001	0.001	0.2018	0.7153	0.025	0.1299	0.0549	0.7323	0.001	0.6923	0.0919	0.1469	0.0729	0.001	0.005	0.2298	0.2887	0.001	0.0569	0.007	0.005	0.001	0.1528	0.001	0.001	0.7792	0.015	0.001	0.2887	0.001	0.4985	0.5335	0.9321	0.001	0.1748	0.001	0.005	0.7423	0.001	0.1359	0.001	0.6733	0.03	0.0949	0.001	0.6703	0.0619	0.001	0.003	0.002	0.8971	0.8062	0.001	0.2078	0.001	0.3297	0.001	0.024	0.001	0.001	0.001	0.1868	0.2607	0.8212	0.001	0.034	0.1668	0.0609	0.001	0.017	0.001	0.004	0.001	0.001	0.4476	0.6314	0.0539	0.001	0.016	0.036	0.0919	0.3267	0.9151	0.0979	0.009	0.001	0.001	0.0699	0.014	0.2088	0.001	0.3047	0.002	0.0759	0.011	0.0899	0.3666	0.1638	0.7073	0.001	0.7532	0.2947	0.025	0.1988	0.001	0.2767	0.6923	0.001	0.001	0.1329	0.7203	0.001	0.015	0.002	0.7862	0.001	0.002	0.001	0.001	0.0789	0.001	0.0599	0.001	0.003	0.002	0.9471	0.013	0.2857	0.5984	0.003	0.001	0.001	0.3097	0.001	0.987	0.1259	0.001	0.0909	0.7652	0.001	0.5684	0.2787	0.2507	0.1119	0.3766	0.002	0.006	0.05	0.1848	0.6723	0.0819	0.7852	0.6703	0.001	0.1828	0.007	0.1299	0.001	0.001	0.1349	0.026	0.2028	0.7443	0.001	0.036	0.5185	0.1219	0.001	0.5385	0.001	0.014	0.025	0.005	0.035	0.003	0.0999	0.001	0.001	0.0939	0.001	0.7612	0.2657	0.003	0.001	0.0669	0.001	0.045	0.1568	0.001	0.6364	0.2717	0.2008	0.001	0.5035	0.002	0.024	0.001	0.0909	0.968	0.3876	0.001	0.4306	0.8232	0.002	0.001	0.7113	0.001	0.001	0.007	0.001	0.7363	0.2897	0.042	0.001	0.7962	0.2368	0.001	0.001	0.3586	0.001	0.001	0.0659	0.2847	0.038	0.001	0.001	0.001	0.1329	0.6424	0.009	0.031	0.2388	0.1129	0.001	0.0639	0.1908	0.001	0.2967	0.2028	0.001	0.001	0.1229	0.002	0.3746	0.025	0.025	0.034	0.0699	0.01	0.001	0.007	0.001	0.001	0.001	0.002	0.036	0.001	0.7742	0.014	0.001	1	0.001	0.01	0.4286	0.4466	0.9401	0.3506	0.4176	0.001	0.001	0.025	0.001	0.001	0.001	0.8472	0.032	0.9441	0.6284	0.7602	0.7163	0.002	0.003	0.001	0.001	0.002	0.4366	0.028	0.001	0.0939	0.011	0.001	0.9081	0.001	0.048	0.001	0.01	0.001	0.001	0.001	0.004	0.7522	0.0519	0.974	0.001	0.7433	0.5265	0.5644	0.001	0.042	0.001	0.001	0.004	0.001	0.003	0.032	0.2178	0.1868	0.0789	0.001	0.3906	0.001
Sg_P15_12	0.002	0.001	0.001	0.001	0.001	0.6104	0.001	0.1778	0.007	0.001	0.001	0.003	0.963	0.3087	0.0949	0.0929	0.3137	0.002	0.8192	0.2428	0.4605	0.019	0.001	0.001	0.016	0.955	0.002	0.002	0.001	0.002	0.001	1	0.001	0.001	0.2448	0.001	0.002	0.003	0.011	0.8521	0.1019	0.1219	0.001	0.0889	0.01	0.017	0.1489	0.001	0.2707	0.006	0.5425	0.025	0.2657	0.001	0.7552	0.7822	0.001	0.001	0.001	0.1179	0.7692	0.001	0.049	0.001	0.1828	0.002	0.2827	0.001	0.001	0.001	0.001	0.8012	0.991	0.001	0.01	0.001	0.5275	0.001	0.01	0.004	0.006	0.004	0.001	0.4356	0.2857	0.9121	0.001	0.001	0.8342	0.6623	0.017	0.8991	0.4306	0.01	0.003	0.001	0.5405	0.3337	0.0509	0.003	0.6623	0.003	0.001	0.9191	0.001	0.2997	0.1009	0.2348	0.001	0.3247	0.0609	0.3237	0.5245	0.001	0.6643	0.013	0.001	0.001	0.1768	0.2597	0.001	0.0599	0.001	0.1429	0.009	0.001	0.0899	0.001	0.5894	0.001	0.001	0.001	0.002	0.007	0.032	0.001	0.1518	0.7732	0.001	0.001	0.001	0.0939	0.001	0.5984	0.015	0.001	0.2078	0.6543	0.001	0.8312	0.1878	0.4426	0.004	0.6703	0.001	0.003	0.009	0.3037	0.018	0.8711	0.4326	0.1289	0.006	0.048	0.045	0.0669	0.006	0.004	0.3586	0.026	0.001	0.5145	0.001	0.0559	0.5754	0.042	0.001	0.9061	0.001	0.001	0.9091	0.014	0.1109	0.005	0.001	0.007	0.001	0.004	0.014	0.7463	0.001	0.001	0.001	0.01	0.003	0.8142	0.0809	0.001	0.5664	0.003	0.0789	0.001	0.0809	0.1888	0.0739	0.002	0.026	0.015	0.4875	0.001	0.023	0.5135	0.0569	0.001	0.4745	0.003	0.008	0.017	0.001	0.3796	0.2797	0.006	0.001	0.8492	0.001	0.001	0.001	0.2777	0.002	0.018	0.034	0.019	0.002	0.001	0.001	0.001	0.1139	0.6793	0.3257	0.8332	0.4266	0.047	0.001	0.976	0.0909	0.001	0.003	0.0899	0.002	0.001	0.3187	0.002	0.001	0.1329	0.014	0.1099	0.1788	0.001	0.015	0.046	0.001	0.001	0.001	0.003	0.004	0.001	0.017	0.027	0.006	0.001	1	0.3027	0.022	0.001	0.5524	0.0829	0.5934	0.022	0.024	0.014	0.001	0.003	0.001	0.036	0.0879	0.9331	0.8122	0.8861	0.5445	0.001	0.004	0.001	0.001	0.016	0.004	0.1748	0.001	0.003	0.003	0.001	0.4156	0.001	0.001	0.001	0.001	0.002	0.001	0.004	0.002	0.6703	0.001	0.8082	0.001	0.2348	0.1469	0.2667	0.001	0.003	0.001	0.001	0.1868	0.001	0.019	0.0559	0.1848	0.001	0.1049	0.001	0.1678	0.001
Sg_P15_15	0.006	0.016	0.4935	0.1049	0.1159	0.1678	0.008	0.8042	0.0919	0.2597	0.029	0.9121	0.97	0.0749	0.1708	0.8531	0.2118	0.0929	0.8701	0.4645	0.1668	0.4785	0.01	0.9091	0.8561	0.4885	0.7872	0.1658	0.2657	0.2418	0.027	0.032	0.4416	0.036	0.3257	0.1249	0.1229	0.1988	0.6044	0.1868	0.987	0.3367	0.006	0.985	0.018	0.014	0.2917	0.001	0.0949	0.1379	0.7992	0.005	0.1049	0.2567	0.3776	0.001	0.034	0.1059	0.1768	0.6374	0.029	0.3427	0.1528	0.6134	0.7982	0.3237	0.004	0.0639	0.031	0.019	0.8841	0.1239	0.7163	0.008	0.4875	0.2597	0.1269	0.3077	0.3017	0.3986	0.012	0.011	0.0559	0.5784	0.4066	0.7483	0.8661	0.3736	0.1818	0.007	0.0639	0.6883	0.022	0.018	0.3007	0.0959	0.034	0.1489	0.1119	0.004	0.004	0.003	0.7832	0.0969	0.3057	0.2717	0.4715	0.8951	0.0949	0.2228	0.3137	0.3297	0.4086	0.02	0.1299	0.5105	0.003	0.009	0.1758	0.8821	0.022	0.002	0.2507	0.6703	0.2418	0.952	0.2088	0.03	0.7143	0.1708	0.8472	0.008	0.8601	0.3307	0.9201	0.3167	0.7832	0.2048	0.005	0.016	0.0889	0.2597	0.0589	0.958	0.7962	0.4226	0.5664	0.7642	0.5175	0.9291	0.1349	0.6993	0.4945	0.1369	0.015	0.0859	0.011	0.4066	0.1489	0.4515	0.8951	0.4775	0.4695	0.4376	0.1069	0.8821	0.1748	0.0739	0.3506	0.5714	0.8392	0.8232	0.1868	0.1588	0.8492	0.4795	0.1678	0.7043	0.003	0.2987	0.2957	0.989	0.6793	0.1049	0.6054	0.014	0.003	0.5854	0.039	0.2178	0.5435	0.0949	0.9201	0.2088	0.0749	0.001	0.2767	0.01	0.7672	0.5554	0.964	0.009	0.3007	0.017	0.2248	0.2438	0.1648	0.042	0.0759	0.2547	0.2677	0.0879	0.1199	0.027	0.3057	0.2078	0.011	0.0599	0.018	0.5814	0.957	0.1598	0.043	0.2298	0.5475	0.1718	0.021	0.2867	0.0899	0.022	0.7982	0.3227	0.7133	0.0899	0.004	0.002	0.4985	0.4426	0.0609	0.0719	0.9441	0.5125	0.002	0.018	0.3337	0.2807	0.3986	0.969	0.045	0.002	0.0839	0.017	0.1758	0.035	0.6434	0.043	0.8172	0.045	0.2248	0.2238	0.049	0.1089	0.0919	0.3666	0.3896	0.027	0.044	0.8841	0.1089	0.01	0.3027	1	0.2607	0.5425	0.8661	0.4066	0.0809	0.7972	0.956	0.7692	0.2468	0.004	0.1249	0.3337	0.3696	0.038	0.8352	0.5055	0.4635	0.9391	0.3397	0.001	0.0889	0.04	0.5934	0.7113	0.0769	0.2458	0.4525	0.01	0.3007	0.1259	0.7033	0.0709	0.7373	0.2557	0.013	0.0769	0.1948	0.8092	0.3457	0.2468	0.2987	0.7283	0.1848	0.0989	0.019	0.0589	0.1359	0.1848	0.007	0.0909	0.0689	0.4845	0.041	0.7512	0.1349	0.004	0.4715	0.1558
Sg_P15_2	0.011	0.8571	0.3467	0.2038	0.2158	0.1449	0.032	0.004	0.1409	0.1149	0.6983	0.015	0.0799	0.002	0.8262	0.8132	0.8581	0.982	0.0929	0.1139	0.5504	0.1668	0.001	0.7163	0.013	0.6154	0.3477	0.004	0.6194	0.036	0.007	0.9141	0.009	0.6014	0.8781	0.0519	0.4505	0.001	0.2577	0.7193	0.985	0.3477	0.004	0.012	0.3706	0.7313	0.014	0.9111	0.9441	0.1039	0.007	0.4715	0.1189	0.7742	0.03	0.4196	0.016	0.001	0.1578	0.019	0.6184	0.7453	0.9341	0.0699	0.0659	0.2338	0.1778	0.3886	0.1848	0.2188	0.001	0.1009	0.0819	0.1099	0.015	0.002	0.2507	0.8731	0.001	0.8342	0.5215	0.5794	0.3107	0.1508	0.6304	0.0609	0.4086	0.0609	0.1708	0.5954	0.1069	0.2617	0.4466	0.7383	0.8052	0.8262	0.9301	0.6813	0.3646	0.1269	0.004	0.5385	0.002	0.2178	0.002	0.023	0.2607	0.0949	0.4855	0.038	0.011	0.4865	0.6304	0.6014	0.2158	0.026	0.7023	0.3676	0.1568	0.008	0.2737	0.4915	0.8901	0.008	0.5155	0.012	0.042	0.017	0.4286	0.7003	0.7353	0.1449	0.1449	0.012	0.2158	0.001	0.3097	0.006	0.1568	0.011	0.4106	0.4196	0.8921	0.5624	0.2458	0.5285	0.996	0.985	0.1918	0.3656	0.994	0.0679	0.7303	0.4026	0.7003	0.6593	0.1578	0.0669	0.008	0.8472	0.971	0.003	0.5684	0.011	0.5205	0.7063	0.3916	0.2787	0.002	0.7433	0.001	0.0819	0.8382	0.1628	0.3137	0.9091	0.0869	0.0909	0.0589	0.9371	0.021	0.3816	0.2308	0.0569	0.001	0.7662	0.8781	0.03	0.3876	0.014	0.004	0.001	0.8531	0.4965	0.1538	0.1309	0.992	0.03	0.026	0.008	0.8531	0.8392	0.1239	0.4725	0.003	0.9301	0.7133	0.3037	0.0769	0.1079	0.6144	0.002	0.3397	0.7772	0.0939	0.3786	0.3417	0.1908	0.002	0.1858	0.5285	0.5465	0.8292	0.9391	0.001	0.042	0.1558	0.7323	0.017	0.023	0.7283	0.9141	0.6094	0.0969	0.6943	0.5045	0.001	0.014	0.4985	0.5395	0.1129	0.2827	0.998	0.015	0.959	0.2707	0.5584	0.4685	0.999	0.1199	0.9211	0.6523	0.045	0.0719	0.002	0.9201	0.0719	0.5534	0.6643	0.9391	0.4086	0.5854	0.1978	0.025	0.1239	0.2128	0.04	0.0589	0.6034	0.4286	0.022	0.2607	1	0.001	0.1339	0.5654	0.6054	0.3277	0.5964	0.0629	0.1708	0.979	0.012	0.023	0.1299	0.4256	0.0789	0.041	0.003	0.5185	0.049	0.011	0.7872	0.0539	0.007	0.1249	0.6024	0.5155	0.9371	0.2507	0.1299	0.9391	0.003	0.009	0.002	0.9491	0.6424	0.8212	0.8791	0.1029	0.024	0.1179	0.0509	0.044	0.4915	0.6763	0.2687	0.9431	0.5005	0.7912	0.7153	0.1449	0.004	0.2667	0.6823	0.001	0.3826	0.001	0.9321	0.2657
Sg_P15_21	0.3387	0.032	0.022	0.002	0.003	0.1538	0.0839	0.004	0.6244	0.005	0.3846	0.008	0.7143	0.8162	0.1728	0.4565	0.966	0.4945	0.4835	0.8581	0.3916	0.002	0.002	0.006	0.001	0.4675	0.049	0.024	0.0949	0.01	0.012	0.7672	0.006	0.028	0.3077	0.014	0.3197	0.003	0.2288	0.6124	0.4885	0.7512	0.001	0.01	0.4995	0.8452	0.032	0.7992	0.5465	0.4426	0.022	0.5295	0.9371	0.015	0.6503	0.1379	0.001	0.002	0.3497	0.016	0.3616	0.1219	0.2028	0.012	0.5155	0.009	0.4775	0.0919	0.007	0.0849	0.001	0.3956	0.7962	0.004	0.006	0.001	0.5135	0.035	0.002	0.7363	0.7453	0.5664	0.1379	0.3916	0.7083	0.2987	0.021	0.001	0.2527	0.2008	0.006	0.3477	0.5425	0.952	0.2158	0.0539	0.2228	0.1938	0.8691	0.025	0.2028	0.4026	0.001	0.0699	0.001	0.2038	0.6184	0.2777	0.9031	0.0749	0.007	0.8242	0.4625	0.5644	0.1449	0.012	0.2348	0.034	0.4895	0.6803	0.4605	0.7053	0.018	0.031	0.9041	0.001	0.4166	0.02	0.7642	0.1089	0.1109	0.01	0.01	0.7413	0.01	0.001	0.4326	0.6114	0.8192	0.001	0.1858	0.7962	0.007	0.8172	0.9231	0.001	0.6593	0.6214	0.3626	0.7722	0.8122	0.4306	0.1968	0.6513	0.1349	0.4426	0.1229	0.5215	0.001	0.8791	0.7303	0.002	0.2438	0.044	0.3856	0.1339	0.0799	0.6274	0.002	0.038	0.001	0.2108	0.1109	0.5834	0.3746	0.6134	0.001	0.1139	0.032	0.2448	0.01	0.3736	0.3806	0.0799	0.001	0.4665	0.5844	0.01	0.2058	0.0579	0.001	0.001	0.1838	0.4695	0.4476	0.021	0.9471	0.002	0.7413	0.003	0.2088	0.0769	0.042	0.957	0.2268	0.025	0.024	0.004	0.5285	0.001	0.004	0.5794	0.7872	0.1329	0.8931	0.5335	0.7043	0.988	0.001	0.0989	0.6354	0.1229	0.1578	0.5365	0.001	0.021	0.1449	0.7732	0.8931	0.1439	0.7453	0.4116	0.2577	0.008	0.5534	0.3936	0.038	0.0739	0.3876	0.3636	0.6124	0.6184	0.3906	0.002	0.1149	0.2318	0.0919	0.5125	0.8571	0.3347	0.5534	0.2897	0.005	0.6623	0.002	0.0899	0.1558	0.011	0.3217	0.2547	0.011	0.006	0.1179	0.2777	0.1698	0.0599	0.001	0.4845	0.2368	0.4466	0.001	0.5425	0.001	1	0.8671	0.1558	0.4725	0.6523	0.2977	0.8342	0.001	0.7802	0.01	0.005	0.7383	0.4396	0.7882	0.4276	0.033	0.004	0.7483	0.002	0.3896	0.3646	0.002	0.982	0.3377	0.027	0.2767	0.004	0.1089	0.0689	0.001	0.001	0.001	0.8531	0.003	0.3307	0.1548	0.2587	0.008	0.6064	0.001	0.0869	0.9331	0.969	0.043	0.3337	0.2138	0.012	0.9371	0.004	0.8462	0.8222	0.981	0.001	0.7562	0.001	0.7233	0.012
Sg_P22_10	0.4985	0.022	0.959	0.0679	0.6553	0.9261	0.996	0.8771	0.0559	0.033	0.0579	0.3217	0.001	0.032	0.015	0.7932	0.2478	0.017	0.001	0.001	0.0949	0.1768	0.983	0.036	0.3586	0.036	0.01	0.7642	0.8212	0.9361	0.8182	0.6983	0.5684	0.1019	0.2468	0.6254	0.034	0.9121	0.5075	0.0659	0.04	0.1688	0.9231	0.0759	0.0729	0.7702	0.9181	0.7942	0.3766	0.8781	0.1459	0.5504	0.049	0.4256	0.9281	0.4286	0.4166	0.0989	0.5974	0.1658	0.6284	0.2667	0.3886	0.2557	0.001	0.4805	0.9241	0.6513	0.3027	0.2977	0.963	0.001	0.01	0.9451	0.3347	0.8741	0.1878	0.7982	0.043	0.7163	0.5894	0.5884	0.003	0.023	0.6124	0.7243	0.009	0.3147	0.3606	0.007	0.029	0.5275	0.2058	0.8821	0.7103	0.8082	0.9361	0.1499	0.5984	0.6444	0.7892	0.2607	0.6653	0.3007	0.959	0.001	0.4476	0.8721	0.7243	0.2488	0.9191	0.8811	0.0759	0.6034	0.9291	0.9421	0.7213	0.6004	0.7572	0.3447	0.1718	0.2577	0.7662	0.001	0.7612	0.1159	0.2478	0.6084	0.9141	0.9441	0.6384	0.1748	0.1738	0.006	0.8042	0.6523	0.001	0.958	0.009	0.3596	0.7323	0.5215	0.2567	0.001	0.7443	0.1688	0.1638	0.8482	0.6643	0.001	0.2587	0.3786	0.0679	0.1049	0.1149	0.6533	0.1598	0.001	0.2807	0.6993	0.2438	0.001	0.1598	0.8372	0.8082	0.991	0.3017	0.9451	0.4096	0.0699	0.3876	0.001	0.2567	0.2747	0.0669	0.1289	0.7173	0.4585	0.3746	0.6204	0.9201	0.7862	0.03	0.017	0.5435	0.8891	0.0969	0.2737	0.01	0.001	0.8761	0.2737	0.6743	0.4056	0.0849	0.4326	0.1598	0.029	0.001	0.8871	0.8162	0.024	0.8132	0.9321	0.032	0.7642	0.6633	0.8691	0.001	0.0519	0.019	0.001	0.978	0.046	0.001	0.023	0.0679	0.8941	0.7223	0.2647	0.4426	0.7263	0.3916	0.983	0.8891	0.9281	0.4006	0.2717	0.1588	0.5285	0.0989	0.5475	0.5355	0.6274	0.6024	0.6164	0.1259	0.001	0.981	0.4825	0.6044	0.8252	0.0629	0.3187	0.4945	0.3347	0.3117	0.3576	0.9421	0.8452	0.02	0.9391	0.6114	0.6943	0.2408	0.0559	0.1489	0.3347	0.8032	0.6713	0.1029	0.3317	0.2288	0.002	0.1608	0.043	0.7872	0.0689	0.6523	0.9401	0.5524	0.8661	0.1339	0.8671	1	0.986	0.2178	0.2048	0.959	0.3357	0.019	0.1279	0.6044	0.8631	0.0749	0.2937	0.6753	0.001	0.4226	0.7323	0.038	0.5485	0.6563	0.5345	0.963	0.001	0.2178	0.7542	0.3137	0.0879	0.1998	0.2717	0.001	0.4076	0.1449	0.6923	0.0709	0.2647	0.3956	0.3836	0.5714	0.8322	0.4895	0.5385	0.4555	0.4815	0.3377	0.2238	0.976	0.0659	0.012	0.2118	0.014	0.5095	0.7592	0.3636	0.5974	0.973	0.3776	0.2468
Sg_P22_13	0.5205	0.1199	0.001	0.7542	0.5894	0.0859	0.0899	0.3067	0.5245	0.024	0.8142	0.0669	0.7772	0.1788	0.035	0.001	0.4436	0.5495	0.7572	0.5465	0.0809	0.2378	0.3317	0.009	0.1319	0.7413	0.017	0.6593	0.8771	0.5724	0.8072	0.5784	0.8781	0.1169	0.2857	0.2547	0.3826	0.6573	0.3896	0.0819	0.047	0.5784	0.1968	0.7672	0.1838	0.1469	0.4605	0.5295	0.3776	0.2208	0.6743	0.1189	0.006	0.032	0.4755	0.1768	0.9041	0.5405	0.01	0.2168	0.7033	0.2877	0.0839	0.9181	0.7393	0.1489	0.016	0.951	0.019	0.0739	0.2138	0.6404	0.2577	0.2498	0.5764	0.3397	0.6633	0.005	0.5604	0.1169	0.1279	0.8771	0.0829	0.4286	0.3676	0.956	0.028	0.0979	0.4605	0.2627	0.7273	0.3177	0.1908	0.018	0.1608	0.4825	0.4615	0.7343	0.5095	0.1548	0.8332	0.1499	0.7003	0.9391	0.2048	0.4236	0.3946	0.953	0.8981	0.3746	0.8262	0.3167	0.2248	0.3986	0.7443	0.2428	0.8082	0.3736	0.8501	0.3487	0.5495	0.2358	0.003	0.6643	0.5864	0.6723	0.4016	0.2168	0.3966	0.0869	0.038	0.1938	0.029	0.3187	0.3916	0.049	0.7323	0.9361	0.5305	0.3526	0.5155	0.3227	0.0899	0.9231	0.1928	0.009	0.05	0.8991	0.5455	0.8352	0.5375	0.1009	0.2977	0.5425	0.0589	0.1828	0.8881	0.7652	0.7323	0.3576	0.4436	0.5245	0.6673	0.2697	0.6144	0.7023	0.3826	0.2068	0.4046	0.3766	0.4166	0.7692	0.4496	0.0889	0.6154	0.1508	0.2358	0.3317	0.0569	0.2198	0.7243	0.8182	0.6324	0.2438	0.2408	0.2318	0.4795	0.7662	0.8781	0.7812	0.6004	0.1089	0.1718	0.3626	0.8012	0.6943	0.2478	0.1688	0.9221	0.6414	0.5035	0.1429	0.2338	0.9171	0.4575	0.3357	0.005	0.2178	0.979	0.3536	0.005	0.7912	0.5754	0.2418	0.6174	0.4426	0.1928	0.2318	0.3057	0.8192	0.2408	0.037	0.1219	0.04	0.1349	0.5485	0.8392	0.2847	0.1409	0.1489	0.0569	0.2388	0.026	0.03	0.2438	0.6693	0.3077	0.5854	0.6923	0.5794	0.1309	0.3716	0.4505	0.8781	0.015	0.2817	0.4436	0.0999	0.6474	0.2867	0.8701	0.7183	0.1039	0.8272	0.0599	0.6094	0.3896	0.7612	0.1009	0.011	0.2757	0.9291	0.3277	0.1978	0.1079	0.2298	0.2238	0.5295	0.0789	0.3506	0.0829	0.4066	0.5654	0.1558	0.986	1	0.3736	0.8531	0.3546	0.6903	0.4286	0.3087	0.6284	0.5964	0.039	0.2108	0.8002	0.6673	0.6723	0.2787	0.2438	0.4675	0.3157	0.3457	0.4815	0.4695	0.1638	0.005	0.1069	0.1828	0.1449	0.3506	0.5934	0.2617	0.7802	0.6773	0.036	0.5215	0.003	0.0549	0.5644	0.0839	0.2318	0.0669	0.3307	0.0749	0.2278	0.0609	0.2687	0.1778	0.2088	0.2108	0.3237	0.1269	0.4805	0.4795	0.4755	0.3467	0.4266	0.3387
Sg_P23_1	0.6623	0.026	0.0559	0.8561	0.5345	0.006	0.0959	0.001	0.021	0.7542	0.1928	0.2747	0.2527	0.012	0.019	0.0609	0.6603	0.3047	0.1538	0.5065	0.2637	0.7213	0.8202	0.1339	0.95	0.4895	0.037	0.1119	0.1299	0.6054	0.4246	0.4496	0.5335	0.036	0.1219	0.2078	0.017	0.4446	0.01	0.0719	0.3646	0.1578	0.8462	0.023	0.009	0.007	0.029	0.7552	0.019	0.011	0.0729	0.5345	0.034	0.6104	0.001	0.1848	0.044	0.3766	0.8891	0.2767	0.001	0.0569	0.001	0.013	0.6244	0.8022	0.6583	0.3177	0.3187	0.3217	0.5644	0.5455	0.2458	0.0979	0.1538	0.2148	0.1898	0.1808	0.2148	0.2338	0.003	0.4186	0.017	0.0559	0.005	0.0619	0.3017	0.006	0.027	0.3916	0.2038	0.7103	0.8501	0.025	0.009	0.0619	0.2767	0.4206	0.004	0.993	0.004	0.2138	0.0819	0.017	0.6234	0.0939	0.001	0.3856	0.2997	0.0649	0.004	0.1469	0.006	0.2448	0.001	0.955	0.2448	0.3546	0.002	0.001	0.5175	0.4036	0.2807	0.1059	0.9401	0.5115	0.029	0.2448	0.0669	0.2458	0.1349	0.1329	0.0929	0.004	0.017	0.3057	0.1369	0.001	0.3457	0.3946	0.1179	0.001	0.1299	0.9131	0.5784	0.7123	0.001	0.006	0.001	0.9041	0.001	0.001	0.001	0.0639	0.1389	0.004	0.0879	0.0759	0.2178	0.1838	0.4016	0.0859	0.1978	0.02	0.05	0.012	0.8961	0.1359	0.002	0.9461	0.5744	0.2098	0.6214	0.008	0.2268	0.001	0.6563	0.1229	0.8861	0.004	0.1888	0.002	0.002	0.8551	0.2268	0.1239	0.1598	0.4116	0.2468	0.1339	0.2228	0.1928	0.035	0.001	0.003	0.7053	0.001	0.0549	0.4036	0.6833	0.01	0.023	0.5954	0.3906	0.026	0.02	0.0689	0.1189	0.4705	0.0629	0.8032	0.3487	0.8511	0.021	0.4745	0.001	0.1299	0.039	0.3976	0.0599	0.033	0.4795	0.7562	0.1868	0.8531	0.3616	0.4755	0.001	0.0619	0.015	0.1199	0.3157	0.036	0.01	0.4256	0.0829	0.2657	0.0809	0.0809	0.6763	0.002	0.004	0.047	0.3806	0.9011	0.013	0.1778	0.001	0.4655	0.4945	0.8511	0.6873	0.5544	0.1359	0.7283	0.9491	0.3716	0.1019	0.1319	0.1119	0.042	0.5375	0.8442	0.006	0.001	0.4795	0.034	0.0659	0.006	0.4176	0.5934	0.0809	0.6054	0.4725	0.2178	0.3736	1	0.2597	0.4875	0.015	0.8422	0.042	0.2967	0.1608	0.002	0.0639	0.2577	0.4655	0.001	0.001	0.014	0.9121	0.005	0.8681	0.7892	0.005	0.0659	0.4076	0.001	0.3706	0.0889	0.0819	0.009	0.1179	0.2617	0.0909	0.2268	0.005	0.2577	0.007	0.1229	0.02	0.7173	0.3546	0.0709	0.6214	0.0699	0.2188	0.1868	0.008	0.2078	0.986	0.2188	0.001	0.001	0.9321	0.001	0.5125	0.021	0.8841
Sg_P27_36	0.007	0.002	0.007	0.036	0.001	0.1439	0.007	0.4865	0.001	0.1439	0.002	0.2428	0.3586	0.0519	0.0739	0.8102	0.0939	0.001	0.1209	0.8182	0.016	0.7982	0.3257	0.4565	0.5524	0.7423	0.0869	0.6553	0.1239	0.1818	0.1469	0.5924	0.002	0.001	0.4655	0.024	0.001	0.3726	0.013	0.6324	0.5774	0.8811	0.02	0.6094	0.001	0.011	0.4196	0.001	0.026	0.003	0.2418	0.047	0.2098	0.003	0.013	0.4396	0.037	0.5375	0.7722	0.0689	0.2468	0.001	0.1429	0.018	0.3856	0.1578	0.1528	0.006	0.001	0.012	0.967	0.5095	0.001	0.01	0.7153	0.8302	0.0959	0.004	0.4436	0.002	0.007	0.009	0.001	0.1179	0.4925	0.2498	0.005	0.1119	0.6593	0.8671	0.4376	0.1568	0.023	0.012	0.002	0.024	0.0839	0.4895	0.013	0.003	0.048	0.014	0.2957	0.2128	0.0539	0.4745	0.004	1	0.001	0.7263	0.3277	0.1329	0.5125	0.001	0.05	0.1528	0.004	0.001	0.001	0.048	0.026	0.2727	0.02	0.5225	0.002	0.0619	0.001	0.005	0.0889	0.001	0.7542	0.002	0.009	0.001	0.988	0.6843	0.5954	0.012	0.001	0.002	0.001	0.2527	0.001	0.0929	0.001	0.01	0.1518	0.9391	0.005	0.1928	0.0529	0.004	0.003	0.1129	0.013	0.022	0.0689	0.9201	0.6264	0.3487	0.3307	0.8232	0.3457	0.978	0.0679	0.8432	0.0769	0.001	0.016	0.0649	0.957	0.035	0.013	0.0539	0.4236	0.019	0.002	0.6773	0.0559	0.001	0.0849	0.036	0.1888	0.1349	0.6603	0.005	0.003	0.7323	0.001	0.4346	0.99	0.3586	0.003	0.007	0.002	0.6054	0.014	0.005	0.7922	0.2857	0.9261	0.001	0.8212	0.001	0.042	0.001	0.5405	0.8891	0.007	0.003	0.1119	0.6693	0.008	0.002	0.0549	0.001	0.002	0.002	0.1199	0.5984	0.977	0.7992	0.001	0.0879	0.8472	0.008	0.034	0.0589	0.001	0.001	0.029	0.4565	0.6823	0.003	0.025	0.001	0.3127	0.3616	0.0619	0.8422	0.017	0.002	0.001	0.1808	0.3636	0.021	0.7453	0.008	0.006	0.01	0.1379	0.007	0.2507	0.008	0.5175	0.0529	0.9031	0.021	0.0569	0.8751	0.001	0.1638	0.0839	0.001	0.0739	0.001	0.7203	0.002	0.001	0.001	0.022	0.7972	0.3277	0.6523	0.2048	0.8531	0.2597	1	0.4905	0.01	0.008	0.005	0.4246	0.7303	0.001	0.4745	0.4775	0.6603	0.0549	0.002	0.001	0.02	0.004	0.013	0.5355	0.001	0.001	0.4146	0.001	0.001	0.3746	0.001	0.8132	0.002	0.6414	0.0679	0.001	0.001	0.3177	0.3477	0.4436	0.978	0.005	0.1119	0.1838	0.05	0.003	0.027	0.002	0.001	0.0929	0.004	0.001	0.003	0.023	0.7942	0.018	0.2947	0.9291	0.029
Sg_P27_38	0.001	0.001	0.012	0.1079	0.003	0.6893	0.0719	0.2817	0.011	0.002	0.1239	0.6703	0.8182	0.002	0.042	0.2927	0.034	0.018	0.6763	0.03	0.7213	0.1219	0.032	0.001	0.1998	0.955	0.003	0.2597	0.0719	0.4745	0.009	0.8761	0.002	0.001	1	0.6274	0.001	0.7283	0.004	0.015	0.3077	0.1608	0.009	0.028	0.0609	0.046	0.1528	0.021	0.043	0.005	0.5514	0.5564	0.003	0.009	0.5185	0.8092	0.009	0.02	0.1618	0.9421	0.2148	0.009	0.012	0.013	0.4176	0.2907	0.1968	0.012	0.009	0.1309	0.2567	0.028	0.8052	0.001	0.0959	0.1379	0.4036	0.011	0.1608	0.0779	0.044	0.028	0.026	0.0879	0.4016	0.0749	0.005	0.034	0.0559	0.1049	0.2797	0.3167	0.7453	0.046	0.001	0.011	0.6833	0.2098	0.02	0.004	1	0.001	0.7692	0.2827	0.4226	0.1209	0.5005	0.6623	0.003	0.1848	0.4036	0.7712	0.6344	0.009	0.5345	0.8521	0.0739	0.001	0.2897	0.4216	0.005	0.0699	0.011	0.7483	0.015	0.033	0.1039	0.002	0.7223	0.001	0.6653	0.004	0.003	0.1109	0.6803	0.031	0.2488	0.975	0.019	0.001	0.006	0.05	0.009	0.4515	0.4785	0.004	0.1149	0.0589	0.004	0.8901	0.1978	0.1538	0.041	0.011	0.034	0.027	0.4136	0.1678	0.8931	0.004	0.6843	0.7602	0.031	0.6024	0.2817	0.017	0.0959	0.0959	0.2148	0.9351	0.7502	0.3157	0.018	0.036	0.2408	0.022	0.0579	0.7203	0.012	0.4236	0.5455	0.004	0.7373	0.0849	0.0919	0.001	0.001	0.0679	0.027	0.5664	0.0849	0.1169	0.006	0.0899	0.004	0.4875	0.0629	0.004	0.7493	0.4186	0.006	0.008	0.029	0.1538	0.1279	0.009	0.0979	0.976	0.7303	0.003	0.3497	0.1858	0.3447	0.003	0.2008	0.032	0.028	0.025	0.017	0.8382	0.4885	0.037	0.014	0.6643	0.2028	0.004	0.004	0.1828	0.007	0.037	0.1708	0.044	0.1249	0.001	0.011	0.029	0.8831	0.6454	0.1768	0.5375	0.1638	0.03	0.024	0.7443	0.4356	0.006	0.0549	0.016	0.039	0.003	0.1439	0.012	0.8751	0.0789	0.1139	0.6084	0.046	0.2717	0.011	0.1678	0.001	0.011	0.0949	0.1099	0.012	0.004	0.1149	0.5784	0.001	0.001	0.024	0.956	0.5964	0.2977	0.959	0.3546	0.4875	0.4905	1	0.1039	0.1059	0.003	0.1429	0.7313	0.0739	0.2867	0.96	0.8402	0.8022	0.012	0.036	0.004	0.008	0.6074	0.3996	0.3826	0.029	0.2627	0.024	0.004	0.952	0.006	0.5994	0.001	0.3387	0.2847	0.004	0.003	0.1708	0.6963	0.4805	0.7582	0.001	0.2438	0.01	0.5734	0.004	0.1409	0.005	0.001	0.7562	0.006	0.1249	0.0559	0.0999	0.4486	0.1898	0.008	0.3776	0.001
Sg_P27_4	0.0569	0.002	0.013	0.004	0.001	0.001	0.011	0.001	0.001	0.02	0.016	0.028	0.026	0.001	0.001	0.7822	0.7283	0.1339	0.3816	0.2817	0.019	0.3946	0.8731	0.002	0.8571	0.2268	0.002	0.2338	0.001	0.0619	0.968	0.3596	0.049	0.008	0.0649	0.006	0.001	0.2208	0.001	0.001	0.001	0.6394	0.4765	0.1069	0.001	0.001	0.0779	0.011	0.001	0.001	0.001	0.0959	0.001	0.001	0.001	0.5534	0.012	0.6843	0.5085	0.032	0.004	0.0739	0.001	0.002	0.3217	0.6004	0.2408	0.041	0.001	0.002	0.4635	0.5504	0.0569	0.038	0.3666	0.5634	0.1978	0.001	0.0799	0.1339	0.001	0.3786	0.001	0.007	0.0669	0.018	0.001	0.002	0.3137	0.5844	0.4246	0.0759	0.2727	0.001	0.003	0.001	0.5564	0.9221	0.001	0.005	0.001	0.002	0.4396	0.1848	0.0509	0.4865	0.001	0.0869	0.004	0.047	0.009	0.8022	0.009	0.0599	0.001	0.1708	0.015	0.033	0.001	0.001	0.034	0.4056	0.007	0.3996	0.1059	0.039	0.041	0.1329	0.5834	0.0509	0.4296	0.001	0.0709	0.001	0.2468	0.8711	0.1359	0.001	0.01	0.3766	0.1309	0.002	0.001	0.2657	0.024	0.005	0.012	0.003	0.001	0.3467	0.002	0.001	0.001	0.3397	0.029	0.001	0.2917	0.3876	0.4605	0.1788	0.961	0.8022	0.3966	0.0699	0.001	0.013	0.4595	0.003	0.001	0.003	0.9111	0.2018	0.1059	0.001	0.1439	0.008	0.1918	0.1309	0.1119	0.001	0.3806	0.2038	0.1309	0.6893	0.8771	0.0629	0.0509	0.1738	0.019	0.996	0.0539	0.2987	0.001	0.001	0.002	0.036	0.012	0.015	0.4346	0.1838	0.001	0.001	0.5465	0.015	0.0539	0.001	0.6553	0.4056	0.0689	0.001	0.7103	0.9141	0.1209	0.001	0.8412	0.001	0.001	0.001	0.4885	0.013	0.5704	0.6753	0.2158	0.4625	0.956	0.4076	0.2318	0.005	0.001	0.001	0.016	0.0579	0.0779	0.022	0.025	0.009	0.032	0.4855	0.042	0.6553	0.001	0.001	0.004	0.007	0.4096	0.01	0.5205	0.001	0.5235	0.1379	0.1389	0.0509	0.049	0.001	0.7832	0.2418	0.8302	0.006	0.004	0.9111	0.001	0.6943	0.7552	0.002	0.001	0.002	0.7313	0.034	0.001	0.025	0.014	0.7692	0.0629	0.8342	0.3357	0.6903	0.015	0.01	0.1039	1	0.4336	0.0529	0.1688	0.4056	0.001	0.0869	0.9481	0.0669	0.002	0.001	0.001	0.1359	0.002	0.1518	0.1668	0.1289	0.001	0.9371	0.001	0.005	0.008	0.001	0.8841	0.0599	0.1469	0.001	0.021	0.001	0.9441	0.001	0.019	0.043	0.009	0.0589	0.001	0.1219	0.002	0.002	0.0799	0.002	0.7632	0.0539	0.001	0.001	0.002	0.991	0.001	0.1568	0.7393	0.011
Sg_P30_9	0.003	0.001	0.003	0.001	0.001	0.966	0.009	0.0649	0.001	0.012	0.001	0.003	0.007	0.3966	0.0729	0.1029	0.2008	0.001	0.033	0.1958	0.7642	0.001	0.001	0.0799	0.001	0.002	0.1508	0.001	0.001	0.001	0.001	0.4925	0.001	0.001	0.2118	0.001	0.004	0.001	0.3067	0.0749	0.8462	0.0599	0.001	0.1009	0.001	0.004	0.01	0.001	0.0549	0.0929	0.0719	0.2378	0.5375	0.001	0.6803	0.4256	0.001	0.001	0.013	0.5025	0.3946	0.001	0.3546	0.001	0.1518	0.008	0.2637	0.033	0.001	0.046	0.001	0.0819	0.4036	0.001	0.1199	0.001	0.005	0.001	0.047	0.043	0.041	0.002	0.001	0.4595	0.6174	0.4346	0.1598	0.001	0.7942	0.029	0.001	0.9301	0.1009	0.011	0.001	0.001	0.1668	0.1788	0.1269	0.001	0.2018	0.006	0.001	0.7353	0.001	0.2537	0.3826	0.1249	0.009	0.8032	0.026	0.2827	0.0509	0.001	0.983	0.005	0.005	0.001	0.2657	0.4845	0.002	0.015	0.001	0.2847	0.3656	0.001	0.008	0.001	0.1469	0.001	0.1049	0.001	0.037	0.004	0.002	0.001	0.1968	0.7493	0.001	0.001	0.002	0.9101	0.001	0.0849	0.0599	0.001	0.1319	0.996	0.007	0.003	0.7173	0.8601	0.012	0.9391	0.015	0.006	0.001	0.1259	0.8372	0.2517	0.952	0.9161	0.001	0.1928	0.1838	0.2847	0.004	0.001	0.3746	0.002	0.001	0.0919	0.008	0.042	0.015	0.0909	0.001	0.0759	0.003	0.001	0.7692	0.0519	0.015	0.005	0.001	0.0589	0.001	0.034	0.001	0.1618	0.004	0.001	0.001	0.5175	0.0789	0.8921	0.2198	0.001	0.011	0.001	0.5015	0.001	0.2248	0.2577	0.5325	0.001	0.0769	0.3756	0.009	0.001	0.1039	0.0609	0.1259	0.001	0.022	0.001	0.001	0.014	0.001	0.8162	0.8412	0.019	0.001	0.5295	0.001	0.001	0.001	0.6823	0.003	0.02	0.1538	0.002	0.0919	0.003	0.002	0.001	0.6454	0.1439	0.3636	0.6913	0.6893	0.1149	0.001	0.0969	0.1059	0.001	0.6404	0.3047	0.011	0.001	0.03	0.035	0.001	0.006	0.016	0.02	0.9491	0.003	0.002	0.006	0.001	0.002	0.001	0.003	0.3217	0.001	0.0789	0.0539	0.001	0.001	0.001	0.2468	0.1708	0.001	0.019	0.4286	0.8422	0.008	0.1059	0.4336	1	0.002	0.001	0.006	0.029	0.6304	0.5225	0.01	0.4545	0.001	0.006	0.001	0.006	0.001	0.001	0.008	0.002	0.1838	0.029	0.001	0.8392	0.001	0.014	0.001	0.001	0.033	0.001	0.002	0.013	0.3626	0.002	0.3437	0.001	0.044	0.1638	0.7912	0.001	0.1099	0.008	0.001	0.005	0.001	0.002	0.0629	0.8681	0.001	0.0619	0.001	0.017	0.001
Sg_X03_29	0.001	0.001	0.044	0.039	0.001	0.5744	0.01	0.1718	0.001	0.1878	0.001	0.8322	0.0899	0.001	0.006	0.6354	0.2707	0.001	0.0579	0.7173	0.3676	0.1479	0.01	0.025	0.4675	0.8092	0.0909	0.7433	0.1429	0.2368	0.009	0.007	0.002	0.001	0.5684	0.1349	0.001	0.9151	0.044	0.9221	0.6284	0.8791	0.002	0.9061	0.001	0.004	0.018	0.001	0.014	0.001	0.4705	0.1528	0.0699	0.019	0.5944	0.036	0.001	0.037	0.2308	0.047	0.1548	0.001	0.1568	0.001	0.5944	0.1738	0.004	0.001	0.003	0.04	0.5854	0.8521	0.042	0.001	0.2707	0.6354	0.1848	0.009	0.5105	0.001	0.002	0.001	0.001	0.8252	0.2228	0.001	0.027	0.1998	0.001	0.005	0.2767	0.9341	0.014	0.012	0.003	0.006	0.004	0.001	0.024	0.003	0.988	0.002	0.5984	0.001	0.5495	0.6494	0.0829	0.4116	0.001	0.4515	0.4016	0.4436	0.964	0.001	0.004	0.7882	0.001	0.001	0.1139	0.4765	0.001	0.002	0.012	0.1429	0.001	0.1429	0.001	0.001	0.0749	0.001	0.7443	0.001	0.021	0.001	0.1828	0.027	0.2248	0.9101	0.001	0.001	0.001	0.048	0.001	0.2028	0.024	0.1309	0.022	0.0739	0.001	0.1638	0.028	0.1349	0.008	0.035	0.019	0.005	0.1918	0.7193	0.8601	0.031	0.966	0.029	0.008	0.7672	0.037	0.044	0.029	0.001	0.012	0.1139	0.9151	0.1069	0.002	0.03	0.5784	0.005	0.005	0.2667	0.0739	0.016	0.0889	0.002	0.0649	0.006	0.3137	0.001	0.001	0.8192	0.001	0.008	0.4735	0.6703	0.037	0.007	0.001	0.002	0.004	0.001	0.4685	0.7722	0.018	0.001	0.6893	0.0719	0.5784	0.001	0.5155	0.1149	0.036	0.001	0.5055	0.0699	0.001	0.001	0.7203	0.001	0.001	0.002	0.045	0.2438	0.9451	0.016	0.001	0.4935	0.9061	0.001	0.001	0.005	0.001	0.001	0.1359	0.6533	0.2498	0.001	0.003	0.001	0.7073	0.021	0.001	0.0579	0.1229	0.0629	0.001	0.001	0.994	0.001	0.8272	0.0859	0.001	0.002	0.039	0.011	0.983	0.042	0.2378	0.0859	0.9321	0.4236	0.015	0.2727	0.001	0.002	0.001	0.001	0.034	0.001	0.7582	0.0609	0.001	0.001	0.003	0.004	0.979	0.7802	0.1279	0.3087	0.042	0.005	0.003	0.0529	0.002	1	0.045	0.4945	0.001	0.1938	0.5634	0.0559	0.3097	0.006	0.002	0.001	0.004	0.0729	0.5385	0.001	0.001	0.4066	0.001	0.001	0.0519	0.001	0.4076	0.001	0.5904	0.001	0.001	0.001	0.2188	0.4595	0.9221	0.6593	0.006	0.0939	0.019	0.8292	0.002	0.2228	0.001	0.001	0.004	0.004	0.001	0.0519	0.032	0.974	0.0569	0.001	0.3936	0.001
Sg_X05_12	0.017	0.026	0.1568	0.005	0.004	0.0959	0.1049	0.002	0.2737	0.003	0.5395	0.031	0.4126	0.4366	0.4545	0.7912	0.8232	0.0779	0.4406	0.2128	0.006	0.008	0.006	0.018	0.017	0.5455	0.2258	0.003	0.2637	0.004	0.002	0.5265	0.001	0.015	0.041	0.0639	0.3107	0.006	0.1059	0.045	0.2408	0.3946	0.001	0.002	0.1778	0.7293	0.023	0.003	0.3277	0.8222	0.013	0.2967	0.3646	0.02	0.003	0.1808	0.001	0.001	0.0729	0.004	0.1069	0.003	0.6264	0.005	0.0679	0.001	0.2887	0.001	0.034	0.2088	0.004	0.2218	0.0549	0.002	0.016	0.01	0.7592	0.017	0.001	0.01	0.9261	0.006	0.1379	0.7872	0.7113	0.4705	0.1059	0.014	0.5115	0.3936	0.037	0.4216	0.6364	0.8621	0.3037	0.6144	0.6583	0.0759	0.1998	0.017	0.001	0.1469	0.001	0.5315	0.0659	0.1598	0.014	0.0659	0.045	0.009	0.001	0.1279	0.1768	0.001	0.1898	0.0509	0.004	0.001	0.0679	0.007	0.001	0.0889	0.005	0.0509	0.0739	0.004	0.6184	0.001	0.6134	0.002	0.1029	0.002	0.2527	0.7942	0.05	0.001	0.1019	0.003	0.2328	0.001	0.005	0.977	0.046	0.4575	0.5255	0.013	0.5734	0.1499	0.0879	0.8112	0.3197	0.029	0.6713	0.028	0.0549	0.5425	0.026	0.2667	0.6014	0.6673	0.974	0.1149	0.004	0.002	0.3566	0.8402	0.003	0.2428	0.001	0.3407	0.006	0.7702	0.008	0.2038	0.6244	0.8521	0.001	0.6234	0.0979	0.7013	0.7083	0.7123	0.1948	0.05	0.001	0.007	0.006	0.004	0.04	0.3287	0.0979	0.003	0.95	0.6863	0.2148	0.8422	0.5175	0.001	0.1878	0.012	0.3806	0.016	0.022	0.6863	0.012	0.1718	0.3137	0.2577	0.3227	0.004	0.1419	0.4615	0.022	0.029	0.7732	0.5634	0.035	0.8841	0.001	0.03	0.2218	0.0849	0.001	0.8961	0.002	0.001	0.004	0.3217	0.5564	0.5584	0.4645	0.3267	0.0749	0.008	0.1029	0.001	0.0669	0.3447	0.7892	0.6543	0.0569	0.1349	0.0539	0.963	0.4286	0.004	0.8721	0.1518	0.028	0.002	0.7313	0.1249	0.0939	0.9151	0.001	0.7313	0.1848	0.045	0.1389	0.1598	0.007	0.0579	0.001	0.3716	0.4256	0.014	0.1988	0.7323	0.8002	0.001	0.001	0.1249	0.012	0.01	0.6044	0.6284	0.2967	0.4246	0.1429	0.1688	0.001	0.045	1	0.0669	0.5964	0.1578	0.5504	0.4466	0.005	0.037	0.4915	0.001	0.4136	0.043	0.009	0.8062	0.1928	0.2228	0.7233	0.002	0.1828	0.2018	0.001	0.001	0.001	0.012	0.002	0.4885	0.026	0.004	0.038	0.2168	0.003	0.1149	0.1239	0.9151	0.1409	0.6364	0.001	0.1389	0.3786	0.002	0.7223	0.2967	0.6973	0.001	0.2827	0.002	0.7143	0.002
Sg_X05_3	0.2498	0.2468	0.0939	0.038	0.007	0.6863	0.0969	0.0639	0.05	0.2957	0.2807	0.001	0.8521	0.2388	0.0669	0.5764	0.001	0.8022	0.5055	0.7233	0.9301	0.0999	0.016	0.2997	0.009	0.028	0.8462	0.005	0.001	0.001	0.017	0.3267	0.3776	0.0679	0.4955	0.001	0.2218	0.001	0.7942	0.7023	0.013	0.003	0.038	0.1449	0.7263	0.8212	0.028	0.1319	0.4755	0.6573	0.045	0.2328	0.3357	0.1718	0.1928	0.7083	0.0879	0.0859	0.05	0.1469	0.0629	0.2448	0.4156	0.1469	0.4635	0.6883	0.2687	0.6773	0.044	0.1289	0.007	0.8961	0.1059	0.5035	0.969	0.2058	0.033	0.5634	0.7712	0.2917	0.8871	0.8102	0.0819	0.2537	0.1658	0.03	0.7942	0.018	0.006	0.2857	0.0569	0.959	0.957	0.2068	0.013	0.2507	0.0749	0.002	0.4875	0.0929	0.017	0.5704	0.002	0.0709	0.001	0.1798	0.9351	0.002	0.3447	0.96	0.023	0.1528	0.9481	0.3776	0.6793	0.001	0.4885	0.3317	0.7732	0.0919	0.8891	0.7113	0.3377	0.3536	0.7852	0.036	0.4136	0.3666	0.2138	0.7662	0.1838	0.014	0.8492	0.8382	0.016	0.01	0.9241	0.1818	0.2707	0.0629	0.8152	0.2867	0.004	0.4386	0.4146	0.2218	0.7872	0.5145	0.9071	0.4665	0.3017	0.961	0.8202	0.2957	0.7542	0.7912	0.001	0.3397	0.7722	0.001	0.1578	0.3906	0.008	0.026	0.1748	0.9311	0.6633	0.6384	0.1029	0.1568	0.001	0.5495	0.7692	0.7113	0.5105	0.8082	0.1359	0.8541	0.2747	0.031	0.1928	0.2008	0.1339	0.5534	0.003	0.7782	0.6124	0.5315	0.8771	0.5794	0.009	0.002	0.4655	0.5055	0.5225	0.4775	0.4146	0.002	0.7363	0.001	0.9451	0.017	0.7622	0.1159	0.3367	0.7383	0.2488	0.0749	0.1279	0.003	0.1219	0.6114	0.7173	0.029	0.2887	0.2547	0.0529	0.9381	0.004	0.7353	0.8681	0.4985	0.2218	0.8112	0.001	0.0679	0.7852	0.1768	0.5604	0.3956	0.5574	0.001	0.3916	0.7722	0.997	0.0839	0.4326	0.4356	0.031	0.2967	0.9161	0.038	0.4136	0.7752	0.6434	0.1299	0.4056	0.2448	0.4685	0.2138	0.7363	0.0519	0.001	0.1978	0.5944	0.5325	0.5175	0.033	0.01	0.4875	0.007	0.8132	0.006	0.3546	0.5445	0.4066	0.0939	0.7802	0.5784	0.8472	0.036	0.3337	0.023	0.005	0.8631	0.5964	0.1608	0.7303	0.7313	0.4056	0.006	0.4945	0.0669	1	0.1758	0.5724	0.9271	0.7692	0.01	0.4126	0.3696	0.003	0.7932	0.006	0.001	0.2877	0.023	0.2478	0.8082	0.001	0.0539	0.1089	0.05	0.032	0.1329	0.012	0.022	0.2118	0.1978	0.4106	0.001	0.7253	0.034	0.014	0.8611	0.1289	0.4226	0.1179	0.6743	0.0549	0.6014	0.012	0.8392	0.6973	0.1558	0.005	0.7323	0.026	0.1359	0.1678
Sg_Y07_14	0.029	0.001	0.001	0.002	0.002	0.001	0.002	0.001	0.001	0.2657	0.001	0.007	0.5225	0.001	0.001	0.7822	0.5864	0.001	0.024	0.4975	0.001	0.9111	0.4795	0.1009	0.5185	0.2278	0.031	0.019	0.002	0.032	0.8432	0.5974	0.5964	0.001	0.008	0.006	0.001	0.2707	0.002	0.014	0.0569	0.7622	0.3756	0.0619	0.001	0.001	0.001	0.009	0.001	0.001	0.1309	0.006	0.001	0.007	0.001	0.8771	0.01	0.2128	0.8981	0.009	0.007	0.001	0.001	0.004	0.0649	0.4326	0.9231	0.011	0.001	0.002	0.8072	0.1598	0.001	0.001	0.0659	0.6054	0.002	0.006	0.008	0.013	0.001	0.046	0.001	0.001	0.003	0.003	0.0839	0.2827	0.0859	0.5445	0.8322	0.016	0.033	0.001	0.001	0.005	0.033	0.4695	0.001	0.001	0.001	0.003	0.049	0.001	0.028	0.2647	0.001	0.0879	0.001	0.001	0.001	0.2438	0.012	0.014	0.001	0.013	0.018	0.001	0.001	0.001	0.0979	0.6224	0.006	0.039	0.002	0.5025	0.007	0.0999	0.1339	0.008	0.8282	0.001	0.0719	0.001	0.1628	0.0769	0.031	0.001	0.001	0.004	0.014	0.021	0.001	0.1339	0.001	0.008	0.001	0.003	0.001	0.0569	0.003	0.001	0.002	0.4256	0.007	0.003	0.2178	0.3387	0.7213	0.2108	0.0519	0.0819	0.008	0.1668	0.018	0.0859	0.3137	0.001	0.001	0.001	0.8012	0.1049	0.1598	0.001	0.2208	0.001	0.026	0.2108	0.1059	0.001	0.2488	0.008	0.014	0.7363	0.2048	0.0629	0.001	0.0579	0.002	0.0519	0.041	0.2158	0.009	0.01	0.001	0.03	0.001	0.001	0.1259	0.2587	0.007	0.001	0.7383	0.001	0.002	0.001	0.4036	0.6414	0.001	0.001	0.4525	0.0899	0.003	0.001	0.1518	0.001	0.001	0.001	0.9041	0.002	0.6503	0.6474	0.001	0.5035	0.8192	0.034	0.016	0.001	0.001	0.001	0.1678	0.008	0.2348	0.001	0.1119	0.001	0.001	0.0589	0.02	0.1638	0.001	0.001	0.001	0.005	0.0709	0.004	0.5225	0.001	0.041	0.1778	0.023	0.5964	0.003	0.002	0.5844	0.0539	0.9131	0.5245	0.002	0.7013	0.001	0.4156	0.017	0.001	0.026	0.001	0.3117	0.026	0.001	0.032	0.0879	0.3696	0.1299	0.7383	0.0749	0.039	0.002	0.001	0.0739	0.001	0.029	0.001	0.5964	0.1758	1	0.018	0.0589	0.5784	0.002	0.0599	0.001	0.0619	0.001	0.001	0.1558	0.001	0.001	0.972	0.001	0.001	0.1878	0.001	0.026	0.044	0.982	0.009	0.001	0.001	0.7902	0.008	0.046	0.024	0.0809	0.005	0.001	0.0749	0.002	0.003	0.0679	0.001	0.5574	0.005	0.001	0.001	0.006	0.4116	0.001	0.2488	0.037	0.016
Sg_Y07_23	0.8102	0.3806	0.1359	0.3227	0.3596	0.0589	0.1928	0.0879	0.017	0.5814	0.1868	0.3347	0.8951	0.1219	0.011	0.6204	0.5495	0.1608	0.5445	0.5874	0.027	0.5125	0.4965	0.9261	0.999	0.4605	0.5425	0.2418	0.018	0.8841	0.6983	0.7403	0.7552	0.2997	0.4376	0.0719	0.1259	0.4545	0.7632	0.6434	0.3497	0.8082	0.6873	0.0979	0.033	0.1389	0.0889	0.5465	0.009	0.0579	0.6903	0.2887	0.1508	0.5195	0.1518	0.6643	0.4645	0.3267	0.7832	0.7483	0.1578	0.6184	0.0819	0.1439	0.3147	0.014	0.966	0.8841	0.0689	0.7642	0.99	0.6993	0.0929	0.2587	0.6853	0.977	0.028	0.9491	0.2757	0.6054	0.026	0.1668	0.0789	0.2957	0.019	0.6553	0.7103	0.7493	0.5814	0.986	0.7552	0.7782	0.4236	0.034	0.5175	0.6803	0.04	0.9041	0.044	0.8841	0.2507	0.4356	0.0909	0.0589	0.4046	0.7393	0.03	0.9221	0.4426	0.1838	0.0639	0.6553	0.024	0.4935	0.004	0.2947	0.5644	0.5744	0.0949	0.0599	0.7293	0.6464	0.983	0.2507	0.8062	0.5145	0.6513	0.5604	0.8022	0.9071	1	0.0759	0.6404	0.0729	0.2298	0.6573	0.2837	0.1568	0.043	0.4196	0.6733	0.2737	0.1858	0.3756	0.2328	0.7612	0.043	0.1768	0.0709	0.1648	0.0979	0.013	0.2917	0.8881	0.6374	0.1059	0.6294	0.5165	0.2408	0.011	0.6643	0.3257	0.2897	0.1668	0.2248	0.5045	0.8621	0.1568	0.03	0.0579	0.5954	0.2897	0.2647	0.0849	0.3257	0.2408	0.7363	0.7852	0.8961	0.012	0.2358	0.015	0.3676	0.7982	0.7802	0.6354	0.0969	0.1089	0.2008	0.4865	0.2537	0.6543	0.9441	0.5085	0.1109	0.021	0.1039	0.3447	0.2288	0.3127	0.3556	0.0629	0.0939	0.7692	0.0679	0.3666	0.4216	0.6503	0.0739	0.01	0.8282	0.046	0.2697	0.0529	0.3646	0.031	0.04	0.2847	0.8422	0.5315	0.0619	0.8442	0.8881	0.8462	0.9231	0.8402	0.6034	0.049	0.1249	0.049	0.2807	0.024	0.8621	0.7532	0.7063	0.4426	0.2957	0.4975	0.2857	0.4515	0.016	0.2577	0.0599	0.002	0.3996	0.0779	0.5884	0.1888	0.973	0.8711	0.4396	0.6264	0.038	0.7023	0.8482	0.2378	0.3097	0.8781	0.3287	0.3277	0.1379	0.8911	0.6803	0.4396	0.8452	0.9211	0.6543	0.3047	0.0519	0.9441	0.9331	0.038	0.4256	0.4396	0.2937	0.2108	0.0639	0.4745	0.2867	0.0869	0.6304	0.1938	0.1578	0.5724	0.018	1	0.7233	0.5365	0.0749	0.9391	0.03	0.5834	0.1469	0.0679	0.3037	0.2348	0.2328	0.6124	0.2288	0.1369	0.8581	0.1848	0.1708	0.7722	0.9131	0.3546	0.6414	0.1019	0.5455	0.1129	0.1948	0.013	0.4246	0.966	0.032	0.1079	0.3556	0.8661	0.8661	0.044	0.6254	0.8472	0.5165	0.009	0.3686	0.2028	0.0609	0.8501	0.7532	0.6833
Sg_Y07_27	0.5514	0.6893	0.8262	0.2288	0.7522	0.8691	0.4316	0.1049	0.1189	0.1179	0.1788	0.9061	0.7882	0.2268	0.9111	0.4875	0.6454	0.5564	0.6214	0.2398	0.6663	0.3087	0.012	0.4366	0.4496	0.2118	0.2757	0.031	0.4955	0.7572	0.2268	0.7722	0.4935	0.3387	0.0929	0.9241	0.2318	0.8771	0.0939	0.8152	0.5245	0.7572	0.1159	0.2278	0.5205	0.6284	0.2358	0.8501	0.7063	0.3327	0.2318	0.4456	0.1189	0.6523	0.3037	0.1409	0.2597	0.5584	0.959	0.7433	0.2238	0.5864	0.6623	0.997	0.8671	0.6683	0.4006	0.035	0.7522	0.1359	0.968	0.3846	0.5265	0.9431	0.6833	0.963	0.5954	0.989	0.2747	0.2408	0.4915	0.2498	0.2817	0.3676	0.957	0.7722	0.045	0.3397	0.6883	0.3317	0.0519	0.6344	0.1668	0.7572	0.6783	0.2517	0.7552	0.2268	0.6953	0.6134	0.1309	0.6743	0.038	0.1808	0.953	0.1688	0.5624	0.1079	0.033	0.5874	0.8082	0.3347	0.9131	0.2787	0.6813	0.6663	0.2158	0.7792	0.2178	0.6703	0.2627	0.0779	0.8561	0.6863	0.5704	0.5574	0.7632	0.1369	0.002	0.3497	0.0759	0.5035	0.6933	0.0519	0.1508	0.7343	0.8122	0.5345	0.2078	0.2767	0.3417	0.1588	0.3636	0.3606	0.1778	0.2138	0.965	0.989	0.5175	0.5135	0.3736	0.2587	0.7652	0.3377	0.2887	0.4585	0.988	0.5295	0.3816	0.8342	0.3167	1	0.4006	0.3437	0.1508	0.3826	0.8901	0.1818	0.4486	0.5255	0.3107	0.5495	0.1019	0.8032	0.3676	0.6424	0.2478	0.0579	0.4895	0.4056	0.3926	0.982	0.4256	0.029	0.8701	0.8771	0.5015	0.9401	0.5335	0.4076	0.4376	0.2088	0.2677	0.1578	0.2837	0.7373	0.4925	0.4725	0.7323	0.6973	0.7173	0.7453	0.023	0.6683	0.2108	0.9391	0.4515	0.5175	0.5744	0.8751	0.6793	0.6494	0.4366	0.8252	0.997	0.9261	0.1499	0.0909	0.017	0.039	0.2817	0.2817	0.3257	0.8511	0.4486	0.9291	0.05	0.1938	0.1249	0.1499	0.1139	0.6324	0.4266	0.5365	0.8891	0.8781	0.3087	0.7083	0.032	0.986	0.3896	0.7622	0.9461	0.998	0.1059	0.0969	0.2478	0.9311	0.1209	0.8342	0.973	0.3806	0.9261	0.7602	0.031	0.7652	0.6484	0.973	0.5065	0.6913	0.6523	0.3417	0.5654	0.1888	0.3856	0.3137	0.3956	0.1309	0.6703	0.6284	0.8122	0.8352	0.0789	0.7882	0.6753	0.8002	0.2577	0.4775	0.96	0.9481	0.5225	0.5634	0.5504	0.9271	0.0589	0.7233	1	0.8641	0.032	0.6104	0.3457	0.1708	0.1059	0.2677	0.8482	0.1558	0.1828	0.8801	0.2917	0.6663	0.7083	0.8212	0.6603	0.0709	0.5285	0.5504	0.7373	0.9181	0.4855	0.996	0.7842	0.6484	0.8611	0.1568	0.4585	0.1988	0.2887	0.026	0.8651	0.3087	0.4555	0.1898	0.1269	0.985	0.0759	0.1109	0.5395	0.1139	0.001	0.1149
Sg_Y19_10	0.7982	0.022	0.6773	0.1618	0.7812	0.2498	0.5495	0.6334	0.0899	0.0609	0.01	0.1848	0.001	0.01	0.0689	0.7852	0.0759	0.019	0.001	0.001	0.8731	0.2408	0.5524	0.044	0.2637	0.045	0.001	0.3257	0.7682	0.99	0.1409	0.3047	0.961	0.2218	0.6593	0.4525	0.0999	0.6394	0.029	0.009	0.046	0.3586	0.5654	0.1459	0.1189	0.3756	0.6663	0.5864	0.8442	0.4296	0.028	0.1508	0.013	0.4486	0.2747	0.1399	0.2078	0.3666	0.2418	0.3487	0.8641	0.4735	0.2248	0.6104	0.001	0.7323	0.1578	0.7842	0.1119	0.1608	0.6763	0.001	0.0659	0.9261	0.7772	0.4845	0.4865	0.9251	0.2128	0.5105	0.2737	0.2498	0.017	0.1139	0.4386	0.5065	0.002	0.3556	0.4615	0.017	0.017	0.3007	0.2358	0.6743	0.5415	0.6454	0.7892	0.7443	0.2228	0.5654	0.5165	0.4386	0.5305	0.6214	0.6783	0.001	0.0719	1	0.8531	0.5145	0.5624	0.6913	0.006	0.3796	0.4685	0.7782	0.7602	0.4815	0.1558	0.2018	0.6763	0.02	0.99	0.001	0.7383	0.03	0.1309	0.8771	0.9131	0.7712	0.8242	0.1618	0.4875	0.012	1	0.973	0.001	0.2368	0.002	0.2398	0.9311	0.6074	0.4166	0.001	0.7582	0.1668	0.2797	0.1469	0.6414	0.001	0.5954	0.027	0.1528	0.2777	0.2388	0.3067	0.3007	0.001	0.2128	0.7742	0.6773	0.001	0.02	0.6693	1	0.1988	0.2448	0.2338	0.6903	0.0539	0.9241	0.001	0.2787	0.1658	0.0789	0.4525	0.4056	0.4565	0.5075	0.3636	0.7443	0.952	0.2388	0.0549	0.963	0.3946	0.0649	0.5854	0.025	0.001	0.5644	0.2398	0.1019	0.4236	0.0579	0.0799	0.3646	0.1219	0.001	0.7852	0.3417	0.044	0.968	0.4525	0.3666	0.6174	0.7333	0.4416	0.003	0.1508	0.0529	0.001	0.4805	0.0769	0.001	0.0969	0.0919	0.8442	0.4086	0.5045	0.3117	0.4336	0.3207	0.8631	0.983	0.3716	0.8032	0.4645	0.2398	0.4555	0.044	0.7592	0.5135	0.6484	0.7073	0.3736	0.3247	0.001	0.3986	0.5764	0.0899	0.4456	0.1299	0.0689	0.9381	0.6853	0.2138	0.0669	0.8581	0.5085	0.0639	0.9201	0.8282	0.4306	0.1528	0.2468	0.0969	0.3566	0.9181	0.3556	0.1608	0.3896	0.1608	0.016	0.043	0.0629	0.7602	0.1668	0.5994	0.7602	0.8861	0.5055	0.041	0.4276	0.001	0.6673	0.4655	0.6603	0.8402	0.0669	0.01	0.0559	0.4466	0.7692	0.5784	0.5365	0.8641	1	0.9491	0.6573	0.1978	0.2288	0.8292	0.6743	0.5684	0.001	0.7822	0.5654	0.6024	0.1309	0.004	0.2877	0.001	0.2757	0.04	0.4515	0.0759	0.967	0.5485	0.0789	0.3556	0.7932	0.8811	0.7792	0.1548	0.1319	0.1039	0.2048	0.3586	0.2348	0.001	0.3806	0.014	0.0859	0.8611	0.2917	0.2018	0.7642	0.3317	0.2168
Sg_Y19_13	0.1778	0.2647	0.034	0.3297	0.4396	0.002	0.8591	0.001	0.0519	0.7952	0.2957	0.4865	0.95	0.0549	0.3596	0.9291	0.7293	0.3257	0.4286	0.3746	0.01	0.4216	0.008	0.4296	0.005	0.2597	0.1329	0.001	0.8631	0.1698	0.005	0.1648	0.2258	0.7293	0.0519	0.968	0.2388	0.021	0.1988	0.023	0.4855	0.2757	0.0709	0.001	0.024	0.005	0.001	0.8472	0.01	0.001	0.001	0.3487	0.002	0.2248	0.001	0.8941	0.6384	0.002	0.1848	0.1069	0.001	0.974	0.003	0.3716	0.5055	0.033	0.2438	0.5554	0.3896	0.2018	0.0569	0.1738	0.013	1	0.002	0.9241	0.3357	0.1229	0.001	0.1419	0.001	0.1828	0.0789	0.4346	0.7173	0.001	0.1648	0.6773	0.2547	0.955	0.0909	0.001	0.2038	0.001	0.962	0.1798	0.8142	0.7273	0.001	0.2098	0.001	0.0739	0.002	0.5015	0.1449	0.0999	0.001	0.01	0.6474	0.003	0.001	0.2847	0.1329	0.2448	0.001	0.1219	0.5794	0.3906	0.001	0.001	0.7283	0.1349	0.2517	0.2498	0.6494	0.975	0.029	0.2188	0.984	0.8721	0.6274	0.8472	0.5874	0.001	0.6254	0.2288	0.4436	0.001	0.04	0.011	0.996	0.002	0.1918	0.7562	0.027	0.4426	0.016	0.003	0.011	0.4845	0.001	0.001	0.001	0.1259	0.02	0.016	0.1808	0.2697	0.7822	0.9031	0.7403	0.5864	0.3946	0.001	0.014	0.1099	0.1419	0.049	0.001	0.1608	0.044	0.1768	0.5844	0.001	0.2328	0.002	0.3267	0.3067	0.6553	0.013	0.2148	0.045	0.967	0.029	0.0589	0.6014	0.8711	0.005	0.7383	0.2767	0.6484	0.001	0.002	0.001	0.027	0.1489	0.001	0.2747	0.3127	0.035	0.008	0.2168	0.2537	0.4046	0.004	0.025	0.2897	0.7992	0.007	0.964	0.7203	0.3976	0.7582	0.1628	0.6384	0.007	0.6074	0.001	0.001	0.049	0.2468	0.1678	0.5874	0.0849	0.0669	0.1429	0.4136	0.003	0.003	0.001	0.013	0.7552	0.6304	0.7922	0.032	0.7812	0.01	0.5624	0.3207	0.6114	0.001	0.001	0.0959	0.3327	0.3926	0.6623	0.3536	0.001	0.2328	0.3606	0.1079	0.1618	0.1518	0.0959	0.1558	0.4316	0.4855	0.8931	0.1369	0.3477	0.3846	0.009	0.001	0.1419	0.033	0.2897	0.6344	0.1988	0.002	0.7163	0.5445	0.4635	0.003	0.033	0.4226	0.6723	0.001	0.0549	0.8022	0.002	0.4545	0.3097	0.005	0.01	0.002	0.0749	0.032	0.9491	1	0.1568	0.001	0.0559	0.0689	0.8352	0.043	0.035	0.021	0.7323	0.002	0.9291	0.2378	0.3816	0.011	0.1588	0.4525	0.5245	0.9201	0.028	0.6963	0.001	0.5584	0.1059	0.7892	0.001	0.001	0.3077	0.0519	0.007	0.2458	0.0889	0.5155	0.8881	0.013	0.001	0.002	0.002	0.001	0.003	0.004	0.7013
Sg_YA03_20	0.045	0.001	0.001	0.002	0.001	0.1139	0.004	0.6783	0.001	0.001	0.0539	0.029	0.4525	0.035	0.2657	0.001	0.8252	0.001	0.4835	0.8881	0.7443	0.019	0.005	0.003	0.2228	0.2498	0.003	0.004	0.001	0.004	0.0539	0.6633	0.001	0.001	0.985	0.001	0.001	0.037	0.023	0.5165	0.0729	0.5754	0.002	0.4496	0.002	0.001	0.9081	0.01	0.0639	0.001	0.4406	0.3017	0.001	0.001	0.001	0.7333	0.001	0.003	0.013	0.3746	0.005	0.001	0.005	0.001	0.6104	0.049	0.6084	0.001	0.001	0.002	0.001	0.8272	0.979	0.001	0.0939	0.002	0.8791	0.001	0.0579	0.016	0.001	0.027	0.003	0.9251	0.2288	0.1319	0.001	0.001	0.3946	0.7013	0.002	0.9151	0.0929	0.001	0.001	0.001	0.2517	0.992	0.001	0.001	0.9251	0.001	0.006	0.6773	0.013	0.6833	0.001	0.5964	0.0589	0.8581	0.7463	0.4815	0.8681	0.004	0.044	0.049	0.002	0.001	0.001	0.006	0.01	0.965	0.001	0.8531	0.2288	0.001	0.01	0.001	0.1618	0.001	0.003	0.001	0.003	0.024	0.002	0.001	0.3996	0.009	0.019	0.001	0.002	0.001	0.001	0.7832	0.001	0.001	0.001	0.4925	0.001	0.8541	0.001	0.002	0.001	0.2408	0.001	0.001	0.037	0.985	0.4496	0.9341	0.2438	0.3596	0.0649	0.5225	0.006	0.0739	0.0659	0.001	0.6613	0.2318	0.006	0.9451	0.001	0.001	0.1389	0.001	0.004	0.4166	0.001	0.001	0.6404	0.0559	0.002	0.1469	0.001	0.001	0.001	0.3137	0.001	0.6963	0.005	0.001	0.001	0.001	0.001	0.3856	0.001	0.001	0.986	0.05	0.0509	0.001	0.1928	0.3277	0.5874	0.001	0.049	0.1289	0.2817	0.001	0.001	0.8212	0.0679	0.001	0.8761	0.008	0.003	0.001	0.001	0.2048	0.5924	0.0829	0.001	0.6054	0.001	0.001	0.01	0.001	0.001	0.004	0.008	0.2308	0.004	0.002	0.001	0.001	0.3337	0.6693	0.8601	0.7103	0.001	0.001	0.002	0.1568	0.013	0.001	0.019	0.001	0.1419	0.001	0.3896	0.001	0.015	0.006	0.009	0.009	0.0519	0.001	0.025	0.001	0.001	0.002	0.003	0.006	0.001	0.001	0.0619	0.0509	0.001	0.002	0.001	0.9391	0.5185	0.004	0.7323	0.2787	0.001	0.002	0.012	0.001	0.001	0.006	0.037	0.4126	0.0599	0.9391	0.6104	0.6573	0.1568	1	0.039	0.001	0.001	0.0669	0.0689	0.02	0.004	0.005	0.001	0.001	0.8132	0.001	0.0859	0.001	0.002	0.0709	0.001	0.001	0.001	0.1778	0.001	0.5834	0.001	0.4765	0.001	0.4206	0.001	0.006	0.001	0.001	0.7483	0.001	0.0859	0.001	0.001	0.001	0.001	0.001	0.6523	0.001
Sg_YA04_9	0.008	0.001	0.001	0.001	0.001	0.001	0.002	0.001	0.001	0.1449	0.001	0.017	0.2098	0.001	0.001	0.5295	0.5005	0.001	0.027	0.3177	0.002	0.5784	0.2308	0.02	0.8282	0.5175	0.019	0.046	0.002	0.0579	0.1788	0.0949	0.2048	0.001	0.011	0.004	0.001	0.4026	0.001	0.014	0.025	0.3167	0.1129	0.013	0.001	0.001	0.006	0.001	0.001	0.001	0.03	0.002	0.001	0.007	0.001	0.979	0.001	0.2527	0.4895	0.002	0.0829	0.001	0.001	0.001	0.04	0.2637	0.1399	0.008	0.001	0.001	0.6444	0.042	0.001	0.001	0.036	0.5205	0.004	0.002	0.013	0.016	0.001	0.0619	0.001	0.003	0.041	0.007	0.034	0.1918	0.3716	0.1538	0.4525	0.003	0.006	0.001	0.001	0.003	0.1039	0.6484	0.001	0.001	0.001	0.001	0.2398	0.001	0.042	0.1019	0.001	0.029	0.001	0.001	0.001	0.3387	0.1339	0.015	0.001	0.0879	0.023	0.001	0.001	0.001	0.008	0.031	0.006	0.017	0.002	0.0949	0.002	0.0519	0.1089	0.005	0.8821	0.001	0.02	0.001	0.4466	0.1109	0.028	0.001	0.001	0.006	0.01	0.0949	0.001	0.035	0.012	0.007	0.001	0.008	0.001	0.0759	0.01	0.001	0.001	0.1179	0.006	0.001	0.012	0.1269	0.5594	0.5584	0.036	0.044	0.003	0.4535	0.001	0.027	0.1449	0.001	0.001	0.001	0.5914	0.0739	0.038	0.001	0.2318	0.005	0.004	0.6164	0.029	0.001	0.1978	0.002	0.0929	0.7592	0.6074	0.028	0.001	0.1508	0.002	0.022	0.049	0.4326	0.002	0.031	0.001	0.003	0.002	0.001	0.034	0.4505	0.002	0.001	0.954	0.001	0.005	0.001	0.5355	0.6004	0.001	0.001	0.1708	0.0879	0.028	0.001	0.1489	0.001	0.001	0.001	0.5145	0.007	0.2458	0.1968	0.001	0.0609	0.995	0.03	0.03	0.001	0.001	0.001	0.1349	0.026	0.2188	0.003	0.004	0.004	0.001	0.036	0.002	0.1159	0.001	0.001	0.001	0.015	0.0579	0.002	0.995	0.001	0.0589	0.007	0.001	0.1618	0.026	0.001	0.3197	0.016	0.5734	0.027	0.008	0.2867	0.001	0.8192	0.2857	0.001	0.0879	0.001	0.985	0.011	0.001	0.003	0.004	0.3397	0.049	0.7483	0.038	0.2438	0.014	0.001	0.036	0.001	0.006	0.002	0.4915	0.3696	0.001	0.03	0.3457	0.1978	0.001	0.039	1	0.018	0.001	0.008	0.3257	0.001	0.001	0.6014	0.001	0.001	0.1279	0.001	0.1409	0.004	0.6144	0.003	0.001	0.001	0.4685	0.008	0.049	0.017	0.023	0.005	0.001	0.0559	0.002	0.001	0.026	0.001	0.031	0.013	0.001	0.001	0.024	0.4006	0.001	0.033	0.7652	0.001
Sg_YA12_28	0.001	0.001	0.003	0.001	0.001	0.2308	0.002	0.1079	0.001	0.002	0.003	0.002	0.2607	0.1718	0.034	0.007	0.3097	0.001	0.3167	0.4196	0.6154	0.003	0.001	0.011	0.002	0.007	0.018	0.001	0.001	0.001	0.001	0.5734	0.001	0.001	0.8062	0.001	0.001	0.001	0.1459	0.3007	0.3536	0.2827	0.001	0.008	0.002	0.001	0.4056	0.001	0.013	0.003	0.1249	0.046	0.028	0.001	0.9321	0.1349	0.001	0.001	0.002	0.4256	0.4446	0.001	0.1728	0.001	0.9491	0.002	0.042	0.003	0.001	0.006	0.001	0.5315	0.8601	0.001	0.01	0.022	0.2208	0.001	0.005	0.001	0.001	0.002	0.001	0.2318	0.2318	0.964	0.027	0.001	0.7862	0.024	0.001	0.6074	0.013	0.002	0.001	0.001	0.8871	0.8681	0.031	0.001	0.005	0.001	0.001	0.9241	0.001	0.3217	0.1149	0.0939	0.003	0.9391	0.028	0.5165	0.1728	0.001	0.1299	0.002	0.001	0.001	0.2258	0.5075	0.001	0.003	0.001	0.972	0.0979	0.001	0.001	0.001	0.024	0.001	0.3227	0.001	0.011	0.024	0.001	0.001	0.5335	0.4815	0.001	0.001	0.001	0.4805	0.001	0.4835	0.049	0.001	0.0769	0.6873	0.002	0.2727	0.7632	0.3077	0.002	0.3526	0.001	0.001	0.001	0.4975	0.2418	0.7133	0.6044	0.9001	0.001	0.0669	0.006	0.0989	0.001	0.001	0.7672	0.005	0.006	0.9491	0.001	0.005	0.0849	0.046	0.001	0.047	0.001	0.001	0.1898	0.031	0.007	0.005	0.002	0.001	0.001	0.1099	0.001	0.3616	0.011	0.001	0.001	0.1958	0.004	0.1648	0.1479	0.001	0.5734	0.003	0.1768	0.001	0.1508	0.025	0.1429	0.001	0.4965	0.8092	0.01	0.001	0.007	0.1638	0.0969	0.001	0.8601	0.002	0.001	0.002	0.001	0.1409	0.7463	0.002	0.001	0.2028	0.001	0.001	0.001	0.5375	0.001	0.026	0.2787	0.018	0.1379	0.001	0.001	0.001	0.2717	0.4146	0.8332	0.2767	0.1039	0.024	0.001	0.1049	0.03	0.001	0.6334	0.045	0.005	0.001	0.007	0.001	0.001	0.003	0.002	0.004	0.1449	0.001	0.001	0.001	0.001	0.001	0.001	0.003	0.0719	0.001	0.7742	0.2018	0.001	0.001	0.001	0.001	0.011	0.002	0.5485	0.4675	0.9121	0.02	0.004	0.1359	0.001	0.001	0.001	0.003	0.0619	0.5834	0.1708	0.2288	0.0559	0.001	0.018	1	0.001	0.001	0.003	0.036	0.001	0.1259	0.021	0.001	0.9011	0.001	0.013	0.001	0.001	0.001	0.001	0.001	0.001	0.5215	0.001	0.1229	0.001	0.2458	0.0629	0.4815	0.001	0.012	0.001	0.001	0.003	0.001	0.018	0.002	0.8751	0.001	0.004	0.001	0.0739	0.001
Sg_YA12_4	0.002	0.001	0.001	0.001	0.001	0.002	0.001	0.048	0.001	0.001	0.001	0.1588	0.9301	0.0649	0.003	0.1419	0.972	0.001	0.3327	0.3207	0.0949	0.3067	0.046	0.007	0.5844	0.1618	0.002	0.3337	0.008	0.038	0.048	0.1838	0.001	0.001	0.0959	0.008	0.001	0.2997	0.001	0.2148	0.035	0.8991	0.001	0.0929	0.001	0.001	0.1499	0.001	0.016	0.001	0.0909	0.001	0.004	0.027	0.001	0.2727	0.001	0.0569	0.034	0.4376	0.02	0.004	0.001	0.001	0.6224	0.2088	0.3047	0.001	0.001	0.001	0.1029	0.7892	0.049	0.001	0.2348	0.025	0.0629	0.008	0.3676	0.007	0.001	0.004	0.001	0.4895	0.007	0.1908	0.001	0.01	0.3097	0.6024	0.9371	0.1269	0.3047	0.002	0.002	0.001	0.2318	0.6543	0.001	0.001	0.1149	0.001	0.9421	0.1628	0.023	0.8851	0.001	0.1389	0.001	0.1518	0.2907	0.1129	0.1489	0.003	0.0579	0.2468	0.009	0.001	0.001	0.002	0.001	0.6903	0.012	0.5574	0.007	0.045	0.012	0.001	0.1598	0.001	0.016	0.001	0.032	0.001	0.8681	0.006	0.7892	0.001	0.001	0.002	0.001	0.002	0.001	0.8831	0.0859	0.003	0.002	0.3347	0.001	0.998	0.017	0.001	0.002	0.0979	0.006	0.002	0.03	0.1978	0.2158	0.7632	0.7502	0.3986	0.001	0.7193	0.002	0.1758	0.012	0.001	0.001	0.011	0.1748	0.7602	0.001	0.006	0.7662	0.003	0.001	0.9141	0.001	0.001	0.3237	0.001	0.2947	0.2438	0.017	0.006	0.001	0.9371	0.014	0.2328	0.007	0.0909	0.002	0.002	0.001	0.1369	0.004	0.001	0.6933	0.2218	0.0809	0.001	0.7542	0.001	0.998	0.001	0.6843	0.1269	0.041	0.001	0.1339	0.8721	0.018	0.001	0.3836	0.001	0.001	0.001	0.004	0.5934	0.5465	0.2428	0.001	0.3776	0.0519	0.002	0.003	0.003	0.001	0.001	0.007	0.4076	0.011	0.001	0.01	0.001	0.8861	0.3536	0.039	0.0629	0.001	0.002	0.001	0.2627	0.7552	0.001	0.0509	0.005	0.004	0.001	0.1508	0.006	0.0649	0.011	0.8991	0.3716	0.0609	0.004	0.01	0.0509	0.001	0.032	0.002	0.001	0.006	0.006	0.1698	0.005	0.001	0.001	0.001	0.0889	0.7872	0.3896	0.6563	0.3157	0.005	0.004	0.008	0.002	0.006	0.004	0.4136	0.7932	0.001	0.1469	0.1059	0.8292	0.0689	0.001	0.001	0.001	1	0.019	0.4825	0.001	0.001	0.2507	0.002	0.001	0.6963	0.001	0.9311	0.002	0.3357	0.027	0.002	0.001	0.01	0.0559	0.018	0.4266	0.001	0.4356	0.003	0.001	0.001	0.007	0.001	0.001	0.2777	0.002	0.008	0.001	0.002	0.1538	0.001	0.008	0.0809	0.028
Sg_YA13_10	0.012	0.001	0.021	0.001	0.005	0.035	0.001	0.6384	0.001	0.1598	0.0599	0.001	0.5754	0.9381	0.1678	0.3327	0.0559	0.001	0.7762	0.8641	0.0569	0.3277	0.009	0.3007	0.004	0.03	0.3337	0.1828	0.002	0.002	0.03	0.1708	0.038	0.001	0.2997	0.001	0.002	0.001	0.4316	0.5145	0.1249	0.3636	0.011	0.7333	0.001	0.002	0.7502	0.004	0.017	0.0579	0.2787	0.006	0.2128	0.006	0.4466	0.2917	0.006	0.0789	0.027	0.4685	0.3776	0.001	0.012	0.005	0.6913	0.2388	0.7223	0.0849	0.001	0.001	0.1928	0.8282	0.3237	0.019	0.1538	0.1449	0.001	0.008	0.5325	0.0759	0.003	0.012	0.001	0.1259	0.032	0.4276	0.3926	0.011	0.4755	0.7343	0.031	0.0739	0.3057	0.004	0.001	0.031	0.5055	0.1059	0.1548	0.001	0.8462	0.0799	0.009	0.6484	0.001	0.99	0.016	0.1199	0.02	0.018	0.986	0.1608	0.7253	0.015	0.1778	0.002	0.003	0.017	0.05	0.5824	0.028	0.3157	0.029	0.6533	0.4246	0.024	0.1538	0.001	0.5984	0.019	0.4735	0.001	0.1938	0.004	0.0659	0.1878	0.6224	0.5874	0.002	0.005	0.2727	0.8531	0.001	0.4226	0.045	0.1628	0.0989	0.2338	0.01	0.1209	0.961	0.1718	0.1618	0.3736	0.04	0.2138	0.002	0.6903	0.5574	0.007	0.3287	0.2507	0.011	0.3467	0.4246	0.2198	0.04	0.001	0.8082	0.001	0.034	0.6753	0.4246	0.017	0.5734	0.8492	0.001	0.6204	0.039	0.001	0.8701	0.9431	0.1009	0.7283	0.0699	0.3317	0.005	0.6244	0.025	0.5924	0.0809	0.006	0.009	0.7662	0.0959	0.1039	0.7882	0.001	0.5564	0.001	0.2637	0.001	0.2937	0.1908	0.4246	0.006	0.5325	0.8871	0.041	0.001	0.4336	0.0519	0.0789	0.001	0.5724	0.001	0.002	0.012	0.001	0.5814	0.7752	0.3277	0.001	0.1958	0.048	0.015	0.005	0.969	0.3676	0.006	0.1419	0.001	0.3606	0.1209	0.3836	0.008	0.9141	0.6883	0.4815	0.3467	0.1499	0.6354	0.001	0.015	0.9131	0.001	0.966	0.4016	0.0629	0.016	0.0949	0.5445	0.001	0.1658	0.4745	0.1728	0.6194	0.021	0.001	0.3946	0.001	0.9051	0.001	0.1449	0.6424	0.006	0.3377	0.4735	0.008	0.002	0.016	0.04	0.0539	0.3646	0.5345	0.3457	0.8681	0.013	0.6074	0.1518	0.001	0.0729	0.043	0.006	0.001	0.0679	0.2677	0.6743	0.8352	0.0669	0.008	0.001	0.019	1	0.001	0.005	0.001	0.3996	0.1868	0.001	0.1119	0.001	0.2218	0.002	0.016	0.001	0.001	0.019	0.1608	0.3806	0.001	0.6583	0.028	0.5055	0.1129	0.0799	0.003	0.0799	0.1289	0.003	0.1049	0.006	0.018	0.009	0.7542	0.046	0.0549	0.009	0.1758	0.037
Sg_YA31_31	0.2138	0.1718	0.014	0.003	0.009	0.3816	0.014	0.1578	0.04	0.2927	0.1778	0.001	0.8422	0.4446	0.021	0.2517	0.001	0.6214	0.3896	0.8392	0.969	0.1978	0.011	0.2078	0.003	0.037	0.974	0.03	0.001	0.001	0.038	0.0859	0.1798	0.04	0.4645	0.001	0.1868	0.001	0.5015	0.96	0.008	0.002	0.006	0.2418	0.1449	0.5974	0.009	0.0999	0.5165	0.9021	0.0579	0.0949	0.2488	0.1838	0.5195	0.9361	0.0759	0.0679	0.047	0.3796	0.5584	0.1399	0.1009	0.037	0.4815	0.2498	0.1568	0.7862	0.01	0.027	0.001	0.5634	0.2298	0.2717	0.8551	0.041	0.007	0.3976	0.4845	0.1349	0.6064	0.9001	0.028	0.1389	0.049	0.031	0.8282	0.004	0.005	0.6723	0.2038	0.6304	0.7423	0.0679	0.002	0.1179	0.0769	0.005	0.6923	0.025	0.0779	0.4925	0.001	0.2927	0.001	0.2747	0.3726	0.001	0.1259	0.3896	0.028	0.0609	0.2927	0.1269	0.8501	0.001	0.6074	0.3297	0.8741	0.6004	0.5475	0.6743	0.3137	0.2507	0.8671	0.022	0.3277	0.0769	0.3497	0.955	0.1439	0.006	0.7243	0.8112	0.012	0.003	0.9451	0.5664	0.1708	0.02	0.992	0.995	0.005	0.4975	0.2837	0.2627	0.3866	0.2777	0.7003	0.4535	0.9431	0.5045	0.1828	0.0699	0.976	0.4885	0.001	0.6044	0.5025	0.001	0.1698	0.1219	0.002	0.017	0.5514	0.5714	0.2068	0.3407	0.1099	0.036	0.001	0.6174	0.9321	0.8801	0.8501	0.4895	0.026	0.8172	0.2817	0.001	0.4575	0.2418	0.0569	0.4306	0.001	0.8282	0.6394	0.7053	0.7403	0.2827	0.011	0.002	0.956	0.6484	0.6254	0.2418	0.7343	0.001	0.7113	0.001	0.5125	0.011	0.5894	0.1059	0.4615	0.2148	0.3137	0.041	0.1688	0.001	0.022	0.5734	0.9371	0.01	0.1848	0.1429	0.015	0.8971	0.002	0.7812	0.998	0.7213	0.0699	0.7013	0.001	0.043	0.9041	0.7542	0.5574	0.974	0.7303	0.001	0.2997	0.6204	0.7323	0.021	0.5894	0.2677	0.014	0.4276	0.6933	0.1299	0.1099	0.963	0.8272	0.019	0.9301	0.8531	0.6503	0.1548	0.8611	0.015	0.001	0.1868	0.4416	0.7562	0.3986	0.044	0.004	0.1738	0.004	0.6234	0.005	0.3906	0.0719	0.4106	0.0779	0.8801	0.3147	0.4366	0.004	0.5934	0.007	0.002	0.963	0.4815	0.7892	0.5355	0.3996	0.1668	0.001	0.5385	0.009	0.001	0.1558	0.3037	0.8482	0.5684	0.043	0.0689	0.3257	0.003	0.4825	0.001	1	0.2368	0.007	0.2308	0.4046	0.001	0.001	0.0519	0.025	0.005	0.02	0.004	0.004	0.2098	0.028	0.2507	0.001	0.9231	0.035	0.011	0.8851	0.016	0.2168	0.1079	0.6434	0.022	0.4695	0.013	0.955	0.2837	0.7023	0.001	0.6763	0.006	0.2088	0.1449
Sg_YB34_1	0.013	0.001	0.003	0.008	0.004	0.0579	0.011	0.1469	0.001	0.9131	0.001	0.4016	0.001	0.003	0.001	0.7842	0.5934	0.001	0.001	0.002	0.039	0.3706	0.2218	0.9261	0.7083	0.4386	0.968	0.8601	0.0699	0.1189	0.1708	0.4256	0.0969	0.001	0.045	0.039	0.001	0.2158	0.2348	0.4116	0.7463	0.3556	0.029	0.1219	0.001	0.027	0.1069	0.001	0.0709	0.002	0.7612	0.2907	0.3097	0.0979	0.0629	0.2068	0.034	0.1279	0.8861	0.001	0.035	0.01	0.0789	0.02	0.001	0.6384	0.2697	0.009	0.03	0.1409	0.7113	0.016	0.001	0.025	0.3017	0.993	0.011	0.0549	0.0699	0.001	0.022	0.007	0.001	0.0719	0.005	0.0589	0.7872	0.6733	0.2707	0.2318	0.3347	0.2328	0.011	0.017	0.003	0.034	0.045	0.7193	0.1349	0.049	0.1209	0.033	0.7982	0.003	0.014	0.001	0.008	0.994	0.003	0.01	0.2048	0.3017	0.9191	0.001	0.1239	0.0629	0.005	0.001	0.017	0.1788	0.2128	0.1439	0.0869	0.001	0.014	0.5674	0.003	0.018	0.2667	0.001	0.8621	0.002	0.5914	0.001	0.3497	0.1598	0.001	0.0719	0.001	0.005	0.006	0.1069	0.001	0.001	0.001	0.3297	0.002	0.9221	0.018	0.001	0.023	0.0569	0.002	0.006	0.1508	0.2298	0.023	0.003	0.8841	0.6743	0.3267	0.002	0.005	0.973	0.1299	0.7582	0.2488	0.001	0.002	0.001	0.6064	0.001	0.1808	0.1459	0.5375	0.001	0.017	0.7692	0.4635	0.009	0.0909	0.028	0.1259	0.0659	0.3497	0.012	0.001	0.2188	0.001	0.001	0.6204	0.5544	0.1219	0.037	0.001	0.0889	0.001	0.001	0.001	0.0689	0.5614	0.001	0.0849	0.036	0.018	0.001	0.4106	1	0.001	0.001	0.2547	0.003	0.001	0.001	0.001	0.001	0.001	0.005	0.4715	0.2058	0.4645	0.6374	0.001	0.6733	0.8452	0.014	0.0629	0.003	0.001	0.002	0.8012	0.1538	0.5375	0.007	0.1788	0.002	0.1429	0.001	0.009	0.0769	0.0539	0.1119	0.001	0.012	0.4725	0.0719	0.3017	0.1798	0.01	0.0629	0.033	0.2238	0.0999	0.024	0.1499	0.024	0.8591	0.8811	0.03	0.4456	0.001	0.2747	0.011	0.001	0.2418	0.001	0.7762	0.004	0.012	0.028	0.1748	0.7113	0.1249	0.982	0.001	0.4695	0.005	0.001	0.3826	0.1289	0.008	0.001	0.8062	0.2877	0.001	0.2348	0.1558	0.001	0.035	0.02	0.001	0.036	0.001	0.005	0.2368	1	0.001	0.4735	0.002	0.001	0.6444	0.001	0.002	0.007	0.1808	0.01	0.001	0.002	0.3516	0.5445	0.0829	0.5514	0.0839	0.3477	0.1518	0.3936	0.02	0.1229	0.009	0.001	0.009	0.005	0.001	0.02	0.037	0.4016	0.1548	0.1598	0.5185	0.038
Sg_YB35_19	0.001	0.001	0.001	0.003	0.001	0.009	0.001	0.02	0.001	0.031	0.001	0.002	0.6953	0.001	0.001	0.4136	0.6913	0.001	0.2567	0.9281	0.005	0.5325	0.032	0.01	0.5714	0.1978	0.001	0.8651	0.001	0.001	0.017	0.0859	0.007	0.001	0.0839	0.001	0.001	0.019	0.001	0.4436	0.016	0.2048	0.002	0.5784	0.001	0.001	0.007	0.001	0.001	0.001	0.4376	0.002	0.001	0.003	0.007	0.1578	0.001	0.6923	0.1229	0.001	0.2008	0.001	0.002	0.001	0.3387	0.3506	0.1409	0.001	0.001	0.002	0.8601	0.5664	0.001	0.001	0.2607	0.3177	0.003	0.001	0.2238	0.001	0.001	0.008	0.001	0.2398	0.046	0.015	0.004	0.026	0.1858	0.044	0.0519	0.012	0.003	0.001	0.001	0.001	0.021	0.2877	0.001	0.001	0.0819	0.001	0.8222	0.001	0.001	0.8012	0.001	0.4446	0.001	0.003	0.032	0.0999	0.3207	0.001	0.001	0.002	0.001	0.001	0.001	0.001	0.002	0.037	0.004	0.3886	0.001	0.031	0.001	0.001	0.3556	0.001	0.953	0.001	0.004	0.001	0.972	0.021	0.3277	0.009	0.001	0.001	0.001	0.2507	0.001	0.1359	0.001	0.003	0.004	0.034	0.001	0.1938	0.0539	0.001	0.004	0.7702	0.002	0.002	0.001	0.8951	0.6294	0.4575	0.04	0.8501	0.001	0.7143	0.002	0.1968	0.0529	0.001	0.001	0.001	0.3986	0.3227	0.002	0.001	0.7373	0.004	0.001	0.5235	0.001	0.001	0.0579	0.002	0.0699	0.2527	0.1698	0.002	0.001	0.2577	0.001	0.3696	0.1069	0.5115	0.001	0.019	0.001	0.017	0.006	0.001	0.4735	0.009	0.0809	0.001	0.97	0.001	0.013	0.001	0.4625	0.976	0.001	0.001	0.8621	0.0749	0.003	0.001	0.3007	0.001	0.001	0.001	0.04	0.0749	0.1618	0.9211	0.001	0.2218	0.4256	0.003	0.001	0.023	0.001	0.001	0.034	0.005	0.4935	0.001	0.002	0.001	0.019	0.4276	0.006	0.0689	0.001	0.006	0.001	0.007	0.3706	0.001	0.5095	0.001	0.002	0.001	0.009	0.1199	0.001	0.001	0.7163	0.006	0.7512	0.006	0.003	0.3976	0.001	0.5075	0.008	0.001	0.028	0.001	0.6723	0.003	0.001	0.001	0.001	0.0769	0.6024	0.3377	0.2178	0.1638	0.0659	0.001	0.029	0.001	0.002	0.001	0.1928	0.023	0.001	0.2328	0.1828	0.7822	0.021	0.004	0.001	0.001	0.001	0.001	0.007	0.001	1	0.4895	0.002	0.001	0.2408	0.001	0.7313	0.001	0.3646	0.001	0.001	0.001	0.1139	0.1249	0.002	0.4086	0.001	0.021	0.002	0.008	0.001	0.001	0.001	0.001	0.028	0.001	0.001	0.001	0.0879	0.8392	0.001	0.002	0.3327	0.001
Sg_YB35_41	0.5255	0.1429	0.1898	0.5834	0.006	0.962	0.1099	0.982	0.6404	0.039	0.5285	0.047	0.8541	0.6713	0.6653	0.046	0.4186	0.5445	0.1998	0.7722	0.7622	0.8881	0.7103	0.032	0.5255	0.3197	0.3956	0.046	0.5045	0.4286	0.5694	0.4396	0.2478	0.6314	0.4895	0.3417	0.2687	0.1489	0.3956	0.8172	0.9211	0.6284	0.1718	0.8941	0.5604	0.3447	0.5475	0.4665	0.7732	0.6264	0.6583	0.2597	0.2418	0.1918	0.6444	0.004	0.7483	0.046	0.001	0.0819	0.5714	0.048	0.001	0.6593	0.5085	0.4715	0.0579	0.1459	0.016	0.0579	0.004	0.9261	0.4655	0.3307	0.8751	0.0559	0.7413	0.1129	0.7343	0.964	0.1538	0.1948	0.2577	0.5994	0.2498	0.5524	0.1059	0.001	0.986	0.8851	0.8831	0.7253	0.0909	0.8372	0.0599	0.2198	0.4855	0.2268	0.4256	0.7982	0.0949	0.0959	0.1019	0.4206	0.0989	0.8102	0.4446	0.2138	0.2617	0.1319	0.1089	0.5874	0.3067	0.1578	0.7892	0.1888	0.1858	0.2547	0.7163	0.7313	0.2038	0.4086	0.0939	0.1019	0.3736	0.005	0.2997	0.045	0.2418	0.2008	0.002	0.2527	0.043	0.7982	0.963	0.045	0.3087	0.8611	0.3936	0.05	0.2058	0.1548	0.0689	0.4755	0.1618	0.1369	0.1538	0.5135	0.6304	0.9441	0.2847	0.6454	0.0669	0.8282	0.5035	0.5385	0.1598	0.6384	0.037	0.3716	0.6164	0.005	0.4216	0.6374	0.5015	0.8731	0.3307	0.8681	0.0759	0.0819	0.1349	0.3566	0.956	0.3656	0.6673	0.031	0.2957	0.2647	0.7572	0.5235	0.5734	0.8292	0.011	0.9261	0.009	0.7752	0.8831	0.02	0.3826	0.016	0.007	0.008	0.4416	0.1159	0.9311	0.4525	0.1109	0.1678	0.3816	0.0909	0.8242	0.3526	0.0579	0.4885	0.7233	0.5045	0.1668	0.003	0.6144	0.1449	0.0909	0.7662	0.5375	0.7203	0.6214	0.4486	0.8122	0.6533	0.016	0.9061	0.003	0.1399	0.0959	0.1179	0.009	0.0909	0.1119	0.1409	0.8292	0.4975	0.2148	0.5065	0.041	0.023	0.4326	0.2348	0.955	0.035	0.8861	0.033	0.6434	0.7772	0.2308	0.4286	0.022	0.003	0.034	0.8761	0.1688	0.024	0.2917	0.2028	0.1279	0.976	0.1089	0.1908	0.016	0.0629	0.2428	0.2348	0.2517	0.1998	0.1179	0.5375	0.006	0.3097	0.0669	0.2827	0.5015	0.0939	0.003	0.2458	0.5155	0.027	0.7542	0.005	0.4076	0.4146	0.2627	0.9371	0.1838	0.4066	0.2228	0.2478	0.972	0.6124	0.8801	0.5654	0.7323	0.005	0.6014	0.1259	0.2507	0.3996	0.2308	0.4735	0.4895	1	0.015	0.1229	0.4256	0.2877	0.001	0.022	0.002	0.8112	0.003	0.2797	0.014	0.1049	0.3107	0.4496	0.0869	0.025	0.6004	0.2797	0.4236	0.0789	0.2258	0.6244	0.04	0.3317	0.7522	0.5115	0.0839	0.021	0.8851	0.0879	0.4336	0.4695
Sg_YB35_7	0.0749	0.001	0.002	0.0889	0.002	0.011	0.003	0.004	0.001	0.011	0.014	0.039	0.2278	0.001	0.009	0.002	0.5534	0.003	0.2268	0.8851	0.0979	0.4036	0.1209	0.002	0.3586	0.6503	0.002	0.8092	0.01	0.0619	0.4895	0.1578	0.008	0.001	0.1578	0.004	0.001	0.3706	0.001	0.013	0.2038	0.0549	0.027	0.3926	0.001	0.001	0.024	0.026	0.007	0.001	0.1019	0.0979	0.002	0.007	0.001	0.4935	0.001	0.3247	0.04	0.5425	0.001	0.001	0.001	0.001	0.952	0.2388	0.979	0.005	0.001	0.002	0.022	0.8761	0.1089	0.001	0.9221	0.023	0.1988	0.001	0.8561	0.016	0.001	0.016	0.002	0.1329	0.007	0.014	0.003	0.001	0.0719	0.6314	0.9001	0.988	0.6813	0.002	0.001	0.001	0.6164	0.3457	0.001	0.019	0.018	0.005	0.9101	0.0819	0.043	0.5105	0.001	0.2777	0.016	0.3916	0.03	0.5874	0.0709	0.004	0.001	0.1858	0.001	0.001	0.001	0.001	0.019	0.9031	0.007	0.4975	0.1439	0.005	0.001	0.003	0.2038	0.005	0.007	0.001	0.001	0.001	0.6324	0.012	0.7113	0.001	0.002	0.005	0.001	0.001	0.001	0.8741	0.005	0.01	0.001	0.03	0.001	0.954	0.001	0.001	0.001	0.1548	0.007	0.001	0.976	0.3546	0.0579	0.5065	0.5994	0.5524	0.018	0.0779	0.018	0.012	0.0759	0.002	0.032	0.4615	0.0819	0.3437	0.018	0.001	0.96	0.001	0.0659	0.1479	0.0559	0.001	0.2917	0.001	0.001	0.3906	0.006	0.01	0.003	0.5824	0.006	0.2268	0.026	0.2527	0.001	0.001	0.001	0.6633	0.001	0.001	0.6853	0.3746	0.002	0.001	0.1119	0.024	0.1638	0.001	0.01	0.0529	0.2937	0.001	0.2248	0.3477	0.1239	0.001	0.5165	0.001	0.01	0.001	0.1159	0.3666	0.0509	0.2198	0.001	0.3297	0.031	0.006	0.01	0.001	0.001	0.001	0.021	0.1798	0.002	0.001	0.016	0.001	0.5784	0.1788	0.039	0.958	0.001	0.001	0.001	0.1568	0.2567	0.001	0.005	0.001	0.049	0.003	0.9341	0.0679	0.0969	0.006	0.0949	0.2667	0.0859	0.1958	0.016	0.014	0.001	0.0959	0.0579	0.001	0.001	0.005	0.01	0.02	0.001	0.011	0.003	0.4525	0.9371	0.2767	0.3137	0.1069	0.001	0.001	0.024	0.001	0.029	0.001	0.7233	0.8082	0.001	0.2288	0.2917	0.6024	0.002	0.001	0.001	0.021	0.002	0.1868	0.4046	0.002	0.002	0.015	1	0.001	0.1558	0.001	0.4286	0.001	0.002	0.039	0.001	0.001	0.004	0.001	0.012	0.0769	0.001	0.2278	0.002	0.2458	0.001	0.014	0.001	0.001	0.2667	0.012	0.013	0.001	0.001	0.0839	0.001	0.007	0.1079	0.016
Sg_YB36_42	0.001	0.001	0.001	0.001	0.001	0.1489	0.001	0.6264	0.001	0.001	0.001	0.001	0.0889	0.016	0.001	0.0869	0.4515	0.001	0.0549	0.5814	0.1738	0.012	0.001	0.01	0.015	0.013	0.045	0.007	0.001	0.001	0.001	0.8641	0.001	0.001	0.5944	0.001	0.001	0.001	0.012	0.8781	0.1748	0.6613	0.001	0.2667	0.001	0.001	0.8342	0.001	0.001	0.001	0.2078	0.004	0.002	0.001	0.044	0.2697	0.001	0.001	0.013	0.957	0.8541	0.001	0.003	0.001	0.3187	0.028	0.2028	0.001	0.001	0.001	0.005	0.4206	0.015	0.001	0.0939	0.013	0.0519	0.001	0.1708	0.001	0.001	0.001	0.001	0.1998	0.008	0.6803	0.013	0.001	0.99	0.018	0.001	0.4845	0.019	0.001	0.001	0.001	0.4625	0.998	0.002	0.001	0.6144	0.001	0.001	0.2448	0.002	0.6983	0.008	0.7692	0.001	0.6963	0.7662	0.1469	0.5594	0.001	0.039	0.001	0.001	0.001	0.023	0.1009	0.001	0.024	0.001	0.4356	0.006	0.001	0.001	0.001	0.5365	0.001	0.0559	0.001	0.004	0.001	0.006	0.001	0.5405	0.2208	0.001	0.001	0.001	0.1169	0.001	0.1908	0.002	0.001	0.013	0.1459	0.001	0.033	0.1758	0.024	0.001	0.7862	0.001	0.002	0.001	0.7872	0.8282	0.5465	0.5714	0.7802	0.001	0.3437	0.043	0.034	0.002	0.001	0.5604	0.001	0.003	0.2637	0.001	0.002	0.0509	0.004	0.001	0.1339	0.001	0.001	0.9001	0.011	0.003	0.028	0.001	0.002	0.001	0.2977	0.001	0.0799	0.001	0.001	0.001	0.031	0.001	0.2268	0.014	0.001	0.2967	0.001	0.043	0.001	0.1958	0.001	0.6144	0.001	0.1548	0.1618	0.001	0.001	0.1169	0.034	0.003	0.001	0.1648	0.001	0.001	0.001	0.001	0.5155	0.5185	0.046	0.001	0.3497	0.001	0.001	0.001	0.0999	0.001	0.001	0.1339	0.003	0.0619	0.001	0.001	0.001	0.9141	0.1878	0.2797	0.2957	0.007	0.003	0.001	0.011	0.6783	0.001	0.2637	0.001	0.013	0.001	0.012	0.002	0.001	0.002	0.011	0.002	0.0839	0.001	0.001	0.017	0.001	0.007	0.001	0.001	0.015	0.001	0.1099	0.036	0.001	0.001	0.001	0.01	0.2507	0.004	0.0879	0.1828	0.3706	0.001	0.004	0.005	0.001	0.001	0.002	0.001	0.001	0.1369	0.6663	0.1309	0.9291	0.001	0.001	0.001	0.001	0.001	0.001	0.001	0.001	0.1229	0.001	1	0.7283	0.001	0.0789	0.001	0.001	0.001	0.001	0.001	0.007	0.8122	0.001	0.8801	0.001	0.7313	0.005	0.0769	0.001	0.002	0.001	0.001	0.007	0.001	0.001	0.001	0.1698	0.016	0.002	0.001	0.6873	0.001
Sg_YB37_21	0.6274	0.8322	0.044	0.4106	0.6354	0.042	0.2637	0.1259	0.8651	0.2887	0.6094	0.001	0.001	0.5994	0.2937	0.7852	0.1898	0.4346	0.015	0.0659	0.1708	0.5245	0.5624	0.05	0.1149	0.1668	0.013	0.3976	0.017	0.03	0.6673	0.4905	0.6733	0.9201	0.3467	0.004	0.8402	0.006	0.1548	0.001	0.009	0.2977	0.3936	0.4585	0.5554	0.0619	0.1598	0.4076	0.5265	0.7413	0.025	0.0749	0.0509	0.1938	0.0799	0.2198	0.6254	0.5814	0.985	0.3247	0.009	0.3886	0.034	0.3986	0.3177	0.7033	0.048	0.8232	0.5485	0.03	0.033	0.7013	0.6653	0.7572	0.1429	0.04	0.027	0.1379	0.956	0.6733	0.4066	0.1139	0.4186	0.7872	0.3556	0.4056	0.0629	0.1958	0.001	0.014	0.0979	0.2248	0.8492	0.0799	0.025	0.9461	0.5924	0.016	0.1988	0.999	0.026	0.5385	0.6204	0.4266	0.002	0.023	0.012	0.6104	0.5255	0.5425	0.7712	0.3047	0.0599	0.9041	0.7532	0.032	0.1888	0.3846	0.2308	0.014	0.6653	0.05	0.3037	0.015	0.2547	0.1708	0.0919	0.3946	0.1888	0.6573	0.6494	0.3986	0.1788	0.5045	0.7233	0.2458	0.1998	0.036	0.4555	0.6364	0.3467	0.034	0.1578	0.953	0.5694	0.0799	0.1409	0.9401	0.1878	0.3017	0.025	0.012	0.1379	0.2637	0.5754	0.2188	0.2907	0.2338	0.007	0.007	0.3606	0.008	0.8002	0.4525	0.7802	0.6464	0.7353	0.9451	0.1838	0.4545	0.1469	0.1868	0.966	0.1409	0.0979	0.1668	0.1169	0.2388	0.6993	0.0559	0.4975	0.7552	0.3287	0.012	0.1988	0.6913	0.0839	0.4935	0.3676	0.006	0.3716	0.7642	0.0759	0.043	0.1968	0.4006	0.0839	0.6324	0.1099	0.014	0.7293	0.9311	0.1489	0.0879	0.6134	0.049	0.032	0.2308	0.9191	0.4655	0.7502	0.1059	0.1089	0.6933	0.7902	0.4955	0.8082	0.7902	0.976	0.1738	0.3027	0.4346	0.3586	0.8541	0.1758	1	0.7353	0.1299	0.2178	0.8432	0.2757	0.004	0.5994	0.5724	0.5604	0.7682	0.5365	0.004	0.2038	0.6434	0.0729	0.5924	0.7103	0.039	0.5475	0.5564	0.3317	0.007	0.8601	0.7532	0.6444	0.1618	0.001	0.7762	0.9131	0.7203	0.8012	0.5724	0.0789	0.3916	0.963	0.1359	0.2358	0.2078	0.004	0.3876	0.0779	0.6583	0.1159	0.9081	0.4156	0.3007	0.1299	0.1089	0.1998	0.1449	0.0889	0.3746	0.952	0.008	0.8392	0.0519	0.1828	0.0539	0.1878	0.8581	0.7083	0.004	0.2378	0.8132	0.1279	0.9011	0.6963	0.1119	0.001	0.6444	0.2408	0.4256	0.1558	0.7283	1	0.6933	0.5754	0.4406	0.1409	0.7403	0.7363	0.2008	0.996	0.001	0.002	0.0749	1	0.5874	0.3417	0.039	0.4565	0.2567	0.7223	0.5914	0.1568	0.6194	0.6314	0.026	0.043	0.1139	0.0889	0.6284	0.5594	0.4605
Sg_YB37_28	0.003	0.001	0.001	0.001	0.001	0.1678	0.001	0.4036	0.001	0.003	0.001	0.013	0.3047	0.005	0.001	0.1678	0.7453	0.001	0.0919	0.6863	0.019	0.004	0.001	0.001	0.046	0.1099	0.007	0.034	0.001	0.003	0.001	0.2957	0.001	0.001	0.6124	0.001	0.001	0.0509	0.016	0.5215	0.028	0.3057	0.001	0.4266	0.001	0.001	0.5025	0.001	0.001	0.001	0.7353	0.009	0.003	0.001	0.021	0.2168	0.001	0.009	0.021	0.2258	0.2697	0.001	0.006	0.001	0.6454	0.1029	0.1219	0.002	0.001	0.001	0.043	0.6434	0.01	0.001	0.0859	0.018	0.043	0.001	0.8472	0.001	0.001	0.001	0.001	0.5954	0.0549	0.0519	0.002	0.001	0.6484	0.014	0.008	0.5954	0.024	0.001	0.001	0.001	0.2118	0.4046	0.001	0.001	0.6673	0.001	0.014	0.2108	0.001	0.962	0.001	0.972	0.001	0.1898	0.6474	0.2737	0.5684	0.001	0.005	0.0589	0.001	0.001	0.001	0.01	0.002	0.045	0.001	0.5524	0.005	0.001	0.001	0.001	0.9271	0.001	0.044	0.001	0.002	0.001	0.1209	0.001	0.7493	0.027	0.001	0.001	0.001	0.034	0.001	0.3357	0.003	0.001	0.006	0.0899	0.001	0.1219	0.028	0.004	0.001	0.5015	0.001	0.001	0.002	0.95	0.8032	0.997	0.7902	0.4346	0.002	0.5994	0.001	0.029	0.014	0.001	0.023	0.001	0.04	0.4186	0.001	0.001	0.3357	0.003	0.002	0.4885	0.001	0.001	0.1838	0.001	0.042	0.005	0.01	0.001	0.001	0.6783	0.001	0.0519	0.012	0.001	0.001	0.014	0.001	0.1329	0.01	0.001	0.3127	0.0579	0.019	0.001	0.5355	0.002	0.4525	0.001	0.2917	0.6334	0.001	0.001	0.2957	0.038	0.012	0.001	0.4585	0.001	0.001	0.001	0.001	0.1029	0.6723	0.024	0.001	0.2847	0.012	0.001	0.001	0.028	0.001	0.001	0.041	0.002	0.019	0.001	0.001	0.001	0.8202	0.1289	0.03	0.1578	0.002	0.001	0.001	0.017	0.6464	0.001	0.3756	0.001	0.003	0.001	0.007	0.007	0.002	0.001	0.0719	0.01	0.4066	0.001	0.001	0.035	0.001	0.001	0.001	0.001	0.015	0.001	0.3227	0.005	0.001	0.001	0.001	0.1259	0.9391	0.0689	0.2717	0.3506	0.0819	0.001	0.006	0.001	0.001	0.001	0.2018	0.1089	0.001	0.1848	0.8212	0.2877	0.3816	0.001	0.001	0.001	0.001	0.001	0.0519	0.001	0.001	0.2877	0.001	0.001	0.6933	1	0.4955	0.001	0.025	0.001	0.001	0.001	0.015	0.3536	0.015	0.4595	0.001	0.6294	0.003	0.0789	0.001	0.001	0.001	0.001	0.002	0.001	0.001	0.001	0.0679	0.1129	0.001	0.001	0.3437	0.001
Sg_YB37_7	0.3337	0.7253	0.2018	0.2228	0.003	0.002	0.0839	0.001	0.3147	0.001	0.9311	0.0509	0.001	0.014	0.021	0.7542	0.8821	0.5425	0.001	0.1169	0.02	0.036	0.035	0.002	0.0699	0.2827	0.032	0.014	0.1459	0.008	0.036	0.1968	0.001	0.9231	0.012	0.036	0.3516	0.006	0.1329	0.5475	0.9271	0.3257	0.002	0.001	0.1429	0.978	0.01	0.3516	0.1229	0.5215	0.0629	0.1439	0.6533	0.003	0.0559	0.9181	0.0869	0.001	0.001	0.001	0.011	0.0979	0.2857	0.0949	0.001	0.003	0.3097	0.036	0.004	0.027	0.001	0.0529	0.013	0.032	0.001	0.001	0.5984	0.01	0.001	0.3237	0.6144	0.1578	0.5914	0.1409	0.4945	0.1928	0.002	0.002	0.015	0.5495	0.4086	0.5784	0.0859	0.4016	0.3287	0.1948	0.0619	0.8342	0.2328	0.1219	0.009	0.2488	0.001	0.026	0.016	0.002	0.1189	0.2677	0.1059	0.002	0.002	0.0729	0.2647	0.0849	0.037	0.0539	0.0859	0.1598	0.2927	0.0889	0.002	0.6214	0.006	0.001	0.1758	0.001	0.4446	0.001	0.8861	0.0619	0.038	0.1668	0.024	0.0739	0.002	0.001	0.001	0.1079	0.6384	0.015	0.0779	0.5395	0.1189	0.026	0.97	0.003	0.034	0.6833	0.7493	0.1069	0.042	0.033	0.2727	0.035	0.0769	0.6843	0.1199	0.001	0.013	0.969	0.9491	0.001	0.999	0.1419	0.05	0.3736	0.0509	0.7073	0.001	0.7762	0.001	0.001	0.03	0.6873	0.954	0.1558	0.001	0.6623	0.017	0.9061	0.1638	0.5944	0.8152	0.3197	0.001	0.3297	0.6134	0.001	0.2807	0.001	0.002	0.001	0.2827	0.6803	0.1429	0.032	0.041	0.2238	0.002	0.016	0.8611	0.9231	0.1149	0.9401	0.022	0.3047	0.0979	0.031	0.01	0.1139	0.007	0.003	0.8492	0.8422	0.037	0.1878	0.3996	0.2807	0.002	0.1518	0.2188	0.3916	0.0519	0.6444	0.001	0.006	0.003	0.016	0.966	0.5594	0.013	0.4865	0.2278	0.1439	0.3826	0.9461	0.001	0.001	0.3257	0.016	0.03	0.1688	0.8931	0.028	0.1678	0.006	0.1528	0.2977	0.2997	0.0609	0.3307	0.0619	0.0789	0.3946	0.003	0.3147	0.008	0.001	0.3157	0.7283	0.2398	0.021	0.1259	0.0859	0.1558	0.3656	0.012	0.1898	0.7233	0.048	0.001	0.7033	0.003	0.001	0.001	0.5934	0.009	0.8132	0.5994	0.8841	0.014	0.4076	0.001	0.05	0.026	0.1708	0.6603	0.001	0.011	0.0859	0.1409	0.013	0.9311	0.2218	0.025	0.002	0.7313	0.001	0.4286	0.0789	0.5754	0.4955	1	0.011	0.001	0.5944	0.026	0.2607	0.1479	0.1189	0.019	0.045	0.001	0.017	0.5495	0.2358	0.1109	0.4066	0.2747	0.8721	0.1618	0.002	0.3996	0.2757	0.2178	0.001	0.1459	0.002	0.0629	0.044
Sg_YB38_12	0.001	0.001	0.001	0.001	0.001	0.4795	0.002	0.2757	0.001	0.001	0.001	0.006	0.2238	0.1079	0.012	0.026	0.8172	0.001	0.2787	0.3686	0.3856	0.002	0.001	0.001	0.002	0.0949	0.001	0.001	0.001	0.001	0.001	0.3337	0.001	0.001	0.974	0.001	0.001	0.006	0.011	0.7043	0.3447	0.4206	0.001	0.004	0.001	0.001	0.4366	0.001	0.013	0.004	0.3936	0.0619	0.1159	0.001	0.8462	0.5944	0.001	0.001	0.005	0.5824	0.4755	0.001	0.012	0.001	0.9021	0.001	0.034	0.001	0.001	0.02	0.001	0.7592	0.7672	0.001	0.004	0.001	0.1089	0.001	0.002	0.001	0.004	0.001	0.001	0.2478	0.1439	0.5624	0.004	0.001	0.4056	0.1538	0.001	0.3317	0.0559	0.003	0.001	0.001	0.6054	0.5125	0.014	0.001	0.0519	0.001	0.001	0.4795	0.001	0.3906	0.0579	0.0739	0.002	0.5624	0.0759	0.4396	0.4226	0.001	0.0769	0.035	0.001	0.001	0.0879	0.2747	0.001	0.001	0.001	0.9241	0.024	0.001	0.002	0.001	0.2707	0.001	0.1379	0.001	0.001	0.008	0.01	0.001	0.6983	0.9021	0.001	0.001	0.001	0.037	0.001	0.4136	0.0509	0.001	0.002	0.5884	0.001	0.2577	0.048	0.2617	0.001	0.3956	0.001	0.002	0.001	0.8062	0.4835	0.5315	0.6823	0.6304	0.001	0.036	0.008	0.0749	0.001	0.001	0.963	0.01	0.001	0.8741	0.001	0.01	0.2777	0.001	0.001	0.1958	0.001	0.001	0.2507	0.002	0.004	0.001	0.001	0.001	0.001	0.049	0.001	0.6963	0.001	0.001	0.001	0.011	0.001	0.7013	0.004	0.001	0.6124	0.009	0.0879	0.001	0.0729	0.043	0.1029	0.001	0.0519	0.4396	0.025	0.001	0.023	0.4246	0.038	0.001	0.5784	0.001	0.001	0.011	0.001	0.1948	0.7542	0.001	0.001	0.6613	0.001	0.001	0.001	0.038	0.001	0.006	0.1309	0.0659	0.043	0.001	0.001	0.001	0.0749	0.4306	0.4995	0.3646	0.0989	0.007	0.001	0.2527	0.009	0.001	0.4086	0.013	0.001	0.001	0.004	0.002	0.004	0.003	0.001	0.01	0.0599	0.001	0.001	0.003	0.001	0.001	0.001	0.001	0.004	0.001	0.0889	0.0659	0.001	0.001	0.001	0.0709	0.009	0.001	0.4076	0.2617	0.1179	0.002	0.001	0.0599	0.001	0.001	0.001	0.032	0.044	0.7722	0.0709	0.2757	0.1588	0.001	0.004	0.001	0.002	0.002	0.005	0.007	0.001	0.022	0.001	0.001	0.4406	0.001	0.011	1	0.001	0.001	0.001	0.001	0.001	0.6024	0.002	0.8402	0.001	0.2048	0.0759	0.7273	0.001	0.04	0.001	0.001	0.002	0.001	0.006	0.003	0.0999	0.001	0.005	0.001	0.029	0.001
Sg_YB38_21	0.1658	0.0959	0.0549	0.018	0.001	0.1628	0.1129	0.1578	0.4046	0.002	0.9461	0.003	0.1389	0.3497	0.8432	0.1489	0.3806	0.3097	0.0829	0.7133	0.1738	0.03	0.001	0.002	0.015	0.7692	0.003	0.01	0.005	0.005	0.036	0.2817	0.001	0.032	0.1508	0.002	0.5514	0.006	0.1129	0.8831	0.6334	0.3916	0.004	0.041	0.7223	0.042	0.1479	0.2298	0.3986	0.3467	0.5205	0.6244	0.8551	0.001	0.7053	0.5574	0.001	0.001	0.001	0.002	0.4885	0.012	0.04	0.001	0.0699	0.001	0.3337	0.015	0.001	0.024	0.001	0.965	0.015	0.003	0.03	0.001	0.3157	0.001	0.001	0.3866	0.1319	0.015	0.0529	0.9071	0.0729	0.6703	0.006	0.001	0.1778	0.6563	0.1948	0.5325	0.1968	0.2937	0.007	0.005	0.1489	0.8012	0.3097	0.0719	0.2727	0.1019	0.001	0.3686	0.022	0.1858	0.5205	0.2298	0.0909	0.029	0.1469	0.2258	0.7233	0.0839	0.5435	0.1329	0.013	0.022	0.96	0.8032	0.002	0.9221	0.002	0.003	0.5015	0.001	0.5465	0.001	0.6693	0.035	0.011	0.003	0.011	0.7692	0.003	0.001	0.007	0.7433	0.5814	0.001	0.002	0.012	0.001	0.3536	0.3836	0.001	0.2348	0.3506	0.001	0.9191	0.0529	0.9051	0.002	0.3157	0.035	0.0529	0.007	0.3766	0.01	0.3786	0.3417	0.001	0.2517	0.3536	0.4136	0.047	0.015	0.4835	0.001	0.7522	0.001	0.1469	0.021	0.1998	0.7882	0.047	0.013	0.5305	0.016	0.1019	0.8072	0.5884	0.001	0.1009	0.001	0.4106	0.1548	0.008	0.3157	0.006	0.001	0.001	0.014	0.005	0.5674	0.1339	0.1029	0.002	0.1758	0.011	0.0909	0.019	0.1369	0.7203	0.2957	0.015	0.1499	0.025	0.1329	0.002	0.015	0.1868	0.9411	0.038	0.8422	0.6474	0.5195	0.8751	0.002	0.6094	0.1279	0.0839	0.013	0.4276	0.001	0.001	0.002	0.2527	0.4585	0.4116	0.1079	0.1299	0.042	0.02	0.0859	0.0579	0.032	0.005	0.2977	0.022	0.9161	0.3566	0.1229	0.6434	0.1638	0.001	0.04	0.1778	0.3057	0.004	0.4635	0.0789	0.002	0.5365	0.002	0.8561	0.017	0.002	0.029	0.1568	0.003	0.034	0.014	0.8551	0.001	0.0929	0.005	0.965	0.1918	0.01	0.001	0.7373	0.002	0.001	0.1449	0.7802	0.2617	0.6414	0.3387	0.1469	0.001	0.5904	0.001	0.1329	0.982	0.9131	0.5285	0.04	0.4525	0.002	0.6144	0.001	0.3357	0.016	0.02	0.1808	0.3646	0.002	0.002	0.001	0.1409	0.025	0.001	0.001	1	0.0529	0.001	0.5904	0.029	0.5824	0.003	0.4545	0.001	0.0719	0.6613	0.6703	0.011	0.5305	0.1688	0.0669	0.1828	0.007	0.9191	0.2348	0.039	0.001	0.5155	0.001	0.2498	0.004
Sg_YB38_6	0.001	0.002	0.2238	0.006	0.001	0.4066	0.042	0.4286	0.001	0.0799	0.003	0.002	0.6583	0.3177	0.027	0.7672	0.0819	0.004	0.7752	0.5974	0.6284	0.3716	0.004	0.006	0.4356	0.9441	0.1399	0.1289	0.001	0.008	0.005	0.5704	0.001	0.001	0.4186	0.013	0.001	0.003	0.027	0.1748	0.046	0.1269	0.002	0.8282	0.003	0.1009	0.1129	0.001	0.1129	0.03	0.3836	0.0599	0.1309	0.004	0.3556	0.2867	0.001	0.029	0.0679	0.027	0.4226	0.004	0.01	0.009	0.9341	0.0899	0.7702	0.001	0.004	0.049	0.8072	0.4625	0.2857	0.001	0.5764	0.5455	0.006	0.003	0.7113	0.001	0.032	0.001	0.001	0.4246	0.023	0.2238	0.1169	0.017	0.7912	0.5554	0.7582	0.2907	0.3836	0.0849	0.003	0.0839	0.0559	0.1528	0.4895	0.0669	0.5694	0.019	0.9361	0.008	0.003	0.979	0.1279	0.1508	0.001	0.4406	0.8741	0.007	0.046	0.001	0.005	0.004	0.002	0.001	0.1668	0.7483	0.001	0.1748	0.006	0.8741	0.002	0.1279	0.001	0.002	0.3606	0.003	0.2747	0.001	0.0699	0.001	0.7652	0.2378	0.7273	0.3447	0.001	0.001	0.001	0.2597	0.001	0.967	0.2517	0.1219	0.027	0.8731	0.014	0.7223	0.1878	0.1528	0.0769	0.8022	0.2398	0.3267	0.007	0.6853	0.6134	0.0909	0.4675	0.3067	0.001	0.037	0.3646	0.6234	0.013	0.003	0.0759	0.006	0.5165	0.8651	0.02	0.4296	0.0529	0.048	0.015	0.0819	0.3037	0.006	0.04	0.038	0.1049	0.4795	0.3606	0.003	0.001	0.8901	0.022	0.4885	0.2997	0.3267	0.1249	0.039	0.002	0.0829	0.0559	0.001	0.9341	0.006	0.6484	0.001	0.3157	0.0919	0.7582	0.023	0.3706	0.8332	0.4326	0.001	0.3526	0.1239	0.001	0.001	0.8252	0.001	0.001	0.1728	0.022	0.0879	0.8521	0.1548	0.001	0.9001	0.961	0.001	0.001	0.0759	0.019	0.006	0.6194	0.001	0.047	0.004	0.1768	0.001	0.5445	0.5864	0.029	0.4126	0.2877	0.5624	0.001	0.037	0.4186	0.001	0.7053	0.8961	0.002	0.008	0.0849	0.6364	0.009	0.1518	0.977	0.7852	0.3736	0.022	0.004	0.6294	0.001	0.4066	0.004	0.001	0.029	0.008	0.2897	0.1399	0.3097	0.001	0.002	0.2557	0.9491	0.8531	0.6923	0.6773	0.0909	0.0679	0.2847	0.001	0.033	0.001	0.012	0.012	0.009	0.3546	0.5504	0.4515	0.5245	0.0709	0.003	0.001	0.027	0.001	0.004	0.01	0.001	0.8112	0.039	0.001	0.7403	0.001	0.5944	0.001	0.0529	1	0.01	0.007	0.8002	0.8002	0.003	0.2258	0.03	0.1908	0.9311	0.7622	0.0889	0.1568	0.001	0.001	0.0649	0.1628	0.007	0.025	0.0749	0.8501	0.0789	0.001	0.5644	0.006
Sg_YB39_24	0.009	0.001	0.001	0.001	0.001	0.2098	0.001	0.7552	0.001	0.001	0.003	0.002	0.021	0.005	0.009	0.003	0.3686	0.001	0.042	0.3996	0.3137	0.001	0.001	0.005	0.0669	0.015	0.0639	0.003	0.001	0.001	0.001	0.983	0.001	0.001	0.8152	0.001	0.001	0.002	0.1199	0.9221	0.6843	0.3986	0.001	0.1169	0.001	0.001	0.8721	0.001	0.034	0.002	0.8781	0.0799	0.005	0.001	0.1009	0.2587	0.001	0.003	0.001	0.7572	0.6683	0.001	0.007	0.001	0.1978	0.011	0.6114	0.004	0.001	0.001	0.001	0.5265	0.2498	0.001	0.1648	0.028	0.0839	0.001	0.3686	0.001	0.001	0.001	0.001	0.4635	0.019	0.1848	0.004	0.001	0.7862	0.0949	0.001	0.7792	0.035	0.001	0.001	0.001	0.7612	0.955	0.001	0.001	0.2058	0.001	0.003	0.8751	0.001	0.5495	0.015	0.1848	0.001	0.6773	0.3716	0.5275	0.1818	0.001	0.0759	0.003	0.001	0.001	0.2038	0.1598	0.001	0.0589	0.001	0.4106	0.025	0.001	0.001	0.001	0.2268	0.001	0.0599	0.001	0.007	0.001	0.002	0.001	0.6953	0.1948	0.001	0.001	0.001	0.023	0.001	0.1209	0.001	0.001	0.01	0.8312	0.002	0.009	0.0909	0.0719	0.001	0.8671	0.002	0.001	0.001	0.2847	1	0.7702	0.8841	0.9141	0.001	0.8871	0.1788	0.3916	0.006	0.001	0.5305	0.017	0.003	0.0919	0.001	0.001	0.036	0.001	0.001	0.1598	0.001	0.001	0.4705	0.2617	0.001	0.044	0.001	0.001	0.001	0.2418	0.001	0.1508	0.013	0.001	0.001	0.01	0.001	0.3187	0.008	0.001	0.0759	0.001	0.1229	0.001	0.1768	0.038	0.8132	0.001	0.0649	0.3427	0.009	0.001	0.004	0.037	0.014	0.001	0.1179	0.001	0.001	0.001	0.001	0.8541	0.7483	0.005	0.001	0.3487	0.001	0.001	0.001	0.0679	0.001	0.001	0.1059	0.018	0.016	0.001	0.001	0.001	0.8392	0.1299	0.7053	0.7932	0.047	0.002	0.001	0.01	0.004	0.001	0.2757	0.003	0.005	0.001	0.045	0.001	0.001	0.007	0.014	0.001	0.0599	0.001	0.001	0.002	0.001	0.001	0.001	0.002	0.003	0.001	0.2498	0.1059	0.001	0.001	0.001	0.013	0.6424	0.003	0.0709	0.036	0.2268	0.001	0.004	0.021	0.001	0.001	0.002	0.022	0.001	0.6414	0.7373	0.0759	0.9201	0.001	0.001	0.001	0.002	0.001	0.004	0.001	0.001	0.003	0.001	0.001	0.7363	0.001	0.026	0.001	0.001	0.01	1	0.001	0.001	0.4366	0.003	0.9261	0.001	0.4206	0.001	0.2388	0.001	0.005	0.001	0.001	0.0999	0.001	0.001	0.004	0.0609	0.004	0.017	0.001	0.1778	0.001
Sg_YB41_11	0.001	0.001	0.007	0.002	0.001	0.006	0.001	0.002	0.001	0.049	0.001	0.0699	0.966	0.001	0.002	0.5614	0.4036	0.001	0.2038	0.5185	0.001	0.1738	0.007	0.035	0.5564	0.5714	0.005	0.8112	0.001	0.0719	0.011	0.041	0.002	0.001	0.007	0.003	0.001	0.2248	0.003	0.0529	0.007	0.7862	0.02	0.4785	0.001	0.001	0.029	0.001	0.001	0.001	0.0869	0.006	0.001	0.002	0.001	0.8142	0.001	0.6903	0.5285	0.003	0.02	0.001	0.003	0.002	0.5175	0.966	0.0939	0.005	0.001	0.002	0.4196	0.977	0.007	0.001	0.952	0.2198	0.044	0.011	0.4206	0.015	0.001	0.045	0.001	0.1029	0.016	0.012	0.032	0.002	0.1578	0.0599	0.1089	0.3277	0.003	0.001	0.001	0.001	0.0829	0.6863	0.001	0.001	0.049	0.001	0.7313	0.03	0.0819	0.9211	0.001	0.2378	0.004	0.033	0.018	0.7992	0.2078	0.003	0.001	0.2158	0.002	0.001	0.001	0.001	0.032	0.0959	0.048	0.2557	0.004	0.003	0.001	0.009	0.4486	0.004	0.5075	0.001	0.005	0.001	0.7363	0.008	0.3656	0.002	0.001	0.001	0.002	0.005	0.001	0.2278	0.012	0.017	0.001	0.001	0.001	0.6523	0.001	0.001	0.001	0.5874	0.003	0.001	0.0569	0.993	0.6444	0.9351	0.3506	0.3087	0.018	0.7003	0.001	0.007	0.1618	0.005	0.001	0.004	0.5335	0.6653	0.004	0.001	0.971	0.001	0.017	0.7992	0.001	0.001	0.3477	0.001	0.0919	0.033	0.0999	0.003	0.001	0.3147	0.001	0.1728	0.024	0.3906	0.001	0.002	0.001	0.031	0.002	0.001	0.6014	0.3217	0.001	0.001	0.8302	0.001	0.1389	0.001	0.6464	0.8501	0.001	0.001	0.965	0.3467	0.0699	0.001	0.5375	0.001	0.001	0.001	0.028	0.013	0.6264	0.2028	0.001	0.3866	0.1798	0.031	0.012	0.003	0.001	0.001	0.3487	0.1049	0.0959	0.001	0.002	0.001	0.1548	0.1908	0.005	0.031	0.001	0.001	0.001	0.029	0.8182	0.002	0.5784	0.001	0.04	0.001	0.008	0.0669	0.028	0.001	0.4316	0.001	0.6713	0.046	0.001	0.4286	0.001	0.027	0.0609	0.001	0.005	0.001	0.5035	0.005	0.001	0.001	0.004	0.0769	0.8212	0.3307	0.2647	0.5215	0.005	0.001	0.003	0.001	0.002	0.001	0.4885	0.2118	0.001	0.1019	0.9181	0.967	0.028	0.001	0.001	0.001	0.001	0.019	0.2098	0.002	0.001	0.2797	0.001	0.001	0.2008	0.001	0.2607	0.001	0.5904	0.007	0.001	1	0.3237	0.01	0.0869	0.2647	0.002	0.1399	0.001	0.023	0.001	0.001	0.001	0.001	0.009	0.001	0.001	0.001	0.005	0.8651	0.001	0.001	0.995	0.001
Sg_YB41_12	0.2927	0.01	0.005	0.045	0.012	0.1548	0.041	0.5904	0.1189	0.002	0.8781	0.043	0.9321	0.1339	0.5195	0.001	0.1628	0.0809	0.8482	0.2607	0.3956	0.2927	0.01	0.009	0.2198	0.1538	0.031	0.006	0.043	0.006	0.0769	0.5035	0.031	0.015	0.4336	0.002	0.004	0.046	0.3966	0.954	0.2597	0.8641	0.003	0.1898	0.021	0.0949	0.1968	0.015	0.7053	0.1768	0.953	0.3526	0.002	0.004	0.5225	0.4635	0.0519	0.001	0.009	0.0849	0.3007	0.048	0.3516	0.04	0.1618	0.007	0.2438	0.0709	0.003	0.046	0.001	0.1149	0.2777	0.01	0.2178	0.1189	0.955	0.006	0.4266	0.1459	0.025	0.03	0.4725	0.0759	0.1129	0.8741	0.015	0.002	0.2757	0.7323	0.0789	0.7932	0.5864	0.0689	0.013	0.002	0.3227	0.7672	0.4346	0.028	0.0809	0.009	0.036	0.1938	0.02	0.2258	0.1518	0.043	0.1628	0.7592	0.034	0.1189	0.6503	0.01	0.6314	0.025	0.1159	0.1009	0.8282	0.4356	0.01	0.6034	0.002	0.2897	0.7403	0.036	0.3497	0.001	0.4256	0.016	0.001	0.006	0.1788	0.7732	0.0549	0.011	0.0939	0.994	0.1389	0.001	0.007	0.0589	0.011	0.2038	0.009	0.007	0.0939	0.047	0.1828	0.8112	0.1479	0.1069	0.008	0.6983	0.0599	0.01	0.1698	0.1968	0.2987	0.2438	0.3786	0.3037	0.1229	0.7453	0.1738	0.3546	0.1159	0.024	0.2338	0.8422	0.1009	0.6533	0.001	0.048	0.3596	0.016	0.001	0.7672	0.011	0.021	0.2687	0.951	0.0689	0.7473	0.009	0.002	0.011	0.1089	0.023	0.972	0.7532	0.002	0.0779	0.027	0.3367	0.8472	0.035	0.006	0.2737	0.032	0.4396	0.035	0.6294	0.9431	0.0829	0.036	0.0769	0.2108	0.7732	0.0719	0.001	0.965	0.7982	0.0679	0.3636	0.976	0.1049	0.034	0.001	0.0759	0.3177	0.0549	0.002	0.7852	0.002	0.002	0.0829	0.1199	0.03	0.3816	0.4515	0.2018	0.006	0.0829	0.05	0.001	0.1419	0.8691	0.1648	0.7463	0.1129	0.1099	0.1119	0.1548	0.002	0.004	0.015	0.2078	0.044	0.004	0.4535	0.039	0.019	0.7143	0.019	0.7822	0.1239	0.011	0.0839	0.001	0.007	0.01	0.001	0.3377	0.002	0.1039	0.9151	0.0829	0.042	0.004	0.002	0.1948	0.8791	0.1548	0.3956	0.003	0.2577	0.3177	0.1708	0.9441	0.013	0.2188	0.026	0.1978	0.7902	0.5455	0.4855	0.5485	0.6963	0.001	0.4685	0.001	0.01	0.1608	0.028	0.3516	0.1139	0.014	0.004	0.007	0.996	0.015	0.1479	0.001	0.029	0.8002	0.001	0.3237	1	0.2198	0.014	0.9001	0.002	0.015	0.3097	0.4136	0.004	0.024	0.01	0.1518	0.4865	0.007	0.8591	0.0829	0.1129	0.0609	0.5475	0.001	0.6953	0.038
Sg_YB46_3	0.7682	0.5165	0.011	0.5485	0.2687	0.001	0.1019	0.001	0.1718	0.2927	0.8432	0.048	0.0579	0.049	0.009	0.032	0.95	0.3437	0.1868	0.2208	0.05	0.6154	0.1748	0.0919	0.6444	0.0619	0.008	0.1009	0.046	0.9091	0.0679	0.7383	0.3896	0.5485	0.049	0.1269	0.1189	0.4246	0.019	0.001	0.002	0.1009	0.2158	0.015	0.1369	0.001	0.3946	0.8072	0.0609	0.008	0.001	0.1299	0.001	0.1538	0.001	0.0819	0.8322	0.0669	0.6164	0.0859	0.002	0.2997	0.001	0.8482	0.3207	0.6693	0.004	0.5325	0.0569	0.002	0.4096	0.1299	0.1069	0.4036	0.013	0.5315	0.1738	0.1089	0.011	0.6324	0.003	0.5015	0.2617	0.032	0.005	0.5025	0.031	0.035	0.035	0.02	0.008	0.0699	0.2378	0.001	0.014	0.003	0.6194	0.0839	0.002	0.3776	0.001	0.039	0.0639	0.8332	0.2188	0.3556	0.001	0.3437	0.9311	0.027	0.01	0.984	0.017	0.968	0.015	0.1598	0.6973	0.3307	0.003	0.001	0.7003	0.003	0.1878	0.4426	0.3147	0.8252	0.7892	0.3896	0.9231	0.8302	0.3916	0.4995	0.8452	0.0709	0.9231	0.4296	0.2158	0.001	0.3047	0.1239	0.3007	0.001	0.0589	0.2018	0.1668	0.1229	0.006	0.0869	0.026	0.1369	0.001	0.001	0.005	0.038	0.3616	0.001	0.3826	0.4056	0.984	0.1209	0.4575	0.8222	0.4116	0.001	0.004	0.8551	0.7053	0.2947	0.002	0.6643	0.4835	0.1948	0.7812	0.001	0.1888	0.002	0.974	0.046	0.6214	0.001	0.4595	0.6943	0.2078	0.001	0.3007	0.2028	0.3656	0.2897	0.6094	0.5215	0.2567	0.7912	0.016	0.002	0.7862	0.2727	0.005	0.7083	0.3916	0.4466	0.1219	0.3626	0.1898	0.004	0.2128	0.035	0.2597	0.1718	0.2807	0.5495	0.2068	0.7433	0.8152	0.5035	0.3576	0.039	0.7013	0.002	0.6374	0.017	0.2537	0.952	0.4156	0.8092	0.6304	0.3566	0.5045	0.003	0.2378	0.005	0.03	0.2637	0.035	0.5664	0.5704	0.3277	0.003	0.2507	0.9401	0.989	0.001	0.001	0.1359	0.1349	0.2258	0.7942	0.0569	0.001	0.4456	0.8701	0.6454	0.8701	0.0949	0.027	0.0629	0.8042	0.9121	0.7522	0.0709	0.7542	0.6663	0.1748	0.7702	0.4116	0.002	0.9051	0.982	0.7892	0.003	0.7522	0.6703	0.8092	0.1029	0.2587	0.3836	0.0549	0.007	0.3477	0.6963	0.001	0.3626	0.4595	0.004	0.4106	0.008	0.1129	0.996	0.0789	0.001	0.1778	0.008	0.5215	0.0559	0.3806	0.2507	0.5445	0.1249	0.1049	0.001	0.8122	0.001	0.3536	0.1189	0.6024	0.5824	0.8002	0.4366	0.01	0.2198	1	0.0739	0.004	0.5325	0.5105	0.001	0.0789	0.038	0.008	0.4795	0.2068	0.004	0.8741	0.4056	0.001	0.005	0.5065	0.001	0.3257	0.3866	0.6743
Sg_YB50_23	0.1898	0.028	0.016	0.002	0.007	0.2338	0.001	0.3866	0.018	0.0809	0.2308	0.001	0.5974	0.9151	0.0849	0.0769	0.006	0.0689	0.2398	0.7912	0.956	0.1668	0.015	0.0769	0.001	0.1159	0.2218	0.0859	0.001	0.001	0.0879	0.0749	0.042	0.006	0.7443	0.001	0.033	0.001	0.1898	0.6444	0.002	0.021	0.011	0.6104	0.012	0.0539	0.0629	0.021	0.5854	0.3297	0.0889	0.015	0.1029	0.0629	0.2637	0.7153	0.019	0.012	0.019	0.5345	0.2537	0.007	0.011	0.003	0.977	0.0749	0.3057	0.2278	0.001	0.002	0.002	0.6034	0.1998	0.1648	0.7572	0.008	0.007	0.0619	0.3167	0.041	0.0599	0.4226	0.005	0.034	0.031	0.1269	0.2328	0.001	0.027	0.8182	0.3796	0.3287	0.7453	0.017	0.001	0.013	0.3437	0.025	0.4845	0.017	0.5265	0.3337	0.003	0.4885	0.001	0.4246	0.03	0.009	0.042	0.1179	0.1948	0.034	0.1638	0.0569	0.8601	0.001	0.1958	0.1409	0.3027	0.3536	0.1199	0.7562	0.1009	0.1648	0.954	0.002	0.7053	0.016	0.7502	0.3057	0.034	0.002	0.2148	0.2707	0.032	0.002	0.5135	0.2897	0.035	0.005	0.3506	0.1239	0.001	0.7552	0.1848	0.1289	0.021	0.4935	0.021	0.9341	0.1009	0.0879	0.005	0.0589	0.1788	0.1499	0.001	0.4725	0.4915	0.001	0.5644	0.0709	0.004	0.0599	0.8132	0.8282	0.0679	0.014	0.3407	0.014	0.001	0.2398	0.7622	0.1489	0.8392	0.0559	0.011	0.6084	0.4565	0.001	0.7113	0.7203	0.0819	0.7153	0.001	0.5534	0.3337	0.3077	0.5634	0.2917	0.001	0.001	0.3327	0.04	0.7413	0.5035	0.0559	0.001	0.5524	0.001	0.7632	0.002	0.5355	0.1119	0.5395	0.009	0.3986	0.013	0.2687	0.001	0.01	0.5714	0.7932	0.001	0.7363	0.036	0.005	0.1219	0.003	0.6663	0.969	0.3626	0.024	0.3157	0.003	0.026	0.3287	0.2218	0.6853	0.2787	0.7602	0.001	0.0959	0.1748	0.5045	0.016	0.7782	0.2248	0.2577	0.6034	0.1798	0.984	0.012	0.7672	0.7483	0.001	0.4705	0.2627	0.8262	0.039	0.8791	0.1998	0.001	0.1319	0.6234	0.4595	0.1898	0.029	0.001	0.0529	0.001	0.7453	0.004	0.1558	0.003	0.3107	0.042	0.3217	0.0699	0.0519	0.001	0.3457	0.024	0.008	0.5714	0.5644	0.1229	0.4436	0.4805	0.019	0.002	0.9221	0.038	0.001	0.046	0.1948	0.7842	0.3556	0.5584	0.001	0.049	0.001	0.018	0.001	0.001	0.0829	0.002	0.3107	0.012	0.001	0.002	0.015	0.019	0.002	0.003	0.003	0.003	0.0869	0.014	0.0739	1	0.7982	0.005	0.0659	0.5165	0.004	0.03	0.013	0.4745	0.005	0.7363	0.004	0.8302	0.037	0.1798	0.002	0.1518	0.002	0.4885	0.1189
Sg_YB55_11	0.7992	0.4226	0.028	0.2108	0.8631	0.0759	0.9181	0.002	0.3067	0.7692	0.7532	0.1429	0.8901	0.2098	0.1139	0.6304	0.5115	0.7083	0.9101	0.2847	0.1039	0.1778	0.6294	0.2278	0.5175	0.03	0.3067	0.3526	0.981	0.991	0.9091	0.3067	0.7053	0.9231	0.1109	0.7173	0.3826	0.6444	0.1089	0.033	0.0599	0.7772	0.4076	0.5634	0.4346	0.8162	0.981	0.4895	0.5105	0.0749	0.007	0.993	0.1389	0.7952	0.041	0.046	0.7822	0.0719	0.6004	0.5335	0.015	0.4655	0.0719	0.6414	0.8382	0.5934	0.2078	0.5584	0.7063	0.3327	0.8601	0.954	0.1029	0.987	0.013	0.7892	0.0879	0.7493	0.002	0.2068	0.1169	0.7473	0.2208	0.3746	0.1209	0.8182	0.4705	0.9371	0.3247	0.3536	0.049	0.5834	0.951	0.4715	0.5055	0.6843	0.2927	0.7532	0.025	0.5185	0.1598	0.5105	0.0619	0.1149	0.5504	0.7642	0.03	0.8901	0.6603	0.5345	0.0979	0.5564	0.0889	0.8202	0.2118	0.5564	0.9121	0.8611	0.4635	0.026	0.4196	0.3676	0.7852	0.5994	0.2647	0.2288	0.8541	0.7493	0.2617	0.8362	0.1738	0.6294	0.3227	0.3347	0.005	0.7502	0.3357	0.0909	0.2567	0.6623	0.5724	0.044	0.9201	0.8561	0.4615	0.3127	0.038	0.7662	0.2458	0.5075	0.003	0.014	0.1169	0.992	0.967	0.6494	0.2208	0.968	0.7772	0.3357	0.4086	0.2537	0.1099	0.5215	0.2787	0.8521	0.8791	0.9261	0.0999	0.9331	0.4406	0.5095	0.8072	0.3177	0.3946	0.031	0.6723	0.3427	0.4236	0.1159	0.4316	0.1309	0.3187	0.1079	0.7812	0.1878	0.6813	0.3397	0.8831	0.7702	0.2358	0.2448	0.9411	0.042	0.3197	0.7632	0.025	0.959	0.6394	0.974	0.7692	0.4685	0.3307	0.1848	0.8501	0.2278	0.3137	0.1329	0.3457	0.0999	0.8851	0.7662	0.1938	0.4206	0.961	0.041	0.7762	0.5205	0.3666	0.0779	0.2138	0.4705	0.7592	0.1748	0.998	0.5115	0.5465	0.031	0.9281	0.2038	0.7043	0.1389	0.0959	0.5195	0.2058	0.5135	0.0619	0.6603	0.7542	0.2228	0.035	0.1548	0.1459	0.1239	0.7083	0.3976	0.4815	0.028	0.5874	0.2787	0.5315	0.3796	0.5095	0.8931	0.6893	0.2777	0.7972	0.7293	0.5085	0.985	0.5934	0.985	0.9441	0.6683	0.1558	0.9101	0.8771	0.6683	0.1329	0.974	0.8082	0.2468	0.1179	0.6064	0.8322	0.0839	0.02	0.978	0.7582	0.043	0.3437	0.6593	0.2168	0.7253	0.024	0.013	0.6484	0.7932	0.1059	0.5834	0.017	0.1229	0.4266	0.6583	0.9231	0.5514	0.4086	0.4496	0.0769	0.8801	0.0749	0.4595	0.045	0.8402	0.4545	0.2258	0.9261	0.2647	0.9001	0.004	0.7982	1	0.6214	0.5824	0.2527	0.4016	0.7373	0.9391	0.6583	0.2288	0.1718	0.026	0.4196	0.0589	0.032	0.3157	0.1149	0.4406	0.5255	0.1988
Sg_YB59_31	0.002	0.001	0.001	0.001	0.001	0.6823	0.001	0.1888	0.002	0.001	0.001	0.031	0.959	0.1698	0.2178	0.007	0.6903	0.002	0.9061	0.0629	0.963	0.004	0.001	0.001	0.0669	0.4545	0.001	0.009	0.001	0.001	0.001	0.3117	0.001	0.001	0.9211	0.001	0.001	0.002	0.002	0.3127	0.0999	0.8821	0.001	0.036	0.009	0.006	0.984	0.001	0.3477	0.001	0.6593	0.0709	0.003	0.001	0.1948	0.2348	0.001	0.001	0.001	0.5155	0.8462	0.001	0.015	0.001	0.1648	0.007	0.4126	0.001	0.001	0.001	0.001	0.1878	0.996	0.001	0.001	0.004	0.9181	0.001	0.005	0.001	0.002	0.001	0.001	0.1578	0.5425	0.044	0.001	0.001	0.4775	0.6793	0.006	0.5125	0.2707	0.002	0.001	0.001	0.5085	0.4096	0.007	0.001	0.6094	0.001	0.001	0.1828	0.001	0.1049	0.04	0.6344	0.002	0.2917	0.2208	0.7662	0.2557	0.001	0.4446	0.004	0.001	0.001	0.0949	0.0879	0.001	0.6104	0.001	0.2078	0.017	0.001	0.029	0.001	0.1548	0.001	0.013	0.001	0.001	0.018	0.001	0.001	0.037	0.3017	0.003	0.001	0.001	0.009	0.001	0.2887	0.001	0.001	0.2488	0.6893	0.001	0.964	0.2907	0.0539	0.001	0.8102	0.002	0.001	0.002	0.0729	0.4156	0.3297	0.5335	0.2378	0.012	0.9451	0.1189	0.1279	0.007	0.001	0.2178	0.018	0.004	0.4945	0.001	0.012	0.1489	0.035	0.001	0.3107	0.001	0.001	0.7033	0.0979	0.0869	0.0659	0.001	0.001	0.001	0.0669	0.001	0.9421	0.001	0.001	0.001	0.002	0.001	0.8611	0.0949	0.001	0.5644	0.004	0.036	0.001	0.1638	0.018	0.022	0.001	0.031	0.3037	0.3337	0.001	0.005	0.8931	0.007	0.001	0.3866	0.007	0.004	0.002	0.001	0.2398	0.5365	0.0629	0.001	0.1489	0.001	0.001	0.001	0.3367	0.001	0.007	0.002	0.4945	0.008	0.001	0.001	0.001	0.1578	0.7463	0.5375	0.9291	0.039	0.003	0.001	0.4306	0.011	0.001	0.0879	0.005	0.016	0.001	0.2228	0.001	0.022	0.005	0.007	0.1429	0.021	0.001	0.009	0.009	0.001	0.001	0.001	0.013	0.002	0.001	0.037	0.1518	0.001	0.001	0.001	0.2987	0.0509	0.001	0.4895	0.2318	0.7173	0.005	0.001	0.009	0.001	0.006	0.003	0.034	0.0809	0.4246	0.8611	0.8811	0.7892	0.001	0.023	0.001	0.001	0.028	0.035	0.0839	0.001	0.0869	0.001	0.001	1	0.001	0.001	0.001	0.001	0.03	0.001	0.002	0.002	0.5325	0.005	0.6214	1	0.7742	0.004	0.3556	0.001	0.015	0.001	0.001	0.5225	0.001	0.016	0.001	0.0609	0.001	0.02	0.001	0.6374	0.001
Sg_Z02_23	0.8661	0.7183	0.7902	0.8561	0.2807	0.0809	0.5804	0.002	0.0689	0.9161	0.032	0.1778	0.6623	0.016	0.8711	0.035	0.4945	0.1528	0.7712	0.3566	0.0539	0.0929	0.032	0.4196	0.001	0.4515	0.5714	0.001	0.4995	0.2787	0.1728	0.003	0.5504	0.1588	0.033	0.1528	0.0599	0.024	0.1668	0.1209	0.4535	0.2677	0.1518	0.009	0.3277	0.4426	0.001	0.8462	0.2398	0.003	0.005	0.6264	0.1608	0.6563	0.034	0.4935	0.2737	0.006	0.3786	0.002	0.2228	0.8472	0.5275	0.9241	1	0.021	0.1958	0.2787	0.7413	0.6673	0.004	0.9291	0.034	0.7393	0.045	0.037	0.9101	0.5455	0.014	0.98	0.008	0.3846	0.1049	0.8332	0.4146	0.001	0.4875	0.2647	0.1489	0.9281	0.0609	0.012	0.015	0.046	0.3736	0.5974	0.027	0.006	0.04	0.0999	0.001	0.1129	0.001	0.0609	0.0679	0.995	0.007	0.001	0.2947	0.012	0.001	0.9371	0.2128	0.9171	0.004	0.0699	0.6503	0.4346	0.038	0.003	0.8412	0.7033	0.8511	0.4725	0.1169	0.3886	0.017	0.4795	0.3806	0.8472	0.037	0.8641	0.4975	0.001	0.2158	0.0669	0.8871	0.035	0.035	0.1838	0.1209	0.3347	0.2817	0.7682	0.2198	0.8621	0.9001	0.021	0.2228	0.4386	0.3626	0.004	0.6573	0.5025	0.1758	0.6494	0.9251	0.6304	0.8262	0.1738	0.5465	0.2707	0.5724	0.1029	0.2757	0.5125	0.7522	0.1019	0.001	0.015	0.001	0.7403	0.1469	0.4116	0.1538	0.6454	0.6603	0.1558	0.7802	0.7742	0.04	0.022	0.6454	0.1099	0.014	0.6364	0.4126	0.0809	0.6513	0.4116	0.1399	0.001	0.2488	0.1688	0.002	0.015	0.2727	0.4925	0.7772	0.009	0.042	0.4565	0.1578	0.1698	0.0849	0.0979	0.7772	0.008	0.2208	0.5784	0.024	0.5514	0.038	0.1449	0.5075	0.002	0.0509	0.018	0.001	0.1648	0.0579	0.1678	0.984	0.041	0.001	0.7103	0.4855	0.4535	0.046	0.012	0.1429	0.2038	0.4895	0.6484	0.3736	0.8052	0.1409	0.5874	0.012	0.1409	0.023	0.1459	0.019	0.8492	0.032	0.8172	0.8751	0.039	0.4945	0.9321	0.1339	0.2947	0.017	0.0729	0.008	0.8511	0.3097	0.8811	0.2218	0.009	0.2987	0.2118	0.003	0.1768	0.9381	0.3277	0.1469	0.1858	0.0629	0.7433	0.2348	0.7283	0.044	0.0869	0.5385	0.0669	0.3546	0.1119	0.2438	0.0589	0.044	0.0939	0.1149	0.014	0.005	0.966	0.1568	0.7792	0.001	0.4765	0.005	0.2458	0.4356	0.5055	0.011	0.3477	0.021	0.025	0.2278	0.7313	0.5874	0.6294	0.017	0.2048	0.0719	0.1908	0.4206	0.1399	0.015	0.5105	0.0659	0.5824	0.7742	1	0.0589	0.8601	0.4965	0.3407	0.4376	0.017	0.6164	0.8152	0.008	0.045	0.0659	0.022	0.026	0.047	0.003	0.9331
Sg_Z02_43	0.5335	0.004	0.001	0.1279	0.001	0.001	0.036	0.001	0.004	0.018	0.0949	0.2717	0.0569	0.004	0.037	0.2008	0.7912	0.1988	0.8102	0.3417	0.009	0.1978	0.4565	0.027	0.1738	0.6803	0.002	0.2118	0.003	0.3437	0.6164	0.2547	0.6084	0.006	0.037	0.049	0.002	0.7652	0.018	0.004	0.006	0.1828	0.7802	0.1409	0.003	0.001	0.008	0.2318	0.003	0.001	0.002	0.0969	0.001	0.001	0.001	0.7283	0.004	0.8342	0.8092	0.1499	0.0669	0.1988	0.001	0.004	0.4246	0.2997	0.7642	0.8871	0.001	0.001	0.8681	0.1439	0.2897	0.007	0.4915	0.6374	0.3437	0.002	0.4446	0.95	0.001	0.976	0.002	0.5884	0.1289	0.002	0.011	0.003	0.8511	0.5644	0.5984	0.029	0.025	0.001	0.008	0.001	0.8092	0.8901	0.001	0.001	0.001	0.001	0.4246	0.4515	0.4346	0.3556	0.001	0.1449	0.3776	0.001	0.002	0.1339	0.008	0.8052	0.001	0.6693	0.1578	0.0689	0.001	0.001	0.3986	0.8911	0.001	0.957	0.6813	0.0629	0.1469	0.7253	0.0929	0.4406	0.8202	0.001	0.0569	0.001	0.0969	0.2837	0.3676	0.001	0.016	0.3097	0.2468	0.003	0.001	0.2388	0.0559	0.005	0.036	0.004	0.001	0.8002	0.026	0.001	0.002	0.2488	0.003	0.001	0.3057	0.4356	0.7632	0.6204	0.963	0.9351	0.8102	0.002	0.001	0.012	0.3506	0.005	0.002	0.036	0.9491	0.2667	0.0579	0.001	0.7782	0.009	0.3277	0.4076	0.001	0.001	0.6763	0.025	0.5784	0.4226	0.4256	0.02	0.046	0.0979	0.01	0.7333	0.0649	0.3906	0.001	0.017	0.004	0.0799	0.011	0.033	0.7972	0.8172	0.001	0.001	0.8232	0.0949	0.7443	0.001	0.3447	0.7802	0.011	0.026	0.0849	0.5684	0.4296	0.001	0.3596	0.001	0.007	0.001	0.4376	0.04	0.1598	0.3207	0.0949	0.008	0.3017	0.8741	0.6094	0.03	0.001	0.001	0.01	0.9441	0.1069	0.03	0.001	0.0819	0.1039	0.7702	0.6643	0.3347	0.001	0.001	0.002	0.033	0.4076	0.1818	0.4196	0.001	0.6763	0.3457	0.008	0.002	0.4156	0.003	0.8402	0.0989	0.8432	0.015	0.1838	0.5135	0.001	0.7043	0.8711	0.039	0.0839	0.004	0.8801	0.1119	0.001	0.5265	0.1469	0.1848	0.4915	0.9331	0.4555	0.3307	0.0709	0.1838	0.01	0.001	0.1638	0.019	0.1239	0.8611	0.001	0.032	0.4585	0.1548	0.001	0.001	0.001	0.0629	0.003	0.1129	0.8851	0.1518	0.002	0.6004	0.002	0.005	0.3417	0.003	0.5495	0.0759	0.6613	0.9311	0.001	0.001	0.3097	0.001	0.5165	0.2527	0.004	0.0589	1	0.2268	0.001	0.002	0.1788	0.001	0.6913	0.019	0.003	0.001	0.044	0.95	0.001	0.2537	0.9051	0.005
Sg_Z02_5	0.3057	0.7602	0.001	0.0569	0.1688	0.1119	0.001	0.4246	0.0809	0.049	0.1748	0.01	0.2587	0.6883	0.6294	0.7712	0.9201	0.3337	0.1598	0.8651	0.037	0.8621	0.5125	0.8022	0.4855	0.5285	0.2438	0.4326	0.013	0.009	0.5395	0.5145	0.6843	0.3297	0.05	0.003	0.2188	0.024	0.013	0.2977	0.031	0.0819	0.2557	0.2907	0.1139	0.3826	0.7872	0.3307	0.0899	0.0549	0.8961	0.001	0.031	0.8412	0.0889	0.8811	0.6933	0.979	0.1099	1	0.7023	0.028	0.026	0.7203	0.8791	0.8472	0.6683	0.4785	0.001	0.001	0.3337	0.6593	0.1289	0.7732	0.4236	0.6683	0.027	0.8781	0.5235	0.038	0.021	0.7493	0.0729	0.2707	0.1269	0.6673	0.015	0.4476	0.8601	0.6314	0.3986	0.2977	0.5145	0.1169	0.034	0.6873	0.9381	0.2358	0.1419	0.0929	0.987	0.2428	0.7323	0.8192	0.029	0.5245	0.0739	0.7572	0.1119	0.0549	0.9451	0.1339	0.2298	0.2198	0.4466	0.01	0.2507	0.6693	0.023	0.0969	0.3836	0.5135	0.7473	0.3976	0.2288	0.9081	0.6513	0.1149	0.2268	0.5644	0.4885	0.3117	0.1109	0.1179	0.5395	0.7223	0.8202	0.2028	0.0699	0.7562	0.7592	0.2797	0.0879	0.7922	0.0619	0.976	0.1898	0.3806	0.7403	0.2757	0.9381	0.013	0.2707	0.3137	0.1449	0.2867	0.0699	0.1229	0.3407	0.0899	0.036	0.1369	0.1938	0.4525	0.4296	0.1638	0.7213	0.017	0.1499	0.0959	0.6294	0.6114	0.7642	0.6593	0.2747	0.5664	0.0749	0.8511	0.1329	0.017	0.991	0.9451	0.4515	0.1189	0.9221	0.2358	0.9291	0.6444	0.7453	0.1588	0.5964	0.3596	0.3616	0.3516	0.3277	0.8012	0.4176	0.0969	0.2907	0.027	0.2817	0.2258	0.7213	0.001	0.4396	0.0769	0.1598	0.7383	0.998	0.2278	0.8252	0.8681	0.2308	0.1878	0.4246	0.0719	0.0549	0.1279	0.6703	0.5495	0.4356	0.7502	0.2697	0.1628	0.3906	0.982	0.974	0.4206	0.5754	0.046	0.0839	0.001	0.9211	0.5654	0.8472	0.2498	0.1189	0.1079	0.957	0.3686	0.011	0.8202	0.2028	0.0659	0.2937	0.046	0.6663	0.5275	0.6024	0.1938	0.8801	0.8272	0.001	0.006	0.2997	0.6414	0.9031	0.2118	0.0939	0.7163	0.1698	0.4176	0.8352	0.6593	0.7842	0.4106	0.6394	0.044	0.045	0.5644	0.2667	0.0989	0.6763	0.969	0.4815	0.0749	0.6214	0.05	0.5734	0.1219	0.7912	0.8292	0.9151	0.1289	0.0749	0.1079	0.1988	0.1319	0.3077	0.4206	0.0559	0.4815	0.001	0.0799	0.016	0.3936	0.008	0.2797	0.2458	0.0769	0.039	0.0789	0.2358	0.7273	0.6703	0.7622	0.2388	0.023	0.4136	0.0789	0.004	0.4016	0.3556	0.8601	0.2268	1	0.6244	0.004	0.7473	0.1918	0.985	0.0869	0.2677	0.044	0.6224	0.6474	0.1718	0.4835	0.2947	0.6983
Sg_Z03_24	0.002	0.001	0.001	0.001	0.001	0.003	0.006	0.2148	0.002	0.001	0.003	0.048	0.1169	0.1029	0.031	0.048	0.3636	0.001	0.5005	0.04	0.0579	0.017	0.001	0.003	0.2767	0.048	0.001	0.1129	0.002	0.032	0.003	0.1419	0.001	0.001	0.6334	0.001	0.001	0.1139	0.015	0.3516	0.0589	0.5175	0.001	0.1069	0.001	0.001	0.3257	0.001	0.001	0.001	0.034	0.0829	0.001	0.001	0.001	0.2797	0.001	0.0649	0.028	0.8242	0.2428	0.019	0.01	0.001	0.0509	0.3257	0.1399	0.024	0.001	0.008	0.1878	0.1409	0.3227	0.001	0.036	0.1189	0.4236	0.001	0.1049	0.0559	0.001	0.026	0.001	0.1678	0.8112	0.1039	0.001	0.001	0.4256	0.1598	0.001	0.0559	0.008	0.001	0.001	0.001	0.6044	0.4645	0.001	0.001	0.2527	0.001	0.042	0.6244	0.006	0.025	0.001	0.4555	0.023	0.0759	0.2218	0.3007	0.956	0.001	0.001	0.1878	0.001	0.001	0.001	0.001	0.003	0.0699	0.001	0.2398	0.1828	0.001	0.001	0.001	0.016	0.001	0.9191	0.001	0.002	0.011	0.016	0.001	0.045	0.001	0.016	0.001	0.001	0.02	0.001	0.3856	0.006	0.001	0.017	0.001	0.001	0.5644	0.0589	0.001	0.002	0.2767	0.001	0.001	0.05	0.039	0.4026	0.4625	0.1099	0.2507	0.2248	0.1039	0.001	0.003	0.1738	0.001	0.017	0.018	0.2088	0.1439	0.001	0.001	0.1668	0.004	0.002	0.049	0.001	0.001	0.0749	0.001	0.1628	0.047	0.0539	0.001	0.001	0.7243	0.001	0.8871	0.009	0.004	0.001	0.004	0.002	0.0929	0.012	0.001	0.1329	0.1918	0.002	0.001	0.2927	0.01	0.994	0.001	0.1848	0.964	0.001	0.001	0.004	0.8062	0.1708	0.001	0.2368	0.001	0.001	0.001	0.001	0.3736	0.4266	0.1039	0.001	0.041	0.038	0.001	0.005	0.039	0.001	0.001	0.001	0.3606	0.4046	0.001	0.001	0.001	0.993	0.6394	0.4066	0.0609	0.001	0.001	0.001	0.011	0.05	0.001	0.5175	0.001	0.0889	0.001	0.001	0.001	0.0739	0.001	0.002	0.016	0.1808	0.001	0.009	0.031	0.001	0.002	0.024	0.002	0.002	0.001	0.7582	0.1598	0.001	0.001	0.001	0.019	0.2687	0.043	0.3377	0.2278	0.0699	0.003	0.004	0.002	0.001	0.002	0.1409	0.4226	0.002	0.3556	0.2887	0.1039	0.0519	0.001	0.002	0.001	0.001	0.003	0.2168	0.02	0.001	0.4236	0.001	0.001	0.4565	0.001	0.1109	0.001	0.011	0.0889	0.001	0.001	0.004	0.038	0.03	0.7373	0.001	0.4965	0.001	0.6244	1	0.001	0.001	0.001	0.036	0.001	0.002	0.001	0.0749	0.0589	0.001	0.001	0.5554	0.001
Sg_Z06_28	0.2298	0.01	0.002	0.1608	0.001	0.003	0.0569	0.3017	0.001	0.004	0.023	0.013	0.2717	0.033	0.0829	0.1449	0.8372	0.0869	0.6314	0.4106	0.1319	0.7083	0.7393	0.036	0.5554	0.5934	0.038	0.7642	0.019	0.012	0.2867	0.7722	0.0809	0.003	0.6783	0.002	0.001	0.041	0.0619	0.0789	0.014	0.961	0.017	0.3227	0.006	0.003	0.6344	0.024	0.001	0.001	0.3477	0.05	0.001	0.002	0.005	0.4016	0.02	0.3137	0.2507	0.1678	0.2997	0.1069	0.013	0.1648	0.0989	0.9361	0.6923	0.2667	0.001	0.005	0.5375	0.1209	0.4036	0.022	0.0519	0.4955	0.2787	0.008	0.3986	0.1868	0.001	0.3616	0.005	0.2807	0.5924	0.2218	0.003	0.004	0.5724	0.9491	0.2997	0.015	0.0759	0.001	0.1129	0.001	0.8302	0.8272	0.001	0.001	0.2098	0.001	0.6713	0.8651	0.0549	0.2657	0.001	0.7223	0.2428	0.1439	0.6284	0.5634	0.6703	0.029	0.013	0.0569	0.003	0.038	0.002	0.001	0.036	0.7992	0.005	0.3786	0.7502	0.043	0.1019	0.0629	0.5375	0.008	0.2328	0.003	0.009	0.041	0.1878	0.1409	0.0569	0.012	0.006	0.4935	0.0619	0.006	0.001	0.0979	0.003	0.003	0.041	0.1718	0.0649	0.4416	0.1349	0.001	0.018	0.2248	0.001	0.002	0.049	0.5614	0.7872	0.3297	0.6424	0.5405	0.2577	0.2547	0.002	0.1379	0.984	0.016	0.0809	0.01	0.6454	0.7143	0.018	0.001	0.8831	0.0819	0.2238	0.4615	0.007	0.001	0.1748	0.4635	0.4985	0.2418	0.8182	0.022	0.026	0.8152	0.0559	0.6474	0.6643	0.1169	0.018	0.011	0.01	0.1848	0.0829	0.046	0.1908	0.0749	0.1548	0.002	0.6873	0.041	0.4276	0.02	0.0899	0.2388	0.039	0.044	0.1109	0.8781	0.4615	0.003	0.0689	0.012	0.016	0.001	0.1069	0.032	0.8292	0.4905	0.01	0.6454	0.2358	0.6054	0.1279	0.0939	0.019	0.002	0.043	0.1239	0.1369	0.1079	0.002	0.016	0.1389	0.7303	0.2587	0.3896	0.002	0.002	0.004	0.2318	0.5924	0.019	0.2458	0.001	0.9251	0.022	0.1538	0.028	0.033	0.027	0.5195	0.018	0.3447	0.002	0.2707	0.3556	0.001	0.992	0.8172	0.0519	0.034	0.008	0.9101	0.2607	0.001	0.042	0.003	0.0589	0.9431	0.3337	0.2238	0.0609	0.2188	0.027	0.1409	0.002	0.1099	0.2228	0.6364	0.1179	0.003	0.8661	0.026	0.2048	0.007	0.006	0.001	0.012	0.007	0.0799	0.1079	0.1229	0.001	0.0789	0.014	0.002	0.2567	0.001	0.4066	0.04	0.5305	0.1568	0.005	0.001	0.024	0.008	0.013	0.9391	0.015	0.3407	0.002	0.004	0.001	1	0.1748	0.001	0.5554	0.006	0.033	0.001	0.1019	0.3816	0.001	0.1149	0.2547	0.014
Sg_Z07_36	0.001	0.001	0.015	0.023	0.001	0.8342	0.003	0.99	0.001	0.001	0.001	0.7443	0.4366	0.0569	0.1748	0.0939	0.3237	0.001	0.5005	0.0689	0.8991	0.3387	0.001	0.001	0.3796	0.2108	0.008	0.008	0.1778	0.2258	0.001	0.025	0.001	0.001	0.3197	0.2468	0.001	0.3457	0.003	0.971	0.1558	0.7403	0.001	0.0559	0.001	0.013	0.3497	0.001	0.1578	0.001	0.993	0.1768	0.1059	0.001	0.6813	0.1469	0.001	0.001	0.026	0.2468	0.3217	0.001	0.3287	0.001	0.3716	0.001	0.004	0.001	0.001	0.0629	0.1169	0.1039	0.8252	0.001	0.003	0.2168	0.2817	0.001	0.028	0.001	0.003	0.001	0.001	0.1548	0.3906	0.025	0.001	0.004	0.0699	0.1129	0.0759	0.2677	0.03	0.044	0.015	0.004	0.001	0.003	0.1618	0.003	0.1169	0.001	0.1099	0.004	0.2068	0.4985	0.1698	0.5145	0.001	0.5165	0.4655	0.4765	0.7552	0.001	0.1409	0.8352	0.001	0.001	0.5724	0.3477	0.001	0.002	0.001	0.997	0.001	0.013	0.002	0.001	0.1219	0.001	0.0529	0.001	0.001	0.001	0.8781	0.003	0.3796	0.3856	0.002	0.001	0.001	0.031	0.001	0.7473	0.1099	0.001	0.026	0.4735	0.002	0.7463	0.047	0.2807	0.02	0.2018	0.001	0.003	0.0719	0.3077	0.7542	0.0559	0.2368	0.3157	0.009	0.022	0.008	0.3377	0.006	0.001	0.1049	0.1718	0.1538	0.8501	0.001	0.1089	0.6064	0.002	0.001	0.4985	0.001	0.017	0.1249	0.001	0.1768	0.012	0.02	0.001	0.001	0.015	0.001	0.2557	0.3736	0.022	0.004	0.007	0.001	0.2697	0.015	0.001	0.6224	0.4126	0.4625	0.001	0.3417	0.035	0.036	0.001	0.012	0.6294	0.5205	0.002	0.8691	0.6034	0.001	0.001	0.6843	0.003	0.002	0.044	0.002	0.2787	0.2478	0.028	0.001	0.6933	0.041	0.001	0.001	0.019	0.001	0.005	0.043	0.9181	0.011	0.001	0.002	0.001	0.0619	0.2418	0.002	0.047	0.1449	0.0899	0.001	0.0609	0.0609	0.001	0.7143	0.1499	0.001	0.001	0.0579	0.001	0.5954	0.028	0.1149	0.1718	0.3526	0.014	0.0699	0.04	0.001	0.001	0.001	0.003	0.022	0.001	0.7952	0.039	0.002	0.001	0.001	0.1359	0.5005	0.2138	0.976	0.2687	0.1868	0.002	0.005	0.0799	0.008	0.001	0.001	0.6743	0.0679	0.8661	0.8651	0.3586	0.2458	0.001	0.026	0.001	0.001	0.1289	0.6434	0.009	0.001	0.2258	0.001	0.001	0.7223	0.001	0.2747	0.001	0.1688	0.001	0.001	0.001	0.01	0.4795	0.4745	0.6583	0.001	0.4376	0.1788	0.7473	0.001	0.1748	1	0.001	0.002	0.004	0.002	0.047	0.043	0.0719	0.0879	0.001	0.2148	0.001
Sg_Z07_42	0.001	0.001	0.002	0.001	0.001	0.001	0.001	0.012	0.001	0.016	0.001	0.003	0.2048	0.001	0.001	0.2927	0.3776	0.001	0.038	0.5974	0.005	0.2418	0.001	0.004	0.4206	0.1259	0.006	0.973	0.002	0.008	0.005	0.1568	0.001	0.001	0.029	0.001	0.001	0.035	0.001	0.2637	0.015	0.5415	0.001	0.4416	0.001	0.001	0.003	0.001	0.001	0.001	0.7742	0.004	0.001	0.001	0.002	0.4376	0.001	0.1868	0.1698	0.0609	0.0659	0.001	0.001	0.001	0.1808	0.2987	0.1429	0.001	0.001	0.001	0.1219	0.2158	0.001	0.001	0.6464	0.022	0.015	0.003	0.8511	0.003	0.001	0.004	0.001	0.2238	0.009	0.019	0.006	0.001	0.3736	0.0859	0.006	0.042	0.007	0.001	0.001	0.001	0.035	0.2128	0.001	0.001	0.037	0.001	0.7512	0.003	0.001	0.4416	0.001	0.1119	0.001	0.004	0.049	0.1628	0.0709	0.001	0.001	0.01	0.001	0.001	0.001	0.001	0.002	0.021	0.008	0.1339	0.001	0.002	0.002	0.001	0.6833	0.001	0.2957	0.001	0.007	0.001	0.4745	0.001	0.2138	0.025	0.001	0.001	0.001	0.035	0.001	0.1139	0.005	0.001	0.002	0.007	0.001	0.0529	0.004	0.001	0.001	0.8422	0.001	0.001	0.001	0.5015	0.6334	0.8412	0.2278	0.3317	0.001	0.9141	0.001	0.016	0.003	0.001	0.002	0.001	0.0769	0.3097	0.001	0.001	0.8262	0.001	0.001	0.7982	0.001	0.001	0.1788	0.001	0.015	0.2348	0.004	0.001	0.001	0.6833	0.001	0.0959	0.004	0.2198	0.001	0.004	0.001	0.023	0.001	0.001	0.2008	0.031	0.003	0.001	0.8152	0.001	0.1289	0.001	0.2877	0.6643	0.001	0.001	0.4965	0.1419	0.001	0.001	0.1898	0.001	0.001	0.001	0.007	0.1508	0.1049	0.1489	0.001	0.3626	0.03	0.001	0.001	0.002	0.001	0.001	0.049	0.043	0.037	0.001	0.001	0.001	0.2248	0.1139	0.017	0.017	0.001	0.001	0.001	0.03	0.3626	0.001	0.4945	0.001	0.013	0.002	0.002	0.031	0.002	0.001	0.3756	0.019	0.5874	0.002	0.003	0.2158	0.001	0.1249	0.003	0.001	0.001	0.001	0.2008	0.031	0.001	0.001	0.001	0.1848	0.7912	0.012	0.0659	0.1778	0.008	0.001	0.001	0.002	0.001	0.001	0.1389	0.0549	0.001	0.044	0.3087	0.2348	0.0889	0.001	0.001	0.001	0.001	0.003	0.022	0.001	0.001	0.6244	0.001	0.001	0.5914	0.001	0.8721	0.001	0.0669	0.001	0.001	0.001	0.1518	0.2068	0.005	0.2288	0.001	0.017	0.001	0.1918	0.001	0.001	0.001	1	0.02	0.001	0.001	0.001	0.006	0.1828	0.001	0.001	0.2907	0.001
Sg_Z09_20	0.047	0.011	0.9371	0.013	0.039	0.956	0.5185	0.1628	0.03	0.4555	0.005	0.2098	0.013	0.2577	0.6573	0.3846	0.8851	0.001	0.004	0.2448	0.0549	0.2797	0.006	0.4905	0.6174	0.0679	0.1189	0.1089	0.4935	0.3606	0.002	0.0569	0.2098	0.001	0.0589	0.4136	0.0819	0.6114	0.1459	0.004	0.3936	0.4535	0.007	0.7742	0.01	0.0659	0.6214	0.004	0.034	0.05	0.1039	0.7363	0.2458	0.2238	0.2028	0.017	0.001	0.8941	0.0679	0.024	0.024	0.3307	0.041	0.3966	0.021	0.6763	0.001	0.1179	0.9371	0.952	0.3047	0.037	0.0969	0.018	0.2358	0.8671	0.2108	0.2827	0.4915	0.039	0.2777	0.03	0.003	0.4615	0.1718	0.1698	0.3387	0.5045	0.1129	0.006	0.003	0.5754	0.001	0.4036	0.8501	0.0659	0.017	0.2927	0.4356	0.015	0.2707	0.2078	0.1958	0.0899	0.5804	0.0909	0.8881	0.965	0.1109	0.2068	0.4835	0.6953	0.001	0.023	0.2747	0.2697	0.021	0.01	0.7512	0.8591	0.0789	0.001	0.5954	0.002	0.1858	0.8691	0.016	0.0689	0.5894	0.1668	0.017	0.001	0.6134	0.0569	0.3876	0.1988	0.009	0.2178	0.006	0.029	0.032	0.041	0.1059	0.042	0.997	0.9021	1	0.3556	0.6563	0.046	0.0769	0.3676	0.6454	0.9021	0.2837	0.3916	0.05	0.023	0.1269	0.1119	0.6543	0.004	0.0959	0.005	0.012	0.7542	0.6364	0.008	0.05	0.003	0.8292	0.007	0.025	0.3556	0.6194	0.2328	0.2018	0.007	0.0549	0.3816	0.3656	0.036	0.3616	0.021	0.3566	0.2048	0.001	0.3057	0.001	0.001	0.2388	0.6583	0.1758	0.0809	0.004	0.002	0.2188	0.002	0.005	0.4216	0.4685	0.002	0.3646	0.5265	0.8162	0.1079	0.3726	0.001	0.006	0.0669	0.2148	0.002	0.2637	0.002	0.1399	0.026	0.001	0.2098	0.0809	0.5934	0.005	0.5385	0.028	0.003	0.977	0.1299	0.3367	0.3487	0.003	0.2148	0.2757	0.5265	0.0619	0.3127	0.018	0.006	0.4416	0.001	0.026	0.001	0.995	0.3586	0.021	0.046	0.3367	0.8222	0.001	0.995	0.036	0.1548	0.001	0.034	0.6484	0.1139	0.8362	0.002	0.007	0.1938	0.9251	0.7712	0.004	0.037	0.2827	0.017	0.001	0.001	0.018	0.009	0.0859	0.004	0.1868	0.007	0.7153	0.9371	0.012	0.2088	0.2078	0.0929	0.7562	0.7632	0.005	0.004	0.3786	0.6014	0.5574	0.6254	0.4555	0.001	0.5155	0.7483	0.031	0.003	0.2777	0.1049	0.4695	0.009	0.028	0.04	0.2667	0.007	0.1568	0.002	0.1618	0.002	0.1828	0.0649	0.0999	0.009	0.4865	0.004	0.7363	0.1718	0.5225	0.6164	0.6913	0.985	0.036	0.5554	0.002	0.02	1	0.0549	0.002	0.8362	0.008	0.5684	0.1688	0.005	0.012	0.008
Sg_Z10_1	0.003	0.001	0.002	0.003	0.001	0.965	0.001	0.0609	0.001	0.001	0.001	0.012	0.2977	0.0959	0.0659	0.0529	0.2867	0.001	0.1888	0.7493	0.1988	0.002	0.003	0.009	0.0569	0.1678	0.02	0.047	0.001	0.001	0.028	0.8132	0.001	0.001	0.7962	0.002	0.001	0.001	0.03	0.4226	0.9001	0.6503	0.001	0.039	0.002	0.003	0.7113	0.006	0.1149	0.011	0.1988	0.015	0.02	0.001	0.2398	0.0549	0.001	0.002	0.1329	0.3586	0.9191	0.001	0.024	0.001	0.5924	0.022	0.3906	0.01	0.001	0.001	0.002	0.6374	0.4196	0.001	0.01	0.018	0.4486	0.001	0.003	0.005	0.037	0.003	0.001	0.7153	0.0879	0.1499	0.001	0.001	0.5275	0.3297	0.004	0.6224	0.039	0.009	0.001	0.001	0.7123	0.959	0.1998	0.001	0.3167	0.002	0.008	0.8192	0.002	0.995	0.1249	0.8841	0.001	0.2028	0.4755	0.0939	0.0589	0.001	0.7293	0.003	0.001	0.001	0.1479	0.7223	0.004	0.2767	0.001	0.9331	0.021	0.002	0.046	0.001	0.8821	0.001	0.7233	0.001	0.001	0.001	0.001	0.001	0.9431	0.5165	0.003	0.001	0.001	0.2438	0.001	0.4366	0.004	0.001	0.5684	0.4935	0.007	0.026	0.5395	0.2178	0.005	0.5495	0.006	0.002	0.006	0.954	0.1079	0.9391	0.1548	0.2747	0.016	0.7932	0.7433	0.1349	0.011	0.002	0.4705	0.004	0.004	0.3576	0.001	0.032	0.6184	0.1279	0.001	0.0699	0.001	0.013	0.7003	0.1548	0.2298	0.022	0.001	0.0759	0.001	0.1129	0.003	0.7403	0.003	0.001	0.001	0.1808	0.011	0.6983	0.1518	0.001	0.3766	0.015	0.1209	0.001	0.6454	0.033	0.6903	0.001	0.006	0.3776	0.03	0.001	0.033	0.1079	0.3017	0.001	0.5035	0.004	0.001	0.002	0.001	0.6743	0.3337	0.0559	0.001	0.3167	0.001	0.001	0.001	0.4995	0.002	0.004	0.031	0.1179	0.6304	0.001	0.007	0.001	0.1848	0.6703	0.3736	0.9201	0.1668	0.0539	0.002	0.2348	0.4476	0.001	0.2168	0.041	0.009	0.001	0.003	0.002	0.004	0.023	0.02	0.1169	0.0919	0.002	0.008	0.046	0.001	0.001	0.001	0.0529	0.0969	0.001	0.0659	0.1608	0.001	0.001	0.001	0.0909	0.1449	0.004	0.2118	0.2108	0.986	0.004	0.006	0.0539	0.001	0.004	0.002	0.012	0.005	0.8472	0.1898	0.3806	0.8881	0.001	0.013	0.001	0.002	0.006	0.013	0.005	0.001	0.3317	0.012	0.001	0.6194	0.001	0.002	0.001	0.007	0.1628	0.001	0.001	0.007	0.8741	0.004	0.026	0.001	0.8152	0.019	0.0869	0.001	0.006	0.004	0.001	0.0549	1	0.001	0.013	0.3886	0.021	0.5894	0.001	0.7313	0.001
Sg_Z12_45	0.01	0.001	0.002	0.004	0.001	0.0859	0.005	0.007	0.001	0.3097	0.001	0.4555	0.013	0.001	0.002	0.6543	0.7722	0.001	0.006	0.1139	0.01	0.041	0.0949	0.0839	0.8701	0.5654	0.1319	0.3477	0.02	0.2677	0.012	0.011	0.027	0.001	0.1638	0.1908	0.001	0.8741	0.004	0.8442	0.8691	0.0549	0.007	0.2737	0.001	0.001	0.026	0.001	0.014	0.001	0.04	0.049	0.006	0.005	0.013	0.0719	0.005	0.4595	0.2677	0.006	0.7652	0.001	0.1159	0.006	0.024	0.7253	0.0829	0.01	0.003	0.023	0.2258	0.1379	0.001	0.001	0.05	0.7812	0.008	0.003	0.009	0.005	0.001	0.003	0.001	0.035	0.4086	0.001	0.1648	0.7073	0.2128	0.047	0.1878	0.049	0.002	0.001	0.003	0.016	0.1988	0.0619	0.002	0.001	0.009	0.001	0.3716	0.002	0.1838	0.012	0.001	0.033	0.001	0.007	0.0519	0.8152	0.8511	0.002	0.002	0.4246	0.001	0.001	0.001	0.01	0.002	0.007	0.006	0.007	0.001	0.1878	0.001	0.004	0.038	0.001	0.8032	0.001	0.007	0.001	0.3247	0.2507	0.022	0.029	0.001	0.002	0.014	0.5714	0.001	0.017	0.014	0.021	0.034	0.1049	0.003	0.013	0.3477	0.011	0.032	0.7303	0.011	0.002	0.016	0.0919	0.8202	0.2877	0.1389	0.013	0.022	0.5385	0.035	0.3337	0.0769	0.001	0.001	0.001	0.5714	0.02	0.002	0.006	0.5435	0.023	0.002	0.2617	0.037	0.009	0.039	0.01	0.2547	0.2108	0.9341	0.023	0.001	0.978	0.001	0.011	0.3596	0.5125	0.002	0.1728	0.001	0.001	0.0709	0.001	0.011	0.9171	0.0589	0.001	0.6424	0.004	0.009	0.001	0.5964	0.4286	0.001	0.001	0.4985	0.014	0.002	0.001	0.1059	0.001	0.001	0.001	0.3497	0.017	0.7562	0.1499	0.001	0.0819	0.5514	0.005	0.001	0.0669	0.001	0.001	0.3117	0.1279	0.3327	0.001	0.01	0.002	0.005	0.004	0.001	0.2248	0.004	0.018	0.001	0.008	0.5355	0.004	0.4695	0.028	0.005	0.005	0.001	0.041	0.5714	0.001	0.3926	0.022	0.1678	0.1918	0.004	0.5155	0.001	0.0709	0.1728	0.001	0.3936	0.001	0.8402	0.05	0.001	0.003	0.019	0.0689	0.004	0.8462	0.014	0.3237	0.2188	0.001	0.1249	0.001	0.002	0.001	0.7223	0.8392	0.001	0.5165	0.1269	0.014	0.013	0.0859	0.001	0.018	0.008	0.018	0.955	0.001	0.001	0.7522	0.013	0.001	0.6314	0.001	0.3996	0.006	0.9191	0.007	0.001	0.001	0.8591	0.4056	0.8302	0.4196	0.016	0.008	0.003	0.2677	0.002	0.033	0.002	0.001	0.002	0.001	1	0.001	0.4026	0.4975	0.002	0.01	0.4446	0.001
Sg_Z14_36	0.05	0.001	0.001	0.001	0.001	0.001	0.002	0.001	0.001	0.007	0.007	0.026	0.0859	0.003	0.001	0.021	0.9371	0.001	0.8561	0.3506	0.001	0.3536	0.1788	0.011	0.7982	0.4446	0.001	0.1708	0.001	0.0829	0.98	0.1608	0.1109	0.001	0.007	0.001	0.001	0.5075	0.001	0.001	0.001	0.3806	0.2318	0.022	0.001	0.001	0.008	0.018	0.001	0.001	0.002	0.008	0.001	0.001	0.001	0.7003	0.002	0.7532	0.6523	0.1269	0.003	0.004	0.001	0.001	0.5105	0.3227	0.4226	0.1898	0.001	0.001	0.8771	0.3626	0.0899	0.001	0.2188	0.3187	0.03	0.001	0.1429	0.2707	0.001	0.4266	0.001	0.047	0.01	0.009	0.001	0.001	0.4226	0.6074	0.5974	0.001	0.0899	0.001	0.001	0.001	0.7662	0.5385	0.001	0.001	0.001	0.001	0.3417	0.1758	0.0719	0.5385	0.001	0.1818	0.026	0.001	0.001	0.9161	0.001	0.1359	0.001	0.1788	0.1119	0.02	0.001	0.001	0.1469	0.7023	0.011	0.9311	0.5405	0.011	0.005	0.0599	0.6923	0.037	0.8302	0.001	0.013	0.001	0.2667	0.2398	0.3337	0.001	0.005	0.0649	0.0749	0.001	0.001	0.5005	0.007	0.001	0.001	0.002	0.001	0.5914	0.001	0.001	0.001	0.048	0.001	0.001	0.2238	0.2697	0.8691	0.3926	0.963	0.8861	0.1998	0.003	0.001	0.014	0.6284	0.001	0.001	0.002	0.974	0.3047	0.006	0.001	0.3307	0.001	0.027	0.5744	0.001	0.001	0.0969	0.002	0.018	0.4356	0.6464	0.007	0.006	0.2158	0.003	0.8472	0.014	0.3477	0.001	0.001	0.001	0.0629	0.001	0.001	0.4785	0.5085	0.002	0.001	0.6104	0.002	0.0619	0.001	0.8402	0.5764	0.002	0.001	0.1039	0.7872	0.3936	0.001	0.6194	0.001	0.001	0.001	0.1429	0.0879	0.5644	0.3397	0.0889	0.0939	0.6543	0.1778	0.2298	0.001	0.001	0.001	0.003	0.1798	0.1409	0.005	0.001	0.001	0.042	0.8601	0.5135	0.3626	0.001	0.001	0.001	0.005	0.964	0.001	0.3027	0.001	0.6464	0.019	0.022	0.008	0.043	0.001	0.7872	0.0859	0.5614	0.009	0.001	0.1898	0.001	0.95	0.3427	0.001	0.002	0.001	0.6883	0.02	0.001	0.032	0.0559	0.4845	0.2667	0.8222	0.5095	0.1269	0.001	0.003	0.0559	0.001	0.0629	0.0519	0.2967	0.6973	0.001	0.009	0.985	0.0859	0.001	0.001	0.001	0.002	0.001	0.009	0.2837	0.02	0.001	0.5115	0.001	0.001	0.026	0.001	0.2757	0.003	0.2348	0.025	0.004	0.001	0.0829	0.001	0.037	0.0589	0.001	0.045	0.001	0.044	0.001	0.001	0.047	0.001	0.8362	0.013	0.001	1	0.001	0.9111	0.001	0.04	0.6344	0.017
Sg_Z14_45	0.7443	0.0709	0.031	0.9201	0.0599	0.037	0.0789	0.001	0.022	0.024	0.3377	0.3327	0.7383	0.028	0.0919	0.0829	0.5025	0.3437	0.6114	0.973	0.5125	0.8422	0.8112	0.015	0.7133	0.041	0.001	0.0679	0.1409	0.6763	0.4096	0.5065	0.0719	0.0859	0.3926	0.2368	0.009	0.7732	0.001	0.003	0.1938	0.028	0.6074	0.0819	0.016	0.019	0.016	0.7473	0.1199	0.003	0.01	0.3267	0.009	0.1189	0.001	0.3147	0.0969	0.6763	0.4216	0.4775	0.001	0.039	0.001	0.002	0.5514	0.7752	0.2408	0.015	0.0619	0.023	0.1459	0.9261	0.4176	0.0569	0.5824	0.0679	0.6294	0.035	0.6873	0.1409	0.001	0.1499	0.05	0.1179	0.006	0.022	0.005	0.001	0.1638	0.2398	0.038	0.7423	0.3037	0.016	0.008	0.048	0.5385	0.1658	0.001	0.7652	0.001	0.0929	0.0939	0.1798	0.5305	0.3516	0.001	0.1838	0.0819	0.6464	0.008	0.4895	0.007	0.0699	0.002	0.97	0.1249	0.1548	0.002	0.001	0.1349	0.0549	0.031	0.9471	0.4925	0.05	0.03	0.0799	0.022	0.0999	0.01	0.1339	0.028	0.005	0.2657	0.2577	0.9191	0.001	0.3087	0.2937	0.011	0.001	0.014	0.5305	0.1149	0.0919	0.001	0.009	0.001	0.5764	0.001	0.001	0.001	0.1658	0.035	0.004	0.1279	0.5055	0.0509	0.5794	0.4076	0.7273	0.3267	0.005	0.1588	0.006	0.5255	0.049	0.042	0.5744	0.5305	0.5295	0.2418	0.011	0.4476	0.001	0.8322	0.021	0.7123	0.006	0.2957	0.014	0.001	0.8162	0.045	0.047	0.1778	0.8442	0.3936	0.5864	0.1079	0.6683	0.012	0.001	0.001	0.3936	0.001	0.1019	0.6923	0.8771	0.002	0.038	0.5055	0.2398	0.1518	0.001	0.008	0.027	0.6733	0.0869	0.966	0.993	0.3027	0.046	0.7083	0.008	0.4336	0.014	0.6683	0.2048	0.012	0.7233	0.2827	0.1658	0.5325	0.0529	0.1648	0.001	0.027	0.017	0.009	0.9301	0.002	0.005	0.2757	0.0709	0.95	0.6464	0.039	0.4725	0.001	0.004	0.02	0.7542	0.6903	0.004	0.012	0.002	0.2957	0.2388	0.3227	0.2847	0.6793	0.2787	0.5355	0.4486	0.0649	0.961	0.2128	0.1858	0.013	0.9171	0.8222	0.0579	0.001	0.6354	0.01	0.038	0.002	0.2178	0.1848	0.041	0.6823	0.981	0.7592	0.4805	0.001	0.023	0.0999	0.002	0.8681	0.032	0.6973	0.1558	0.006	0.3686	0.0759	0.8611	0.002	0.001	0.024	0.8751	0.002	0.7542	0.7023	0.037	0.0879	0.0839	0.001	0.1698	0.043	0.0679	0.2178	0.0999	0.039	0.0749	0.0609	0.005	0.1129	0.005	0.1798	0.032	0.0609	0.0659	0.044	0.6224	0.0749	0.1019	0.043	0.006	0.008	0.3886	0.4026	0.001	1	0.5514	0.004	0.6124	0.015	0.7303
Sg_Z14_58	0.0779	0.0619	0.0819	0.002	0.025	0.2877	0.007	0.006	0.6344	0.005	0.8801	0.004	0.4376	0.1868	0.6454	0.1459	0.6194	0.6324	0.2008	0.1888	0.0689	0.003	0.001	0.006	0.001	0.9091	0.1279	0.001	0.03	0.002	0.002	0.7103	0.001	0.1668	0.4685	0.009	0.985	0.001	0.0779	0.8062	0.9131	0.6354	0.003	0.004	0.7083	0.4326	0.018	0.7243	0.4236	0.7682	0.0929	0.1349	0.4905	0.033	0.6224	0.5275	0.002	0.001	0.006	0.004	0.7023	0.0939	0.2018	0.003	0.0919	0.003	0.6813	0.0529	0.005	0.006	0.001	0.988	0.3526	0.02	0.001	0.001	0.5355	0.038	0.001	0.4755	0.7732	0.2817	0.4765	0.2707	0.4216	0.1948	0.0769	0.001	0.0809	0.2607	0.034	0.0599	0.8661	0.7183	0.027	0.0559	0.1578	0.6334	0.8921	0.038	0.048	0.4745	0.001	0.0529	0.001	0.033	0.6883	0.0859	0.8601	0.043	0.012	0.7393	0.5375	0.2258	0.2967	0.003	0.1019	0.1469	0.6993	0.2987	0.1169	0.966	0.027	0.002	0.3307	0.001	0.2827	0.002	0.5085	0.1978	0.019	0.002	0.1159	0.5285	0.002	0.001	0.1479	0.5215	0.3546	0.001	0.1868	0.1459	0.0869	0.5005	0.8472	0.007	0.4086	0.964	0.0789	0.4775	0.7652	0.2947	0.1369	0.6264	0.1528	0.2757	0.1059	0.1668	0.002	0.974	0.9171	0.003	0.2298	0.014	0.4036	0.2907	0.01	0.4076	0.001	0.3676	0.001	0.0669	0.1638	0.7423	0.6044	0.3856	0.001	0.8851	0.035	0.1319	0.017	0.9231	0.003	0.03	0.001	0.8062	0.7512	0.002	0.5235	0.026	0.001	0.001	0.1409	0.1429	0.5345	0.0639	0.6164	0.001	0.3207	0.001	0.3906	0.2517	0.04	0.7592	0.0679	0.1229	0.4885	0.017	0.2188	0.005	0.003	0.4685	0.8132	0.4855	0.6114	0.8711	0.992	0.7203	0.001	0.015	0.0839	0.1149	0.3317	0.7243	0.001	0.004	0.0629	0.8921	0.5714	0.2398	0.2917	0.1189	0.045	0.025	0.4965	0.2777	0.006	0.037	0.1548	0.1898	0.5075	0.6713	0.7732	0.02	0.012	0.0919	0.013	0.8751	0.3097	0.026	0.7143	0.3097	0.003	0.7083	0.001	0.2597	0.0549	0.009	0.0759	0.1169	0.028	0.015	0.001	0.8941	0.049	0.2138	0.001	0.7842	0.1429	0.1868	0.001	0.7512	0.001	0.001	0.3636	0.4795	0.9321	0.7942	0.4486	0.991	0.001	0.974	0.001	0.005	0.4116	0.2028	0.1109	0.2917	0.002	0.001	0.4006	0.001	0.1538	0.046	0.001	0.4016	0.8392	0.021	0.0839	0.016	0.1139	0.1129	0.001	0.001	0.001	0.8501	0.004	0.8651	0.0609	0.5065	0.002	0.3157	0.001	0.022	0.95	0.6474	0.0589	0.3816	0.0719	0.1828	0.5684	0.021	0.4975	0.9111	0.5514	1	0.7453	0.001	0.3377	0.004
Sg_Z15_39	0.1369	0.001	0.001	0.005	0.003	0.001	0.034	0.001	0.003	0.2607	0.012	0.1918	0.0879	0.005	0.002	0.3007	0.5554	0.039	0.7972	0.2917	0.002	0.971	0.0699	0.0669	0.7113	0.1459	0.003	0.3906	0.002	0.1978	0.2917	0.0739	0.1399	0.001	0.008	0.003	0.001	0.963	0.004	0.032	0.003	0.999	0.2298	0.0529	0.001	0.001	0.041	0.024	0.001	0.001	0.001	0.028	0.001	0.004	0.001	0.993	0.002	0.6204	0.8771	0.021	0.008	0.0979	0.004	0.008	0.3946	0.4486	0.5914	0.4585	0.001	0.016	0.6064	0.8162	0.1139	0.001	0.3327	0.6454	0.1229	0.012	0.1708	0.7662	0.001	0.6543	0.001	0.0979	0.7522	0.0689	0.044	0.001	0.0869	0.6733	0.2537	0.004	0.004	0.001	0.01	0.001	0.2547	0.8611	0.001	0.001	0.001	0.001	0.5215	0.1069	0.2438	0.5415	0.001	0.1608	0.3307	0.001	0.002	0.2368	0.004	0.4096	0.001	0.6843	0.1189	0.0549	0.001	0.001	0.2478	0.3936	0.0599	0.9181	0.996	0.012	0.002	0.2388	0.3087	0.2118	0.9421	0.001	0.2458	0.001	0.8332	0.3746	0.4935	0.001	0.009	0.0739	0.0749	0.003	0.001	0.4995	0.019	0.004	0.001	0.001	0.001	0.2807	0.001	0.001	0.001	0.4705	0.001	0.001	0.1898	0.5055	0.1568	0.7453	0.4505	0.9191	0.8671	0.022	0.001	0.011	0.8172	0.001	0.001	0.012	0.6324	0.3846	0.003	0.001	0.7972	0.001	0.1728	0.7053	0.001	0.001	0.1618	0.001	0.3047	0.5025	0.8202	0.005	0.018	0.0529	0.003	0.6833	0.1399	0.5804	0.001	0.001	0.003	0.017	0.001	0.001	0.5465	0.8711	0.006	0.001	0.973	0.006	0.1489	0.001	0.6064	0.9341	0.002	0.002	0.3546	0.8881	0.3986	0.001	0.5385	0.001	0.003	0.001	0.1299	0.3556	0.6474	0.2997	0.3187	0.036	0.9041	0.5524	0.4146	0.002	0.001	0.001	0.012	0.2557	0.2777	0.037	0.001	0.001	0.008	0.998	0.4855	0.0759	0.001	0.001	0.001	0.008	0.6374	0.0659	0.996	0.001	0.9081	0.042	0.012	0.018	0.1778	0.001	0.7792	0.011	0.4615	0.015	0.029	0.7822	0.001	0.963	0.9051	0.001	0.006	0.002	0.5475	0.0819	0.001	0.0789	0.1049	0.1349	0.3826	0.7562	0.5974	0.4755	0.001	0.018	0.1898	0.001	0.0619	0.0569	0.2827	0.7323	0.001	0.0609	0.5395	0.2018	0.001	0.001	0.001	0.004	0.001	0.0549	0.6763	0.1548	0.001	0.8851	0.001	0.002	0.0889	0.001	0.1459	0.005	0.5155	0.0789	0.017	0.001	0.5475	0.001	0.1518	0.1149	0.02	0.026	0.001	0.1718	0.001	0.001	0.0879	0.001	0.1688	0.5894	0.002	0.001	0.004	0.7453	1	0.041	0.9151	0.005
Sg_Z15_51	0.001	0.001	0.009	0.001	0.001	0.976	0.009	0.1419	0.007	0.004	0.001	0.006	0.8132	0.2368	0.019	0.036	0.3686	0.001	0.7502	0.2927	0.9261	0.001	0.001	0.001	0.001	0.0719	0.005	0.001	0.001	0.003	0.001	0.3087	0.001	0.001	0.6953	0.001	0.001	0.006	0.0939	0.5395	0.7443	0.2118	0.001	0.005	0.002	0.002	0.2717	0.001	0.0899	0.038	0.2178	0.2697	0.2268	0.001	0.6144	0.2188	0.001	0.001	0.003	0.2937	0.9461	0.001	0.4426	0.001	0.3636	0.001	0.009	0.001	0.001	0.04	0.001	0.5365	0.3447	0.001	0.004	0.001	0.2857	0.001	0.001	0.002	0.014	0.001	0.001	0.1109	0.1279	0.9011	0.033	0.001	0.7682	0.1389	0.001	0.1788	0.1359	0.023	0.002	0.001	0.8731	0.3247	0.0529	0.001	0.014	0.001	0.001	0.6224	0.001	0.1369	0.2458	0.2458	0.005	0.4625	0.028	0.7273	0.4256	0.002	0.2987	0.0719	0.001	0.001	0.8492	0.6783	0.001	0.002	0.001	0.4815	0.1259	0.001	0.035	0.001	0.3676	0.001	0.1359	0.001	0.003	0.0999	0.019	0.001	0.3926	0.3566	0.038	0.001	0.001	0.2158	0.001	0.9131	0.7602	0.001	0.026	0.2577	0.001	0.8042	0.3107	0.987	0.008	0.0649	0.001	0.002	0.001	0.6094	0.3337	0.6034	0.2258	0.5774	0.004	0.012	0.047	0.014	0.002	0.012	0.5894	0.037	0.001	0.6014	0.001	0.009	0.4186	0.022	0.001	0.2008	0.001	0.004	0.4366	0.008	0.006	0.001	0.001	0.002	0.001	0.013	0.001	0.6643	0.001	0.001	0.001	0.1159	0.008	0.1249	0.0899	0.001	0.8282	0.013	0.033	0.001	0.0959	0.1958	0.042	0.001	0.4116	0.4046	0.1379	0.001	0.015	0.6424	0.2737	0.001	0.6913	0.01	0.001	0.032	0.001	0.2478	0.5604	0.001	0.001	0.7982	0.001	0.001	0.001	0.2148	0.002	0.0939	0.6224	0.1049	0.043	0.001	0.002	0.001	0.0529	0.6494	0.3437	0.3906	0.6294	0.034	0.001	0.1608	0.007	0.001	0.3107	0.0619	0.003	0.001	0.003	0.006	0.005	0.1219	0.004	0.032	0.2178	0.001	0.001	0.001	0.001	0.001	0.001	0.003	0.011	0.001	0.0789	0.4126	0.003	0.001	0.001	0.004	0.001	0.001	0.973	0.3467	0.5125	0.2947	0.008	0.1568	0.001	0.001	0.002	0.026	0.2488	0.8501	0.1139	0.7642	0.003	0.001	0.033	0.001	0.008	0.009	0.006	0.1598	0.002	0.0879	0.007	0.001	0.6284	0.001	0.002	0.001	0.001	0.001	0.001	0.001	0.001	0.3257	0.002	0.4406	0.001	0.047	0.2537	0.4835	0.001	0.1149	0.001	0.001	0.005	0.001	0.01	0.04	0.6124	0.001	0.041	1	0.1978	0.001
Sg_Z16_22	0.6224	0.7203	0.5574	0.1279	0.6194	0.4326	0.9051	0.012	0.8362	0.9491	0.8172	0.8152	0.3936	0.4266	0.0849	0.969	0.7223	0.4935	0.4985	0.1808	0.7253	0.5345	0.0769	0.7233	0.1369	0.1838	0.6633	0.001	0.1808	0.2787	0.2208	0.8492	0.5275	0.4925	0.5974	0.3477	0.4336	0.0959	0.029	0.0569	0.5345	0.2957	0.7902	0.0929	0.5255	0.7622	0.03	0.6044	0.6593	0.4575	0.1459	0.2777	0.1918	0.0869	0.1419	0.7193	0.1698	0.1169	0.3137	0.4875	0.013	0.8791	0.0969	0.8192	0.1289	0.4406	0.3646	0.5654	0.6943	0.5465	0.3477	0.7622	0.3377	0.9281	0.1229	0.9431	0.2757	0.3946	0.2527	0.5614	0.1339	0.7872	0.9011	0.9161	0.8262	0.1868	0.4456	0.3556	0.1159	0.2278	0.0529	0.0879	0.7293	0.8831	0.3437	0.0829	0.6993	0.0799	0.9401	0.7433	0.003	0.5285	0.001	0.1419	0.4376	0.6044	0.1628	0.001	0.7003	0.3656	0.018	0.9081	0.021	0.8262	0.8452	0.6244	0.8062	0.98	0.1788	0.4955	0.8132	0.0809	0.3776	0.5375	0.6523	0.2567	0.7273	0.953	0.046	0.8651	0.5365	0.1299	0.5754	0.2018	0.008	0.7143	0.8412	0.5225	0.8871	0.4236	0.964	0.0589	0.6873	0.3117	0.7143	0.6713	0.2547	0.017	0.2268	0.1678	0.0959	0.1758	0.3876	0.6494	0.4635	0.5574	0.0699	0.3826	0.0969	0.3836	0.952	0.8432	0.6853	0.1459	0.1179	0.1508	0.2987	0.4875	0.0569	0.5974	0.4885	0.9171	0.4396	0.5524	0.3167	0.1389	0.5694	0.1918	0.4815	0.3806	0.6883	0.0589	0.7772	0.048	0.8711	0.9121	0.7113	0.2218	0.1139	0.965	0.7882	0.007	0.6364	0.012	0.1788	0.5035	0.0839	0.2228	0.1968	0.2637	0.1319	0.8172	0.7043	0.2697	0.2947	0.6653	0.6024	0.5544	0.6923	0.5495	0.7023	0.2517	0.8841	0.8661	0.0999	0.3307	0.3636	0.0899	0.007	0.2857	0.4745	0.6134	0.4186	0.2168	0.1149	0.9271	0.7363	0.046	0.6703	0.3896	0.7632	0.7043	0.3117	0.4785	0.6503	0.6753	0.0669	0.7303	0.2348	0.5774	0.2747	0.992	0.9181	0.2587	0.2288	0.5375	0.033	0.2737	0.7033	0.6843	0.7023	0.2927	0.4316	0.3786	0.3886	0.6384	0.7532	0.035	0.7473	0.4585	0.9351	0.008	0.5195	0.3686	0.0999	1	0.0589	0.4835	0.9051	0.3906	0.1678	0.4715	0.9321	0.7233	0.3776	0.4266	0.021	0.9291	0.3776	0.7393	0.017	0.3936	0.7143	0.1359	0.037	0.7532	0.001	0.3317	0.004	0.6523	0.7652	0.0739	0.0809	0.1758	0.2088	0.5185	0.3327	0.4336	0.1079	0.6873	0.5594	0.3437	0.0629	0.029	0.2498	0.5644	0.1778	0.995	0.6953	0.3866	0.4885	0.5255	0.6374	0.003	0.9051	0.2947	0.5554	0.2547	0.2148	0.2907	0.012	0.7313	0.4446	0.6344	0.015	0.3377	0.9151	0.1978	1	0.1778
Sg_Z17_26	0.001	0.001	0.001	0.001	0.001	0.5994	0.0739	0.1748	0.003	0.001	0.001	0.0899	0.2617	0.004	0.011	0.1718	0.6613	0.001	0.0839	0.3606	0.9201	0.002	0.001	0.008	0.0679	0.0619	0.033	0.003	0.002	0.005	0.001	0.5804	0.001	0.001	0.2527	0.012	0.001	0.0599	0.0579	0.5704	0.7532	0.7592	0.001	0.007	0.002	0.003	0.7123	0.001	0.026	0.001	0.5964	0.3457	0.0719	0.001	0.7183	0.1159	0.001	0.001	0.014	0.7962	0.8941	0.001	0.2637	0.001	0.8272	0.026	0.029	0.006	0.001	0.1199	0.0989	0.957	0.2567	0.001	0.0519	0.026	0.8651	0.001	0.0889	0.009	0.001	0.003	0.001	0.5085	0.995	0.1648	0.022	0.001	0.3976	0.1339	0.001	0.4306	0.048	0.003	0.002	0.001	0.993	0.1998	0.01	0.001	0.5175	0.001	0.001	0.5265	0.023	0.5954	0.1129	0.3447	0.004	0.8072	0.3227	0.8442	0.1279	0.002	0.0919	0.2418	0.001	0.001	0.1259	0.3127	0.001	0.005	0.001	0.8132	0.1129	0.001	0.001	0.001	0.0909	0.001	0.6324	0.001	0.001	0.007	0.008	0.001	0.8342	0.8402	0.004	0.001	0.001	0.3816	0.001	0.4685	0.039	0.001	0.2388	0.021	0.001	0.0939	0.5355	0.5624	0.003	0.01	0.003	0.001	0.008	0.8681	0.6993	0.1998	0.3816	0.4805	0.044	0.4555	0.015	0.003	0.01	0.001	0.7013	0.008	0.005	0.5285	0.001	0.036	0.007	0.044	0.002	0.1998	0.001	0.002	0.4815	0.0549	0.1249	0.001	0.003	0.002	0.001	0.0949	0.001	0.0739	0.018	0.001	0.001	0.2028	0.001	0.6743	0.1479	0.001	0.2897	0.1848	0.002	0.001	0.005	0.0819	0.3027	0.001	0.043	0.4655	0.022	0.001	0.2627	0.1598	0.04	0.001	0.9021	0.001	0.001	0.004	0.001	0.3387	0.5265	0.033	0.001	0.6044	0.011	0.001	0.001	0.5614	0.001	0.003	0.2507	0.2068	0.1768	0.001	0.001	0.001	0.997	0.1449	0.1528	0.7033	0.2448	0.004	0.001	0.1009	0.015	0.001	0.5125	0.005	0.011	0.001	0.002	0.001	0.1219	0.004	0.001	0.005	0.1688	0.001	0.017	0.0529	0.001	0.001	0.001	0.003	0.0679	0.001	0.1578	0.2507	0.001	0.001	0.001	0.1558	0.2657	0.012	0.2468	0.3387	0.8841	0.029	0.001	0.011	0.001	0.001	0.002	0.1678	0.016	0.6833	0.1149	0.2168	0.7013	0.001	0.001	0.001	0.028	0.037	0.1449	0.038	0.001	0.4695	0.016	0.001	0.4605	0.001	0.044	0.001	0.004	0.006	0.001	0.001	0.038	0.6743	0.1189	0.1988	0.001	0.9331	0.005	0.6983	0.001	0.014	0.001	0.001	0.008	0.001	0.001	0.017	0.7303	0.004	0.005	0.001	0.1778	1
