"A13"	"A15"	"A25"	"C03"	"C11"	"D01"	"D05"	"D09"	"D16"	"G01"	"G18"	"G20"	"G21"	"G28"	"G32"	"G42"	"G46"	"H02"	"H04"	"H06"	"I03"	"I07"	"I13"	"K09"	"K17"	"K23"	"K26"	"K31"	"K32"	"K34"	"K42"	"M01"	"M11"	"M17"	"M21"	"P01"	"P03"	"P22"	"P26"	"P30"	"X01"	"X03"	"Y08"	"Z03"	"Z09"	"Z11"	"Z17"	"B01"	"B03"	"B07"	"B12"	"B14"	"B22"	"B24"	"B26"	"A01"	"A07"	"A09"	"A11"	"A17"	"A19"	"A23"	"A27"	"A34"	"D03"	"E10"	"G06"	"G09"	"G19"	"G26"	"G30"	"H07"	"I01"	"I05"	"I12"	"I15"	"K01"	"K03"	"K07"	"K10"	"K14"	"K21"	"K22"	"K36"	"K40"	"K46"	"M03"	"M07"	"M15"	"X05"	"Y06"	"Z15"	"CA11"	"CA13"	"CA25"	"CA9"	"CB03"	"CM15"	"CM17"	"CM21"	"CD22A"	"CD23A"	"CD26A"	"CG50A"	"CK05A"	"CK51A"	"CK52A"	"CK28A"
"Gp_EAB_462"	8358	2613	14995	875	244	3845	370	253	520	1297	16594	436	2255	10201	26	161	750	217	739	173	868	495	27288	757	364	10691	103	255	381	314	10562	261	128	787	24234	655	1101	314	886	469	5426	3519	14157	55	721	32058	473	208	226	491	90	27	1377	720	164	205	302	982	114	198	125	139	54	791	144	91	238	885	141	270	32	183	245	267	37	539	109	83	323	94	290	539	124	508	1109	198	1161	493	163	273	195	142	67	4717	3524	111	284	244	339	4991	361	111	1263	645	231	618	563	87
"Gp_MJ1_12"	61	114	2222	590	419	21	923	418	4090	131	110	702	304	250	19	58	660	141	48	72	46	1758	207	222	50	26	19	24	26	215	365	50	125	97	737	107	1304	41	1771	208	88	179	387	39	130	44	237	886	2262	296	4396	230	239	2393	540	580	258	122	974	456	87	4137	571	2293	511	3204	630	1487	813	934	481	1576	2236	784	692	913	3470	1859	329	2637	3982	2021	2705	612	482	5839	407	164	395	1507	277	1247	1190	659	558	750	3730	1186	1971	1552	284	63	176	131	522	2392	467	595
"Gp_MJ1_149"	44	101	42	221054	53	1	4	14	16	18	14	33	9	16	0	22	20	36	9	1	2	194	6	46	22	4	0	7	25	242	16	229	0	6	26	12	31	28	137	4	53	6	8	104	22	63	48	3710	241	228	284	32	17	56	119	10	17	176	57	14	17	190	6	11	215	573	73	49	19	58	77	29	72	23	57	10	40	49	193	53	741	64	1157	8	116	1119	30	48	58	234	20	21	36	72	402	181	96	312	110	83	8	3	20	20	67	165	317	46
"Gp_MJ1_272"	21	22	12	69	57	10	1	31	94	1	11	256	8	142	6	2	131	65	33	8	21	67	24	155	73	8	5	2	17	272	15	6	68	45	83	1	69	8	24	7	7	9	3	9	17	4	9	54	238	48	1657	54	249	100	26	61	57	32	97	24	10	157	80	117	69	267	36	140	83	82	54	247	87	114	96	105	134	53	328	104	56	103	405	59	874	101	14	262	97	37	48	132	87	36	65	78	288	67	98	112	536	37	31	17	114	177	249	35
"Gp_MJ1_444"	41	34	42	133	90	119	18	271	235	500	16	1069	93	57	161	57	227	57	142	28	36	203	89	173	10	92	349	25	33	128	84	179	20	116	93	140	251	92	628	32	47	77	213	517	156	88	101	374	1025	126	617	295	268	753	225	418	816	88	354	447	28	423	921	298	252	1014	454	782	736	500	277	783	285	588	236	1159	981	341	133	635	1062	963	498	232	566	988	350	132	926	1250	187	642	522	318	605	156	1643	565	835	193	119	166	386	59	137	323	533	414
"Gp_MJ2_113"	163	927	117	915	462	383	105	279	2397	595	128	1139	185	432	375	229	418	527	5834	667	271	83	693	2289	455	179	368	601	195	429	285	802	426	439	961	1609	36	433	1211	492	286	112	88	3198	2947	989	694	141	1891	796	718	1161	480	860	2452	1120	2818	577	615	2450	1070	305	1213	1270	1569	237	1735	887	1810	1047	1787	3223	2381	1273	944	2916	171	329	2214	380	107	585	772	2471	5102	226	625	3179	2811	2858	119	451	260	184	1106	220	271	914	708	702	443	1244	1036	1313	1330	1521	821	1113
"Gp_MJ3_423"	3	0	10	16	9	8	3	76	7	45	4	18	2	1	35	13	99	16	6	18	5	93	6	29	14	7	9	2	16	165	119	25	20	8	7	36	44	105	155	2	5	5	41	16	109	51	8	1688	9	2460	845	221	108	813	2906	82	619	37	9707	21	118	1368	15	139	133	201	111	93	1037	196	3962	91	21	564	16	29	885	522	1317	124	9924	6620	290	130	1482	634	546	1966	6840	34137	30	201	3786	404	312	987	18	11421	131	17	22	17	136	21	56	163	27	18
"Gp_MJ3_477"	205	394	97	754	685	3689	118	449	1051	912	102	576	133	902	537	940	373	270	517	146	101	162	472	1583	527	376	149	586	142	192	200	629	989	816	1091	1231	104	977	1129	510	529	203	57	2720	1356	960	328	304	1199	397	1322	1072	1284	3529	2275	1152	1819	1706	719	2165	1047	442	1535	1443	2120	464	7219	1903	1542	5178	1606	1495	1247	655	1721	571	595	519	1462	566	423	512	3002	2221	1824	814	210	5130	1923	1703	105	1466	1094	377	509	336	542	1216	845	1061	736	2414	1174	1247	2652	1737	1571	2825
"Gp_MJ4_197"	11	0	7	87	15	0	5	21	82	10	2	25	4	5	22	2	22	3	3	2	0	386	22	36	5	0	0	2	0	17	3	1	1	2	7	0	2	5	41	1	7	0	0	0	5	3	57	35	554	71	123	31	15	710	16	653	726	10	702	43	15	30357	66	1282	3111	193	38	104	1223	34	40	6074	22	147	54	112	502	126	39	261	291	2625	1120	27	52	153	9	10	208	1611	32	98	164	20	89	144	2950	558	118	15	13	2	47	3	26	17	101	34
"Gp_MJ4_65"	0	0	0	2	0	1	1	189	14	5	2	28	1	2	0	0	6	1	0	1	1	16	4	6	0	35	0	0	3	0	1	2	0	0	0	1	0	4	0	2	0	0	0	41	2	6	0	370	3	445	13	3	2	30	60	190	9	1	25	230	66	210	2	26	2	6	6	8	6	4	4	4	7	7	48	5	12	13	10	5	36	8	27	2	5	9	24	11	12	6	5	16	28261	59	1	126	12	73	629	5	4	2	4	0	1	11	0	4
"Gp_NH_148"	11	0	2	128	501	1	48	37	114	2	1	112	12	68	32	8	68	1	7	23	0	35	32	20	168	4	0	3	24	172	86	4	0	88	115	1	109	3	203	5	18	7	0	16	188	22	3	73	287	187	369	2040	50	526	1354	577	38	44	1634	25	14	2284	141	1054	993	247	205	253	454	315	3338	277	2043	338	120	135	490	290	33	303	1088	276	293	37	99	493	1853	975	267	444	278	7164	177	257	72	51	471	109	1478	47	197	77	22	10	28	458	1744	47
"Gp_YAB_333"	11	26	2	10	1037	15	3019	289	26	3	1	154	540	21	0	60	530	6	20	0	0	105	21	11	9	19	2	19	26	8	320	8	16	374	175	128	2	5	73	117	7	7	25	20	9	31	10	1	18	13	13	43	26	23	346	47	66	11	15	216	22	33	82	871	70	0	21	29	11	9	5	92	6	8	44	12	19	123	7	166	5	514	6	13	102	2	5724	24	181	316	3	15	1	95	14	7	2	20	265	139	22	1408	114	59	21	16032	55	25
"Gp_YAB_339"	35	43	154	27	175	331	424	6601	83	1124	268	105	24	30	946	624	1786	1004	69	792	178	90	151	1396	10	791	1153	152	3149	101	186	887	366	424	63	1908	20	1332	23	910	288	991	376	232	350	283	833	22	240	1648	1732	1039	654	214	219	1647	71	81	1637	1229	21	36	1742	841	129	1630	95	449	760	149	634	186	338	375	2575	4	4	132	720	19	162	82	1218	43	1199	29	237	20	1142	405	31	425	475	34	638	94	90	16664	145	2292	1544	211	576	60	19	67	50	201
"Gp_meta27_16"	96	2	14	153	76	13	260	3093	25	3	38	714	94	21	156	12	1323	39	14	244	1	1786	1	34	6	12	1	5	174	16	521	7	0	1098	555	0	6	24	2821	26	6	2	15	1	661	15	65	904	2018	22	207	55	598	6274	671	2007	480	15	2872	25	13	27527	1250	9101	1873	203	1090	1214	90	1205	29	2400	193	200	60	78	354	188	66	286	20493	187	213	41	1665	8654	1813	293	52	3081	319	122	168	1559	372	71	10221	87	2390	442	1318	21	880	26	95	3382	2036	25
"Gp_meta27_511"	271	242	202	498	1152	880	693	631	2155	1686	70	491	667	453	386	585	8038	704	634	369	117	527	845	546	343	481	773	204	423	168	651	1806	388	1045	610	2044	1108	745	393	254	155	295	302	1222	1468	1289	796	79	578	776	350	995	1190	260	1132	1588	669	287	231	1210	294	155	1358	1059	810	525	679	15803	1602	481	874	756	608	431	1438	283	264	285	498	270	235	3594	318	619	552	915	1316	677	565	2009	65	445	249	297	832	67	289	441	822	563	640	1132	16105	321	480	2967	4019	639
"Sg_A01_16"	11	1	400	51897	3	3	4	181	4642	3	9	5	931	10	11	0	95	1	16	4	3	17993	3	80	6	7	5	42	641	10	116119	2	5	26	0	1	2	51	30	5	67883	496	3	146	23	12	11	4744	4	6	12	0	1	1	2	7488	345	4	392	4	19	2	2	136	1	623	5	0	125	12	1	0	28	0	0	2548	1251	393	51	709	60	11	146	1	4	201	121	1	12	3	22	42	4	0	59	96	11	285	27	1	47	0	1	9	150	2	0	1
"Sg_A07_40"	28	24	90	1824	111623	11	568	89	23357	9	16	707	414	42	15	5	53	8	46	12	0	27128	25	206	429	35	2	0	13	1276	7336	39	7	46662	154	184	151	735	31736	41	132	6	161	17	80	18	1240	114	712	495	779	176	127	7729	70	197	110751	98	1121	1051	92	290	321	114	399	414	70	6577	634	105	45	237	57	7178	407	390	1883	223	731	5113	657	502	479	176	100	2949	1284	47	55	1599	87	14762	421	185	181	413	572	5528	1944	684	1616	39	117	33	1142	382	22318	234
"Sg_A11_10"	285	35	224	3344	712	50	84	1961	412	12	23	3336	254	515	1220	73	176	13	36	648	12	567	63	187	95	132	4	13	73	138	112	138	3	470	132	12	71	12	2583	19	33	20	154	32	128	14	182	316	5844	236	1594	451	3285	1869	530	1608	200	197	15897	127	88	2571	9616	344	26049	3008	898	1148	661	1428	248	2034	1577	7820	709	859	3452	1633	256	2346	2496	7100	1995	901	11303	2435	202	133	2355	9148	8507	950	1541	1051	776	491	3935	6266	1026	302	637	266	165	45	76	422	1945	1024
"Sg_A11_12"	671	2498	1388	37	522	495	5160	3988	535	12147	2571	1517	540	350	3783	4736	3601	5403	422	8036	1118	32	1019	2036	70	2483	2055	613	5756	290	1554	8511	2610	2000	855	8474	835	5900	222	3182	988	2691	4157	779	1920	3185	1251	41	445	2495	2586	8363	4406	420	525	5304	293	151	13810	3849	82	87	3057	66	877	2581	1746	2199	3431	2454	4695	3516	471	1742	2467	20	12	45	1019	56	197	131	244	151	320	198	756	116	349	836	54	1067	5167	148	1748	58	573	1183	1342	546	3727	1208	2692	77	87	124	147	1938
"Sg_A11_2"	356	3398	1553	217	102919	441	118322	215438	367	2030	1355	4063	1229	50	2177	1373	8070	2036	4719	77019	298	2233	875	3053	9860	5566	580	621	12526	210	318	2625	721	3465	385	2216	161	1881	814	1648	13448	1066	1072	352	6088	151	200	51	3087	7555	3550	2874	1415	763	305	9860	355	233	396652	2462	717	49	3389	66	17526	1301	943	1150	1582	1103	3739	21267	158	4468	1250	63	13	460	2469	45	310	1876	61	198	4781	295	16230	104	195	712	571	189	11443	53	519	163	106	13503	5557	458	9846	706	457	3541	69	51	79	6246
"Sg_A11_47"	146	183	114	7055	129	13	239	22158	699	33	181	616	83	140	10	41	81	62	84	1742	13	736	52	228	52	45	10	7	45	58	224	36	6	157	104	26	79	51	171	10	79	44	199	20	77	47	21	282	434	99	84	31	181	193	150	108	104	82	20231	34	23	139	69	117	2326	427	238	120	83	307	31	169	84	141865	27	44	227	162	1454	183	473	554	264	61	97	200	106	1072	63	138	50	35	68	145	159	23	140	93	2094	441	144	56	6102	55	67	195	6739	47
"Sg_A15_26"	7150	129673	1905	373	122	8042	60	41	838	11	240	197	44	93	1	30	184	30	163	13	100	218	1526	86	60954	14	63	13	90	70	43	30	283	190	511	23	176	1265	87	46	68	15	296	100	59	14	22	31	136	36	167	44	72	99	86	60	137	3581	79	42	184	188	35	48	52	271	30	70	66	61	32	39	196	58	57	321	96	69	57	62	141	68	73	129	62	100	40	5181	123	83	61	108	95	43221	3038	887	201	2820	67	183	79	17	27344	24601	36665	132	42	40
"Sg_A17_17"	555	9031	284	873	793	119	234	22169	14401	451	527	3684	427	1527	177	168	7897	190	5988	68	52	2116	156	1862	248	848	13	84	323	597	509	3244	40	5508	1043	129	982	2545	20385	414	1496	1009	1256	3414	1331	2478	1413	517	1276	262	40386	11346	11090	1233	1544	3608	3521	13973	870	98781	3083	4339	2709	714	1153	1716	7539	2135	913	8992	23487	1227	1072	52449	374	20682	2712	1598	1310	2139	2450	1113	2784	71141	877	5837	639	5905	2410	7205	2086	25281	37197	2565	68931	683	1401	763	1347	1657	2274	212	79949	1464	1844	836	1271	4110
"Sg_A19_11"	1	30	0	1	16	2	5	17404	20	0	0	80	2	0	0	1	14	3	9	0	1	56	0	96	0	0	0	0	326	190	33	1	0	46	3	0	3	0	5	63	5	0	0	159	9	0	0	538	19888	234	382	5	2	53	13	1758	24	14	412	553	23555	178	4982	50	108255	27	475	8	194	793	19	1019	67	12	611	3	73	78	105	69	146	55	130	8	38	12	4406	3	554	201	8	13	27	12	4	25	76	189	501	16	10	3	3	0	5	40	2791	34
"Sg_A19_12"	508	53	326	1352	2614	251	112	560	8076	175	237	2862	243	36203	187	91	15015	137	137	1087	23	1548	354	25953	178	96	211	701	219	460	492	737	915	5010	420	141	1149	134	889	274	4018	43	99	14004	1828	3040	351	1945	13140	6695	2163	5220	10161	849	742	6891	28355	9298	1000	3454	17325	42812	7554	1832	754	6701	12035	1358	2899	22401	320	3239	21929	1272	842	6527	1413	887	9066	1178	9746	2298	840	6242	8163	2874	318	844	35205	18877	3373	3249	1109	462	2526	2298	5718	7240	7965	521	2916	4712	4951	313	2219	545	35061	31567
"Sg_A19_18"	83460	4043	6535	1106	3930	308	862	505	3969	3192	14797	4707	2345	1191	101	226	899	983	1280	418	196	918	800	1362	1075	2209	127	5932	654	1144	1439	391	175	1486	5071	346	2280	1552	1668	514	1360	1124	7706	38	2278	7643	1192	1498	2956	1919	555	297	5400	1145	1446	1573	1008	2326	1939	953	33459	937	2278	641	6806	1858	252	3073	1022	351	345	1189	281	3879	122	1343	4154	2697	1240	3397	1341	993	2063	741	985	3782	418	601	1831	754	393	748	996	23148	3753	122	3455	988	672	6307	4187	1234	1143	15321	1450	2159	1975	1945
"Sg_A19_36"	0	6	1	7	2	0	4	173	21	3	3	77	11	1	2	0	23	0	0	0	3	2	6	22	0	0	0	0	53	1	3	4	12	74	0	0	16	21	8	1	7	0	0	1	24	7	3	88	11	6056	1056	37	2	30	6	396	1	2	6	161	247382	82678	494	31	77	12	111	132	2586	234	4	13	51	82	6	5	630	949	38	319	19	2	551	70	49	100	39	102	7	55	21	1	554	4	167	1340	63	2631	27964	12	6	3	1	3	10	14	7	1
"Sg_A19_51"	704	191	2698	529	318	235	424	195	1036	287	982	1822	1330	744	35	2808	2281	865	1203	319	436	1635	318	1439	327	944	81	297	91	2652	418	1212	824	270	559	88	383	499	407	4583	613	711	1438	436	756	525	392	286	551	483	670	216	1487	1364	470	1665	1274	11783	409	396	51089	1243	555	460	247	629	1865	989	334	1730	279	440	525	1364	16796	1419	1046	793	1205	712	1009	774	1415	815	804	937	176	629	1541	664	737	702	490	1219	3070	1080	521	1198	520	1128	2339	698	217	482	2319	1066	1580	3158
"Sg_A20_2"	165	956	34	167	3183	47	6232	478	2054	61	47	233	2659	306	10	8594	89	207	251	1	4	14591	187	558	175	805	61	208	68	15	486	114	32	19227	305	7735	5	146	112	952	323	20	108	551	2014	219	255	22	8839	69	40	137	600	434	13592	118	103	63	22	555	89	998	4738	506	12957	31	2990	84	35	1043	26	215	86	71	300	96	499	2479	800	1173	815	4775	194	170	178	7	2100	267	118	15769	8	361	52	111	154	18	72	48	32413	164	44	2327	13195	123	385	18435	195	253
"Sg_A20_35"	353	41	29	4	1643	4	1599	290	24	1	5	355	13121	31	0	489	47	10	288	0	2	156	10	10	3	51	2	30	5	0	394	4	341	848	1260	1075	2	25	22	45	17	3	1357	4	28	3697	2	11	37	2294	93	23	1095	3174	443	793	10	6	10	25	15	770	262	1424	13636	3	693	17	5	232	1	18	11	4	4179	3	1038	3214	12	5283	44	327	6	19	144	0	4487	8	265	6826	2	5	0	176	140	5	4	39	3218	177	19	192436	234	253	24	13995	34	957
"Sg_A22_19"	3227	21	1505	147	370	385	27	280	382	1	33	330	19	677	1	9	1153	29	97	15	335	112	9	226	35	472	2	2	36	150	65	6	16	30	32	18	5	798	158	58	1629	98	13	1402	42	30	19	108	381	94	61494	14183	1511	404	563	524	215	71	296	6713	1369	78018	763	296	352	405	1954	5480	259	2829	6837	374	1266	6946	827	19966	629	461	166	510	1228	575	2944	340	305	2710	150	10837	1290	538	169	11447	45918	258	2446	144	409	249	231	135	907	21	416	810	16800	159	1868	18990
"Sg_A22_22"	6019	294	20	7	0	6421	1	1	2	11	217	8	33829	24	0	0	2	1	2	19	489	8	2741	1	3	245	2757	3547	6	10	57	256	955	69	1096	89	30	5	51	100651	2	369	8	4	5	179	1138	0	1189	1	6568	24	303	511	3	38	48	298686	22	1	1268	1	0	1	671	37	1	246	2	2	0	5	2	1451	1	1335	3	7	0	2	3	1	982	77	46	30	1	2	4	4	37	1461	0	242	186	9854	4	0	15	246	102	16	241	1282	1948	7	42	1
"Sg_A22_3"	14	0	0	18	8	1	0	3	107	0	1	9	0	5	0	0	2	0	6	0	0	18	3	3	19	1	1	0	0	7	2	1	0	5	1	1	0	7	3	527	7	0	0	991	9	9	0	7	10	28	311	225	76	98	77	28	3	33	30	49	130	179	5	56	28	34	32	143	35	80	27	35	12	15	4	74	44	53	37	33	13	7	35	12	15	50	43	170	5	44	73	581	126	0	129	187	25	19	7	6	69	3	2	79	24	10	34	45
"Sg_A22_8"	969	936	519	5334	2179	888	952	6403	9225	115	326	15120	1366	1879	1148	276	21017	619	617	615	124	17576	1013	1751	885	222	102	99	882	1021	2077	438	121	1131	2083	256	1262	387	2692	1098	524	356	617	482	2563	188	653	9069	54219	1751	119250	12285	4729	5591	8709	9247	2048	1524	17421	2202	177	45891	13142	8282	20844	42560	15476	20744	22931	22173	5129	115251	13131	93413	97275	16476	144152	63329	2369	202739	22985	17876	174790	3496	27192	99359	4249	4423	11676	31461	6095	134407	64749	4387	1312	86181	153816	43353	16351	4656	6557	6810	1355	980	2185	2830	3194	12680
"Sg_A24_54"	90	45	52	66909	448	14	72	1230	1057	8	33	805	52	44	10	20	103	15	33	173	7	227	24	90	185	11	1	4	127	108	98	17	6	167	279	4	57	21	533	9	15	7	254	16	50	26	26	2002	857	119	355	25	147	277	569	237	145	339	694	23	15	234	179	305	24843	4081	1754	246	146	2392	30	294	60	13231	69	251	268	288	175	262	3511	3917	2302	93	184	230	880	9407	302	523	128	77	177	216	1353	117	196	149	19938	2563	308	32	505	96	21	144	725	54
"Sg_A27_23"	3166	327	166	52	8039	62	6203	2281	248	56	7	3712	1406	45	3	421	125	148	3047	0	41	600	37	43	25	66	1	59	13	6	2800	45	3066	9445	1468	728	6	513	141	471	64	4	176	139	252	38532	26	175	459	288	1164	220	11085	840	5261	6570	125	26	100	321	67	8665	47661	8713	2107	160	1210	35	69	709	29	437	86	31	49922	179	322	1356	67	2493	418	433	180	83	1032	0	37464	286	193	71882	7	24	31	2484	1130	8	73	89	27375	679	98	40549	2305	520	277	147895	192	9020
"Sg_A27_31"	48	11	34	1964	492	6	460	373	2651	66	27	2593	135	749	83	115	1531	13	28	91	6	1622	99	541	51	24	5	8	51	690	350	42	28	227	252	87	62	20	1204	38	77	6	7	212	300	41	151	35871	13083	544	3577	636	392	3043	2148	2321	2504	367	13511	285	123	8779	16639	4562	1539	3704	3842	1071	1985	5343	2385	15349	1704	1610	1473	1216	39358	16091	852	25026	38607	9301	75917	1104	715	65857	1244	298	1922	4194	1595	1571	1867	2749	757	924	15025	15367	8881	851	887	1078	418	73	224	738	3368	1074
"Sg_A28_8"	156	90	37	8	71367	3	9215	28940	62	84	5	17335	2436	27	63	2190	1001	44	46	23	4	7581	38	58	10	78	0	68	58	395	20803	37	12	29674	11633	5080	1	32	817	21	15	55	698	8	96	289	10	185	3328	24	2426	2520	177	250	6669	6128	105	34	1303	86	130	5080	8386	101207	7580	290	3016	0	296	920	5	6445	8	29	1353	6	478	4046	73	6450	460	3974	404	11	9961	0	146324	9	5621	3059	92	9	4	16502	39	27	471	445	19399	11011	2862	94653	16224	2312	234	4777	2168	101
"Sg_A33_4"	28	0	10	18	12	68	19	23	13	15	18	118	0	3	6	14	19	22	138	0	7	123	4	444	2	16	0	1	37	17251	24	0	2	43	14	0	16	31	10	151	17	21	0	5	122	121	0	4950	18	10534	5263	724	2825	322	27	782	161	57	220	1	921	54	1581	27	16619	42	6367	6	2818	8214	4596	163	180	54	121	27	901	138	28441	1212	57905	1312	88	606	181	64	2174	2765	13597	4016	44	71	774	115	13256	148	156	38109	27963	105	223	524	1562	157	298	5091	15	38
"Sg_A34_19"	160	118	9	336	252	276	40	179	262	5	23	662	629	1237	28	60	105	46	257	7	11	110	83	445	132	69	30	43	36	20	253	128	202	106	338	289	957	601	203	23	131	32	18	1287	583	30	131	86	1164	27	165	271	195	204	639	216	214	191	127	376	218	554	219	33849	467	100	1008	234	213	546	224	427	1303	551	362	765	304	329	436	571	430	340	291	555	470	171	46	620	6014	597	34	314	153	59	132	112	231	691	226	301	139	159625	573	267	519	632	420	726
"Sg_A34_5"	11	98	12	111	113	37	172	141	162	3	4	12085	75	776	8	25	83	26	26	1	12	23	12	12	22	26	3	37	6	19	374	94	54	129	214	42	27	345	30	21	23	95	7	307	378	29	292	4	116	17	13	33	165	54	178	81	39	79	48	48	38	38	101	63732	103	8	292	36	71	178	79	156	87	51	34	379	107	144	22	252	26	79	98	41	120	15	634	94	218	499	94	30	53	48	41	4	33	91	119	190	149	443	155	70	329	717	67	94
"Sg_A37_36"	1146	129	232	947	29268	35	245	179	465	49	66	167074	232	15302	36	37	216	285	501	361	19	949	2973	4158	659	307	121	145	150	209	263	15483	863	236	305	120	1095	362	697	41	648	35	635	37	749	426	2135	97	723	335	84	69	35486	13231	1517	223	37438	813	8697	94	41	931	141	206	295	308	280	25840	35483	400	69	229	127	70086	311	445	4846	3525	3431	7201	343	305	43125	314	2697	648	127	1448	45152	36265	2975	118	365	24034	557	89	549	68391	397	565	37797	270	650	5130	383	82788	415	127707
"Sg_B03_29"	9617	24338	3489	6915	60638	77	93246	5828	8585	623	2345	648	52888	982	4382	16993	195	620	34273	1075	133	9611	41638	2836	10008	840	151	42	689	17697	82337	9102	70	33435	55935	13000	4699	923	18086	1826	3808	638	15845	21	248	1294	13840	1596	21696	347	47	15	2698	10683	1627	152	29874	313	1433	1011	72	834	8739	96	17706	157	4983	16476	3577	5806	21	35	155	593	159	52	426	1553	781	7417	13797	1672	167	124	11052	62	1856	2296	316	2698	17	35	25	5880	496	12	3184	214	5392	29002	3407	1018	27282	5196	4535	17889	58858	167
"Sg_B03_38"	1	0	2	970	62	0	2	38	659	3	0	588	260	19	1	6	502	87	19	0	0	335	20	627	50	0	1	0	87	48	576	36	3	130	98	307	19	7	57	2	6	9	162	0	1	4	86	81	37045	46	0	0	13	81	42	17	1187	148	234	1	2	1617	986	142	2672	61	1567	291	2153	1593	0	131	69	1553	6	254	155	8	4227	105	42	622	198	1	4	241	7682	49	5	9	70	1723	4	159	34	11	51	184	333	935	140	1	17566	902	41	98	3886	24015
"Sg_B04_2"	295	36	65	17810	107	10	732	4576	2796	5	623	3648	1497	2242	257	103	24510	411	882	92	2	2438	37	117	527	41	21	3	137	466	288	207	81	166	255	38	929	19	2208	18	84	91	206	14	267	24	266	466	8585	143	401	86	8984	6977	171	7389	3969	261	6154	81	51	9136	846	5892	6353	13073	1387	203	4399	1544	5359	20587	65	3087	163	247	81779	52154	823	81257	7322	15783	1239	115	1399	184693	441	141	1600	12698	6348	99	19516	32879	123	113	3008	2323	3194	609	673	1075	210	95	346	897	2204	5000
"Sg_B07_12"	863	1210	12873	1634	921	1364	6266	67	326	16	370	267	445	3824	43	1102	828	444	2161	6	30	78	158	762	133	6697	62	1677	231	8	464	1516	344	580	5764	672	7	71	504	634	1011	461	56	7220	3338	95	1689	4013	957	16540	280	1056	933	307	366	427	426	135	104	2117	144	207	2476	192	4268	154	959	1857	149	736	214	678	1786	390	204	678	9	101	916	220	78	1061	810	539	3912	71	1233	1557	832	2621	44	1430	421	8793	984	8	376	379	578	14557	430	2330	839	4044	2434	529	2250	284
"Sg_B07_38"	2596	92	397	178	255	347	76	67	602	348	7635	155	255	200	217	107	155	346	945	60	278	84	83	34399	58	3452	100	98	133	94	630	908	4376	108	212	73	523	20425	256	1901	320	149	146	468	130	151	349	1317	342	21264	198	47	37861	175	186	236	872	4831	192	175	438	657	354	71	159	90	934	334	230	1126	166	297	542	332	3235	1664	221	116	11026	125	195	260	3236	2671	532	230	82	229	214	220	42	7851	398	263	29522	287	557	378	108	272	1692	155	342	524	3322	122	264	782
"Sg_B07_50"	173284	2126	3842	178	341	487	9664	1205	4975	13621	955	177	1330	804	23	69	61	901	1175	185	52	92	264	964	597	46633	26	7209	521	196	485	1087	65	482	1206	297	670	1445	2970	109	1355	600	124095	7	58	35546	1090	198	104	12635	15	5	19863	393	550	18	1045	4112	68	441	147	369	61	22	149	88	80	63	29	109	4	50	29	485	17	31	27	10	706	20	66	62	52	978	4121	61	60	607	19	443	31	32	29	41800	3549	127	34	29	105	1365	562	18	454	666	247	281	605	43
"Sg_B07_53"	13289	1180	29234	7572	1134	8010	972	170	1463	1262	4895	1034	78	313051	20	118	307	155466	498	1	1245	297	2765	438389	361	62185	5101	1370	167	175839	628	78421	830	1711	944	1304	35	18273	651	579	36832	1986	249	699965	1589	261173	397	275	470	121164	325	824	453	772	11202	659	38105	104617	119	19571	307667	5219	3186	1471	3299	206	73134	11221	1876	37518	1859	879	33081	19803	30103	4838	344	2167	343473	1031	35	3098	832	90512	1888	28	482	47587	1149	1307	35	1368	333	1396	332655	10166	247	22909	20377	748	571	2554	1529	5338	2123	14737	4927	2298
"Sg_B07_62"	1588	321	180	53	200	1808	17	99	92	568	201	90	539	207	5	11	102	114	147	21	427	29	66	1651	164	514	541	54013	24	121	16	997	184	68	1016	23	14	94	267	61	1377	45	13	524	61	22415	42	17	342	45105	25	29	144	42	518	94	1513	133	36	337	260	67	309	60	177	60	169	1162	186	145	227	164	419	262	172	1305	2	28	1903	44	11	24	173	258	434	14	10	15011	235	94	15	606	1021	41	261	21	10	369	54	422	12	90	175	693	969	174	505	107
"Sg_B08_36"	140	407	74	397	254	1072	19	391	214	21	16	164	30	222	15	25	543	178	1377	71	16	150	141	359	362	153	13	246	47	55	68	822	357	490	511	1484	7	240	305	4926	261	15	43	898	8360	157	277	128	3022	1001	147	255	231	751	1782	248	743	2106	168	2490	2050	298	3244	2177	3894	221	75998	1537	265	57351	834	2383	1780	610	2479	1021	154	159	481	187	73	986	1576	1242	7010	452	59	25750	2894	2774	122	597	363	606	387	153	812	1975	1529	763	419	913	549	1774	4883	1400	1077	19225
"Sg_B14_1"	2	1	2	131	13	31	27	4	21	5	6	7	2	8	14	12	5	0	1	2	4	223	0	124	17	4	0	14	5	160	37	0	3	0	1	0	92	2	1172	8	10	8	0	0	134	0	11	3094	8	10802	3011	41435	473	2406	27251	1	192	635	28534	3	1696	104	33	12	441	354	972	11	2355	1897	14705	102	88	11078	1	12	117	246	8018	123	3633	13814	33	111	5758	79	268	1700	5400	129	7	9541	49724	2640	3066	18183	87	21849	3731	490	20	2	371	37	549	119	7	668
"Sg_B14_13"	155	3030	150	695	890	748	20	193	1118	28	385	4552	297	965	87	120	2133	62	417	22	6	62	441	837	339	52	42	1344	34	17	521	282	120	349	50558	46404	107	1043	6153	960	1444	36	69	5591	4203	256	1181	73	1106	88	1968	39212	15858	27638	603	1023	670	278	1081	1384	57	1333	850	4552	653	81	1731	14732	221	1144	1007	8089	1044	4057	1016	268	10	27	788	83	961	194	5932	793	22740	1017	160	4972	691	53197	1660	219	3040	2077	1151	27	483	2787	262	7135	3487	91796	8344	1765	7315	21711	622	1803
"Sg_B15_22"	10	0	1	15	654	3	5	1114	447	21	0	5686	11	28	5	5	600	3	86	9	0	19	0	474	1	4	5	3	19	16	226	1	2	148	422	0	11	8	327	298	4	1	0	2657	390	6	6	19793	1436	10	2967	216	170	311	15	7520	1	442	2107	1192	167	9210	64	1567	548	138	3358	1282	960	4586	1123	498	2210	80	15010	50	1336	1029	534	1110	3115	182	5489	416	1063	236	4700	557	202	10	364	622	1573	705	41	20	3360	696	33591	55	202	711	68	2	30	11240	22	438
"Sg_B15_23"	158	279	56	2740	2259	1046	91	2132	3351	49	43	3133	194	5080	227	234	573	195	453	44	85	570	822	6615	383	517	346	2514	248	82	730	2817	711	2369	2772	4734	130	385	3144	4825	455	133	218	3314	8613	593	683	637	4445	409	10179	7486	3338	3409	25612	2999	4181	389	1344	9208	941	291	4331	18391	4438	520	31355	17050	11256	21965	19347	10763	21571	1970	17953	1124	299	7749	11815	3558	146	1521	2554	25033	7395	816	909	26089	16460	19796	111	5934	1099	131	702	34	1103	4048	8763	3081	304	7956	5383	4589	5188	15461	1503	8068
"Sg_B15_25"	42	35	17	524	231	39	119	143	58	116	10	490	52	40	162	55	149	22	45	12	5	294	24	170	522	22	10	22	29	312	150	104	7	292	88	25	148	15	617	6	12	8	12	11	1529	18	66	480	4004	231	7648	2326	914	6878	1085	3676	3188	97	4132	60	21	291	1269	3322	2737	608	840	1067	3485	728	7064	749	184	1197	118	215	41395	27497	280	2467	235	592	283	928	14058	416	1332	904	4452	11895	201	147	22632	3663	611	354	224	577	791	424	103	925	428	59	86	1287	518	1206
"Sg_B15_35"	26	9	13	94	87	2	10	37	271	4	26	994	20	33	198	3	113	9	3	26	3	137	17	633	149	2	5	5	5	139	88	6	2	19	33	6	66	9	34	117	13	5	6	34	48	7	19	153	533	46	9538	16161	4920	220	145	234	64	78	148	41	1742	301	60	183	638	275	444	1237	287	649	126	347	72	381	56	2209	456	315	588	497	281	169	1038	61	78	1983	48	74	103	2175	1971	317	256	99	112	71	1043	142	176	88	248	38	93	23	86	213	285	154
"Sg_B15_52"	1274	1	47	5	67	191	27	245	194	1433	15	374	2	57	62	96	216	157	271	22	28	191	80	167	4	42	102	6	60	189	26	290	210	62	19	287	16	345	136	853	29	20	51	1712	405	135	60	8	3275	176	32365	1115	346	44	2819	376	1446	28496	15	509	26116	108	240	15	42	234	24	3823	712	66	2535	84	3799	7783	1726	3665	28	77	200	56	36	156	4042	20688	19	527	41	492	103	45	82	35089	8691	823	116	120676	7135	1794	13	22	65	115	446	476	337	489	69	126
"Sg_B19_17"	30	82	19	764	73	3	3	20	401442	6	52	65535	4307	5301	112	500	25	1372	7408	6	10	728	57	790	2674	14	25	5	7874	210	4373	8941	2	202	2709	291	233	11	1831	3	40	9	131	177	287	27	867	4302	134256	450	89	41	2161	1539	1919	847	23287	244	3265	24	81	3331	6294	36558	401	130	204	631	94	293	16	2367	95	88	23	55877	411	204	3741	195	346	634	2759	44	132	107	115	59	504	194	37	36	138	1013	75	610	807	120	250	123	106318	24	66	26	30	35	10475	10590
"Sg_B19_30"	24	185	7	99909	62819	6	132	41	404	3	62	89154	12474	1854	28	254	584	122	94	6201	3	12364	5128	1250	71	11	1	1	103	93	4235	857	5	2696	99	8	82	5	49728	13	13	69	111	13	63	47	361	1817	109615	441	4654	2563	10808	652	90355	59060	245	949	51900	45	19	10408	18833	82832	23481	499	46834	270	231	64246	103	53687	192	318	51	166	91621	51993	1535	51405	85449	634	167	104	9617	495	1469	142	299	86350	12208	158	314	111	320	265	8112	13750	1241	369	8820	22831	120	52	54	913	27525	90
"Sg_B19_40"	74	21	304	98	89	14	1539	426	110	822	176	84	1179	205	534	460	3544	155	20	36	145	1930	28	572	421	132	7	71	362	8	1013	17	429	285	50	19	77	717	19	1535	723	56	63	127	16	129	300	2754	1433	174	6	380	109	604	619	350	298	98	289	3	713	12	849	76	69	2299	219	66	11	357	5	844	433	884	293	1382	1350	720	1029	1378	2412	9054	815	25	153	4	26	45	217	304	6	547	2	235	110	12005	5159	586	83	82	331	131	87	8	164	520	82	170
"Sg_B19_58"	1308	421	755	1704	448	47	9065	1155	388	1965	5590	168	817	399	45	230	21842	296	1233	66	253	135	426	4971	272	14184	34	1001	249	329	2418	1113	36	684	893	680	610	417	191	2238	607	227	5517	70	186	2827	173	41	107	133	22	7	2223	361	1108	38	235	317	76	71	73	93	107	64	559	64	137	221	61	130	18	25	76	201	24	65	73	66	8240	82	73	17040	80	53	255	106	1303	215	122	3875	17	47	35	6041	161	18	28	169	536	682	293	65	374	701	254	585	690	42
"Sg_B23_42"	799	182	411	716	624	17	614	1255	3652	24	294	2756	3177	1016	352	12702	1527	280	3674	148	36	614	274	566	1176	127	32	206	190	179	1228	104	177	138	4617	136	1481	162	1337	106	236	499	2571	78	1731	138	217	261	1217	277	1375	47	2743	2469	2299	5695	6771	766	8043	85	83	820	3036	19637	2624	271	828	2070	172	690	16146	1401	158	1212	10607	1697	5653	26255	481	1022	507	429	306	657	4143	855	2221	362	9788	5004	1686	126	415	693	373	109	361	877	235	1527	1272	492	3867	377	300	5839	1819	4069
"Sg_B25_10"	8	26	26	792	8	437	5	13	697	15	2	473	1	21	26	3	58	25	121	5	1	222	29	51	6	367	1	1	6	27	51	5	29	137	5	12	4	149	843	57	8	16	0	424	856	7	210	241	323	179	866	9150	319	3231	642	2993	141	69	164	347	150	579	200	4725	115	316	166	695	588	270	110	421	74	394	81	294	492	336	184	502	488	454	1290	321	8871	6489	26	43	345	1303	5386	246	356	41	113	640	432	446	177	25	79	59	62	157	26	109	35	943
"Sg_B25_38"	111	6139	387	38	2625	531	1760	10878	166	2471	2991	771	395	68	1212	980	3446	753	317	4248	209	952	190	1477	37	642	1637	210	3073	797	221	1272	230	534	827	10356	272	1284	33	1816	428	2838	15675	498	251	774	332	464	445	1213	1158	1545	1291	265	667	1383	102	139	2341	1693	48	311	3816	257	1373	468	2108	580	1102	2744	2920	6129	271	1101	2165	13	28	126	556	70	110	316	130	163	284	198	878	808	268	433	119	149	7476	118	992	114	70	2073	3014	242	4121	457	913	120	144	224	82	219
"Sg_B26_35"	1255	1487	591	166	138	1271	41400	1264	34	25	6909	7630	17380	80	4248	2211	27	4759	4081	25438	139	762	31139	32	64	739	41	467	16383	4339	7078	906	18	108	96	3042	6707	10562	13863	21	9170	1169	5112	1	10	376	27179	1356	974	435	570	11	2411	1671	9787	507	105	2864	2556	1196	119	32	10116	28	5242	245	8517	36	2441	4266	9	2970	9	2939	8	16	109	36	36	111	10708	19821	25026	24	8477	108	634	43	78	5857	29	2	6	4088	115	472	1931	133	103	198	79	21	96	2811	82	3599	6122	15
"Sg_B26_38"	95	46	112	2641	275	5	119	251	1970	14	49	6138	352	1797	267	1409	1682	60	498	824	3	640	66	113	245	19	2	101	76	267	405	81	11	944	4049	35	102	20	592	21	37	5	110	87	187	125	81	119	664	3178	12569	1012	691	893	43590	600	291	567	8313	1182	36	1000	6699	2119	394	438	468	518	1905	749	173	946	2376	438	1128	156	731	742	127	913	1977	547	411	461	428	3254	3501	2391	2742	8858	4647	155	1453	272	106	226	701	1019	3356	854	16417	118	10278	1313	68	660	4139	306
"Sg_B26_4"	27685	1032	2584	306	272	344	499	291	2785	625	4033	474	1573	461	255	99	358	1356	943	508	109	264	2692	2774	451	977	230	1284	321	2741	2161	296	101	366	9417	328	1478	1434	880	131	2362	411	6682	12	185	2213	647	115	320	724	39	15	1940	571	31026	62	1221	1607	232	5975	2936	640	560	59	1536	156	168	220	107	270	31	114	63	1200	92	58	167	116	3024	117	645	255	197	377	1155	130	178	589	176	112	11	122	43	30769	1413	103	193	151	250	20362	911	94	534	5279	514	1028	691	339
"Sg_B27_18"	71	50	34	825	440	133	434	417	937	23	36	1113	53	148	51	49	554	56	71	203	7	1132	105	279	163	44	5	24	107	990	175	35	37	278	464	19	68	225	291	128	70	12	48	271	250	32	27	1012	805	5763	15514	1239	422	3286	3464	367	296	494	1832	424	25282	1149	264	958	406	1349	1198	440	6510	2205	2856	1535	548	2059	148	330	766	1811	5170	1066	10735	3562	488	290	1813	3371	2112	1541	4384	1642	225	4119	4151	1436	2890	28339	4007	5249	1619	1274	379	88	167	84	204	257	118	177
"Sg_B27_6"	38	60	9	145	293	5	56	298	593	25	32	397	19	28	10	81	124	7	8	11	7	901	65	171	174	16	2	1	16	265	45	6	28	129	13	4	213	70	193	14	30	11	7	17	159	3	14	14588	372	7088	10794	56	87	26843	10026	64	836	82	8781	10	221	7637	1233	98	1292	234	1797	102	36694	2938	2123	777	403	2483	27	3948	1044	848	9754	324	4153	10581	4619	2740	689	712	2521	9689	5723	313	121	13323	6774	4086	442	2452	1407	20395	5817	348	156	14	65	134	191	1228	367	612
"Sg_C02_30"	554	1447	178	1876	11793	13	7785	5947	18226	176	81	243	8212	4028	782	3937	565	3249	292	865	5	323	170	49	171	40	57	4	576	3517	12365	1645	6	5155	1270	3535	20792	22	3672	6	152	202	3331	193	22301	32	578	69	429	46	315	23	62	804	4137	453	1006	188	6657	123	6	643	1394	17496	476	513	165	2084	97	155	39	323	13	114	4	19	580	305	106	322	789	1240	153	26	3003	2538	3049	3	5964	32503	200	7	48	817	10	74	56	6207	6949	2110	186	75	496	125	31	9764	6076	162
"Sg_C03_36"	112	333	148	71348	4791	68	2229	8891	308	749	380	2731	251	48	417	568	946	266	1911	2805	217	320	73	614	618	201	327	80	5842	29	796	549	302	24959	181	786	159	375	146	720	8985	418	314	78	322	123	275	16	237	2304	2773	3332	399	124	4887	1588	138	32	2988	383	446	1044	3922	125	3588	331	196	269	4412	270	446	5076	148	377	5049	10	144	416	424	88	105	161	75	59	128	231	1348	24	130	9736	15326	335	1078	30	1237	15	37	2002	829	362	709	131	237	683	110	278	125	1621
"Sg_C04_25"	629	230	520	820	313	10	654	2342	777	74	1535	330	650	109	58	268	91	118	218	138	4	3465	52	68	205	743	8	40	396	113	499	44	17	562	1390	61	173	220	837	104	77	267	794	16	835	129	245	797	3313	225	357	113	1355	5802	1473	397	237	699	1789	1890	57	15831	154	195	2609	2820	561	944	3150	524	261	230	1133	3069	76	720	275	158	61	236	3334	7258	316	111	2811	4983	396	197	1992	2084	722	141	273	956	445	1251	1221	5988	4783	1564	462	67	155	193	68	1135	406	2688
"Sg_C04_33"	813	3896	10411	14779	19272	73	1358	126	27079	411	477	707	2244	31610	65	89485	592	13043	386	133	160	439	305	7557	311	782	122	79	15414	25044	2073	3975	130	304	1798	34201	43055	1640	6669	780	805	668	2350	164	831	384	17180	86	762	328	242	11	750	658	301	484	25168	1781	1451	673	224	195	158	7419	1049	718	263	101	117	317	54	14559	410	5094	68	546	84	68	8257	211	1927	3772	1365	9246	464	263	344	742	376	111	26	138	88	870	459	723	158	313	91	1914	4341	46	1159	398	5227	481	26341	625
"Sg_C14_34"	111	800	2422	149024	31605	795	9226	50883	317	477	4850	12511	6138	30738	464	3663	40457	2561	474	6601	5	5632	93	109	4890	179	29	363	187	85	22770	2034	16	6504	465	302	8793	62	50853	4792	2453	19973	2529	11	4217	358	10595	331	3831	740	24	7	1049	508	2643	672	1541	959	32594	22	39	12599	1127	251	256	37	583	198	63	914	85	25993	14	362	483	29	269	135	74	116	17809	48186	12	131	377	182	931	11	3578	3184	1135	18	47	530	123	19	718	4489	4702	305	11585	26599	2120	24	112	883	31565	34733
"Sg_CA11_3"	1498	18438	832	10565	7151	137	1253	14083	53515	254	630	1252	32722	3918	2518	5104	44880	1833	634	1867	178	10857	29807	565	2724	354	348	72	3719	1618	76564	8586	69	8666	5627	2209	11184	339	5490	83	489	633	2688	56	46944	351	545	4860	4944	361	351	101	4019	3211	841	12416	1010	362	13333	193	213	2678	32294	17232	10154	673	3352	77772	276	4676	296	3553	190	244	79	233	4737	2647	588	2689	6899	46479	302	352	4976	7067	5478	124	7689	4987	2241	106	38167	4527	171	46	2011	27056	4162	8776	3357	5719	1098	323	545	10273	41440	1790
"Sg_CA11_45"	103	26	22	23195	5241	8	776	305	246	159	21	9781	5006	264	7	5	49	47	29	6245	113	422	371	58	16508	16	2	12	27	116	75	148	11	194	1544	4	55	30	42371	523	800	44	55	5	41	897	18	39	85	300	8424	4672	818	382	18156	59	1339	10472	12992	20	5263	81887	1311	49	1384	52660	39	361	496	58	23	40	9746	1648	55	41795	104	75	46	160	116502	67	472	35	87	104549	12	113	1114	292	38	20151	33322	343	49	2491	77	11041	1447	864	389	23	44	72	16943	724	4543	1079
"Sg_CA11_52"	11	2	1	1	45	9	0	19709	1358	24	0	24791	12	14	35	93	1276	0	191	3	35	15	2	5671	1	3	0	7	135	28	1140	0	0	200	143	5	20	12	563	3203	74	1	0	11105	827	2	21	93006	7277	7	7202	373	207	4047	37	6751	12	167	29698	846	101	54068	550	1839	636	2680	14614	1880	679	17623	3136	1624	6056	864	44459	2022	6691	5216	5927	3826	49598	5097	34746	401	3266	3318	16713	1195	443	28	593	533	23017	2706	26	263	19093	29330	19207	569	773	2031	115	10	561	11521	171	1475
"Sg_CA13_9"	1891	434	3376	2212	1467	70	73851	2247	298	366	590	1936	733	983	1039	788	1288	942	347	5104	9	822	169	313	37360	175	14	28	1526	644	10282	364	7	3657	785	76	1410	1449	1774	94	409	728	1177	98	1999	592	1139	6651	879	586	94	25	1598	2003	3119	1200	895	3195	2872	42	33	653	4453	431	456	77	1371	46	224	1809	1356	923	96	327	47	29	558	216	179	309	546	1352	70	639	1260	859	412	35	1653	494	147	29	45	10273	569	107	1375	1545	3918	318	2169	839	895	87	2897	983	1189	3801
"Sg_CA25_14"	7001	89	60329	978	218	101	19873	1747	45246	20922	52859	143	136268	10701	91	121	62	526	1013	23	443	552	185	2866	208	87797	961	7010	2899	2616	3975	52414	16	2074	35948	38648	1869	1315	3268	45935	107756	1640	112580	8	138	29268	1499	1208	1942	10592	54	9	136683	703	79	103	1651	1373	110	105	126	707	76	76	180	113	89	184	2061	121	11	65	65	80972	47	27	263	138	2130	224	191	254	122	75	928	76	204	119	104	598	35	40	56	81135	11743	130	1162	390	215	36790	158	26	913	49135	99	147	1264	2239
"Sg_CA25_21"	2019	1192	5566	1732	1786	23631	258	540	4332	54	41	650	521	5405	27	235	313	712	3027	493	491	425	1040	28763	981	3542	176	48705	629	621	210	1544	12079	579	4213	588	588	2640	1338	1678	424	2186	569	4685	6801	6728	1384	398	6973	14897	163	345	5419	3077	18674	1238	4563	1194	202	3867	6228	613	4354	796	10532	1370	8382	583	931	8132	501	2616	6544	10473	1682	746	18	96	31147	527	521	606	5733	5882	5092	53	229	2140	2628	2208	157	31504	215	474	28408	241	212	1631	379	5035	246	2231	6268	1133	38132	1257	9002	5338
"Sg_CA40A_55"	29898	39577	19622	757	57	14649	2007	69	149	86	9957	145	82	76	43	9	13	10355	6900	8	3434	40	6	67	10443	11471	14	7044	908	8047	1705	21309	11122	33	31309	3102	25178	41222	66	2038	8451	16419	10015	3	21	8049	56	9	26	7717	6	2	6552	3751	2960	14	1269	85890	61	19	27	193	775	6	63	12	28	2	39	61	4	21	387	136	12	10	18	18	45	19	28	20	16	33	124	15	21	7879	9	52	11	7	10	28633	8866	5238	9	26	18	60773	199	13	71	38799	43	42	2955	54
"Sg_CA9_20"	415	176	136	2962	1282	142	450	1646	5562	93	180	5028	455	641	177	101	781	57	144	91	108	11678	277	356	246	94	9	23	372	687	610	44	30	1029	609	55	135	173	1207	131	327	11	57	72	661	33	81	2729	21314	597	3388	872	925	30581	2490	28491	5464	1255	5388	1566	182	31875	1525	4103	12373	46226	2044	17574	16860	2781	523	19853	4140	11581	29492	1653	65806	29968	405	47721	13956	151872	5428	2101	7241	6838	1125	1383	4952	25055	3078	5589	15243	1532	739	32622	54377	7268	26869	1359	1244	535	576	303	1111	1261	1435	1014
"Sg_CA9_31"	132	906	10363	55	649	879	66	18	1416	16	97	84	308	265	1400	7102	42	9958	188	1574	32	742	120	209	4739	90	621	75	7623	94	50	104	117	88	240	74	1979	15603	1838	59	4486	714	87	5383	165	54	2684	22110	11520	27986	57	11	159	17264	83	4053	5310	2717	2544	4884	853	32202	1194	904	300	78	5561	11352	12137	7655	4	4536	13430	21693	3114	352	17	210	230	496	10427	24	29199	13005	4468	4437	12	118	1791	26	526	13971	35	305	4014	17340	31271	13531	41	217	348	27	110	166	4691	4181	93	53
"Sg_CB03_1"	33	37	7	225	72	296	803	17	251	14	244	24	999	495	6	282	5361	46	308	90	1014	181	7	2573	383	1022	58	772	828	41	53	36	835	44	43	14	274	1232	4	4270	2376	287	12	1	29	374	279	3058	1888	58	7305	0	7	1089	1571	109	116	152	308	144	10839	721	1506	429	34	1063	397	1356	18	667	1	1078	2556	13	558	4609	1810	140	6151	1538	2358	4411	6233	25	89	12	5	94	217	105	37	9487	6	8	1	1631	11407	1409	242	87	906	5	6	2	426	344	14	333
"Sg_CB03_2"	5728	767	101832	121	129	126	65	36	113	82	1140	206	100	242	7	36	809	398	678	119	1489	193	48	99956	79	21805	57	32416	28	325	74	54	1624	3581	111	68	360	221	229	222	192	86	32	36206	668	8358	296	212	11152	1774	1061	30	2668	717	1280	358	315	40361	856	1581	13845	13050	146	66	185	439	1672	137	945	3114	34	159	1246	370	164	10842	188	104	82918	310	1260	232	841	4834	1955	247	147	69	776	641	55	28069	212	288	275487	1101	40096	11504	1775	352	5230	248	169	428	1883	132	1263	391
"Sg_CB03_44"	0	0	1	12	0	0	1	273	2	0	1	3	82	1	1	0	11	0	1	1	1	14	1	20	0	1	0	0	12	31	2	0	0	15	0	0	0	0	2	1	4	2	0	0	9	1	1	583	7640	1700	326	1	2	58	100	238	0	6586	8	211	513	104	23	7	108	2	11	23	11	21	2	15	4	1228	4	2	10	21	39	8	725	17	38	7	9	8	171	4	10	34	2	22	93	13	10	117695	128024	35	277	16	6	31	7	3	0	63	5	5
"Sg_CB03_47"	1448	869	700	1710	1936	249	1875	1662	2930	440	710	1663	2063	886	2254	536	4403	577	1107	1076	266	2522	715	939	1265	450	587	150	1178	465	1580	766	608	1344	1299	523	1223	1569	1012	943	1333	344	1165	282	1419	996	498	2027	11743	662	429	486	1603	1379	1726	969	798	673	840	3026	506	1024	1940	443	809	2512	620	1032	881	921	504	1222	546	1361	817	1211	1512	961	1256	1447	2476	6478	1521	410	1018	1190	321	381	1401	790	198	728	468	1051	387	9757	48176	1199	664	1294	1266	601	738	603	713	1503	1117	1378
"Sg_CD22A_27"	103	22917	73	5186	179	163027	36	4	2085	5	2008	40	45	184	2	3	34	41	37	739	9746	17	5008	47	35	20	35	40	182	231	44	25	72	1354	16502	13	27	62	145	29365	32060	24	64	6	6	102	20	8	20	9844	8	13	982	4616	21	25	4125	1187	15	231	165	151	137	58	131	106	17	3	21	20	57	4	14	67	12	25	34	14	34	17	35	53	34	51	23	24	6	1395	7	18	46	35	10	89	47	210	10	39	15	17112	23888	2	50	12596	47	23	28	23
"Sg_CD22A_44"	660	317	1006	617	1839	100	2872	1289	1383	216	1415	5580	1780	3167	33	4997	146	6530	335	674	80	485	134	653	170	251	253	71	1430	6286	3813	255	23	384	614	2665	1788	1821	328325	862	606	901	3206	223	194	171	226609	694	656	201	23	39	582	328	199	113	1260	547	1664	326	48	909	115	295	585	174	130	107	156	199	96	1223	468	596	78	65	135	87	611	144	223	1137	168	388	176	990	2124	5047	142	98	123	26	247	594	132	409	297	314	130	1356	40119	39	7324	212	481	223	2078	183
"Sg_CD23A_20"	7800	1578	1698	2779	2528	1796	2058	2178	11321	275	4364	3464	4311	1772	167	689	2869	1594	3728	610	334	2145	2168	2066	1514	1556	382	671	893	2509	3594	962	419	2542	6096	1686	3094	1923	3276	639	1988	1031	5098	1311	1948	1065	942	644	2749	1673	1952	1222	5907	4450	3351	992	2826	4236	1902	982	706	2480	910	1531	3837	2310	2204	2231	1750	2505	869	2207	1669	3267	1473	1995	2416	1667	1805	2282	2471	2253	2672	1669	3649	3479	1471	1349	3052	1939	540	1454	1886	5694	1430	781	3177	1745	3017	6847	4081	27896	3176	4396	2776	5761	5846	2643
"Sg_CD23A_32"	2833	1863	921	2297	2592	13417	12753	256	1275	1500	1770	7417	2918	13896	3390	92163	2043	548	49430	16884	745	758	7572	540	924	9487	7002	4459	2520	295	4505	1178	11472	2106	3166	21103	11282	3861	984	14311	10409	13607	291	9169	17910	5080	2808	658	845	1844	3072	446	1015	2588	283	982	13950	786	701	620	12455	480	7425	985	5482	497	6968	2721	1251	6332	1360	1313	8992	825	4767	1991	3230	1598	712	880	628	1868	1191	8589	751	3858	72	21263	2963	665	842	1362	4103	533	604	2085	1264	1079	229	1116	4227	18528	287	1689	2285	664	595	8834
"Sg_CD24A_1"	115	55	45	1436	670	14	52	212	4822	55	71	6542	913	961	287	426	7105	36	52	63	1	670	491	82	354	14	1	3	71	374	534	84	2	14118	841	125	591	41	10436	29	141	26	78	5	212	32	277	110	107070	3507	869	180	224	8829	2355	1185	6490	1618	1646	319	30	1049	4418	1012	820	10976	322	783	341	486	74	3199	474	719	168	555	1137	705	161	911	856	845	502	173	844	1425	2549	462	890	886	543	223	583	429	393	209	1241	4122	6491	1924	1213	210	284	214	287	2422	7667	847
"Sg_CD24A_10"	75	296	32	1755	1930	265	34	18	1207	36	54	122	204	199	193	12	11439	525	177	8	11	44	412	569	1052	61	12	262	36	15	150	97	243	919	421	387	9	78	637	1587	260	149	28	2090	751	24	392	46	5613	74	57	539	1307	351	531	3115	175	238	34	611	404	162	5731	151	1570	55	5706	227	230	4021	137	623	3164	971	717	211	5	18	519	39	10	172	1194	393	2090	16	62	508	388	703	1103	308	111	40	67	6	191	233	497	231	421	24489	1363	679	3073	449	601	4354
"Sg_CD25A_53"	1405	26	42926	8	35	3	21404	225	14	4	15	102	72	6	5	50	20	16	36	0	3	56	51	24	16	8096	9	128	12	3	69	23	50	410	5628	17	0	11	8	19	42	10	17	30	49	74	58	5087	35	1088	13	8	18	38	120	45	6	8	3	40	5	95	90	512	86	5	79	2	23	40	6	21	507	8	190	20	13	80	8	141	2	78	12	45	126	0	3950	51	22	2324	1	15	17	27143	1261	1	7	17	552	17546	3	776	352	4201	52	426	19	253
"Sg_CD26A_19"	488	5315	1092	549	1234	471	135	85	1602	27	130	1274	516	2194	24	79	681	923	2375	16	73	107	227	5160	326	1359	60	5394	791	11	974	7199	1515	791	6694	1076	11	734	58	677	1373	101	262	5155	1431	2172	1154	342	2742	1611	217	82	3636	2802	4645	265	10142	660	297	2876	192	2625	6528	1168	88939	316	4642	1963	1145	1731	309	940	2245	907	308	279	25	64	6608	314	177	2557	9510	15155	8550	96	605	5291	8643	1839	146	3551	1082	1542	4555	171	1581	2017	1379	623	237	1123	20441	3317	37783	17194	9171	14569
"Sg_CD27A_46"	187	72799	472	323	322	18	54	15	429	58542	31	10181	42	106	4	12	37	9	15	2	0	764	130	145	120	5282	1	11	18	268	78	8727	2	120	253	14	249	190	15882	98	140	4	23	128	82	617	13	23	72	153	59	25	91	101	37	46	92	246	32	39	102	89	2342	103	117	202	47	35	77	77	30	25	37	41	25	107	163	186	121	202	155	13	102	67	31	124	4	47	50	56	37	58	95	141	750	29993	83	38	48	466	66	36	28	30	46	80	48579	27
"Sg_CD28A_40"	6094	10247	3311	99	82	41665	261	60	300	796	5239	92	7312	11572	34	26	33	1877	265	65	243	21	4407	1718	1346	5256	2724	1327	1868	3447	63	716	1451	2854	4329	823	116	2538	111	451	4835	59839	363	130	57	484	65	31	95	5111	20	9	740	89	56	24	3923	1263	54	22	38249	3963	1117	15	76	23321	126	50	55	161	2	42	97	124	12	41	31	21	1134	44	84	493	3061	968	61	130	34	1333	64	112	28	73	31	1192	1662	796	62	66	77	3086	2850	42	430	3252	10546	58	125	70
"Sg_CD30A_34"	124	352	249	1159	412	1631	197	333	609	84	20	461	108	468	49	119	303	204	2334	71	20	77	272	894	207	114	116	379	83	103	176	1849	1178	1458	638	1080	17	662	371	1064	309	63	17	421	3012	516	440	148	1947	171	259	455	610	770	1479	369	425	439	1034	3624	954	429	1314	762	1720	473	12043	7102	509	8865	771	1552	2599	412	1407	307	36	69	1101	335	15	677	773	596	5393	135	65	7668	9776	1254	27	952	273	123	2018	25	1056	5991	1018	872	714	728	856	1594	6593	502	1232	5362
"Sg_CE19A_15"	496	2034	1089	2030	2079	923	100	686	14884	334	170	12292	1846	6191	102	1858	5501	2708	9252	241	991	1793	5996	14465	316	4580	1240	668	1355	231	1213	149	7760	8884	2614	1720	1419	3728	105	1636	71	1734	301	4231	1295	798	18222	3325	3659	616	2920	5148	8038	9004	3416	10691	1477	3603	12	4619	2300	26	5121	8127	889	177	14501	90	5076	11460	538	137	3618	15533	5560	1154	475	1441	22115	5946	792	6713	12829	20226	9278	14	603	724	7231	5338	1143	6924	30	36	1002	1220	3639	10175	6212	501	551	8075	8082	704	10162	5905	11415	37573
"Sg_CE19A_24"	891	1183	3426	349	2310	242	185	269	586	73	534	4789	1502	10172	235	158	2030	342	7131	2764	135	375	5740	2710	549	531	111	1364	145	661	836	214	4981	9422	1429	1181	641	415	732	2739	753	262	568	7387	13318	14220	2049	617	353	239	3969	1033	493	1264	515	2374	6529	226	275	1317	2774	385	1613	1176	328	213	430	3846	1849	729	731	167	2347	557	237	14758	272	614	2122	1578	536	240	1514	1331	787	219	141	811	2220	893	118	1182	9088	984	564	67	196	1686	376	561	1030	10454	759	386	1782	1780	1909	6098
"Sg_CE19A_29"	127	308	384	152	312	265	85	88	823	44	19	549	330	222	15	115	37	904	245	184	83	550	1092	552	56	540	312	1689	262	15	168	831	563	633	1705	1237	66	58	1929	776	42	242	81	13716	1053	285	562	127	3318	1267	35	18	506	265	404	127	4578	929	28	1146	2597	11	1140	748	828	95	3441	857	368	1671	22	1107	12230	1021	143	87	178	159	755	2517	34	923	1331	32	2082	73	174	124	2255	1407	167	869	507	244	914	149	2252	2602	541	882	340	5078	1625	1509	7103	6052	1004	95
"Sg_CE19A_36"	1012	680	518	1488	1625	771	255	1321	4469	681	372	4613	643	5995	224	475	3216	797	1405	399	153	1464	460	7517	661	673	605	319	523	1518	1075	735	849	1421	1887	1349	936	970	1603	418	1247	295	770	2289	1375	729	582	1695	4116	2084	1832	1534	5628	969	2106	1796	5652	3095	1167	2113	2529	7634	2317	1107	2119	2225	2768	2943	2023	4141	1016	1592	4103	1629	2141	2628	2255	1491	4638	1841	2769	2049	2072	2746	2697	2366	332	1110	6270	4156	834	2127	1104	1378	3400	1140	3269	2146	2258	2469	2607	2000	1657	617	3150	1518	6061	5455
"Sg_CG50A_22"	19925	1004	2837	1227	1055	1219	1653	409	8405	304	2338	1298	3136	2615	69	206	673	2716	1580	151	571	407	7376	2671	4266	1670	742	1900	1149	5621	1824	918	305495	2216	5039	568	1211	3155	1095	715	1780	1185	1908	303	1390	707	2811	182	402	885	163	74	1286	779	835	307	1961	5257	511	176	1327	790	258	295	540	529	395	361	696	491	88	277	486	756	465	1257	564	310	2313	414	701	608	399	1117	842	1059	244	832	2102	429	161	255	338	158419	1276	428	377	1160	703	4101	1093	191	1440	474267	1080	808	1716	443
"Sg_CG50A_49"	1062	65	2	22	3654	13	6933	4219	515	58	9	991	331	10	4	552	4203	1	10	3	0	684	14	4004	45	19	5	8	4	35	7105	348	2	2800	3051	444	375	363	323	355	6	5	150	76	81	85	10	44	199	128	164	468	219	155	1412	2588	197	33	104	52	34	419	443	9412	547	8	98	34	45	58	1	509	20	4	252	29	100	355	1420	569	17	296	213	23	851	3	28773	129	379	407	1953	23	22	3054	31	5	26	74	2027	3178	252	21075	2143	29754	190	1635	387	398
"Sg_CG50A_74"	438	995	859	65	14172	660	19248	40299	311	5767	909	1301	694	200	3821	2762	1166	2918	796	14255	589	146	739	1046	2030	2075	2863	613	4734	157	820	4226	1398	2012	283	3261	125	2463	1033	461	7746	546	2215	1130	1569	1888	1098	14	765	2201	1500	4213	1779	245	376	3985	183	118	10790	3658	605	77	3516	34	3391	1370	287	1119	1636	473	2005	5214	379	2405	3724	16	6	306	831	35	273	371	154	125	719	113	5392	52	230	430	144	996	1628	65	1376	60	235	2316	2403	312	1473	635	1207	10229	87	51	81	1697
"Sg_CK05A_18"	1687	7345	4033	1289	8082	1553	208	777	7004	170	77	5346	4233	10714	62	7210	4527	2183	10230	3301	1836	1499	15685	7466	19356	19327	1084	9515	1693	11932	1040	7378	2967	5086	11260	2218	1625	3289	3004	9999	2654	2145	136	16107	4502	1013	7642	519	2979	4890	2044	5303	4499	601	42719	18954	19501	16924	1426	22717	190	675	15051	6742	19424	1329	28623	4600	3703	19339	3727	5568	26047	5553	11399	996	204	381	7024	2045	366	925	9301	43426	14700	291	790	6320	7571	30321	911	9670	2520	959	8393	2222	1362	4369	6165	6954	512	27451	23636	22592	46975	5863	26967	27657
"Sg_CK05A_21"	279	109	638	156	133	262	256	1268	248	57	207	826	705	1396	20	233	522	374	27544	819	375	462	201	21334	225	312	237	148	1584	445	302	192	230	203	540	133	658	453	1409	296	355	321	201	130	1005	101	637	906	365	3626	281	75	509	398	481	488	10367	607	407	184	1106	3952	59	119	748	757	2885	323	345	5897	147	498	154	1968	118	1053	828	622	30924	646	365	457	827	316	1887	1119	50	225	177	379	185	312	102	626	255	225	236	432	161	322	1814	72	477	439	19159	230	1399	435
"Sg_CK05A_46"	14729	49436	8935	520	935	526	4485	512	14829	1496	4758	904	40219	3536	66	1045	584	31643	4683	399	633	734	1864	508	1593	8895	457	2358	2025	585	3679	682	344	1105	6854	1157	7615	1662	1484	735	11503	924	8971	905	1149	7205	1046	519	552	3109	135	47	3807	11319	662	189	840	5946	523	668	568	637	1088	256	1647	305	480	313	305	651	177	238	282	2394	538	407	195	167	587	273	285	250	507	428	1353	358	797	782	482	300	64	322	105	3375	1860	1025	274	485	515	10992	1886	441	1139	37882	49048	894	1442	780
"Sg_CK05A_56"	105	343	46	3421	2666	139	2185	192	649	8	29	1226	142	212	10	151	320	539	117	6	28	368	284	430	199	109	20	332	49	21	519	148	129	4101	385	153	5	188	302	91	57	20	9	516	337	253	444	107	418	138	925	229	205	260	688	6622	431	160	274	989	407	241	694	1687	284	708	1230	610	598	976	179	392	601	1138	771	1733	216	256	662	415	345	250	394	3209	2067	405	1078	1325	461	784	127	597	650	67	190	307	235	447	1690	114	192	2180	970	174	16036	2246	329	768
"Sg_CK28A_36"	46	71	5948	24	177	432	4	9	102	35	64	119	118	2521	9	2008	183	22	103	11	7294	13	47	2777	20	59321	8	18	1841	69	12	63	1733	27	74	62	3578	246	37	531	72	429	8	5335	369	8	89	15879	385	150	92	40	1260	349	388	56	9133	223	56	39	117	2810	42	128	84	88	10417	904	108	11916	22	45	185	49	2892	1709	72	76	2141	73	28	47	858	452	64	144	6	1858	225	35	36	550	400	23	75417	46	2732	1470	23	54	545	30	41	93	545	79	28	39798
"Sg_CK28A_47"	5051	448	22	2	4	0	18	726	2	42	5	555	702	1	39	102848	1112	668	1	42	62	108	2	5	5	1	3	1	15	0	2062	0	5	1036	1255	1717	134	3808	1	1019	3	275	7	1968	3	65	1	4	83	10	0	0	196	143	184	3133	7	5	5	0	2	7	1831	12	4511	4	615	28	483	665	0	1	4	171	2	3	218	308	6	221	90	54	235	3	2548	3	1903	0	2	1502	60	1	1	31	6	62	122	7	81	113	2	2	7	4878	1	17140	7	5813
"Sg_CK51A_47"	658	715	2885	2813	8193	1044	1802	585	4841	97	176	11813	403	1916	90	326	634	869	934	129	32	1164	862	1495	572	304	95	489	207	563	1561	1382	287	2438	995	1575	233	1095	1307	1709	375	74	122	6181	1866	1193	519	234	1984	588	577	649	458	1200	3529	2266	642	1707	3418	969	726	1302	1381	2033	1699	1356	2303	2299	1242	1973	521	1101	1186	581	766	973	2079	1867	1332	2264	1126	851	867	1082	1828	1340	2888	1575	2148	5643	535	560	575	721	6614	266	1013	787	1645	649	1151	2386	1069	511	1149	67675	1029	2198
"Sg_CK52A_43"	9349	2445	4258	340	541	385	13910	832	3092	12437	3176	437	5536	857	74	340	62	61747	1301	254	49	260	1679	3528	1458	6403	28	422	439	1448	3694	1125	53	1089	2599	2807	1418	20627	17931	482	2397	1156	6106	34	39	7103	1109	816	123	364	9	3	4077	5538	2051	16	1166	2533	53	1035	35	322	1170	40	2248	76	145	50	65	173	23	10	59	585	20	9	11	6	1339	32	162	126	67	752	1571	85	413	2529	59	75	110	21	21	4664	513	73	37	46	158	11887	675	21	3337	921	6387	324	14149	32
"Sg_CK52A_74"	16554	8985	3690	918	413	1052	67	106	929	92	311	2727	156	16615	38	107	122	9445	423	7	9115	303	676	16656	51	1689	439	10616	1904	2734	166	5748	6209	7175	222	1018	89	1569	214	2068	2324	335	29	31775	965	12919	623	74	142	1684	164	1382	1308	302	1226	337	2325	5977	61	1449	22759	508	17262	146	799	42	5710	1315	348	3330	18646	141	1934	7844	1540	275	37	130	13904	70	37	495	756	5732	821	88	83	2110	2824	1379	26	251	199	87	13830	545	112	1531	987	149	201	746	248	568	7265	1328	86072	1931
"Sg_CM17_16"	43	16	0	1	4095	1	1823	2584	13	10	0	1163	145	25	4	184	115	2	3	1	0	505	0	20	4	7	1	4	8	55	1914	5	1	29997	1091	378	5	3	352	10	2	1	18	4	28	124	19	321	305	17	146	293	39	30	694	1627	17	5	990	23	6	461	650	9539	829	21	1109	0	27	824	6	423	9	7	136	2	156	376	31	559	27	541	48	2	1153	0	13594	12	380	625	41	1	1	1531	7	6	32	47	62404	1195	299	13161	906	432	25	885	219	44
"Sg_CM17_58"	8201	23144	66571	548	484	3055	4465	17	13924	710	14479	802	52231	27706	1	19	76	50391	11442	235	7985	23	1771	52733	6123	36685	38001	12038	22815	16168	58410	9101	25949	22749	15928	293	722	85476	19532	7856	175570	56228	4654	7	44	5669	69890	9	2478	8580	14	7	2232	32	2044	21	51866	178652	45	19	77	5093	128	5	339	282	34	25	4266	37	21	45	15	33029	10	2	67	42	50224	57	92	68	54	25611	1752	64	688	21112	31	77	7	29	36	64801	67269	915	52	33140	5318	121951	2958	26	71974	20336	67	55	32399	25
"Sg_CM17_7"	9192	22158	15728	1151	3492	3786	10367	655	30497	1754	10112	2660	15527	9372	336	639	333	6156	14795	1924	420	1469	1292	10660	6326	4429	183	924	3906	1209	6492	11114	143	189157	7858	3684	18607	15346	31487	796	14015	10492	16309	38	1636	2662	17165	1760	739	2860	119	105	12939	3335	7778	199	17441	30779	654	4567	164	918	346	187	1338	595	244	227	1044	376	114	885	159	6471	29	103	869	449	8202	540	381	1169	562	10552	2070	519	706	7980	362	593	45	165	85	21328	1469	700	124	401	16506	12079	8309	319	5074	6315	1227	3016	7733	367
"Sg_CM21_15"	125	576	27	3716	627	1981	15	26	1054	18	1	274	47	13378	165	16335	21608	815	324	2	12	80	17	4888	84	55	20	13	1051	5	2825	100	167	11716	6120	1329	1	3447	519	35	597	2554	10	2674	930	72	208	2106	1612	17	281	886	315	521	1343	14988	24	327	34	41	11	76	51	1250	70	286	639	176	171	340	433	306	1323	99	550	3681	493	2219	3439	734	4	43	663	190	528	10	22	1091	225	544	26	26	41	14	90	25	432	141	379	13410	1925	373	548	238	596	704	928	658
"Sg_CM21_57"	90	439	97	2680	1056	210	62	420	2366	61	54	773	325	1338	74	84	1056	484	4621	36	231	153	390	1506	435	72	604	597	231	71	339	3536	562	962	50136	804	55	1423	4758	261	809	260	33	7474	10643	744	590	577	1496	167	3077	5503	2783	1283	22405	2364	407	1720	871	2593	1049	833	12498	2053	7075	215	18886	7646	669	12935	809	11921	16813	1987	28389	2178	167	678	2324	1234	20	282	670	53919	1596	603	429	59988	17482	3915	146	4706	12603	331	851	40	157	2178	1537	53002	834	10601	10648	13496	29056	2109	2922	4022
"Sg_CM29A_16"	7596	6517	4821	201	597	383	3323	442	1509	120	7236	1252	17976	26423	40	286	113	223	1086	183	127	219	857	121	56609	1979	80	106	2659	291	8754	781	43	816	30858	801	1320	314	659	219	1207	4277	11481	32	198	15947	380	99	717	322	22	13	3567	715	1283	26	7962	209	158	9421	44	109	525	37	2764	62	184	268	81	222	8	55	95	2983	27	42	103	77	72	397	270	716	66	56	2512	75	1314	193	175	125	24	21	25	3290	1238	21	75	144	538	28389	404	191	616	781	438	1979	1319	52
"Sg_CM30A_3"	401	817	561	20390	2173	146	589	969	13367	47	134	31649	692	4699	677	960	12126	299	475	6320	13	3499	459	788	739	46	36	88	593	579	1716	161	112	4819	29616	62	811	103	3699	135	264	38	535	343	1605	255	524	751	5063	16985	9351	16449	4793	3013	7029	3843	1710	1910	51873	661	208	4740	37669	12808	2249	3796	1959	5352	11269	3346	1384	5863	16995	1732	1187	1658	6719	8285	1004	10799	9735	3728	2299	2391	1927	22035	6722	1497	17991	27158	32893	1681	9203	1359	580	1067	4536	5687	15673	4960	78014	781	20055	1099	663	2207	19179	2402
"Sg_CM31A_43"	2	1	0	3	9	8	1	4681	339	10	0	5307	1	6	9	17	250	1	43	0	0	9	33	1630	3	4	1	1	15	6	156	2	5	130	142	7	6	36	154	1404	36	0	0	2973	203	0	10	28014	1578	11	1500	87	72	643	63	1419	75	133	6281	241	21	11000	114	535	222	669	2656	427	168	3309	664	396	5198	157	8809	431	3569	3111	1643	3475	10865	1376	6133	992	774	749	3586	292	150	24	148	126	157	446	42	382	4978	7954	3920	973	176	454	38	11	117	3977	79	356
"Sg_CM31A_52"	457	463	929	200	1192	2365	2989	8194	534	9101	2286	251	317	286	6053	2988	2006	4023	347	4984	1062	55	487	1195	159	3036	4357	520	3113	257	942	7892	1963	903	630	4447	451	4810	224	1129	623	3852	3328	1062	1446	3443	1914	38	344	3448	1809	5874	3462	372	722	4898	157	407	1492	5208	126	143	5938	265	686	1930	656	2341	3622	1110	3763	2039	872	1414	6301	53	24	74	619	60	211	340	293	460	427	233	746	175	417	993	85	1141	1471	312	3667	359	373	1190	978	508	1036	1121	2368	156	99	135	207	2111
"Sg_CM32A_26"	11661	5502	20564	3549	3223	741	3391	1561	9842	6420	28941	3589	29398	24007	410	8796	2351	2699	19739	1101	7787	1445	3103	2082	5055	3541	760	1571	14703	1643	9012	1105	754	5894	8355	10955	7647	4713	2877	2036	26525	2882	14191	296	2209	9894	3374	3653	3379	2775	965	198	15993	2441	1760	291	49267	3292	1398	2941	776	1858	1488	442	1640	1174	1299	814	1348	1816	612	699	390	5543	1042	1693	1101	715	2032	1015	1963	1650	1717	1577	4058	1366	2276	891	1104	899	216	1006	510	12701	3507	1562	3683	1314	1007	6635	5598	617	42054	3167	2428	2138	3203	2156
"Sg_CM32A_49"	938	52	680	1191	736	635	209	2669	1943	8833	147	2470	243	1552	1827	639	904	2214	55	289	213	711	215	2277	425	710	616	92	829	804	342	2003	310	664	263	3277	71	1397	529	285	539	92	392	4707	442	2118	262	2081	4022	1615	3023	4139	3701	3030	782	3366	751	1053	604	2683	1385	3498	4211	870	516	2044	896	1628	2172	1192	2235	620	1466	1448	2195	1198	3811	2250	1955	5013	4720	2714	933	904	787	1395	1063	401	795	1843	1438	1633	1155	420	3906	1505	7857	1173	1227	637	462	694	1780	187	1527	576	928	2753
"Sg_CM33A_39"	141	40645	86009	4970	0	4	8	4	2104	7113	48	20	200	28793	1	4987	961	54969	37	4	173225	3	298	270	9	14732	536348	582	5447	290	8	2786	8	6	209	7985	1	278	2	2517	8	3583	2799	0	1	10811	1	4	2	54	3	2	12	4	1	1	1	96	4	1	2	2	315	2	88	2335	2	0	814	4	2	4	10080	0	4	174	6	1	62	3	26	4	36	8435	11	8	150	3	5	0	21	85	0	98	13991	35	367	89	3	4447	181	3	8676	284	1734	6	26	9
"Sg_CM33A_60"	86099	1794	36823	283	1757	225	20098	276	893	162	35275	519	2175	717	227	589	186	269	3034	150	213	459	1400	204	1292	3877	91	155	3186	651	3922	1009	98	52980	3640	2362	2070	627	672	354	92716	4554	121098	10	142	13829	560	89	361	1634	16	5	11276	1860	512	40	1383	1174	143	169	110	208	311	43	1722	64	536	501	309	634	12	39	69	278	52	100	63	102	157	366	573	149	184	114	943	74	241	249	113	165	20	56	39	3790	3084	55	119	156	31986	2907	644	383	1181	24786	665	921	3666	91
"Sg_CM33A_9"	14597	4116	7039	6781	10891	1716	2518	3187	19673	1391	3294	48265	8656	4867	409	1968	6482	2724	3907	2009	973	3001	3521	3008	3151	2472	1232	800	3864	1914	5323	2077	932	2598	7399	2694	9892	2692	6685	1255	3865	2183	8900	1004	6318	2243	4310	2613	5060	1744	2393	914	8958	14050	7714	1274	3327	3825	3289	1997	939	5456	3008	1674	4645	3012	2207	4381	2278	2710	1436	2230	1371	4908	1887	2626	5578	3078	2465	4522	4169	3421	3383	2587	3498	6476	2377	1363	3517	2845	893	1832	1664	21680	3035	1009	5766	3067	2645	9945	7344	1927	3595	3892	3656	10401	5610	5216
"Sg_CM35A_15"	3501	1278	7425	444	395	289	13026	308	2661	2085	6303	579	15202	2298	76	2468	219	1288	3821	4088	347	638	1200	727	62184	13755	345	471	2036	993	2281	5485	192	1017	2517	2930	4952	884	1189	422	917	469	9794	4	588	3087	1093	365	298	6301	22	16	6462	1042	514	53	1092	1603	404	4664	165	452	196	153	452	11963	250	103	185	395	29	216	97	731	233	160	157	88	733	164	226	413	518	436	874	73	421	417	155	159	34	181	56	2577	1150	79	174	351	303	2081	2342	228	1133	1183	3010	427	1024	249
"Sg_D02_31"	759	56	28	651	2070	342	243	346	943	8	46	87941	275	657	283	23	588	27	267	19	12	1942	1918	240	48	40	42	8	200	138	435	88	86	2881	2965	163	202	22	834	52	322	20	100	30	491	42	157	538	361	114	288	45	314	903	194616	280	1120	844	1214	990	23	225	2281	9615	1252	143	13746	1052	12227	14350	28	155	88	211	147	101	2207	392	784	3032	664	137	396	3695	3914	322	2599	1216	109903	12030	70	82	977	10347	125	93	253	985	50245	1402	1626	67	7437	39203	98	105	747	642
"Sg_D02_32"	73	31	58	443	123	9	42	100	894	8	11	1583	168	149	12	5	479	21	66	36	24	249	107	876	258	24	19	21	26	344	49	32	168	58	91	15	13	59	165	20	44	32	6	39	45	17	17	253	1572	98	2575	286	810	2949	191	642	307	245	303	227	55	1189	409	289	244	584	381	8778	1515	445	191	922	327	919	654	695	1361	613	2077	1461	1140	717	2113	334	4034	1209	104	83	386	742	442	1825	860	106	567	328	2296	371	318	168	826	104	595	374	316	210	154	255
"Sg_D02_44"	546	127	262	253	5166	26	7673	20640	811	259	580	290	269	51314	7	1099	67	182	15688	5944	19	74438	70	6329	130	151	526	58	115	85276	138834	26129	15	24498	551	122	10675	2796	20706	58	6343	1812	11649	2	47	879	15998	687	131	1392	34	4	675	14378	114	5326	267	390	1805	59	103	13180	50	71708	777	88	78	26885	1086	76	12	31	22	373	17	22	102654	29028	2758	108286	9057	293	141	76	12598	848	16030	2870	199	1814	21804	52	33	2761	117	33	135	2326	12625	1287	175037	32091	209	252	372	48063	87959	193
"Sg_D02_9"	8	8	9	676	156	3	192	1154	1257	1	15	1089	182	85	140	104	4581	4	17	471	0	2168	6	171	24	6	1	2	196	504	196	27	8	199	127	0	62	11	606	126	37	1	11	132	247	17	72	3601	4469	199	910	1403	276	1071	1744	8048	75	46	1223	1806	222	2222	4702	1398	3292	13359	1108	5819	5034	1699	1717	4154	970	1129	1739	147	14720	4739	70	10773	6429	6855	5638	365	1383	2512	804	464	1995	2888	1161	153	224	98	249	397	9034	3232	2984	182	1347	20	59	16	85	7074	608	1345
"Sg_D03_75"	2726	675	913	961	1445	245	233	109	2801	172	803	1412	613	743	11	61	679	362	691	73	90	661	384	355	421	574	84	258	273	645	457	504	56	516	1418	142	166	267	809	152	268	132	1201	90	204	848	289	167	1311	700	480	71	1116	482	115323	220	1028	390	515	1429	261	422	320	510	124717	597	327	482	325	369	188	218	190	685	318	622	635	393	315	539	635	455	366	6513	591	734	192	425	738	1444	284	402	318	1579	384	604	955	339	444	1474	799	166	442	4582	277	421	501	266
"Sg_D03_78"	1953	4135	1356	8612	1399	386	3688	3331	3086	688	2600	4434	8504	1414	878	3730	11904	2025	1823	5983	301	685	2898	319	4924	1124	159	547	8812	447	11716	734	76	2593	8526	4686	6994	1034	2935	575	1225	1706	3270	234	8732	1759	1044	225	951	476	338	133	2918	6078	1686	1612	1005	1371	1493	301	120	1133	1715	1566	2541	895	1297	1704	1763	1704	87	527	206	1406	131	279	2652	2165	363	1687	857	2659	657	299	1983	10288	1466	373	3309	1794	449	203	295	2070	507	327	278	2505	1752	7537	4208	555	1394	747	1706	7448	5606	1386
"Sg_D09_14"	1083	7161	2089	691	5642	599	11440	47202	1450	17304	9345	1513	2298	628	10122	6953	5400	5753	1578	23060	1119	7438	2168	2258	635	3298	4277	1101	10802	469	2775	7650	2652	3090	1901	12130	5339	6555	564	12261	4258	11484	6249	1766	3999	3976	2470	539	989	4349	2878	9911	7293	651	834	8948	490	299	4698	5382	384	422	10343	548	2294	3256	1593	2783	3135	2459	9094	9747	745	2659	6525	273	416	909	1257	418	577	692	532	359	778	1114	2462	242	974	924	117	1146	6274	453	2212	231	645	2964	3213	1280	3015	1672	4562	542	213	1414	620	2072
"Sg_D10_17"	248	385	357	3716	888	491	2174	1191	2777	111	55	2187	347	1865	88	290	928	442	1042	16	84	341	1249	4591	181	1263	112	750	304	50	529	1167	954	1058	2248	624	8	693	4250	1669	678	161	161	5620	6125	708	716	1204	6061	982	8094	2514	1908	1075	30153	3040	4878	318	1138	3602	1983	443	8096	9158	2661	974	29237	6579	4007	23190	8146	5016	23464	765	27555	820	207	5240	7444	2430	61	836	1368	18614	2868	778	1666	11905	6149	7428	59	2422	2981	179	930	34	412	2361	3786	3391	322	9247	8824	7392	4000	7665	2268	6020
"Sg_D18_45"	3	2	7	189	51	0	28	8	322	25	7	927	13	277	15	12	34	5	9	28	1	2859	46	5092	3	1	7	19	155	88	43	5	11	91	14	0	10	7	1157	3	77	2	0	45	518	2	29	6505	3506	3111	3545	493	65	9120	866	90	3174	179	16730	9	5	35585	542	2019	1115	20266	2439	229	1721	2666	10625	2770	113	3449	24	40	13153	3595	16537	3493	3875	518	5348	29	1103	30085	218	126	886	2535	919	49	72	114	56	107	2803	4609	383	161	147	187	17	25	45	187	331	410
"Sg_E04_12"	153	45	130	222	65	135	40	6	768	1	5	96	6	76	15	81	33	6	36	15	7	77	38	147	5	50	2	5	3	48	1	7	10	54	97	51	17	175	116	280	49	0	0	916	394	35	10	36	165	41	2249	1368	510	112	207	1104	52	109	174	96	104	265	465	729	529	3897	311	1796	255	323	201	1042	743	510	1177	2288	3314	1486	108	3559	558	219	1591	131	272	2140	93	227	213	479	2757	4166	2511	80	413	402	354	370	203	105	111	56	63	75	378	177	184	740
"Sg_E06_10"	3998	3415	5240	330	10396	87	1295	853	2900	665	5163	983	5712	2543	70	491	592	896	3562	378	1041	49463	6523	320	837	2846	484	143	1594	6253	12502	353	256	770	6483	673	6099	34247	1305	358	22962	642	6320	77	972	7399	1629	267	306	743	22	27	3993	12779	842	1020	949	19865	411	268	111	320	406	148	676	137	318	121	213	470	60	417	153	1522	207	42	484	256	340	447	223	572	552	403	972	273	284	438	1394	136	69	213	40	2766	867	1564	96	290	554	2851	2640	220	1487	1070	543	845	1361	292
"Sg_E06_24"	157	199	570	1270	538	138	2105	806	284	472	270	285	2316	493	313	451	5223	397	1045	878	230	2288	232	686	973	395	21	201	659	617	1142	65	504	476	134	48	633	959	1153	1663	1035	80	802	199	469	300	415	2865	1852	246	164	583	91	914	676	439	347	127	427	230	1456	61	1034	137	235	2116	330	213	126	493	50	961	326	1297	517	2556	1643	1071	1180	1825	2511	8260	1340	35	348	75	245	22	340	466	34	845	786	227	167	12244	5117	1031	190	98	539	161	188	88	245	647	447	198
"Sg_E10_50"	2117	934	1039	7077	3546	3062	703	3420	8163	6681	1439	8267	757	2086	2107	759	2432	1192	605	708	275	13912	1262	2559	1440	835	279	663	862	1654	1385	1791	999	2044	1907	1659	653	1063	10942	532	3375	347	902	5011	2014	1160	2012	6129	20778	6680	5845	3637	4139	12091	3485	7911	2019	2824	12876	2912	670	14044	11617	5231	6304	95365	3805	5376	14141	5434	2105	8788	3092	4961	2566	4586	9950	5583	2679	9295	26384	26012	6366	3499	8101	10970	1648	1555	4716	6388	2410	3837	11735	2578	3050	4639	39799	5633	15297	2540	3763	1840	1694	1438	5668	3084	4195	5325
"Sg_EA47_17"	23681	497478	49241	60	51284	2448	267929	23036	2319	1095	559897	37665	115010	4694	4559	111794	241428	33363	50167	1003183	7854	243	47145	33716	5698	7604	12304	34552	333682	1562	32864	3393	4680	42621	60832	70105	191412	52053	568	669287	100431	579373	2007	11816	14206	478	1972	3139	17609	49063	2721	64132	26006	1519	256	58963	400	725	30230	2355	88	54	234688	7492	41261	1763	44283	564	2609	63441	151860	415245	314	39696	58489	445	194	816	11375	2344	2897	7272	267	1246	3455	137	16025	93	9131	813	408	592	239128	289	1335	2374	101	55406	107540	1423	72330	1219	17024	1744	1995	641	134	1512
"Sg_EA47_9"	225	134	178	256	164	88	52	54	495	298	99	550	95	1339	13	50	105	37	172	30	17	1212	75	228	110	107	3	10	169	575	70	27	67	877	545	19	44	388	1341	93	79	53	339	46	233	44	228	307	584	265	133	525	220	215	88	200	263	203	338	79	113	1421	158	2182	964	615	240	182	123	271	10	701	135	224	85	74	2304	1602	325	3305	454	376	686	177	296	2938	118	909	786	437	1055	70	460	237	189	88	2117	778	501	612	774	83	132	120	133	322	660	394
"Sg_EA57_9"	1	0	2	1	22	2	10	950	41	1	0	660	12	26	1	7	80	1	12	11	3	7	1	334	0	10	1	5	19	19	21	0	0	82	54	0	1	15	20	162	6	1	0	419	30	0	1	2421	262	1	523	270	18	216	22	1816	1	5	721	96	13	1057	122	157	320	93	687	115	165	858	368	243	4317	75	1139	45	2478	2903	282	2872	1161	575	1305	34	122	346	1910	40	106	10	167	213	46	111	100	10	1094	1558	888	57	1114	70	18	7	72	653	26	51
"Sg_EA61_27"	221	149	247	402	135	277	1747	453	464	355	118	432	1186	322	206	414	3131	148	55	15	150	2362	50	532	505	77	13	54	390	117	1199	30	2388	326	129	16	95	819	49	2031	775	68	97	137	211	158	363	1862	2073	130	156	401	137	653	947	516	314	104	561	9	609	108	1150	179	266	2336	172	231	50	308	40	919	236	1027	385	1675	1488	868	910	1499	2254	7902	1506	46	241	198	36	27	355	410	37	573	26	149	114	10370	6508	849	130	172	455	198	104	19	209	471	162	391
"Sg_EB03_22"	74	1	12	20	2	11	15	1469	235	1	35	944	288	4	51	66	4227	0	2	8	1	13	2	6	0	15	0	0	712	11	726	5	0	6	55	16	0	17	6	579	15	0	13	7	4	19	0	12418	24947	245	46	30	4945	11460	25	9152	13	2614	6	3019	10	89	22479	6	21	78	589	24	20	872	7	36	12	76	14	15	4086	1939	31	5820	920	8004	19	5	301	21	1011	4	14	9013	1503	119	56	2110	771	8662	48370	13	624	151	12	0	100	5	5	3	8	3576
"Sg_EB08_12"	0	0	5	6	2	0	0	39	18	0	0	191	14	0	1	1	7	0	22	1	0	10	0	21	0	0	0	0	23	73	10	1	0	4	3	0	0	1	7	34	2	0	0	178	4	1	0	819	28	104	98	2845	49	1030	28	951	5	3	60	6	16	518	14	1382	60	13	139	16	61	167	43	10	94	10	619	7	45	30	141	43	835	288	1233	10	2740	11881	49	38	60	1798	5645	12	121	16	75	54	29	246	174	18	5	8	7	2	4	90	2	16
"Sg_EB09_7"	3450	67790	3063	20	17998	2383	137747	14518	1081	4463	25163	53895	4342	1086	1906	26488	129928	2595	3205	54786	4111	2727	2237	34032	408	4283	1088	2061	43833	1219	1809	2561	1314	8335	3524	5726	5920	8538	177	48519	6919	19494	3174	992	761	937	490	190	4675	7764	2090	8045	3646	721	244	8663	477	251	22341	2026	84	103	11109	378	13854	1270	47319	1344	1266	52430	11335	77193	209	7590	4825	34	32	206	10535	147	225	724	141	779	1577	193	8702	110	619	508	210	450	223894	1103	2114	189	184	4963	25625	600	142702	1248	2443	438	483	115	278	2942
"Sg_EB10_11"	30	59	170	380	74	4	1357	291	210	179	95	268	970	822	214	355	3186	93	32	20	113	2138	37	425	479	68	37	47	392	16	836	16	634	397	128	44	68	1142	22	1380	732	53	67	107	0	112	238	2315	1221	113	22	395	56	363	483	292	275	87	223	4	737	11	659	113	97	1937	174	229	7	293	14	764	253	768	264	4411	1412	1146	769	1771	1939	6040	810	13	179	8	23	8	208	287	56	1245	6	66	90	9540	3928	550	182	51	272	113	24	134	135	419	147	131
"Sg_EB13_4"	1754	4845	391	17670	3861	12212	507	903	20719	680	568	5521	616	2550	1023	1353	1372	536	5476	55	149	579	4530	10130	7492	380	493	3298	193	230	1880	2438	2463	4302	13024	11787	217	17481	11701	1200	5907	669	208	9397	13770	1115	3506	1322	2259	541	5255	18020	7305	13523	20247	4660	3063	9454	1542	15310	1345	3986	8435	5703	3582	715	25088	8369	2078	15059	15686	6763	34565	4100	12055	1621	669	823	9562	1407	650	1747	14443	9022	21603	1672	2881	29707	5661	17340	474	1647	3784	1828	3515	456	2291	3992	2103	2012	1715	24763	10774	6205	16710	10721	7887	29886
"Sg_EB21_10"	116	110	170	234	72	81	762	247	263	141	102	312	754	466	146	260	2006	126	64	41	88	1698	71	297	297	73	32	53	311	43	501	43	178	318	124	60	86	503	77	3528	560	57	109	121	167	85	186	1419	1087	130	105	612	114	301	330	603	173	99	237	16	564	113	529	79	155	1280	165	209	136	276	44	459	238	649	186	3482	968	804	586	1134	1392	4170	671	63	144	190	32	27	217	256	70	710	465	111	113	6177	2686	431	149	137	297	109	60	50	259	255	157	116
"Sg_EM03_4"	30	441	2	5835	2	23	19	6	3	1	0	9	244	6	15	0	32	0	3	31	1	20	9	3	17	4	99	19	2	4277	48	124	4	423	17	3	14	329	2219	6	14802	122	12	20	2	28	3	178	5516	1887	17	8	2	14586	221	4	6	17324	11	2	32	36	8	14	995	17	10	5	33	15	14	6499	5	9	0	5	4	76	17	32	73	99	13511	1525	51	74	3	4117	11	56	18	14	29	696	35	4151	21	21	123	111	2	1	7	18	4	23	32716	9
"Sg_EM03_7"	27	5427	27	3166	103	100	28	44	567	16	121	79	73	100	328	2487	1259	118	3587	12	300	517	48714	6246	5123	383	64	191	122	21	1713	344	851	1941	243	4175	159	1021	4431	22140	7745	72	13	855	9460	51	10269	54	6948	58	12	13	1507	620	1302	391	831	607	13	2469	61	280	2743	73	6009	287	4937	107	492	3576	7	296	3340	102	81	45	8	54	9343	298	168	283	536	528	5652	169	59	426	553	225	108	420	11	27	23	14	1015	2127	2406	287	1048	86	3691	860	487	1037	2967	60
"Sg_EM12_46"	252	328	32	19	310	86	53	33	66	298	34	520	55	137	1	16	275	24	65	0	3	60	361317	39	361	126	115	56	64	9	37	36	119	246	121	586	5	30	94	52	234	102	3	183	271	30	282	11	74	11	10	21	48	51	59	20	3450	13	7	102	11	25	42	41	104	13	85	155	1405	43	3	86	135	133	79	67	1	5	52	10	3	58	51	114	157	2	20	348	321	92	10	272	8	33	6	1	14	293	129	100	34	84	393	38	178	67	28195	39
"Sg_EM12_61"	1308	984	547	9498	195423	806	489	841	4351	221	418	49927	1160	3595	116	268	2486	1779	586	368	82	7111	19597	1453	934	385	83	128	604	784	878	2833	146	1943	930	398	822	467	2941	275	2717	242	617	381	1892	283	616	764	3552	630	2419	586	7023	3127	3094	3152	8598	1166	4515	707	451	3304	1390	1414	2035	2237	1563	5575	7686	2108	473	1847	2911	15511	705	1710	4017	2532	1174	3717	3983	1720	9351	831	1856	3343	524	8754	8846	8010	1361	1747	1121	5386	3859	689	2446	13090	1700	1355	8479	650	2448	1393	846	14688	1589	22954
"Sg_EM22_6"	255	181	792	139	1508	441	1731	11587	276	4967	614	2285	263	195	4527	2208	845	2741	455	2818	570	46	395	927	921	1881	1589	270	3098	124	654	4463	1634	2838	366	3418	107	2850	236	617	14162	635	2212	544	911	1059	880	20	897	1448	1570	5429	2349	218	402	2685	153	110	2026	3239	599	89	2426	46	4715	1495	309	1234	1895	625	3087	4445	328	1261	2612	15	12	278	609	36	178	89	154	445	457	174	3057	77	196	626	114	802	4453	159	1239	117	311	3079	2155	466	742	606	1297	758	66	98	65	5516
"Sg_EM25_40"	696	484	406	1991	1629	197	341	2399	2625	149	415	1458	1293	1867	64	222	1772	392	813	351	73	1063	575	449	735	418	152	135	553	583	2246	483	141	1012	3025	767	5316	775	1071	154	288	311	974	143	4431	158	1068	218	658	279	275	279	2974	680	641	1415	850	874	927	118	216	772	945	947	1358	250	264	1419	346	387	170	1221	242	692	182	370	1852	998	395	1173	696	1457	418	523	557	2916	470	532	2580	845	3444	271	408	1323	275	166	456	934	994	3483	909	439	642	580	395	3417	2339	1653
"Sg_EM30_38"	891	924	1051	1362	162030	158	13092	18654	1825	80	48	24084	3921	465	60	1551	1934	79	418	82	33	9963	374	3860	343	640	66	100	380	791	38168	368	407	19860	6643	4780	254	142	2441	566	332	133	2059	762	425	632	260	1571	5580	2140	2508	2342	1016	2852	4378	37200	776	995	1881	1104	2641	2253	2832	85318	3002	1759	7937	1400	3998	2906	1462	3003	1772	2104	1479	2230	2104	4335	4114	6127	4358	6254	1606	699	4177	920	254839	2272	23272	3411	640	2172	3258	5960	3829	8030	4485	6009	12672	3700	1581	35814	52785	991	1822	5730	3598	920
"Sg_EM30_40"	557	350	446	2068	3741	465	374	16000	2289	133	164	7999	517	1556	32	1001	16200	88	809	2653	43	37286	276	10005	1809	157	101	77	266	2199	5722	324	194	4793	1313	210	7446	243	9676	59	1009	41	543	236	7195	317	737	244	775	5342	424	185	476	1234	1100	6074	1020	1669	567	154	346	73965	264	17565	50127	401	7310	6292	1023	8183	69	11160	304	740	361	580	2091	957	6424	2202	1269	867	32093	474	1891	50206	2505	642	9773	1592	795	5990	363	3006	861	95	745	25745	18494	735	2506	479	588	512	466	1770	2352	5127
"Sg_EM34_4"	67399	7236	120425	6947	4747	310916	98784	543418	81874	1237721	39270	4494	5900	26890	1596028	301812	11747	517954	16847	238926	94944	13842	61455	134138	4309	296338	406959	92633	299541	39563	101213	889774	280065	115143	59327	747845	20446	519746	21329	23057	26408	194464	429907	111782	134593	220908	187129	5594	33648	413650	305205	929587	535122	44667	95927	557025	31436	35228	20383	641911	19557	21531	569375	4213	48632	312316	58414	300409	397626	109835	1036650	40458	93445	185609	669755	7733	6273	7577	85600	9812	25773	15771	35320	123014	35027	25952	54970	16953	40883	83567	4020	194191	53880	57336	327964	55780	66768	92607	42160	65838	25583	151741	308075	9319	16819	17860	18016	246461
"Sg_G06_49"	1682	174	841	106	33	180	8826	1912	91	1229	114	124	8475	96	596	76	157	282	5715	351	110	50	79	158	723	72	133	29	466	149	1768	367	219	120	20275	260	114	889	49	889	60	598	3994	122	5442	230	49	36	73	262	184	606	12203	4678	9409	4824	117	827	55	468	47	77	4355	42	10328	229	29047	231	151	11461	593	186	33	1396	432	23	75	50	97	44	64	226	51	88	59	101	2187	39	90	68	22	86	179	1656	2313	166	79	132	165	15388	186	168	14239	5379	77	32694	71	377
"Sg_G06_9"	24	35	302	423	504	23047	20	4	9	149	13	42	8	5	2	2	458	20	9	722	2	66	990	4832	6	8182	2	1434	5	64	3	3933	17928	590	34	5	6350	88	995	2317	36	773	11	7679	3	979	474	2294	665	3461	1554	11781	14	22	187	17	43957	13	7257	4	700	3967	9	12732	39	547	11986	5714	1293	7630	2976	39	14667	25	8	17	68	54	1765	71	67	29	11701	13	2953	200	4	110290	7970	41	469	4016	41	14	25	8	58	3515	3613	63	1661	84409	17	27	8419	357	15	12371
"Sg_G09_4"	2496	713	432	237	1529	432	653	918	20132	3980	18651	194	1510	6347	1465	7722	7995	983	90582	762	11596	11651	1301	14181	25751	10145	693	15430	20425	1117	2209	7601	93433	748	549	7635	279	6672	17650	44656	251250	3019	706	1337	31085	11325	182409	318	63233	1265	1585	1816	1004	59010	3142	1636	505	9345	111	247354	6833	2710	3668	391	21507	7971	4618	39112	15285	2427	436	20537	128574	2390	714	1192	329	330	17814	660	745	1229	2557	60655	34078	108	160	4626	63818	926	308	32862	296	3044	506	998	11262	45636	414	509	3913	1184	68572	5002	8900	4658	28790	2134
"Sg_G10_35"	140	15	8	27	49	39	37	260	514	3	11	1541	110	47	13	31	292	0	13	68	1	92	12	37	13	20	2	78	118	4	169	7	24	137	228	21	3	36	27	74	55	3	11	34	51	29	26	3987	2739	55	105	107	1299	5798	103	3632	58	283	31	323	39	60	2565	29	38	30	108	61	40	124	45	178	85	273	37	108	5130	3176	41	9536	4288	4416	38	86	816	85	354	147	256	1202	3487	61	42	414	338	914	5163	56	1669	644	15	7	246	30	138	39	85	720
"Sg_G11_20"	33445	148	1687	46205	8	60	14783	246	33	2790	121	70	2499	6245	2733	5	8	1522	4510	23597	25	225	29	61	94	269	2759	172	5019	13116	2212	13691	16	49342	112	13019	21773	1088	67696	12	30	1785	730	4	9	12	15190	563	22	336	0	4	30	466	5534	23	10479	59	6	588	14	18	315	9	4347	5964	12	32	18	8	3	30	5	226	6	11	14	11	198	28	2207	20	18	1944	3279	16	318	12	12	336	40	21	10	39135	36	22	29	26	6044	1639	5785	14	339	4426	21	46	10445	32
"Sg_G18_1"	31165	5570	11797	27	9649	28615	12561	509	4532	2122	19354	1472	21666	5235	5352	93232	28578	8142	10894	5195	5020	494	17064	3845	37257	33147	8173	64776	3364	84	10779	3030	11	12575	24393	28025	9222	19684	16	15175	6623	3433	4663	22231	10	7430	9835	195	626	1191	1614	4	5887	2563	2249	18723	19994	2908	233	3176	233	1037	7010	6	2566	44	6952	4849	2302	4159	4	1845	4528	8458	6995	7	95	1116	3723	3867	40	27	2613	4904	11434	12	294	25184	5735	9343	2009	760	3	3117	1664	111	27	2283	4107	15855	14550	7	2460	4564	11863	31	5308	12
"Sg_G18_19"	4613	3061	3277	2791	2672	3568	4542	529	5775	3099	45536	3548	6287	5479	635	1913	2717	8512	5304	1306	1278	2187	4720	4491	2390	4801	1721	2334	1810	4213	2881	4560	4491	4374	4729	3131	1189	5253	2182	2897	6122	1321	5461	11470	12645	1582	5610	898	2450	1936	1090	1220	3821	2200	2417	1867	3266	3018	658	6799	2219	981	3944	1223	2625	1029	4267	3510	2369	3153	1165	1927	4696	2279	2680	2004	1037	966	4549	1135	1063	2454	2175	3803	3807	912	1326	4450	2215	2863	348	1463	1081	4929	2519	1222	1929	1926	2074	3722	1645	3267	4084	3654	3968	3551	3786	2777
"Sg_G19_41"	237	103	16	1080	455	13	533	94	864	4	42	3483	162	169	28	3862	227	85	64	55	1	577	224	350	88	13	10	8	100	1822	133	97	2	1011	324	55	37	188	12717	23	84	2	37	42	124	74	1281	262	2643	451	802	181	332	577	1048	927	2863	699	28697	126	192	1780	335	596	1857	10875	199	400	27376	268	87	1954	1147	4463	14882	262	966	583	384	699	1222	7659	481	646	24005	578	169	421	1680	919	302	203	367	961	245	1030	1403	6210	795	985	397	197	378	120	90	447	1001	351
"Sg_G21_58"	200	158	151	1672	420	15	114	1001	941	10	17	644	90177	77	33	200	750	2057	47	39	4	316	211	37	625	15	8	11	37	66	1492	115	6	278	132	984	1481	87	341	4	29	22	758	9	1777	101	52	51	348	26	45	19	132	881	110	1409	131	16	250	10	7	86	385	529	2452	123	52	616	34	58	8	458	20	19	4	32	2670	1316	22	1556	179	592	36	22	141	1282	312	8	794	398	41	16	110	253	14	5	225	424	499	872	371	70	223	17	43	1415	856	235
"Sg_G22_16"	913	5421	1510	33	756	354	5582	3546	361	7602	6880	2287	3666	371	3362	4201	4385	4773	844	14596	853	18	1283	1626	75	1637	1772	891	22304	188	16061	5203	1734	1795	1194	4376	2261	4093	192	10354	2209	7667	2946	5517	1222	2483	927	46	493	2403	1375	6249	3062	239	379	3887	265	127	972	2999	109	75	4884	162	1115	2946	1512	1748	2224	2200	4318	6714	299	1525	2853	8	1691	1963	786	1009	158	159	167	168	1285	1854	660	117	374	594	3036	713	5085	62	1192	73	341	3557	1895	511	3362	753	1799	117	91	70	86	1186
"Sg_G26_10"	2968	940	6355	82530	65371	83	10593	888	4439	4159	2292	36631	4636	19002	341	832	25	114930	1711	587	2196	14574	13181	6119	2920	1397	9235	67	17981	145	11529	271	11996	9258	1742	6317	2795	991	1226	506	4685	1206	2487	8	50	1043	10101	3136	16818	476	5	1	14043	445	1609	28	36729	3830	218	2527	5972	35	579	17	141	1990	2227	41	4229	9921	1	622	3129	8928	28	18	22	18	9763	33	265	496	15096	3814	779	761	463	244	33	136	11	10	11	1110	223	372	17007	17	797	3950	79406	201	1642	866	8992	910	622	2964
"Sg_G26_22"	47	266	46	324	319	434	56	90	169	12	32	227	171	197	7	42	230	52	17501	3	31	27	264	782	112	108	71	441	20	4	103	182	164	171	414	377	11	110	24765	163	159	133	58	4999	2157	42	538	38	180	97	32	554	364	782	445	93	679	65	45	689	427	86	398	118	1136	57	187703	606	600	155817	416	396	425	184	333	1929	9	30	805	37	13	221	9156	1285	737	29	11	853	1322	1134	13	393	169	48	175	9	48	1080	187	186	132	2074	302	331	880	987	874	1103
"Sg_G26_28"	1729	675	804	1139	759	310	350	389	2193	199	374	3440	1341	1069	195	225	743	744	11024	312	101	1002	373	3174	492	1684	110	163	986	639	1088	440	415	768	4693	1649	684	571	916	158	526	252	1106	335	1084	403	612	727	8088	526	749	187	4503	2362	3267	1376	631	823	788	1997	268	4866	1539	1136	6198	684	16093	913	481	12241	330	1034	12937	1337	6444	662	1144	768	2026	1045	1270	813	3066	5508	5030	1647	488	2999	5518	1174	207	662	537	1511	586	482	1214	924	2019	3129	3537	815	704	1246	928	9634	3826	864
"Sg_G29_33"	4	19	58	4707	16	8	367	126	48	232	44	4121	675	12233	73	61	1261	39	10	16	32	952	37	112	115	26	4	17	131	6	407	1	63	3121	1432	1	40	468	58	867	244	12	17	44	5	73	107	653	961	63	20	390	42	145	197	246	37	25	76	1	263	15	348	10	13	456	61	2607	26	87	8	177	78	423	47	60186	7429	9232	196	11545	603	1762	199	21	64	11	7	3	66	192	29	18000	23	24	32	2529	1676	213	2020	31	100	36	10	1	57	88	1916	44
"Sg_G33_7"	2846	1615	1339	1070	2374	201	8093	686	1269	174	1011	373	3231	1309	172	919	418	833	1774	530	190	690	1467	221	937	362	35	102	506	924	5559	601	86	1889	2468	40956	925	492	1247	447	1703	286	3739	460	325	783	686	194	412	268	66	75	1100	1660	409	59	1263	827	251	213	105	70	395	124	12480	335	479	630	314	486	29	650	114	378	64	67	239	208	216	515	1217	608	122	314	870	277	450	307	201	306	52	36	37	2247	439	289	283	215	667	1923	526	158	1321	926	485	1675	3880	139
"Sg_G37_59"	1706	155	29	1118	1053	204	116	287	981	1005	1681	1581	66	802	18	50	148	62	775	21	5	255	365	249	242	36	25	414	34	1347	248	28	22	500	196	142	71	893	365	35	137	5	746	85	212	100	66	95	568	515	365	203	283	1094	922	326	250	151545	546	440	37	383	376	961	20969	198	2954	285	255	2301	159	414	609	360	353	364	350	275	462	298	462	292	795	187	629	380	1198	570	725	677	81	247	189	8940	140	174	269	213	437	321	386	774	79349	244	1481	449	1529	318
"Sg_G39_28"	510	9925	121	10781	25102	896	35	287	97	2099	1761	21294	4504	16294	4093	2331	25303	5893	38818	277	49	17459	78	6529	9562	6674	317	9741	35705	193	4173	14553	46791	2828	24035	26574	259	829	18158	3467	86487	8344	6	303	119451	132	68664	103	25760	280	3975	48	2457	327	191	822	1047	110	1097	1212	87	47	20511	71	71934	5000	11610	69317	136	7616	49	24319	124318	7854	2662	98	14	106	6719	207	352	51646	29801	46078	53961	10	338	84863	89293	11181	197	12993	14757	482	76	39	5536	71472	3293	9641	1364	40302	44853	2810	88576	11774	36408	331
"Sg_G43_29"	61	272	64	125	1730	512	4692	100	425	11	7	241	33643	115	23	137	56	52	177	2	5	153	21	136	46	261	6	101	32	10	234	93	172	503	302	474	2	125	182	3709	116	2	3331	345	404	137	305	20	125	48	86	178	139	232	700	302	74	191	34	222	16	88	216	291	353	10	811	241	116	535	154	118	244	99	173	102	24	93	155	144	6	177	135	191	476	18	1560	817	153	452	4	192	63	83	391	7	46	118	627	121	14	1185	441	108	241	2019	419	324
"Sg_G46_28"	2402	761	3833	825	684	558	724	533	4160	121	2821	676	5955	1206	51	260	25321	1026	1117	134	1809	1369	733	1820	317	2213	208	2704	250	682	616	496	535	1456	3931	1018	197	2474	976	456	1318	442	2259	2558	1531	954	1490	463	1352	790	241	389	2867	1786	1175	8941	667	6995	570	1993	328	650	723	364	5007	332	2202	985	574	1718	524	1070	1707	875	269	1313	490	345	1719	408	787	1160	649	1601	1862	542	1395	1758	1411	1083	134	726	484	1509	5328	76416	1139	1115	17066	3697	1191	1089	1878	1843	2503	1822	2249	984
"Sg_G46_34"	5562	2588	9407	1533	4719	651	46501	730	2865	959	5796	30502	7690	6764	122	1789	27022	16878	6950	22291	1427	1347	3505	11201	6079	7950	206	405	4009	572	3821	4518	2986	2499	4699	2810	4711	7996	1778	734	3001	1738	4381	147	25120	4049	33151	2311	2217	1174	404	80	6398	1818	775	603	1325	3122	1393	1758	443	29456	685	1657	5252	754	1737	404	9013	1662	346	4599	265	2263	137	646	2096	800	16297	1861	409	678	33328	6198	8390	1129	914	769	930	400	304	11917	937	3353	1188	206	436	648	922	3191	107886	377	2438	1275	1068	19779	33846	5713
"Sg_G46_4"	6	3	14	33	6	6	10	11	8	235	11	37	128	171	4	12	16387	7	75	10	13	26	12	31	6	4	562	6	4	1	11	0	6	706	24	11	4	12	7	3	8	12	2	346	814	10	4	9	1029	6	38953	65	739	5	4	7151	10	5	13	7	61	21	665	0	5	29	3	50	6969	4	26427	20	15	2200	17	928	5455	7014	43	9988	39	2242	99	20	4	8	3	2640	4	2	1442	173	42	5	4	87	8864	11	28	6	12	2	2463	472	6	4	3	2037
"Sg_G47_17"	2061	19	19	313	51	75	6	22	2325	2	20	615	21	403	7	14	170	46	396	4	4	78	22	78	10	49	1	25	13	55	30	3	14	164	92	330	3	262	93	127	19	3	1	1262	94	38	5	113	322	160	31254	361	2189	243	5836	253	73	123	149	102	30	211	378	892	93	146	6789	296	472	13038	126	165	128	525	737	105	877	10834	523	4434	467	355	1362	214	116	1121	29	44277	115	1317	356	249	127	271	434	206	177	234	167	301	117	288	93	24531	77	67	90	1240
"Sg_H04_45"	4555	1357	427	4898	6829	43	1610	30965	6235	2662	248	926	6554	978	576	2503	2936	1986	15446	315	23	1253	807	141	798	576	37	65	519	859	11401	760	46	3591	1296	1412	307279	155	2944	56	225	343	2356	95	344283	150	6831	217	641	160	321	100	443	16258	943	1827	1398	339	1782	125	29	775	15335	5883	3939	554	310	2375	106	370	55	1987	84	139	14	159	3584	1991	161	2024	1054	2422	145	250	1326	6977	2572	70	3751	6095	1696	74	394	16696	80	43	180	4329	5132	4264	1097	307	954	250	173	229030	5323	1303
"Sg_I01_33"	7	20	56	2	4905	104	3	462	192	0	115	2	23	314	96	2	1839	14	3	3	221	14	10	4539	19	668	0	5266	1657	3	738	1	3822	3	353	5	45	2	7364	2	5	90	0	9	4559	25	6215	4	2302	156	62	9	202	7	103	319	133521	6	2	822	914	0	18	2241	3	2372	377	9	5	284	8	6091	21975	9718	14	12	0	1	3786	0	23	2	18	15092	19913	0	47	35	11	545	227	12	3717	0	39	0	1294	10	3	120	536	1648	8405	552	2320	104	36	11
"Sg_I05_27"	30497	153992	116648	1995	24187	34202	32921	2380	128972	8353	65703	4689	87622	64642	4573	2552	1123	8859	75311	9825	2250	4016	1912	55163	48367	6133	1103	5098	22681	2676	21380	60992	1957	4619	24411	17115	44523	120361	195899	1230	109706	58461	41553	1445	3137	13178	116134	7674	3001	9882	758	2434	46931	8392	22440	2387	75063	147276	542	23209	519	3414	1399	219	1566	3194	651	1222	1490	890	1356	467	1819	48819	1090	602	165	171	45136	244	565	3535	926	68544	6611	460	2390	38573	930	1304	69	901	339	48949	6191	3463	601	954	884	33116	21047	677	23660	18277	1922	14154	30300	958
"Sg_I05_65"	31	6	10	178	5476	236	96	741	145	12	28	417	67	272	1	24	283	381	52	86	4	1854	20	514	57	0	80	8	21	1401	1084	4151	41	307	64	3	191	803	458	13	2564	1	30	5	165	13	2022	50	31	493	36	3	35	93	121	472	507	285	123	45	26	3331	69	602	1379	112	104	176	40	127	4	58	7	25565	26	25	387	114	402	388	140	108	406	12	35008	1508	69	11695	366	15702	157	237	17	284	22	21	25	1058	366	96	40003	77	2577	308	67	78	28798	80
"Sg_I06_25"	225	64	168	207	137	4	41	175	1085	15	59	217	61	39	14	552	425	18	226	36	12	737	66	64	166	13	13	1	28	67	159	40	3	67	285	12	24	21	465	23	32	22	177	25	71	22	144	81	3765	67	473	438	1153	279	138	1751	196	89	555	84	60	2799	621	3691	660	965	371	2824	931	295	341	1157	465	507	1972	1477	1380	2300	86	1093	452	780	1271	624	612	2213	129	1011	310	673	420	243	1000	398	147	134	2923	597	275	245	474	21430	364	53	275	306	265	657
"Sg_I07_11"	7227	599	18966	292	668	12543	17825	87236	12611	175804	8076	252	726	4156	99480	51680	1103	84489	2496	37944	13261	305307	23298	19156	255	28231	49933	6130	45827	5298	15772	132259	40949	18437	8395	113637	1759	78011	2991	3262	4596	10456	69150	14173	21788	33186	26809	543	4343	36437	42928	130564	74878	6370	11352	79701	4572	2740	2420	83742	1280	2324	63305	500	6962	44731	7575	43722	54842	15229	74124	5970	12235	27582	74934	316	222	651	11191	805	3525	1851	4512	5365	4515	2968	7237	5508	5392	14995	373	25925	7712	2812	40585	2486	8641	13170	3528	9478	3660	20821	40950	1145	1491	2364	2659	32627
"Sg_I09_29"	8718	4676	7078	12194	11272	1224	4206	47073	4343	2022	520	4536	3090	2871	732	39570	1721	5257	894	144	19	6210	5558	886	8636	358	65	290	1964	2393	61935	3530	168	9000	4613	464	11035	206	11138	52	3844	276	806	740	21296	586	1489	214	1331	76	4085	2541	4094	1017	2334	1729	3145	148	8537	187	42	742	775	11517	9230	482	493	2774	1818	363	616	2109	2670	134	67	3971	21416	14183	942	10007	500	1436	3390	658	6429	104900	15064	44	79894	21088	136	1230	3878	3783	554	93	479	12855	22687	9782	1364	95	13172	112	1032	5300	4753	21237
"Sg_I12_32"	1743	574	1016	1617	1790	365	862	1308	4637	2145	566	1469	1502	1367	661	1139	2660	1108	1108	855	355	1021	1297	1264	829	1026	512	366	813	730	1099	1248	683	1238	2333	667	1383	936	1118	1068	690	504	1082	745	1741	1112	760	927	1644	933	1464	985	2481	1321	1169	1193	1128	1167	908	963	1117	1329	987	804	1059	1398	983	1394	1542	1047	1049	705	515	1523	28013	2340	1072	1275	1208	914	1346	1300	2494	794	1222	2269	343	775	4221	1046	433	1099	1083	2167	1545	1318	2310	1350	921	2187	1690	873	1178	1148	3440	1728	1517	2176
"Sg_I12_44"	208	931	169	2176	2581	4352	139	117	1065	335	4680	251	564	8862	24	17309	443	2676	60215	10	368	4479	815	751	4486	47655	386	466	1070	83	3273	395	6153	618	682	12931	4	1095	7587	11448	19162	6535	239	627	9659	1667	17154	817	2534	271	224	60	2016	3619	7897	867	10629	680	749	16225	1152	838	372	1030	4061	916	4603	635	524	2216	21	4406	8627	1351	17146	87	59	258	969	704	32	701	883	1805	9313	24	40	6374	2562	1217	29	2435	80	330	276	16	435	3117	532	240	279	1336	3356	1514	45928	4728	2836	519
"Sg_I12_6"	148	43	427	219	157	11	3049	804	153	259	143	187	1277	516	267	364	3205	95	176	333	193	2615	49	567	479	85	26	93	564	95	984	50	470	386	85	9	104	653	33	2198	912	551	127	145	34	132	351	2489	2762	258	155	397	103	745	625	1174	336	203	432	83	692	43	1116	80	122	2049	304	179	29	478	26	1095	270	1141	13300	2872	1574	1009	980	1769	2891	10265	2292	11	190	26	51	9	279	319	56	884	216	104	105	24054	7007	867	160	42	372	173	43	13	142	391	77	253
"Sg_I13_16"	763	240	4748	8	3	35466	49	16	15554	4826	5954	231	10098	8261	6	1580	1511	44278	8239	1	3167	85	27479	1287	529	14008	26395	45911	43	37	508	83	13	365	14391	9587	13	2018	8	7513	459	16903	259	3	2	5510	2314	1	10	9	2	1	221	14	2	17	10683	29	13	964	12253	121	297	6	6	9	3	13	115	8	0	23	3	1935	4	2	4	4	2244	6	24	7	7	19	12	28	76	2844	0	7	11	2	1	85	378	19	9	78	26	23074	365	6	5650	5511	16093	20	668	10
"Sg_K01_3"	40	13	7	1307	159	25	151	5048	1826	10	22	6211	58	169	103	1317	6985	1	15	19	2	277	148	86	76	3	2	3	9	531	339	7	12	843	6645	120	1054	4	5712	90	23	11	13	16	66	26	17	236	515	325	3388	51	99	297	833	670	310	2333	28959	118	16	309	3919	909	515	221	1379	2356	746	1263	30	240	332	398	851	11663	55097	24895	97	9981	1515	278	170	1624	492	12327	8745	207	1525	49206	1223	33	299	178	78	503	452	6635	5210	2463	289	64	380	158	134	513	12592	707
"Sg_K01_5"	34	14	175	853	111	18	962	261	136	224	113	720	871	1865	211	313	1989	83	32	23	117	2055	56	343	278	61	5	48	261	8	600	22	205	704	278	6	47	579	71	1123	546	47	47	102	6	88	145	1666	1340	104	49	336	50	371	410	245	135	64	229	17	680	21	521	64	67	1272	170	481	28	272	15	536	241	624	283	11450	51631	26041	607	50878	1754	4412	534	29	123	13	14	16	152	255	27	3253	11	106	75	6709	4051	383	365	36	179	63	27	37	116	346	274	116
"Sg_K09_1"	39	29	85	263	162	108	49	85	692	10	13	797	16	132	15	48	225	12	21	30	6	503	288	16514	68	15	2	4	28	98	53	67	21	331	84	23	33	7	251	11	25	4	12	73	199	11	42	135	874	156	7985	759	280	318	313	520	316	129	469	114	117	1012	288	197	338	983	2295	856	370	2805	140	601	248	473	439	1097	1354	819	13452	1406	1714	565	1069	246	396	1215	84	88	835	480	388	631	545	179	707	190	1248	414	674	133	539	147	144	68	114	234	230	429
"Sg_K09_61"	673	3168	647	9	940	519	2602	4318	272	1427	3374	351	543	214	8471	2054	3143	1908	537	5946	758	50	526	15407	576	4834	2588	526	5006	155	880	1348	598	1288	328	7617	923	2422	296	4450	2206	6887	1852	950	774	629	1446	29	418	2276	1071	3991	2106	261	736	2136	84	230	717	1888	142	96	4902	96	2095	887	1006	989	1723	1451	4579	6686	416	1112	3332	39	5	58	8951	44	107	214	147	838	611	63	806	59	165	649	851	579	6296	544	1636	474	367	4433	901	165	2561	503	1521	100	98	122	77	1403
"Sg_K10_28"	33	7	2	0	11636	2	3985	4148	11	12	2	3359	369	21	8	327	229	7	0	3	0	1016	2	22	6	10	1	3	16	155	3437	4	0	3373	4014	764	2	3	802	3	1	7	207	5	0	31	0	19	474	2	238	522	42	22	968	2349	23	6	265	14	10	882	998	24518	1136	13	427	1	84	121	0	1142	4	5	82	0	2118	9150	16	18345	135	531	78	2	1591	0	139912	0	2620	595	12	3	0	2057	7	3	170	221	2547	3315	467	16579	2715	478	5	1284	2211	12
"Sg_K14_18"	65	2	39	114	15	2	95	560	1364	2	30	3653	452	9	21	155	1266	11	1	20	2	203	10	18	10	79	0	0	125	10	945	9	0	78	58	4	3	25	24	191	69	2	21	8	15	12	5	15980	7162	130	222	16	1548	26786	62	2533	100	655	74	562	171	176	4860	62	53	107	155	109	137	225	26	55	166	719	71	124	14856	9115	25	26651	132923	20675	115	40	1776	538	1008	14	42	3088	8913	68	83	511	391	2107	14153	75	8272	247	52	8	600	17	21	84	26	690
"Sg_K15_44"	229	91	83	1399	805	1	164	653	1448	36	119	1573	140	363	69	61	894	37	70	147	10	3987	94	772	92	49	6	14	99	257	384	51	7	375	378	18	91	80	743	28	79	16	62	26	380	27	34	1971	15064	1707	4703	3048	478	1484	544	3978	840	169	1701	470	68	12770	2264	2066	2990	24041	1637	8568	3462	2445	1744	4362	3580	2633	2644	8534	8650	6446	1302	9435	30675	13358	2469	1519	1506	19181	481	337	1526	6865	2106	2603	16239	1577	373	1273	33756	2185	3719	1332	956	219	217	220	738	1300	827	500
"Sg_K16_17"	6	5	295	47	96	2	2	18	11065	0	2	14400	26	399	1	4040	51108	4	17	2	0	13000	7	8	6317	3	10	1	2	65	2542	20	4	95	30	87	13	8	4744	2	6	28	2	1	4	2	85	40	555	22	14	1	3	13	33	87	63	99	10140	1	8	14	21	4720	33	505	7	9062	1573	8	3	5262	26	76	2	9493	190	8	27	100	28	27	198	2	3	9464	82	35	0	2	2	17	10	57	10	10	50	209	5696	20	5362	3	36	6	709	3050	2649	49
"Sg_K16_50"	0	1	0	12	14	2	2	9	34	1	3	40	5	158	0	4	17	0	2	0	2	43	2	22	10	2	0	8	0	232	5	0	18	0	2	1	328	2	945	0	22	1	0	1	57	0	48	146	8	12525	898	366	43	112275	971	9	1163	130	636	1	319	2813	29	25	23	413	240	5	68210	468	643	2425	25	8055	0	0	116	14318	918	5093	1578	118435	135	146	5552	95	47	14524	1045	4106	1	1112	6736	745	428	69910	1163	2126	212	471	54	0	32	105	110	22	63	14
"Sg_K16_53"	4402	449	997	3055	2961	246	2786	22714	1169	11087	3991	45563	1391	1977	28065	9154	18620	3594	2979	2727	33	2522	180	5780	1999	257	22	377	10248	12354	3988	9572	47	15731	13192	754	29688	35920	2724	168	6792	996	2107	2300	47627	4550	30719	22614	4905	1716	302	80	18526	1065	23431	3263	2203	564	2796	211	65	15456	1244	8142	9462	143	27130	316	493	35791	27560	14663	346	10663	147	153	1482	505	2754	807	1544	7943	1526	16201	35491	1996	570	254	3146	3315	1055	135	330	927	250	226	11933	12643	33014	1706	34170	4431	1050	297	970	15326	11246	163114
"Sg_K17_22"	425	674	643	3395	3095	1183	3168	52	987	1062	638	775	5779	718	34	191	2587	1574	7854	43	155	164	1858	291	299635	763	133	664	1494	5143	642	96	1098	555	651	476	1699	655	7166	1066	1020	90	5313	1198	2250	871	694	250	360	241	92	150	416	374	642	287	353	250	44	856	312	152	358	93	576	190	322	729	828	244	61	229	774	444	446	150	73	33	323	64	194	162	180	276	855	216	492	422	564	480	26	159	90	408	89	39	91	296	221	512	48	291	1036	682	393	296	1122	108
"Sg_K22_12"	0	4	8	1489	19	49	7	24	10	4	0	673	0	4	0	2	4608	1	19	4	0	14909	0	4735	6	0	0	0	1555	9	20	1	2	1791	2	18	0	27	61	411	605	0	0	295	20	2	9	585786	20991	24	73	67	25	59	11	2385	1	50	1	3	1117	10551	7	14	19	5	58	30	1417	35	105	276	5	13	74	0	2	48	9798	28	3	22127	26038	82	7855	0	980	5	21	618	0	1876	4936	2	1178	52	4470	13	9	836	83	41	55	32	9	41440	15	4
"Sg_K22_14"	379	481	54	1176	15292	82	335	1838	3165	54	72	15231	631	1040	56	108	4327	144	1219	217	7	1317	286	235	495	55	16	14	334	223	381	124	688	2418	1559	88	2163	71	4307	405	191	95	469	246	1030	90	851	219	999	646	1249	247	1513	2754	27200	793	1400	1835	5074	272	45	1583	2469	2319	903	869	2814	10461	2869	2720	335	969	545	452	657	773	2530	695	474	2798	1364	1140	14633	2633	3980	2052	20869	1652	303001	8185	386	480	6614	2071	156	389	423	5722	18766	2637	6020	211	10589	7640	277	625	6028	7437
"Sg_K22_66"	881	364	220	1431	956	68	520	658	1475	38	94	968	407	228	161	88	2340	215	540	1014	39	903	156	3562	1032	189	61	86	314	263	593	346	61	580	727	100	220	559	1341	323	680	125	667	31	997	527	136	2317	1848	230	561	163	1676	7177	3282	1639	408	1517	736	662	68	1385	1543	1210	3228	1141	3678	729	645	6271	181	1623	738	2744	1900	204	1268	710	2289	964	848	2381	31182	194	1435	1190	428	192	2961	999	140	226	576	928	196	2042	1764	1624	1971	1127	1294	810	771	683	284	2086	586	3466
"Sg_K22_8"	49	24	9	371	86	156	23	49	464	2	4	186	72	216	8	3	116	15	84	44	8	379	1054	124	11	4	56	29	9	775	18	134	15	74	827	17	5	356	723	16	30	4	5	30	143	23	100	2378	1150	59	1740	482	709	24497	188	657	141	72	445	193	25	1308	2865	257	268	870	346	1195	16288	342	566	1354	926	496	6498	205	1350	658	191	1238	860	735	22924	289	673	794	65	302	362	841	419	886	1053	59	130	432	2034	368	219	89	265	232	2186	160	746	270	660	270
"Sg_K31_45"	49	48	24	36382	11	93	23	44	109	170	23	63	16	44	1	18	323	8	11	2	10	186634	10	59	11	8	3	30620	104206	75	4175	15	25	35	23	13	10	24	13	5	29421	150	7	24546	19	7	26	19032	9	8	13	4	22	10	5	9	131	27	51	7	41	81	4	13	11	460	4	2	16	8	7	10	8	22	4	147	183	69	50	111	3658	338	361	1	7	73	27	11	8	8	42	22	7	25	31	29	43	91	24	32	50	6	113	19	28	21	32	1
"Sg_K32_30"	7029	177	73	9	27	2	819	424	9	294	173797	101	3269	79	0	96	125	305	1733	383	1083917	1	63	142	84	55730	515	122924	82772	68	373	161	273048	78	31	0	14	339	18	37	58	699	35	0	53	6502	46827	3	34	37	404	33	61	37	30	254	9	5	211	1343	3	192	325	2	45	93	96	271	150	108	125	151	3	51	405	0	2	5	64	2	7	0	11	4	30	125	3570	33	21	135	148	6	453	8577	4	7	43	82	15	662	80	14	9	8	7	0	3	18
"Sg_K34_1"	71172	1116	80616	665	1060	390	13850	575	2673	155	15460	9811	1786	33121	29	168	832	74909	59454	149	265	411	1007	591	47332	19963	4807	12287	18076	97461	2346	339	837	168	2471	548	519	1049	774	144	846	13061	72391	114	353	6027	507	630	783	342	361	64	2128	3554	1441	83	836	1375	182	275	151	321	292	248	324	1274	225	328	246	246	179	204	172	18259	313	355	306	194	422	296	345	354	445	298	3899	461	404	479	295	363	130	286	172	23313	17801	180	930	414	163	1980	1155	131	648	2220	602	416	879	382
"Sg_K36_16"	83	38	33	801	378	2	287	1680	1852	48	54	3879	286	554	119	26	1407	10	73	23	0	18849	33	665	91	8	3	13	71	574	251	35	9	101	1228	10	26	31	1166	83	109	5	17	35	147	7	82	7319	68113	273	19502	15751	534	2223	746	14758	2815	263	6775	1143	23	65638	1053	7941	10655	142995	3138	49652	9538	4166	8078	12849	11822	3927	17224	54949	20547	17553	1072	31650	45862	68171	14795	21822	3526	118151	433	511	1820	27234	7639	13253	92216	7257	204	7113	167950	4415	7729	5892	302	456	192	86	3627	235	2468	1119
"Sg_K36_17"	7265	35002	3329	37	4013	3234	22820	8185	1038	2028	56862	4321	7685	3670	2895	19212	19821	2892	4334	61890	961	197	3418	7825	418	7420	1308	2262	32228	284	3265	3621	745	4091	4063	4518	10676	5439	329	43315	7461	31911	2152	1070	1072	436	925	207	1985	5537	1043	7548	4892	291	112	6269	119	265	4605	3020	65	28	16708	480	4105	6901	6825	584	430	9670	10421	32699	159	3564	4381	39	74	204	3014	218	229	510	77	48669	433	107	1855	44	637	621	190	122	51041	418	595	418	1938	14052	8423	610	34862	1081	2510	743	460	69	62	903
"Sg_K36_27"	143	49	75	1188	253	0	354	2234	346	115	62	1592	261	259	180	28	1531	32	192	266	36	1596	206	1351	55	24	3	18	258	194	453	68	4	300	188	2	69	91	1225	8	32	7	46	86	229	18	313	2990	3280	13784	1140	3848	572	7515	675	1426	178	345	3385	3485	70	2346	2816	532	4742	12459	3492	24993	43987	6460	2167	37607	802	40813	302	2853	14448	8486	1635	13874	42064	17881	1197	31492	2698	12950	519	201	4977	10655	805	513	1407	1762	1983	4550	14016	11554	11802	520	2959	371	186	47	817	1568	930	273
"Sg_K36_29"	206	97	455	3920	530	12	145	1287	4484	88	214	5208	374	685	128	93	13323	71	239	579	67	5097	404	367	357	30	11	5	298	581	445	324	32	979	607	47	224	111	1761	62	151	41	213	27	3203	338	193	3751	16800	505	6997	1959	2824	6986	2533	10075	3729	292	9938	1392	37	6624	3320	4022	9798	31424	21407	46545	29623	23157	2057	32133	1258	12510	1567	83350	75408	15148	581	36434	40369	17973	64178	12910	20065	37791	1016	1994	12920	5726	10254	36692	13599	3814	368	1284	21899	14437	48748	953	1392	1274	363	348	2634	2234	1632	5409
"Sg_K36_3"	134	605	123	277	601	1147	11	27	4602	119	129	449	1534	870	85	74	1066	510	9375	46	173	111	21232	919	356	66	1745	519	57	10	77	86	41	875	1000	202	5	71	9385	5672	3793	347	280	2156	1649	483	514	150	457	1118	256	187	164	978	1247	457	166	451	799	62339	308	11	474	307	467	200	1678	9791	849	1107	145	711	347	2484	988	3988	23	70	929	135	8	44	205	200534	552	108	68	3159	723	3998	70	241	70	384	253	5	1178	825	924	1926	325	389	6040	1061	610	1198	608	390
"Sg_K36_6"	1608	379	577	1605	1590	144	210	781	5175	75	366	2281	494	1062	45	105	1238	168	523	183	140	886	666	1440	451	290	93	171	111	388	386	265	210	599	2028	248	641	299	1126	403	668	208	190	270	1116	951	191	1725	1973	2640	7185	947	3926	1865	1194	875	4177	4256	963	11339	1152	10727	631	1010	644	1782	1051	6092	3030	1336	821	892	9480	20357	506	9186	3353	1342	2575	1536	1985	1600	7660	63865	3430	2816	262	1061	4752	1530	411	59166	15607	1429	25811	162538	5941	2274	980	2189	1896	594	861	583	1150	2463	1676	4780
"Sg_K36_8"	40	26	66	121	4167	158	1757	11	11	570	330	444	96	133	17	1652	53	49	47	1654	31	641	3585	361	8003	29	15	22	22	119	11141	319	12	1224	36	6	269	1749	1314	188	33	20	17	12	5431	30	3245	38	283	331	824	8	22	204	119	55	891	120	1196	67	144	733	1164	2821	4047	3348	1189	12136	1177	1899	1	15745	3	139	4138	52	1344	511	922	529	5514	789	25277	19987	2090	7392	18	139	4	291	44	8383	25	69	33	940	653	38	604	14	18	202	80	5	86	6	1166	7
"Sg_K40_29"	1138	77	199	793	350	89	55	109	387	32	70	28409	223	196	14	80	355	25	467	673	4	351	286	101	1439	16	5	9	84	446	117	860	17	548	151	370	1586	46	920	50	23	19	440	10	234	384	56	89	1064	479	200	47	391	2544	1342	469	941	288	621	41	17	266	336	365	489	616	22697	231	299	12711	44	327	411	137	63	110	346	303	124	303	566	301	337	113	87863	420	274	6118	16481	873	181	57	223	66555	119	51	646	1014	2734	254	525	123	611	6814	254	341	16564	216
"Sg_K40_38"	186	32	152	143	229	888	821	185	305	45	206	1149	7641	415	3	33	28	41	15851	62	4	217	7	35	169552	44	21	12	57	3669	767	33	9	272	23770	191	270	352	121	1978	76	46	245	0	49	44	258	25	65	96	15	1	4479	97	9027	25	230	459	69	3116	65	142	687	47	129	31	31	24	46	32	3	18	15	59	4	34	42	15	50	44	135	41	15	4908	44768	97	42	21654	144	1392	6	29	37	817	117	16	26	92	119	7183	479	22	7604	2576	36	194	167	93
"Sg_K40_4"	33695	18868	107211	5475	272	744	7910	2094	11522	28248	123550	449	82126	140360	410	37079	334	491	118890	174	36711	235	817	590	14663	475	119	421	90246	289	31761	356	104	1030	6980	1830	6494	14014	595	6217	4589	4397	3059	6	252	10581	569	554	3144	2623	33	4	61562	2313	1841	62	6812	1329	120	8929	113	185	4971	29	1096	102	2422	144	174	3890	10	46	116	16404	40	44	119	71	568	255	159	840	339	789	46848	58	7014	455	87	1060	27	111	47	38210	3890	152	2339	202	180	12921	1994	78	7102	1958	434	452	747	160
"Sg_K40_76"	428	6	9	862	325	79	35	94	1529	4	9	1001	1180	552	10	27	108	4	870	29	1	383	54	47	54	3	3	5	20	55	117	13	7	761	93	5	1099	30	604	598	16	3	49	8	286	8	45	302	838	127	653	92	199	395	653	520	98	239	29570	309	12	1200	205	2241	345	1526	280	266	664	386	54	895	835	139	110	396	747	437	45	523	703	413	994	2848	24817	290	101	351	180	694	142	116	242	1916	49	167	717	651	444	97	259	155	919	1405	608	189	2000	78
"Sg_K46_34"	1047	3463	375	2291	21309	19	3410	11250	4954	329	184	333	21203	854	2718	9250	2067	19613	1052	281	1	1050	296	166	418	48	101	11	1663	1705	51488	525	12	11820	3634	1053	36123	54	15225	15	354	780	10447	819	20072	99	1028	147	1701	116	918	43	119	1008	1020	871	2110	372	2841	372	7	2040	992	14020	1251	326	372	719	57	556	24	582	35	54	0	70	1320	690	369	762	4173	1152	100	30	2478	69236	10773	16	7081	11179	318	14	70	1408	16	32	219	12026	16150	5135	463	78	1813	655	35	12233	14124	493
"Sg_M01_13"	1804	18866	1426	90	325	72	17033	63	6812	134	8169	25930	37632	642	50	1470	99	4473	9175	1895	156	1931	551	147	29983	881	179	51	8120	783	17638	10831	43	334	38403	44115	657	409	402	94	166	14563	1657	34	136	1847	364	98	2656	389	11	9	25025	56697	6177	21	247	10969	1133	117	60	281	2360	47	1172	6264	122	60	82	148	0	60	37	7195	15	13	95	46	119	100	106	116	189	83	10092	53	1628	73	38	154	38	50	19	1130	238	536	47	89	84	27727	527	22	5143	1023	325	203	26928	168
"Sg_M01_30"	16495	18606	6094	678	873	266	1389	1024	2474	517	5760	1061	5903	3295	95	1212	343	1328	149285	280	1171	9105	3004	468	1777	3460	1069	423	2109	594	6911	27004	80	2749	4914	1212	456015	1235	4284	410	1340	655	7070	79	644	8268	715	325	690	1360	72	41	5663	4085	2272	104	903	1404	768	449	161	946	259	203	1657	308	362	396	256	465	149	242	367	1208	11903	323	277	194	388	358	305	282	519	404	7017	482	1055	1607	683	382	43	197	91	3928	1237	107	273	328	760	3479	1807	317	1663	2198	1157	1353	1487	872
"Sg_M02_37"	36	22	269	176	85	10	1777	402	169	302	129	139	1870	277	496	435	4705	125	29	24	215	2752	44	681	635	103	1	82	359	111	893	414	332	262	45	2	104	925	74	3962	963	41	84	129	3	131	293	3002	1792	240	24	363	57	731	769	318	254	116	291	11	686	23	1070	134	83	3018	251	84	8	449	23	1002	446	1288	373	1441	1147	732	1210	1205	3047	7128	973	15	262	31	42	8	275	409	10	590	12	85	137	9578	6252	814	85	35	353	126	29	24	210	661	55	171
"Sg_M02_5"	19	9	3	189	114	2	19	94	123	3	1	532	23	13	28	7	58	0	7	11	4	110	5	22	23	4	0	11	7	114	28	3	2	27	45	11	3	2	399	7	10	0	11	11	8	5	3	113	307	45	144	107	79	547	51	262	68	58	176	108	41	325	113	213	544	260	151	147	135	214	67	1038	132	178	88	1867	27101	7073	36	16812	472	499	316	95	1295	832	64	520	75	246	102	126	299	110	134	81	477	145	239	114	77	44	149	17	61	82	193	51
"Sg_M02_8"	201	32	90	535	158	21	152	369	201	14	106	628	164	194	96	50	721	42	129	96	7	294	24	47	37	46	21	13	99	42	469	77	10	143	145	26	171	34	559	18	63	26	108	2	1059	40	34	170	1177	53	84	41	57	5052	323	350	120	103	196	19	37	1047	596	779	1237	6058	315	6975	64	422	165	617	22	785	59	73	6455	2337	118	6907	806	4327	100	29	138	9061	109	46	55	452	217	48	259	448	62	71	1104	69	559	490	53	22	104	65	58	597	301	65
"Sg_M03_37"	301	395	16	133	285	6	162	226	687	69	106	284	128	72	2	24	103	8	13	10	9	264	116	111	31	3	1	12	121	1470	140	13	1	237	89	25	18	104	109	56	219	15	9	54	115	33	19	365	236	302	123	16	294	327	310	91	122	192	360	62	534	599	72	202	129	260	164	76	50	221	38	128	38	986	249	93	121	137	117	150	488	139	262	40	92	245	29441	88	360	216	29	84	3219	222	50	78	411	665	2443	245	155	180	102	124	80	354	127	54
"Sg_M03_38"	3	71	1	1	378	1	203	26	6	2	18	43	59	8	0	666	8	14	115	0	0	8	1	209	1	92	0	2	2	4	28	4	1	54	2668	16	2	2	7	34	1	0	29	2	6	133	3	4	4	52	4	4	20	53	116	181	9	1	4	14	4	33	11	253	19	7	22	5	6	6	6	8	7	9	40	10	58	65	199	185	3	23	4	8	40	2	84203	5	77	51	4	0	5	22	10	0	3	9	325	1194	6	1641	48	20	13	111017	32	18
"Sg_M07_23"	322	102	96	381	1303	111	72	205	673	26	144	22483	200	279	69	41	313	109	1008	40	15	631	464	104	219	56	16	170	152	310	284	51	48	914	970	82	256	36	540	53	132	30	172	26	220	120	95	64	330	160	148	39	291	2511	45023	231	416	424	736	232	15	198	694	1719	2244	113	3368	845	2949	3643	25	146	123	210	95	77	810	188	227	950	431	195	221	16396	1336	486	1472	28420	37501	3750	114	94	578	2799	44	46	98	616	14765	637	805	74	2412	9580	169	182	856	613
"Sg_M07_27"	9192	31	285	56	307	28	977	69	276	23	188	81	341	287	2	31	48	34758	159	22	31	300	70	170	67	146	22	138	121	290604	360	118	4	268	5043	85	35865	180	138	28	230	61	507	1	36	87	188	46	68	78	1	0	292	102	70	7	209	1619	95	25	16	125	242	86	92	24	35	85	52	73	15	27	17	205	14	9	242	77	137	243	24	32	112	87	128	39	63	24971	29	23	16	21	9	55694	103	31	24	142	88	59743	225	59	75	207	38	151	194	47
"Sg_M07_39"	35	2636	11	89	57	3173	12	11	2036	5011	225	50	1891	54006	24	3203	5469	6267	2291	13	2565	526	3425	3875	4097	2672	7097	3403	10049	74	3716	46	24165	2619	66	1861	22	12700	79	2723	578	886	14	103	180	52	5570	7957	640	3562	79	3	1918	344	72	2666	10101	6996	10	971	42	1342	1705	21	859	641	563	937	1535	239	1	15157	859	4116	7054	5	0	2	4209	4	39	2822	6272	311	3607	3	5	13892	916	573	97	807	29	19	11	2071	123	1506	991	9	8442	1184	910	65	14149	56	931	9
"Sg_M07_4"	8	1453	1106	23	2264	40	29	1411	2521	901	688	287	7707	52	79	5374	6290	1740	7963	0	379	2809	8824	147	3492	44	733	595	2887	395	8005	3865	36	6460	280	1181	117	114	52	34258	1624	3587	2	56	193	98	4903	4023	123	19	8	140	1950	958	1861	1585	606	22	7	165	119	32	118	55	124	938	104	977	2043	55	40	5570	181	3020	7867	32	2	3	194	6	816	5922	2800	141	12996	2	35	18982	81	534	2	103	24	7	52	0	51	5489	5475	45	6375	150	10419	30	1377	155	3978	140
"Sg_M08_36"	627	1968	1491	9931	1064	90	4231	3223	455	2771	467	5244	15900	689	1475	3873	4392	4234	333	48314	28	936	109	464	8178	220	31	19	73172	439	9609	303	13	13240	1462	72	1716	3051	5277	504	3549	972	6140	19	11980	608	4567	854	2085	2378	950	53	1520	3646	6817	2726	779	1413	6340	38	81	7345	2470	1341	1543	149	7039	164	14481	9141	334	349	95	3466	42	142	636	222	573	282	2570	14528	302	148	1137	34764	254	67	5483	1697	1875	105	113	1104	155	1321	1234	9451	4254	546	9499	805	1901	208	4616	3352	8875	2149
"Sg_M11_5"	1147	1860	2504	237	154	1040	3012	9464	1837	34595	2248	77	111	458	13749	6398	938	9902	303	7369	2898	226	1136	3391	42	4878	5094	1019	6612	872	3144	29751	97734	3115	1400	18324	381	16697	657	488	1055	2524	7930	1400	5275	7280	3381	73	1156	7755	6305	24861	10688	1063	1863	21277	727	504	462	11441	283	323	6966	169	1408	7735	1392	5494	11421	2812	9702	967	1220	4396	8257	48	24	107	2096	152	619	251	701	496	874	469	1728	422	1119	2419	60	3945	1416	581	4946	366	2337	3030	769	1753	768	3689	11064	233	936	12754	406	6851
"Sg_M11_7"	12775	1225	970	617	176	4635	599	108	1702	1465	2846	437	1068	3946	13	11	151	15283	2487	21	2676	104	10059	467	35266	1600	72340	2783	372	18961	125	19558	18004	1737	1710	146	9303	2403	525	12259	1727	1053	142	7	113	256	721	37	64	501	54	13	8993	118	119	36	2383	265	48	32	14451	393	61	43	49	1240	47	82	112	72	13	67	85	2338	56	35	107	63	475	111	89	89	123	34	171	155	26	225	130	65	40	13001	22	3050	75	231	41	260	65	1029	177	35	1101	17535	2547	180	196	78
"Sg_M12_17"	59	5157	18	1281	1413	8	109	129	21185	8	11	14015	677	912	232	9550	45757	34	34	135	2	8077	849	100	1590	10	9	1	504	1715	25015	109	219	43027	2686	1261	1086	45	16340	13	94	50	2144	8	60	15	406	145	1147	146	525	124	907	315	1894	15628	43353	411	110387	51	53	5564	11634	30632	509	34531	585	30943	14456	917	64	956	206	253	1377	194	5061	2944	120	13850	2119	554	1216	107	409	13496	21512	124	819	12457	269	312	39649	498	212	461	664	24281	39662	54878	1020	173	2288	369	52	385	915	146
"Sg_M12_21"	5074	29068	756	49148	25077	42098	365	1215	109361	378	366	2703	3145	6160	4961	7637	4310	2037	36750	63	405	2141	27427	57256	3506	1315	3260	10228	403	689	3718	15585	9102	13654	50097	26690	134	132546	24024	5268	10793	1344	545	39353	58664	6196	13893	7010	9899	2040	25366	105905	28093	52365	116141	31256	17814	43700	5497	85502	1819	27970	48355	17681	19425	2708	129674	43654	12684	75908	91721	31363	306148	21475	75972	6735	564	1185	55500	3622	408	11535	84793	66694	116564	1508	1479	167320	27780	79078	1575	7376	19671	2554	15971	1199	10015	20745	4800	4587	5639	53153	65840	30732	99547	45026	44934	197856
"Sg_M12_39"	1764	21853	2329	30618	16346	58825	1938	1763	8074	449	1328	16867	2211	9324	725	5408	36742	3579	49795	304	1046	2152	6656	10551	6417	3424	6803	2957	1609	1345	10160	33884	24166	8215	52413	62183	449	2644	35167	12607	9815	11467	2712	13662	153677	3165	91341	1485	18833	8275	523	3741	21412	55918	74645	6791	48057	2689	8312	49065	6760	944	9199	6890	50969	5451	117069	119316	33169	61487	4979	48816	36978	16076	36208	84699	667	524	22597	1964	1273	4867	5798	40432	72328	5178	1239	90109	53995	12627	748	52604	19269	675	3060	302	3426	30980	13284	10991	17014	12836	30537	33193	108279	8814	128517	153711
"Sg_M12_6"	114	38	96	977	377	10	620	945	773	166	74	2478	234	1096	258	59	3889	123	70	99	1	9455	52	10075	260	53	6	7	205	144	613	86	4	284	380	30	214	138	1161	53	109	9	71	166	158	32	377	9550	10649	8927	23222	12462	629	10710	744	21472	3651	292	3556	1160	109	11704	27267	3370	9728	3943	3309	2074	9170	5262	777	21499	6231	6356	3685	1853	36451	42801	24409	35557	78020	31328	2541	683	7815	4014	3691	434	1538	45320	21448	3263	55368	4319	1337	3834	13152	8496	8371	1099	569	222	404	79	584	808	1262	947
"Sg_M14_27"	1069	509	454	3762	1204	50	930	2705	2154	72	1069	28209	3510	2003	2975	2013	7371	932	5248	2891	682	4630	718	632	2481	291	55	71	627	845	4400	197	69	3253	853	562	5369	1074	16647	244	398	400	1618	1002	3994	278	1055	408	944	205	1979	4192	809	1442	751	3118	982	318	5365	278	151	347	4271	4142	6855	968	831	4896	24563	1101	7237	974	2251	1440	2374	232	7858	5492	897	6548	2119	1877	232	5217	6163	10281	2157	640	901	5624	730	654	160	990	162	63	248	2614	4915	956	710	392	381	1107	412	1335	4219	1531
"Sg_M14_34"	2	6	5	37	8	7	0	4	2133	2	0	252	902	104	1	29433	314	2	6	1	1	5	3	76	2	1	9	2	7	1	15	3	26	28	4	4	6	2	7	2	0	11	8038	240	1	0	3	59	0	0	7	3	5	3	0	18	13054	1	4	0	3	1	7	354	3	8	1	13	27	0	0	69	0	5	5	1	104190	63967	33	13227	4	25	2	0	4	6	161	4	3	4	3	14	3	3	1	0	0	8	0	14	26	0	31	5	4	2	6	0
"Sg_M15_10"	8549	3939	2094	264	1503	182	1342	749	2166	115	826	15382	13872	1466	127	1238	6881	256	2908	116	349	468	5201	1801	16324	4247	195	67	2931	434	8445	1708	83	1751	16777	15160	3975	687	1922	9717	1608	449	26306	47	1989	999	1618	216	471	172	81	26	2297	3482	2010	178	2981	470	106	227	188	171	1850	1078	5109	836	3451	231	111	3043	39	243	2678	1748	89	199	56	203	673	380	1155	1210	876	280	23568	130	2479	5708	11254	1577	28	78	64	8117	1822	41	292	6483	2960	25518	2929	16366	3474	2763	15207	27118	24304	194
"Sg_M15_17"	772	130	49	1249	1872	138	1525	390	397	28	53	9547	1317	1233	12	10083	1181	60	975	185	11	264	651	210	639	44	17	18	301	5217	3683	359	332	33342	1375	1638	176	148	5736	8475	44	76	743	29	750	31	1524	268	2174	167	6934	1372	347	476	439	443	3539	951	5470	311	741	764	3898	3253	2342	962	25768	1388	16704	39638	24	4034	1472	1663	16790	78	5008	826	185	3120	975	688	1760	4153	3441	1468	865	1020	26779	36078	262	9758	225	1315	156	623	1190	4722	1939	7514	84622	107	3619	2332	508	876	1556	184
"Sg_M15_29"	181	788	189	1026	1103	2064	392	104	397	21	59	1085	138	1178	21	55	557	519	590	1	33	96	177	816	192	200	94	329	57	101	272	664	348	372	1091	1521	127	165	1074	265	538	125	21	2239	2592	101	985	70	763	278	106	588	619	1441	2552	258	1396	272	220	1575	272	171	565	1786	1407	163	3445	3126	877	1888	336	1564	1357	772	1129	1562	39	142	967	543	83	321	375	1370	2120	111	271	2778	36100	601	43	1285	529	20	484	25	177	3310	535	327	469	16102	1318	947	2843	721	2994	5199
"Sg_M17_3"	7084	26394	3403	231	495	726	1212	240	744	346	3057	527	12162	2525	331	20316	144	631	41806	228	735	969	2440	237	728	26711	170	226	14491	517	4573	2317	92	106943	4372	761	55627	3779	61546	205	649	311	7010	5	386	3867	296	724	317	1066	68	51	4939	42252	6353	101	669	1590	6542	1180	136	1817	244	82	8234	363	225	205	186	302	37	119	258	7531	190	272	169	89	215	173	452	296	324	236	9512	328	966	27729	211	646	49	136	173	2894	491	120	177	185	8182	2935	706	237	3831	2545	888	383	987	133
"Sg_M17_33"	4181	311	420	768	520	195	19750	337	1134	238	336	495	4663	1148	215	3187	55	7989	473	2218	136	280	78	226	360	491	64	54	537	1012	1417	185	67	29002	11759	772	1335	32461	8723	11267	14420	2267	5228	49	99	345	9376	750	6031	515	17	20	5203	1075	838	201	986	2404	28239	8164	36	381	140	188	149	68	51	11	48	58	14	442	146	3655	31	26	1237	521	227	4860	322	102	155	350	160	41	199	270	34	252	7	30	20	4054	89	875	988	72	720	32670	1439	23	678	569	274	2233	1360	114
"Sg_M21_45"	256	70	65	739	1004	13	33	176	921	4	66	4732	689	1263	259	125	761	1007	15604	59	21	615	59	200	167	24	4	38	47	2101	1566	22	9	607	54774	36	42	11	3917	33	114	5	114	20	127	18	118	188	1196	781	534	144	2403	695	470	1784	342	162	1535	58	29	512	458	754	10332	858	3911	540	594	5587	90	659	308	428	278	405	693	482	357	678	806	586	334	183	464	1267	19940	280	922	12153	155	342	486	472	364	218	984	483	477	26421	2431	227	258	3849	91	37118	348	162
"Sg_OA11r1_10"	288	219	105	2654	8718	351	2525	4593	2048	126	61	9977	721	6025	112	487	2957	87	451	83	48	3067	396	2019	834	131	103	65	721	510	5317	528	240	5028	2112	1330	614	223	1368	449	166	102	236	2667	981	215	177	6310	1910	662	1895	1141	463	1392	1148	1929	750	455	1473	641	2455	3284	992	17675	3779	1028	1443	1618	1578	1611	455	1838	830	748	1395	602	1910	2336	2245	3353	2528	2250	2264	579	1859	2118	15795	491	2112	1695	381	772	1595	1556	399	1315	2141	2042	4361	2341	942	10061	2058	568	393	3719	982	802
"Sg_OA11r1_12"	188	172	10	3	10225	2	4905	5195	55	19	2	2489	415	18	2	449	179	4	70	1	2	1179	45	927	53	46	16	3	24	44	3868	43	110	10493	2621	833	3	22	6416	34	33	23	74	19	25	129	5	88	402	39	231	540	136	153	1430	7408	127	136	142	167	609	1031	1012	191855	748	54	743	33	99	385	1	740	24	29	271	2	250	897	715	1456	63	511	51	89	1065	3	45927	31	913	968	3	12	14	1661	68	6	87	180	15760	1732	388	14821	19306	427	243	17203	213	197
"Sg_OA11r1_9"	62	8	5	774	117	3	20	43	150	121	12	1236	37	415	6	8	83	0	17	12	1	109	17	70	23	3	2	2	10	268	1191	5	5	52	48	2	17	11	255	6	24	0	13	53	1097	9	4	49	13123	47	591	72	73	103	214	224	1246	44	99	40	50	61669	70	167	149	1909	121	15387	84	197	70	108	254	108	30	206	228	154	59	185	1627	374	115	76	67	2322	27	65	143	1900	62	64	273	246	56	48	30997	92	615	34	176	35	31	30	120	143	147	181
"Sg_OA13r1_14"	137	27	8	2855	4380	4	9	6531	1185	45	12	967	2888	26	47	83	2155	228	1387	71	8	957	449	152	157	11	4	1	20	7997	111	1675	4	9907	1033	14	2408	41	292	3	138	9	109	0	8	4	9253	2110	17705	743	6	6	203	405	1444	123	2101	3681	729	79	14	89	770	321	1230	91	240	574	96567	216	1	349	2182	3496	286	720	21802	367	841	10890	1332	832	6990	8	20	589	2388	175	30	15	9	174	1	2345	7	511	1651	7908	4250	703	551	2	739	46	121	270	425	962
"Sg_OA13r1_52"	228	12	51	913	87	65	25	282	2871	31	17	776	316	336	85	118	3004	51	176	32	18	182	123	293	56	54	3	35	43	1151	351	62	14	2600	3189	106	118	47	2546	22	130	53	44	57	294	37	77	111	23793	902	369	168	107	2443	492	517	1003	339	469	81	153	747	1135	269	341	2802	231	589	338	345	63	774	155	491	241	584	432	310	219	409	494	378	141	108	445	529	570	199	285	464	250	423	389	741	206	163	279	1018	1375	7339	656	113	203	133	263	507	1976	174
"Sg_OA7r2_37"	18	17	2	1132	553	1	42	17	904	3	13	2697	157	16	58	49	202	12	13	30	0	290	100	809	180	1	1	2	11	173	317	7	0	202	30	39	7	0	386	1	7	0	6	8	42	2	4	28	3729	71	250	35	595	32575	324	4011	187	662	4301	23	13	1344	106	15316	7397	149	227	95	100	282	19	330	37	305	9	68	1084	896	5052	1131	262	157	35	88	376	2175	6594	98	248	3607	70	836	3403	143	22	319	1395	245	206	157	20665	159	82	44	456	500	361	69
"Sg_OA7r2_38"	1209	2044	884	8682	3736	752	1580	4670	7192	4605	1019	6733	4572	1561	1992	1414	3519	1034	846	1529	357	3361	939	885	961	794	722	281	2518	208927	2653	2337	1004	3475	1690	4644	2126	1788	2197	573	829	529	1127	571	3484	1504	745	1059	2443	1747	1678	2383	2370	2085	2651	2793	2338	1323	3108	1138	656	2545	2269	1499	2434	2588	1476	2349	12537	2169	2115	2740	928	1860	1294	696	3388	2240	1277	2415	3703	3259	1378	753	1702	3728	1007	996	3515	2962	1006	1095	2660	1606	775	1577	2433	3074	2788	2279	3076	1072	1683	1301	679	3045	2600	2323
"Sg_OA7r2_4"	377	31	6106	1	73	2	4348	9	23	0	14	138	174	3	0	24	30	1	6	0	1	3	71	20	63	42907	5	379	2	8	16	8	7	320	31719	118	0	2	169	18	5	5	2	5	17	2	0	46041	16	377	1	39	7	9	26	40	31	26	2	38	77	6	10	207	22	1	22	31	10	17	0	22	14	7	26	6	1	21	29	26	10	139	6	49	64	0	6609	26	29	518	1	3	4	6129	171	2	0	9	180	96284	18	101	46	22557	75	806	36	4
"Sg_OB03r2_1"	18	4	36	6051	6	21	1	4882	13438	5	6	12	54	2	1	2	2142	3	4	1	1	444208	1	111	0	5	1	45	609	6	3729	7	11	33	3	9	3	8	659	6	3012	25	6	178	18	1	101	690	4	11	1	0	1	5	1	266	9119	2	12620	2	5	2	3	4055	5	12176	9	1	38	11	0	3	9	3	0	81565	42627	13628	119	23138	681	5	2652	4	2	4617	30	3	110	6	6	11	4	8	18	4	12	2926	20	4	27	0	1	5	4223	2	1	1
"Sg_OB03r2_39"	12	25	14	158	33	4	36	171	315	5	22	242	16	139	25	9	461	8	16	25	1	1139	23	273	34	10	0	0	13	55	29	7	1	112	124	1	7	4	138	19	22	0	1	62	25	16	17	413	3347	248	1913	763	214	593	260	835	270	74	847	172	79	4305	368	654	707	5878	630	3633	931	970	430	1868	934	775	1717	2474	4144	2027	369	5463	3023	4205	4088	475	828	6137	80	87	502	1835	456	2645	3248	457	286	921	7427	798	1206	329	171	256	167	34	290	82	401	434
"Sg_OB03r2_6"	5	3	2	93	19	5	8	264	24684	0	1	446	13	1938	1	15	1187	6	14	4	3	52	0	555	1	2	0	2	39	12	17	6	8	43	9	2358	6	60	12	11	13	0	1	91	15	4	3	164	10385	198	976	20	45	102	31	240	4514	66	217	629	1147	275	92	54768	244	126	202	6569	185	232	52	53	87	146	236	349	28517	672047	448	245789	433	88	178	10	26	598	67	147	20	86	19537	38	437	32	52	613	233	213	161	12	701	20049	1209	12	558	84	25	582
"Sg_OB05r2_32"	271	46	170	99	929	1355	483	186	135	102	1586	197	129	195	5	39	3241	122	148	806	4091	924	1795	5985	543	37231	148	9526	64	103	190	146	2314	60	69	24	1775	4424	58	4810	1271	213	27	829	22965	87	397	70	265	604	1129	756	44	101	31	2902	327	428	40	2034	311	660	273	385	559	684	52	11366	132	64	420	47	1492	107	3944	3494	133	100	11674	97	144	1006	48794	8901	56	11201	27	599	656	1356	62	12428	13038	131	100	1837	428	768	43	66	755	6	40	44	1601	618	86	1345
"Sg_OB05r2_38"	26	18	22	1515	542	1	431	2559	6923	24	41	2336	103	1458	266	66	3614	68	30	663	4	3003	24	1287	32	12	4	1	418	804	2050	74	1	208	40	1	514	11	1908	155	209	2	22	33	868	7	101	7411	31333	2020	1876	3912	540	2439	2113	16142	3492	308	4047	2054	22	2266	10853	4326	5365	1039	8697	798	8580	12599	5648	8631	10760	12439	254	327	57500	27480	746	36439	48783	11200	5406	2198	1999	1113	985	1762	4595	5790	1238	5410	432	273	783	306	78375	11358	429	520	590	511	68	13	140	11794	1147	959
"Sg_OB05r2_8"	190	159	322	140	111	13	1682	373	217	271	300	131	1019	313	3730	756	2887	579	77	784	347	2247	218	634	352	249	541	141	800	51	801	901	365	480	48	6	90	3036	119	1608	712	33	219	120	385	918	267	2579	1297	237	30	932	165	566	641	1054	287	45	279	3250	927	26	1274	98	121	2272	330	178	497	605	556	641	337	852	247	1622	1126	629	1173	1196	1995	6183	803	50	217	55	47	9	252	366	13	578	62	96	99	7349	4372	570	102	47	291	233	73	15	168	403	72	144
"Sg_OB24r1_18"	578	132	186	14788	1513	78	938	12284	36198	45	107	16210	1287	875	533	564	37136	514	211	1158	26	3668	437	722	836	164	56	17	4831	3060	4190	197	57	953	1152	82	374	185	2660	700	322	168	180	2816	2326	128	221	8667	8593	774	138752	11665	4918	22727	2803	63035	7448	7309	2779	689	329	64635	7178	23510	9971	4125	6711	76931	13003	10848	3490	20506	266299	1945	2758	4424	46542	36571	706	37483	99124	31201	55362	1772	1931	113874	2370	820	8683	28585	12674	2733	4088	1963	3726	1246	17618	12956	7254	1327	5111	464	1189	282	1016	15817	6942	1231
"Sg_OG24B2A_25"	1915	2533	1163	28933	6611	987	8254	40910	8514	650	1825	5546	14208	2847	747	2721	6610	2854	1920	1621	226	4102	1749	1011	4400	444	217	146	1745	1684	23050	3839	1473	17961	2547	2050	31718	502	33394	167	1411	5114	2077	122	22473	624	2387	1085	2286	470	1060	1658	1957	3760	13547	12293	9887	588	7326	183	173	2262	4600	20220	6447	20175	918	18658	2070	1144	453	30582	413	516	200	1225	20337	13543	1260	10463	2685	11451	626	1203	5055	28641	7950	343	11867	15955	447	530	1060	3928	314	268	740	21606	17343	110266	12639	724	12043	705	759	18342	11618	2752
"Sg_OG24B2A_39"	24	1	4	6273	4973	2	3	49	39	33	4	514	37	27	50	4	129	23	94	32	5	43	5	400	78	7	2	10	164	183	18	22	2	230	23	2	1	25	1949	6	389	3	2	15	522	1	8	220	127	1445	14429	675	81	8033	95	13235	224	89	4870	15	11	285	37	2897	3767	1820	2997	64	13602	6015	21	1039	37	367	104	4758	1292	4646	553	2758	424	102	91	100	924	965	423	124	139	8305	1038	21	8853	63	26	28	115	374	1416	49	64	859	20	124	486	858	2581	1580
"Sg_OG24B2A_8"	198	508	289	392	402	397	359	70	1635	85	197	1198	336	1217	16	264	535	655	1383	4	94	273	730	2043	336	535	696	942	263	290	146	217	774	1254	16838	566	29	512	1905	247	366	182	32	4838	1034	607	1516	288	642	4454	323	464	1304	2368	823	2851	26354	634	17	1286	169	55	957	726	1144	318	2055	237	594	1696	337	5184	2014	5023	10625	321	31	119	2358	461	96	731	1107	1775	1314	10	129	9035	1155	542	86	693	84	195	255	107	385	2389	1746	9148	126	981	778	1149	3037	753	7282	2895
"Sg_OM21r1_55"	75726	23752	128687	500	442	1181	1360	335	5906	12002	145738	362	89972	2088	26	420	221	2872	4258	210	27262	1283	243482	438	1923	80184	712	1616	1404	1148	82858	818	96	852	195222	697	5707	4976	2327	3180	1175	982	132555	4	810	295579	868	90	418	1975	6	5	42554	4831	1225	48	1739	5018	255	863	531	235	142	45	620	312	530	305	173	937	11	83	117	1303	130	99	57	35	426	100	78	217	198	265	1028	28	178	920	81	84	29	112	16	27062	14519	319	150	121	251	35267	1286	187	26683	3261	1844	243	3454	77
"Sg_P15_12"	20	2	5	39	64	6	5	250	149	1	9	222	5	59	1	3	23	6	8	1	2	23	6	43	6	7	2	2	15	33	4	2	2	66	13	3	5	6	14	7	9	3	8	96	6	5	3	62	338	16	4061	52	84	35	11	53	43	17	71	117	74	118	116	24	3511	110	29171	48	14774	51746	21	48	32	35	27	63	111	57	28	122	77	453	388	27	55	121	73	8	41	68	51	60	99	29	37	18	72	57	67	28	38	8	8	28	13	51	72	18
"Sg_P15_15"	43	7	4	4427	88	43	49	898	402	2	15	1947	47	228	30	250	1501	4	7	15	2	125	95	111	24	1	1	60	13	129	110	10	61	368	1368	19	340	3	1144	17	23	8	10	13	414	27	17	53	260	153	1124	38	54	201	594	266	139	405	6520	39	21	132	811	1448	241	224	414	691	312	432	19	170	208	241	178	2497	3343	1601	119	710	605	903	92	328	327	2638	1511	142	489	10773	247	46	303	122	19	151	302	1300	1362	576	435	45	225	158	95	172	2321	198
"Sg_P15_2"	1015	1872	2272	4251	43373	194	8520	4785	1586	796	1419	3733	16084	28332	1114	1171	3006	2365	1045	1661	90	20009	1174	625	5045	321	192	66	2289	848	7000	920	115	4045	1910	377	2964	2211	24129	319	5213	753	3093	130	3447	1064	2615	2098	16223	533	241	64	2209	1338	2271	1214	28707	1156	14892	170	419	1608	5153	1126	1326	289	2219	304	716	2995	1986	1648	194	921	152	237	14588	3275	460	6278	9144	8899	437	1317	2619	2852	485	186	41516	3217	2948	181	224	1655	320	1447	6555	22116	5296	1267	4313	16658	643	506	6921	2782	3542	8334
"Sg_P15_21"	1751	13309	440	83402	5076	66	6912	22130	6082	328	380	11233	12494	4594	6411	12500	125125	2258	784	3475	111	1774	21985	478	5101	177	76	101	935	1294	58020	1357	93	1327	3686	4602	17249	234	21151	105	1072	825	1204	89	10966	98	1415	395	1118	505	260	144	2370	1897	2819	10876	2301	711	4509	194	289	1045	5156	8992	3721	3198	916	2258	263	1049	160	2777	113	881	35	466	23246	18314	540	14694	2596	3185	428	537	1338	46452	8411	303	6177	11282	1553	243	480	7300	395	103	918	5319	3494	7916	22948	525	2311	347	923	40873	6945	8283
"Sg_P22_10"	222	4600	504	14	20429	327	3253	2553	77	740	4179	449	1036	57	1029	1035	2397	1418	528	8407	336	858	412	1512	72	185	291	377	6539	171	450	606	225	534	625	1150	1471	30057	172	5165	1615	8521	525	201	229	199	954	39	540	1250	1409	1215	778	89	105	1232	61	134	1613	4333	27	10	2484	169	4021	371	721	206	169	916	1949	7871	61	732	671	5	9	70	946	41	55	126	34	139	377	67	581	20	115	169	66	131	7213	13	215	47	63	1427	1787	84	6465	65	438	55	28	21	16	224
"Sg_P22_13"	1	9	2310	20078	11	0	127	4074	91	70	48	450	3346	946	356	0	3428	3	1309	11	3	7723	0	13790	138	1158	1	16	28602	9	3306	1	3	2937	67	1	0	7949	301	282	433	406	1	4517	4222	2	5	88118	430	77	603	16	111	1	89	913	94	657	153	203	24	1	312	56	0	457	0	0	9973	2	3	25	1931	284	1	502	228	131	11627	136	15	558	9025	28	1137	749	5652	11	521	107	10	5100	4	30	514	12	720	20255	3406	203	11292	1	12	1	260	2	4	33
"Sg_P23_1"	173	138	249	233	201	186	1620	419	309	333	159	254	1440	351	325	403	3526	114	96	25	179	2676	84	485	482	101	18	89	375	103	979	46	318	312	130	32	95	626	59	1446	1011	60	105	105	26	166	267	2347	1312	189	33	375	236	658	532	313	387	146	255	20	822	79	1079	72	113	2576	237	125	29	415	12	746	355	925	308	1257	1432	882	871	1539	2131	6758	765	29	217	42	39	26	284	326	18	622	25	124	127	9858	3950	726	83	132	308	141	107	64	235	540	156	153
"Sg_P27_36"	8	10	4	24	198	27	15	10	1109	3	0	136	45	9	69	3	26	1	1	36	2	13854	4	387	22	16	3	4	8	1130	162	1	1	16	29	5	71	1	7	4	152	4	0	0	466	3	55	248	3576	2630	114	4381	514	917	26	59	42	52	1783	7	56	9530	594	4921	4673	4682	565	46	96	760	7	5650	33	677	15	114	22885	16254	759	28500	460	1049	2692	77	1227	29295	312	703	1255	3338	9117	90	3718	12	14	188	19974	1903	397	191	3818	18	8	3	225	28	3703	1769
"Sg_P27_38"	20	377	35	769	873	11	27	32	2798	113	10	921	197	531	47	13	20	18	282	2	2	19	192	14082	60	1	143	1	13	714	25	67	638	1243	186	1031	148	3	2191	376	278	17	7	8554	709	1	685	369	88	43	2258	3	3492	921	11	1127	8011	104	817	11	37	3609	1778	923	147	6165	64	4354	8816	95	11	1576	2920	927	5	14	230	2587	10873	1072	1481	243	1137	1360	4638	3175	4	522	1530	1044	41	1204	3846	32	12	690	254	5704	852	1206	3768	10	11196	1332	443	8614	5189	19
"Sg_P27_4"	118	473	214	421	6724	1104	2715	277	911	40	40	884	416	986	25	99	291	363	468	3	33	350	299	450	100	180	25	205	68	75	1910	150	165	1529	748	472	19	385	725	186	240	38	47	2308	1424	134	283	157	519	95	234	814	306	676	1384	3747	393	429	121	987	711	357	958	921	751	121	1473	1537	344	895	376	1288	1469	4192	1242	1007	129	365	520	647	1076	541	602	697	1870	110	3632	4038	1460	1421	46	483	246	288	1596	32	176	912	1570	397	357	3809	15076	549	2026	1252	4940	1689
"Sg_P30_9"	642	1023	2885	2858	2426	15753	893	851	8997	336	655	7068	1261	1332	73	587	1612	365	333	199	35	3452	723	10953	449	4649	156	1870	394	1628	942	435	6722	2509	2395	14904	410	821	10330	9573	6267	561	888	69882	2002	275	408	3041	9383	559	3998	938	3708	2218	2823	2668	1387	1422	2545	6399	6010	11121	8652	1860	2718	2638	15139	4045	3058	12778	826	4606	7603	7440	880	22908	3037	1735	7611	2493	17340	4504	4233	930	2064	3656	1059	1502	1603	2275	1893	2835	2503	1563	9197	889	12962	2342	2637	3038	4805	2267	1186	1070	1675	2931	4708	6441
"Sg_X03_29"	1251	13218	635	411	17	135999	25	11	174	1234	14860	29	123	603	1	5	14	225	132	2	12086	10	358	59	46607	8752	25393	54419	22	368	47	3449	456	65	5236	68	4019	195	28	1798	546	5667	67	2	11	2972	72	8	8	1331	2	0	2850	29	13	37	2680	205	10	5	2148	7	85	0	16	84	6	4	40	14	1	2	2091	137	2	9	2	0	39	0	21	1	17	33	37	10	7	443	4	1	14	193	6	192	113	361	5	22	6	727	119	5	2322	9301	512	21	39	15
"Sg_X05_12"	405	414	2955	7578	127	145	9017	2108	942	1521	2965	1220	17967	633	1956	1082	73	915	494	1120	1062	6181	110	3576	317	254	176	29	150	398	1200	129	79	4587	789	211	8749	975	334	342	1511	261	4321	81	40757	423	638	90283	1160	1512	36	15	3254	1120	1517	513	406	1149	10694	798	178	487	177	98	17590	106	4726	139	51	9118	28	56	9069	3965	28	59	92	47	931	76	262	41536	157	367	371	102	1322	187	116	16900	42	37	27	1573	658	105	491	147	2200	1753	770	42	645	487	180	609	517	105
"Sg_X05_3"	236	52	5	67	128770	9	10223	50835	176	136	7	92170	2952	72	122	2372	10357	54	223	74	1	8244	17	212	16	13	11	6	39	4774	24501	102	27	53659	33066	21596	5	42	1901	22	18	55	408	11	17	131	7	144	4591	41	3637	9214	374	249	13014	8323	1518	16	13811	389	356	10024	17622	198425	20931	1165	1043	29	2120	403	4	72035	10	50	207	22	1283	14380	256	23266	2479	6824	1198	190	19312	1	146502	199	1811	147792	183	23	1	29656	5	49	712	227	33374	32080	35142	198073	2938	4302	126	6698	3822	91
"Sg_Y07_14"	192	70	196	213	101	19	436	244	411	55	45	372	1002	235	57	45	4145	426	433	152	10	1126	21	125	27	28	31	11	310	176	185	180	5	147	249	47	48	730	308	11	51	28	159	2	709	15	328	454	5285	50	844	48	1221	1543	526	458	33	775	311	667	35	839	1227	916	1180	4681	801	212	2128	1217	353	1315	426	1446	37	89	257	163	334	298	4888	2338	204	661	2118	359	159	36	933	2210	356	29	138	2937	155	365	7200	1037	1613	2670	76	15	133	305	420	189	280	14
"Sg_Y07_23"	157	83	293	825	1463	54	14803	3551	1241	78	85	13244	166	1711	3063	58	325	61	22074	65	78	1512	14356	345	199	119	72	18	20401	21813	2556	207	26	27887	6462	1145	235	57	327	27	256	188	1071	43	178	118	135	273	537	10252	195	92	880	412	1325	818	19612	13166	15557	167	193	15481	3850	563	14621	5612	674	357	404	908	19	145	318	256	6572	694	684	374	384	594	310	11492	327	431	8855	544	136	201	1932	512	18933	253	57	570	704	614	493	590	3436	4124	1862	424	3117	686	137	573	1361	454
"Sg_Y07_27"	212	226	88	221	495	13	58	125	505	342	1011	4539	5180	1811	509	4414	19965	860	11346	368	13	129	51	475	1316	96	41	33	171	780	239	35	37	482	368	30	113	42	3768	1300	601	283	71	58	5549	23	89	439	837	77	1764	252	7301	2061	939	2486	510	419	1969	122	85	170	112	121	728	148	50865	435	128	83074	180	295	75	3172	99	217	367	282	828	288	161	240	337	1837	5135	209	141	116	211	226	4263	171	105	158	119	108	474	210	224	277	6438	44	3648	227	1747	122	3868	3477
"Sg_Y19_10"	357	200	324	13	502	1511	465	6654	209	3325	1194	62	65	180	6244	1000	565	1676	340	3614	346	222	177	1274	4	1951	2441	332	4462	147	335	2061	1385	1465	197	2316	134	1812	75	749	342	2063	996	550	348	556	1097	20	151	1989	1754	3115	1290	268	615	1623	111	171	2755	2339	147	84	4397	926	189	1854	225	691	2706	386	2456	503	247	583	4292	41	9	165	692	28	155	79	5341	351	1279	98	326	66	708	587	33	526	705	300	2411	212	143	35627	280	4713	2071	595	1350	94	70	133	39	1065
"Sg_Y19_13"	1358	71	121	110	239	81	26	6	660	43	462	338	198	1816	15	8494	3525	97	1201	140	174	22	843	5583	84	435	33	594	74	51	18	517	2411	315	812	420	517	489	131	12446	1330	117	13	1037	1017	318	2063	36	498	743	800	315	777	591	158	2919	2761	1138	388	1153	906	428	254	268	88	181	10497	1820	985	6079	2843	828	451	828	54274	21102	716	592	3722	206	59	433	5418	4291	2315	392	16	840	637	132	819	1264	1639	43	1591	114	105	2286	77	47	3199	3768	207	411	55958	136	515	4835
"Sg_YA03_20"	958	685	976	1014	1125	577	2900	2151	1428	528	811	1628	2492	1585	1150	1125	4437	928	1138	1291	271	14467	572	1039	760	1067	317	202	1610	587	2098	880	1786	1324	896	441	1424	2082	988	3666	2070	1280	1944	334	2019	393	650	2601	2079	511	691	802	1036	1048	1108	903	1784	1202	2960	670	1353	705	1278	565	1827	2730	1372	784	627	1923	770	1331	624	1734	910	3661	4195	2799	1474	3138	2655	5668	1412	509	1213	1516	344	750	1659	1101	330	1047	1357	1798	668	8570	4389	1483	761	791	1065	813	562	411	726	1007	1036	1700
"Sg_YA04_9"	38	5	48	771	55	0	71	251	255	35	31	516	113	917	30	20	1029	30	33	401	7	755	35	1026	67	10	0	4	71	132	332	20	0	118	217	0	7	18	218	4	14	2	28	7	89	35	155	795	6275	13907	624	425	1165	1323	252	393	89	185	1004	542	16	2448	2466	562	724	1610	1639	2702	6502	2913	340	4448	279	4605	37	633	13547	10750	1272	16678	37842	2414	750	1044	2817	1568	204	41	702	4365	1108	220	208	357	1153	960	17656	1452	18245	578	806	86	149	11	182	760	292	74
"Sg_YA12_28"	966	458	372	2540	1491	364	207	1816	3687	338	305	2034	699	1375	251	327	3624	463	635	296	117	1584	348	723	556	330	135	89	294	577	1481	539	413	953	1314	518	1493	843	1117	226	493	248	535	788	2056	209	485	487	2947	565	3704	1540	2002	1425	1481	2014	1348	1482	1762	995	661	3398	1339	1407	1921	4706	1672	5615	2187	1768	714	3310	1047	1655	713	6893	6498	2416	628	3839	5375	2617	5386	2275	1954	6547	622	974	2315	2006	1065	3513	3036	1368	2976	495	3507	1822	3955	2064	2004	453	1279	800	1061	2887	1846	2721
"Sg_YA12_4"	78	1	29	39	40	0	33	25	19	0	29	88	10	64	9	52	4774	0	15	768	7	288	7	181	41	14	0	32	6	6638	77	0	47	20	5	0	184	1	788	71	28	9	0	57	194	0	29	33485	2	38112	2189	569	265	35523	14003	146	1091	414	4574	3	102	12413	567	5580	46	16258	12311	7	36475	21813	11347	7004	1540	4221	12	110	1950	8095	11719	10424	68514	51672	85	947	3594	71762	731	6711	5198	16122	2040	2618	8272	368	6512	54073	48	12697	5600	2104	725	131	83	474	1493	530	567	103
"Sg_YA13_10"	1191	479	455	8038	3055	404	559	422	1999	151	588	2629	1939	691	42	68	994	181	237	1989	93	1199	348	369	5419	173	43	108	200	1178	336	451	609	666	1639	104	276	198	13889	228	457	133	435	115	257	563	164	289	742	666	2580	1528	921	727	5129	367	936	4062	4437	1669	2080	24509	927	574	1371	17490	425	705	706	602	484	375	3127	3089	396	14527	1315	605	350	917	38247	929	1111	503	621	32785	164	917	1348	681	678	6936	1585	1360	1014	2181	819	3862	1002	1171	1322	247	400	1055	5357	865	2204	893
"Sg_YA31_31"	82	163	7	4	22833	3	12271	8421	27	50	5	5215	650	63	16	2627	514	45	14	16	1	1869	2	67	43	25	5	14	12	192	7122	17	2	7376	4867	1621	5	12	8570	16	11	2	190	2	7	71	14	105	922	68	449	1162	163	179	1845	2399	307	30	641	69	355	1939	2373	118083	2364	51	1057	39	189	366	5	3407	24	23	158	5	410	1896	63	3097	271	1142	188	25	2645	2	65541	16	3268	1913	25	7	9	4259	36	15	317	319	5497	4449	1090	31109	8488	634	183	3251	1060	92
"Sg_YB34_1"	21	17	11	361	47	4	14	28	241	6	8	798	23	16	33	33	344	77	11	153	0	425	5	425	75	23	2	0	39	197	95	2	40	163	50	0	9	37	287	21	8	4	5	8	655	7	106	92	12970	25	177	35	177	825	137	2918	203	63	1322	398	14	7697	123	1952	407	646	147	1792	621	203	28	2515	182	1345	115	79	149	74	423	164	2325	2992	3792	40	98	1052	271	53	281	2131	155	100	345	46	111	704	2364	723	162	46	94	162	41	43	13	143	407	794
"Sg_YB35_19"	59	14	17	1136	677	3	31	392	551	11	17	2171	148	82	145	8	510	14	29	142	1	498	39	104	40	9	12	0	30	307	70	32	5	102	76	15	38	18	318	121	43	8	16	11	142	8	40	237	4810	94	3268	233	1658	1004	634	626	284	356	1314	113	63	1648	215	1945	2795	1683	1271	3150	2390	1640	201	2969	211	659	1914	2551	2837	1005	145	1800	4001	1407	2408	1109	3483	3195	144	104	1065	2587	528	1274	747	350	80	336	2554	1038	7594	135	268	88	45	33	148	925	7680	299
"Sg_YB35_41"	349	4	58	871	459	107	32	59	385	2	620	3613	171	177	138	19	45	371	257	33	6	293	6524	850	19284	28	9	7	64	352	1266	2	1	1734	479	1	185	70	379	2	624	18	88	3	1789	4	107	93	2652	3067	8358	513	472	74092	472	178	65	21462	2563	28	153	834	591	28804	9320	693	355	1252	752	335	12	2244	123	6796	169	104	467	688	1265	864	466	143	316	1396	10952	542	6361	2284	137	4429	118	95	94	2948	373	113	1418	672	254	143	7445	70	73	1675	395	16797	11697	2772
"Sg_YB35_7"	114	332	369	300	185	37	1592	618	703	416	174	311	1248	481	229	345	3662	132	47	30	137	2442	116	571	776	118	53	82	457	45	881	31	571	374	132	49	88	744	59	1774	874	90	63	216	70	164	266	2911	2726	182	115	437	165	657	618	728	493	171	384	29	860	85	1194	92	122	2685	264	179	34	435	24	810	319	1045	525	2447	1281	747	1050	1324	2590	9476	1480	29	223	95	33	23	266	307	64	662	55	151	165	11718	6753	934	196	217	436	225	73	126	149	525	82	173
"Sg_YB36_42"	643	412	476	3710	5161	1017	364	1252	5972	101	216	4086	724	915	128	122	3395	230	586	265	55	7569	377	1146	693	478	113	1050	416	912	758	671	533	2015	1501	343	516	310	2814	860	913	152	524	521	3100	245	546	2753	16871	792	6873	3956	1964	4200	1796	5584	2229	701	4119	2363	520	14467	2498	3344	5821	29994	4911	18250	7009	5646	2008	8929	3907	3976	4042	21484	17829	6706	1352	13341	17678	22219	16688	3189	6503	28281	652	1147	3732	8490	3673	10069	18552	2811	941	2556	33458	4362	11631	2288	1476	2318	951	868	2790	1892	2048	3184
"Sg_YB37_21"	1131	371	786	597	7000	186	2775	137	838	75	359	920	915	267	87	362	168	1287	829	77	61	381	159	518	423	526	49	227	388	115	3159	154	944	185	790	505	415	302	736	290	1340	478	858	87	5039	336	1350	76	532	244	109	222	671	311	190	119	355	608	5613	558	97	145	398	119	4514	116	153	646	940	181	111	414	1067	481	136	113	1617	3886	1825	2973	116	114	113	691	1553	313	207	548	814	4445	247	197	92	411	261	51	265	658	189	1054	1399	3101	742	159	593	2356	463	198
"Sg_YB37_28"	269	204	139	622	359	198	518	376	1624	62	41	584	1037	345	546	84	5550	107	187	175	17	2473	88	760	107	50	76	38	59	117	982	87	88	497	1376	130	157	210	1076	64	109	79	58	264	1087	82	301	333	8210	300	3058	745	1073	1580	670	4607	728	345	2735	304	113	3827	809	1176	6339	1025	461	2309	914	549	526	1743	2545	2736	637	799	2875	1582	550	2159	6842	4139	1168	2629	864	2239	613	363	1752	5648	1105	2481	1497	484	234	463	5425	2589	3447	2389	1551	701	461	250	679	1004	773	1284
"Sg_YB37_7"	550	597	799	1688	809	1072	768	4860	2535	19370	283	730	188	311	4057	1171	571	2864	252	902	466	3730	860	1601	129	553	1211	273	1831	1303	386	5765	764	1255	659	3859	84	3896	693	333	570	587	1253	1567	1369	1651	523	418	764	2869	3295	9451	5622	1885	2079	5062	772	748	849	5448	735	1017	4309	700	1036	3726	1941	3310	5105	1803	3769	1302	3158	1814	4927	715	861	542	1488	812	1346	1179	1446	1319	1648	864	636	1678	1215	1638	245	2117	1653	406	2329	1311	1141	1902	869	3094	891	2012	3581	467	1447	1033	986	3838
"Sg_YB38_12"	389	381	138	2161	966	571	162	1077	3003	881	247	1821	396	589	484	118	2291	247	223	228	39	1244	797	603	138	103	77	26	194	336	547	414	125	462	618	462	327	331	917	415	274	145	340	188	704	147	195	809	4995	642	27691	1071	1441	1532	1681	3384	2106	862	1800	425	580	4313	1092	1153	1464	4888	1377	3407	1773	1873	2578	3027	3351	2083	1023	17794	5051	3108	583	4765	3444	2777	4792	772	1386	8698	395	375	1563	1900	5867	6625	13939	920	985	719	5921	1204	1559	769	974	625	588	184	614	1325	887	2053
"Sg_YB38_21"	490	881	442	552	126	826	917	1941	733	1569	560	1093	217	246	8653	1086	1274	1388	600	1043	816	2522	644	509	135	16044	3025	309	2090	811	543	1748	600	966	146	9757	69	1992	609	82	291	566	2544	14086	286	2204	423	72	175	424	718	31459	2261	264	213	1940	234	166	321	6265	113	303	3973	126	201	760	183	867	4371	397	2177	1030	348	575	1270	231594	406	223	401	378	353	198	3865	107	171	277	117	133	455	349	4763	236	233	525	611	302	298	467	162	257	174	725	800	256	70	206	138	278
"Sg_YB38_6"	146	11	7	1223	1595	15	4	206	923	1	17	6903	161	86	414	7	34	41	279	295	0	856	91	507	172	2	4	0	2	390	41	76	2	77	18	29	89	4	494	3	24	4	26	1	880	5	213	11413	144	163	35517	18482	344	2347	1305	107	433	8	7594	10	2	6308	758	196	1474	6389	1317	4104	5612	2100	5784	2043	4	933	236	9753	432	231	1056	174	13652	195	780	1954	2587	33848	11	1398	10413	12026	522	354	13911	208	74	8	34	1679	50	130	3929	3	104	665	148	1376	81	497
"Sg_YB39_24"	425	174	404	3619	3768	195	1241	837	2950	245	182	3352	1326	1382	245	367	3076	250	452	214	98	6562	947	839	1415	167	84	266	1521	819	1536	563	314	1276	609	166	360	736	1327	1070	942	105	337	764	791	186	423	2589	2056	505	1788	683	856	1305	1097	5868	1083	654	1378	300	954	2830	1236	818	854	3818	619	1869	1572	860	379	1120	2370	1971	589	3601	3239	1861	1079	2917	4951	5655	2822	706	734	3771	273	636	1021	1487	666	1809	1433	941	495	4626	4172	1642	1051	787	2416	209	619	394	631	1148	873	1367
"Sg_YB41_11"	179	166	38	269	200	145	162	77	1190	38	47	2821	326	311	337	50	1741	88	70	236	5	758	49	127	61	29	21	7	118	136	141	82	23	202	208	100	148	24	333	51	68	55	100	55	608	27	256	170	10105	112	710	152	283	338	158	11449	192	347	871	61	71	1145	269	188	1982	1077	290	737	270	351	198	671	434	334	153	543	1028	655	139	763	17319	8616	392	301	369	2038	176	139	595	1712	215	283	484	291	199	152	2177	635	1144	515	310	95	307	52	200	479	435	385
"Sg_YB41_12"	10	5	40	1362	7	17	6	53	1782	943	8	46	20	654	266	1	623	4	21	173	18	25054	9	1618	2	11	19	342	7834	2	1652	464	1174	967	4	32	11	23	505	42	2365	19	6	596	121	11	778	7083	4	699	16	8	9	3	3	55	12234	5	322	10	19	15	2	41	291	48751	574	30	15	912	5	7	28	5	2	1269	12722	4170	1533	6989	5128	22	415	8	9	2767	50	6	31	3	130	40	55	43	21	149	15	2849	56	10	90	1	24	10	16	1	0	481
"Sg_YB46_3"	943	210	185	1009	5047	374	373	179	2009	24	46	2566	270	943	25	111	577	459	657	8	40	284	514	796	374	245	38	281	76	123	343	265	145	979	1097	316	18	226	660	330	427	36	31	4979	3118	300	587	152	1396	176	703	1764	472	933	3176	668	5484	224	230	2483	340	321	1008	1931	2613	387	3502	1673	2871	2392	1171	2036	2138	659	1877	560	284	442	953	530	168	820	690	9270	2183	518	577	2998	2649	3660	96	504	888	251	337	145	327	787	1183	643	2731	5546	1853	5099	864	4955	2728	26390
"Sg_YB50_23"	34	62	2	1	2648	1	18877	2876	127	314	5	374	75	4	1	3043	22	2	8	0	6	223	13	2	1	34	3	5	2	8	7913	6	18	6760	304	73	1	0	32	26	7	4	33	0	143	186	1	34	65	56	64	7	95	71	11339	260	2	54	23	5330	10	122	360	2635	340	9	85	3	5	32	5	110	33	4	509	7	169	306	2	487	14	230	16	5	142	0	58968	6	224	544	2	2	0	231	44	17	5	31	79389	246	32	3431	487	121	17	1672	41	45
"Sg_YB55_11"	39	4	55	3189	825	22	459	6	19	34	1524	411	96	45	283	2097	18	7	13	14	5	2502	7	1419	5810	24	49	41	854	139	7447	14	2	9768	19	6	18	14	14	20	68	39	5	5	6	110	3834	35	32	3353	8	12	101	120	5785	90	28	27	151	18	167	67	21	0	1241	99	10	10	8564	18	0	7715	2	1227	2	73	19	22	3773	33	46	73	103	20	28	12	19	36	6	1293	37	10	7	37	9	93	81	1342	2578	27	25	2	19	12	3611	4	1099	5
"Sg_YB59_31"	749	398	849	760	815	449	750	904	1856	153	878	1626	988	1062	122	274	1007	456	1037	470	74	1464	3329	535	570	916	154	185	439	608	843	348	152	991	658	359	751	1281	4199	1454	650	1146	1613	122	568	709	506	625	1095	420	355	349	763	745	928	1968	2943	1699	1466	941	1065	2004	897	1081	1594	1553	1722	2352	1429	1342	1043	926	1173	1590	1681	3456	3333	2390	1468	3340	1890	2997	2552	1009	1296	2825	1403	1241	1955	1397	561	2625	2088	2645	1596	2672	2240	1358	1721	1773	1153	394	375	438	357	1157	676	893
"Sg_Z02_23"	24196	8367	5157	2963	1403	46353	2586	2443	3915	3904	39660	2608	7101	13447	347	1012	6892	5629	18844	28893	1641	1859	4150	15468	3228	16673	13103	3282	4005	1553	2740	3148	7538	5499	3396	711	12062	6381	2874	80902	38899	28001	3294	166082	12049	43367	6193	7403	13773	13365	2753	988	10819	2376	3682	3677	22362	14904	3771	18678	1078	7197	1097	545	1042	9105	53936	1430	11844	94130	265	3313	9622	14372	399	12140	778	586	8945	1428	1615	1923	18980	4112	4645	2900	287	1479	1471	821	3206	16644	5851	2297	30937	3320	5880	6912	1120	2386	23298	14356	1441	922	37053	1176	3463	5052
"Sg_Z02_43"	850	827	1533	1437	9251	13318	91	8928	4810	388	340	1391	845	22796	168	542	1638	983	511	11	216	1954	3550	14940	907	88	21	16345	1795	180	3588	1153	2959	74145	2006	3437	31	158	1804	479	483	127	48	9166	8701	128	1312	8006	40966	254	7374	11042	19989	2581	3283	1688	857	838	566	11535	203	4411	41374	737	5043	670	11854	2617	11856	7590	19362	35946	11169	8212	758	1869	125	798	10078	4539	80	10157	5785	1879	25645	490	162	42180	58904	12162	637	14847	3372	303	34435	56	28709	7463	38691	2199	656	1129	5879	4289	36211	5623	8375	70544
"Sg_Z02_5"	100	39	23	226	91	121	30	47	341	7	3	140	55	16	3	4	116	9	29	22	13	860	75	190	27	13	2	29	26	21	89	15	12	35	115	47	229	248	1038	7	58	58	54	45	171	20	29	62	81	7352	33006	794	81	29377	17485	20	466	820	10526	183	79	169	108	54	70	1599	181	25	973	313	2138	127	43	3357	19	10	94	55	2384	57	495	2102	112	80	7861	94	94	1805	7034	1923	5	1015	5175	224	2685	2073	176	11683	56	150	243	42	16	167	631	83	179	369
"Sg_Z03_24"	7999	20206	3123	9694	17816	27047	8314	1310	5618	7474	10978	3847	15045	10957	979	19316	4202	32469	18534	173	5065	2242	6180	10169	87004	121332	8051	16654	20998	6611	20551	8714	27252	13634	7749	3186	141	3320	1162	3646	24856	2153	3922	145292	51139	15612	68719	4047	8152	1259	808	924	1438	21134	8490	945	6866	6549	116	18313	702	3416	1675	5750	30200	1539	10340	4180	5539	6670	167	4427	14942	8047	626	1343	28	87	17366	197	95	4625	21085	2946	24034	199	765	3233	4735	6004	115	5162	1246	1200	4130	339	1199	7806	10821	1716	1015	5930	8248	4569	31580	11782	3192	431
"Sg_Z06_28"	216	1805	36	247	1288	704	29	1630	220	322	7	5531	1779	1496	378	864	5560	1372	61420	41	30	609	179	4169	78	208	43	111	1195	11	1883	2256	176	166	352	2968	334	2340	646	6689	172	123	10	49374	1661	872	26291	279	2059	50	6242	3708	450	3113	4314	5392	239	8937	2634	5639	98	47	9323	6837	720	2839	42500	600	40069	19098	2333	3426	894	13455	5756	109885	124	147	7078	261	306	1259	2393	1322	9244	3331	1146	73194	21239	55335	623	349	79	767	189	129	191	26598	139	354	997	20872	973	344	8646	34798	4113	324
"Sg_Z07_36"	510	80	831	12116	100	4789	698	88	2163	564	1652	63	5476	154241	3	1419	38	30153	12490	12	6639	290	16163	37874	13376	1770	13788	226	44191	2048	43609	1444	26	27647	2439	1246	23587	20228	39771	1464	2445	24233	4936	0	77	789	20699	12450	20927	519	18	2	6100	10764	1233	232	27006	15000	31	57	19	6198	1359	113	199	27	25	31	24929	26	2	14	25	2415	7	8	37	33	27012	39	588	636	18	98	11137	7	1150	121	33	44	12	13	3	3557	425	505	11767	5910	475	2913	249	32	9044	3141	89	63	8558	26254
"Sg_Z07_42"	38	2	35	128	96	0	1977	614	212	48	24	359	81	183	35	10	1046	6	34	45	0	5536	13	1168	46	3	0	0	456	63	310	178	1	182	487	4	16	27	107	22	21	0	27	20	185	6	67	6318	16532	324	4716	1520	255	5423	511	6761	262	1019	2154	4448	14	6348	3670	850	8088	8386	1544	3774	1245	2134	614	3729	1293	3845	3228	3480	3848	2184	1290	5528	10246	4876	5122	476	2553	10127	318	642	5848	9421	1473	4597	6938	3245	570	3409	22349	8309	35414	1156	83	197	319	31	237	745	248	304
"Sg_Z09_20"	584	334	173	8102	2612	222	380	419	8909	56	255	24378	286	610	188	232	1028	82	231	355	38	1641	549	535	483	128	19	59	113	692	584	436	40	1841	1030	375	255	118	5691	90	195	43	167	321	80344	111	231	397	6143	1012	7897	489	884	2866	7228	4643	1129	3758	8410	1464	116	3529	1583	2945	5702	3003	2381	3650	1841	2491	152	2716	1242	925	728	1899	3906	2313	773	2169	2531	1496	1554	852	19710	7345	8184	7107	11870	7807	1231	1074	1462	2030	1276	236	1984	2359	7670	1368	6306	1505	4092	903	911	2696	3641	2692
"Sg_Z10_1"	243	379	418	1437	1800	355	678	390	4980	334	70	5706	350	479	499	150	758	128	111	92	22	1814	111	2022	436	128	69	244	262	867	865	369	127	1279	984	247	184	415	3596	178	343	51	75	494	4843	103	407	502	2573	8503	1712	798	847	2487	1451	2777	413	1651	1820	1837	157	2322	1036	1409	4736	2348	1415	2372	957	1374	618	7582	2219	1325	842	48604	2898	1775	10449	2533	3920	2147	1580	498	2209	3069	3015	4328	1506	4188	420	895	1315	803	868	705	3362	1103	1618	1285	1163	1903	873	504	1535	1230	855	3740
"Sg_Z12_45"	5	2	10	1336	32	1	117	1600	4199	4	6	1725	149	46	65	61	4466	1	2	223	0	391	1	62	7	4	0	1	547	233	464	14	0	40	110	2	10	0	133	79	20	0	18	319	202	9	23	1788	1754	95	15056	1433	365	2168	526	9136	576	683	289	122	54	6393	1280	2553	1355	2787	1063	6382	2241	1865	744	3170	29272	636	365	25	7668	4732	50	5488	10957	4616	6404	103	318	11374	392	77	1031	3323	1069	41	47	104	234	83	3271	1623	1278	85	369	8	19	5	31	2933	609	121
"Sg_Z14_36"	269	395	604	997	1029	1516	3047	174	2484	29	106	526	1006	511	123	984	627	336	3500	11	105	230	747	984	733	933	242	749	191	43	302	1220	941	1189	1110	1696	25	425	499	1203	734	336	861	2374	7250	156	2368	426	995	337	391	2001	782	1845	3651	817	856	772	98	2068	381	1018	1478	822	1583	214	2600	909	406	1665	782	1353	3147	534	2456	452	56	107	1066	188	64	869	2479	3984	2714	145	867	1441	1801	3294	49	505	450	371	426	31	435	845	856	502	470	2803	849	801	3356	2633	2630	5325
"Sg_Z14_45"	43	19	282	128	67	8	2490	313	227	194	206	149	1384	342	266	394	3149	176	23	33	164	2719	19	759	725	82	12	61	426	29	715	19	291	217	55	6	67	1151	34	1830	749	67	126	123	10	130	272	4523	1989	219	10	578	102	390	1374	399	218	101	237	17	1490	26	802	143	94	2071	194	89	43	314	27	633	514	838	196	2379	1371	917	1477	1530	3145	6907	704	56	186	13	19	9	200	287	7	497	16	102	117	18772	6629	573	75	63	638	110	45	21	166	985	98	309
"Sg_Z14_58"	12070	1107	551	22043	7819	4706	1000	4310	4129	128	353	19005	15798	627	310	867	2626	418	387	949	507	907	3112	341	47292	428	1604	2851	247	320	10810	589	175	3433	1153	34259	8466	209	2956	244	245	632	4166	25	6713	1267	1266	258	4553	153	148	105	569	6384	779	38608	767	575	1227	60	1364	573	1228	3558	70601	458	191	2297	107	303	53	25363	58	448	28	163	73291	33826	480	39544	2050	1511	1032	195	1028	5323	1123	49	2978	2177	897	1304	236	1588	57	34	623	1910	2886	4053	1326	296	927	1336	1572	6507	2480	990
"Sg_Z15_39"	1566	2159	212	2764	6075	2978	606	180	4573	218	118	3725	267	2395	44	296	475	1455	2957	5	219	285	869	5370	1331	1096	101	2562	146	212	308	16273	6786	1697	8340	1412	11	635	2562	1674	1960	204	42	14449	5150	512	1249	633	1059	382	937	1601	2979	6284	3833	1454	1185	953	104	44063	7924	328	2083	1499	8473	134	15100	2043	475	10044	1189	6359	7229	632	6012	2327	36	238	16272	307	94	630	2260	1683	7400	122	444	3161	2921	3900	50	50704	368	1256	756	64	436	5086	1165	14546	2036	4615	4130	7486	35614	1975	1894	13104
"Sg_Z15_51"	21	20	17	162	159	21	12	316	234	4	14	176	6	38	6	5	95	2	394	12	4	262	7	124	33	17	1	6	11	148	35	5	91	32	21	9	10	19	97	793	12	14	16	1836	16	15	3	61	196	36	129787	2283	1303	176	68	254	100	27	82	143	44	581	1603	128	99	185	6870	413	157	10265	108	151	44117	14284	60	6770	354	193	93	277	498	214	2374	46894	130	4204	29	2761	386	1146	20594	108654	3308	405	258	1136	378	269	1594	58	92	362	602	539	109	124	115	151
"Sg_Z16_22"	106	3642	97	102	84	38	92	214	68	37	38	267	145	416	5	48	14253	55	116	31	16	741	61	154	52	80	20	34	71	864	916	122	8874	307	130	92	125	140	84	10256	414	51	125	60	115	217	53	80	61	159	211	31	201	196	226	109	210	216	61	13517	9939	414	98	388	243	123	170	224	116	263	37	88	1105	77	43	27803	332	191	150	370	348	79	197	369	372	240	82	75	122	135	177	1763	96	382	253	44	100	169	305	164	778	162	166	209	29692	120	840	94
"Sg_Z17_26"	126	21973	684	100	7423	9153	9	570	2696	5223	5133	2204	15136	20035	284	5338	2207	19982	273	4	2362	3436	208	3234	31028	2650	45	2533	10768	718	11607	11028	159	22098	4947	13225	175	3414	124	2172	12570	19168	478	11	1218	6964	40500	1989	2613	727	47	4	316	3297	326	538	20202	506	677	90	1274	493	2598	1055	314	1493	371	964	1265	235	1	9188	185	1683	675	5	0	0	5814	3	58	1695	52	16471	1117	1	707	860	140	151	20	386	15	4	58	796	294	218	1038	2852	255	153	949	198	2955	1062	3560	10710
