Genome	Group	Gp_MJ1_12	Gp_MJ1_272	Gp_MJ1_444	Gp_MJ2_113	Gp_MJ3_423	Gp_MJ3_477	Gp_MJ4_197	Gp_MJ4_65	Gp_NH_148	Gp_YAB_333	Gp_YAB_339	Gp_meta27_16	Gp_meta27_511	Sg_A01_16	Sg_A11_10	Sg_A11_12	Sg_A11_2	Sg_A17_17	Sg_A19_11	Sg_A19_12	Sg_A19_36	Sg_A19_51	Sg_A20_2	Sg_A20_35	Sg_A22_19	Sg_A22_3	Sg_A22_8	Sg_A27_23	Sg_A27_31	Sg_A28_8	Sg_A33_4	Sg_A34_19	Sg_B03_29	Sg_B04_2	Sg_B07_12	Sg_B07_38	Sg_B07_50	Sg_B07_53	Sg_B07_62	Sg_B08_36	Sg_B14_1	Sg_B14_13	Sg_B15_22	Sg_B15_23	Sg_B15_35	Sg_B15_52	Sg_B19_40	Sg_B19_58	Sg_B25_10	Sg_B25_38	Sg_B26_35	Sg_B26_4	Sg_B27_18	Sg_B27_6	Sg_C02_30	Sg_C03_36	Sg_C04_33	Sg_C14_34	Sg_CA11_3	Sg_CA11_45	Sg_CA11_52	Sg_CA13_9	Sg_CA25_14	Sg_CA25_21	Sg_CA40A_55	Sg_CA9_20	Sg_CB03_44	Sg_CB03_47	Sg_CD23A_20	Sg_CD23A_32	Sg_CD24A_10	Sg_CD25A_53	Sg_CD26A_19	Sg_CD30A_34	Sg_CE19A_15	Sg_CE19A_24	Sg_CE19A_29	Sg_CE19A_36	Sg_CG50A_22	Sg_CG50A_49	Sg_CG50A_74	Sg_CK05A_18	Sg_CK05A_46	Sg_CK05A_56	Sg_CK28A_36	Sg_CK51A_47	Sg_CK52A_43	Sg_CK52A_74	Sg_CM17_16	Sg_CM17_58	Sg_CM17_7	Sg_CM21_15	Sg_CM21_57	Sg_CM29A_16	Sg_CM31A_43	Sg_CM31A_52	Sg_CM32A_26	Sg_CM32A_49	Sg_CM33A_60	Sg_CM33A_9	Sg_CM35A_15	Sg_D02_32	Sg_D02_9	Sg_D03_78	Sg_D09_14	Sg_D10_17	Sg_D18_45	Sg_E04_12	Sg_E06_10	Sg_E06_24	Sg_E10_50	Sg_EA47_17	Sg_EA47_9	Sg_EA57_9	Sg_EA61_27	Sg_EB03_22	Sg_EB08_12	Sg_EB09_7	Sg_EB10_11	Sg_EB13_4	Sg_EB21_10	Sg_EM03_7	Sg_EM12_46	Sg_EM22_6	Sg_EM25_40	Sg_EM30_38	Sg_EM34_4	Sg_G06_9	Sg_G09_4	Sg_G10_35	Sg_G11_20	Sg_G18_1	Sg_G18_19	Sg_G19_41	Sg_G21_58	Sg_G22_16	Sg_G26_10	Sg_G26_22	Sg_G29_33	Sg_G33_7	Sg_G39_28	Sg_G43_29	Sg_G47_17	Sg_H04_45	Sg_I05_27	Sg_I06_25	Sg_I07_11	Sg_I12_32	Sg_I12_44	Sg_I12_6	Sg_K01_5	Sg_K09_1	Sg_K09_61	Sg_K10_28	Sg_K14_18	Sg_K15_44	Sg_K16_50	Sg_K16_53	Sg_K17_22	Sg_K22_66	Sg_K22_8	Sg_K31_45	Sg_K32_30	Sg_K34_1	Sg_K36_16	Sg_K36_17	Sg_K36_27	Sg_K36_29	Sg_K36_3	Sg_K36_6	Sg_K40_4	Sg_K46_34	Sg_M01_13	Sg_M01_30	Sg_M02_37	Sg_M02_5	Sg_M02_8	Sg_M03_37	Sg_M03_38	Sg_M07_27	Sg_M07_39	Sg_M07_4	Sg_M08_36	Sg_M11_5	Sg_M11_7	Sg_M12_21	Sg_M12_39	Sg_M12_6	Sg_M15_10	Sg_M15_29	Sg_M17_3	Sg_M17_33	Sg_M21_45	Sg_OA11r1_10	Sg_OA11r1_12	Sg_OA11r1_9	Sg_OA7r2_4	Sg_OB03r2_1	Sg_OB03r2_39	Sg_OB03r2_6	Sg_OB05r2_32	Sg_OB05r2_38	Sg_OB05r2_8	Sg_OB24r1_18	Sg_OG24B2A_25	Sg_OG24B2A_8	Sg_OM21r1_55	Sg_P15_12	Sg_P15_2	Sg_P15_21	Sg_P22_10	Sg_P22_13	Sg_P23_1	Sg_P27_36	Sg_P27_4	Sg_P30_9	Sg_X05_12	Sg_X05_3	Sg_Y07_14	Sg_Y19_10	Sg_Y19_13	Sg_YA03_20	Sg_YA04_9	Sg_YA12_28	Sg_YA12_4	Sg_YA13_10	Sg_YA31_31	Sg_YB34_1	Sg_YB35_19	Sg_YB35_7	Sg_YB36_42	Sg_YB37_28	Sg_YB37_7	Sg_YB38_12	Sg_YB38_21	Sg_YB38_6	Sg_YB39_24	Sg_YB41_11	Sg_YB41_12	Sg_YB46_3	Sg_YB50_23	Sg_YB59_31	Sg_Z02_43	Sg_Z03_24	Sg_Z06_28	Sg_Z07_36	Sg_Z07_42	Sg_Z09_20	Sg_Z10_1	Sg_Z12_45	Sg_Z14_36	Sg_Z14_45	Sg_Z14_58	Sg_Z15_39	Sg_Z15_51	Sg_Z17_26
A01	C	0	0	0	0	0	0	0.039724607	0.005385778	0.028661134	0	0.049176306	0.12941715	0	0.52639335	0.07456873	0	0.29621482	0.18135288	0.14323075	0.39212912	0.019235516	0.03862907	0	0.04128508	0	0	0.31425956	0	0.096117064	0.31818005	0.03117829	0	0.009557801	0.3531946	0	0	0	0.018399363	0	0	0	0.037653208	0.5048588	0.081742354	0	0.01510732	0.022515006	0	0.17578694	0	0.028128227	0	0	0	0.027382905	0.050091717	0.032457907	0.040110078	0.68599117	0	0.47214404	0.061703693	0	0.025222827	0	1.2421402	0.010937194	0.09115546	0	0.03404989	0.123221226	0	0	0	0.37041914	0.112058096	0	0.09217425	0	0.13203259	0.14669767	0.55997753	0	0	0	0	0	0	0	0	0	1.0083905	0.05804925	0	0.12306884	0	0	0.18599428	0	0	0	0	0.4639443	0.12736341	0.44571048	0.073476195	0	0	0.06611395	0.024976285	0.31197265	1.6673955	0	0.1263144	0.035660747	0.6200919	0.059544347	0.22445332	0.01902666	0.27825773	0.040108036	0.019547438	0	0.08229048	0	1.527037	15.822383	0	0	0.21343201	0	1.09272	0	0	0	0	0	0	0	0	0.0582638	0	0.009575766	0.10301695	0.11079946	0.07311238	2.8268971	0	0.035079338	0.07155178	0.01833948	0	0.061908796	0.114752784	0.14521717	0.32287708	0	0.15720372	0	0.09060834	0	0	0	0	0.64150417	0.16707584	0.06650395	0.41851252	0.017891817	0.029716987	0	0.05480001	0	0	0.019237906	0	0.014560225	0	0	0	0.14400768	0.08666075	0.14728953	0	0	0.9309843	0.2246755	0.9661227	0.009575021	0	0	0.013929702	0.093262196	0.08701209	0.30900264	0	0	0.016619861	0.03277316	0	0.1234971	0.9719112	0.063645095	2.838264	0.65864635	0.091933124	0	0	0.054013137	0.60158765	0	0.056123696	0.018346747	0	0	0	0.030242031	0.3684557	0.022243178	0	0.07019593	0.049705356	0.022248596	0.081591174	0.006804583	0	0.096714795	0.14856225	0.023111679	0.042855967	0.34602243	0.21291326	0	0	0	0	0.3484955	0.5774197	0	0.017466703	0	0.11204395	0.052623406	0.037866287	0.23201042	0.013901017	0.40282127	0	0	1.0029402	0.054716796	0.020615166	2.3243625	0.03416618	0	0.02899455
A02	Y	0	0	0	0.032481603	0	0	0	0	0.042943586	0	0.030570723	0.10935183	0	0	0.024064003	0	0.16265763	0.025745528	0	0	0	0	0.54673845	0.68817616	0	0	0.27341464	0.313252	0.07070234	1.0012615	0.11120056	0	0.35973784	0.24810177	0.121784195	0	0	0	0	0.007342759	2.842407	0.016852584	0	0.055708352	0.015358529	0	0.019597538	0	0	0.054403458	0.44114226	0.033107605	0.07786285	0.05765305	0.08267884	0.029733868	0.10507671	0.037925303	0.20849504	0.0590705	0.006489709	0.05048795	0.013249998	0.008643124	0.13402697	0.4212022	0	0.09996703	0.0482883	0.015947413	0.024410147	0.13491347	0.045281775	0	0.040764805	0	0.028797975	0.045975365	0	0.23714072	0.1128548	0.065982744	0	0	0	0.06505985	0	0	0	0.101309784	0.022056762	0	0.006795484	0.2591066	0	0.2294189	0.065616496	0.1268812	0.03088617	0.10803012	0	0	0.102997765	0.10736188	0.19233897	0.04196026	0.0904365	0	0	0.022817403	0.1717138	0.2899607	0	0	0.02272274	0.15815057	0	0.22451615	0.017233567	0.11319675	0.012092993	0.09625591	0	0.07773131	0.05722591	0.84853816	20.226318	0	0.19567476	0.117563814	0.11467966	0.30777726	0	0.03243622	0.20237851	0.062397838	0.008900297	0	0	0.036116075	0.07600991	0.25085664	0	1.0597202	0.085388176	0.01080837	1.7698854	0	0.01705147	0.025578894	0.013100398	0	0.103333	0.42923227	0.6886534	0.118229076	0	0.49659264	0	0.056496203	0	0	0	0.20973076	0.20639548	0.05759971	0.28313366	0.053015742	0.02110073	0	0.05428228	0.10522745	0.26435342	0.3348277	0.021411326	0	0.009097664	0	0	0.20233126	0	0.07317209	0.08387086	0.3147272	0.02080377	0.16646458	0.14393757	0.26914242	0.24694069	0	0	0.15687507	0.27299714	0.14191906	0.12843424	0	0.97900265	0	0.01491301	0	0	0.13271032	0.054794334	0.2578036	0.24783462	0	0	0	0.09366731	0.19190566	0.24387957	0.02438804	0.020519195	0.103152774	0	0	0.04635017	1.2492629	0.046781946	0.08449409	0	0.04208035	0.06466345	0	0.4436764	0.037134334	1.9873297	0.03707838	0.02849538	0.02552048	0.10373474	0.3144992	0	0.12144303	0	0.025790995	0.034738343	0.09178737	0	0.0260385	0	0.054612495	0.030400945	0.24349307	0.06250561	0.11536874	0.35119236	0.1510487	0.2727438	0.08973181	0	0.01317589	2.5769548	0.042794622	0.016845435	0.19734383
A04	E	0.11772599	0	0	0.010983259	0	0	0.07772548	0	0.004397285	0	0	0.066729575	0	0	0.2189279	0	0	0	0	0.06302642	0	0.015149117	0	0	0	0	0.211034	0	0.06286425	0	0	0.77761745	2.5151763	0	0	0	0	0	0.010726005	0	0	0.014061552	0.004423897	0.049277052	0	0	0	0	0	0	0	0	0	0.028764723	0.065016225	0	0	0.7510894	1.7700065	0	0.010992117	0	0	0	0	0.2797636	0	0	0.07801918	0	0.010950821	0	0.008066979	0.010069235	0.077628165	0.21793748	0.006790636	0.069285005	0	0.29319307	0	0.21177222	0	0	0	0	0	0	0	1.1324719	0	0	0.092471376	0	0	0	0	0	0.06576411	0	0.06402926	0	0.04066063	0.24363667	0	0.067864835	0.14954102	0	0	0	0.31074673	0	0	0	0	0.03235556	0	0	0	0.23564589	0	0.077523224	0	0	0	0	0.15051268	0	0	0.032632478	0	0.14513683	0	0	0.048183598	0	0.053277858	0	0	0.09579745	0.3678635	0	0	0.2448585	0	0.012646482	0.020700201	0	0.21934363	0	0	0	0	0	0.081393465	0.15824316	0.013664804	0.08731885	0	0.026206339	0	0	0	0	0.3394242	0	0.107441425	0.100868806	0	0	0	0.11732054	0	0	0	0	0.017098334	0	0	0	0	0.14283602	0	0	0.039330263	0.6176687	0.15779944	0.21263161	0	0.11829106	0	0	0	0	0	0	0	1.3343508	0.024173182	0	0.049111146	0.092370324	0	0.20647201	2.9701414	0.019938963	0	0	1.3287846	1.415393	0	0	0	0	0	0	0	0	0	0	0.008478164	0	0.023324613	0.096357584	0.024488375	0	0	0	0	0	0.27319667	0	0	0	0	0.15504701	0	0	0.082884066	0.028602652	0	0	0.04811869	1.0946374	0.08814522	0	0.03310059	0	0	0.025472688	0.027023392	0	0.16091058	0.17293571	0	0.056211196
A07	C	0	0	0	0.054356135	0.020655347	0	0.031226167	0	0	0	0	0.022183811	0	0	0	0	0	0.114751264	0	1.1426345	0	0.018415831	0	0	0	0	0.047683638	0	0.074005924	0	0	0	1.3641663	0.1239694	0	0	0	0.75607497	0.023285279	0	0	0	0	0.07788659	0	0.039962843	0.012465656	0	0	0	0	0	0	0.027759625	0.048652463	0	1.1928048	0.060372453	0.03644765	0	0	0	0.07257515	0.06335563	0.06925051	0.1631545	0	0.054204803	0.08274464	0.33511397	0	0	0.24275604	0	0	0.22042489	0.099862345	0.20923287	0	0	0	0.39819193	0	0	0.13316593	0	0	0.04998564	0	2.7058015	0.49619928	0	0	0.41044292	0	0	2.0923252	0	0.06520177	0	0	0	0	0.05027423	0	0.080741845	0.12586895	0	0	0.013613778	0.055922043	0	0	0	0.014023586	0	0	0.00903528	0.013030289	0.12468949	0	0.02754684	0.14680341	0	0.03582024	0	0.62508696	1.8289052	0	0	0.3686033	0.80036026	0	0.12815264	0	0	1.6257678	0	0	0.06343869	0.046403855	0	0	0.05673466	2.4929924	0	0.11183326	0	0.3152884	0.015565336	0	0	0	0	0	0.047718342	0.045357857	0.070423976	0	0.014157033	0	0	0	0	0.088967204	0	0	0.10617021	0	0.102515586	0.32004005	0.09194952	0	0	0.010944757	0	0	0	0	0	0.36435062	0	0	0	0.095524594	0.36331257	1.1151216	0.112706006	0.12445293	0	0	0	0	0	0	0.05677395	0	0.42672962	0	0.17720746	0.009030054	0.14482744	0.010895361	0.22965996	0.36833823	0.6217536	0	0	0.91728556	0.08651912	0	0	0.016746718	0	0	0	0	0.04799855	0	0	0.04584237	0.07100665	0	0.03778719	0.03862142	0	0	0	0	0.020341912	0.09803656	0	0	0.061868615	0	0.015728883	0	0	0.5391708	0.10600921	0	0	0	0.20045114	0	1.1893686	0	0	0	0.043742508	0	0	0	0	0	0.7401871
A09	C	0	0	0	0	0	0	0	0	0	0	0	0	0	0	0	0	0.005431795	0.533982	0	0.42745012	0	0.21904027	0	0	0	0	0.039457437	0	0	0	0	0	0.014513454	0.008832987	0	0.083284676	0	2.4349513	0	0.034644283	0.020582275	0	0.023317238	0.008263709	0	0.9498926	0	0	0	0	0.12806495	0.06442683	0.012902296	0	0.009553758	0	0.09117337	0.047138523	0	0.5820066	0.008580361	0.13844386	0.06740772	0.019603988	5.6792746	0	0.25011262	0.05165556	0	0.020348227	0	0	0.01617471	0.007571468	0.10136813	0	0.02389909	0.12666292	0	0	0	0.40269142	0.2794514	0	0	0	0	0.14882793	0	10.779276	1.010286	0	0.033800706	0	0.008253264	0	0.14995855	0.04611925	0	0	0	0	0	0.08255624	0	0	0.007908961	0	1.0543556	0	0.0877308	0.016016707	0	0	0	0.1422595	0	0	0	0.45996463	0	0.024695255	0	0	0	0	0.8069537	0	0.30137354	0	0	0.13328625	0	0.03527941	0	0	0.19549619	0	0	0	0	0	0	0	5.6013613	0	0.07956857	0.02694466	0	0.009069923	0	0	0	0	0.029100914	0.008056806	0	0.020433972	0	0.069926955	0	0	0	0	0	0	0.012131528	0	0	0.11837996	0	0.019507553	0.65513897	0	0	0	0	0	0	0.07992654	0.29766944	0	0.06272088	0	0.010225613	1.0475594	0.07247874	0.0098622	0.022042528	0	0	0.13227725	0	0	0	0	0	0	0	0	0.012749677	0.013370821	0	0.26567063	0.021628223	0.016251398	0	0	0.042803284	0	0	0.03028273	0	0	0	0	0.050528847	0	0.030846516	0	0.022697423	0	0.008855483	0	0.015948147	0.21740378	0	0	0.010742547	0	0.034570627	0	0	0	0	0	0	0	0	0	0	0	0.021797977	0.22322093	0.31023392	0.7565418	0.04816708	0	0.059127264	0.056934524	0	0	0	0	0	0.020263957
A11	C	0.046531327	0	0	0.015115384	0.42685106	0	0.037637442	0	0.084203325	0	0.04507763	0.16251527	0	0	0.7161633	0.38915336	10.960448	0	0.029178055	0.051513813	0	0	0	0	0	0	0.540852	0	0.51861036	0.06393972	0.008672591	0	0.082471274	0.26730356	0	0	0	0	0	0	1.0348856	0.038301267	0.12525116	0.031524014	0	0	0.016647177	0	0	0.08272719	0.12118248	0	0.05533711	0.38714066	0.4345924	0.08409345	0.09098895	1.6929088	0.66152006	0.8215945	1.8570112	0.13610223	0	0	0	0.20629181	0	0.07881339	0	0.022405395	0	0	0.010721839	0.019575907	0	0	0	0.056906007	0	0	0.37264934	0.038681895	0	0	0	0	0	0	0	0	0	0	0.020535847	0	0.4918673	0.061520427	0	0	0	0	0.024748474	0	0.063646495	0.10592656	0.22082436	0.024497043	0.8930602	0	0	0.022362944	0.47004065	0.76790446	0.015202684	0	0.031123692	0	0	0.52867496	0.012941618	0.076809	0	0	0	0.055185974	0	0	0.5178166	0.3951878	0	0	0	0.011871101	0	1.6875359	0	0.027155967	0.011818532	0	0	0	0.06872688	0	0	0.0901116	0	0.019621119	0.074714124	0	0.030029425	0.022612154	0.013437294	0	0	0	0	0.121836156	0	0.121471874	0	0	0.025034647	0	0	0	0.2693953	0.10754706	0.14817531	0.3727077	0.027757311	0.029413471	0	0.16492456	0.07389889	0.042103946	0.017156236	0	0	0	0	0	0	0	0.31394073	0	0	0.15100278	0.2507411	0.14288718	0	0	0.43608725	1.8382796	0	0	0	0	0	0.75420725	0.031555016	0	0	0.21727185	0.01636003	0.1123368	0.35011107	0	0	0	0.6088269	0.22741127	0.048602812	0	0.015320092	0.09077082	0	0.18136917	0.55642456	0.554525	0.013546369	0.07460176	0.008437617	0.15362485	0.050632317	0.065789685	0.20981242	0.26108804	0	0.05903773	0.048183247	0.022639468	0.23498386	0.11286551	0	0	0	0.3691811	0	0.03800014	0	0	0	0	0.015949791	0	0.10124947	0	0.11227743	0.2714179	0.07185777	0.030908745	0	0.011698012	0.063005775	0	0	0.030776503
A12	L	1.85537	0	0.08114373	0	0	0	0.88156587	0	0.15867983	0	0	0.054011475	0	0	0.13689534	0	0.016191084	0	0	0.082353495	0	0	0.27648658	0	0	0	1.9427825	0	2.9757898	0.60089564	0.013299674	0	0.25935936	0.66809773	0.09006045	0	0	0	0	0.008857913	0.39026296	0	0.32613525	0.02208339	0	0	0.0830118	0.09714144	0	0	0	0	0.06846673	0	0.4630538	0	0.52230203	0.66477907	1.7001407	0	3.5666006	0.09005174	0.023663422	0	0	0.18792303	0	0.15506414	0.06780333	0	0	0.25618443	0.008655565	0	0.074346945	0	0	0	0	0	0.042798385	0.010384735	0	0	0	0	0.010286071	0	0	0	0.051384293	0	0.004996753	0	0.97255105	0	0.058521565	0.119863115	0	0.14312145	0.0248265	0	0.35435086	0.32137948	0.047342412	0.015875833	0.2801469	0	0	0.105194904	1.5163071	0.038072415	0.035693314	0.08194235	0.08679291	0.6191454	0	0.014590809	0.08115477	0.07268921	0.057192966	0	0	0	0	0.22861357	1.1281327	0	0.056563165	0.11482239	0.036144696	0	0	0.051601212	0.15610777	0	0	0	0	0.031669408	0.56386584	0	0	0.36183706	0.21679391	0.086672	0.1821132	0	0	0.0839603	0.08832113	0	0	0	0.5155643	0.7576299	1.131031	0.8246844	0	0	0	0	0	0.014427541	1.4643342	0	0.2647469	0.55974007	0	0	0.036177218	0.6609181	0.08083073	0	0.08867998	0	0.13253286	0	0	0	0.008035153	0.21371585	0.28754747	0	0	0.09883015	0.12570536	3.3520837	0.020145692	0	0	0	0	1.0546765	1.454409	1.0839791	0.077681474	5.108244	0.13296247	0	0.020686172	0.516426	0.0651056	1.0290452	1.4326661	0	0	0	0.37461746	1.7391833	0	0.11001829	0.079307586	0.27684045	0.02987848	0	0.03342714	0.8581626	0.07169351	0	0	0.17479752	0.05367744	0.14223294	1.0580577	0	0.13279371	0	0.054620437	0.094293356	0.5635398	0.3315416	0	0	0	0.22830205	0.12042496	1.0894569	0	0	0	0	0	0.056033053	0.022700978	0	0.23938666	0	0.09469913	0.18780765	0	0.07632296	3.8906393	0.018681934	0	0
A13	C	0	0	0	0	0	0	0	0	0	0	0	0.004110599	0	0	0	0	0.007802478	0	0	0	0	0	0	0.013705011	0.12778382	0	0	0.11272185	0	0	0	0	0.4734342	0.009896513	0.026936831	0.039558392	9.449528	0.2935212	0.024387496	0	0	0	0	0	0	0.0413163	0	0.05878956	0	0	0.051098153	1.0872539	0	0	0.02936617	0	0.043427393	0	0.060313568	0	0	0.077704474	0.3295877	0.02904727	1.8233519	0	0	0	0	0.07552849	0	0.041209538	0.012090876	0	0.011801009	0.03038004	0	0.037921954	1.092886	0.037906297	0	0.036834836	0.675561	0	0	0	0.43182683	0.40429327	0	0.4376866	0.2823871	0	0	0.4447542	0	0	0.54016906	0	5.048814	0.48813003	0.18800534	0	0	0.11504059	0.04049655	0	0	0	0.19497895	0	0	0.514519	0	0	0	0	0	0.06958743	0	0.08085224	0	0	0	0	0	0	1.4455293	0	0.0786844	0.00611123	1.2855042	1.4093748	0	0.010685359	0	0	0.14200427	0	0	0.16301711	0.027627444	0	0.08075507	0.21320492	1.0950365	0.005863377	0.19051167	0	0	0	0	0	0	0	0	0	0	0.17019287	0	0	0	0	0.22577257	3.5089846	0	0.14581217	0.005290592	0	0	0	1.8179468	0.05083061	0	0.8468534	0	0	0	0	0	0.44028205	0	0	0.026573664	0	0.58941555	0.111408435	0.042211063	0	0.407091	0	0.39834225	0.2321549	0	0	0	0	0.014005732	0	0	0	0.009188551	0	0	0	0.07485529	0	3.9307091	0	0.03347718	0.070362814	0	0	0	0	0	0	0	0.007866019	0.00685054	0	0.023826962	0	0	0	0	0	0	0	0	0	0	0	0	0	0	0.005130643	0	0	0	0	0	0	0.019832196	0.26906058	0.007040125	0	0	0.015447494	0	0	0	0	0.55616534	0.028033994	0	0.005774537
A15	C	0	0	0	0.02300997	0	0	0	0	0	0	0	0	0	0	0	0.06842451	0.0922193	0	0	0	0	0	0.047151204	0	0	0	0	0.013312469	0	0	0	0	1.4237725	0	0	0	0	0	0.006018885	0	0	0.09806651	0	0	0	0	0	0	0	0	0.06885796	0	0	0	0.091537006	0.008881114	0.23861377	0.040937234	0.90687364	0	0	0.019717766	0	0.020195432	2.8620794	0	0	0	0	0.057077743	0	0	0.15800276	0	0.059231956	0.051631305	0.008044877	0	0	0	0.03150403	0.18854524	2.6771815	0	0	0	0	0.24086556	0	1.5294871	0.80570626	0	0.009518884	0.4421329	0	0	0.2981418	0	0.114543214	0	0	0	0	0.28462708	0.35538468	0	0	0	0.20107342	0	0	12.594986	0	0	0	0	0	1.5856245	0	0.25616577	0	0.24103107	0	0	0	0	0.17693935	0	0	0	0.006533087	0.27872884	0	0	0	0	0.05337681	0	0	0.10406356	0.6109062	0	0	0.0666237	6.5669465	0	0.01884295	0	0.033775378	0	0	0	0	0	0	0	0	0	0	0	0	0	0	0	0	0.81374717	0	0	0.021303324	0	1.1630249	0.19627987	1.2431755	1.0807732	0	0	0	0	0	0	0.12223778	0.06881262	0.09579517	0	0.05910918	0.7651598	0.6494137	0	0.21570455	0	1.7383907	0	0	0	0	0	0	0	0	0	0	0	0	0	0.11645255	0	1.4071453	0	0.07454476	0.65945876	0	0	0	0	0	0	0.01903183	0	0	0	0	0	0	0	0	0	0	0	0	0	0	0	0	0	0	0	0	0	0	0	0	0	0.021063985	0.7847552	0.065016836	0	0	0	0	0	0	0	0.057379033	0.04188229	0	1.0531296
A17	C	0	0	0	0	0	0	0	0.008491995	0	0	0	0	0	0	0	0	0	5.5725384	0.046787225	0.22712676	0.009341504	0	0	0	0.4166577	0	0.08409408	0	0	0	0	0	0.06879918	0	0	0	0	0.6373979	0	0	0	0	0.08562899	0.28105408	0	0.020670231	0	0	0	0	0.071611196	0.35427454	0	0	0.009033316	0	0.052496597	0	0.011723874	0	0.06595199	0	0	0.087394506	0	0.07772368	0.011888904	0	0	0.025380664	0.025049262	0	0.11519023	0.08509677	0.17656064	0.07391755	0.04066405	0.12268399	0	0	0	0.77577424	0	0	0	0	0	0	0	0	0.21291141	0	0.071499616	0.80838937	0.022991026	0	0.2028779	0.1623922	0	0	0.37978017	0	0.12000417	0	0	0.09611631	0	0	0	0	0.13060533	0.072027445	0	0.00790832	0	0.23632677	0	0.05172538	0	1.0403833	0	0	0	0	0	0	20.610138	0	11.437074	0	0.03306401	0.20687447	0	0	0	0	0.183038	0	0	0	0.09250134	0	0	0	1.2595859	0	3.3181946	0.031731885	0.77342653	0	0	0	0	0	0.036162328	0.043143746	0	0	0	0.041906476	0	0	0	0	0.057085447	0	0.18581574	0.06728033	2.901017	0.45830107	0.69449073	0.027013201	0	0	0	0	0	0	0	0	0	0	0	0	0	2.8691998	1.8682433	0.059215017	0	0	0.09820631	0.66488516	0	0	0	0	0	0	0	0	0.10243794	0.1402365	0	0	0	0.04716782	0	0	0	0	0.1582384	0.014675411	0	0	0	0.58477175	0	0	0.0364317	0	0.03144527	0	0.036488157	0	0	0	0	0.025254702	0	0	0.17196931	0	0	0	0	0	0	0	0	0	0.2696043	0	0.41658032	0.8834075	0.27106613	0	0.297882	0	0	0.014909287	0	0	0	1.1993283	0	0
A18	E	0.006716162	0	0	0.1862452	0	0	0	0	0	0	0	0.030790476	0	0	0	0	0	0.017198995	0	0.104525186	0	0.024931002	0	0	0	0	0.049718924	0	0.033234358	0	0	0.039303623	1.3436024	0	0	0	0.7489026	0.45461342	0.010215481	0	0	0	0	0.0832663	0	0	0.009044323	0	0	0	1.3092942	0.08179813	0	0	0.07187585	0.061927233	0.45260996	0.033260852	1.5434544	0	0	0.051041488	0	0.032495987	0	0	0	0.05441009	0	2.5872788	0.16597554	0	0.0597699	0	0.21610141	0.098292015	0.009408456	0.045766473	0	0	0	0.38807186	0	0.06969998	0	0	0	0	0	0	0.10959253	0	0.37479043	0.6006724	0	0	0.104429975	0.024903093	0.07378986	0.13457781	0.09856897	0	0.01426581	0.13760962	0.05313328	0.042102423	0	0	0.1989058	0.023679016	0	0.8971995	0	0	0.013264255	0.17441744	0	0.027014824	0.008309879	1.0832912	0.018044008	0.45007142	0	0	0	0	0.7421721	0	9.444828	0	0.23230848	1.6208019	0	0	0	0	2.5237236	0	0	0.3662966	5.9965887	0	0.018280959	0.05775232	0.80710864	0.020215336	0.13421597	0	1.5494363	0.00990333	0.008579627	0	0	0	0.076344915	0	0	1.2993389	0	0.020722704	0	0	0	0	0	0.04986781	0.013150893	0.017536279	0	0	0	0.2286047	0.4610371	0.14177065	0.009698737	0	0	0	0	0	0.26565304	0.064024195	0.15045863	0	0	3.3952038	1.1288292	0.014706646	0.074759424	0.06572122	0	1.3834132	0	0	0	0	0	0	0	0.02124118	0.015837632	0.023615582	0.008263717	0.16634001	0.049656235	0.05783083	3.6316297	0	0.15498562	0.044858254	0	0	0	0.019321572	0	0	0.035387434	0.009122051	0.016435992	0	0.08905043	0.031000359	0	0	0	0	0.011795958	0.019310756	0	0.016792588	0.14742713	0	0	0	0	0	0.15976056	0	0	0	0	0.04630494	0.06065423	0.8261514	0.13132218	2.2821884	0	0	0.16560282	0.047417756	0.1639842	0	0.18134023	0.6036289	0	0.2811025
A19	C	0	0	0	0	0	0	0	0	0	0	0	0	0	0	0	0	0.017566098	0.1247692	1.6222552	0.8273485	11.099574	1.0158701	0	0	0	0	0	0	0	0.00512416	0.03312385	0	0	0	0	0	0	7.5040793	0	0.03625175	0.054053973	0	0.009046447	0.020649822	0.08460307	0.9116332	0.039415732	0	0	0	0	0.12511402	0.7937107	0	0	0.011190626	0	0	0	0.29532102	0.005322752	0	0.006977552	0.10450572	0	0	0.019290416	0.04866835	0	0.36184645	0	0	0	0.015689658	0.06564963	0.10441027	0.07151943	0.11086663	0	0	0.01857572	0	0	0	0	0	0	0.58338374	0	0	0	0	0	0	0	0	0	0	0	0	0	0	0.011124929	0	0.015072254	0.039920546	0	0	0	0.07011513	0	0	0	0	0.034013927	0	0	0	0.04331403	0.0587139	0.030311778	0	0	0.014703245	0	0	0.46792826	0.03766307	0.23288065	0	0	0.011623843	0	0.01099718	0	0	0.3211851	0	0	0	0	0	0	0	0	0	0.038262244	0	0	0.03810646	0.03870521	0	0	0	0	0	0	0	0	0	0	0	0	0	0	0	0	0	0.009838729	0.03314145	0	0	0	0	0.036543358	0	0	0.025611581	0	0	0	0.005851343	0	0	0.71226853	0.045008093	0.18653278	0	0	0	0	0	0	0	0	0	0	0	0	0	0.009964909	0	0.049588017	0	0	0	0	0	0	0	0	0	0.04586286	0	0	0	0	0	0	0	0.018818138	0.06478333	0	0.023999624	0	0.114616506	0	0	0	0.044820037	0	0	0	0.01988451	0	0	0	0	0	0	0	0	0	0.021779623	0	0	0	0	0	0.004604351	0	0.06905084	0	0.16212372	0	0.056276694
A20	L	0	0	0	0	0.25418118	0	0.004984488	0	0.009289411	0	0.029184168	0.061642997	0	0	0.048496142	0	0.021561192	0	0	0.029120823	0.034715533	0	1.0737648	3.715631	0	0	0.06284432	0	0.024780452	3.2503672	0.015250529	0.017061984	0.98028004	0.034975775	0.910145	0	0.02110325	0	0	0.058615863	0.096384436	0.3318561	0.007989408	0.04482863	0	0	0	0	0	0	0	0	0.05132512	0.010295784	0.010367802	0.012973686	0.017664729	0.18362154	0.17244627	0.15184733	0.03330613	0.011257101	0.13825576	0.022075186	0.026108788	0.09224012	0	0	0.116017774	0.01423901	0.039960634	3.2599432	0.19735758	0.018316606	0.28533795	0.032317854	0.11133524	0.056837574	0	0	0.010635768	0.15519348	0.5609028	0	0	0	0.059817627	0	0	0.08334243	0.059243377	0.032690626	0.027537482	0.24313541	0.008591679	0	0.1311345	0.023976445	0.059619643	0.38310212	0.23986033	0	0.03542283	0.12822035	0.034912575	0.09156836	0.009398265	0	0.14477476	0	0.077080384	0.3160716	0	0	0	0.053304292	0	0.096979834	0	0.37210953	0	0	0	0	0.038424868	5.3843856	0.53041285	0	0	0.021382675	0	0.2933457	0	0.14373347	0	0.019513633	0.01293883	0	0	0.059447702	0.9077162	0	0	0.08776589	0.14810608	0.030342175	0.09280095	0	0	0	0	0	0	0.6176965	0.080217294	0.032396547	0.006742416	0.10154852	0	0.04508581	0	0	0	0.75492734	0.026231445	0.026722709	0.020505607	0.044495627	0.012557569	0	0.05844205	0.01984637	0.87245756	0.08611101	0	0	0.006053123	0	0	0.019617885	0	0	0.02429628	0	0	0.73490953	0.3723544	0.03076773	0.47460654	0.023574244	0.055837553	0.020988073	0.017858569	0.3052653	0.30108574	0.009102703	0.563996	0	0	0	0	0.048771627	0	0.12730952	0.19911338	0.02506988	0.10554608	0	0.032646704	0.15234393	0	0.08067389	0	0.019221915	0.086299025	0.19085792	0.039997827	2.9689822	0.009068776	0.02302119	0	0	0.011536934	0	0.08317718	0.07088372	0.8953627	0	0.011659777	0	0.064256266	0.025662737	0	0	0	0.04169416	0	0	0	0.04793252	0	0	0.23057364	0.24839903	0.202087	0	0.019457022	0	0.087469496	0.026380317	0.10008229	0	0	0.041043613	0	0.19665582
A22	L	0	0.20976302	0	0	3.881438	0.05736241	0	0	0	0	0	0	0	0	0	0.20206545	7.911792	5.337778	0.047343146	0	0	0	0	0	4.3539853	21.938787	1.4506211	0	0	0	0	0.05664504	0	0	0	0	0	0.07737635	0	0	0.08916207	0.15803622	0.21192124	0.059442014	0	0.3272119	0	0	0	0.25865483	0	0	0.06775761	0	0	0.16236852	0	0	0	0	0.20592034	0	0	0	0	0	0	0	0	0.08075694	0	0	0	0	0.25562266	0.00890036	0	0	0	0	1.3928299	0.41778293	0	0	0	0	0	0.033869322	0	0	0	0.18318616	0.0330575	0	0.05344243	0.22956584	0	0	0	0	0	0	0	0	0.78238106	0.05286105	0	0.402113	0	0	0	6.287934	0	0.034273762	0	0	0	5.6861644	0	1.0995289	0	0	0	0.15194371	0	0	3.0891306	0.97119415	0	0	0	0	0	0	0	0.18627796	0	0	0	0	0	0	0	0	0	0	0.54932487	0.05511349	0	0	0	0	0	0	0	0	0.124311894	0	0	0	0	0	0	0	0	0.5756823	0	0	0	0.6011795	0	0	0	0	0	0	0	0	0	0	0	0	0	0	0	3.1789503	0.27668953	0	0	0.016435046	0	0	0	0	0	0	0	0	0	0	0.19130215	0	0	0	0	0.02105439	0	0.028104678	0	0	0	0.106874704	0	0	0	0	0	0	0	0	0.011870308	0	0	0	0.089414105	0	0	0	0	0	0	0	0	0	0	0	0	0	0	0	0	0	0.15579402	0	0.37199965	0	0	0	0	0	0	0	0	0	0.22222455	0
A23	C	0.18336369	0	0	0	0.047852185	0	1.4283246	0	0.0952786	0	0	1.3149955	0	0	0.08978004	0	0	0.1471007	0	1.8510314	3.2773232	0	0.04412687	0.028543815	3.1022816	0	1.1758144	0.31789514	0.2738658	0.19929716	0	0.016066387	0.041729923	0.31902686	0	0.010232174	0	0.112167135	0	0	0	0.03811791	0.45968005	0	0	0	0	0	0	0.008481454	0	0.024052052	0.028483715	0.27906907	0.035626154	0.023296624	0	0.5451397	0.11139367	4.1998467	2.7686071	0	0.032043222	0.009852199	0.012545249	1.0410502	0	0	0	0	0	0	0.071554184	0	0	0.013695856	0	0.29904068	0	0	0	0.014788504	0.0277901	0	0.04199332	0	0.013400227	0	0	0.28500214	0.028542528	0	0.016609665	0	0.7047963	0	0.08165214	0	0	0	0	0	0.09233389	0.06767138	0	0.007384516	1.5619707	0	0	0	0.41160044	0	0.059050247	0.054922916	0	0	0	0	0	0.17890869	0	0.011378525	0	0	0	0.066220954	0.45339382	0.17916419	0.08273908	0	0	0.04553986	0	0.083638005	0	0	0	0	0	0	0	0	0	0.0328249	0.121644415	0.089193724	0.059933048	0	0.024721839	0	0	0	0	0.031076515	0	0.7993284	0.112938575	0.57531965	0	0	0	0	0	0	2.1640396	0	0.07758659	0.19991924	0	0.28097948	0	0.099409156	0	0.046088237	0	0	0.031968065	0	0	0	0.054035865	0	0.30040103	0	0.016568253	0.62641686	0.023535995	0.38637617	0	0	0.102157675	0.019776857	0	0	0	3.0168402	0	0	0.12967838	0	0.020974984	0.09649251	0	2.188282	0.086544655	0	0	0	0.05323441	0.04184627	0	0	0	0.39326894	0	0.66476727	0	0.335881	0.031381577	0	0.007441973	0	0.10307739	0.10734963	0.47468784	1.2240537	0.058420092	0.28809378	0.049266323	0	0.6752045	0.13273512	0	0	0	0.25794035	0	0.039284877	0	0	0	0	0.1075252	0.111574404	0	0.28704473	0.27307945	0.09512539	0	0.5159145	0	0	0.024128238	0	0	0.019374926
A24	L	0.051128585	0	0.022545077	0.13864416	0	0.023846874	0.02396069	0	0	0	0	0.16518806	0	0	0.12368656	0	0	0.08541903	0	0.07078912	0	0	0	0.38111773	0	0	0.21905494	3.7739067	0.2317079	5.9666204	0.030985275	0	0.3851737	0.26891774	0.09892882	0	0.015516876	0.03870794	0	0.023339417	0	0.29131213	0.012974252	0.18553726	0.019220322	0	0	0.10958751	0	0	0.04247473	0	0	0	0.05396375	0	0.15016584	0.35683966	0.6939936	0	0.028915567	0	0.2514525	0.26418063	0	0.13630861	0	0	0	0.05119808	0	0.07323908	0.08383963	0	0.8114833	0.04053468	0.10713203	0.049607005	0	0	0	0.25477797	0.11346058	0.03459038	0	0	0.045477513	0	0	0	0.04264204	0	0.055516988	0.053803924	0.00990181	0	0.105893366	0.052172348	0.03449989	0.084481135	0	0	0.04269874	0.09042273	0.031258382	0.07321624	0.21129654	0	0.034946263	0	0.2610861	0.16768885	0.096136	0	0	0.042907875	0	0.6975037	0	0.6226136	0	0	0	0	0	1.3570275	0.5310219	0	0.062919036	0.109981366	0	0.4217712	0	0.18988776	0	0.22014396	0.03955473	0	0	0.029218996	1.9400891	0	0.045862634	0.0638924	0.09245405	0	0.09156151	0	0.11619068	0	0	0	0	0.842756	0.46025217	0.08193865	0.13984314	0	0	0.023999948	0	0	0	0.024290852	0.065994285	0.034840617	0.2237666	0.055003468	0	0	0.32224816	0.20240512	0	0.20231006	0	0	0.009663051	0	0	0	0	0	0.17185983	0	0	1.66904	1.4361663	0.18392499	0.07324392	0	0.1456542	0.72185516	0	0	0	0.14154333	0.92038155	0	0.015429799	2.920196	0	0.30100852	0	0.05699992	0.11113252	0.06349477	0.4182465	0	0.084487066	0.2530295	0	0.12226662	0	0.058595836	0	0.091070846	1.1352613	10.55083	0.014763868	0	0.02923301	0	0.03526502	0.036693893	0.116840504	0	1.1620326	0	0.042793065	0	0.09485039	0.047024593	0	0	0.019049022	0.14597483	0	0.10168829	0.009430594	0.08220228	0	0	0.2108862	0.35296425	0.54134846	0	0.031118715	0	0	0.01992973	0.12091406	0	0.23120885	0.054522894	0	0.16010912
A25	C	0	0	0	0	0	0	0	0	0	0	0	0	0	0.02223084	0	0	0.036446776	0	0	0.014109146	0	0	0	0	0.06470368	0	0	0.006825765	0	0	0	0	0.17936136	0	0.46408477	0	0.20807883	0.6899502	0	0	0	0	0	0	0	0	0.015195811	0	0	0	0.024167571	0.10889997	0	0	0.011100045	0	0.58328325	0.11623686	0.03656806	0	0	0.14544456	3.133005	0.09305124	1.3283486	0	0	0.057685785	0	0	0	1.4325339	0.030452134	0	0.0310519	0.13482732	0.008574164	0	0	0	0.026667403	0.09892229	0.42238688	0	0.1027735	0	0.20501372	0.09151718	0	4.0545692	0.537115	0	0	0.28643796	0	0	1.0178392	0	2.2780406	0.25419873	0.41634184	0	0	0.08264664	0.08722816	0	0	0	0.27199605	0.028784709	0.032841522	1.1450152	0	0	0.012484952	0	0	0.0631845	0.010476018	0	0.00805229	0	0	0	0	0	2.7737541	0.014140168	0	0	0.070437916	0.56184524	0	0	0.007621965	0	0.33189526	0	0	0.08236694	0.007220489	0	0	0.020321004	4.5342007	0	0.545891	0	0	0.020385442	0.010142229	0	0	0	0	0	0	0.039053466	0	0	0	0	0	4.250857	0	0.07276488	0	0	0	0	5.9959373	0.020374028	0.07974211	0.33055404	0.014614577	0	0	0	0	0	0	0.048970513	0.06575165	0	0.045884274	0.018619927	0.06176805	0	0.10086404	0	0.20271118	0	0	0	0	0	0.26816624	0	0	0	0	0	0.017897964	0	0.047600113	0	6.9758487	0	0.08658629	0.019704295	0	0.120256335	0.013505406	0	0	0	0.13552788	0	0.007521554	0	0	0.045461982	0	0	0	0	0	0	0	0.019183468	0	0	0	0	0	0	0	0	0	0	0	0	0.038896944	0.10908276	0	0	0	0	0	0	0.031168388	0.012866408	0.025175368	0	0	0.028673787
A27	C	0	0	0	0	0	0.024779676	0	0	0	0	0	0.09042327	0	0	0.51986086	0	0.112085775	0.14633766	0.46144867	0.4791651	0.029870672	0	0.2964021	0	0.045587894	0	0.5149913	2.6072378	0.80094177	0.51634234	0.07285023	0	0.64452285	0.043002065	0	0	0	0.099139065	0	0.078085184	0	0	0	0.13044122	0	0	0.062441345	0	0	0.15336394	0.59999937	0.033394434	0	0.06611018	0.11612037	0.13844934	0	0.07364766	1.9824442	0.10352777	0.03969405	0.26923728	0	0.097587146	0.06929269	0.075127006	0	0.21579541	0	0.28860074	0.25059825	0	0.25088787	0.031574063	0.19427882	0.088764384	0.04097356	0.122072265	0	0	0.14468122	0.5040166	0.071601905	0	0	0	0.07930509	0.6025527	0	0.009913314	0	0	0.35675597	0.045391083	0.011623134	0	0.099851646	0.25795525	0	0	0	0.022740696	0.2966523	0.14587589	0.60463053	0.21759652	0.033361986	0	0	0.070276715	0.5158693	7.4101663	0	0.007141263	0.08311935	1.7329724	0	0.31830013	0.050376594	0.5581492	0.03578037	0.1541048	0	0.082782716	0	0.12229416	18.007126	0	0.16232018	0.15835713	0.016927628	0.4530348	0	0.023438932	0	0	0.039901946	0	0	0	1.5777401	0	0.019415647	1.0293945	0.069651105	0.030604552	2.4759343	0	0.015850322	0.075598866	0.04185748	0.015971338	0	0.052213408	0.31142336	0.20992091	0	0.064057805	0	0.0970478	0.20060027	0	0	0	0.050100375	0.4917292	0.14689492	0.15051582	0.021714285	0	0.37450823	0.07162136	0.20054787	0	0.07358474	0	0.02659911	0	0	0.01785629	0.100603744	0	0.15579662	0	0	1.5924217	0.34814513	1.3723443	0.13344768	0	0.021537526	0.009765171	0	0	0	0	0	0	0	0	0.013985136	0.72137433	0.08742672	0.34900516	0.26567683	0.034028824	0	0	0.2613576	0.3166048	0	0.020098248	0.07597024	0.038320523	0	0.7804349	0	0.8806467	0.068794295	0	0.006897793	0.08046118	0.16015637	0.060342696	0.03101424	0.06903637	0.10793215	0	0	0.08311385	0.16916408	0	0	0	0	0.04617669	0	0	0	0	0	0	1.4837047	0.07740971	0.4471629	0.09866348	0.2360315	0	0	0.15321955	0	0.04940367	0.08011696	0.05261035	0.09578662	0.15163916
A28	Y	0.058130004	0	0	0	0.010994999	0	0	0	0.034202382	0	0	0.15444039	0	0	0.28312427	0	0	0.030220233	0	0.0652226	0	0	0	0	0.018876612	0	0.096764535	0	0.112216376	22.378145	0	0	0	0.16198571	0	0	0	0.013755902	0	0	0	0.10317883	0	0.03731502	0.10132822	0	0	0	0.081578076	0	0	0	0	0.01476597	0.08409109	0	0.019194188	0.03947252	0	0	0.0179477	0	0	0	0	0	0	0	0.049777605	0	0	0	0.008582351	0	0.015693659	0.0156275	0	0.04783419	0	0	0	0.058396496	0	0	0	0	0	0	0	0	0	0	0.008809365	0	0	0	0.020658556	0.025969718	0	0	0	0	0.08625293	0.0328534	0	0.044067316	0.034305602	0.044098087	0	0	0.07360347	0.009754163	0	0	0.009785919	0.07056707	0.026291862	0	0	0.5264059	0	0	0	0	0.029845545	10.506561	0.06807529	0	0.009902076	0.02312998	0	0.037817888	0	0	0	0	0	0	0	0	0.10337049	0	0.23206057	0.9614873	0.012361404	0.04813477	0.008663527	0	0.013906568	0	0	0	0	1.2721448	0.055397656	0.15023309	0	0.070568904	0	0.023095457	0	0	0	0	0.24186853	0	0.015051436	0.024671167	0	0	0.022857565	0.055605795	0	0	0.007994061	0	0.007131991	0	0	0	0	0	0.014040718	0	0	0.8199268	0.08104278	0.15188807	0.013287549	0	0	0.04045817	0	0	0	0	0	0	0	5.242211	0	0.16870405	0	0.74114245	0.38536498	0	0	0	0.027018916	0.15627587	0	0	0	0.043276552	0.3915178	0	0.014288604	10.264082	0.008551926	0	0	0	0	0	0.07819466	0	1.8569003	0.046748456	0	0	0.14381698	0.068114	0	0.040326886	0.013940587	0.051356588	0	0.013144885	0	0.12134904	0	0	0.06372953	0.07478526	0.18145439	0.013556958	0.035164434	0.10673031	0	0.22641917	0	0	0.15906169	0	0	0.00598113
A33	Y	0	0	0	0	0.018369688	0	0	0	0	0	0	0	0	0	0	0	0	0	0	0.052419413	0	0	0	0	0.058805823	0	3.4240742	0	0	0	6.707935	0	0.02260053	0	0	0	0	0	0	0	0.013410877	0	0.008135042	0.030443389	0	0.06191283	0	0.074936435	0	0	0	0	0.017266478	0.11465445	0	0	0	0	0	0	0.011551286	0	0	0.009417368	0	0	0	0	0	0.03839121	0	0	0	0.01617126	0	0	0	0.07799102	0	0	0	0.01650801	0	0	0	0	0.012324085	0.1302542	0	0	0	0.007402182	0	0	0	0	0.06278123	0	0.026395554	0	0	0.101645745	0	0	0	0.011895484	0	0	0	0	0	0.3403672	0	0	0	0	0	0.22416289	0.028847035	0	0	0	0	0	0	0	25.18862	0	0	0	0	0	0	0	0	0	0	0	0.37210944	0	0	0	0	0	0	0	4.5960803	0	0	0	0.076070145	0	0	0	0	0.32603437	0	0	0	0	0.81243426	0	0	0	1.0780662	0.051291604	0	1.33494	0	0.7954054	0.1877171	0	0	0.98344076	0	0	0	0	0	0	0	0	0	0	0	0	0.09627265	0	0	0	0	0	0	0	0	0	0	0	0	0	0.2947264	0	0	2.0211568	0.03252386	0	0	0	0	0	0.40013164	1.3987428	0	0	0	0	0	0	0	0	0.04892124	0	0	0.09702084	0	0	0	0	0	0	0.69762075	0	0	0.08889583	0	0.031570476	0	0	0.12040695	0	0	0	0	0	0	0	0.16048805	0	0	0.24144244	0	0	0	0	0	0.014903677
A34	C	0.11128406	0	0	0.028485425	0	0.017560555	0.06616435	0	0.04957984	0	0.020559002	0.50965387	0	0	0	0	0	0	0	0.088782676	0	0.00912854	0	0	0	0	0.24447754	0	0.1609279	4.5799527	0	1.1700526	0	0.23563085	0	0	0	0.035504553	0	0.039514158	0	0.14868975	0.08724732	0.4240458	0	0	0	0	0.23281567	0	0	0	0.02822681	0	1.1032248	0	0.44076154	0	0.8173373	0	0.108889855	0	0	0.013155245	0	0.14985722	0	0	0.054324195	0.028869973	0	0	0.034607377	0.01371974	0.24005961	0.047958072	0.019524643	0.04899441	0	0	0	0.17505987	0	0	0	0	0	0	0	0	0	0.072379805	0.04344102	0	0.03657471	0.009380765	0	0	0	0	0	0	0.07264319	0.10366656	0.02274145	0.18397546	0.10121765	0	0	0	0.17364728	0.18380664	0.10047827	0.009522451	0	0	0.075848475	0	0	0.27443576	0	0	0	0	0.046914335	2.8932688	0.09804658	0.65274334	0	0	0	0	0	0.033106275	0	0	0	0	0	0	0	0	0.03500952	0.28577694	0	0.13778633	0.013926273	0	0.03831751	0	0	0	0	0.967023	0	0.14732306	0	0.3423263	0	0.057596207	0	0	0	0	0.29034403	0.011056223	0.020635162	0.14103639	0	0.029780352	0	0.75983924	0	0	0.006618073	0	0.027098177	0	0	0	0	0	0.06263821	0	0	0.4440944	0.19574142	0.12740931	0.0581479	0.07233618	0	0	0	0.67484677	6.9720907	0	0	0.22503981	0.021039898	2.6732695	0.012575584	0.2163536	0	0.9049226	0.9113899	0.020610597	0	0	0.0428053	0.42565024	0	0	0	0.23313494	0	0	0	7.528709	0.039017174	0.024265116	0.005541308	0.02477168	0.027666653	0.05077334	0.24458136	0	4.214455	0.085897	0.0679487	0	0.16910444	0	0	0	0	0.007657926	0	0	0	0.045248404	0	0	0.018642256	0.2137739	0.24466573	0	0.043508023	0.0867603	0	0.23265623	0.04912396	0	0.17794213	0.029965913	0	0.04792992
A37	Y	0	0	0	0.16517782	0.23597476	0.06796544	0.010994064	0	0	0	0.023760524	0.10067039	0	0	0	0	0.032938853	0	0	0.54984295	0	0.022942627	0	0	0.77420884	0	0.09224212	0	0	0	0	0	0.5042786	0	0	0.06930792	0	0.25464383	0.6993736	0.16231841	0.27584457	0	0.019282797	1.1689363	0	0	0	0	0	0	0	0	0.16011043	0.11003142	0	0.069127716	0.9773648	0	0	0	0.04758889	0	0	0.3760227	0	0.46402732	0	0	0	0.17675298	0	0	0.27630368	0.10305856	2.7829912	0.1769415	0.3733887	0.18092673	0	0	0.00916813	1.3658477	0	0	0.6276056	0	0	0	0	0	0	0.28805858	0.25120384	0.48874772	0.03856857	0	0	0	0	0	0	0	0.04006794	0.056999642	0.039555162	2.5053337	0.0412757	0	0	0	0.20356378	0.4498989	0	0.013707405	0	0	0	0.03939034	0	1.3067089	0	0	0	0	0	0	0.7442695	0.21923332	2.4278002	0	0	0.0832196	0	0	0	0	0.4214144	0	0	0	3.9115722	0	0.15077019	0	0	0	0.116863705	0.0261486	0	0	0	0	0	0	0	0.099551626	0	0	0	0	0	0	0.15041085	0	0.22538428	0.03469141	0.11448924	0.08168686	2.5260615	0.6894628	0	0	0	0	0	0	0.03149426	0	0	0	0	0	0	0	0	3.643194	7.8289037	0.31268457	0.21178584	0	0	0	0	0	0	0.1246271	0	0	0	0	0.24125928	0	0	0.79348433	0.04812321	0.15355383	0	0	0	0	0	0.32518926	0	0.07405265	0	0	0	0	0.012510969	0.03173997	0.032629527	0	0.020754281	0	0.34381163	0	0	0.05559298	0.00979445	0	0.32398114	0	0	0	0	0	0	0	0.13130006	0.13213351	0	0	5.5580907	0.41057074	0.15726142	0	0.043849606	0	0	0.20943335	0.6200696	0	0	0.25967577	0	0
B01	C	0.032023057	0	0	0	0.051609848	0	0	0	0	0	0	0.037581567	0	0.21866095	0	0	0	0	0	0.07209731	0	0	0	0	0	0	0.20642117	0	1.0263025	0.007338875	0.13451052	0	0.07042899	0.014388279	0.114815444	0	0	0	0	0	0.08262054	0	0.8533275	0.010965194	0	0	0.12087806	0	0	0	0.048818544	0	0.022301419	0.4778719	0	0	0	0.012579168	0.17602615	0	4.234445	0.23572996	0.04599569	0	0	0.076241806	0	0.14290972	0	0	0	0.13655694	0.00729388	0	0.07382469	0.01908873	0	0.058617122	0	0	0	0.010801869	0	0	0.21733212	0	0.030338064	0	0	0	0.04850965	0.09258456	0.009963377	0	1.5904094	0	0.14750516	0.07722959	0	0	0	0.008897753	0.1421558	0.010573764	0	0.018739147	0.24661401	0	0	0.11500358	0.16073133	0.057795748	0	0.11552501	0.08531964	0.5575442	0	0	0.10487318	0.050666377	0.059049837	0	0	0	0	0.03206918	0.1005888	0.088438675	0	0.15504657	0.017363107	0.007109614	0	0.010252629	0	0	0.13088413	0	0.02721684	0	0	0	0	0	0.2404357	0	0.012564578	0	0.023737177	0.101802096	0.076046936	0	0	0	0.6227593	0.10840039	0	0.7403123	0	0.083865926	0.09931855	0.86701083	0	0	0.21638584	0	0.09230179	0.10357109	0.003896622	0.038907956	0.024586808	0.007367631	0	0	0.12217297	0	0	0	0	0	0.27611315	0.1473072	0.029556466	0	0	0.13620223	0.03345095	0.28426844	0.009179539	0	0.03322991	0.033014633	0	0	0	0	1.6779449	0	0.010801666	0	0	0.28415033	0.10685029	0.25744537	0.036379162	0	0	0	0.06388548	0.016387032	0	3.5539148	0.098250404	0.008021213	0	0	3.447063	0	0.01574644	0	0	0.099806406	0.029876757	0	1.1310489	0	0	0	0	0.11669235	0.111376196	0	0	0	0	0.4061027	0.0981357	0.005785354	0.29694706	0	0	0	0.17057315	0.115187936	0.007707363	0.5164046	0.24047248	0	0	0.12935941	0	0.17371863	0.00998365	0	0	0.06777393
B02	L	0.36383316	0	0	0	0.008916413	0	0.01792456	0	0	0	0.047156543	0.6582252	0	0.22404519	0.3898999	0	0.14100555	0	0	0.09460214	0	0.019248439	0.7628653	0	0	0	0.7525428	0	0.4630202	7.2235837	0	0.12621184	0.21102318	0.1970391	0	0	0	0	0	0	0.014331153	0.026532292	0.012397448	0.016402032	0	0	0.09032217	0	0	0	0.03619626	0	0.013163228	0.02683208	0.1411385	0	0.83460253	0.41505203	0.35478	0.34793702	0.17487094	0.019043038	0	0	0	0.47073558	0	0.054649755	0.088911854	0	0.04040812	0	0	0	0.04367402	0	0	0.047191344	0	1.6077087	0.027168348	0.021297293	0	0	0	0	0	0	0	0	0	0	0	0	0.05196064	0	0.0505868	0.1817324	0	0	0	0	0.15369627	0.050421648	0.03277326	0.03437106	0.05300486	0	0	0.028593723	0.54103905	0.037418325	0	0.011270703	0.027411798	1.0613103	0	0.01024566	0.024054162	0.2722842	0.01823752	0	0	0.020655217	0	9.92109	0.6353506	0	0	0.32543054	0.030702507	0.17656386	0	0.026671333	0	0	0	0	0	0	0.06257585	0	0	0.087469734	0	0.05656798	0.10308078	0	0.021514738	0.036212135	0.016890042	0	0	1.2080599	1.3006586	0.9896101	0	0.27647632	0	0.047817785	0	0.01098893	0	0	2.8706944	0	0.07261144	0.19512789	0.005403836	0	0.18870726	0.49489838	0.02411064	0	0.027265513	0	0.019907093	0	0	0	0	0.106068835	0.061897013	0.033403084	0	0.17050494	0.018525109	0.824675	0.040093135	0.027984615	0	0.39607662	0	0.9240269	0.85992223	0.33113652	0	0	0.12354411	0	0	0.5397225	0.01993381	0.6086378	0.23122124	0	0	0	0.043674204	0.13699389	0	0.011492447	0.025532832	0	0	0	0.015215684	14.13179	0.03460469	0.026925147	0	0.03282554	0.032194458	0.046065092	0.33234102	0.124050036	2.0262296	0.036559977	0.03547637	0.031827703	1.0599282	0.07337225	0	0	0	0.083371565	0.06445853	0.17148268	0.04023552	0	0	0	0.0934726	0	0	0.18066278	0.28104702	0	0	0.23182099	0	0.019639425	0.08820778	0	0	0
B03	C	0.09562043	0	0.030501127	0.039945673	0	0	0.026425777	0	0	0	0.005637713	0.09979086	0	0	0.21737504	0	0.06991517	0	1.2315317	0.57777536	0	0	0.39345735	0	0	0	1.4434857	0	0.4238678	0.13932064	0	0.033796255	1.1177279	0.32223096	0	0	0	0	0	0.047541697	0	0.03379008	0.07604238	0.09146726	0	0.10208817	0.07501302	0	0	0	0.04094384	0	0.02173305	0.013612858	0.024023125	0.005107523	0.03940934	0.1681754	0.2082252	0	0.38726714	0.035462715	0.09183659	0.10778296	0	0.7033062	0.2779921	0.95206255	0	0.02255794	0.16448966	0	0.073013954	0.032266952	0.096087754	0.013082732	0.083439074	0.16465484	0	0	0.022533413	0.06912646	0	0	0.006522528	0	0	0	0	0.14767988	0.021289375	0.083975494	0.028091663	0.038302	0.10503055	0	0.15333076	0.16879071	0	0	0	0	0.20461535	0.055731066	0.037398852	0.1129215	0.1539076	0	0	0.09004642	0.63623905	0.37859872	0.023614382	0	0.10618871	1.3250614	0	0.09708747	0.0656113	0.102609746	0.0539698	0.2626955	0	0.021416303	0	0.1721368	0.72859937	0.030107636	1.9641644	0.12032308	0	0.025816508	0	0.13059056	0	0	0.8247864	0	0.048815295	0	1.3731171	0	0	0.026264891	0.10870948	0.12511218	0.117264956	0	0	0.131886	0.07507353	0	0	0.0167553	0.3176771	0.96041745	0	0.18051869	0	0	0	0	0	0	2.2893982	0.04071198	0.11966049	0.5325237	0.013299018	0.051880818	0.16570668	0.085434064	0.15480852	0	0.08549986	0	0.037651353	0	0	0	0	0	0.087680556	0	0	0.22876596	0.48371843	0.367466	0.021069853	0.025644297	0	0.33889973	0	0	0	0.662847	0	0	0.103062846	0.45323268	0.008934627	1.4386011	0.06563133	0.2960242	0.08894482	0	0	0	0.57065696	0.045428142	0.012389446	0.020100694	0.06416475	0.14896536	0	0.5721364	0.05057258	0.15856792	0.19763194	0	0.009126956	0.095093556	0.28748798	0.095353276	0	0	0.028540224	0.516052	0.15459944	0.13117194	0.8239461	0.2929179	0	0	0	0	0.087703586	0.3907297	0	0.029157003	0	0	1.0039929	0.2735982	0.06672042	1.0289861	0.74069023	0	0	0.14424914	0	0.087433144	0.20492831	0	0	0.10704964
B04	E	0.070194304	0	0	0	0	0	0.166862	0	0	0	0.33141398	0	0	0	0.17496975	0	0.011450543	0.2786489	0	0.8844903	0.14421624	0	0	0.007480341	0	0	4.6065426	0	0.17501312	0.037170723	0	0	0.06894741	1.7837937	0	0	0	0	0	0	0	0.012739687	0.050815172	0.017685374	0.092518	0.09077728	0.04620471	0	1.9915642	0	0.34640086	0	0	0	0.03469358	0	0	0.32825306	0	0.94274354	0.40184122	0.032243617	0.020156208	0	0	1.8370554	0	0.090443626	0	0.012714106	0	0	0	0	0.014125886	0.014883782	0	0.16558324	0	0	0	0	0	0	0	0	0	0	0	0	0	0	0	0	0.10873778	0.026611624	0	0.39894474	0	0	0	0.1109505	0.7834458	0.023752853	0.034038734	0.009369336	0.1854842	0.118520096	0	0.042917483	0.6617171	0.031574614	0	0.015549233	0.049353696	4.955578	9.430436	0.012192865	0.043055583	0.04546471	0.04465476	0.007108681	0	0	0	0	2.2870133	0	0	0.53682685	0	0.105291024	0	0	0	0.023138728	0	0	0.017499197	0.019260159	0.20706034	0	0	0.021764504	0	0	0.3481827	0	0	0.03710735	0.03821922	0.094144374	0	0	1.2626776	0.6412637	0	0.25362834	0	0	0.11931157	0	0	0	1.768986	0.006822287	0.088648714	1.2637546	0	0.071185514	0	0.119595096	0	0	0.056524627	0	0.019192038	0	0	0	0	0	0.07435486	0.05808998	0	0.08687885	0.03860449	1.5524606	0	0	0	0	0	0	0	0	0	0	0.1080204	0.0159967	0.044240225	0.17914914	0.049072888	4.7843604	0.05066895	0	0	0	0.045915723	0.10456148	0	0	0.04171567	0	0	0	0.06381058	0.058055498	0.13482241	0.1866339	0	0.063852	0.14449847	0.12814647	0.1619864	0.3348768	0	0	0.15323041	0.042876687	0.8393115	0.35073826	0	0.204332	0.76026297	0.6315136	0.12297297	1.0719864	0	0	0	0	0	0	0.020311944	0	0.2617122	0	0	1.0333581	0	0.032912754	0.06670265	0	6.8778987	0
B07	C	0	0	0	0	0.107692875	0	0	0.013963288	0.008975671	0	0.048620928	0	0	0	0	0	0.22351693	0	0.016820986	0.37509763	0.320126	0	0	0.114930175	0	0	0.057853695	0.013394783	0.020491425	0	0.423889	0	0.021247806	0.006704615	0.71871907	0.45244545	0.8516776	3.4004943	0.99616057	0.021554966	0.39881638	0	0	0.010268566	0	0	0.010601618	0	0	0.041140746	0.021196915	0.03563948	0.18850374	0.3336073	0	0.068778805	0	0.03791881	0.019169543	0.018733162	0	0.02932298	0.6415195	0.29694015	0.6063729	0	0.07892095	0.06276865	0	0.061444182	0	0.04301286	0.053645644	0	0.021812793	0.011573957	0.03920752	0.10674433	0	0	0.078241765	0.14218079	0.1735777	0	0	0	0.019787272	0	0	0.61648756	0.114986606	0	0	0.022776367	0	0.14694339	0.16420163	0	0.118009135	0.072587	0.42531362	0	0.011864722	0.035054438	0.21068808	0.023311805	0.1704918	0	0.04497904	0.015334318	0.25560957	1.3485831	0.014734473	0	0.010503495	0.017544746	0	0.19639793	0.007952162	0.031872522	0	0	0	0.04250426	0	0	11.368944	0.19513458	0.047492992	0	0.015643347	0.06524343	0	0.02841994	0	0.073039785	0.03030733	0	0	0	0.01924322	0	0	0.009325039	0.45205382	0	1.2448685	0	0.011546992	0.013966751	0.008124148	0	0.06653738	0	0	0.1352541	0.64355177	0.08273838	0	0	0	0	0	0	0.010462949	0.1375124	0.6224184	0	0.044141695	0.084959574	0.17352435	0.006429751	0.026519503	0.087101124	0.014721633	0	0	0.0153227	0	0	0.17821354	0	0.1218349	0.22801979	0.027862035	0.058655407	0.27182192	0.3815447	0	0	0.0750609	0.034012493	0.038076796	0	0	0	0.020790588	0	0	0	0.025393473	0.1167745	0.013233072	0.031917877	0.021089347	0.14249483	0.1275084	0	0.022928504	0.026121592	0.03591287	0	0.011099874	0.14079277	0	0.044557024	0.08450034	0	0	0.054198783	0.01682148	0.026967943	0.798843	0	1.8770847	0.043421958	0	0	0	0.01015348	0.047698192	0	0	0	0	0.008718128	0	0	0.044911504	0	0	0	0.006547852	0.050645385	0	0	0.0182871	0.033570673	0.3830025	0.009927396	0	0.012056877	0.007855196	0	0	0.037749708
B08	L	0.028129367	0	0	0	0.021488227	0.040970072	0	0	0	0	0	0.14276849	0	0	0.18133356	0	0	0.053109992	0	0.95484346	0.025558228	0.021788228	0.046870798	0	0.4929353	0	0.12721318	0	0.27804106	0	0.009814314	0	0.20701662	0.29650027	0	0.064122126	0	2.2823057	0	0.7503269	0.008781031	0	0.015412905	0.14045995	0	0.043138683	0.027643694	0	0	0	0.13867955	0.033046704	0.15529978	0.048829876	0.04632343	0	0.029568361	0.041702442	0.31814337	1.0923669	0.05396908	0.022898642	3.0536985	0.086048834	0.81672436	0.0887402	0.04685153	0.08617245	0.109787524	0.011522193	0	0	0.214836	0.043101303	0.44337195	0.009447194	0.24021186	0.16054215	0	0	0	0.4023177	0.289143	0	0	0	0.025123926	0.15103373	0	4.1204214	0.15503687	0	0.1200766	0.034915995	0.0163146	0	0.22080876	0.20126677	0.43503204	0.10255708	0.06332977	0	0.026044646	0.05441795	0.05066779	0.2036005	0.091258325	0	0.06064689	0.020103805	0.17146282	0.18536136	0.020489069	0	0.03263969	1.4443052	0	0.047750037	0.019031053	0.87417036	0.011950458	0	0	0	0	0.036260094	1.8159772	0.8422906	0.4688792	0.20807275	0.08036061	0.23506305	0	0.19552615	0	0.015774596	0.080758184	0	0.039563928	0.04837909	0.5531823	0	0.15907396	0.32921642	0.8563667	0	0.2983179	0	0.030040868	0.025726976	0.027094847	0	0	0.017401118	0.3478454	0.18603201	0.07560499	0.12272922	0	0.03875256	0	0	0	2.7065551	0.31135046	0.021524834	0.09670038	0.049231805	0.3175716	0.030858528	0.84182835	0.10945262	0.08157092	0.19208212	0.029127596	0.048811253	0.009041105	0	0	0	0	0.13656004	0.03255285	0	0.035168137	2.6052725	3.924365	0.18577053	0.027663648	0	0.7390128	0.4661833	0.24104764	0	0	0	0	0.009930629	0.01939705	0	0	0.33799654	0.017786153	1.0455377	0.07375638	0.042064212	0.30937606	0	0.20631571	0.0645259	0	0.0603191	0.0194171	0.116309285	0	0.17549829	0.11654929	0	0.033467505	0	0.1415071	0.05062697	0.2815087	0.035243943	1.4868354	0.35118476	0	0.05889997	0	0.026687926	0.13392162	0.09827253	0	0	0	0.011796378	0	0.036131393	0	0.033820257	0	0	0.40612552	0.27759728	0	0.117922716	0.19597194	0	0	0.29544118	0.11032823	0.018595558	0.15745647	0.045244493	0	0.22462277
B09	L	0	0	0	0	0	0	0	0	1.06883	0	1.1090095	0.09035874	0	0	0.19191848	0.11411208	2.1805902	0.19010198	0	0.21763174	0	0	0	0	1.5848323	0	0.859569	0	0.66021955	0.12147969	0.090441845	0	3.135438	0.18799686	0	0	0	0.005995678	0	0	0	0	0.06520295	0.013613861	0	0	0	0	0.14606068	0.29464158	0	0	0	0.09487285	0.31948414	0.59437335	0.17300957	0	0.71897453	0	0.31292045	0.047723413	0	0	0	0.119397305	0	0	0	1.3061208	0	0	0.02680992	0	0.036797326	0.019831227	0	0.10591472	0	0	1.0996177	0	0	0	0	0	0	0	0	0	0	0	0	0	0.09088139	0.15020593	0	0.08888496	0.13026375	0	0	0	0.27658048	0.18479607	0.8563715	0.04263274	0.049156297	0.01850836	0	0	0.186941	4.603524	0	0.045282066	0	0.3944535	0.65516126	2.4385228	0	0.046609506	0	0.083808504	0	0.4323325	0	0.15456763	2.8458717	0	0	0.043155286	0	0.57135904	0	2.466366	0	0.40416896	2.4040396	0	0	0.12944458	0.1407834	0	0	4.370366	0	0	0.47138545	0	0.015977314	0	0	0	0.29002655	0.14451101	0.073520176	0.11175488	0.12233767	0.6412665	0	0.062328067	0	0	0	0	0.21247754	1.3975062	0	0.11637272	0	0.030118141	0.030444436	0.23492624	0	0	0	0	0.03634444	0	0	0	0	0	0.26193285	0.11030042	0	0.027432706	0.027892768	0.10214908	0.07267952	0	0	0	0	0	0.025420405	0	0	0	0	0	0.01212164	0.162883	0	0.48657745	0.3702193	0	0	0	0.097335875	0.35608387	0.6047488	0.023028217	0	0.058191553	0	0	0	0.12379274	0.015621824	5.1183124	0	0	0	0.0814443	0.06991483	0	0.03606522	0	0	0	0.13161165	0.06849052	0	0	0	0	0	0.01747787	0	0	0	0	0.060882963	0.008233909	0.015590841	0	0.1001773	0	0	0.20557773	0	0	0.14898387	0	0	0
B12	C	0.25396213	0.08358893	0	0	0	0	0	0	0	0	0.05022251	0	0	0	0	0	0.097649336	1.8949192	0.027870815	0.116708174	0.05548228	0	0	0	3.1790154	0	4.0399895	0.054160804	0.14517264	0.12332993	0.20797817	0	0	0	0	0	0	0	0	0	0	0.068794094	0.19168618	0.26286918	0.5232174	1.3029648	0	0	0	0.04377054	0.029508881	0	0.5478949	0.5123038	0.022021236	0.08095915	0	0	0	0.55617625	0.47361183	0	0	0	0	0	0.015442628	0	0	0.101976395	0	0	0.007390612	0	0.099676244	0.1886966	0	0.09139281	0	0	0.052674882	0.059518393	0	0.02671262	0	0	0	0	0	0	0	0	0.07331017	0	0.12528867	0	0	0	0	0	0	0	0.047364343	0.028157804	0.12905946	0.19398846	0.19516657	0	0	0	0.22044896	0.07227833	0	0.03367984	0	0	0	0.049106564	0	0.2982889	0	0	0	0	0	0.09140167	8.355983	0.08720858	0.06272291	0	0	0.08819885	0	0	0	0	0	0	0	0	0.2743088	0	1.5647163	0.018343851	0	0	1.4400681	0	0.009792651	0	0	0.4104469	0	0	0	0.37594974	0	0	0	0	0	0	0	0	0.82875794	0.02581916	0.050820872	0.28243646	0	0.2390314	0	0.056483377	0	0	0	0	0	0	0	0	0	0	0.050946686	0	0	0.7278574	0	1.0102638	0	0	0	0	0	0	0	0	0	0	0.073987745	0.053032123	0.044791453	0.10949628	0	6.0378323	0	0.010845644	0	0.28533074	0	0	0.04146503	0.033517607	0	0	0	0	0	0.15618517	0.042148933	0.047254845	0.0181499	0	0.03186495	0.14774467	0.1059333	0.1665117	0	0	0.12748386	0	0.41548562	0	0	1.1409657	0	1.8717054	0	0	0	0	0	0	0.22913744	0.03263092	0.2541293	0	0.25432605	0.27141047	0	1.5874983	0	0	0	0	6.730729	0
B13	L	0	5.8599296	0	0	0.017162552	0	0	0	0	0	0	0.19397435	0	0	0	0	0.06375065	0.3676881	0.015742397	0.19791892	0.22523393	0	0	0	0	0	2.8402894	0	0	0.0630961	0.05057679	0.041783925	0	0	0	0	0	0	0	0.099360295	0	0.023377992	0.09678073	0.034302067	0.51774675	1.6019447	0	0	8.881417	0	0	0	0	0.23455338	0	0.026695352	0	0	0	0	0.33554992	0	0	0.011524323	0	0	0	0	0	0.11965956	0	0	0	0.018826405	0.07579167	0.03377976	0	0.09753961	0	0	0	0.062384404	0	0	0	0	0	0	0	0	0	0	0.039049394	0	0.08513139	0	0	0	0	0	0	0	0.1603051	0	0.12170462	0.039069302	0	0	0	0	0.95195425	0.13917382	0	0.10799555	0	0	3.0292196	0.06639911	0	0.07497066	0	0.020801041	0	0	0	0.057951834	6.2212586	0.5717867	0.07686961	0	0	0.018247051	0	0	0	0	0	0	0	0	0.1371919	0	0.03607475	0	0	0	1.0670011	0	0	0	0	0	0.03128135	0	0	1.8357111	0	0	0	0.14489125	0	0	0	0	4.712162	0.02201983	0	0.23451427	0	1.5384964	0	0	0	0	0	0	0.017943239	0	0	0	0.037069984	0	0	0	0	0.16703792	0.59727204	6.963331	0	0.032052223	0	0	0	0	0	1.1971071	0	0	0.28007933	0	0	0	0	0.37279925	0	0	0	0.08663208	0	0	0	0	0	0	0	0	0	0.20349588	0	0	0.006650137	0	0	0.09397237	0.077982895	0	0	0.026918259	1.7433608	0	1.5068232	0	0	0	0	0.12432591	0	0	0	0	0	0	0.13645054	0.009039323	0.02386154	0	0.52387875	0.043869987	0	0.07571391	0	0	0	0.016962593	0.6435431	0
B14	C	0	0	0	0	0.01252802	0	0	0	0.14869273	0	0.032182198	0	0	0	0	0	0.099940136	0.69672817	0	0.38726977	0	0	0	0	0.950778	0	0.5361544	0	0	0.16894208	0.03774384	0	0	0	0	0	0	0	0	0	2.0775554	1.9172364	0.020257361	0.2517893	1.1979215	0.05561154	0.029109152	0	0.6698064	0.06896943	0	0	0	0	0	0.124841906	0	0	0	0.39537987	0.032011442	0	0	0	0	0	0	0.0613035	0	0.019666279	0	0	0	0	0.22454049	0.064982384	0	0.09975205	0	0	0.1948337	0.19886428	0	0	0	0	0	0	0	0	0	0	0.18284242	0	0.009463729	0	0	0	0	0	0	0	0.10279069	0	0.60882187	0.074354246	0.03566552	0	0	0.047565993	0.16644502	2.3023965	0.034073036	0.024296405	0.03158705	0	0.22881374	0.26436323	0.033678606	1.3510821	0.046327274	0	0	0.19912837	0.021287102	0.115082994	33.37359	0.8904132	0	0	0	0	0	0	0	0	0	0	0	0	0	0	0.021924423	0	0	0	5.80452	0	0	0.027937023	0.031198265	0	0.14700282	0	0	0.31837076	0	0	0	0	0.038986754	0	0	0	0.8710108	0.2468812	0.22601104	0.09878704	0	0.04044618	0	0	0	0	0.03210272	0	0	0	0	0	0	0	0	0	0	4.0134025	0.15634818	0.7144255	0	0	0	0	0	0	0	0	0	0	0	0	0.039432336	0.28952944	0.07664012	0.66048366	0.11105854	0	0	0	0	0	0.04424712	0	0.028724566	0.30162752	0	0	0	0.52512926	0	0.1011246	0.009491988	0.055132743	0.030253684	0.08137881	0.035837352	0.12787697	0.058965	0	0	0.03288691	0.30376303	0	0	0	3.0105038	1.2655791	0	0	0	0.062017146	0	0	0.4434336	0.04962161	0.20114452	0	0.11088649	0	0	0.19928372	0	0.04388646	0	0	0.1562288	0
B15	L	0.07723283	0	0	0.06307202	0.015401055	0	0	0	0	0	0	0	0	0	0	0	0	2.643556	0	0.6655719	0	0	0	0	0.47220227	0	2.8311903	0	0.419986	0	0.009483745	0	0	0.3669065	0	0.007695965	0	0	0	0.016053556	0.087955676	0.05847759	0.5928269	0.55110854	1.265442	0.7742104	0.06763547	0	0	0	0	0	0.4211306	0.68811554	0	0	0.4079125	1.1139678	0	7.2539	0.3783239	0	0	0.016456878	0	0.2991083	0.02032048	0.12875465	0	0.015203008	0	0	0.011975864	0.065443836	0.08443703	0.017596452	0.007113866	0.15316683	0	0	0	0.47304353	0	0	0	0	0	0	0	0	0	0	0.04747074	0	0.10557341	0	0	0	0	0	0	0.3719544	0.052295092	0	0.19497965	0.13778298	0	0	0	0.05606493	0.3434991	2.4479837	0	0	0.075153165	0	0	0.10241237	0.051313233	0.10515215	0.05500359	0.052191228	0	0	0	0	5.5891957	0.19779396	0.0462419	0	0	0.025030758	0	0.0786919	0	0	0.13735586	0	0.02344606	0	0.3832378	0	0	0	0	0	1.0441132	0	0	0.06861074	0.043668225	0	0	0	0	0.47719494	0.056622986	0	0	0.08042026	0.08144953	0	0	0	0.8583946	0.14467561	1.3585644	0.83141273	0	0.23741679	0	0	0	0	0.07669923	0.066285595	0.01566186	0	0	0	0.022098305	0	0	0	0	0.20649937	2.4941099	1.4838836	0.019099781	0	0	0	0	0	0	0	0	0	0.078549005	0	0.35218447	1.3910785	0.057362776	0.24624202	0.052806295	0	0	0	0	0	0	0	0.0567694	0	0	0	0	0	0.11354182	0	0.012271436	0.08939726	0.19954254	0.1788519	0	2.1779988	0	0.016781505	0.055655602	0.055719234	0.55524194	0	0	0.12897405	0	0.09864215	0.14023045	0	0.14399143	0	0	0	0.24408393	0.053650223	0.03325383	0	1.7282544	0	0	0.026956104	0	0.08959996	0	0	0.7620475	0
B19	L	0.09460558	0	0	0	0.023126537	0	0.06705966	0	0	0	0	0.11169465	0	0	0.1930115	0.11577754	0.8952119	0.30297527	1.3350064	0.12399635	0.109343685	0	0.15312748	1.6767445	0	0	1.0410595	0.39205578	0.7691651	0.68471515	1.795191	0.050968554	0.17174526	0.19023494	0.036943186	0	0	0.1497378	0	0	0.050052855	0	0.045012765	0.055270858	0	0.008097839	1.4007158	1.0526134	0	0.1374629	0.31429467	0	0.20865305	0.1503021	0.03225018	0.03403276	0.16400987	0.034041792	0.47899318	0.32005626	0.076081984	0.075437956	0.24473448	0.07427129	0	0.40565684	0	0.09236864	0	0.08293345	0	0.045053408	0.036203608	0	0.16339538	0.21394438	0.010038381	0.053609017	0	0.13370559	0.13662602	0.046482548	0.025371341	0	0	0	0.014343871	0.2747404	0	0	0.02231804	0.06683997	0.03060373	0.019997273	0.029229509	0.04580042	0.07144515	0.1706269	0.24241647	0.11520201	0.025305804	0	0.43775275	0.07223688	0.15369917	0.029176723	0.20304506	0	0	0.05581205	0.6952556	1.4069253	0	0.012767213	0.05781402	1.75948	0	3.9994144	0.050589286	0.22094727	0.029215397	0.021687852	0	1.4913113	0	1.753929	0.6459863	0	0.024671841	0.18621254	0	0.05967368	0	0.3475755	0	0	0.021738702	0	0	0.034089666	0.013685954	0	0	0.4487525	0.06366873	0.035166636	0.11520742	0	0.019228801	0.056262594	0.032410774	0	0.07256528	0.4385035	0.6574235	0.48275954	0	0.13639125	0	0.115069315	0.05551895	0.31990302	0	0.017541468	0.7939672	0.23601843	0.4730896	0.13135879	0	0.038537513	0.111052975	0.04584335	0	0	0.061102085	0.3656901	0.010213389	0.048716806	1.4270424	0	0.007970037	0.14728497	0.20470366	0	0	0.47388285	0.11227454	1.2403132	0.041807942	0.018637743	0.06555078	0.11196415	0.04277982	0.11123773	0.52263296	0	0.38882068	0	0.06787353	0	0.008479991	1.6334559	0.044306554	2.5170836	0.19916165	0.014863539	0.013621592	0	0.03596523	0.08992198	0.0830904	0.058111105	0.048712116	0.02698859	0	0.23063113	0.8121423	0.3275047	0.048215773	0	0.006179271	0.07680482	0.0832095	0.06924027	1.018937	0.17185955	0.21933523	0.024605665	0.027820222	0.05928841	0.30764627	0.160584	0	0	0	0.0294496	0.09675723	0.052219428	0	0	0	0	0.3149914	0.04915096	0.07962923	0	0.25147396	0.19832666	0.10433177	0.81123686	0.03400641	0.041384097	0.029328093	0	0	0.014761092
B22	C	0	0	0	0	0	0	0	0	0	0	0	0.035349887	0.05552961	0	0.14235298	0	0	0.5023014	0	0.5402472	0	0	0.033575524	0.051501125	0.0718732	0	0.15041494	0.50129896	0	0.008293029	0.11168872	0	0.15755405	0.39252868	0	0.76048243	1.2844275	0	0	0	0.01611057	0.5620737	0.011341473	0.0823789	0.2562746	0	0	0.120028466	0	0	0.115766846	0.08699179	0	0	0	0	0.046531875	0.053059652	0.20606871	0.049374774	0.012563709	0.07591428	8.001071	0.101082295	0.49426404	0.035794284	0	0	0	0.032127988	0.04544218	0	0.115381315	0	0.25085804	0.022590002	0.014299253	0.27038994	0	0	0	0.12502974	0.19798346	0	0	0	0.20927943	0.036923625	0	0.15242891	0.4803646	0	0.06462454	0.2442133	0	0	0.8870437	0.18242277	0.78731483	0.35766268	0.40417916	0	0.014301633	0.20763588	0.3364814	0.041215647	0	0	0.23116891	0	0.1440827	0.67215127	0	0	0	0.31118515	0	0.080318086	0	0.3937074	0	0.071107686	0	0	0.16584814	0	13.916081	0	0.035805084	0.0695103	0	0.30521753	0	0	0	0	0.8246347	0	0	0.074181005	0.15496026	0	0.10884016	0	2.0437062	0	2.412445	0	0.081870295	0	0	0	0	0	0.083935	0.033179875	0	0.8581206	0	0	0.040013336	0	0	0	0.022012662	0.117564455	0.02429316	0.10897653	0	0.12688117	3.8760798	0	1.6918088	0.3342505	0	0	0	0	0	0	0.09345253	0.10041463	0.07508797	0	0.49192137	0.77444875	0.6621575	0.025271961	0.13007787	0	0.33252072	0.34788305	0.113280885	0	0	0	0	0	0	0	0	0.027263502	0	0.20291491	0.09260982	0.041204203	2.6002197	0	0.09175518	0.12002255	0	0.006198699	0	0.027392479	0	0.26547495	0.17202446	0.016038552	0.05441011	0	0.01756168	0	0.062148985	0.0745968	0.012012082	0.05616211	0	0.007360789	0.06240552	0	0.11166935	0.042692717	0	0	0	0.017157469	0	0	0	0	0	0	0.5935869	0.054241236	0.01622113	0.3430397	0.012344467	0	0	0.03321857	0	0	0	0.06676228	0.061552446	0.015597696
B23	L	0	0	0	0	0.008121847	0	0	0	0	0	0.5477557	0	0	0	0.99027854	0.05483357	1.4847748	1.0310267	0	0	0.038416933	0	0	0	0.037570912	0	1.0330575	0	0.06318617	0.306376	0.2955581	0	0	0.3792199	0	0	0	0	0	0	0.007670256	0.034134507	0.30100682	0.011794161	0.05190124	0	0.06044245	0	0.034069926	0.09258047	0.34995905	0	0	0	0	0.15098087	0	0	0	0	7.758423	0	0	0	0	0.13991648	0.007385535	0.059453122	0	0.025903406	0	0	0	0	0.014520261	0.010974891	0	0	0	0	0.42153886	0.008326332	0	0	0	0	0	0	0	0	0	0	0.004616972	0	2.3917406	0.099431284	0	0.14121148	0	0	0	0	0.20252295	0	0.253448	0.005463995	0.10362463	0	0	0.029559664	0.39311787	0.5809354	0.03188157	1.5004426	0.035363995	0.79816025	0.053947106	0.267039	0.029450161	0.09633583	0.026121749	0	0	0.1782813	0	0.102310844	5.8624125	0	0.019524613	0.0695766	0	0.018805744	0	0	0	0.12033546	0.018285515	0	0	0	0.21006243	0	0	0	0	0	0.98435104	0	0	0.046007384	0.020750415	0.114337206	0.264541	0.07893841	0.13326494	1.1572264	0	0.35705703	0	0.07274693	0	0	0	0	3.397454	0.08282074	0.36113417	0.15851767	0	0.03248316	0	0	0	0	0.04400112	0	0	0.045252427	0	0	0	0.005100821	0	0.14733838	0	0.20319906	0.033467066	1.2829483	0	0	0	0	0	0	0	0	0	0	0.13732688	0	0	0.6152428	0.025396673	1.3680631	0	0	0	0	0.04463232	0	0.23639256	0.020271135	0.022524485	0.2610653	0	0.111441955	0	0.6260822	0	0.8142126	0.007684561	0.052117877	0.07692937	0.11077509	0.04078865	0	0.1091217	0	0.057637926	0.040078294	0.81945646	0	0	0	0.45581737	0.065103166	0.091984496	0	0.09105336	0.022061065	0	0	0.092564546	0.020173885	0.011973247	0	0.30824602	0	0	0.3910533	0	0.03234875	0	0	0.24059194	0
B24	C	0.10659233	0	0.023563204	0.016696151	0.026802877	0	0	0	0.019458987	0	0.004684471	0.31494236	0	0	0.06660639	0	0.018157551	0	0	0	0	0	0.019015511	0.12114258	0.015623337	0	0.14322338	0.03157413	0.09526	0.009391678	0.009322012	0	0.53932786	0.2505388	0	0	0	0.016169736	0	0	0	0.82747114	0.014887399	0.06786614	0	0	0.030401193	0	0.14656122	0	0.06785552	0	0.09001811	1.0075964	0.044142645	0	0.03419035	0.0215008	0.13346665	0	0.21527767	0.082877584	0	0.046995293	0.2375934	1.0032425	0	0.10627286	0.14158492	0.06834998	0.009986562	0	0.0740186	0.01194896	0.23717551	0.04468316	0.006908617	0.037569866	0	0	0	0.014801647	0.51400685	0	0.005850679	0	0.2519596	0	0	0	0.10308572	0	0.024094196	0.03884086	0.040225845	0	0.111335784	0.12425337	0.10580587	0.4857214	0.055280734	0.12627412	0.0464818	0.3601376	0.02460027	0.019217504	0.41084194	0	0.64459944	0.04337442	0.37170658	0.032783743	0	0	0.033166595	0.60184735	0.048228797	0.013702962	0.020539843	0.608657	0.014888167	0	0	0	0	0	0.96775764	0	1.8377845	0.26076362	0.01851377	0.11450053	0	0.027851235	0.043646827	0	0.021385446	0	0	0.09420637	0.01637435	0	0	0.74477893	0.3008167	0	0.16777669	0	0.117144026	0.035589334	0.020364607	0	0	0	1.2219311	0.09018102	4.647972	0.03785083	0	0.31615317	1.2165748	0	0	0.16884397	0.07264933	0	0.2712475	0.22331357	0.028870804	0	0.11816506	0.05028972	3.2345269	0.20239305	0.034992345	0.017931726	0.16408913	0	0	0	0	0.042541627	0.15674606	0	0	1.1896229	1.4278342	0.35858163	0.16661999	0	2.3935678	0.061424762	0.02621484	0	0	0	0	0	0.01893545	0	0	0.109064326	0.026029881	0.7903892	0.1424625	0.059298016	0.24076372	0	0.04900896	0.08114498	0	0	0.03256198	0.03754715	0	0.13123196	0.049631666	0.007392001	0.058672138	0.005692687	0.010846512	0.045617905	0.055963583	0.045000825	1.387479	0	0	0.03127814	0.032673083	0.031247897	0.2006638	0.054230202	0	0	0	0.09586629	0.055394687	0	0	0.019192774	0	0	0.06416237	0.69042563	0.10435386	0.5258711	0.24714817	0.076553844	0.08621852	0.18223822	0.09127442	0.018026404	0.29643315	0.11397103	0	0.1349835
B25	L	0	0	0	0	0	0	0	0.71445906	0.045821115	0	0.14844434	0	0	0	0.027727153	0.20966597	0.4144433	0.056639493	0	0	0.036980096	0.015331529	0	0	0	0	0.13011532	0	0	0.13454846	1.528019	0	0	0.108500436	0	0	0	1.4261855	0	0	0.009708737	0	0.021259563	1.2468146	0	0.13562796	0.025017114	0	0.60394627	0.30565113	0.01636443	0	0.044273872	0	0.027918618	0.08772739	0	0.054253016	0.15770715	0	0.010777032	0.028818164	0	0.13143873	0	0	0.1833878	0.076795824	0	0.21765265	0	0	0.10529187	0	0.41421497	0.16701393	0	0.09172694	0	0	0.17382932	0.57666755	0	0.2685145	0.09999295	0	0	0	0	0	0	0	0.6504377	0	0	0.23280342	0	0.31354222	0	0	0	0	0.10341406	0.06955531	0.533144	1.2273352	0.008860993	0	0	0.020183219	0.19585435	1.9443325	0	0.019988114	0.021403467	0.7658853	0.03368401	0.48080513	0.014908481	2.165768	0	0	0	0.15764472	0	0.047764387	24.748634	0	0.419778	0.058914594	0	0	0	0	0	0.109180294	0.05663657	0.11540646	0	0.07327599	0.5813396	0	0.040109772	0.036595713	0	0.016572878	4.0758824	0	0.24839704	0.018942552	0.017629525	0	0.3190481	0	0.15376408	0.0552615	0	0.12619449	0	0	0	0	0	0	0.10249752	0.44262573	0.010607311	0.022282772	0	0.08102446	0	0.1348395	0	0	0.021952115	0	0	0	0.17644455	0	0	0	0.04719253	0	0	6.4077673	0.7807046	0.20529595	0.07316983	0	0	0.059215773	0	0	0.2981751	0	0	0	0	0	0.014499619	0.09791614	0.062199175	1.4973909	0.033104684	0.050666302	0	0	0.014980444	0.39382115	0.18432264	0.3963883	0.021504436	0	0	0	0	0.19872633	0	0.1260701	0.05637915	0.0301613	0.019308725	0	0	0	0.03166226	0.054370724	0.014947951	0.018517725	0.18363209	0	0	0	0	0	0	0	0.3084174	0.27432728	0	0	0	0.079267934	0.52217567	0.014438056	0.015811367	0	0	0.17002249	0.42094022	0.012137863	0.077836476	0.18334153	0	0
B26	C	0	0	0	0.057119083	0.130859	0.02950978	0	0	0.06889951	0.017511914	0	0.03777113	0	0	0	0	0	0.06353509	0	0	0	0.009838042	0.68916816	0.017712535	0.024261005	0	0.26383075	0.22575179	0.079742685	0.32220858	0	0	0.09407469	0	0	0	0	0.28805795	0	0.034908477	0.9701623	0	0	0.6137437	0	0.10649966	0.035046827	0.055108182	0	0.021401	0.4713984	1.4669766	0.10752611	0.43913478	0.2751624	0.13846579	0.017703205	0.13629772	0.04132096	1.1184644	0	0.15192412	0	0.3366672	0.22118118	0.09054501	0	0.15787661	0.1299628	0	0	0	0.14522995	0.027343096	0.10435263	0.019509042	0.010167316	0.09217008	0	0.0593239	0	1.151279	0.035300065	0	0.006192858	0	0.10630307	0	0	0.14276776	0.28379026	0	0.5113691	0.0811444	0	0	0.096119896	0	0.033865225	0.30534434	0	0	0.09073418	0.11623826	0	0.6565211	0.045314226	0	0.04977651	0.03821068	0.12168939	0	0	0	0.054141298	0	0	0	0.028058147	1.0676888	0.019744018	0.0588046	0	0	0	0.14582704	2.4232543	0.009381431	0.11396703	0	0.2536178	0.11553701	0	0.057082023	0	0	0.09373947	0	0	0.021581769	0	0	0.26758894	0.049205653	0.9579206	0	0.35331655	0	0.30070552	0.03314357	0.025372801	0	0	0	0	0.035516	0.042296562	1.0335075	0	0.15938947	0	0	0	0.08231365	0.027026713	0	0.02721538	0.094670035	0	0.0377427	0.11280219	0.05900745	0.40302473	0.1308198	0.0459194	0	0	0	0	0	0	0.09411909	0.33349982	0	0	3.0860674	2.2526493	0.028383631	0.11160247	0	0.4149428	0.055257894	0	0	0	0	0	0	0	0	0	0.11324094	0.033165094	0.10657045	0.65120256	0	0.07117866	0	0.08972042	0.13919689	0	0.005112816	0.03119407	0	0	0	0.0763147	0.52213955	0.022247896	0	0	0.054721188	0.01244505	0.053751305	0.6434809	0.30600643	0.06259448	0	0.022957444	0.03375521	0.08784198	0	0	0	0	0.06307835	0.04997514	0	0	0.07865555	0.45712197	0	0.09260917	0.3265636	0.16126592	0.07124426	0.029116493	0.22730318	0	0.0522225	0	0.06810515	0.040546343	0.08100805	0	0.015470978
B27	Y	0	0	0	0	0	0	0	0	0.022299964	0	2.179377	0.020367702	0	0	0	0.74899286	4.4295645	0.061417412	0	0.076081365	0	0	0	0	0	0	0.19616553	0	0.050696123	0	0.5212306	0	0	0.04815229	0	0	0	0	0	0.015024906	0.020027025	0.058304157	1.0343451	0.060786135	0.0188163	0.011474959	0	0	0	1.1415315	0	0	3.257061	1.7011745	0.033284143	0.3957951	0	0.32477212	0.06664497	0	0.08992502	0.14862864	0	0	0	0.049152058	0	0	0	0.058323424	0	0	0	0	0.52866024	0.026802665	0	0.022157954	0	0	0.96926206	0.0668246	0	0	0	0	0	0	0	0	0	0	0	0	0.044853874	0.28139043	0	0.049775295	0	0	0	0	0.15123942	0.055224158	1.6332519	0.021959664	0	0	0	0	0.071839035	22.580812	0.03177473	0.1822747	0	0.03710457	0	20.792627	0	0.09630565	0	0	0	1.0990336	0	0	1.8143502	0.23342715	0.051415432	0.06606933	0	0	0	0	0	0.7043262	0	0	0.14759284	0	0.05895927	0	0	0.031540196	0	0.014348862	0.35245147	0	0	0	0.026606875	0	0.36169076	0	0.17765039	0.15886232	0	0.07190176	0	0	0	0	0	0	0.33670533	3.4349418	0.061926745	0.09372716	0	0.010732562	0	0.19364685	0	0	0	0.019942595	0	0	0	0	0	0	0.23582642	0	0	0.28274044	0.06006665	0.17678806	0	0	0	0	0	0	0	0	0	0	0	0.39441907	0.10018121	0.4811337	0	0.6754087	0.061456166	0.03513089	0	0	0.028768556	0.03996535	0	0	0	0.28344458	0.06461412	0	0	0.034486484	0	2.0123887	0	0	0.010240819	0	0.05135066	0	0	0.029518293	0.010361827	0	0.13639753	0.16722818	0	0	0	0	0	0.051525384	0	0.014027517	0	0	0.022004576	0	0.038706817	0	0.121435285	0	0	0.23590352	0	0	0.26723188	0	0	0
C02	Y	0.034615256	0	0.014169068	0	0.010222709	0.15352325	0	0	0.033186145	0	0	0	0	0	0.085081965	0	0.022457369	0.035967585	0	0.77223057	0	0.008095977	0	0	0	0	0.35507676	0	0.39455736	0	0	0	0.31426886	0.41270325	0	0	0	0.88194907	0	0	0.008292779	0	0.018022798	2.1323218	0	0	0	0	0	0	0	0	0.01394558	0.06354726	1.2103454	0	0	0.018419908	2.010445	0	0.08352658	0	0	0	0	0.11585767	0	0	0	0.32033518	0	0	0	0	0	0.062122133	0	0.17007545	0	0	0.007238637	1.1082982	0	0	0.03288174	0.13645743	0	0	0	0	0	0.17034455	0.75976115	0	0.030586796	0	0	0	0	0	0	0	0.0838501	0.08950886	0	4.81756	0.10473568	0	0	0	0.15840952	0.012569989	0	0.006463259	0	0	0	0	0	2.508048	0	0	0	0	0	0	0.22503568	0.60306287	0	0	0	0	0	0	0	0	0	0	0	0	0	0	0	0.15202291	0	0.013626735	0.022464586	0	0	0	0	0	0	0	0	0.16134374	0.38125673	0	0	0	0	0	0	0	0.39369056	0.005548581	0.082504116	0.17059259	0	0.09687775	0	0.120167725	0	0	0	0	0.029429376	0	0	0	0	0	0.12125182	0	0	7.4476504	0.31926042	0	0.038292766	0	0	0	0	0	0	0	0	12.221883	0.021118158	0	0.075998016	0.070979044	0	0.31927764	0.36046654	0	0	0	0.78185403	0.1433271	0	0	0	0.096678585	0	0	0.288393	0	0.007547442	0	0.08255999	0	0.01514444	0.054226067	0.13490805	0	0	0	0.029613981	0	0.21933727	0.06896423	0	0	0	0.015415018	0	0.0662213	0.34552556	0.3728506	0	0	7.517343	0	7.1339865	0	0.04026872	0	0	0.09550213	0	0	0.39119744	2.4879966	0	0
C03	C	0	0	0	0.015566515	0	0	0	0	0	0	0	0	0	2.542689	0.10229041	0	0	0	0	0.049805492	0	0	0	0	0	0	0.12377878	0	0.05497577	0	0	0	0.30458406	0.5568536	0	0	0	0.14138664	0	0	0	0	0	0.049607214	0	0	0	0.066660106	0	0	0	0	0	0	0.08111202	1.54961	0.70814985	5.976282	0.38514176	1.1001582	0	0	0.03919803	0.02321858	0.043692306	0.085719585	0	0	0	0.05067913	0	0	0.011929467	0.01540626	0.043425567	0	0	0.05229767	0	0	0	0.02293721	0	0.07100055	0	0.07606359	0	0	0	0.025342934	0.030338626	0.16228764	0.04389395	0	0	0	0.15068325	0	0	0	0	0	0.025442714	0.45754108	0	0.05780449	0.006963576	0	0	0.049928	0.18822278	0	0	0	0	0	0	0	0.018286237	0.7273593	0	0.10193691	0	0	0	0	0.12641986	0.015846236	0	0	1.6367393	0	0	0.045411266	0.07015056	0	3.700674	0	0.22060795	0.047820795	0.4747377	0	0	0.18610555	0.06090202	0	0.006355404	0	0.059340816	0	0.043972418	0	0	0	0	0.07123561	0	0	0	0	0	1.8001955	0	0	0.022456469	0	0.034595225	0.10605404	0	0	0.25860655	0.08962173	0	0	0	0	0.0147186	0	0	0	0	0	0.3736119	0.00500375	0.02383417	1.0000924	0.670332	0	0	0	0	0.03515232	0	0	0	0.031030241	0	0.27056015	0	0	0	0.05881901	0	0.4580301	1.0446947	0	0	0	0.12465328	3.194057	0	0.84509814	0	0	0	0	0.29379985	0	0.006462221	0	0	0	0.03045759	0	0	0.3644002	0	0.010774881	0.030744893	0	0.14267287	0	0	0	0	0.044711854	0	0	0	0.01962558	0	0	0.028751202	0.27058712	0	0.5065347	0	0.19804087	0.044337187	0.098382145	0	0	0.89681804	0.04288463	0	0
C04	L	0.08880158	0	0.0341152	0.019291796	0.5252789	0.01946174	0.47862127	0	0	0	0	0.3074674	0	2.3649225	0.23264854	0	0.028733915	0	0	0	0.06654521	0	0	0.39907938	0	0	0.6950035	0.05569109	4.1253424	0.098045446	0	0	0	0.118128754	0	0.019609451	0	1.0724475	0	0.056544848	0.009696132	0.044562843	0.37932202	0.16373861	0	0.012571411	0.08908879	0	0	0	0	0	0.061508406	0.37040198	0	0	1.319639	6.2050376	0.09544397	0.4967926	0.5548223	0	0	0	0	0.34627914	0	0.14428969	0	0	0	0	0.013829554	0.06536106	0.283634	0.011312115	0.029825555	0.066993296	0	0	0.008778882	0.041216474	0	0.068054795	0	0	0	0.06464832	0	0	0	0.1860654	0.22992043	0	0.17325372	0	0	0	0	0	0	0	0.10818118	0.06386943	0.025987005	0.1904431	0.32948595	0	0	0.09303418	0.3663335	0.006839076	0	0.033905786	0.073202714	0	0	0.005110672	0.088891275	0.11619337	0.062283885	0.3435411	0	0	0	0.28839687	0.1885817	0.09595326	0.403069	0	0	0	0	0.70237315	0	0	0	0	0.07541879	0	0.15939833	0	0	0.05952813	0	0	0.023747336	0	0.34514648	0.07227351	0.080017164	0	0	0	0	1.0495595	0	0	0	0	0	0.7574806	0	0	2.163947	0	1.2158492	1.1608062	0	0.057764992	0	0	0	0	0.08913119	0	0.101852804	0	0	0	0	0	0.2816067	0	0	0.25674358	1.3012637	0	0	0	0	0	0	0	0	0.24861917	0	0.48101258	0.13870844	0.043725755	0.007200963	0.6692328	0.106969476	0.31710654	0.44370583	0.045389507	0	0	0.15738243	0.1850077	0	0.605706	0.082550384	0	0.025604567	0	0	0	0.22658284	0	0.025687547	0.117463574	1.6136829	0.1257583	0.9408814	0.23034416	0.029435595	0.13042907	0.20870177	0.081980616	1.275149	0.14191931	0	0.13215292	0	0	0.140183	0.23967326	0.2585223	0.023449108	0	0	0.38463005	0.6942994	0.13831256	0	0.19484442	0	0.102909915	0.07304658	0	0.09898725	0.66967124	0.74432504	0	0
C11	C	0	0	0	0.00961276	0	0	0	0	0.023229966	0	0	0	0	0	0.027962228	0	2.7258492	0	0	0.12426797	0	0	0	0	0.016658658	0	0.062275134	0	0.01880759	3.2420988	0	0	3.4905539	0	0	0	0	0	0	0	0	0	0.036395907	0.049799718	0	0	0	0	0	0	0	0	0	0.012194654	0.73636776	0.12793876	1.1759012	1.5540125	0.3427507	0	0	0	0	0.030420398	0	0	0	0	0.090330064	0.08158319	0.06127493	0	0.03352914	0	0.056850277	0.099898785	0.007352554	0.067717075	0	0	0.4635434	0.198888	0	0	0	0	0	0	0	0.031562854	0.120349795	0	0.022354228	0	0	0	0.16738771	0	0.10894087	0	0	0	0.007320301	0.08931198	0.25787184	0.017665178	0	0	0.5826394	0	0	1.2699244	0	0	0	0	0	0.4086062	0	0.18718106	0	0	0	0.038175657	0	5.6713753	0.10994515	0.025626833	0.051493444	0	0	0.48280355	0	0	0.021622544	0	3.6920233	0	0	0.14967696	1.4875497	0	0	0.3422789	0.99553114	0	0.018569961	0	0.09542098	0	0	0	0.022740914	0.46460295	0	0	0	0.12012081	0	0	0	0	0	0	0	0.09099409	0.010235375	0.015983192	0	0	0	1.1771526	0	0	0	0	0	0	0	0	0	0.10493361	0.044691086	0	0	0.63401085	0.45215434	0	0.076160625	0	0	0	0	0	0	0	0	0	0	0	0.03471772	0.02620001	0	0	0.30387664	0	0	0	1.734043	0.24720807	0.56606877	0	0	0.009688593	0	0	0	5.000838	0	0.013077199	0.004900058	0	0	0	0	0	0.78572845	0	0.022403978	0	0.25959706	0	0	0	0	0.074136466	0	0	0	0.114609085	0	0	0.24797368	0.6659929	0.0433509	0	0.004556212	0	0	0	0	0	0.40438432	0	0	0.34434476
C14	L	1.6146985	0	0	0	0.01665436	0	0	0	0	0	0	0.28588158	0.10114305	0	0	0	0.10484606	0.050290745	0.046485946	0.14542258	0.08325277	0	0	0	0	0	1.8780199	0	2.1732514	0.043569792	0.16198358	0.04451412	0.2620272	0.063195735	0	0	0	0	0	0.011121242	0.025943166	0.020215234	0.11559634	0.01871317	0	0	0	0	0	0	0	0	0.042812463	0.3750796	0.35805365	0	0	4.268698	0.6941267	1.9469565	0.23025487	0.12277276	0	0.006830224	0	0.48376393	0	0	0	0	0	0	0.0161096	0	0.064063296	0.01306833	0.009410061	0.11477693	0	0	0.01367967	0.009384211	0	0	0	0	0	0	0	0.1662034	0	0	0.037659902	0	0.06840734	0	0	0	0.016676912	0	0	0	0.4064865	0.21960269	0.6230166	0.014771666	0.96840304	0	0	0	0.9143625	16.052551	0	0.011935337	0	0	0	0.9836911	0	0.11558084	0	0	0	0.049381465	0	0	0.24406661	0	0.08002154	0	0.48681325	0.06790355	0	0	0	0.26941806	0.103036955	0	0	0.027182482	0.7242621	0	0	0.12302938	0	0	0.047439948	0	0.04414504	0	0	0	0	0	0	1.3012067	0	1.677795	0	0.25013548	0	0	0	0	3.7554052	1.0377672	0.47909927	0.8068295	0	0.039761126	0	0.08849622	0	0	0	0.07092857	0.13013484	0	0	0	0.04170065	0	0	0	0.010414509	0.26033556	0.20118637	0.39143062	0.14093389	0.01914862	0	0	0	0.059728745	0	0.22084284	0	0	0.19457321	0	0.024560709	0.6633275	0	4.325203	0.37512687	0	0	0	0.1872917	1.5901245	0	0	0	0	0	0	0	0.39715225	0.039784383	0	0.005881584	0	0.0793752	0.15508242	0.9312164	0.6441622	0	0.023000928	0.08889215	0	1.1759235	0.35320607	0	0	0	1.329934	0	0.49021938	0	0	0	0	0.01224155	0.14961104	0.06773324	0	0.40117845	0.08212744	0.17892213	1.512798	0	0	0.081379436	0	0	0.091187164
CA11	C	0	0	0	0	0.18829316	0	0	0.9842966	0	0	0	0	0	0	0	0.16572662	0.36011723	1.9258071	0	0	0.02984222	0	0	0	2.6131728	0	2.3677802	0	0.08081403	0	0.03401159	0	0	0.97488093	0	0.008851459	0	0	0.02353139	0	2.0910785	0.123375684	0.11154778	0.030524282	0	0.37312093	0	0	0	0.2806734	0	0	0.15959592	0.35161352	0	0.034861967	0	0	2.2295883	2.4491596	1.6884782	0	0	0	0	0.6938482	0	0	0	0.14889789	0	0	0.039089173	0	0	0.47151908	0.016269242	0	0	0	0.06579759	0.08018101	0	0	0.008645781	0	0	0	0	0	0	0	0.33672658	0	0	0.06388545	0	0	0	0	0	0	0	0	0.34695357	0.07645321	0	0	0	0	0.48818535	7.09976	0.027163137	0	0	0	0	6.212372	0	0.23960201	0	0	0	0.14754876	0	0	1.5906987	0	0	0	0	0	0	0	0	0.16509068	0	0	0	0	1.0858232	0	0	0	0	0	0.27842256	0	0	0	0	0	0.19459514	0	0	1.422941	0.38512647	0	0	0	0	0	0	0	4.252902	1.4054984	0	0.58877087	0	0.59007674	0	0	0	0	0	0	0	0.18245101	0	0	0	0	0	0	0	0.61731005	0.6743204	2.6224647	0	0	0	0	0	0	0	0	0	0	0.13687249	0	0.59610367	0	0	0.18851349	0	0	0	0	0	0	0.23927565	0	0	0.20866765	0	0	0	0	0	0	0.042276695	0	0	0.13117757	0.44282165	0.108653665	0	0.016438589	0	0	1.2197753	0	0	0.6207823	0	0.7936793	0	0	0	0.024769325	0	0	0.1112551	0.055312134	0	0	0.41789958	0	0	0	0	0	0	0	0.18644306	0
CA13	C	0.02568057	0	0	0	0.012544019	0	0	0	0.008618211	0	0	0.068764135	0	0	0.032097135	0	0	0.08275422	0	0	0	0	0	0	0.009347517	0	0.10192486	0.07990472	0.07912338	0.5991143	0	0	0.25138855	1.0630628	0.261687	0	1.994785	0.026267838	0	0.008313027	0.0676696	0.055494167	0.031092983	0	0	0.022753943	0	0.24137758	0	0	0.14348452	1.0707685	0.03488605	0.13582778	0.041214205	0	0.036415864	0.021065501	0.16810672	0	0.124143325	0.3816519	3.4696906	0.006573908	1.5798259	0.04284735	0	0	0.16572478	0.010860473	0	0.7437027	0.036443893	0	0	0	0.004898507	0	8.017459	0.1026669	0	0.019242879	0.13251416	0	0	0	0.18147929	0	0	3.292883	0.59360087	0	0.006066095	0.16728006	0.025680987	0	0.5126279	0.014979936	0.18753769	0.659269	0.11522773	0	0	0.105794385	0	0	0	0	0.115232	0	0.06740146	0	0	0	0	0.0951484	0	0.019926969	0	0.07170289	0	0	0	0	0	0.15627442	1.0875933	0	0.08580458	0.016138164	1.3409956	0.12212155	0	0.040246032	0	0	0.046567336	0	0	0.11236027	0.02145443	0	0.008444797	0.67394334	1.5589352	0.010038799	0.068039425	0	0.008945921	0	0	0	0	0.065354496	0.019406185	0.08980788	0.026291424	0.029163424	0	0.035370346	0	0	0.23874435	1.0109684	0.21489826	0.007257136	0.05762527	0.10265073	0.010688457	0	1.7627562	0.0570547	0.054511838	0.168914	0	0	0	0	0	2.4285738	0	0	0.039898105	0	0.11942718	0.05182229	0.014989601	0.13009848	0.3344092	0	0.1356198	0.19667909	0	0	0	0.00951414	0.21961093	0	0.012484884	0	0	0.010969102	0	0.05990949	0.14193632	0	1.1987597	0	0.04832689	0.27686402	0	0	0	0	0	0	0.05681974	0.89999604	0.09826461	0	0	0	0.014199913	0.03722645	0.012700118	0	0.11549069	0	0	0	0.12034399	0	0	0	0	0.006834689	0	0	0	0	0	0	0.006133721	0.033433463	0.0215397	0.14749014	0.13050045	0.052149303	0	0.007851289	0	0	0.0625618	0	0.015527831	0
CA25	C	0	0	0	0.034138113	0.01858662	0	0	0	0	0	0	0.027538585	0	0	0	0	0	4.0199428	0	0.16831915	0.010695649	0	0	0	0.14324537	0	0.054715548	0.064742684	0.038479112	0	0.6509302	0	0.03710113	0	0.049807414	0.76735055	0.29791757	11.45126	0	0	0.1434164	0.05011261	0	0	0	0	0.009117985	0	0	0	0	0.088638954	0.12490041	0.026406975	0	0	0.03658638	0.008565069	0	0	0	0.03353332	0.90559995	0.69169956	0.8800459	0.03611149	0	0.047467344	0	0	0	0.06062475	0.18656917	0	0.04187578	0.03072902	0.035148617	0.20604141	0	0	0	0.29962546	0.12960942	0	1.8806825	0	0.034334324	0	0	6.043984	0.07083019	0	0	0.107383445	0	0	0.2420085	0.24144591	0.2830232	0.15922393	0.09212323	0	0.016128747	0.041963577	0	0	0	0	0.06636445	0.01073994	0.13877329	0	0	0.007427767	0.008425239	0.06261053	0	0.0603105	0.007038623	0.24608704	0	0	0	0.044306904	0	0	11.075526	0	0	0.022296865	0	0.11272869	0	0	0	0	0.018528128	0	0	0	0	0.025936801	0.026831927	0	0.34067714	0	1.7230108	0	0	0.008614134	0.006282516	0	0	0	0.027708512	0.039389115	0.02565802	0.014180766	0	0	0	0	0	1.3938973	0.010962653	0	0.108444236	0	0	1.0858928	0.31966418	0	0	0.09424092	0.009991119	0	0	0	0	0	0	0	0.010136947	0	0	0.5654301	0.11857563	0.06795218	0.12446674	0	0.042514473	0	0.020567654	0	0	0	0.009966766	0	0	0	0	0.052899204	0.007793982	0.19481447	0	0	1.1664348	0	0	0	0	0.033832	0.009207309	0	0	0	0.04453992	0	0.009728478	0	0.04598454	0.042968623	0.079049736	0	0.39501563	0	0	0	0	0.012472747	0.0696303	0	0	0	0	0	0	0	0	0	0	0	1.3140249	0.21270478	0	0	0.0373822	0	0	0.029739762	0	0.009005046	0	0.020553084	0	0
CA40A	E	0.025492819	0.009586363	0	0.029228892	0	0	0	0	0.005489074	0	0.009737222	0.031544518	0.090321586	0	0.01407767	0.051845007	1.1411465	0	0.1452253	1.3602856	0.037871767	0	0.08286911	0.39671192	0.06858316	0	0.12849054	0.08349581	0.013242967	0.27561444	0	0	0.33993533	0.019209933	0	0	0.08581313	0	1.60986	0.01862727	0	1.0517997	0	0.07620517	0	0	0.013927976	0.096075654	0	0.09680788	0.033036716	0.12046017	0	0	0.22480606	0.084709875	0.26268116	0.060789723	0.7778196	0	0	0.2809058	0	0.6330314	0.77521724	0.030854788	0.00413745	0.10825487	0.18372886	0.016738372	0	0	0.6145902	0	0.18065792	0.028128376	0.105231464	0.3121501	0	0	0.2431169	0.49576557	0.50731075	0	0	0	0.20535694	0	0	1.1912605	0.6604987	0	0.031498753	0.3882154	0	0.05335947	0.98400253	0.03420092	0.26566806	0.45523757	0.20136093	0	0.037932876	0.3121562	0.21193595	0.042189192	0	0	0.26152846	0.019129321	0.14113331	2.394629	0	0.006846272	0.022864195	0.016467795	0	1.1786602	0.011809397	0.7959002	0.009190865	0.048705645	0	0.17675708	0.09555163	0.39505297	1.8230295	0.09871851	0	0.051584724	0.028934766	0.6270312	0	0.015423229	0.98679525	0.36557165	0.25972497	0	0	0.0728576	0.366401	0	0.027277922	3.2702346	3.5126262	0.022974681	0.11744587	0	0	0.024859171	0.009495635	0	0.036360502	0.042095307	0.0873177	0.030892711	0.010445504	0.14287265	0	0.03795172	0.015700053	0.05239089	0	0.7314109	0.019379543	0.25681743	0.014451856	0.02364324	0.05148321	0.037943292	3.9898305	0.19762659	0.537564	0.2570599	0.013732694	0	0	0	0	0	0	0.1929995	0.6153729	0.021272475	0.011874915	1.8622683	0.4733884	0.021718206	0.18329984	0	1.1820896	0	0	0	0.042476434	0.15530221	0	0	0	0	0	0.03294771	0.012758997	0.2053878	0.3343901	0.14866675	0.17065828	0	0.39767018	0.23976018	0.05884717	0.030193899	0.014547326	0.015621902	0	0.1932138	0.015009895	0.1959625	0	0.015925094	0.00673989	0.052281342	0.020219242	0.07061827	0.016834952	0	0.06703918	0	0.016129024	0.023297701	0.08460517	0	0	0	0	0.009194079	0	0	0	0	0	0	2.2267668	0.20671	0.06961577	3.6135633	0.011683879	0.041412126	0.062973864	0.056011163	0.097582914	0.00969772	0.17466642	0.04942737	0	0.25781053
CA9	C	0	0	0	0	0.032163665	0	0	0	0	0	0	0	0	0.004975611	0.019041738	0	0	0.024497392	0	0.101174615	0.05530837	0	0	0	0	0	2.424481	0	0	0	0	0	0	0	0	0	0	0.23442094	0	0	0.5722663	0	0	0	0	4.0808105	0.64171743	0	0	0	0.018595606	0	0.8277558	0.093078524	0.004573883	0	0.04165155	0	0	0.13693406	0.014086951	0	0	0	0.34463432	1.1614877	4.5210934	0.822682	0	0	0	0	0.004928586	0	0.03348989	0	0	0.04818225	0	0	0	0.053913318	0.048941668	0	0	0	0	0	0	0.05690615	0.0225381	0	0	0	0.027157774	0	0	0.06640531	0	0	0	0	0.01922694	0.021783276	0	0	0.005327361	0	0.08107962	0.5982851	0.1485487	0.05264714	0	0	0.5609242	0.4833248	0	0	0.5255225	0.020240912	0.32829356	0	0	0	0	0	1.2778213	0	0	0.04223455	0	0.005689925	0	0.052458968	0	0	0.016829392	0	0.13292257	0	0	0	0	0	0.12793857	0	0.070542015	0.02914098	0	1.2072082	0.3871524	0	0	0	0.097370446	0.08621729	3.0331929	0	0	0.09620652	0	0	0	0	0.25214577	0.008938166	0.17557316	0.041982222	0	4.66927	0	0	0.031414244	0	0.47890598	0	0	0	0	0	0.09005597	0	0.06001858	0	0.010203553	0.028917618	0.008082647	0.13753663	0	0	0	0.05379715	0	0	0	0	0	0	0	0	0.062353786	0	0.3746881	0.044528432	0	0	0	0	0.055495456	0	0	0	0.51973945	0	0	0	0	0	0.015763955	0	0	0.41137338	0.044255663	0	2.2317207	0.1183116	0	0.028097525	0	0.5870304	0.12717116	0	0	0	0	0	0.22082531	0	0.007292239	0	0	0.13361803	0	0.011642996	0.004399605	0.025010303	0.15482898	0	0	0.007357152	0	0.85755146	0	0	0.047932316	0.03433698
CB03	C	0.17015481	0	0	0	0	0	0.15148959	0	0	0	0	0.5440607	0	0	0	0	0	0	0	0.266813	0	0	0	0	0	0	4.43409	0	0.52629614	0.021475546	0	0	0.1722654	0.11579287	0	0	0	0	0	0.013433285	0	0.014810741	0.18595704	0.024302496	0	0.24632286	0.28067854	0	0	0	0.08564941	0	0.12247423	0.057654962	0	0	0	0.032993287	0.09138783	0	1.0887483	0.055716313	0.05899124	0	0	1.9437551	5.0207305	4.2064557	0	0	0	0	0.045379635	0	0.104686886	0	0.05944737	0.13875607	0	0	0	0.03385757	0	0	0.046458818	0	0	0	0	0	0	0.024205348	0	0	0.36005896	0	0.1788227	0.35366222	0	0	0	0	0.44402975	0.01722673	0	0.008044954	0.13003105	0.015963865	0	0.2591583	1.3174496	0	0.094774805	0.065285854	0.3596272	2.7866447	0	0	0.22261435	0.110709846	0.14349647	0.04315102	0	0	0	0.14708214	1.5561647	0	0.379606	0.24065213	0	0	0	0.07561257	0	0	0.8847411	0	0.09035152	0	0.3124587	0	0.006866674	0	0	0	0.252596	0	0	0.3612706	0.23708387	0	0	0	0.6701312	2.3487444	0.05111808	0.48675767	0	0	0	0	0	0	6.0826354	0.042089116	0.5422777	0.7520522	0.038979404	0.16775407	0.13118595	0.011151045	0	0	0.3286883	0	0.038570393	0	0	0	0	0	0.056626752	0	0	0.24384217	0.09412019	0.4823328	0.013669316	0	0	0.05646676	0	0	0	1.667406	0	0	0.2529505	0.011248124	0.015504574	3.8625202	0.23028886	0.6516514	0	0	0	0	0.24719623	0	0	0.037588887	0.2133593	0.90040237	0	0	0.024502855	0.026504278	0.30343974	0	0	0.20973712	0.8537696	0.119755276	0	0	0	0.09788347	0.08535402	0.34804314	1.753437	0.20864257	0	0	0	0	0.2029302	0.086510524	0	0	0	0	0.7699875	0.04287541	0	0.6179807	1.0721015	0	0	0.28908524	0	0.31918272	0.031025155	0	0	0.012548143
CD21A	E	0	0	0	0.017812276	0	0	0	0	0	0	0	0.005890162	0	0	0.18191968	0	0.061902817	0	0	0.14142625	0	0	1.6442815	0.48657414	0	0	0.044263124	0.39789024	0.018621385	8.26631	0	0	0.2458983	0	0	0	0	0	0	0	0.005545202	0.11899208	0.003726669	0.045471977	0	0	0	0	0	0.0259628	0.04194153	0	0	0.022137681	0.32679218	0	0.13674599	0.5414893	0.3380943	0.22444826	0.022656161	0.018067999	0.5078265	0	0	0	0	0	0.09466543	0.011291564	0.0802026	0	0.14726387	0	0.07416485	0.00924229	0.010816925	0.043044228	0	0	0.017341878	0.06191216	0.05304447	0	0	0	0.025636943	0.040120743	0	0.18248683	0.07635216	0	0.13443524	0	0.005981979	0	0.1110867	0	0.016813925	0.22037168	0	0	0.016539102	0.15441039	0.060687713	0.031221524	0.007810109	0	0.08414918	0	0.047060132	0.025520006	0	0.009448255	0	0	0	0.028993957	0	0.3170521	0	0	0	0	0.054987926	12.351859	1.2961934	0	0.03887298	0	0.03400323	0.04052828	0	0	0	0.0138527	0.040318534	0	0	0.023277512	0.7230731	0	0	5.352085	0.3452057	0	0.21935809	0	0.025379207	0	0	0	0	3.3826332	0	0.016686333	0.040780682	0.2159338	0	0.056429867	0	0	0	0.11780509	0	0.31697983	0.015725655	0.020967469	0.006946286	0	0.35329938	0.4400412	0.047212027	0	0	0	0	0	0	0	0	0	0.080275685	0	0.006782281	0.32173944	0.16695723	0.016396286	0.16360164	0	0	0.03892232	0.5805328	0.8238992	0.6764671	0	0	0	0	0	0	0.016209176	0	0.1146573	0.74322015	0.012600887	0.028949903	0	0.045464765	0.30407456	0	0	0	0.038389843	0	0	0.015441124	12.58547	0	0	0	0	0.007679761	0	0.008325081	0.07972058	2.1975532	0	0	0	0.03297653	0	0	0	0	0	0.019983802	0	0	0.015043639	0	0	0.31844863	0.27677765	0.031275656	0.022282016	0.005343174	0.1127539	0.041213866	0.028247578	0	0	0.17265227	0.023363542	0	0.18347995
CD22A	C	0	0	0	0	0	0	0	0	0	0	0.036960974	0.07164703	0	0	0.02470681	0.092270195	0.23877911	0.09036989	0	0.13546325	0	0.04533212	0	0	0.037685044	0.004342776	0.18856502	0	0	0.12043254	0.007438527	0	0.17644212	0.024295056	0	0.028483722	0	0.0133102	0	0	0	0.11100231	0.009301005	0.005930688	0	0	0.017715864	0	0	0.12171802	0	0	0.009868036	0.005787853	0	0.016128765	0.24138801	0.5476526	0.14435315	0	0.043940336	0.09530145	0	0	0	0.045298256	0	0.1009504	0	0.1168123	0	0	0.007689906	0	0.0155936	0.041752294	0.008905808	0.10667769	0	0	0.045298986	0.013510365	0	0	0.0090842	0.042545404	0	0	0	0.18500605	0.28429025	0.11078532	0.017879684	0	0.012040754	0.03561042	0.27195	0	0.038324974	0.2601578	0	0.03433344	0.06636024	0.26028657	0.12265231	0	0	0	0	0.027403759	0.115764774	1.6615175	0.03434476	0.06589138	0.022050023	0	0	3.0790508	0.014914239	0.08402536	0.015647102	0.04330144	0	0.016624944	0	0.048757873	0.5963448	0.082922995	0.12753646	0	0.238151	0.687194	0	0	0	0.08261492	4.1394343	0	0	0.028883893	0.0787881	0	0	0.046556745	0.82603735	0.015913216	0.10064766	0.041216556	0.009322242	0.018588815	0.010733827	0	0.057835106	0	0	0.05940599	0	1.3930562	0	0.056987733	0.013316751	0	0	0	0.010382742	0.7538453	0.117639214	0.04416733	0.010137078	0.054189593	0	0	0	0	0.017721394	0	0	0	0	0	0.36300835	0.28723347	0.43115467	0.017387895	0	0.13696064	0.46248698	0.02027123	0.14855133	0	0	0	0.1064077	0	0	0.010296032	0	0	0	0.031366065	0.024951683	0.028902594	0.014173675	0.18664609	0.5519825	0	0	0	0.15555494	1.0419952	0.17487586	0.56170756	0.017526994	0.1760314	0	0.3101321	0	1.3160653	0	0.048287705	0.063182406	0.049630407	0.037045844	0.06737421	0.0324458	0	0	0	0	0.019717287	0.07113439	0	0	0	0	0.17410573	0.11309626	0	0	0.06528235	0	0	0.016789315	0.034921728	0.033500187	0	0	0.18610647	0.043930724	0.032165494	0	0.027763318	0.06149097	0.039620034	0	0.010350386
CD23A	C	0	0	0	0	0	0	0	0	0	0	0	0	0	0	0	0	0	0	0	0.2578139	0	0	0	9.200316	0	0	0.22433288	1.83742	0.04192511	4.7761426	0.020879852	6.196817	0.060804013	0.047251344	0	0	0	0	0	0	0	3.3652873	0.048095487	0.20056523	0	0.004779702	0.009053107	0	0	0	0	0	0	0	0	0	0	1.4545053	0.2943008	0	0.12774791	0.039393585	0	0	0	0	0	0.06039115	1.1797451	0.62050307	0.8913097	0	0	0	0.26138765	0.48554713	0.1519939	0.09685358	0	0.98660684	0	0.7630204	0	0	0	0	0	0	0	0	0	0	0.25329563	0	0.037373804	0	0	0	0	0	0	0	0	0.03922414	0	0.20737676	0.009481157	0	0	0.008864171	0	0.031991437	0	0	0.011607865	0	0	0	0.007239387	1.3765637	0	0	0	0	0	1.3312343	4.0381227	4.779082	0	0	0	0	0	0	0	0	0.009790164	0	0	0	2.634767	0	0	0	0	0.88451463	0.67893314	0	0.054678444	0.010065487	0	0	0	0.7303897	0	0.015250284	0	0.20118675	0	0.042339932	0	0	0	0	0.018711675	0	0.01507352	0.04726278	0	0	0	0	0	0	0.007397343	0	0	0	0	0	0.058051676	0	0.039568108	0	0	1.4913406	0.40042314	0	0.966465	0.7437836	0	0	0	0.4230057	0.56732774	0	0	0	0	1.0760393	0	0.026842136	0	0	0	0	0	0	0.7221849	0	0	0	0.007737955	0	0	0	0	8.374143	0	0	0.08374666	0.044888563	0	0	0.006257111	0	1.1849979	0	0	0.012724577	0.13876565	0	0	0	0	0	0	0	0	0.1430915	0	0	0	0.23958382	0.8340434	0	0	0	0	0	0	0	0	0	0.018039564	0
CD24A	E	0	0.011089361	0	0.0354212	0	0	0.007652352	0	0	0	0	0	1.2559714	0	0.07157224	0	0.024394175	0.038875505	0	0.11230765	0	0.024417102	1.4825493	0.025210546	0	0	0.08553814	0	0.019807018	6.717737	0	1.4527113	0	0.111479804	0	0.008181029	0	0.13886194	0.006246799	0.05813835	0.014431458	0.22673075	0.02487972	0.080835596	0	0.007614094	0	0	0	0	0	0	0	0	0	0.010589104	0.057595044	0	0.06946563	0	0.022467129	0	0	0.070895985	0	0.08370723	0	0	0.056721788	0.014116317	0.8251463	0	0.15029123	0.014331268	0.20483512	0.051352113	0.034917444	0.085888796	0	0	0.031709354	0.43194917	0	0	0.050779115	0.05845984	0	0	0	0	0.04182918	0	0.02802474	0	0.005966291	0	0.06399033	0	0	0	0.29228577	0	0.062832676	0.070029296	0.18331261	0.048270803	0.022880893	0	0	0	0.09426539	0.5273805	0.008912548	0.003851358	0	0	0	0.058238894	0	0.450421	0	0	0	0	0	1.2941196	5.775225	1.7990683	0.5784607	0	0.5126917	0	0	0.121550955	0	0	0	0	0	0	1.6337013	0	0	0.058200616	0.06147681	0.117209435	1.0269512	0	0.091310754	0	0	0	0	0.6552205	0	0.062148888	0	0.05416461	0	0	0	0	0	0	0.1616955	0.033647977	0.022057561	0.105053864	0.043734062	0	0.053800236	0	0	0	0	0.013416265	0	0	0	0	0.09992691	0.20614517	0	0	0	0.5008202	0.43881196	0.06313881	0.26304245	0.19860816	0	0.85008764	0	0	0	0	0	0	0	0	0.007085297	0.039318394	0	0.19897398	0.30367413	0.02690516	0	0	0.5604843	0.076024495	0	0	0	0.05389805	0	0	0	9.521642	0.004049253	0	0.013179627	0	0	0.061168432	0.016945718	0	0.9517416	0.013755639	0	0	0.11498142	0	0	0	0	0.07091678	0	0	0	0.33883104	0	0	0.07239177	0.6133683	0.48637143	0	0.013410744	0.6829375	0	0.051829718	0.10669033	0	0	0	0	0.42885217
CD25A	E	0.0268704	0	0	0.04720042	0	0.072026685	0	0	0.006972105	0	0	0.034253117	0.06892327	0	0.032772675	0	0.029449565	0	0	0.23458326	0	0	0.13491094	0.13676442	0.024341391	0	0.04277511	0.19938536	0.01029526	0.74578303	0	0	1.4178716	0.0323446	1.1170678	0	0	4.237227	0.00864143	0.03355992	0	1.2777779	0.043048993	0.14752223	0	0	0.012048759	0	0	0	0.094523184	0.031942435	0	0	0.32820094	0	1.7545615	0.039764963	0.2366467	0	0.4208206	0.06929215	0.93575644	0.08639653	0.25107393	0.023560027	0	0.0948174	0.15413389	0.04630497	0.047746968	13.635353	0.75650316	0	0.10361407	0	0.25613183	0.1298073	0	0	0.020015748	0.1327589	1.8023037	0.026889617	0.19118798	0.14249977	0.050892025	0.14526455	0	2.811654	0.54282004	0	0.057349235	0.5194318	0.14665638	0	0.632832	0.07069454	0.11832585	0.19917683	0.1544393	0	0.01268686	0.1522615	0.055799358	0.13974692	0	0	0.12570961	0.01856357	0.078222126	0.19310284	0	0.09702266	0.015923006	0.13117832	0	0.10151765	0.009543899	0.5629753	0.009302147	0	0	0	0	0.13917974	3.2504933	0	0	0.023043009	0.028216405	0.28400826	0	0.08350001	0	0	0.3462243	0.40276363	0	0.11358801	3.016973	0	0.13739447	0.16569701	2.9867532	0.008337682	0.53876555	0	0.058594596	0.015051845	0.007599486	0	0	0.08939297	0.096678734	0.022313096	0	0.18347958	0	0.07742079	0.011839966	0	0	0	0	0.022520043	0.025570378	0.02489796	0.15331477	0	2.8398445	0.48087865	0.38453454	0.13679619	0.010774943	0	0.007919853	0	0	0	0	0.5531175	0.066346005	0	0	1.1663929	0.35824	0.016100219	0.33227992	0	0.16641587	0.2098567	0	0	0.5351434	0.00685533	0.66130865	0	0	0	0	0.088770226	0.0111919	0.049561292	0.19426772	0.04517381	0.08234571	0.007509159	0.07619892	0.120266125	0	0.15745458	0.012973683	0	0	0	0.025998581	1.0828766	0	0	0	0.034848955	0.00806563	0	0	0	0.14682731	0.006424601	0.02057843	0.013326573	0.08779748	0.025682434	0	0	0	0	0	0.012018099	0	0.0540777	0	0	0.39808476	0.40830472	0.10887851	0.042993017	0.014929435	0.0855309	0.029737437	0.015846604	0.21249592	0.010554418	0.09184684	0	0	0
CD26A	C	0	0	0	0.02274995	0.005108686	0	0	0	0	0	0	0.052037288	0.7418762	0	0.006721397	0	0	3.5121217	0	0.2580476	0	0	0.66611475	0	0	0	0.04185215	0	0.015025261	0.7850079	0.05594382	0	1.6039895	0.009240453	0	0.005596254	0	0.0375262	0	0	0.014141692	0.2907348	0.00380211	0.12833284	0	0.017337961	0	0	0	0	0	0	0	0	0.02924033	0	0.068015866	0.10777116	0.05614294	0	0.00765627	0.041051857	0.04703928	0.114479125	0	0	0	0	0.122790895	0	0	0.013278822	0.6431898	0.016733613	0.24734782	0.03228559	0.046153072	0.07802306	0	0.094973244	0	0.6321888	0.058592383	0	0	0	0.17998233	0	0	4.8304214	0.18336752	0	0.24374413	0	0	0	2.3306727	0.08788594	0.07438557	0.14083323	0	0.031308364	0	0.09392076	0.2034575	0.1918487	0	0	0.08505677	0	0.05528428	0.42739904	0	0	0	0.006755971	0	0.0581069	0	0.5743452	0	0.1637173	0.019927774	0	0	1.91994	7.7954082	0	2.4942017	0.013369784	0.014737974	0.13045678	0.18199165	0.021239316	0	0	0.09287586	0	0	0.08388168	2.778376	0	0	0.048678417	0.9997052	0.01228659	1.2967216	0	0.12762259	0	0	0	0	0.11768577	0.02887664	0	0	0.042459313	0	0.037564404	0.11869733	0.006751106	0	0	0	0.058394592	0.006937914	0.013714284	0.21914975	0	0.43056628	0.103650935	0.3392763	0.09784312	0	0	0	0	0	0	0.042245433	0.5088462	0.0904873	0	0.054802824	1.7662573	0.91050315	0	0.18959917	0	0.25805515	0.043506425	0	0	0.74470365	0	0	0	0	0.0601769	0	0	0	0	0.5779783	0.025062362	1.5752188	0	0.023987263	0.1124154	0	0	0	0	0.59005713	0	0	0.11285443	0.006238413	0	0.004764058	0	0	0	0.004586268	0	0.31378636	0	0	0	0.053814437	0	0	0	0	0.005817261	0	0	0	0.04673549	0	0	0.16723788	0.31136155	0	0.5225613	0.017381094	0.13531953	0	0	0.049072977	0	0.050578598	0.08836189	0.027488101	0.041640516
CD27A	E	0	0	0	0	0	0	0	0	0	0	0	0	0	0	0	0	0	0	0	0.27033934	0	0	0	0	0.20778906	0	0.020415599	0	0	0	0	0	0.18199569	0.1319716	0	4.5082083	0	0.5399024	0.02639203	0.008848364	0	0.3136767	0	0.039393596	0	0	0	0	0	0	0	0	0	0	0	0	0.06659937	0.10357918	0	0	0	0	0.047980044	0.16477878	1.1118157	0.040439963	0	0	0	0.023304472	0	0	0.029951092	0	0.50404876	0.018536089	0.12192229	0.65247846	0	0	0	0.43094397	0	0	0	0	0.09147641	12.639195	0	5.664707	0.190839	0.048276167	0.064591	0	0	0	0.086988635	0	0.02409164	0	0	0	0.007044044	0.047067948	0.022572279	0.027425786	0	0	1.3273991	0	0.055838235	0.14193659	0	0.013620335	0	0	0	0.011290635	0	0.95838857	0	0	0	0	0	0	1.0642033	0.019401351	0	0	0.14031781	0.61253244	0	0	0	0	0.45238006	0	0	0	0.74635744	0	0.008636968	0	1.5155336	0	0.17750129	0	0	0	0	0	0	0	0	0.013953307	0	0	0	0	0	0	7.1560407	0	0.007898686	0.009301104	0	0.01156223	0.021274786	0	0	0	0	0.052152086	0	0	0	0	0	0	0.01458588	0.040870655	0.18102224	0	0.07198439	2.31847	0.19663276	0.011716964	0.036831997	0	0.16891201	0.17819008	0	0	0	0	0	0	0	0	0.013388163	0.007589551	0	0.07135419	0.03928019	0.04404301	0.07055045	0	0	0.05723765	0	0.008315248	0	0.00968292	0	0.59220976	0	0	0	0	0.019801728	0	0.004195279	0	0.00924714	0	0	0.007236287	0	0	0.06435589	0	0	0	0	0	0	0	0	0	0	0	0.05551515	0.58054817	0.06695763	0.5237546	0	0	0.01866725	0.010203662	0	0	0.071499184	0	0	0.056136437
CD28A	E	0	0	0	0	0	0	0	0	0	0	0	0	0.0481743	0	0	0	0.05178486	0	0	0.48180676	0	0.028589368	0	0	0.14408514	0	0	0	0	0	0	0.020694012	0.025009474	0	0	0.013427556	0	0.027377045	0.011149164	0.050871223	0	0.07806208	0.008481506	0.07986462	0	0	0	0.014283438	0	0.028901055	0.014407911	0.03354265	0	0	0.00609327	0.016164104	0.2717747	0.008807978	0.2568381	0	0.009632846	0.010946539	0.27442703	0.224182	0	0	0	0	0	0.026001174	0.025481623	0	0.2521331	0.033221208	0.5560545	0.13170971	0.11029878	0.09795679	0	0	0.06557512	0.27277038	0	0.13710824	0.007092292	0	0.1298721	0.025011804	0	11.404941	0.5533309	0.048318643	0.035212353	0	0	0.14340353	0.19539028	0	0	0	0	0	0	0.027181568	0.2033944	0.024358753	0.004622134	0	0	0	0	0.4109627	0	0.051211655	0	0.008368884	0	0.11998935	0	0.86831176	0	0	0	0.052806746	0	0	9.910989	0	1.9410685	0	0	0.30237004	0	0	0	0.06499735	0.02573804	0	0	0	0.25702992	0	0	0.013064702	3.626788	0	1.7150879	0.043220703	0.12310819	0	0	0	0.06166312	0	0	0	0.015202857	0.11681453	0	0	0	0.007153827	0	2.2562218	0	0.11870901	0	0	0.6669922	0.058495894	0.17099163	0.015972933	0.09167063	0.057502087	0	0	0	0	0	0	0.55968297	0.21218626	0.010417202	0.30997905	0.2026306	2.4048245	0.46190774	0	0	0	0.24637735	0	0	0	0	0	0	0.004229278	0	0	0	0	0	0.011125124	0.037532438	0.0528923	0	0	0.032280378	0	0.02539188	0	0	0	0.04749805	0.117611304	0	0.018422963	0	0.032660905	0.021390125	0	0	0	0.054563634	0.023992615	0	0	0	0	0	0	0	0	0	0	0	0	0.010295031	0	0	0	0.76344395	0.18835887	0.029975295	3.4343147	0	0	0	0	0	0	0	0	0	0.25026983
CD29A	E	0	0	0	0	0	0	0	0	0	0	0.14594893	0	0	0	0	0.035577916	0.18170924	0	0	0.03817599	0	0	0.012827484	0	0	0	0.07542734	0	0	0.026032107	0	0.013108458	3.7915733	0	0.018125746	0.035924066	0	0.005273064	0	0	0	0.014336537	0.010815479	0.023058763	0	0	0	0.02901079	0	0.040276825	0.068578474	0.28798896	0	0.005405252	0.6368519	0.0192555	0.052773237	0.16136387	1.3272396	0	0.016205866	0.07657318	0.18135132	0.003577265	0.36129922	0	0	0	0.10079442	0	0	0.004450333	0	0	0.003249688	0.01949733	0	0.076220974	0	0.28723314	0.14499374	0.013496039	0.58810204	0	0	0.04807038	0.17921615	0	0	0.08008294	0.12885362	0	0	0.16906297	0.004706699	0.019335927	0.27809808	0	0.16424158	2.3400843	0.117985204	0	0	0.33968467	0.10889716	0.008149285	0	0	0.14475311	0	0.09074267	0.89901835	0	0	0	0.019698914	0	0.8555831	0	0.037043083	0	0.044616424	0	0.04002819	0	0.038452156	0.34594697	0	0	0.003789766	3.5604565	0.22723007	0	0.015578385	0.077846766	0.030314162	0	0	0	0.27099067	0	0	0	4.4039083	0.2533157	0.01923182	0.06294268	0	0	0	0	0	0.027433917	0.007730384	0.009317937	0.02366298	0.010250138	0.29335922	0	0.053316962	0	0	0	0.087486394	0.009576591	0.15415582	0.016421286	0	0	0	0.96033597	1.1079283	0.27870172	1.3330606	0	0	0	0	0	1.8199433	0	0.013339701	0.12217839	0.015914585	0.047891147	0.030850645	0.031973515	0	0.38269922	0	0.61502296	0.20285776	0	0	0	0.008717234	0	0	0	0	0	0.018546378	0	0.055166148	0.95709586	0	0.24033767	0	0.07147145	1.0073277	0.06964982	0	0	0.005264161	0.014572299	0	0.05047392	0.033637945	0	0.107634746	0	0	0.010608075	0	0.010643878	0	0	0	0	0	0	0	0	0	0	0	0	0	0	0	0	0	0.008876123	0	0.006998168	1.85205	0	0.12657428	0.02239896	0.005557197	0	0	0.5022555	0	0	0.00992902
CD30A	E	0	0	0	0.048921384	0	0	0	0	0	0.15159243	0	0.004076249	0	0.07036316	0	0	0.02211634	0.15649863	0	0.21426234	0	0	0	0.015947651	0	0	0.061303917	0.13390657	0	0.20355257	0	0	2.0842516	0.040116765	0	0.008908488	0	0	0.020828422	0.03133384	0	0.20541757	0	0.071115054	0	0	0.012114059	0	0	0.032789037	0	0	0	0.009050566	0.012909473	0.01243301	0.19627233	0	0.25368673	0	0.005962071	0	0	0.45400247	0	0.03513531	0	0	0.19458146	0.03704198	0.056006346	0	0.4102031	0.6210259	0.83480453	0.040831354	0.20959173	0.12705845	0	0.14297797	0.05063407	0.40450245	0	0	0	0	0	0	0	3.6718323	1.165286	0.056018677	0.014248272	0.20824386	0	0	0.15324582	0	0.119516805	0	0	0	0.011825146	0.112645574	0.21734792	0.032623496	0	0	0	0.010668017	0.13053273	0.6508223	0	0.003382275	0	0	0	0.7285469	0	0.31745487	0	0	0	0	0	0.06351295	9.794545	0	0.20126215	0.012878274	0	0.37504688	0	0.22340497	0	0.06897276	0	0	0	0.110450104	0.94799304	0	0	0.14579731	6.025042	0	1.6921688	0	0.24341305	0.006662043	0	0	0	0.04164779	0.024097351	0.017192092	0	0.037543528	0	0	0	0.008821917	0	0	0.009746242	0.08276055	0.009287662	0.033942036	0.073473684	0	0	0.014965124	0	0	0.007574327	0	0	0	0	0	0.38288382	0.36677906	0.08225332	0	0.031083476	0.7937628	1.6026783	0	0.9757385	0	0	4.7758675	0	0	0	0.05871566	0	0	0	0	0	0.02566687	0.007452828	0.082749195	0.2580413	0.08887193	0	0	0.26755202	0.06605513	0.052037507	0.41218722	0	0	0	0.24384354	0.03262349	0.32922766	0	0	0.022293895	0.034784615	0	0	0.003785217	0	0.04104951	0	0	0.008195745	0.06243548	0	0	0.027684981	0	0	0	0	0.010814552	0.02059409	0	0	0.89368296	1.0921614	1.7848581	0	0.005398101	0.048066527	0.06186985	0.015670659	0.07152826	0	0	0.048521575	0.00682114	0.37038752
CE19A	E	0	0	0	0	0.011297922	0	0	0	0	0	0	0	0	0	0	0	0	0	0	0.12147602	0	0.039251197	0.15575682	0	0	0	0	0	0	0	0	0.0355011	0.028169366	0	0	0.17304607	0	0	0	0	0.009553435	0.22356649	0.004287974	0.32484192	0	1.1059415	0	0	0	0	0	0	0	0.032484457	0	0	0.03846813	0.007603242	0	0	0.005021723	0	0	0	0	0	0	0	0	0.12152406	0.07734053	0	0.6255625	0	1.949615	0.39503106	1.1892519	0.15048882	0	0	0	0.52265716	0	0.36392498	0.04846403	0	0	0	0	0	0.033656858	0	2.2231078	0	0	0	0	0	0	0	0	0	0	0.024961406	0	0.12380341	0	0	0	0	0.04767152	0	0	0.010341319	0	0	0	0	0	1.7955239	0	0	0	0	0	0.25973892	5.4280148	0.35919544	0.3798277	0	0	0.63430566	0	0	0	0	1.0726664	0	0	0	9.357752	0	0.05974798	0	0.08249878	0	0.2983791	0	0.28955242	0	0	0	0	0	0	0	0	0.057523385	0	0	0	0	0	0	0	0.013932261	0	0.008419689	0.101893306	0.12976429	0	0	0.03366553	0	0	0	0	0	0	0	0.13025853	0	0.007500828	0.07662733	0	4.8982983	0.45868707	0	0.020569861	0.14105216	0	0.010432209	0	0	0	0	0	0	0	0	0.54556024	0.009598088	0	0.07349558	0.029966272	0	0	0	0	0.07318348	0	0.1480853	0	0.020414941	0	0	0	0	0	0	0.045008287	0	0	0	0.008227762	0	0	0	0	0	0	0	0	0	0	0	0	0	0.007909014	0.045350872	0	0	5.306156	0.7261767	0.029799554	0.14681703	0	0	0	0	0.5236023	0	0	0	0	0
CG50A	C	0	0	0	0.024617594	0	0.013169152	0	0	0	0	0	0	0	0	0	0	0.073615886	0.04968337	0	0.011886379	0	0	0	0.008276969	0.031259626	0	0.02326556	0	0	0.08599659	0.00448856	0	0.2409206	0	0.1231395	0.007529651	0.02976612	0.107378796	0.011134663	0.02636854	0	0.048459373	0	0.083242156	0	0.01280544	0	0	0	0	0.105410084	0.18808372	0	0.004275101	0.006973229	0.014778037	0	0	0	0	0	0	2.1863022	0.016093152	2.2344964	0	0	0	0	0.037016086	0.01684218	0.120847784	0.08079809	0.023158817	0.016179334	0.012146064	0.035153136	0.020880666	25.102522	1.0703146	0.27685207	0.47171298	1.6009622	0	0	0	0.03700543	0	0	1.0589483	0.18043076	0	0.24178256	0.038470156	0	0	0.12544252	0	1.3330364	0.11822576	0.051844474	0	0	0.039267953	0.019580482	0.12526605	0	0	0.04569255	0	0	0.033077646	0	0	0	0	0	0.007216964	0	0.25215986	0	0.030592006	0	0.015536698	0.025351033	0.02584481	0.18492047	0	0.14423348	0	0.15428029	0.17450982	0	0	0	0	0.03794353	0	0	0.048027616	0.13937135	0	0.8918676	0.008473448	0.6051001	0	0.028201435	0.025085244	0.044261053	0	0	0	0	0.015780874	0	0	0.004309912	0	0	0	0.007384412	0	0	0.096371815	0	0.013819138	0	0	0.029004298	0	0.08955792	0.029218964	0.04903368	0.09305404	0	0	0	0	0	0	0	0	0.007882548	0	0.72415763	0.6465299	0.77389723	0	0.116333514	0	0.13010064	0.028483367	0.1445007	0	0	0	0.87319165	0	0	0	0	0	0	0	0	0.027202265	0.14773518	0	0	0	0	0	0	0	0	0	0.019680094	0.12997642	0.010123267	0	0.006228424	0	0	0	0.016653141	0	0.01674068	0	0	0	0	0	0	0	0.013216879	0.02561651	0	0	0	0.09944119	0	0	0.09697056	0.14001973	0	0.1329987	0	0	0	0	0.035407357	0	0	0.124340504	0.019314384	0.007678012
CK05A	C	0	0	0	0	0	0.036644842	0	0	0	0	0	0.004638724	0	0	0	0	0	0.0758981	0	0.11240263	0	0	0	0	0.7924009	0	0.064705275	0	0	0	0.010667144	0	0.26934344	0.013237599	0	0.06345698	0	0	0.01671248	0.09045763	0.019775242	0.24776551	0	0.123109244	0	0.011094942	0.009162194	0	0	0	0	0	0	0.008090379	0	0	0.3162635	0.005319845	0	1.0310352	0.033898618	0.13814896	0	0.6852445	0	0.042871136	0	0.059720647	0	0.06782242	0	0	1.1819315	0.12440417	0.31376892	0.07452168	0.20355448	0.13997091	0.070266664	0	0	1.2739217	2.6400685	0.43023098	0.010177961	0	0.33527157	0.19997095	0	0	0.043982085	0	0.6609118	0	0.010031869	0	0	0	0.04322619	0	0.18319619	0	0	0.114056036	0	0.08271596	0	0	0	0.01286424	0.20425043	0.050758995	0	0.005356848	0.010947721	0	0	0.011135827	0.006995563	0.87495816	0.013753698	0	0	0	0	0	0.42250168	0.4540753	0.31930017	0	0	0.6061072	0	0	0	0	0.5109053	0	0	0.029050106	5.440865	0	0	0	0.07553159	0	0.047484636	0.09626462	1.7485539	0.007920933	0.007200566	0	0	0	0	0.052160405	0.004514768	0.040506527	0	0	0.04214878	0	0	0	0.13823962	0.011498829	0.032295503	0.09785477	0	0.035177495	0	0	0	0	0.011339158	0	0	0	0	0	0.6541284	0.06532664	0.22319585	0.02635492	0.13165049	2.6213925	3.2146282	0.021769898	0.84104675	0	0	0	0	0	0	0	0	0.24718413	0	0.026588734	0.05796549	0.006885777	0.008286943	0	0.033737976	0.09132153	0	0	0.28041095	0.043037634	0	0.012981912	0.012280368	0.011820684	0.08021022	0	0.008485327	0	0.01888328	0	1.2255003	0.039110813	0.010041021	0.037712317	0.06780598	0.31380725	0	0	0	0.008430614	0.15483585	0	0	0	0	0.007767068	0.030753694	0	0	0	0	0	1.0271431	1.2130592	0.32684144	0	0.012339991	0	0	0	0	0.007267182	0	0.7587692	0	0.14041105
CK28A	C	0	0	0	0	0	0	0	0	0	0	0	0	0	0	0	0	0.19467455	0.19971098	0	1.885639	0	0.07546469	0	0.04639958	1.0558032	0	0.450583	0.46516842	0.04752554	0	0	0	0	0.24897122	0	0	0	0	0	0.42337295	0.027059345	0.072162345	0.030282145	0.22334069	0	0	0.014679271	0	0	0	0	0	0	0.0305201	0	0.05048456	0	2.077205	0.09915782	0	0.10243657	0	0.14116928	0.11169745	0	0.04458378	0	0.14094897	0.11852649	0.32026273	0.1732572	0	0.531754	0.11802159	1.3419076	0.3128031	0	0.2928952	0	0	0.06633543	0.8670876	0	0	0.86866075	0	0	0	0	0	0	0	0.10700729	0	0.02973136	0	0	0.14732692	0	0	0	0	0.08105622	0.108313605	0.103869796	0.14950034	0.024353558	0	0	0.012772184	0.22320373	0.04473219	0	0	0.02545718	0.25484803	0	0.07598759	0.008983149	1.8183081	0	0	0	0.18263482	0	0	7.264861	0.75338376	0.09171457	0.04153213	0	0	0	0	0	0	0.20768069	0	0	0	0	0	0.067524254	0.078217104	0	0.029558718	1.1814158	0	0	0.016902443	0.008443398	0.022787053	0	0	0.041211583	0.039489817	0	8.451722	0	0.19966458	0	0	0	0	0.050911624	0.024154529	0	0.22889496	0	0.17522274	0	0	0	0	0.010916208	0	0	0	0	0	0	0	0	0	0	6.131826	5.3568416	0.043143526	0	0	0	0	0	0	0	0	0	0	0	0.03457584	0.05893808	0.057593632	0.008140765	0.054987904	0.14302889	0.101096325	0	0	0.38390946	0.48702905	0	0	0.012035144	0.09966597	0	0	0	0	0	0	0.12362495	0.100994445	0	0.12203054	0.005120145	0	0	0.041498117	0	0.011996305	0.18685813	0	0	0.08687243	0	0.02430964	0	0	0.029327553	0.76678437	0	0	2.3350477	0	0	1.7434554	0.01786867	0	0.17884059	0.013405963	0.3692402	0.017085966	0	0.32333216	0	0.58734524
CK51A	C	0.109429866	0	0	0	0.006468428	0.019352766	0	0	0.020754466	0.6571113	0	0.17309123	0	0	0	0	0	0	0	0	0	0.019229766	0.8071893	0.5353851	0	0	0.07458307	5.5882816	0	0.19348198	0.16501954	0	0.9099019	0.031202717	0	0	0	0.33026418	0	0.022014312	0	0.66470194	0.575053	0.32355574	0	0.015750756	0.024514522	0	0	0	0.15123849	0	0	0.045181092	0.5417045	0	0.022605574	0.037251063	0.42724946	0	0.6223291	0.038817983	0	0.018398158	0	0.041121613	0	0.11889056	0.18853775	0.017655745	0	0	0.47325456	0	0.15906858	0.06439649	0.14802665	0.059310675	0	0	0	0.1391674	0.038919263	0.05043899	0	2.4946241	0	0.030522062	0	0	0.094320424	0	0.041314445	0.107520476	0.27006933	0	0.10184723	0	0.05199706	0.36905375	0	0	0.31969097	0.44239914	0	0.14572902	0.009135306	0	0	0.03169379	0.09357878	0.013614806	0	0.03465889	0.023918148	0	0	0	0.021192282	0.49431998	0.013553198	0.04140601	0	0	0	0.17451718	0.39326403	0.015084174	0.14899383	0	0	0	0	0.020406472	0	0	0.045377262	0	0	0.09712602	0.6393966	0	0	10.693372	0.52156496	0.009510395	0.06315255	0	0.15701696	0.02009985	0.017207274	0	0	0.043987215	0	0.08019423	0	0.59278035	0	0.091145426	0	0	0	0	0.008307639	0	0.058990892	0.073222086	0	0	0	0.5993129	0	0	0.031772215	0	0.018649569	0	4.8236365	0	0	0	0.1450081	0.31955263	0	1.0341442	0.228805	0.027005	1.3308165	0	0	0.12683839	1.5430815	0	0.56895924	0	0	0	0	0	0.02097669	0.5483619	0.022272056	0.559925	0.7350433	0.01840069	0	0	0.09929167	1.7796382	0	0	0.027740901	0	0	0	0.024819277	0.23426424	0.007297054	0	0	0.04333423	0.03467924	0	0.020327657	0	0.10344405	0	0.027831387	0.024991602	0.09088926	0.033491187	0	0	0	0.058847357	0	0.017461823	0	0.10611989	0	0	0.14012763	0.3985248	1.1636127	0	0.03384475	0.074577816	0	0.25502512	0.1353838	0.044091303	0.29794273	0	0	0.042001396
CK52A	C	0	0.008494309	0	0.015423058	0	0	0.004353349	0	0.07219566	0	0	0.09964721	0.14797516	0	0.0708698	0	0	0	0.16824162	1.505749	0	0.027561812	0	0	0.07514625	0	0.078637004	0	0.10628881	0.08623274	0	0	2.8640559	0.077606365	0	0	0	0.10279764	0	0	0	0	0	0.028409729	0	0	0	0	0	0	0.23839334	0	0	0.012709629	0.3353032	0	1.3496292	1.3653845	1.6996148	0.22615921	0.008389186	0.047125336	0.05963638	0.13420005	0.17319989	0.04565371	0	0	0.18723162	0.014929534	0	0	0.23807459	0.018503007	0.29206368	0.06967339	0.023118494	0.2313892	0	0	0	0.5946207	0	0	0	0	0.6292274	1.9993075	0	1.8039004	0.23107013	0.046912596	0.05520055	0	0	0	0.1410395	0	0.19675696	0.18330789	0	0	0.024808567	0.3189614	0	0.039512284	0.014279349	0	0	0	0.12502122	0	0.025838321	0	0	0	0	0.004945608	0	0.3475421	0	0.10976247	1.307601	0	0	0.10725273	0.37841374	0	0.86179686	0	0.39216718	0.22523297	0	0.046069525	0	0	0.028524201	0	0.095958486	0.21261156	1.8539822	0	0	0.22880274	1.0757527	0.007090379	0.06934092	0	0.086836904	0	0.013828496	0	0	0.07829944	0	0.050624058	0	0.41396046	0	0	0.03031701	0	0	0	0.077714086	0	0.034413084	0.049329642	0.017218007	0	0	0.67187494	1.4668368	0	0	0	0.009357204	0	0	0	0.03621666	0.16171756	0.36316323	0	0.006747295	0.987679	3.1811619	0.041422162	1.111354	0	0	0	0	0	0	0	0	0	0	0	0	0.04896151	0	0.22764416	0.44895402	0.18308151	0	0	0.114771895	0.27586228	0	0	0	0.14800282	0.16120085	0.2850705	0	0.12630689	0.009720407	0	0.009776781	0	0.011647175	0.056644805	0.020592982	0.105339326	0.031948883	0.01465869	0.24027099	0	0.088855505	0.02466913	0	0	0	0	0	0	0	0.055272106	0	0	0.19780786	0.095515676	0.12767752	0.40884233	0.01004985	0.093029	0	0.049724936	0.12933773	0	0.10243506	0	0	0.13954078
CM15	C	0.059900574	0	0	0	0.49182555	0	0.03225901	0	0	0	0.4601074	0	0	0	0.27219823	0	0.35923147	0.033346448	0	0.3683807	0.120349705	0.024204178	0	0	0	0	1.3454007	0	0.58526486	0.021471424	1.3990937	0.024531981	0	0.09770837	0	0.006617556	0	0.58733267	0	0.036646973	0.7493699	0.09089661	0.03818877	0.09265063	0	0.06590687	0.037633315	0	0	0.06675102	0	0	0.16447325	0.8772756	0.39331388	0.053254157	0	0.22471847	1.322244	0.6487982	1.7816316	0.07380414	0	0.029311625	0	0.2846207	0	0.10676964	0.06657448	0.035157304	0	0	0.06188341	0.112882145	0.31162092	0.075925276	0.07264406	0.101208866	0	0	0.079184756	0.115899965	0	0	0.02632207	0	0	0.042484716	0	2.1958642	0	0	0.048771504	0	0.6053898	0.045076877	0	0	0	0	0	0	0.16690367	0.17448944	0.1351934	0.05099651	0.23877266	0	0	0.054084085	0.19747673	1.3891383	0.037209686	0.09996869	0.049101997	0	0	0.10821112	0.033846557	0.2043195	0.021655096	0.095449045	0	0.081815295	0	0.20697315	2.315767	0.18157165	1.6378955	0	0	0.113159314	0	0.34671468	0	0.09579951	0	0	0	0	4.385895	0	0.009362723	0.22049683	0	0.021332877	0.40493706	0	0	0.04612415	0.024846079	0	0.112825386	0.009542984	0	0.15548375	0.093289666	0.5507053	0	0.08065127	0	0	0	0	0.16879572	0.3266423	0.49059078	0.5254778	0	0.07039472	0	0.67690635	0	0	0.04169128	0	0	0.031277638	0	0	0.06632461	0.27135375	0.45705703	0.0828098	0.011093485	0.54270333	0.90488255	0.33975044	0.35482058	0.13890252	0	0	0	0	0	0	0	0.17495976	0.02800367	0	0.03014919	0.5928889	0.03194068	0.5232563	1.015828	0.071035646	0	0	0.89713275	0.25645444	0.03749354	1.1059967	0.03952873	0.093219385	0	0.16342384	0	0	0.04926075	0.9619585	0.049244452	0.07331721	0.075214624	0.066838115	0.5718759	0.22051905	0.011898252	0.032807305	0.037483163	0.05095849	0.23885092	0.10539962	0	0	0	0.08032909	0.082248665	0.02791117	0.15376242	0.01796644	0	0	0.21028312	0.29527923	1.0042015	0.33071166	0.43852645	0	0	0.15938868	0.048735075	0.029303558	0.09731901	0.107852094	0.01309039	0
CM17	C	0.09787241	0	0	0	0	0	0	0.018370772	0.07004763	0	0	0.13480553	0	0	0.042821553	0.035239846	0.14654838	0.054196235	0.0362318	0.40410993	1.3165996	0	1.6227436	0.13401534	0	0	0.49611548	1.1573807	0.33458388	0.9069454	1.013918	0	0.3138582	0.13389787	0	0	0	0.520484	0	0.028154535	0.1309014	0	1.963826	0.20657484	0	0	0	0	0	0.096852474	0	0	0.050919164	0.25296658	0.43724814	0.021856591	0	0.2329699	0.19832802	0.088581584	1.1427832	0.18461989	0	0	0	1.0422245	0.011334778	0	0.11354193	0	0.016040154	0	0.04169089	0.019315438	0.18864407	0.01529681	0.015518871	0.10186372	0	0	0.07817424	0.16276014	0	0	0	0	0	0	2.209667	0.35721424	0.6243502	0.02343366	0.03475396	0	0.2877018	0	0.055275112	0.05897924	2.1495998	0.10256888	0	0	0.15245421	0.119023524	0.14829956	0.07841051	0.02083726	0	0	0.011895484	0.53600353	2.693769	0	0.054372013	0	0.037255686	0	0.60105765	0.010687898	0.10332696	0	0.10782681	0	0.05865931	0	0.43909904	1.0453638	0.1948642	0	0.08731064	0.2681494	0.21325602	0	0.042568933	0	0	0.04552633	0	0.11750755	0.043959282	0.19809166	0	0	0.27050072	0	0	0.11007468	0	0	0.008844546	0.024329862	0	0	0.10401578	0.44410676	0.2697094	0	1.4496287	0	0.093782	0.012569479	0	0	0	0.29242545	0.19163758	0.50026304	1.7724912	0.03154954	0.030675441	0	0.8963206	0	0	0	0	0.020344181	0.11443021	0	0	0.049682133	0.26700312	0.20784758	0.021331467	0	0.122552805	0.38680017	0.32894108	0.16073926	0	0.5433235	0.05012918	0	0	0.5841639	0.031541206	0	0	0.045010902	0	0	0.021356618	0	0.28911358	0.8267464	0.05192251	0	0	0.20296498	0.16930613	0.04951717	0.18308522	0	0.017934822	0.05711477	0	0.11252508	1.3169234	0.07003201	0	0	0.0380188	0.9374778	0.14576611	0.24920793	0.05617831	0.19854663	0	0.2782627	0	0.6389517	0.14178084	0	0	0	0	0	0.04748353	0	0	3.1846104	0	1.1079358	0.41092893	0	0.027237706	1.8564978	0.24264279	0	0.12421592	0	0	0.15019017	0	0.073908456	0.04841771
CM21	C	0.062410545	0	0	0.012990295	0	0	0	0	0	0	0.048987865	0.019314382	0	0	0	0	0.008689008	0	0	0	0	0	0	0	0	0	0.112355165	0	0.024589993	0.41041794	0	0	1.3532106	0.017944101	0.44855544	0	0	0	0.007024167	0	0.014382715	0.19387677	0	0.05861805	0	0	0	0	0	0	0	0.7428655	0	0.012375793	0.09847278	0	0.089473665	0.011054473	0.32852665	0.04175786	0.028108211	0	1.6396581	0.0714578	3.5162044	0.040638477	0	0	0.21086492	0.027223872	0	0.5048248	0.015646838	0	0.011408609	0	0.0200207	0.08266402	0	0.109541565	0	0.14477153	0.44911572	0	0	0	0.4930703	0	0	6.4417305	0.34248602	0.6426802	0.9518286	1.5137565	0.06468263	0	0.27389032	0	0.14557591	0.30225995	0.098743126	0	0.007017559	0.40535948	0.044089083	0.057567526	0.007493876	0	0.123197496	0	0.06791351	0.02842727	0	0	0	0.007892149	0	0.011163485	0	0.081997395	0	0	0	0.009721208	0.14188504	0.10562555	1.3127538	0	0.014113925	0.029616458	0.058811355	0.64693344	0	0.043354195	0	0	0.17847696	0	0	0.09471125	0.46989745	0	0.011157271	0.17059216	1.1021441	0	0.23210624	0	0	0	0	0	0	0.11184701	0.010386827	0.07460988	0.017399767	0.05655837	0	0	0	0	0.014028457	0	0.1857507	0.010606804	0.017818304	0.02693523	0.053696442	0	0.6143235	0.22841568	1.4400387	0.15322961	0	0	0.01471798	0	0.04614821	2.744625	0	0	0.019864716	0	0.03938866	0.09587755	0.25675648	0.033771187	1.127074	0	0.1500988	1.664901	1.0063444	0	0.047421463	0	3.7620544	0	0	0	0	0.021388477	0	0.040842537	4.1556997	0.22135599	1.6489004	0	0	0.30408278	0	0.008834838	0	0.007151441	0	0	0.07010791	1.0164851	0.09475221	0.10381892	0	0	0.025849964	0	0.07567789	0.054179005	0.12361811	0	0	0	0.100989334	0.076811284	0.062361043	0	0	0	0	0.017527007	0	0	0	0	0.049102593	0.05028847	0.010364552	0.117375985	0.047520112	0	0.03554376	0.006927041	0	0	0.16720709	0.24454069	0	0.1063454
CM28A	E	0	0	0	0.016397307	0	0	0	0	0	0.22374661	0.13156995	0.018190451	0	0	0.015321907	0	0.092983834	0.06789996	0	0.033030808	0	0	0.096037604	0.02486771	0.00952434	0	0.054863486	0.2416455	0.019962706	0.7694966	0.011443838	0	1.924467	0.009005952	0	0	3.3641992	0.022291306	0	0.008201313	0	0.12600403	0.003965054	0.19510488	0.014538941	0.13849717	0	0.11761146	0.014289246	0.08235902	0.14511462	0	0.005761323	0.003988285	0.5600051	0.01826725	0.06553573	0.29359058	0.24497986	0	0.004606744	0	0.12978604	0.020665443	0.27351442	0	0	0	0.22974634	0.014921561	0	0	0.118457474	0	0.22088462	0	0.05018886	0.0777667	0	0.10958562	0.027173001	0.2404288	1.2485863	0	0	0	0.39881212	0	0	1.430521	0.2755723	0	0.0411296	0.1430817	0.008748736	0	0.90181106	0	0.15026994	0	0.5914668	0	0.02813338	0.23488817	0.1348372	0.06708046	0	0.03589034	0.17263971	0	0.103358455	1.7790793	0	0.015665114	0	0.011086575	0.004909432	0.14596999	0	0.44955003	0	0.34550163	0	0.022720547	0.12271387	1.1186446	3.660357	0	0.15586361	0	0.14835136	0.21463205	0	0.08338945	0	0	0.13864134	0	0	0.17036453	0.022290558	0	0	0.13615358	0.30843216	0	0.62826884	0	0.14871038	0	0	0	0	0.1338818	0.003750584	0.019672997	0	0.036924146	0	0	0	0	0.113608286	0	0.014185003	0.14390688	0.034991868	0.055643626	0.025935793	0.050350618	4.8631783	0.34425706	0.6707382	0.31979305	0	0	0	0.06351803	0	0	0.10163369	2.4136975	0.044857938	0	0.023859031	1.0316235	0.20564148	0.025975658	1.1393839	0	0.36982623	1.1222718	0	0.05631661	0.07581446	0	0	0	0	0	0	0.029080726	0	0.085501745	0.21984191	0.04366094	0.61204815	0	0	0.28734303	0	0.028168432	0	0	0.061037123	0.07740505	0.036242343	0.5590822	0.013145085	0.04147171	0.007261901	0	0.007182332	0.042215955	0.005702429	0	0.17806439	0	0.0084261	0	0.053635277	0	0	0	0	0	0	0	0.009474	0.037553914	0.13667342	0	0.014113728	0.76664436	0.38534337	1.186148	0.016812524	0.034269698	0.027104165	0.025640063	0.06929228	0	0.050569583	0	0	0.21616556
CM29A	E	0.01948991	0	0	0.061059553	0	0	0	0	0.11485326	0	0	0.015263048	0	0	0.064071365	0	0.005496864	0.86504924	0	0.11601035	0	0.010612833	0	0	0	0	0.066542044	0	0	0.008689446	0	0	0.28891236	0.035315007	0	0.007206369	0.06210424	7.322208	0.03695621	0.06383003	0.013929997	0.27366722	0.011460467	0.094485864	0	0.03365839	0	0	0	0	0.13665073	0.22159593	0	0.010604188	0.1457571	0	0.11308987	0.044989973	0.11689904	0	0.03157491	0	0.13225846	0.14629446	0.5581744	0.03836248	0	0	0.119038545	0.03716981	0	0	0.024024779	0.05038992	0.10701018	0.034923263	0.122872	0.073639445	0	0	0	0.4243298	0.08422541	0	0.00369422	0	0.1758709	0.24897948	0	3.509606	0.34597668	0	0.98506194	0.93118066	0.013349786	0	0.16508608	0.0829633	0.05652643	0.13615884	0.07757609	0	0.013197035	0.12970416	0	0.07037655	0	0	1.5215473	0	0.08044886	0	0	0	0	0.04963848	0	0	0	0.6613094	0	0	0	0	0.038981482	0	1.7137054	0.042832334	1.3968374	0.096495606	1.2689065	0.3719437	0	0.059047062	0	0	0.23534599	0	0	0.036855742	2.075721	0	0.8239569	0.0937835	1.4419416	0	0.28774217	0	0.17246054	0	0	0	0	0.012294989	0.25144026	0.03276294	0	0.22954652	0	0.02367919	0.022469446	0	0	0.8513299	0	0.028183335	0.010907006	0.06926586	0	0	0.26219	0.55403465	0.83777755	0.1636395	0	0	0	0	0	0	0.038505595	0.17387246	0.019357765	0.0461451	0.022546655	1.5601423	1.0653497	0.013356554	0.18528429	0	1.2690988	0	2.9788098	0	0	0	0	0	0	0.003615907	0.005180606	0.052368615	0	0.35081387	0.18365802	0.031480692	0.12149852	0	0.04479305	0.13898687	0	0.025780499	0	0	0	0.09398787	0.02249852	0.021582779	0.009047433	0	0.015310315	0	0.007577488	0.043738686	0	0	0	0.010966198	0.005095141	0	0.055618875	0	0	0	0	0.038221586	0	0	0	0.0902039	0	0	0.15383928	0.6259966	0.4045862	1.5885497	0	0	0.32085067	0.081058696	0.12821223	0	0.04208125	0.24249892	0.04969281	0
CM30A	E	0	0	0	0.05014368	0	0	0	0	0	0	0	0	0.10641091	0	0	0	0	0.8542112	0	0	0	0.048570164	0	0	0.42744437	0	0.062279973	0	0	0	0	0.032052923	0	0.07645981	0	0.019203706	0	0	0	0	0	0	0.10137231	0.77941084	0	0.023867205	0	0	0	0	0	0.014255455	0	0	0.11535609	0	0.05638944	0.37878096	0.07370904	0	0.11855539	0	0	0.11695334	0	0	0	0	0.07483609	0	0	0	0.032022078	0.024353063	0.012716094	0.28841582	0.028945943	0.22160444	0	0	0	0.13776055	0	0	0.016643744	0	0	0	0	0.00938552	0	0.0890535	0.06962914	0.009451883	0.050908245	0	0.055501767	0	0	0	0	0	0	0.043759618	0	0.25986302	0.010651858	0	0	0	0	0.025280092	0.01869823	0	0	0	0	0.043077424	0	0.9419752	0	0	0	0.11131307	0	0	22.663572	1.0303317	0	0	0	0.08327249	0	0	0	0.104934104	0.31029823	0	0	0	0.20851013	0	0.036760256	0.07236117	0	0	3.886311	0	0	0	0	0	0	0	0	0.040566023	0.004809813	0	0	0	0.020340208	0	0	0	0.03361783	0	0	0.041535817	2.5975351	0	0	0.04673243	0	0	0	0	0	0	0	0	0	0	0	0	0	3.1415403	1.149768	0	0.095512465	0.05181857	0	0.07074498	0	0	0	0	0	0	0	0	0	0	0	0.60708046	1.1606411	0.02466998	0	0	0	0.088847175	0	0.006058783	0	0.10610954	0	0.15073143	0	0	0	0	0.037592843	0	0	0	0	0	0	0.007156485	0.025503295	0	0.079547614	0	0	0.28991902	0.20260175	0.93321484	0	0	0	0.041766025	0	0	0.36302033	0.061511215	0	0	0	0	0	0.07107631	0	0	0	0.079348765	0.114834934	0
CM31A	E	0	0	0	0	0.011157709	0	0	0	0	0	0.004282984	0.13348456	0	0	0	0	0.22608513	0.33113214	0.24192443	0.25149032	0	0.015720947	0.015435808	0	0.1382498	0	0.18338487	0	0.10667825	0.008290232	0	0	1.4206277	0.07601101	0	0.03038268	0	0	0.00702655	0	0.003509315	0.4345869	0.022572318	0.21474184	0.11820112	0.16120343	0.01307793	0	0	0	0	0	0	0.05156171	0.05313871	0	0.099602245	0.2434906	0	0.90328044	0.12760735	0.30377042	0	0.053212646	0	0.15275863	0	0.07949331	0.104831174	0.09375959	0	0	0.23773095	0.027568065	0.31859782	0.037162926	0.65090686	0.15711416	0	0	0.0406909	0.5176131	0	0	0	0	0.05607414	0	0	2.4556406	0.06590737	0	0.1743325	0	0.75875455	0.15702137	0.13939214	0.08301938	0.09969141	0.1716219	0	0	0.06766635	0.08001527	0.034856576	0.061862092	0.034298636	0	0.09299201	0.014475135	0.14734206	0.24729183	0	0.019656908	0.021608565	0.47931203	0	0.018179685	0.011361826	1.5650021	0.011078135	0.06573589	0	0.006674048	0.18029116	0	0.2651168	0.179229	1.3277258	0.047926176	0	0.34004268	0	0.03273584	0	0	4.277587	0	0	0.06861116	3.137116	0	0	0.018641418	0.17754	0.03287534	0.036474466	0	0	0.009863475	0.007901018	0	0	0.004414145	0.1520475	0.06301596	0	0.28274986	0	0.057377417	0	0.015507264	0	0	0.11119012	0.019541157	0.053553138	0.11473135	0.33623523	0.03479419	0	0.013058176	0	0.10307977	0.015988866	0	0	0	0	0	0.23660423	0.2433765	0.2723399	0.010698404	0.015057901	4.368466	2.5671766	0.07270425	0.47422948	0	0	1.2233663	0	0	0	0	0	0	0	0	0.017765809	0.1084305	0.011895063	0.08264834	0.041032884	0.03526107	1.7143941	0	0.17081735	0.051945608	0	0.026958838	0.02158946	0.003600525	0	0.19326319	0.019908471	0.007032018	0.054509364	0.006073868	0.039145146	0.02925355	0.017677005	0.04090486	0.042463746	0.289755	0	0.015840907	0	0.010803816	0.14133635	0.09115014	0	0	0	0.054081768	0	0.032091685	0	0	0	0	0.05713286	1.1312184	0.32524902	0	0.033481658	0	0	0.031838298	0.1757642	0.010248175	0.012101119	0	0	0
CM32A	E	0.033064276	0	0	0	0	0	0	0	0	0	0	0.0516195	0.19259961	0.115752876	0.10686529	0	0.029556071	0	0	0.8717225	0	0.041474067	0.054497015	0	0.8592603	0	0.23398833	0	0.047281474	0.088752836	0.01282217	0.1378902	0.24693993	0.086025104	0	0.007054677	0	1.3464383	0	0	0.017558683	0.018407894	0.017491823	0.011824807	0	0.11342142	0.060139082	0	0	0	0	0.20532921	0.011735263	0	0.16834474	0.009556651	0.84012115	2.005661	0.7259337	0.8062114	0.032410566	0.1402637	0.8157512	0	0	0.066820525	0	0.13644674	0.11807743	0.01937666	0.07550075	0	0.17878191	0	0.29212552	0.009725907	0.06699159	0.21043228	0	0	0.01138039	0.009596461	0.06941514	0	0	0	0.20443432	0.07773222	0	5.660104	1.0349112	0	0.005406627	0.10399883	0.007817662	0	6.7934675	1.5212038	0.046649896	0.22092322	0.24672641	0	0.18302308	0.25782344	0.09445429	0.016909666	0.015814003	0	0.070305854	0.08025032	0.19163726	1.3505201	0	0.006669445	0.055294264	0	0	0.4257099	0.051199097	0.106175765	0.18187252	0	0	0	0.088244386	0.02758581	1.4261214	0	0.42493263	0	0.007167133	0.10108013	0	0.03280399	0	0	0.5295079	0	0.042081613	0.038237832	4.4418564	0	0	0.147901	5.9259095	0.023546452	0.2969889	0	0.023246473	0.057286266	0.055323705	0	0	0.020479316	0	0.05383368	0	0.07221819	0	0.03758404	0	0.008229665	0	0.5026718	0.026637841	0.3222874	0.028263696	0.054798383	0	0.18806654	0.15245493	0.671133	0.7648533	0.16315438	0.066005886	0	0.011088488	0	0	0	0.01894856	0.03532425	0.07970717	0	0.026386855	0.18127878	0.06267558	0.063402675	0.26152208	0.03833044	0.25503746	0.06439973	0	0	0	0.014122397	0	0	0	0	0	0.10569777	0.06301896	0.17970476	0.37310183	0.030710362	0.23887454	0	0.18954638	0.72067827	0	0	0.05974835	0.048066247	0.14328256	0.44636652	0.25194818	0.11139734	0.006550329	0	0.003222684	0.10731424	0.014012806	0.07624176	0.1626554	0.27817443	0.02283621	0.015773427	0.01115191	0.072251424	0.0969734	0.036295436	0	0	0	0.014452836	0.0971587	0	0.058924764	0.01601334	0	0.06700378	0.051821623	0.30465734	0.048795346	0.06893011	0.017778624	0	0	0.09267682	0	0.069801025	0.0781057	0	0	0.05796007
CM33A	E	0.030287063	0	0	0	0	0	0.004836324	0	0	0	0.021604488	0	0.030984692	0	0.009458477	0	0	0	0	0.2893678	0	0	0	0.016629279	0	0	0.051351596	0.18755095	0.021973921	0	0.016199287	0.021083793	0.1909847	0.06707921	1.4779166	0	0	0.18597648	0.011693747	0	0.010498032	0.08224195	0	0.040578082	0	0	0	0	0	0.010083241	0.14273034	0	0.01103482	0	0	0	0.14356653	0.6812718	0.045419216	0	0	0.12231964	0.083928905	0.031912062	1.5596194	0.034046244	0	0	0.19598822	0.027575107	0	1.5780336	0.23787256	0	0.07675203	0	0.014149932	0.07829731	0	0	0	0.14426856	0.5862641	0	0	0	0.841161	0	0	0.4800178	0.37526906	0	0	0.34058964	0.003253096	0	1.0414051	0.023860166	3.5373383	2.7483182	0.43400705	0	0.012156502	0.15149644	0.035355408	0.02441236	0.005493546	0	0.2878223	0	0.1482842	0.3350127	0	0.03181008	0	0.056353603	0	0.023669189	0	0.44130397	0	0	0	0	0	0	0.8971898	0.30343884	0.0865619	0	0	0.45736706	0	0.07524878	0	0	0	0.2829102	0	0	0.958488	0	0	0	1.0897157	0	0.14213161	0	0.056550533	0	0	0	0	0	0.009035939	0.02265408	0	1.2183425	0	0.05569347	0	0	0	0	0.015669191	0.025803145	0.010224739	0.045819774	0.011606625	0	0.22057503	0	0.91124797	0.70217556	0	0	0	0	0	0.4232856	0	0.2894888	0.059754565	0.029780347	0.039933763	1.28181	0.2192609	0.044513937	0.31640998	0.013292223	0.8875873	0.7389008	0.07703928	0	0	0.11913182	10.1635275	0	0	0	0	0.010174084	0	0.051857147	0.16823393	0.10895546	7.059154	0	0.20039637	0.060123757	0	0	0	0.005772645	0.03941049	0.08601754	0.10105341	0.008048623	0.010592473	0.015559694	0	0	0.011893689	0	0.0336905	0	0	0.007506832	0.023754073	0	0.069414236	0	0	0	0	0.059411824	0	0	0	0	0	0	0.09020091	0.3091438	0.019456457	1.0607773	0.07217672	0	0	0.012271349	0.063821286	0	0.053070556	0.03672877	0	0.12297576
CM34A	E	0	0	0	0	0	0	0	0	0	0	0	0.03993747	0	0	0.010542756	0	0	0.012264158	0.023680696	0.14720549	0	0.010812314	0	0	0	0	0.053123698	0	0.07159079	0	0.004135811	0	0.62428045	0.08842999	0	0.010059243	0	0	0.03324047	0.016746055	0.021878226	0.07374602	0	0.07485556	0	0.08546704	0.022679625	0	0	0	0.04724252	0.06346507	0.00722866	0	0	0	0.049041215	0.1663067	0	0	0	0.16399503	5.231722	0.03299426	0.17013358	0	0	0.21433951	0	0.026955524	0.051698882	0	0.17701727	0	0.45053202	0.041831892	0.02411188	0.086189575	0	0	0	0.39244214	0.06688632	0.014224696	0.049145896	0	0.059766784	0	0	0.56511325	0.4905253	0	0.06717382	0.03143818	0	0	0.157738	0	0.05453552	0.13702436	2.2174826	0	0.022348348	0.06443622	0	0.099107526	0.15390292	0	0.7512458	0.025323931	0.13070865	0.058110807	0	0	0.03898533	0	0	0	0.019094175	0.25103635	0.014869023	0.21375397	0	0	0	0.02701541	17.562523	0.005576331	0.46820673	0	0.528438	0.16054979	0	0	0	0	0.44736883	0	0	0.061280824	1.9157643	0	0	0	0.3152088	0	2.9350781	0	0	0.029965065	0.015695477	0	0	0	0	0.04847497	0	2.8105574	0	0	0	0.11957824	0	0.84854835	0.10189431	0	0.020644408	0.019674439	0.081774935	0	0	0	0	0.16660812	0.027049845	0	0	0	0	0	0.10835029	0	0.15113035	0	0.028898032	0.7021775	2.8396525	0.03699643	0.021887315	0	1.1440535	0.07367946	0	0	0	0	0	0	0	0.026466785	0.011591292	0.069911204	0.21329616	0.10351179	0.21314757	0.047938447	0.9452547	0	0.23465075	0	0	0.019726282	0.021254651	0	0	0.1809315	0	0	0	0	0.012323127	0.072794095	0	0	0.015196872	0	0	0	0	0.0393464	0.081363074	0	0	0	0	0.019888084	0	0	1.0614846	0.029647868	0	0	0.45372796	1.0048059	0.052698765	0.32639372	0.009751507	0	0	0.0157889	0.07191622	0.028307386	0	0.074000634	0.008035711	0.14843747
CM35A	E	0	0	0	0.15434071	0.02027652	0	0	0	0.037820674	0	0.012044545	0	0.63209665	0	0.03669819	0	0.31564584	0.47480127	0.004718344	0.762029	0	0	0	0	0.04357287	0	0.10421628	0	0.029567996	0	0.008652525	0	0.83132005	0.08152426	0	0	0	3.0275326	0	0.036060594	0	2.5248685	0.009325055	0.35327116	0	0	0.015235954	0	0	0.018364571	0.2338634	0	0	0.033366527	0.1839204	0.0210539	0.32930866	0	0.5339398	0.03238573	0.12165797	0	0	0.033369943	0.75354064	0	0	0.058232047	0.13341042	0.05659779	0	0	0.52967626	0	0.3691819	0.065738544	0.25792772	0.22636819	0	0	0.07333033	0.76309645	0	0	0	0.56697774	0	0.14795354	0	4.4218707	0.25943568	0.29416022	0.18743254	0.02116133	0.07088585	0.027233263	0.12064434	0	0	0	1.7501065	0.023007803	0.083445825	0.2289809	0.06388659	0.12921101	0	0	0	0.015134493	0.1571039	0.12029569	0	0	0.020807734	0	0	0.2415032	0.009774949	1.1017197	0.010320662	0.13434668	0	0.04749907	0.09465323	0	1.9053793	0.27517182	0.29205057	0	0.7633251	0.03419944	0	0	0	0	0.07584534	0	0	0.044725876	0	0	0	0.1848257	1.9854826	0	0.2857741	0.042185772	0	0.010289623	0.008366197	0	0.018039478	0	0	0.028506186	0.057423968	0.6466852	0	0	0	0	0	0.5645179	0.012136607	0.022735586	0.099315226	0.10889977	2.7183404	0	0	0.92477685	0	0	0.01085333	0	0	0	0	0	0.0428322	0.09247825	0	0	0.02456394	1.78244	3.3075655	0.01701172	0.03493695	0	0	0	0	0	0	0	0	0	0	0	0.054007445	0	0.014337601	0.06351447	0.51923406	0.051494773	0	0	0.05971162	1.3550439	0.034457345	0	0.02053893	0.019401513	0	0	0.11406204	0	0.007431985	0.013887932	0.028821483	0.0351811	0.017059516	0.084942795	0.038502228	0.13550764	0	0	0.021149006	0.017279452	0.17449449	0	0	0	0	0.054146137	0	0	0	0.06421816	0	0	0.8069854	0.8343209	3.495477	0	0	0.18704432	0.17929046	0.015338027	0.14264199	0.015794134	0.11897969	0	0	0.24221192
CM36A	E	0	0.006724201	0	0.019875793	0.005839086	0	0	0	0	0	0.022484582	0.17689686	0	0	0	0.08801488	0.6701927	0.15653278	0	0.52265245	0	0.271584	0	0	0.63273585	0	0.11122457	0	0.024716878	0	0.00713195	0	0.029367156	0.040159985	0	0.03256086	0	0	0	0	0	0	0	0.25299788	0	0.010017822	0	0	0	0.090932555	0	0	0	0.021683581	0	0.5179019	0	6.3232517	2.943272	0.21426363	0	0	0	0.078822225	0	0	0	0	0.3073975	0.455456	0	0	0.033246115	0	0.49805197	1.0779976	0.11068079	0.16966234	0	0	0.2716928	0.26248848	0	0	0.08100793	0.13739002	0	0	0	0	0	0	0.037525192	0	0	0.043039676	0	0	0	0	0	0	0	0.55177283	0.16718271	0.14013295	0	0	0	0.009056038	0.09629221	1.1724333	0	0	0	0	0	2.7363756	0	1.1174864	0	0	0	0.08862479	0	0	0.26578537	1.3738673	0	0	5.1391726	0.6237423	0	0	0	0.058836382	0.6605513	0	0	0.15417889	0.24887507	0	0	0.18465261	0	0.22181451	0.036624983	0.057725098	1.1553246	0	0	0	0.04536516	0	0	0.03629095	0.039292723	0	0	0	0	0	0	0	0.00892655	0.23691204	0	0.17567569	0	0.06663112	0	0.07070298	0	0	0	0	0	0	0	0	0	0	1.8599042	0	0	4.617697	2.097267	0.044163767	0.4251081	0	0	0	0	0	0	0.007061909	0	0.013408255	0	0.007186411	0.07717401	0.07029605	0	0.28280652	0.46366078	0.050258704	0	0	0.2156455	0.6019645	0	0	0	0.024750432	0.016761838	0	0	0	0.004731174	0.012780904	0.22070584	0.05384766	0	0.11423892	0.005816392	0.12946346	0	0	0.07847805	0.006867816	0.1253563	0	0	0	0	0.1551342	0	0	0.051969603	0	0	0	0.70938367	0.4239961	0	0	0	0	0	0.053656198	0	0	0.15850401	0	0.061637934	0.068998344
D01	C	0	0	0	0	0	0	0	0	0	0	0	0	0	0	0	0	0	0.005096742	0	0.011371736	0	0	0	0	0	0	0	0	0	0	0	0	0	0	0	0.005886263	0	0.19327788	0.03305283	0.01722205	0	0	0	0.023466656	0	0.007098832	0	0	0	0	0.057800196	0	0	0	0	0	0	0.040043354	0	0	0	0	0	0.39975578	0.98971015	0	0	0	0	0.41076624	0	0	0.012129642	0.029409306	0.02425332	0	0.006721298	0	0	0	0	0.037720695	0	0	0.007485631	0	0	0.02507606	0	0.18320727	0.13580057	0	0	0.02518138	0	0	0	0	0	0	0	0	0	0	0	0	0	0	0	0	0	0.06192057	0	0	0	0	0	0.050870407	0	0.6264872	0	0	0	0	0	0	7.6280413	1.1840358	0	0	0	1.4714434	0	0	0	0	0	0	0	0	0.05188735	0	0	0	1.431683	0	0.36726356	0	0.1596604	0	0	0	0	0	0	0	0	0	0	0	0	0	0	0	0	0.07092957	0	0	0.039197408	0	0	0	0	0	0	0	0	0	0	0	0.14228667	0	0	0	0.23354796	1.0697869	1.6783638	0	0	0	0.046047904	0.009928233	0	0	0	0	0	0	0	0	0.048569206	0	0	0	0.04385983	0	0	0	0	0	0	0	0	0	0	1.130285	0	0	0	0	0	0	0	0	0	0	0	0	0	0	0	0	0	0	0	0	0	0	0	0	0	0	0.3518875	1.0266215	0.024135802	0.2573439	0	0	0	0	0	0	0	0.05656403	0	0.4261231
D02	Y	0	3.403364	0	0	0.060522646	0	0	0	0	0	0	0	0	0	0.1147599	0	0	1.1997751	0.015302294	0.97260195	0	0	0	0	0.13179508	0	5.366983	0	0.15406436	0	0.038262755	0	0	2.7568462	0	0	0	0	0.055155963	0.21874045	0.12340097	0	0.12393048	0.2503446	0.19283023	0.17826936	0.09534613	0	0	0	0	0	0	0.37516153	0	0	0.010391292	0.99361885	0.049847137	0	0.940833	0	0	0.017920053	0	1.0129215	0	0.22411987	0	0.040836476	0	0	0	0.0507638	0	0.19588475	0.07797609	0.19810475	0	0	0	0.43424705	0	0	0	0	0	0.108149074	0	0	0	0	0.038943876	0	0.26462758	0	0	0	0	0	0	1.7317573	0.55522853	0.044749893	0	0.50195503	0	0	0	0.076932065	0.9560218	0.08700309	0	0.064958856	0.09217143	0	0	0.022996088	0.07052211	0.21293116	0.046967383	0.008477252	0	0	0	0	6.4696097	0.09192089	0	0	0	0.00569252	0	0.18132345	0	0	0.0640933	0	0.10435718	0	0	0	0.022105122	0	0	0	0.7774077	0	0	0.10301282	0.061597634	0.08641888	0	0	0	1.259506	0.2760144	0	0	0	0.10027127	0	0	0	4.094253	0.021901332	0	1.6975677	0	0.1750959	0	0	0	0	0.13359314	0	0	0	0	0	0	0	0.16548017	0	0.01178405	0.4414708	2.2634077	0	0.052415118	0	0	0	0	0	0	0	0	0.6673175	0.3085345	0.4985699	0.45047176	0	0.07997309	0.3116907	0.08960694	0	0	0	0	0	0	0.010244258	0.06531558	0	0.07668845	0	0	0	0	0	0.011986146	0.1203231	0	0.22921257	0.20848513	0	0	0	0	0.107687704	1.5338141	0	0	3.2110586	0	0.45967174	0.16445652	0	0.058856957	0.037905782	0	0	0	0	0	0	0.52969724	0	0	0.03081971	0	0.050302263	0.9703712	0.08074921	0	0
D03	C	0.022294015	0	0	0.03369601	0	0.026280599	0.15651672	0	0.04082493	0	0	0.09702803	0	0	1.0047617	0	0.42621985	0	7.022749	0.035566956	0	0	0.59360003	0.5573961	0	0	0.57348466	0.08188674	0.05168607	0.33402264	0.54985654	0	0.9435001	0.24433799	0	0	0	0.074083574	0	0.065860786	0.013892991	0.018943654	0.026094168	0.095917165	0	0	0	0	0	0.041481063	0.22740167	0.061163057	0	0.052078933	0.025392001	0.09112559	0.057899013	0	0.44445112	0.076356575	0	0	0	0.1684684	0	0.43756846	0	0	0.1310275	0.1543044	0	0	2.4975572	0.028941251	0.024226088	0	0.019892074	0.0870978	0	0	0.10462999	0.46847877	0.073972054	0	0	0.05685804	0.10787393	0	0	0.021030696	0.044461884	0	0.14323905	0.16825382	0	0.02434976	0.07844796	0	0.098713145	0.16621011	0.025404308	0	0.14927681	0.15766549	0.098463856	0.05017058	0.052379098	0	0	0	0.19558614	0.9517478	0.04139813	0.017137043	0	0	0	0.29772472	0	0.17256106	0	0.24741063	0	0.11750624	0	0.090520784	1.1082951	0	0.7083788	0	0.1717207	0.11622187	0	0.097771935	0	0.026725896	0	0	0	0.7798834	4.0115085	0	0	0.18002747	0.057961367	0.021797525	0.19252759	0	0.14272875	0	0	0	0.05040936	0	0	0.19234133	0	0.37112385	0	0.14685659	0	0	0	0	0.37286046	0.085671365	0.18352593	0.32479182	0	0	0.059618026	0.062452182	0.06939771	0.08325478	0	0.02086734	0.040816277	0	0	0	0.034753494	0	0.06908853	0	0	0.4612897	1.3775268	0.35342062	0.25578004	0	0.4865875	0	0.4398565	0	0	0	0	0	0.02266927	0	0.019783031	0.25439507	0	0.35818425	0.27071837	0.031532668	0	0	0.048533566	0.16102894	0.10225928	0	0	0.20597985	0	0	0.81437397	0.76946425	0.045221467	0	0	0	0.032444865	0.063124426	0	0.07332597	0.077945404	0.015036259	0.09357289	0	0.2883997	0.23846374	0	0	0	0.06317254	0	0.07936164	0.015908144	0.058317214	0	0	0.1282205	1.0317855	0.02470601	0	0.38112444	0.16596231	0.17158063	0.12233498	0.084178954	0	3.445762	0.1638378	0	0.011974763
D05	C	0.048302162	0	0	0	0	0	0	0	0	0.13665695	0	0.012649772	0	0	0	0.14769758	3.3277986	0	0	0	0	0	0.31801775	0	0	0	0.028492233	0.27050462	0.0177177	0.43918777	0	0	5.6924734	0.028801773	0.24684474	0	0.62577915	0	0	0	0	0	0	0	0	0	0.09756924	0.49215388	0	0	2.0519807	0.023131287	0	0	0.51533514	0.06354478	0.07968234	0.49701717	0.06171697	0.04821701	0	3.7169943	1.1644897	0	0.15482906	0.017095456	0	0.17866082	0	0.41330412	0	0.7982746	0	0	0	0	0	0	0	0.30811757	0.6767777	0	0.24768738	0	0	0	0.76071167	0	0.057793576	0.30539855	0.3951535	0	0	0.21779412	0	0.12193234	0.18913652	0	1.4066128	0.102842025	0.8331951	0	0.010702765	0.2612665	0.55733323	0	0	0	0.07228751	0.11531107	0	7.009232	0	0	0.10978901	0	0	3.3595138	0.08549001	0.026145823	0.048175443	0	0	0.044536993	0	0.46886188	2.5682585	0	0	0	0.7133505	0.6709765	0	0.028272541	0	0.16226543	0.62834036	0	0	0.5475867	0	0.22707346	0	0.08367103	1.4507009	0	0.5796267	0	0	0.16970451	0.064710416	0	0.07140534	0.17094015	0	0.011247888	0	0.12388194	0	0	0	0	0.03127457	0.8332459	0.011531524	0.5539009	0.014242993	0	0	0	0.50606394	0.19895115	1.151161	0.07921056	0.102440506	0	0	0	0	0.054021064	0	0	0.20917098	0	0.033124626	0.010350566	0.06174136	0.023437414	0.073465824	0	0.079497196	1.3155764	0	0.09797248	0.17779538	0	0.21278886	0	0	0	0.019645918	0.021632535	0.0974997	0.035446446	0.41859177	0	0.07980863	0	0.36042666	0.3494569	0.09595138	0.006846145	0.09283357	0	0	0	0.49339518	0.39693734	0.018916491	0	0	0.15065852	0	0	0	0.033980433	0.44194666	0	0	0.08823611	0.019972498	0.01905057	0	0	0	0	0.06248357	0.007269878	0	0	0.76717913	0	0	0.3278274	0	0.03843058	0.09515497	0.011108945	0	0.009106321	0.18043078	0.13059284	0.053683374	0	0	0
D06	L	0	0	0	0	0	0	0	0	0	0	0	0.014624949	0	0	0	0.23420276	1.1054802	0	0	0	0	0	0.84341705	0	0	0	0.01562553	0	0	2.1245644	0	0.017976766	0.6095365	0.07925242	0	0	0	0	0	0	0	0	0	0	0	0	0.2542527	0.06568274	0	0.19724809	0	0	0	0	1.27704	0	0.019477889	0.1431579	1.9527951	0	0	0.030699749	0	0	0	0	0	0.3221217	0	0.046828557	0.042201936	0	0	0	0.009025989	0.02513288	0	0	0	0	0.25615183	0	0	0	0	0	0	0	0	0	0.025470622	0	0	0.039978046	0	0.21678747	0	0	0.020273402	0	0	0	0	0.4553059	0.9150627	0	0.012295329	0	0	0.2513765	0.024786323	16.43656	0	0	0.22809055	0.047807485	0	2.1036425	0.21086961	0.034428895	0.13311443	0	0	0.082561016	0	2.2795155	10.778619	0	0.19573572	0	0.34261873	0.0800178	0	0	0.09650991	0	0.04679768	0	0.055641755	0.034327254	0.007438531	0	0	0.2539928	0.165601	0	2.1035018	0	0.028448023	0.28080508	0.15834	0	0.14506623	0.39475024	0	0.015366689	0	0.48358032	0	0	0	0	0	0	0.019386739	0.9890445	0	0	0	0	0	0.30597308	0	0.30378854	0.24435528	0	0.011692029	0	0.76540816	0	0.009324072	0.033269074	0	0	0	0.017605925	0.036951117	0.022916732	0.061795946	0	0	0.052854083	0	0	0	0	0	0	0	0	0	0.014957181	0.16752961	0.029272584	2.398163	0	0	0	0.16993922	2.7494192	0	0.45470294	0.22473328	0	0	0	0.22066227	2.4223783	0.011120009	0	0	0.26871732	0	0	0	0	0.54065627	0	0	0.25259766	0.016685521	0.008244714	0	0	0	0	0.12516858	0	0.229293	0	2.4177577	0	0	0.110089675	0.042448096	0	0	0	0	0.006645622	0	0.3075435	2.4934819	0	0	0.043869384
D09	C	0	0	0	0	0	0	0	0.006048357	0	0	0.21824908	0.21067108	0	0	0.09924603	0	7.0639014	1.1776778	1.5488405	0	0.009697299	0	0	0.01646354	0	0	0.2354726	0.11935864	0.015787486	1.7060206	0	0	0.3855816	0.22934593	0	0	0.09044579	0	0	0.009161172	0	0.007474296	0.072197124	0.05857785	0	0	0.030129792	0.065303	0	0.42007354	0.06728911	0	0	0.015484422	0.43813595	0.29454502	0	3.0630372	0.81099147	0.02125803	1.4886178	0.11875131	0.10959413	0.010774005	0	0.07545118	0.013667423	0.16857618	0	0	0	0	0	0	0.02427392	0	0	0.076159276	0	0.22976223	1.6416922	0.023893334	0.030546395	0	0	0	0.04863203	0	0	0	0.029749146	0	0.01101934	0.03445967	0.46298072	0.3856111	0.09887945	0	0.02061642	0.15617903	0	0	0.07211672	0.2617526	2.635709	0.03058025	0	0	0.05406915	0.054890677	0.141279	0.6809777	0	0.06848906	0.029664515	0.11064502	0	0.39217985	0.021246575	0.053334806	0.016252717	0	0	0.3865712	0	0.8282469	17.104977	0	0	0	0.012993749	0.03065216	0	0	0.06666001	0.1086591	0.057050053	0	0	0.05264658	0.020321764	0	0	1.9266435	0.11832258	0	3.34976	0	0	0.054725725	0.018000325	0	0.13410519	0.206792	0.03558031	0.050039135	0	1.1777536	0	0.04146448	0	0	0	0.037022598	0.076527536	0.22541781	0.10544377	0.054087505	0	0	0.1380327	0.73907834	0	0.070333116	0.025446191	0	0.015802916	0	0	0	0	0.07855144	0.18177415	0.30672094	0	0.03725869	0.058941398	0.041278157	0.045700863	0	0	0.027049296	0	0.22774926	0.23492658	0	0	0.32465672	0	0	0.007429163	0.15773006	0.023234753	0.5976791	2.3342333	0	0.020731332	0	0.22501197	1.2904867	0.07761335	0.2530746	0.028198585	0	0	0	0.12054157	2.528316	0.013284682	0.20715575	0	0.11474716	0.015402767	0	0	0.02715383	0.37751055	0	0.017025825	0.039602246	0.08153914	0	0	0	0	0.011648373	0	0	0	0	0.13822643	0	0.30042523	0.055796955	0.0700495	0	0.03545032	0	0	0.18855195	0	0.020142527	0.27614978	0	0.017970735	0.029780336
D10	Y	0	0	0	0	0.059441596	0	0	0	0.007885523	0	0.024998788	0	0	0	0.2667965	0	0.12049461	0.06947625	0.00758398	0.097268574	0	0	0	0	0	0	0.1452535	0	0.017777482	0	0	0	0	0.46051556	0	0	0	0.33504406	0	0	0	0	0.010873839	0.48187205	0	0.006110848	0	0	0	0	0	0	0	0.18888424	0	0	0	0	0	0	0.031034188	0	0	0	0	0.115873106	0	0	0	0.05054216	0	0	0	0.11317668	0.34220526	0.066327214	0	0.04844224	0	0	0.030667448	0.34759232	0	0	0	0	0	0	0	0	0	0	0.30625045	0	0.009882504	0	0	0	0	0	0	0	0.04496768	0	0.04044059	4.649651	0.09147835	0	0	0	0.07101002	0.079061106	0	0	0	0	0	0.025954248	0	8.884567	0	0	0	0.023013081	0	0	1.2670156	1.4374005	0.4725266	0	0	0	0	0	0	0.10216742	0	0	0	0	0.21333197	0	0	0	0	0.178367	0.22922982	0	0.08363034	0	0	0	0	0	0	0.060657695	0	0	0	0	0	0	0	0	0.1196302	0.01430572	0	0.038415525	0	0.017756008	0	0	0	0	0	0	0	0	0	0	0.008375318	0	0	0	0	28.159166	5.460051	0.14619125	0.015777528	0	0	0	0	0	0	0	0	0.38913628	0	11.113442	0	0.21659245	0	0.14835627	0.20423454	0.067579575	0	0	0	0	0	0	0	0	0	0	0	0	0	0.027262038	0.031137755	0	0	0	0.009694214	0	0	0	0	0	0.106108	0	0	0	0.01780438	0	0	0	0.15428193	0.1325785	0	0	0.30017558	0.099653155	0.91261107	0	0.013019708	0	0	0.036234774	0	0	0	0.6308896	0.02465478	0
D16	C	0	0	0	0.053065218	0	0	0	0	0	0	0	0	0.08463656	0.25800148	0	0	0	0	0	0.37266	0	0	0.08844318	0	0	0	0.2655478	0	0.09084653	0	0	0	0.4553456	0.10496351	0	0	0	0	0	0	0	0	0.02265997	0.073301025	0	0	0	0	0	0	0	0	0	0	1.0508628	0	1.518866	0	2.4051557	0	0.07935152	0	2.3195245	0.07079184	0	0	0	0	0.4124602	0.032260172	0.035984594	0	0.04049181	0	0.42816243	0.022094224	0.020477874	0.19663173	0	0.019994602	0	0.16584061	0.7064641	0	0	0	0	0	0	0.8332311	1.0371138	0	0.048676327	0.09682375	0.022102399	0	0.47665262	0	0.056252494	0	0.14131114	0	0.058277737	0.18331829	0	0.055407397	0.013983958	0	0.15494664	0.013618474	0.26652026	0.050921433	0.022991477	0	0	0	0	0.021971567	0.01088992	1.0403154	0	0.0227334	0	0	0	0	1.9444786	0	0.6678873	0.019937623	0	0.2139009	0	0	0	0	0.22210649	0	0	0.071926184	0	0	0	0.29488063	5.0130773	0.035342522	0.35856768	0	0.033992257	0	0	0	0	0	0.07424518	0.087784	0	0	0	0.06946855	0.025200771	0	0	0	0.06570546	0.021059234	0	0.15058905	0.15126677	0	0.6324671	0.24352416	0.39530256	0.12925296	0	0	0	0	0	0	0.08322374	0.106300145	0	0	0.07855406	2.7509224	0.22276542	0	0.09990544	0	0	0.059324034	0	0	0	0	0	0.70030147	0	1.1788379	0	0.33755928	0.010560867	1.3872595	0.36670035	0.044389393	0.3148047	0	0	0.28440362	0	0	0	0.054630097	0	0	0	0.006243595	0.01620737	0	0.012917271	0.06513271	0	0	0	0	0	0	0.016018374	0.0368463	0.3001955	0	0	0.10251911	0	0.040526167	0	0	0.08721029	0.0458802	0	0	0.12445818	0.19331738	0	0.10881041	0.010224411	0	0.18304592	0.37213856	0.13567317	0.009164701	0.19924767	0.09006633	0	0.11567865
D18	Y	0.11257324	0	0.24095817	0	0.018316196	0	0	0	0	0	0.24136862	0	0	0	0	0	0	1.2686316	0	0.20175606	0	0	0	0	0.42187044	0	2.4990437	0	1.3933223	0.24140087	0.13601024	0.14862627	0.07213835	1.0039134	0	0	0	0.058009807	0	0	0.13114947	0.08230312	0.01396264	0.03839003	0.036661606	0.015967272	0.04050139	0	0	0	0	0	0.062807	0	0.08090304	0	0	0.45026928	0.6823792	0.054740362	0.30124578	0.02924123	0	0	0	1.3843027	0	0.07677687	0	0.21105117	0.06652826	0	0.007809011	0	0.07158545	0.01624809	0	0.080008	0	0	0	0.043246772	0	0	0	0	0	0	0	0	0	0.016430244	0	0	0.08958022	0	0	0	0	0	0	0.1048654	0.6127808	0.18246877	0.05932665	0.016389387	2.3930213	0	0	0.03381977	1.4957731	0.1115099	0.15415084	0.02448846	0.03641789	0	0	0.024434501	0.043925766	0.20465595	0.03697283	0.007663551	0	0	0.1711983	0.14236291	3.6957538	0	0.031886324	0	0	0.12864529	0	0.08963415	0	0.037065115	0.007294936	0	0	0	0.25860345	0	0.050169937	0.08811707	0	0.027633872	0.63124937	0	0.009903505	0.029500388	0.04314215	0	0	0	0	0.965204	3.6182458	0.12662064	0	0	0.1756185	0	0	0	1.8331184	0.012364659	0.35349873	0.7735253	0.007816253	0.051476073	0	0.1878723	0	0	0.05042761	0	0.07808552	0	0	0	0	0	0.1639601	0	0	0.4613305	0.05672824	2.2188578	0.008455254	0.025561256	0	0.5100121	0.20542349	0	0	0	0	0	0.1519054	0.21658117	0.0996131	2.5743394	0.06835095	11.374186	0.44956967	0	0	0	0.39004862	1.0617146	0	0	0.032610036	1.5993863	0.22135916	0	0.10789295	1.2827173	0.050655555	1.2989393	0	0.0623938	0.07805827	0.18696047	1.9657092	0.05603386	0.06620365	0.46347407	0.20307195	0.036691505	0.8153486	0	0	0.22860183	0.21259318	0.49280047	0	0	0.006811226	0.043367907	0	0	0.009511203	0.03979258	0.12636963	0	0.28525916	0	0.20059896	3.4961574	0	0.04818193	0.06302574	0	0.048233155	0.005507596
E04	L	0	0	0	0	0.12948258	0	0	0	0	0	0.026338434	0	0	0	0	0.0912661	0.1214385	6.0283256	0	0.58547205	0.048188526	0.019340616	0.021575086	0	2.005521	0	0.05844044	0	0	0	0.46450907	0.101865105	0	0	0	0.03073703	0	2.05467	0	0	0.33032647	4.143751	0.04615517	0.20338942	0	0.17139263	0.023545131	0	0.7935974	0.1629237	0	0	0.038963843	0.041329876	0	1.9234763	0	0	0	0	0.059103623	0	0	0	0	0	0	0.025143245	0	0.27872807	0	0	0	0	0.1987183	0.026469156	0.009429044	0.14045994	0	0	0.078478016	0.4538183	0	0.048735663	0.38993195	0	0	0	0	0	0	0.2850719	0.13638143	0	0.019886347	0	0	0	0	0	0	0	0	0	0.31511852	0.5359986	0	7.958481	0	0.028721413	0	4.7915206	0	0.023343608	0.018871168	0	0.2741696	0.38590196	0.025429394	3.0999374	0.017270168	0	0	0.11079988	0	0	5.566032	0	0.03745473	0	0	0	0	0	0	0.12631954	0	0	0	0	0.04325364	0	0.44206882	0	0	0	0.9866151	0.08438865	0	0.023991281	0.018235585	0	0.27358395	0	0	0.063406385	0.15842324	0	0	0	0	0	0	0	0.13057141	0.3339374	0	0	0	0.049192805	0	0	0	0	0.029165752	0	0	0	0	0	0	0	0	0.13520767	0	7.595211	0.3121288	0	0	0.08252581	0	0	0	0	0	0	0	0	0	8.529054	0	0	0.02238897	0	0	0	0	0	0	0	0.19211185	0.046234045	0.020685568	0	0.86124635	0	0	0	0	0.044772167	0.3349126	0.044708885	0	0.3137771	0.2793127	0	0	0	0	0.01818855	0.08863478	0	0	0.045590766	0.65421253	0	0	0	0	0	0	0	0	0.01259527	3.6162732	0	0	0	0	0	0	0.015481017	0	0	0.5614907	0
E06	L	0.050879903	0	0.04726615	0.05031953	0.2645071	0.061941545	0.17754008	0	0.012501256	0	0	0.32998377	0.6284432	0	0.081309535	0.04568653	0.12985893	0	0	0	0	0	0	0	0	0	0.37144607	0	0.50927013	0.10464229	0.19829094	0	0.45598045	0.519438	0	0.090717025	0	0.47180873	0	0.2694288	0.1961393	0.53418183	0.017091705	0.64210993	0	0	0.013071684	0.1981021	0	0.06467457	0.34077534	0.035353296	0.079977475	0.13089342	0.7945966	0.019791605	0	0.78317213	0.7061889	0	0.043937296	0.12812072	0.022406012	0.0534773	0.010229785	0.10264273	0	0.06558485	0.08879517	0	0	0	0.08785692	0.16627222	0.9399592	0.022532295	0.010060794	0.07421143	0	0	0.03348073	0.4168743	0	0	0	0	0	0	0.3444795	0	0.03144579	0	0.4089612	0.14208359	0.014626153	0	0.062249202	0.06433938	0.028339908	0.16402777	0	0	0.056208003	0.1967682	0.13714764	0.45604905	0.18302967	0	1.7028439	0.54111665	0.32176268	2.2077672	0.11763948	0.006085682	0.017393688	0.30474576	0	1.0179181	0.009860377	0.32365954	0	0.029103065	0	0.01528172	0.07109357	0.09966209	1.1247182	0.010745971	0.16581735	0.0373385	0	0.12553662	0	0.0908516	0	0.056686	0.023968382	0	0	0.0302151	1.5873882	0	0	0.8822736	0.076080255	0.026539791	0.19963415	0	0.0881376	0.023592439	0.011160421	0	0	0	0.07778871	0.33096105	0.086024635	0.37294668	0	0.03507285	0	0	0	0	0.76529914	0.20042764	0.09354759	0.19920047	0	0.027221711	0.022099476	0.71376306	0	0	0.013689697	0.0489149	0.028765187	0	0	0	0.0360634	0.28277698	0.1428006	0	0	0.63620573	1.7738478	0.3493975	0.22242191	0	0	0.30506492	1.4441575	0	0	0.34882227	0	0	0.04655746	0	0	0.42916512	0.012670643	0.47280377	1.3778158	0.6526483	0	0	0.33801022	0.8950349	0.028619839	0.03905911	0.015297323	0.10811877	0	0	0.78090215	1.1066003	0.25620615	0	0.008198424	0.082043774	0.07250767	0.08093839	0.7042757	0	0	0.028716184	0.09067281	0.020926269	0.42880836	0.38898477	0	0	0	1.0496105	0	0.122909315	0	6.689385	0	0	0.22810456	0.40361676	0.048740625	0.22793569	0.08154702	0.15244325	0.100064404	0.15111008	0.1408531	0	0.29601753	2.7949471	0	0.2633623
E07	L	0.03163522	0	0	0.2536019	0	0.10844081	0	0	0	0	0	0.033375032	0	0	0.03028905	0	0.019336438	0.09267809	0	0.10573011	0	0.032916993	0	0	2.5424922	0	0.20453694	0	0.07246464	0	0	0	0.033855874	0.04313731	0	0.01449958	0	2.5451467	0	0.17282674	0	0	0.005395935	1.0823278	0	0.16777857	0	0	0	0	0	0	0	0.008271288	0	0	0	0.036492944	0.6263007	0	0.015148161	0	0	0.11725391	0	0.027704434	0	0	0	0.18865044	0	0	0.316536	0.1121522	0.5424137	0.42020303	0.10584793	0.14767356	0	0	0	1.7195705	0	0	0.023753999	0	0	0.3159703	0	0	0	0	1.1017282	0	0.012481373	0	0	0	0	0	0	0	0	0.12476246	0.038540073	1.3314577	0.3973957	0	0	0	0.19773892	0.025283678	0.016712273	0	0	0	0	0.012883694	0	3.7621474	0	0.12946662	0	0	0	0	1.1974692	0	0.36988878	0	0	0	0	0	0	0	0	0	0.014931934	0	3.8235562	0	0	0.08948461	0	0	0.19928955	0.031800255	0	0	0	0	0	0	0	0.023997877	0	0	0	0.047147937	0	0	0	0	0.025475174	0	0	0.036138956	0	0.03295227	0	0	0	0	0	0	0	0	0	0	0.024867726	0	0	0	0	11.468061	7.6732144	0.01942538	0.015034426	0	0	0.12370004	0	0	0	0.1060424	0	0	0	0	0.023482325	0.04938728	0	0.5968347	0.23072033	0.5061374	0	0.05389478	0.031084405	0.50160104	0	0	0	0.11612248	0	0	0	0	0	0	0.32181907	0	0	0	0.04674728	0	0	0	0	0	0.15374303	0.080645256	0	0	0	0.27710947	0	0.020627653	0	0.8779151	0	0	0.50812507	0.89280784	11.410984	0	0	0	0	0.14616753	0.42334414	0	0.21764538	0.20311186	0	0
E10	C	0.15770791	0	0	0	0	0	0	0	0	0	0.041075706	0	0	0	0	0	0.030564634	0.06865287	0	0.33454543	0	0	0	0	0	0	1.2350384	0	0.1308412	0.012661641	0	0	0.007877139	0.5350319	0	0	0	0	0	0	0.012773646	0	0.006509818	0.011208972	0	0	0.13289459	0	0	0	0.011717332	0	0.042616572	0	0.030915337	0	0.044286516	0	0	3.073524	0.15720083	0	0	0.023381056	0	1.725659	0	0.22113973	0	0	0	0	0.00947458	0.008732557	0.005248029	0.009455832	0	0.100190654	0	0	0	0.034480065	0	0	0	0	0	0	0	0.018319095	0.02037884	0.017354142	0	0	0.04924094	0	0	0	0	0	0.71174383	0	0.67214954	0.059019346	0.1304113	0.020309523	1.0122203	0	0	0.11178228	3.3322186	0.039331134	0.027861562	0	0.13067877	0	0	0.028072376	0.10958264	0.03554157	0.06939336	0.012380662	0	0	0	0	7.5943685	0.027529147	0.27933127	0	0.25025907	0	0	0.6031931	0	0.07949071	0.1046147	0	0	0	0.29926962	0	0	0.027024565	0.12942527	0	1.3400341	0.035014175	0.032576174	0.108859174	0.0767453	0	0	0	0	1.7114218	0.018421657	0	0	0	0	0	0	0.07054249	5.381542	0.15319411	0.5000816	1.1065246	0	0.05195733	0	0.017127065	0.39814824	0	0.15878882	0	0.21493177	0.011294799	0	0	0.028595379	0.047772642	0	0	0.06183802	0.06843257	0.15736446	0	0.04581395	0	0	0	0	0	0	0.10042614	0	0.68303597	0.2062501	0.004970392	0.024232581	0.052926686	0.12281148	0.1551331	0.9277736	0.008697827	0	0	0	0.15228307	0	0.022918226	0.14111799	0.2130552	0	0	0	0.045368623	0.19867644	0.043566234	0	0.12615445	0.076972775	0.17080782	0.7043147	0.98728955	0	0	0	0.14466193	1.613181	0	0.094511785	0.16831756	0	0.2989536	0.18206249	0	2.6284065	0	0	0	0.018567074	0.055472676	0.10482495	0	0.40871072	0	0.09060493	0.26341796	0	0.10183644	0	0	0	0.068542324
E11	Y	0.056172695	0	0	0	0	0	0	0	0	0	0.101763636	0.021469919	0	5.186649	0.014748177	0	0.47360405	0.014215988	0	0.015921993	0	0	0.402322	0	0	0	0.05284875	0	0	2.985322	0.003521915	0.08940254	1.5422024	0.08207664	0	0	0.012195165	0	0	0	0	0.033110507	0.014811187	0.007916228	0	0	0.43380615	0.27894136	0	0	0.22713281	0.014798163	0	0	0.532982	0.013936087	0.8309187	1.5805207	1.3568072	0	0.022904355	0.06954169	0.22435272	0	0	0.03063502	0	0.5898806	0	0.050347045	0	0	0	0	0.011443165	0.08146469	0	0	0	0	0.119679175	0.010515381	0.07204936	0	0	0	0.07054505	0	0	0.005816049	0.048218615	0	0	0.052354358	0.00773669	0	0.17843777	0	0.10031994	0	0.033026323	0	0.018791256	0.6101309	0.1508258	0	0.008306617	0	0	0.41565672	0.12935188	0.46583524	0	0	0.40942782	0.10112593	0	0.21489637	0.36894056	0.12666124	0.18633536	0.022682022	0	0.024230396	0	1.6404977	1.4526247	0	0.15419263	0	0.16614194	0.0986092	0	0	0.13111627	0	0.23588328	0	0.1175599	0.1285137	2.3591871	0	0	0.26033494	0.28404367	0.00817707	0.3155422	0	0.041014243	0.43429777	0.30827016	0	0.019177504	0.47562647	0.01851566	0.029721405	0	0.09412898	0	0	0	0	0	0.018858815	0.045944765	0.06919357	0.011535636	0.009555049	0.004168535	0	0.7770936	1.5832738	0.17963478	0.031844206	0.38068277	0	0.005331552	0	0	0	0.12140002	0.13699502	0.3573832	0	0.003269323	0.09743692	0.030645227	0.048555855	0.24380516	0.018212039	0.11792823	0.05149992	0	0.2667662	0.24664567	0	0	0.22198038	0	0.006983753	0	0.043001045	0.3288376	0.3788338	2.143328	0	0.06455496	0	2.9103744	3.0492997	0.010326276	1.2693195	0.310032	0.032404337	0.14539796	0	0	4.053602	0.0072728	0.047259867	0	0.30957654	0	0	0.008190436	0	0.7331516	0	0	0.41646284	0.041743793	0.017771885	0	0	0	0	0.16217513	0.021796245	0.14377972	0	0	0	0.028286034	0.36460432	0.02130689	0	0.007359767	0	0	0.11115177	0	0.29892197	4.3183765	0	0	0.13037077
E12	E	0.10746137	0	0	0	0	0	0	0	0	0	0.013590598	0	0	0	0	0	0.31153947	1.3533074	0.051308572	0.6174167	0	0.1541046	0	0	0	0	0	0.28000498	0	0.18159054	0.17855735	0	0	0	0	0	0	0.17025794	0.008686022	0	0	0.18540749	0.006120974	0.08480368	0.5296798	0.20280325	0.028393233	0	0	0.0767359	0	0	0	0	0	0.094139025	0	0	0	0	0.07178734	0	0	0.038450982	0	0	0	0.09186654	0	1.5205979	0.5604061	0	0	0	0.17193136	0.08996279	0	0.10908551	0	0	0.09189206	0.04868071	0	0	0.032593533	0	0	0	0	0	0	0	0.035240896	0	0.016253486	0	0	0	0	0	0	0	0	0	0.08945871	0.045357566	0	0.3036503	0	0.023242492	0	0.290222	0	0	0.025619112	0	0	0.14389287	0.028704803	0.18190295	0.013167409	0.057250082	0	0	0	1.0354675	4.9084697	0.3690185	0	0	0	0.7395515	0	0	0	0.11186999	0	0	0	0	0.26803556	0	0.15565108	0	0	0	27.205597	0.042386204	0	0.034675136	0.020372896	0	0	0	0	0.050611414	0	0	0	0	0	0	0	0	0	0.057528228	0	0	0.02709153	0.33917898	0.014281541	0	0	0	0.024783146	0	0	0	0	0	0.006638278	0	0	0.23317729	0	0.44048178	0.13354018	0.81010574	0	0	0	0	0	0	0	0	0	0	0	6.513021	0.36563063	0.068474144	0.05116323	0	0	0.017359689	0	0.011922283	0	0	0	0	0.019566618	0	0	0.060283605	0	0.3721992	0	0.019324277	0.5266449	0.042332932	0	0	0.045912698	0	0	0	0	0.02873228	0	0	0	1.4965782	0	0.35479537	0	0	0.011609473	0	0	0	0.06808794	0	0.36369786	0	0	0	0	0	0	0.019040706	0	0	1.9880513	0
EA44	E	0	0	0	0	0	0	0	10.597419	0	0	0.06864089	0	0	0	0	0	0.3372312	0	0	0	0	0	0	0	0	0	0	0	0	0	0.07156397	0	0	0	0	0	0	0.5939489	0	0	0	0	0.05100475	0	0	5.4947643	0	0	0	0	0	0	0.056916583	2.6924527	0	0	0	0	0	0	1.1716456	0	0	0	0	0	2.8140843	0	0	0	0	0	0	0	0	0	0	0	0	0	0.1175152	0	0	0	0	0	0	0	0	0	0	0	0	0	0.3057425	0.6049064	0	0	0	0	0	0	0	0	0.5386017	0	0	0	0	0	0	9.34736	0	0.072412655	0	0	0	0.4652391	0	0	0	0	0	1.1930361	0	0	8.435436	0	0	0	0	0	0	0	0	0	0	0	0	0	0	0	0	0	0	0	1.3212985	0	0	0	0	0	0	0	0	0	0	0	0	0	0	0	0	0	0	0.57853454	0	0	0	0	0	0	0	0	0	0	0	0	0	0	0	0	0	0.84575343	0	0.011514329	0	0	0	0	0	0	0	0	0	0	0	0	0	0	0	0	0	0	0	0	0	0	0	0	0	0	0	0	0	0	0	0	0	0.09194565	0	0	0	0	0.2601245	0	0	0	0	0	0	0	0	0	0	0	0	0	0	0	0	0	0	0	0	0	0	0	0	0	0	0	0	0	0	0
EA47	E	0.12843962	0.010066193	0	0.1103462	0	0	0.69243985	0	0.05890404	0	0	0.9256287	0	0	0	0	0	0.055753846	0	0.0914421	0	0.036266476	0	0	0	0	1.0498003	0	4.4402027	0.18317296	0	0	0.46106672	2.6945307	0	0	0	0.15805331	0	0.040043026	0	0	0.06339352	0.082019	0	0.04397489	0.10369807	0	0	0	0	0	0	0.048653457	0.25234082	0	0.06993496	0	0.28259492	0	1.6552482	0.19926648	0	0	0	1.2246546	0	0.14684878	0	0.034544095	0	0	0	0.007777917	0.18971145	0.01542936	0	0.094683565	0	0	0	0.047500245	0	0	0	0	0	0	0	0	0	0	0.010940165	0	0.48380664	0	0	0	0.02543474	0	0	0	0.19252072	0.23200442	0	0.038134433	0.89619875	0	0	0.09199888	1.2056122	2.992612	3.7062614	0.046856385	0.08828507	0	0	0	0.114890374	0.07667933	0.33588907	0	0	0	0	0.08361381	0.18907548	0	0	0	0.2463313	0	0	0	0	0	0.43555874	0	0.055585276	0.10070343	1.823134	0	0	0.23021767	0	0.075654775	0.006432103	0	0.2298889	0.082025185	0.08355359	0	0	0	0	0.8660504	0	0.2749275	0	0.104418635	0	0	0	0	2.2490482	0	0.15146686	1.113855	0	0.046377454	0	0.67357916	0	0	0.096000634	0	0.088743865	0	0	0	0	0	0	0	0	0.17387146	0.08158325	1.621458	0.040494956	0	0	0.01169608	0	0	0	0.2517901	0	0	0.2243583	0	1.0917629	0.6932876	0.12074143	0.29078615	0.22536221	0.014457933	0	0	3.5793605	1.5944333	0	0.0088271	0.08285179	0	0	0	0.032876015	0.24050282	0.19514498	0	0	0.21664926	0.039312456	0.16590984	0.1680427	0	0.032338236	0.16890462	0.10186511	0.09500983	0.97165453	0.3308241	0	0	0	1.9576405	0.2560692	0.11013746	1.5912646	0	0	0	0.06578541	0.2869111	0	0	0.21927214	0	0.100799434	0.06064691	0	0.11532774	2.4415278	0	0	0
EA48	E	0.07468362	0	0	0.045278467	0.011096783	0	0	0	0.08498043	0	0.07845107	0.083372526	0	0	0.15942787	0	0.17594387	0.03602307	0	0	0.55388767	0	0.34171572	0.05634844	0.051097855	0	1.1007634	0.65573883	0.45129874	1.0569384	0.25599602	0	1.3560647	0.32676682	0	0.007052529	0	0	0	0.02077534	0.016873565	0.016523223	0	0.120195866	0	0.057462517	0.022269063	0	0.05543605	0.044679746	0.36852673	0.04128018	0.04007872	0.015913608	0.16165543	1.9051499	0.040658817	0.08585925	0.50627065	0	0	0.029070817	0.21780886	0.17278191	0.032503814	0.11598949	0	0.086826	0.101436235	0.059236724	0	0	0.38784406	0.007941403	0.6140096	0.07275	0.05100174	0.065779775	0	0.3381312	0.07324232	0.7039637	0.50000596	0.068763636	0	0.13003926	0.038076892	0	0	1.1995306	0.035608143	0	0.01752952	0.24861751	0	0.025799276	0.07098974	0.06797181	0.35640734	0.6380275	0.077643484	0	0.2177688	0.26730365	0.115266085	0.059759863	0.157594	0	0.043249942	0.032412432	0.5160715	1.5095311	0.046864364	0.014549283	0.024396967	0.38926634	0.20713475	0.15829791	0.026959425	0.20649414	0.021260614	0.031347338	0	0.034025867	0.1760966	1.7482327	1.2962618	0.020115312	0.10234457	0.033034153	0.098970704	0.4324176	0	0.077586785	0.094304435	0.039162766	0.15006666	0	0	0.3036484	0.32368147	0	0.017951027	0.27871975	0.06146949	0.04285575	0.19488512	0	0.13570943	0.022120785	0.02192679	0	0.06303455	0.20902987	0.08792621	0.2594877	0.7668786	0.4118352	0	0.047816932	0	0	1.0600072	0	0.29825875	0.26366886	0.506451	0.18202445	0	0.03890754	0	0.38303873	0.2417397	0.053617135	0.022127654	0.035158295	0.03484469	0.025506094	2.2455888	0	0.010801257	0.074325465	0.11224551	0	0	0.48079214	0.2123567	0.9893292	0.3970217	0	0.12617277	0.38355574	0	0.15842685	0.40317762	0	0	0	0.028660422	0	0	0.7775533	0.028778397	0.35976085	0.6139157	0.030549634	0.13034236	0	0.11223166	1.404033	0.023235723	0.013682486	0.023433128	0.24448092	0	0.15891653	0.07344735	0.5419542	0.056340486	0.046859305	0.005097811	0.057997175	0.08650892	0.09060298	0.72123575	0	1.2373571	0.07782797	0.15701431	0.03286045	0.22333641	0.055337485	0	0	0	0.068922915	0	0.13300909	0	0.03526783	0	0	0.09767862	0.27381188	0.08023836	0	0.33370236	0.06635429	0.1278616	0.15648769	0	0.046943128	5.2517776	0.031013994	0	0.11429355
EA49	E	0.047341716	0.077082135	0	0	0.006018111	0	0.018190945	0	0	0	0.08062591	0.15803756	0.2491127	0	0.034277856	0.031187732	0.110871136	0	0	0.1731642	0	0.040823627	0	0	0	0	0.4520003	0.07480585	0.41280797	0.25010514	0	0.0559247	1.1028317	0.017457206	0	0.011813778	0	0.06641175	0.014890007	0.04241536	0	0	0.019026889	0.14339596	0.020100227	0.012641281	0	0	0	0	0	0	0.051372655	0.038450774	1.3569057	0.060984846	0.052960493	0.060877915	2.1477125	0.007157332	0.070569254	0	0.1118291	0.14841229	0	0.15207523	0	0	0.14634885	0.2919702	0.16426423	0	0.019118117	0.16203651	0.17930299	0.13523325	0.56152624	0.12646404	0	0	0.11290353	0.7465933	0	0	0.006016009	0	0	0.08791764	0	0.24464747	0.038475167	0	0.1138289	0.098742485	0.018693723	0	0	0.08584595	0.077466704	1.582053	0	0	0.012011494	0.21465486	0.10928038	0.043074846	0.05490487	0	0	0	0.28416458	0.1464694	0	0.006654375	0	0.553084	0	0.037467234	0	1.2018168	0	0.23024328	0	0.3850686	0	0.43092015	2.5120614	0.01376434	0.114131294	0.0419672	0	0.43647584	0	0.069262445	0	1.0551317	0.98236006	0	0	0.0653282	2.1804328	0	0.018395087	0.7792411	0.07372117	0	0.420253	0	0	0	0	0	0.026268374	0.051246617	0.09303865	0.5459173	0.008936251	0.045703795	0	0	0	0	0	0	1.5765105	0.113292135	0.05256085	0.88790995	0	0.054936104	0	7.068733	0.34954107	0	0	0	0	0.026892997	0	0	0.22116221	0.28739378	0.05713912	0.08364587	0.011566172	4.424307	4.0555024	0.28779784	0.35980693	0.16324194	0	0.540936	0	0	0.04292275	0.2629343	0	0.16262725	0.05667707	0.09022249	0.53462386	0.16625454	0	0.12677854	0.5041744	0.033627708	0	0	0.42161256	0.6422842	0	0	0	0	0	0.49693838	0.19743633	0.19070205	0.061950848	0.095972925	0.056585617	0	0.019951468	0.16547452	0.07304325	0	0.06574563	0.010030049	0.044467077	0	0.77127844	0	0	0	0	0.045076493	0	0	0	0.018907923	0	0	0.07743592	0.064308204	1.1011596	1.2072144	0.29356784	0	0.113044746	0.014428971	0.3375495	0	0.27730358	0.14601591	0	0
EA50	E	0.21116567	0	0	0	0	0	0	0	0	0	0	0.48499227	0	0	0	0	0.010855609	0.13954018	0	0	0	0	0	0	0	0	0.26557654	0	0.08389771	0.3861337	0	0	0	2.7591016	0	0	0	0.17311102	0	0	0	0	0.09204092	0	0	0	0	0	0	0	0	0	0.025701363	0	0	0	0	0	0	0	2.7617443	0	0	0	0	0	0	0	0	0	0	0	0	0	0	0	0	0	0	0	0	0.073989786	0	0	0	0	0	0	0	0	0	0	0	0	0.7934199	0	0	0	0	0	0	0	0.28591388	0	0	0	1.5338295	0	0	0	0.15469466	0.004605854	0.033981737	0.07635159	0	0	0	0	0	0.1971604	0	0	0	0	0	0	0.07464626	0	0	0	0	0	0	0	0	0	0	0	0	0	0	0	0	0	0	0.09351175	0	0	0	0	0	0	0	0	0	0.09106938	0	0.18743132	0	0	0	0	0	0	0.024845496	0	0	0.10347668	0	0	0	0	0	0	0	2.6891782	0.029162602	0	0	0	0	0	0	0	0	0.5231587	0	0.32093206	0	0	0	0	0	0	0	0	0	0	0	0.71175015	0	0.08031631	0	14.169967	0.07393046	0	0	0	1.8608358	0.07255786	0	0.4181847	0	0.19606557	0	0	0	5.229622	0	0	0	0	0	0.046649534	0.29728845	0	0	0.08018429	0	0.085145354	0.13838816	0	0	0	0	0	1.0368273	0	12.489754	0	0	0	0	0	0.008548808	0	0.011886901	0	0	2.4905279	0	0	0	0	0	0
EA51	E	0	0	0	0.4220154	0.008570154	0	0	0	1.4863371	0	0	0	0	0	0	0	0	1.1114413	0	0.22652039	0	0	0	0	1.7790232	0	4.2790513	0	0	0	0	0.79350245	0	0	0	0	0	0	0.010771398	0.0550934	0	7.553662	0	0.36913073	1.4540664	0.47868252	0	0	0	0	0	0	0	0	0	0	0	0	0	0	0.092305295	0	0	0.049338207	0	0.7191221	0	0	0.17675105	0.070507035	0	0	0.016442535	0.038697917	0	0.14742734	0.013869212	0.15535328	0	0	0	0.33344904	0	0	0.006440719	0	0	0	0	0	0	0	0.04561821	0	0.036457337	0	0	0	0	0	0	0	0.1680384	0	0	0.14814168	1.9529575	0	0	0	0.22385399	0.0231491	0	0.007063159	0	0	0	0	0	4.957972	0	0	0	0	0	0	0	2.1507885	0	0	0	0.13762246	0	0	0	0	0	0	0	0	0	0	0.203716	0	0	0	0	0	0.2239616	0	0	0.07240432	0	0	0	0.33237982	0	0	0	0	0	0	0	0	0.45771706	0.020235436	0	0	0	0.05742116	0	0	0	0	0	0	0	0	0	0	0	0	0	0	0	10.948621	1.2356426	1.0312613	0	0.3402239	0	0	0	0	0	0	0	0	0	2.3356955	0.027070038	0.2762129	0	1.3754455	0	0.07034232	0	0.53923845	0	0	0	0	0	0	0	0	0	0	0	0	0.03167326	0	0	0	0.09559222	0	0	0	0	0	0.43599638	0	0	0.31091157	0.3403975	0.16913809	0	0	0	0.37578228	0	0	0.5366187	0.2857676	0	0	0.19716237	0	0	0.3570223	0	0	0	0.11957352	1.1787134	0
EA53	E	0	0	0	0	1.2803127	0	0.07153268	0.018738022	0.14060986	0	0.008193549	0.6211827	0	0	0	0	0.11978361	0.057215385	0	0.08890014	0	0.025526602	0	0	0.019037623	0	1.0751398	0	0.10993228	0	0.63527125	0	0	1.2016895	0	0	0	0	0	0	1.5999681	0	0.014082155	0.47572413	0	0.06960121	0	0	0	0	0	0	0.097362086	0.49695852	0	0.04610255	0	0	1.3556936	0	0.2809409	0	0	0	0	1.5780717	0	0	0	0.68219346	0	0	0.24258813	0	0	0.80017656	0	0.089603215	0	0	0.08422264	0.43616596	0	0	0.043118782	0	0	0.04183843	0	0	0	1.4817845	0.08956168	0	0.076293185	0	0	0	0	0	0	0	0.14327277	0.29036483	0.04921489	0.65415895	0.44245973	0	0	0	0.6296132	0.36197257	0	0.013184804	0	0	0	0.025832018	0	0.83740246	0	0	0	0.0631291	0	0	0.617293	1.1472099	0.19522429	0	0	0.17420754	0	0.11325943	0	0	0	0	0	0	0	0	0	0.09327595	0	0	0.10078932	0.05264755	0.7887406	0	0	0	0	0	0	0.19186965	1.7698551	0	0	0	0	0	0	0	0.29075748	0.1696748	0	2.3351877	0	0.10838779	0	0	0	0	0	0	0.11964092	0	0	0	0	0	0.6741649	0	0	1.779524	2.0794733	0.65073544	0.043175142	0	0	0	0	0	0	1.6185666	0	0	0.031666107	0	0.090627395	0	0	0.85618466	0.17078441	0	0	0	0	1.016874	0	0.31691107	0	0	0	0	0	0	0.04189281	0	0.27721453	0	0	0.18693069	1.8020017	0	0	0	0	0	0.82037085	0.12750868	0	0.08408679	0	0.022770436	0	0.083094	0	0	0	0	0	0.6637005	0	0	0.08407966	0	0.38818425	0.20862696	0	0	0.08001514	0	0.02384515	0
EA54	E	0.08395728	0.006944113	0	0	0.14608802	0.04262628	0.22838072	0	0.052365184	0	0	0.26154163	0	0	0.03709847	0	0.005697035	0	0	0.70762354	0	0.025282614	0	0	0	0	0.12190259	0	0.84573996	0	0.028169049	0	0.016213015	0.5097506	0	0.021084089	0	0.3034771	0.010191741	0.1386557	0	0	0.027150221	0.21497956	0	0.015346257	0.036043443	0	0	0	0	0	0.012346833	0.15134083	0.15352987	0.07048607	0.133821	0.83829236	0.7581564	2.4568658	0.41492996	0	0	0.2575477	0	0.08415483	0	0.07407909	0.06737459	0.047060873	0	0	0.19297864	1.068498	0.052820615	0.10597113	0.17776296	0.15147842	0	0	0	0.3780603	0	0	0.08399747	0	0	0.030498287	0	0	0	0	0.23543584	0	0.09703812	0	0	0	0	0	0	0	0.25036183	0.07388518	0	0.30617738	0.2838113	0	0	0.03731504	0.19584636	0.17791373	0.022741603	0.012889868	0.03775403	0	0	0.008566951	0.029591529	0.33359817	0.016412541	0.12005868	0	0	0	0	0.25724122	0.051194936	0	0	0	0.14615735	0	0.14931442	0	0	0.23355618	0	0	0	6.1474304	0	0	0.085645095	0	0.014792459	0.011920258	0	0.7708305	0.038363367	0.022645658	0	0	0	0	0.17223217	0.013624155	0	0	0.06484014	0	0	0	0	0.33064348	0.012021585	0	0.44596484	0	0.051026937	0	0.05408999	0	0	0.042947743	0	0	0	0	0	0.94987476	0	0	0	0	1.0569804	3.7588904	0.1616432	0.031091617	0	0	1.760192	0	0	0	0	0	0.36582378	0.02816789	0	0.40306103	0.39679438	0.028430078	0.7949738	0.9648255	0.05190665	0	0	0	0.090592295	0	0.00679032	0.033855807	0.14640073	0	0	0	0	0.04506956	0	0.013842765	0.067398466	0	0.080024965	0.01308942	0.78006756	0	0.39253286	0.034657806	0.04375302	0.30080178	0	0	0	0	1.207039	0.06991873	0	0.0491398	0.0334603	0	0	0.21763091	3.8693962	0	0	0.03469068	0	0.31529155	0.27093962	0	0.021301314	0.066717416	0.9229798	0	0
EA55	E	0	0	0	0.040558185	0.1586801	0	0	0	0	0	0.020486578	0.34093916	0	0	0.4931304	0.1368196	1.7754409	1.34291	0	0.26189068	0.057227176	0.046734408	0	0	0.07724	0	3.914923	0	0.068867154	0.055519164	0.08453701	0	0	1.2654665	0	0.010008615	0	0.026856903	0	0.025376225	0.015207623	0.038829662	0	0.1931302	0.21242686	0.10050047	0.11199174	0	1.0105364	0.12140323	0	0	0.12275566	0.05632566	0	0.080893144	0	0	0.10898994	0.074140675	0	0	0	0	0	0.23143177	0	0.16134909	0.09509133	0.74760044	0	0	0.5103823	0	0.43225655	0.114591755	0.23268436	0.10770805	0	0	0.52861065	0.88070685	0	0.16938986	0.008408355	0	0	0	0	0	0	0.10250202	0.052003674	0	0	0.07869005	0	0	0	0	0	0.054718927	0	0.14898418	0.26814	0.41535956	0.34869176	0	0	0.12581477	0.15109381	1.1170762	0	0.007869929	0.729235	0	0.37538543	4.4850016	0.10821707	0.15944952	0.053799883	0	0	0.121370904	0	0.07150719	0.61503583	1.9695266	0	0	0	0.043821808	0	0	0	0.12691686	0	0	0	0	6.017006	0	0.038993042	0.11187538	0	0	0.10189449	0	0.3124821	0.14812633	0.063264154	0.118002035	0.29379186	0	0	0.23568645	0.013003267	0	0	0	0.1320185	0	0	0	0.7754748	0.43906283	0	0.6206486	0	0.05347911	0	0	0	0	0.12324349	0	0	0	0	0	0.21307579	0	0	0.025360802	0	0.33709025	0.29865897	0	0	0	0	0	0	0	0	0	0	0.47302556	0	0.35030147	0.18100668	0	0.092774495	0.23904501	1.5548857	0.04670392	0	0	0	0.86158717	0.056181077	0	0.108284235	0	0	0	0	0.26920235	0	0.042176425	0.084137276	0.15829712	0	0.19909486	1.1286223	0.06993837	0	0	0	0.18938158	0.5399004	0	0	0.26334673	0.10423192	0.14539008	0.087872945	0	0.49123117	0.15451956	0	0	0.6313059	1.1631883	0.50254005	0	0.22110412	0	0	0	0.07787679	0.07130336	0	0.10504105	0.10939001	0.24587275
EA57	E	0.046244606	0	0	0	0	0	0	0	0.078793935	0	0.49329033	0.11761572	0	0	0.037081335	0.13687786	0.8647441	0.7182188	0.056291122	0.0538301	0.12016476	0	0.014591062	0.017197147	0	0	1.6087745	0	0.19858792	0.07091537	0.45484728	0	0	0.17317365	0	0	0	0.008633669	0	0	0.00873707	0	0.3279583	0.007194293	0	0.009141545	0.005800976	0	0	0.4038387	0	0	0.07337846	0.10255279	0.09976153	0.038975667	0	0	0.1238741	0	6.470203	0	0	0	0	0.047712844	0.017454889	0.118187144	0.029776152	0.043291193	0	0	0	0	0.026557432	0	0	0.016064314	0	0	0.1908122	0	0	0	0	0	0	0	0	0	0	0.010074744	0	0	2.9531589	0.11784287	0	0.09841162	0	0	0	0	0.24919954	0.030636571	0.844275	0	0	0	0	0.010923518	0.31584728	22.085077	0	6.2971053	0.008381891	0.11411545	0	1.2044084	0.00598194	0.013330426	0	0	0	0.21579596	0	0.123400725	0.7152742	0	0.021720383	0.21950418	0	0	0	0	0	0.39605558	0	0	0	0	0	0	0	0.060191184	0	0	0.09073178	0	0	0.012033396	0	0	0.20338745	0.009408003	0.52418333	0.14522208	0.056368653	0.037972715	0	0	0	0	0	0	0.18303415	1.4373577	0.04031874	0.22705108	0	0.01597461	0	0.298446	0	0	0.006891742	0.63375866	0.028596424	0	0	0	0	0	0.068347216	0.037133656	0	0.020626895	0.007061829	0	0	0	0	0	0	0	0	0	0	0	0	0	0.15645796	0.9675692	0	0.70865124	0.13819785	0	0	0	0.58962864	0.0444681	0.24341406	2.7641432	0	0.05883416	0	0	0.020145904	0.061949335	0.043674137	0.3456119	0.010843412	0.03618837	0.0895827	0.05255318	0.30094793	0	0.018317452	0	0	0.008115827	0.16337807	0	0	0	0.18731648	0.1777478	0	0	0.046330348	0	0	0	0.028460983	0	0.021140072	0	0.12422097	0	0	0.2528516	0	0	0	0	0.527163	0
EA58	E	0	0	0	0	1.4880002	0	0.3674868	0	0.123342164	0	0.02598171	0	0.06848932	0	0	0	0.06483358	0.3324955	0	0	0.037690822	0	0	0	0	0	0.71046424	0	0.102427326	0.026538623	0.023744885	0.056460552	0	4.8495607	0	0	0	0	0	0	1.1472064	0	0.04456639	0.021057146	0	0.03780815	0.13769269	0	0	0	0	0	0.86801517	0.42425394	0.07503896	0.2789093	0	0	0.48919922	5.0864267	0.24039581	0	0	0	0	0.6285751	0.03325781	0.22897786	0.06313173	0	0	0	0.015199591	0	0.013237541	0.065716155	0	0	0	0	0.054805655	0.029166697	0	0	0	0	0	0	0	0	0	0	0.006209314	0	0.08357127	0	0	0	0	0	0	0.119788475	0.2924636	0.16497515	0.23902865	0.01735643	1.4551231	0	0	0.15615202	0.49471432	3.2053041	0.1086039	0.013331858	0.1392515	0	0	0.16855498	0.11144825	0.037752487	0.07840594	0	0	0.07683137	0	0	7.9526668	0	0	0	0	0	0	0	0	0	0	0	0	0	0	0	0	0.07468177	0	0	1.4011573	0	0	0.1582317	0.11340396	0	0	0	0	0.80129594	0	0.03077748	0	0	0.018469559	0	0	0	0.7979189	0.21968238	0	0.5202503	0	0.04592072	0	0.1560009	0	0	0.13286297	0	0.28156248	5.49661	0	0	0	0	0.026136324	0	0	0.07268363	0.19260637	5.8050923	0	0.02193049	0	0	0.03716538	0	0	1.5160389	0	0	0.08440136	0	0.5919407	0	0.13422193	0.24044418	0.28149045	0	0	0	0.07262223	1.189371	0	1.0487334	0.11604171	0.2286297	0.05075211	0	0	0.26491874	0.053171568	0.02579902	0	0.12875165	0	0.08205549	1.3468974	1.4478804	0	0.04926413	0.12088803	0.15801558	0.42927215	0	0	0.22348522	0	0.1174765	0.13886125	0	0.08843436	0.006824672	0	0	0.006631398	0	0.12333539	0	0.1093044	0.0503006	0.19270068	0.10396546	0	0.09249686	0.046971876	0	0	0.027794654
EA60	E	0.059757855	0	0.027808407	0.058981847	0.2724605	0.041809265	0.017200287	0	0.08907476	0	0	0.17911707	0	0	0.23726359	0	0.07218923	0.040172175	0	0.13271925	0	0	0.48526248	0	0	0	0.7682258	0	0.19059876	0.04564625	0.48713428	0.06413662	0.4475958	0.4167748	0	0	0	0.08326437	0	0.47875646	0.017011356	0.55385524	0	0.10606786	0	0	0.1077768	0	0	0.09398811	0	0	0.58125234	0.20700976	0.14518398	0	0.031289823	1.6007571	0.10118747	2.4788806	0.011515349	0	0	0.038670048	0	1.0313658	0	0.17026559	0	0.027090548	0	0	0.058440086	0.07891391	0.18279214	0.05151301	0.069722235	0.0889081	0	0	0.10514744	0.15777554	0.14760576	0	0	0	0	0	0	0	0.050919857	0	0.042553164	0.3674709	0.00760703	0	0.06952182	0	0.02974005	0	0	0	0.11465023	0.084337115	0.2561642	0.04835445	0.3225574	0	0	0.09981239	0.3789377	0.4308364	0.0252177	0.005947387	3.9393544	0	0	1.0441657	0.112168185	0.5573897	0.04659407	0	0	0.086904384	0	0	15.849759	0.12673225	0.081924774	0	0	0.03083016	0	0.3736222	0	0	0.017233668	0	0	0.03476557	2.9315038	0	0.013871993	0.09054594	0.27712023	0.014920955	2.8780348	0	0.120616935	0.1058114	0.051581565	0	0.05971665	0	0	0.30836254	0	0.6187105	0	0	0	0	0	0	0.7167628	0.46910003	0.52858734	0.60613704	0	0.022133302	0.022137059	0.32051143	0.18320082	0.068018906	0.09838051	0	0.13503818	0.02661672	0	0	0.082620814	0.36335632	0.2170197	0	0.010309829	1.3596019	1.0855181	0.30585444	0.058353577	0.055786233	0.77501684	0	0	0	0	0	0	0	0.052328534	0	0.1170149	0.5433657	0.08892954	0.24158192	0.07270408	0.028836347	0	0	0.07946984	0.09924793	0	0.21518505	0.110512346	0.11368011	0.093742974	0.1961962	0.03161596	0.4317245	0.06840162	0	0.008748617	0.13976806	0.0843884	0.0626425	0.5373973	0.74999386	0	0.042478934	0.08074229	0.17866144	0.40897274	0.054219298	0	0	0	0.34157008	0	0.035214387	0	0.0209701	0	0	0.39181235	0.7645994	0	0.048999865	0.72699034	0	0.048337948	0.09962136	0.08736002	0.071597435	0.046641245	0.054182135	0	0.2924336
EA61	E	0.6428459	0.030544078	0.039118834	0	0.189013	0	0.03756078	0	0.13387948	0	0.016587563	0.53711045	0	0	0.19598769	0	0.020683961	0	0	0.36547023	0.015094792	0	0	0	0	0	1.1124343	0	1.6332307	0.028272353	0.3469109	0.011291845	0.38235784	0.5670311	0	0.006520902	0	0.019657878	0	0	0.15898281	0.013757102	0	0.00593811	0	0	0.10519125	0	0	0	0	0	0.09875134	0.6032971	0.029398395	0	0.012062137	3.1891184	0.057539787	1.4578606	0.021703472	0.27180636	0	0	0.09934313	1.0049503	0	0.17152877	0	0	0.005817773	0	0.012466725	0	0.02485749	0	0.013861368	0.097928256	0	0	0.024846956	0.013711079	0.09072286	0	0	0	0.012514379	0.13882048	0	0	0.026703658	0	0	0.014593223	0.006282269	0	0.049680673	0	0	0	0	0	0.36747378	0.13949284	0.050457552	0	1.4057872	0	0.76432914	0.097454555	0.5600438	0.07050846	0.051056743	0.030431759	3.8201551	0	0	0.24522774	0.10899387	0.035487648	0.050006595	0.017876565	0.100980826	0.01807947	0	0	2.2451847	0.009500273	0.021179546	0	0	0	0	0.11044724	0.013581704	0	0.09782092	0	0	0.021062989	0	0	0	0.32801285	0.14232591	0	0.39718005	0	0	0.10405532	0.051038858	0	0	0	0	0.81923	3.498685	4.770822	0	0	0	0	0	0	1.5857818	0.09974223	1.4872974	0.17338021	0	0.03498569	0.022222254	0.063568816	0.1779986	0	0.09724186	0.015954074	0.13640283	0	0	0	0.03766531	0.039117813	0.7040627	0	0	0.046390705	0.033991434	1.6343004	0.018381944	0	0	0	0	0	0	0.45943958	0	0	0.104773656	0	0.010619683	0.77762926	0.060314108	3.368875	0.09713553	0	0	0	0.5293378	0.07829234	0	0.09011393	0.109674	0.41544914	0	0	0.2133064	0.07080296	0.34144795	0.026564125	0	0.11781593	0.48474717	0.065345556	2.101435	0.48989016	0	0.1304639	0.8180408	0.17465481	0.5404241	0.23266461	0	0	0	0.25504398	0	1.4985487	0	0	0	0	0.052996438	0.1089011	0.018398954	0.0810484	0.71666706	0.06818998	0.081065394	1.1176099	0	0.06972907	0.07948139	0	0	0.033810038
EA63	E	0.08181771	0	0.11374479	0	0	0	0.15844637	0	0	0	0	0.28591135	0	0.20772049	0.24032067	0	0.07281995	0	0	0	0	0	0	0	0	0	0.43937343	0	1.1059647	0.04344188	0	0.058146827	0.21552873	1.2579826	0	0.008765223	0	0.7959483	0	0	0	0.02703645	0.077242956	0.03492334	0	0.006433677	0.022723423	0	0	0	0	0	0.018087765	0.011987828	0.393542	0.007422188	0.035577636	0.29596514	0.190334	0	1.5925401	0.16375116	0	0.010708265	0	0.79311675	0	0.09145882	0	0	0	0	0.026341325	0.006994311	0.06893057	0.03774186	0.013356281	0.058624446	0	0	0.015051884	0.029043846	0	0	0	0	0	0	0	0.6672885	0	0	0.007578104	0.029324312	0.42445385	0	0.04347889	0	0.017063804	0	0	0	0.08981767	0.088889554	0.052869216	0.0225129	2.3988967	0	0.020499699	0.032658093	0.8296145	0.51826125	0.02115742	0.05867598	0.019717935	0	0	0.037728462	0.025662178	0.05110886	0	0.11069891	0	0.18821056	0	0.034842826	0.20170686	0	0	0	0	0.018140044	0	0.059524704	0	0	0	0	0	0.028019369	1.0150303	0	0	0.30016023	0	0.011842888	0.024866235	0	0.027417468	0.019411322	0.016218951	0	0.013022298	0	0	0.61292	0	0.24793881	0	0	0	0	0	0	2.7289588	0.15115674	0.15705593	0.9576263	0	0	0.03869732	1.7115504	0	0.3495772	0.02622908	0.3255576	0.2074677	0.023777492	0	0	0.015464072	0	0.1927285	0	0	0.082996316	0.08829902	1.625676	0.013846821	0.017361354	0	0.42521796	0	0	0	0	0	3.53927	0.062983766	0.07637908	0.11268772	0.77000976	0.029738799	0.42638233	0.57605433	0	0	0	4.0353465	0.33049718	0	0.07826668	0.020046372	0.16479623	0.030342115	0	0	0.09837727	0.10189522	0	0	0.1940162	0.07728041	0.13549899	0.18031268	0	0	0	0.06453456	0.021248152	0.7126828	0.24151424	0	0	0	1.6790898	0	0.065803275	0.4045898	0	0	0	0.14520328	0.18826266	0.07123307	0	0.47400916	0	0.100443415	0.106952004	0	0.04670647	3.6738045	0.021363573	0	0.042505894
EA68	E	0.059986725	0	0.056310523	0	0.17265496	0	0.1225507	0	0.03787206	0	0.11223135	0.4724367	0	0.3863759	0.6443951	0	0.1557345	0.06297283	0	0.13666566	0.05246852	0	0	0	0	0	1.6228858	0	1.0753884	0.18946016	0.20356908	0	0.0718657	0.16397147	0	0	0	0	0.005306361	0	0.043270715	0	0.052159123	0.016537368	0	0	0.0404466	0	0	0.0447041	0	0	0.06961517	0.45630646	0.18917148	0.14574994	0.12586153	0.47927192	0.5025877	0	0.14935389	0.0319349	0.020901905	0.04823493	0	0.35334614	0.016445214	0.11506892	0.08382635	0.04807101	0.031567827	0	0	0.036560938	0.093716376	0.014429899	0.010768597	0.08460455	0	0.11862049	0.108536996	0.019285202	0	0	0	0	0	0.021693218	0	0.661224	0.043681484	0	0.016472789	0.058032498	0.03396472	0.107117504	0.11228822	0.13394395	0.011543843	0	0	0	0.4094148	0.16954751	0.2405255	0.027220333	0.27149183	0	0	0.037967578	0.9448599	1.6711931	0.032849364	0.014283013	0.042212885	0.38238415	0	0.14467764	0.035696	0.051755834	0.020946814	0.038460042	0	0.07889725	0	0.30018014	9.314584	0	0.035715558	0.032629278	0	0.107732795	0	0.3900531	0.033776782	0.11533943	0.009481762	0	0	0.06298352	0.41589534	0.27735466	0	0.16463117	0.20115444	0.045038205	1.6295835	0	0	0.049308028	0.029086312	0	0.049571984	0.12816344	0.07892309	0.4055549	0.114398524	0.18284164	0	0.13886006	0	0.05159156	0	0.17414285	0.62678325	0.22713192	0.4318503	1.2445542	0.005908998	0	0.3382373	0.24669027	0.13788345	0.06194024	0.047469568	0.1725221	0.2232268	0.030000933	0	0	0.008079689	0.050371453	0.4224027	0.2331793	0	0.09944681	0.1902048	0.99053127	0.034726482	0	0.023750193	0.16241077	0	0	0.043293044	0	0	0.05254747	0.06565854	0	0.011413501	0.65828866	0.04169244	2.3839004	1.2970426	0	0	0	0.33719012	0.56178814	0	0.0431428	0.028640166	0.23223493	0	0.22996858	0.31976575	0.3076115	0.1501594	0.2517767	0.010928215	0.07278568	0.16022648	0.12527922	0.36915356	0	0.04921251	0.027238918	0.1888025	0.049430802	0.57003456	0.1196683	0	0	0	0.011889872	0.08920811	0.55376434	0.084918626	0	0	0	0.042739745	0.07349294	0.006030378	0.23500344	0.36297628	0.23852138	1.831631	0.6673788	0	0.026562383	1.4242111	0.031519543	0	0.033872593
EA70	E	0.1388716	0	0.12558225	0.023196196	1.0400442	0	0.14892626	0	0.10452298	0	0.07015531	0.14788178	0.058558896	0	0.23171295	0	0.040022727	0	0.46624503	0.0973645	0.04775472	0	0	0	0	0	3.4953892	0	0.32943785	0.010856343	0.02647617	0	0.09277382	0.62489563	0	0	0	0	0	0.011853796	2.6096413	0.009100468	0.010960089	0.008338891	0	0	0.042968147	0.053218674	0	0	0.53656214	0	0.4723985	1.0487335	0.065314546	0	0.0254456	0.07100031	0.1002056	0	0.14223135	0.23394178	0	0	0.1296434	1.1788089	0.04814662	0.11227012	0	0	0	0	0.02101759	0	0.061747007	0	0.029532637	0.06976205	0	0	0	0.03869082	0	0	0	0.040122665	0	0	0	0.6628548	0.020176476	0	0	0.022177625	0.034189176	0	0	0.26550806	0	0.1073418	0	0	0.33886823	0.056459244	0.13088146	0.006531989	0.29769966	0	0	0.041202143	0.9221467	0.08276725	0.13665187	0.007339554	0.047003295	2.5275116	0	0.061681308	0.04201362	0.04592932	0.022451043	0.008207401	0	0.14028814	0	0	6.3563204	0	0.03665784	0.22112252	0.12939934	0.016945885	0	0.16205215	0	0.05432128	0.04719232	0	0	0.018673506	0.4159253	0	0	0.195485	0.0883282	0	1.1520821	0	0.009468622	0.04990785	0.028526884	0	0.018645855	0	0.5467079	0.603337	0.37933722	0.7819593	0	0.16867472	0	0	0	0.28047234	1.0115776	0.13050056	0.3478323	0.48689795	0	0	0.019844336	0.09589687	0.13792898	0.19246705	0.045069236	0.080304585	0.043099243	0.14869615	0	0	0	0.03533343	0.20043676	0.20787701	0	0.10477113	0.22163402	0.6829675	0	0	0	0.060067605	0	0	0	0.11474588	0	0	0.0826925	0	0	1.1732535	0.03679889	0.65632534	0.07392393	0.009538505	0	0.31529942	0.163612	0.043169938	0.012138904	0.31698227	0.04281163	0.47781557	0	0	0.33819488	0.017269894	0.14527556	0.130602	0	0.0890579	0.97352004	0.076996855	3.7862236	0	0	0.112996064	1.891261	0.05804223	0.5435276	0.36793566	0	0	0	0.048322614	0.09750367	0.31192896	0	0.013215744	0	0	0.02428977	0.10104108	0	0.12727511	0.74007076	0.0764438	0.09928594	0.2731843	0	0.028761795	0.02944996	0.027291346	0	0.04252414
EA72	E	0	2.115155	0	0	0.3083705	0.008889376	0	0	0.32331163	0	0	0.5348706	0	0	0.96399057	0	0.10058261	0.27325976	0	0.20927708	0	0	0	0	0.2928413	0	1.1044666	0	2.0547087	0.028414771	0.012886583	0	0	1.6988647	0	0.009828039	0	0	0	0	0.517965	0.015217121	0.011261946	0.052788805	0	0.08573514	0	0	0	0	0.22955833	0	0.09823376	1.1956999	0.111606956	0	0	0.549589	0	5.0023794	0.118958525	0	0	0	0	0.2524141	0	0	0	0.01671286	0	0	0.007426805	0	0.018043092	0.011960151	0.008408434	0.0928935	0	0	0.01869515	0.036187533	0	0	0.0079095	0	0	0	0	0.037888747	0	0	0.004382519	0	0.034627527	0	0	0	0	0	0	0.34097168	0.3553353	0.077099405	0.020301433	0.024532689	0.9552382	0	0.19101277	0	0.67228544	0.068666734	0	0.009689126	0	0	0	0.031612437	0	0.044696197	0	0	0	0	0	0	0.38113767	0.016821053	0.038362797	0	0	0	0	1.3776311	0	0	0.057001736	0	0	0	0.07978696	0	0	0.038429726	0	0	0.053168956	0	0	0	0	0.07951908	0.009393784	0	0	1.0336368	4.3184457	0	0	0	1.9243389	0	0	0	1.9930551	0.4520271	2.3713818	1.4292042	0.004909082	0.4739794	0	0.02897259	0	0	0	0	0.2673918	0	0	0	0.008951195	0	0.49305543	0	0	0.07271094	0.049270745	3.3436468	0	0	0	0	0	0	0	0	0	0	0.15921581	0.02590318	0.09566737	0	0	4.737024	1.3716934	0	0	0	0	0	0	0.013601631	0	0	0	0.79735017	0	0.12252275	0.13604198	0	0.024673767	0	0.39062825	0.17422579	1.7204322	1.632311	0	0	0.08313828	0	0.9873873	0	0	0.15498154	0	0.2110461	0	0	0	0	0	0	0.051252175	0.024313482	0.017129404	0.0741896	0.23238282	0	0	0.9690551	0	0	0	0	0.08318975	0
EA73	E	0.2155503	0	0	0	0	0	0.018438103	0	0	0	0	0	0	0	0.112455696	0	0.03566354	0.3353435	0	0	0	0	0	0	0.12312261	0	2.8621507	0	0.22204168	0	0	0	0	0.20485382	0	0	0	0	0	0	0	0.006868342	0.09803711	0.04132198	0.16642681	0.0221337	0	0	0	0	0	0	0.7926957	0	0.030225517	0	0	0	0.41080093	0	0.28743792	0	0	0	0	0	0	0	0	0	0	0	0	0	0	0	0	0	0	0	0.02220103	0.0433595	0	0	0	0	0	0	0	0	0	0	0.010240956	0	0.07718382	0	0	0	0	0	0	0	0.18809974	0.031202117	0.06428964	0.086378485	4.2182546	0	0	0	0.6500756	0	0.2137594	0.055059962	0	0	0	0.012487127	0	0.04679075	0	0	0	0.031935655	0	0	3.086066	0	0	0	0	0	0	0	0	0	0	0	0	0	0	0	0	0.026965173	0	0.053685773	0.52169436	0	0	0	0	0	0	0	0	5.663674	0	0	0	0	0	0	0	0	26.874393	0	0	0.7523755	0	0.20430171	0	0	0	0	0	0	0	0	0	0	0	0	0.13371836	0	0	0.15460198	0.029092245	16.285303	0	0	0	0	0	0	0	0	0	0	0.26100028	0	0.027559353	0.07719551	0	0.90026426	0.39255184	0	0	0	0	0.02409977	0	0	0	2.2505386	0	0	0	0	0	0	0.009334419	0	0	0.2955448	0	0	0	0	0	0	3.9370089	0	0	0	0	1.6742799	0	0	0	0.015937418	0	0	0	0	0.020576123	0	1.1224034	0	0	0.10882457	0	0	0	0	0	0
EA76	E	0.0927069	0	0.23562345	0	0	0	0.24004172	0	1.0138048	0.009189498	0.106171265	0.5035245	0	0	0.11802639	0	0.10061636	0.103571005	0.032262065	0.10964746	0.0319999	0	0	0	0	0	1.4419599	0.014203047	1.8499761	0	1.2575576	0.04952719	0.020360393	0.9058661	0	0	0	0	0	0.013700822	0.039096244	0.012340401	0.08697176	0.006564017	1.112687	0.014575657	0.07897045	0	0	0	0	0	0.10204409	0.026357668	0.20672633	0.023762207	0	0.41128075	0.17470275	0.014008984	0.43002307	0.20610356	0	0	0.00828355	0.5303583	0	0.1487247	0	0	0	0.011292297	0	0	0.01141509	0	0	0.10083301	0	0.05779999	0.043643042	0.015342986	0	0	0	0.05606902	0	0	0	0	0	0	0	0	0.0861965	0.09566438	0	0.54419327	0	0	0	0.09155608	0.67767775	0.07645323	0.21843144	0	0.15610735	0	0	0.08202708	0.47556373	0.16363756	0.06745494	0.043878995	0.08416631	5.930875	0	0.06991629	0.07497224	0.03158343	0.04708968	0	0	0.051653687	0	0	7.6730366	0.01666665	0	0.4974249	0.12447818	0.062062148	0	0.15495093	0	0.07094862	0	0	0.026306009	0.024068361	0.005175288	0	0.012829667	0.059406526	0.037879452	0	1.3493241	0	0	0.08421961	0.05496916	0	0	0	1.2654555	2.2608795	1.4344711	1.7885835	0	0.22616032	0.16738209	0	0	0	5.990655	0.040122584	0.2636859	0.9053494	0.007757927	0	0	0.049526606	0.011575328	0	0.07899371	1.6663787	0.07675628	0.016544795	0	0	0	0	0.21884619	0.2191896	0	0.017153936	0.10466389	1.2004765	0.010668619	0	0.060516354	0.005598858	0.07410107	0	0	0.43159527	0	0	0.29311383	0	0.007556339	0.61851853	0.06329593	1.8440397	0.21893348	0.009897573	0	0	0.2049815	0.19994994	0	0	0.076740816	0.6390623	0	0	0	0	0.21572433	0.13309364	0	0.11585208	0.14496107	0.16540454	1.015087	0.0712886	0	0.04737777	1.178035	0.10138541	1.8351163	0.46606874	0	0	0	0.2971916	0.12169659	1.7100431	0.023179522	0	0	0	0.006558792	0	0	0	2.8213918	0	0	0.7418271	0	0.05508974	0.7959713	0	0	0
EB01	E	0.09137076	0	0	0	0.018804403	0	0.0439935	0	0.09618544	0.07894391	0.025773564	0.54342633	0	0	0	0.10252945	0.43843204	0.13460039	0	0.089685984	0	0	0.16583571	0.022465397	0.019289307	0	0.6132602	0.2639434	0.061576087	2.3874376	0.05091287	0.06545931	0.4121987	0.35174906	0	0	0	0.05460107	0	0	0.030005246	0.06633093	0	0.032639388	0.060487207	0	0.08332104	0	0	0.06939116	0	0	0.028515657	0.06801107	6.2636867	0.06675637	0.021259133	0.11117134	0.67344624	0	0.048535023	0.030887838	0.19167076	0	0	0.45820087	0	0.11883641	0.1359742	0.037850317	0	0	0.011632311	0	0.2761388	0.118246466	0	0.04654945	0	0.3095468	0.13481782	0.106104225	0.098404825	0	0	0	0.024852673	0	0	0.019988922	0.027226686	0	0.009135166	0.03804827	0.020840753	0.041424453	0.062029652	0.05614251	0.05726388	0	0.08192397	0	0.05212102	0.08775331	0.13270053	0.01869821	0.11619434	0	0.039073057	0.101606205	0.26237348	0.2541831	0.021772197	0.027109161	0.07601558	0.5205173	0	8.393458	0.06533855	0.29753426	0.036370512	0	0	0.2175114	0	1.8104361	0.97904223	0	0.029230108	0.03937049	0	0.10696107	0	0	0	0.08631741	0.03958339	0	0.029245988	0.034258522	0.26757553	0	0.16736983	0.56162196	0.09339021	0.059750903	0.18061297	0	0.059833076	0.0860214	0.051053803	0	0.62815046	0.9382929	0.066878654	0.20651746	1.1472337	0.075321175	0	0.063282184	0	0	0	0	0.2625886	0.39669326	0.26229483	0.2045322	0	0	0.090666115	1.1169418	0.086437404	0.024690533	0.083547756	0	0.0797307	0.5421303	0	0	0.028757202	0	0.13186797	0.034522064	0	0.5781919	0.046869993	0.83417976	0.2930139	0.016246848	0	0.23541889	0	0.19221102	0.32173035	0.48660496	0	0	0.02279834	0.57850784	0.00985134	0.33837464	0.062307093	2.507414	0.7763821	0.018454278	0.075835496	0	0.76794577	0.19616316	0.03380534	0	0.061981883	0.18634933	0	0.17671613	0.041541897	3.2444274	0.046188224	0.061624892	0	0.107244104	0.052349634	0.06486097	0.19984095	0	0.49104837	0	0.08697983	0.08464669	0.18220294	0.09924681	0	0	0	0.035297673	0.09995804	0.24309309	0	0.014167959	0	0	0.054353416	0.057793226	0.067636475	0	0.0842558	0.14118044	0	0.7180309	0	0.054115113	0.2469082	0	0.046455044	0.1215303
EB02	E	0.046323285	0	0	0	0.011206168	0	0.021632917	0	0.26446277	13.249874	0	0.1837078	0	0	0.89942724	0	0	0	0	0.13061422	0	0.015943319	0.36756405	0	0	0	0.8101625	0	0.56713384	4.124757	0.2719403	0	0.08883468	0.8405768	0	0	0	0	0	0.008553996	0.008469835	0.23545967	0.005785075	0.09338745	0	0	0.008533862	0	0	0	0	0	0	0	0.89768916	0	0	0.02679039	1.0571681	0	0.008230588	0.054671388	0	0.00916575	0	0.097203605	0	0.048628442	0.19612674	0.43127164	0	0	0.12599105	0	0.06593438	0.012234776	0	0.05516631	0	0	0	0.099798515	0	0	0	0	0	0	0	0	0	0	0.01853237	0	0.015381871	0	0	0.051552087	0.016015355	0	0	0	0.23037033	0.21595223	0	0.06262343	0.33957937	0	0	0.011312507	0.26668844	0	0	0.00507127	0	0.03222991	0	0	0.011025995	0.4806225	0	0	0	0.004688799	0	7.665984	0.06322276	0	0	0.062068723	0	0.009839818	0	0	0	0	0	0	0	0.021815177	0	0	0.98755276	0.5336825	0	0.27769202	0	0	0	0	0.009040242	0	0	0.6742555	0.37411925	0.2148463	0.11263902	0.08867094	0	0.07620364	0	0	0	0	0.4254556	0	0.14236997	0.1494368	0	0	0	1.8066992	0	0	0.007887653	0.34853867	0.02581183	0	0	0	0	0	0.3158474	0	0	0.91856354	0.21897729	0.31399915	0.116886005	0	0	0	0	0.44334167	2.084139	0	0	0	0.05312509	0.68362033	0.06930023	0.45662394	0.010317493	0.9975125	0.5064243	0	0	0	0.62224734	0.5464533	0	0	0	0.0536631	0	0	0.014030676	3.2581565	0	0	0	0.04385374	0.033802807	0.07415602	0.3628897	0	1.1309885	0.17915986	0.03426447	0	0.2275738	0	0	0	0	0	0	0	0	0.05257978	0	0	0.38319805	0.1272471	0.062757	0	0.092844576	0	0	0.3584712	0.06496628	0.011185599	0.8759568	0	0	0
EB03	E	0.44042742	0	0	0	0.016066153	0	0	0	0.1954932	0	0	0.12730035	0	0	0	0	0	0.6797359	0	0.18049742	0	0	0	0	2.7180402	0	3.3545096	0	0.24926394	0.07775036	0.34571508	0	0	2.164798	0	0	0	0	0	0	0	0	0.04345899	0	7.6147904	0.35342574	0.20775284	0	0	0	0	0	0	0.21914975	0.10591278	0.006040152	0	1.1664333	0	0	0.32019937	0	0	0	0	2.181529	0	0.23196061	0	0	0	0	0	0	0	0.008416043	0	0.106814146	0	0	0	0	0	0	0	0	0	0	0	0	0	0	0	0	0.07703394	0	0.14831525	0	0	0	0	0	1.0603602	0.020124663	0	0	0.79649734	0	0	0.18357164	0.51934487	0.30136055	0	0.025538184	0.20362362	2.1461642	0	0.015137052	0.20174813	0.043251704	0.10178054	0.009796418	0	0	0	0	0	0.008047445	0	0	0	0	0	0	0	0	0.039133955	0	0.09510721	0	0.05314935	0	0.015829857	0.016331531	0	0	0	0	0	0.20608033	0.12702037	0	0	0	0	1.9485506	0.009955334	0	0	0	0	0	0	0	5.2268047	0.021560319	0.6527473	2.117211	0	0.12252534	0.056472775	0.021198386	0	0	0.21632846	0	0.044986542	0	0	0	0	0	0	0	0	0.032176614	0.005766718	1.5936668	0	0	0	0	0	0	0	0	0	0.17826848	0.1715183	0	0.10273443	1.8669498	0.14040364	10.703284	0.063164435	0	0	0	0	0.15205625	0	0	0.1756603	0	0	0	0	0.29856732	0	0	0	0.196996	0.10276487	0.20547004	1.1892498	0	0	0	0	0.22227319	2.0120409	0.6753079	0	0.20993952	0	1.1513226	0.2245813	0.22274524	0	0	0	0	0	0	0.004134711	0	0.5820296	0	0	3.0451188	0	0.13821858	0	0	0.4204722	0
EB04	E	0.1422515	0	0	0.044640392	0	0	0.027925152	0	0.0904872	0.17462948	0.010932998	0.1549642	0	0	0.053221427	0	0.07520691	0.04759127	0	0.1260388	0	0	0	0.030648567	0.044219103	0	0.22095428	0.10225725	0.33025643	0.34816992	0.018770337	0.019207768	0.69461286	0.3183241	0	0	0	0	0	0	0.02038041	0.08377547	0	0.07675892	0.020190543	0	0.039567795	0	0	0	0.059292052	0.04370553	0.015836956	0.04300889	0.56786036	0.008030652	0.09042202	0.03652353	0.7969673	0	0.004009594	0.059028592	0.20927751	0.20657481	0.041346375	0.11183503	0	0.09659848	0.145764	0.10517918	0	0	0.12664528	0	0.24843383	0.0203844	0.12977573	0.06758174	0	0.11339216	0.021536054	0.119422436	0.064352885	0.029023293	0	0	0.15448013	0	0	2.2819667	0.05246806	0	0.024709085	0.46119067	0	0	0.1569619	0.041922327	0.09297776	0.28648135	0.40031752	0	0.094060786	0.32620358	0.026231475	0.037376028	0.07581521	0	0.059498716	0.03720021	0.15483613	0.06957366	0.038096	0	0.034673225	0.24355492	0	0.023091622	0.034829706	0.1281591	0.024751259	0.06634221	0	0.03750734	0	0.3696903	0.27936178	0	0.06705673	0.022510216	0.025727175	0.36048338	0	0.037084527	0.06911789	0	0.43405834	0	0	0.6151779	1.8783754	0	0.057611175	0.71059614	0.1009079	0.10485408	0.009330425	0	0.13083637	0.033978358	0.023360634	0	0.013626103	0.096243106	0.061683156	0.2517121	0	0.07115877	0	0.06939904	0	0	0	0.19060484	0.51311445	0.019086765	0.055017848	0.10955896	0.07484186	0	0.0939085	1.191086	1.0736783	0.6454284	0.06334304	0.058092598	0.0475176	0	0	0	0	0	0.29585576	0	0	0.2604248	0.09814575	0.33603814	0.3658066	0.011334	1.119036	0.15626284	0	0.08085447	0.24680077	0.07637518	0	0	0.03324181	0.15609664	0	0.2398766	0.026152981	0.16088559	0.97519714	0.025343452	0.029008491	0	0.49868855	0.9530923	0	0	0.038984183	0.11981372	0	0.13763358	0.1864526	0.5170921	0.03054563	0.004789269	0	0.062833354	0.018105369	0.06520363	0.55775374	0	0.12431044	0.0523606	0.022994924	0.03249407	0.23568462	0.094886445	0	0	0	0.04609734	0.04889136	0.3295396	0	0.04757969	0.01809935	0	0.22787558	0.28220525	0.3270954	2.9400039	0.05797873	0.2244184	0.07582313	0.06328632	0.04503508	0.024616607	1.2727184	0.021974638	0	0.4501355
EB05	E	0.118633285	0	0	0	0	0	0	0	0	0	0	0	0	0	0	0	0	0.20043585	0	0	0	0.09804036	0	0	2.3540468	0	1.588927	0	0.39891958	1.5751022	0	2.4470193	0	0.025215207	0	0	0	0.06063777	0	0.05620989	0	0.26763114	0	0.86291647	0.38797683	0.19144994	0	0	0	0	0	0	0	0	13.713441	0.01972651	0	0	1.7619799	0	0.118361466	0	0	0	0	0.09834574	0	0	0.5667835	0	0.094871886	0	0	0.03679745	0	0.4666539	0	0.1405561	0	0	0	1.8133545	0	0	0.10887989	0	0	0	0	0.007897634	0	0	1.0333012	0	0.04026203	0	0	0	0	0	0	0	0	0.09270151	0	1.9475175	0.17914137	0	0	0	0.12157197	0.038920984	0	0.013991304	0	0	0	0.029404338	0	1.1221843	0	0	0	0.006088973	0	3.2112362	0.11646311	0	0.08822424	0	0	0	0	0	0	0	0	0	0	0	0.0064616	0	0	1.2397327	0	0.0905549	0.01686083	0.14523908	0	0	0	0	0.011188477	0.23023887	0	0.32634342	0	0	0	0	0	0	0	0	0.9169216	0.38553187	0	0.520116	0	0.18575718	0	2.577531	0	0	0	0	0	0.04466594	0	0	0	0	0	0	0	2.249387	1.2628281	0	0	0.4477864	0	0	0	0	0	0	0	0	0	0.12069583	0.44210255	0.7342199	0	1.0420012	1.0889332	0.24437128	0	0	0	0.41663238	0	0.16691025	0	0	0.121428296	0	0	0.15003502	0	0	0.40411344	0	0	0.18587227	0.24968016	0	0.34248805	0	0	0	0.60552037	0	0	0.10991337	0	0.59778184	0	0	0	0.12782088	0	0	2.0364304	0	0	0	0.13122335	0.3135986	0	0.25648105	0	0	0.44425485	0	0.29211843	0
EB07	E	0.0811925	0	0	0	0	0	0.04004903	0	0.016984103	0	0.01088208	0.04736421	0	0	0.033525307	0	0.022984171	0	0	0.048433326	0.285624	0	0	0	0	0	6.3167877	0	0.34836462	0.012626697	0.21915363	0	0	0.52916414	0	0	0	0	0	0	0	0	2.9816222	0	0.11758246	0.015523537	0.03549591	0	0	0	0.037301805	0	0.037654705	0.013503136	0.010437565	0.011615526	0	0.12497386	0.05570685	0	14.6660385	0	0	0	0	0.5477486	0	0.050245017	0	0	0	0	0	0	0	0	0	0	0	0	0.022939276	0.007347069	0	0	0	0	0	0	0	0	0	0	0	0	7.4379864	0	0	0	0	0	0	0	0.18946587	0.022191826	0.05083939	0	0.30491078	0	0	0.033429626	0.3143918	0.029566845	0	1.4528512	0.031666175	0	0	0	0.029567698	0	0.023857143	0	0	0.025705824	0	0	0.56552094	0	0.013146721	0.105822034	0.041896436	0.013479047	0	0.025652291	0	0	0	0	0	0	0.01229724	0	0	0	0.007405319	0	0.089283645	0	0	0.025825847	0.031957217	0	0	0	0.026112849	0.5127259	0	0.03837858	0	0	0.06405651	0	0	0	1.3060532	0	0.17392501	0.3285881	0	0	0	0	0	0	0.05317484	0	0.014511304	0.09646704	0	0	0	0	0.07851717	0	0	0.008864448	0.016852776	1.0614691	0	0	0	0.006322749	0.0973003	0	0	0	0	0	0.13456476	0	0.012471629	0.6998206	0.025477663	1.0391157	0.061674982	0	0	0	0.32030407	0.0636777	0	0.05270698	0.031770322	0	0	0	0	0.051729508	0.040367328	0.007997795	0	0.04169822	0.18702298	0.051237535	0.1374919	0	0	0	0.043175068	0.029891666	0.46276632	0	0	0	0	0.39526042	0	0	0	0	0	0	0	0	0	0	0.26070523	0	0.09285194	0.29504713	0	0.032031037	0.75648725	0	0	0
EB08	E	0.100725606	0.010169908	0.040492285	0	0	0	0.04572535	0	0	0	0	0.18062995	0	0	0	0	0	0.1465263	0	0.34763855	0.05522366	0	0.011081724	0	0.20252047	0	3.0758395	0	0.14787783	0.011627871	4.237254	0	0.26941907	0.37916544	0	0	0	0.013275534	0	0	0	0.04790227	0.12415381	0.012728769	3.7375998	0	0.015157845	0	0.22087103	0	0	0	0	0	0.079595625	0	0	0.12931561	0.097788036	0.6455925	2.5216718	0.071169645	0	0	0	1.066487	0	0.08328605	0	0.014384249	0	0	0.008671124	0	0	0	0.005118187	0.11113316	0	0	0	0.096968025	0	0.013888811	0	0	0.007489115	0	0	0	0	0	0.012307871	0	0.67017835	0	0.049808335	0.8968202	0	0	0	0.10842714	0.5173978	0.04544034	0.23139985	0	0.087216176	0	0	0.018865202	1.4447235	0.77250147	0.037974425	0.1209457	0.018898344	0.63753855	4.09219	0.078843035	0.019570613	0.1350901	0.017563531	0	0	0	0	0.10920946	14.640683	0	0	0.087308854	0	0	0	0.037961554	0	0	0.043618508	0	0	0	0.40714172	0	0	0.045023207	0.05787536	0	2.048015	0	0.01175183	0.026937915	0.011154469	0	0	0.010619147	0.15744483	0.40582108	0	1.7241459	0	0	0.346631	0	0	0	0.7482687	0.07368182	0.32998025	0.7706822	0	0.051113516	0.02339088	0.16377689	0	0	0.01619687	0.4159334	0.053513333	0.30822945	0	0	0	0.020611053	0.1660368	0	0	0.31498846	0.042710997	0.8651837	0.011043318	0	0	0.022701604	0	0	0	0.228993	0	0	0.12473555	0	0.061022542	0.2820115	0.039989114	7.203838	0.077847935	0	0	0	0.10457856	0.05354791	0	0	0.017051315	0.32415414	0	0.6960425	0	0	0.284489	0	0	0.043155063	0.33826765	0.09575543	0	0.23550823	0	0	0.70033914	0.028948376	0.49759442	0	0	0	0.10803037	0.034355853	0	0	0	0	0	0	0.04922567	0.018494241	0.040693734	0.01841403	0.20971303	0	0	1.9721943	0	0.020825278	0	0	0	0
EB09	E	0.7067725	0	0.04093245	0	0.03443633	0	0.025930045	0	0.04107425	0	0	0.06892973	0.32830915	0	0.06354387	0	0.31780356	0	0	0.11950267	0	0	0	0	0	0	4.0678015	0	0.9007405	0.10917235	0	0	0.5595998	0.1140247	0	0	0	0	0	0	0.18830529	0	0.20580837	0	0	0	0.09257509	0	0	0	0.3067182	0.03509626	0.057826117	0.21968755	0.04051058	0.016411714	0.08187782	0.2781161	0.90385234	0	0.39689562	0.15265581	0	0	0.117683694	0.65621585	0	0.17655855	0	0.020425668	0	0	0.021186806	0	0.00657532	0	0	0.11156197	0	0.26444808	0.070413314	0.013445745	0.060940973	0	0	0	0.07444824	0	0	0.013887014	0.04961631	0	0	0.1677549	0.12556952	0.037612636	0.08496412	0.39559206	0.5310678	0.19435705	0.036774363	0	0.6147266	0.1846593	0.12034433	0	0.0922926	0	0.049373966	0.15106778	0.46851045	0.23672521	0.024770148	0.024665004	0.1127509	1.0223947	0	14.474615	0.08737286	0.028681112	0.05533322	0	0	0.070051156	0	0.1846632	1.07354	0	0	0.3247028	0.04389455	0.042533603	0	0.0697317	1.8622868	0.075577065	0.043056786	0	0.020732768	0.041533682	0.5194059	0	0	0.10902921	0.15494788	0.058580987	0.20784754	0	0.05304356	0.12526925	0.05538094	0	0.15029077	0.06972271	1.2656097	1.2964333	0.031610005	0.20616738	0	0.12271375	0	0	0	0.093661234	3.3139133	0.24103957	0.43959415	0.7722842	0	0	0.02104083	0.060773667	0.24239652	0.28389668	0.12552294	0	0.031515792	0	0	0.020347593	0	0.16793688	0.34072453	0.036640264	0	0.024215456	0.03396298	1.1258616	0.050773658	0	0.23874047	0.014610973	0	0	0	0.9950212	0	0	0.16736083	0	0	1.0269074	0.06798014	2.622688	0.36564103	0	0.25465086	0	2.6789072	0.54508126	0	0.045023937	0.06518728	0.10346173	0	0	0.031420175	0.13800855	0.15990035	0.014933401	0	0.2007069	1.2572384	0.10366262	0.9767477	0	0.091362536	0	0.07467957	0.11020255	1.1463388	0.19015329	0	0	0	0	0.13248028	0.98765945	0	0	0	0	0	0.028300306	0.013908989	0.037230697	0.51208407	0	0	1.0738378	0	0.1157452	0.5452057	0	0	0.018163288
EB10	E	0	0	0	0	0	0	0	0	0	0	0	0	0	0	0	0	0.007660781	2.921273	0	0.40503114	0.01174181	0	0	0	0	0	3.3814147	0	0	0	0	0	0	0.5013795	0	0	0	0	0	0	0	0.06987583	0.13428323	0.011624447	4.453334	0.4599288	0.1798057	0	0.9764266	0	0	0	0	0	0	0	0	0	0	0.27846012	0.6062406	0	0	0	0	0	0	0.21895425	0	0.043443285	0	0	0	0	0	0.018950818	0	0.14064306	0	0	0	0.018231409	0	0	0	0	0	0	0	0	0	0	0.021271154	0	0.18264695	0	0	0.44628412	0	0	0	0.20581853	0	0	0	0.012813047	0	0	0	0.1556264	0	0	0	0.078604795	0.25937462	0.6417921	4.401211	0	7.901742	0.07002778	0.1889556	0	0	0	0	0	0.16395576	0.019331783	0	1.3942753	0	0.006718468	0	0	0	0	0	0	0	0	0	0	0.22637726	0	0	0	0.005242163	0	0	0.19684307	0.11126145	0.60300386	0	0	3.1595674	2.8574948	0.042132072	0	0	0	1.4098952	0	0	0	10.212525	0	0	0	0	0.15906408	0	0	0	0	0.19884463	0	0	0	0	0	0	0	0	0	0	0.08943977	0.017795492	0	0	0	0	0	0	0	0	0	0	0.6762539	0.46976447	0.04313559	0.8119378	0	0.21020491	0.4127689	0	0	0	0	0	0	0	0.014212226	0.15851912	0	0	0	0	0	0	0	0	0.22628708	0	0	0.3396055	0.14030671	0	0	0	0.20209187	2.5652776	0	0	0.8230019	1.1027056	0.038986582	0	0	0	0	0	0	0.010514379	0	0.06259481	0	0.838033	0	0	0.009365173	0	0.22087704	0	0	1.7370694	0
EB13	E	0.08469159	0	0.05796408	0.04364948	0	0.022642793	0.006805171	0	0.028967876	0.17693399	0	0.5228666	0	0	0.37650624	0	0.4366066	2.0009692	0	0.08633524	0	0	0.025122112	0	1.9536967	0	0.4167934	0	0.4735109	2.0795064	0	1.4447354	0.038456127	2.8063648	0	0	0	0.0853479	0	0.008427535	0	1.413935	0.03927598	0.09153316	0.23065123	0.005183957	0.023068374	0.04492804	0.027129123	0	0.023404082	0	0.030192394	0	0.6662555	0.03187071	0.011571661	0.040398233	2.4964828	0	0.21821806	0.081976846	0.010887912	0.011992343	0	0.17173658	0	0.092625044	0.16536568	0.055409715	0.01684327	0	0.01991561	0	0.123836376	0.054048266	0.00972051	0.074429065	0	0	0.08376425	0.28656435	0	0.03988483	0	0	0	0	0	0.011405723	0	0	0.14672138	0.010087037	0.075677976	0	0.0610775	0.17561741	0	0.16918936	0	0	0.50965077	0.36482823	0.075996436	0.05846156	0.22634813	0	0	0.022424053	0.20780177	0.040304348	0.1859678	0.012077917	0.028125193	1.3117335	0.034213852	0.028871985	0.018327031	1.8156939	0.013497863	0	0	1.081243	0.11292113	1.1601076	0.1730814	0	0.07451651	0.16114762	0.008674919	0.059953067	0	0	0	0	0.01093594	0	0	0.014629873	0.040122714	0	0.8464924	0.51410854	0.015167458	0.0701995	0.016060283	0	0.018761732	0.029862514	0.017266462	0	0	0.3765798	0.3720356	0.18270868	0	0.7447006	0	0.068052605	0	0	0	0	0.24110441	0.056793634	0.078346714	0.2705735	0	0	0.023743019	1.4248004	0.006561998	0.02417834	0.019736756	0.98804134	0.07160345	0	0	0	0	0	0.16927122	0	0	2.2578094	0.18984215	0.6143706	0.031228947	0.39281443	0.013269929	0	0	0.21363147	0.2068398	0.0731393	0	0.056143556	0.028637042	1.1023422	0.011689464	0.5202502	0.016074784	1.5673698	1.9979153	0.017665837	0.02414992	0	0.16931339	2.046173	0	0	0.020810258	2.0702953	0	0.19091626	0.0825473	5.3023515	0.023360576	0	0.004587327	0.072498955	0.021517135	0.14985399	1.00227	0	1.5265244	0.13284445	0.08518796	0.022981351	0.21780589	0.07973881	0	0	0.034633197	0.09286642	0.10242349	0.039656196	0.007959462	0.11748603	0.4720376	0	0.17381375	0.050294396	0.91967267	0.007056572	0.03866191	0.10771165	0.06977927	0.60061604	0.07619622	0.014651746	0.22803235	0.018251643	0.041069467	0
EB16	E	0.15562488	0	0.03257415	0	0.04723975	0	0	0	0	0	0.013975497	0	0	0	0.44031286	0	2.74683	0.16806152	0	0.7987075	0.041141756	0	0	0	0	0	7.302296	0	2.7794771	0.19122513	0.00572383	0	0.17880005	1.1791121	0	0	0	0	0	0	0.01068958	0.10502435	0.16847965	0.013338735	0.19799094	0.006894403	0.028034117	0	0.13621862	0.13154314	0	0	0.20444484	0	0.3265707	0.07422995	0	0	1.2632163	3.871054	0.4579788	0	0	0	0	0.4621689	0	0.09833655	0	0.029604197	0	0	0.00691339	0	0.005114807	0.016407285	0.006170763	0.2105925	0	0	0.50853753	0.037324917	0	0	0	0	0	0	0	0	0	0	0.048649374	0	0.12097856	0.07619344	0	0	0	0	0	0	0.25929588	0.2372193	0.3878238	0.00574393	0.23215327	0	0	0.06230543	0.89141244	4.557588	0.21287575	0.025833225	0.034723204	0	2.37438	0.28371376	0.03377083	0.11110538	0.03426507	0	0	0.61776286	0	0.09967766	0.27996117	0	0	0	0	0.007074726	0	0	0	0.08446637	0.04671638	0	0	0	0.09815169	0	0.40901038	0.2222625	0	0.11218705	0.040184557	0	0	0.04303159	0.019294754	0	0.14141837	0.04390681	0	1.2108827	0.27149624	0.8686374	0	0	0	0	0	0	3.792125	0.8023885	0.7583421	0.87199813	0	0.079859935	0	0.5354781	0	0	0.027816944	0	0.2765109	0.03877534	0	0	0	0	0.1023228	0	0	0.18289834	0.021649241	1.32428	0.011256811	0	0	0	0	0	0	0.024192266	0	0	0.27940807	0	0.5164164	0.33157822	0.031088356	1.5351675	1.0924209	0	0	0	0.07442278	1.3774493	0.06275906	0	0.029508313	1.9171361	0	0	0	0.35607302	0.5097036	0.03403877	0.010628255	0.061881118	0.12803493	0.14052173	1.317415	1.2523142	0.05960251	0.021758018	0.20550394	0.04892543	1.2877967	1.6990741	0	0.2595075	0.15467277	1.869197	0	0.53168863	0	0.035290036	0	0	0.016544702	0.009315757	0.017933503	0	0.56468785	0.079189725	0	0.3137153	0	0.026225759	0.11365696	0	0	0
EB17	E	0.073724985	0	0	0.109869346	0	0.029401645	0	0	1.0429512	0.22294836	0	0.6218321	0	0	0.7451941	0	0.09978593	0.44864544	0	0.19519995	0	0.012443147	0	0	1.4579798	0	2.0875292	0	0.21776524	0.8076237	0.006904926	0.08509377	0.2749402	1.6119665	0	0	0	0	0	0.021733357	0	1.4623901	0	0.13858752	0.041494798	0.102959506	0.047667757	0.151606	0	0	0.15514843	0	0	0	3.0153573	0.01235059	0.013167177	0.040998984	0.47791025	0	0	0.08080147	0	0.081299074	0	0.17378949	0	0.11347515	0.21985151	0.11905917	0	0	0.029672993	0	0.071869135	0.044343706	0.039437894	0.13198626	0	0	0.060531825	0.1325028	0	0	0	0	0	0	0	0.028278733	0	0	0.08264244	0.020301374	0	0	0.07825591	0.12834497	0.036156494	0.58386445	0.017740276	0	0.11230545	0.21353666	0.23501962	0.10167642	0.098958604	0	0	0.040100653	0.27652025	5.232533	0	0.009020281	0.04791986	0.12412658	0	0.21996246	0.034369145	1.4194121	0.025753573	0.008259072	0	0.025444264	0.09763575	0.437758	0.15073551	0.12588222	0.13606873	0.1945409	0.06960345	0	0	0.032087374	0.069645636	0.104106426	0.033961616	0.030658558	0	0.36123905	0.16363327	0	0.5925155	0.4236771	0.02725227	0.06360669	0	0.034513842	0.08121707	0.044334687	0.030634522	0	0	0.1614839	0.55017185	0.54386073	0.14680429	0.42811933	0	0.115677804	0	0	0	0	1.4116706	0.3524162	0.111572124	0.3104069	0.04971184	0.042591605	0.09123969	1.1726288	0.024784679	0.06623627	0.038251482	0.41512066	0.041646525	0	0	0	0	0	0.07775837	0	0	2.7395098	0.24330294	0.5258315	0.13562974	0.028849538	0.07799047	0.20257296	0	0.10437427	0.13304633	0.09471959	0	0	0.07732943	0.0349925	0.015100772	0.67491746	0.034116656	1.7184526	0.34831196	0.01776706	0	0	1.214218	1.2841729	0	0	0.036054406	0.021034084	0	0.36159605	0.20108068	3.4285476	0.04030886	0.010079081	0.019703114	0.08954689	0.03929719	0.10572044	0.4368195	0	0.28958574	0.09565597	0.026836528	0.047192767	0.6136911	0	0	0.10249856	0	0.13400409	0.08330209	0	0	0.65005916	0	0	0.20033124	0.04574744	0.30264232	0.012360784	0.19376054	0.41819692	0	0.43338358	0.13514106	0.030011008	1.3638616	0.07193225	0.015425169	0.014705285
EB20	E	0.08490722	0	0.21737322	0.007874653	0.1151619	0	0	0	0.08152241	0	0.03924878	0.10819805	0	0	0.08597397	0	0.046851963	0	0	0	0	0	0.17540431	0.41006	0	0	2.085427	0.1109601	0.10043076	0.5276774	0.44000354	0	0.3943968	0.2530537	0.13389322	0	0.05369568	0	0	0.006066392	0	0.012014206	0.055323742	0.052008208	0	0	0.06674234	0.42266786	0	0	0.38570568	0	0.17781246	0.051184747	0.30331954	0.007215975	0.019388888	0.13023297	0.27795827	0.10278405	0.26295868	0.095438346	0.121892005	0.015903642	0.032525104	1.174028	0	0.1252894	0.09393525	0	0.005450287	0.24652955	0.020750023	0	0.04318529	0.013173441	0.013628723	0.051399194	0	0	0.017921552	0.040642295	0.069876574	0.03502656	0	0	0.04040859	0.010021006	0	0.18400365	0.060401324	0	0.006412423	0.15041842	0.12172141	0	0.06014502	0.12218214	0.23149832	0.304414	0.10587321	0	0.14108765	0.12172724	0.040661126	0.021147154	0.6563857	0	0.027914248	0.049183533	0.35469872	0.06680939	0.022905046	0.07712137	0.040315364	0.31191874	0	0.073072545	0.04300228	0.084827766	0.026733965	0.05217926	0	0.02386929	0	0.66561097	0.38423437	0	0	0.23675899	0.1512739	0.31976974	0	0.08213578	0.039380297	0.01292116	0.05470086	0	0	0.12635693	0.022413999	0	0	0.17718475	0.20093246	0.027822137	0.059667435	0	0	0.04060512	0.031351358	0	0.016814902	0.0701016	1.2427238	0.5337626	0.15309735	0.39587852	0	0.10047533	0	0	0	0.14235936	1.094696	0.87233835	0.35752144	0.46929199	0	0	0.032174032	0.17824155	0.13698636	0.42741945	0.045200802	0.25047612	0.024139535	0.024332035	0.09248839	0	0	0.071260475	0.18231113	0.043306317	0	0.17679039	0.08753114	0.7221017	0.13296036	0	0.25858775	0.09100574	4.5739365	0.111121766	0.3106443	0	1.2659937	0	0.09594	0	0	0.8266852	0.049005657	0.91644454	0.6895959	0	0.09050848	0	0.15671791	0.35938102	0	0.11530868	0.034422617	0.18581721	0	0.14558528	0.24525306	0.47209603	0.1426468	0.028181069	0	0.07779838	0.49651036	0.066436075	1.4900298	0.060130954	0.10384877	0.021507623	0.21698098	0.044987343	0.47245815	0.23067102	0	0	0	0.08343611	0.07816035	0.32998502	0	0.027471771	0.48780018	0	0	0.08570207	0.040982388	0	0.9719687	0.2931302	0.12462538	0.31774387	0	0.04175937	1.4915613	0	0	0.036431275
EB21	E	0.17026025	0.09161651	0	0	0.041570626	0	0.34042642	0	0	0	0	0.8385176	0	0	0.09781488	0	0	0.11903483	0	0.1038449	0	0	0	0	0	0	2.5320106	0	0.89074355	0	0	0	0.025008617	0.0877095	0	0	0	0	0	0	0	0.020151392	0.034102596	0	0.050567575	0	0.14966449	0	2.2795765	0	0	0	0.03575224	0.12792519	0	0	0.0116566	0.24706769	0	0	0.42934635	0	0	0.005582213	0	3.8298945	0	0.20087217	0	0	0	0	0.004271155	0	0.021083852	0.009697093	0.006344572	0	0	0	0	0.026591344	0	0	0	0	0	0	0	0	0.013254213	0	0	0	0.11570557	0	0.09523213	0	0	0	0	0.124475166	1.2022012	0.023639748	0	0	1.6689329	0	0	0.16171463	1.0358071	0	0.12857899	0.017815728	0.15481059	0	0.9187237	0	0.15299536	0.023895519	5.5245004	0	0	0	0	0	0.14885408	0	0.050473776	0	0	0	0	0.2511302	0	0	0.018646244	0	0.06201897	0	0.047148205	0	0	0	0.032493528	0	0	0	0.004906173	0.1432702	0.1107621	0.0937971	0	0	0	2.9948137	0.004973427	1.07258	0	0	0.15659538	0	0	0	8.699011	0	0.36180404	1.3196944	0	0.05882607	0	0	0	0.016446773	0.1477748	0	0.019452654	0	0	0	0	0	0.082006514	0	0	0.04321865	0.015403138	2.2829132	0.028761646	0	0.16899464	0	0	0	0	0	0	0	0.3466048	0	0.007487362	1.2390436	0.15906556	1.0563153	0.048285548	0	0	0	0.061189584	0	0	0	0.13243006	0.9426845	0	0	0	0.028378969	0.32267871	0	0	0.1961935	0.4029597	0.13448842	0.0609754	0	0	0.23439205	0.08265262	0.17279223	2.660916	0	0	0.25020784	1.1547312	0.031801697	0.5939237	0	0	0	0	0	0.015033054	0.01617603	0.006970408	0.1112067	3.0109582	0.053312346	0.2049941	0.63949114	0	0.19487882	0	0	0.12349585	0
EB24	E	0.11115106	0	0	0	0.018900948	0	0.22255406	0	0.2529597	0	0	0	0	0	0.16509861	0	0.26562837	0.12518682	0	0	0	0	0	0	0.12608485	0	10.311464	0	3.1604187	0	0.023875888	0.1590673	0	2.8824286	0	0	0	0	0	0.044878807	0	0.032679155	0.020592824	0.06826302	0	0.010194445	0.1790104	0	0	0.02670443	0.31830248	0	0	0.0355015	0.14080349	0.009703936	0.017196462	0.5879995	0.6735927	0	0.062464293	0.04504132	0	0.01216188	0	0.45537055	0	0.19253916	0	0	0.022024699	0	0.01494304	0.012147395	0.030535439	0.062645055	0.007211511	0.11036161	0	0	0.056745034	0.016851665	0	0.042519137	0	0	0	0	0	0	0	0	0.06712257	0	0.07125066	0	0	0	0	0	0	0	0.51604533	0.21696346	0.059036255	0.029082678	1.431304	0	0	0.10323679	0.5767714	0.41766307	0.16104707	0.02373584	0.11975503	0	0	0.18132669	0.09174082	0.11514844	0.058502235	0.016345747	0	0.074564956	0	0	0.23816612	0	0.20943975	0	0	0	0	0.33441228	0	0	0	0.14308953	0	0	0.64570427	0	0	0.112252824	0	0	0.02014336	0	0.03239788	0.12717636	0.06860791	0	0.053950954	0	0	1.4742818	0.4924852	0.6908785	0	0	0	0	0	0	4.5584583	0.3855473	0.5859422	0.8857992	0	0.0978377	0	0.6059833	0	0	0.14516081	0	0.10384153	0	0	0	0	0	0.32500914	0	0	0.26206607	0.4264	0.93945426	0	0.049620863	0	0	0	0	0	1.307009	0	0	0.4119077	0	0.28062838	0.8540397	0.07889522	2.1426458	0.18227288	0	0	0	0.071960345	1.3042845	0	0	0.076616704	1.3140405	0	0.48314297	0	0	0.10464045	0.009837861	0.010109493	0.19017719	0.08467763	0.16811736	1.1116706	0	0	0.16649325	0.33780357	0.123426795	1.5364964	0	0	0	0	1.0575831	0.20323485	0	0.1390296	0.029868409	0	0	0.21355738	0.041192036	0.013879118	0	0.53861684	0.10650046	0.24104285	0.6302056	0	0.0690789	0.07241309	0.013511481	0	0
EB28	E	0.081924334	0.26345497	0	0	0.044291783	0	0	0	0	0	0	0	0	0	0.18097927	0	0.007228603	0.2605618	0	0.33947754	0	0.017194483	0	0	0.16494541	0	2.7039628	0	0.7006354	0.020600526	2.3804688	0	0.59973586	1.7957515	0	0.05116712	0	0.54399	0	0	0	0.073977746	0	0.05950945	0	0	0.038774267	0	0	0	0	0	0	0.41051623	0.14040469	0	0.38280305	0.7956657	1.143335	0	0.051748745	0.62556726	0	0	0	0.54051375	0	0.10427228	0	0.030185282	0	0	0.116982944	0	0.082822405	0.036808014	0.06821646	0.12168383	0	0	0	0.054368615	0	0	0.005673754	0	0	0.034038752	0	1.7342862	0.07170475	0.2717453	0.038351472	0	0.032582358	0	0.10652429	0	0.036996163	0	0	0	0.35154262	0.12657149	0	0.029574778	0.32410514	0	0	0.03967234	0.2423597	0	0.08179788	0.006763988	0.037937857	0	0	0.015002411	0.04071097	0.12430853	0.07935117	0.13326547	0	0.038509317	0	0	0.19901814	1.7813201	0	0	0	0.26709053	0	0	0	0	0.7474821	0.23166618	0.20102273	0	2.6148236	0	0	0.12988843	0.25476235	0.16696621	0.024269015	0	0.07051435	0.040650807	0.07175301	0.4827575	0.016731402	0	0	0.5323075	3.5556185	0.06478939	0	0	0	0	0	0	0.99780387	0	0.42192283	0.8249786	0.021692377	0.06727124	0.034197807	0.5462266	0	0.6607877	0.029925743	0	0	0	0	0	0.10573946	0	0.09778693	0	0.040697727	0.2737258	0.3356324	1.3334122	0.23656443	0	0	0	0	0	0	0	0	0.006377594	0.07588689	0.06398768	0.08713436	1.4022725	0.03228258	0.29778326	0.35019344	0.011884273	0	0	0.17330962	0.49776986	0	0.13308285	0.030863998	0.5904515	0	0.2222687	0	0.032378547	0.06193527	0.017438795	0.042707186	0.07510977	0.067741446	0.11974425	2.9567473	0	0	0.17391817	0	0.04517094	0.5914261	0	0	0	0	0.22403368	0.12261494	0.043829463	0.22148712	0	0	0	0.50732875	0.5474178	0.24293818	0	0.16878605	0	0	0.18195601	0	0.046981946	0.07793119	0.027696911	0	0.3545477
EM03	E	0.058797687	0	0.016323613	0	0.17337948	0	0	0	0.10837553	0	0	0.35556588	0	0	0.14563505	0	0	0.20854273	0	0.48144653	0.10168801	0	1.8903474	0	0.020092087	0	2.8948395	0	0.88669676	0.20059767	0.66811365	0.09096624	0	0.5706193	0	0	0	3.1913445	0.17525649	0.06944126	0.10527412	0.24705033	0	0.10208355	0.46774238	0.42023367	0.028417464	0	0	0	0	0	0.05202485	0.32562158	0.09875644	0	0.03351647	0.8895948	0.4465256	0	0.030832538	0	0.055251572	0.10889441	0	0.22530313	0.016581943	0.07690732	0.06313855	0.061759148	0	0	0.14025673	0.022596927	0.03150021	0.027109837	0.108389	0.13589798	0	0	0	0.25220737	0	0	0.354959	0	0	0.1952349	0	0.29183644	0	0	0.11890054	0	0.041784167	0	0.06439287	0	0	0	0	0	0.1903856	0.20431395	0	0.04250792	0.3372095	0	0	0.031159619	0.6393866	0.031021377	0.100386724	0	0.037594788	0	0	0.02197416	0.027592445	0.34811616	0.024176154	0.73658425	0	0	0	0	2.0672262	0.01371118	0.48188502	0	0	0.1072693	0	0.032687545	0	0	0.06777468	0	0	0	0.85806334	0	0.015727624	0.15138307	0	0.057397585	0.3630599	0	0	0.029144766	0.028908066	0	0	0	0	0.25815198	2.0296476	0.048073735	0	0.16898926	0	0	0	0.052516516	0.1867663	0.010769688	0.104035564	0.11900927	0	0.0373299	0	0.08201601	0	0	0.035623923	0	0.022656752	0	0	0	0	0	0.3500051	0.053921446	0	0.7605757	1.4486524	1.685796	0.17169748	0.21999873	0	0	0	0	0	0	0	0	0	0	0.07624553	0.98063177	0.04384567	0.2516371	0.62089026	0.39211902	0	0	0.11249889	0.6076333	0	0.006488956	0.03115715	0.88838875	0.37016177	0.63790154	0.021403693	2.1963387	0.06688925	0.011038567	0	0.050146803	0.1043641	0.09383084	0.5243294	0	0	0.05856107	0.11342622	0.03299449	0.18681018	0	0	0	0	0.017561791	0	0	0.100255445	0	0	0	0.365089	0.47833425	0.122487724	0.71600085	0.08937021	0	0	0.1181311	0.13522968	0.037206735	2.5005298	0	0	0.3629319
EM12	E	0.16841233	0	0	0	0	0	0.18431786	0	0	0	0.006258486	0	0	0	3.208379	0	0.11886532	0.054852527	0	0.19429797	0	0	0	0	0	0	3.0669484	0	0.16700532	0	0	0	0.23419113	0.5407689	0	0	0	0.036816705	0	0	0	0.65560764	0.007046022	0.27119514	0	0	0	0	0	0	0.12186224	0	0.019910997	0	1.5794942	0	0.008447948	0.32935703	2.2355378	0	0.016380785	0	0	0	0	1.12998	0	0	0	0.013328582	0	0	0.035739705	0.01932328	0.016128203	0.027222032	0	0.08939309	0	0	0.023495931	0.14524578	0	0	0.007109175	0	0	0	0	0.023919458	0	0	0.13742873	0.04734659	0.009958441	0	0	0	0	0	0	0	0.49723816	0.18295765	0.03405868	0.10082797	0.6916295	0	0	0	1.1546959	0.10693825	0.06347569	0.011001324	0	0	0	0.013447093	0	0.4712237	0	0.15002772	0.53518385	0.024261888	0	0	0.85724974	0.13442564	1.0893015	0	0	0	0	0.17957522	0	0	0.018689603	0	0	0	1.488851	0	0	0.251169	0	0	0.1549183	0	0	0	0	0	0	0	0	0.4130445	0.18493497	0.06485715	0	0.16240142	0.064019375	0	0	0	0.76686746	0.010868566	0.64431137	1.1026878	0	0.04336955	0	0.32360744	0	0	0	0	0	0.036242	0	0	0	0	0.7279775	0	0	1.0182338	0.6075508	0.5333915	0	0	0	0	0	0	0	0	0	0	0.07770421	0	0.17580655	1.6330516	0	0.5566798	0.75988877	0	0	0	0.30753016	0.12641987	0	0.005805927	0	0.3316124	0	0	0	0	0.04466863	0	0.01181889	0	0.11436368	0.12653737	0.63351613	0	0	0.1928703	0.3258102	0	0.6254308	0	0	0.14396845	0	0.42912164	0	0	0	0.038284104	0	0	0.20193128	0	0.09818604	0.015605844	0.2204872	0	0	0.26642922	0	0	0.10711219	0	0	0
EM22	E	0	0	0	0	3.4557922	0	0	0.005304587	0	0	0	0	0	0	0	0	0.020415345	3.7473075	0	0.20201263	0.18946938	0.034500718	0	0	0.49458787	0	14.917157	0	0	0	0.2561387	0.11477645	0	0	0	0	0	0.12089384	0	0	0.09490294	0	0.03403042	0.026212895	1.0214452	0.22492556	0	0	0	0	0	0	1.7745523	0.09966294	0	0	0	0	0	0	0.27374783	0	0	0	0	0	0	0	0	0.02075097	0	0	0	0	0	0.18258728	0	0.09880699	0	0	0.028789958	0.018930895	0	0	0.011229549	0	0	0	0	0	0	0	0.12411269	0	0.07574506	0	0	0	0	0	0	0	0	0	0	0.07365073	0.059127364	0	0	0	0	0.03064561	0	0.057623766	0	0	0	0.023519129	0	0	0	0	0	0.8791382	0	0	1.4226483	0.009124002	0	0	0	0	0	0	0	1.0548158	0	0	0	0	0	0	0	0	0	0	0.1883857	0.06409174	0	0	0	0.3339902	0	0	0	0.6598583	0.09432809	0	0	0	0	0.9624538	0	0	1.8018206	0.1389362	0	3.0362597	0	0.2451919	0	0	0	0	0	0	0	0	0	0	0	0	0	0	0	0	0.06208428	0	0	0.047363687	0	0	0	0	0	0	0	2.4316425	0	0.23745066	0.52954733	4.543248	0	6.7114134	0	0	0	0	0	0	0	0	0	0	0.018267177	0	0	0	0	0	0.019562028	0	0	0.3578313	3.2312796	0	0	0	0	0	1.3424871	0	0	0.7132666	0	0.019248178	0	0	1.6450715	0	0	0	0	0	0.101781905	0	0.68207526	0	0	1.5231035	0	0	0	0	1.2628	0
EM25	E	0.113507584	0.09048876	0.027151074	0	0.14708988	0	0.03677026	0	0.089529805	0	0.02252708	0.06169675	0	0	0.08193717	0	0.03757334	0.56455165	0	0.10680345	0	0	0	0.036588855	0.88621384	0	1.4660602	0	0.7907059	0.010704135	4.4538903	0	0.17701212	0.94591314	0	0	0	0	0	0	0.16502099	0.023252478	0	0.02346453	0	0	0.041793287	0	0	0	1.1552505	0	0.15671729	0.38896608	0.29731986	0	0.02573341	0.35050395	0.30863845	1.2188917	0	0.2336565	0	0	0	0.20955466	0	0.1282852	0	0.02370814	0.01926439	0	0.032955945	0	0.025389401	0	0	0.077870645	0	0	0.031196056	0.01032912	0	0	0	0	0	0	0	0.009333012	0.03385766	0	0.00785537	0	0	0	0.059608895	0.22568856	0	0	0.039148908	0.07225674	0.43550673	0.4844145	0.08530117	0.012611073	0.40462857	0	0	0.0537876	0.42097512	0.15861195	0.026244598	0.019261882	0.038397886	0.25012526	0	0.026678294	0.05928696	0.033317726	0.03853747	0.008320181	0	0.049102314	0.5054552	0	6.5010056	0	0.018887505	0.42352852	0	0.005963563	0	0.09585239	0	0	0.02229532	0	0	0	0.22111273	0	0.015735807	0.25989875	0.07615404	0	1.0250565	0	0.008466251	0.036141716	0.038409065	0	0.022847995	0	1.0974861	0.69935733	0.7316293	0.9281412	0	0	0.45461145	0	0	0	1.3016274	0.031864908	2.6812558	0.48295206	0	0.049217965	0.051542796	0.59231335	0	0	0.042767063	0.1754825	0.2883109	0.2587096	0	0	0.013841507	0.096445285	0.34362102	0	0	0.037027366	0.17231767	2.1818051	0	0	0	0.41996542	0.05136489	0	0	0.02462538	0	0	0.098323725	0	0.018887183	0.5743852	0.06196993	1.2152021	1.7621598	0	0	0	0.24905498	3.1093938	0	0	0.038097564	0.14787638	0	0.29451525	0.14674412	0.03904328	0.23430045	0.07124529	0	0.07836639	0.38173696	0.13408732	0.6871618	0.48632637	0	0.016326372	0.08799229	0.053709537	0.5435199	1.5239536	0	0	0	1.2085263	0.12634453	0.5042509	0	0.008510363	0	0	0.040392827	0.06228975	0.05917094	0.07652446	0.86032915	0.06546975	0.084031485	0.4015582	0	0.05857835	0.53985137	0	0	0.02087822
EM27	E	0	0	0	0	0	0	0	0	0	0	0.012032958	0	0	0	0	0	1.479771	12.762152	0	0	0	0	0	0	4.7843475	0	1.4745469	0	1.2200365	0	0	0	0	1.4226471	0	0	0	0	0	0	0	0	0.5595873	0	3.9952998	0.71439123	0	0	0	0	0	0	0	0.10109476	0	0.13059828	0	0	0	0	0.25080967	0	0	0	0	0.17565426	0	0	0	0.010982093	0	0	0	0	0	0.028653253	0	0	0	0	4.344328	0	0	0	0	0	0	0.006497128	0	0	0	0.008209425	0	0	0.28023812	0	0	0	0	0	0	0	0	0	0.24439467	0	1.4443983	0	0	0	0	1.1867969	0	0.39361686	0	0	0	0.07439548	0	0.031175211	0	0	0	0.15789111	0	0	0.20911881	0.019041738	0	0	0	0	0	0	0	0.022472853	0	0	0	0	0	0	0	0	0	0	0	0	0.008658271	0	0	0	0.022874597	0	0	2.8156056	0.39800483	0	0	0	0	0.025354572	0	0	8.830409	0.2057581	0	0	0	0.34409207	0	0	0	0	0	0	0	0	0	0	0	0	0	0	0	0.021519706	0	1.1204201	0	0	0	0	0	0	0	0	0	0	0	0.14885555	0.6364735	0	0	0.41197002	0	0	0	0	0	0	0	0.03089966	0	0	0	0	0	0	0	0	0	0	0	0	0.39255786	0	0	0	0	0	2.7120433	0	0	0.24536236	0	0	0	0	0.64051217	0	0	0	0	0	0	0	0.8023343	0	0	0	0	0	0	0	3.8771198	0
EM30	E	0.10850238	0	0	0.39987952	0	0.053258967	0.082829826	0	0.3024493	0	0	0.29927927	0	0	0.1484683	0	0.383571	0.9233027	0	0.14824598	0	0.052134357	0	0	10.683124	0	5.67284	0	0.41608062	0.16164117	0	0	0	0	0	0.020022817	0	0	0	0	0	0	0.03426373	1.34086	0	0.07134563	0	0	0	0	0	0	0	0	0.02433147	0	0	0.021281447	0.29020733	0	0.041175745	0.2512703	0	0	0	0.6411708	0	0	0.14317156	0.7480738	0	0	0.8814093	0	0.100585446	0.08670012	0.124101356	0.12924674	0	0	0.07307839	0.9203347	0	0.5072444	0.006591548	0	0	0	0	0	0	0.032428402	0.76362103	0	0.017380802	0	0	0	0	0	0	0	0.41033754	0.07884749	0.038576484	1.8205856	0.19883655	0	0	0	0.283108	0	0.11972062	0.12229136	0	0	0	0	0	0.67985314	0	0	0	0	0	2.459443	0.32823282	2.8961143	0.7583577	0	0	0.2402056	0	0	0	0	0	0	0	0	0.026500635	0	0	0.065124035	0	0.7829504	0.018755335	0	0.11352644	0	0	0	0	0	0	0.24868827	0.09351959	0.057120655	0	0	0	0	0	0	0.4116126	0	0.18385683	0.24529502	0	0.12000103	0	0.050751753	0	0	0	0	0.013473828	0	0	0	0	0	0	0	0	2.1483421	0.6905896	0.52342683	0.13039024	0	0	0	0	0	0	0.04907843	0	0	0.07196528	2.823326	1.1027483	0.23465952	0	8.153542	0.14578371	0	0	0	0.49851736	0.05355072	0	0.12874544	0	1.3140169	0	0	0.021732379	0	0.06455062	0	0.08470919	0	0.030872943	0.08699471	0	0	0	0	0.1087844	0	0.4144372	0.6136449	0	0	0	0.0639253	0	0.19636974	0	0.11174406	0.4593144	0	2.029238	0.8039553	0	0	0.2193768	0	0	1.6610514	0.24080949	0	0.12341646	0.16179308	0	0
EM32	E	0	0	0	0	0	0	0	0.072770216	0	0	0	0	0	0	0	0	0.75335336	11.21834	0	0	0.04221738	0	0	0	2.8894978	0	14.660708	0	0	0	0.018263828	0.023554571	0	0.10318015	0	0	0	0	0	0.015948324	0.016491927	0	0.44207856	0.20179586	2.5871449	0.495014	0.1851037	0	0	0	0	0	0.072023965	0	0	0.025961896	0	0	0	0	1.2518035	0	0	0	0	0	0	0.26677972	0	0.059729338	0	0	0	0	0	0.09286282	0	0	0	0	0.24174978	0.071909286	0	0	0.014834265	0	0	0	0	0	0	0	0.02235812	0	0.49719962	0	0	0.41600916	0	0	0	0	0	0	0.104843676	0.11625188	0	0	0	0.18662813	0	0.33468318	0	0.21288759	0.25731838	0.42632416	0	0.12262402	0.14317077	0.18739216	0.08727597	0	0	0.05468316	0	0	0.2844756	0	0	0.888136	0	0	0	0	0	0.016267734	0	0	0	0	0	0	0.026575722	0	0	0	0.021353833	0	0	0.27438337	0.13019516	0.40095755	0.01266831	0	2.2342386	0.54019445	0.027707996	0	0	0	0	0	0	0	1.5613245	0.22953236	0	0.1236971	0	0.36746058	0	0	0	0	0.17367749	0	0	0.016250232	0	0	0	0	0	0	0	0.2945771	0.08861825	0	0	0.006691697	0	0	0	0	0	0	0	0.36535668	0	0.031982534	0	0	0.12870325	0	0	0	0	0	0	0	0	0.09617331	0.16329469	0	0.06987635	0	0	0	0	0	0.03036525	0.12434003	0	0.67146766	0.20299017	0	0	0	0	0.21402377	0.5825469	0	0	3.4124014	0	1.743814	0.18006407	0	0.085857786	0	0	0	0.23722783	0	0	0	0.54111606	0	0	0	0	0.31520507	0	0	5.1818776	0
EM33	E	0	0	0	0	0.028142033	0	0.39845777	0	0	0	0.015740458	0	0.09270157	0	0.2721486	0	0.16633436	0.07893477	0	0.08104818	0.017346088	0	0.10319366	0	0	0	0.7516765	0.047074795	1.3180885	0.018536987	0	0	0.41075945	0.3367207	0	0	0	0	0.007077388	0	0.14866887	0	0.16065876	0.048882365	0	0	0.03535182	0	0	0.020956969	0.089550614	0.039977252	0.062470343	0.08175981	0.05711969	0.41263247	0.016143866	4.346221	0.5566157	9.481269	0.8650059	0	0	0	0	0.23259982	0	0.10111908	0	0	0	0	0.097665414	0	0.16563123	0.015158357	0.012729236	0.043648127	0	0	0.04421391	0.014473761	0	0	0	0	0.061899785	0	0	0	0.023547696	0	0.03521065	0	0.23774464	0.024896227	0.049159855	0	0	0	0	0	1.0761267	0.15533589	0.06839426	0.06699569	0.25941226	0	0	0.03741868	1.1894836	0.08519879	0.050238855	0.042943384	0.05417976	0	0	0.025751134	0.040696565	0.09346684	0.027175242	0	0	0.16821653	0	0.05287405	1.1898979	0	0.05389312	0	0.20743851	0	0	0.07771322	0	0.011826236	0.07748712	0	0	0	0.02714582	0	0	0.20604609	0.022592153	0	0.19873163	0	0	0.036555972	0.028135806	0	0.21214813	0.009847196	0	0.56216663	0	0	0	0	0	0	0	0	1.2893674	0.20477264	0.18972336	0.5164684	0	0.031049555	0	0.18576437	0	0	0.041470557	0	0	0.028716467	0	0	0.066409744	0.033847462	0	0	0	0.24651778	0.59205544	1.7820662	0.025883947	0	0	0	0	0	0	0	0	0	0.08213309	0	0	0	0.040218793	0.11213994	1.2040764	0.013891985	0	0	0	1.1270567	0.016724924	0.883702	0.043672908	0.3539626	0.03650564	0.21305633	0.26110464	0.04505488	0.2802626	0.027221557	0	0.057214703	0.09393569	0.097161554	1.0972676	2.3840218	0.095253356	0.16328774	0.1333049	0.048121728	0.5662172	0.33221036	0	0.077190414	0	0.46714824	0.1429081	0.10763836	0.2563847	0	0	0	0.036864523	0.058018856	0	0	0.15520184	0	0.17836952	0.41229987	0	0.048923433	3.4849448	0.053246688	0	0.13631922
EM34	E	0	0	0	0	0	0	0.029380444	0	0	0	0	0	0	0	0	0	0	0.18764442	0	0	0	0	0	0	0	0	33.706062	0	4.678495	0	0.010526063	0	0	2.5125167	0	0	0	0	0	0	0	0	0	0	0.05165644	0.07479168	0	0	0	0	0	0	0.03332742	0.029050974	0	0	0	0	0	0	0.016566185	0	0	0	0	0.34699133	0	0	0	0	0	0	0	0	0	0	0	0	0	0	0	0	0	0	0	0	0	0	0	0	0	0	0	0	0.010996774	0	0	0	0	0	0	0	0	0	0	0	0	0	0	0	0	0	0.10117475	0.0781442	0	0	0	0	0	0	0	0	0	0	0	0	17.091888	0	0	0	0	0	0	0	0	0	0	0	0	0	0	0	0	0	0	0	0	0	0	0	0	0.103798516	0	0	0	0.90441275	0	0	0	0	0	0	0	0	4.3730235	0	0	0.46146825	0	0.054958675	0	0	0	0	0	0	0	0.039121617	0	0	0	0	0	0	0	0	0	0	0	0	0	0	0	0	0	0	0	2.4913256	0	0.01612364	0.2693314	0.028384661	0	0	0	0	0	0	0	0	0	0	0	0.8967768	0	0	0	0.05912924	0	0	0	0	0	0.12018118	1.26942	0	0	0	0	0	1.5134671	0	0	0.33218104	0	0	0	0	5.1730356	0	0	0	0	0	0	0	1.7478873	0	0	0	0	0	0	0	0.65521014	0
G01	C	0.007107155	0	0	0	0	0	0	0	0	0	0	0	0	0	0	0	0	0	0	0.01068118	0	0	0	0	0	0	0	0	0	0	0	0	0.048077893	0	0	0	1.1261849	0.039503157	0.013016459	0	0	0	0	0	0	0	0.06006065	0.13486241	0	0	0	0.038316444	0	0	0.01275138	0	0.033649072	0.030728232	0.016637888	0.014346376	0	0	1.513832	0	0.009121942	0	0	0.05266407	0	0.057561442	0	0	0	0	0.012953702	0	0	0	0	0	0	0	0.100702666	0	0	0	0.8599809	0	0	0.06336254	0.07865981	0	0	0	0	0	0.46378988	0	0	0	0.16860591	0	0	0.06282663	0	0	0	0	0	0.035037495	0.2925966	0.025042122	0	0	0.02635047	0	0	0	0.015285498	0	0	0	0	0	0	0	40.785183	0.010263956	0.18594095	0	0.16227698	0.15117034	0	0	0	0	0.30805558	0	0	0	0.16479357	0	0	0.18594185	0.44392723	0	7.178522	0	0.016664864	0.017789032	0.01889179	0	0	0	0	0	0	0.64499795	0	0	0	0.013141984	0	0	0	0	0	0	0	0	2.2472484	0.023735514	0	0	0.020700183	0	0	0	0	0	0.30823758	0.056921165	0.17776483	0	0.10045644	0.012495731	0.017405327	0.008583868	0	0	0	0.016332634	0	0	0	0.007901523	0	0	0	0	0	0	0.018193867	0	0.04098039	0	0.92853534	0	0.04187629	0.0222954	0	0	0.02352641	0	0	0	0.101347275	0	0	0	0	0.031666588	0	0	0	0	0	0	0	0.03003527	0	0	0	0	0	0	0	0	0.06859498	0	0.016083814	0	0.013157535	0.37168705	0.014122015	0	0	0	0	0	0	0	0	0	0	0.32177612
G02	Y	0.109120876	0	0	0	0	0.031782422	0	0	0.12650983	0	0.041879576	0.106994815	0	0	0.23747675	0	0	0	0	0.10750479	0.017448084	0.023373883	0	0.024418402	0	0	0.78734225	0.2728249	0.076357216	0.72767	0	0.9445418	0.56287396	0.04976237	0	0.007609	0	0	0.009382004	0.38366553	0	0.2945852	0.064945206	0.07594564	0	0	0.055760574	0	0	0	0.04827653	0	0	0	1.5378425	0.009050866	0.2757456	0	0.59300745	1.6306195	0.13036144	0	0	0.16423038	0	0.9635105	0	0.09554552	0.11171226	0.15700884	0	0	0.14551371	0.10273314	0.18157504	0.030687917	0.06634685	0.0924073	0	0	0	0.08238954	0	0.024328178	0.010045262	0	0	0	0	0.56504405	0	0.015207185	0.17960913	0	0.13141474	0	0.08300912	0	0.037760273	0	0.46510035	0	0.17095877	0.115705095	0.047376487	0.08315636	1.2300211	0	0	0.01672233	0.6033486	0.046255097	0.030968018	0.01548061	0.028085541	0	0	0.010798021	0.013295507	0.32266802	0	0	0	0	0	0.225647	1.9232162	1.412121	0.13436864	0	0.5640881	0.43487862	0	0.35954586	0	0	0.010200968	0	0	0.04006846	0.12946613	0	0	0.23318522	0	0.15154369	0.355701	0	0.085125	0.016494185	0.015129275	0	0	0.0892886	0	0.9181527	0.26551992	0.77439404	0	0	0	0	0	0	2.6508667	0.037947986	0.052399214	0.77568096	0	0.075043894	0.02141738	0.31600347	0	0	0.01810232	0.35943782	0.052377053	0.1863104	0	0	0	0	0	0	0	0.78459936	0.14869605	0.32651687	0.21204802	0.11003488	0	0	0	0	0	1.8539696	0	0	0.121933155	0.075190455	0.11826371	0.5861232	0.017182458	0.78760886	0.88530105	0.022994371	0	0	0.07213622	0.13614795	0	0.004834691	0.019718142	0.21620305	0	0.6254216	0.53938025	1.094483	0.14378701	0.09259918	0.032632045	0.057778437	0.047673967	0.12220867	0.13579212	0.4883137	0.1478636	0.036007166	0.09109731	0.018918332	0.94223666	0	0	0.11736968	0	0.5789638	0	0	0.11736328	0.027592652	0.27971163	0	0.31341654	0.14576848	1.0851603	0	0.26532143	0	0.46388432	0.15565026	0.048493873	0.012442825	0.14770961	0.6753893	0	0.51556784
G06	C	0.038767047	0	0	0	0	0.12279457	0	0	0.011980973	0	0	0.072193995	0	0	0.044303082	0	0.029764296	0.39776903	0.041465048	0.74094486	0.005412276	0.04626305	0.17995818	0.03646819	0.10657506	0	0.5757764	0	0.17193075	0.17033441	0.2827448	0.04175492	0.34775525	0.066675216	0	0	0	2.2641966	0	1.7281088	0.03706372	0	0.22992612	0.8915983	0	0	0.01679206	0	0	0	0.49004474	0	0.043691978	0.09414233	0.013375334	0	0	0.03387359	0.19264929	0	1.061576	0.07590239	0	0.1805269	0	0.093351975	0	0.06733806	0	0.2599624	0.23456533	0	0.17446166	0.27301916	0.52968633	0.022765288	0.11656871	0.15721622	0	0	0	0.9109948	0	0	0.23486246	0	0	0.18967701	0	0	0	0	0.5098806	0	0.2508441	0	0.0820107	0	0.039890178	0	0	0	0.0694529	0.10680071	0.086612955	0.7532279	0.15208977	0	0	0.020382084	0.1589528	1.3371619	0	0.05126297	0.013176148	0.0419035	0	1.3329194	0.01350679	1.590571	0	0.2698061	0	0	0	0.34434015	1.7635202	0.77199715	0.20006704	0	0	0.4267041	0	0	0	0	0.1516686	7.317034	0	0.029762097	0.8638492	0	0.36966383	0.016624957	0	0.016024075	0.2927124	0.031241804	0.20755208	0.018256823	0.011691728	0.13087547	0	0.020769546	0	0.14347218	0.012937141	1.4378883	0	0.22668819	0	0	0	0	0.14507747	0.1919857	0.1712232	0.94290996	0	0.03921642	0.17511785	0.025304714	0	0	0.016574077	0	0.012717925	0	0	0	0.03078907	0	0.41603497	0	0	4.122992	4.176227	0.15867984	0.22622189	0	0	0	0.22635035	0	0	0	0	0	0.030727925	0.011706094	0	0.5483382	0.022954717	0.32463458	0.051833436	0.07469357	0	2.2772124	0.106218554	0.054082155	0	0	0.01665051	0.03356099	0	1.3087311	0.2862099	0.049272075	0.043805007	0	0.27546346	0.08409921	0.099475294	0.076624274	0.6645852	0	0.045944434	0	0.053081784	0.01727525	0.32479024	0	0	0	0	0.07880308	0	0	0.037190925	0.100181006	0	0	0.40284312	0.47102275	1.9333771	0	0.09542991	0.08658154	0.06733303	0.12873287	0	0.012535681	0	0.3828962	0.395328	0.021815127
G09	C	0	0	0	0	0	0	0	0	0	0	0	0.0767898	0.7623848	0	0	0	0	0.091941275	0	0	0	0.01965202	0	0	0.26506284	0	0.6541527	0	0	0	0	0	1.0251355	0	0	0	0	0.29745322	0.024274182	0.028832695	0	0.52120745	0.077286966	0.42269698	0	0.14373532	0	0	0	0	0	0	0.013079479	0	0	0	0	0	3.9580193	0	0.116795	0	0	0	0	0.7109816	0	0	0	0.08705512	0	0	0.062773615	0.13860352	0	0.17532295	0.023935717	0.13757096	0	0	0	0.12514731	0	0	0.017760765	0	0	0	0	0	0	0	0.17809603	0	0.035460938	0	0	0	0	0	0	0.44721317	0.31654003	0.1234843	0	0.14486015	0.012062156	0	0	0	0.18699268	0.014195545	0	0.006507615	0	0	0	0	0	0.46213707	0	0	0	0	0	0	7.839211	0.30785882	1.4839284	0	0	0.25848398	0	0	0	0	0	0	0.161979	0	4.4243402	0	0	0	0	0	1.393209	0.03931184	0	0	0.033293128	0	0	0	0	0.6511494	0	0	0	0	0.06990191	0	0	0	2.0084562	0	1.100602	1.7759383	0.37203828	0.19787359	0	0	0	0	0	0	0.27250713	0	0	0	0.04505513	0.049735058	0	0	0	1.1889064	3.7039535	0	0	0	0	0	0	0	0	0.92618877	0	0	0.13855639	0.34822688	0.45643535	0	0	3.2336657	0.91553324	0	0	0	0	0.1100192	0	0	0	0	0.061563242	0	0	0	0	0	0.040139724	0	0.14646181	0.21600862	0	0	0	0.08435776	0.12070064	0	1.0417081	0	0	0.12569888	0	0.20665544	0	0	0	0.041867252	0	0	0.07676383	0.16005446	0	0	0.19789843	0	0.09719724	0.63328296	0	0	0	0	0	0.046711203
G11	E	0	0	0	0	0	0	0	0	0	0	0.008517802	0.016578555	0.52590466	2.0287342	0.016300438	0	0.062922746	0	0	0.018516231	0	0	1.0092691	0.071303785	0	0	0.035905994	0.68336344	0.010443347	0.67120504	0	0.034519963	3.718151	0.037968777	0	0	0.0346678	0	0	0	0	0.008331652	0	0	0	0	0.057524186	0	0	0	0.7207389	0.06896563	0	0	0.894564	0.010521883	0.9227611	0.94253063	2.9493248	0.008527916	0.068361804	0.6931629	0.022104036	0	0.020015571	0.021531137	0	0.18127644	0.062954105	0.067198835	0	0	0	0	0.03608188	0.07207428	0	0	0	0.7896532	0.019433592	0.020106347	0.65098107	0	0	0	0.5323563	0	0	0.18932235	0.26964837	0.018670708	0.007587214	0.84065884	0.023989309	0	0.13817388	0	0.15288009	1.1448569	0.15265314	0	0.013923059	0.6766251	0.059169207	0	0.005245997	0	0.06791344	0.07452351	0.040291276	0.5416824	0.061057728	0	0.07114699	0.0369142	0	0.10329822	0.042227276	0.028519474	0.0457725	0.013556078	0	0.016818877	0.120670736	0.69308203	0.36337912	0	0.12221796	0.010840069	0.37045556	1.1054341	0	0	0.05120397	0	0.11737785	0	0.020885814	1.1623446	0.4501753	0	0	0.46939638	0.872912	0	0.06717158	0	0.028435754	0.07392831	0.03591513	0	0.010849307	0.32909334	0.06115866	0.016654002	0	0.06347777	0	0	0	0	0	0.10740455	0.012474074	0.39096808	0.009341876	0.008884707	0.049963094	0	0.28937346	1.6533277	0.18771632	0.062508635	0.06773044	0.004257635	0.008162203	0	0	0	0	0.16641247	1.0570691	0	0.063894	0.021010974	0.06033857	0.019056045	0.2627719	0.010248665	0.10314791	0.30520615	0	0.23255944	0.3783564	0.013248352	0	0	0	0	0	0.027527897	0.035147376	0.07750687	1.3125515	0	0.4377491	0	0.13783392	2.565038	0	0.2701127	0.06067563	0	0	0	0.7581598	0.61477256	0.017858315	0.035064295	0	0.09440639	0	0	0	0	0.17564778	0	0	0.06898969	0.025141664	0.014441304	0	0	0.020864226	0	0	0	0	0	0	0	0.01679084	0.29010937	0.0495633	0.16771208	0	0	0.013522167	0.014164245	0	0.033237595	0.6399673	0.010990435	0	0.24773994
G18	C	0	0	0	0	0	0	0	0	0	0	0.008188951	0	0	0	0	0	0.037963267	0.02377272	0	0.014302426	0	0	0	0	0	0	0	0	0	0	0	0	0.14568326	0.030336764	0	0.16445713	0	0.13605909	0	0	0	0.013731973	0	0	0	0	0.010503198	0.33743256	0	0	0.37357184	0.20667316	0	0	0.004798081	0	0.03197409	0.27480245	0.030756513	0	0	0.030747462	3.3538857	0	0.8106312	0	0	0.07055495	0	0.06232778	0	0	0	0	0	0.023484346	0	0.017501537	0	0	0.033887237	0	0.2768799	0	0	0	0.18655735	0	0	1.047395	0.41159028	0	0	0.5555321	0	0	1.7808845	0	2.7046072	0.14246643	0.42884845	0	0	0.20093714	0.512074	0	0	0	0.33416826	0.01575076	0.056022454	15.980026	0	0	0.007612305	0	0	0.64994586	0.006818594	0.031777836	0	0	0	0.016830279	0	0	1.1084751	0	0.77219987	0	0.006369243	1.1326498	2.453879	0	0	0.22779846	0.14648311	0	0	0.07836326	0.12308379	0	0	0	3.1559067	0	0.2856746	0	0.20320761	0.009013748	0.00712128	0	0	0	0	0	0	0.19843985	0	0	0	0	7.2887797	1.012305	0	1.4919236	0	0	0	0	8.593849	0.009401322	0.61015207	0.37457895	0.009591374	0	0	0	0	0	0.012627997	0.03493939	0.024892414	0	0.16690086	0.009520221	0.043821186	0	0.05017684	0	0.21556786	0.021969264	0	0	0	0	0	0	0	0	0.066086374	0	0.020153437	0	0.095171236	0	9.795416	0	0.06630696	0.02137329	0	0	0.010429351	0	0	0	0.16618668	0	0	0.034438502	0.01184457	0.04798123	0	0	0	0	0	0	0	0.011410448	0	0	0	0	0	0	0	0	0	0	0	0	0.010823658	0.4727009	0	0.1032452	0	0	0	0	0	0.009558792	0	0	0	0.28498474
G19	C	0.04205372	0	0.026965708	0	0.039848737	0	0.07163034	0	0.022824164	0	0	0	0.07517946	0	0	0	0	0.038131975	0	0.15686075	0.12571083	0	0	0	0	0	0.7441305	0	0.07467131	0.014207982	0.105738446	0	0.22221777	0.19873556	0	0	0	0.0524039	0	0	0	0	0.0587331	0.28216806	0	0.0256822	0	0	0	0	0.11988583	0	0.21164723	1.6856374	0	0.12686239	0	0	0	0	0.04339753	0	0.11425095	0.017580563	0	0.6806203	0	0	0	0.03961275	0	0	0.037448872	0	0.16216663	0.08803197	0.011608174	0.089502655	0	0	0	0.10395708	0	0.017428033	0	0	0	0	0	0.29671282	0	0	0.014793021	0	0.012603895	0	0	0	0.021889178	0	0	0.07824834	0.27218777	0.12588505	0	0.08747781	0.09286977	0	0	0	0.5230875	0	0	0.009462575	0	0	0	0	0	0.11380252	0	0.022026887	0.08315711	0.054741494	0	0.1451261	10.454697	0.07444891	0.5796985	0	0	0.12085717	0	1.6768523	0	0	0.250652	0	0	0.02123943	0	0	0.020342695	0	0	0	1.7859409	0	0	0	0	0	0	0	0	0.26465207	3.4202325	0	0	0	0.9716209	0	0	0	0.39800096	0	1.936008	1.1307698	0	0.098600306	0	0	0	0	0	0	0	0	0	0	0.072855696	0.107217796	0.7345566	0	0	0.3529319	1.029315	0.3844857	0	0	0	0	0	0	0	0	0	0	0.034856796	0	0	0.46452826	0	0.5399573	0.105451174	0.016984845	0	1.0022848	0	0	0	0.57495755	0	0	0	0.2264638	0	0.08913156	0.10030291	0	0.02205025	0	0.35173732	0.08644209	1.7365512	0	0	0.030375779	0.08910233	0	0.41005272	0	0	0.06359395	0.29472455	0.28696954	0	0	0	0.07445937	0	0	0.34888718	0.21765868	1.5833359	1.4801052	0.066745706	0.06168099	0	0.22715527	0	0	0	0	0	0.06116508
G20	C	0	0	0	0	0	0	0	0	0	0	0	0.027037805	0	0	0.10122367	0	0.07796444	0.11753828	0	0.10934861	0	0	0	0	0	0	0.3565295	0	0	0.6048248	0	0.01652824	0	0.10802354	0	0	0	0	0	0	0	0.108302526	0.2444974	0.053527232	0.034236033	0.009914113	0	0	0.017802855	0	0.27124	0	0	0	0	0.054826476	0.030612662	0.49050254	0.04069958	0	1.1643678	0.06806101	0	0.007949946	0	0.14327817	0	0	0	0.17294535	0	0	0.026650095	0	0.26795676	0.15805776	0.011022895	0.16098502	0	0	0.030544825	0.09968575	0	0	0	0.36824605	0.016484505	0.0520709	0	0.040474888	0.07161148	0	0.011740472	0.057240125	0.30721715	0	0.13931206	0.09509233	0	1.4902337	0	0	0.04030416	0.2339769	0.047789484	0.033514693	0.031708058	0	0	0	0.21072431	0.7270031	0	0.02984825	0	0.04155513	0	0.9515315	0.01278374	0.2088442	0	0	0	0.04464854	0	0.6635976	0.081447355	0	0	0.06146584	0	0.049831804	0	0.14276215	0	0.049737606	1.6039053	0	0.17502822	0	0.8868162	0	0	0.030769609	0.14415558	0	0	0	0	0	0.03272525	0	0	0.081863664	0.14127453	0.079600215	0	1.5009826	0	0	0.00894574	0	0	0.4325615	0.1075983	0.074088104	0.047528878	0.13946591	0.010876023	0	0	0	1.3167789	0	0	0	0.015877355	0	0	0	0	0.008665838	0.19444168	0	0.01526928	0.050069552	0.35144195	0.07385726	0.64503723	0.03485963	0	0	0.15968785	0	0	0.049649812	0	0	0	0	0	0.08833389	0	0.48348325	0.18958001	0.0241897	0	0	0.107912034	0.41930017	0	0.01835382	0	0	0	0.38355997	0	2.728488	0.010602394	0	0.005084938	0	0.018238215	0	0	0	0.12815812	0.025656603	0.053970806	0	0.16527039	0	0	0	0.054557726	0.23912	0	0	0	0.04533997	0	0	0.02776705	0.097206615	0.14717235	0	0.012241432	0.5982861	0.17329346	0.1194917	0	0	0.7773499	0.059502177	0	0.06906266
G21	C	0	0	0	0	0	0	0	0	0	0.021955093	0	0	0	0.0524046	0.00912216	0	0.027198855	0	0	0	0	0	0.11635476	0.51184464	0	0	0.037644036	0.051061723	0	0.098376	0	0.019335043	2.7260487	0.05473563	0	0	0	0	0.009575071	0	0	0.009000002	0	0	0	0	0.06305568	0	0	0	0.7271726	0.060077578	0	0	0.4587755	0	0.11751731	0.27840424	1.4064112	0.263119	0	0.029202389	6.713216	0	0	0.013710966	0	0.16053575	0.14237045	0.076575205	0	0	0.014812937	0	0.050742563	0.056156274	0.008545663	0	0	0.012590153	0.019813284	0.09556836	1.8960114	0	0	0	0.25338474	0	0	3.047602	0.49610314	0	0	1.0507399	0	0	1.3813565	0.00942321	0.11758107	0.29260108	0.80125445	0	0.007392133	0.51251286	0.09603773	0	0	0	0.28444558	0.10793292	0.02288914	2.517797	0	0	0.05979471	0.014054623	0	0.087693535	0.0511311	0.027487073	0.03711029	0	0	0.005535152	0	0.11956956	0.13042031	0	0.046899814	0	0.09591359	0.9821085	0	0.009022766	4.6915946	0.09380292	0.22920574	0	0.03301133	0.18249993	0.24587215	1.4264688	0	0.28742957	3.2564485	0	0.020178732	0	0	0.059363194	0.044635538	0	0	0.012907804	0.020747263	0.008051124	0	0.05095817	0	0	0	0	0.10718096	0	0.009474033	0.1551085	0.009092547	0	0.04652343	0	4.3829956	1.0687118	2.1608093	0.29210714	0.09088375	0	0	0	0	0	0.078591935	0.32641536	0.682662	0	0.04755634	0.07286729	0.05595038	0.008289783	0.66739887	0	0.6917671	0.26008105	0.027475264	0	0.012082501	0	0	0	0	0	0	0	0.050220683	0.045513585	0.585976	0	4.630641	0	0.5774377	0.5412638	0	0.16052258	0.07177655	0	0	0	0.8043854	0.10377818	0.03897514	0	0	0.11214381	0.004839076	0	0	0.09704332	0.020558223	0	0.005253096	0.058751557	0	0.035091534	0	0	0	0	0.060140472	0.012262984	0	0	0	0	0.020392647	0.50419307	0.05775885	0.25254884	0	0	0	0.012173906	0.051524624	0.06263845	0.7402412	0	0	0.63123435
G22	L	0	0	0	0	0	0	0	0	0	0.043279562	1.0818983	0.00515533	0	0	0	0.027032062	0.17358541	0	0	0	0	0	1.0341816	2.2500417	0	0	0	0.3152244	0	0.37371495	0	0	1.4227734	0.055780027	0.11424357	0	0.07268062	0	0	0	0	0	0	0	0	0	0	0	0	0	0.085172616	2.5184567	0	0	0.97418076	0.5692187	0.033542603	0.47710016	5.491883	0	0	0.10721192	0	0	0.06692234	0	0	0	0.031842623	0.048613902	0.03700932	0.10858151	0	0	0.013714422	0.021330629	0	0	0	0.40067855	0.14849237	0	0.1770096	0	0	0	0.05346505	0	0	0.16329993	0.2130917	0	0	0.96463263	0	0	0.08630524	0	0.08151443	1.335849	0.06555278	0	0	1.3633914	0.1596834	0	0	0	0	0.023635644	0	1.8092829	0	0	0	0	0	0.47529885	0.009273185	0	0	0	0	0.10262929	0	0.1662097	0.37375337	0	0.041361377	0	4.608629	0.52004445	0	0	0.12253482	0.9298555	0.13038415	0	0.042928487	0.5861657	0.014067597	1.8095385	0	0.74974155	1.5351943	0	0.07857866	0	0.046818435	0.008685219	0.012057105	0	0.020384716	0.6031294	0	0	0	0.6657265	0	0	0	0	0	0	0	0.19463614	0.005727468	0	0	0	0.08871763	2.683578	0.3181362	0.49829486	0.005378987	0	0.011289712	0	0	0	0	0.027078355	0.49861228	0.21771422	0.009282343	0.013001034	0.03570261	0	0.5930701	0	0.85309887	0.26740414	0	0.053569812	0.18136433	0	0.9403725	0	0	0	0.0712154	0	0.009788141	0	10.015159	0	0.06298066	0	2.2757757	8.003308	0	0.034234293	0	0	0	0	0.22619553	0.31364253	0.006724324	0.13618258	0	0.07830865	0	0	0	0	0.09309749	0	0.006164033	0.008400837	0	0	0	0	0	0	0	0	0	0	0	0	0	0.27270767	0	0.07990141	0	0	0	0	0	0.007941077	1.4542558	0	0	0.91554916
G26	C	0.054233123	0	0	0	0	0.08210084	0	0	0.016781865	0	0	0.07993398	0	0	0.06896744	0	0.03374789	0.45236266	0.065048225	1.3385311	0.010264065	0.039546195	0.057398938	0.012941495	0.1527609	0	0.7917983	0	0.23157398	0.05033302	0.35259607	0	0.38689762	0.075585596	0	0	0	1.1008898	0	1.2480427	0.07470698	0	0.3087655	0.6038703	0	0	0.026437378	0	0	0	0.23195551	0	0.07764638	0.14447357	0.013802594	0	0	0.055120904	0.26427478	0	1.2247245	0.09771504	0	0.1689417	0	0.1263824	0	0.089281864	0	0.2265472	0.15639175	0	0.061525524	0.19343089	0.4038174	0.038147632	0.05495901	0.2216365	0	0	0	0.5923641	0	0	0.2570941	0	0	0.09994858	0	0	0	0	0.33517867	0	0.29503804	0	0.11257914	0	0.04563894	0	0	0	0.09890278	0.12727867	0.12663525	0.56875044	0.15640579	0	0	0.029999586	0.21693379	1.8386513	0	0.059994403	0.02080606	0.05978422	0	1.4054227	0.021236898	0.9049754	0.015448825	0.18657687	0	0	0	0.10883046	3.1827092	0.4664458	0.09602716	0	0	0.24030223	0	0	0	0	0.6560927	5.79513	0	0.0334425	0.53753334	0	0.6961609	0.021169767	0	0.010958741	0.54678667	0	0.0964179	0.026861902	0.018448994	0.15379794	0	0	0.013608748	0.2019906	0.024149617	1.8068435	0	0.36031315	0	0	0	0	0.18905388	0.25773227	0.3122199	0.9854907	0	0.04798195	0.26327178	0.035885155	0	0	0.026431061	0	0.017747471	0	0	0	0	0	0.5078837	0	0	2.3247514	2.1019764	0.23403125	0.18907544	0	0	0	0.30286157	0	0	0	0	0	0.03964797	0.013670166	0	0.7734392	0.037083276	0.49756008	0.059776824	0.056067746	0	3.851969	0.1364138	0.058447808	0	0	0.02593771	0.0409384	0	1.0479027	0.5276839	0.017106777	0.063241124	0	0.14852403	0.111919746	0.17160723	0.07590883	1.1274567	0	0	0	0.06815796	0.026071982	0.35406843	0	0	0	0	0.11995869	0	0	0.060397483	0.06574071	0	0	0.24620388	0.28489545	0.83633345	0	0.12738152	0.08910151	0.060847305	0.20123692	0	0.019721435	0	0.24627934	0.55857396	0.012498667
G27	L	0.051017623	0	0	0	0.024631133	0	0	0	0.070956826	0	0.042894144	0.16254082	0	0	0.749872	0	0.031555276	0.055270202	0.018393027	0.115420476	0.013689452	0	0.4044843	0	0	0	0.39583114	0	0.09003596	0.29675078	0.049815085	0	0.1258218	0.36082214	0	0	0	0	0	0	0.018782614	0.3747853	0.027786385	0.26583987	0.03650243	0	0.02487879	0	0.015759496	0	0.29143432	0	0.06696286	0	0.9296163	0	0	1.8052183	7.4379025	0	0.09569929	0	0.020774871	0.00856733	0	0.17193718	0	0.12604022	0	0.1430859	0	0	0.019859402	0.02203564	0.34940067	0.063002914	0	0.097429335	0	0	0.03393454	0.24283017	0	0.07102478	0	0	0.026705777	0	0	0	0.06398084	0.042252455	0.161352	0	0.028421745	0	0.08664332	0.07967772	0	0	0	0	0.110705666	0.40372217	0.18081596	0.36983573	0.05409988	0	0	0.046033613	0.3707655	1.971305	0	0.006217142	0.025092825	0	0.050761722	0.22066744	0.019792618	0.5864429	0.017056711	0.06203251	0	0	0	0.13784473	4.8358197	0.66319776	0	0.39905915	0	0.18152227	0	0	0	0	0	0.67888653	0	0	1.5445914	0	0.048356697	0.3966971	0.333679	0	0.83673245	0	0	0.027308205	0.018361337	0.1606549	0	0	0.09060565	0.13792486	0.6349009	0	0	0.091785975	0	0	0	0	0.1302357	0.19709004	0	0.25149837	0	0	0	0.26422262	0	0	0.024909971	0	0	0.116380244	0	0	0	0	0	0	0.008208266	1.4636755	0.3551705	0.16350469	0.03925669	0	0	0	0	0	0.7855762	0	0	0.006408481	0	0.09855955	0	0.22171839	0.032104224	0.36554426	1.3312417	0.028343225	0	0	0.09450363	1.6179162	0	0.011475098	0.02610528	0.047133885	0	0	0.086972706	2.7791662	0.01908939	0.04124031	0.006301939	0.06453255	0	0.11405775	1.286231	0	0.109103195	0.0512235	0	0.0216165	0.24133758	0	0	0.08716744	0.044138655	0	0.06704859	0	0	0.13079077	0	0	0.32708862	0.31377336	0.50097376	0	0.028974235	0	0	0.074598886	0	0.01750167	0.3170243	0	0	0.05598415
G28	C	0	0	0	0	0	0	0	0	0	0	0	0	0	0	0.014674773	0	0	0.044107024	0	1.2116212	0	0.011213916	0	0	0.020566585	0	0.03771804	0	0.018495072	0	0	0.028931953	0	0.058981776	0	0	0	5.4508195	0	0	0	0.021171805	0	0.08158739	0	0	0	0	0	0	0	0	0	0	0.17679551	0	1.3439873	1.095656	0.12325951	0	0	0	0.39505154	0.064089976	0	0.015541569	0	0	0	0.29848543	0	0	0.041102864	0	0.12152545	0.30831522	0	0.18449935	0	0	0	0.18489447	0	0	0.031702958	0	0.028181417	0.30267736	0	1.2158192	0.23434125	0.5076117	0.017883625	1.2256504	0	0	0.8976686	0	0	0	0	0	0	0.065892234	0	0.026643036	0.009614849	0	0	0	0	0.081688404	0	0	0	0	0	0.017228851	0.034388218	0.082029976	0	0	0	0	0	0	0.44722798	0	0.14759266	0	0.19583724	0.18166006	0	0	0	0	0.7462242	0	0.48552674	0	0.65009916	0	0	0.03345774	1.8815675	0	0.08642342	0	0.22213091	0	0.08434315	0	0	0	0	0.016501667	0.005219613	0.05592837	0	0	0.007259633	0	0	1.2984768	0.014600687	0.058653265	0.006394206	0.017099997	0.019551221	0.022208478	5.917078	0.032307886	0	0	0	0	0	0	0	0	1.7205561	0	0	0	0.14469552	0.1020641	0.17959358	0.028124737	0.049654134	0.033759065	0	0	0.038136046	0.17215726	0	0.016368262	0	0	0	0.06260372	0	0.048604026	0	0	0.08791378	0	0	0	0.801466	0.14531545	0	0.035160977	0	0	0	0	0	0	0	0	0.026111733	0.051641397	0.029967992	0.032756887	0	0	0	0	0	0	0.031453162	0	0	0	0	0	0	0	0.025265748	0	0	0	0.4272409	0.2727298	0.034669075	6.0181885	0.005604003	0	0	0	0	0	0	0	0	0.62091976
G29	L	0.011145757	0	0	0	0	0	0	0	0	0	0	0	0	0	0.118955	0	0	0	0	0.015780296	0	0.017258706	0	0	0.025105858	0	0.074222215	0	0.010044317	2.093374	0	0	1.3982635	0.057201512	0	0	0	0	0	0	0	0	0	0.41249678	0	0.013212206	0	0	0	0	0	0	0	0	0.58540773	0	0.14333692	0.88119715	0.20005003	0	0	0	0	0	0	0	0	0	0.038230106	0.99452984	0	0	0.016517544	0	0.050178945	1.6907647	0	0.03353626	0	0	0	0.059158325	0	0	0.004961042	0	0	0	0	0.06480873	0.053096864	0.06248607	0.02480944	0	0	0	1.4842104	0	0.110441186	0	0	0	0	0.30644748	0	0.2773856	0	0	0	0	0	0.067708865	0	0	0	0	0	0.052172776	0	0.13183165	0	0	0	0	0	4.42225	4.509273	0.87302333	0	0	0	0	0	0	0	0	6.899121	0	1.0181036	0.09494824	0.1010677	0	0	0.20027032	0	0	0.9140866	0	2.8165696	0	0	0	0	0.2810868	0	0	0	0	0	0	0	0	0	0	0	0.27626872	0	0.008356872	0	0	0.20051596	0.21225622	0	0	0	0	0	0	0	0	0	0	0	0	0.024504883	0.1846899	0.24209808	0	0.062426675	0	0	1.1464247	0	0	0	0	0	0	0	0.14103796	0.16237825	0	0	0	4.617216	0	0	0	0	0.23808546	0	0	0	0	0	0	0	0.17164838	0.016189337	0	0.062327757	0	0	0	0.007421217	0	0.442225	0	0	0	0.0357882	0	0	0	0.6187464	0.020452855	0	0	0	0	0	0	0.029734181	2.303479	0.19752406	0	0	0	0	0	0	0	0.14207895	0	0	0
G30	C	0.03522756	0	0	0.06211886	0.25648403	0	0	0	0.24933583	0	0	0	0	0	0	0	0	1.5373232	0	0	0	0	0	0	0.49731836	0	0.23464583	0	0.137699	0	0.26232693	0	0	0.34934446	0	0	0	0.070473626	0	0.021714933	0.7738133	0	0.09899676	0.69808626	0.009316819	0.1398983	0	0	0	0	0	0	0.131834	0.13752787	0	0	0	0	0	0	0.2876331	0	0	0	0	0	0	0	0	0.062186386	0	0	0	0	0.02364615	0.050460167	0	0.065437034	0	0	0	0.15100533	0	0	0	0	0	0.7692122	0	0	0	0	0	0	0.08364499	0	0	0	0	0	0	0	0.13677093	0	0.621302	0.26016417	0.82209426	0	0	0	0.10291295	5.7758384	0	0.032992974	0	0	0	0.38817567	0	1.239945	0	0	0	0	0	0	39.67138	0.24046448	0	0	0	0	0	0	0	0	0	0	0	0	0	0	0	0	0	0	3.4688985	0	0	0	0	0	0	0	0	0.20021415	0	1.843592	0	0	0.04471317	0	0	0	0.483097	0.3623697	0.13570693	0.11624905	0	0.039030053	0	0	0	0	0	0	0.008993146	0	0	0	0	0	0	0	0	3.672656	0.2248257	0.048248228	0	0	0	0	0	0	0	0	0	0	0.023081936	0	0.023619954	0.45265937	0	0.21256685	0	0.015597366	0	0	0.11995997	0	0	0	0	0	0	0	0	0	0.02311413	0	0.09343688	0	0.025480766	0	0.7708672	0	0	0	0	0	0.17235567	0	0	0.14326634	0	0.42208007	0	0	0	0.043622464	0	0	0.82936686	0	0.13486633	0	0.0458174	0	0	0.11194742	0	0	0	0	0	0
G31	L	0	0	0	0.02083441	0	0	0	0	0.02358083	0	0	0	0	0	0.9277914	0	0	0	0	0.07563091	0	0.02385242	0	0	0	0	0.28606126	0	0.09151856	1.297511	0	0.2154223	2.7859094	0.31014523	0	0	0	0	0	0	0	0.4592979	0.60248667	0.17246316	0	0.020765763	0.050441597	0	0	0	0	0	0	0	1.3267033	0	0	0	2.6384351	0	1.7086867	0.14663437	0	0	0	0.07958373	0	0.2358323	0.14830452	0.15204865	0	0	0	0	0	0.16145241	0.014773317	0.08973934	0	0	0	0.453504	0	0	0.008102087	0	0	0	0	0	0	0	0.09827748	0	0.7334246	0	0	0.28194848	0.07688541	0.20674513	0	0	0.059322376	0.22661565	0	0.045614343	0.10750748	0	0	0.05327803	0.20998085	0	0	0.08838196	0.0473349	0.9147072	0	0	0.038622316	0.60999215	0.032446932	0	0	0	0	0.7752727	1.0613712	0	0	0.16446827	0.41545126	0	0	0.031013822	0.19536573	0	0.07450972	0	0	0.11392954	0	0	0	0.32063133	0	0.029476227	0.051000398	0	0	0.050607786	0.032246057	0	0	0	0.24191622	0.12599184	0	3.406445	0	0	0	0	0.03871653	0	0.29625398	0	0.039736062	0.1404119	0.07358871	0	0	0.3532939	0	0	0.054372273	0	0.03746216	0	0	0	0	0	0.38550192	0.1786214	0	1.1426884	0.24751453	0.10992127	0.15876254	0.04705724	0	0	0	0	0	0.058394827	0	0	0	0	0.13391225	0.14803784	0.044103507	0.60896647	0.6273086	0.115417585	0	0	0.17667001	0.64119244	0	2.338389	0.047868706	0	0.21878427	0	2.3718834	5.5802755	0.008349218	0	0.01531692	0.06977606	0.009863935	0.0822875	0	0	0.3220184	0	0	0.06006384	0.36723548	0.17721492	0	0	0	0.2956778	0	0.07525796	0.29681703	0.10763934	0	0	0.2413966	1.1538428	0.14703907	0	0.081428386	0	0	0.16948119	0.09668949	0.026729673	6.8420415	0	0	0.53858846
G32	C	0	0	0	0	0	0	0	0	0	0	0	0.015874501	0	0	0.08515699	0	0	0.013460678	0	0.013128383	0	0	0	0	0	0	0.056613866	0	0	0	0	0	0.4398122	0.017938877	0	0	0	0	0	0	0	0	0	0.008768813	0.015075496	0	0.053018585	0	0	0	0.34296748	0.018359015	0	0	0.08605202	0	0.007046953	0.040348217	0.20543571	0	0	0.078689545	0	0	0	0	0	0.3375499	0	0.18302555	0.011076942	0	0	0	0	0.01767496	0	0	0	0	0	0	0	0	0	0	0	0	0	0	0.019413572	0	0	0	0	0	0.034907125	0	0.023600293	0	0	0	0.010706615	0.10527186	0	0	0	0	0	0.027548814	0.11380794	0	0	0	0.020132333	0	0	0	0.023173654	0.08374528	0	0.024126245	0	0	0	0	67.65346	0	0.08282073	0	0.20873964	0.46479815	0	0	0	0	0.030692372	0	0	0	0.42599255	0	0	0.047877442	0.31814516	0	5.160796	0	0	0.025202312	0.022634603	0	0	0	0	0	0	2.0525544	0	0	0	0	0	0	0	0	0.011916522	0.007040255	0	0	0.038479067	0.2513315	0	0	0.045156635	0	0	0	0	0	0	0	0.12327139	0	0	0.21340866	0.033889104	0.01630292	0.012584635	0	0.038319245	0.022999695	0.018014487	0	0	0	0	0	0	0	0	0.02071552	0.3485237	0.0346887	0.05837008	0	0	0	0.07377689	0.53046095	0	0.035123363	0.03253551	0	0	0	0.16428539	0.007251324	0	0	0	0.08507128	0	0	0	0	0	0	0.008649993	0.020960046	0	0.03820995	0	0	0	0.03318314	0	0.022418352	0.02476472	0	0	0	0	0.061040733	0.021218356	0	0	0	0	0.011260525	0	0.023553584	0.027038775	0	0	0.022947373
G33	Y	0.08180583	0.025303924	0	0.17269902	0	0	0	0	0	0	0	0.060866676	0	0.6129071	0	0	0	0.100092635	0	0.25171337	0	0	0	0	0	0	0.22031093	0	0	0	0	6.580041	0	0.051544804	0	0	0	0.3042267	0	0.033316057	0	0	0.009197068	0.35482913	0	0	0	0	0	0	0	0	0	0	0.10091573	0	0	0.7403909	0.2122356	0.5414326	0.026136518	0	0	0.05662923	0	0.103849955	0	0	0.12711881	0.51005256	0	0	0.07532011	0	0.22186236	0.21517032	0.007088245	0.1879249	0	0	0	0.04435559	0	0	0	0	0	0	0	0	0	0	0.037077278	0	0.008386538	0	0.27485442	0	0	0	0.072128676	0	0.025912184	0.50114733	0	0.40932804	0.09237256	0	0	0.032866422	0.1817493	0.06629217	0.0954961	0	0	0	0	0	0	1.5233966	0	0.13879234	0	0	0	0	2.5495956	0.15390152	0	0	0	0	0	0	0.055027835	0	0.13740374	0	0	4.957919	5.2053056	0	0	0.92815095	0	0.021723347	0.49816284	0	0.25144485	0.01962556	0	0	0	0	0	0.17674206	0	0.04872168	0	0	0	2.4977827	0	0	0.31091666	0	0.021303697	0.07693491	0.5438537	0	1.3173684	0.16391179	0	0	0.022703117	0	0	0	0	0	0	0.017308487	0.18568163	0	0	2.6180427	1.7878138	0.05994107	0.04320254	0.9279105	0.060573567	0	0	0	0	0.011515304	0	0.38114038	0	0.288858	0.14264272	0.0786998	0.013093051	0.48173317	6.76594	0.049792085	0	0	0.24396864	3.4121673	0	0.015374467	0	0.02980114	0	0	0.22870086	0	0	0	0	0.06492802	0	0	0	0.21543258	0	0.02512734	0.009919575	0.0160372	0.3630937	0	0	0	0	0.06603326	0	0.04316225	0.105366535	0.09785056	0	0	0.6495657	0.84414876	0.49856806	0	0.024531098	0	0	0.08971169	0.22692272	0	0.7530643	0.24017216	0	0.4512514
G37	L	0.05822006	0	0	0	0	0	0.05097179	0	0.031611647	0	0.009160996	0.09913848	0	0.13271312	0.10148247	0	0.104507975	0	0	0.032018308	0.027513985	0.011017585	2.1565552	0	0	0	0.0880727	0	0.1915994	1.6617788	0	0.099231265	0.1938826	0.1405719	0	0	0	0	0	0	0	0	0	0.19703412	0	0	0	0	0	0	0.12386582	0.06094943	0	0	0.09127349	0.033621017	0.01536191	0.8987617	1.1430602	0	0.04661693	0	0.01902975	0.015252792	0.019391568	0.079773985	0	0	0.13894399	0.02388101	0	0	0.09254796	0.046682972	0.13874443	0	0.17608075	0.05236521	0	0	0.024346178	0.23349857	0	0	0	0	0.07628178	0	0	0.24199261	0.22464605	0.040727764	0.043997888	0	0.02277045	0	0.11180027	0	0.021540377	0.110404775	0	0	0.018008275	0.17312233	0.050186533	0.078945875	0.1508295	0	0	0	0.10134432	0.30742726	0	0	0	0	0	0.12176249	0	1.0232334	0	0	0	0.12257638	0	0.48978058	0.62024313	0	1.1389397	0.011033449	0.50655586	0.2388247	0	0	0	0	0.09002931	0	0	0.044792272	0.6179932	0	0	0.15149857	0.05644003	0.08289262	0.099211685	0	0.049454484	0	0	0	0.014588693	0	0.025183702	0.06469822	0	0.068063386	0	0	0	0	0	0	0.06378305	0.04866693	0.041709926	0.13338098	0.25907078	0	0.017036691	0.36334476	0.24545354	0.045050513	0	0.030280381	0.020827537	0	0	0	0.027256029	0.051481467	0.03754577	0	0	2.090827	2.7875507	0.09311281	0.134571	0.13604029	0.6695939	0.1642637	0	0	0	0	0	0	0	0	0	0.11371108	0	0.19972752	1.2395359	0	0	0	0.04808319	0.63105667	0.015609051	0	0	0.03545233	0	0	0.07296469	14.878001	0.005879739	0.010013538	0	0	0.010944326	0.05448357	0.045505352	0	0.48099092	0.008217173	0.024589062	0	0.18111083	0	0	0	0	0.07127441	0	0.029364469	0	0.3640784	0	0	0.3275165	0.12256501	0.4778755	0.22677003	0.012991193	1.0324013	0.98795664	0.039262276	0.115625456	0	0.106112555	0.1645576	0	0.21965554
G39	L	0.073493645	0	0	0	0	0	0.07136093	0	0	0	0.039690617	0.084376484	0	0	0	0.04016484	0.07317793	0.30688977	0	0.47090217	0	0	0	0.965837	0	0	0.33813518	0.32128292	0.2529102	4.916587	0	0	0.27279854	0.15792356	0	0	0	0	0	0.011263985	0.028336871	0.10491753	0.047901962	0.21312179	0	0	0	0	0	0.052797206	0	0	0	0.005846795	0.43419355	0.02235526	0	1.1166612	2.0648677	0	0.13899036	0.10006237	0	0.013420403	0	0.06789139	0	0.047333155	0.07828218	0.16809565	0	0	0.049962938	0	0.34703448	0.029299	0.007147227	0.09692108	0	0.56378657	0.027486477	0.16869423	0	0	0	0	0	0	0	0	0	0	0.07290946	0	0.038339067	0	0	0	0	0	0	0	0.07892304	0.2732477	0.10914701	0.26322636	0.022412054	0	0	0	0.1663114	1.3185533	0.02392122	0.008689825	0	0.07914725	0	1.1303632	0	0.9083117	0	0	0	0.12707776	0	0.8191436	0.7084649	0	0.036530487	0	0	0.1452563	0	0	0	0.04474579	0.029095838	0	0	0	0.573359	0	0	0.37327236	0	0.04817349	0.12488072	0	0	0	0	0	0.03802628	0.56302685	0.013815944	0.16751586	0.53141636	0.06186652	0	0.03173979	0	0	0	0	0.38990563	0.9982785	0.043693773	0.25734642	0	0	0	0.8789894	0	0	0	0.019792268	0.035930514	0.022109494	0	0	0.06512177	0	0.13273671	0	0	2.626766	0.77784127	0.10832237	0.034391113	0	0	0	0	0	1.326561	0	0	0	0.03043778	0	0	0.08105622	0	0.10703824	4.6482368	0.030040845	0	0	0.19381173	1.5776346	0.04900823	0.024932832	0	0.16749564	0	0	0.038652897	8.073906	0.03124008	0.023123289	0.015805064	0.03978279	0.09841763	0.08810792	0.15916842	0	0.9117751	0	0.054921094	0	0.22832467	0.043827068	0	0	0	0	0	0.10981503	0	0.07555079	0	0	0.4204974	0.027830852	0.111340314	0	0.055023976	0	0	0.04091148	0.19240937	0	0.20697662	0	0	0.063523084
G42	C	0	0	0	0	0	0	0	0	0	0	0	0	0	0	0	0	0.036520112	0	0	0	0	0.0627149	0.4620443	0.022337712	0	0	0	0	0.005114351	0.099048555	0	0	1.0723407	0.004976468	0	0	0	0	0	0	0	0	0	0	0	0	0.02488114	0	0	0	0.11324855	0	0	0	0.27211747	0.016281208	5.850007	0.2051226	0.2653652	0	0.006473347	0.039711047	0	0	0	0	0	0.050625924	0.028555706	3.0971375	0	0	0	0	0.062490817	0.007214101	0	0	0	0.023082536	0.10048193	0.2025802	0	0	0.040648047	0	0.017229727	0	0	0	0.024031596	1.0578667	0	0	0	0	0.50296766	0	0.040670972	0	0.16185297	0	0	0.26176146	0.33749497	0	0	0	0	0.027702741	0	3.0076447	0	0	0.025496468	0	0	0.65759254	0.024304083	0.07019945	0	0.11590319	0	0	0	0.054361448	8.138196	0	0.29655448	0	0	5.1121025	0	0.23575997	0	0	0.047644913	0	0	0.06279126	0.15810667	0	0	0.13988388	0.1124042	0.019291617	1.723764	0.032030374	0.7146304	0.020644119	0.020045228	0	0	0.013575506	0.007734731	0	0	0.42715958	0	0	0	0	0	0	0	0.47580373	0	0	0	0	2.414463	0.5617382	0.10486104	0.07496052	0.023757758	0	0	0	0.031156067	0	0.1544383	0.28070748	0.1996626	0	0	0.21044382	0.17353418	0	0.06840559	0	1.437935	0.21371812	0	0	0	0	0	0	0	0	0	0	0.044271536	0.021802217	0.13152516	0	0	0	0.048199218	0.6663177	0	0	0.023624556	0	0	0	0.05833821	0.093849875	0	0	0.19448756	0.061464924	0	0	0	0	0.09673098	0	0	0.019835476	0	0	0	0	0	0	0	0	0	0	0.12539364	0	0.014509709	0.793276	0.03466499	0.08625954	0	0	0	0.005429448	0	0.022775147	0.04914411	0	0	0.26790497
G43	L	0	0	0	0	0	0	0	0	0	0	0.13637353	0	0	0	0	0	0.0721921	0.11956465	0	0.04233417	0	0.04493781	0.11006858	0.43338382	0.011183501	0	0.18428859	0.17638339	0	0.5580601	0	0	0	0.020077487	0	0	0	0.097847156	0	0.009377671	0	0.13582385	0	0.07742037	0.07925462	0	0.012568699	0	0.6946396	0	0	0	0	0	0.056868836	0.12454429	0	0.103720464	0	0	0	0	0	0	0	0.06417944	0	0.088637024	0	0.9315569	1.6245574	0	0.07775854	0	0.42553365	0.034683466	0	0.044415116	0	0	0.14705162	0.5059792	0	0	0	0	0	1.5680597	0	0	0	0	0.056605577	0	0	0.27332848	0.075596064	0	0	0	0	0	0	0.20668174	0.37656698	0.04421566	0	0	0	0.022062488	0	0.22416967	0	0	0.020823946	0	0.22160438	0.10635416	0.014330336	0.16937529	0	0.018730855	0	0.12923735	0	0.20379362	22.923927	2.5185063	0.1384957	0	0	1.7850344	0	0	0	0.3334984	0	0	0	0	0.17635839	11.351118	0	0.03579715	0	0	4.435461	0	0.06483708	0.025467493	0	0.9750373	0.11547476	0	0	0.016525064	0	0	0	0	0.023606623	0	0.014596141	0	0.018577302	0.1747858	0.17404254	0.029587248	0	0.033858594	0	0.024046758	0	0	0.021541161	0	0	0	0	0	0.10766179	0	0	0.58365065	0	0.24187472	0.6816626	0.08148839	0	0	0	0.007913679	0	0	0	0	0	0	0	1.0323585	0.023397993	0	0.03470951	0	0.076633364	0.039558552	0	0	0	1.4402051	0.03361728	0	0	0	0	0.12062893	0.03475863	1.7086203	0.02186315	0.19320655	0.14331868	0.061292358	0.017921938	0	0.22525272	0	0.12119264	0	0	0.016016198	0.039394196	0	0	0.2597825	0	0.04119427	0	0	0	0	1.7173173	0	0.14905526	0.17640983	0.034730442	0	0	0	0	0	0	0.016154451	0	0	0.04316945	0
G46	C	0	0	0	0	0	0	0	0	0	0.025245069	0.048991587	0.07888269	0.38884732	0	0	0.10286015	0.22745441	0.35084733	0	0.8042214	0	0.04653271	0	0	0	0	0.6774793	0	0.058435738	0.04812956	0	0	0	1.072933	0	0	0	0	0	0.00980616	0	0.07293112	0.036067907	0.013742421	0	0.007427077	0.2224203	1.21265	0	0.11785905	0	0	0	0	0	0.02521767	0	2.1756828	2.3133657	0	0.08307872	0.06350156	0	0	0	0.029574104	0	0.42452288	0	0.06691102	0.40165877	0	0.022817452	0	0.17645037	0.09034279	0	0.15575035	0	0.19413517	0.041971408	0.12442623	0	0	0	0	0	0	0	0	0	1.3581204	0.023933172	0	0.020026397	0.084357485	0	0.048101835	0	0	0	0	0.24890944	0.86310625	0.26417357	0.020397568	0	0	0	0.29255363	0	6.3169703	0	0	0.18848668	0.27049607	0	3.1641629	0.20480049	0.07279201	0.117488004	0.056185596	0	0.024247576	0.09158173	0	0.29832882	0.025635347	0.30495268	0	0	1.5366945	0	0	0	0.13585389	0	0	0	0	1.6210737	0	0	0.15566917	0	0.016692976	0.03407538	0.07243144	0	0.18051848	0.13532597	0	0.08542096	0	0.0643379	0.067976296	0	0.84230155	0	0.12461709	0	0.019868713	0	0	0.054469652	0.47849566	0.06631027	0.5046976	0.040165838	0.037820008	0	0	0	0	0.27006248	0	0.026367517	0	0	0	0.26382998	0.3159309	0.22559564	0.026837828	0	0.11760161	1.1434187	0.1617125	0.39898393	0	0	0	0	0	0	0	0	0.12719943	0	0.059356697	0.12750688	0.19567123	0.16588731	1.5448449	0.3155439	0.016289202	0	0	0.12810445	6.5085964	0	0.1909646	0.20714785	0	0	0	0	0.43793544	0.19552161	0.014697289	0.08017578	0.24119064	0.05674334	0.135601	0.22509171	0	0	0.015637884	0	0.20830883	0.19739337	0.24392	0	0.08937429	0.09161042	0	0.15573223	0.077452265	0.03554685	0.015109785	0	0	0.048891935	0.16587922	0.21978253	0	0.05500777	0	0	0.45545286	0.038619906	0.16588776	0	0	0	0.10940356
G47	Y	0	0	0.06373546	2.5069041	0	0	0	0	0.04808621	0	0.18025455	0	0	0	0.42412093	0	0.023608213	0.11119573	0	0	0	0.015625933	0	0	0.10890823	0	0.37305444	0	0	0	0	0	0	0.15895456	0	0	0	0	0	0	0	8.688035	0	3.3526313	0.051515415	0	0	0	0.17152601	0	0	0	0	0.025700292	0	0	0	0	0	0	0.011668906	0	0	0	0	0.19428453	0	0	0	0.3899867	0	0	0	0	0	0.46801648	0	0	0	0	0	0.5765353	0	0	0	0	0	0	0	0	0	0.1984238	7.293191	0	0	0	0	0	0	0	0	0	0	0.10973805	0.07336284	1.2646176	0.07472276	0	0	0	0.11384127	0.1790131	0	0	0	0	0.32068148	0.118248835	0	6.398082	0	0	0	0	0	0	3.0048041	0.01744754	0	0	0	0	0	0	0	0.048048966	0	0	0	0	0.023881838	0	1.0908811	0	0	0	0.5227945	0	0	0	0	0	0	0	0	0.1378317	0	0	0	0	0	0	0	0	0.32907575	0.018180674	0.04640385	0.08693465	0	0.04421109	0	0	0	0	0.007756453	0	0.008660239	0	0	0	0	0	0	0	0	16.109385	4.5108166	0.28972724	0	0	0	0	0	0	0	0	0	0	0.026356816	0.10500262	0.04371551	0.051426522	0	1.2380029	0.09853462	0	0	0	0	0.6754379	0	0	0	0.07186027	0	0	0	0	0	0.07387205	0.064272635	0	0	0.055078525	0.07939465	0	0	0	0	0	0.46089342	0	0	0	0.6225277	0.30462354	0	0	0.006238736	0.6605229	0	0	0	0	1.2261374	0	0.05653182	0.32692003	0	0.31768787	0	0	0	0	0.17686813	0
H02	C	0	0	0	0	0	0	0	0	0	0	0	0	0	0	0	0	0.054886997	0.008475893	0	0	0	0	0	0	0	0	0	0.005912893	0	0	0	0	0.036147777	0.018666454	0	0.006721408	0	4.2984595	0	0	0	0	0	0	0	0	0.00982945	0	0	0	0.24862422	0	0	0	0.22473758	0	0.8579071	0.14315471	0.09467934	0	0	0.04896478	0	0.013018102	0.81704	0	0	0.057641633	0	0.016859096	0	0	0.02893653	0	0.09214279	0.013570876	0.027349818	0	0	0	0	0.06251221	1.850765	0	0	0	3.5342987	0.2692446	0	3.6401827	0.23436412	0.054067675	0.011555254	0	0	0	0.15303797	0	0	0	0	0	0	0.14909725	0.26655376	0	0	0	0	0.020987041	0	0.911052	0	0	0.008581583	0	0	0.06007843	0.007116709	0.030546056	0	0	0	0	0	0	14.024134	0	0	0	0.06994899	0.45752996	0	0.005987329	0.13269544	0	7.1100945	0	0	0	0.39004916	0	0	0.10947835	0.38806036	0	2.841749	0	0.10949546	0.006676331	0	0	0	0	0	0	0	0.16887452	0	0	0	0	0	4.6766906	0	0.072131686	0	0	0.02007076	0	0	1.2211373	0.31896967	0	0.007176707	0	0	0	0	2.1636567	0.31797838	0.09180867	0.22053045	0	0.8779775	0.058435213	0.11619487	0.005584089	0.013033115	0	0.04332119	0.5493633	0.050364967	0	0	0	0	0	0	0	0	0	0.034082994	0	0.14360733	0	0	0	0.10186408	0.12042747	0	0	0.00673837	0	0	0	0.048467357	0	0.019731222	0	0	0.043168053	0	0	0	0	0	0	0	0.008096859	0	0	0	0	0	0	0	0	0	0.012064855	0	0	0.029154662	1.3481681	0.054888222	1.8679311	0	0	0	0	0	0.009065375	0.023800993	0.0341678	0	1.0176779
H03	L	0	0	0	0	0	0	0	0	0	0	0	0	0	0	0	0	0	0	0	0	0	0	0	0	0	0	0	0	0	0	0	0	0	0	0	0	0	0	0	0	0	0	0	0	0	0	0	0	0	0.011656307	0	0	0	0	0	0	0.23758772	0.03127613	0	0	0	0	0	0	0	0	0	0	0	0	0	0	0	0	0	0.02385742	0	0	0	0	0	0	0	0	0	0	0	0	0	0	0	0	0	0	0	0	0	0	0	0	0	0	0	0	0	0	0	0	0	0	0	0	0	0	0	0	0	0	0	0	0	0	0	0	0	0	0.07086807	0	0	0	0	0	0	0.004512821	0	0	0.009046998	0	0	0	0.014525056	0	0	0	0	0	0	0	0.004694078	0	0	0	0	0	0	0	0	0	0	0	0	0	0	0	0	0	0	0	0	0	0	0	0	0	0	0	0	0	0	0	0	0	0	0	0.004402173	0	0	0	0	0	0	0	0	0	0	0	0	0	0	0	0	0	0	0.012647608	0.018256748	0	0	0	0	0.021067157	0	0	0	0.003946693	0	0	0	0	0	0	0	0	0	0	0.016033757	0	0	0	0	0	0	0	0	0	0.030440142	0	0	0	0	0	0	0	0	0	0	0	0	0	0	0	0	0	0	0	0	0
H04	C	0	0	0	0.13704874	0	0	0	0	0	0	0	0	0	0	0	0	0.11847954	0.23883298	0	0	0	0.023295373	0.012191749	0.011363235	0.004712541	0	0	0.12362189	0	0	0.00442639	0	1.8808938	0.03656891	0	0.0174198	0	0	0	0	0	0	0.005260645	0.009854395	0	0.008300237	0	0	0	0	0.17652756	0	0	0	0.018340047	0.04975861	0	0.021477196	0	0	0.011313288	0.013755756	0.0526954	0.051171146	0.46946186	0	0	0	0	1.4569167	0	0	0.069002055	0.042159054	0.2689708	0.2937661	0.006978373	0.05996164	0	0	0.02568233	0.25180015	0.23053578	0	0	0.028722128	0	0	0	0.71535456	0.50323737	0	0.09843845	0.06530775	0	0	1.004788	0	0.19156528	0.1440918	0.21252775	0	0	0.11495961	0.07157377	0.021000538	0	0	0.18324666	0	0	1.1940371	0	0	0	0	0	0.07056682	0	0.2741912	0	0.14847496	0	0.012422558	0	0	0.39699826	0	3.0743885	0	0.19321308	0.5070544	0	0	0	0.02301279	0.09188763	0.53384835	0	0.10851841	2.262087	0	0.016627915	0.7740947	2.996811	0.007769859	0.07107669	0	2.1750634	0.009206038	0	0	0	0	0	0	0	0.11670153	0	0	0	0	0.056708775	3.228473	0	0.09576286	0.00770627	0	0.31554383	0.013804385	6.8428364	0.05686991	0.56015617	8.316842	0	0	0	0	0	0	0.101624444	0.36693737	0	0	0.120201975	0.91585237	1.3958911	0	0.15192895	0	2.5701194	0	0.70255375	0	0	0	0	0	0	0	0.005231116	0	0	0	0.08346447	0.038133282	0.23319282	0	0.038159408	0.036198583	0	0.06724874	0	0	0	0	0	0	0.01825869	0.009375447	0.024056083	0	0	0	0	0	0	0	0	0	0	0	0	0	0	0.012998681	0	0	0	0.01497452	0	0	0.013182325	0.66472095	2.1987538	0.6743599	0	0	0	0	0.19458704	0	0	0.058825802	0.01652215	0.011526226
H05	L	0	0	0	0.015654571	0	0	0	0	0	0	0	0.058648754	0.06334583	0	0.099779926	0	0.105667084	0	0	0.067135535	0	0	0	0	0	0	0.08229365	0	0.02127773	0.07928217	0	0.075826906	3.4062283	0.10738245	0	0	0	0	0	0	0	0.9754794	0	0.13329904	0	0	0.005246811	0	0	0	0.09260412	0	0	0	0.7339705	0.043536354	0.07899298	1.9932654	0.3227949	0	0.01091101	0.1453241	0.034682356	0	0.08931912	0.057651374	0	0.14594065	0.08168494	0.039448816	0	0	0.062421337	0	0.013024942	0.030822717	0.015555094	0.06405146	0	0	0.030823024	0.047118783	0.2349491	0.038818594	0	0.07429408	0	0.010982629	0	0.19726186	0.26419714	0	0.010750497	0.6049717	0	0	0.22829083	0.12005793	0.18957242	1.8559268	0	0	0.019612612	0.3576273	0.07288889	0.032373525	0.008140239	0	0	0.016053868	0.22517027	0.4674819	0	0	0.010566339	0.6310121	0	0.03385559	0	0.5076684	0.009528078	0.033369083	0	0.010365373	0	0.0962534	1.1753029	0	0.1398756	0.10420664	1.2635707	0.20084578	0	0.03885281	0.04651264	0	0.42395476	0.016706312	0	0.95917004	1.2598541	0	0	0.7603607	0.91434586	0.011662947	0.18646292	0	0.034727596	0.014985544	0	0	0	0	0.20977023	0.05338711	0	1.529023	0	0	0	0	0	0.027949134	0.015105019	0.036021307	0.02306419	0.012014323	0.05097698	0	0.21169178	2.672005	0	0.6047294	0.009872377	0	0.009014326	0	0	0	0.048796356	0.020334227	0.16399024	0	0.03443117	0.5595108	0.63888806	0.02494717	0.63615	0.06094843	10.963258	0.27594563	0.20266204	0	0	0.052345015	0	0	0	0	0	0.05874349	0	0.17077038	0.8674383	0	0	0	0.20845406	2.1765401	0.05151577	0.015473451	0	0.037175532	0.47296843	0	0	0.09946179	0.011069713	0.02399268	0	0.052066028	0	0	0.005955342	0	0.012737135	0	0.012251183	0.009360195	0.09331811	0.030420065	0	0	0	0.030206865	0	0.011473276	0	0.046505097	0	0	0.15110417	0.3958776	0.1556883	0.3830521	0	0	0.062617846	0.034294166	0	0	0.423249	0	0	0.041399542
H06	C	0	0	0	0	0	0	0	0	0	0	0.031188859	0.020231342	0	0	0.042399693	0	3.2778559	0	0	0.08685895	0	0	0	0	0	0	0	0	0	0	0	0	0.09356581	0	0	0	0	0	0	0	0	0	0	0	0	0	0	0	0	0	1.9363399	0.038374223	0	0	0.08978021	0.11403664	0	0.544445	0.14500946	0.5942613	0	0.3981286	0	0	0	0	0	0	0	0.8546201	0	0	0	0	0	0.19508016	0	0.029540688	0	0	0.751237	0.13266873	0	0	0	0	0.020771498	0	0	0.026137542	0.11176549	0	0	0.01940789	0	0.30963427	0.098736934	0	0.013768232	0	0.4041967	0	0.041259814	0.66126716	1.7713687	0	0	0	0	0	0	40.36637	0	0	0	0	0	2.0277326	0	0	0	0	0	0.11693262	0	0	9.417637	0.056807894	0	0.006407233	1.6915076	0.42423734	0	0	0	0.65971136	0.056285493	0	0	0.055626262	0.028276581	0	0	0.025650509	0.66044533	0	1.8519032	0	0	0	0	0	0.2515379	0	0	0.015650548	0	0.18325974	0	0.07972963	0	0	0	0	0	2.2983484	0.016472738	0.028458728	0	0	0	0.023346951	0.19700493	0	0	0	0	0	0	0	0	0	3.7797587	0	0	0	0.011714395	0	0.011495449	0	0	0.23034722	0	0	0	0	0	0	0	0	0.04848677	0.05155174	0	0.069620244	0.1183271	0	0	0	0.10509357	0.26937073	0.38474727	0	0	0	0	0	0.08657328	0	0.010357144	0.15295513	0	0	0.0285542	0	0	0.17774618	0	0.011027827	0.00808038	0	0.020735228	0	0	0	0	0.02120698	0	0.016704615	0.016456803	0	0	0	0	0.010039846	0	0	0	0.018296212	0	0.03295245	0	0	0.07732449	0	0	0
H07	C	0.09170077	0.013092072	0	0.09572786	0	0.02145827	0.4018588	0	0	0	0	0.16589971	0	0	0.10203255	0.11500402	0.6732583	0.055860184	0.08593922	0.19971442	0	0	0	0	0	0	4.264327	0	0.70259225	0.36959934	0.00621349	0	0	1.0532277	0	0	0	0	0	0.052041344	0	0.33568802	0.03451046	0.3039141	0	0	0.060105167	0	0	0.24113107	0.16472177	0	0.058744315	0.037689604	0	0.16751933	1.0583977	1.5818709	0.20053911	0	0.121973135	0	0	0.055887952	0	0.9119176	0	0.13804957	0	0.049658395	0	0	0.03497108	0.03382205	0	0	0.03794055	0.090376385	0	0	0.2062972	0.17524591	0	0	0	0	0	0	0	0	0	0.021833053	0.32050648	0	0.036666345	0.08893264	0	0	0	0	0	0	0.26166582	0.04111565	0.55951273	0.12658028	0.17486808	0	0	0.06019887	0.36307105	12.499448	0.04031622	0.017272318	0.0663624	0	0	2.1433766	0.05264719	0.4118408	0.031763393	0	0	0.14385659	0	0	1.2111293	0	0.8791173	0	0	0.11111235	0	0.13311884	0	0.22719708	0.040137034	0	0	0	1.7876674	0	0	0.12305488	0	0.054837774	0.21868685	0	0.1988575	0.07286613	0.04214801	0	0.21457689	0	0	0.38309216	0.14202549	0.7791867	0	0.093809694	0.0914833	0	0	0	0.6031888	0.9055099	1.8969761	1.4135417	0.029450538	0.031589415	0	0	0	0	0.067116	0.053014606	0.02753443	0	0	0	0.82660437	0.32381192	0	0	0	0.98068047	1.7274233	1.0358665	0.018831218	0	0	0	0	0	0	0	0	0	0.08118268	0	0	0.5439013	0.045397658	0.9625656	1.7589068	0.18595031	0	0	0.07836926	0.15884498	0.2671396	0	0.046277512	0.33086208	0.059781287	0	0	3.4607894	0.067429155	0.01642241	0.021304116	0.08058402	0.27344865	0.14494748	0.3722555	0	0	0.13670318	0.124655746	0.053001888	0.5736532	0.0802977	0	0.12738913	0.08307645	0.11701194	0.068716094	0.03415379	0	0.059150454	0	0	1.2273496	0.2009264	0.15261662	0	0.22313944	0.10271776	0.367553	0.3706746	0.09724825	0.036733653	1.6154375	0.16094938	0	0.52954555
I01	C	0	0	0	0.0629674	0	0	0	0	0.103623964	0	0	0	0	0	0	0	0	0.051339842	0	1.2459446	0	0	0	0	0	0	0.449596	0	0	0	0.00742737	0	0	0	0	0.010859109	0	0.93469	0	0	0	0	0.13722497	0.572229	0	0.15770385	0.028110905	0	0	0	0	0	0.016884986	0.018931359	0	0	0.02579194	0	0	0.65989006	0.4168393	0	0	0.13178091	0.031665355	0.1783627	0	0.05477629	0	0.3090341	0	0	0.07521991	0.051041164	0.123201616	0.11357501	0.38284603	0.21126257	0	0	0	0.7632843	0	0	0	0	0	0.058960903	0	0	0	0	0.4159766	0	0.42990255	0	0	0	0	0	0	0	0.05109161	0	0	0.55793154	0	0	0	0.020389682	0.1120229	0	0	0.3070099	0.015457247	0	0	0	0.017069802	2.015128	0.014011206	0.16733038	0	0	0	0	2.595429	0.866974	5.1615906	0	0	0.25663	0	0	0	0	0.20507008	0	0	0	8.433667	0	0	0	0	0	0.41970456	0	0.3563127	0.016858572	0.015123132	0	0	0	0	0.29035324	0	0	0	0.04074272	0	0	0	0	0.50890476	0	0	0.050267335	0	0.32689184	0	0	0	0	0.02557019	0	0	0	0	0	0.044792745	0	0	0	0	8.961619	1.21388	0.2740129	0.16721608	0	0	0	0	0	0	0	0	0	0	0	0.064162076	0.6270606	0.020078987	11.799008	0	0.065021425	0	0	0	0	0	0.12144264	0.022146633	0	0	0	0.5080938	0	0.02031422	0	0.0105605	0.034230467	0	0	0.076706246	0.2101899	0	0	0	0.020070333	0.23904113	0	0	0	0	0	0.12676315	0	0	0.056562815	0	0	0.3503082	0.6068633	0	0	0.068943486	0.042927183	0	3.138238	0	0.030121652	0	0.16968755	2.3028834	0
I02	L	0	0	0	0	0	0	0.005187019	0	0.017891826	0.027775586	0.03396299	0.10299372	0	0	0.007736698	0	0.091117926	0	0.012293885	0	0.006604464	0	0.8605488	0.7735192	0	0	0.038606543	0.64124894	0	1.7138151	0.018784417	0	0.8491084	0.012226349	0	0	0	0	0	0	0	0	0.01830805	0.029610962	0	0	0	0.10765954	0	0	0.08882138	0	0	0	0.60864186	0.013827959	0.2709705	0.059408177	1.5135174	0	0.010848182	0.023973277	0	0	0	0.046806406	0	0.10858612	0.0587107	0.08599308	0	0	0.01705112	0	0.069628485	0	0.006541285	0	0	0.29689974	0.051214475	0.027224507	0.14392349	0	0	0	0	0.014106869	0	0.01863564	0.06848107	0	0.012616565	0	0	0	0.15364929	0.053622965	0.048618834	0	0.06442773	0	0.017058035	0.3894148	0.2137381	0.025086995	0	0	15.649808	0.0438846	0.056325126	1.6142517	0	0.115803875	0	0.008371045	0	0.16086753	0	0.054732367	0	0.020679265	0	0.031594843	0	3.2220092	4.3626738	0	0	0.017372258	0.71491444	0.38746598	0	0.015415794	0.023138834	0.08216685	0.72063076	0	0	0.08227749	0.042064734	0	0	0.3485553	0.11326215	0	0.8712771	0	0.059239414	0	0	0	0	0.41990831	0.03547573	0.017559802	0.009225596	1.2529233	0	0	0	0	0	0	0	0.11690776	0.015343037	0.010957797	0.022492997	0	0.2993006	1.3574468	1.2160414	0.25956938	0	0.01063967	0.006030906	0	0.501536	0	0	0.2989346	0.25075164	0	0	0.027573587	0.019756673	0.025610914	0.115633264	0	1.9954008	0.81063616	0	0.3104137	0.63776314	0	0	0	0	0	0	0.05025789	0	0.09166226	0.38553235	0	0.16296531	0	0.09247659	1.0814674	0	0.01901601	0	0.007278807	0	0	0.6266094	1.0362024	0.008050487	0.046016745	0	0	0.012224431	0	0	0	0.471371	0	0.009086539	0	0.029355673	0.016786957	0	0	0	0.015013283	0	0	0	0	1.2268997	0	0	0.6226698	0.070032254	0	0.007193746	0.08257235	0.07063475	0.020087278	0	0	0.27289274	0	0	0.01041522
I03	C	0	0	0	0	0	0	0	0	0	0	0	0	0	0	0	0	0.008683924	0	0	0	0	0	0	0	0.018721486	0	0	0	0	0	0	0	0	0	0	0	0	0.036393557	0.009714894	0	0	0	0	0	0	0	0.010276112	0	0	0	0.00770895	0	0	0	0	0.005779351	0	0	0	0.007559096	0	0	0.028718377	0.009672456	0.28909677	0	0	0.024287513	0	0.026761085	0	0	0	0	0.03400305	0.005865608	0	0	0	0	0	0.054220974	0	0	0.1560293	0	0	0.2883182	0	0.6067824	0	0	0.005907936	0	0	0	0.4733851	0	0	0	0	0	0	0	0.055509124	0	0	0	0.06534099	0.012577038	0	0.22753672	0	0	0.009394627	0	0	0.10739154	0.00850348	0	0	0.01470826	0	0	0	0	2.7377627	0	0.47725084	0	0	0.28537443	0	0	0	0.02776665	0.13895312	0	0	0	0	0	0	0	0.10753423	0	0.48650524	0	0.016363645	0.011173693	0.01015107	0	0	0	0	0	0	0	0	0	0	0	45.552616	0	0	0.024831979	0	0	0.006885003	0	2.5624006	0	0	0	0.011766358	0	0	0	0	0	0.13511992	0.021243528	0	0	0.15724978	0.012351079	0.035654876	0	0.020157821	0	0.05092907	0.008797592	0	0	0	0	0	0	0	0	0.17589848	0	0.022727083	0	0	0	1.836248	0	0	0	0	0	0.011490677	0	0	0	0.063908204	0	0	0	0.004394107	0.01470442	0	0	0	0	0	0	0	0.009819479	0	0	0	0	0	0	0	0	0	0	0	0	0.007149867	0.22306009	0	0.43205017	0	0	0	0	0	0.00872465	0	0	0	0.12890692
I04	L	0	0	0	0	0	0	0	0	0	0	0	0.00440654	0	0	0.06987361	0	0.0965865	0.36943725	0	0	0	0	0	0	0.039997634	0	0.077450454	0	0	0	0	0.043846644	0.18662219	0.016455803	0	0	0	0.10369755	0	0	0	0.067972794	0	0.019566556	0	0.007318733	0.011805657	0	0	0.044796083	0.16622092	0.11143847	0	0	0.033124607	0.017282246	0.3956424	0.15117842	0.02877103	0	0	0.028978229	18.794165	0.11117715	0	0	0	0.11532103	0	0.02650227	0.054874208	0	0.028595693	0	0.45534	0.034876443	0.010354787	0	0	0	0.0611408	0.13598208	0.3662392	0	0	0	0.09256201	0.11564679	0	2.235275	0.470501	0	0.010058584	1.0776727	0	0	0.58130693	0	0.06376297	0.57225126	0.09012833	0	0	0.30316117	0.22598301	0	0	0	0.35046488	0.027805768	0	3.6172428	0	0	0.012568638	0	0	0.5820849	0.008206081	0.09241895	0	0	0	0.030822765	0	0	4.459344	0	0.17629199	0	0.082278684	0.38860935	0	0.010577921	0	0.09251088	0.5875193	0	0	0.062186867	1.8852932	0	0	0.016398508	3.0752466	0	0.8486278	0	0.11328829	0.01438828	0.007910303	0	0	0	0	0	0	0.6254992	0	0.037822176	0	0	0	2.1481702	0	0.27639484	0.040096868	0.027164424	0.073799334	0.08156397	1.721753	0.009743961	1.2908928	0.21781532	0.013614682	0	0	0	0	0	0.3994942	0.2523941	0.87029755	0	0.26067954	0.23027793	0.71350014	0.007818533	0.16717836	0.06316784	2.3916707	0.41227022	0	0	0	0	0	0	0	0	0	0.07199664	0.012237214	0	0.061387256	0.1589575	0.19358292	0	0.07402499	0.09591385	0.04703569	0.023512034	0.01300071	0	0.085874565	0.23041715	0.07547717	0	0.012580873	0.014907179	0.012372392	0.054397166	0.005462908	0	0	0	0	0	0	0.012244232	0.04218207	0	0	0.016255006	0	0	0	0	0	0	0	0	0.0763073	0.62433004	0.75173974	0.44011512	0	0	0	0	0.0484062	0.008069133	0.0574769	0	0.05040261	0.12891969
I05	C	0	0	0	0.029501121	0.021988774	0	0	0	0.014649846	0	0	0.01059169	0	0	0.34047085	0	0.11415446	2.2697687	0	0.062439278	0	0	0	0	0.33211377	0	2.8532894	0	0	0	0	0.017318374	0.03354391	0.13105229	0	0	0	0.4973337	0	0.010540167	0.38269454	0.13759965	0.005452592	0.044679206	0	0.27933195	0.051648065	0	0	0	0.13526136	0.05269238	0.064372435	0.105820924	0.007520479	0	0.31590608	0.016353033	0	0	0.050731976	0	4.5467854	0.18311861	0	0.44078112	0.053187322	0.11683855	0.12564524	0.024100013	0.03293955	0	0.026446309	0	0.46913007	0.023723362	0.029424034	0.07093612	0	0	0.07876336	0.14594488	0.12374278	0	0	0	0.028033866	0.21234366	0	2.2075815	0.23096348	0	0.044248257	0.19608441	0.013225316	0	0.2941352	0.070188165	0	0.19492655	0	0	0.058969475	0.09255735	0.113862224	0.016107254	0.17740822	0	0.085975684	0.071750075	0.1731824	0.98293895	0	0	0.056121677	0	0	0.17283483	0.045139235	0.21146174	0.034732282	0	0	0.03325744	0	0	4.607088	0	0.08578335	0.015616453	0.010883911	0.4387682	0	0.2508185	0	0	0.49561095	0	0	0	0.48662093	0	0.021376396	0	2.0652926	0.018851243	0.8475326	0	0.050913308	0.061735734	0.038334064	0	0	0	0.038042728	0.18532354	0.38620204	0.47135928	0	0.13861705	0	0	0	1.0438836	0.14618213	0.08262587	1.6925089	0.46145076	0.08897331	0.6285498	0.99181163	0	0.4584735	0.06756771	0.074976064	0	0.028999768	0.04640084	0	0	0.18855672	0.14318137	0.17264852	0	0.1192435	0.5645554	0.470061	0.24888285	0.09716684	0.03275843	0.4818648	0.23569573	0	0	0	0	0	0	0	0.00729962	0	0.64480233	0.0463807	0.074529834	0	0.15105511	0.07282966	0	0.035251983	0.0429633	0.018954493	0.015506004	0.051364634	0.034278706	0.16411373	0.52962	0.1977212	0	0.06560125	0	0.017737554	0.08333543	0.2319315	0.05939851	0.18317987	0	0	0.059349053	0	0.0581438	0.21223873	0.106258266	0	0.07398077	0	0.04677958	0.09741646	0	0	0	0	0	0.23276791	0.3041135	0.4973868	0.13075909	0.2036883	0	0.049666323	0.059390858	0.029394194	0.043191582	0	0	0.6808405	0.074285686
I06	L	0.11490048	0	0	0	0	0	0.027670033	0	0	0	0	0	0	0	0	0	0	0.71898896	0	2.2070239	0	0.042667717	0	0	0	0	0.43052617	0	0.08664009	0	0	0	0	0.17444561	0	0	0	0	0	0.050328173	0	0.3593189	0.008600895	0.17653184	0	0	0	0	0	0	0	0	0	0	0.5095205	0	0	0	10.899408	2.6854835	0.009382467	0.10513461	0	0	0	1.1162604	0	0	0	1.4462472	0	0	0.033564184	0.018545568	0.031551987	0.78692895	0	0.305193	0	0	0	0.03841625	0	0.033390418	0.005334124	0	0	0	0	0	0	0	0.021584418	0	0.004205802	0	0	0	0	0	0	0.044788912	0.08303137	0.75718915	0	0.054489218	0.47431418	0	0	0	0.28090388	0	0.041467346	0	0	0	0	0	0	1.969484	0	0.09661559	0	0	0	0	0	0	0.2733691	0	0	0	0	0	0	0	0.0369057	0	0	0	1.10805	0	0	0.1854312	0	1.0826231	0	0	0.28246757	0	0	0	0	0	0	0.36087224	0	0.82816595	0	0	0.19404086	0	0	0	0.9331986	0	0.05001236	0.14753823	0	0.10865953	0	1.3336091	0	0	0	0	0.010232852	0	0	0	0.043840777	0.010928141	3.0223672	0	0	1.1089915	1.3790437	0.63891685	0	0	0	0.0415503	0	0	0	0	0	0	0	0	6.889931	0	0	0.2183904	0.13607244	0	0	0	0.5201891	0.38786387	0	0	0	0.38404402	0	0	0	0	0	0	0.071730465	0	0.051576823	0.19531338	0	0.83876276	0	0	0.02020659	0	0.53641605	0	0	0.13016567	0	0.053684074	0	0	2.789337	0	0	0	0.103854805	0.9965508	2.544202	0	0.09820395	0	0	0.010147477	0	0	0.09118618	0.15484993	0	0.15189269
I07	C	0.08922811	0	0	0	0	0	0.019087063	0	0	0	0	0.090892054	0.022143537	0.96973044	0	0	0	0.083159946	0	0.07403315	0	0	0.64675856	0	0	0	0.5018947	0	0.05819853	0.32608634	0	0	0.50090903	0.08590474	0	0	0	0	0	0	0.007566686	0	0	0.0123961	0	0	0.10132826	0	0	0	0.029363353	0	0.024809217	0.03714126	0.015376221	0	0.02037889	0.23992702	0.4360304	0	0	0	0	0	0	0.4166589	0	0.19619876	0	0	0	0	0	0	0.046186123	0	0.014056965	0	0	0	0	0.03444602	0	0	0	0	0.009947253	0	0	0	0.046191294	0	0	0	0	0	0	0	0.027951032	0	0	0	0.10099029	0.041403815	0	0.006464822	0.1397756	0	2.6168225	0.10758716	0.46129465	0.005127394	0.059017632	0	0.1190808	0	0	0.038734116	0.10880002	0.026242504	0.083672896	0.019042477	0	0	0	0.31179684	0.29013142	0	0.35581073	0	0.008524868	0.019337112	0	0	0	0	0.6879528	0	0.04962011	0.035952594	0.9168735	0	0	0.055239964	0.14141549	0	8.700329	0	0.14240548	0.11179667	0.11495312	0	0	0.037598956	0	0.27431893	0	0.088721715	0	0	0	9.524326	0	0	0.67885095	0	0.059509024	0.17230597	0	0	0	0.04863922	0.10470513	0.4837401	0.13023509	0	0.00938467	0	0	0	0.022269458	0.12180546	0	0	0	0.051318657	0.055328332	0.33992356	0.020998675	0	0	0.013434515	0	0	0	0	0	23.19103	0.03584949	0	0.031302206	0.14092535	0.11099048	0.1349641	0.16459072	0	0	0	0.66504586	0.073232874	0	0.34043366	0.13446826	0.6585077	0	0	0.26758367	0.29936716	0.042493593	0	0	0.6337173	0.03305874	0.051264197	0.010658823	0	0.06008861	0.014814737	0	0.11081513	0.39146283	0.08935377	0	0	0	0.036479652	0.28652993	0.027283462	1.151335	0	0	0.080395	0.04786656	0.06924306	0.019840302	0	0.26680452	0	0.065068476	0.035651434	0	0.11487372	0.03835552	0	0.010394139	0.14082879
I09	Y	0	0	0	0	0	0	0	0	0	0	0	0	0	0	0	0	0	0.056710094	0	0.04890523	0	0	0	0.088010065	0.014138036	0	0.1911803	0.8834281	0.042794645	0	0	0	2.0785458	0.10318435	0	0.010933058	0	0	0	0.19893171	0	0.13388118	0.009630644	0.9223775	0	0.015806558	0.11833345	0	0	0	0	0	0	0	0	0	0	0	0	0	0.07158053	0	0	0	0	0	0	0.20125723	0	0.5020737	0	0	0.024432497	0.11222153	0.5721318	0.8144804	0.00866368	0.041551713	0	0	0	0.83943737	0	0.03655074	0.006660366	0	0	0	0	0	0	0.22139032	0.27628106	0	0.026819853	0	0.2002759	0	0.16117024	0	0	0	0	0	0	0.38176152	0.03724777	0	0	0.15112396	0	0.13498014	0	0	0.12799758	0	0	0.013967602	0.10173732	0.80947757	0.07711676	0.06997235	0	0	0	0	0.2590123	0.28013027	2.4928133	0	0	0.21956569	0	0	0	0	1.061474	0	0	0.13889228	0	0	0	0	0	0.006806742	0.04186924	0	0.21836503	0.103789054	0.10740141	0	0	0	0	0.02519827	0	0	0	0	0	0	0	0	0.02069802	0.009310039	0.014689679	0.04487262	0	0	0.6267664	0	0	0	0.11567298	0	0.07490904	0	0	0	0.28947765	0	0	0	0	0.8804243	12.362358	0.028831301	0.19673452	0	0	0	0	0	0	0	0	0.18529221	0	0	0.03149058	0.040260572	0.10570513	0.081205316	0	0.089427955	0	0	0	0	0	0.0494362	0.15006535	0	0	0	0	0	0	0	0.021230957	0.25253832	0	0.034325108	0	0	0	0	0.017149668	0.12732348	0.13306302	0	0	0	0	0.06400492	0.29584295	0	0.6569656	0.050596945	0	0	0.08307524	2.566649	0.4380145	0	0	0	0	0.008246641	0.24282081	0.17872778	0	1.1317035	0.017128034	1.9846492
I12	C	0	0	0	0	0	0	0	0	0	0	0	0	0	0	0	0	0.04119548	0	0.056097846	0.05269714	0	0.46078825	0	0.24550985	0.052515686	0	3.9309204	2.8474028	0	0	0	0	0.012102249	0	0	0.07941484	0	1.021282	0	0.060502876	0	0	1.1592476	0.55558664	0	0.07993418	0.025096552	0	0	0	0	0	0	0	0	0.18167226	0	0.03076895	0	0	3.5660338	0	0	0	0	1.5027186	0	0.09421657	0	0.1954403	0	0	0.012286345	0.03284547	0.22421277	0	0	0.12999624	0	0	0	0.3949176	0	0	0.06943269	0	0	0	0	0	0	0	0.8404221	0	0.883187	0	0	0	0	0	0	0.04157773	0.12095276	0	0.38423094	0.776099	0	0	0	0.036575016	0	1.9334983	0	0	0.028502429	0	0	0.14666794	0.021798367	0.8454077	0	0	0	0	0	0	22.111637	0	0	0	0	0.4662458	0	1.1362263	0	0	0	0	0	0	0.20958395	0	0.043939482	0	0	0.09805198	3.0588636	1.0725193	0.86167634	0.96042114	0.020486426	0	0	0	0	0.25413796	0	0	0	0.12847158	0.48213267	0	0	0	0.8892345	0.12998892	0	0.07388633	0.049058694	0	0	0	0	0.92745787	0.02735921	0	0	0	0	0	0.43183735	0.50457454	0	0	0	2.629639	1.4216847	0.19175479	0	0	0	0	0	0	0	0	0	0	0	0	0.19307934	0	0.01867541	0	0	0.42236882	0	0	0	0	0	0	0.02443248	0	0	0	0	0	0	0	1.5339658	0.05511288	0	0	0	0	0	0	0.09088287	0.03703459	0.29512143	0	0	0	0	0.015466067	0	0	0	0	0	0	0	0.029060287	0.28328365	0	0.21785264	0	0	0.045756325	0.19481185	0	0	0.16820657	0	0.041493107
I13	C	0	0	0	0	0	0	0	0	0	0	0	0	0	0	0	0	0.02061812	0	0	0.016405115	0	0	0	0	0	0	0.02766906	0	0	0	0	0	2.2100751	0	0	0	0	0.0602948	0	0	0	0	0	0.017853955	0	0	0	0	0	0	1.333498	0.10841149	0	0	0	0	0	0	1.3218117	0.01956514	0	0	0	0	0	0	0	0	0	0.21257433	0	0	0.005389286	0	0.16503415	0.21866038	0.02816057	0	0	0	0	0.3663593	0	0	0	0	0.080653705	0	0	0.10329855	0	0	0.007940429	0	0	0	0.14823867	0	0.07545411	0	0	0	0	0.1796216	0.08778605	0.023534302	0	0	0.3303795	0	0.037945542	1.0691038	0	0	0	0	0	0.046913527	0	0.21028882	0	1.9727217	18.088188	0	0	0	1.3903636	0.048746873	0	0	0	0.7811355	0	0.011822416	0	0	0.66341007	0	0	0.08443012	0	0	0	0.03599779	0.07348417	0	0.65918785	0.030929262	0	0	0	0.011836578	0	0	0	0	0	0	0	0	0.051965114	0	0	0	0	0.071414	0.007039346	0.012552405	0.6869214	0	0	0	0	0.15007615	0	0	0	0	0	0	0.14918067	0.3822042	0	0	0.4795237	0.64373267	0.17334916	0	0.25880876	0	0	0	0	0	0	0	0	0	0	0	0.061633065	0	0	0	0.07460457	0	12.939514	0	0.04308062	0.98197377	0	0	0	0	0	0.04223017	0	0	0	0	0.016126635	0	0	0	0	0	0	0	0	0	0.018298764	0	0	0	0	0.003883092	0	0	0	0	0	0.19180514	0.087610446	0.20180647	0	0.8336641	0	0	0	0	0	0	0	0	0	0
I14	L	0	0	0	0	0	0	0	0	0	0	0	0	0	0	0	0	0	6.098543	0	0	0	0	0	0	0.29971156	0	0	0	0	0	0	0	0	0	0	0	0	1.6638019	0	0.10309006	0	0	0	7.632118	0.2972301	0.17082146	0	0	0	0	0	0	0	0	0	0	0	0	0	1.6668999	0	0	0	0	0	0	0	0	0	0.3210402	0	0	0	0	0	1.3785424	0	0	0	0	0	0.45484495	0	0	0.17500904	0	0	17.058075	0	0	0	0	2.2821062	0	0	0	0	0	0	0	0	0	0	0	0	5.5008187	0	0	0	0	0	0	0	0.0094379	0	0	0	0	0	3.4083593	0	0	0	0	0	0	0	0.21136893	0	0	0	0	0	0	0	0	0	0	0	0	0	0	1.2766498	0	0	0	0	0.013460518	0	0	0	0	0	0	0	0	0	0	0	0	0	0	0	0	0	0	0	0	0	0.06878872	0	0	0	0	0	0	0	0	0	0	0	0	0	0	0	12.08187	3.9830885	0	0	0	0	0	0	0	0	0	0	0	0	0.6542895	0.5452659	0	0	0	0	0	0	0	0	0	0	0	0	0	0	0	0	0	0	0	0.37822872	0	0	0	0.089147136	0.5064513	0	0	0	0	0	0	0	0	0	0	0	0	0	2.062932	0	0	0.21314718	0	0	0	0	0	0	0	0	0	0	0	0.25150678	0
I15	C	0	0	0	0	0	0	0	0	0	0	0	0	0	0	0	0	0	0.7626729	0	0.28953695	0	0.024288692	0	0	0.82109994	0	0.42661774	0	0	0	0	0	0	0	0	0.026546331	0	0.10580867	0.021900361	0	0	0	0	0	0.09719537	0.11971797	0.06891906	0	0	0	0	0	0	0.14784195	0	0	0	0	0	2.1743882	0.10348306	0	0	0.010563485	0	0	0	0.08965346	0	0.050528914	0	0	0.006646208	0	0.030420698	0.5502593	0	0.1036488	0	0	0	0.022609776	0	0.040425263	0.02657734	0	0	0	0	0	0	0.18947217	0.04046825	0	0.027332015	0	0	0	0	0	0	0	0	0	0	0	0	0	0	0.12138724	0.13368243	0.009279069	0	0	0.07897171	0	0	0	0.23228072	0.06822691	0.16564558	0	0	0	0	0	0.16136336	0	0	0	0	0	0	0	0	0	0	0	3.0456085	0	0	0	0	0	0	0	0.007750284	0.053832464	0	0.13523902	0.61901075	0	0	0	0	0.5414332	0	0	0	0	0	0	0	0	1.8252034	0	0.09986886	2.6325507	0	0.24932891	0	0	0	0	0.06846242	0.06826549	0	0	0	0	0	0	0	0	0	0.15160176	2.1537178	0	0	0	0	0	0	0	0	0	0	4.092518	0	0	0.111802064	0	0.07360923	0.14844908	0	0	0	0	0	0	0	0	0.060914204	0	0	1.4127628	0	0	0	0	0.3937576	0.15969713	0.02726381	0.22322208	0	0.72512996	0	0	0	0.112524435	1.0370497	0	0	0.58440894	13.436674	0.41301617	0.15835123	0	0	0	0	0	0	0	3.5828774	0	0.15833749	0	1.7154353	0	0	0.10364804	0	0	0.27348214	0
K01	C	0.15603268	0	0	0	0.033550754	0	0.023569105	0	0	0	0	0	0	0	0.13257903	0	0	0.0983469	0	0	0.028422605	0	0.023017371	0.042918105	0	0	4.0350695	0	1.3708711	0.018448632	0.031077234	0	0.0231993	3.1274517	0	0	0	0.00820216	0	0	0	0	0.065581106	0.007113266	0	0	0.07218725	0	0	0	0	0	0.021182487	0.04265241	0	0	0	0	0.20407708	0	0.37864375	0	0	0	0	2.3323617	0	0.12877198	0	0.088661455	0	0	0	0	0.013981935	0	0.004427595	0	0	0	0	0	0	0	0	0	0	0	0	0	0	0.02620398	0	0	0.25760293	0	0	0.17026737	0	0	0	0	0.7150156	0.1638088	0	0	0.61275077	0.14877662	0	0.082722045	0.30862063	0.004878596	0.10279538	0.13975699	0.08102638	0.22473934	0	0	0.07969853	0.030051768	0.048959643	0	0	0	0	0	0.13511135	0	0	0.25241667	0	0.004559305	0	0	0	0.045516893	0	0	0.39500323	0	0	0	0.03343672	0.16758285	0	0	0.005753011	0	0	0.07674314	3.031623	0	0	0.08138531	0.71020496	0.5808558	0.005641523	0.055265546	0	0	0.06751525	0	0	0	0.72420436	0	0.54382265	2.5377252	0	0.09447213	0	0	0	0	0.059572432	1.0712723	0.21931833	0	0	0	0	0	0	0	0	0.012786251	0.01790499	1.3294314	0	0	0	0.07244358	0	0	0	0	0	2.2649014	0.13763238	1.2964638	0.004505708	2.7791405	0.056906477	1.688713	0.8784164	0	0	0	0.5380677	1.0483543	0	0	0.07500115	1.015876	0	0	0	0.04727531	0	0	0.013923515	0.19654894	0.6491632	0.21961957	0.07964712	0	0	0	0	0.063071	0.90201944	0	0	0.1652677	0	0.017687378	0.14683937	0	0.6433348	0	0	0	0	0	0.004843267	0	0.17579485	0.110250935	0	0.6585269	0	0.063699484	3.5941608	0	0	0
K03	C	0.08163686	0	0	0	0.019908244	0	0	0	0	0	0	0	0	0	0.06451519	0	0.011016133	0.060473666	0	0	0.03816766	0	0.11216386	0.12819506	0	0	1.7560984	0.052963614	0.55568737	0.16465384	0	0	0.08004568	2.0214455	0	0	0	0.05087636	0	0	0	0	0.05440124	0.16838162	0	0	0.038031198	0	0	0	0	0	0	0.032561358	0	0.010067066	0	0	0.11107645	0	0.29116288	0	0	0	0	1.0592108	0	0.07854505	0	0.042975612	0	0	0	0	0.04074038	0.02475876	0	0	0	0	0.009462811	0.008977299	0	0	0	0	0	0	0	0	0	0.11700486	0.014021436	0	0.21347784	0	0	0.10014311	0	0	0	0	0.22734237	0.13150696	0.037755586	0.10272047	0.16366884	0.06898874	0	0.052759882	0.17222156	0.018083815	0.06974732	0.16171715	0.04628862	0.11224317	0	0	0.06531171	0.037895087	0.038257845	0	0	0.007179589	0	0.13440347	0.17022695	0	0	0.1565702	0	0.052800704	0	0	0	0.051998287	0	0	0.49624285	0	0.006820852	0	0.40274146	0.09328899	0	0.07368718	0.01934435	0	0.008817998	0.050343256	1.5142395	0.03491653	0	0.3574319	0.44136	0.43983722	0.6168766	0	0	0	0.032560464	0	0	0	0.6140307	0	0.3170423	0.5011222	0	0.037510093	0	0	0	0	0.034895398	0.28126192	0.080122225	0	0	0	0	0	0	0	0	0.028846908	0.013655642	1.5626473	0.00944024	0.005816017	0	0.027740518	0	0	0	0	0	0.72753006	0.06896797	30.775242	0	1.334338	0.03423031	1.3198237	0.57187504	0	0	0	0.12067778	0.8279653	0	0	0.04488194	0.71723175	0	0	0	0.51748663	0	0	0.011667019	0.1227597	0.5023426	0.08299956	0.33386087	0	0.059440736	0	0	0.039949726	0.33733806	0	0	0.10543285	0	0	0.08087483	0	0.20729099	0	0	0	0.021191604	0	0.005235179	0	0.09855938	0	0	0.41916835	0	0.041603573	1.6492472	0	0	0
K07	C	0	0.016388688	0	0	0.057157192	0	0	0	0	0	0.02107422	0	0	0	0	0	0.07028438	0.06041168	0	0.50028914	0	0	0.043798372	0	0	0	0.07559241	0	0.035476062	0	1.1213946	0	0.044369683	0.03759255	0	0.22518812	0	9.442529	0.040569197	0	0.29743546	0	0.03240822	0.30595893	0.031826004	0.008368916	0.06443176	0.4717934	0	0	0	0.14722565	0.17483298	0.4600663	0	0.011343172	0.54904217	0	0.03227746	0	0.3910118	0	0.12102134	0.5991455	0	0	0	0.12497759	0	0.023158275	0	0	0.22059506	0.022102227	0.7220178	0.09842476	0.021111278	0.22672535	0	0.06640467	0.029172845	0.20472237	0	0	0.04221464	0	0	0.4071088	0	3.5747552	0.3141637	0.22318402	0.05547154	0	0.13878113	0	0.11094186	0	0	0.1033346	0.04602366	0.11483041	0	0.024949627	0.05648062	0.17484145	0.92319685	0	0	0.06665016	0.10124953	0.3031833	0	0.020643154	0.059107278	0	0	0.2646925	0.051666155	0.5366547	0.035586335	0.44815388	0	0.016553042	0	0	2.3030589	0.09668086	0.6986997	0	0.010077551	0.20037118	0	0.024076482	0	0	0.59668255	0	0	0	0.44930676	0	0.024298428	0	2.0584507	0	0.37517822	0	0	0.059745207	0.04216497	0.69064456	0.25814092	0	0	0.100858785	0.043615766	0.1283657	0	0.120175496	0	0	0	0	0.045500636	0.07329531	0.07247792	0.021468576	0	0.08547343	0	0.022738691	0	0	0.07162576	0	0	0	0.010847129	0	0.21376504	0	0.0274687	0	0.026179062	1.5732732	0.72627366	1.0522707	0.03943243	0	0	0	0.015389422	0	0	0	0	0.007328322	0	0.02328036	0.47295335	0.040844757	0.06766276	0.03133912	0.06239962	0.07601106	0	0	0.019704958	0.02931472	0.025991047	0.6751584	0.05379598	0.039890226	0	0.58935404	0	0.010383713	0.015971022	0.01822879	0.08688422	0.07629976	0.069577426	0	0.5555511	0	0	0.020751996	0	0.06573126	0.07763267	0	0	0	0	0.05167541	0.05463704	0	0.09037621	0	0	0	0.30616626	0.7075066	0.28258666	1.6454803	0.0711742	0.026474563	0.45347258	0	0.06702025	0.077034414	0.027394319	0.37321535	0	0.29032555
K09	C	0	0	0	0	0	0	0	0	0	0	0.046807855	0	0	0	0	0.06516073	0.08864184	0	0	1.525569	0	0	0.033917457	0	0	0	0.061113328	0	0.02193184	0	0.018389111	0	0.17111264	0	0	0.7686398	0	13.005246	0.037024766	0	0	0	0.029923376	0.1868523	0.035543993	0.007406921	0.0366719	0.30077946	0	0.05313768	0	0.14690357	0	0.007386065	0	0.018795978	0.5402419	0	0.030768707	0	0.4038988	0.01631887	0.18306023	0.5992535	0	0	0	0.093415104	0	0.017151425	0	0	0.18360168	0	0.5102272	0.13867927	0.015932841	0.40496075	0	0.20919982	0.041138466	0.22865322	0	0	0.058541007	0	0	0.5259646	0	4.0942783	0.4406031	0.33968732	0.03849358	0	0.14644268	0	0.11759965	0	0	0.13224317	0.049438115	0.048870858	0.010270476	0.023965029	0.11129923	0.11067134	0.3051056	0	0	0.040259182	0.10274479	0.9686304	0	0.02435877	0.037295725	0	0	0.91254234	0.028032271	0.6129611	0.020083262	0.32385135	0	0.028365795	0	0	3.8996747	0.2922407	0.5890432	0	0	0.23285006	0	0.021716306	0	0.051489815	0.40323305	0	0	0	0.46189657	0	0	0	2.6998842	0	0.6798516	0	0	0.035154857	0.024123091	0.9164939	0.4742484	0	0	0.063121706	0	0.29248568	0	0.20879823	0	0	0	0	0.0293768	0.20814787	0.07132167	0.015132171	0	0.050716653	0	0.01042983	0	0	0.042006183	0	0	0	0.01252102	0	0.20602751	0	0.02750142	0	0.025304543	1.7422254	0.3610109	0.4623799	0.1099967	0	0	0	0	0	0	0	0	0	0	0.032175392	0.25769612	0.07447216	0.040746562	0.032035004	0.055290714	0.06781451	0	0	0.028633567	0.02679451	0.0482763	0.86663985	0.03135463	0.020508092	0	0.9106641	0	0.009051858	0	0.03653745	0.13922769	0.059760813	0.062224448	0	0.009282452	0	0	0.023544377	0	0.03676322	0.0712322	0	0	0	0	0.028386543	0.046102043	0	0.10369451	0	0	0	0.487142	0.44948775	0.18460236	2.4884007	0.06612607	0.018076306	0.098064385	0.006451375	0.06694193	0.04543153	0.020694723	0.12938192	0	0.17868672
K10	C	0.12135839	0	0	0	0	0	0	0	0	0	0	0	0	0	0.091498576	0	0	0.0794459	0	0	0.012996032	0	0.055749573	0.21839787	0	0	5.807904	0.09996635	0.8765431	0.27846932	0.041613378	0.01873246	0.39702857	3.1946125	0	0	0	0.023930235	0	0	0	0	0.057794724	0.07820767	0	0	0.07576298	0	0	0	0	0	0	0.013531467	0	0	0	0	0.11748911	0	0.21201333	0	0	0.009180931	0	1.7206341	0	0.11971745	0	0.02425957	0	0	0.009529692	0	0.16629171	0.063265815	0.067114234	0	0	0	0	0.051996093	0	0	0	0	0	0	0	0	0	0.0401416	0.024996314	0.02483508	0.24795854	0	0	0.22854659	0	0	0	0	0.51572716	0.10623245	0.0161712	0.047981072	0.16941184	0.16992761	0	0.091886096	0.2899709	0.05480649	0.14822946	0.16120648	0.08212929	0.32896352	0	0	0.09897038	0.06698258	0.059547648	0.010744596	0	0	0	0.20233768	0.22166726	0	0.021310367	0.46779034	0	0.18341368	0	0	0	0.026806498	0	0	0.633536	0	0.010980842	0	0.16285583	0.09555898	0	0	0.022937141	0	0.023067132	0.08804364	3.0510142	0.061181564	0	0.7482196	1.3124343	0.6420259	0.22514693	0.031601902	0	0	0.062845	0	0	0	1.1381171	0	0.5350471	1.2421464	0.004424394	0.04271515	0.015697898	0	0	0	0.06235956	0.6761778	0.23827274	0	0	0	0	0	0	0	0	0.08644872	0.053560924	1.319172	0.02012207	0.021850068	0	0.2939085	0	0	0	0	0	1.2442346	0.18828034	11.4393835	0	1.7898303	0.06248538	1.3833916	0.450217	0.012456268	0	0	0.23398018	0.6712374	0	0	0.08218526	1.2909733	0	0	0	0.86052465	0	0	0.004363143	0.1459541	0.79590124	0.13224415	0.44260043	0	0.1049875	0	0	0.06845276	0.68254083	0	0	0.16216725	0	0	0.13173379	0	0.35964504	0	0	0	0.12001324	0.007342096	0.008732918	0	0.2564617	0	0	0.49693492	0	0.07233467	1.9679446	0	0	0
K14	C	0.16544357	0	0.031073024	0	0.36313486	0	0	0	0.04067536	0	0	0.9939454	0.009041738	0	0.08921754	0	0.006542152	0.08653023	0	0.42657194	0	0	0.03505252	0	0	0	0.5961105	0.015094087	1.2437409	0.018832238	1.8215603	0.013118639	0.68606526	0.2580754	0	0	0	0	0	0	0.10832708	0.026427353	0.15517107	0	0	0	0.11867322	0	0	0	0.43136907	0.025309516	0.29574257	0.15628009	0.04097189	0	0.09536282	0.7820256	0.28761402	6.0156646	2.5667136	0	0	0.007704687	0	0.45603114	0.027068282	0.19081645	0	0	0	0	0.003912824	0	0.020238724	0.019313514	0	0.10672387	0	0	0.007309447	0.008336779	0	0	0	0	0	0	0	0	0	0	0	0	0.7049312	0	0.087583855	0	0.030985638	0	0	0	0.28424525	0.048154876	0.019892761	0	0.16556747	0	0	0.12223871	0.7907258	0.060754947	0	0.06113399	0.11241393	0	0	0	0.1010632	0.026671527	0.06784863	0.006542619	0	0	0	0.12338344	0.54558116	0	0.022783399	0.19391373	0.08550789	0	0	0.057081185	0	0	0.011706216	0	0.030241707	0.067491286	0.017604263	0	0	0.0444609	0.018366296	0	0.08860942	0	0	0.13742732	0.09706573	0	0	0	6.006367	1.957803	0.063053906	0.054849714	0	0	0	0.18948005	0	0	1.5152918	0	1.5018215	1.2646091	0	0.053431515	0	0.20075077	0	0	0.14323144	0	0.023580967	0.017660249	0	0	0	0.035916682	0.10674533	0	0	0.009325675	0.031722568	2.6383321	0.053882085	0	0.025660506	0.016880183	0	0	0	0.07483868	0	0.03226106	0.08985384	0	0	2.1962442	0.09429541	3.3597279	0.10775711	0	0	0	0.3149629	0.10796961	0	0	0.10387606	0.017687071	0.035875324	1.045903	0	0.08333022	0.18999165	0	0	0.11358863	1.6742315	0.17114423	2.6252058	1.8949237	0.009770918	0.09037403	0.12497905	0.123841345	0.8310611	0.23341055	0	0	0	0.5620558	0.21133682	0.6592025	0.24764751	0	0	0	0	0	0.009094686	0.026911184	0.45229778	0	0	0.88166815	0	0.13365954	0.09105825	0	0	0
K15	L	0.15790771	0	0.028985823	0	0.35757074	0	0	0	0.040851317	0	0.004381312	1.1934686	0.009460163	0	0.085501485	0	0	0.090556756	0	0.42452148	0	0	0.03440406	0	0	0	0.55137736	0.025327448	1.1941932	0.023675105	2.0342607	0.040503096	0.6977465	0.27817154	0	0	0	0	0	0	0.10157087	0.04652157	0.16404653	0	0	0	0.11195405	0	0	0	0.4600298	0.02426812	0.2943022	0.16286564	0.03513273	0	0.09027135	0.7917263	0.27110234	5.843898	2.6287353	0.021690983	0	0.010061658	0	0.457586	0.044270616	0.18292314	0	0	0	0	0.007708969	0	0.024954503	0.024288297	0	0.10601739	0	0	0.006875569	0.009849649	0	0	0	0	0	0	0	0	0.011660272	0	0	0	0.7238737	0	0.09534417	0	0.03188012	0	0	0	0.26161042	0.04834628	0.020982109	0	0.16972703	0	0	0.11588541	0.76035005	0.068445556	0	0.061771087	0.10599954	0	0	0	0.095089756	0.036092345	0.06321384	0.007260187	0	0	0	0.1336529	0.620289	0	0.022365062	0.18340783	0.117237404	0	0	0.054461498	0	0	0.014479402	0	0.02788215	0.068902485	0.022963475	0	0.018794416	0.04035264	0.02136361	0	0.10188881	0	0	0.1319056	0.091196015	0	0	0	5.694424	1.8298388	0.07668482	0.05619973	0	0	0	0.26951635	0	0	1.2991738	0	1.4520415	1.2421967	0	0.07159254	0.009358264	0.17115206	0	0	0.13524863	0	0.024309205	0.019432941	0	0	0	0.03571626	0.10783357	0	0	0.014630547	0.033150855	2.640665	0.079155445	0.010317014	0.027450958	0.014829405	0	0	0	0.077400595	0	0.029327597	0.0808929	0	0	2.0998647	0.08911888	3.324019	0.09832659	0	0	0	0.31591445	0.101643145	0	0	0.09887646	0.016417678	0.03255302	1.0218205	0	0.11370222	0.17992988	0	0	0.10865272	1.5399623	0.16497053	2.7285078	1.8366953	0.011699647	0.087039575	0.12840487	0.1175033	0.7673107	0.22036678	0	0	0	0.5181896	0.20263311	0.60959864	0.23307146	0	0	0	0.011545307	0	0.016360998	0.05204136	0.4258818	0	0	0.863421	0	0.12759651	0.09069888	0	0	0
K16	E	0.081809334	0	0	0	0.047550358	0	0	0	0.6362054	0	0	0	0	0	0.27618983	0	0	0.08938864	0	0.8270314	0	0	0.013129243	0.050464105	0.04180052	0	0.5780078	0	2.6624746	0	0	0	0	0.11559398	0	0.014126431	0	0	0.017135622	0	0.060809255	0.15726107	0.007394285	0.02063779	0	0	0.105329454	0	0	0	0.10884805	0	0.12940447	0.021767559	0.08194959	0	0	0	0.5597757	0	0.015739841	0	0	0.04246185	0	1.677125	0	0.14876704	0	0.03131268	0	0	0.06821548	0.011320329	0.11053706	0.017063493	0.010109531	0.1571769	0	0	0	0.032934606	0	0	0.013488379	0.05104709	0	0	0	0.24190392	0.064013645	0	0.025707707	0.36304495	0.005595855	0	0.15542622	0	0	0	0.48234716	0.047460124	0.60091066	0.0510869	0	0.008408694	2.9663196	0	0.04287956	0.09944255	1.2009597	0	0.045855034	0.015243632	0.09699484	0	0	0	0.09536292	0.091188654	0.09697492	0.063181356	0	0	0	0	0.52385163	0	0.030336333	0	0	0	0	0.043290775	0	0	0.03602005	0	0	0	0.42162248	0	0	0.039192915	0.30126196	0.025724908	0.08231031	0	0.11236912	0.08375425	0.111371875	0	0	0	0	0.6478915	3.3252523	4.233401	0	0.21529768	0.21122742	0	0	0	1.0659499	0	0.83037174	0.8387402	0.14513713	0.11564105	0.5893032	0.06484906	0	0	0.17088671	0.029800935	0.026103903	0.20319888	0	0	0.04030684	0	0.12104487	0	0	0.15388371	0.16831142	3.7856865	0.08044119	0	0	0	0.049086977	0	0	0.06539535	0	0	0.09915462	0	0.21115206	0.41690356	0.09493343	0.16759223	0.13485299	0.010604578	0.4963283	0	0.059787437	0.09831581	0	0.014584502	0.08358411	0.3985146	0	0	0.49444047	0	0.070443094	0	0.041693322	0.11423037	0.122541025	0.11266967	1.4451606	0	0	0.4359437	0	0.10019815	0.6097971	0.25682458	0	0	0	0.05532603	0.2111607	0.0917046	0	0	0	0	0.18467419	0.06354849	0.14437921	0	2.197958	0.050809834	0	0.23831609	0	0.10691433	0.038714793	0.012937738	0	0.09839267
K17	C	0	0	0	0.008251932	0	0	0	0	0.006718332	0	0	0	0	0	0	0	0.2299173	0	0	0	0	0	0	0	0	0	0	0	0	0	0	0	0.5056555	0.018535472	0	0	0	0	0	0.005228282	0	0.008364172	0	0	0	0	0.021968473	0	0	0	0	0	0	0	0.008961572	0.014453668	0	0.21521819	0.1147447	0.86303526	0	1.5566247	0	0.014472628	0.6621036	0	0	0.09441175	0.04678165	0.022676116	0	0	0.006796686	0	0.007900338	0.01653711	0	0	0	0	0.058611784	0.43307614	0.0675929	0.004152051	0	0	0.06842543	0	0	0.35519257	0.201274	0	0.007751932	3.3102477	0	0	0.23363127	0	0.07063635	0.10106248	3.376348	0	0	0.29241478	0.02724335	0	0	0	0.040697362	0.043780122	0.041481048	0.123232916	0	0	0.026684215	0	0	0.008048234	0.025414338	0.3491412	0.012674166	0.20160347	0	0.021759128	0	0	0.09221063	0	0.81557393	0	0	1.6607696	0	0	0	0	0.14536607	0	0	0.051492453	0.50611955	0	0	0.03494962	1.7882406	0	0.006250789	0	0.1485232	0.022538675	0.014264007	0	0.012893667	0	0	0	0	0.07130794	12.951928	0	0	0	0	2.3629932	0.003029273	0.008352656	0	0.01134061	0.011176446	0	0.7816861	0.019224502	1.7044474	0.08834361	0.029990353	0	0	0	0	0	0.16564295	0.14715715	0.334833	0	1.5931028	0.07842245	0.1637985	0.007983403	0.7891057	0	0.034655012	0	0	0	0	0	0	0	0	0	0.016923815	0	0.01779762	0	0.17542249	0.008450366	0.094352596	0	0.17944543	0.21684067	0	0.006311478	0.025258802	0	0	0	0	0	0	0	0	0.033568475	0.002956107	0	0	0.27871555	0	0	0	0.035560936	0.032807585	0	0	0	0	0.006961462	0.059297614	0	0	0.007159269	0	0	0.021254221	2.8978887	0	0.65718335	0	0	0	0	0	0.029867945	2.1940365	0.024741586	0	1.2612959
K21	C	0.08918619	0	0	0	0.25106606	0	0.12498463	0	0	0.019951707	0	0	0.14684634	0	0.26744345	0	0.047700264	0.04078527	0	0.10015757	0	0	0.21526067	0.013235386	0	0	0.491224	0	0.30816197	0.16819909	0.04318589	0	0.0855301	0.58500993	0	0	0	0.07242165	0	0.01621185	0.43537408	0	0.00947	0.032112617	0	0	0.48262396	0.79314595	0	0	0.8420058	0	0.096912704	0.4115933	0.07398652	0	0.20646411	2.2141669	2.0359213	0	0.27713352	0.055260997	0	0	0	5.29897	0	0.53732073	0	0.052194715	0	0	0.07071223	0	0.17885976	0	0.02200391	0.08493293	0	0	0.010294223	0.021610685	0	0	0	0	0	0.011542695	0	0	0.04006344	0	0.00593709	0.04264509	0.09594826	0	0.07638891	0.118919946	0	0	0	0	0.32003242	0.15770413	0.0269534	0.016533816	0.023450408	0	0	0.39515278	0.8324156	0.1649217	0.016057588	0.029991517	0.41657525	0.44313565	0	0.015235806	0.3330329	0.079658836	0.21299775	0.010198317	0	0	0	0.1978327	0.35173225	0	0	0.20791581	0	0	0	0.39691934	0	0	0.023767011	0	0.09118383	0	2.8142984	0	0	0.113975294	0.13471964	0	0.050728932	0	0.022322573	0.5096298	0.25804937	0	0	0	0.9820656	0.8711633	5.099567	0.3128136	0	0.10801568	0	0.018098453	0	0	2.3723907	0.010749807	0.6713505	0.5977902	0	0.04526283	0.044018164	0.05585129	0	0	0.3586544	0	0.14140494	0.00605105	0	0	0.11503374	0.2559811	0.62218934	0	0	0.26954398	0.12702432	1.1289022	0.060111098	0	0	0	0	0	0	0.017639438	0	0	0.14129357	0	0.035018895	0.52471644	0.31525168	1.1142033	0.47992003	0.018705	0	0.026721895	0.3210485	0.13683286	0	0.028280051	0.34391224	0.04528915	0	0	1.9085883	0.24515437	0.09106469	0	0.008149596	0.26192778	0.11135824	0.087467	2.0983765	0	0.03557463	0.1244672	0.04270134	0.4668751	1.1207575	0.1513852	0	0	0	0.007246505	0.2665989	0.34645748	0	0.018113548	0	0	0.2587224	0.15474519	0.041682675	0.030769747	0.22628377	0	0	0.400934	0	0.3122575	0.069628224	0	0	0.06800452
K22	C	0	0	0	0	0.011758226	0.040715028	0.05966995	0	0	0	0.031246971	0	0	0	0	0	0	0.115034536	0	0	0.025441242	0.02725098	0	0	0.1383984	0	5.2435784	0	2.8370593	0.018609658	0	0	0	0.049450926	0	0.06025178	0	0	0	0.027359137	0	0.19622019	0.3095638	0.059694767	0.049269244	0.14586604	0.046440057	0	0	0	1.1538357	0	0	0.19777966	0.010097818	0	0	0	0	0	2.0531292	0	0	0.10237033	0	0.2001756	0	0.13168098	0	0.03542469	0	0	0.29051444	0	0.38545942	0.06767342	0.037673775	0.090577446	0	0	0	0.23913229	0	0	0.015558373	0	0	0	0	0	0	0	0.014974695	0	0.4526466	0	0	0	0	0	0	0.096533224	0.27865228	0.046568252	0	0.02779917	0.2674987	0	0	0.071051285	0.21194944	0.006611872	0.03248312	0.08355908	0.08510272	0	0.06905885	0	0.049189225	0.74804	0.03586175	0.024191676	0	0	0	0	0.8614068	0.6056599	0.09105052	0	0	0.12835513	0	0	0	0	0.8283781	0.2882845	0	0	1.7913474	0	0.059266467	0	0	0	0.13611709	0.066197656	0	0.1223623	0.034080397	0	0	0	0	0.1763085	0	0	0	1.5467072	1.2554178	0.021687992	0	0	0.557205	0	0	2.295696	0	0.23142849	0	0	0	0	0.051433925	0	0	0	0	0	0.287901	0.13281825	0	0	0	2.1819339	0.17068776	0	0.04438777	0	0	0	0	0	0	0	0	0.15160184	0	0	1.8071399	0.27998114	0.041832823	2.165064	0	0.03045431	0	0	0	0.021102	0	0.48166916	0.043048084	0.13277254	0	0	0	0.04517044	0	0.14163464	0.1138563	0.07173404	0	0.19577599	0	0	0	0.16786948	0.081362315	0.08020446	0.89011717	0	0	0.17252606	0.24768361	0.036253203	0.13532512	0	0.022271205	0	0	0	0.15972103	0.7822815	0.08832623	0	0.24886034	0	0	0.6042555	0	0.034633543	0	0	0.10771076	0
K23	C	0	0	0	0	0	0	0	0	0	0	0	0	0	0	0	0	0.15877835	0.038320526	0	0	0	0	0.04084403	0	0.022801224	0	0	0	0	0	0	0	0.051604353	0	0.27794522	0.067227654	3.076229	1.6907235	0.01044717	0	0	0	0	0.012440425	0	0	0.006986752	0.78937453	0	0	0.03663158	0.044922583	0	0	0	0	0.05528517	0.008463888	0.016948393	0	0	0.007695046	5.2586856	0.066303246	0.88235545	0	0	0	0	0.31243747	0	0.30355898	0.042849187	0	0.14933957	0.021700902	0.016244086	0.03024418	0	0	0.07104599	0.5424201	0.49787402	0	1.1678348	0	0.36328036	0	0	2.5992446	0.16769494	0	0	0.1320242	0	0	0.1970811	0	0.27249476	0	0.9136092	0	0	0.08021074	0.15225801	0.030504322	0	0	0.16669619	0.02187939	0	0.20150241	0	0	0	0	0	0.10587709	0	0.01933705	0	0	0	0.054538872	0	0	7.91217	0.4642943	0.38744453	0	0.011968384	1.8198481	0	0	0	0	0.08282203	0	0	0	0.44421718	0	0	0.030637806	0.25913924	0	0.9414488	0.027763542	1.9085267	0	0	0	0.13961577	0	0	0	0	0.011998354	0	0	0	0	2.1746557	1.2253852	0	0.18617196	0	0	0	0	0	0	0.055674117	0.20409265	0.006127011	0	0	0	0	0	0.12951966	0	0.009749113	0	0.08523978	0.036574878	0.10781101	0	0.25197098	0	1.8554105	0.03251292	0	0	0	0	2.2236123	0	0	0	1.497437	0	0.014510325	0	0	0	5.014525	0	0	0	0	0.064964406	0.005953739	0	0	0	0.011997416	0	0	0	0.009761369	0	0	0	0	0	0	0	0	0	0	0	0	0	0	0	0	0	0	0	0	0	0	4.9396114	0.008557789	0	0	0	0	0	0	0	0	0.0247318	0	0.12935983
K26	C	0	0	0	0	0	0	0	0	0	0	0	0	0	0	0	0	0	0	0	0.011050102	0	0	0	0	0	0	0	0	0	0	0	0	0	0	0	0	0	0.13224757	0.011158114	0	0	0	0	0.008218985	0	0	0	0	0	0	0	0	0	0	0	0	0	0	0	0	0	0	0.053755548	0	0	0	0	0	0	0.21851084	0	0	0	0	0.03830741	0	0.009077917	0	0	0	0	0.02778078	0	0	0	0	0	0	0	2.539615	0	0	0.013346502	0	0	0	0	0	0	0	0	0	0	0	0	0	0	0	0.025134984	0	0	0.30959746	0	0	0	0	0	0.024545887	0	0.02483192	0	0	0	0	0	0	10.366414	0	0	0	0.12478507	0.42127788	0	0	0	0	0.5319603	0	0	0	0.019219259	0	0	0	0	0	1.5688835	0	0.014812473	0	0	0	0	0	0	0	0	0	0	0	0	0	0.020580344	0.28128657	0	0.030976195	0	0	0.06353241	0	0	0.005561713	0.012275029	0.059140187	0	0	0	0	0	0	0.33063197	0.033460524	0	0	3.8495815	0.08515504	0.20174012	0	0	0	0.010340086	0	0	0	0	0	0	0	0	0	0	0	0	0	0.009226514	0.020972999	0.03951038	0	0	0	0	0	0	0	0	0.010509499	0	0	0	0	0	0	0	0	0	0	0	0	0	0	0	0	0	0	0	0	0	0	0	0	0	0	0	0.31098834	0	0.79307204	0	0	0	0	0	0	0	0	0	0
K27	L	0.1394035	0	0	0.015569398	0.06835707	0	0.13225272	0	0	0	0	0.064478196	0	0	0	0	0.71084625	0	0	0.097384386	0	0	0	0	0	0	1.86198	0	0.84425944	0.018557282	0	0.051302478	0.23770751	0.44902617	0	0	0	0	0	0.08365993	0	0.1886934	0.026376996	0.04413831	0.06266215	0	0.015967915	0	0	0.026039276	0	0	0.022527643	0.04392739	0.03627764	0.030496573	0	0.12209921	0.42336524	0	0.14476888	0	0	0.017729165	0	0.39437565	0	0	0	0	0	0	0.09609084	0.1313683	0.10069247	0.054885317	0.023185413	0.107642815	0	0	0.14595178	0.09458563	0	0.026933677	0	0	0	0	0	0	0	0	0.03420955	0.054980353	0.041802473	0	0.111870624	0	0	0	0.020645555	0	0.12267525	0.34357026	0.20028672	0.03965374	0.9576075	0	0	0.028428873	1.1066449	0.14294262	0.37603694	0.015898263	0.01951439	0	0	0.045173444	0.020542737	0.11672955	0.0468405	0	0	0.08650367	0	0	0.17837034	0	0.057053518	0	5.3032007	0	0	0	0.1109367	0	0.23898552	0	0	0	1.6267267	0	0	0.14368273	0	0.27900362	0.012970171	0	0.01800155	0.015998542	0.025148697	0	0	0	0	3.8300724	0.010864597	0.07021429	0	0.06523863	0	0	0	0	11.063357	0.57407	0.2172029	0.78715384	0	0.05516795	0.11450084	0.055680294	0.31451523	0	0.016877864	0	0.011109432	0	0	0	0.061626542	0	0.42667204	0	0	0.11342945	0.26023057	0	0.075767025	0.01802254	0	0	0	0	0	0.36177322	0	0.13247465	0.3660002	0	0.03698426	0.60680425	0.02045668	0.94153446	0.5981473	0	0	0	0.055644743	1.6506274	0.34473306	0	0.016790679	0.9002721	0	0	0.17930022	0.18574265	0.029283738	0	0.011091848	0.047808647	0.042720903	0.13496794	1.2418132	0	0	0	0.0638275	0.020904671	2.834948	0	0	0.09347025	0	0.7087674	0	0	0	0.6414882	0	0	0.030094296	0.12596323	0.15083228	0	1.011863	0	0.113756746	0.16912575	0	0.019904895	2.7243793	1.105758	0	0.060976405
K31	C	0	0	0	0.014419372	0	0	0	0	0	0	0	0	0	0	0	0	0.017731093	0	0	0.039660465	0	0	0	0	0	0	0	0	0	0	0	0	0	0	0	0	0.49173102	0	1.1635582	0	0	0.049619455	0	0.063996315	0	0	0	0.056519873	0	0	0.024735214	0.065273434	0	0	0	0	0	0.019248724	0	0	0	0	0.4227302	0.932541	0.54938304	0	0	0	0	0.15443109	0	0	0.18139315	0	0.01776448	0.06387666	0.0496562	0.014853869	0	0	0	0.2665774	0.13148811	0	0	0	0.02337	0.31254956	0	0.8596054	0.03500471	0	0	0	0	0	0.08542525	0	0	0.033554696	0.03215247	0	0	0	0.049899586	0.015734857	0	0	0	0	0	0.9432819	0	0	0	0	0	0.050361298	0	0.18284416	0	0	0	0	0	0	2.49893	0.08126134	0.60979444	0	0.008875476	3.6319315	0	0	0	0	0	0	0	0	0.66203266	0	0	0	0.22462188	0	0.20526458	0	0	0	0	0	0	0	0	0	0	0.01690242	0	0	0	2.0838923	4.9510865	0.7686604	0	0.056461815	0	0	0.020592563	0	0.028425783	0	0	0	0	0	0	0	0	0.008284898	0.16796677	0.03074481	0	0	0.15160675	0.29416123	0.0935968	0	0	0	0	0	0	0	0	0	0.020915182	0	0	0	0.392165	0	0	0	0	0.025653096	0.10060197	0	0	0	0	0	0	0	0	0	0	0	0	0	0.014191702	0	0	0	0	0	0	0	0	0	0	0	0	0	0	0	0	0	0	0	0	0	0.49852344	0.70386934	0	0	0	0	0	0	0	0	0	0	0	0.12797868
K32	C	0	0	0	0	0	0	0	0	0	0	0.097215764	0.010230809	0	0	0	0.17217562	0.38543087	0	0.02553272	0.012294967	0	0	0	0	0	0	0.029721593	0	0	0	0	0	0.042648647	0.006025513	0	0	0	0	0	0	0	0	0	0.006806251	0	0	0.024734799	0	0	0.11142082	0.8731436	0	0	0	0.042366397	0.18496434	1.0774513	0.008699013	0.20475794	0	0.009375769	0.07840343	0.17423272	0.012328393	0.07127147	0.017565902	0	0.114237584	0	0.0891365	0	0	0.027039114	0	0.0455765	0	0.008514038	0	0	0	0.17749996	0.05053971	0	0	0.038557634	0	0	0.056824096	0	1.7060975	0.16275196	0.07056647	0.00567741	0.1934701	0	0.13690709	0.89663696	0	0.24122958	0	0	0	0.011873789	0.7001717	0.5710558	0.007258764	0.009529593	0	0	0.04023691	0.031785484	9.503286	0	0	0.02696321	0.047721922	0	1.1396526	0.026485167	0	0.019389626	0	0	0.09380777	0	0	8.533498	0	0.8458209	0	0.2651592	0.19021094	0	0.006654197	0	0.7257303	1.1600702	0	0	0	2.4904957	0	0	0.030815853	1.0763383	0	1.6170126	0	0	0.033413406	0.018986298	0	0.1474436	0	0	0	0	0.5086973	0	0	0	7.292776	3.4422858	1.1990068	0	0.8498143	0.012941829	0.011690262	0	0	6.248342	0.110203885	0.60121995	0.13489163	0.021525135	0	0	0.006758141	0	0	0.529552	0.15648243	4.0520196	0.19856101	0.020935016	0.011253427	0.053903263	0.007372143	0.18534723	0	1.0825832	0	0	0	0	0	0	0.035873897	0	0	0	0.023311043	0.050778348	0.21744725	0.090596005	0	0.0844096	0	0.10622072	0.053907163	0.20948073	1.7806311	0.024145124	0	0	0	0	0	0.014089128	0.13288529	0	0.08585091	0	0	0	0	0	0	0	0.028237276	0.026739588	0	0	0	0	0	0	0	0.4956236	0	0	0	0.055225868	0.917171	0.05095408	2.8273551	0.025861073	0	0.011265232	0.0571528	0	0.02489606	0	0	0	0.58067214
K34	C	0	0	0	0	0	0	0	0	0	0	0	0	0	0	0	0	0	0.004764412	0	0	0	0	0	0	0	0	0	0	0	0	0.114030145	0	0.18678293	0.003387407	0	0	0	0.81915116	0	0	0	0	0	0	0	0	0	0	0	0	0.03738898	0.022559416	0.005587379	0	0.043532155	0	0.27652574	0	0.014005475	0	0	0	0	0	0.105562955	0	0	0	0	0	0	0	0	0	0	0.00463738	0	0	0	0	0	0	0	0	0	0	0.013952835	0	0	0.19297281	0	0	0	0	0	0	0	0	0	0	0	0	0.004608064	0.005227738	0	0	0	0	0.06624529	0	0	0.007315279	0	0	0	0	0	0.005091856	0	0	0	0	0	0	0	0	0.16992165	0	0.006921484	0	0.10549757	0	0	0.01867328	0	0	0	0	0	0	0	0	0	0.007545248	0.019656444	0	0.026766282	0	0	0	0	0	0	0	0	0	0	0.097960345	0	0	0.007339104	0	0	1.0391554	0.003287878	0	0	0.00371863	0	0	0	0.016464327	0.00931045	0	0	0	0	0.012344614	0	3.0145211	0	0.003547954	0.003942576	0	0.1808591	0	0	0	0	0	0	0	0.01731223	0	0	0	0	0	0	0	0	0.007227231	0	0.021431813	0.013984148	0	0	0	0	0.011402225	0	0	0	0.009331902	0	0.021006418	0	0.03244267	0	0	0	0	0	0	0.05375266	0	0	0	0	0	0	0	0	0	0.009681813	0.003207291	0	0	0	0	0	0	0	0.045060024	0	0	0	0	0	0.003943278	0	0	0	0	0	0.006145508
K36	C	0	0	0	0	0	0	0	0	0	0	0	0	0	0	0.0431731	0	0	3.5232584	0	0.36439154	0	0.017071148	0	0	0	0	0.12078834	0	0	0	0	0	0	0	0	0.059051562	0	2.6400573	0	0	0	0	0.02813259	0.67817575	0	0.88243467	0	0	0	0	0	0	0	0.13215093	0	0	0.6347133	0.00750847	0.019179339	0	0.029107416	0	0	0	0	0.09169858	0	0	0	0.30514365	0	0	0.54304606	0	0.7082598	0.065572545	0	0.14433946	0	0	0	1.3078794	0	0.09675544	0.008656486	0	0	0.17901061	0	1.9448198	0.44167906	0	1.3862057	0	0.0909556	0	0.09458451	0	0	0	0	0	0.020836996	0	0	0.4561647	0	0	0	0	0.14038604	0.03544204	0	0	0	0	0	0	0	0.5369138	0	0	0	0	0	0	3.5688689	0	2.5103407	0	0.09785223	0.28634867	0	0.042341873	0	0	0.24591607	0	0	0	3.245329	0	0	0.013830337	3.3026183	0	0.19316074	0	0	0	0	0	0	0	0	0.12643144	0.007857283	0.8205646	0	0	0	0	0	0	0.986866	1.3135881	1.5103064	0.5409323	8.27694	2.3040469	0	0	0	0	0	0	0	0	0	0	0	0	0	0	0	2.0035205	1.3503705	0	0	0	0	0	0	0	0	0	0	0	0	0	0.3820109	0.12907188	0	0.08358063	0.064243786	0.059742108	0	0	0.06174769	0.029474424	0	0	0	0	0	0	0	0	0.03480223	0	0.107067995	0	0.06362846	0.095903546	0.047002155	0	0	0	0	0	0.19793025	0	0	0	0	0.10723285	0	0	0	0.26559207	0	0	0	0	0	0	0.02689305	0	0	0.01068708	0	0	0	0	2.5568385	0.8772364
K40	C	0.021778345	0.03747795	0.01981481	0.12272543	0.059939615	0.02186464	0	0	0	0	0.031618744	0.09109538	0	0	0.46660665	0	0.12706599	0	0	0.40068614	0	0.015659494	0	0	0.012377816	0	0.7972491	0	0.025661943	0.45872563	0.005923343	0	0.61415714	0.05342553	0	0.009084049	0.25053245	0.043961782	0.007356633	0.123465516	0.19466229	0.74816084	0.058012877	0.16290055	0	0	0.008666019	0	0.43732506	0	0.3806338	0.04980001	0.053991776	0.028535077	0.1861935	0	0	0.017597383	0.2292176	0	0.1935317	0.053393673	0.048281748	0.08501708	0.007196256	0.26468596	0	0.07529336	0	0.020817202	0	0	0.25379348	0.095649436	0.2709353	0.030016594	0.054848786	0.1220746	0	0	0.024593113	0.37474453	0.06353414	0	0	0	0.07532992	0	0	0.110746905	0.07254784	0	0.031912353	0.15127504	0.056880083	0	0.20878495	0.03702912	0.05415066	0.13213755	0	0.19156212	0.068078935	0.12258575	0.033334546	0.055676837	0.05561236	0	0	0.017578565	0.28016752	0.08127266	0	0.007028373	0.012570261	0.019957507	0.1432326	0.03413339	0.010269094	1.0915221	0	0.24516575	0	0.012774131	0	0.13739483	0.8341268	0.15020795	1.1793019	0.041200973	0.14265583	0.56284106	0	1.3147461	0	0.033660322	0.041913986	0	0	0.052123923	3.1604388	0	0	0.06402648	0.26844096	0.022911116	0.13445908	0.029757917	0.33748382	0.010550536	0.008481634	0	0.015295232	0.06494959	0.09302618	0.10198228	0.2483714	1.4926757	0	0.068117335	0.03677615	0	0	0.21796848	0.13026798	0.008841936	0.10433943	0.6926795	0	0.10063824	2.7591987	0.13275166	0.6209455	0.3889089	0.012866183	0.05288818	0	0	0	0	0.1581309	0.6040984	0.05164198	0	0.00690082	2.9310658	2.0495617	0.29098454	1.2437698	0	0.60530126	0	0	0	0	0	0	0	0.029592829	0	0	0.097357005	0.012284525	0.073073156	0.22946817	0.039418258	0.055452265	0	0.10033824	0.06302785	0.010280557	0.05846766	0.01106062	0.0577456	0	0.14134765	0	0.7387351	0.08895777	0.034255017	0.04707919	0.05829793	0.13846493	0.06755677	0.14928892	0	0.09207315	0	0.121610604	0.012091262	0.33924136	0	0	0	0	0.121293075	0	0.015230743	0	0.04846688	0	0	0.69365335	0.8754885	0.32327148	0.59852767	0.1199914	0.60103035	0.08034855	0.027379118	0.15281434	0.009579574	0.05137365	0.14618166	0	0.05117806
K42	C	0	0	0	0	0	0	0	0	0	0	0	0.023811238	0	6.3273916	0	0	0	0	0	0.02062692	0	0	0	0	0	0	0.05304454	0.09964979	0.010286932	0.8288652	0	0.007344469	4.255125	0.010150651	0	0.010519357	0	0.012708417	0	0	0	0.014041322	0.010730166	0.014781971	0	0	0.052083172	0.11029143	0	0	0.2990478	0.08446694	0	0	0.69465584	0.016663274	0.11232603	1.0217857	3.299539	0	0.057590097	0.43008873	0.19254747	0	0.10816508	0.019909749	0	0.124727376	0.11741328	0.12187502	0	0	0.025784338	0	0.031750068	0.030080928	0	0	0	0.26807225	0	0.023012294	0.16488935	0	0	0	0.16369212	0	0	3.3918965	0.20518349	0.14646809	0.006111193	0.504065	0.010920744	0	0.4187129	0	0.21890692	0.18243569	0.115937226	0	0.008982704	0.6969098	0.11125967	0.009217047	0	0	0.63817835	0.05131726	0.03958537	0.7292157	0	0	0.06119183	0.039441645	0	0.036363557	0.04378868	0.075097986	0.023104345	0.06381415	0	0	0.099987306	1.1699193	2.2081437	0	0.06692942	0.007146182	0.08789389	0.48553628	0	0	0.06423684	0.40069923	0.57895577	0	0.022005647	0.33040544	0.21813685	0	0	0.50497377	0.8042772	0	0.43166637	0	0.108489744	0.04753141	0.035080127	0	0.019823348	0.12369342	0.04155123	0.021858903	0	0.14827111	0	0.022958541	0	0.22318918	0.012896598	0.115402766	0.007676844	0.066700354	0.016048936	0.013681707	0	0	1.6945966	2.5640619	0.99382144	0.34261805	0.0429564	0	0.013683607	0	0	0	0.1525009	0.33903024	0.41255835	0	0	0.08110494	0.2553122	0.020074273	0.4078533	0	0.256244	0.08008849	0.063479684	0.1837809	0.11393777	0.05530496	0	0	0	0	0	0.08790954	0.036821734	0.14100431	0.9424214	0	4.2744775	0	0.24837951	2.5035706	0	0.15063529	0.049055368	0.006772232	0	0	0.051871344	0.8302385	0.006144963	0	0	0.09036193	0.014447482	0	0	0	0.2127974	0	0	0.042995352	0.035512235	0	0	0	0	0	0.065688826	0	0.07762802	0	0.27231213	0	0.08389573	0.6818657	0.060547307	2.1796598	0.012832411	0	0.029609375	0.035234906	0	0.03185911	0.4879452	0	0	0.47864795
K43	Y	0	0	0	0	0.007163394	0	0	0	0	0	0	0.05247003	0	0	0	0	0	0	0	0	0.006618899	0.02756467	0	0	0	0	0.27719998	0	0	6.096337	0	0	0.3410917	0.21964385	0	0.009132447	0	0.079602115	0	1.4653274	0	0.42272586	0.037512258	1.1244988	0	0.037878968	0	0	0	0	0	0	0.010595478	0.046986457	0.11514963	0	0.8021532	0.06453143	0.25903496	0	0.2369031	0	0	0	0	0	0	0	0.091644414	0.10039829	0	0	0.167899	0.25533465	0.22628939	0.3688846	0.015910005	0.057182167	0	0	0	0.17305413	0	0	0	0	0	0	0	0	0.050389543	0	1.0554898	0	0.06453897	0	0	0	0	0	0	0	0.048950016	0.042169344	0	2.5804913	0.13470095	0	0	0	0.073043704	0	0	0	0	0	0	0	0	1.2764235	0	0.20700948	0	0	0	1.0415822	7.26557	0.17769097	0.18011518	0	0	0.23371185	0	0	0	0	0.027828684	0	0	0	2.7633634	0	0	0.08759051	0.08793311	0	0.76001996	0	0	0	0	0	0	0	0	0.13161215	0.073212095	0.030250916	0	0	0	0	0	0	0.22884643	0	0	0.27026358	0	0.046393473	0	0.5827363	0	0	0	0	0.021078143	0	0	0	0	0	0.014198286	0	0	3.407396	0.91351044	0.78928626	0.10437967	0	0	0	0	0	0	0.2487734	0	0.7691666	0	0	0.09165394	0.1835952	0	0.68937135	0.65056473	0.03303619	0	0	0.306934	0.054886617	0	0	0	0	0	0	0.04459996	9.522637	0.043255072	0	0.18204151	0.044893473	0.014500529	0.046969425	0.114027984	0	1.0859538	0	0.031480692	0	0.19339202	0	0	0	0	0	0	0.048456896	0.081674315	0.15156044	0	0	0.52564675	0.52722925	0	0	0.029615413	0.067109436	0	0.16421072	0.30152985	0	0.065043435	0.3355347	0	0.56948084
K46	C	0.27312443	0	0	0	0	0	0	0	0	0	0	0.46262956	0	0	0	0	0	0.23709667	0	0.13686627	0.00483391	0	0	0	0.11762777	0	2.8536634	0	2.3687828	0	0	0	0	7.306815	0	0	0	0	0	0.007311597	0	0.030608589	0.013330874	0.018238168	0.09322177	0.017931566	0	0	0.31355986	0	0	0	0.101573825	0	0.15024544	0	0	0	0.30689135	5.949607	0.18732552	0	0	0	0	0.23882098	0	0	0	0.1101525	0	0	0	0	0	0	0	0.099486195	0	0	0	0	0	0	0	0	0	0	0	0	0	0	0.012304312	0	0.051343504	0	0	0	0	0	0	0	0.119628735	0.64929396	0	0.01480531	1.4475014	0.10604952	0	0	0.35427305	0	0.12979403	0.02075164	0	0	0.6326425	0	0	0.07839514	0	0.006968417	0	0	0	0	0.6036367	0.009442962	0	0	0	0	0	0	0	0.051903315	0.039918505	0	0	0	0	0	0.04619677	0.32808772	0	0	0.08750046	0	0	0	0	0	0	0	0	1.3353498	0	0	0	0	0	0	0	0	4.3183746	0	0.5029068	1.3035116	0	0.08057258	0	3.7181082	0	0	0	0	0.31421468	0	0	0	0	0	1.6046873	0	0	0.03629041	0.14046638	0	0	0	0	0	0	0	0	0.121748164	0	0.24950567	0.20295776	0.02916125	0.4017871	0	0	4.283683	1.2616556	0	0	0	0	2.162606	0	0.03845408	0	1.342412	0	0	0	0	0	0	0.007969138	0	0.07405611	0.22753166	3.0477903	1.8089522	0	0.04432631	0	0	1.4779278	0	0	0.29809105	0	1.5168532	0	0	0.14068858	0.011069553	0	0	0.012938776	0.007310162	0.11629232	0	0.4857513	0.22031799	0	1.0170486	0	0	0.2553424	0	0.18683589	0
M01	C	0	0	0	0	0	0	0	0	0	0	0	0	0	0	0.007574014	0	0	0	0	0.048252605	0	0.032178324	0	0	0	0	0	0	0	0	0	0	0.6742803	0.012287783	0	0	0	2.5487735	0.02476059	0	0	0	0	0.08568513	0	0	0	0.074569106	0	0	0.051603172	0	0	0	0.13236357	0	0.3113521	0.13344459	0.5432548	0	0	0	3.7953932	0.035643756	1.9821773	0	0	0	0	0.042909425	0	0	0.28600997	0.042115144	0	0.011848557	0.02794864	0.04190045	0	0.022012621	0	0.25003818	0	0	0	0.06688478	0	0.20054138	0	0.7664717	0.5141289	0	0.103839345	0.0625309	0	0	0.07391929	0	0.08190321	0	0.4259749	0	0	0.06629922	0	0.03213573	0	0	0	0	0.07294528	0	0	0	0	0	0	0	0	0.165317	0	0.018376226	0	0	0	0	28.56891	0.26454502	0.3465704	0	0.7834839	0.20351258	0	0	0	0	0.01951941	0	0	0.051953465	1.1327659	0	0	0.049426835	3.3012319	0	5.258381	0	0	0	0	0	0	0	0	0	0	0.5395429	0	0	0.009964461	0	0	0	0	0	0	0.01381045	0	0	0	0.038553305	0.91838926	2.0416353	0.031858616	0	0	0	0	0	0	0.24356984	0.020892227	0	1.3243316	0.5215079	1.2936147	0	0.11822451	0	0.19480965	0	0	0	0	0	0	0	0	0	0.00643162	0	0	0	0.23221174	0	0.06112683	0	0.045122784	0.088071756	0	0	0	0	0	0.03926213	0	0	0.009635288	0	0.013532044	0	0	0	0	0	0	0	0	0	0	0	0	0	0	0	0	0	0.031222897	0	0	0	0.040485553	0.42347917	0.10927686	0	0.01158923	0	0	0	0	0	0	0.44440907	0	0.6582382
M02	L	0.12397885	0	0	0	0.04862784	0	0.36708137	0	0	0	0	0	0	0	3.1076257	0	0.06886418	1.8947369	0	0.16656473	0.02982127	0	0	0	0	0	1.6476907	0	0.50333804	0	0.17999275	0	0	1.2333387	0	0	0	0	0	0	0.1333587	0.028865125	0.027304037	0.009109234	0	0.007392514	0.060451586	0	0	0	0	0	0	2.5208268	0	0.5097952	0	0	3.946183	1.0666695	0.5578793	0	0	0	0	2.36789	0	0.14329661	0	0.04294658	0	0	0	0	0.059596553	0	0	0.12715892	0	0	0.049205508	0.016295845	0	0	0	0	0	0	0	0	0	0	0	0	0.13247779	0	0	0	0	0	0	0	0.7056727	0.1497384	0.043323036	0.013237347	0.8176861	0	0	0.0489773	1.4920012	0.04058139	0.07379503	0.24302837	0.060120843	0	0	0.031766042	0.046809062	0.05680569	0.041263998	0	0	0.042269155	0.07590317	0	0.4106856	0.064682476	0	0	0	0.059866033	0	0	0	0.008741188	0	0	0	0	0.05394829	0	0	0.1685025	0	0.16099697	0.0532527	0	0	0.056389816	0.029332856	0	0	0	0	2.180969	1.1561997	0	0	0	0	0	0	0	6.414232	0.012691102	0.19645609	0.6929544	0	0	0	0	0	0	1.8274246	4.488876	0.39728492	0	0	0	0	0	0.018852303	0	0	0.13185394	0.0488481	2.764566	0	0	0	0	0.09259325	0	0	0	0	0.53129643	0.31065962	0.03035574	0.36091432	0.27095088	0.041220013	2.9714012	0.23117222	0	0	0	0	0.4710664	0	0	0.051357854	0.50858366	0	0	0	0	0	0	0.004446392	0.07861583	0.459647	0.27755514	0.95937	0.4001357	0	0.28576028	0.07592965	0.05700278	2.666736	1.0385567	0	0	0	0.18617243	0	0.35035825	0.5525653	0	0	0	0.032470822	0.005531368	0.014446304	0	0.5076251	0	0	0.8148937	0	0.039678626	0	0	0	0
M03	C	0.018925773	0	0	0	0.02089578	0	0	0	0.08994096	0.23629469	0	0.09718681	0	0	0	0	0.41268483	0.02525064	0.30346155	0	0	0	0	0.17750488	0.0063583	0	0.12094476	1.5232631	0.04340865	6.537437	0.07383633	0	0.097810954	0.017804632	0.044959903	0	0	0	0	0	0.007919355	0	0.2599384	0.020204267	0	0	0	0.06592028	0	0.025306614	0.029078355	0	0.066013016	0.10502252	0.18404347	0.03344162	0.01819482	0.045450944	0.2418551	0	0.9577701	0.01745846	0	0	0	0.041063637	0	0	0.05189841	0	0	0.13457802	0.015947904	0	0.017196126	0	0	0	0	1.1978302	0.16775459	0.018653315	0.03709436	0	0	0.095226094	0.019031292	0	0.4170316	0.042915802	0.025261194	0	0.008089596	0.080482095	0.256591	0.028270703	0.10947572	0.04797745	0.014446518	0.090023085	0	0	0.03936285	0.09658994	0.107028194	0.03398558	0.009446736	0	0	0	0.0548694	0.3795457	0	0.110231094	0	0.058091976	0	0.18920313	0	0.13184322	0	0	0	0.0762775	0	8.622839	1.292716	0	0	0.016958376	0.013510947	0.015095535	0	0	0	0	0.025182437	0	0	0.0263669	0.020437067	0	0	0.11966102	0.094980314	0	0.2109396	0	0	0	0	0	0.018541882	5.682156	0.05196895	0.031324506	0	0.0239024	0	0.019146811	0	0	0.120819785	0.020616382	0.015922839	0.039767757	0.020107497	0.0368332	0	0	0.40102857	0.57522476	0.098635994	0.05699508	0	0	0	1.3223931	3.9561946	0	0	0	0.013075679	0	0	0.036675096	0.03372168	0.14242496	0.12760083	0	0.06155623	0.012257038	0.88205385	0.5891179	1.5992874	0	0.29888472	0	0	0	0	0.047172662	0	0.08781224	0.3532369	0	0	0	0	0.39238915	0.014200009	0.2854254	0	0.013221943	0	0	0.06395448	5.458366	0.00756082	0	0	0	0.009844234	0	0.03355449	0	2.215549	0.009965846	0	0	0.031376507	0.022758318	0	0	0	0	0	0	0	0	2.2124567	0	0	0.028238844	0.038487215	0.06378258	0.016904023	0.2518727	0.11616733	0.0345282	0	0	0.053594235	0	0	0.03322572
M04	Y	0.38106453	0	0.046550326	0	0.018902536	0	0.116448045	0	0.041539293	0	0	0.22723874	0	1.4368526	0.18636492	0	0	0	0	0	0	0	0.6037611	0	0	0	0.7103703	0	1.5499698	1.1997039	0	0	0.4749869	0.49076194	0	0	0	0	0	0.15588826	0.011445408	0	0	0.1348734	0	0	0.083144955	0	0	0	0.043628037	0	0.054778486	0.06603207	0.06569225	0	0.12995917	0.8014248	0.39598975	0.21788406	0.020024756	0.10638961	0	0	0.09691055	0.3246764	0	0.14485314	0	0	0	0	0.029737806	0	0.010273472	0.012182942	0.02000133	0	0	1.1922916	0	0.008994707	0	0	0	0	0.403247	0	0	0.014198598	0.05778145	0	0.027058003	0.21498364	0.006896173	0	0.0525425	0.05707949	0.041848015	0.0757663	0	0	0.37970108	0.19131558	0	0.28937984	0.46680415	0	0	0.08394507	0.4043417	0	0.07594505	0	0.12626468	0.25257266	0	0	0.07043943	0.1485055	0.043336987	0.0496141	0	0.006306598	0	1.5946829	0.2576808	0	0.18140438	0.048855737	0.088643976	0.0646411	0	0.10713284	0.056113366	0	0.04929674	0	0	0.0515639	0.07682856	0	0	0.12851611	0.12591381	0.026453534	0.03371131	0	0.018825449	0.097227	0.054552253	0	0	0.20102333	0.13386182	0.700668	0.07815044	0.07019784	0	0.093732364	0	0	0	0	1.641531	0	0.34944856	0.3857393	0.070393994	0	0.046793196	0.18495551	0.273576	0.3992446	0.07120949	0	0.063680775	0.013588357	0	0	0.051158052	0	0.2555693	0	0	0.3433562	0.026393011	1.342997	0.13337679	0	0	0	0	0	0.12913705	0	0	1.4111582	0.073699825	0.65036523	0	0.5337328	0.058581796	1.2920035	0.9277154	0	0	0	0.15148452	0.92003906	0	0	0.07485573	0.7130274	0	0.15797082	0.028686084	1.7042258	0.07421195	0.013843779	0	0.1209166	0.1947402	0.0740837	0.76341474	0.15209785	0.30866593	0.05967747	0.19397072	0.10284535	0.59854174	0.20432249	0	0	0	0.7274232	0.091591015	0.07305165	0.74226457	0.07874088	0.1457593	0	0	0.18821132	0	0.08625052	0.23884363	0.098733045	0	0.49997428	0	0.04608054	1.228427	0	0	0.0689382
M07	C	0	0.011251212	0	0	0.0846939	0.06744226	0	0	0.04745968	0	0	0.017632348	0	0	0	0	0	0.263544	0	0.04504234	0	0.012341875	0	0	0.5135451	0	0.13941747	0	0	0	0.10078285	0	0.13006791	0	0	0	0	1.2129345	0.30004233	0.48003015	0.060236167	0	0.031842757	0.6241246	0	0.017421952	0	0	0	0.02606949	0	0.025942193	0.048015222	0.42954874	0	0	0.04229125	0	0	0	0.076397836	0	0	0.03623168	0.5790413	0.054081466	0	0	0.0503497	0.669509	0	0	0.16529338	0.14503802	0.021874186	0.031874906	0	0.049771048	0	0	0	0.16716498	0	0	0.03349737	0	0.1299066	0	0	1.4065726	0.2922303	0	1.3496171	0	0.021880927	0	0	0	0.01564076	0	0	0	0.02337552	0	0	0.24988279	0.006005661	0	0	0	0	0	0	0	0	0	0	0	0	1.575343	0	0	0.015813433	0	0	0	0.42531762	5.904514	0.1678638	0	0	1.3035824	0	0.025409766	0	0	0.013413246	0	0	0	5.249448	0	2.0701432	0	1.6389915	0.03913072	0.17293198	0	0.24349652	0	0	0	0	0	0	0.020655468	0.7001492	0	0	0	0	0	0	0	0.017354945	0	0.008066041	0.07445657	0	0.03507233	0	0	0	0.09038026	0	0.022008823	0	0	0	1.4519092	0.647992	0.9363837	0	0	0.01106312	4.4481373	2.685757	0.01602519	0.31810653	0	1.8100011	0	0	0	0	0	0	0	0	0.007277912	0.023180021	0.09675283	0	0.032917034	0	0.27361828	0	0	0	0	0	0	0	0.034701128	0.1616265	0	0	0	0	0	0.018034797	0	0	0.03610249	0.29971626	0	0	0	0	0	0.062262323	0	0	0	0	0.06927253	0	0	0	0.07273536	0	0	1.1953083	0.11766772	2.782243	0	0.03310182	0.23452684	0.17300956	0.008836692	0	0	0	0.06302621	0.13126282	0
M08	L	0	0.44704986	0	0	0.006898744	0	0	0	0	0	0	0	0	0	0.046689123	0	0	0.032606356	0	0.12552789	0	0.010144835	1.9382088	0.02932491	0.069910675	0	0.36442527	0.26081848	0	0	0	0	3.2878132	0.23291665	0	0	0	0	0	0	0.007871284	0.01779793	0	0.012247104	0	0	0	0	0	0	0	0	0	0	0	0	0	0	0.19232719	0	0	0	0	0	0	0	0	0	0	0.9036064	0.09432547	0	0.021391774	0	0.062104806	0.57881165	0	0.05592367	0	0	0	0.10466073	0	0.009362909	0.023823772	0	0	0	0	0	0	0	0.022833208	0	0	0	0	0	0.11123943	0	0	0	0	1.4939383	0	0.026312154	0.007100092	0	0	0	0.12906617	0	0	0	0	0	0	0	0	0.09574196	0	0.39835864	0	0	0	0	0.20719041	0.19830388	1.772751	0	0	0	0	0.031242516	0	0	0	0	0	0.39924586	9.520392	0	0	0.21845968	0	0	0.032693952	0	0	0	0	0	0	0	0	0.18289435	0	0	0	0.041815378	0	0	0	0	0.07350755	0	0.2628047	0.051478595	0	0.02934326	0	0	0	0	0	0	0	0	0	0	0	0	5.135976	0	0	0.13251959	1.8414333	0.07118664	0.53106666	0	0	0	0	0	0	0.10786432	0	0	0	0	2.4495742	0.15185452	0	0.09634773	5.294943	0	0	0	0	10.61229	0	0.08072805	0	0	0	0	0.41584995	0	0	0	0.0318405	0	1.0866541	0	0.037432086	0	0	0.00914036	0	0	0.10514959	0.038551398	0	0	0	0.029985381	0	0.08396607	0	0	0	0	0.033265658	0.16072136	0.7040494	0	0.038522493	0.047632083	0	0.017758442	0.12549004	0	0	0.023579998	0.06654979	0
M11	C	0	0	0	0	0	0	0	0	0	0	0	0	0	0	0	0	0	0	0	0.048363857	0	0	0	0	0	0	0	0.13906167	0	0	0	0	0	0	0	0.08753029	0	0	0	0	0	0	0	0.017744342	0	0	0.023127213	0	0	0	0	0	0	0	0	0	0	0	0	0	0	0	0	0.2264336	0.8522777	0	0	0.057012077	0	0.3779669	0	0	0.04806069	0	0.24940278	0.22301462	0.016309824	0.041103464	21.470278	0	0	0.08269907	0	0	0.033443663	0	0	0.18079792	0	1.8399041	0	0	0	0	0	0	0	0	0	0	0	0	0	0	0	0	0	0	0	0.028183147	0	0.12366793	0	0	0.14900115	0	0	0.031035177	0.038676217	0.12828362	0	0	0	0	0	0	7.4161243	1.0197546	3.5437782	0	0	0	0	0	0	0	0.7280366	0	0	0	3.0356967	0	0	0	0	0	1.3460307	0	0.24600898	0.02620504	0	0	0	0	0	0	0	0	0	0	0	0	10.519653	0	0	0	0	0	0	0	0	0	0	0	0.019580293	0	0	0	0	0	1.1799196	0	0	2.9238875	1.0162263	0.24986935	0.75816476	0	0	0	0	0	0	0	0	0	0	0	0	0	0.090667784	0	0	0	0.069786236	0	0	0	0	0	0	0	0.020761216	0	0	0	0	0	0	0	0.055317547	0	0	0	0	0	0	0	0	0.034897856	0	0	0	0	0	0	0	0	0.070792004	0	0	0	0.08776957	1.1061199	0	0	0	0	0	0	0	0	0	0.15151866	0	0
M12	E	0	0	0	0	0	0	0	0	0.062480252	0	0	0	0	0	0	0	0	0.23246552	0	0.17116255	0	0	0	0	0.3127496	0	0.7870315	0	0	0	0	0.38509747	0	0.29050225	0	0	0	0.3257129	0	0	0	0	0.016232783	0.83626467	0	0.054179057	0	0.22069901	0	0	0	0	0	0.04168104	0	0	0	0	0.084600486	0	0.02405675	0	0	0	0	0	0	0	0	0	0	0	0.02724388	0	0	0.03377719	0	0.08207738	0	0	0	0.09495629	0	0	0	0	0	0	0	0	0	0.20645921	0.09913625	0	0	0	0	0	0	0	0	0	0	0	0.44960475	0.32068878	0.32935396	0	0	0	0.10971605	1.853588	0	0	0	0	0	0.121267624	0	0.7385457	0	0	0	0	0	0	19.606684	0.048158623	0	0	0	0.13541178	0	0.08229049	0	0	0	0	0	0	0.008680178	0	0	0.07389324	0	0	3.4155078	0	0.2031975	0	0	0	0	0	0	0.14239657	0	0	0	0	0	0.29044828	0	0	0.18104944	0.14984998	0	0.32020643	0	0.023147915	0	0	0	0	0	0	0.014750029	0	0	0	0	0	0	0	0	4.233209	3.298256	3.3815005	0.020466428	0.14014356	0	0	0	0	0	0	0	0.011743316	0	0.075356916	0.013087394	0.38891524	0	0.18188128	1.3967628	0.24040034	0	0	0	0.075353414	0	0	0	0	0	0.19943146	0	0	0	0	0.033003252	0	0	0.08287134	0.020846922	0	0	0	0	0	0.18725441	0	0	0	0	0.3762626	0	0	0.036037948	0	0	0	0.39323136	0	0	0.05394721	0.0644177	0	0	0.055751733	0	0	0	0	0.20013419	0.18293655
M14	L	0	0	0	0	0	0	0	0	0	0	0	0	0	1.3043642	0	0	0.013430462	1.3148746	0	0.32734105	0	0	0	0	0.3706282	0	0.55678433	0	0	0.012139989	0	0	0	0.40674347	0	0.013080823	0	0.34140536	0	0.031013757	0	0	0.023893261	0.17298444	0	0	0	0	0	0	0	0	0	0.03835517	0	0	0	0	0.082315475	0	0.9888499	0	0	0.049640022	0	0	0	0	0.067413054	0.08424945	0	0	0	0	0	0.11409867	0.006484199	0.07886715	0	0	0.013711318	0.25765783	0	0	0.012406179	0	0	1.8868818	0	0	0	1.7757822	0.17051978	0	0.27714583	0	0	0	0	0	0	0	0	0.17105173	0.0214891	0.25276792	0	0	0	0	0	0.14474021	0	0.024455769	0	0	0	0.012684512	0	2.8583622	0	0	0	0	0	0	3.4174893	0.15126951	0	0	0	0	0	0	0	0	0	0	0	0	0	0	0.07917792	0.07744826	0	0	0.16230635	0	0	0	0	0	0	0	0	0.0569161	0	0	0	0	0	0	0	0	0.07422948	0.012113994	0.023153864	0.061577406	0	0.054417297	0	0	0	0	0	0	0	0	0	0	0	0	0	0	0	9.0905905	0.9421245	0	0	0	0	0	0	0	0	0	0	1.0318024	0	0	0.06015309	0	0	0	0.5178432	0	0	0.014216282	0	1.1190844	0	0.017385866	0	0.08681956	6.8952074	0	0	0.029687757	0	0	0.037934598	0	0	0.14467566	0.005373849	0	0	0	0	0	0.15794608	0	0	0	0	0.95384973	0	0	0.1794826	0.109669544	0	0.18106516	0	0	0	0	0.02277151	0	0	0	0	0	0	0.26783115	0.016851077	0
M15	C	0.02082818	0	0	0	0.30548656	0	0.012605798	0	0	0	0.032589532	0	0	0	0.109183095	0	0	0.10479409	0.040692445	1.8960673	0	0	0	0	0	0	0.3788682	0	0.07573151	0.2779893	0.5246492	0.22715867	0	0.07067882	0	0	0	0	0	0.05391677	0.20306963	0	0.012245373	0.4143111	0	0	0.012877362	0	0	0	0	0	0.14463386	0.26578596	0.40488577	0	0	0.18892524	0.38299575	0	0.02904404	0	0	0.048784725	0	0.19675827	0	0.12550946	0.12185787	0.09468728	0	0	0.28183165	0.19557878	0.23112944	0.10138057	0.06594084	0.30538693	0	0	0	0.20978892	0	0	0	0	0	0.07855602	0	0	0	0	0.415044	0	0.012292524	0	0	0	0	0	0	0	0.107446395	0.23251183	0.04389533	0.14000179	0.046263024	0	0	0.019686297	0.17212424	0.24069294	0	0.007244872	0.020248344	0	0	0.015388298	0.012727155	0.31290174	0.012030915	0	0	0	0	0.87107545	1.0772476	0.44841465	2.439641	0	0	0.30931666	0	0.10168884	0	0	0	0	0	0	5.773689	0	0	0.19686761	0	0	0.17680572	0	0	0.01605501	0.009136531	0	0	0.1159012	0	0.11300974	0.05222503	0.13729358	0	0.14805922	0.020774836	0	0	0	0.07238153	0.01569365	0.21539292	0.4929224	0	0.15444265	0	0.41759512	0	0	0.015328085	0	0	0	0	0	0.043142375	0	0.28011155	0	0	0.7754495	1.6898358	0.06509722	0.6658046	1.663148	0	0	0	0	0	0	0	0.007284582	0	0	0.027610267	0.25200623	0.014975659	0.3689716	0.5865075	0.036877487	0	0	1.7893654	0.32147887	0	0.031786337	0.017044758	0.061567295	0	0.122591846	0	0.07383786	0.04509003	0.019966746	0.014010242	0.08618676	0.03932505	0.08572102	0.24680464	0	0.12448937	0.012998734	0.04102938	0.015648227	0.21424432	0.07333769	0	0	0	0.52199984	0	0.025873436	0	0.06706506	0	0	1.7677637	0.17841199	0.84962887	0	0.32529283	0	0	0.10401023	0.10878223	0.009871698	0.1592401	0.064107694	0.01805693	0
M16	Y	0	0	0.06889053	0	8.408527	0	0.03270874	0.012554423	0	0	0.09055931	0	0	0	0.08542387	0.21535301	0.8243466	0.035699803	0	0.04387007	1.0657918	0	0	0	0.18139444	0	2.1362555	0	0.25119662	0.03200668	0.026967667	0	0	0.24485295	0	0	0	0	0	0	0.08678196	0.008090422	0.13376771	0	0.97608024	0.030206744	0.009609544	0	0	0.18576136	0	0	0.3531267	1.1626711	0.029087955	0.3309314	0	0.10293152	0.07366007	0	1.7343125	0.025757225	0	0	0	0.110372454	0.03273363	0.089622214	0	0	0	0	0	0	0.011280173	0.009903194	0	0	0	0	0.29619962	0	0	0	0	0	0	0	0	0	0	0	0	0	0.44349313	0.31091505	0	0	0	0	0	0	0.03384165	0.03529557	0.63138676	0.007033735	0.31624898	0	0	0.02175903	0.1794553	5.088018	0.07485196	0.06936254	0.008590012	0	0	0.5912067	0.008396816	0.091394074	0	0	0	0.35261947	0	0	22.28013	0.007591395	0	0	0	0	0	0	0	0.19687593	0	0	0	0	0.005989917	0	0	0.025317661	0	0	3.3299744	0	0	0.02104279	0	0.34015018	0.1627996	0	0	0.18365589	0.048285324	0.41230032	0	0	0	0	0	0	0.38358408	0.5206776	0.114737205	0.037269533	0	0	0	0.06134753	0	0	0.010001994	0	0.008617093	0.14653774	0	0	0	0	0.11812138	0.7440804	0	0.29234868	0	0.93720764	0	0.013675761	0	0	0	0	0	0.050031144	0	0.12165253	0.03789404	0.25218838	0.05658313	0.09366283	0.051523726	1.6226895	0.1656073	0	0	0.009396771	0.05455185	0.06634202	0.08457932	0.012617547	0.008396086	0.9027303	0.009422344	0	0	0.18890277	0	0.09363907	0	0.033607043	0.017120387	0	0.11014386	0	0	0.058861334	0.014774227	0.009304435	0.15071252	0	0	0	0	0.010177417	0	0	0.08569061	0	0	0	0	0	0.020071635	0	0.109353766	0	0	0.4097947	0	0.008658901	0	0	0.042695455	0
M17	C	0	0	0	0	0	0	0	0	0	0	0.010097787	0.05600391	0	0	0.018257236	0	0.083023295	0.22044994	0	0.23433109	0	0	0.8809697	0.031229377	0	0	0	0.37837452	0	1.3090651	0	0	1.8515967	0	0	0	0	0.038170293	0	0.008070855	0	0	0	0.050618835	0	0	0.014352214	0	0	0	0	0	0	0	0.30636767	0.6607866	0	0.31197652	0.39478502	0.009646899	0	0.16109496	0.1063613	0	0	0.036083292	0	0.107832246	0	0.0616788	0.029146891	0	0.02214992	0	0.24812385	0.38350144	0.015871655	0.058243617	0	0	0.061601248	0.12288048	0	0	0	0	0	0.1817513	0.9492468	1.3920295	6.7806244	0.64310557	0.018655147	0	0.009575329	0	0.30233356	0	3.3746617	0.09443862	0.054996338	0	0.009647008	0.16269293	0.12467551	0.020763604	0	0	0	0.023537097	0.062306304	1.0067531	0	0	0.016335087	0	0	0.1822117	0.02039436	0.20538831	0.016708657	0.080474086	0	0.07197563	0	0.66069704	2.705463	0.026492652	0	0	2.1524322	0.60237485	0	0.049664747	0	0	0.4911024	0	0.17386469	0.11524292	0.16093796	0	0	0.1704426	0.17459783	0	0.53824764	0	0	0.017940257	0.041510355	0	0	0.13283657	0	0	0	0.63998765	0	0.024820972	0	0	0	0	0	0.087646194	0.011330624	0.031509317	0.028937636	0.016089858	0.054867398	0.6338144	0	0	0.013700551	0	0	0	0	0	0.11685134	0.28665924	0.5977557	0	0.08070937	0.33260807	0.21470538	0.010217099	0.087377205	0	6.6876116	1.7793354	0	0.18057346	0.347461	0	0	0	0	0	0	0.010148148	0.023952745	0	0.80875665	0.03509161	0	0	0.1532904	0.057942178	0	0.15158702	0.0163514	0	0	0	0.2216703	1.9912639	0.006502237	0.03690729	0.005578153	0.06097945	0.005029922	0	0	0	0.2410613	0	0	0.018954474	0.095842555	0	0	0	0	0	0.058143504	0	0.0495052	0	0.24720806	0	1.9737785	0.48827866	0	1.4785738	0.00747452	0.053958405	0	0	0	0.010049352	0.17082015	0	0	0.9809104
M18	Y	0.03710872	0	0	0	0	0	0	0	0	0	0.014684334	0.2336775	0	2.1582181	0.016956942	0	0.10101	0	0	0	0.040851846	0	0	0.3505764	0	0	0.1650158	0.24508165	0.027241245	2.2160432	0.04542849	0	0.41315395	0.25369295	0.33271036	0	0	0	0	0	0	0.018501299	0.06983263	0.029805077	0	0	0.08724778	0	0	0	0.15517919	0.239397	0	0.00917741	1.6859492	0.038195014	0.43980744	0.59817463	1.6773256	0.101993315	0.02282684	0.060611434	0.04659247	0	0.1362181	0.07098938	0	0.13632084	0.08305946	0.051397596	0	0.33811212	0.0315916	0	0.11122173	0.011366999	0.005183781	0.038428452	0	1.0757779	0.03816199	0.03867893	0	0	0	0	0.016557511	0.015930474	0	0.23866886	0.13530003	0	0.008695276	0.08296447	0.006929126	0	0.10161821	0	0.03006988	0.13824216	0.7086854	0	0.22742118	0.26869175	0.08146907	0.018905334	0.006992013	0	0	0.07675612	0.15954717	0.15101726	0	0.010335838	0.07021592	0.013783851	0	0.12187268	0.10741558	0.09251905	0.05281412	0	0	0.02104213	0.17912504	1.091528	2.8233142	0.015526816	0	0.027858494	0	0.034300063	0	0.026412856	0.06950523	0.065309815	0.041390184	0	0.03706646	0.044830926	0	0	0	0.42266166	0.69968957	0.009902292	0.65441453	0	0	0.057978313	0.073195934	0	0.0234872	0.92123383	0.092225075	0.15952146	0	0.4036905	0	0.0462079	0	0	0	0	0.3501205	0.0460782	0.2070173	0.078886375	0	0	0.041714344	1.5315791	0.3544772	0.059365474	0.071383946	0	0.06137723	0.03209513	0.61669767	0.7583027	0	0.33958435	0.29886472	0	0.005826311	0.028754486	0.16694781	0.27550676	0.104754485	0	0.6452423	0.09238574	0	0.20925057	0.19134988	0	2.7947826	0	0.012635286	0	0.045151938	0.22832616	0.10035502	0.35452396	1.2128655	0	0	0	0.32104164	0.9847933	0	0.8930133	0.06277018	0.008435547	0	0	1.2688148	3.7535517	0.16070288	0.04232194	0.004482816	0.11065874	0.09474645	0.05936042	0.030249085	0.05728759	0.6020486	0.07513156	0.06432246	0.06666246	0.14963095	0.2276843	0	0	0	0.008705055	0.097018905	0.07527407	0	0	0	0	0.022578383	0.2065349	0.09291129	0.6129249	0.08415986	0	0.029712386	0.19021487	0	0.13188405	1.0368716	0.03600633	0	0.25325575
M20	L	0.0792257	0	0	0	0	0	0.06729963	0	0	0	0	0.009713131	0	0	0.0597862	0	0	0	0	0	0	0	0	0	0	0	0.24208637	0	0.06997723	1.2322754	0	0	0.20869617	0.38749397	0	0	0	0	0	0	0	0.024319816	0.008775758	0	0	0	0.040329907	0	0	0	0	0	0	0	2.9247425	0	0.66730267	0.56656194	5.091102	0	0.014740093	0.4514405	0	0	0	0.060926624	0	0.08753515	0	0	0	0	0.005019032	0	0	0.015346291	0	0	0	0	0	0.015621544	0.044083145	0.013831994	0	0	0.014165112	0	0	0	0.034693796	0	0.006444147	0.047503177	0.00523666	0	0	0.07645212	0	0	0.01618665	0	0.032142963	0.8695669	0	0	0.10287281	0	0	0.08900979	0.21325019	0	0.015619569	0	0.042340275	0	0	0	0.040025212	0.065514244	0.025112936	0	0	0	0	0.6047996	0.061216924	0.02247779	0.23736237	0	0	0.27495053	0	0	0	0	0.06842335	0	0	0	0.028449636	0	0	4.016602	0.055372298	0.037461944	0	0	0.5662823	0.036678467	0.03932142	0	0	0	0	0.18025771	0	0.8073164	0	0	0	0	0	0	0.49608308	0	0.038842145	0.16036461	0	0	0	0.74374783	0	0	0.047884215	0.018199831	0.02584378	0	0	0	0.029556928	0	1.3029683	0	0	0.098418154	0.04126004	0.055144276	0.056347474	0	0	0	0	0	0	0	0	0	0.020641468	3.9402447	0.102272116	0.076068565	0.043894902	0.15569083	2.7899735	0	0	0	20.548008	2.892556	0	0	0.03877828	0.104555756	0.046826795	0	0	4.5462227	0.02981439	0	0	0.4223792	0.008153182	0	0	0	0.39371553	0.02136677	0.016193025	0.043761075	0.23260452	0.09465409	0	0	0	0.051523246	0	0.026353871	0	0.013128909	0	0	0.01292653	0.15338598	0.030866304	0.009590158	0.054760087	0	0	0.04418757	0	0.028299501	0.34592953	0	0	0
M21	C	0	0	0	0.021280173	0	0	0	0	0	0	0	0.02928934	0	0	0	0	0	0	0	0	0	0	0	0.050143346	0	0	0.056510568	0.05976001	0	0.50670636	0	0	3.0273888	0.00944755	0.2019001	0	0	0	0.018896285	0	0	1.6043637	0.022888852	0.06141492	0	0	0	0	0	0	0	0.38883394	0	0	0.07254519	0	0.09461652	0.023368496	0.25610307	0.08746491	0.00702898	0.03384547	1.8668771	0.06936361	2.1055028	0.020563876	0	0	0.21770383	0.08819718	0	0.18710308	0.18785007	0	0.07309343	0.054013602	0.044710737	0.07209921	0	0.12534198	0	0.27480534	0.33133245	0	0	0	0.12381936	0	0	0.9757146	0.26049718	0.3363141	1.0484787	1.8873402	0	0	0.39694208	0	0.21206151	0.26343644	0.13108303	0	0.005856328	0.5311671	0.080901206	0.04413626	0	0	0.33197275	0	0.059828516	1.4079579	0	0	0	0	0	0.07635241	0	0.6332701	0	0	0	0	0.15720454	0.21666145	1.3594538	0	0	0.011111776	0	1.1483971	0	0.015609579	0	0	0.090142645	0	0.07540247	0.14506921	1.3523638	0	0	0.058410548	0.9328787	0.008836309	0.24128883	0	0	0	0.015933871	0	0	0.15471686	0	0.022793325	0	0.52849245	0	0	0.043793127	0	0	0	0.043385915	0.08498075	0	0.019645829	0.034135975	0	0.38266185	0.18950021	2.2839592	0.25342637	0	0	0	0	0.12011499	0.26595157	0	0	0.06406233	0	0.08148418	1.219302	1.4198645	0.013873396	0.8485855	0	0.26154017	0.6795189	2.405565	0.0768226	0.085841544	0	1.422591	0	0	0	0	0	0	0.043115117	0.103027955	0.46845496	10.523733	0	0.06842053	0.16533722	0	0	0	0	0	0	0.03471935	1.2325922	0.01168307	0	0.015461387	0	0.010311863	0	0	0.08769744	0.15850152	0	0	0	0.07511058	0.049509723	0	0	0	0	0	0	0	0	0	0	0.049711257	0.2674117	0	0.12477374	0.024246963	0	0	0.009171669	0	0	0.054273177	0.16483682	0	0.21357217
OA11r1	L	0.57536715	0	0.03322414	0	0.14669739	0	1.0493131	0	0.03782461	0	0	0.2438278	0	0	0.32432592	0	0	0	0	0.09017062	0	0	0.15461604	0	0	0	1.7044473	0	0.5458653	2.6651053	0	0	0.22205839	1.154183	0.06754767	0	0	0	0	0.03840799	0.022901786	0	0.027974388	0.07724939	0	0	0.009672429	0.1253243	0	0	0	0	0	0.016191406	1.0947285	0	0.102113865	0.110524386	1.0371792	0	0.28944144	0.028582295	0.030872602	0	0	0.16502728	0	0.07012566	0	0	0	0.16012518	0.045158498	0.01213454	0.15745658	0	0.01118303	0	0	0	0	0.033605993	0	0	0	0	0	0	0	0	0.021843601	0	0.04426163	0	0.07402947	0	0.053816058	0.059740137	0	0.1531878	0.02276245	0	0.073094554	0.40296176	0.07398026	0.04556876	0.20749222	0	0	0.020855896	1.9293185	1.2643585	0.030498566	0.019141603	0.015406886	0.16601472	0	0.0533264	0.009347322	0.124519415	0	0	0	0	0	0.69833344	0.20474459	0	0.1475706	0.0272619	0.15259695	0	0	0.0798797	0.16453834	0	0.012654194	0	0	0	0.9838378	0	0	0.72481847	0.072641715	0.13314155	0.024854453	0	0	0.010317096	0.010847132	0	0	0.28129026	0.116525285	0.6127201	0	0.129579	0	0	0	0	0	0	1.5376722	0.12007407	0.1459059	0.49980405	0	0	0.037666313	3.62811	0.03645637	0	0.010623382	0	0.097794116	0	0	0	0	0.064353086	0.12041703	0	0	0.11167985	0.2184309	0.6433465	0.042834736	0	0	0	1.7045892	5.028101	2.2908645	1.1968598	0.054814886	0.039472952	0.122393094	0	0	0.38470215	0.00755149	0.7961178	0.95040876	0	0	0	0.33308858	2.5582054	0	0.013106456	0.011478046	0.14224564	0.078327276	0	0.1430878	3.872835	0.09567598	0	0	0.03565934	0.040815577	0.120987624	0.045462053	0	0.5449835	0	0.14729793	0.013737035	0.62062794	0.25772902	0	0	0	0.018303715	0	0.63992864	0	0.038066518	0	0	0.03282227	0.11750561	0.07074493	0	0.35165694	0	0.09319538	0.12794678	0	0.008889739	4.0791516	0.07010291	0	0
OA13r1	L	0.056932434	0	0.042922057	0	0.025916686	0	0	0	0.12785017	0	0.018014407	0.07483542	0	0	0.7611806	0	0.26577657	0.124959104	0	0	0	0	0.29150906	0.032101374	0	0	0.44005442	0.30289567	0.17543061	0.0762641	0.4701217	0.019648744	0.17396872	0.72301775	0	0	0	0	0	0	0.013973408	0.0374442	0	0.008060316	0	0	0.04568261	0	0.22766478	0	0.04343893	0	0	0.013887181	0.8638362	0.023870336	0.050446793	0.19090304	2.3788555	0	0.08211697	0.07840312	0	0	0	0.22817786	0	0.11530738	0.10739028	0	0.08268228	0	0.04669923	0	0.14993341	0	0.020827577	0.08780167	0	0.025739724	0.063446864	0.07568162	0.049133543	0	0	0	0.079719946	0	0	0.1666359	0.050596215	0	0.009507038	0.072335914	0.022915078	0.08241666	0.13583685	0.07080006	0.2564687	0.18363412	0.05477958	0	0.1697391	0.33832595	0.16660082	0	0.052189574	0.010004799	0.46184492	0.064782664	0.17161511	1.4972193	0.025710102	0.004968304	0.049843766	0.19564119	0.0784875	1.0430663	0.046350915	0.09446412	0.029966388	0	0	0.06431312	0.1566587	0.067327596	8.630497	0	0.42181513	0.04572451	0.2002559	0.12443029	0	0.05026794	0	0.060383663	0.0552539	0	0	0.107840106	3.1878793	0	0.08049689	2.7090087	0.07789034	0.0595994	0.7343402	0	0.09196028	0.050871942	0.039665334	0	0.09792495	0	0.16301623	0.19486015	0.6377431	0.62343687	0	0.080270916	0	0	0.038944595	0	0.16417272	0.15002717	0.085546464	0.27384013	0.006349125	0	0.2616853	3.431242	0.4189038	0.09058317	0.049329747	0.02360126	0.026190702	0	0	0	0.062227946	0.1654711	0.31612298	0	0	0.1911662	0.029263863	0.78573734	0.3395261	0.014071705	0.97982955	0.1466475	0	0	0	0	0	0.052098338	0.017674156	0	0.007091694	0.25130418	0.044100218	1.3833199	0.86157775	0.016333206	0.026954517	0	0.22455816	0.8877458	0	0	0.03748692	0.16766803	0	0	0.110383965	0.11435174	0.031159675	0.054481007	0	0.082995445	0.038640805	0.12350032	0.4920405	0	0.015992023	0.05365171	0.05150775	0.03816442	0.23529528	0.1731578	0	0	0	0.0951806	0.0693874	0.05432728	0	0.009358112	0	0	0.022959683	0.21757394	0.021329863	0	0.12775584	0.09986696	0.18243948	0.39603925	0	0.054304734	0.28221914	0	0	0.37647986
OA7r2	L	0.03387143	0	0.023983609	0.010413417	0.056608405	0	0.014685223	0	0.007515671	0	0.009583287	0.19156803	0	0	0.18214308	0	0.03666362	0	3.1894827	0	0	0	0.014990489	0	0.00722481	0	0.50824827	0.03947221	0.2510591	0.017838916	0.30792344	0.010340432	0.4784997	0.44801342	0.043392736	0	0	0.010851958	0.005636463	0.00478339	0.7854214	0.22157036	0.005692425	0.01837019	0	0	0.00864966	0	0	0	0.041158143	0.032231838	0.09193876	0.0722104	1.9094306	0.013679084	0.0538679	0.116572805	0.3175829	0	0.072611004	0.22787684	0.03144355	0.0649837	0	0.07188435	0	0.07297095	0.12517338	0.032592967	0	0.044190697	0.005351551	0	0.11668266	0.012590871	0.007746077	0.041709833	0	0	0.027904937	0.1281053	0.028145969	0	0	0.044458818	0.06748163	0	0	0.013343834	0.08595424	0	0	0.1707683	0.02033309	0	0.08378295	0	0.09716246	0.3036593	0.037756447	0	0.10209601	0.30620253	0.09254822	0.008882377	0.17481838	0.011063329	0.052435365	0.014539482	0.16175428	0.20513116	0.05141155	0.006954513	0.011096242	0	0	0.074035645	0.008568727	0.12634346	0	0.008133712	0	0.04251592	0.07488529	0	3.845142	0	0.028523168	0.013715267	0.5979158	0.0652674	0	0.016444802	0.1051041	0.029949563	0.06805249	0	0	0.09004748	0.2894049	0	0.15224244	1.5345588	0.08919073	0.053351756	0.6816366	0	0.039755315	0.013217264	0	0	0	0	0.12743174	0.16429214	0.035593934	0.1548181	0	0.0325355	0	0	0	0	0.19234836	0.020015454	0.061240464	0.07752792	0.005475037	0	0.019942714	2.176069	0.14600086	0.25574982	0.008100037	0.096800044	0.014576488	0.31287083	0	0	0.004559588	0.012674507	0.16837423	0	0	0.19646418	0.02186559	1.0934103	0.090748936	0	0.4480077	0.16962436	0	0	0.06242666	0	1.5006586	0	0.018841803	0	0.011287716	0.23245059	0.011817688	0.5297278	0.35616058	0	0.09893726	0	0.07376428	1.655957	0	0	0.010914555	0.23354746	0	0	0.08508429	0.031593114	0.047880232	0.013320549	0	0.033861965	0.015906736	0.078373805	0.114312075	0	0.007162298	0.022355301	0.02197318	0.012761339	0.13349785	0.059883907	0	0	0	0.012701075	0	0.12189753	0	0.014651694	0	0	0.010749571	0.15750676	0.03182191	0.37300357	0.11047429	0.14419883	0.094580315	0.16017014	0	0	2.3757496	0	0	0.0507373
OA9r1	L	0.16561964	0.032382704	0	0	0	0	0	0.021766616	0	0	0	0.11026546	0	0	0	0	0	2.2786732	0	1.0589448	0	0	0	0	0.56415987	0	1.373947	0	4.651184	0	0	0	0	0	0	0	0	0.20535074	0.0233498	0.082088225	0.30077386	0	0.00848193	0.08327187	0	0.41804367	0	0	0	0	0	0	0	0.030328631	0.23661044	0	0	0.24672532	0.048503105	5.2649918	0.038287453	0	0	0	0	0.6356981	0	0	0	0.03283033	0	0	0	0.04761799	0	0.05247079	0.03232019	0.20718564	0	0	0	0.12155864	0	0	0	0	0	0	0	0	0	0	0.29682538	0	0.010976855	0	0	0	0	0	0	0	0	0.18350823	0	0.1180361	0.3802518	0	0	0	0.42354196	0	0	0	0	0	0	0	0	0.23028564	0	0	0	0	0.028748149	0	1.869375	0.41700694	0.06527339	0	0	0.024476012	0	0	0	0	0.015527322	0	0	0	0	0	0	0.08806161	0	0.18606623	0.23555067	0	0.095155485	0	0	0	0	0	0	1.9027759	0	0	0	0	0	0	0	0	5.433568	0	0.088743605	1.0825837	0	0.30159637	0	0.06391879	0	0	0	0.28074506	0.13047938	0	0	0	0	0	0.081928246	0	0	0.5631549	0.49355847	1.3822675	0.043969847	0	0	0	0	0	0	0	0	2.1975422	0.27046508	2.6554854	0.51996803	1.39937	0	0.64749306	0.17279695	0	0	1.3577534	0.04659621	1.2276736	0	0	0	0	0	0	0	0	0.26234832	0	0.075251654	0	0.12791978	0.28035882	0.010843211	1.8483918	0	0.29269886	0.13117877	0	2.567223	0	0	0.41909075	1.8092419	0	0	0	0	0.018693918	0.25845206	1.6301519	0.07618374	0.04433386	1.0481808	0	0.38803747	0	0	0.19956768	0	0	0	0.6003491	0.57309484	0.010359418
OB03r2	L	0.22353686	0	0	0	0.213834	0	0	0	0.060033575	0	0.025642361	0	0	0	0.11314941	0	0.15075588	0.06803901	0	0.5075087	0	0.029567612	0.029449373	0	0	0	3.1403158	0	1.9273056	0.5353767	0	0	0	1.802732	0	0	0	0	0	0	0.059266694	0.038092084	0	0.1337747	0	0.11120808	0.18445718	0	0	0	0	0	0.02377753	0.044627305	0.30756947	0	0	0.9354072	2.018307	0	0.3037434	0	0	0.016189259	0	0.24066564	0	0.31877723	0	0	0	0	0.067527	0	0.40395406	0.015732683	0.05678662	0.16119845	0	0	0.0415466	0.08547168	0	0	0	0	0	0	0	0	0	0.41596505	0.04782422	0	0.147642	0	0	0.2991909	0	0	0	0	0.7887253	0.14446844	0.052167214	0.07349599	0.2725756	0.012191376	0	0.18583739	0.40899065	0.014642341	0	0.028102897	0.1697377	0.43725872	0	0	0.14530233	0.08028701	0.097139046	0.11355077	0	0.045088287	0	0.1748902	1.5000261	0	0.1917775	0.37818378	0	0.016536346	0	0.04898333	0.4476807	0	0.8777829	0	0.0427487	0	0	0	0.04763655	0.2361111	0	0.048066255	0.26298758	0.06598281	0	0.25369617	0.109942906	0.04939711	0.03955955	0.15576746	2.067435	1.5078688	0	0.23001058	0	0	0.04536113	0	0	0	4.1835356	0.010184736	0.53553814	1.0350937	0	0.069757365	0	0.6402727	0	0	0.21588843	0	0.09503049	0	0	0	0	0	0.23745692	0	0	0.13504435	0.026907654	0.90333515	0.10600725	0	0	0	0	0	0	0	0	1.3015735	0.46883333	3.9399881	0.022328697	1.3939085	0.13373506	3.3361835	0.49550778	0.026887562	0	0	3.7386441	0.27769065	0	0.023720058	0.14608608	0	0	0	0	1.8301367	0.2936557	0.013022557	0.033146583	0.2648551	0.086928114	0.1550786	0.15148214	0	0.13278031	0.058038685	0.07598937	0.21274333	1.4108274	0	0	0.15928288	0	0.042513005	0.1553226	0	0.20045108	0	0	0	0.00855325	0.03306291	0.007493265	0	0.46555793	0	0	0.9707597	0	0.16042802	0.8364513	0	0.05284956	0
OB05r2	L	0	0	0.082062505	0	0.042219218	0	0	0	0	0	0	0	0	0	0	0	0.037232228	4.540269	0	0.370403	0.020792777	0	0	0	3.0717182	0	5.3144245	0	0.26201728	0.038575552	0	0.11409197	0	2.055576	0	0	0	0.26154214	0	0.018546315	0.03435024	0.06095689	0	0.012167998	3.6883922	0.27824432	0.06491596	0	0	0	0.15254688	0	0.20091195	0	0.013272291	0.10618173	0	0	0	0.9540039	0.016577877	0	0	0.012864655	0	2.8786397	0	0.104790844	0	0.030415416	0	0	0.018204296	0	0.018529808	0.026507843	0.014395779	0.15317923	0	0	0	0.058805812	0	0	0	0	0	0	0	0	0	0	0.01933243	0	0.016498076	0	0	0	0	0	0	0	0.33295485	0.067344315	0.113270536	0.007321638	0.24619672	0	0	0.08553774	0.84155583	0.6529233	0	0.016937373	0.06267852	0	0	0.04849782	0.10174838	0.08577527	0.0663728	0	0	0.041302495	0.04275084	0	6.0024133	0.09098298	0.051427454	0	0	0	0	0	0	0	0	0	0	0	0.44226947	0	0	0.03736828	0	0	1.0758866	0	0.008192529	0.07819129	0.060119685	0.09527618	0.04918811	0	0	1.9197302	0	0.09958597	0	0	0	0	0	0	5.4609876	0.054529693	0.59001255	0.6389191	0	0.07334685	0	0.026222944	0	0	0.08084148	0	0	0.019448053	0	0	0.045895778	0	0	0	0	0.06608277	0.07760731	3.1756544	0.10934829	0.02343379	0	0	0	0	0	0	0	0	0.2132632	0.029915137	2.2503788	1.4171461	3.6276538	2.7435696	0.07256308	0	0	0	0	0.5408115	0	0	0.0605795	0	0	0	0.31438324	0.111668885	0.03610149	0	0	0.10158661	0.08614861	0.4404259	1.4823654	0.33114657	0	0	0.36128664	0.07373639	1.6988294	0.40038276	0	0.21674101	0	0	0	0.14059342	0	0	0	0	0.11940858	0.031641513	0.016643094	0	0.7119085	0	0	0.8203805	0	0.08653082	0.580245	0	0	0.007517648
OB18r1	L	0.10292876	0	0	0	0.022168607	0	0.028332401	0	0	0	0.019872172	0.09637641	0	0	0	0.05201838	1.2725712	0.056072857	0	0.089098066	0.020334827	0	0.07662988	0.09126586	0	0	2.1784048	0.09497835	1.5821303	0.48301	0.34256896	0	0.83888113	0.82969177	0.11294502	0	0	0	0	0	0	0	0.08746296	0.0561571	0	0	1.0308098	0.20626837	0	0	0.14878556	0	0.036530502	0.21865882	0.17807002	0.09214416	0.27579388	0.09383316	0.78498405	0.65404284	0.3798885	0.10767199	0.2754786	0.021418173	0.011278732	0.2997638	0	0.12104909	0.10311855	0	0	0.12118408	0.023856008	0	0.11536897	0.013111268	0.005147886	0	0	0.15227683	0.76915866	0.055293456	0.039172545	0	0	0	0.12524773	0.010453045	0	0.05224012	0.06654479	0	0.007204103	0.19592823	0.124292664	0	0.06920117	0.18024503	0.14638434	0.13868563	0.038041245	0	0.23515715	0.14031723	0.2282607	0.02211128	0.24930659	0	0	0.07787125	1.5385945	0.11498706	0	0.029297415	0.06717824	1.4853673	0	1.6585819	0.076342404	0.070527785	0.04371243	0	0	0.23791142	0	0.9435761	0.24613284	0	0.01220021	0.21008621	0	0	0	0.061917376	0	0	0.07951679	0	0.026332239	0.09673366	0.005502488	0	0	1.7896287	0.21422556	0	0.0320598	0	0	0.065127485	0.052143566	0	0.036547683	0.320602	0.91310644	0.6867179	0.5155709	0.13470559	0	0.065948665	0	0.1186595	0	0.03881285	1.0284964	0.25493234	0.6495304	0.28622103	0	0	0.13833915	0.24504875	0	0.0344746	0.07468347	0	0.06791972	0.06245685	0.15303762	0	0	0.08632012	0.18402524	0	0	0.06716115	0.024158828	2.9362528	0.20233922	0	0.17532253	0.047897648	0	0.113959715	0.30737096	0	1.5775518	0	0.09482492	0	0.010477068	1.0794033	0.06458973	2.4477212	2.281559	0	0.030182824	0	0.052679524	0.44180065	0	2.3694353	0.058541678	0.07763505	0	0	0.17990626	0.47446844	0.08504656	0.007970187	0	0.07892324	0.42783296	0.0761795	0.23701324	0.25145134	0.23217267	0.02534485	0.05114468	0.07874838	0.43096936	0.78131723	0	0	0	0	0.1254405	0.26911044	0	0	0	0	0.011127004	0.025629295	0	0	0.45204535	0.19710249	0.08325495	0.6747616	0	0.08501869	0.13260485	0	0	0.022344697
OB24r1	L	0	0	0	0	0	0	0	0	0.14919032	0	0.11142932	0	0	0	0	0.17890532	7.2856083	0.15639773	0	0	0	0	0	0	0	0	1.0824963	0	0	0.042826068	0.059756342	0	0	0.08169045	0	0	0	0	0	0	0.38863578	0	0.040640064	0	0.66911757	0.3772036	0.0281117	0	0	0.20321652	0	0	0.04884665	0	0.021458453	0.28688878	0	0	0.03533243	0	0.15915394	0	0	0	0	0.051055536	0	0.058955226	0	0	0	0	0	0	0	0	0	0	0	0	2.079294	0	0	0	0	0	0	0	0	0	0	0	0	0	0.046196222	0.3246779	0	0.20819241	0	0	0	0	0.052562054	0	0.9647988	0	0.018773906	0	0	0.025845004	0.121358946	2.1751974	0	0.08530125	0.024499966	0.27486193	0	0.3639297	0.017299572	0.017550169	0	0	0	2.916602	0	0	19.295322	0	0	0.023165327	0	0	0	0	0	0.11659529	0	0	0	0	0	0	0	0.010797481	0	0	3.2550874	0	0	0.032587517	0.022245256	0	0.55584586	0	0.06028057	0.47363734	0	0.049076244	0	0	0	0	0	0	1.4461052	0.35559583	0.03309368	0.028840562	0	0.03524856	0	0.112154365	0	0	0.02522374	0	0	0	0	0	0	0	0.020081243	0.46464047	0	0.036909845	0	0.39163053	0	0	0	0	0	0	0.010878405	0	0	0	0.06699917	0.26105556	0	0.15387258	0.043492414	16.129295	0	0	0	0	0	0	0.072144546	0.19075571	0.025607893	0	0	0	0	0.119112544	0.012253925	0.07225191	0	0.058600016	0.018453715	0	0.018504059	0	0	0	0.023495529	0.021386327	0.3879911	0	0	0	0	0	0	0	0.22590522	0	0	0	0	0	0	0	0.17531133	0	0	1.5288534	0	0.013911952	0.009326158	0	1.8420191	0
OG24B2A	L	0	0	0	0	0	0	0	0	0	0	0	0	0	0	0	0	0.021484455	0.14955239	0	0.10527648	0	0.039339464	0	0	2.5877745	0	1.2107537	0	0	0	0.035040803	0.025804726	0	0.43905565	0	0	0	0.014371851	0.01349481	0	0	0	0.11567676	0.06787462	0.17981234	0.16401263	0	0	0	0	0	0	0.021361025	0.018619657	0	0.010304311	0	0	0	0	0.38918674	0	0	0.014098172	0	0	0	0	0.18312685	0.41052762	0	0	0.04166161	0	0	0.23025705	0.016368028	0.06924144	0.03094656	0	0.006319033	0.15949376	0	0	0.01775492	0	0	0.08252065	0	0	0	0.039185155	0.017734962	0	0.1165374	0	0	0	0	0	0	0.23231691	0.030734094	0	0.028806986	0.016032113	0	0	0	0	0.15748833	0.25209734	0	0.030812904	0	0	0	0.018251609	0	0.2556394	0	0	0	0.004818033	0	0	0.31886345	0	0	0	0	0	0	0	0	0	0	0	0	0	0	0	0	0	0	0	0.049362022	0	0	0	0	0	0	0	0	0.1684092	0.024712682	0	0	0	0.10659334	0	0	0	0.16122976	0.026534854	0.040379982	0.31193197	0	0.04512703	0	0	0	0	0	0	0	0	0	0	0	0	0	0	0	0.7553243	0.08990595	0	0	0.0117652	0	0	0	0	0	0	0	0	0	0.050961584	0.012793382	0	0	0.16781272	13.710785	0.48662955	0	0	0	0	0.018650541	0.01308278	0	0	0.09133632	0	0	0	0	0	0.090790674	0	0.02098353	0.052674133	0.07387565	0	0	0.0737855	0	0	0.30139762	0	0	0.14887421	0.10903264	1.0193715	0	0	0	0	0	0	0.17240566	0	0	0	0.05879671	1.3405609	0.32750237	0	0	0	0	0	0.025306806	0
OM15r2	L	0	0	0	0	0	0	0	0	0	0	0	0.10523946	0	0	0.13199519	0	0	0.34462142	0	0.6282897	0	0	0	0	0.830347	0	9.277063	0	3.9971051	0	0	0	0	1.1049799	0	0	0	0	0	0	0	0.008967777	0.030303553	0.04086009	0.038139638	1.0507762	0	0	0	0	0	0	0	0.34836286	0	0	0	0	0	0	0.32832447	0	0	0	0	0.43096653	0.00718297	0	0	0.037808742	0	0	0	0.017497042	0	0.019396717	0	0.20879132	0	0	0	0.007877433	0	0	0	0	0	0	0	0	0	0	0.011926019	0	0.10307489	0	0	0	0	0	0	0.23628202	0.02222356	0	0.046147015	0.12004002	3.3486342	0	0	0	0.39423054	0.29603085	0	0.01422941	0	0	0	0.15988334	0	0.04763311	0	0	0	0	0	0	3.1251066	0.013381998	0	0	0	0	0	0	0	0.018712208	0	0	0	0	0	0	0.014905063	0	0	0	0.32937995	0	0	0	0	0	0	0	0	1.1489285	0	0.14174984	0	0	1.5563002	0	0	0	6.5721264	0.037476473	0	1.1893616	0	0.315753	0	0	0	0	0	0	0	0	0	0	0	0	0	0	0	0.03687384	0.19750652	1.5455457	0	0	0	0	0	0	0	0	0	0	0.2953942	0.018733041	0.3975689	0	0	0.8405621	0	0	0	0.2768953	2.0434906	0	0	0	0	0	0	0	0	0	0	0	0.020667402	0	0	0.18016869	0	0	0	0.27060586	0.20750673	0	1.4236298	0	0	2.2598667	0	0.14251015	0	0	0	0.022124216	0	0	0	0.008825454	0.0970513	0	0.65944636	0	0	0.14300536	0	0	0	0	3.0903459	0
OM17r2	L	0.14732209	0	0.05070276	0.07410076	0.0326436	0	0.52976453	0.004940982	0.26718113	0	0	0.18465391	0	0	0.21700509	0	0	0.21244009	0	0.14691536	0	0.036909077	0	0	0.04719779	0	4.493392	0	0.63082033	0	0	0	0.36035323	3.3602734	0	0.011882059	0	0.0352283	0	0	0	0.030430472	0.13210142	0.49726415	0	0.00704951	0.058095142	0	0	0	0	0	0	0.017760212	0.2805051	0	0	0.9324918	1.5096354	0.6320413	0.85380024	0.051558252	0	0	0	2.0837312	0	0.1399999	0	0.02096132	0	0	0.016798262	0	0.076975346	0.021185705	0.02046512	0.098708175	0	0	0	0.07554838	0	0	0.010933848	0.08760967	0	0	0	0	0	0	0.03987559	0	0.23434497	0	0	0	0.033940524	0	0	0	0.22911252	0.10958491	0	0.32962555	0.7367125	0	0	0.07894625	1.0256441	0	0.07595456	0.027920183	0.06438597	0	0	0	0.046889335	0.21423371	0.043404654	0	0	0	0.12132945	0	0.3093976	0.37975365	0	0	0	0	0	0.20149752	0	0	0.16622165	0	0	0.029990539	1.4307512	0	0	0.2920238	0	0.09349967	0.032564495	0	0.22525313	0.06741003	0.048719246	0	0	0	0	1.4024708	0.08853371	0.4193456	0	0.17570004	0	0	0	0	3.7240105	0	0.36919886	0.72124606	0	0	0	0.9808128	0	0	0.054877434	0	0.054333605	0	0	0	0.16808692	0	0	0	0	0.55395526	0.5046398	2.1959517	0.015005386	0	0	0	0	0	0	0	0	3.4445946	0.20765316	0	0.3775977	0.45773062	0.03762099	3.255528	0.73523104	0.013994762	0	0	0.11412602	0.5773436	0	0.12129869	0.051764205	0.84766865	0	0.20934063	0.09074132	0	0.13500686	0	0.031898	0.17321865	0.07852428	0.16425179	0.9212068	0.28724846	0	0.23512019	0.18117441	0.07249779	1.501737	0.4251024	0	0	0	0.38102463	0.15065283	0.12925647	0	0.043999735	0	0	0.06435825	0.23301218	1.1813523	0	0.47945616	0	0	0.9220589	0.0600074	0.048393544	3.7583256	0.045336828	0	0
OM21r1	L	0.06634793	0	0.022464918	0.04225629	0.019329859	0.021310953	0	0	0	0	0	0.085899964	0	0	0.050609328	0	0.016903164	0	0	0.23985289	0	0	0.15714686	0.01026221	0.17908694	0	0.3898682	0.09278621	0.075214624	0.24487591	0.79394424	0.029899381	0.6381855	0.08930415	0.033907477	0.009225632	0.031910516	0.02063313	0	0.04766499	0.11545899	0.07178957	0.024490867	0.044030506	0.32794857	0	0.1335679	0	3.4491153	0.023343533	0.19943772	0	0.09393698	0.017959982	0	0.3114625	1.3537798	0.041528314	0.7602026	0.011780978	0.012394054	0.022116935	1.1683842	0	0.1147896	0.51092976	0	0.14139979	0	0.05832065	0.10558574	0.07010597	0.3118986	0.013546322	0.101366065	0	0.033087257	0.091664165	0	0.097327396	0	0.36144376	0.039175387	0	0	0	0.009643571	0	0	0.024465432	0.032887537	0.013352569	0	0.07976436	0	0	0.24922578	0.17098399	0.08859746	0.08239675	0.057164386	0	0.3921388	0.04819692	0.04112625	0.018858522	0.39054424	0.29414198	0.04243346	0.18053567	1.5474192	0.61940426	0.07628476	0.05608468	0.12682839	0.3655411	1.8084646	0.5047044	0.17225242	0.23304592	0.092516415	0	0	0.024922833	0.10599873	0.12685724	0.19985117	0	0.17304716	1.847349	0.009307985	0.00942051	0	1.0478791	0	0.020494858	0.14274062	0	0.08050392	0.04478277	0.32004145	0	0.05852063	0	0.124113455	0.077222236	0.027979985	0	0.027653836	0.13970143	0.09323857	0.49933013	0.01854504	0.039165467	0.6620744	0.5164504	0	0.04957668	0	0.03190864	0	0.019130982	0	0	1.294348	0.1727218	0.12618795	0.48662403	0.0228697	0.05299977	0.3972537	0	0.05871962	0.088114396	0.14486003	0	0	0	0	0	0.01708519	0.604378	0.07914695	0.2210334	0.007256927	0.589673	0.28984588	0.57588154	0.04691846	0.020929607	0.08478017	0.06858312	0	0.06393453	0.13084245	0	0.020340418	0	0.071884565	0.25994655	0	0.062351823	0.13385886	0.799597	0.04431826	0	2.1513305	0	0.46714127	0	0	0.14043508	0.11649488	0.46858633	0.03055758	0.6299253	0.011801868	0.46251708	0.16736613	0	0.028917676	0.14468096	0.17423598	0.060483854	0.16688232	0.07976217	0.20415597	0.024130596	0	0.12429494	0.50151527	0.2886146	0	0	0	0.037792824	0.10004062	0.108981736	0	0.017379435	0	0	0.012559277	0.19133945	0.98658377	0.07969845	0.24500534	0	0	0.31336975	0.024862701	0.10814581	0	0.029816724	0.013415886	0.11222612
P01	C	0	0	0	0.04655943	0	0	0	0	0	0	0	0	0	0	0	0	0	0	0	0	0	0	0.461437	0.0595206	0	0	0	0	0	0.28252554	0	0	0.905041	0	0	0	0	0	0	0.03163451	0	1.8696245	0	0.13037215	0	0	0	0	0	0	0.16619338	0	0	0	0.27318525	0	2.4686904	0.016754508	0.12544839	0	0	0	2.6006346	0	0.26748386	0	0	0	0.07521541	0.7826676	0	0	0.038774364	0	0.062439978	0.06111964	0.041440852	0	0	0	0	0.067321025	0	0	0	0	0.17953543	0	0	0.024641909	0.15721649	0	0.020951105	0	0	0	0.70615774	0	0.18106534	0	0.21125452	0	0	0.38803586	0.65099186	0.013986697	0	0	0	0	0	2.0984218	0	0	0	0	0	0.1554544	0	0.71271014	0	0.22065541	0	0	0	0.19959454	22.37604	0	0.32002977	0	0.70156705	1.7168827	0	0	0	0	0.42011985	0	0	3.357283	1.9539396	0	0	0.08607412	0.84615237	0	4.218985	0	0.58352196	0	0	0	0	0	0	0	0	0.040958595	0	0	0	0	0	0	0	0.12695774	0	0	0	0	0.13099629	0.06999503	3.4319906	0	0	0	0	0	0	0	0.10163152	0.06367127	0	0	0.008435669	0.8270171	2.1788702	0	1.0039365	0	0	0	0	0	0	0	0	0	0	0.14041248	0	0	0	0	0.10758804	0	0	0	0	0.26828316	0	0	0	0	0	0	0	1.0060103	0	0	0.011042702	0	0	0	0	0	0.06858632	0	0	0	0	0	0	0	0	0	0	0	0	0	0	0	0.107892394	0.1386709	0.13230002	0.08135191	0	0	0	0	0.1164607	0	2.2006395	0	0	0.7483513
P02	L	0	0	0	0.012984426	0	0	0.020671606	0	0	0	0	0.054417595	0	0	0.14344801	0	11.911331	0.01588805	0	0.029672952	0	0	0	0	0	0	0.121802695	0	0	0.089446485	0	0.02673724	0.19387704	0.15740824	0	0	0	0	0	0	0	0.0325891	0	0.044325873	0	0	0.04580904	0.08256587	0	0	0.1189031	0	0	0	0.41962525	0	1.0088093	0.18102948	1.3817544	0	0	0.09536046	0	0	0	0.01887092	0	0.10126744	0	0	0	0	0.036794834	0	0.024239501	0.018910171	0	0	0	0	1.2126094	0.022081435	0	0	0	0	0.012957889	0	0	0	0.036899537	0	0.010441725	0	0	0	0.063453734	0	0.017731803	0	0	0	0.034389462	0.21545489	2.0461857	0.016217163	0	0	0	0.07255061	0.042566173	41.655857	0	0	0.038541585	0	0	1.6794399	0.048501704	0.03632154	0.03829449	0.12240651	0	0.096817836	0	0	0	0	0.22950992	0	0	0.24068315	0	0.04261718	0	0	0.032198124	0	0	0.0445738	2.6180086	0	0	0.10580358	0.14303568	0	0	0	0	0.052205402	0.11084946	0	0	0	0	0.030862188	0	1.331661	0	0	0	0	0	0	0.062023148	2.6831167	0.019419834	0.04072427	0	0	0.042991553	0.12316065	0	0	0.039771777	0	0.0222747	0	0	0	0.031891096	0	0	0	0	0.07202159	0.14979725	0.051409308	0.07383109	0.012318078	0.15009043	0	0	0	0	0.062213883	0	0	0	0	0.006733242	0.038748898	0.05969203	0.1587072	0.707175	0	0	0	1.3169125	0.92019504	0	0.017953305	0.04051274	0.006252687	0	0	0	0.3322877	0.016625239	0	0	0.13184452	0.009763048	0	0.009268465	0	0	0	0.010337842	0.04126707	0.05905758	0.033371385	0	0	0	0	0.0541794	0.08574317	0.029026086	0	0	0	0.044217676	0.25972053	0.017849306	0	0	0	0	0.04076294	0.2270349	0.048955873	0.8034129	0	0	0.083445236
P03	C	0	0	0	0	0	0	0	0	0.004865479	0	0	0	0	0	0	0	0	0.034234513	0	0.04881296	0	0	0	0	0	0	0.03215302	0	0	0	0	0.029514397	0.2367371	0.035270933	0	0	0	0	0	0	0	0	0	0	0	0	0	0	0	0	0.27961078	0.053685904	0	0.008910227	1.1491545	0	2.267954	0.39180133	0.46021885	0	0	0.054915886	0.08942353	0	1.5785687	0	0	0	0	0.3027284	0	0	0	0	0.039838444	0.023731263	0	0.034604203	0	0.013146941	0	0	0.33847868	0	0.058555122	0.007551417	0	0	0	0.040945515	0.5850253	0	0	0	0	0	0.35114446	0	0.1177591	0.3409335	0	0	0	0.42125168	0.21712133	0	0	0	0.29185936	0	0	4.160151	0	0	0	0	0	0.11691695	0	0	0	0.006343024	0	0	0	0	0.4443474	0.28480405	0.009044584	0	0.85064906	0.4042474	0	0	0	0	0.1369104	0	0	0.0471749	0.013593135	0	0	14.194071	1.6090689	0	0.047834933	0	0	0	0	0	0	0	0	0	0.013178806	1.1359063	0	0	0	0	0	0	0	0.21275729	0	0.00737912	0	0	0.33978733	1.7505223	0	23.284185	0.004758839	0	0	0	0	1.784404	0	0.00525499	0.069350526	0	0.4250526	0	0.011062495	0	0.1908827	0.005163276	3.121558	0	0	0	0	0	0	0	0	0	0.05659502	0.021326333	0	0	1.2782416	0	0.28827205	0	0.10112488	0.7266712	0	0	0	0	0	0	0.36783573	0	0	0	0.009714654	0	0	0	0.007479688	0	0	0	0	0	0	0	0	0	0	0	0	0	0	0	0	0	0	0.005103685	0.010361986	1.1633443	0	0	0.005694422	0	0	0	0.39016408	0	0	0.006927363
P14	L	0.050433256	0	0	0	0.008109205	0	0	0	0.010769313	0	0	0.069505714	0	0	0.22160341	0	0	0.14260097	0	0	0	0	0	0	0	0	0.13689849	0	0.07010672	0.080312625	0	0	1.3447459	0.3902251	0	0	0	0	0	0	0.02480563	0	0.060647324	0.006379683	0	0	0.54727316	0.042173196	0	0	0.36571383	0	0.015471347	0	0.1396514	0	0	4.5891814	0.13398501	0	0.07928268	0.32488686	0	0	0	0.036395416	0	0.4132967	0	0.6725252	0	0	0.00619912	0	0.012763233	0.20148517	0	0.040429816	0	0	0	0.08360532	0	0	0	0	0	0	0	0	0	0	0	0	0.020594794	0	0.11342226	0.08818952	0	0	0	0	0.3264317	0.08684694	0.14440171	0.004375818	0.011021469	0	0	0.48782966	0.061333813	2.3701985	0.019024462	0.010308848	0.41327462	0.53685105	0	0.0766366	0.42254487	0.020271746	0.2752933	0.23774382	0	0	0	0.4823284	2.3044817	0	0.18381317	0.09450758	0	0.71682763	0	0	0	0	0.15351878	0	0.15709957	0.11571342	0.67770267	0.42027488	0	0.024044432	0	0	0.46153167	0	0	0.3840485	0.3307839	0	0	0	0.36468044	0.06791129	0.022213122	0.15267073	0	0	0	0	0	0	0.048443586	0.15650961	0.20403825	0.028399652	0	0	0.087647244	0.039954685	0	0.024686329	0.46296376	0	0.008896725	0	0	0	0.097498044	0.005381513	0.160383	0	0	0.017634215	0.009033766	0.093476556	0	0	0	0.73609215	0	0	0.10293205	0	0	0	0	0	6.4916162	0.3459267	0.40518928	2.0125127	0.069533	0	0	0	0.16699551	0.08377523	0	0.040287804	0.6328915	0.15801363	0	0.37431073	0	0.014733587	0.046996698	0	0	0.37825835	0.03512019	0	0.38870552	0	0	0.025378507	0.073415965	0.42691308	0.08859755	0.06503921	0	0	0	0	0.27559143	0.019667972	0	0	0	0	0	0.09487318	0.006531372	0	0.009453269	0	0	0.6502011	0	0.3875222	0	0	0	0.1938951
P15	Y	0	0	0	0.08829715	0.054299373	0.63025236	0	0	0	0	0	0	0	0	0	0	0	0.12181238	0	0.2146167	0	0.05789107	0	0	2.1995153	0	11.305433	0	0	0	0	0	0	2.4503393	0	0	0	0.041178122	0	0.7404161	0	0.64839256	0.01080568	1.0237786	0.15342927	0.2806542	0	0	0	0	0	0	0.023749081	0	0	0	0	0	0	0	0.041366886	0	0	0	0	3.2988153	0	0	0.13569263	0.65284824	0	0	0.27190283	0.15704507	0.14052014	0.44188818	0.114026606	0.15867689	0	0	0	2.4924657	0	0.14692688	0.010454835	0	0	0	0	0	0	0	1.2018439	0	0.08183627	0	0	0	0	0	0	0	0.41212955	0.08184528	0	2.2241874	4.3001547	0	0	0.05312963	0.2989637	0.010363033	0	0.01763697	0	0	0	0.009208472	0.07144262	0.5625236	0	0.49423093	0	0	0	0	0.607972	1.3783807	0.40437108	0	0	0	0	0	0	0	0	0	0.9668082	0	2.751692	0	0	0	0	0	0.09028487	0.035808492	0	0.04203326	0.19310276	0	0	0	0	0.36332965	0	0	0	0	0	0	0	0	1.2307245	0	0.4879079	0.6764882	1.85674	0.057526242	0	0	0	0	0	0	0	0	0	0	0	0	0	0	0	1.888344	2.8587527	0	0.025271783	0	0	0	0	0	0	0	0	0	0.37043256	0.79595	0.25575638	0	0	0.42832583	0	0	0	1.5587108	1.287783	2.4204245	0	0	0	0	0	0	0	0	0	0	0.07446654	0.071114145	0.07762912	0.124919064	0.11426094	0	0	0	0	0.033334598	0.8940189	0	0	0	0	0.6946473	0	0	0.38355485	0.14013591	0	0	1.1603029	0.16852213	1.2032158	0	0.5224718	0	0	0.13968894	0.25540546	0	0	0.15259562	0.030875444	0
P22	C	0	0	0	0	0	0	0	0	0	0	0	0	0	0	0	0	0.05089035	0.13268392	0	0.007797199	0	0	0	0	0.043192726	0	0	0.023780772	0	0	0	0	0.06273215	0	0	0.45141095	0	0.53506565	0	0	0	0	0	0	0	0.01197816	0.05116015	0	0	0.042271875	0.5752857	0.07272511	0	0	0	0	0.11371337	0	0.017503604	0	0	0.076483436	0.08425694	0.05315051	3.467237	0	0	0.15481332	0	0.1377342	0	0	0.024825031	0	0.13061182	0.018365143	0	0.051857915	0	0	0	0.09791772	0.097044684	0	0	0	1.2470125	0.04633622	0	6.547362	0.63602054	0.23166363	0.035935804	0	0	0	0.28098562	0	0	0	0	0	0	0.08074994	0.31853518	0	0	0	2.3127584	0.05853487	0	1.5024673	0	0	0.05502444	0	0	0.22541898	0.079852104	1.0665947	0.030726941	0.05160404	0	0	0	0	15.114181	0.00546448	0.27685687	0	0.055049103	1.1593561	0	0.012669817	0	0.1293439	0.06812857	0	0	0	0.055085264	0	0.013666695	0	5.9597893	0	2.8075035	0	0.04989068	0.041394718	0.0443596	0	0.07018904	0	0	0	0	1.8200525	0	0	0	0	0	0.06950959	0	0.14376153	0	0	0	0	0.9843138	0	0	0.08157403	0.056888673	0	0	0	0	0	0.6904607	0	0.17041317	0	0.14519759	4.046037	0.08804583	0.006366829	0.04133207	0	0.28836623	2.382946	0	0	0	0	0	0	0	0	0.18739334	0	0.18607032	0	0	0.01740111	0.33780718	0	0.09938406	0	1.0120515	0.50269437	0.041323036	0	0	0	0.05550607	0	0.037422862	0	0.011947975	0.12199133	0	0	0	0	0	0	0	0.04586401	0	0	0	0	0	0	0.04188752	0	0	0	0	0	0	0.1423471	0.098126106	1.3174351	0	0	0	0	0	0.06783717	0	0	0	0.17873704
P23	L	0	0	0	0	0	0	0	0	0.030436082	0	0	0.07393297	0	0	0.10617178	0	0	0	0	0.056971326	0	0	0.53277665	0	0.6219884	0	0.06810301	0	0.02683325	0.12056506	0	0.02596591	5.074216	0.08538127	0	0	0	0	0	0	0.013013392	0.14894165	0	0.025800744	0.18923225	0	0.11461353	0	0	0	1.8785771	0.23502226	0	0	5.1856484	0	0.024901433	2.000787	1.0821892	0	0	0.1211775	0.17679463	0.034776915	0	0.05349003	0	0.13342036	0.04865315	0.058619823	0.08721589	0	0.07496677	0	0.037260525	0.3244579	0.02244493	0.033173747	0	0	0	0.039237536	0.16804032	0.016256006	0	0	0.07756442	0	0	0.016006414	0.111646526	0.014810382	0.039417896	0.4301381	0	0	0.24924473	0.044536002	0.19435836	0.14477839	0.046375394	0	0.02845989	0.68118644	0	0.023427991	0.00794252	0	0	0.1506515	0.045814574	0.006154165	0.013951293	0	0.1360669	0.35900673	0	0.005823053	0.10390495	0.09623987	0.059803043	0.07456051	0	0	0	0.32073554	0.4673623	0	0.44391173	0.04337425	4.7538643	1.3018551	0	0.012304431	0	0.016651748	0.4485236	0	0	1.5691105	7.7387695	0	0	0.44536558	0.803611	0	0.034698162	0	0.40019667	0.13071659	0.06491423	0	0	0.021704495	0.07541873	0.027818358	0.004207376	2.6515486	0	0.051813174	0.056148518	0	0	0.029498484	0.02119656	0	0.026277088	0.031118138	0	0	0.044290245	1.5114096	0.086000375	0.058377456	0.13172644	0.008879355	0.005551873	0	0	0	0.13311902	0.039710086	1.39934	0.013302104	0.008485289	0.2539927	0.12364689	0.08477601	0.6578535	0.010636099	0.29097524	0.37682518	0	0	0	0	0	0	0	0	0.013109935	0.025130372	0.07920914	0.09858451	0.60663	0	0	0	0.6569624	2.5655856	0	0	4.0274963	0.036731876	0	0	0.2234204	0.045655593	0.013361085	0	0.004864463	0.15216537	0.009941133	0	0.011546523	0	0.030101689	0	0.012779248	0.17750284	0.06221253	0.012978682	0	0	0	0.016759979	0.04414363	0	0.012104546	0.008843718	0	0	0.051919065	1.298412	0.16794421	0	0.011823679	0.06774465	0.028903402	0.022826029	0	0.08948133	0.117422454	0.012622951	0	0.14854635
P24	E	0.11030987	0	0	0.010679049	0	0	0	0	0.014505603	0.05204493	0.15483406	0.2488603	0	0	0	0.045522828	0.25150022	0.39673457	0	0	0.008930881	0	0.40859726	0.030583583	0.030816285	0	0.89382714	0.30664116	0.73883003	0.6877291	2.5224369	0	1.3884798	0.15005276	0	0	0.24488802	0.0537313	0	0	0	0	0.008915992	0.030459022	0	0	0.098318405	0	0	0.03167163	0.5347857	0	0	0.3558922	0.091986775	0.035009112	0.01408326	0.17830369	0.5154601	0.10463396	0.02579831	0.06745855	0.28207645	0	0.011207488	0.7507523	0	0.12384664	0.0836604	0	0	0	0.13166933	0	0.049684953	0	0.011842986	0	0	0.12454248	0.09153396	0.03823432	0.030642813	0	0	0	0.13006356	0	0	0.3578959	0.075198814	0.027838606	0.011227784	0	0.017347572	0.045472242	0.099468194	0.22211808	0.08198181	0.098865345	0.23803665	0	0.30752054	0.077835225	0.124905065	0.043512095	0.28677863	0	0.08736148	0.1126741	0.8316041	0.48899966	0	0.013457119	0.107537836	1.1844649	0	0.4345966	0.17746274	0.08498958	0.065038346	0	0	0.093482755	0.06264329	0.74618435	3.2849686	0	0	0.45128673	0.08475099	0.24487887	0	0.04496194	0.55947137	0.5251255	0.03178477	0	0	0.06344372	0.17174657	0.08491214	0	0.09224071	0.224211	0.016592326	0.56344044	0	0	0.08146803	0.08229468	0	0.09509406	0.27118224	2.621034	0.41481835	0.1598344	0.37216938	0	0.08740649	0	0	0.08955173	0.13492377	0.6266361	0.13104364	0.67637736	0.14767155	0.014660903	0.025346197	0.19643836	0.259338	0	0.033621874	0.1224485	0	0.04258031	0	0	0	0.11435787	0.31488827	0.16884513	0	0	0.15428096	0.06289391	1.3024552	0.15531318	0	0.050644252	0.10580935	0	0.090913795	0.082013085	0	0	0	0.054427903	0	0.015167251	0.42573008	0.14965951	0.39825612	0.27208617	0	0.032756366	0.006491351	0.07136411	0.1534179	0.02688048	0.010227273	0.08007337	0	0	0.09361985	0.3030976	0.84469336	0.21145898	0.12946756	0	0.14196488	0.39607942	0.058155388	0.35373327	0.0602791	0.45340955	0.01612217	0	0.091437146	0.2963449	0.05165438	0	0	0	0.025687058	0.10322622	0.20253348	0	0	0	0	0	0.072221406	0.14383104	0	0.69755054	0.10182259	0	0.20490265	0	0.14396653	0.049040314	0.009615307	0	0.15067224
P26	C	0	0	0	0	0.005142935	0	0	0	0.007176934	0	0	0.12570019	0	0	0.083252795	0	0.016302818	0.68853456	0	0.03349333	0	0	0	0	0	0	0.063296475	0	0.033272687	0.028649671	0	0	0.8137447	0.07370525	0	0	0	0	0	0	0.031925444	0.16423044	0.01391945	0.05751534	0	0	0	0	0	0	0.50514835	0	0	0	0.1804122	0	0.31252187	2.030874	0.20202196	1.9909192	0.026319098	0.06373521	0.14146312	0.018582355	0	0.03412705	0	0	0.100461185	0.023114894	0	0	0	0	0	0.0242787	0.0432562	0.054124	0	0	0.026266854	0.060885083	0	0	0	0	0.7284495	0	0	1.0032543	0.8857686	0	0.08082528	0	0.008890513	0	0	0	0	0	0	0	0.024118109	0.15549019	0.019899657	0.070817016	0.047659732	0	0	0	0.2998963	0.010582143	0	0	0	0	0	0	0	0.45045394	0	0.15479694	0	0	0	0.064324275	0.41027075	0.04005247	0.48898646	0	2.3719714	0	0	0.5605932	0	0	0.051935107	0.6143914	0	0.06399467	0.8532823	0	0	0.118105985	6.4545784	0.013532535	0.07085629	0	0.21994743	0	0	0	0	0.024933638	0	0.042968553	0.034988657	0.087965034	0	0.05151036	0.031186659	0	0	0	0.03440283	0.005328541	0.03843065	0.048318673	0.25776705	0	0	0.66922146	0	0.1847971	0	0.013584701	0.015804492	0	0	0	0	0	0.20313172	0	0.01998814	0.49281	0.79874027	0.03433043	0.07947112	0	3.121458	0.431317	0.14148664	0	0.18498802	0.010186068	0	0.030255834	0	0	0	0.07842431	0	0.07714112	1.2275355	0.043272965	0	0	0.7537166	0.8050873	0	0.013823785	0	0	0	0	0	0.053968064	0.010168391	0	0	0	0.008061279	0	0.025884815	0.6331784	0.24342139	0.009372477	0.008980802	0	0.103417456	0.03419149	0	0	0	0.018177863	0	0.010100553	0.020626424	0	0	0.19960947	0.039086044	0.03520513	0	1.7148286	0	0.13799055	0.11326586	0.008340474	0	0	0.12079025	0.04197865	0	0
P27	L	0.19662014	0	0.03274971	0.011270388	0	0	0	0	0	0	0	0.45619622	0	0	0.28136003	0	0.020110542	0.21577114	0	0.64800423	0	0	0	0	0	0	0.9163051	0	0.10041285	0.12073187	0	0	0.24748568	1.7982054	0	0	0	0	0	0	0	0.311816	0.107485436	0.022409998	0	0	0.04488385	0	0	0	0	0.356155	0.063123606	0	0.52211523	0.007970509	0.012713377	2.692865	4.2248845	1.069457	0.43625396	0.15183708	0	0	0.08968928	0.60024375	0	0.13147122	0.07755861	0.12470171	0	0	0.063186094	0	0	0.03462894	0.019143384	0.14299056	0	0	0.006687172	0.04432977	0	0	0	0	0	0	0	0	0	0	0.027231622	0	0.12424826	0	0.048779227	0.065088786	0	0	0	0.02621286	0.43344292	0.9739048	0.038870737	0.036153514	0.122988135	0	0.07861545	0.06566973	1.0727811	0.03776504	0.029413676	0.036544252	0.052878756	0.039423026	0	0.005026045	0.048326146	0.1578899	0.036355365	0.07370417	0	0.005657727	0	0.0819433	0.15084657	0	0	0.0804969	3.5216742	2.36902	0	0.085247666	0	0	0.011966279	0	0.015314972	0	2.2380657	0	0.2283325	0.51919746	0	0.039814323	0.019001141	0	0.027207103	0.04524622	0.037017502	0	0	0	0.19844957	0.51075876	0	0.14816721	0	0.18242477	0.05316796	0	0	0	1.1027206	0.027126985	0.13187486	0.57931024	0	0.039194286	0.026858967	1.5035436	0	0	0.07674414	0.07058216	0.1604441	0	0	0	0	0	1.0431322	0	0.006378383	0.2763288	0.48492652	0.6130612	0.04148597	0	0	0.0677518	0	0	0	0.22612639	0	0	0.07655498	0.523058	0	0.50906265	0.04719855	0.107228525	1.2371858	0.053552844	0	0	0.95213264	5.6201	0	0	0.051307347	0.8950616	2.4533224	0.5594343	0.019002577	0.19835329	0.07981681	0.006603816	0	0.095159814	0.2520357	0.12955515	0.9779144	0.41159743	0	0.18608327	0.40263322	0.058182508	0.5452612	0.19014701	0	0	0	1.0360119	0.07595672	0.29429623	0.024529887	0.0638227	0	0	0.25385833	0.13658759	0.14486004	0.07232564	0.15910205	0	0.10863327	0.19656749	0	0.039857477	0.2809658	0	0	0.044463087
P30	C	0	0	0	0	0	0	0	0	0	0	0.02659943	0	0	0	0	0.08898133	0.043924548	0.018535001	0	0.013748423	0	0.09977022	0.052307613	0	0	0	0.0356612	0.021113299	0	0	0.006136542	0	0.11370188	0	0	0.03668814	0	0	0	0.09671862	0	0.034949575	0.017420953	0.12038408	0.005736989	0.031284787	0.090986095	0.11754507	0	0	0	0	0	0	0	0.01713083	0.0496481	0.24837619	0	0.033110663	0.2044058	0	2.702912	0	0.15954915	0	0	0.09006846	0	0.4576317	0.05929853	0	0.020768054	0.021966808	0.05084873	0.12102141	0.022266665	0.0208602	0	0.016987262	0.015571523	0.26375732	0.038020395	0	0	0	0.02557491	0.06056499	0	0.54435515	0	0	0	0	0.11028826	0	0.11067135	0	0.02461735	0	0.024650978	0	0.006838805	0.04299159	0.6041382	0.036585238	0	0	0	0.09521592	0	17.413975	0	0.011663869	0.12093939	0.036191154	0	1.1681315	0.086538576	0.058909353	0.21137212	1.0329769	0	0.016699627	0	0	0.5954047	0.12977354	1.68045	0	0	0.8004302	0	0	0	0.3062182	0.02794549	0	0	0	0.21656778	0.18444538	0	0	0.050757233	0	0.101704724	0.030554753	0.45081654	0.12640026	0.07550488	0	0.12174985	0	0	0	0	0	0	0.016995935	0	0	0	0	0	1.0362476	0	0	0.21523346	0	0.38728762	0	0	0	0.23057206	0	0	0	0	0	0.13053583	1.7277603	0.026292756	0	0.67252743	0.14675161	0.38074672	0	0.5500959	0	0	0.73576117	0	0	0	0	0	0	0	0	0.1870295	0.008648846	0.09335126	0.029078502	0	0	0.19154063	0	0	0	0.14823304	0.015188903	0.08931057	0	0	0.710558	0.018069854	0	0	0.019562265	0.28267312	0.19289964	0	0	0	0.014843821	0	0	0.004323131	0.099256024	0	0	0	0.014825634	0	0	0.058452267	0	0	0	0	0.0968041	0.013381939	0.1408256	0.26209155	0	0	0	0	0.00786916	0	0.09922636	0	0	0.036846574	0.1076791
P31	E	0.24394813	0.01980428	0.046908025	0	0.21214676	0	0.11544634	0	0.25058472	0	0	0	0	0	0.21885927	0	0	0.32876432	0	0.18726157	0	0	0	0	0.11684522	0	2.7550964	0.028024774	0.3209537	0	0.08615562	0.33672225	0	2.1266701	0	0	0	0	0	0.011425153	0.008839349	0	0.09147761	0.021646451	0	0	0	0	0	0	0	0	0.121410675	0.28388378	0.013181586	0	0.25628224	0.046163287	0	5.7301373	0.92359036	0.18460935	0	0.052538835	0	5.2239494	0	0	0	0	0	0	0.018732807	0	0.05741971	0.021962656	0.007438143	0.12401347	0	0	0	0.014622767	0	0.021899277	0	0.11593796	0	0.05409709	0	0	0	0	0.01161056	0.07435163	0.25994042	0	0	0	0	0	0	0	0.44104904	0.04728085	0	0.011323068	0.8722405	0	0	0	1.0551909	0	0.08460844	0.03612785	0	0	0	0	0	0.06845767	0	0.017420312	0	0	0	0	0.6023392	0	0.20627007	0	0	0	0	0.15709977	0	0	0.017417105	0	0	0	0.3347449	0	0	0	0	0	0.08521592	0	0	0	0	0	0	0	0	2.9424827	0	4.1612244	0	0.15620285	0	0	0	0	9.172901	0	0.3967642	0.6689403	0	0.12205939	0	0.008674834	0	0	0	0	0.032099582	0	0	0	0.09090781	0	0	0	0.028003508	0.07941899	0.50121325	0.38079938	0.097450264	0.09615427	0	0	0	0	0	0	0	0	0.38612035	0	0.46325564	2.382631	0	3.02685	0.11860466	0	0	0	0.62844634	0.054820403	0	0.06625308	0	0.62246215	0	1.0931382	0	0	0.100034565	0	0.006829214	0	0.100458264	0.13669984	2.7428951	1.8014551	0	0.50930345	0.28474864	0	2.6556206	0	0	0	0	0.3370858	0	0	0	0.010611543	0	0	0.15216723	0.041369356	0.05450955	0	0.85685253	0	0.27729005	0.92098755	0	0	0	0.04625476	0	0.06622567
X01	C	0	0	0	0	0	0	0	0	0	0	0	0	0	3.9347205	0	0	0.3291184	0	0	0.18972646	0	0.011211495	0	0	0.07081316	0	0	0	0	0	0	0	0.20181338	0	0	0	0	0.8721571	0.02551524	0	0	0.045411985	0	0.009931053	0	0	0.038650375	0	0	0	0.40473485	0.096285	0	0	0.008468977	0.22629237	0.044056047	0.1185904	0	0.04472851	0.00448833	0.015528115	5.623118	0	0.5618112	0.011015459	0	0.11224211	0	0.30298185	0	0	0.039594706	0	0	0.029656008	0	0.04887252	0	0	0.24151064	0.06404356	0.57756245	0	0	0	0.110583	0	0	10.793956	0.47970587	0	0.0174771	0	0	0.02142291	1.3541341	0	5.858287	0	0	0	0	0.07525385	0.1814669	0	0.004103458	0	1.2497263	0.05376872	0.110981554	2.336229	0	0	0.0422383	0	0	0.14544071	0.040700704	0.27438638	0.027508995	0.32695097	0	0.35926935	0	0	0.6147655	0	8.461342	0	0	0.31894076	0	0	0	0.05546142	0.25119364	0	0	0	4.9595246	0	0	0.010291203	4.336689	0	0.12993006	0	0.66973156	0.04649972	0.03271673	0	0.0529672	0	0	0	0	0.2788173	0	0	0	1.6825689	0	0	0	0.1586683	0	0	0.12675773	0.01700435	0.2592425	0.01811265	0	0	0.053251177	0	0	0	0	0	0	0.07636174	0.15744008	0.025567237	0.081055775	0.25951332	0.26565424	0	0.07660814	0	0	0.8536331	0	0	0	0	0	0.1594062	0	0	0.042915378	0.01101402	0.036571655	0.011235769	0.059753735	0	0	0	0.19618195	0.046459854	0.041655324	0	0.05161106	0.007095876	0	0	0.06928042	0	0	0.007756369	0.026692688	0.09904404	0	0	0	0.024352634	0	0	0	0.04380545	0	0	0	0	0	0	0.04424815	0	0.11844897	0	0	0	0.012267909	0.87709916	0	0.1240793	0	0	0	0	0	0.033293173	0	0.038693253	0	0.5513873
X02	L	0	0	0	0	0	0	0	0	0.017065749	0.09050228	0	0.014242915	0	0	0	0	0.026403358	0	0	0	0	0	0.7545663	8.738153	0.006848853	0	0.01677435	0.9974743	0	1.8860972	0.005743043	0	0.2540731	0.020064339	0	0	0.009694383	0	0	0	0	0	0.11623668	0.005823693	0	0	0.021520317	0.50636566	0	0.05310285	0.06684796	0	0	0	4.327902	0.012039468	0	0	2.3906293	0	0.23128253	0.033154707	0.029984042	0	0	0.010911755	0	0.06761388	0.046664644	0.28123125	0	0	0	0	0	0.023141572	0	0	0	0.17982666	0.04607545	0.040901218	0	0	0	0	0	0	0	0	0	0	0.010392216	0	0.05933237	0	0	0	0.021798365	0	0	0	0.010580048	0.40711096	0.34786028	0.044246584	0	0	0	0.03816111	0.02087847	8.283476	0	0	0.022081085	0.014376145	0	0.5169995	0.01906605	0.058363527	0.015580823	0	0	0	0	4.1194615	2.8116362	0	0.030471876	0	0	0.03791477	0	0	0.09544654	0.17284699	0.005110806	0	0	0.02063618	0.024468683	0	0.024185965	4.657844	0.032057714	0	0.5682359	0	0.029780667	0.026691819	0.01749741	0	0	2.751305	0.014550383	0	0.005015207	0.67730975	0	0.021685734	0	0	0	0	0	0.5634499	0	0	0	0	0	9.185052	0	0	0.026567189	0.00774528	0	0	0.38820395	0	0	0	0.095012374	0	0	0.04045628	0.033132248	0.009022754	0.10178955	0	0	0.004580255	0	0.17258899	0.29554203	0	0	0	0	0	0.004404068	0.022166671	0.026275683	0.19774528	1.0412899	0	0.008409384	0	0.082434855	0.6009971	0.07369307	0.21570751	0.023581868	0	0	0	0.0894487	0.5414221	0.006396273	0	0	0.056108057	0	0	0	0	0.568353	0	0	0.022387877	0	0.012725711	0	0	0	0	0.023116402	0	0	0	0.46581864	0	0	0.5288777	0	0	0.004289765	0	0	0.054098997	0	0.016681364	1.0206808	0	0	0
X03	C	0	0	0	0	0	0	0	0	0	0	0.029922882	0	0.01748038	0.032232046	0	0	0	0	0	0	0	0	0	0	0.00602358	0	0	0	0	0	0	0	0.043682788	0	0	0	0	0.06174593	0	0	0	0	0	0	0	0	0	0	0	0	0.06092043	0	0	0	0.013013204	0	0.0493191	1.2199087	0.034015037	0	0	0.039700307	0.10996008	0.046207745	1.4169232	0	0	0	0	0.5047229	0	0	0	0	0.06097357	0.011972411	0.007587136	0	0	0	0	0.06667951	0	0	0.008338883	0	0.06734621	0	0	4.429031	0.45785025	0.18167424	0	0.3464581	0	0	0.17884248	0	0.3686579	0	0	0	0	0.139748	0	0	0	0	0	0	0	17.147062	0	0	0	0	0	0.52670497	0	0.041095715	0	0	0	0	0	0	5.7878914	0.051974922	0.13067897	0	0.094908275	0.20272684	0	0	0	0	0.07944524	0	0	0	0.5922558	0	0	0.018566651	2.9075553	0	0.3794761	0	0.2966162	0.034717172	0	0	0	0	0	0	0	0.049708657	0	0	0	0.01084789	0	0.89442194	0	0.8740217	0	0	0.016026406	0	0.3172442	0.052299522	1.1311389	0	0	0	0	0	0	0	0.044002183	0.21125823	0.058941606	0	0.062166035	0.042705506	0.4044105	0	0.027697459	0	0	0.17434719	0	0	0	0	0	0	0	0	0	0	0	0	0.2857176	0	0	0	0	0.043921467	0.28495505	0.026866319	0	0	0	0	0	0	0	0.0638003	0	0	0	0	0	0	0	0	0	0	0	0	0	0	0	0	0	0	0	0	0	0	0	0.094444215	0	1.6195391	0	0	0	0	0	0	0	0	0	1.0737123
X04	L	0	0	0	0.035123978	0.010407853	0.09880403	0.20643729	0	0	0	0	0	0	0.007990698	0	0	0	0.10839989	0	1.4953129	0	0.03292713	0	0	0	0	0.5971703	0	0	3.1081657	0.042416185	0	0	0	0	0	0	0	0.006931082	0.0920712	0.03517939	0.89531374	0.113045946	0.31520233	0	0	0.006442623	0	0	0	0	0	0	0.05866547	0	0	0	0.60435754	3.135512	0	0.39438388	0.7569922	0	0.05251592	0	0	0	0.07709899	0	0.12796916	0	0	0.04929685	0.031810902	0.1678965	0.25614938	0.08079026	0.25962138	0	0	0	0.65767425	0	0.2913533	0.013746888	0	0	0	0	0	0	0.034271464	0.21103604	0	0.09874063	0	0	0	0	0	0	0	0	0.26676917	0	0.48990053	0	0	0	0.009026115	0.9530001	0.006064026	0.036117475	0.020004041	0.011873983	0	0	0	0.007583892	0.71705437	0	0.047434423	0	0	0	6.8839703	0.23887128	0.022769406	0.32084572	0	0	0.53295994	0	0	0	0	0.0935683	0	0	0	1.8507011	0	0.14666894	0.13825075	0.04326151	0	0.036610737	0	0.055964816	0.009251755	0	0	0	0.54730767	0	0.24251507	0.69914323	0.64041084	0	0	0.0439275	0	0	0	0.44701934	0	0.054700974	0.27937132	0.26811454	0.055248227	0	0.059414905	0	0	0.009140219	0	0.033267755	0	0	0	0.019191008	0	0.37541214	0	0	1.4964772	2.103925	0.6899875	0	0	0	0	0	0	5.8604817	0	0	0	0.0490536	0.43141466	0.028826995	0	0.006292998	0.8201144	0.19394241	0	0	0	0.11233486	1.2070524	0	0	0.00672428	0.3473476	0	0.1879729	0.021389779	3.4717207	0	0	0.05555838	0.03946748	0.095729984	0.09891742	0.15277487	0	0.9055918	0	0	0.009621626	0.28202677	0	0	0	0	0	0	0	0.019328628	0.4704209	0	0	0.54035056	0.39281476	1.163004	0	0.069175884	0	0	0.16197687	0.12674941	0.006172649	0.13798271	0.06297134	0	0.089887306
X05	C	0.07727424	0	0.0495319	0.07085605	1.4964195	0	0.09337365	0	0.020359712	0	0	0.17745262	0.09030464	0	0.40306935	0	0.018046137	0.3185849	0.015099273	0.9827486	0	0	0.8056871	0.30804232	0	0	0.9798599	3.145439	0.15785499	0.14538758	0.1542239	0	0.16240169	0.5494816	0.09984484	0	0.025912084	0.03334088	0	0.054001648	0	1.8595935	0	0.4851594	0.11450147	0	0.017726792	0.21163614	0.06842802	0.013956235	0.2734869	0	0.052624162	0.013335789	2.17331	0.27716142	0	0.17166154	0.24591336	0	0	0.02357912	0.03419286	0.038388256	0	1.0029494	0	0.06877857	0.0768614	0.020466665	0	0.08586673	0.05703014	0.024570592	0.16735668	0.039725244	0.04115236	0.20136909	0	0	0	0.80743885	0	0	0	0.22787361	0	0	0	0	0.022207893	0	0.08889299	0.008808254	0	0	0.049918886	0.089608446	0.011234981	0.113569774	0	0	0.15807398	0.12865727	0	0.15461306	0.12892924	0	0	0.02457528	0.21991518	0.020938978	0.02010072	0	0.025676612	0.55799633	0.10163053	0	0.017741887	0.9387637	0.015403286	0	0	0.016771985	0	0	2.1324618	0	0.031757828	0.0630881	0.015512841	0.495493	0	0.050988927	0	0	0.008331182	0	0	0.01666602	0.70324236	0	0.059077498	0.31799904	0.054213267	0.024494158	0.47375533	0	0.044587605	0.020086847	0.015059697	0	0	0	0.16501546	0.50476146	0.20346662	0.1444681	0	0.046525273	0.04742467	0	0	0.021130556	1.0718074	0.01443983	0.45400983	0.21348815	0.14341015	0.04647179	0.06531713	0.64086497	0.009268825	0	0.022678155	0	0.017880248	0	0	0	0.027802423	0.027041893	0.08116371	0.064667135	0	2.1124465	0.37996075	1.8494201	0.08614639	0	0.04007032	0.014631361	0.5816905	0	0	0.107981525	0.025746068	0	0.06717631	0	0.05382313	0.3107462	0.022394221	1.1565489	0.757277	0	0	0	0.13194793	0.5637728	0	0.005939361	0.01989413	0.159517	0	0.1631638	0.8943658	6.1216908	0.10291909	0	0	0.0534467	0.2289387	0.07831904	0.7545683	0	0	0.098790444	0.09378376	0.016812894	0.48117808	0.24064559	0	0	0	0.5805769	0	0.07954101	0	0.092280515	0	0	0.35161793	0.23379968	2.1356032	0	0.48631248	0.25768912	0.17003044	0.332829	0.19539279	0.0166326	0.11672637	0.083971195	0.052723393	0.007030403
Y06	C	0	0	0	0	0	0	0	0	0.011751002	0	0	0.01809301	0	0	0.34879792	0	0.013779238	0.08630404	0	0.16636476	0	0.013664866	0	0	0	0	0.1745187	0	0.055776	0	0	0	0	0.25289258	0	0	0	0	0	0	0	0.054751825	0.019765748	0	0.0932214	0	0	0	0.25697333	0	0	0	0	0	0.012960219	0.40864667	0	0.052139606	0.09871823	0	0.034118146	0	0	0	0	0.11333901	0	0	0	0.022979498	0.0357353	0	0.004409854	0	0.033328827	0	0.004291278	0.035998132	0	0	0	0.022993337	0	0	0	0	0	0	0	0	0	0	0.003440027	0	0.009088645	0	0	0.068699576	0	0	0	0.019656451	0.059985876	0.02615439	0	0	0.04172963	0.13216016	0	0	0.07888288	0.009325837	0.04594668	0.010028395	0	0.08499634	0.30758855	0	0	0.023396255	0	0.004086466	0	0	0.18129939	0	0.09112552	0.02401726	0.009627892	0.17497353	0	0.093915	0	0.016670475	0	0.0819071	0	0	0	0	0.012877548	0	0	0.08456844	0	0.0163224	0.011002556	0	0	0	0	0.016345628	0.019980878	0	0.44528842	0.14934278	0	0.043401353	0	0	0.020400155	0	0	0	0.28185287	0	0.032050647	0.35616782	0	0	0	0.01732076	0	0	0	0	0.007596942	0	0	0	0.004359815	0	0.087093696	0	0	0.039369546	0.021864638	0.8079499	0	0	0	0	0	0	0	0	0	0	0.01507426	0.9355923	0	0.059736066	0	0.4837982	0.016944204	0	0	0	0.11338509	0.07390957	0	0	0	0.41560847	0	0.12671067	0	0.007341698	0.01474665	0	0.016421553	0	0.053548478	0.03663382	0.08723925	0	0	0.006446266	0.017645612	0	0.1920839	0	0	0.20809203	0.29650673	0.023683941	0	0	0	0	0	0	0.016747627	0.003521627	0.0226779	0	0.07147188	0	0	0.09586067	0	0	0.043928385	0	0.9303099	0
Y07	L	0	0	0	0	0	0	0.023335613	0	0.006739876	0	0.035071705	0.018019095	0	0	0.02107422	0	0	0.40194333	0	2.3370836	0	0.026419338	0	0	0	0	0.2254445	0	0.039908588	0.1796513	0	0.04486047	1.4054916	0.21709381	0	0	0	0	0	0.008537628	0	0.18291335	0	0.05109256	0	0	0.4292112	0.79192716	0	0	0.10358709	0	0	0	0.30626264	0.005072931	0.038544755	0.3059105	1.1435553	0	0.005418209	0	0	0.07628155	0	0.018763663	0	0.4953833	0	0.1185171	0.13383603	0	0.22681662	0	0.48334944	0.27315602	0.04943735	0.50210667	0	0	0	0.41684672	0	0.03218187	0	0	0.027464585	0	0	0	0	0	0.02217811	0.2222307	0	0.015842605	0.13000065	0	0.109293126	0	0	0	0.07883426	0.20164001	0	0.04607865	0	0	0.6544871	0.39314836	0.11806157	0.04775376	0	0	0.37857768	0.06567909	0	0.009674734	0.33864027	0.20159952	0.17555903	0.09576193	0	0	0	0.059463974	0.8409042	0	2.4556758	0	0	0.89150107	0	0	0	0.013546901	0.66472864	0	0.10706646	0.11751842	12.389287	0	0	0.14741428	0	0	0.13122956	0	0.58706266	0.38528264	0.37715328	0	0	0	0.03801577	0.08731248	0	0.061079316	0	0.080097176	0	0	0	0	0.12837341	0	0.19381854	0.06433101	0.05463668	0.051520236	0	1.1411548	0.052434374	0	0.4486501	0.01415656	0.043538805	0.019836921	0	0	0.30226198	0.09917638	0.7247423	0.026132302	0	0.40003327	0.6070178	0.21477175	0.12859298	0.03453205	0	0.3699367	0	0	0	0	0	0.10419411	0	0.26469967	0.03268517	0.1698916	0.4187065	0.22254057	0.12790458	0	0.04347955	0	0.495031	0.39140308	0	0	0.38552314	0.027898973	0	0.37450534	0.056469053	0.4294363	0.36437154	0.046464026	0.1713435	0.32693213	0.03807329	0.06429274	0.004571076	0	0.035019286	0.06354563	0	0.32250375	0.13551162	0.025086375	0	0	0	0	0.21429491	0	0.65863395	0	0	0	0.08390327	1.6720088	0.44894946	0	0.061580133	0	0	0.06960597	0.12966879	0.36000276	0.055254366	0.055206567	0	0.103041336
Y08	C	0	0	0	0	0	0	0	0	0	0	0	0	0	0	0	0	0	0	0	0	0	0	0	0.05527315	0	0	0	0	0	0.030480744	0	0	0.8288644	0.008519179	0	0	7.064921	0.005826618	0	0	0	0	0	0	0	0	0	0.25808343	0	0	0.21924421	0.2750784	0	0	0.196936	0	0.12732394	0.122833855	0.12358842	0	0	0.050848544	5.755273	0.008637405	0.6629934	0	0	0	0.17637499	0	0	0	0.007522702	0	0.007200797	0.020542767	0	0	0	0.006120845	0	0	0.42838442	0	0	0	0.28761378	0	0	0.28189522	0.52007645	0	0	0.69540024	0	0	0.69273865	0	7.4856925	0.31477547	0.5463705	0	0	0.2005766	0	0	0	0	0.32123318	0	0	0.044243637	0	0	0	0	0	0	0	0	0	0	0	0	0	0.06672887	9.868421	0	0	0	0.029062083	0.218125	0	0	0.038718097	0	0.12823942	0	0	0.21940313	0	0.15048492	0	0.11016837	1.5625368	0	1.9463816	0	0	0	0	0	0	0	0	0	0	0.08235482	0	0	0	0	0	3.811036	0	0	0	0	0.009797677	0	0.1645225	0.5563147	0.09187295	0.3683179	0	0	0	0	0	0	0	0	0.2754154	0	0.005945351	0.012638424	0.072303	0	1.3215034	0	0.41405758	0.30266002	0	0	0	0	0	0	0	0	0	0	0	0	0.08601593	0	7.115384	0	0.10891245	0.054111376	0	0	0	0	0	0	0.2024198	0.015156167	0.008048899	0	0	0	0	0	0	0	0	0	0	0	0	0	0	0	0	0	0	0	0	0	0	0	0	0.13761798	0	0.2386226	0	0	0	0	0.043146633	0	0.20301351	0	0	0.018877827
Y09	L	0	0	0	0	0	0	0	0	0	0	0	0	0	0	0	0	0	0.013839096	0	0.027418543	0	0	0	0	0.007071074	0	0	0.017812828	0	0	0	0	0	0	0	0	0	0	0	0	0	0	0	0	0	0.01905384	0	0	0	0	0.023520028	0	0	0	0	0	0	0	0	0	0	0.010751424	0.024313085	0	0	0	0	0	0	0.05068108	0	0	0	0	0	0.005443838	0	0	0	0	0	0.066013075	0	0	0	0	0	0.007918062	0	0	0	0	0	0	0	0	0	0	0.01340428	0	0	0	0	0	0	0	0	0	0	0	0	0.023904737	0	0	0	0	0	0	0	0	0	0	0	0	0	0.027143573	0.21868847	0	0.058720365	0	0	0.07591973	0	0	0	0	0	0	0	0	0.06528855	0	0	0	0	0	0	0	0.025792586	0	0	0.010917112	0	0	0	0	0	0.057772096	0	0	0	0	0	0	0	0	0	0	0	0	0	0	0	0	0	0	0	0	0	0	0.009707294	0	0.015712721	0	0	0.009180765	0.011773414	0	0	0	0	0	0	0	0	0	0	0	0	0	0	0	0	0	0	0	0	0	0	0	0	0	0	0	0	0	0	0	0	0	0	0	0	0	0	0	0	0	0	0	0	0	0	0	0	0	0	0	0	0	0	0	0.02763495	0.016564248	0.010046061	0	0	0	0	0	0	0	0.039149277	0	0	0
Y19	L	0	0	0	0	0	0	0	0	0	0	0.019414425	0	0	0	0	0	0	25.636213	0	0	2.7803	0	0	0	3.787774	0	0.43212762	0	0	0	0	0	0	0	0	0	0	0	0	0	0	0.030207254	0.00853996	0.11700277	0	0.16569383	0	0	0	0	0	0	0	0	0	0	0	0	0	0	0	0	0	0	0	0	0	0	0	0.14962807	0	0	0	0	0.11102358	1.303125	0	0	0	0	0	0.046777792	0	0	0.15295148	0	0	0	0	0	0	0	0.26014104	0	0	0	0	0	0	0	0	0	0	0	0	0.30454427	0.07479022	0	0	0	0.7233699	0	0	0	0	0	0	0	0	0.20415238	0	0	0	0	0	0	2.2782884	0.042033587	0.08474995	0	0	0	0	0	0	0	0	0	0	0	3.6607535	0	0	0	0	1.0190758	0.34627578	0	0	0	0	0	0	0	0	0.4492346	0	0	0	0	0	0	0	0	1.1727917	0	0	0.24552576	0	1.5824395	0	0	0	0	0	0	0	0	0	0	0	0	0	0	0	0.51533204	0.11461882	0	0	0	0	0	0	0	0	0	0	1.2193485	0	0.21146503	3.5037754	0	0	0	0	0	0	0	0	0	0	0	0	0	0	0	0	0	0	0.6912022	2.0938718	0	0	1.4988434	0	0	0	0	0	0	0.5510616	0	0	0	0	0	0	0	2.0850732	0.07632515	0	0	0.13957767	0	0.010316179	0	0.116844185	0	0	0	0	0	0	0	0	0
YA02	Y	0.2784098	0.008855435	0	0	0	0	0.50236034	0	0	0	0.004586408	0.15116209	0	0.020156294	0	0	0.014823394	0.14281344	0	0.16495144	0.007726639	0	0.45112073	1.9581832	0.37087613	0	0.91840607	0.30149743	1.5169072	0.201156	0.007356924	0	0.7082283	0.448981	0	0	0	0	0	0.17608999	0	0	0.08510752	0.32715982	0	0.060369708	0	0.17824002	0	0	0	0.0219628	0	0.026192224	0.32123786	0	0.025045471	0.6177126	0.19736326	0.25575274	1.0569493	0	0.049009655	0	0	0.21400213	0.014207858	0	0	0.013486845	0.123653024	0	0.07034734	0.03783693	0.0984218	0.023040824	0.013541954	0.117934845	0	1.9746442	0	0.26817518	0	0.037544146	0	0	0	0	0	0.18634312	0.034798123	0	0.0851207	0.0782455	0.2935928	0	0.055524487	0	0.034326974	0.12884921	0.0868926	0	0.28602138	0.12385564	0.017063554	0.65331906	0	0	0	0.027394678	0.21380429	0.031454828	0.071561374	0.036600843	0	0	0	0.021013284	0.059090093	0.4111936	0	0.12131519	0	0.00537077	0	0.254298	0.18755274	0.014415947	0.071932755	0	0	0.0899485	0	0.14960246	0	0	0.041221578	0	0.6746785	0.031614218	0.04277787	0	0	0.21171233	0.044143125	0.035059977	0.022981115	0	0	0	0.12111103	0	0	0	0	1.3817294	0.008870994	0.036768872	0	0.2153755	0	0.9335344	0	0	4.047029	0.04279325	0	0.33130777	0	0.030134548	0.04720715	0.6609739	0.10941688	0.048486553	0	1.3080542	0	0	0	0	0	0	0.28454307	0	0	1.4616576	0.40560636	1.1303462	0.090437666	0	0.46984792	0.051073868	0.061679143	0	0	0	0	0.30020726	0.16628407	0	0.050222322	0.053369887	0	0.18328594	0.28716412	0	0	0	0.07454947	0.26748896	0	0	0	0.5749174	0	0	0.16211402	0.21299368	0.05081729	0.004782403	0.009117876	0.051745795	0	0.08848128	0.16064014	0.121315904	0.05242315	0.16439173	0.17760184	0	1.1400262	0.45480743	0	0	0	1.1536815	0	0.1448038	0	0.05693353	0	0	0.06302528	0.19478907	0	0.2569123	0.39092046	0	0.09102511	0.12133258	0.057650995	0	0.07549539	0.08536335	0	0
YA03	Y	0.10352054	0	0.042470176	0	0	0	0.14381365	0	0.013159119	0	0	0.0522626	0	0	0	0	0.03875646	0	0	0.08745248	0	0	0	0.010889282	0	0	2.1423707	0.11722237	3.7393723	0.12744756	0.081190996	0	0.10203335	1.33719	0	0	0	0.024012344	0	0.01164941	0	0	0	0.021048859	0	0	0.061317783	0	0	0	0	0	0	0	0.17205042	0.01185235	0.012588747	1.253961	0.33006847	0.4451497	0.24736942	0	0	0	0	0.26855773	0	0.09463629	0	0.018594788	0	0	0.025082232	0	0	0	0.008179445	0.07894222	0	0.023672799	0.00668716	0.022213224	0	0.026241627	0	0	0.006933661	0	0	0.006481194	0.012873287	0.003904826	0.033299476	0	0.06431254	0	0	0	0	0	0	0	0.083336316	0.077162914	0.08282261	0.034010697	0.60046506	0	0	0.062650554	1.0970374	1.7458009	0.11908939	0.006916668	0.06492292	0	0	0.06947033	0.059461996	0.04475216	0.044739943	0.035754286	0	0	0	0.06976801	0.29464707	0	0	0	0.35444853	0	0	0	0	0	0	0	0	0	0.6056434	0	0	0.12591758	0.019039446	0.05725491	0.010612546	0	0.029314145	0.063890286	0.060518134	0	0	0	0	2.3002498	0	0.15759581	0	0.074771576	0	8.337027	0	0	6.663897	0.13181703	0.46551806	2.460785	0	0	0.005945841	0.33595768	0	0	0.06530854	0	0.07063785	0	0	0	0.03417475	0	0	0	0	0.059735276	0.082878195	2.0945644	0.03239244	0	0.08223637	0	0	0	0	0	0	2.2851942	0.22596891	0.15178426	0.18395795	0.36123544	0.057970334	0.26978302	0.40979913	0.010292785	0	0	1.8602327	0.45409405	0	0	0.069117054	1.070823	0.011949372	0	1.2477344	0.18838254	0.21570142	0	0.009011081	2.435412	0.11652474	0.19892353	0.66509646	0.19856583	0.024793888	0.012102044	0.11842077	0.055421177	2.5937467	0	0	0.14390467	0	1.679501	0.18734622	0	0.26298055	0	0	0	0.06403056	0.071951635	0.006348074	0.016617043	0.668227	0	0.16944695	0.04578359	0	0.04438165	0.958574	0.027154708	0	0.027557656
YA04	Y	0.28271875	0	0	0	0	0	0	0	0	0	0	0	0	0	0	0	0	3.590417	0	0.15376042	0	0	0	0	0.10185327	0	5.9610324	0	3.7247417	0	0	0	0	0	0	0	0	0	0	0	0	0.011417428	0.15134881	0	0.15390174	0.013674641	0	0	0	0	0	0	0	0.021194488	0	0	0	0.3468722	0	0	1.5145457	0	0	0	0	0.4666267	0	0	0	0	0	0	0	0	0	0	0	0	0	0	0	0	0	0	0	0	0	0	0	0	0	0	0	0	0.4632835	0	0	0	0	0	0	0	0.20826897	0	0	0	7.5597653	0	0	0	3.8571649	0	0.27386728	0.24818484	0	0	0	0	0	0.020646125	0	0	0	0	0	0	0.19392046	0	0	0	0	0	0	0	0	0	0	0	0	0	0	0	0	0	0	0	0	0	0	0	0	0	0	0	0	3.901216	0	0.07501234	0	0	0	0	0	0	11.575962	0	0.18054996	2.0173144	0.015631918	0	0	0	0	0	0	0	0	0	0	0	0	0	0	0	0	0.021758456	0	2.9845119	0	0	0	0	0	0	0	0	0	0	0.6019446	0	0.44152352	2.7184272	0	0.5768187	0.049281284	0	0	0	0.94482815	0	0	0.008362838	0	2.8306286	0	0	0	0	0.09977088	0	0	0	0.40060723	0.28203	0.25404552	0	0	0	0	0	3.745433	0	0	0	3.392919	0.22143973	0	0	2.486064	0	0	0	0	0	0	0	1.3072209	0	0	0.07449925	0	0	0	0	0.33411714	0
YA06	Y	2.2337465	0	0.07533781	0	0.055607215	0	0.11751825	0	0.34671143	0	0	0.2580397	0	0.668092	0.16122022	0	0	0	0	0.07893324	0.06765214	0	0	0	0	0	1.9011862	0	1.9381993	0.0353801	0.01868464	0.03405767	0.057546098	4.228604	0	0	0	0	0	0	0.005439475	0	0.043794043	0	0	0	0.13082048	0	0	0	0.12655482	0.014133848	0.022360606	0.020028029	0.18344791	0	0.016789442	4.3643813	0.5603494	0.9373688	0.5746106	0	0	0	0	0.36796284	0.007346842	0.29928306	0	0	0	0	0.024223482	0	0.00532306	0	0	0	0	0	0	0	0	0	0	0	0.045405023	0	0	0	0.008683655	0	0	0.015779344	0.21215723	0	0	0.12375127	0	0	0	0	0.528157	0.09014675	0	0	0.6148432	0	0	0.13250889	0.9196814	0	0.30721393	0.042875525	0.14467213	1.0185705	0	0	0.12739754	0.016776066	0.07975073	0	0	0	0	0	0.37861922	0	0.012967581	0.10298994	0.07441186	0.00747774	0	0.054790713	0	0	0.009591457	0	0.044025857	0	0.05273173	0	0	0.14424813	0.018939557	0	0.04680274	0	0	0.18411243	0.08008878	0	0	0	0.21716173	2.0508337	0.03728136	0.13039643	0	0.12343167	0	3.962991	0	0	6.424939	0	0.46337187	1.7503842	0	0	0	0.5167045	0.012694269	0.014762962	0.15738781	0.4203798	0.08714137	0.7415498	0	0	0	0.017364066	0.21884394	0	0	0.015235224	0.009817033	2.8199384	0.01278558	0.006944552	0.023254717	0.037405346	0	0	0	0	0	3.0834093	0.26920593	0.059366807	0.010640468	1.6323029	0.09011668	4.3659925	0.2687939	0	0	0	0.31607458	0.22576314	0	0.01980266	0.09996947	0.50642586	0.012820303	0	0.2615224	0.075934336	0.1248004	0	0	0.20998499	0.10208717	0.24998824	0.15114951	0.34513974	0	0.042098608	0.25988644	0.15077767	1.9155341	0	0	0	0	0.31010455	0.24463162	0	0.65016407	0	0	0	0.004669922	0.014819917	0	0.050218932	0.557923	0	0	1.1479547	0	0.119264275	1.5684979	0	0	0.004448805
YA07	Y	0.25827882	0.03277473	0.7611416	0.01887234	0	0	0.060187515	0	0.32152975	0	0	2.6540334	0	0	2.0762951	0	0	0	0	0	0	0	0	0	0	0	1.9693588	0	3.7025912	0.017387379	0.3221066	0.01011081	0.043984976	0.7568385	0	0	0	0	0	0.04108772	0	0.007058012	0.16633855	0.041938175	0	0	0.21654753	0	0	0	0	0	0	0.012243906	0.041407485	0	0	0.09194139	0.5410333	0	1.7564231	0.04968575	0	0.007510879	0	0.6840055	0	0.45761517	0	0.025622433	0.16936281	0	0	0.006631344	0.03192188	0	0	0	0	0.023022428	0	0	0	0	0	0	0	0	0	0	0	0	0	0	0.46655637	0	0.05509406	0	0.04105482	0.13399544	0	0	1.8035134	0.049441762	0	0.07196721	1.2847916	0	0.06564793	0.21621622	3.9891248	0	0.8101299	0.08818741	0.26883173	0	0	0	0.14790548	0.041917346	0.16221787	0.027122825	0	0	0	0.11489819	0.11988874	0	0	0	0	0.056043975	0	1.3122904	0	0	0.00893248	0	0.057441905	0.035612285	0.012396234	0	0	0.04233632	0.012905919	0	0	0	0	0.2711054	0.14606732	0	0	0	0	1.3308843	0	0.07248197	0	0.39828187	0	0	0	0	1.9653912	0	0.44800457	0.9977186	0.2660141	0.044536576	0.020055963	0.025357801	0	0	0.27091813	0	0.14379752	0	0	0	0	0	0.14550011	0	0	0.08113212	0.023344608	1.9244776	0.023722347	0	0	0.07840621	0.04950783	0	0.012901959	0.34252802	0	0	0.23166099	0	0.011021684	4.4836984	0.14073677	4.579825	0.13081324	0	0	0	0.63212055	0.08637186	0	0.009534727	0.20594952	0.50135326	0	0	0.32213077	0.010851524	0.34632152	0	0	0.18486223	0.62504864	0.11237356	0.012450712	0	0	0.4889672	0.4638689	0.23602152	0.931212	0.8608011	0	0.26139098	0	0.19190256	0.19646285	0.24711026	0	0.017154029	0	0	0.013802033	0.021688694	0	0.13228494	0.9778256	0	0.20325615	2.1169162	0	0.14439832	0.6410236	0.01218287	0	0.012992723
YA10	Y	1.0122591	0	0.04677099	0	0	0	0.07728843	0	0.11273925	0	0	0.10293163	0	0.83144027	0.121317945	0	0	0	0	0.100683816	0	0	0	0.12495091	0	0	1.0862484	0.060327906	0.71625143	0.03819417	0.006410004	0	0.02098619	2.498196	0	0	0	0	0	0	0	0.032602068	0.48622355	0.037646085	0	0	0.19531152	0	0	0	0.113245465	0.011291069	0	0	0.13304098	0	0.008853294	0.27062067	0.24609897	0	4.3750076	0	0	0	0	0.84201205	0	0.27399462	0	0	0	0	0	0	0.18415551	0	0	0.06169058	0	0	0	0.026732195	0	0	0	0	0	0	0	0	0	0.008853355	0.02747374	0	1.1529763	0	0	0.27442756	0	0.09327317	0	0	0.5715177	0.103693634	0.02928527	0.055192042	0.20359242	0	0.011336992	0.2565347	1.8973238	0.41860008	0.27544647	0.27072644	0.21803938	0.6721577	0	0.019545557	0.17022426	0.076666474	0.123455465	0	0	0	0	0.21311323	0.20866321	0	0	0.74182665	0	0.061440375	0	0.029368544	0	0	0	0	0	0	0.07204111	0	0	0.11211922	0	0.027608333	0.01631729	0	0	0.24191196	0.20335796	0	0	0	3.0381145	1.9327592	0.05539232	0.062106386	0	0.061392393	0	1.1432483	0	0	4.4114366	0.037659604	0.2342799	0.6328796	0	0	0	0.55601686	0	0	0.17041886	0.4474579	0.11068054	0	0	0	0	0.03263623	0.44443786	0	0	0.14389004	0.05006151	1.2347158	0	0	0	0	0	0	0.47660592	0	0	0.064219326	0.22191034	0.028831126	0.011683094	1.2718849	0.16231386	6.061774	0.2741695	0.010384123	0	0	0.09734948	0.2234088	0	0.026205739	0.15981406	2.3479724	0	0.1877059	0.009503207	0.04645485	0.10778365	0	0	0.15494241	0.06882515	0.10196629	2.6443753	0	0	0.080908746	0.08783945	0.25006956	1.5795141	0.49712065	0	0	0	0.06965785	0.20806499	0.8344102	0.28184813	0	0	0	0.06664517	0	0.005239832	0.005288786	0.46348813	0	0	2.7299037	0	0.21438314	1.2656013	0.01241207	0	0.005837933
YA11	Y	0.13358872	0	0	0	0	0	2.6252985	0	0	0	0.00790005	1.7667758	0	0.48634723	0.21051112	0	0.013629206	0.07288381	0	0	0	0	0	0	0	0	1.1603267	0.044319384	1.670468	0.12420334	0	0.018180076	0	1.9828935	0	0	0	0	0	0.00960415	0	0	0.09821774	0	0	0.00921334	0.08775422	0	0	0	0	0	0.02503898	0.0765442	1.154918	0	0.015095303	0	0.4996664	0	1.0314409	0.2618908	0	0	0	0.4007147	0	0.17062394	0	0.027153263	0	0	0	0	0.01004609	0	0	0	0	0	0	0	0	0	0	0	0	0	0	0	0	0	0.00718193	0	0.34120512	0	0	0	0	0	0	0	0.60127985	0.38196692	0.047883727	0	0.4903361	0	0	0.09271168	0.55157727	0.03913093	0.5229155	0.05456296	0.11325036	0	0	0.013846953	0.09134362	0.03751628	0.04662809	0	0	0	0	0.07945477	1.1565183	0	0	0	0.041266788	0	0	3.0048769	0.10597932	0.06848077	0	0.014489362	0	0	0.006161282	0	0	0.6795757	0	0	0.18936822	0	0	0.09437297	0.067981884	0	0	0	0	1.829603	0.33860326	1.7826314	0	0	0	0	0	0	4.5875745	0.008505098	0.46099472	0.8087319	0	0.09228377	0	5.321785	0	0	0.07443282	0.4150123	0.034468107	0	0	0	0	0	1.5954399	0	0	0.015840715	0.03842253	2.343933	0	0	0	0	0	0	0	0.3511359	0	0.2035299	0.21624218	0.06066662	0.006092859	0.4235745	0.067413166	0.65913355	2.639833	0	0	0	3.1358826	0.652312	0	0	0.081032	0.70746243	0	0	0	0.19120407	0.109722085	0.009426262	0	0.17155874	0.09385624	0.16108736	0.12773027	0	0.029910583	0	0.085475706	0.099832565	1.4213243	0.82299006	0	0	0	0.37536362	0.12532483	3.610802	0.07486723	0	0	0	0	0	0.024874214	0	0.5658023	0	0	0.29723537	0	0.064761505	1.6862919	0.00545491	0	0
YA12	Y	0	1.5169308	0	0	0.009963965	0	0	0	0	0	0.011858064	0	0	0	0	0	0.19885553	2.9644358	0.027255962	0.40912795	0	0	0	0	0	0	4.0664372	0	0	0.11302186	0	0	0	1.2804362	0	0.02385783	0	0.018561902	0	0	0	0	0.86517364	0.017533217	1.4157125	0.6649131	0.10989435	0	0	0.023666723	0	0	0	0.033611283	0	0.85509455	0	0	0	0	8.263485	0	0	0	0	0	0	0.14707926	0	0.042453136	0	0	0	0	0	0.05647773	0.005375422	0.105125315	0	0	0.043271527	0.039691895	0	0	0.007286546	0	0	0	0	0	0	0.008353172	0.011369476	0	2.0670984	0	0	0	0	0	0	0	0.75496715	0.038128845	0.0609147	0.027574783	0	0	0	0.10519637	0.2789481	0.42253307	0	0.29851693	0.09827585	0	0	0.07207987	0.09927858	0.05932249	0.08541374	0.007309235	0	0.1018057	0	0	0.32826522	0.19250388	0	0	0	0	0	0.05742476	0	0	0	0	0	0	0.08715246	0	0.053307705	0	0	0	0.036416907	0	0	0.0950594	0.092764005	0	0.14467695	0	0	3.5256631	0.016347867	0	0	0	0	0	0	0	11.459478	0.106482826	0	1.028452	0	0.07344662	0	0	0	0	0.40674	0	0	0	0	0	0	0	0	0	0	0.10276838	0.017044377	0	0	0	0	0	0	0	0	1.3708045	0	0	0.42707855	0	0.1605366	0.9810247	0.112772696	0.6143694	0	0	0	0	0	0.27571648	0.021876393	0	0.10266389	0	0	0	0	0.27293006	0	0.014761114	0.039237935	0.13290699	0	0.7219501	0.34105903	0	0.029489674	0	0	0.102003776	3.166013	0	0	0.5073943	0	0.5285015	0	0	0.13702689	0	0	0	0.062196102	0.005308708	0	0	1.1177328	0	0	0.2984067	0	0.12678708	0	0.005447973	0.62520456	0
YA13	Y	0.2192269	0	0	0	0.8919333	0.015465078	0.3135826	0	0	0	0	0.3716765	0	0	0	0	0	0	0	0	0.021600218	0	0	0	0	0	3.9482157	0	1.5418919	0	0	0	0	2.1289237	0	0	0	0.00921106	0	0.02300228	0.053571906	0	0.013999201	0.039861336	0	0	0.09328307	0	0	0	0	0	0.060397767	0.067854345	0.14165077	0	0	1.041629	0.06344494	0.074880905	0.08163408	0	0	0	0	0.5500481	0	0.116260014	0	0.030100377	0	0	0	0	0	0.013455613	0	0	0	0	0	0.00662027	0	0	0	0	0	0	0	0	0	0	0	0	0.023716165	0	0	0.1548362	0	0	0	0	0.10052085	0	0	0.033251815	0.4373151	0	0	0.075994276	0.81230557	0.08032154	0.057866868	0.021242244	0.084666125	1.1990024	0	0	0.07181986	0.061014578	0.07358041	0	0	0	0	0	0	0.07733585	0	0.10618613	0	0.012004078	0	0	0	0	0	0	0.0910225	0	0.16935343	0	0	0.06862433	0	0.09287502	0	0	0	0.08033252	0.058311738	0	0	0	0.2564265	6.3225336	0.007836071	0.14370357	0	0	0	0	0	0	20.944035	0.039614234	0.3463306	1.0454239	0.30034387	0	0	0.12573291	0	0	0.09531162	0.2289061	0.20960876	0	0	0	0	0	0	0	0	0.16664916	0.11749199	2.1357443	0	0	0	0	0	0	0	0.1285124	0	0	0.7743688	0.4728204	0.11386384	0.5204098	0.056211207	0.642045	0.12627034	0	0	0.009506228	1.7083824	0	0	0.032053135	0.08161928	0.5410749	0.059103336	0	0	0	0	0.004742764	0	0.11941774	0.08354457	0.1822027	0.6067218	2.0152903	0	0.07322955	0.10019403	0.07924474	6.220051	0.3447988	0	0.17511266	0	0.10045584	0.24303435	0.14806488	0	0	0	0	0.026791086	0.018085154	0.08019271	0	1.9221365	0	0	0.107213326	0	0.06821349	0	0	0	0.005538011
YA14	Y	0.11697424	0.03475075	0	0	0	0	0.14353848	0	0	0	0	0.094101906	0	0.3397227	0.09474635	0	0	0	0	0	0	0	0	0	0	0	1.9799777	0	0.23429744	1.8549984	0.016135635	0.036380406	0	0.053834002	0	0	0	0	0	0	0	0.024623549	0.02595189	0.007376927	0	0	0.17385742	0	0	0	0.5778231	0	0	0	0.6039905	0	0	0.22637016	2.8925202	0	0.42533556	0.17790402	0	0	0	3.1209304	0	0.18130891	0	0	0	0	0	0	0.011043885	0	0	0	0	0	0	0.014680566	0	0	0	0	0	0	0	0	0	0.005579173	0.004895181	0	0.113427565	0	0	0.2661414	0	0	0.01214138	0	0	0.27633247	0	0.006490628	0.79838246	0	0.010140066	0.16348228	2.6687016	0.17328607	0.45718676	0.015350988	0.15044096	0.29618058	0	0	0.14648624	0.083267376	0.12109846	0.016110215	0	0	0.14810963	0.79819053	0.30603263	0.17943697	0.02060723	0.7246284	0	0.010016738	0	0	0	0	0	0	0	0	0.06754388	0	0	0.44447088	0	0.20749708	0.042225752	0	0	0.16334192	0.13065466	0	0	0.22285374	2.00134	1.4505789	0	0.25408635	0	0	0	0	0	0	3.732022	0.009783596	0.56166834	1.5678043	0	0	0	2.3061237	0	0	0.15446547	0	0.11704552	0	0	0	0	0	0.85351735	0	0	0.079002894	0.009396939	1.5133876	0	0	0	0.026971646	0.17009929	0	0	0	0	0.09768593	0.19690089	0.15944469	0.007444158	0.50981146	0.18389837	0.88096815	2.1107547	0	0	0	4.111488	0.60839605	0	0.021412391	0.15815184	0.5589072	0.096452266	0	0	2.7980564	0	0	0	0.2494366	0.12863834	0.17709695	0.10191915	0	0.4134642	0.08218963	0.12439138	0.16382612	1.424379	0.24568681	0	0	0	0.6179106	0.14694366	0.6389807	0	0	0	0	0	0	0	0.010413691	0.8878985	0	0	0.174391	0	0.16850667	0.27194732	0	0	0
YA16	Y	0.023129769	0	0	0	0	0	0	0	0	0	10.2875185	0	0	0	0.03015734	0	0	0	0	0	0.47859448	0.005992311	0	0	0	0	0.31154487	0.024879068	0	0	0	0	0	0	0	0	0	0	0	0	0	0	3.0805461	0	0	0	0	0	0	0	0	0	0.060662206	0	0.117847614	0	0	0	0.02789954	0	0.34687755	0	0	0	0	0.0712938	0.03549104	0	0	0	0	0	0	0	0	0	0	0	0	0	0	0	0	0	0	0	0	0	0	0	0	0	0	0	0.11459467	0	0	0	0	0	0	0	0.036726195	0	0.63652474	0	0.15463571	0	0	0	0.11090734	0.225712	0	0.045596056	0	0	0	0	0	0	0	0	0	0	0	0	33.317944	0	0	0	0	0	0	0.25771824	0	0	0	0	0	0	0	0	0.4008753	0.055649515	0	0	5.9073133	0	0	0	0	0	0	0	0	0.106563866	0	0	0	0	0	0	0	0	0.12599005	0	0.014886285	0.023713179	0	0	0	0.15960927	0	0	0	0.04869706	0.024126751	0	0	0	0	0	0	0	0	0	0.015625034	1.0195614	0	0	0	0	0	0	0	0	0	0	0	0	0	0.14495702	0	1.0128014	0	0	0	0	0	0	0.08040605	0.00728587	0	0.007041118	0	0	0	0	0.013836347	1.2223507	0.013110609	0	0	0	0	0	0	0	0.10886469	0	0.05548699	0.14245573	0	0	0	0	0	0.6426574	0	0	0	0	0	0	0	0	0.09001758	0	0	0.3296186	0	0	0	0	0	0
YA19	Y	0.13190575	0.07910929	0	0	0	0	0.015784081	0.53147626	0	0	0	0.575207	0	0	0.8498512	0	0.018747255	0.24533507	0	0.20816731	1.5380721	0	0	0	0	0	1.4169775	0	4.0904217	0	0.008528779	0	0.03507676	1.1245737	0	0	0	0.07396609	0	0	0	0	1.8775116	0.06037531	0	0.15599507	0	0	0	0	0	0	0	0.1273036	0.013070464	0.2563508	0	1.1214901	0.031159773	3.9806664	9.531138	0	0	0	0	0.549485	0.06818386	0	0	0	0	0	0	0	0	0.013489236	0	0.08071518	0	0	0	0.019375183	0	0	0	0	0	0	0	0	0	0	0.2413164	0	3.9894118	0	0	0	0	0	0	0	0	0.012683905	0.05516256	0.12846747	3.3595922	0	0	0	0.67145485	0.819027	0	0.5119121	0	0	0	0.09130617	0	0.055736363	0	0	0	0.008075446	0	0	0.14246483	0.06164161	0	0	0	0	0	0	0	0.02108766	0.03334881	0	0	0	0.12697104	0	0	0.02919825	0	0	0	0	0	0	0	0	0.01076928	0	0	2.5258589	0	0	0	0	0	0	0	0	8.243031	0.094020195	0.089877464	0.4689072	0	0.06336913	0	0.031193769	0	0	0	0	0.0165396	0.09956831	0	0	0	0	0	0	0	0.19507983	0.31332466	0.48440146	0	0	0	0	0	0	0	0	0	0.43962896	0.3669888	0	0.34674954	0.92021954	0	0.6153216	0.12446837	0	0	0.16093369	0	0.083507456	0	0.054180887	0	0	0	0	0	0	0.060051564	0	0	0	0.022800935	0.086490996	0.013234766	1.2467319	0	0.6777313	0.052053962	0	2.0845528	0	0	0	0	0	0	0	0	0	0	0	0	0	0.3076234	0	0.7300612	0	0	0.067851335	0	0	0.5155066	0	0	0
YA21	Y	0.12223939	0	0	0	0.016499972	0	0	0.007374398	0	0	0	0	0.07226103	0	0	0	0	0.09075826	0	0.10597956	0	0	0.006164664	0	0	0	4.3644133	0	2.9242334	0	0	0.048767224	0	2.271941	0	0	0	0	0	0	0.006076055	0	0.10573825	0.006790888	0	0.04824969	0.23550776	0	0	0	0	0	0	0	0.05551258	0	0	0	1.2617159	0.015783396	0.392615	0	0	0	0	0.24558015	0	0.21013695	0	0	0	0	0	0	0	0.04598888	0	0.057069827	0	0	0	0	0	0	0	0	0	0	0	0	0	0	0	0	0.16113777	0	0	0	0	0	0	0	0.9200378	0.065461524	0	0.005357832	0.48827577	0	0	0.1596319	0.27976537	0	0.07327604	0.020465119	0.18439667	0	0	0	0.1391256	0.027267376	0.11296188	0.004897671	0	0	0	0	0	0.028089067	0.016406512	0	0	0	0	0	0	0	0.04672919	0	0	0	0.03265166	0	0	0.04593454	0	0.041184653	0	0	0	0.29994422	0.11327928	0.07115994	0	0	0	1.7932351	0	0.9878811	0	0.24358895	0.07521552	4.4379725	0	0	4.5315924	0	0.3463743	0.57316595	0.005892646	0.039659422	0	0.025000982	0	0	0.20496164	0	0	0	0	0	0	0	0.13271718	0	0	0.012746287	0.028922312	1.709485	0	0.014223788	0	0	0	0	0	0	0	14.058664	0.21690713	0.77491045	0.540939	1.6518532	0.1106686	5.154979	0.063410506	0	0	0	0.06290772	0	0	0.102889	0.17791094	0.8278085	0.01358195	0	0	0	0.22342396	0	0	0.38715613	0.054711755	0.07189815	1.1789025	0.032795325	0	0.24218406	0	0.23906265	1.353293	0	0	0.40533248	0	0.5605648	0.24320993	0	1.9741188	0	0	0	0	0.006759405	0	0	0.44332138	0	0	0.97861594	0	0.24581742	0	0	0.022240384	0
YA23	Y	0.16917807	0	0	0	0	0	1.0847521	0	0	0	0.030507749	0.061347026	0	0	0.11450479	0	0	0	0.023203604	0	0	0	0	0	0	0	3.1122975	0	0.18295422	0.06263444	0	0.030254377	0.0207585	1.398831	0	0	0	0	0	0	0	0	0.074304715	0	0	0	0.026296211	0.1075422	0	0	0	0	0	0	1.2550287	0	0	0	1.0801375	0.53195786	4.5189557	0	0	0	0	2.5618272	0	0.0918384	0.17605816	0	0	0	0	0	0.011041353	0	0	0	0	0	0	0.005982203	0	0	0	0	0	0	0	0	0	0	0	0	1.1300746	0	0	0.14901029	0	0	0	0	0.43513945	0.3204449	0	0	0.03164768	0	0	0.04347152	1.1183904	0.07660033	0.08421714	0.17560805	0.047438905	0.12815443	0	0.009682806	0.029674634	0.038305096	0.042676304	0	0	0	0	0	0.2226539	0.008820714	0.019533968	0.24363652	0.012377309	0	0	0	0	0	0.008051955	0	0	0	0.09008956	0	0	0.69187844	0	0.38180962	0.016025722	0	0	0.040273562	0.025806727	0	0.006524476	0	1.5616719	3.722716	0	0.1687759	0	0.2528365	0	0	0	0	10.737264	0.023934737	0.16235365	0.86942	0	0	0	2.5774603	0	0	0.042327985	0.072263606	0.09000641	0	0	0	0	0	0.27458155	0	0	0.01942262	0.007325375	4.3425155	0	0.0351892	0	0	0	0	0	0.3434925	0	1.1783836	0.45939225	0	0.03883266	1.1215333	0.033952348	3.1501405	0.64885277	0	0	0	2.1987348	1.7855825	0	0	0.025783023	0.67868	0	0	0.42218226	0.1839506	0.036812723	0.05488375	0	0.1332476	0.06080132	0.20370278	0.05408247	0.2323975	0	0.20596595	0.08492533	0.02697892	2.9165092	0	0	0	0	0.28664842	0	0	0.2427526	0	0	0	0.005296222	0	0	0	1.038567	0	0	0.8864449	0	0.029041523	0.1882747	0	0	0
YA26	Y	0.33872116	0	0	0	0	0	0	0	0	0	0	0	0	0	0	0	0	0.54500216	0	0.06617538	0	0	0	0	0	0	11.362408	0	0	0	0	0.11521553	0	0	0	0	0	0	0	0	0.004457798	0	0.09522203	0	0	0.03381262	0	0	0	0	0	0	0.019748462	0.01055259	0	0	0	0	0	0	1.2434809	0	0	0	0	2.768404	0	0	0	0.012352543	0	0	0	0	0.011224706	0	0	0	0	0	0	0	0	0	0	0	0	0	0	0	0	0	0	0	0.35239312	0	0	0	0	0	0	0	0	0	0	0.005342205	1.7226993	0	0	0	0.5929297	1.1074891	0.40865517	0.112525046	0	0	0	0.054658208	0	0.07673439	0	0	0	0	0	0	0.22008702	0	0	0	0	0	0	0	0	0	0	0	0	0	0	0	0.04114254	0	0	0	0	0	0	0	0	0	0	0	0	1.2644428	0	0	0	0	0	0	0	0	3.278517	0.058413237	0	1.6175913	0	0.051270667	0	0	0	0	0	0	0.016215611	0	0	0	0	0	0	0	0	0.10870539	0.009324344	0	0	0.022051016	0	0	0	0	0	0.341819	0	21.236975	0.3249318	0.8538668	0.92311454	3.6014628	0	5.866417	0	0	0	0	0	0	0	0.050651867	0	4.195088	0	0	0	0	0	0	0.006601531	0	0	0.21731357	0.12880452	0	0	0	0	0	1.3445834	0	0	0	0	0.11591933	0	0	4.8647137	0	0	0	0.028172737	0	0	0	0.5920301	0	0	1.5621215	0	0	0	0	0.6369481	0
YA28	Y	0.21704525	0.3484748	0	0.19070373	0.08572262	0	0	0	0	0	0	0.0369531	0	2.7072587	0	0	0	0.12049197	0	0.26838994	0	0	0	0	0	0	5.22679	0	0.8240364	0	0.009228274	0	0	0.59130794	0	0	0	0.2410117	0	0.040617388	0.008645209	0	0.022358268	0.030931724	0	0.010736072	0.44085872	0	0	0	0	0	0	0.041292213	0	0	0	0	0	0.9092045	0.6452407	0	0	0.016631044	0	0.15362723	0	0.73873514	0	0.39992633	0	0	0	0.012763096	0.19171269	0	0	0.098788895	0	0	0	0.19714567	0	0	0	0	0	0	0	0	0	0.013422372	0.010103716	0	0.26568392	0	0	0	0	0	0	0	0	0.31182104	0	0.027550342	0.54449475	0	0	0.29991817	1.5905566	0	0.12033473	0.050054718	0.58129704	0	0	0	0.31417096	0.27685893	0.22914727	0.007128951	0	0	0	0	1.4899745	0.02442815	0.049925853	0	0	0	0	0	0	0	0	0	0	0	0.6867052	0	0	0	0	0	0.24763711	0	0.0197879	0.6063202	0.27662534	0	0	0	0	2.5643425	0.009846544	0	0	0	0	0	0	0	13.461796	0	0.29827455	1.7079846	0	0.10023414	0	0	0	0	0.6729544	0.099364765	0	0	0	0	0	0	2.0931349	0	0	0.6744131	0.8605383	2.679717	0	0	0.05081572	0	0	0	0	0.21838084	0	0.4479807	0.27447426	0.71754646	0.17953578	0.3424777	0.26550317	0.1495781	0.8103163	0.023917755	0	0	0	0	0	0	0.30032176	1.3500818	0	0	0.029152283	0	0.21607447	0	0	0.3607443	0.42596355	0.18606721	2.0313148	0.3579054	0	0	0.07874539	0.43692195	2.6661258	0	0	0.43764198	0	0.15245788	0.25912848	0	1.2891682	0	0	0	0	0.035660744	0	0	0.67933255	0	0	0	0	0.3132243	0	0.07777736	0.7924184	0
YA29	Y	0.16015473	0	0	0	0.010785042	0	1.0503241	0	0.95526683	0	0.018000493	0.030234812	0	0	0.5864674	0	0.15241618	0	0	0	0.03449328	0	0	0	0	0	4.387385	0	1.9368184	0.020483034	0	0.011700065	0.012129247	5.51146	0	0	0	0	0	0	0	0	0.032145068	0.006889437	0	0	0.029333143	0	0	0.033765163	0.15790804	0	0.093278065	0	0.12062723	0.21063836	0	1.0362034	1.2446185	0	0.77281225	0.66259307	0	0	0.013782116	0.41708052	0.049267188	0.106308	0	0.20305984	0	0	0	0	0.012163444	0	0	0	0	0	0.12050723	0.013898553	0	0	0	0	0	0	0	0	0	0	0	0	0.24170575	0.074532665	0	0.23106763	0	0.122349136	0	0	0.62445307	0.13794665	0.13911478	0.017275186	1.0969803	0	0	0.026364021	3.7053168	0.24270898	1.0393825	0.11747268	0.053287994	1.4400129	0	0.22094902	0.020887036	0.043083653	0.020121705	0	0	0.15293308	0	0	6.947296	0	0	0.23616253	0	0.021287056	0	0.07751516	0	0.06085776	0	0	0	0.011753148	0.045819193	0.2211071	0	0.32747772	0	0	1.25136	0	0	0.030647505	0.015241507	0	0.036073137	0	0.9969173	1.775117	0	0.18860957	0	0.07937373	0	0	0	0	5.945719	0.50435865	0.2795603	1.0536695	0	0	0	0.20990758	0	0	0.024750784	1.7083368	0.32995006	0	0	0	0	0.008765842	0.43186176	0	0	0.04577033	0.012299467	2.0880418	0	0	0	0	0	0	0.05454379	0	0	0	0.25095367	0	0.055040926	0.89096713	0.03880648	1.9869454	0.2049431	0	0	0.008844244	1.3183082	0.2817633	0.023211274	0	0.024465319	0.55022216	0	0	0.1895299	0.030174391	0.07725783	0.029259926	0	0.09441816	0.2605273	0.1670711	0.014339777	0	0	0.06477921	0.10324522	0.035360828	1.6968948	0.33338323	0	0	0	0.048439477	0	0.9577758	0.008942029	0	0	0	0	0	0.015421935	0	0.6273859	0	0	0.6752639	0	0.04018188	0.13649733	0	0	0
YA30	Y	0	0	0	0	0	0	0	0.102392495	0	0	0	0	0	0	0	0	0.15903112	0.050013892	0	0	2.795016	0	0	0	0	0	0.879644	0	0	0	0.012361505	0	0	0	0	0	0	0	0	0	0	0	0.035132322	0	0.081981756	0	0	0	0.047063787	0	0	0	0	0	0	0	0	0	0	0.01548746	0.013703575	0	0	0	0	0	0.111450784	0	0	0	0	0	0	0	0	0	0	0	0	0	0.19026525	0	0	0	0	0	0	0	0	0	0	0.006836307	0	0	0	0	0	0	0	0	0	0	0.01916333	0	0.36711514	0	0.13340884	0	0	0	0	0.49544802	0.081425	0.018195152	0	0	0.034034345	11.640563	0	0	0	0	0	0	0	0	28.421934	0	0	0	0	0	0	0	0	0	0	0	0	0	0	0	0	0	0	0	4.7640715	0	0	0	0	0.049914744	0	0	0	2.2063584	0	0	0	0	0.05087979	0	0	0	6.27191	0.41803402	0	0.039080843	0	0.9180508	0	0	0	0	0	0	0	0.17627205	0	0	0	0	0	0	0	0.009544438	0	0	0	0	0	0	0	0	0	0	0	0	0	0.17468317	0.032576557	0.46252203	0	0.3526313	0	0	0	0	0	0	0	0	0	0.9339229	0	0	0	0	0	0	0	0	0	0	0	0	0	0	0	0	2.5065758	0	0	0.07319319	0.29655653	0.007776787	0	0	0	0	0	0	0	0	0	0	0.5098541	0	0	0.0427486	0	0	0	0	0.024688026	0
YA31	Y	0.5579831	0	0	0.044759132	0	0.0664144	0	0.005140184	0	0	0	0	0	0.14432582	0	0	0	0.09275738	0.016504245	0.2019289	0	0	0.331351	0	0.3289285	0	1.1043234	0	0.21266414	0	0	0	0	1.5135149	0	0	0	0.03664496	0	0.009640831	0	0.022418309	0.019963747	0.119701475	0	0.004932939	0.065772794	0	0	0	0	0	0	0	0.15613405	0	0	3.8161514	0.64724827	4.628246	0.960141	0	0	0.040466	0	3.7368276	0	0.13805363	0.11971189	0	0	0	0.07005998	0	0.88663304	0.042001978	0.03624658	0.10931553	0	0	0	0.2327275	0	0.031093935	0	0	0.19704466	0	0	0	0	0	0.04236039	0	0.39608416	0	0	0	0	0	0	0	0.32209447	0.10266304	0	0.19936995	0.79279953	0	0	0.16434951	3.8691425	0	0.10435569	0	0.086195275	0	0	0	0.35256484	0.18259025	0.13971093	0.089331925	0	0	0	0	0.09368842	0	0.5280027	0	0	0	0	0	0	0	0.7011834	0	3.3835418	0	0.17636245	0	0	0.12198604	0	0.19387038	0	0	0	0.14093387	0.68534625	0	0	0	0	1.9038073	0	0.10985142	0	0	0	0	0	0	5.3369374	0	0.3374361	1.8216809	0	0.051376224	0	0.08521626	0	0	0.07290992	0	0.07390507	0	0	0	0.08897191	0	0	0	0	0.48377654	0.074602254	0.63639116	0	0	0	0.030419873	0	0	0	0	0	1.2295165	0.36423972	0.05631535	0.2750097	0.94553596	0.07658348	0.80083776	0.622959	0.066031374	0	0	0.18025374	0.56619215	0	0	0.08247675	0.94658715	0	0	0	0	0.15731929	0	0	0.12962721	0.4121571	0.21242695	0	1.5441496	0.7103	0.27642414	0.09975291	0.10811241	2.2675261	0	0	0	0.067220755	0.026312016	0.2458669	0	1.8321797	0	0	0	0.12561744	0.23432006	0.017209094	0	0.4803742	0	0	0.13553937	0	0.091047995	0.06974697	0.07960351	0	0.17669435
YA32	Y	0.0739983	0	0.06837956	0	0.05763239	0	0.011183464	0	0.06256908	0	0.009089892	0.5409141	0	0	0.04032598	0	0.018450735	0.10833448	0	0.18939409	0	0	0	0	0	0	0.60296947	0	1.3310105	0.020910006	0.024972258	0	0.044358246	5.393899	0	0	0	0	0	0	0.06515526	0.010868481	0	0.021544551	0	0	0.30081984	0	0	0	0.07126807	0	0.04186918	0.16548663	0.05822845	0	0	0.041214	0.10585254	0.06760242	0.028656563	0.08725455	0	0.04870477	0	0.19109891	0	0.31499162	0	0	0	0	0.00773716	0	0.045747444	0	0	0.060747884	0	0	0	0.02643625	0	0	0	0	0	0	0	0	0	0.005041023	0.005319597	0	0.014877669	0	0	0	0	0	0	0	0.22584403	0.060412522	0.047351714	0.008535812	0.20642395	0	0	0.30880836	0.18660061	0.06782662	0.06373039	0.004608898	0.27718458	0	0	0.015194427	0.2346706	0.03707713	0.21698049	0.028811181	0	0	0	0	1.1131487	0	0.0353799	0	0	0.007895056	0	0	0	0	0.027150191	0	0.08322712	0	0.35950857	0	0	0.053902943	0.021151558	0.0225844	0.18823408	0	0.041039072	0.2993303	0.1885254	0.051926352	0	0	0	0.7041634	0.012555606	2.1084366	0	0.048298895	0	0.08518137	0	0	1.4759753	0.013904877	0.23057297	0.33596587	0	0.023864262	0.012457374	0.18401645	0	0	0.42590928	0.359909	0.19878493	0	0	0	0	0	0.10634624	0	0	0.061475027	0.11115198	1.7376863	0	0	0	0.017445354	0	0	0	0	0	6.225163	0.057521913	2.5828483	0.14867015	0.59981555	0.22081378	0.810141	0.16860646	0	0	0	0.12343353	0.32831922	0	0	0.3105369	0.7399695	0	0	0.11873003	0.19736613	0.039286915	0	0	0.3888242	0.06609441	0.091554284	0.57471037	0.05926561	0	0.038101483	0	0.4252432	0.51862967	0.095402226	0	0	0.09691673	0.32645577	1.9326357	0.033487175	8.420882	0	0	0.15812704	0.011621654	0.01756585	0.013269884	0	0.16611353	0	0	0.27766773	0	0.2101066	0.5358486	0	0	0.009428378
YA33	Y	0.17898947	0	0.062460553	0.013219593	0.04584065	0.027336605	0.61407334	0	0	0.07326232	0	0.08967798	0	0	0.13070339	0	0.007697425	0.17421146	0.07518949	0.19154769	0	0	0.11435609	0	0	0	2.21636	0	2.0032911	0.18484746	0	0.042198796	0.05523352	1.8333871	0	0.006982174	0	0	0	0.12732732	0.0515481	0	0.038760792	0.007204008	0	0.08961207	0.15785591	0	0	0	0	0.015916662	0.0402899	0.019201396	0.060740463	0	0	0.55391675	0.7038619	0	0.5979638	0.22944197	0.037565928	0	0	0.54089254	0	0.17889228	0	0.020011507	0.018098764	0	0	0.048513666	0.1241822	0	0	0.07084646	0	0.25525376	0	0.05987841	0	0	0	0	0	0	0	0	0.061307047	0	0	0.015585615	0.17502001	0	0.054844316	0.14872904	0	0.119670756	0.03302664	0	0.73965126	0.09294517	0.025408033	0.011392265	1.142318	0	0	0.15014002	1.191638	0.030920658	0.07321438	0.03323719	0.15323563	1.2038672	0	0.0197431	0.15028724	0.07806298	0.21659318	0.0335875	0	0.019937638	0	0.13235871	0.84758174	0	0.02266126	0.09372628	0	0.024110584	0	0.1343521	0	0	0.08349585	0	0.044006784	0.032866765	0.009941869	0	0	0.12575833	0.3201821	0	0.13800345	0	0.018211957	0.15717465	0.116384275	0	0.007532423	0.048993297	0.21880941	1.9981545	0	0.39707214	0	0.18315004	0	0	0	0	4.105317	0.036322635	0.22377986	0.9875386	0.029724492	0.039825324	0.04807881	0.11118284	0	0	0.14143643	0.4127738	0.34869826	0	0	0	0.027538087	0.08974795	0.2049787	0	0.046820555	0.10856686	1.1187624	6.299806	0.07426801	0.043625347	0	0	0	0	0.4134188	0	0	0.07524992	0.19674979	0.313715	0	2.5265553	0.12452324	0.5258635	0.26448607	0	0	0.019327616	0.10212994	0.26240098	0	0	0.13700381	0.8222062	0.04591308	0.60432655	1.5923104	0.28458154	0.26410112	0.011825997	0	0.17543119	0.09954774	0.14129722	0.18870467	0	0.051525574	0.05260662	0.12924594	0.15252428	1.5576969	0.54289424	0	0	0	0.09583221	0.15812056	0.32280344	0.1851994	0.017202413	0	0.14800923	0	0.06657582	0.042364318	0.46416736	0.8330465	0	0	0.41691276	0	0.19926196	2.9214616	0.6464258	0	0.032980014
YA34	Y	0.71914846	0	0	0	0	0	0	0	0	0	0.39746112	0.50020427	0	0	0.15200594	0	0.028644582	0.15113133	0	0.14862135	0.031039536	0	0	0	0	0	2.2553744	0	1.136856	0	0.048496492	0	0.3163144	9.865961	0	0	0	0	0	0	0.02956512	0.042129498	0.11579476	0.028095648	0	0.030047951	0.08646637	0	0	0	0	0	0	0.024621101	0.15529023	0.13403909	0	0.043599285	2.518361	2.6107786	1.0993224	0.06030688	0	0	0	0.5022238	0.04919592	0.18465702	0	0.018287899	0	0	0.01637098	0	0.031661008	0.076421075	0.010010626	0.116523094	0	0	0.023411958	0.015010778	0	0	0	0	0	0	0	0	0	0	0.01864702	0.014374351	0.34360534	0	0	0	0	0	0	0	0.57007205	0.16496627	0.069163375	0.03915639	0.356182	0	0	0.13401054	0.8614046	0.032096397	0	0.042683847	0.16255184	0	0	0.023966277	0.09147871	0.12417298	0.070452094	0.016236994	0	0.021975653	0	0	2.856751	0	0	0	0.06799464	0	0	0	0	0	0.08653898	0	0	0.045346234	0.32486218	0	0	0.16572729	0	0.3328155	0.45946285	0	0	0.11304077	0.0773982	0	0.03313287	0	0	1.7478139	0.2574709	0.81408256	0	0.12153417	0	0	0	0	7.7221985	0.043843955	0.1951092	0.24161467	0	0.07239025	0	0.660145	0	0	0.09820042	0.3167808	0.038128853	0.4970394	0	0	0.014407451	0	0.533454	0.06932245	0	0.2849766	0.864796	1.5996962	0.044326413	0	0	0.030159475	0	0	0	1.1221173	0	2.3168557	0.19594811	0	0.00708848	0.64616275	0.08056919	0.71334153	0.4969967	0	0	0.09359592	0.10635428	0.19886063	0	0	0.0892796	0	0	0.21172032	0	0	0.020433905	0.29798597	0	0.18243675	0.04695729	0.10273496	0.34234762	0.88296455	0	0	0.06553187	0.7715031	1.5834068	0	0	0	0	0.30617344	0.1626721	0	0.5352404	0	0	0	0.021385828	0.08183531	0.14305754	0	0.5373013	0	0	0.13566507	0	0.1423765	0.11270584	0.044755235	0	0.042053115
YB31	Y	0.329302	0	0	0	0	0	1.2756191	0	0.64673567	0	0	0.22727379	0	0	0.24007331	0	0	0	0.05926341	0	0.019717932	0	0	0.27235863	0	0	5.0090666	0.053451676	1.2311511	0.14237563	0.011055644	0	0.01210183	2.0141535	0	0	0	0	0	0	0	0	0.21788618	0	0	0.01787312	0.19363338	0	0	0	0	0	0	0	0.060136326	0	0.027036047	0.5798372	0.3501807	0	2.0831287	0.09463895	0	0	0	2.2436676	0	0.27872646	0	0	0	0	0.009270696	0	0	0	0	0	0	0.057403468	0	0.010925227	0	0	0	0	0	0	0	0	0	0	0	0	0.5418784	0	0	0.4318758	0	0.11737468	0.027631069	0	1.1451998	0.08074393	0	0	0.94413507	0.2304607	0	0.1796041	2.7580824	0	0.69499177	0.06181473	0.17777303	4.82124	0	0	0.14008997	0	0.089807004	0	0	0	0	0.3522067	0.30191472	0	0	0.3865841	0.20588736	0.5034885	0	0.09763622	0	0	0	0	0	0.04540115	0	0	0	0.051998314	0	0.039292704	0.030290376	0	0	0.16869928	0.1243718	0	0	0.03048323	0.9359783	2.3962865	0	0.27109113	0	0.12727475	0	0	0	0	7.1799192	0.007189013	0.3100453	0.4967155	0	0	0	0.16837499	0	0	0.2128751	1.2002035	0.1188649	0.11205694	0.05374728	0	0	0	0.42059052	0	0	0.013848644	0	2.1068234	0.011889271	0	0	0	0	0	0.12255339	0	0	0	0.3433168	0.09885646	0.045219865	1.5965304	0.16109665	0.69780856	0.11687943	0	0	0	1.996862	0.07287854	0	0	0.16936196	0.052026544	0	0	0.47768548	0.11406946	0.4664362	0	0	0.22819284	0.19848333	0.1549478	0.8932078	0	0.045405686	0.096811235	0.06843031	0.1727424	1.8870481	1.063874	0	0	0	0.20217772	0.19026801	0.5681776	0	0	0	0	0	0	0.007744459	0.020074708	1.1989021	0	0	0.58006907	0	0.13550486	0	0	0	0
YB32	Y	0	0	0	0	0.059615258	0	0	0	0	0	0	0	0	0	0	0	0.07843339	0.28681704	0.07289162	0.12919763	0.010494299	0	0.009625991	0.024462463	0.17930368	0	4.7536526	0	0.13316655	0.115932815	1.8829006	0	0.0558801	1.1491438	0	0	0	0	0	0	0.27204344	0	0.20919092	0	0.8582813	0.07303193	0.22989161	0	0	0	0.22852114	0	0.08209542	0.49895114	0	0.17844588	0	0	0.95143896	0.055528566	0.1445696	0	0	0.016091907	0	1.8850061	0	0.27414918	0	0.03171087	0	0	0.012488464	0	0.011323898	0.013756011	0	0.08564219	0	0	0.048510343	0.010368886	0	0	0	0	0	0	0	0.014607535	0	0	0	0	0.27676573	0	0	0.42988223	0	0	0	0.061558805	0.38406947	0.06961629	0.07801088	0	0.5887516	0	0	0.24871115	0.3023588	0.22609152	1.8417946	0.039811682	0.35020813	0.49118468	0	0.02974753	0.23567808	0.04795667	0.10952969	0	0	0.12235893	0	0.37596026	2.6635704	0	0.029017426	1.01035	0	0	0	0	0	0	0	0	0	0	0.015025944	0	0	0.051232997	0	0	0.45089254	0	0	0.28320622	0.16108797	3.4948254	0	0.024896678	2.501621	0.4519337	1.0199199	0	0	0.27538538	0.24239439	0	0	0	0.6582681	0.03145834	0.115710735	0.94016266	0	0.099481344	0	0	0	0	0.21297814	0	0.045543496	0.4860478	0	0	0.005757392	0	0	0	0	0.014194879	0.02612074	2.6827385	0	0	0	0	0	0	0.04302916	0	0	0.027710676	0	0.04362005	0.3784416	0	0.18037091	5.040673	0.38459083	0	0	0.24748978	0.17998691	0.3584666	0	0	0.24429245	0.1254153	0	0	0	0.082060024	0.25766838	0	0.014910557	0.29740885	0.02520833	0.1693677	1.2499862	0.06484673	0.021946996	0	0	0.28452343	0.55798334	0	0	0.38129446	0	0.18522435	0.20621334	0	0	0	0	0	0	0.004700978	0.006379903	0	0.18973418	0	0	1.4909713	0	0.19336408	0	0	0.3373756	0
YB34	Y	0	0	0	0	0	0	0	0	0	0	0	0	0	0	0	0	0	2.0386474	0	0	0.00650737	0	0	0	0.37391835	0	3.223169	0	2.2763784	0	0	0	0	2.391338	0	0	0	0	0	0	0	0.023783905	0.43363938	0.009007472	0.04334643	0.35915065	0	0	0	0	0	0	0	0	0	0	0	0	0	0	3.074162	0	0	0	0	0.3160056	0.05930992	0	0	0	0	0	0	0	0	0.07884746	0	0	0	0	0	0	0	0	0	0	0	0	0	0	0	0	0	0	0.85981464	0	0	0	0	0	0	0	0	0	0	0.019978074	2.9413981	0	0	0	0	0.011428078	0	0.10626644	0	0	0	0.010511831	0	0.054567493	0	0	0	0	0	0	1.4249223	0.016195096	0	0	0	0	0	0	0	0	0	0	0	0	0	0	0.030033197	0	0	0.2873767	0.20598355	0	0	0	0	0	0	0	0	4.742921	0	0.13612202	0	0	0	0.32232812	0	0	15.759527	0	0	0	0	0.106558725	0	0	0	0	0	0	0	0.01622022	0	0	0	0	0	0	0	0.05527956	0.016920712	0	0	0	0	0	0	0	0	0	0	0.26044843	0	0.05154095	0.473636	0	0	5.762001	0	0	0	7.944027	1.414914	0	0	0.005438922	0	0	0	0	0	0	0	0.00825729	0	0	0	0	0	0	0	1.0864527	0	0	4.5210395	0	0	0	0	0	0	0	1.2181711	0.008245529	0	0	0	0	0.11227472	0	1.5551335	0	0	1.1377192	0	0	0	0	0.38295388	0
YB35	Y	0.089239344	0	0	0	0.012858483	0	4.1408687	0	0	0	0.008458696	0.4750457	0	0	0	0	0	0.0634724	0	0.09942398	0	0	0	0	0	0	0.26317954	0	2.6881075	0	0.055354636	0	0.19099003	1.8574771	0	0	0	0.0933893	0	0	0	0	0.49330005	0.2698482	0	0	0.072081015	0	0	0	0	0	0	0	0.17878881	0	0.06355391	2.0297348	1.3699095	4.171712	2.150038	0	0	0.08630265	0.00946264	0.2461022	0	0.1264051	0	0.028560814	0	0	0	0.071489595	0	0.031209521	0.15274973	0.09183037	0	0	0	0.10405882	0	0.076667756	0.053140387	0	0	0	0	0	0.099303775	0	0.31231695	0.037956018	0.5538873	0	0.17018045	0	0	0	0	0	0.27483428	0.19058584	0	0.8221334	0.9630178	0	0	0.08779606	0.48792988	0	0.069448106	0.057709593	0.13297632	0	0	0	0.07077554	0.34232292	0.041045878	0	0	0	0	0	0.051776584	0.037271246	0	0	0	0	0	0.39594206	0	0.024372155	0.5840059	0	0	0	2.6805325	0	0	0.07861526	0.33590674	0	0	0	0	0.08222936	0.03666918	0	0	0	0	0.30429858	0.010312035	0	0	0	0	0	0	0	0.1675081	0	0.43013588	0.19021565	0	0.0739619	0	0.051383603	0.39495775	0.16571656	0.06531128	0	0.24406883	0	0	0	0	0	0.37480965	0	0	1.2082248	4.9596386	0	0	0	3.3518417	0	0	0	0	2.0035229	0	1.1093422	0.060809415	0	0.11439019	1.5323663	0.058529135	0.2895756	0.18552724	0	0	0	0.08011966	0.22090597	0	0.12424495	0.059928406	0.44973543	0	0	0	0	0.05010403	0	0.008652947	0.10959449	0.084031984	0.07498554	0.35157397	1.2396371	0	0.2758916	0.6043943	2.577187	0.24523413	0	0	0	0	0.42408785	0.28846684	0	0.6285408	0.045172412	0	0	0.20464914	0	0	0	0.18996467	0	0	0.08275511	0.21500303	0.057632085	0.066577405	0.0714853	0	0
YB36	Y	0	0	0	0	0.12274595	0	0	0.01964484	0	0	0	0	0	0	0	0	0	0.9912206	0	3.2194774	0	0.08301277	0	0	0.05612989	0	0.9266207	0	0.16376351	0	0	0	0	0	0	0	0	0.20332576	0	0	0	0	0.011197045	0.6988269	0.030211043	0.55927235	0.029838452	0	0	0	0	0	0.06416709	0.028764546	0	0	0	0	0	0	0.13788924	0	0	0	0	1.674806	0	0.09560633	0.17684166	0	0	0	0	0.057215583	0	0.3288637	0	0.49927217	0	0	0	0.17124268	0	0	0.18012674	0	0	0	0	0	0	0	0.603874	0	0.03879549	0	0	0	0	0	0	0.11459617	0	1.0853009	0	0.54370177	0	0	0	0.039290275	0	0	0	0.006526262	0.02355733	0	0	0	0.048714414	0.5178361	0.026069352	0	0	0	0	0	0.22057563	0.025691215	0	0	0	0	0	0	0	0	0	0	0	0	0	0	0	0	0	0.22868367	0.022434784	0.32332242	0	0.024026355	0.022654323	0	0	0	0	1.8426377	0	0	0	0	0.31228417	0	0	0	5.392062	0	0	7.978543	0	0.102335386	0	0	0	0	0.03369526	0	0	0	0	0	0	0	0	0	0	1.3986951	1.3929913	0	0	0	0	0	0	0	0	0	0	0	0	0.22261308	0.35126808	0	0.037568506	0	0.5150748	0	0	0	0	9.064111	0	0	0.029810082	0	0	0	0	0	0	0	0.26754737	0.060553595	0	0.5522918	0.2438918	0	0	0	0	0.03913837	9.07375	0	0	0.272237	0	0.029915886	0	0	1.4619296	0.075190485	0	0	0	0	0	0	0.48503128	0	0	0	0.11683524	0.03860457	0	0	0.17112297	0
YB37	Y	0.04543959	0	0	0.030399516	0	0.041060798	6.3482523	0	0	0	0.14947021	0	0	0	0	0	0	0.06790949	0	0.8089053	0	0.02953661	0	0	0	0	2.8351307	0	0	0	0	1.3481619	0	0	0	0.017824994	0	0	0.03791255	0.13356279	0	0	0.009769088	0.2814895	0	0	0	0	0	0	0	0	0.13287672	0.018696563	0.21172598	0	0	0.61502606	0.121607505	0	0.048541125	0	0	0.1092603	0	0	0	0	0	0.054840975	0	0	0.022930248	0.03390672	0	0.11207783	0.03158022	0.17687476	0	0	0	0.06776471	0.013499183	0.037921403	0.07226602	0	0	0	0	0	0	0	0.21667832	0	0.018673185	0	0	0	0	0	0	0	0.33515915	0.24388897	0	0.1695437	0	0	0	0	0.47200277	0.021915145	0.07862654	0.009457395	0	0	0	0	0	0.5051209	0	0.02631591	0	0	0	0	20.427341	0	0.11940722	0	0	0.059791792	0	0	0	0	0	0	0	0	0.61458373	0	0	0.17007227	0	0	3.6927576	0.04252252	0	0	0	0	0	0	0	0.44199347	0.046590976	0.079122975	0	0	0	0	0	0	0.2931911	0.044823233	0.12880407	0.77016747	0	0.78769267	0	0.8470294	0	0	0	0.27385503	0	0	0	0	0	0.05179964	0	0	0	1.251573	1.6323397	4.1468263	0	0.27985272	0	0	0	0	0	0.019120926	0	0	0	0	0.10370227	0.18513383	0	0.080382854	0.27992544	0	0.01895036	0	0.061181616	1.6387199	0	0	0	0.8284076	0	0	0	0	0	0.091359824	0.024472501	0	0	0.113610595	0.089916795	0	0	0.45942065	0	0	0.37506393	1.522394	1.8920822	0	0	0	0	0.06609298	1.0470914	0	0	0	0.26318118	0.046429522	0	0	0.2240954	0	0	0.10387221	0	0	0.109555066	0.02155539	0	0
YB38	Y	0.14753257	0	0	0	0	0	8.1360235	0	0	0	0	0	0	0	0	0	0	0.16331968	0	0.13134177	0	0	0	0	0.12149386	0	1.8017356	0	0	0	0	0	0	2.2796097	0	0	0	0	0	0	0	0	0.097183585	0	0.70616955	0.125982	0	0	0	0	0	0	0	0	0	0	0	0	0	2.8117628	0.056686427	0	0	0	0	0	0	0	0	0.03730006	0	0	0	0	0	0	0	0.102774836	0	0	0	0	0	0	0.022710552	0	0	0	0	0	0	0	0	0	0.025383897	0	0	0	0	0	0	0	0.14034255	0	0	0	3.442336	0	0	0	0.68185365	0	0.10742664	0.008022766	0	0	0	0	0	0.030375378	0	0	0	0	0	0	2.495762	0	0	0	0	0	0	0	0	0	0	0	0	0	0	0	0	0	0	0	0.42301968	0.05208538	0	0	0	0.10588103	0	0	0	3.1185575	0.012626084	0	0	0	0.11195223	0	0	0	11.19715	0	0.24651088	1.0413536	0	0.19768055	0	0	0	0	0	0	0.05375201	0	0	0	0	0	0	0	0	0.03331667	0.015451158	0	0	0	0	0	0	0	0	0	0	0	0.6094062	0	0.5084364	1.6144875	0	0.4972887	0.45518687	0	0	0	0	0	0	0	0	0.90510195	0	0	0	0	0.06848481	0	0.0934271	0	0.1076567	0.1753909	0.096218914	0.92273086	0	0	0	0	2.7519343	0	0	2.452931	7.3750787	0.40180728	0	0	0	0	0	0	0	0	0.013522806	0	0.97794616	0	0	0.14202762	0	0	0	0	0.04880857	0
YB39	Y	0	0	0	0	0	0	0.89912814	0	0	0	0	0	0	0	0	0	0.021173239	0.17330217	0	0	0	0	0.007058291	0.05506056	0	0	2.6595824	0	0.13885354	0.06471872	0.047288902	0	0.037309796	0.62218815	0	0	0	0	0	0	0	0.007555299	0.068607636	0	0.37227345	0.25298232	0.04944731	0	0	0	0	0	0	0.023539832	0	0	0.022305114	1.3393523	0.78271955	2.0507143	2.2293236	0	0	0	0	0.5959543	0	0.19720764	0	0	0	0	0	0	0	0.015161958	0	0	0	0	0.004300766	0.007708744	0	0	0	0	0	0	0	0	0	0	0	0	0.6159157	0	0	0	0	0	0	0	0.08558406	0.03631049	0.013752047	0	0.049123377	0	0	0.07722155	0.6996907	0	0	0.10414118	0.059571665	0	0	0	0.036458984	0.021059211	0.34256682	0	0	0	0	0.5546635	0.1890769	0.006919131	0	0	0	0	0	0.06227266	0	0	0	0	0.024083253	0	0	0	0.012798214	0.033848274	0	0	0.009118757	0	0	0.0492848	0.043492228	0	0	0	0	4.737894	1.314645	0	0	0	0	3.2419307	0	0	14.796811	0	0.2746274	0.524434	0	0.14327142	0	0	0	0	0.03629277	0	0.0564918	0	0	0	0	0	0	0	0	0.038914334	0.00611571	1.0223069	0	0	0	0	0	0	0	0	0	0.09385441	0.5195166	0.019080842	0.17763403	1.5448774	0.060846694	2.3228786	0.15238267	0	0	0	0	0.11572318	0	0	0.034051083	0	0.019094307	0	0	0.013755801	0.20030251	0	0	0.15407845	0.050186884	0.14830142	0.21061854	0.69515455	0.017306143	0	0	0.47315633	4.525979	0	0	0.7110767	0	1.4882191	9.677884	0	0.49892014	0	0	0	0	0	0.009824066	0	1.2103184	0	0	0.45755297	0	0.05269248	0	0	0	0
YB40	Y	0	0	0	0	0.027398083	0	0	0.017007021	0	0	0	0	0	0	0	0	0	13.542175	0	0.19550605	0	0	0	0	0.60721284	0	0	0	0	0	0.14318973	0.3157786	0	0	0	0	0	0.034094486	0	0	0	0	1.1211021	0.13350889	0	0.7475678	0	0	0	0	0	0	0.027105931	0.28511158	0	0	0	0	2.5695872	0	0.6446192	0	0	0	0	0	0.0065102	0	0	0.008449197	0	0	0	0	0.026226642	0	0	0.07815066	0	0	0	0.03719692	0	0	0	0	0	0.2618675	0	0	0	0	0.046052355	0	0.23957126	0.028404381	0	0	0	0	0	0	0	0	0	0.29250374	0	0	0	0	0	0.037254445	0	0.255553	0	0	0	0.008790697	0	0.25399145	0	0	0	0	0	0	2.5603223	2.6576076	0	0	0	0.015215839	0	0	0	0	0	0	0	0	0	0	0	0	0	0	0.26972094	0	0	0	0	0	0	0	0	0	0	0	0	0	0	0	0	0	0	0.013560715	0	0	0	0.37059978	0	0	0	0	0	0	0	0	0	0	0	0	0	0	0	0.66232	0.04250257	0	0	0.09638401	0	0	0	0	0	0	0	6.3907757	0	15.174735	0.30026343	0	0	0	0.10544145	0	0	0.69304025	0.3875196	0	0.004513146	0	0	0	0	0	0	0	0	0	0	0	0	0	0.046337485	0	0	0	0	0	0	0	0	0	3.6068513	0	0	0	10.236046	0	0	0	0	0	0	0	0	0	0	0	0	0	0	0	0	0
YB41	Y	0.15090354	0.13448593	0	0	0.14225644	0	0.09738199	0	0	0	0	2.1865432	0	0	0.61044276	0	0	0.18843414	0	0.17164004	0	0	0	0	0	0	1.122151	0	0.29307637	0.016075801	0.008553341	0.04209787	0.07442512	3.349716	0	0	0	0	0	0	0.017352803	0	0.020134898	0	0	0.023087882	0.053838518	0	0.34188268	0	0	0	0.033364736	0.12563227	0	0	0	2.5067132	2.2211885	2.451941	0.091312446	0	0	0	0	4.043129	0	0.13779439	0	0	0.004654853	0	0.025918014	0	0.009716097	0	0	0	0	0	0	0	0	0	0	0	0	0	0	0	0	0	0	0	0.050723996	0	0	0	0	0	0	0	0.30281332	0.1269211	0	0	2.873376	0	0	0.085830905	1.0810369	0	0	0.057735924	0.05845285	0	0.11651339	0	0.19899489	0.03752801	0.08313587	0.00876148	0	0	0	0	0.14753193	0	0	0	0	0	0	0	0	0	0.004588475	0	2.4166024	0	0.19677019	0	0	0.10697561	0	0	0.007560138	0	0.00484392	0.105713606	0.4113719	0.12952015	0	0	0	1.7245625	0	0.14879291	0	0	0	0	0	0	6.199137	0	0.23890918	1.0415456	0	0.073347084	0.006466282	0	0	0	0.043567006	0	0.10778395	0	0	0	0	0	0	0	0	0.019661678	0.037530057	3.2560117	0	0	0	0	0	0	0	0	0	0	0.16552225	0.027211575	0.13296029	1.96421	0.04597376	8.981939	0.23725697	0	0	0	0.7547645	0.12942651	0	0	0.054986253	0	0	0	0.3227287	0.07467579	0.3118867	0	0	0.10413197	0.049132667	0.16366133	1.0810798	0.83263665	0	0	0	0.06867288	1.5286254	0.28609863	0	0.35958174	0	0.09392344	0	2.8959606	0.6321649	0	0	0	0	0.024107536	0	0	0.41156837	0	0.14330414	2.5298471	0	0.048360214	0	0	0	0
YB43	Y	0	0	0	0	0	0	1.8372357	0	0	0	0	0	0	0	0	0	0	2.8383334	0	0.20257522	0	0	0	0	0	0	11.784889	0	0.427119	0	0.00758628	0	0	1.1584877	0	0	0	0.063815385	0	0	0	0.024650173	0.013137871	0.009677221	0	0.46367428	0	0	0	0	0	0	0	0	0	0	0	0	0	0	0.12239971	0	0	0	0	4.6593275	0	0	0	0	0	0	0	0	0	0.017375248	0	0.13569702	0	0	0	0	0	0	0	0	0	0	0	0	0	0	0.011816859	0	0.051587477	0	0	0	0	0	0	0	0	0	0	0.016881146	0.72594357	0	0	0	0.63877124	0.005248572	0	0.04559708	0	0	0	0	0	0.06635994	0	0	0	0	0	0	0.2020972	0.012416293	0	0	0	0	0	0	0	0	0	0	0	0	0	0	0	0	0	0.616683	0.011789338	0	0	0	0	0	0	0	0	5.077844	0	0	0	0	0	0	0	0	15.282709	0	0	0.55814517	0	0	0	0	0	0	0	0	0	0	0	0	0	0	0	0	0	0.16900802	0.016251793	3.9153657	0	0	0	0	0	0	0	0	0	5.70304	0	0.018117653	0.063925005	1.2864158	0	0.9085734	0.09625552	0	0	0	0	0	0	0.08044957	0	0	0	0	0	0	0	0	0	0	0	0.2896239	0	0	0	0	0	0	4.3184557	0	0	0	0	0	0	0	3.3133516	0	0	0	0	0	0.020733133	0	1.690903	0	0	0	0	0	0	0	0	0
YB45	Y	0.16233248	0.028136346	0	0	0	0	0	0	0	0	0	0.4160712	0	0	1.6913918	0	0	0.30810732	0	0	0	0.018044084	0	0	0	0	3.965109	0	2.678212	0.3547191	0	0	0	6.2111835	0	0	0	0	0	0	0	0	0	0.035572488	0	0.008202308	0.036238667	0	0	0	0	0	0	0.041661993	0.08058255	0	0	0	0.34954846	0	0.08438355	0	0	0	0	0.2777167	0	0.14211904	0.165327	0.023332855	0	0	0.015877062	0	0.071176365	0.07137918	0	0	0	0	0	0.0181368	0	0.04235125	0.012274176	0	0	0	0	0	0	0	0.052743174	0	0.029952448	0	0	0	0	0	0	0	0.2574477	0.1331373	0	0.03372978	0.766167	0.089619055	0	0.0418427	2.2427208	0.026937874	0.21557775	0.013701913	0.033045188	0	0	0	0.046690512	0.11926785	0.046662387	0	0	0.007011628	0	0.17807528	0	0	0.060719628	0	0	0	0	0	0.1008068	0	0	0	0	0	0	0	0.018530674	0.13888192	0	0.32802683	0	0	0	0.030401753	0.04139651	0	0	0	0	0.88587636	0.0920615	0.25955373	0	0	0	0	0	0	2.20029	0	0.13718307	0.8425663	0	0.084096536	0	0.0632552	0	0	0.03671744	1.0090185	0	0	0	0	0	0	0	0	0	0.22591622	0.115850374	2.1976554	0	0	0	0	0	0	0	0	0	0	0.18185878	0.2933729	0.019494144	1.0223192	0.058803886	1.2641819	0.5321965	0.008328936	0	0	3.6583207	0.469134	0	0	0.037000347	1.71364	0	0	0	1.2861458	0	0	0.013317323	0.1520611	0.041065052	0.21599662	0	0	0.08554403	0.49104306	0	0.03672266	0.88766706	0	0	0.21193741	0.041983612	0.83301896	0.13187806	0	0	0.23561622	0	0	0.19357054	0	0	0	0.35796103	0	0	0.22653289	0	0.054882728	2.360008	0.009861912	0	0
YB46	Y	0.3335162	0	0.023642024	0	0	0	0	0	0.067999795	0.006065027	0.008644584	0.16519733	0.026594182	6.1825194	0.10679509	0	0.016239388	0	0	0	0.30428013	0	0.26735792	0.031880263	0	0	0.89657795	0	0.10828992	0.18975744	1.8194395	0	0.07551323	0.31096387	0.15415841	0	0	0	0	0.00792426	0	0	0.038401294	0.011713421	0	0	0.0908135	0.7945361	0.057264764	0	0.5661231	0.025910247	0.018743794	0.01454138	0.13307488	0.009891345	1.5524658	0.30809122	0.34293556	0.1268491	0.16136684	0.07725492	0.4523057	0.006912295	0.018401556	1.2718617	0.044469863	0.10165569	0.07220236	0	0	0.44005352	0.027887639	0	0.016965268	0	0.007568612	0	0	0.27845982	0.011038908	0.012496633	0.06946185	0	0	0	0.018815475	0	0	0.046556756	0.06928948	0.014593611	0.020239627	0.014500053	0.06705405	0	0.04394834	0.28204903	0.1021855	0.20702948	0.05114949	0	0.4140873	0.105632976	0.038027216	0.017343495	0.033781484	0	0.021095537	0.06100534	0.7673966	0.09559222	0	0.26908445	0.06889747	0.21749115	0.24087258	0.022571275	0.04931633	0.025925133	0.037225634	0.009148571	0	0.012317171	0	0.40084383	1.3136512	0	0	0.23601454	0.017160289	0	0	0.13796157	1.1012233	0.017943736	0.007079137	0	0.023596197	0.02352085	0.005633052	0	0	0.097577296	0.32344344	0	0.22680339	0	0	0.07564728	0.039363403	0	0	0.0937328	0.98844564	0.3759326	0	0.541766	0	0.04944132	0	0	0	0	0.6511222	0.02979994	0.18723074	0.6223247	0	0	0.028597992	0.33433083	0.11613836	0.054682128	0.05804346	0.0331454	0.05663253	0	0	0	0	0.3744963	0.42402413	0	0	0.014723093	0.06276578	1.5747285	0.010282433	0	0.116747566	0.07381827	0.72394854	0.10885543	0.028940832	0.06431181	0.16591659	0	0.812174	0	0	0.19295736	0.043320004	1.1097919	0.38228884	0	0.06613933	0	0.18884523	0.10403373	0	0.47886208	0.05049788	0.009139897	0	0	0.11071185	0.15464264	0.19960782	0.012126775	0	0.08363174	0.37041545	0.06875409	0.09160056	0.079551116	0.08117942	0.29946503	0.11586656	0.060142323	0.38422453	0.12328335	0	0	0	0.014405293	0.092871465	0.5416329	0	1.6277348	0	0	0.011896849	0.011451866	0	0	0.9257302	0.10209353	0	0.46519735	0	0.04311195	0.16018766	0.022838648	0	0
YB47	Y	0.07735734	0	0	0	0	0	0	0	0	0	0	0.05442733	0	0	0	0	0	0.028270861	0	0	0	0	0	0	0	0	0.39095512	0	1.0655632	0.06400258	0	0	0.020289259	0.20984796	0	0	0	0	0	0	0	0	0.010605902	0	0	0.04751828	0.041288074	0	0	0	0	0	0	0	0.4219726	0	0	0.76787895	0.2750205	0.09105375	0.057482395	1.109616	0	0	0	0.16382691	0	0.08249673	0	0	0	0	0	0	0	0	0	0	0	0	0	0	0	0	0	0	0	0	0	0	0	0	0	0	0.01587765	0	0	0.13012964	0	0	0	0	0	0.059486024	0	0	0	0	0	0.038067225	2.5542064	0	0	0.025876325	0.051172346	0.17770286	0	0	0.034017716	0	0.025228215	0	0	0	0	0.085095264	1.0214404	0	0.017630141	0.25519606	0	0	0	0	0	0	0.006086422	0	0	0	0.13332017	0	0	0.16979624	0.027696012	0.017496157	0.16837496	0	0	0.03730618	0.030766174	0	0	0	1.6235626	0.6502196	0	0.17405549	0	0.044275165	0	0	0	0	1.7831584	0	0.14648572	0.7623002	0	0.015434051	0.00877501	0.6537693	0	0	0.03679252	0	0	0	0	0	0	0	0.20542134	0	0	0.010469582	0	0.1700524	0	0	0	0.020605313	0	0	0	0	0	0	0.11632596	0	0	1.2146939	0.037897933	0.0908796	0.2539759	0	0	0	0.13267224	0.14355947	0	0	0.03502271	0	0	0	0	0.07614894	0.06664386	0	0	0.058166064	0.1721914	0.062273603	0	0.048222873	0.013220026	0.031710282	0.050136037	0.035319492	0.6256854	0.5056617	0	0	0	0	0.054811254	0.15835291	0.1263461	0	0	0	0	0.015931064	0.006764122	0	0.4336852	0	0	0	0	0.034224547	0.7287167	0	0	0
YB50	Y	0.098172724	0	0.023584997	0.02099193	0.58952445	0	0.02781792	0	0	0.9617656	0.08423328	0	0	1.3319603	0.09125446	0	0	0	0	0	0.016455874	0	0.57456374	0.036943592	0.033983514	0	1.348679	0.08954729	1.808292	0.20434129	0.046062883	0.035401642	0.09094724	1.5245876	0	0	0	0.014751731	0	0.05825336	0.22047849	0.019312115	0.074142955	0.057346553	0	0	0.042867795	0.14228465	0	0	0.06041003	0	0.15063912	0.7243556	0	0.006378664	0.26917103	0.8767484	1.9101228	3.7277646	0.40198386	0.04712794	0.02911874	0	0.016130852	0.93798405	0.005174898	0.10136121	0	0.014138014	0	0	0.012277225	0.011659466	0.018191999	0.025377398	0	0	0	0	0	0.056146737	0.02230606	0.033333514	0	0	0.037341673	0.02191664	0	0	0.039616294	0.021379221	0.03229902	0.039012145	0.10538423	0.007800846	0.057736684	0	0.03170757	0	0.02192386	0	0.20163076	0.15535443	0	0.108717255	0.3492405	0	0	0.058923587	1.1549052	0.021265788	0.057747092	0.01514834	0.061135184	0	0	0	0.041687228	0.11590468	0.034348212	0	0	0	0	0.14209	0.2542671	0	0	0	0.094794124	0.08600182	0	0.42034265	0	0	0.0313558	0	0.025931465	0.023315152	0	0.742145	0	0.1375475	0.11870306	0.045550156	0.034711067	0	0	0.062371977	0.035254914	0	0	0	0	0.66163945	0.3290406	0.16896075	0	0	0	0	0	0	1.3174171	0	0.34454304	0.55461633	0.080466986	0	0.06521626	0.083910614	0.064686425	0	0.046992116	0	0.24185336	0.016321512	0	0	0	0.16690789	0.11584033	0	0	0.24757513	0.51586664	2.1514807	0.029069496	0.038189206	0	0.0233646	0	0	0	0.053016856	0	0.28163385	0.072856076	0.47506654	0	0.67331326	0.040026642	1.2812536	1.806554	0.011957745	0	0	0.74676186	0.5766382	0	0	0.04348234	0.52033556	0	0.20684035	0.9450961	0.7947978	0	0.04970572	0	0.092845604	0.07493602	0.09853787	0.6819261	1.0887605	0.0658426	0.2162602	0.24887384	0.052229524	0.56150347	0	0	0	0	0.1033252	0.15030183	0	0.6060903	0.045851186	1.1410079	0	0.02391665	0.034354344	0.16964626	0	0.49499503	0.103107795	0.47957832	0.39035818	0.038356155	0.040758017	0.16144986	0.023287313	0	0.037839103
YB52	Y	0	0	0	0	0.010165734	0	0	0.01662297	0	0	0.26503465	0	0	0	0.9864268	0	0.035160694	0.12839746	0	0	0.1536522	0	0	0	0.032968283	0	1.007508	0	0	0	0.41872302	0	0	2.2281587	0	0	0	0	0	0	0	0	1.4552771	0.032981757	0	0.043711375	0.3994709	0	0	0	0	0	0	0.017052827	0	0.011332265	0.05336417	0.49826986	0.11003568	3.1046607	4.01883	0	0	0	0	0	0.10852335	0.46317255	0	0.057646398	0	0	0	0	0	0	0	0	0	0	0.007461144	0	0	0	0	0	0	0	0	0	0	0.03138497	0	0	1.03167	0.010205044	0	0	0	0	0	0	0.6980176	0.017843053	0.041825958	0.007154184	0.3811486	0	0	0.38622788	0.2930055	0.07283753	0	0.17217833	0.37094462	0	0	0.026360905	0.40275374	0.01273485	0.55506766	0	0	0.03409167	0	0	0.16178104	0.015320978	0	0	0	0	0	0	0	0.035641845	0	0	0.16336061	0	0	0	0	0	0	0	0.015611042	0	0	0.4221439	0.39688346	0	0.029209975	0	0	1.7766625	0.03288154	0.14081934	0	0	0	0	0	0	5.7161164	0.016445031	0	0.584859	0	0.055094562	0	0	0	0	0.49578086	0	0.030569043	0.029977957	0	0	0	0	0	0.007788736	0	0.018074982	0.007840028	0.95096296	0	0	0	0	0	0	0	0	0	6.2136497	0.349598	0.031249851	0.29196578	0	0.41238338	0.3778754	0.092367165	0	0	0	1.5067164	0.033228207	0	0.03793124	0.3785552	0	0	0	0	0	0	0.82402915	0	0.4950245	0	0.111477576	0.015469746	0.78982913	0	0.22027701	0	0.6887959	2.265164	0	0	0.10230308	0	0.038605213	5.1296244	0	2.2580223	0	0	0.35469916	0	0	0	0	0.43889272	0	0.10770754	0.069268934	0	0.30017024	0	0	0	0
YB54	Y	0.17570165	0	0	0	0	0	0	0	0	0	0.025683247	0.08858663	0	0	0.2918784	0	0.06834942	0.08884165	0	0.14001697	0	0	0	0	0	0	2.204204	0	0.49594256	0.36030993	0	0.012804554	0	3.3884737	0	0	0	0	0	0	0	0	0.059654213	0	0.03756413	0.00490272	0.1300226	0	0	0	0	0	0	0	0	1.4330227	0	1.1068455	5.2315793	0	0.5520886	0.05571295	0	0	0	2.0105286	0	0.17629685	0	0	0	0	0	0	0	0	0	0.07080657	0	0	0.03555695	0	0	0	0.006531382	0	0	0	0	0	0	0.010551828	0	0	0.20634408	0	0	1.3192878	0	0	0	0	0.47880492	0.25922835	0.06546053	0	0.22013098	0	0	0.13008305	0.6474362	0.015048632	0.03949369	0.036098577	0.14707622	0	0	0	0.19077936	0	0.079231165	0	0	0.037772655	0.12630653	1.0127774	0.59502375	0	0	0	0	0.018865498	0	0.21301574	0	0	0	0	0.042622764	0	0.013439646	0	0	0	0	0	0.12983869	0	0	0.12042974	0.11204524	0	0	0.11229961	0	2.4529946	0.8228504	0.1303661	0	0	0	0	0	0	6.8037486	0.006968385	0.12454079	1.225307	0	0	0	0	0	0	0.16940956	0	0	0	0	0	0	0	0.4167664	0	0	0.007644768	0	1.6907443	0	0	0	0	0	0	0	0.26492807	0	3.0075643	0.32891455	0.14860362	0.018395884	1.1334379	0.12949696	2.7116504	0.31515843	0	0	0	0.6831918	0	0	0.041486055	0.10793241	0.13187826	0	0	0	0.18826674	0	0.013023293	0.011978195	0.26367968	0.24126248	0.13097978	0.7369516	0	0.14453432	0.081008576	0.15253079	0.116769515	2.2891903	0.9753389	0	0	0.06493075	0.36736304	0.21015422	0.3106423	0.61048603	0	0	0	0	0	0	0	0.81186736	0	0	0.8144292	0	0.1246329	0.19956401	0	0	0
YB55	Y	0.10346341	0	0.09177876	0.04517802	0.012228288	0	4.524672	0	0.10492723	0	0	0.07395192	0	0	0.1437276	0	0.033208836	0	0	0.16013558	0	0	0.62121844	0.09795762	0	0	1.94536	0.013962345	0.9506813	0.03607734	0	0.21827215	0.44206047	2.1349318	0	0	0	0	0	0	0	0.022362532	0.04119065	0.09335332	0	0	0.025603462	0	0	0	0.037860688	0.012900859	0	0.11891809	0.055167206	0.021758776	0.01665232	1.1918396	0.58853906	8.303267	1.2533755	0.0803884	0	0.020776713	0	0.2518459	0	0.10128797	0	0	0.044321958	0	0.027641967	0	0.03884586	0	0.012361115	0.10930362	0	0	0.027934741	0.030875247	0.06219156	0.02458411	0	0	0.032304306	0	0	0	0.025447143	0	0.008631789	0.21240792	0.37273425	0	0.10803164	0.18660718	0.12908602	0.3354447	0.043338846	0	0.55466706	0.18983142	0.027739327	0.041217092	0.113306254	0	0	0.036468126	0.68160456	0.22592619	0.054598704	0.038620815	0.026684133	0.38949034	0	0	0.04408774	0.08305741	0.024677131	0.051534016	0	0.031632084	0	0.089180686	0.11372746	0	0.08641228	0.041118577	0	0.016214836	0	0.11169504	0	0	0.00806199	0	0	0.15186852	1.8711234	0	0	0.067761496	0.037863415	0	0	0	0.054164976	0.023791749	0.022775846	0	0	0.099792786	0.08950061	1.8825065	0.004535373	0.103206374	0	0.11186106	0	0	0	0	5.602694	0.012892318	0.20617421	0.72962046	0	0	0.06950059	0.025565596	0.12578592	0.057215657	0.023198353	0.38847116	0.22065659	0	0	0	0	0	0.51075983	0	0	0.15778477	0.07484741	0.88457483	0.025463147	0.059971508	0.61813265	0.05012337	0	0	0	0.14965151	0	0	0.29879346	0	0.13204896	0.3373326	0.037920997	0.499015	0.38770515	0.043910097	0.018728912	0	1.2415504	0.5833691	0	0	0.023602521	0.2653638	0	0	0.28719005	0.082447544	0.04548527	0	0	0.07949492	0.07418771	0.13327049	0.24849811	2.3199732	0.016333459	0.061830215	0.10439155	0.03518628	1.6948122	0.5118631	0	0	0	0.11220664	0	0.16062847	0	0.05611777	0	0	0.062156633	0.26335183	0	0	0.5558013	0	0.1331765	0.23706785	0.047349997	0.034767676	0.6690298	0	0	0.1939329
YB56	Y	0.21317244	0	0.09799765	0	0	0	0.52844864	0	0	0	0	0.18701912	0	0	0.21309343	0	0.18166135	0	0	0	0	0	0.010027151	0.09153802	0	0	2.4741888	0.013247944	3.8631854	0.058494393	0	0.023101835	0.016436081	3.4864466	0	0	0	0	0	0	0	0	0.011422853	0	0	0	0.06865833	0.1824974	0	0	0	0	0.03174297	0.04987258	0.08917822	0.020313261	0.011015491	0.6181835	4.666367	0.856593	0.66933286	0.24613181	0	0	0	0.5805724	0	0.19903669	0	0.012759492	0	0	0	0	0	0	0	0	0	0	0.032304373	0	0	0	0	0	0	0	0	0	0	0	0	0.012257841	0.35440665	0	0	0	0	0	0	0	0.6768977	0.19662093	0.03897943	0	1.8666092	0	0	0.06278084	3.8621867	0.12681118	0.15386279	0.022751637	0.07312777	0	0	0.015913568	0.054021407	0.018579911	0.044681787	0	0	0.009720719	0	0	1.0865289	0	0	0	0	0	0	0	0	0	0	0	0	0	0.038957305	0	0	0.15301436	0	0.07376561	0.17607643	0	0	0.06083596	0.052187573	0	0	0	0	3.4415934	0.006365697	0.42780837	0	0.06838926	0	1.0745547	0	0	10.023733	0.071582474	0.15926103	1.4118979	0	0	0	0.07640788	0	0	0.07268697	0	0.062141366	0	0	0	0.008362791	0	0.45166117	0	0	0.020044824	0	1.1358886	0	0	0	0	0	0	0	0.17388994	0	1.1531014	0.39959982	0.9240877	0.15668157	1.5334165	0.058094975	0.5555232	0.42783195	0	0	0	4.8143525	0.12550482	0	0	0.055435874	1.597354	0	0	0	0.17196141	0.21830532	0	0	0.22014104	0	0.18766496	0.23713198	0.286413	0	0.05857112	0.12204773	0.08907536	3.189497	0.24588804	0	0	0	0.10112308	0.2121728	0.5388659	1.1727941	0	0	0	0	0	0	0.005904566	1.0917732	0	0.13410078	0.3184354	0	0.053426895	0.15768781	0	0	0
YB57	Y	0.8415198	0	0	0	0.01474619	0	0.19858198	0	0.118484534	0	0	0.3836864	0	0	0.07886574	0	0.06583818	0	0	0	0.08029829	0	0.02003794	0	0	0	1.6156057	0	2.0923483	0.051901326	0.18902206	0.021527827	0.21721677	1.6579629	0	0	0	0	0	0	0.004703044	0	0.010762853	0.012789005	0.12144845	0	0.069185555	0.7008962	0	0	0.008182095	0.023607666	0	0.057198543	0.040881407	0	0.015368007	0.69089997	0.2501114	0	0.33416563	0.025699386	0	0	0.018853797	0.29124677	0.04317102	0.14830561	0	0.01634338	0.004668648	0	0.011227243	0	0.006094371	0.030941697	0	0	0	0	0.032322947	0	0.027741369	0	0	0	0.010182624	0	0	0	0.016162898	0	0	0.01587699	0.098377176	0	0.045173544	0.10951072	0.02968898	0.13344078	0.022833029	0	0.52096474	0.045827612	0.05684768	0.015485068	0.51241696	0	0.020084213	0.09221754	0.6015478	0.05347976	0.042596206	0.0424508	0.09825996	0.6715513	0	0	0.06937301	0.022825424	0.04612384	0.006612172	0	0	0.037687447	0.19440743	3.8372025	0.01518508	0	0.060408417	0	0.041556496	0	0.10614044	0	0	0.009459754	0	0.03351049	0.046031646	0.06054702	0	0.04109809	0.043649703	0.045221265	0	0.684694	0	0	0.11292612	0.05567018	0	0	0.15910901	0.120267615	1.2055835	0	0.110668115	0	0.24065843	0	0	0	0	3.043527	0	0.18660401	0.8705458	0	0	0.029833818	0.079420805	0.029774057	0.17509872	0.079724334	1.9754333	0.02769545	11.002107	0.010336065	0	0	0.005088422	0.09413202	0	0	0.026591672	0.019042898	0.9483574	0.023487268	0	0.03140188	0.02353823	0	0	0	0	0	1.9026237	0.14064422	3.3520784	0.013351966	1.6446456	0.071676396	1.5122029	0.17015223	0	0.025946807	0	0.07376335	0.11577551	0	0	0.07122575	0.31903383	0.019713411	0.2203689	0.67956483	0.063780196	0.11168835	0	0	0.13670413	0.12544231	0.097109355	0.79005766	0	0.026334375	0.25944272	0.044105045	0.085799485	1.092235	0.49697146	0	0	0	0.042568896	0.11860505	1.0046114	0	0.014784349	0	0	0	0.021717058	0.08147023	0.01639429	0.35350394	0.09816131	0	0.6312083	0	0.110731095	0.017194735	0	0	0.007770028
YB59	Y	0.1256931	0	0	0	0	0	0.55152744	0	0.02289015	0	0.009897733	0	0	0	0	0	0	0.09247919	0	0.45883325	0	0.026896525	0	0	0.027930962	0	6.4174256	0	3.9482968	0	0	0	0	4.369394	0	0	0	0.06818523	0	0.01539077	0	0.031611927	0.014112892	0.07644	0.12574704	0.041023135	0	0	0	0	0	0.008492794	0	0	0.06342125	0	0	0	0	0.16893281	0.49155948	0	0	0.15448369	0	0.37426522	0	0	0	0.031414993	0	0	0.007154866	0	0.046343982	0.02571325	0.00800595	0.15501207	0	0	0	0.009764597	0	0.029229227	0.025218442	0	0	0	0	0	0	0	0.024406247	0	0.13028283	0	0.07090772	0	0	0	0	0	0.23895618	0	0	0.043591633	0.5173899	0	0	0	0.7201792	0.031901315	0.12428874	0.03496321	0	0	0	0	0	0.045738287	0	0	0	0	0	0	0.56947464	0	0.05168839	0	0	0.030398622	0	0	0	0	0	0	0	0	0.20065649	0	0	0.05482841	0	0.19241731	0.07131145	0	0.00575299	0	0	0	0	0	0	1.9869372	0.046263687	1.6971598	0	0	0	0	0	0	6.132148	0.005003766	0.7202911	0.92648315	0	0.061471976	0.04129269	0.13439806	0	0	0	0	0.060748663	0	0	0	0	0	0	0	0	0.08463348	0.31481364	0	0.012587388	0	0	0	0	0	0	0.8553096	0	17.238453	0.36315718	0.029913126	0.5302854	0.90293306	0	0.7986946	0.06853985	0	0	0	0.08997461	0	0	0	0	1.417111	0.11007409	0	0	0	0.090061076	0.012349105	0.012889982	0	0.12105915	0.20670931	0.42688897	0.4875131	0	0.16001503	0	0	1.8732363	0.25123906	0	0.21046026	0	0.050440654	0	0.13343672	0.8041404	0	0	7.815189	0	0.027775303	0.17589328	0	0.66133773	0.0731601	0	0.18490323	0	0	0	0	0	0
Z03	C	0	0	0	0	0	0	0	0	0	0	0	0	0	0	0	0	0	0.19900066	0	0.9486544	0	0	0	0	0.08779565	0	0.019508079	0	0	0	0	0	0	0	0	0	0	24.564436	0	0	0	0.2507163	0.21129353	0.10441023	0	0.085000694	0	0	0.028958209	0	0	0	0	0	0.016047299	0	0	0	0	0	0.9369395	0	0	0.11263705	0	0	0	0.03293886	0	0.4003266	0	0	0.20666446	0	0.16764705	0.44931987	0.5272678	0.14057465	0	0	0	0.57234615	0	0	0.13483702	0	0	1.1804488	0	0	0	0	0.21791098	0	0.30495384	0	0	0	0	0	0	0	0.00909526	0	0.108402446	0.15810052	0	0.060296487	0	0.015081924	0	0.41052672	0	0.032781582	0	0	0.011406042	0.028305935	0	0.64649934	0	0	0	0	0	0	3.806363	0.5455136	0	0	0	1.5808097	0	0	0	0.21853486	0	0	0	0	0	0	0.069503814	0	0	0	0.59356636	0	0	0.010215378	0	0	0	0	0	0	0	0.14230372	0	0	0	2.0902863	0	0	0	0.033372123	0	0	0	0	0	0.0646498	0	0	0.00935827	0	0	0	0	0	0	0	0	0	0	1.3812566	0.54489046	0	0	0	0	0	0	0	0	0	0	0	0	0	0.045563005	0	0.009028073	0.15302671	0	0	0	0.008007743	0	0	0	0.3319559	0	0	0	0	0	0	0	0.019027673	0.02966514	0	0	0.041466247	0	0	0	0	0	0.015600081	0	0	0	0	1.3002386	0	0	0	0.04296416	0.16858867	0	0	0.34322193	7.690144	2.5153053	0	0	0	0	0.041742355	0.18649486	0	0	0	0.113955215	0
Z04	Y	0.118392244	0	0.07426979	0	0	0	1.05276	0	0.23465042	0	0.010656267	0.099427514	0	0	0.08086242	0	0.3981261	0.048869647	0	0.5024557	0	0	0	0	0.12458295	0	4.8355904	0	0.723099	1.0580485	0	0.04939261	0.78510636	0.027415298	0	0	0	0.042499285	0	0	0	0	0.030549433	0.07938246	0	0	0.10817896	0.40853474	0	0.042552046	0.11197257	0	0	0	1.4913144	0.09732793	0	0.14072222	1.0756782	0	0.2136092	0.036099605	0	0.015151638	0	1.4485811	0	0.1906119	0	0.087158374	0	0	0.020078806	0	0.29202843	0.0749902	0.014645829	0.109088995	0	0.16694042	0.12792055	0.091175474	0	0	0	0	0	0.21509635	0	0	0	0	0.0990766	0	0.061988987	0.026226573	0.058003213	0.20601451	0.042133626	0	0	0	0.7738308	0.18388948	0.13624696	0.040859155	0.04822875	0	0	0.12249421	0.86911154	1.477822	0.03062426	0.015084114	0.12412514	0.6786966	0	0.16386926	0.095372945	0.35388333	0.055140767	0.04951607	0	0.08554249	0	1.0485467	0.826221	0	0.028984416	0.38137835	0	0.059915688	0	0.121757194	0	0.033500854	0.15901737	0	0.030975433	0.053850576	0.026399432	0	0.026773127	0.2620175	0	0	0.14103645	0	0.032355018	0.11246992	0.07806913	0	0.112392716	0.49503523	2.1865795	0.6463838	0.36898643	0.045383945	0	0.18513572	0	0	0	0	1.5724145	0.23407057	0.21875674	0.70402426	0	0	0	0.44763875	0	0	0.15146399	0.23074825	0.11774562	0	0	0	0.016825922	0	0.29548487	0	0	0.57176715	0.2643865	1.0367243	0.24625872	0.024428725	0	0	0	0.32120785	0.76812136	0.9106146	0	0	0.14778472	0	0.022361297	1.169106	0.076541096	0.54608935	0.5531135	0.06784817	0	0.09785302	0.3229224	0.71146595	0	0	0.10837231	0.28403628	0	0.40384102	0.036067136	1.4484953	0.20981756	0.063251466	0	0.12528878	0.29368702	0.11676485	0.8833001	0	5.1884236	0.026928574	0.08832025	0.104124926	0.68318504	0.21991946	0	0	0	0.71128064	0.09979721	0.17881769	0	0	0.19427304	0	0.2331288	0.056979768	0.13692817	0	0.49111065	0.07028125	0	0.43109998	0	0.102667585	3.4991524	0.021536289	0	0.03754122
Z06	L	0.057448193	0	0	0	0.04113521	0.061516017	0	0	0	0	0.028194139	0	0	0.042186685	0	0	0	0.075381055	0	0.3693106	0	0.03396999	0	0	0	0	0.49087894	0	0	0	0.006036567	0.14405923	0	0.44049978	0	0.026323667	0	0.18645108	0.010329058	0.35706583	0.019893495	0	0	2.4233568	0	0.061436027	0	0	0	0	0	0	0.21881624	0.19863944	0.098444775	0	0.34719622	0	0.22794476	0.49321762	0.17619687	0	0	0.081191085	0	0	0	0	0.07918455	0.23332718	0	0	0	0.107516736	0	0.7256997	0.24648085	0.14975162	0	0	0	0.32051584	0	0	0.019751186	0	0	0	0	0	0	0.13172981	0.2834957	0.024028378	0.04594718	0	0	0	0	0	0	0	0.036095574	0.7953556	0	1.0204308	0.034496192	0	0	0	0.18840683	0.025094634	0	0.010389823	0	0	0	0	0	4.0449357	0	0.097488195	0	0	0	0	4.561925	0.27911642	0	0	0	0	0	0	0	0	0.40975767	0	0	0	4.413122	0	0	0.20046954	0	0.030779578	0.8350408	0.07629962	0	0	0	0	0	0	0	0.09092117	0.18572098	0.10605792	0	0	0	0.20532896	0	0	0.19002911	0	0	0.09759014	0	0.07540596	0	0.14334968	0	0	0	0	0	0	0	0	0	0	0	0	0	10.982333	2.0040607	0.08668814	0	0.12892304	0	0	0	0	0	0.087456815	0	0.18850367	0	0.050393287	0.06449277	0.1739409	0	0.9264051	0.35849884	0	0	0	1.3970792	6.277483	0	0.04492502	0	0	1.6948979	0	0	0	0	0.036579736	0.088198714	0	0	0.15300012	0.23600672	0.17793833	0	0	0.02081807	0	0.23406821	0.112370156	0	0	0	1.4747097	0	0.08119093	0.019185694	0.121831164	0	0.15427932	1.6910626	0.06326545	1.3819076	0	0.025706878	0.1126476	0.12254642	0.2049173	0	0	0.1746053	0.095197424	0	0.34523365
Z07	L	0.1527571	0	0	0	0	0	0	0	0.06262599	0.035583857	0.014792268	0.11334512	0	0	0.032650486	0	0	0	0.053438272	0	0	0	0.13459772	0.1309126	0.03980987	0	0.35986224	0.08087534	1.366939	0.19709115	0.2091927	0	0.88292897	0.17502387	0.34350014	0.016923597	0	0.5625774	0	0	0	0	0.25279444	0.01298904	0	0.017575135	0.017349115	0.4872477	0	0	0.06356945	0	0.03526646	0.14747587	0.52218676	0	0.038303163	0.036237385	0.59322387	0.1677412	5.718474	0.35989282	0	0.007424664	0.28523806	0.2555695	0	0.067437686	0.08517434	0.010981873	0	0.39490634	0.028501477	0	0.04418164	0.02268032	0.009660152	0.049897633	0	0.023706941	0	0.0864391	0	0	0	0.04637168	0.05718855	0	0	0.91594434	0.11736909	0	0	0.35846236	3.6241941	0	0.59519714	0.08930463	0.08941381	0.10553486	0	0	0.21392104	0.10814826	0.12307308	0.022321803	0.11513901	0	0	0.02198922	0.26511487	0.9521366	0.024446674	0.1955264	0.021071728	0.2134186	0	0.052239113	0.015738938	0.051027566	0.01152955	0	0	0.025098005	0.061737705	0.42408705	3.6705413	0	0.032297466	0.06351468	0	0.16519237	0	0.047006752	0.056126524	0	0.013819609	0	0	0.05992698	0.031786036	0.07161784	0	0.31817198	0.51416594	0.011257687	0.62274975	0	0	0.014938257	0.015876036	0	0	0.034334965	0.22193335	0.30095452	1.370771	0.33211166	0	0	0.01934383	0	0	0	0.18617938	0.056336712	0.79271895	0.13931268	0.01625983	0.03685569	0.0894258	1.0881791	0	0.23734906	0.01834896	0.13468198	0.025863389	0.031999107	0	0	0	0	0.12875707	0	0	0.06376548	0.11270032	0.8951778	0.2779431	0	1.4986997	0.04781147	0	0.14447917	0.11633016	0	5.2714925	0	0.022450402	0	0	0.45423108	0.01657873	2.1077735	0.98763996	0.043221746	0	0	0.06324556	0.3000579	0	0.327345	0.012829686	0.08641573	0	0	0.054066792	0.15556861	0.0689389	0.011833852	0.007069783	0.04297792	1.068453	0.051015228	0.00668064	0.066970065	0.06636632	0.013207486	0.05746983	0.016556386	0.15924771	0.150451	0	0	0	0	0.055265695	0.07784214	0	0.010485876	0.13485599	0	0	0.09853501	0	0.6488687	1.1964439	0.082289934	0	0.6612823	0	0.022473803	1.1983094	0.013350972	0	0.09963028
Z09	C	0	0	0	0	0.004489844	0	0	0	0.010057586	0	0	0.03729434	0	0	0	0	0.17411356	0	0	0.09531167	0	0.015303873	0	0	0	0	0.07826819	0	0.010920391	0	0.004552386	0	0	0.011889937	0	0	0	0	0	0.15541406	0.004242641	0.14246929	0.021676645	0.20480026	0	0.015057123	0	0	0	0	0	0	0	0.007633226	1.4726906	0	0	0.22247924	2.3378277	0	0.04980735	0.088794716	0	0.12682165	0	0.025783772	0	0	0.07624001	0.573302	0	0	0.03899231	0.055600595	0.038805198	0.58722365	0.029420748	0.06183843	0	0	0.05412063	0.123402864	0	0	0.006802833	0	0	0	0	0	0	0	0.23963554	0	0.014582396	0	0	0	0	0	0	0	0.012420357	0.616291	0.18749036	0.12869383	0.026737042	0	0	0	0	0.36428753	0	0	0	0	0	0.017200826	0	0.7252649	0	0.44095942	0	0	0	0	3.485735	0	1.1514044	0	0	0	0	0	0	0	0	0	0	0	7.5274305	0	0	18.87242	0	0	0.6977808	0	0.36798745	0	0	0	0	0	0	0.026643813	0	2.1183894	0	0.044887565	0	0	0	0	0	0.024502829	0.008788448	0.117851965	0	0	0	1.1441212	0	0	0	0	0.041966453	0	0	0	0	0	0.60481995	0	0	1.5711228	4.652307	0	0.110773966	0	0	0	0	0	0	0.06311729	0	0	0	0	0.8869623	0.046200182	0	0.094194084	1.0662106	0	0	0	0.1402005	0.5374355	0	0.23160571	0	0.023655696	0	0	2.156969	0	0.032339107	0	0.022114914	0	0.004413179	0.075957105	0.008928903	0	0	0.028734477	0	0	0.16609728	0.04314143	0	0	0	0.043302577	0	0.02808114	0	0	0	0	0.24658588	2.0065315	0	0	0.006965867	2.6502848	0.19761057	0.019586066	0.4378994	0	0.35611343	0.108462855	0	0
Z10	L	0	0	0	0.036406603	0	0	0	0	0.016899593	0	0.21285488	0.05540422	0	0	0	0	0.14674936	0	0	0.12239227	0.012279772	0	0.11627416	0	0	0	0.20771529	0.12300463	0.053504873	0.3346702	0	0	10.923799	0.067450844	0	0	0	0.018503483	0	0	0	0.016865132	0	0.017481634	0	0	0	0	0	0	0	0	0	0	1.8556963	0.513786	0	0.26945388	0.99525404	0	0	0.100774035	0	0	0	0.07540804	0	0.18912724	0	0.2516345	0	0	0.012040663	0	0.01792488	0.11100553	0.011555287	0.11184781	0	0.02976257	0.12542228	0.12603563	0	0	0	0	0	0	0	0	0.06324307	0	0.015668726	0	0	0	0.25109404	0	0.3073892	0	0	0	0.028001081	0.5815628	0.3429877	0	0.028661368	0	0.12145546	0	0.17903736	0.46995783	0.035291374	0.005835158	0	0	0	0.21846792	0	0.061770122	0	0.06555562	0	0	0	0.2011642	21.377068	0	0.07097422	0.025964666	0	0.2231424	0	0.028321525	0	0.16221754	0.407321	0	0	0.3923363	0.29215705	0	0	3.3745208	0.5788357	0	3.8801293	0	0.054774486	0	0	0	0	0.1281689	0.13105431	0.102308	0	2.435223	0	0.054273378	0.017796535	0	0	0	0.03502013	0.13789994	0.028340034	0.09558719	0	0	0.72061867	0.49797058	1.6775666	0	0	0.013671249	0.012790683	0	0	0	0.086986795	0	1.2223859	0.51033443	0	0.060002048	0.18367498	0.030734904	1.080919	0	0	0.19606608	0.027928665	0	0	0.12675233	0	0	0	0	0.13188139	0.06665806	0	0.2168228	0.62513703	0	0.03180407	0	0.17254813	0.44990876	0.0368469	0	0	0.118617065	0	0	0.806634	0.4244845	0.013861596	1.0711356	0	0	0	0	0.015455036	0	0.06620421	0.03143607	0	0.016135419	0.10860953	0.07077718	0	0	0	0.01799569	0	0.016281923	0	0	0	0	0.07027182	0.14491226	0.012329028	0	0.015484187	0.36542594	0.7087331	0.029086404	0	0	0.121807665	0.053323537	0	0.062956244
Z11	C	0	0	0	0	0	0	0	0	0	0	0	0	0	0	0	0	0	0.100740284	0	0.15432458	0	0	0	0.16089335	0	0	0	1.6378855	0	0	0.004362118	0	0.07208718	0	0	0	2.20194	6.6117606	0.44359514	0	0	0	0	0.01343962	0	0	0.008676269	0.14649485	0	0	0.017390527	0.09972643	0	0	0	0	0	0.016729083	0.01415203	0.054674778	0	0.026409632	1.6226667	0.116870634	0.5794275	0	0	0.08493613	0	0.15540826	0	0	0.06377834	0	0.023935191	0.6193832	0.007742396	0.031938266	0	0	0	0.025629371	0.3742361	0	0	0	0.37390217	0.3467752	0	0.36107653	0.09596444	0	0	1.0525093	0	0	0.5128015	0	0.9209165	0.08257463	0.18219635	0	0	0.10848679	0	0	0	0	0.4080323	0.014258649	0	0.009172146	0	0	0.00854901	0	0	0	0.006807285	0.05888762	0	0	0	0	0	0	5.4558635	0.051377863	0.4033644	0	0	0.38433808	0	0	0	0	0.059157148	0	0	0	0	0	0	0	0.5344356	0	1.0272274	0	0.06304874	0.006979391	0.005969407	0	0	0	0	0	0	0.19541395	0	0	0	0	0.23845032	0.34013027	0	0	0	0	0.01741917	0.028413825	0.6341734	0	0.11745848	0.45945704	0.006752503	0	0	0	0.00636536	0	0	0.004777873	0.026424794	0	0.012597435	0.16106477	0.09164184	0	0.04930285	0	0.24444748	0	0	0	0	0	0	0	0	0	0	0	0.048052814	0	0	0	17.294405	0	0.042015746	0	0	0	0.009722895	0	0	0	0.020492133	0	0	0	0.006828132	0.019794445	0	0	0	0.032581285	0	0	0	0.00839831	0	0	0	0	0	0	0	0	0	0	0	0	0	0.59641343	0.032291036	0.043916658	0	0	0	0	0	0.006921902	0	0	0	0.3259716
Z12	Y	0.12784679	0	0	0	0.1952687	0	0	0	0.058277283	0	0	0	0	0	0.08641032	0	0	0.13406888	0	0.13711685	0	0	0	0.04126647	0	0	4.93116	0	0.18892679	0.031072572	0	0	0.65803444	0.3192426	0	0	0	0.48976022	0	0	0	0	0.06548481	0.01964124	0.05333373	0	0	0.15116052	0	0	0	0	0	0.02848886	0.09427959	0	0.027165784	0	0.055840112	0	0.38329142	0	0.017610757	0	0	3.532941	0	0	0.13211489	0.09966125	0	0	0.004433566	0	0.032635886	0	0.008274918	0.11912676	0	0	0	0.010232876	0	0	0	0	0.02251271	0	0	0	0.029910013	0	0	0.019211033	0.12868524	0	0.102739096	0	0.052725237	0	0	0	0.4660655	0.06823125	0	0.023350487	0.5549114	0	0	0	0.4569973	0	0.07352583	0.025232542	0	0	0	0	0	0.06989745	0	0.009931169	0	0	0.04945883	0	0.17798342	0.011384233	0	0	0.48819813	0	0	0.07449556	0	0	0.03820949	0	0	0.053439613	0.44818342	0	0	0.0642228	0.031925116	0.13237667	0.011380641	0	0	0	0	0	0	0	0	1.597393	0.0856964	0.13096127	0	0	0.11518543	0	0	0.03307051	4.1154203	0	0.9974994	1.7279302	0	0.06221947	0.28201938	0.03113134	0.24653831	0	0	0	0.20596863	0	0	0	0.016171696	0.010118946	0	0	0	0.033907328	0.19833595	2.6489766	0.044050403	0	0.06485522	0	0	0	0	0.06008733	0	0.03585962	0.1830916	4.2962017	0.012511813	1.855864	0	0.7315539	1.8918431	0	0.015519788	0	1.6252705	0.24937938	0	0	0	0.5502358	0	0.5154578	0	0.09259808	0.16054204	0	0	0	0.40751064	0.1644587	0.53233445	0	0	0.046371993	0.12081346	0	1.6442012	0.1606083	0	0	0.4041467	0.18884926	0	0.8065344	0.36152828	0.029539622	0	0	0.029618602	0.020395089	0.017253805	0.1125067	0.6807716	0	0.1521907	0.56318593	0	0	0	0.007151884	0	0.021778313
Z14	Y	0.093596116	0	0.061411068	0	0.119028546	0	0.20996098	0	0.024094634	0	0	0.45246735	0	1.4785433	0.08291028	0	0.020295866	0	0	0.08614946	0	0	0.10081609	0.03721784	0	0	1.5357155	0	2.5517776	0.028695714	0	0	0.46051255	0.971492	0	0.032471035	0.028717251	3.0533135	0	0.06559797	0	0.028385336	0.005500102	0.025679473	0	0	0.028008424	0.4273641	0	0	0.16963458	0.015194926	0.04714075	0	0.061544802	0	0.33694223	0.07164154	0.118032426	0.17712842	0.00493387	0.067733556	0.5618133	0.013220383	0.044316564	0.3142531	0	0.07707078	0.100309685	0.05411369	0	0	0.030598504	0.021222204	0.020184299	0.08991241	0.01140949	0.093214855	0	0.04081498	0.00773267	0.012062707	0.054708436	0	0	0	0.090125695	0.16876486	0	0.009370619	0.11674308	0	0.02835765	0.20885058	0	0	0.32033476	0.27881497	0.06327102	0.124768265	0.045784265	0	0.4307017	0.070578165	0.015774596	0.02701877	1.1487706	0	0.10024995	0.03686666	1.6254433	0.057002325	0.045102023	0.026306111	0.031752184	2.1565368	0	0	0.0508623	0.060759444	0.029981399	0	0	0.016023986	0.048699133	0.08028933	0.4426698	0.060635213	0	0.42642608	0.06802129	0.07315029	0	0.15853083	0	0	0.041859817	0	0.037666652	0.043302424	0.07019285	0	0.021742864	0.066740826	0.58439356	0	0.06594881	0	0	0.024020707	0.038895305	0	0	0	1.6009394	0.96781635	0.14935035	0.095790856	0	0.13388446	0	0	0	0.055249255	2.1750216	0	0.67181665	0.4096491	0.041453198	0	0.06213444	0.21614195	0.3359285	0.30098152	0.04034725	0.032539465	0.13433714	0.019430926	0	0	0	0.07412188	0.07565937	0	0	0.11480871	0.423688	2.831369	0.11270562	0	0.17085414	0.038303077	0	0	0	1.155483	0	0.8347096	0.14246441	0.07590896	0	0.4246158	0.04733342	0.6796178	0.16987525	0	0.115273654	0	1.0953567	0.10366104	0	0	0.030936692	0.14906633	0	0.44010937	0.2890552	0.04556964	0.13725579	0	0.011767237	0.09383205	0.10792288	0.09903436	0.48883793	0.09505834	0.008447429	0.07833487	0.08973084	0.033445213	0.9066145	0.9695619	0	0	0	0.25346908	0	0.31864706	2.7556756	0	0	0	0.2755231	0.024396112	0	0	0.47150213	0	0.096701354	0.35982773	0.17630887	1.6372067	2.2156255	0.09607476	0	0.09892674
Z15	C	0	0	0	0	0	0	0	0	0.3977211	0	0	0	0	0	0	0	0	1.1669117	0	0.17562246	0	0	0.019215362	0	0.59069	0	4.458139	0	0	0	0	0	0	0	0	0.1637414	0	0.03713188	0	0	0.36168683	0	0.03965759	0.15176648	0	1.3903605	0.035082404	0	0	0	0	0	0.1414022	0.6315968	0	0	0	0	0	1.3173777	0.032392215	0	0	0.6137296	0	0.23067789	0	0.06863735	0	0.04556356	0	0	0.1162987	0	0.22921911	0.05689956	0.025553074	0.10621574	0	0	0	0.27510962	0	0.016624458	0.010617781	0	0	0	0	0	0	0	0.11405109	0	0.010020732	0	0	0	0	0	0	0	0	0	0	0.05518524	0	0	0	0.048243135	0	0.014606088	0	0.016279416	0.034895103	0	0	0	0.0844821	0.08907982	0.043460917	0.020362101	0	0	0	0	5.270218	0.23523396	1.2765946	0	0	0.04200326	0	0	0	0	0	0	1.1350279	0	0.8585207	0	0	0	0	0	0.87813073	0	0.10163983	0.054092664	0.22541894	0	0	0	0	0.20939998	0.054939073	0	0	0	0	0	0	0	0.55215096	0	0	1.4665992	0	2.0278642	0	0	0	0	0.033770677	0	0	0	0	0	0.038109686	0	0	0	0.7425902	0.20750746	1.67835	0.1324694	0	0	0	0	0	0	0	0	0	0	0	0	0.50274825	0.31393236	0.03481422	0.11346301	0	0.02107909	0	0	0	0	0	0.2985225	0.038217165	0	0	0	0	0	0	0	0.027326465	0.05526435	0	0.14094356	0.12853427	0.4370548	0	0	0	0.03840407	0.60494906	0	0	0.26403326	0	0.017692083	0.09870607	0	0	0	0	0	0.45937222	0.20926963	0.012358707	0	0.2564343	0	0	0	0	0.026959205	0	1.1799489	5.6560173	0.017829986
Z16	E	0	0	0	0	0.023689218	0	0.0254578	0	0	0.04296152	0	0.39581054	0.101587765	0	0	0	0	0.08553803	0	0.19491734	0	0.061595928	0	0	0	0	0.16478102	0	0	0	0	0.06955215	0.15986186	0.2780366	0	0.014575624	0	0	0	0	0	0.025211776	0.03601488	0.014058645	0	0.007383979	0	0	0	0	0.42797938	0	0	0.03143639	0.41365018	0	0	0	2.1871998	0.3399397	0.027339183	0	0	0	0	0.121156335	0	0	0.16338477	0.42721748	0	0	0	0	0.021016512	0.08898798	0.008575923	0.21396348	0	0	0	0.08075905	0	0	0.019512292	0	0	0	0	0	0.06702562	0	0	0.09079103	0.008115444	0	0.15758263	0	0.025526166	0	0	0	0.052104875	0.568894	0	0	0.02955044	0	0	0	0.19094509	0.027400466	0.03201655	0	0	0	0	0.007994705	0	0.066818915	0	0.013684765	0	0	0	0	0.10912336	0	0	0	0	0.19396186	0	0	0	0.015355262	0.066455826	0	0	0.05581022	0.016531913	0	0	2.8864934	0.24629	0.3795575	0	0	0	0	0	0	0	0	0	0.05844005	0	0.09223718	0	0	0	0	0	0	0.08231332	0	0	0.062455337	0	0.07557917	0	0.22255011	3.3575854	0	0	0	0	0	0	0	0	0	0	0	0	0.053317305	0	0	0.13085508	0.007454636	0	0	0	0.4835382	0	0.6577122	0	0.1608003	0	9.426603	0.01456388	0.15625463	0	0.27546895	4.364972	0	0	0	0.47530133	0.34044042	0	0	0	0.22865774	0	0	0.510284	0.033239163	0	0	0.028672026	0	0	0	0.016720189	0.1572148	0	0	0	0	0.12961817	0.15517187	0	0	0	0	0	0.26944488	0	0	0	0	0.007632647	0.021355232	0.008176582	0	0	0.48932752	0	0.050177403	0	0	0.21545012	0	0	0.006913737
Z17	C	0.012033588	0	0	0	0	0	0	0	0	0	0.022007583	0	0	0	0.00742275	0	0	0	0	0.018294241	0	0.007444493	0	0	0	0	0	0	0.00531839	0	0	0	0.82159746	0.011433844	0	0	0	0	0	0	0	0.040177003	0	0.015165535	0	0	0.017074173	0	0	0	1.2958455	0	0	0	0.035969652	0	1.0318877	0.53965956	0.026548736	0	0	0.050465327	0.08522579	0.025214298	0	0	0	0.044265814	0	0.08998628	0	0	0.035964973	0	0.55566716	0.08893338	0.015794203	0.027440324	0	0	0	0.20269449	0	0	0	0	0	0	0	4.6598225	0.6365003	0	0.013660452	0	0	0	0.1756268	0	0	0	0	0	0	0.07055128	0	0.015094194	0	0	0	0.022139939	0.07524239	0.04790987	0	0	0.021147205	0	0	0	0.014338617	0.18649837	0.010919195	0.45781323	0	0	0	0	4.740266	0.025944639	6.675644	0	0.6772069	0.5072455	0	0.07616752	0	0	0.58219296	0	0	0.045814186	4.2201886	0	0	0.36598498	5.0113697	0	0.84332323	0	0.6571667	0.018369794	0.009063491	0	0	0	0	0	0	1.3583003	0	0	0.005326412	0	1.7252929	0	0	0.019673891	0.01280742	0.007332261	0.01604398	0	0	0.0595345	0	0	0.01446651	0	0	0	0	0	0.26094705	0.2398432	0.22443989	0	0.036554612	0.36598414	2.7357168	0.013703196	0.09158859	0	0	0.5824244	0.005396986	0	0	0	0	0.006185538	0	0	0.014855653	0.005717827	0.01354403	0	0.11161349	0.045440957	0	0	0.105234765	0.068020955	0.027510015	0	0.014491069	0	0	0.027208325	0	0	0.015183042	0.027167901	0.04266269	0.031959902	0.008748874	0	0	0	0	0	0	0.016213335	0	0.0127465	0	0	0	0.009121673	0	0	0.044228114	0.013754933	0	0	0.038183346	2.6434956	1.0110512	1.1767982	0	0	0.016357582	0	0.14058596	0.014949779	0	0.025353504	0	1.931276
