"SampleID"	"Group"	"Sg_A27_31"	"Sg_B04_2"	"Sg_D18_45"	"Sg_M12_6"	"Sg_A11_10"	"Sg_YB37_28"	"Sg_OB03r2_39"	"Sg_OB24r1_18"	"Gp_MJ4_197"	"Gp_NH_148"	"Sg_K36_16"	"Sg_K15_44"	"Sg_M02_5"	"Sg_P27_36"	"Sg_OA11r1_9"	"Sg_Z17_26"	"Sg_CM33A_60"	"Sg_M07_27"	"Sg_OM21r1_55"	"Sg_B07_53"	"Sg_K36_3"	"Sg_E06_10"	"Sg_Z03_24"	"Sg_CK52A_43"	"Sg_B07_50"	"Sg_K40_4"	"Sg_CA25_21"	"Sg_G18_1"	"Sg_B26_4"	"Sg_CM17_7"	"Sg_G09_4"	"Sg_CM32A_26"	"Sg_G18_19"	"Sg_M07_39"	"Sg_I05_27"
"A01"	"C"	0.00117339087212112	0.00373553862736018	0.0000454998614781995	0.0108552558406656	0.000812930858410498	0.00232908735366739	0.000422137603714406	0.0318675974253145	0.000330126772725159	0.000291704667476901	0.00746096617439187	0.00201109387733642	0.000132455152303203	0.0000298276869690419	0.000113244099679074	0.000271988060836348	0.0000202221606569776	0.00000353887811497107	0.0000242665927883731	0.000333160096823705	0.000231038185505969	0.000515665096752928	0.000477748545521095	0.00000808886426279102	0.0000090999722956399	0.0000313443490183152	0.000625875872333455	0.00946548784951477	0.0000313443490183152	0.000100605249268463	0.000827086370870382	0.000147116218779512	0.000943869348664427	0.00134780700778755	0.00120675743720514
"A02"	"Y"	0.000855902949806575	0.0026622474504911	0.000783103171441456	0.00310207944478036	0.000271482506819924	0.00343068955545624	0.0002027271605862	0.00294181882157381	0.0000217388227062509	0.000388771038630394	0.00238975383563832	0.000718897811355552	0.0000460054154946239	0.000938308254483759	0.0000404443213139551	0.0018740887388854	0.00024367703591658	0.00157783408526067	0.000219410443128206	0.000228510415423846	0.000259854764442162	0.000153688420993029	0.00285031354460099	0.0000465109695110484	0.0000328610110675885	0.000386748822564696	0.000223960429276026	0.0027057250959036	0.000326082340593763	0.000276032492967744	0.00242969260293585	0.000572287146592465	0.00102273577522664	0.0000399387672975307	0.000869552908250035
"A04"	"E"	0.00102324132924306	0.0000733053323815436	0.00184982214609702	0.00330581771339941	0.0032643622840526	0.000359448905677776	0.000400398781008156	0.00310865164699387	0.000940330470549456	0.0000586442659052349	0.00554441089812682	0.00132101264491706	0.000041455429346804	0.0000232554847555242	0.0000465109695110484	0.000767430996932298	0.000663286869548864	0.000304343517887512	0.0000515665096752928	0.00103284685555513	0.000185538324027769	0.000222949321243178	0.017472452361645	0.0000869552908250035	0.0000257832548376464	0.0000894830609071257	0.000290693559444052	0.00174770023477929	0.000146105110746663	0.000326587894610188	0.000534876149377056	0.00061273146790642	0.00187712206298394	0.0000899886149235501	0.000367537769940567
"A07"	"C"	0.0012659072571268	0.0020065438911886	0.00160462844813117	0.00184577771396563	0.000101110803284888	0.000368043323956992	0.000136499584434599	0.00376536631432922	0.000367032215924143	0.0000192110526241287	0.0014231345562348	0.000424665373796529	0.0000343776731168618	0.0000212332686898264	0.000629920304464851	0.0102132022398065	0.000699181204714999	0.000105660789432708	0.000879158434562099	0.0192641357958532	0.0000839219667264569	0.000479770761586793	0.0034711338767702	0.000589475983150896	0.000528303947163539	0.00344383395988328	0.00230684297694471	0.0101080470043902	0.00061728145405424	0.00881736760045864	0.000255304778294342	0.0249071297271828	0.00165113941764222	0.00510660111990326	0.0379484011348677
"A09"	"C"	0.000185538324027769	0.000131949598286779	0.0000904941689399746	0.000147621772795936	0.0000995941412356145	0.000174416135666431	0.0000374109972154085	0.00369509430604622	0.00000505554016424439	0.0000222443767226753	0.000132960706319627	0.0000854386287757302	0.0000293221329526175	0.0000262888088540708	0.0000222443767226753	0.000255810332310766	0.000593520415282291	0.000818491952591167	0.00253687005441783	0.0528895445362755	0.000228004861407422	0.0100428305362715	0.00331087325356365	0.0012805683236031	0.00207883811553729	0.000671881287828079	0.00060363149561078	0.00147015107976227	0.000812425304394073	0.0155604470715278	0.00472440228348638	0.00166428382206925	0.00152576202156896	0.00353685589890537	0.0744559733229257
"A11"	"C"	0.00683054031591059	0.003111179417076	0.00845791869478086	0.0017977500824053	0.00803679219909931	0.00138269023492084	0.0004282042519115	0.00140493461164352	0.000354898919529956	0.000826075262837533	0.00342512846127557	0.000859947381937971	0.0000889775068907012	0.000901402811284775	0.0000500498476260195	0.000342260069119345	0.0000722942243486948	0.0000480276315603217	0.000128916274188232	0.0000601609279545082	0.000403937659123127	0.000207782700750444	0.0000586442659052349	0.0000267943628704953	0.0000343776731168618	0.0000606664819709327	0.000102121911317737	0.000117794085826894	0.00011728853181047	0.000330632326741583	0.0000561164958231127	0.000706764514961366	0.000332654542807281	0.00000505554016424439	0.000274010276902046
"A12"	"L"	0.0425903981136769	0.00871575124315733	0.00297720760272352	0.0458168438464976	0.00177247238158408	0.00441904765756602	0.00203991045627261	0.0141524791357857	0.00875164557832346	0.00179269454224106	0.0206316594102814	0.00559092186763787	0.000213849348947538	0.00321582909847586	0.0103294796635841	0.0000146610664763087	0.000101616357301312	0.0000181999445912798	0.000103133019350586	0.0000899886149235501	0.0000303332409854663	0.000145094002713814	0.00079270869775352	0.000112232991646225	0.0000434776454125017	0.000335182312889403	0.0000535887257409905	0.00000758331024636658	0.000090999722956399	0.000787653157589276	0.000874608448414279	0.0005854315510195	0.000803830886114858	0.000105155235416283	0.00289480229804634
"A13"	"C"	0.0000242665927883731	0.000149138434845209	0.00000151666204927332	0.000057633157872386	0.000144082894680965	0.000135994030418174	0.00000606664819709327	0.000292210221493326	0.00000556109418066883	0.00000556109418066883	0.0000419609833632284	0.000115771869761197	0.00000960552631206434	0.00000404443213139551	0.0000313443490183152	0.0000636998060694793	0.0435276952601278	0.00464705251897344	0.0382835834477571	0.00671830732426437	0.0000677442382008748	0.00202120495766491	0.00404392657737909	0.00472642449955208	0.0876044221820925	0.0170346425834215	0.00102071355916094	0.0157555909218676	0.0139962629447106	0.00464705251897344	0.0012618628249954	0.00589526538552538	0.00233212067776594	0.0000176943905748554	0.0154178808388961
"A15"	"C"	0.00000556109418066883	0.0000181999445912798	0.00000101110803284888	0.0000192110526241287	0.0000176943905748554	0.000103133019350586	0.000012638850410611	0.0000667331301680259	0	0	0.0000192110526241287	0.0000460054154946239	0.00000454998614781995	0.00000505554016424439	0.00000404443213139551	0.0111085384028942	0.000906963905465443	0.0000156721745091576	0.0120079189981133	0.000596553739380838	0.000305860179936785	0.00172646696608946	0.0102152244558722	0.00123607957015775	0.00107480783891836	0.00953879318189631	0.000602620387577931	0.00281593587148412	0.000521731744950021	0.0112020658959327	0.000360460013710625	0.00278155819836726	0.00154750084427521	0.00133264038729482	0.0778512740972322
"A17"	"C"	0.000144082894680965	0.0000409498753303795	0.00000454998614781995	0.000586442659052349	0.0000642053600859037	0.000153688420993029	0.0000869552908250035	0.000348326717316438	0.0000217388227062509	0.000012638850410611	0.000577848240773134	0.000237610387719486	0.0000545998337738394	0.00000353887811497107	0.0000202221606569776	0.0000454998614781995	0.0000854386287757302	0.000012638850410611	0.000436293116174291	0.00989419765544269	0.0315157318298831	0.00013548847640175	0.00925821070278075	0.000523248406999294	0.000222949321243178	0.00451409181265381	0.0019549773815133	0.00160563955616402	0.00302068524813602	0.00230886519301041	0.125050808178651	0.00148683436230427	0.00343726175766976	0.00049089294994813	0.0117334031671948
"A18"	"E"	0.000474715221422548	0.000175932797715705	0.0000121332963941865	0.000211321578865415	0.000082910858693608	0.000124871842056836	0.0000283110249197686	0.00223454875259602	0.0000328610110675885	0.0000308387950018908	0.0000925163850056723	0.00012183851795829	0.0000090999722956399	0.000196660512389107	0.0000176943905748554	0.00309955167469823	0.000588464875118047	0.000012638850410611	0.032084985652377	0.00961664850042568	0.00039180436272894	0.00184577771396563	0.0113319932781538	0.00027906581706629	0.00631234744907554	0.000278054709033441	0.00102223022121022	0.0164653887609276	0.000943869348664427	0.00152727868361823	0.135461176484863	0.00103486907162083	0.00359550016481061	0.00294737991575448	0.00997003075790636
"A19"	"C"	0.000062183144020206	0.0000257832548376464	0.00000252777008212219	0.0000551053877902638	0.0000444887534453506	0.0000571276038559616	0.0000399387672975307	0.00016632727140364	0.00000758331024636658	0.00000707775622994214	0.0000116277423777621	0.0000343776731168618	0.000020727714673402	0.0000283110249197686	0.0000252777008212219	0.000644075816924735	0.0000556109418066883	0.00000808886426279102	0.000268449182721377	0.155542287571258	0.000155710637058727	0.0000561164958231127	0.000354898919529956	0.0000176943905748554	0.0000743164404143925	0.0000571276038559616	0.00314859041429141	0.000117794085826894	0.00148430659222215	0.000082910858693608	0.00345445059422819	0.000392309916745365	0.00112182436244583	0.0000212332686898264	0.000262382534524284
"A20"	"L"	0.000352371149447834	0.000475220775438973	0.000109705221564103	0.000435787562157866	0.000636492506678369	0.000385232160515422	0.0000636998060694793	0.0018245444452758	0.0000525776177081416	0.000100605249268463	0.000374109972154085	0.000264404750589982	0.0000419609833632284	0.000235082617637364	0.000109199667547679	0.00246558693810199	0.000543976121672696	0.000191604972224862	0.00102728576137446	0.000407476537238098	0.00021637711902966	0.00142717898836619	0.00370823871047326	0.000629414750448426	0.000206266038701171	0.000575320470691011	0.000715358933240581	0.00326689005413472	0.000301310193788966	0.000952969320960067	0.000185538324027769	0.00145650112131881	0.00107177451481981	0.0000136499584434599	0.00201261053938569
"A22"	"L"	0.000642559154875462	0.0000935274930385212	0.0000404443213139551	0.000246710360015126	0.00027906581706629	0.00106520231260629	0.000273504722885621	0.00157935074730995	0.000070272008282997	0.0000434776454125017	0.000515159542736503	0.000375626634203358	0.0000187054986077042	0.0000151666204927332	0.0000697664542665726	0.000000505554016424439	0.000016177728525582	0	0.00000606664819709327	0.0013033182543422	0.0000930219390220967	0.00000252777008212219	0.0000323554570511641	0	0.00000505554016424439	0.00000252777008212219	0.000341754515102921	0.0000247721468047975	0.00000606664819709327	0.00000353887811497107	0.000228510415423846	0.0000647109141023282	0.000543470567656272	0.00000151666204927332	0.000133466260336052
"A23"	"C"	0.00443825871019015	0.00461874149405367	0.0179901396744637	0.00591700420823163	0.00129977937622723	0.00193475522085633	0.00217641004070721	0.0326764838515936	0.0153471032765967	0.00115468537351342	0.0331835545300673	0.00645592478974008	0.000164305055337943	0.0048179297765249	0.0311770106388787	0.000249238130097248	0.000105155235416283	0.0000631942520530549	0.000118805193859743	0.00263848641171915	0.00000556109418066883	0.00016177728525582	0.00172697252010588	0.000162788393288669	0.000186549432060618	0.0000935274930385212	0.000309904612068181	0.000524259515032143	0.000323554570511641	0.000464098587077635	0.00137005138451023	0.000939319362516607	0.000495948490112375	0.000678453490041597	0.00172596141207303
"A24"	"L"	0.00307376841986059	0.00318094587134257	0.00210007138422712	0.00234728729825867	0.00148278993017288	0.000600092617495809	0.000212838240914689	0.000695136772583603	0.000213849348947538	0.0000475220775438973	0.000855397395790151	0.000583409334953802	0.0000384221052482574	0.000625370318317031	0.00122546293581284	0.00169411150903829	0.000296760207641146	0.0000323554570511641	0.00361117233931977	0.000802819778082009	0.000195143850339833	0.000325576786577339	0.00472945782365063	0.000448931966584902	0.00013093849025393	0.0026809529490988	0.007322949927908	0.00411975967984275	0.000117794085826894	0.000561670512247552	0.000884213974726344	0.00102273577522664	0.0010591356644092	0.0000480276315603217	0.00113294655080717
"A25"	"C"	0.0000171888365584309	0.0000328610110675885	0.00000353887811497107	0.0000485331855767461	0.000113244099679074	0.000070272008282997	0.00000707775622994214	0.0000940330470549456	0.00000353887811497107	0.00000101110803284888	0.0000166832825420065	0.0000419609833632284	0.00000151666204927332	0.00000202221606569776	0.00000252777008212219	0.000345798947234316	0.0186160155467971	0.000144082894680965	0.0650582297116118	0.014779366116152	0.000062183144020206	0.00264910304606406	0.00157884519329352	0.00215264900193526	0.00194233853110269	0.0542009516548805	0.00281391365541843	0.00596402073175911	0.00130635157844075	0.00795135357032357	0.000218399335095358	0.0103962127937522	0.00165670051182289	0.00000556109418066883	0.0589718649078779
"A27"	"C"	0.00841191327928624	0.000427698697895075	0.000274010276902046	0.0137849413658452	0.0048614074219374	0.000408993199287371	0.000186043878044193	0.00362886672989462	0.000033366565084013	0.0000712831163158459	0.000532348379294934	0.00114457429318493	0.0000571276038559616	0.000300299085756117	0.0000353887811497107	0.00131342933467069	0.000157227299108	0.000122344071974714	0.0000717886703322703	0.00161069509632826	0.000239632603785184	0.000205254930668322	0.000846802977510935	0.000591498199216594	0.0000308387950018908	0.00251310901564589	0.00220118218751201	0.00354393365513532	0.000283110249197686	0.000174921689682856	0.00185437213224484	0.000752264376439565	0.00199390504077799	0.000861969598003668	0.00070727006897779
"A28"	"Y"	0.00149340656451779	0.00187863872503321	0.000343776731168618	0.00189228868347667	0.00329216775495595	0.000863486260052942	0.000235588171653789	0.00916114433162726	0.00000657220221351771	0.000303332409854663	0.00309550724256684	0.00101313024891458	0.0000470165235274728	0.000479770761586793	0.000041455429346804	0.0000687553462337237	0.0000171888365584309	0.0000090999722956399	0.000020727714673402	0.000275021384934895	0.0000525776177081416	0.0000293221329526175	0.000987346994076929	0.00000303332409854663	0.0000212332686898264	0.000192616080257711	0.000281593587148412	0.000368043323956992	0.0000682497922172993	0.0000834164127100324	0.000154699529025878	0.000176438351732129	0.000749736606357443	0.0000222443767226753	0.000144082894680965
"A33"	"Y"	0.000363998891825596	0.0000520720636917172	0.0000141555124598843	0.000448426412568477	0.000376132188219783	0.000244182589933004	0.00102172466719379	0.0204890931776497	0.000028816578936193	0.0000222443767226753	0.0112632379319201	0.0018265666613415	0.0000303332409854663	0.0000106166343449132	0.000049544293609595	0.00014003846254957	0.000167843933452914	0.00000454998614781995	0.0000915052769728234	0.000237104833703062	0.00000505554016424439	0.000123860734023988	0.0000257832548376464	0.0000935274930385212	0.0000166832825420065	0.00128714052581662	0.000222443767226753	0.0000278054709033441	0.0000217388227062509	0.0000813941966443347	0.000764903226850176	0.000469154127241879	0.00127854610753741	0.00000151666204927332	0.00105559678629423
"A34"	"C"	0.00230633742292829	0.00297872426477279	0.00102071355916094	0.00170371703535036	0.000173910581650007	0.00059453152331514	0.000330632326741583	0.0118855749261386	0.000648120249056131	0.000532853933311359	0.00401460444442647	0.00104447459793289	0.000107683005498405	0.00248783131482466	0.0000844275207428813	0.000533359487327783	0.0000217388227062509	0.0000434776454125017	0.0000227499307390997	0.00074366995816035	0.000155205083042303	0.000074821994430817	0.00290693559444052	0.0000202221606569776	0.0000111221883613377	0.0000146610664763087	0.000402420997073853	0.00000303332409854663	0.0000298276869690419	0.0000945386010713701	0.000197671620421956	0.000223454875259602	0.000618292562087089	0.0000106166343449132	0.000110716329596952
"A37"	"Y"	0.000319510138380245	0.0000717886703322703	0.000327599002643036	0.00330126772725159	0.000245193697965853	0.0005626816202804	0.000207782700750444	0.00844022430420601	0.0000824053046771835	0.0000429720913960773	0.00247772023449618	0.000553581647984761	0.0000227499307390997	0.000662781315532439	0.00091909720185963	0.0000788664265622125	0.000159755069190123	0.000028816578936193	0.000229015969440271	0.00419559278230642	0.0296244542544393	0.00010363857336701	0.00477546323914525	0.0000237610387719486	0.000070272008282997	0.0000677442382008748	0.00890482844530007	0.000704742298895668	0.000100605249268463	0.000186549432060618	0.0285304353628968	0.000242665927883731	0.00323301793503429	0.00014458844869739	0.00123557401614133
"B01"	"C"	0.018134728123161	0.000235588171653789	0.00328862887684097	0.00482804085685339	0.000159755069190123	0.000168349487469338	0.000208793808783293	0.00438163666035061	0.0000176943905748554	0.000036905443198984	0.00370014984621047	0.000996446966372569	0.0000571276038559616	0.000125377396073261	0.0000247721468047975	0.00100554693866821	0.0000449943074617751	0.0000232554847555242	0.0000454998614781995	0.000139027354516721	0.0000758331024636658	0.000134982922385325	0.0020459771044697	0.000412532077402342	0.000100099695252039	0.000280076925099139	0.000201210498536927	0.0000985830332027656	0.0000581387118888105	0.000889775068907012	0.000160766177222972	0.00184678882199848	0.000453987506749146	0.00402269330868926	0.00387962152204114
"B02"	"L"	0.00640132495596625	0.00241048155031172	0.000542965013639847	0.0108208781675487	0.00477546323914525	0.000929208282188119	0.00179724452838888	0.00788613710220482	0.000191099418208438	0.000128916274188232	0.0385965213839238	0.00691446228263705	0.000090999722956399	0.0000404443213139551	0.00298883534510128	0.00000556109418066883	0.0000753275484472414	0.000012638850410611	0.000170371703535036	0.00039635434887676	0.0000717886703322703	0.000285638019279808	0.000160260623206547	0.0000242665927883731	0.0000217388227062509	0.0016652949301021	0.0000652164681187526	0.00183617218765356	0.0000970663711534923	0.000302321301821814	0.0000449943074617751	0.000488870733882432	0.000417587617566587	0.00000252777008212219	0.0002254770913253
"B03"	"C"	0.00661416319688093	0.00434018123100381	0.00177247238158408	0.00538364472090385	0.00295445767198442	0.00415059847484464	0.0016920892929726	0.0043442256631352	0.000280076925099139	0.000145094002713814	0.0344348007207178	0.00761566570341775	0.000155205083042303	0.00180786116273379	0.00663438535753791	0.00132101264491706	0.000182504999929222	0.0000343776731168618	0.000211321578865415	0.000237610387719486	0.000231038185505969	0.000154699529025878	0.00412127634189203	0.000062183144020206	0.0000525776177081416	0.00158946182763844	0.00352522815652761	0.000316476814281699	0.00016177728525582	0.00037360441813766	0.0319676971205665	0.00170826702149818	0.00123860734023988	0.000323554570511641	0.00151716760328974
"B04"	"E"	0.00251159235359661	0.022427387276621	0.00202120495766491	0.0209279140639061	0.00221533769997189	0.00451914735281806	0.00158491184149062	0.0637225560002184	0.00162687282485384	0.000248732576080824	0.0242802427468165	0.00464452474889132	0.000185032770011345	0.0000955497091042189	0.000156216191075152	0.00000505554016424439	0.0000566220498395372	0.0000116277423777621	0.0000272999168869197	0.0000267943628704953	0.0000480276315603217	0.000033366565084013	0.000105660789432708	0.0000374109972154085	0.0000358943351661352	0.0000606664819709327	0.0000328610110675885	0.00109806332367388	0.0000444887534453506	0.0000727997783651192	0.000131949598286779	0.000712325609142034	0.00047724299150467	0.0000434776454125017	0.00017087725755146
"B07"	"C"	0.000275021384934895	0.0000722942243486948	0.00157277854509643	0.00451308070462097	0.000119310747876168	0.000151666204927332	0.000125377396073261	0.000391298808712516	0.0000358943351661352	0.0000945386010713701	0.000138016246483872	0.000862980706036517	0.0000227499307390997	0.00132960706319627	0.0000237610387719486	0.000367537769940567	0.000826075262837533	0.0000394332132811062	0.000998469182438267	0.0612549468460507	0.000565209390362523	0.000375626634203358	0.000636492506678369	0.000184021661978496	0.00638767499752279	0.0013260681850813	0.00753123818267487	0.000602114833561507	0.000366021107891294	0.0014458844869739	0.000639525830776915	0.00140291239557782	0.000978752575797714	0.00180078340650385	0.0049958847903063
"B08"	"L"	0.0039387713419628	0.00388922704835321	0.00103486907162083	0.00263848641171915	0.00235082617637364	0.00132354041499918	0.000300299085756117	0.0145326557561369	0.0000257832548376464	0.0000733053323815436	0.00444230314232154	0.00140645127369279	0.00061273146790642	0.00137510692467447	0.0000854386287757302	0.00260764761671726	0.00352876703464258	0.0000551053877902638	0.00290895781050622	0.0494310495099159	0.00487960736652868	0.000611720359873571	0.00397972121729318	0.000283110249197686	0.000326587894610188	0.00759139911062937	0.00266174189647467	0.00253687005441783	0.000429720913960773	0.00240441490211463	0.00712123387535465	0.00228611526227131	0.00246053139793774	0.0000343776731168618	0.0112789101064292
"B09"	"L"	0.00804033107721428	0.00204698821250255	0.000424159819780104	0.00121181297736938	0.00206518815709383	0.000782597617425031	0.000454493060765571	0.00565411611969092	0.0000156721745091576	0.00971927596575984	0.00251361456966231	0.000746703282258896	0.0000839219667264569	0.00056723160642822	0.0000824053046771835	0.00000252777008212219	0.000949935996861521	0.000074821994430817	0.000107177451481981	0.0000980774791863411	0.00000758331024636658	0.000658231329384619	0.0000920108309892479	0.0000849330747593057	0.0000778553185293636	0.000221432659193904	0.0000318499030347396	0.00522843963786155	0.000111727437629801	0.000587453767085198	0.0000904941689399746	0.000904436135383321	0.000475220775438973	0.0000090999722956399	0.000959035969157161
"B12"	"C"	0.00180836671675022	0.0002027271605862	0.00179218898822464	0.0117399753694083	0.000805853102180556	0.00154598418222593	0.000967124833419952	0.0701466308869237	0.000062183144020206	0.000186549432060618	0.00985931442830941	0.00237762053924414	0.0000727997783651192	0.000057633157872386	0.000298782423706843	0.0000237610387719486	0.00000808886426279102	0.000000505554016424439	0.00000303332409854663	0.000164305055337943	0.000129421828204656	0.0000111221883613377	0.000408487645270947	0.00000454998614781995	0.00000758331024636658	0.0000166832825420065	0.0000824053046771835	0.000815964182509044	0.0000197166066405531	0.0000601609279545082	0.000801303116032736	0.000487859625849584	0.000551053877902638	0.0000399387672975307	0.000383209944449725
"B13"	"L"	0.00107379673088551	0.000285638019279808	0.0000505554016424439	0.0804225218247669	0.000968641495469225	0.00112485768654438	0.00359853348890916	0.0043255201645275	0.000146105110746663	0.000128916274188232	0.056188284493445	0.0114836594830811	0.000154699529025878	0.0000510609556588683	0.00956154311263541	0.00000252777008212219	0.0000141555124598843	0.0000247721468047975	0.0000151666204927332	0.0000667331301680259	0.0000566220498395372	0.0000242665927883731	0.000124871842056836	0.00000101110803284888	0.0000202221606569776	0.0000101110803284888	0.000302321301821814	0.000162788393288669	0.000113244099679074	0.0000171888365584309	0.001013635802931	0.00033821563698795	0.000585937105035925	0.000390793254696091	0.000419609833632284
"B14"	"C"	0.000321532354445943	0.0000434776454125017	0.000249238130097248	0.00630021415268136	0.000228004861407422	0.000376637742236207	0.000385737714531847	0.00589728760159108	0.0000156721745091576	0.00103133019350586	0.00796298131270134	0.00154092864206169	0.000054094279757415	0.00221483214595547	0.0000363998891825596	0.00000202221606569776	0.00000252777008212219	0	0.00000252777008212219	0.000416576509533738	0.0000945386010713701	0.0000136499584434599	0.000467131911176182	0.00000151666204927332	0.00000252777008212219	0.00000202221606569776	0.000174416135666431	0.00000202221606569776	0.00000758331024636658	0.0000530831717245661	0.000918086093826781	0.000100099695252039	0.000616775900037815	0.00000151666204927332	0.00123051847597708
"B15"	"L"	0.00513187882072448	0.00412228744992487	0.0000647109141023282	0.017261636336796	0.000438820886256413	0.000613237021922844	0.000969147049485649	0.00285638019279808	0.000111727437629801	0.0000788664265622125	0.0104118849682613	0.00302169635616887	0.000737097755946832	0.0000232554847555242	0.0000697664542665726	0.00000505554016424439	0.000016177728525582	0.0000202221606569776	0.0000439831994289262	0.000218399335095358	0.000220421551161055	0.000121332963941865	0.000658231329384619	0.0000308387950018908	0.000016177728525582	0.0000647109141023282	0.00043730422420714	0.000233060401571666	0.0000510609556588683	0.0000657220221351771	0.000622842548234909	0.000647614695039706	0.00061728145405424	0.000219915997144631	0.000397365456909609
"B19"	"L"	0.00999834178282613	0.00223505430661244	0.00193778854495487	0.0150705652296125	0.00226993753374573	0.00194537185520124	0.000966619279403527	0.0308008784506589	0.000563187174296825	0.000100099695252039	0.0100276639157787	0.00318246253339184	0.00413138742222051	0.000277043601000592	0.000109199667547679	0.000165316163370792	0.00176691128740341	0.0000283110249197686	0.000115266315744772	0.00295294100993515	0.0000652164681187526	0.000123860734023988	0.000634470290612671	0.000133466260336052	0.0000520720636917172	0.000922130525958176	0.00201412720143496	0.000563692728313249	0.0000687553462337237	0.000303332409854663	0.000346810055267165	0.000650142465121828	0.00102728576137446	0.0000965608171370678	0.000768947658981572
"B22"	"C"	0.00019817717443838	0.00454189728355716	0.0000328610110675885	0.000317993476330972	0.00166074494395428	0.000542459459623423	0.00010818855951483	0.00248631465277539	0.00000758331024636658	0.0000252777008212219	0.00026996584477065	0.000241654819850882	0.0000399387672975307	0.000259854764442162	0.000036905443198984	0.000159755069190123	0.00570062708920197	0.000147621772795936	0.0215133456149256	0.000229015969440271	0.000082910858693608	0.00201867718758278	0.000726986675618343	0.00206114372496244	0.0100418194282386	0.0311229163591213	0.00273959721500403	0.00297619649469067	0.000980774791863411	0.00654136341851581	0.000507576232490137	0.00808532538467605	0.00193172189675778	0.000969652603502074	0.0237261555448153
"B23"	"L"	0.000989369210142627	0.0050722234467864	0.00118653527654816	0.0181327059070953	0.0129790882636646	0.000657725775368195	0.00212737130111404	0.0195406738428374	0.0000915052769728234	0.0000930219390220967	0.0495533935818906	0.00881281761431082	0.000131444044270354	0.00304646850297367	0.00014458844869739	0.00000859441827921546	0.0000192110526241287	0.00000808886426279102	0.0000090999722956399	0.0000884719528742768	0.0000328610110675885	0.0000449943074617751	0.00029726576165757	0.0000778553185293636	0.00000404443213139551	0.000016177728525582	0.000057633157872386	0.000206771592717596	0.0000424665373796529	0.000121332963941865	0.000291704667476901	0.000491904057980979	0.000385232160515422	0.00000101110803284888	0.000289682451411203
"B24"	"C"	0.00153840087197957	0.00352725037259331	0.00461065262979088	0.00541448351590574	0.000944880456697276	0.000798775345950613	0.000299793531739692	0.0114897261312782	0.000358943351661352	0.000265921412639255	0.00112384657851153	0.000750242160373867	0.000276538046984168	0.00046359303306121	0.0000520720636917172	0.00166681159215138	0.000940330470549456	0.0000515665096752928	0.00244233145334646	0.000390287700679667	0.000494431828063101	0.0064604747758879	0.0106843785831141	0.00279975814295854	0.000198682728454804	0.00116934643998973	0.001555589708538	0.00129573494409584	0.000288671343378355	0.0016860226447755	0.0298327425092061	0.00123405735409206	0.00111221883613377	0.000173910581650007	0.00424260930583389
"B25"	"L"	0.0000631942520530549	0.000948419334812247	0.0000626886980366304	0.00198682728454804	0.000245699251982277	0.000274010276902046	0.0000758331024636658	0.0139184076261812	0.0000136499584434599	0.000360460013710625	0.000992402534241174	0.00026996584477065	0.0000156721745091576	0.0000116277423777621	0.00000960552631206434	0.0000166832825420065	0.0000278054709033441	0.00000101110803284888	0.0000313443490183152	0.0208055699919314	0.000268449182721377	0.0000232554847555242	0.000809391980295527	0.00000505554016424439	0.00000556109418066883	0.0000156721745091576	0.00276335825377598	0.0000379165512318329	0.0000151666204927332	0.0000449943074617751	0.00438264776838346	0.000128410720171807	0.00358538908448212	0.0000616775900037815	0.00089634727112053
"B26"	"C"	0.00108593002727969	0.000086449736808579	0.000437809778223564	0.000376132188219783	0.000267943628704953	0.000338721191004374	0.000131444044270354	0.0014170679080377	0.00000808886426279102	0.00068452013823869	0.000377143296252631	0.000275021384934895	0.0000257832548376464	0.0000131444044270354	0.00010818855951483	0.000164810609354367	0.000258843656409313	0.0000353887811497107	0.000619303670119938	0.00566321609198656	0.000630425858481275	0.000425676481829378	0.00429215359944349	0.00103689128768652	0.000278054709033441	0.000930724944237392	0.00944071570270997	0.00113699098293856	0.0156853189135846	0.00393219913974929	0.00158845071960559	0.000889775068907012	0.00122192405769787	0.0000363998891825596	0.0113446321285644
"B27"	"Y"	0.000425170927812953	0.000371076648055538	0.0000181999445912798	0.00143830117672753	0.0000530831717245661	0.001241135110322	0.000139532908533145	0.00535887257409905	0.00000556109418066883	0.000155710637058727	0.00272898058065912	0.000685025692255115	0.000151666204927332	0.00184173328183423	0.000016177728525582	0	0.00000202221606569776	0.00000101110803284888	0.00000101110803284888	0.0000449943074617751	0.0000187054986077042	0.00000404443213139551	0.0000763386564800903	0.00000202221606569776	0.00000202221606569776	0.00000353887811497107	0.0000166832825420065	0.00000101110803284888	0.0000106166343449132	0.0000187054986077042	0.00044640419650278	0.000154699529025878	0.000125377396073261	0.000000505554016424439	0.0000657220221351771
"C02"	"Y"	0.00431540908419901	0.0040504987795926	0.00086449736808579	0.00028816578936193	0.000826075262837533	0.000721425581437674	0.000235082617637364	0.00331340102364577	0.00000808886426279102	0.000278560263049866	0.0043027702337884	0.000961563739239283	0.0000626886980366304	0.000831130803001778	0.0000551053877902638	0.00000303332409854663	0.000109199667547679	0.0000111221883613377	0.0000379165512318329	0.0144002006038337	0.000805853102180556	0.000110716329596952	0.00102526354530876	0.0000176943905748554	0.0000131444044270354	0.0000439831994289262	0.00169613372510399	0.00000252777008212219	0.000054094279757415	0.000116782977794045	0.000250249238130097	0.000229521523456695	0.00185791101035981	0.00000960552631206434	0.000511115110605108
"C03"	"C"	0.000992908088257598	0.00900391703251926	0.0000955497091042189	0.000493926274046677	0.00169057263092332	0.000314454598216001	0.0000798775345950613	0.0074761327948846	0.0000439831994289262	0.0000647109141023282	0.000404948767155976	0.00070727006897779	0.0000955497091042189	0.0000121332963941865	0.000391298808712516	0.0000505554016424439	0.000143071786648116	0.0000283110249197686	0.000252777008212219	0.00382805501236585	0.00014003846254957	0.000166832825420065	0.00490084063521851	0.000171888365584309	0.0000899886149235501	0.0027679082399238	0.000875619556447128	0.0000136499584434599	0.000154699529025878	0.000581892672904529	0.000119816301892592	0.00179421120429033	0.00141100125984061	0.0000449943074617751	0.00100858026276676
"C04"	"L"	0.0589506316391881	0.00153182866976605	0.00359297239472849	0.00178207790789615	0.00298529646698631	0.00188976091339455	0.00212130465291695	0.00431793685428113	0.00469154127241879	0.000123860734023988	0.0303949185754701	0.00785226498310439	0.000175932797715705	0.0000202221606569776	0.00231341517915823	0.0000141555124598843	0.0000247721468047975	0.0000136499584434599	0.000028816578936193	0.0227610529274611	0.000156216191075152	0.000132455152303203	0.00986639218453935	0.0000535887257409905	0.0000566220498395372	0.000054094279757415	0.000181493891896374	0.00000353887811497107	0.000104649681399859	0.000402420997073853	0.00593267638274079	0.000885225082759193	0.00100403027661894	0.0000616775900037815	0.000244182589933004
"C11"	"C"	0.000248732576080824	0.000054094279757415	0.0000257832548376464	0.000190593864192013	0.0003599544596942	0.000181493891896374	0.0000166832825420065	0.000764903226850176	0.00000758331024636658	0.000253282562228644	0.000191099418208438	0.000406970983221673	0.000057633157872386	0.000100099695252039	0.0000591498199216593	0.00375272746391861	0.000888258406857739	0.000155205083042303	0.000223454875259602	0.000573298254625314	0.000303837963871088	0.00525573955474847	0.0090069503566178	0.000273504722885621	0.000172393919600734	0.000137510692467447	0.000902919473334048	0.00487809070447941	0.000137510692467447	0.00176539462535414	0.000772992091112967	0.00162940059493597	0.0013508403318861	0.000028816578936193	0.0122278349952579
"C14"	"L"	0.025307528508191	0.000683509030205841	0.00844275207428813	0.00438517553846558	0.00049999292224377	0.00375626634203358	0.00240188713203251	0.0484988079036293	0.000109705221564103	0.000436798670190715	0.0434144511604487	0.00791950366728883	0.000764903226850176	0.000113749653695499	0.00167287824034847	0.000871069570299308	0.000111221883613377	0.0000222443767226753	0.0000652164681187526	0.0000763386564800903	0.0000232554847555242	0.0000465109695110484	0.00170169481928466	0.000036905443198984	0.0000267943628704953	0.0000454998614781995	0.00017087725755146	0.000596048185364413	0.0000778553185293636	0.00017542724369928	0.00101717468104597	0.000892302838989135	0.000510609556588683	0.000370571094039114	0.00016632727140364
"CA11"	"C"	0.000943869348664427	0.00986639218453935	0.0000363998891825596	0.0279915147813883	0.00077905873931006	0.000756814362587385	0.00164203944534658	0.00206670481914311	0.000082910858693608	0.0000894830609071257	0.0466201691785961	0.00820969167271646	0.000151160650910907	0.00187964983306606	0.000138016246483872	0.00000758331024636658	0.0000197166066405531	0.00000454998614781995	0.00000808886426279102	0.000168349487469338	0.0000353887811497107	0.0000202221606569776	0.000629920304464851	0.0000106166343449132	0.0000146610664763087	0.0000237610387719486	0.000108694113531254	0.00000151666204927332	0.0000217388227062509	0.0000429720913960773	0.000149643988861634	0.000257832548376464	0.000546503891754818	0.0000146610664763087	0.000171382811567885
"CA13"	"C"	0.00138976799115078	0.0166221105060191	0.000057633157872386	0.00218348779693715	0.000531337271262085	0.000244688143949428	0.000231038185505969	0.000992402534241174	0.0000101110803284888	0.000129927382221081	0.00366880549719215	0.00079725868390134	0.0000556109418066883	0.00000606664819709327	0.000124366288040412	0.00000202221606569776	0.00191604972224862	0.0281563253907427	0.0136813027924782	0.000705753406928517	0.000194132742306985	0.00139836240943	0.000606664819709327	0.00235790393260358	0.0211321578865415	0.0193172189675778	0.000239632603785184	0.00157581186919498	0.0155553915313636	0.0107824560623004	0.00153890642599599	0.0064210415626068	0.00249187574695606	0.00000960552631206434	0.0247463635499599
"CA25"	"C"	0.0003827043904333	0.000062183144020206	0.0000283110249197686	0.000675925719959475	0.000392309916745365	0.000118299639843319	0.00014458844869739	0.00188369426519746	0.0000449943074617751	0.0000363998891825596	0.000103133019350586	0.000188571648126316	0.0000677442382008748	0.00000707775622994214	0.0000283110249197686	0.0000293221329526175	0.00155912858665297	0.0000520720636917172	0.00734013876446643	0.168175071333672	0.000127905166155383	0.000438315332239988	0.00208793808783293	0.000259349210425737	0.00179421120429033	0.00196660512389107	0.0143617784985855	0.000841241883330266	0.000714347825207732	0.000742658850127501	0.000255810332310766	0.00177297793560051	0.00127349056737316	0.00000556109418066883	0.0031298849156837
"CA40A"	"E"	0.000180988337879949	0.000221432659193904	0.0000293221329526175	0.000254799224277917	0.000173405027633583	0.000330632326741583	0.0000985830332027656	0.00248277577466042	0.0000227499307390997	0.0000611720359873571	0.000232554847555242	0.000232554847555242	0.0000187054986077042	0.000157227299108	0.00125377396073261	0.00264050862778484	0.00195598848954615	0.000117794085826894	0.00145650112131881	0.000397871010926033	0.000683509030205841	0.00226134311546652	0.00267741407098383	0.00195801070561185	0.00072092002742125	0.0317123923422722	0.0170816591069489	0.00596503183979195	0.001257818392864	0.00882090647857361	0.000137005138451023	0.00877136218496401	0.00148228437615645	0.0000090999722956399	0.0399898282531895
"CA9"	"C"	0.000467131911176182	0.0000571276038559616	0.000054094279757415	0.0019382940989713	0.000248227022064399	0.000234071509604515	0.000465615249126908	0.000629920304464851	0.0000727997783651192	0.0000257832548376464	0.00359600571882703	0.000643570262908311	0.0000409498753303795	0.0000950441550877945	0.0000242665927883731	0.000402420997073853	0.0000278054709033441	0.0000156721745091576	0.000161271731239396	0.00513946213097085	0.00000252777008212219	0.000790686481687822	0.000171382811567885	0.000036905443198984	0.0000642053600859037	0.0000768442104965147	0.00012183851795829	0.0000561164958231127	0.0000520720636917172	0.000353887811497107	0.00050454290839159	0.000789675373654973	0.000617787008070664	0.00104700236801501	0.00175073355887783
"CB03"	"C"	0.00759594909677719	0.00152070648140471	0.0014170679080377	0.00664904642401422	0.00198935505463017	0.00274263053910258	0.00375474967998431	0.00890685066136577	0.00149138434845209	0.000238115941735911	0.0849077970584845	0.0170654813784234	0.000241149265834457	0.0100979359240617	0.0156706578471083	0.000148632880828785	0.0000601609279545082	0.0000121332963941865	0.0000758331024636658	0.000124871842056836	0.000595542631347989	0.0000485331855767461	0.000606159265692902	0.0000187054986077042	0.0000171888365584309	0.00118249084441676	0.000107177451481981	0.0000136499584434599	0.0000975719251699167	0.0000626886980366304	0.00569354933297203	0.00186195544249121	0.000975213697682743	0.000062183144020206	0.000303837963871088
"CD21A"	"E"	0.000269460290754226	0.0000935274930385212	0.0000904941689399746	0.00022092710517748	0.00216276008226375	0.000113244099679074	0.0000348832271332863	0.00153890642599599	0.00000202221606569776	0.00000859441827921546	0.0000859441827921546	0.000132960706319627	0.0000192110526241287	0.000422643157730831	0.0000187054986077042	0.00198480506848235	0.000138521800500296	0.0000343776731168618	0.000267438074688528	0.000389782146663242	0.000104144127383434	0.000718392257339128	0.00366577217309361	0.000251260346162946	0.0000970663711534923	0.00299287977723268	0.000142060678615267	0.000398882118958882	0.000148632880828785	0.00110109664777243	0.0005854315510195	0.00107531339293478	0.000641548046842613	0.0000101110803284888	0.0042158149429634
"CD22A"	"C"	0.000448426412568477	0.000340237853053647	0.0000743164404143925	0.000287660235345506	0.000322037908462368	0.000784114279474305	0.000086449736808579	0.00258388657794531	0.00000657220221351771	0.0000995941412356145	0.000152677312960181	0.000483309639701764	0.0000389276592646818	0.00193020523470851	0.0000889775068907012	0.000128916274188232	0.000325576786577339	0.000113749653695499	0.000650142465121828	0.000288671343378355	0.000164305055337943	0.00133466260336052	0.000513137326670806	0.000341248961086496	0.000284121357230535	0.00100807470875033	0.000124366288040412	0.00735581093897559	0.000460559708962664	0.00420064832247066	0.00197823286626883	0.00283009138394401	0.000831636357018202	0.00426788700665511	0.0106403953836852
"CD23A"	"C"	0.000544987229705545	0.000543470567656272	0.0000945386010713701	0.000112232991646225	0.000134477368368901	0.000354393365513532	0.000129421828204656	0.00023457706362094	0.00000101110803284888	0.0000389276592646818	0.000230532631489544	0.000110716329596952	0.0000222443767226753	0.0000090999722956399	0.0000176943905748554	0.0000773497645129392	0.00019362718829056	0.0000298276869690419	0.0000945386010713701	0.00129118495794802	0.000196660512389107	0.000111221883613377	0.00299793531739692	0.0000106166343449132	0.0000090999722956399	0.0000394332132811062	0.00112789101064292	0.00000353887811497107	0.0000475220775438973	0.000161271731239396	0.000598575955446536	0.000311926828133879	0.00165164497165864	0.000598575955446536	0.000342260069119345
"CD24A"	"E"	0.000261876980507859	0.00133668481942622	0.000218904889111782	0.000823547492755411	0.000854891841773726	0.000722942243486948	0.0000925163850056723	0.00253788116245068	0.0000677442382008748	0.000020727714673402	0.00210816024848991	0.000444887534453506	0.00016177728525582	0.000561670512247552	0.0000278054709033441	0.00466575801758115	0.000111221883613377	0.0000727997783651192	0.000296254653624721	0.00279166927869575	0.000632448074546973	0.000175932797715705	0.0080635865619698	0.0000510609556588683	0.0000581387118888105	0.000456009722814844	0.00202221606569776	0.00000303332409854663	0.0000611720359873571	0.000589475983150896	0.00813284746221995	0.000600092617495809	0.00113395765884002	0.00106065232645847	0.000750242160373867
"CD25A"	"E"	0.000137005138451023	0.000381693282400451	0.0000181999445912798	0.000221938213210329	0.000385232160515422	0.000326082340593763	0.000102627465334161	0.000622842548234909	0.00000657220221351771	0.0000738108863979681	0.0000652164681187526	0.000155710637058727	0.0000399387672975307	0.0000343776731168618	0.0000581387118888105	0.0000389276592646818	0.000915052769728234	0.000123860734023988	0.000744681066193198	0.0823532326134918	0.00217236560857581	0.00115064094138202	0.00542206682615211	0.000519709528884323	0.000480276315603217	0.0230846074979727	0.00239885380793396	0.00273100279672482	0.000385232160515422	0.00751000491398504	0.000444887534453506	0.00586543769855634	0.00213596571939325	0.0000581387118888105	0.0349292325487809
"CD26A"	"C"	0.000211321578865415	0.000106166343449132	0.00000859441827921546	0.000204243822635473	0.0000834164127100324	0.000233060401571666	0.0000844275207428813	0.000601103725528658	0.0000237610387719486	0.0000111221883613377	0.0000970663711534923	0.000109705221564103	0.0000753275484472414	0.00000404443213139551	0.0000156721745091576	0.000479770761586793	0.000597059293397262	0.0000379165512318329	0.0134896978202533	0.000772992091112967	0.00305354625920361	0.000751758822423141	0.00416980952746877	0.00168703375280835	0.000229521523456695	0.00359044462464636	0.00316881257494838	0.00124366288040412	0.00026996584477065	0.0025651810793376	0.0346668500142566	0.0212605686067134	0.00206468260307741	0.000460054154946239	0.0119614080286022
"CD27A"	"E"	0.0000267943628704953	0.00138673466705224	0.000012638850410611	0.000128916274188232	0.0000768442104965147	0.000130432936237505	0.0000212332686898264	0.000796247575868491	0.00000303332409854663	0.0000156721745091576	0.000102121911317737	0.0000884719528742768	0.0000101110803284888	0.0000995941412356145	0.0000267943628704953	0.000541953905606999	0.000177955013781402	0.0000187054986077042	0.000557626080116156	0.00996952520388993	0.000264910304606406	0.0101348413672607	0.00684065139623908	0.000805853102180556	0.0001799772298471	0.000276032492967744	0.00413947628648331	0.00529921720016097	0.000324060124528065	0.00242008707662379	0.000298782423706843	0.000761869902751629	0.0012143407474515	0.000144082894680965	0.0159674180547495
"CD28A"	"E"	0.000109199667547679	0.0000444887534453506	0.0000399387672975307	0.0000490387395931706	0.0000217388227062509	0.000163293947305094	0.0000146610664763087	0.000134982922385325	0.00000404443213139551	0.00000657220221351771	0.0000257832548376464	0.000057633157872386	0.00000454998614781995	0.0000121332963941865	0.0000171888365584309	0.00250653681343237	0.000163799501321518	0.000276032492967744	0.000252777008212219	0.000512631772654381	0.00852566293298174	0.00036450444584202	0.00239885380793396	0.00121181297736938	0.000878652880545675	0.00138218468090442	0.00581892672904529	0.00272544170254415	0.000370065540022689	0.00717229483101351	0.0251048013476048	0.00174365580264789	0.00139532908533145	0.00566978829420008	0.0399003451922824
"CD29A"	"E"	0.0000722942243486948	0.000158743961157274	0.00000859441827921546	0.000172393919600734	0.000187054986077042	0.000421632049697982	0.0000460054154946239	0.000849836301609482	0.00000556109418066883	0.0000475220775438973	0.000148632880828785	0.000206771592717596	0.0000278054709033441	0.0000763386564800903	0.000100605249268463	0.000145094002713814	0.00156974522099788	0.0193930520700415	0.00258287546991246	0.000116782977794045	0.0000176943905748554	0.00153941198001242	0.0000358943351661352	0.00216478229832945	0.000325576786577339	0.00967883164444588	0.00011273854566265	0.00270875842000214	0.00389579925056673	0.00220674328169268	0.0000252777008212219	0.00320521246413094	0.000698675650698575	0.00000707775622994214	0.00376384965227995
"CD30A"	"E"	0.0000454998614781995	0.000466120803143333	0.000012638850410611	0.000101110803284888	0.0000429720913960773	0.000412532077402342	0.0000308387950018908	0.0010116135868653	0.00000404443213139551	0.0000121332963941865	0.000111727437629801	0.000118805193859743	0.000020727714673402	0.0000212332686898264	0.00046359303306121	0.00382249391818518	0.000904436135383321	0.000184021661978496	0.00133162927926197	0.000469659681258304	0.00102273577522664	0.000543470567656272	0.0139143631940498	0.00139886796344642	0.00133769592745907	0.00049089294994813	0.0120888076407412	0.00360915012325407	0.000815964182509044	0.0155766248000534	0.00268853625934517	0.00144790670303959	0.00161423397444323	0.00394129911204493	0.0686476632282253
"CE19A"	"E"	0.0000197166066405531	0.0000348832271332863	0.0000151666204927332	0.0000940330470549456	0.000523753961015719	0.000078360872545788	0.0000146610664763087	0.000668847963729533	0.000000505554016424439	0.00000101110803284888	0.0000171888365584309	0.000105660789432708	0.00000353887811497107	0.000136499584434599	0.00000606664819709327	0.000109199667547679	0.0000682497922172993	0.0000171888365584309	0.000074821994430817	0.000890280622923437	0.00101262469489815	0.0000727997783651192	0.00691193451255493	0.0000308387950018908	0.0000343776731168618	0.000139027354516721	0.00269156958344371	0.00440438659108971	0.0000379165512318329	0.000355910027562805	0.00381339394588954	0.000658736883401044	0.00267336963885243	0.000988358102109778	0.000712831163158459
"CG50A"	"C"	0.000036905443198984	0.0000480276315603217	0.000012638850410611	0.0000399387672975307	0.0000227499307390997	0.00012638850410611	0.0000171888365584309	0.000142566232631692	0.00000151666204927332	0.00000505554016424439	0.0000434776454125017	0.000111221883613377	0.00000859441827921546	0.00000151666204927332	0.0000151666204927332	0.000100099695252039	0.0125306618510961	0.000104649681399859	0.0016486116475601	0.00269864733967365	0.00053639281142633	0.00054094279757415	0.00230987630104326	0.000465615249126908	0.000336698974938676	0.000989874764159051	0.000572792700608889	0.00230734853096114	0.00266881965270461	0.00319257361372033	0.00252878119015504	0.0016010895700162	0.0018472943760149	0.0000328610110675885	0.00924001075818947
"CK05A"	"C"	0.000113244099679074	0.000174921689682856	0.0000227499307390997	0.000295243545591872	0.0000384221052482574	0.000343271177152194	0.000146610664763087	0.00051364288068723	0.0000131444044270354	0.0000141555124598843	0.00183364441757144	0.000373098864121236	0.0000308387950018908	0.000113749653695499	0.0000606664819709327	0.00149391211853422	0.000336193420922252	0.0000192110526241287	0.000932241606286665	0.00107329117686908	0.000308387950018908	0.00027451583091847	0.0159653958386838	0.00322897350290289	0.000124871842056836	0.000219410443128206	0.0192777857542967	0.00599738729684312	0.000259854764442162	0.000620314778152787	0.00449943074617751	0.00122748515187854	0.00200603833717217	0.00715308377838939	0.000971674819567772
"CK28A"	"C"	0.000542965013639847	0.00252777008212219	0.00020727714673402	0.000478759653553944	0.000517687312818625	0.00064913135708898	0.000219410443128206	0.000622336994218484	0.0000171888365584309	0.0000237610387719486	0.000565714944378947	0.000252777008212219	0.0000257832548376464	0.000894325055054832	0.0000915052769728234	0.00541448351590574	0.0000460054154946239	0.0000237610387719486	0.0000389276592646818	0.00116176312974336	0.000197166066405531	0.000147621772795936	0.000217893781078933	0.000016177728525582	0.0000217388227062509	0.0000808886426279102	0.00269864733967365	0.00000606664819709327	0.000171382811567885	0.000185538324027769	0.00107885227104975	0.00108997445941109	0.00140392350361067	0.00000454998614781995	0.000484320747734612
"CK51A"	"C"	0.000373098864121236	0.000453481952732722	0.0000945386010713701	0.000408487645270947	0.000213343794931113	0.000507576232490137	0.000041455429346804	0.00799634787778535	0.00000859441827921546	0.000231543739522393	0.000118805193859743	0.000657220221351771	0.000041455429346804	0.0000141555124598843	0.0000722942243486948	0.000536898365442754	0.000465615249126908	0.0000763386564800903	0.000122849625991139	0.00745034954004696	0.000605653711676478	0.000427193143878651	0.00595643742151274	0.000163799501321518	0.000142060678615267	0.000228510415423846	0.00063548139864552	0.0000156721745091576	0.000519709528884323	0.00152475091353611	0.00235487060850504	0.00108087448711545	0.00179522231232318	0.0000283110249197686	0.00715561154847151
"CK52A"	"C"	0.00170270592731751	0.00111424105219946	0.000167338379436489	0.000638009168727642	0.000983302561945534	0.000390793254696091	0.0002027271605862	0.00350955598201845	0.0000510609556588683	0.000881686204644221	0.00124770731253552	0.000418093171583011	0.0000975719251699167	0.0018720665228197	0.0000743164404143925	0.001799772298471	0.00185336102421199	0.0000980774791863411	0.00174618357273001	0.00249086463892321	0.000307376841986059	0.000688059016353661	0.00161372842042681	0.00715308377838939	0.000305860179936785	0.000377648850269056	0.0045509972558528	0.00268348071918092	0.000349337825349287	0.00390944920901019	0.0145549001328596	0.00161928951460748	0.00191402750618293	0.000470670789291153	0.0153182866976605
"CM15"	"C"	0.00776884857039435	0.00117440198015397	0.00233009846170024	0.00429518692354203	0.00316780146691553	0.00130887934852287	0.000403432105106702	0.00654995783679503	0.000282099141164837	0.0000551053877902638	0.0022320209825139	0.0011046355258874	0.0000733053323815436	0.000962069293255707	0.0000465109695110484	0.000110210775580528	0.0000788664265622125	0.0000717886703322703	0.0000611720359873571	0.0115817369622675	0.000417082063550162	0.000146610664763087	0.00394635465220917	0.0000232554847555242	0.0000146610664763087	0.000102121911317737	0.00082455860078826	0.00115417981949699	0.0000763386564800903	0.0002027271605862	0.0230714630935457	0.000664297977581713	0.000973697035633469	0.000761364348735205	0.000482298531668915
"CM17"	"C"	0.00448982521986544	0.00161473952845966	0.00019362718829056	0.00423199267148898	0.000518698420851474	0.00174264469461504	0.000609698143807873	0.00366728883514288	0.0000596553739380838	0.000747208836275321	0.00390742699294449	0.00188015538708249	0.000120827409925441	0.000200704944520502	0.00031091572010103	0.000524765069048568	0.0161706507693521	0.0000444887534453506	0.000126894058122534	0.0103016741926808	0.000467131911176182	0.000280076925099139	0.00547060001172885	0.0000798775345950613	0.0000530831717245661	0.000090999722956399	0.000191604972224862	0.00207631034545517	0.00012638850410611	0.00834467459510179	0.000209299362799718	0.00050909289453941	0.00104851903006429	0.000501004030276619	0.000446909750519204
"CM21"	"C"	0.000430226467977197	0.000307882396002483	0.0000813941966443347	0.000555603864050458	0.000152677312960181	0.00120776854523798	0.00016632727140364	0.00067087017979523	0.00000758331024636658	0.0000237610387719486	0.00297872426477279	0.000673397949877353	0.000057633157872386	0.0000965608171370678	0.0000171888365584309	0.0014418400548425	0.00146964552574584	0.0302033136032453	0.0178293734972407	0.00037815440428548	0.000973697035633469	0.00144133450082608	0.000867530692184337	0.0060095205932373	0.000690081232419359	0.00653226344622017	0.00254546447269705	0.00801555893040948	0.0102940908824344	0.0061065869643908	0.000257326994360039	0.00335435089897615	0.00188167204913176	0.00000454998614781995	0.0167419268079117
"CM28A"	"E"	0.000303332409854663	0.000104144127383434	0.0000232554847555242	0.000389276592646818	0.000204749376651898	0.000210310470832567	0.0000363998891825596	0.00125529062278188	0.0000121332963941865	0.0000379165512318329	0.000216882673046084	0.000173405027633583	0.0000146610664763087	0.0000166832825420065	0.0000581387118888105	0.00258944767212598	0.00131191267262142	0.000177955013781402	0.00586695436060561	0.000483815193718188	0.000417587617566587	0.00172393919600734	0.0113259266299567	0.00435231452739799	0.0302998744203823	0.0447956247333203	0.000671375733811655	0.00237458721514559	0.0007881587116057	0.0044185421035496	0.00242817594088658	0.00947913780795823	0.00158895627362201	0.00120220745105732	0.00419812055238854
"CM29A"	"E"	0.000190593864192013	0.000464604141094059	0.0000136499584434599	0.00021182713288184	0.000850341855625906	0.000473198559373275	0.0000808886426279102	0.00472389672946996	0.00000758331024636658	0.0012350684621249	0.0000758331024636658	0.000254293670261493	0.000033366565084013	0.0000217388227062509	0.0000338721191004374	0.0000722942243486948	0.000506059570440863	0.000100099695252039	0.00113699098293856	0.157122143872584	0.00032456567854449	0.0144451949112955	0.00908278345908147	0.00191706083028147	0.000606159265692902	0.00245952028990489	0.00442410319773026	0.00396000461065263	0.00265921412639255	0.00526989506720835	0.0213793738005731	0.00170017815723539	0.00165872272788858	0.00047724299150467	0.0192049859759316
"CM30A"	"E"	0.000167843933452914	0.000746197728242472	0.0000945386010713701	0.000185538324027769	0.00029271577550975	0.000276032492967744	0.000102121911317737	0.00617635341865737	0.0000111221883613377	0.0000449943074617751	0.000363493337809172	0.000229015969440271	0.0000151666204927332	0.000911008337596839	0.0000262888088540708	0.00000303332409854663	0.0000374109972154085	0.00000556109418066883	0.0000626886980366304	0.00047269300535685	0.0293322440329459	0.0000940330470549456	0.000691092340452208	0.0000242665927883731	0.0000197166066405531	0.000102121911317737	0.00261320871089792	0.000652670235203951	0.000125377396073261	0.000200199390504078	0.00102627465334161	0.000442865318387808	0.00123405735409206	0.0000146610664763087	0.00114406873916851
"CM31A"	"E"	0.00159603402985195	0.00103891350375222	0.000392815470761789	0.00105104680014641	0.000147621772795936	0.00125630173081473	0.000109199667547679	0.00125680728483116	0.00000657220221351771	0.0000363998891825596	0.00166883380821707	0.000533865041344207	0.0000439831994289262	0.0000490387395931706	0.0000358943351661352	0.0000717886703322703	0.000863991814069366	0.000162788393288669	0.0167333323896325	0.000728503337667616	0.00521327301736881	0.000982797007929109	0.0169754927634998	0.000654692451269648	0.000226488199358149	0.000500498476260195	0.00169158373895617	0.00379064401515044	0.00026086587247501	0.00108491891924685	0.0210168915707968	0.00150048432074773	0.00220825994374195	0.00290996891853907	0.00246305916801987
"CM32A"	"E"	0.000737097755946832	0.00114659650925063	0.000183516107962071	0.000953474874976492	0.00141100125984061	0.00053184282527851	0.000208288254766869	0.00264505861393266	0.0000348832271332863	0.0000510609556588683	0.000411015415353069	0.000489376287898857	0.0000561164958231127	0.000572287146592465	0.000164305055337943	0.000706258960944941	0.000439326440272837	0.0000955497091042189	0.00244182589933004	0.0303787408469445	0.0000672386841844504	0.000752264376439565	0.0046647469095483	0.00238115941735911	0.0016177728525582	0.00146408443156517	0.000239632603785184	0.00111474660621589	0.00265264192417903	0.0166640714893824	0.00693670665935973	0.0710192171192723	0.00168450598272623	0.00023457706362094	0.0814725575168804
"CM33A"	"E"	0.000358437797644927	0.000929208282188119	0.0000773497645129392	0.000655198005286073	0.000134477368368901	0.000198682728454804	0.0000849330747593057	0.00077905873931006	0.0000535887257409905	0.0000308387950018908	0.00023457706362094	0.000199693836487653	0.0000202221606569776	0.0000712831163158459	0.00121080186933653	0.00159552847583553	0.0308630615946791	0.0043502923113323	0.0715606654708629	0.00424564262993244	0.000197166066405531	0.00311471829519097	0.00475979106463609	0.00943970459467712	0.000706258960944941	0.00220017107947916	0.00107885227104975	0.00541043908377434	0.00103790239571937	0.00607473706135606	0.00136246807426386	0.0114149041368474	0.00283312470804256	0.0000358943351661352	0.0153910864760256
"CM34A"	"E"	0.000911008337596839	0.00101666912702955	0.0014377956227111	0.000481287423636066	0.00011728853181047	0.000321532354445943	0.0000692609002501481	0.00126843502720892	0.00000353887811497107	0.0000111221883613377	0.00124871842056836	0.000326082340593763	0.0000141555124598843	0.00000252777008212219	0.0000217388227062509	0.00149087879443567	0.000428709805927924	0.0001799772298471	0.00772941535711325	0.000497465152161648	0.00109705221564103	0.00624561431890752	0.0127071002028283	0.000581892672904529	0.000231038185505969	0.00105660789432708	0.000872586232348582	0.00152373980550326	0.000694631218567179	0.00628100310005723	0.00616978121644385	0.00148582325427143	0.00174567801871359	0.00109654666162461	0.00368953321186556
"CM35A"	"E"	0.000396859902893185	0.000920108309892479	0.0000298276869690419	0.000241654819850882	0.000420115387648709	0.000583914888970227	0.0000717886703322703	0.00075276993045599	0.0000141555124598843	0.0003827043904333	0.00014003846254957	0.00020727714673402	0.0000374109972154085	0.000212838240914689	0.0000449943074617751	0.00249035908490679	0.00043275423805932	0.0000601609279545082	0.000279571371082715	0.0582514504344731	0.0371516480049827	0.000284121357230535	0.0108628391509119	0.00024367703591658	0.000381187728384027	0.000266932520672104	0.000928702728171694	0.000344787839201467	0.000224465983292451	0.00351764484628125	0.00410914304549784	0.0011521576034313	0.00211119357258846	0.000455504168798419	0.0231235351572374
"CM36A"	"E"	0.000323049016495216	0.000451459736667024	0.0000308387950018908	0.00054094279757415	0.000123355180007563	0.000775519861195089	0.000123860734023988	0.00337356195160028	0.00000657220221351771	0.0000323554570511641	0.000132960706319627	0.000268449182721377	0.0000374109972154085	0.00024367703591658	0.0000636998060694793	0.000700192312747848	0.000190088310175589	0.000153182866976605	0.000132960706319627	0.000635986952661944	0.0000692609002501481	0.000409498753303795	0.00530123941622667	0.0000596553739380838	0.0000525776177081416	0.000190593864192013	0.00212181020693337	0.00571124372354689	0.000175932797715705	0.000566220498395372	0.000570264930526767	0.000928702728171694	0.0010404301658015	0.0000834164127100324	0.000598070401430111
"D01"	"C"	0.00000303332409854663	0.00000505554016424439	0	0.00000505554016424439	0.0000252777008212219	0.000100099695252039	0.00000202221606569776	0.0000394332132811062	0	0.000000505554016424439	0.00000101110803284888	0.000000505554016424439	0.00000101110803284888	0.0000136499584434599	0.00000151666204927332	0.00462733591233289	0.000113749653695499	0.0000141555124598843	0.000597059293397262	0.00404948767155976	0.000579870456838831	0.0000439831994289262	0.0136737194822318	0.000194638296323409	0.000246204805998702	0.000376132188219783	0.0119467469621259	0.0144664281799853	0.000173910581650007	0.00191402750618293	0.000218399335095358	0.000374615526170509	0.0018038167306024	0.00160412289411474	0.0172909584697487
"D02"	"Y"	0.00197621065020313	0.0308544671763999	0.0000682497922172993	0.00176943905748554	0.00131393488868712	0.00141605680000485	0.00400803224221295	0.00366425551104433	0.000172899473617158	0.000101616357301312	0.0497960595097744	0.00812880303008855	0.000191604972224862	0.0000313443490183152	0.00014003846254957	0.00000101110803284888	0.0000197166066405531	0.0000247721468047975	0.0000166832825420065	0.00037360441813766	0.0000834164127100324	0.0000556109418066883	0.0000980774791863411	0.0000101110803284888	0.00000960552631206434	0.0000272999168869197	0.000486848517816735	0.0000475220775438973	0.0000500498476260195	0.0000616775900037815	0.000228004861407422	0.000602114833561507	0.000793719805786369	0.00000808886426279102	0.000340237853053647
"D03"	"C"	0.000778047631277211	0.00321178466634446	0.000563692728313249	0.00491802947177694	0.0131691765738402	0.00320470691011452	0.000357426689612078	0.00504087909776808	0.00157277854509643	0.000502015138309468	0.0053866780450024	0.00151160650910907	0.000275021384934895	0.0023624539187514	0.0000753275484472414	0.000158743961157274	0.000870564016282884	0.0000465109695110484	0.000313443490183152	0.00166782270018422	0.000236093725670213	0.000341754515102921	0.0152677312960181	0.00113648542892214	0.0000753275484472414	0.000554087202001185	0.00532449490098219	0.00129725160614511	0.000776530969227938	0.000676431273975899	0.0108729502312404	0.00082910858693608	0.00132707929311415	0.000434270900108593	0.000791697589720671
"D05"	"C"	0.000232554847555242	0.000370065540022689	0.0000141555124598843	0.000313443490183152	0.0000424665373796529	0.000261876980507859	0.0000181999445912798	0.000474209667406124	0.00000252777008212219	0.0000242665927883731	0.000145094002713814	0.000082910858693608	0.00000960552631206434	0.00000758331024636658	0.0000101110803284888	0.00000454998614781995	0.0101606246220984	0.000493926274046677	0.000687553462337237	0.000491398503964555	0.00000556109418066883	0.000654692451269648	0.00420317609255279	0.00703225636846394	0.00488567401472578	0.00399893226991731	0.000130432936237505	0.00635026400030738	0.000252271454195795	0.00524107848827216	0.000330126772725159	0.00171433366969527	0.0022962263425998	0.00000606664819709327	0.016643343774709
"D06"	"L"	0.0000480276315603217	0.000740131080045379	0.000102121911317737	0.000219915997144631	0.0000363998891825596	0.0000859441827921546	0.0000090999722956399	0.000297771315673994	0.000000505554016424439	0.0000121332963941865	0.000217388227062509	0.0000930219390220967	0.00000303332409854663	0.0000121332963941865	0.00000101110803284888	0.000362987783792747	0.000123355180007563	0.00000808886426279102	0.0000434776454125017	0.000118805193859743	0.0000146610664763087	0.0000722942243486948	0.00116226868375979	0.000028816578936193	0.0000116277423777621	0.0000247721468047975	0.0000642053600859037	0.000653175789220375	0.0000272999168869197	0.000281088033131988	0.00216124342021448	0.000504037354375166	0.00115064094138202	0.0000808886426279102	0.00162232283870602
"D09"	"C"	0.000188571648126316	0.00231341517915823	0.00000404443213139551	0.000477748545521095	0.000991391426208325	0.000190088310175589	0.000086449736808579	0.00621022553775781	0.0000106166343449132	0.0000187054986077042	0.000849330747593057	0.000330126772725159	0.0000475220775438973	0.00000505554016424439	0.0000217388227062509	0.00028816578936193	0.000139532908533145	0.0000348832271332863	0.000169360595502187	0.0000859441827921546	0.0000136499584434599	0.000431237576010046	0.000662275761516015	0.000420620941665133	0.000609192589791449	0.00105863011039278	0.000272999168869197	0.000257326994360039	0.000147116218779512	0.000331137880758007	0.000464098587077635	0.000789169819638549	0.000267438074688528	0.00000556109418066883	0.00120321855909016
"D10"	"Y"	0.000199188282471229	0.00413442074631906	0.000673903503893777	0.00138875688311793	0.00232453736751957	0.000659242437417468	0.0000889775068907012	0.00140746238172564	0.00000404443213139551	0.0000616775900037815	0.00116327979179263	0.000304849071903937	0.000028816578936193	0.0000773497645129392	0.0000151666204927332	0.0000141555124598843	0.00000303332409854663	0.00000151666204927332	0.0000131444044270354	0.00502722913932462	0.000994424750306871	0.0000156721745091576	0.00105357457022853	0.00000353887811497107	0	0.00000202221606569776	0.000746703282258896	0.00000859441827921546	0.0000151666204927332	0.0000434776454125017	0.00505301239416227	0.0000788664265622125	0.00283969691025607	0.0000677442382008748	0.000402420997073853
"D16"	"C"	0.00134022369754119	0.00141352902992273	0.000162788393288669	0.000390793254696091	0.000208288254766869	0.000821019722673289	0.000159249515173698	0.0183000442865318	0.000041455429346804	0.000057633157872386	0.000936286038418061	0.000732042215782587	0.000062183144020206	0.000560659404214703	0.0000758331024636658	0.00136297362828029	0.000451459736667024	0.000139532908533145	0.00298580202100274	0.000739625526028954	0.00232655958358527	0.00146610664763087	0.0028402024642725	0.00156317301878437	0.00251513123171158	0.00582499337724238	0.00219005999915067	0.00229117080243556	0.00140796793574206	0.0154178808388961	0.0101778134586568	0.00497566262964933	0.00291957444485113	0.00102930797744016	0.0652023126062927
"D18"	"Y"	0.0182595999652179	0.0118188417959705	0.0226518532599134	0.0275986993106265	0.00113749653695499	0.00193981076102057	0.00211119357258846	0.140994465194628	0.000113749653695499	0.000469659681258304	0.0235623560434938	0.00652316347392454	0.000394837686827487	0.0162222172790274	0.000245699251982277	0.0000647109141023282	0.0000712831163158459	0.0000090999722956399	0.0000267943628704953	0.00113345210482359	0.00010818855951483	0.0000454998614781995	0.000508587340522985	0.0000192110526241287	0.00000859441827921546	0.0000384221052482574	0.00014458844869739	0.00128764607983305	0.0000444887534453506	0.000202221606569776	0.000445393088469931	0.000372593310104811	0.000624359210284182	0.0000465109695110484	0.000228510415423846
"E04"	"L"	0.00044640419650278	0.0000242665927883731	0.0000101110803284888	0.000216882673046084	0.000102627465334161	0.000421632049697982	0.000124871842056836	0.00144133450082608	0.000062183144020206	0.0000465109695110484	0.0013548847640175	0.000332654542807281	0.0000106166343449132	0.0000475220775438973	0.0000556109418066883	0.00000303332409854663	0.0000101110803284888	0.000000505554016424439	0.00000960552631206434	0.0325551508876517	0.000850341855625906	0.00000202221606569776	0.000138016246483872	0	0.00000151666204927332	0.00000151666204927332	0.000994424750306871	0.000016177728525582	0.00000353887811497107	0.00000353887811497107	0.000450448628634175	0.0000849330747593057	0.00160867288026256	0.00000606664819709327	0.000232049293538817
"E06"	"L"	0.00595239298938134	0.00539527246328161	0.00158491184149062	0.00388265484613969	0.000904941689399746	0.00423148711747255	0.000579364902822407	0.0053164060367194	0.0014832954841893	0.000122344071974714	0.00876681219881619	0.00201159943135284	0.000511620664621532	0.0010323413015387	0.00271937505434706	0.00250350348933382	0.000192616080257711	0.0000222443767226753	0.00013093849025393	0.00829361363944292	0.000341754515102921	0.0131656376957252	0.00470721344692795	0.000086449736808579	0.0000374109972154085	0.000159755069190123	0.00134982922385325	0.00107430228490193	0.000349337825349287	0.00039180436272894	0.00204243822635473	0.000532348379294934	0.00161423397444323	0.000339226745020799	0.000832647465051051
"E07"	"L"	0.000850341855625906	0.000399893226991731	0.00310612387691175	0.000196660512389107	0.00028361580321411	0.000861969598003668	0.0000965608171370678	0.0060777703854546	0.0000313443490183152	0.0000500498476260195	0.00027906581706629	0.000154193975009454	0.0000227499307390997	0.000984819223994807	0.000750747714390292	0.0000384221052482574	0.0000181999445912798	0.00000454998614781995	0.0000556109418066883	0.0408624144855381	0.00434321455510235	0.0000227499307390997	0.00954182650599486	0.0000136499584434599	0.0000090999722956399	0.0000308387950018908	0.00271078063606784	0.00000454998614781995	0.000041455429346804	0.000201210498536927	0.00411975967984275	0.000124366288040412	0.00317690143921117	0.000218399335095358	0.000384221052482574
"E10"	"C"	0.00187257207683612	0.00660910765671669	0.0102455576968577	0.00199339948676156	0.00152070648140471	0.00051819286683505	0.00297164650854285	0.00208541031775081	0.0000975719251699167	0.000124871842056836	0.0722916965786126	0.0121540241088599	0.000131444044270354	0.00236700390489922	0.000965102617354254	0.000754792146521687	0.0000323554570511641	0.0000121332963941865	0.000157732853124425	0.000104144127383434	0.000101110803284888	0.0000692609002501481	0.000778047631277211	0.0000384221052482574	0.0000444887534453506	0.0000515665096752928	0.000692609002501481	0.0000222443767226753	0.0000788664265622125	0.000300804639772541	0.0040297710649192	0.000593520415282291	0.000520215082900748	0.000324060124528065	0.00161473952845966
"E11"	"Y"	0.000125377396073261	0.00109452444555891	0.000107177451481981	0.000776530969227938	0.0002027271605862	0.000241149265834457	0.0000657220221351771	0.0053391559674585	0.0000247721468047975	0.0000348832271332863	0.000688564570370086	0.000253788116245068	0.0000444887534453506	0.000367032215924143	0.0000404443213139551	0.00157176743706358	0.000839725221280993	0.0000192110526241287	0.0006081814817586	0.000226488199358149	0.0000733053323815436	0.000242665927883731	0.00539173358516664	0.000773497645129391	0.000114255207711923	0.0071369060498638	0.0000475220775438973	0.00109149112146036	0.000203232714602624	0.000748725498324594	0.00238014830932626	0.00183667774166999	0.0010323413015387	0.00150907873902695	0.00376334409826352
"E12"	"E"	0.000442359764371384	0.000177449459764978	0.00000960552631206434	0.0089387005644005	0.000140544016565994	0.000384221052482574	0.0000894830609071257	0.000352876703464258	0.0000156721745091576	0.0000272999168869197	0.0000480276315603217	0.00029726576165757	0.0000101110803284888	0.0000793719805786369	0.0000303332409854663	0.0000116277423777621	0.00000657220221351771	0.00000151666204927332	0.00000606664819709327	0.00285385242271596	0.000342260069119345	0.000012638850410611	0.000126894058122534	0.00000606664819709327	0.00000202221606569776	0.00011273854566265	0.000948924888828672	0.00632195297538761	0.0000131444044270354	0.0000106166343449132	0.000150655096894483	0.000168855041485763	0.000736086647913983	0.0000636998060694793	0.00031091572010103
"EA44"	"E"	0.0000111221883613377	0.00000101110803284888	0.00000252777008212219	0.00000707775622994214	0.0000101110803284888	0.0000434776454125017	0.0000227499307390997	0.000054094279757415	0	0.00000151666204927332	0.00000303332409854663	0.00000151666204927332	0.00000556109418066883	0.0000834164127100324	0.00000303332409854663	0.00000101110803284888	0	0	0.00000101110803284888	0.00980825347265054	0.00000151666204927332	0.00000151666204927332	0.0000136499584434599	0.000000505554016424439	0.00000353887811497107	0.00000303332409854663	0.0000237610387719486	0.00000404443213139551	0	0.0000121332963941865	0.000158743961157274	0.0000136499584434599	0.000511620664621532	0	0.000287154681329081
"EA47"	"E"	0.0615168238265586	0.034132479418896	0.00937044369442698	0.021460262443201	0.00155609526255442	0.00427749253296718	0.00327851779651249	0.00393219913974929	0.00669100740737745	0.000576837132740285	0.0309024948079602	0.00620466444357714	0.00034731560928359	0.000844780761445237	0.00230279854481332	0.0000399387672975307	0.00020727714673402	0.0000212332686898264	0.0000682497922172993	0.0033366565084013	0.0000556109418066883	0.0000899886149235501	0.0040525209956583	0.0000348832271332863	0.0000343776731168618	0.0000727997783651192	0.000205254930668322	0.00000252777008212219	0.0000935274930385212	0.000277549155017017	0.000376637742236207	0.000611720359873571	0.00083820855923172	0.00000859441827921546	0.000381187728384027
"EA48"	"E"	0.00622488660423412	0.00408841533082444	0.00161928951460748	0.0130983990115408	0.0019837939604495	0.000730525553733314	0.000438820886256413	0.00482804085685339	0.0000712831163158459	0.000914041661695386	0.00405909319787182	0.00188015538708249	0.00044185421035496	0.00264202528983412	0.0000596553739380838	0.0012659072571268	0.00283514692410825	0.0000358943351661352	0.00118249084441676	0.00020727714673402	0.0000733053323815436	0.000418598725599435	0.0037876106910519	0.000392815470761789	0.0000834164127100324	0.000284626911246959	0.00506312347449076	0.00453734729740934	0.000520720636917172	0.000533865041344207	0.00152930089968393	0.000723447797503372	0.00094184713259873	0.000105660789432708	0.0008109086423448
"EA49"	"E"	0.00530376718630879	0.000205254930668322	0.000551559431919063	0.00352421704849476	0.000389782146663242	0.0016218172846896	0.000800292007999887	0.00156873411296503	0.000176438351732129	0.0000475220775438973	0.020239349493536	0.00365667220079797	0.0000854386287757302	0.00000960552631206434	0.00224061540079311	0.0000363998891825596	0.000601103725528658	0.0000925163850056723	0.0000940330470549456	0.00132252930696633	0.000246710360015126	0.000412532077402342	0.000857925165872273	0.000148632880828785	0.0000535887257409905	0.000352876703464258	0.00406718206213461	0.0041890205800929	0.000218904889111782	0.000530326163229236	0.00152980645370035	0.000686036800287964	0.00224314317087524	0.00235032062235722	0.000917580539810357
"EA50"	"E"	0.00125630173081473	0.0372077645008059	0.016880448608412	0.00467688020594248	0.000984819223994807	0.00121181297736938	0.000240138157801608	0.20057653380033	0.00000404443213139551	0.000214860456980387	0.000384726606498998	0.000703731190862819	0.035079382091659	0.00225830979136797	0.00013093849025393	0	0.0000212332686898264	0.00000252777008212219	0.00000454998614781995	0.00386647711761411	0.0000283110249197686	0.0000298276869690419	0.00000758331024636658	0.00000758331024636658	0.0000106166343449132	0.00000151666204927332	0.000120321855909016	0.00000202221606569776	0.0000642053600859037	0.000185538324027769	0.000057633157872386	0.000250249238130097	0.000357932243628503	0.00000101110803284888	0.000124366288040412
"EA51"	"E"	0.00130028493024366	0.000224971537308875	0.0166681159215138	0.0115706147739061	0.000597564847413687	0.00156923966698146	0.00161575063649251	0.0153642921131551	0.000062183144020206	0.0130685713245717	0.00536443366827972	0.0020479993205354	0.0000965608171370678	0.0000480276315603217	0.0000904941689399746	0.0000090999722956399	0.0000146610664763087	0.00000960552631206434	0.0000197166066405531	0.00067087017979523	0.000447920858552053	0.00000960552631206434	0.00333109541422063	0.000280582479115564	0.0000252777008212219	0.00000556109418066883	0.00122950736794424	0.00119462414081095	0.0000267943628704953	0.0000141555124598843	0.000328610110675885	0.000120827409925441	0.00149391211853422	0.0000166832825420065	0.0000404443213139551
"EA53"	"E"	0.00151463983320762	0.014046818346353	0.00429771469362415	0.0080822920605775	0.000408993199287371	0.00151160650910907	0.000438315332239988	0.0105549567549094	0.000613237021922844	0.00142212344820195	0.00380985506777457	0.00132202375294991	0.000148632880828785	0.0000197166066405531	0.0138865577231465	0.0000262888088540708	0.0000733053323815436	0.0000101110803284888	0.0000672386841844504	0.000334676758872979	0.000112232991646225	0.000266426966655679	0.00866873471962985	0.0000232554847555242	0.000033366565084013	0.0000636998060694793	0.000345293393217892	0.00170371703535036	0.000165821717387216	0.00019362718829056	0.00269156958344371	0.000817986398574742	0.000882191758660646	0.0000252777008212219	0.00073911997201253
"EA54"	"E"	0.0127156946211075	0.00688210682558589	0.00319762915388458	0.0023457706362094	0.000506059570440863	0.000416576509533738	0.000427698697895075	0.0114422040537343	0.00228105972210707	0.000636998060694793	0.00493016276817113	0.00132050709090063	0.000109705221564103	0.0017087725755146	0.0000530831717245661	0.000584925997003076	0.0000884719528742768	0.0000192110526241287	0.000214354902963962	0.00695642326600028	0.000172393919600734	0.000415565401500889	0.0585360773457201	0.000016177728525582	0.0000424665373796529	0.000132960706319627	0.00828653588321298	0.00166580048411853	0.0000738108863979681	0.000214354902963962	0.00138875688311793	0.000723447797503372	0.00197014400200604	0.0117723308264595	0.000622842548234909
"EA55"	"E"	0.000871575124315733	0.0141959567811982	0.00315769038658705	0.000880675096611373	0.00538617249098597	0.000623853656267758	0.00182707221535792	0.00285536908476523	0.0000374109972154085	0.0000824053046771835	0.00949480998246739	0.00155103972239018	0.0000960552631206434	0.0000262888088540708	0.0000591498199216593	0.002569225511469	0.0000121332963941865	0.0000090999722956399	0.00010363857336701	0.000480781869619641	0.000272999168869197	0.0000854386287757302	0.0144295227367863	0.0000328610110675885	0.00000859441827921546	0.0000727997783651192	0.000296254653624721	0.000401915443057429	0.0000192110526241287	0.000107683005498405	0.000709797839059912	0.000439831994289262	0.00133162927926197	0.00219309332324922	0.000129927382221081
"EA57"	"E"	0.00234829840629152	0.0018205000131444	0.000016177728525582	0.000339226745020799	0.000370571094039114	0.000339732299037223	0.000244688143949428	0.00794730913819218	0.0000187054986077042	0.000704742298895668	0.0021369768274261	0.000849836301609482	0.00643368041301741	0.000549537215853365	0.0000257832548376464	0.0000111221883613377	0.00000657220221351771	0.00000252777008212219	0.000020727714673402	0.000163799501321518	0.0000090999722956399	0.0000156721745091576	0.0000465109695110484	0.000016177728525582	0.00000454998614781995	0.0000090999722956399	0.00000808886426279102	0.00000353887811497107	0.0000136499584434599	0.0000257832548376464	0.000265921412639255	0.000162282839272245	0.000100605249268463	0.00000151666204927332	0.0000551053877902638
"EA58"	"E"	0.00135539031803392	0.055589202983982	0.0137970746622394	0.07025178612234	0.000584925997003076	0.000651659127171102	0.00109806332367388	0.00295647988805012	0.00320976245027876	0.0012370906781906	0.0100463694143864	0.00520821747720457	0.000222443767226753	0.0022982485586655	0.0126337948704467	0.000299793531739692	0.00000758331024636658	0.000012638850410611	0.0000156721745091576	0.0000394332132811062	0.000036905443198984	0.0000899886149235501	0.0000323554570511641	0.00000859441827921546	0.00000657220221351771	0.0000116277423777621	0.0000217388227062509	0.00000303332409854663	0.0000323554570511641	0.000201716052553351	0.000460559708962664	0.000467131911176182	0.000683003476189417	0	0.000473198559373275
"EA60"	"E"	0.00217843225677291	0.00431389242214974	0.00280683589918848	0.00339479522029011	0.00247013692424981	0.000606664819709327	0.00062638142634988	0.00269460290754226	0.00014003846254957	0.000776530969227938	0.0082000861464044	0.00186852764470473	0.0000662275761516015	0.00105205790817926	0.000074821994430817	0.00283969691025607	0.000223454875259602	0.0000187054986077042	0.00016632727140364	0.00146610664763087	0.000185538324027769	0.000214354902963962	0.00895942827907391	0.0000626886980366304	0.0000738108863979681	0.000166832825420065	0.000964597063337829	0.000296254653624721	0.0000763386564800903	0.000659242437417468	0.00104953013809714	0.000567737160444645	0.00135640142606677	0.000812425304394073	0.00293372995731102
"EA61"	"E"	0.0230785408497756	0.00730727775339884	0.0148380103820573	0.0222044379553778	0.0025009757192517	0.00316729591289911	0.00156013969468582	0.045770838431003	0.000390793254696091	0.00147672328197579	0.0223449819719438	0.00604693159045271	0.000228004861407422	0.00460003599544597	0.00432956459665889	0.000386748822564696	0.000171382811567885	0.0000101110803284888	0.00017542724369928	0.000431237576010046	0.000070272008282997	0.00708837286428706	0.00156570078886649	0.00013548847640175	0.0000424665373796529	0.000185538324027769	0.0000768442104965147	0.0000171888365584309	0.000116277423777621	0.000408487645270947	0.000340237853053647	0.000516676204785777	0.000578859348805983	0.000444381980437082	0.00186195544249121
"EA63"	"E"	0.0167282768494683	0.0169765038715327	0.0266462355436829	0.0234809618468495	0.00324666789347775	0.00341046739479926	0.0010550912322778	0.0062162921859549	0.00165922828190501	0.0000915052769728234	0.0403507938209166	0.00471378564914147	0.00428103141108215	0.00193677743692203	0.000129927382221081	0.000542459459623423	0.000148127326812361	0.0000232554847555242	0.000105660789432708	0.0178506067659305	0.0000520720636917172	0.000203232714602624	0.00283312470804256	0.0000758331024636658	0.0000252777008212219	0.000401409889041004	0.000356415581579229	0.000203232714602624	0.000078360872545788	0.000250754792146522	0.000160260623206547	0.000459043046913391	0.000771475429063694	0.000192616080257711	0.000223454875259602
"EA68"	"E"	0.0134856533881219	0.00185234991617914	0.00250754792146522	0.0116747589012896	0.00700950643772485	0.00139330686926575	0.000859441827921546	0.0283636025374767	0.00108340225719757	0.000378659958301905	0.00776834301637793	0.00261624203499647	0.00186448321257333	0.00228813747833701	0.000100605249268463	0.000348326717316438	0.00010363857336701	0.0000323554570511641	0.000124366288040412	0.000106166343449132	0.0000778553185293636	0.000222443767226753	0.000906963905465443	0.000078360872545788	0.0000434776454125017	0.00264050862778484	0.00131241822663784	0.000974202589649894	0.000129421828204656	0.000573298254625314	0.000470670789291153	0.00104447459793289	0.000662781315532439	0.0000925163850056723	0.00232858179965097
"EA70"	"E"	0.00434978675731587	0.0073871552879939	0.00281492476345128	0.00865356809913712	0.00269713067762438	0.00444432535838724	0.00116833533195688	0.00828552477518013	0.00131747376680209	0.00106166343449132	0.0130463269478491	0.00401915443057429	0.000949935996861521	0.00485837409783886	0.000966619279403527	0.000464098587077635	0.0000657220221351771	0.0000222443767226753	0.000139027354516721	0.0000348832271332863	0.0000146610664763087	0.000113749653695499	0.00131696821278566	0.0000874608448414279	0.0000318499030347396	0.000154699529025878	0.0000884719528742768	0.000160260623206547	0.000104649681399859	0.000271988060836348	0.000499487368227346	0.000428709805927924	0.000525776177081416	0.0000090999722956399	0.00109654666162461
"EA72"	"E"	0.0293544884096686	0.0219369998806893	0.0102379743866113	0.045423017267703	0.012123185313858	0.0010343635176044	0.0023397039880123	0.0644126372326378	0.000442865318387808	0.00349236714546002	0.0281719975652519	0.00775216528785235	0.000447415304535628	0.0000677442382008748	0.000226993753374573	0.00000303332409854663	0.0000343776731168618	0.0000131444044270354	0.0000318499030347396	0.0000399387672975307	0.0000692609002501481	0.00187459429290182	0.000359448905677776	0.000016177728525582	0.0000313443490183152	0.0000434776454125017	0.0000995941412356145	0.0000116277423777621	0.0000768442104965147	0.000429215359944349	0.000553076093968336	0.00058088156487168	0.00053184282527851	0.00009908858721919	0.000155710637058727
"EA73"	"E"	0.00285991907091305	0.00230886519301041	0.0381855059685707	0.188398243098682	0.00128815163384947	0.00086449736808579	0.0036076334612048	0.0104134016303106	0.000156216191075152	0.0000788664265622125	0.31892976236939	0.0352765481580645	0.000317993476330972	0.0213955515290987	0.000385737714531847	0	0.0000308387950018908	0.00000101110803284888	0.0000293221329526175	0.0000131444044270354	0.000012638850410611	0.0000151666204927332	0.000016177728525582	0.000036905443198984	0.00000202221606569776	0.00000808886426279102	0.0000267943628704953	0.00000202221606569776	0.0000460054154946239	0.00000960552631206434	0.0000839219667264569	0.0000429720913960773	0.000618292562087089	0	0.000237610387719486
"EA76"	"E"	0.0247751801288961	0.0109624332921475	0.00157783408526067	0.0154067586505348	0.00149138434845209	0.00595643742151274	0.00422087048312764	0.0239030994505639	0.00228105972210707	0.0104634514779366	0.0787986823240116	0.0156706578471083	0.0195871848123485	0.00669960182565666	0.00374868303178721	0.0000106166343449132	0.0000510609556588683	0.00000202221606569776	0.0000166832825420065	0.00000960552631206434	0.00011273854566265	0.0000530831717245661	0.0000323554570511641	0.0000212332686898264	0.0000116277423777621	0.0000384221052482574	0.000012638850410611	0.000617787008070664	0.0000712831163158459	0.000104649681399859	0.000318499030347396	0.000636492506678369	0.000404948767155976	0.0000247721468047975	0.000488365179866008
"EB01"	"E"	0.000854386287757302	0.00393573801786426	0.00109452444555891	0.0101211914088173	0.000319510138380245	0.00116631311589118	0.000303332409854663	0.0302043247112781	0.000376132188219783	0.000965608171370678	0.00322897350290289	0.00136095141221459	0.000104649681399859	0.0018472943760149	0.00406819317016746	0.00126489614909395	0.000442359764371384	0.0000090999722956399	0.000616270346021391	0.00103992461178507	0.0000551053877902638	0.000312937936166728	0.000718392257339128	0.000244688143949428	0.0000500498476260195	0.000719403365371977	0.000208288254766869	0.00100200806055324	0.0000869552908250035	0.000335687866905827	0.000381187728384027	0.000553076093968336	0.00052274285298287	0.00027451583091847	0.00108593002727969
"EB02"	"E"	0.00771829316875191	0.0103977294558014	0.00346102279644171	0.00419812055238854	0.0109452444555891	0.000584925997003076	0.000740636634061803	0.0130609880143254	0.000200704944520502	0.00280986922328703	0.00575118249084442	0.00158187851739207	0.00414301516459828	0.000601103725528658	0.0000980774791863411	0.00000505554016424439	0.00012638850410611	0.000036905443198984	0.0000763386564800903	0.000142566232631692	0.0000551053877902638	0.000107177451481981	0.0016900670769069	0.0000278054709033441	0.0000156721745091576	0.000033366565084013	0.000292210221493326	0.000105660789432708	0.0000485331855767461	0.000169360595502187	0.0000965608171370678	0.000365515553874869	0.000641042492826188	0.00000707775622994214	0.000125882950089685
"EB03"	"E"	0.00364453890440378	0.0272705947539671	0.00826934704665455	0.0212332686898264	0.00137257915459235	0.00859189050913334	0.00256619218737045	0.142048545318873	0.000111221883613377	0.00213091017922901	0.0714984823268427	0.0140159795513511	0.000949935996861521	0.000146105110746663	0.000276538046984168	0.00000101110803284888	0.000016177728525582	0.00000404443213139551	0.0000217388227062509	0.000049544293609595	0.00000151666204927332	0.0000727997783651192	0.0000520720636917172	0.0000212332686898264	0.00000657220221351771	0.000506059570440863	0.0000237610387719486	0.00000808886426279102	0.0000727997783651192	0.00014458844869739	0.000212332686898264	0.00142465121828407	0.000560659404214703	0.00000151666204927332	0.0000995941412356145
"EB04"	"E"	0.00563439951305037	0.00476231883471821	0.000952463766943643	0.00537353364057536	0.000823547492755411	0.00145498445926954	0.000584925997003076	0.00259349210425737	0.000316476814281699	0.00112789101064292	0.00832344132641196	0.00218500445898642	0.000845791869478086	0.00155508415452157	0.000861969598003668	0.0060322705239764	0.00091454721571181	0.000102121911317737	0.000328104556659461	0.000300804639772541	0.00131039601057215	0.00073001999971689	0.00470165235274728	0.00184223883585066	0.000132960706319627	0.00102678020735804	0.00739777192233881	0.00443775315617372	0.000615764792004967	0.000916063877761083	0.00115872980564481	0.001870044306754	0.00153334533181532	0.0000166832825420065	0.00155912858665297
"EB05"	"E"	0.00506919012268785	0.000302321301821814	0.00170725591346533	0.000694631218567179	0.000368043323956992	0.00128714052581662	0.000739625526028954	0.0127702944548813	0.0000298276869690419	0.0000677442382008748	0.0114002430703711	0.00215264900193526	0.000348832271332863	0.0000298276869690419	0.0000510609556588683	0.0000197166066405531	0.0000389276592646818	0.0000267943628704953	0.0000520720636917172	0.00120574632917229	0.000238115941735911	0.00012638850410611	0.00030181574780539	0.0000171888365584309	0.000012638850410611	0.0000889775068907012	0.000492915166013828	0.0000202221606569776	0.000101110803284888	0.00012183851795829	0.00117642419621967	0.000532853933311359	0.00143627896066183	0.0000151666204927332	0.00040090433502458
"EB07"	"E"	0.00575067693682799	0.00778047631277211	0.00364302224235451	0.0166382882345447	0.000494937382079526	0.000598575955446536	0.00231038185505969	0.0161256564618903	0.000458031938880542	0.000237610387719486	0.0211185079280981	0.00422491491525904	0.000106166343449132	0.0000530831717245661	0.0000677442382008748	0.00000454998614781995	0.0000101110803284888	0.00000151666204927332	0.0000465109695110484	0.0000404443213139551	0.00000202221606569776	0.0000222443767226753	0.0000313443490183152	0.0000136499584434599	0.00000758331024636658	0.00000758331024636658	0.0000262888088540708	0.000155710637058727	0.0000460054154946239	0.0000642053600859037	0.000222443767226753	0.000265921412639255	0.000264404750589982	0.00000151666204927332	0.000102627465334161
"EB08"	"E"	0.00187611095495109	0.00414604848869682	0.000784114279474305	0.0099068365058533	0.000547009445771243	0.00069817009668215	0.00159249515173698	0.0827546425025328	0.00036905443198984	0.000185538324027769	0.00906660573055589	0.00263494753360418	0.00437203113403855	0.00307376841986059	0.00187762761700037	0.0000262888088540708	0.0000798775345950613	0.00000454998614781995	0.0000116277423777621	0.000238115941735911	0.0000171888365584309	0.0000505554016424439	0.00024367703591658	0.0000657220221351771	0.0000151666204927332	0.000192110526241287	0.0000697664542665726	0.0000672386841844504	0.0000935274930385212	0.000105660789432708	0.000602114833561507	0.000426182035845802	0.00116985199400615	0.0000141555124598843	0.000657220221351771
"EB09"	"E"	0.0107935782506618	0.00124720175851909	0.000791697589720671	0.0126752502997935	0.00068452013823869	0.00201311609340212	0.00210361026234209	0.0295031212904974	0.000225982645341724	0.000367032215924143	0.0385960158299074	0.00795287023237285	0.000176943905748554	0.000942352686615154	0.00779766514933054	0.000165316163370792	0.00359701682685988	0.00014458844869739	0.00194183297708627	0.0000920108309892479	0.0000090999722956399	0.000398376564942458	0.000340743407070072	0.000614248129955693	0.0000712831163158459	0.000158743961157274	0.0000556109418066883	0.00036450444584202	0.000353382257480683	0.000632953628563398	0.000144082894680965	0.000723447797503372	0.000477748545521095	0.0000090999722956399	0.00168096710461126
"EB10"	"E"	0.00200502722913932	0.00680627372312222	0.0000586442659052349	0.00248884242285751	0.00163748945919876	0.00221078771382407	0.00728250560659404	0.0058750432248684	0.000223454875259602	0.0000965608171370678	0.14952720588384	0.0218090947145339	0.000285132465263384	0.000156216191075152	0.000164810609354367	0.000000505554016424439	0.0000146610664763087	0	0.00000657220221351771	0.0000111221883613377	0.0000247721468047975	0.0000187054986077042	0.00000808886426279102	0.00000454998614781995	0.00000404443213139551	0.0000535887257409905	0.0000252777008212219	0.0000813941966443347	0.000041455429346804	0.0000490387395931706	0.000325071232560914	0.00086449736808579	0.00064003138479334	0	0.0000293221329526175
"EB13"	"E"	0.00644834147949372	0.0340884962194671	0.00233869287997945	0.00793517584179799	0.0045242028929823	0.00104194682785077	0.000424665373796529	0.0203525935932151	0.0000743164404143925	0.000349337825349287	0.00320521246413094	0.00132910150917985	0.0117930585411329	0.0221038327061093	0.000687047908320812	0.0000434776454125017	0.0000535887257409905	0.00000556109418066883	0.000213343794931113	0.00172343364199091	0.000182504999929222	0.0000808886426279102	0.000675925719959475	0.000028816578936193	0.0000278054709033441	0.000210310470832567	0.000355910027562805	0.000633964736596246	0.0000530831717245661	0.000259854764442162	0.00109957998572315	0.000584420442986651	0.000662781315532439	0.0000510609556588683	0.000204243822635473
"EB16"	"E"	0.0340718129369251	0.0129720105074347	0.00215214344791884	0.0156777356033383	0.00482854641086982	0.0191569583443713	0.00361673343350044	0.0180452450622539	0.0002027271605862	0.000108694113531254	0.0459376712564231	0.00769604879202923	0.000232554847555242	0.0185472602005634	0.000210310470832567	0.000012638850410611	0.0000662275761516015	0.00000707775622994214	0.0000313443490183152	0.000033366565084013	0.0000399387672975307	0.000122849625991139	0.000115266315744772	0.0000257832548376464	0.00000859441827921546	0.0000267943628704953	0.000133971814352476	0.0000687553462337237	0.0000636998060694793	0.000209804916816142	0.0000631942520530549	0.000550548323886214	0.000452976398716297	0.0000101110803284888	0.000109199667547679
"EB17"	"E"	0.00284424689640389	0.0183248164333366	0.000959541523173585	0.00636947505293151	0.00840584663108915	0.00175174466691068	0.0010156580189967	0.0207095147288107	0.0000647109141023282	0.0098881310072456	0.0176387796330487	0.00355353918144738	0.00458385826692039	0.000210816024848991	0.000837197451198871	0.000141049570582418	0.000282604695181261	0.0000278054709033441	0.000106671897465557	0.000625370318317031	0.000659242437417468	0.000129927382221081	0.00058088156487168	0.0000712831163158459	0.0000348832271332863	0.000745692174226047	0.00218298224292073	0.0000439831994289262	0.000136499584434599	0.000299793531739692	0.0017542724369928	0.000750747714390292	0.000949935996861521	0.00000960552631206434	0.000338721191004374
"EB20"	"E"	0.00157935074730995	0.0035788168822686	0.00734266653454855	0.0105554623089259	0.00118552416851531	0.00314100710404504	0.00156115080271867	0.0133041594962255	0.000107177451481981	0.000976730359732016	0.016388544550431	0.00421985937509479	0.00336446197930464	0.00219157666119994	0.000128410720171807	0.000479770761586793	0.00200098279700793	0.000033366565084013	0.000910502783580414	0.000140544016565994	0.0000520720636917172	0.00031091572010103	0.00131646265876924	0.000460559708962664	0.000510104002572259	0.000325071232560914	0.000516170650769352	0.00362886672989462	0.000442865318387808	0.000973697035633469	0.000127905166155383	0.000690081232419359	0.000807875318246253	0.0000313443490183152	0.00274768607926683
"EB21"	"E"	0.0134507701609886	0.00123860734023988	0.0184456438432621	0.0329292608598058	0.00136550139836241	0.0015576119246037	0.00559547185378569	0.0152207147724906	0.00357173912603866	0.000196154958372682	0.128387464687052	0.0230871352680549	0.000313443490183152	0.0112268380427375	0.000226488199358149	0.0000429720913960773	0.0000399387672975307	0.00000960552631206434	0.000303837963871088	0.0000111221883613377	0.0000131444044270354	0.000101616357301312	0.000232554847555242	0.000122849625991139	0.000231543739522393	0.0000374109972154085	0.000180988337879949	0.0000358943351661352	0.0000758331024636658	0.0002254770913253	0.000791697589720671	0.00104447459793289	0.00080635865619698	0.0000308387950018908	0.00059453152331514
"EB24"	"E"	0.0415009292082822	0.0344540117733419	0.0139952518366777	0.0118678805355637	0.00201412720143496	0.00157328409911285	0.00562074955460691	0.0268828348233695	0.001940316315037	0.00253434228433571	0.0592534584950264	0.0100226083756145	0.000250754792146522	0.013598897487801	0.0113886153279933	0.00000808886426279102	0.0000343776731168618	0.0000874608448414279	0.000070272008282997	0.0000839219667264569	0.0000419609833632284	0.000236599279686637	0.000514148434703654	0.0000298276869690419	0.00000859441827921546	0.000070272008282997	0.000355910027562805	0.00000404443213139551	0.000140544016565994	0.000852364071691604	0.00289025231189852	0.000672892395860928	0.000697158988649301	0.0000591498199216593	0.000177449459764978
"EB28"	"E"	0.0104159294003927	0.0242175540487799	0.00349489491554215	0.0190366364884622	0.002428681494903	0.000718897811355552	0.0011895686006467	0.00420267053853636	0.0000636998060694793	0.0000788664265622125	0.0143708784708811	0.00407476537238098	0.000127399612138959	0.00686188466492891	0.0000763386564800903	0.00431692574624828	0.000338721191004374	0.0000717886703322703	0.000201210498536927	0.0120524077515586	0.000354393365513532	0.000242160373867306	0.00817885287771457	0.0000824053046771835	0.0000859441827921546	0.000331643434774432	0.000277549155017017	0.00295243545591872	0.000136499584434599	0.00112991322670862	0.000387759930597545	0.00111322994416661	0.00133668481942622	0.00126792947319249	0.00339782854438865
"EM03"	"E"	0.0120357244690166	0.00689171235189795	0.00339732299037223	0.021794939202074	0.00174416135666431	0.00110362441785455	0.000476737437488246	0.00319510138380245	0.0000465109695110484	0.00111424105219946	0.00252423120400722	0.00182302778322653	0.0000879663988578524	0.00939824916533032	0.0000596553739380838	0.00391248253310873	0.0000642053600859037	0.0000252777008212219	0.000145094002713814	0.0639217442826896	0.000207782700750444	0.000106166343449132	0.00647008030219997	0.0000187054986077042	0.0000272999168869197	0.0000793719805786369	0.00312381826748661	0.00110564663392025	0.0000616775900037815	0.000254293670261493	0.00693064001116263	0.00064458137094116	0.00158845071960559	0.0000460054154946239	0.000413543185435191
"EM12"	"E"	0.00244485922342859	0.00687705128542164	0.00727896672847907	0.00717280038502994	0.0397901344167019	0.000714853379224157	0.00116479645384191	0.00757067139595597	0.0017375891544508	0.000168855041485763	0.0105069291233491	0.00303281854453021	0.00016177728525582	0.00366476106506076	0.000300804639772541	0.0000566220498395372	0.000107683005498405	0.0000389276592646818	0.0000434776454125017	0.000800797562016311	0.0000808886426279102	0.0000768442104965147	0.000915052769728234	0.0000662275761516015	0.0000151666204927332	0.0000636998060694793	0.000124366288040412	0.000028816578936193	0.0000510609556588683	0.000124366288040412	0.0162065451045182	0.000747208836275321	0.000801303116032736	0.000074821994430817	0.000188066094109891
"EM22"	"E"	0.0027492027413161	0.000125377396073261	0.000535381703393481	0.00283110249197686	0.00268196405713165	0.00193222745077421	0.00319965136995027	0.0778568351914129	0.000132960706319627	0.000226993753374573	0.0218146558087145	0.00425221483214596	0.000289682451411203	0.0000530831717245661	0.00013548847640175	0.000000505554016424439	0.00000353887811497107	0.000000505554016424439	0.00000859441827921546	0.0022527486971873	0.0000530831717245661	0.0000379165512318329	0.0000101110803284888	0.0000384221052482574	0.00000101110803284888	0.0000763386564800903	0.0000247721468047975	0.00000758331024636658	0.0000242665927883731	0.0000171888365584309	0.0000692609002501481	0.000142566232631692	0.000438315332239988	0	0.0000773497645129392
"EM25"	"E"	0.0103941905776865	0.0112617212698708	0.00396404904278403	0.0274657386043069	0.00100200806055324	0.0183379608377637	0.00138673466705224	0.015234364730934	0.000362987783792747	0.000925669404073148	0.0169775149795655	0.00474512999815978	0.00206923258922523	0.00153334533181532	0.000240643711818033	0.000237610387719486	0.000090999722956399	0.0000293221329526175	0.0000485331855767461	0.0000379165512318329	0.0000192110526241287	0.000159249515173698	0.00079725868390134	0.0000399387672975307	0.0000232554847555242	0.000432248684042895	0.000102627465334161	0.0000652164681187526	0.000157732853124425	0.00048179297765249	0.000271988060836348	0.000558131634132581	0.000638009168727642	0.000147116218779512	0.000917580539810357
"EM27"	"E"	0.0170417203396514	0.0176751795222312	0.0148637936368949	0.0148289104097616	0.000921624971941752	0.00235992614866928	0.00560760515017988	0.00559092186763787	0.000180482783863525	0.000187054986077042	0.120674732612481	0.0201887940918935	0.000287660235345506	0.0000672386841844504	0.000207782700750444	0	0.0000136499584434599	0.000000505554016424439	0.0000298276869690419	0.0000131444044270354	0.000000505554016424439	0.0000247721468047975	0.00000151666204927332	0.00000404443213139551	0	0.00000303332409854663	0.0000187054986077042	0.000000505554016424439	0.0000283110249197686	0.0000313443490183152	0.0000212332686898264	0.000664297977581713	0.000417587617566587	0	0.000016177728525582
"EM30"	"E"	0.00497161819751793	0.000206771592717596	0.00176994461150196	0.00602468721373004	0.0015535674924723	0.00670061293368951	0.000897863933169803	0.0925543015569042	0.000651659127171102	0.00282756361386189	0.00496757376538654	0.00154952306034091	0.0000758331024636658	0.0123051847597708	0.000392309916745365	0.00000808886426279102	0.0000237610387719486	0.00000859441827921546	0.0000171888365584309	0.000728503337667616	0.000269460290754226	0.0000485331855767461	0.00951199881902582	0.00000960552631206434	0.00000758331024636658	0.0000272999168869197	0.00166782270018422	0.00211271023463773	0.0000454998614781995	0.000104649681399859	0.0095756986250953	0.000330632326741583	0.00123456290810848	0.0000505554016424439	0.000236093725670213
"EM32"	"E"	0.00173000584420443	0.00119715191089307	0.0000262888088540708	0.00245598141178992	0.00200603833717217	0.0019549773815133	0.00179673897437246	0.00508132341908204	0.000165821717387216	0.000170371703535036	0.0198455229147413	0.00354494476316817	0.000311421274117454	0.000202221606569776	0.000163293947305094	0	0.00000505554016424439	0	0.00000202221606569776	0.0000707775622994214	0.0000283110249197686	0.00000404443213139551	0.0000192110526241287	0.00000202221606569776	0.0000470165235274728	0.00000960552631206434	0.0000510609556588683	0.0000454998614781995	0.0000232554847555242	0.0000106166343449132	0.000143577340664541	0.000285638019279808	0.000451459736667024	0	0.0000515665096752928
"EM33"	"E"	0.0200012335518001	0.00469002461036952	0.00294030215952454	0.0259379543666723	0.00371632757473605	0.00464654696495702	0.00135387365598465	0.00168096710461126	0.00421985937509479	0.0000859441827921546	0.0192823357404445	0.0044620197489621	0.000194638296323409	0.00428103141108215	0.000115771869761197	0.00169562817108757	0.000165821717387216	0.0000202221606569776	0.000112232991646225	0.0000965608171370678	0.000036905443198984	0.000174921689682856	0.000895841717104106	0.000687553462337237	0.0000545998337738394	0.000239632603785184	0.0000985830332027656	0.00000556109418066883	0.000507070678473712	0.000378659958301905	0.000884213974726344	0.000547009445771243	0.000758836578653083	0.000805853102180556	0.000325071232560914
"EM34"	"E"	0.0448193857720922	0.0218647056563406	0.0000146610664763087	0.00399589894581876	0.00168298932067696	0.00163091725698524	0.0061975866873472	0.00621325886185635	0.000218399335095358	0.000128410720171807	0.0413689796099954	0.00452066401486733	0.00013093849025393	0.00683003476189417	0.0000444887534453506	0.000000505554016424439	0.00000556109418066883	0.00000151666204927332	0.00000353887811497107	0.00000151666204927332	0	0.00000303332409854663	0	0.0000116277423777621	0.0000121332963941865	0.000000505554016424439	0.00000202221606569776	0.00000202221606569776	0.00000808886426279102	0.000012638850410611	0.0000131444044270354	0.000117794085826894	0.000296760207641146	0	0.00000707775622994214
"G01"	"C"	0.000033366565084013	0.00000252777008212219	0.000012638850410611	0.0000839219667264569	0.00000606664819709327	0.0000313443490183152	0.00000252777008212219	0.0000227499307390997	0.00000505554016424439	0.00000101110803284888	0.0000242665927883731	0.0000181999445912798	0.00000151666204927332	0.00000151666204927332	0.0000611720359873571	0.00264050862778484	0.0000818997506607591	0.0000116277423777621	0.00606765930512612	0.000638009168727642	0.0000601609279545082	0.000336193420922252	0.00377851071875626	0.00628757530227075	0.00688615125771728	0.0142808898559575	0.0000272999168869197	0.00107278562285266	0.000315971260265274	0.000886741744808466	0.00201210498536927	0.0032456567854449	0.00156671189689934	0.00253333117630286	0.00422289269919334
"G02"	"Y"	0.00109351333752606	0.000645086924957584	0.0126504781529887	0.00441550877945105	0.00300450751961044	0.000709797839059912	0.00177803347576475	0.0104826625305607	0.0000631942520530549	0.00138016246483872	0.036300295041324	0.00667179635475332	0.00443016984592736	0.00235284839243934	0.0170629536083412	0.00579971567642116	0.000325576786577339	0.0000854386287757302	0.000445898642486355	0.000362987783792747	0.000181999445912798	0.000291704667476901	0.00202626049782915	0.00012638850410611	0.0000571276038559616	0.000199693836487653	0.00484219636931328	0.00448375857166835	0.000162282839272245	0.000281088033131988	0.00200806055323787	0.000871069570299308	0.00126641281114322	0.0000879663988578524	0.000525270623064992
"G06"	"C"	0.00194233853110269	0.000701203420780697	0.00123304624605921	0.00167287824034847	0.000453987506749146	0.000233060401571666	0.000318499030347396	0.00339277300422441	0.0000192110526241287	0.00010363857336701	0.00158642850353989	0.000827591924886806	0.0000763386564800903	0.000285638019279808	0.0000611720359873571	0.000187560540093467	0.000270976952803499	0.0000176943905748554	0.000267943628704953	0.0369731874371849	0.000848319639560208	0.000160766177222972	0.0052274285298287	0.0000733053323815436	0.0000404443213139551	0.00122445182777999	0.00423755376566965	0.0035146115221827	0.0000849330747593057	0.000123355180007563	0.00233464844784806	0.000656714667335346	0.00215719898808308	0.000284626911246959	0.00032911566469231
"G09"	"C"	0.000541448351590574	0.000102627465334161	0.000115771869761197	0.00104851903006429	0.000580376010855256	0.00116732422392403	0.00183667774166999	0.0388927760375485	0.0000525776177081416	0.000127905166155383	0.0251017680235062	0.00433158681272459	0.0000743164404143925	0.0000232554847555242	0.00777895965072284	0.000487354071833159	0.000253282562228644	0.0000429720913960773	0.000154193975009454	0.00567282161829863	0.00494987937481168	0.0000611720359873571	0.00211321578865415	0.0000252777008212219	0.0000318499030347396	0.0000727997783651192	0.000294737991575448	0.0024514314256421	0.000111221883613377	0.000114760761728348	0.0197732286903927	0.000411520969369493	0.00177449459764978	0.000473704113389699	0.000617787008070664
"G11"	"E"	0.000181999445912798	0.000566220498395372	0.000062183144020206	0.000312937936166728	0.000257832548376464	0.000227499307390997	0.0000156721745091576	0.00126085171696255	0.000016177728525582	0.0000111221883613377	0.000217893781078933	0.000168855041485763	0.0000652164681187526	0.0000111221883613377	0.000157227299108	0.00330328994331728	0.00147217329582797	0.0000626886980366304	0.00476434105078391	0.000133466260336052	0.000875619556447128	0.000787147603572851	0.00471985229733856	0.00649738021908689	0.000367537769940567	0.00300248530354474	0.0000920108309892479	0.0137207360057593	0.00094184713259873	0.00466828578766327	0.0021824766889043	0.00163900612124803	0.00154699529025878	0.0000247721468047975	0.0132288319477783
"G18"	"C"	0.0000136499584434599	0.000314960152232425	0.00000353887811497107	0.0000374109972154085	0.0000116277423777621	0.000020727714673402	0.0000111221883613377	0.000054094279757415	0.00000101110803284888	0.000000505554016424439	0.0000272999168869197	0.0000601609279545082	0.000000505554016424439	0	0.00000606664819709327	0.00259500876630664	0.0178334179293721	0.0000950441550877945	0.0736784312456649	0.00247468691039763	0.0000652164681187526	0.00261017538679938	0.00554997199230749	0.00160563955616402	0.000482804085685339	0.0624611987292394	0.000020727714673402	0.00978449243387859	0.00203889934823976	0.00511216221408393	0.00942908796033221	0.0146312387893397	0.0230209076919033	0.000113749653695499	0.0332164155411349
"G19"	"C"	0.00100352472260251	0.00222393211825111	0.000870058462266459	0.0046359303306121	0.000334171204856554	0.000462076371011937	0.000470670789291153	0.00657371887556698	0.000618292562087089	0.000229521523456695	0.0048219742086563	0.00175022800486141	0.0000682497922172993	0.0000485331855767461	0.0000424665373796529	0.000639525830776915	0.000156216191075152	0.0000262888088540708	0.0000874608448414279	0.000948419334812247	0.000429215359944349	0.000107683005498405	0.00280026369697497	0.0000328610110675885	0.0000146610664763087	0.0000879663988578524	0.000470670789291153	0.00116378534580906	0.000054094279757415	0.000527798393147114	0.00772739314104755	0.000681486814140144	0.0011976574649095	0.000776025415211514	0.000753275484472414
"G20"	"C"	0.00131090156458857	0.00184426105191635	0.000468648573225455	0.00125276285269976	0.00168652819879193	0.000295243545591872	0.000122344071974714	0.00819503060624015	0.000012638850410611	0.0000566220498395372	0.0019610440297104	0.000795236467835642	0.000268954736737801	0.0000687553462337237	0.000624864764300606	0.00111424105219946	0.000262382534524284	0.0000409498753303795	0.000183010553945647	0.00052274285298287	0.000226993753374573	0.000496959598145223	0.00194486630118482	0.00022092710517748	0.0000894830609071257	0.000226993753374573	0.000328610110675885	0.000744175512176774	0.000239632603785184	0.00134477368368901	0.0000980774791863411	0.00181443336494731	0.00179370565027391	0.0000252777008212219	0.00237054278301419
"G21"	"C"	0.0000682497922172993	0.000756814362587385	0.00000657220221351771	0.000118299639843319	0.000128410720171807	0.000524259515032143	0.00000808886426279102	0.000650648019138253	0.00000202221606569776	0.00000606664819709327	0.00014458844869739	0.0000707775622994214	0.0000116277423777621	0.0000227499307390997	0.0000187054986077042	0.00765206559260031	0.00109957998572315	0.000172393919600734	0.0454857059657396	0.0000394332132811062	0.000775519861195089	0.0028877245418164	0.00760606017710568	0.00279874703492569	0.000672386841844504	0.0415191291528735	0.000263393642557133	0.0109533333198519	0.000795236467835642	0.00784973721302226	0.000763386564800903	0.0148622769748457	0.00317841810126045	0.000956002645058614	0.0442976540271422
"G22"	"L"	0.0000192110526241287	0.000697664542665726	0.0000090999722956399	0.0000404443213139551	0.0000667331301680259	0.000122849625991139	0.00000505554016424439	0.000162788393288669	0.00000202221606569776	0.00000101110803284888	0.0000525776177081416	0.0000662275761516015	0.00000657220221351771	0.0000090999722956399	0.0000131444044270354	0.00991340870806682	0.000663286869548864	0.0000515665096752928	0.000600598171512233	0.0000793719805786369	0.00000960552631206434	0.000395343240843911	0.00365212221465015	0.000547009445771243	0.000586442659052349	0.000788664265622125	0.000134477368368901	0.00520164527499105	0.0279060761526126	0.00303989630076015	0.000631436966514124	0.000877641772512826	0.000746197728242472	0.00000657220221351771	0.0185447324304813
"G26"	"C"	0.00270117510975578	0.000780575401359334	0.00134780700778755	0.0026602252344254	0.000721931135454099	0.000277549155017017	0.000490387395931706	0.00548424997017231	0.0000171888365584309	0.000159249515173698	0.00210613803242421	0.00123607957015775	0.00010818855951483	0.000384221052482574	0.0000995941412356145	0.000118805193859743	0.000320521246413094	0.000036905443198984	0.000473704113389699	0.0189673755882121	0.000559648296181854	0.000237610387719486	0.00337204528955101	0.0000874608448414279	0.0000551053877902638	0.00196660512389107	0.00411116526156354	0.00210259915430924	0.000136499584434599	0.000190088310175589	0.00122697959786211	0.000918086093826781	0.00159401181378626	0.000120827409925441	0.000449943074617751
"G27"	"L"	0.0011728853181047	0.00401965998459071	0.00053184282527851	0.00195093294938191	0.00835225790534815	0.00127753499950456	0.000293726883542599	0.00440236437502401	0.0000197166066405531	0.000688059016353661	0.00156923966698146	0.000931230498253816	0.0000889775068907012	0.00047724299150467	0.0000647109141023282	0.000570264930526767	0.0000722942243486948	0.0000176943905748554	0.000100099695252039	0.000492409611997403	0.000341754515102921	0.000271988060836348	0.00392057139737152	0.000244182589933004	0.0000626886980366304	0.000136499584434599	0.000241654819850882	0.00178258346191257	0.000137005138451023	0.000860452935954395	0.000366021107891294	0.000759847686685932	0.00104649681399859	0.0000171888365584309	0.00378204959687123
"G28"	"C"	0.000378659958301905	0.00113345210482359	0.00014003846254957	0.000554087202001185	0.000260360318458586	0.000174416135666431	0.000070272008282997	0.000442359764371384	0.00000252777008212219	0.0000343776731168618	0.000280076925099139	0.000183516107962071	0.00000657220221351771	0.00000454998614781995	0.000209804916816142	0.0101287747190636	0.000362482229776323	0.000145094002713814	0.00105559678629423	0.158264190395687	0.000439831994289262	0.00128562386376735	0.00553935535796258	0.000433259792075744	0.000406465429205249	0.0709595617453342	0.00273251945877409	0.00264657527598194	0.000233060401571666	0.00473805224192984	0.00320875134224591	0.0121368352723015	0.0027699304559895	0.0273029502110182	0.0326800227297086
"G29"	"L"	0.000126894058122534	0.000692103448485057	0.0000379165512318329	0.0000631942520530549	0.00145346779722026	0.000177955013781402	0.0000146610664763087	0.000188571648126316	0.00000202221606569776	0.0000106166343449132	0.0000803830886114858	0.000119310747876168	0.00000808886426279102	0.00000202221606569776	0.00000758331024636658	0.0000505554016424439	0.000888763960874164	0.0000262888088540708	0.000164810609354367	0.000351865595431409	0.0000470165235274728	0.000293726883542599	0.0308837893093525	0.000229015969440271	0.0000465109695110484	0.00172545585805661	0.000196154958372682	0.00000960552631206434	0.0000439831994289262	0.000768442104965147	0.00144436782492462	0.0139457075430681	0.0019114997361008	0.000148632880828785	0.00145801778336808
"G30"	"C"	0.00120574632917229	0.00270926397401857	0.00537151142450966	0.000392815470761789	0.000125377396073261	0.000265921412639255	0.000217388227062509	0.00176438351732129	0.0000202221606569776	0.00168753930682478	0.00408386534467662	0.000881686204644221	0.0000338721191004374	0.00000353887811497107	0.0000353887811497107	0.000000505554016424439	0.00000606664819709327	0.00000758331024636658	0.00000556109418066883	0.000939824916533032	0.0000733053323815436	0.0000303332409854663	0.0000844275207428813	0.0000116277423777621	0.00000202221606569776	0.00000505554016424439	0.000253282562228644	0.00000202221606569776	0.0000156721745091576	0.000057633157872386	0.000220421551161055	0.000309399058051757	0.000588970429134471	0.000000505554016424439	0.000685531246271539
"G31"	"L"	0.00133668481942622	0.00411419858566208	0.00116479645384191	0.00152121203542114	0.0119118637349926	0.00234930951432437	0.000209804916816142	0.00823547492755411	0.0000156721745091576	0.000281593587148412	0.00422794823935758	0.000945386010713701	0.0000935274930385212	0.000020727714673402	0.000581387118888105	0.00598272623036681	0.000631942520530549	0.0000444887534453506	0.000142566232631692	0.000481287423636066	0.00111322994416661	0.000245699251982277	0.0158470961988405	0.000365009999858445	0.0000409498753303795	0.0000920108309892479	0.00033821563698795	0.000041455429346804	0.000128410720171807	0.000193121634274136	0.000519709528884323	0.000855397395790151	0.00224971537308875	0.0000278054709033441	0.000579364902822407
"G32"	"C"	0.0000419609833632284	0.000129927382221081	0.00000758331024636658	0.000130432936237505	0.000616775900037815	0.000276032492967744	0.000012638850410611	0.000269460290754226	0.0000111221883613377	0.000016177728525582	0.0000601609279545082	0.0000348832271332863	0.0000141555124598843	0.0000348832271332863	0.00000303332409854663	0.000143577340664541	0.000114760761728348	0.00000101110803284888	0.0000131444044270354	0.0000101110803284888	0.0000429720913960773	0.0000353887811497107	0.000494937382079526	0.0000374109972154085	0.0000116277423777621	0.00020727714673402	0.0000136499584434599	0.0027057250959036	0.000128916274188232	0.000169866149518611	0.000740636634061803	0.00020727714673402	0.000321026800429519	0.0000121332963941865	0.00231189851710896
"G33"	"Y"	0.000721931135454099	0.000680475706107295	0.000898369487186228	0.000815964182509044	0.000082910858693608	0.000766925442915874	0.000119310747876168	0.0060610871029126	0.0000343776731168618	0.0000611720359873571	0.00408285423664377	0.00125074063663406	0.0000475220775438973	0.000319004584363821	0.000131949598286779	0.00452470844699873	0.000331643434774432	0.0000353887811497107	0.0000844275207428813	0.00603176496995998	0.00757774915218591	0.000327599002643036	0.010608039926634	0.0000247721468047975	0.0000278054709033441	0.0108643558129612	0.00157581186919498	0.00000202221606569776	0.000115771869761197	0.000400398781008156	0.000449437520601326	0.00261927535909502	0.00422845379337401	0.000049544293609595	0.00090089725726835
"G37"	"L"	0.00247064247826623	0.00165922828190501	0.00148380103820573	0.00118097418236749	0.00118249084441676	0.000376132188219783	0.0000874608448414279	0.00246154250597059	0.000492409611997403	0.000297771315673994	0.000831130803001778	0.000460054154946239	0.000358437797644927	0.000353382257480683	0.0000374109972154085	0.00226285977751579	0.000164810609354367	0.0000187054986077042	0.000113244099679074	0.000478759653553944	0.00357224468005509	0.000123860734023988	0.00168855041485763	0.000751253268406716	0.0000753275484472414	0.000134982922385325	0.00043275423805932	0.00230583186891187	0.000630425858481275	0.0029291799711632	0.0155589304094785	0.00103588017965368	0.00122091294966502	0.000272999168869197	0.000693114556517906
"G39"	"L"	0.00333109541422063	0.00188571648126316	0.000221938213210329	0.00139077909918363	0.000157732853124425	0.000515665096752928	0.000435282008141442	0.00136752361442811	0.00061273146790642	0.000113244099679074	0.00494229606456531	0.00116631311589118	0.000229521523456695	0.00177651681371548	0.0000404443213139551	0.000683509030205841	0.0000995941412356145	0.0000151666204927332	0.0000363998891825596	0.000578353794789558	0.000113749653695499	0.0000940330470549456	0.000374615526170509	0.000165821717387216	0.0000151666204927332	0.0000222443767226753	0.000371076648055538	0.00143425674459613	0.0000454998614781995	0.000164305055337943	0.00052274285298287	0.00026086587247501	0.000988863656126202	0.000700697866764272	0.000152677312960181
"G42"	"C"	0.0000581387118888105	0.0000520720636917172	0.00000606664819709327	0.0000298276869690419	0.000036905443198984	0.0000424665373796529	0.00000454998614781995	0.000285132465263384	0.00000101110803284888	0.00000404443213139551	0.0000131444044270354	0.0000308387950018908	0.00000353887811497107	0.00000151666204927332	0.00000404443213139551	0.00269864733967365	0.000297771315673994	0.0000156721745091576	0.000212332686898264	0.0000596553739380838	0.0000374109972154085	0.000248227022064399	0.00976528138125446	0.000171888365584309	0.0000348832271332863	0.0187454373750018	0.000118805193859743	0.0471338120592833	0.0000500498476260195	0.000323049016495216	0.00390388811482952	0.00444685312846936	0.000967124833419952	0.00161928951460748	0.00129017384991517
"G43"	"L"	0.000113244099679074	0.000194132742306985	0.0000146610664763087	0.000812930858410498	0.0000697664542665726	0.000167338379436489	0.0000662275761516015	0.000261371426491435	0.00000556109418066883	0.00000859441827921546	0.000205254930668322	0.0000945386010713701	0.0000141555124598843	0.0000904941689399746	0.00000454998614781995	0.0000121332963941865	0.0000090999722956399	0.0000146610664763087	0.0000146610664763087	0.00153637865591387	0.0000485331855767461	0.0000176943905748554	0.00181797224306228	0.00000303332409854663	0.00000758331024636658	0.0000561164958231127	0.000256315886327191	0.013896668803475	0.0000181999445912798	0.0000652164681187526	0.00155407304648873	0.000587453767085198	0.00314404042814359	0.000940330470549456	0.00122495738179642
"G46"	"C"	0.000774003199145816	0.012391128942563	0.0000171888365584309	0.00196609956987464	0.0000889775068907012	0.00280582479115564	0.000233060401571666	0.018774253953938	0.0000111221883613377	0.0000343776731168618	0.000711314501109186	0.000451965290683448	0.0000293221329526175	0.0000131444044270354	0.0000419609833632284	0.00111575771424874	0.0000940330470549456	0.0000242665927883731	0.000111727437629801	0.000155205083042303	0.000538920581508452	0.000299287977723268	0.00212433797701549	0.0000313443490183152	0.0000308387950018908	0.000168855041485763	0.000158238407140849	0.0144477226813776	0.000180988337879949	0.000168349487469338	0.00404190436131339	0.00118855749261386	0.0013735902626252	0.00276487491582526	0.000567737160444645
"G47"	"Y"	0.000252777008212219	0.00133516815737694	0.000529315055196388	0.00267235853081958	0.00343523954160406	0.000406970983221673	0.000265921412639255	0.0112581823917558	0.0000111221883613377	0.000376132188219783	0.00308893504035332	0.000672386841844504	0.0000348832271332863	0.000529315055196388	0.0000318499030347396	0.0000111221883613377	0.00000404443213139551	0	0.00000505554016424439	0.00297872426477279	0.000762375456768054	0.0000551053877902638	0.00011273854566265	0.00000960552631206434	0.00000101110803284888	0.00000404443213139551	0.00170927812953103	0.00000707775622994214	0.00000758331024636658	0.0000682497922172993	0.000253788116245068	0.000128916274188232	0.00156620634288291	0.0000166832825420065	0.000146610664763087
"H02"	"C"	0.00000657220221351771	0.000207782700750444	0.00000252777008212219	0.000062183144020206	0.00000657220221351771	0.000054094279757415	0.00000404443213139551	0.000259854764442162	0.00000151666204927332	0.000000505554016424439	0.00000505554016424439	0.0000187054986077042	0	0.000000505554016424439	0	0.0101019803561931	0.000135994030418174	0.0175720465028806	0.00145195113517099	0.0785964607174418	0.000257832548376464	0.000452976398716297	0.0164148333592851	0.0312164438521598	0.000455504168798419	0.000248227022064399	0.0003599544596942	0.00411622080172778	0.000685531246271539	0.00311219052510885	0.000496959598145223	0.00136449029032956	0.00430327578780482	0.00316830702093196	0.0044787030315041
"H03"	"L"	0.000768947658981572	0.00052274285298287	0.000595037077331565	0.0000677442382008748	0.0000687553462337237	0.000125377396073261	0.0000525776177081416	0.00505301239416227	0.00000303332409854663	0.0000551053877902638	0.000693114556517906	0.000189582756159165	0.0000151666204927332	0.00130180159229293	0.0000136499584434599	0.0000136499584434599	0.0000374109972154085	0.000074821994430817	0.0000409498753303795	0.000696653434632877	0.0000318499030347396	0.0000586442659052349	0.000748725498324594	0.0000323554570511641	0.0000237610387719486	0.0000328610110675885	0.0010798633790826	0.000212332686898264	0.000033366565084013	0.00027451583091847	0.000148127326812361	0.00017542724369928	0.000325576786577339	0.000645086924957584	0.000262382534524284
"H04"	"C"	0.0000141555124598843	0.000445898642486355	0.00000454998614781995	0.0000353887811497107	0.0000181999445912798	0.0000945386010713701	0.00000808886426279102	0.000106671897465557	0.00000151666204927332	0.00000353887811497107	0.000036905443198984	0.0000353887811497107	0.00000353887811497107	0.000000505554016424439	0.00000859441827921546	0.000138016246483872	0.00153385088583175	0.0000803830886114858	0.00215264900193526	0.000251765900179371	0.00473956890397911	0.00180078340650385	0.00936993814041055	0.000657725775368195	0.000594025969298716	0.0601053170127015	0.00153031200771678	0.00550750545492784	0.000476737437488246	0.00747967167299957	0.0457940939157585	0.009979130730202	0.00268145850311522	0.00115822425162839	0.0380737785309409
"H05"	"L"	0.000357932243628503	0.0015950229218191	0.000115266315744772	0.000412026523385918	0.00149441767255064	0.000468648573225455	0.0000470165235274728	0.00282958582992758	0.0000237610387719486	0.0000485331855767461	0.000254293670261493	0.000496454044128799	0.0000520720636917172	0.00048179297765249	0.000618798116103513	0.000605653711676478	0.00189886088569019	0.0000712831163158459	0.00133415704934409	0.00144234560885892	0.000950441550877945	0.001783089015929	0.00708432843215566	0.000445393088469931	0.00032001569239667	0.00222544878030038	0.00121686851753362	0.00247519246441405	0.000466626357159757	0.00457475829462475	0.00266881965270461	0.00273251945877409	0.00220825994374195	0.000663286869548864	0.0136625972938705
"H06"	"C"	0.0000460054154946239	0.0000465109695110484	0.0000141555124598843	0.0000500498476260195	0.000327599002643036	0.0000884719528742768	0.000012638850410611	0.0005854315510195	0.00000101110803284888	0.0000116277423777621	0.0000116277423777621	0.0000743164404143925	0.00000556109418066883	0.0000181999445912798	0.00000606664819709327	0.00000202221606569776	0.0000758331024636658	0.0000111221883613377	0.000106166343449132	0.000000505554016424439	0.0000232554847555242	0.000191099418208438	0.0000874608448414279	0.000128410720171807	0.0000935274930385212	0.0000879663988578524	0.000249238130097248	0.00262635311532496	0.000256821440343615	0.00097268592760062	0.000385232160515422	0.000556614972083307	0.000660253545450317	0.00000657220221351771	0.00496706821137011
"H07"	"C"	0.00775974859809871	0.0104078405361299	0.0014003846254957	0.010868905799109	0.00102829686940731	0.000881180650627797	0.000944374902680852	0.0103668906607995	0.00307073509576204	0.00014003846254957	0.00649586355703761	0.0022052266196434	0.000524765069048568	0.00285638019279808	0.0000545998337738394	0.00464503030290774	0.0000197166066405531	0.0000136499584434599	0.0000419609833632284	0.000444381980437082	0.000359448905677776	0.000210816024848991	0.00223808763071099	0.00000505554016424439	0.0000252777008212219	0.0000232554847555242	0.00132252930696633	0.00093274716030309	0.000057633157872386	0.000447415304535628	0.0103825628353087	0.000353382257480683	0.000974202589649894	0.00766268222694522	0.000236093725670213
"I01"	"C"	0.000861464043987244	0.0000328610110675885	0.0000571276038559616	0.00315010707634068	0.00079725868390134	0.0012866349718002	0.000472187451340426	0.134628529019812	0.0000111221883613377	0.00103284685555513	0.00597665958216972	0.00180988337879949	0.0000667331301680259	0.0000166832825420065	0.000128410720171807	0.0000935274930385212	0.0000348832271332863	0.00000859441827921546	0.0000591498199216593	0.0167242324173369	0.00017542724369928	0.0000773497645129392	0.00755398811341397	0.0000298276869690419	0.0000146610664763087	0.0000586442659052349	0.00330834548348153	0.00228914858636986	0.0000318499030347396	0.0000803830886114858	0.0650011021077558	0.000197166066405531	0.00237408166112916	0.000434270900108593	0.000919602755876054
"I02"	"L"	0.000163293947305094	0.0001799772298471	0.0000353887811497107	0.0003827043904333	0.000115771869761197	0.000238621495752335	0.0000262888088540708	0.0013528625479518	0.0000591498199216593	0.000214354902963962	0.0000813941966443347	0.000146105110746663	0.000149138434845209	0.0000915052769728234	0.0000267943628704953	0.000141049570582418	0.000434270900108593	0.0000606664819709327	0.00165417274174076	0.000155205083042303	0.000375121080186934	0.150986740329257	0.00951098771099297	0.000100605249268463	0.000111727437629801	0.00287710790747148	0.000123860734023988	0.00435787562157866	0.000213343794931113	0.00112890211867577	0.000439326440272837	0.0017087725755146	0.000945386010713701	0.0000202221606569776	0.00162990614895239
"I03"	"C"	0.00000303332409854663	0.00000101110803284888	0.000000505554016424439	0.000000505554016424439	0.00000606664819709327	0.00000859441827921546	0.000000505554016424439	0.0000131444044270354	0	0	0	0.00000505554016424439	0.00000202221606569776	0.00000101110803284888	0.000000505554016424439	0.00119411858679452	0.000107683005498405	0.0000156721745091576	0.0137824135957631	0.000629414750448426	0.0000874608448414279	0.000526281731097841	0.00256063109318978	0.0000247721468047975	0.0000262888088540708	0.0185593934969576	0.000248227022064399	0.00253788116245068	0.0000551053877902638	0.000212332686898264	0.00586240437445779	0.00393674912589711	0.000646098032990433	0.00129674605212869	0.00113749653695499
"I04"	"L"	0.0000697664542665726	0.000196154958372682	0.0000171888365584309	0.000105660789432708	0.000803325332098433	0.000551053877902638	0.00000707775622994214	0.000168855041485763	0.00000657220221351771	0.00000353887811497107	0.0000409498753303795	0.0000940330470549456	0.00000657220221351771	0.000012638850410611	0.0000101110803284888	0.00140493461164352	0.000510609556588683	0.000230532631489544	0.00171433366969527	0.00210563247840779	0.00105660789432708	0.00320268469404882	0.00844881872248522	0.000931230498253816	0.000438820886256413	0.0149123268224717	0.00325121787962557	0.00398882118958882	0.001257818392864	0.00671577955418225	0.00257377549761682	0.00562529954075473	0.00177853902978118	0.00449134188191472	0.0376971407887047
"I05"	"C"	0.000813941966443347	0.00156064524870224	0.00174365580264789	0.00321330132839373	0.00395343240843911	0.00138319578893726	0.00039180436272894	0.000983302561945534	0.0000743164404143925	0.00017087725755146	0.00198531062249877	0.00133112372524555	0.0000899886149235501	0.000342260069119345	0.0000545998337738394	0.000850847409642331	0.000140544016565994	0.00010363857336701	0.000658736883401044	0.0100114861872532	0.00125579617679831	0.000769453212997996	0.00406819317016746	0.000295749099608297	0.000245193697965853	0.0082931080854265	0.00529466721401315	0.0042759758709179	0.000606664819709327	0.00327144004028254	0.00120827409925441	0.00280228591304066	0.0011521576034313	0.00208086033160299	0.0246806415278247
"I06"	"L"	0.00129522939007941	0.00219713775538061	0.00490336840530063	0.00861261822380674	0.000470165235274728	0.000621325886185635	0.000724964459552645	0.00289935228419416	0.000305860179936785	0.000178460567797827	0.0126808113939742	0.00256770884941973	0.0000743164404143925	0.00415818178509101	0.0000960552631206434	0.00165568940379004	0.0000202221606569776	0.00000960552631206434	0.0000136499584434599	0.002254770913253	0.0016010895700162	0.0000556109418066883	0.0135240754933702	0.0000894830609071257	0.00000758331024636658	0.0000131444044270354	0.00239834825391754	0.00000353887811497107	0.000304849071903937	0.000108694113531254	0.00395899350261978	0.000203738268619049	0.00679414042672803	0.000535887257409905	0.000321532354445943
"I07"	"C"	0.00082000861464044	0.00123254069204278	0.00144537893295747	0.00478001322529307	0.000286649127312657	0.00125023508261764	0.000575826024707436	0.00185437213224484	0.000195143850339833	0.0000176943905748554	0.00952918765558425	0.00201564386348424	0.0000556109418066883	0.00700394534354418	0.0000551053877902638	0.00173708360043437	0.000232049293538817	0.000151666204927332	0.000648625803072555	0.000150149542878058	0.0000561164958231127	0.025006218314402	0.00113345210482359	0.000131444044270354	0.0000465109695110484	0.000118805193859743	0.000214860456980387	0.000249743684113673	0.000133466260336052	0.000742658850127501	0.00589020984536114	0.000730525553733314	0.00110564663392025	0.000265921412639255	0.00203030492996055
"I09"	"Y"	0.000547514999787667	0.00117743530425252	0.000348832271332863	0.000352371149447834	0.0000940330470549456	0.000285638019279808	0.0000323554570511641	0.00101262469489815	0.0000343776731168618	0.0000485331855767461	0.000258843656409313	0.00017087725755146	0.0000353887811497107	0.00000960552631206434	0.0000212332686898264	0.0201513830946781	0.00120877965327083	0.000122849625991139	0.000160260623206547	0.00088269731267707	0.000356921135595654	0.00105761900235993	0.0326759782975772	0.000393321024778213	0.0000293221329526175	0.00498172927784642	0.00109907443170673	0.00210512692439136	0.000156216191075152	0.00239278715973687	0.033429759336066	0.00180078340650385	0.00610709251840722	0.0030388851927273	0.00422693713132473
"I12"	"C"	0.000744681066193198	0.0000824053046771835	0.0000121332963941865	0.00186296655052406	0.000358437797644927	0.000322037908462368	0.000868036246200762	0.0013943179772986	0.0000272999168869197	0.0000606664819709327	0.00870766237889454	0.00133668481942622	0.0000444887534453506	0.00000758331024636658	0.0000151666204927332	0.000341248961086496	0.0000262888088540708	0.00000707775622994214	0.0000657220221351771	0.0152186925564249	0.000499487368227346	0.000104649681399859	0.000316476814281699	0.0000101110803284888	0.00000859441827921546	0.0000202221606569776	0.000850341855625906	0.00353635034488895	0.0000465109695110484	0.0000146610664763087	0.000360965567727049	0.000526787285114265	0.0013548847640175	0.00356617803185799	0.000551053877902638
"I13"	"C"	0.0000500498476260195	0.0000187054986077042	0.0000232554847555242	0.0000262888088540708	0.0000318499030347396	0.0000444887534453506	0.0000116277423777621	0.00022092710517748	0.0000111221883613377	0.000016177728525582	0.0000166832825420065	0.0000475220775438973	0.00000252777008212219	0.00000202221606569776	0.00000859441827921546	0.000105155235416283	0.000707775622994214	0.0000353887811497107	0.123093303027055	0.00139785685541357	0.0107339228767237	0.00329772884913661	0.00312432382150303	0.000848825193576633	0.000133466260336052	0.000413037631418767	0.000525776177081416	0.00862677373626662	0.00136095141221459	0.000653175789220375	0.000657725775368195	0.00156873411296503	0.00238621495752335	0.0017315225062537	0.000966619279403527
"I14"	"L"	0.000434776454125017	0.00000101110803284888	0.00000202221606569776	0.0000712831163158459	0.000127399612138959	0.000524765069048568	0.0000535887257409905	0.000352876703464258	0.000012638850410611	0.00000859441827921546	0.0000106166343449132	0.0000363998891825596	0.000054094279757415	0.00000303332409854663	0.0000090999722956399	0.0000136499584434599	0.00000252777008212219	0.00000353887811497107	0.00000252777008212219	0.0234794451848002	0.000652670235203951	0.00000202221606569776	0.00000454998614781995	0.000000505554016424439	0.00000101110803284888	0.0000146610664763087	0.000655703559302497	0.00000202221606569776	0.00000101110803284888	0.00000202221606569776	0.000236599279686637	0.0000480276315603217	0.00561771623050837	0.0000116277423777621	0.00013548847640175
"I15"	"C"	0.000614753683972118	0.000124871842056836	0.0000202221606569776	0.000936791592434485	0.000434270900108593	0.000403937659123127	0.00125074063663406	0.00223657096866172	0.0000566220498395372	0.0000682497922172993	0.0277796876485065	0.00431439797616616	0.000943869348664427	0.000057633157872386	0.000104144127383434	0.00000252777008212219	0.0000505554016424439	0.00000454998614781995	0.0000500498476260195	0.00244587033146144	0.00201614941750066	0.0000212332686898264	0.000678959044058021	0.00000454998614781995	0.0000156721745091576	0.0000222443767226753	0.000377143296252631	0.00000353887811497107	0.0000293221329526175	0.0000520720636917172	0.000602620387577931	0.000855902949806575	0.00101313024891458	0.00000252777008212219	0.000304343517887512
"K01"	"C"	0.0198975949784331	0.0413437019091742	0.00664955197803064	0.0184279494526872	0.00174517246469716	0.00145346779722026	0.00209501584406287	0.0235294950324262	0.000253788116245068	0.000247721468047975	0.0103876183754729	0.0043730422420714	0.0137010193991187	0.0115696036658733	0.000115266315744772	0	0.0000318499030347396	0.000122344071974714	0.000028816578936193	0.000173910581650007	0.0000116277423777621	0.000244688143949428	0.0000141555124598843	0.00000556109418066883	0.0000136499584434599	0.0000601609279545082	0.0000090999722956399	0.0000480276315603217	0.0000844275207428813	0.000439326440272837	0.00016632727140364	0.000556614972083307	0.000524259515032143	0	0.0000834164127100324
"K03"	"C"	0.00813486967828565	0.0263666641726002	0.00181746668904586	0.0216382174569824	0.000825569708821109	0.000799786453983462	0.00102475799129234	0.0184886159346582	0.0000636998060694793	0.000146610664763087	0.00887398965029818	0.00325880118987193	0.00357578355817006	0.00821727498296283	0.0000778553185293636	0	0.0000515665096752928	0.0000389276592646818	0.0000176943905748554	0.00109553555359176	0.0000353887811497107	0.000129421828204656	0.0000439831994289262	0.00000303332409854663	0.00000505554016424439	0.0000358943351661352	0.0000485331855767461	0.000564198282329674	0.0000586442659052349	0.000226993753374573	0.000166832825420065	0.000361471121743474	0.000488365179866008	0.00000101110803284888	0.000086449736808579
"K07"	"C"	0.000430732021993622	0.000416070955517313	0.00836034676961095	0.0123400679869041	0.000129421828204656	0.000278054709033441	0.000186549432060618	0.000356921135595654	0.0000197166066405531	0.0000166832825420065	0.000541953905606999	0.000658231329384619	0.0000181999445912798	0.000383715498466149	0.0000298276869690419	0.00293929105149169	0.0000793719805786369	0.0000692609002501481	0.000215366010996811	0.173644154683351	0.000469659681258304	0.000171888365584309	0.00877945104922681	0.000676936827992324	0.000356921135595654	0.000287154681329081	0.015746490949572	0.00188217760314819	0.0015287953456675	0.00414655404271325	0.00900593924858495	0.00102728576137446	0.00229976522071477	0.00212787685513046	0.0228186860853335
"K09"	"C"	0.000273504722885621	0.0000591498199216593	0.00257428105163324	0.00509345671547622	0.0000945386010713701	0.000384221052482574	0.000138016246483872	0.000365009999858445	0.0000181999445912798	0.0000101110803284888	0.000336193420922252	0.000390287700679667	0.0000111221883613377	0.000195649404356258	0.0000353887811497107	0.00163496168911664	0.000103133019350586	0.0000859441827921546	0.000221432659193904	0.221629319706293	0.000464604141094059	0.00016177728525582	0.00514097879302012	0.00178359456994542	0.000487354071833159	0.000298276869690419	0.0145412501744161	0.00194385519315197	0.00140240684156139	0.00538920581508452	0.00716926150691497	0.00105256346219568	0.00227044308776216	0.0019590218136447	0.0278878762080213
"K10"	"C"	0.012651994815038	0.0410798027126006	0.00176590017937056	0.0179759841620038	0.00118602972253173	0.00109149112146036	0.00276184159172671	0.0189496811976372	0.000131949598286779	0.000153182866976605	0.0160007846198335	0.00476990214496458	0.00849937412412767	0.0144082894680965	0.0000935274930385212	0.00000151666204927332	0.000185032770011345	0.000122849625991139	0.0000505554016424439	0.000521226190933596	0.0000682497922172993	0.000225982645341724	0.0000995941412356145	0.000016177728525582	0.0000101110803284888	0.000128916274188232	0.000266426966655679	0.0019549773815133	0.0000591498199216593	0.000272999168869197	0.00033366565084013	0.000513137326670806	0.000573803808641738	0.00000202221606569776	0.000123355180007563
"K14"	"C"	0.0195179239120983	0.00370166650825974	0.0019590218136447	0.0394433243614347	0.0012618628249954	0.00345900058037601	0.00152828979165108	0.0501125363240561	0.000147116218779512	0.000550042769869789	0.0231857183012576	0.0155078694538197	0.000238621495752335	0.000232554847555242	0.000822536384722562	0.0000293221329526175	0.000289682451411203	0.0000121332963941865	0.0000394332132811062	0.0000176943905748554	0.00000404443213139551	0.00011273854566265	0.0000480276315603217	0.0000818997506607591	0.000033366565084013	0.0000803830886114858	0.000263393642557133	0.0000202221606569776	0.000326082340593763	0.000192616080257711	0.000376637742236207	0.000992402534241174	0.000537403919459178	0.0000197166066405531	0.000285638019279808
"K15"	"L"	0.0185487768626127	0.0039160214112237	0.00188723314331243	0.0393851856495459	0.00122394627376357	0.00321835686855798	0.00132505707704845	0.0491843391499008	0.000145094002713814	0.000536898365442754	0.0199906169174552	0.0145382168503176	0.000245193697965853	0.000209804916816142	0.00086904735423361	0.0000338721191004374	0.000315971260265274	0.000016177728525582	0.0000444887534453506	0.0000267943628704953	0.00000303332409854663	0.00014003846254957	0.0000556109418066883	0.0000778553185293636	0.0000252777008212219	0.0000884719528742768	0.000351360041414985	0.0000187054986077042	0.000325071232560914	0.000171382811567885	0.0003599544596942	0.00103739684170295	0.000527798393147114	0.0000257832548376464	0.000298782423706843
"K16"	"E"	0.0393487857603634	0.00157985630132637	0.0326360395302797	0.0539709245774074	0.00378002738080553	0.00354747253325029	0.00154042308804527	0.0024307037109687	0.0000975719251699167	0.00708180066207354	0.0155371915867723	0.00494836271276241	0.00041000430732022	0.00459295823921603	0.000665309085614562	0.00120726299122156	0.000158743961157274	0.0000480276315603217	0.00481085202029496	0.000131949598286779	0.00233262623178236	0.00043275423805932	0.000957519307107887	0.0000960552631206434	0.000125377396073261	0.00554036646599543	0.00135994030418174	0.00000303332409854663	0.000213849348947538	0.000965102617354254	0.000478759653553944	0.0016693393622335	0.0008109086423448	0.000491398503964555	0.00395798239458693
"K17"	"C"	0.0000257832548376464	0.000266426966655679	0.00000151666204927332	0.000131444044270354	0.0000480276315603217	0.000054094279757415	0.0000171888365584309	0.000422643157730831	0.00000252777008212219	0.0000849330747593057	0.0000460054154946239	0.0000465109695110484	0.0000116277423777621	0.0000111221883613377	0.0000116277423777621	0.0156863300216175	0.000653175789220375	0.0000338721191004374	0.000972180373584196	0.000182504999929222	0.0001799772298471	0.000423148711747255	0.0439852216449919	0.000737097755946832	0.00030181574780539	0.00741293854283155	0.000495948490112375	0.0188354259899253	0.000228004861407422	0.003198134707901	0.0130185214769457	0.00255557555302554	0.00120827409925441	0.00207125480529093	0.0244521311124008
"K21"	"C"	0.00470215790676371	0.00797915904122692	0.000261876980507859	0.0158379962265448	0.00358943351661352	0.00209248807398075	0.00212585463906477	0.0157737908664589	0.00132707929311415	0.000139532908533145	0.0344641228536704	0.00675319055139766	0.000252271454195795	0.000530326163229236	0.00018907720214274	0.000856914057839424	0.0000753275484472414	0.000016177728525582	0.000109705221564103	0.00156620634288291	0.0000222443767226753	0.000289176897394779	0.00233818732596303	0.0000636998060694793	0.0000313443490183152	0.000424665373796529	0.00030636573395321	0.0000136499584434599	0.000128916274188232	0.000590992645200169	0.000621325886185635	0.000834164127100324	0.00124062955630557	0.00142667343434977	0.00178713344806039
"K22"	"C"	0.0383801442648941	0.00062638142634988	0.0027037028798379	0.0012846127557345	0.00100858026276676	0.000590487091183745	0.00206670481914311	0.0279884814572898	0.000566220498395372	0.000148127326812361	0.00747967167299957	0.00124821286655194	0.000159755069190123	0.00136095141221459	0.0000581387118888105	0.0000262888088540708	0.0000930219390220967	0.0000566220498395372	0.000100099695252039	0.000420620941665133	0.00010363857336701	0.00027906581706629	0.0106596064363093	0.0000338721191004374	0.0000262888088540708	0.000171382811567885	0.00289834117616131	0.00132101264491706	0.0000995941412356145	0.000284121357230535	0.00129270161999729	0.000868036246200762	0.00109957998572315	0.00317083479101408	0.00046814301920903
"K23"	"C"	0.0000121332963941865	0.000020727714673402	0.000000505554016424439	0.0000267943628704953	0.0000667331301680259	0.0000252777008212219	0.00000505554016424439	0.000082910858693608	0	0.00000202221606569776	0.00000404443213139551	0.0000247721468047975	0.00000202221606569776	0.00000808886426279102	0.00000151666204927332	0.00133971814352476	0.00196003292167755	0.0000738108863979681	0.0405373432529772	0.0314378765113537	0.000033366565084013	0.00143880673074395	0.06133987992081	0.00323706236716568	0.0235755004479209	0.000240138157801608	0.00179067232617536	0.0167575989824209	0.000493926274046677	0.00223909873874384	0.00512884549662593	0.00179016677215894	0.00242716483285373	0.0013508403318861	0.00310056278273108
"K26"	"C"	0.00000252777008212219	0.0000106166343449132	0.00000353887811497107	0.00000303332409854663	0.00000202221606569776	0.0000384221052482574	0	0.0000283110249197686	0	0	0.00000151666204927332	0.00000303332409854663	0	0.00000151666204927332	0.00000101110803284888	0.0000227499307390997	0.0000460054154946239	0.0000111221883613377	0.0003599544596942	0.00257883103778106	0.000882191758660646	0.000244688143949428	0.00407021538623316	0.0000141555124598843	0.0000131444044270354	0.0000601609279545082	0.0000889775068907012	0.00413189297623694	0.000116277423777621	0.0000925163850056723	0.000350348933382136	0.000384221052482574	0.000870058462266459	0.00358791685456424	0.000557626080116156
"K27"	"L"	0.0113592931950407	0.00551154988705923	0.00965810392977248	0.00264050862778484	0.00100807470875033	0.00108087448711545	0.00529719498409527	0.0120503855354929	0.00123810178622345	0.00011728853181047	0.146937252657697	0.026715496443933	0.0002027271605862	0.00970006491313571	0.00328458444470958	0.000702214528813546	0.00011273854566265	0.0000343776731168618	0.0000449943074617751	0.000229015969440271	0.000235588171653789	0.000100605249268463	0.00173657804641795	0.0000237610387719486	0.0000293221329526175	0.000961563739239283	0.00052729283913069	0.0000313443490183152	0.0000667331301680259	0.000128410720171807	0.000876630664479977	0.00111676882228159	0.000821525276689713	0.000664297977581713	0.000238115941735911
"K31"	"C"	0.00000404443213139551	0.00000151666204927332	0.00000960552631206434	0.00000353887811497107	0.00000657220221351771	0.0000192110526241287	0	0.00000859441827921546	0.00000101110803284888	0.00000151666204927332	0.00000657220221351771	0.00000707775622994214	0.00000556109418066883	0.00000202221606569776	0.00000101110803284888	0.0012805683236031	0.000078360872545788	0.0000697664542665726	0.000816975290541893	0.000692609002501481	0.000262382534524284	0.0000722942243486948	0.00841949658953261	0.000213343794931113	0.00364453890440378	0.000212838240914689	0.0246230083699523	0.0327477669679095	0.00064913135708898	0.000467131911176182	0.00780069847342909	0.000794225359802794	0.00117996307433464	0.00172040031789237	0.00257731437573179
"K32"	"C"	0.0000257832548376464	0.0000692609002501481	0.000078360872545788	0.00010363857336701	0.000036905443198984	0.0000298276869690419	0.00000657220221351771	0.00244233145334646	0	0.0000121332963941865	0.0000358943351661352	0.0000500498476260195	0.00000353887811497107	0.00000404443213139551	0.00000505554016424439	0.00544380564885836	0.00161069509632826	0.0000611720359873571	0.000709797839059912	0.0000844275207428813	0.000028816578936193	0.000805853102180556	0.0106156232368804	0.000221938213210329	0.000263393642557133	0.0456242277662399	0.000317993476330972	0.00170068371125181	0.000162282839272245	0.00197469398815386	0.0103259407854692	0.00743316070348852	0.000915052769728234	0.00508031231104919	0.0114664706465227
"K34"	"C"	0.000348832271332863	0.000235588171653789	0.0000444887534453506	0.0000727997783651192	0.0000697664542665726	0.0000591498199216593	0.0000278054709033441	0.00154699529025878	0.00000859441827921546	0.0000869552908250035	0.000290188005427628	0.000129927382221081	0.000057633157872386	0.000571276038559616	0.00013548847640175	0.000362987783792747	0.00032911566469231	0.146916019389008	0.000580376010855256	0.0888961126940569	0.00000505554016424439	0.00316122926470202	0.00334221760258197	0.000732042215782587	0.00009908858721919	0.000146105110746663	0.000313949044199577	0.0000424665373796529	0.00138572355901939	0.000611214805857147	0.000564703836346098	0.000830625248985353	0.00212989907119616	0.0000374109972154085	0.0013528625479518
"K36"	"C"	0.000558131634132581	0.0000581387118888105	0.0000146610664763087	0.000345293393217892	0.000455504168798419	0.00132910150917985	0.000240138157801608	0.000895841717104106	0.0000136499584434599	0.0000187054986077042	0.0110321997464141	0.000767936550948723	0.0000480276315603217	0.0000389276592646818	0.0000384221052482574	0.00832698020452693	0.000057633157872386	0.0000439831994289262	0.000133971814352476	0.0457587051346088	0.101380769129658	0.000203738268619049	0.0014893621323864	0.000380176620351178	0.000494431828063101	0.000398882118958882	0.00297366872460855	0.00247923689654545	0.000190593864192013	0.00533460598131068	0.0306643788662243	0.00079725868390134	0.00192262192446214	0.000157227299108	0.0346526945017967
"K40"	"C"	0.000361471121743474	0.00070727006897779	0.000557626080116156	0.00395090463835699	0.00571427704764543	0.000436798670190715	0.000418598725599435	0.000976224805715592	0.0000262888088540708	0.0000500498476260195	0.00178258346191257	0.000761364348735205	0.000654692451269648	0.000620314778152787	0.0000338721191004374	0.000564703836346098	0.000476737437488246	0.0000647109141023282	0.000519709528884323	0.000954485983009341	0.00027906581706629	0.000491398503964555	0.012150485230745	0.000794225359802794	0.00208338810168511	0.0236841945614521	0.00257428105163324	0.00578050462379703	0.000583914888970227	0.00104649681399859	0.017228269771712	0.00205153819865037	0.00192464414052784	0.00182353333724295	0.00334221760258197
"K42"	"C"	0.000176943905748554	0.000145599556730238	0.0000217388227062509	0.000309904612068181	0.0000566220498395372	0.000496454044128799	0.0000146610664763087	0.0021182713288184	0.00000151666204927332	0.0000434776454125017	0.000126894058122534	0.000194132742306985	0.0000141555124598843	0.0000818997506607591	0.000602114833561507	0.00586796546863846	0.00198278285241665	0.000181999445912798	0.0418891946928962	0.000317487922314548	0.0000389276592646818	0.00632043631333833	0.0103896405915386	0.00186751653667188	0.000245193697965853	0.0160569011156566	0.000106166343449132	0.00544936674303903	0.00109250222949321	0.00328205667462746	0.00111676882228159	0.00455605279601704	0.00145650112131881	0.00187863872503321	0.0108087448711545
"K43"	"Y"	0.000270976952803499	0.00225022092710518	0.00114204652310281	0.00867935135397477	0.000129927382221081	0.000314454598216001	0.000120321855909016	0.00748978275332806	0.00000707775622994214	0.0000323554570511641	0.00258489768597816	0.000773497645129391	0.0000480276315603217	0.00000303332409854663	0.00192514969454426	0.00527444505335617	0.00009908858721919	0.00000758331024636658	0.0000379165512318329	0.00142465121828407	0.000386748822564696	0.000074821994430817	0.00604086494225562	0.0000257832548376464	0.0000247721468047975	0.0000338721191004374	0.00112839656465935	0.00202373272774703	0.0000298276869690419	0.000603125941594356	0.00224920981907233	0.000388771038630394	0.001625861716821	0.0000399387672975307	0.000932241606286665
"K46"	"C"	0.0332942708596643	0.0933722879554789	0.0152095925841292	0.0020292938219277	0.00123102402999351	0.00113193544277432	0.00310258499879678	0.0575694580663166	0.0000773497645129392	0.000249238130097248	0.0597317125945639	0.00969703158903716	0.000420620941665133	0.0148102049111539	0.00117389642613755	0.000000505554016424439	0.0000374109972154085	0.0000197166066405531	0.0000141555124598843	0.0000141555124598843	0.0000545998337738394	0.000138016246483872	0.000100605249268463	0.0000429720913960773	0.0000308387950018908	0.0000293221329526175	0.0000267943628704953	0.00000606664819709327	0.0000657220221351771	0.000262382534524284	0.0000545998337738394	0.000690586786435784	0.000461065262979088	0.00000151666204927332	0.000232554847555242
"M01"	"C"	0.0000212332686898264	0.000104649681399859	0.00000252777008212219	0.0000434776454125017	0.0000697664542665726	0.0000439831994289262	0.00000353887811497107	0.0000995941412356145	0.000000505554016424439	0.00000202221606569776	0.0000176943905748554	0.0000257832548376464	0.00000151666204927332	0.000000505554016424439	0.00000252777008212219	0.00557524969312871	0.000510104002572259	0.0000596553739380838	0.000413543185435191	0.0396460515220209	0.0000434776454125017	0.000178460567797827	0.00440539769912256	0.000568748268477494	0.000549537215853365	0.0001799772298471	0.000780575401359334	0.00153182866976605	0.000149643988861634	0.00561872733854121	0.00384271607884216	0.000558637188149005	0.00230532631489544	0.0000232554847555242	0.0308347505697594
"M02"	"L"	0.00678049046828457	0.0149148545925538	0.0081525640688605	0.0352982869807707	0.036995937367924	0.0128142776543103	0.00438770330854771	0.037963062201344	0.00345798947234316	0.000231038185505969	0.0845948591223178	0.0150215264900194	0.0517520479993205	0.00537606141065748	0.000311926828133879	0.00000404443213139551	0.0000171888365584309	0.00000353887811497107	0.0000156721745091576	0.0000247721468047975	0.000016177728525582	0.0000475220775438973	0.0000788664265622125	0.000016177728525582	0.0000247721468047975	0.00000606664819709327	0.0000424665373796529	0.000597059293397262	0.000160260623206547	0.000114760761728348	0.000102121911317737	0.000607170373725751	0.000464098587077635	0.00000202221606569776	0.000194132742306985
"M03"	"C"	0.000628909196432002	0.000222949321243178	0.000110210775580528	0.0018659998746226	0.000102121911317737	0.000309904612068181	0.0000404443213139551	0.00119816301892592	0.00000454998614781995	0.000936791592434485	0.000218904889111782	0.000243171481900155	0.0000323554570511641	0.000157732853124425	0.0000136499584434599	0.000357426689612078	0.00012183851795829	0.0000318499030347396	0.0000899886149235501	0.00024367703591658	0.0000343776731168618	0.000143577340664541	0.000386748822564696	0.000208793808783293	0.0000303332409854663	0.00354595587120101	0.000115771869761197	0.000148632880828785	0.0000899886149235501	0.000356921135595654	0.0000808886426279102	0.00115064094138202	0.000670364625778806	0.00000252777008212219	0.00120827409925441
"M04"	"Y"	0.0242686150044388	0.00695490660395101	0.00550902211697711	0.0203960712386276	0.00262534200729211	0.00296406319829648	0.00125225729868334	0.0194678740644723	0.00124517954245339	0.000541448351590574	0.0251659733835921	0.00570719929141549	0.000200199390504078	0.00879512322373596	0.000152677312960181	0.000888763960874164	0.000386748822564696	0.0000571276038559616	0.000243171481900155	0.000109199667547679	0.00115114649539845	0.000268449182721377	0.00300703528969256	0.00458891380708463	0.000153182866976605	0.000485331855767461	0.00011728853181047	0.000769453212997996	0.000105155235416283	0.000951452658910794	0.00296760207641146	0.000557626080116156	0.000840230775297417	0.000680475706107295	0.00180735560871737
"M07"	"C"	0.000150655096894483	0.0000712831163158459	0.0000636998060694793	0.000219410443128206	0.0000672386841844504	0.000183516107962071	0.0000439831994289262	0.00041455429346804	0.00000505554016424439	0.000492915166013828	0.000258338102392888	0.000170371703535036	0.000262888088540708	0.000355404473546381	0.0000328610110675885	0.000434776454125017	0.000125882950089685	0.0126241893441347	0.000465109695110484	0.0240577989795898	0.0015970451378848	0.000221432659193904	0.00163445613510021	0.00127854610753741	0.000306871287969634	0.00023002707747312	0.0010818855951483	0.0127318723496331	0.000297771315673994	0.00403432105106702	0.00233869287997945	0.000450448628634175	0.00224971537308875	0.0070231563961683	0.0195007350755399
"M08"	"L"	0.000249743684113673	0.00297417427862497	0.0000717886703322703	0.00100655804670106	0.000621325886185635	0.000564198282329674	0.000138521800500296	0.00135690698008319	0.0000409498753303795	0.0000480276315603217	0.0010384079497358	0.00137965691082229	0.0000192110526241287	0.0000272999168869197	0.0010591356644092	0.000747714390291745	0.000931230498253816	0.0000995941412356145	0.000111221883613377	0.000153688420993029	0.000118299639843319	0.00026086587247501	0.00236801501293207	0.0000808886426279102	0.0000338721191004374	0.0000970663711534923	0.000475726329455397	0	0.0000738108863979681	0.000392815470761789	0.026950073507554	0.00205254930668322	0.00329368441700522	0.00010363857336701	0.00134629034573828
"M11"	"C"	0.0000141555124598843	0.0000409498753303795	0.00000556109418066883	0.00000202221606569776	0.00000151666204927332	0.0000444887534453506	0.000000505554016424439	0.000028816578936193	0.000000505554016424439	0	0.00000454998614781995	0.00000353887811497107	0.00000101110803284888	0.000000505554016424439	0.00000252777008212219	0.0000803830886114858	0.000049544293609595	0.00000202221606569776	0.0000485331855767461	0.000419609833632284	0.000020727714673402	0.000129421828204656	0.0137773580555988	0.0000267943628704953	0.0000328610110675885	0.0000525776177081416	0.0061065869643908	0.00000556109418066883	0.0000510609556588683	0.0000722942243486948	0.0472354284165846	0.000381187728384027	0.00227044308776216	0.0122167128068966	0.000989369210142627
"M12"	"E"	0.000356921135595654	0.00289884673017773	0.00258186436187961	0.0347275164962276	0.000145599556730238	0.000466626357159757	0.000172393919600734	0.00187509984691824	0.00000505554016424439	0.000522237298966445	0.00193778854495487	0.000797764237917765	0.0000551053877902638	0.00000505554016424439	0.0000202221606569776	0.00163344502706736	0.0000156721745091576	0.0000460054154946239	0.000016177728525582	0.0052729283913069	0.0000500498476260195	0.000125882950089685	0.0000677442382008748	0.00000657220221351771	0.00000252777008212219	0.0000242665927883731	0.000598575955446536	0.00112131880842941	0.0000156721745091576	0.000275526938951319	0.000441348656338535	0.000163293947305094	0.00150250653681343	0.00000151666204927332	0.000852869625708028
"M14"	"L"	0.000411015415353069	0.00470013569069801	0.0000394332132811062	0.000256315886327191	0.000204243822635473	0.000466626357159757	0.000244182589933004	0.000936286038418061	0.0000202221606569776	0.0000945386010713701	0.000958530415140736	0.000420115387648709	0.0000606664819709327	0.000876125110463553	0.000177955013781402	0.0000146610664763087	0.00000960552631206434	0.00000404443213139551	0.00000556109418066883	0.0066652241525398	0.0000672386841844504	0.0000181999445912798	0.0000793719805786369	0.0000181999445912798	0.00000101110803284888	0.00000454998614781995	0.00140594571967636	0.00000657220221351771	0.000108694113531254	0.000155710637058727	0.0000889775068907012	0.00027906581706629	0.00175932797715705	0.00000252777008212219	0.000132960706319627
"M15"	"C"	0.000971674819567772	0.000808886426279102	0.000447920858552053	0.000777542077260787	0.00119057970867955	0.000885730636775617	0.000253788116245068	0.0043897255246134	0.000105155235416283	0.000134982922385325	0.000920108309892479	0.000771475429063694	0.0000379165512318329	0.000634470290612671	0.0000722942243486948	0.0000707775622994214	0.0000571276038559616	0.0000146610664763087	0.0000409498753303795	0.00058088156487168	0.000365515553874869	0.000704742298895668	0.00239379826776972	0.0000298276869690419	0.00000960552631206434	0.0000439831994289262	0.00132859595516343	0.00289935228419416	0.0000889775068907012	0.000183010553945647	0.0322634462201748	0.000558131634132581	0.00111980214638013	0.000463087479044786	0.000470165235274728
"M16"	"Y"	0.00262786977737423	0.00236700390489922	0.00247974245056187	0.00938106032877189	0.000844780761445237	0.000251260346162946	0.000408993199287371	0.0166256493841341	0.000237104833703062	0.0000859441827921546	0.00398326009540815	0.001013635802931	0.0000439831994289262	0.00738462751791178	0.000368043323956992	0.000000505554016424439	0.00000808886426279102	0.00000606664819709327	0.0000146610664763087	0.0000212332686898264	0.00000303332409854663	0.0000434776454125017	0.000041455429346804	0.00000556109418066883	0.00000454998614781995	0.00000556109418066883	0.0000171888365584309	0.00000101110803284888	0.0000192110526241287	0.000415059847484464	0.000700697866764272	0.000304849071903937	0.000837703005215295	0.000000505554016424439	0.000827591924886806
"M17"	"C"	0.000114760761728348	0.0000839219667264569	0.0000460054154946239	0.000143577340664541	0.000237610387719486	0.000251260346162946	0.0000566220498395372	0.00048179297765249	0.00000101110803284888	0.0000444887534453506	0.0000510609556588683	0.000189582756159165	0.0000136499584434599	0.00000808886426279102	0.0000262888088540708	0.0111717326549473	0.0267842517901668	0.00013548847640175	0.000430732021993622	0.000865002922102215	0.000442359764371384	0.000389276592646818	0.0068927234599308	0.000550548323886214	0.00024367703591658	0.000520720636917172	0.00029271577550975	0.00635734175653732	0.000185032770011345	0.0956290810847976	0.00037815440428548	0.00297973537280564	0.0022112932678405	0.00132404596901561	0.00233515400186448
"M18"	"Y"	0.000421632049697982	0.0032871122147917	0.0000818997506607591	0.00381895504007021	0.000239632603785184	0.00310764053896103	0.000199693836487653	0.00491246837759627	0.0000318499030347396	0.0000424665373796529	0.00510710667391968	0.00119967968097519	0.0000384221052482574	0.000107177451481981	0.0000328610110675885	0.00299085756116698	0.000281593587148412	0.00744377733783344	0.000229521523456695	0.000169866149518611	0.000105660789432708	0.000281088033131988	0.00303837963871088	0.0001799772298471	0.000219410443128206	0.000417082063550162	0.0000500498476260195	0.000383715498466149	0.00288924120386567	0.00211726022078555	0.000276032492967744	0.00104953013809714	0.00132404596901561	0.0000363998891825596	0.00924152742023874
"M20"	"L"	0.000977741467764865	0.00479416873775295	0.00104750792203144	0.000800292007999887	0.000763892118817327	0.00121939628761575	0.000323554570511641	0.00209248807398075	0.000650648019138253	0.0000141555124598843	0.00672336286442861	0.00133415704934409	0.000232049293538817	0.0011294076726922	0.0000672386841844504	0.00000404443213139551	0.0000854386287757302	0.0000212332686898264	0.0000869552908250035	0.0000293221329526175	0.0000222443767226753	0.000185538324027769	0.00209956583021069	0.000139027354516721	0.0000222443767226753	0.000016177728525582	0.000161271731239396	0.00276740268590738	0.000106166343449132	0.00052274285298287	0.00341855625906206	0.000597564847413687	0.00044185421035496	0.000343776731168618	0.000688059016353661
"M21"	"C"	0.000127399612138959	0.000128916274188232	0.00000707775622994214	0.000192110526241287	0.0000667331301680259	0.000695642326600028	0.0000626886980366304	0.000582398226920954	0.00000353887811497107	0.0000581387118888105	0.000620820332169211	0.000191099418208438	0.0000227499307390997	0.0000146610664763087	0.0000242665927883731	0.0025009757192517	0.00184021661978496	0.00254950890482845	0.0986952661944118	0.00047724299150467	0.000505554016424439	0.00327750668847964	0.00391753807327298	0.00131393488868712	0.000609698143807873	0.00352876703464258	0.00212989907119616	0.0123319791226413	0.00476080217266894	0.00397264346106324	0.000277549155017017	0.00422390380722619	0.00239076494367117	0.000033366565084013	0.012341079094937
"OA11r1"	"L"	0.00758482690841586	0.0143466118780927	0.0021410212595575	0.00845336870863304	0.00405959875188824	0.00326284562200333	0.00175174466691068	0.0105408012424496	0.00996497521774212	0.000404948767155976	0.0209440917924317	0.00436394226977576	0.000151666204927332	0.00156317301878437	0.0108112726412366	0.0000227499307390997	0.000086449736808579	0.0000313443490183152	0.0000727997783651192	0.000123355180007563	0.0000606664819709327	0.000105660789432708	0.00167237268633204	0.0000586442659052349	0.0000212332686898264	0.000342260069119345	0.000123355180007563	0.00000758331024636658	0.0000727997783651192	0.000336193420922252	0.00221179882185692	0.000529315055196388	0.000732547769799012	0.0000611720359873571	0.000915052769728234
"OA13r1"	"L"	0.00244890365555998	0.00877692327914468	0.000514148434703654	0.0101131025445545	0.00915507768343016	0.00219359887726564	0.00026996584477065	0.0177752792174833	0.0000222443767226753	0.00136398473631314	0.00218753222906855	0.00140291239557782	0.000294232437559023	0.00183516107962071	0.000139532908533145	0.00418447059394508	0.00199137727069586	0.0000505554016424439	0.000274010276902046	0.000169866149518611	0.0000859441827921546	0.00409043754689014	0.00295091879386945	0.000795742021852067	0.000082910858693608	0.00224465983292451	0.000146610664763087	0.00131545155073639	0.000131444044270354	0.000731536661766163	0.00607322039930678	0.00130230714630935	0.00112435213252795	0.000700192312747848	0.000993413642274022
"OA7r2"	"L"	0.00415160958287749	0.00665561862622774	0.00219915997144631	0.0174512190929552	0.00267336963885243	0.000945891564730125	0.000352371149447834	0.00835984121559452	0.00016177728525582	0.000114760761728348	0.00317285700707978	0.0014211123401691	0.00143274008254686	0.00304697405699009	0.000062183144020206	0.000665814639630986	0.000960047077190009	0.0000278054709033441	0.00111727437629801	0.000269460290754226	0.0000793719805786369	0.000582398226920954	0.00257933659179749	0.000776025415211514	0.0000975719251699167	0.00020727714673402	0.00228763192432059	0.00083820855923172	0.000466626357159757	0.00142262900221837	0.000525270623064992	0.00102020800514452	0.000756308808570961	0.0000722942243486948	0.00141656235402128
"OA9r1"	"L"	0.0638332723298154	0.000212332686898264	0.00388265484613969	0.018205000131444	0.00102273577522664	0.00201159943135284	0.00395090463835699	0.00863233483044729	0.00010818855951483	0.000224465983292451	0.0729939111074262	0.0134654312274649	0.00347821163300014	0.0000581387118888105	0.000203738268619049	0.00011728853181047	0.000036905443198984	0.0000733053323815436	0.000016177728525582	0.00418042616181368	0.000539426135524876	0.0000687553462337237	0.000660253545450317	0.0000187054986077042	0.0000166832825420065	0.0000252777008212219	0.000326587894610188	0.000261371426491435	0.000134477368368901	0.000275526938951319	0.000960047077190009	0.000549537215853365	0.00147722883599221	0.00000202221606569776	0.000175932797715705
"OB03r2"	"L"	0.0259682876076577	0.022112932678405	0.00274161943106973	0.0117379531533426	0.00140139573352854	0.000668342409713108	0.00661214098081524	0.0431465075317437	0.0000879663988578524	0.000676431273975899	0.0558637188149005	0.0104553626136738	0.000165316163370792	0.0000384221052482574	0.000191604972224862	0.00000202221606569776	0.0000323554570511641	0.0000111221883613377	0.0000677442382008748	0.0000601609279545082	0.0000212332686898264	0.000146610664763087	0.000441348656338535	0.0000444887534453506	0.0000252777008212219	0.000131444044270354	0.000484826301751037	0.000179471675830676	0.0000920108309892479	0.000215366010996811	0.00277852487426872	0.000744175512176774	0.000585937105035925	0.0000187054986077042	0.00029271577550975
"OB05r2"	"L"	0.00332047877987571	0.0230911797001862	0.00221078771382407	0.0374094805533592	0.00174618357273001	0.00460408042757736	0.0027886359545972	0.0323241127021458	0.000139027354516721	0.000158238407140849	0.0667442523563873	0.0123719178899389	0.000331137880758007	0.0000520720636917172	0.00014458844869739	0.0000803830886114858	0.0000313443490183152	0.00000707775622994214	0.0000444887534453506	0.0048467463554611	0.0000181999445912798	0.0000465109695110484	0.000412532077402342	0.00000556109418066883	0.00000859441827921546	0.0000121332963941865	0.000335182312889403	0.0000262888088540708	0.0000490387395931706	0.000101110803284888	0.000659747991433893	0.000311926828133879	0.000639020276760491	0.000468648573225455	0.000424665373796529
"OB18r1"	"L"	0.0222565100190695	0.0104002572258836	0.00258135880786318	0.038956475843618	0.000764903226850176	0.00993716974683877	0.00132404596901561	0.032750800292008	0.000282099141164837	0.000133971814352476	0.014174217958492	0.00494482383464744	0.000227499307390997	0.000825569708821109	0.000141049570582418	0.000241654819850882	0.00117541308818682	0.0000283110249197686	0.000282604695181261	0.000206266038701171	0.0000136499584434599	0.00020727714673402	0.000346810055267165	0.00132657373909773	0.000116782977794045	0.00121332963941865	0.000665309085614562	0.0000227499307390997	0.000173405027633583	0.00099998584448754	0.000205254930668322	0.000724458905536221	0.000770464321030845	0.000057633157872386	0.00269258069147656
"OB24r1"	"L"	0.00034276562313577	0.000775519861195089	0.000150655096894483	0.00379367733924899	0.000336193420922252	0.000385737714531847	0.00072092002742125	0.156489190244021	0.000028816578936193	0.00115721314359554	0.0146059610885185	0.00252625342007292	0.0000808886426279102	0.0000247721468047975	0.0000530831717245661	0.000000505554016424439	0.00000101110803284888	0	0.00000303332409854663	0.00000960552631206434	0.00000252777008212219	0.00000202221606569776	0.0000252777008212219	0.00000252777008212219	0.00000101110803284888	0.000000505554016424439	0.0000111221883613377	0.00000303332409854663	0.00000758331024636658	0.0000090999722956399	0.000530831717245661	0.00011728853181047	0.0026086587247501	0.000000505554016424439	0.000615764792004967
"OG24B2A"	"L"	0.00117692975023609	0.00557676635517799	0.00009908858721919	0.000596048185364413	0.000403937659123127	0.0010571134483435	0.000774003199145816	0.00233212067776594	0.0000272999168869197	0.0000970663711534923	0.00229875411268192	0.00125023508261764	0.0000561164958231127	0.0000859441827921546	0.0000869552908250035	0.00000657220221351771	0.0000242665927883731	0.0000116277423777621	0.000012638850410611	0.000336193420922252	0.00000808886426279102	0.000139027354516721	0.0000793719805786369	0.0000151666204927332	0.00000808886426279102	0.0000449943074617751	0.000471176343307577	0.00000556109418066883	0.0000530831717245661	0.0000556109418066883	0.0000394332132811062	0.00029271577550975	0.000676936827992324	0.000000505554016424439	0.0000743164404143925
"OM15r2"	"L"	0.0506681401881065	0.0125291451890469	0.0313428323562659	0.0188217760314819	0.00151413427919119	0.00187358318486897	0.00393472690983141	0.0101095636664395	0.000148632880828785	0.000483815193718188	0.0813380801485115	0.00748169388906527	0.0002027271605862	0.0000662275761516015	0.000190088310175589	0	0.0000530831717245661	0.0000197166066405531	0.0000247721468047975	0.0000596553739380838	0.0000707775622994214	0.0000328610110675885	0.00012638850410611	0.0000121332963941865	0.00000859441827921546	0.0000283110249197686	0.0000131444044270354	0.00000404443213139551	0.0000460054154946239	0.000176438351732129	0.00010363857336701	0.000414048739451615	0.000466626357159757	0.000000505554016424439	0.00018452721599492
"OM17r2"	"L"	0.00887500075833102	0.0427607698172119	0.00763588786407473	0.0297589316228082	0.00277144711803877	0.00561114402829485	0.00311926828133879	0.0439088829885118	0.00513036215867521	0.0028589079628802	0.0514016990659384	0.0100812526415197	0.000494937382079526	0.00940583247557669	0.000272493614852773	0.0000545998337738394	0.000290188005427628	0.0000429720913960773	0.0000318499030347396	0.000761364348735205	0.000701203420780697	0.000138521800500296	0.00326284562200333	0.0000525776177081416	0.0000232554847555242	0.0000515665096752928	0.000389782146663242	0.00000404443213139551	0.0000849330747593057	0.000163293947305094	0.000207782700750444	0.000596553739380838	0.000946902672762974	0.00197519954217028	0.000252271454195795
"OM21r1"	"L"	0.00116732422392403	0.00127045724327461	0.00437455890412067	0.00827895257296661	0.000688564570370086	0.00392461582950292	0.0011233410244951	0.0115271371284936	0.0000980774791863411	0.000082910858693608	0.0191367361837143	0.00397820455524391	0.000150655096894483	0.00559193297567072	0.000090999722956399	0.00136600695237883	0.000772992091112967	0.0000915052769728234	0.0209334751580867	0.000450954182650599	0.00036905443198984	0.000448426412568477	0.00295294100993515	0.000118299639843319	0.00031091572010103	0.00373857195145873	0.000171382811567885	0.000111221883613377	0.000160260623206547	0.000537403919459178	0.00267438074688528	0.00260562540065156	0.000958530415140736	0.000211321578865415	0.00166883380821707
"P01"	"C"	0.0000439831994289262	0.0000192110526241287	0	0.0000151666204927332	0.00000606664819709327	0.0000657220221351771	0.000000505554016424439	0.000041455429346804	0	0.000000505554016424439	0.00000505554016424439	0.0000090999722956399	0.00000556109418066883	0.00000252777008212219	0.00000101110803284888	0.0066859518672132	0.00119411858679452	0.0000429720913960773	0.000352371149447834	0.000659242437417468	0.000102121911317737	0.000340237853053647	0.00161069509632826	0.0014190901241034	0.000150149542878058	0.000925163850056723	0.00029726576165757	0.0141681513102949	0.000165821717387216	0.00186246099650763	0.00385990491540059	0.00553834424992973	0.00158288962542492	0.000940836024565881	0.00865255699110427
"P02"	"L"	0.0000636998060694793	0.00115721314359554	0.0000298276869690419	0.00041455429346804	0.00112485768654438	0.000285638019279808	0.0000439831994289262	0.00130786824049002	0.000123355180007563	0.0000197166066405531	0.0005626816202804	0.000137510692467447	0.000168855041485763	0.0000374109972154085	0.000342260069119345	0.000586442659052349	0.0000894830609071257	0.00000404443213139551	0.0000889775068907012	0.0000247721468047975	0.00000707775622994214	0.0000510609556588683	0.00215922120414878	0.0000854386287757302	0.0000237610387719486	0.000221938213210329	0.000209299362799718	0.00152373980550326	0.0000631942520530549	0.000311926828133879	0.00202171051168133	0.000383209944449725	0.000418093171583011	0.000224971537308875	0.00106671897465557
"P03"	"C"	0.0000313443490183152	0.000469659681258304	0.00000505554016424439	0.00010818855951483	0.0000358943351661352	0.0000793719805786369	0.00000353887811497107	0.00018907720214274	0.00000101110803284888	0.0000551053877902638	0.0000131444044270354	0.0000460054154946239	0.00000151666204927332	0.0000358943351661352	0.00000859441827921546	0.0000884719528742768	0.00104649681399859	0.0181316947990625	0.00288519677173427	0.0000176943905748554	0.00000252777008212219	0.00308337394617265	0.0000712831163158459	0.000716875595289854	0.000338721191004374	0.00328306778266031	0.00029726576165757	0.00466221913946618	0.000747208836275321	0.00940684358360953	0.000141049570582418	0.00386597156359768	0.000601103725528658	0.0000111221883613377	0.0225087814732653
"P14"	"L"	0.00107126896080339	0.00512378995646169	0.000127399612138959	0.00135185143991895	0.00295142434788587	0.000913030553662537	0.0000904941689399746	0.0282346862632885	0.0000151666204927332	0.000147116218779512	0.000713842271191308	0.0005626816202804	0.0000262888088540708	0.0018245444452758	0.0000631942520530549	0.00238368718744123	0.000285132465263384	0.0000111221883613377	0.0000515665096752928	0.00000606664819709327	0.00000404443213139551	0.000196660512389107	0.00140847348975849	0.0000454998614781995	0.0000187054986077042	0.000762881010784478	0.0000631942520530549	0.00781434843187255	0.0000606664819709327	0.000453481952732722	0.00288974675788209	0.00119512969482737	0.000772992091112967	0.0012143407474515	0.0005854315510195
"P15"	"Y"	0.00179421120429033	0.0242969260293585	0.0351906039752723	0.0019858161765152	0.00100049139850396	0.00109351333752606	0.00422592602329188	0.00446454751904422	0.0000647109141023282	0.000102121911317737	0.0133688704103279	0.00205659373881462	0.000190088310175589	0.0000692609002501481	0.0000429720913960773	0.0000313443490183152	0.0000222443767226753	0.00000353887811497107	0.000020727714673402	0.000706258960944941	0.0213920126509837	0.0000500498476260195	0.00184577771396563	0.00000960552631206434	0.00000808886426279102	0.0000171888365584309	0.00141605680000485	0.00000252777008212219	0.0000338721191004374	0.0000692609002501481	0.0047784965632438	0.000450954182650599	0.00214152681357392	0.0000510609556588683	0.000236093725670213
"P22"	"C"	0.0000101110803284888	0.00000960552631206434	0.00000353887811497107	0.0000697664542665726	0.00000606664819709327	0.000106166343449132	0.00000202221606569776	0.0000935274930385212	0.00000252777008212219	0.00000151666204927332	0.0000156721745091576	0.0000404443213139551	0.00000101110803284888	0.000000505554016424439	0.00000556109418066883	0.00172596141207303	0.000316982368298123	0.000090999722956399	0.00251563678572801	0.00923798854212377	0.0000358943351661352	0.0173137084004878	0.00167843933452914	0.0104280626967869	0.000730525553733314	0.00708483398617209	0.00133466260336052	0.00995132525929865	0.000724964459552645	0.00775823193604944	0.00337305639758386	0.00238267607940838	0.00265567524827758	0.00642053600859037	0.0608489869708619
"P23"	"L"	0.000416576509533738	0.0011273854566265	0.0000980774791863411	0.00118704083056458	0.00139735130139715	0.000179471675830676	0.000131949598286779	0.00143071786648116	0.0000131444044270354	0.000350854487398561	0.000324060124528065	0.000243171481900155	0.000110716329596952	0.000424665373796529	0.000041455429346804	0.00182403889125938	0.00168652819879193	0.0000399387672975307	0.00018907720214274	0.000188066094109891	0.0000839219667264569	0.000476231883471821	0.0192100415160958	0.000911513891613263	0.000160260623206547	0.000435282008141442	0.00108593002727969	0.0144689559500674	0.00282705805984546	0.00173101695223728	0.00702366195018473	0.002639497519752	0.00134730145377113	0.00159957290796692	0.010641406491718
"P24"	"E"	0.0107359450927894	0.00193879965298772	0.00309702390461611	0.0181640502561137	0.000447920858552053	0.000685531246271539	0.000853880733740877	0.00552317762943699	0.0000788664265622125	0.000185538324027769	0.00887196743423248	0.0031526348464228	0.000164305055337943	0.0000606664819709327	0.000167338379436489	0.00172697252010588	0.000746703282258896	0.0000308387950018908	0.00031091572010103	0.00115974091367766	0.000221432659193904	0.000808886426279102	0.00105408012424496	0.00142161789418552	0.0022754986279264	0.00178157235387972	0.000149643988861634	0.00265011415409691	0.000153182866976605	0.00115367426548057	0.000401409889041004	0.00104194682785077	0.00093729714645091	0.00135336810196822	0.00310966275502672
"P26"	"C"	0.000608687035775024	0.00111626326826516	0.000584925997003076	0.000586948213068774	0.00130584602442433	0.000543976121672696	0.0000697664542665726	0.00134477368368901	0.000020727714673402	0.000102627465334161	0.000589475983150896	0.000375626634203358	0.000201716052553351	0.00000353887811497107	0.000128916274188232	0.0000626886980366304	0.000339732299037223	0.0000697664542665726	0.00117642419621967	0.00032911566469231	0.00474462444414336	0.000659747991433893	0.000587453767085198	0.00906508906850661	0.00150149542878058	0.000300804639772541	0.000676431273975899	0.00000808886426279102	0.000444887534453506	0.0159183793151563	0.00892302838989135	0.00145447890525311	0.00110311886383813	0.0000399387672975307	0.0990375262635312
"P27"	"L"	0.00152980645370035	0.0237959219990819	0.00136246807426386	0.00868996798831968	0.00364555001243663	0.00265567524827758	0.00115974091367766	0.0015080676309941	0.0000793719805786369	0.000178966121814251	0.0160629677638537	0.00385535492925277	0.000915052769728234	0.0102829686940731	0.00223859318472742	0.000542965013639847	0.000133466260336052	0.0000267943628704953	0.0000626886980366304	0.000355404473546381	0.0000429720913960773	0.000782092063408607	0.00204698821250255	0.000033366565084013	0.0000323554570511641	0.000247721468047975	0.000229521523456695	0.0260557484524992	0.00433866456895453	0.000188066094109891	0.000374109972154085	0.000508081786506561	0.00119462414081095	0.0000181999445912798	0.000306871287969634
"P30"	"C"	0.0000192110526241287	0.0000090999722956399	0.00000151666204927332	0.0000267943628704953	0.00000960552631206434	0.0000323554570511641	0.00000960552631206434	0.000353887811497107	0.000000505554016424439	0.00000252777008212219	0.0000419609833632284	0.0000141555124598843	0.00000353887811497107	0.00000202221606569776	0.00000303332409854663	0.00109806332367388	0.000178966121814251	0.0000141555124598843	0.00160766177222972	0.00029271577550975	0.00286750238115942	0.000180988337879949	0.0018432499438835	0.00024367703591658	0.0000551053877902638	0.00314302932011074	0.000848319639560208	0.00767178219924086	0.0000662275761516015	0.000402420997073853	0.0225760201574497	0.00102930797744016	0.0014645899855816	0.00137662358672375	0.00062183144020206
"P31"	"E"	0.00473350225578202	0.0270557342969867	0.00902009476104484	0.00517889534425195	0.00282857472189474	0.00208187143963584	0.00573298254625314	0.0403922492502634	0.00111626326826516	0.00272796947262627	0.126544214743168	0.0213824071246716	0.000404443213139551	0.00685076247656757	0.000285132465263384	0.00075276993045599	0.0000824053046771835	0.0000434776454125017	0.000074821994430817	0.000218399335095358	0.0000601609279545082	0.000203738268619049	0.000601103725528658	0.0000212332686898264	0.0000176943905748554	0.0000551053877902638	0.00154598418222593	0.0000520720636917172	0.0000839219667264569	0.000166832825420065	0.00305405181322004	0.000574814916674587	0.000638009168727642	0.00104346348990004	0.000259349210425737
"X01"	"C"	0.0000389276592646818	0.0000424665373796529	0.0000389276592646818	0.0000551053877902638	0.0000166832825420065	0.0000551053877902638	0.0000111221883613377	0.000162788393288669	0.00000353887811497107	0.0000090999722956399	0.0000551053877902638	0.0000399387672975307	0.00000505554016424439	0.0000768442104965147	0.0000121332963941865	0.0063548139864552	0.0468729461868083	0.000116277423777621	0.000594025969298716	0.0186205655329449	0.0019175663842979	0.011608531325138	0.0125660506322459	0.00121181297736938	0.000685025692255115	0.00231998738137175	0.000214354902963962	0.00334828425077906	0.00119411858679452	0.00708533954018851	0.12702044662664	0.0134098202856582	0.00309500168855042	0.000292210221493326	0.0554623089258595
"X02"	"L"	0.0000272999168869197	0.000230532631489544	0.000020727714673402	0.000119816301892592	0.0000480276315603217	0.000159249515173698	0.0000136499584434599	0.00248429243670969	0.00000505554016424439	0.00017087725755146	0.000057633157872386	0.0000363998891825596	0.0000879663988578524	0.0000242665927883731	0.0000141555124598843	0.0000192110526241287	0.000163293947305094	0.00000808886426279102	0.0000743164404143925	0.000247215914031551	0.00000859441827921546	0.0000631942520530549	0.00677947936025173	0.0000439831994289262	0.0000824053046771835	0.0000146610664763087	0.000255304778294342	0.00034276562313577	0.0000444887534453506	0.000101110803284888	0.000425170927812953	0.000339732299037223	0.00121787962556647	0.0000202221606569776	0.000388265484613969
"X03"	"C"	0.00000303332409854663	0.0000460054154946239	0.00000101110803284888	0.00000454998614781995	0.0000101110803284888	0.0000399387672975307	0	0.0000849330747593057	0	0.00000353887811497107	0.00000252777008212219	0.00000808886426279102	0	0.00000202221606569776	0	0.00969045938682364	0.00230229299079689	0.0000308387950018908	0.000496454044128799	0.00100403027661894	0.00017542724369928	0.00032456567854449	0.00108845779736182	0.000584420442986651	0.000303332409854663	0.00222292101021826	0.00110514107990382	0.0017355669383851	0.000207782700750444	0.00530427274032521	0.00152626757558538	0.00145700667533523	0.000667836855696684	0.000447920858552053	0.0295551933541891
"X04"	"L"	0.000403432105106702	0.000377143296252631	0.00000960552631206434	0.00806611433205192	0.000236599279686637	0.000753275484472414	0.000677947936025173	0.00990835316790258	0.00178157235387972	0.0000475220775438973	0.00551761653525633	0.00154193975009454	0.0000500498476260195	0.00343119510947267	0.0000556109418066883	0.000920613863908903	0.0000232554847555242	0.0000338721191004374	0.0000252777008212219	0.000560153850198278	0.00351916150833052	0.000150149542878058	0.00492308501194119	0.0000171888365584309	0.0000116277423777621	0.0000490387395931706	0.00139027354516721	0.00497060708948508	0.0000535887257409905	0.000180482783863525	0.00425676481829378	0.000569759376510343	0.00136196252024744	0.000194638296323409	0.000509598448555834
"X05"	"C"	0.0021202935448841	0.00641952490055752	0.00128157943163595	0.0229117080243556	0.00462480814225077	0.00285536908476523	0.000927691620138845	0.0144512615594926	0.000814447520459771	0.000224465983292451	0.0137682580833032	0.00347062832275377	0.000124366288040412	0.00168753930682478	0.000960552631206434	0.0000763386564800903	0.0000834164127100324	0.0000116277423777621	0.0000424665373796529	0.000660759099466742	0.00202120495766491	0.0000687553462337237	0.00303534631461233	0.0000379165512318329	0.000223960429276026	0.000535887257409905	0.00111626326826516	0.00472339117545353	0.0000566220498395372	0.000299793531739692	0.00046814301920903	0.000454493060765571	0.00144740114902317	0.000289682451411203	0.000659242437417468
"Y06"	"C"	0.00080635865619698	0.00320925689626234	0.000464604141094059	0.0108431225442714	0.0043007480177227	0.000558637188149005	0.000230532631489544	0.00640739160416334	0.000016177728525582	0.000140544016565994	0.00386192713146629	0.00106469675858987	0.0000515665096752928	0.00460913596774161	0.0000313443490183152	0.0000101110803284888	0.0000101110803284888	0.00000808886426279102	0.0000146610664763087	0.0000176943905748554	0.0000353887811497107	0.0000348832271332863	0.0000581387118888105	0.0000556109418066883	0.0000156721745091576	0.0000136499584434599	0.0000793719805786369	0.0010156580189967	0.00000556109418066883	0.0000227499307390997	0.000155710637058727	0.000109199667547679	0.000175932797715705	0.0000490387395931706	0.0000348832271332863
"Y07"	"L"	0.000595542631347989	0.00294282992960666	0.0000353887811497107	0.00302068524813602	0.000296760207641146	0.000366021107891294	0.000154699529025878	0.00318195697937542	0.000237104833703062	0.0000813941966443347	0.00189734422364092	0.000699686758731423	0.000188571648126316	0.000312937936166728	0.0000808886426279102	0.00126742391917607	0.000965608171370678	0.0000116277423777621	0.000456009722814844	0.000414048739451615	0.000835680789149597	0.0064458137094116	0.0250628403642416	0.000308387950018908	0.0000293221329526175	0.000166832825420065	0.00241250376637742	0.00982139787707757	0.00014003846254957	0.000606664819709327	0.0389630480458315	0.00138774577508508	0.00338569524799447	0.00366931105120858	0.00134831256180398
"Y08"	"C"	0.00000353887811497107	0.000104144127383434	0	0.0000358943351661352	0.0000778553185293636	0.0000293221329526175	0.000000505554016424439	0.000090999722956399	0	0	0.00000859441827921546	0.0000313443490183152	0.00000556109418066883	0	0.00000657220221351771	0.000241654819850882	0.0612215802809667	0.000256315886327191	0.0670137126471415	0.000125882950089685	0.000141555124598843	0.00319510138380245	0.00198278285241665	0.00308691282428762	0.0627367256681907	0.00154648973624236	0.000287660235345506	0.00235739837858716	0.0033781119377481	0.00824508045386617	0.000356921135595654	0.00717431704707921	0.00276083048369386	0.00000707775622994214	0.0210072860444847
"Y09"	"L"	0.0000293221329526175	0.0000985830332027656	0.0000566220498395372	0.0000727997783651192	0.0000323554570511641	0.0000308387950018908	0.0000212332686898264	0.000123355180007563	0.000000505554016424439	0.00000657220221351771	0.000036905443198984	0.0000217388227062509	0.00000151666204927332	0.00000353887811497107	0.0000399387672975307	0.000729008891684041	0.000750747714390292	0.0000131444044270354	0.0000293221329526175	0.000158743961157274	0.0000176943905748554	0.0000217388227062509	0.00149846210468204	0.0000111221883613377	0.00000707775622994214	0.0000551053877902638	0.000384221052482574	0.0050909289453941	0.0000146610664763087	0.0000409498753303795	0.00643418596703383	0.000305860179936785	0.000318499030347396	0.000729514445700465	0.000117794085826894
"Y19"	"L"	0.000517687312818625	0.0000798775345950613	0.000722436689470523	0.000534876149377056	0.000301310193788966	0.000504037354375166	0.000888763960874164	0.0063507695543238	0.000380682174367602	0.0000611720359873571	0.0143511618642405	0.00279217483271218	0.000250754792146522	0.0000136499584434599	0.000062183144020206	0.0000419609833632284	0.0000409498753303795	0	0.0000187054986077042	0.00013548847640175	0.0000515665096752928	0.0000545998337738394	0.000491398503964555	0.00000353887811497107	0.0000106166343449132	0.0000166832825420065	0.000156721745091576	0.00000252777008212219	0.0000525776177081416	0.0000409498753303795	0.00111474660621589	0.000843769653412389	0.00134072925155761	0.000016177728525582	0.00071182005512561
"YA02"	"Y"	0.0219713775538061	0.00580426566256898	0.0000677442382008748	0.0155316304925916	0.000528809501179963	0.00598575955446536	0.00254597002671347	0.00252979229818789	0.00486191297595383	0.0000692609002501481	0.0574420584541776	0.0103062241788286	0.0163026003676389	0.00647260807228209	0.000169866149518611	0.00000303332409854663	0.000330126772725159	0.0000869552908250035	0.000274010276902046	0.000307376841986059	0.000110210775580528	0.000316476814281699	0.00276942490197308	0.000100099695252039	0.0000343776731168618	0.000436798670190715	0.000280582479115564	0.000966113725387103	0.000270471398787075	0.000525270623064992	0.00111777993031443	0.000596553739380838	0.000929208282188119	0.0000136499584434599	0.000565209390362523
"YA03"	"Y"	0.0534138040513077	0.0173314027910626	0.00643620818309953	0.0288180955982423	0.00133617926540979	0.00149795655066561	0.00349691713160784	0.00373098864121236	0.00144082894680965	0.000142060678615267	0.094177635503643	0.0170826702149818	0.000221432659193904	0.0119887079454891	0.000181493891896374	0.000317487922314548	0.0000758331024636658	0.0000166832825420065	0.000105660789432708	0.000501004030276619	0.0000222443767226753	0.000149138434845209	0.00107581894695121	0.0000743164404143925	0.0000293221329526175	0.0000510609556588683	0.000103133019350586	0.00000252777008212219	0.000103133019350586	0.000209804916816142	0.00018907720214274	0.000440337548305686	0.000555098310034034	0.000416576509533738	0.000260360318458586
"YA04"	"Y"	0.0508011008944262	0.00026996584477065	0.0761136849427814	0.0390287700679667	0.00388417150818896	0.00163951167526446	0.00881635649242579	0.00765105448456746	0.000291704667476901	0.000178460567797827	0.155444715646088	0.0274005221361882	0.000407982091254522	0.030351946484074	0.000228004861407422	0.000000505554016424439	0.0000247721468047975	0.00000303332409854663	0.0000136499584434599	0.00000657220221351771	0.000229521523456695	0.0000348832271332863	0.0000106166343449132	0.0000181999445912798	0.0000323554570511641	0.0000156721745091576	0.00000758331024636658	0.00000303332409854663	0.0000727997783651192	0.0000717886703322703	0.0000454998614781995	0.000339226745020799	0.000487354071833159	0	0.0000237610387719486
"YA06"	"Y"	0.0285830129806049	0.055770191321862	0.00678807377853094	0.0396005516605427	0.00214607679972174	0.00156570078886649	0.00415717067705816	0.0610400863890703	0.00118147973638391	0.00388417150818896	0.0931255775954638	0.0152945256588885	0.00540588909762652	0.00582802670134093	0.000281088033131988	0.0000586442659052349	0.000041455429346804	0.0000267943628704953	0.0000404443213139551	0.0000121332963941865	0.0000454998614781995	0.000049544293609595	0.000241654819850882	0.000570770484543192	0.0000399387672975307	0.0000454998614781995	0.0000955497091042189	0.0000849330747593057	0.000187054986077042	0.000133971814352476	0.00020727714673402	0.000722436689470523	0.00050454290839159	0.0000318499030347396	0.000261371426491435
"YA07"	"Y"	0.0544567619871913	0.0100949025999632	0.0140326628338932	0.0271138730088755	0.0269086180782072	0.0117010477101436	0.00369559986006265	0.0643534874127161	0.000628909196432002	0.00371127203457181	0.0286821015678241	0.0101510190957863	0.00039635434887676	0.00575623803100866	0.00346759499865523	0.000169360595502187	0.000347821163300014	0.0000217388227062509	0.0000520720636917172	0.0000581387118888105	0.00411470413967851	0.000620314778152787	0.000311421274117454	0.0000636998060694793	0.0000106166343449132	0.000189582756159165	0.000223960429276026	0.000638009168727642	0.0000515665096752928	0.000145599556730238	0.000214860456980387	0.000598070401430111	0.000731031107749739	0.0000298276869690419	0.00018907720214274
"YA10"	"Y"	0.0111793159651936	0.035142576343712	0.00238014830932626	0.0183162220150574	0.00171028923756388	0.00702163973411903	0.00363897781022311	0.0896372548821351	0.000860452935954395	0.00141403458393916	0.0673438394198667	0.0153835031657793	0.00607524261537248	0.0286340739362638	0.000235082617637364	0.0000758331024636658	0.0000439831994289262	0.00000252777008212219	0.0000166832825420065	0.0000313443490183152	0.0000313443490183152	0.000110210775580528	0.000104649681399859	0.0000131444044270354	0.0000217388227062509	0.00011728853181047	0.0000500498476260195	0.000723447797503372	0.000159249515173698	0.000111221883613377	0.000215366010996811	0.000514148434703654	0.00057633157872386	0.000000505554016424439	0.00013548847640175
"YA11"	"Y"	0.0244167423312511	0.0263565530922717	0.00538617249098597	0.0330551438098955	0.00282099141164837	0.01110348286273	0.00335788977709112	0.009279949525487	0.0265112526212976	0.000254293670261493	0.0659019993650242	0.0138769521968344	0.00533005599516286	0.00818542507992809	0.0034670894446388	0.000000505554016424439	0.0000596553739380838	0.0000197166066405531	0.0000363998891825596	0.0000111221883613377	0.00000758331024636658	0.0000854386287757302	0.0000303332409854663	0.000033366565084013	0.0000404443213139551	0.000036905443198984	0.00000505554016424439	0.00000404443213139551	0.000123355180007563	0.000157732853124425	0.000154193975009454	0.000798269791934189	0.000496454044128799	0	0.000235082617637364
"YA12"	"Y"	0.00127652389147171	0.0166256493841341	0.000106166343449132	0.00279217483271218	0.000937802700467334	0.00133466260336052	0.00648170804457773	0.00839371333469496	0.0000773497645129392	0.000213343794931113	0.160515422430825	0.0256816384803451	0.000411015415353069	0.0000530831717245661	0.0131049712137543	0.00000404443213139551	0.00000707775622994214	0.00000303332409854663	0.0000217388227062509	0.000407982091254522	0.00000606664819709327	0.0000242665927883731	0.0000818997506607591	0.0000237610387719486	0.00000606664819709327	0.0000237610387719486	0.000020727714673402	0.00000505554016424439	0.0000647109141023282	0.0000920108309892479	0.000130432936237505	0.000606159265692902	0.000485331855767461	0.00000303332409854663	0.0000480276315603217
"YA13"	"Y"	0.0207231646872542	0.026036537399875	0.00432855348862605	0.027826704172034	0.00225375980522015	0.0043937699567448	0.0111373549818304	0.0083593356615781	0.00288721898779997	0.000439831994289262	0.278075436748115	0.0441566044565598	0.00277700821221944	0.00574814916674587	0.00121939628761575	0.0000652164681187526	0.0000187054986077042	0.00000202221606569776	0.00000202221606569776	0.00018907720214274	0.00428659250526282	0.0000475220775438973	0.000214354902963962	0.00000606664819709327	0.0000192110526241287	0.0000363998891825596	0.0000874608448414279	0.000123355180007563	0.000078360872545788	0.0000798775345950613	0.000070272008282997	0.000284121357230535	0.000526787285114265	0.00000101110803284888	0.0000424665373796529
"YA14"	"Y"	0.0035601113836609	0.00073911997201253	0.00875821778053698	0.0215942342575535	0.0012805683236031	0.00332199544192499	0.00309095725641902	0.0125003286101107	0.00151615649525689	0.000129927382221081	0.0544992285245709	0.0111525216023231	0.000228510415423846	0.00646401365400288	0.000121332963941865	0.00000101110803284888	0.0000227499307390997	0.0000141555124598843	0.0000308387950018908	0.000127399612138959	0.000033366565084013	0.00009908858721919	0.0000535887257409905	0.0000308387950018908	0.0000166832825420065	0.000036905443198984	0.000191604972224862	0.000109199667547679	0.0000631942520530549	0.0000697664542665726	0.000313443490183152	0.000517687312818625	0.000565714944378947	0	0.000165316163370792
"YA16"	"Y"	0.000190088310175589	0.0000773497645129392	0.00112687990261007	0.00951048215697654	0.000258843656409313	0.00130685713245717	0.000159249515173698	0.00956508199075038	0.0000409498753303795	0.0000884719528742768	0.00121787962556647	0.000565714944378947	0.000415565401500889	0.0000551053877902638	0.0000252777008212219	0	0.00000404443213139551	0.000000505554016424439	0.000000505554016424439	0.000000505554016424439	0.000000505554016424439	0.00000404443213139551	0.0000363998891825596	0.00000202221606569776	0.00000758331024636658	0.00000556109418066883	0.00000101110803284888	0.00000101110803284888	0.00000707775622994214	0.00000505554016424439	0.00097268592760062	0.000133466260336052	0.00115064094138202	0	0.00135539031803392
"YA19"	"Y"	0.0610982251009591	0.0152444758112625	0.0373053364259758	0.00690182343222644	0.0112789101064292	0.00120018523499162	0.0058563377262607	0.00882444535668858	0.000201716052553351	0.000237610387719486	0.121342063914161	0.0194036687043864	0.000380176620351178	0.0000116277423777621	0.000249238130097248	0.00000303332409854663	0.000028816578936193	0.0000298276869690419	0.0000247721468047975	0.00168703375280835	0.000190088310175589	0.0000642053600859037	0.0000616775900037815	0.0000171888365584309	0.0000424665373796529	0.0000308387950018908	0.000137510692467447	0.00000101110803284888	0.0000328610110675885	0.0000733053323815436	0.0000379165512318329	0.000382198836416876	0.000458031938880542	0.00000101110803284888	0.0000581387118888105
"YA21"	"Y"	0.0421283217426649	0.0296972540328044	0.00536038923614833	0.0237089667082569	0.00154750084427521	0.00079725868390134	0.00333210652225348	0.0707553179226988	0.0000824053046771835	0.00018452721599492	0.0645557090192859	0.0134431868507423	0.000254293670261493	0.00942302131213512	0.00014003846254957	0.00000151666204927332	0.0000136499584434599	0.0000141555124598843	0.0000293221329526175	0.00000454998614781995	0.0000904941689399746	0.0000631942520530549	0.0000995941412356145	0.0000262888088540708	0.00000252777008212219	0.000016177728525582	0.0000237610387719486	0.00000556109418066883	0.0000363998891825596	0.0000535887257409905	0.000262888088540708	0.000379671066334754	0.000426687589862226	0.00000151666204927332	0.0000980774791863411
"YA23"	"Y"	0.00272089171639633	0.0178885233171623	0.000339226745020799	0.0591326310851009	0.00149542878058349	0.00144891781107244	0.00692204559288342	0.0429134471301721	0.0107809394002512	0.000235588171653789	0.150969551492699	0.0271482506819924	0.00102627465334161	0.0076353823100583	0.00340440074660217	0.00000202221606569776	0.0000434776454125017	0.00000758331024636658	0.0000596553739380838	0.0000667331301680259	0.00000151666204927332	0.000082910858693608	0.0000556109418066883	0.00000606664819709327	0.0000222443767226753	0.0000181999445912798	0.00000758331024636658	0.00000151666204927332	0.000113244099679074	0.000141049570582418	0.000322037908462368	0.00064458137094116	0.000480276315603217	0.00000101110803284888	0.000122849625991139
"YA26"	"Y"	0.00238014830932626	0.000406465429205249	0.0176691128740341	0.00298630757501916	0.00170978368354745	0.00130786824049002	0.00467435243586036	0.0769645323524237	0.000105155235416283	0.000184021661978496	0.0445352644148617	0.00904385579981679	0.000313949044199577	0.0453148287081882	0.003127862699618	0.000000505554016424439	0.0000111221883613377	0.00000202221606569776	0.00000303332409854663	0.0000197166066405531	0.00000252777008212219	0.00000202221606569776	0.00000202221606569776	0.00000404443213139551	0.00000556109418066883	0.00000859441827921546	0.0000121332963941865	0.00000353887811497107	0.000041455429346804	0.0000101110803284888	0.000062183144020206	0.000515159542736503	0.000371582202071963	0.000000505554016424439	0.0000166832825420065
"YA28"	"Y"	0.0112111658682284	0.00744377733783344	0.00546857779566316	0.0344737283799825	0.00113850764498784	0.000625875872333455	0.00391703251925655	0.00199946613495866	0.000148127326812361	0.000182504999929222	0.177933274958696	0.0178829622229817	0.0011936130327781	0.0141782623906234	0.00190543308790371	0.0000409498753303795	0.0000323554570511641	0.00000505554016424439	0.0000257832548376464	0.00493117387620398	0.000116782977794045	0.0000267943628704953	0.000491904057980979	0.0000146610664763087	0.00000960552631206434	0.0000106166343449132	0.000477748545521095	0.0000090999722956399	0.0000399387672975307	0.0000222443767226753	0.000719908919388401	0.000531337271262085	0.000930219390220968	0.0000460054154946239	0.000274010276902046
"YA29"	"Y"	0.0243682091456744	0.0625350096156374	0.0102698242896461	0.0251128902118676	0.00650900796146465	0.00392613249155219	0.00338316747791234	0.0240224101984401	0.00907014460867086	0.00906407796047377	0.0735242372706554	0.0115852758403824	0.0188662647849272	0.00544734452697333	0.000256821440343615	0.000000505554016424439	0.0000601609279545082	0.0000111221883613377	0.0000303332409854663	0.000012638850410611	0.0000106166343449132	0.000158743961157274	0.0000389276592646818	0.0000429720913960773	0.0000358943351661352	0.0000409498753303795	0.0000303332409854663	0.000185538324027769	0.0000636998060694793	0.000238115941735911	0.000365515553874869	0.00032911566469231	0.000497970706178072	0.0000156721745091576	0.000371582202071963
"YA30"	"Y"	0.000913030553662537	0.0000460054154946239	0.000901908365301199	0.000891291730956286	0.000356415581579229	0.00136752361442811	0.00247064247826623	0.00314100710404504	0.0000475220775438973	0.000102121911317737	0.0572787645068725	0.0105761900235993	0.0000353887811497107	0.006780996022301	0.0000753275484472414	0.000000505554016424439	0.00000353887811497107	0	0	0.00000202221606569776	0.0000111221883613377	0.00000556109418066883	0.0000192110526241287	0.00000151666204927332	0	0.000000505554016424439	0.0000439831994289262	0.00000151666204927332	0.0000166832825420065	0.00000202221606569776	0.000646603587006857	0.000196660512389107	0.000407476537238098	0.00000101110803284888	0.000812930858410498
"YA31"	"Y"	0.00321077355831161	0.0199334893135992	0.00852667404101459	0.00892454505194062	0.00124972952860121	0.00194183297708627	0.00552823316960124	0.0111085384028942	0.000375626634203358	0.00009908858721919	0.0761536237100789	0.0143638007146512	0.000439831994289262	0.0109235056328829	0.000161271731239396	0.00212383242299907	0.0000449943074617751	0.0000434776454125017	0.0000293221329526175	0.000825064154804684	0.0000444887534453506	0.000183010553945647	0.00339176189619156	0.00214253792160677	0.0000237610387719486	0.000153688420993029	0.00127197390532389	0.00000303332409854663	0.000106671897465557	0.000328610110675885	0.00816216959517257	0.00107278562285266	0.000975213697682743	0.00103790239571937	0.000393321024778213
"YA32"	"Y"	0.0250678959044058	0.0916240821666832	0.00284728022050244	0.0312462715391289	0.000708281177010639	0.00166276716001998	0.00115670758957912	0.0146120277367156	0.000150655096894483	0.000922130525958176	0.0274237776209437	0.00685885134083036	0.00602772053782858	0.0111302772256004	0.0000950441550877945	0.000156216191075152	0.0000657220221351771	0.000020727714673402	0.000020727714673402	0.0000626886980366304	0.0000141555124598843	0.0000444887534453506	0.000315971260265274	0.0000197166066405531	0.000020727714673402	0.000138016246483872	0.0019797495283181	0.000111221883613377	0.000102121911317737	0.0000904941689399746	0.000753275484472414	0.00081545862849262	0.000637503614711217	0.00000606664819709327	0.000339732299037223
"YA33"	"Y"	0.0293908882988512	0.0243697258077237	0.0126039671834777	0.0887510186913431	0.00176943905748554	0.00736389980323838	0.00314100710404504	0.00756207697767676	0.00615916458209894	0.000186043878044193	0.0597296903784982	0.0152368925010162	0.00528051170155326	0.00951199881902582	0.000191099418208438	0.000399893226991731	0.0000687553462337237	0.0000156721745091576	0.000163293947305094	0.000226993753374573	0.000459548600929815	0.000178966121814251	0.000994930304323296	0.000227499307390997	0.0000722942243486948	0.000488870733882432	0.000127905166155383	0.000279571371082715	0.00021637711902966	0.000969147049485649	0.000350348933382136	0.000587453767085198	0.000854386287757302	0.000318499030347396	0.00432450905649465
"YA34"	"Y"	0.0158678239135139	0.123822311918739	0.0037360441813766	0.0212474242022863	0.00188470537323031	0.00118147973638391	0.00285941351689663	0.00946144341738337	0.000107177451481981	0.000205760484684747	0.104729053380437	0.0124892064217493	0.00395292685442269	0.0000500498476260195	0.0104700236801501	0.000457020830847693	0.000130432936237505	0.00000960552631206434	0.0000419609833632284	0.0000596553739380838	0.000117794085826894	0.0001799772298471	0.00113749653695499	0.0000278054709033441	0.0000121332963941865	0.0000525776177081416	0.000291199113460477	0.00000859441827921546	0.000147116218779512	0.000192110526241287	0.000236599279686637	0.000998974736454691	0.000720414473404825	0.000167338379436489	0.000301310193788966
"YB31"	"Y"	0.017505818926729	0.025862626818225	0.0101252358409487	0.0285006076759277	0.00316881257494838	0.0138051635265022	0.00516221206170995	0.00960906519017931	0.012518528554702	0.00701102309977412	0.100791798700524	0.017760618151007	0.0149396267393586	0.000609698143807873	0.00027906581706629	0.000000505554016424439	0.000041455429346804	0.0000156721745091576	0.0000338721191004374	0.0000242665927883731	0.00000404443213139551	0.000102121911317737	0.0000318499030347396	0.0000687553462337237	0.0000283110249197686	0.0000257832548376464	0.0000237610387719486	0.00541397796188932	0.0000930219390220967	0.000241654819850882	0.000215871565013235	0.000387759930597545	0.000598575955446536	0.0000444887534453506	0.00013093849025393
"YB32"	"Y"	0.00194436074716839	0.014518500243677	0.00606765930512612	0.0358948407201516	0.00176084463920632	0.00193576632888918	0.00139381242328218	0.0673190672730619	0.0000465109695110484	0.000133971814352476	0.00911210559203409	0.00332047877987571	0.000243171481900155	0.00137005138451023	0.000109705221564103	0.00000606664819709327	0.000062183144020206	0.0000429720913960773	0.000033366565084013	0.000028816578936193	0.00000556109418066883	0.000054094279757415	0.0000682497922172993	0.0000222443767226753	0.0000192110526241287	0.0000131444044270354	0.000489376287898857	0.0000323554570511641	0.0000631942520530549	0.000109199667547679	0.000431237576010046	0.000470165235274728	0.000433259792075744	0.0000793719805786369	0.000178966121814251
"YB34"	"Y"	0.0321041967050011	0.0302958299882509	0.0304616517056381	0.0040130877823772	0.00130129603827651	0.00253838671646711	0.00833961905493754	0.076925604693159	0.000140544016565994	0.000557626080116156	0.217152133336838	0.0340728240449579	0.000308893504035332	0.0000652164681187526	0.000439326440272837	0	0.0000682497922172993	0.00000202221606569776	0.0000176943905748554	0.00000606664819709327	0.0000561164958231127	0.0000682497922172993	0.0000202221606569776	0.00000657220221351771	0.0000267943628704953	0.0000181999445912798	0.00000505554016424439	0.00000505554016424439	0.0000520720636917172	0.0000697664542665726	0.0000530831717245661	0.000250754792146522	0.000399893226991731	0	0.000100605249268463
"YB35"	"Y"	0.0390580922009193	0.0245264475528152	0.0104123905222777	0.00138926243713436	0.00059908150946296	0.000879663988578524	0.000901908365301199	0.00412228744992487	0.0414003239590137	0.000246204805998702	0.00244435366941216	0.00235385950047219	0.000282099141164837	0.00513743991490515	0.0194228797570105	0.0000257832548376464	0.000161271731239396	0.0000753275484472414	0.000335687866905827	0.00206164927897886	0.000275526938951319	0.000556614972083307	0.000720414473404825	0.0000667331301680259	0.0000834164127100324	0.000148632880828785	0.00266426966655679	0.00000252777008212219	0.000142060678615267	0.00152121203542114	0.000314960152232425	0.00178713344806039	0.001712817007646	0.0000136499584434599	0.00440843102322111
"YB36"	"Y"	0.00221584325398832	0.000390287700679667	0.0000510609556588683	0.0016652949301021	0.00149795655066561	0.00114255207711923	0.00441095879330323	0.00189329979150952	0.000057633157872386	0.000110716329596952	0.0694373386018803	0.0125362229452768	0.000245699251982277	0.0000257832548376464	0.000191099418208438	0.00000151666204927332	0.0000551053877902638	0.00000758331024636658	0.000016177728525582	0.00398730452753955	0.000413543185435191	0.0000606664819709327	0.000100099695252039	0.0000252777008212219	0.0000166832825420065	0.000041455429346804	0.000811414196361224	0.0000353887811497107	0.0000763386564800903	0.0000505554016424439	0.000101616357301312	0.00089634727112053	0.000763386564800903	0.000070272008282997	0.000183516107962071
"YB37"	"Y"	0.000639020276760491	0.000259349210425737	0.0000278054709033441	0.042064116382579	0.000361976675759898	0.0145594501190074	0.000947913780795823	0.000849836301609482	0.045878015882485	0.0000278054709033441	0.00316173481871844	0.00242767038687016	0.0025939976582738	0.00678554600844882	0.000136499584434599	0.0000106166343449132	0.0000404443213139551	0.00000404443213139551	0.000125377396073261	0.000278560263049866	0.0000636998060694793	0.000041455429346804	0.000506059570440863	0.0000278054709033441	0.0000252777008212219	0.0000176943905748554	0.0024802480045783	0.000464098587077635	0.0000525776177081416	0.000248227022064399	0.00138218468090442	0.000245699251982277	0.00135033477786968	0.0000111221883613377	0.000669859071762381
"YB38"	"Y"	0.00196357179979252	0.0310410166084605	0.0386743767024531	0.00357628911218648	0.00224516538694093	0.0024514314256421	0.00971422042559559	0.00732396103594085	0.0840256052998239	0.000152677312960181	0.165788856376148	0.0244849921234684	0.000732042215782587	0.0108582891647641	0.000294232437559023	0.000000505554016424439	0.0000272999168869197	0.0000146610664763087	0.0000146610664763087	0.000012638850410611	0.00000808886426279102	0.0000353887811497107	0.0000384221052482574	0.0000348832271332863	0.00000303332409854663	0.0000237610387719486	0.00016632727140364	0.00000202221606569776	0.0000940330470549456	0.000238621495752335	0.000215871565013235	0.000449437520601326	0.00064458137094116	0.000000505554016424439	0.000219915997144631
"YB39"	"Y"	0.00209602695209572	0.00831484690813275	0.00053639281142633	0.0140508627784844	0.000782092063408607	0.00307073509576204	0.00773598755932676	0.0316143148630859	0.00876428442873407	0.000122849625991139	0.20829937695523	0.0351951539614202	0.000386243268548271	0.0000844275207428813	0.000270471398787075	0.00000960552631206434	0.0000353887811497107	0.000020727714673402	0.0000338721191004374	0.00000252777008212219	0.00000353887811497107	0.0000581387118888105	0.00000556109418066883	0.00000707775622994214	0.0000171888365584309	0.0000626886980366304	0.0000116277423777621	0.00000707775622994214	0.0000384221052482574	0.0000480276315603217	0.000391298808712516	0.00115822425162839	0.000611720359873571	0	0.0000743164404143925
"YB40"	"Y"	0.000677947936025173	0.000138016246483872	0.0000232554847555242	0.000537909473475603	0.00009908858721919	0.000221432659193904	0.000459548600929815	0.00427648142493433	0.0000652164681187526	0.000142566232631692	0.0000187054986077042	0.000121332963941865	0.0000323554570511641	0.000215366010996811	0.000132960706319627	0	0.00000151666204927332	0.00000859441827921546	0.00000808886426279102	0.000841747437346691	0.0000358943351661352	0.0000454998614781995	0.0000596553739380838	0.00000252777008212219	0.00000252777008212219	0.00000151666204927332	0.00021637711902966	0.000191604972224862	0.00000353887811497107	0.0000262888088540708	0.000120321855909016	0.000199693836487653	0.000451965290683448	0.000000505554016424439	0.000119310747876168
"YB41"	"Y"	0.00425019261608026	0.0430914021439535	0.030127986054798	0.0440443714649135	0.00775823193604944	0.00382401058023446	0.00256012553917336	0.121972489772642	0.000936791592434485	0.000367032215924143	0.086469958969236	0.0125862727929028	0.000229521523456695	0.0000566220498395372	0.000461570816995513	0.00000505554016424439	0.0000551053877902638	0.00000202221606569776	0.0000439831994289262	0.0000419609833632284	0.00000454998614781995	0.000508081786506561	0.000354898919529956	0.0000156721745091576	0.0000156721745091576	0.0000520720636917172	0.000187054986077042	0.0000237610387719486	0.0000444887534453506	0.000200704944520502	0.000312432382150303	0.000618798116103513	0.000657725775368195	0.00000151666204927332	0.000255304778294342
"YB43"	"Y"	0.0056308606349354	0.013471497875662	0.00697563431862441	0.0481954754937746	0.00236295947276783	0.00498476260194497	0.0119841579593413	0.0110948884444507	0.0161175675976275	0.000476737437488246	0.192607991393448	0.0336360253747672	0.000435282008141442	0.0000545998337738394	0.00033366565084013	0.00000101110803284888	0.0000242665927883731	0.00000303332409854663	0.00000101110803284888	0.00126691836515964	0.0000156721745091576	0.0000156721745091576	0.0000116277423777621	0.0000111221883613377	0.0000247721468047975	0.0000262888088540708	0.0000363998891825596	0.00000252777008212219	0.0000758331024636658	0.0000404443213139551	0.0000141555124598843	0.000523753961015719	0.000421632049697982	0.000000505554016424439	0.0000111221883613377
"YB45"	"Y"	0.0352133539060114	0.0759888131007246	0.00768138772555292	0.0279733148367971	0.0201180165295941	0.000926680512105996	0.00249844794916958	0.0160831899245107	0.000115266315744772	0.00017087725755146	0.0288524732713592	0.00608282592561885	0.0116130813112858	0.0179127899099507	0.000220421551161055	0.00000151666204927332	0.0000566220498395372	0.0000187054986077042	0.0000571276038559616	0.0000515665096752928	0.0000131444044270354	0.000100099695252039	0.000102121911317737	0.0000404443213139551	0.0000212332686898264	0.0000222443767226753	0.0000717886703322703	0.00000707775622994214	0.0000844275207428813	0.000327093448626612	0.000862475152020093	0.00116378534580906	0.000547009445771243	0.00000353887811497107	0.0002027271605862
"YB46"	"Y"	0.00169916704920254	0.00433866456895453	0.000383209944449725	0.0228343582598426	0.00149542878058349	0.00174921689682856	0.0123390568788713	0.0164845998135517	0.00009908858721919	0.000827086370870382	0.00986133664437511	0.00297063540051	0.000445393088469931	0.000112232991646225	0.000691597894468632	0.0000358943351661352	0.000892808393005559	0.0000727997783651192	0.000681992368156568	0.000104144127383434	0.000116782977794045	0.000233565955588091	0.000193121634274136	0.000210816024848991	0.000103133019350586	0.000275021384934895	0.000219915997144631	0.000012638850410611	0.000349843379365712	0.00109048001342751	0.000158743961157274	0.00049544293609595	0.000895336163087681	0.0000313443490183152	0.00447920858552053
"YB47"	"Y"	0.0155028139136554	0.00271937505434706	0.0000257832548376464	0.00241806486055809	0.000579870456838831	0.00673094617467498	0.00175781131510777	0.00130786824049002	0.000160766177222972	0.0000389276592646818	0.0256270386465712	0.00488921289284075	0.0000960552631206434	0.0000470165235274728	0.0000606664819709327	0.0000353887811497107	0.0000227499307390997	0.00000252777008212219	0.00000960552631206434	0.000016177728525582	0.00000151666204927332	0.0000687553462337237	0.000239632603785184	0.0000232554847555242	0.0000222443767226753	0.0000874608448414279	0.0000278054709033441	0.0000121332963941865	0.000028816578936193	0.000267438074688528	0.00028361580321411	0.000182504999929222	0.000301310193788966	0.0000232554847555242	0.000376132188219783
"YB50"	"Y"	0.0265835468456463	0.0201448108924646	0.00382249391818518	0.0301633748359477	0.00125680728483116	0.000670364625778806	0.00112839656465935	0.0181266392588983	0.000309904612068181	0.000167843933452914	0.019188808247406	0.00503279023350529	0.000207782700750444	0.00609698143807873	0.000562176066263976	0.000451965290683448	0.000294232437559023	0.0000394332132811062	0.00010818855951483	0.000334171204856554	0.00124619065048624	0.000267438074688528	0.00049999292224377	0.000408487645270947	0.0000510609556588683	0.000582903780937378	0.000224465983292451	0.000956002645058614	0.0000930219390220967	0.0006309314124977	0.00009908858721919	0.0006081814817586	0.000884719528742768	0.00000353887811497107	0.00157328409911285
"YB52"	"Y"	0.000744681066193198	0.0313949044199577	0.00444533646642009	0.0141464124875886	0.0136833250085439	0.00120119634302447	0.00561973844657406	0.00565462167370735	0.0000849330747593057	0.000187560540093467	0.0880685207691701	0.0142318511163644	0.000165316163370792	0.000012638850410611	0.000188571648126316	0	0.000012638850410611	0.00000606664819709327	0.0000136499584434599	0.00000151666204927332	0.00000556109418066883	0.0000879663988578524	0.0000328610110675885	0.0000131444044270354	0.00000960552631206434	0.0000768442104965147	0.00000101110803284888	0.00000454998614781995	0.0000586442659052349	0.0000692609002501481	0.000577848240773134	0.00115367426548057	0.000584925997003076	0.0000257832548376464	0.000118805193859743
"YB54"	"Y"	0.00698119541280508	0.0427370087784399	0.00232554847555242	0.0226265755590922	0.0036263389598125	0.0126575559092187	0.00481489645242636	0.0362820950967327	0.000137510692467447	0.000449437520601326	0.0936715759332022	0.0176205796884574	0.000447920858552053	0.00142566232631692	0.00253990337851638	0.00000202221606569776	0.0000262888088540708	0.00000353887811497107	0.0000116277423777621	0.00000303332409854663	0.00000808886426279102	0.000187054986077042	0.000012638850410611	0.0000242665927883731	0.0000141555124598843	0.0000111221883613377	0.0000566220498395372	0.000215366010996811	0.0000712831163158459	0.000110210775580528	0.000206771592717596	0.000671881287828079	0.000482804085685339	0	0.000190088310175589
"YB55"	"Y"	0.0147171829721318	0.0297240483956749	0.00126995168925819	0.0130690768785882	0.00199542170282726	0.00720566139609753	0.00489679620308711	0.00745186620209623	0.0477126714080893	0.00125933505491328	0.0847960696208547	0.0149765321825576	0.00531792269876867	0.00315819594060347	0.00156216191075152	0.00238368718744123	0.00110412997187097	0.0000166832825420065	0.000200199390504078	0.00013093849025393	0.0000303332409854663	0.000223454875259602	0.00406414873803606	0.000354393365513532	0.0000424665373796529	0.000645086924957584	0.000694631218567179	0.000185032770011345	0.000173405027633583	0.000413037631418767	0.00137814024877302	0.00120321855909016	0.00100706360071748	0.0000212332686898264	0.000553581647984761
"YB56"	"Y"	0.0524274681652636	0.0427885752881152	0.0187570651173795	0.0148016104928747	0.00260056986048731	0.00310359610682963	0.00574916027477872	0.00720566139609753	0.00506716790662215	0.000125882950089685	0.133836831430091	0.0242205873728784	0.000417082063550162	0.0168900541347241	0.00159755069190123	0.0000116277423777621	0.0000293221329526175	0.00000505554016424439	0.00000960552631206434	0.00000960552631206434	0.00000151666204927332	0.000163293947305094	0.0000449943074617751	0.0000298276869690419	0.0000176943905748554	0.0000232554847555242	0.0000136499584434599	0.00000454998614781995	0.0000808886426279102	0.000128410720171807	0.000152677312960181	0.000713336717174883	0.000538920581508452	0.0000960552631206434	0.000173910581650007
"YB57"	"Y"	0.0302907744480867	0.0215224455872212	0.00559243852968714	0.0129775716016153	0.00103284685555513	0.00658686327999401	0.00224920981907233	0.0206761481637267	0.00195447182749688	0.00133314594131125	0.0431272964791196	0.0090317225034226	0.0248874131205423	0.00366526661907718	0.000149138434845209	0.0000869552908250035	0.000257832548376464	0.0000267943628704953	0.000240643711818033	0.0000343776731168618	0.0000490387395931706	0.000206266038701171	0.000319004584363821	0.000100605249268463	0.0000187054986077042	0.000262382534524284	0.0000197166066405531	0.000459043046913391	0.000304343517887512	0.000248227022064399	0.000229521523456695	0.000462076371011937	0.00046359303306121	0.0000217388227062509	0.00064913135708898
"YB59"	"Y"	0.0552813205879795	0.0553551314743775	0.00534218929155705	0.00267589740893456	0.00218551001300285	0.00333210652225348	0.00537555585664106	0.0107212840263131	0.00528758945778321	0.000298782423706843	0.0848754416014333	0.0143890784154724	0.000289682451411203	0.0154825917529984	0.00793669250384727	0.00000859441827921546	0.0000181999445912798	0.00000808886426279102	0.0000363998891825596	0.00140796793574206	0.0000869552908250035	0.0000692609002501481	0.000392815470761789	0.000041455429346804	0.00000758331024636658	0.0004054543211724	0.00457930828077257	0.00034731560928359	0.00012183851795829	0.0000449943074617751	0.000780069847342909	0.000724458905536221	0.000549031661836941	0.00000454998614781995	0.0000894830609071257
"Z03"	"C"	0.000107177451481981	0.00000707775622994214	0.0000227499307390997	0.0000839219667264569	0.000016177728525582	0.000133466260336052	0.0000313443490183152	0.00142364011025122	0	0.00000808886426279102	0.0000176943905748554	0.0000131444044270354	0.00000556109418066883	0	0.0000267943628704953	0.00000556109418066883	0.00000505554016424439	0.000000505554016424439	0.00000202221606569776	0.353870117106532	0.00108997445941109	0.0000389276592646818	0.0734529541543396	0.0000171888365584309	0.00000353887811497107	0.00000303332409854663	0.0023685205669485	0.0112389713391317	0.00000606664819709327	0.0000192110526241287	0.000675925719959475	0.000149643988861634	0.00579870456838831	0.0000520720636917172	0.000730525553733314
"Z04"	"Y"	0.00985880887429298	0.000363493337809172	0.000505048462408014	0.0131833320863001	0.000975719251699167	0.00270521954188717	0.00211978799086767	0.0071844281274077	0.00960400965001507	0.00239329271375329	0.0210507636898972	0.00450094740822678	0.00279419704877787	0.00309601279658326	0.0081318363541871	0.000399893226991731	0.000340743407070072	0.0000141555124598843	0.00011273854566265	0.00088269731267707	0.0000965608171370678	0.000127905166155383	0.000796753129884916	0.0000313443490183152	0.0000272999168869197	0.000090999722956399	0.000412532077402342	0.000627898088399153	0.0000662275761516015	0.00037360441813766	0.000390287700679667	0.000542965013639847	0.000668342409713108	0.000201716052553351	0.000266932520672104
"Z06"	"L"	0.000275021384934895	0.0046379525466778	0.000299793531739692	0.000998469182438267	0.000311926828133879	0.00124619065048624	0.00023457706362094	0.0102915631123523	0.0000090999722956399	0.000219915997144631	0.00214203236759035	0.000595542631347989	0.0000798775345950613	0.00000960552631206434	0.000662275761516015	0.00324515123142847	0.0000242665927883731	0.0000197166066405531	0.0000237610387719486	0.00322897350290289	0.000632448074546973	0.0000970663711534923	0.000807369764229829	0.0000136499584434599	0.00000960552631206434	0.000120321855909016	0.00205052709061752	0.00000252777008212219	0.0000672386841844504	0.000219915997144631	0.000313443490183152	0.000402420997073853	0.00210563247840779	0.0000389276592646818	0.000407476537238098
"Z07"	"L"	0.020058361155656	0.00236498168883353	0.00123810178622345	0.0127733277789799	0.000466120803143333	0.00203991045627261	0.000367032215924143	0.0295223323431215	0.000110210775580528	0.000710808947092761	0.00279318594074502	0.0022942041265341	0.00171585033174455	0.0010176802350624	0.0000940330470549456	0.00120675743720514	0.00076995876701442	0.0000667331301680259	0.000510609556588683	0.0124341010339591	0.000250249238130097	0.000361976675759898	0.00146105110746663	0.000622336994218484	0.000151666204927332	0.000843264099395964	0.000237104833703062	0.00181595002699658	0.000185032770011345	0.00177297793560051	0.000517181758802201	0.00617888118873949	0.00131797932081851	0.00000454998614781995	0.00686744575910958
"Z09"	"C"	0.000151666204927332	0.000134982922385325	0.000261876980507859	0.0000798775345950613	0.0000647109141023282	0.000549537215853365	0.000012638850410611	0.00117591864220324	0.00000252777008212219	0.0000950441550877945	0.0000743164404143925	0.000192110526241287	0.00000404443213139551	0.000235588171653789	0.000554592756017609	0.000615764792004967	0.0000717886703322703	0.0000181999445912798	0.000409498753303795	0.000803325332098433	0.0008336585730839	0.000491398503964555	0.0258535268459294	0.0000197166066405531	0.0000293221329526175	0.000127399612138959	0.00343827286570261	0.00000505554016424439	0.0000935274930385212	0.000827086370870382	0.0157151466005537	0.00111676882228159	0.00639273053768703	0.000090999722956399	0.00158592294952346
"Z10"	"L"	0.000597059293397262	0.000704236744879243	0.000251765900179371	0.000341248961086496	0.000407476537238098	0.000735075539881134	0.0000520720636917172	0.00237559832317844	0.0000252777008212219	0.000148127326812361	0.000386243268548271	0.00063548139864552	0.000134477368368901	0.00103183574752228	0.000978247021781289	0.000586948213068774	0.0020252493897963	0.0000272999168869197	0.000262382534524284	0.000323049016495216	0.0000596553739380838	0.000915052769728234	0.00184122772781781	0.000473198559373275	0.00014458844869739	0.00492561278202331	0.0000798775345950613	0.00176337240928844	0.000259854764442162	0.000782597617425031	0.000872080678332157	0.00198733283856447	0.000888258406857739	0.000818491952591167	0.00588363764314762
"Z11"	"C"	0.000020727714673402	0.0000121332963941865	0.00000101110803284888	0.000016177728525582	0.00000707775622994214	0.000041455429346804	0.00000808886426279102	0.0000647109141023282	0.00000151666204927332	0.0000111221883613377	0.00000353887811497107	0.0000136499584434599	0.00000252777008212219	0.00000151666204927332	0.00000454998614781995	0.00352067817037979	0.00699130649313357	0.0000439831994289262	0.149431150620719	0.13203705913162	0.000244182589933004	0.00374059416752442	0.00789270930441834	0.00359095017866279	0.0179704230678231	0.00534926704778699	0.00340136742250362	0.00375626634203358	0.00111879103834728	0.00134578479172186	0.00572539923600677	0.0050019514385034	0.000799786453983462	0.0000262888088540708	0.00666219082844126
"Z12"	"Y"	0.00280178035902424	0.00426434812854014	0.00599334286471172	0.0374873358718886	0.00118805193859743	0.00222696544234965	0.00279015261664648	0.0102945964364508	0.000154193975009454	0.000686036800287964	0.0597478903230895	0.0121388574883672	0.000339732299037223	0.00634520846014313	0.00060363149561078	0.000294737991575448	0.000454493060765571	0.0000242665927883731	0.00016177728525582	0.0107637505636927	0.0000111221883613377	0.000436293116174291	0.000300804639772541	0.000251765900179371	0.000036905443198984	0.00267994184106595	0.0000424665373796529	0.0000090999722956399	0.000116277423777621	0.00046814301920903	0.0000616775900037815	0.00104548570596574	0.000590992645200169	0.000214354902963962	0.000450954182650599
"Z14"	"Y"	0.0361880620496778	0.0123693901198567	0.0119391636518795	0.0379640733093768	0.00113547432088929	0.0126585670172515	0.00215214344791884	0.00920209420695764	0.00208642142578366	0.000285132465263384	0.0301932025229168	0.00702618972026685	0.000446909750519204	0.00165316163370792	0.010815317073368	0.00112182436244583	0.000550548323886214	0.0000439831994289262	0.00108643558129612	0.0639475275375273	0.000610709251840722	0.000935780484401636	0.000356415581579229	0.000987852548093354	0.000267943628704953	0.000551053877902638	0.000397871010926033	0.000758331024636658	0.00019362718829056	0.00176084463920632	0.000142566232631692	0.00321077355831161	0.00112283547047868	0.00000353887811497107	0.00743417181152137
"Z15"	"C"	0.000794225359802794	0.0000500498476260195	0.0000247721468047975	0.00164962275559294	0.000480276315603217	0.00125427951474903	0.00133719037344264	0.00138167912688799	0.000049544293609595	0.00362178897366468	0.00670010737967309	0.00131595710475281	0.0000636998060694793	0.0000454998614781995	0.0000323554570511641	0.000195143850339833	0.0000283110249197686	0.0000106166343449132	0.0000566220498395372	0.000691597894468632	0.00012183851795829	0.000107683005498405	0.00260966983278295	0.0000106166343449132	0.000016177728525582	0.0000561164958231127	0.0159269737334355	0.000384221052482574	0.0000616775900037815	0.0000834164127100324	0.0166135160877399	0.000508587340522985	0.000739625526028954	0.000407982091254522	0.000455504168798419
"Z16"	"E"	0.000661264653483166	0.00396506015081687	0.00036450444584202	0.000659242437417468	0.000372087756088387	0.00230835963899399	0.000136499584434599	0.00417284285156732	0.000262888088540708	0.000244182589933004	0.00126489614909395	0.000515665096752928	0.000162282839272245	0.00280127480500782	0.00680121818295798	0.0000925163850056723	0.000228004861407422	0.0000298276869690419	0.0000904941689399746	0.0000171888365584309	0.00000606664819709327	0.000665814639630986	0.000362482229776323	0.000100605249268463	0.0000904941689399746	0.000133466260336052	0.000203232714602624	0.00230987630104326	0.000199693836487653	0.00115721314359554	0.0000090999722956399	0.00181140004084876	0.000449437520601326	0.0000146610664763087	0.00355050585734883
"Z17"	"C"	0.0000763386564800903	0.000134477368368901	0.0000146610664763087	0.000190593864192013	0.0000920108309892479	0.000152171758943756	0.00000859441827921546	0.000111727437629801	0.000028816578936193	0.00000151666204927332	0.000041455429346804	0.0000171888365584309	0.00000151666204927332	0.0000278054709033441	0.00000202221606569776	0.0204749376651898	0.000283110249197686	0.0000950441550877945	0.000438820886256413	0.000200704944520502	0.000259854764442162	0.000823547492755411	0.034741166454671	0.000560659404214703	0.000551053877902638	0.000287660235345506	0.000699686758731423	0.00497212375153436	0.000327093448626612	0.00867783469192549	0.0922176025819655	0.00170573925141606	0.0028361580321411	0.00281593587148412	0.0587120101434358
