	A04	A13	A15	A18	A25	C03	C11	D01	D05	D06	D09	D16	E11	G01	G11	G18	G20	G21	G22	G28	G29	G31	G32	G33	G42	G43	G46	H02	H03	H04	H05	H06	I02	I03	I04	I06	I07	I09	I13	I14	K09	K17	K23	K26	K31	K32	K34	K42	M01	M08	M11	M17	M18	M20	M21	P01	P02	P03	P14	P22	P23	P26	P30	X01	X02	X03	Y07	Y08	Y09	Y19	Z03	Z09	Z10	Z11	Z16	Z17	B01	B02	B03	B04	B07	B08	B09	B12	B13	B14	B15	B19	B22	B23	B24	B25	B26	B27	A01	A02	A07	A09	A11	A12	A17	A19	A20	A22	A23	A24	A27	A28	A33	A34	A37	C02	C04	C14	D02	D03	D10	D18	EA44	EA47	EA48	EA49	EA50	EA51	EA53	EA54	EA55	EA57	EA58	EA60	EA61	EA63	EA68	EA70	EA72	EA73	EA76	EB01	EB02	EB03	EB04	EB05	EB07	EB08	EB09	EB10	EB13	EB16	EB17	EB20	EB21	EB24	EB28	EM03	EM12	EM22	EM25	EM27	EM30	EM32	EM33	EM34	E04	E06	E07	E10	E12	G02	G06	G09	G19	G26	G27	G30	G37	G39	G47	H07	I01	I05	I12	I15	K01	K03	K07	K10	K14	K15	K16	K21	K22	K27	K36	K40	K43	K46	M02	M03	M04	M07	M12	M14	M15	M16	P15	P24	P27	P31	X04	X05	YA02	YA03	YA04	YA06	YA07	YA10	YA11	YA12	YA13	YA14	YA16	YA19	YA21	YA23	YA26	YA28	YA29	YA30	YA31	YA32	YA33	YA34	YB31	YB32	YB34	YB35	YB36	YB37	YB38	YB39	YB40	YB41	YB43	YB45	YB46	YB47	YB50	YB52	YB54	YB55	YB56	YB57	YB59	Y06	Z04	Z06	Z07	Z12	Z14	Z15	CA11	CA13	CA25	CA9	CB03	CM15	CM17	CM21	OA11r1	OA13r1	OA7r2	OA9r1	OB03r2	OB05r2	OB18r1	OB24r1	OM15r2	OM17r2	OM21r1	CA40A	CD21A	CD22A	CD23A	CD24A	CD25A	CD26A	CD27A	CD28A	CD29A	CD30A	CE19A	CG50A	OG24B2A	CK05A	CK51A	CK52A	CK28A	CM28A	CM29A	CM30A	CM31A	CM32A	CM33A	CM34A	CM35A	CM36A
Gp_MJ4_197	1860	11	0	65	7	87	15	0	5	1	21	82	49	10	32	2	25	4	4	5	4	31	22	68	2	11	22	3	6	3	47	2	117	0	13	605	386	68	22	25	36	5	0	0	2	0	17	3	1	81	1	2	63	1287	7	0	244	2	30	5	26	41	1	7	10	0	469	0	1	753	0	5	50	3	520	57	35	378	554	3218	71	51	31	123	289	31	221	1114	15	181	710	27	16	11	653	43	726	10	702	17311	43	15	104	139	30357	423	66	13	57	1282	163	16	9280	217	342	3111	8	225	0	13235	141	349	8	123	1213	4512	74	37	6349	277	773	3282	2143	2606	876	309	4512	744	397	220	626	59	906	730	447	442	147	401	128	212	7065	3838	126	92	3437	263	718	357	1289	328	8347	432	123	2934	62	193	31	125	38	104	1223	34	39	40	974	1212	22	6074	22	147	54	112	502	126	39	261	291	287	193	2625	1120	2449	27	52	14	153	6840	9	2463	10	10	40	208	469	128	156	157	2208	3524	1611	9617	2850	577	2337	1244	1702	52440	153	5711	2999	81	399	163	21325	208	293	17941	94	743	298	12183	212	24762	92	278	81891	114	90748	166205	17336	129	1853	31881	228	196	318	613	168	272	94377	10023	3866	10459	32	18997	18	218	305	4127	98	164	20	89	144	2950	558	118	15	19711	44	320	214	174	275	558	57	294	10148	194	45	4	13	2	134	13	47	6	8	11	8	1	3	54	26	17	101	34	24	15	22	13	69	106	7	28	13
Sg_A22_3	1	14	0	3	0	18	8	1	0	1	3	107	1	0	0	1	9	0	2	5	2	39	0	10	0	156	2	0	28	6	9	0	4	0	2	50	18	39	3	112	3	19	1	1	0	0	7	2	1	12	0	5	6	0	1	1	0	0	24	7	47	3	527	7	4	0	5	0	23	43	991	9	24	9	18	0	7	29	10	271	28	40	48	311	53	225	42	24	76	97	98	8	77	5	28	29	3	33	30	51	49	130	6	293791	179	5	5	30	2	56	46	11	24	30	55	28	15	105	427	68	34	7	51	176	17	26	80	60	127	9	35	62	19	57	76	172	50	31	59	158	40	123	69	15	5	178	220	379	140	35	43	50	89	35	29	58	93	36	485	373	41	9	391	10	49	34	1266	58	32	143	35	80	29	27	20	31	25	35	12	15	4	74	44	53	37	33	13	22	49	7	35	64	12	15	11	50	109	43	37	170	43	99	5	20	59	3	27	54	38	44	47	38	294	60	228	42	40	52	35	539	10	121	18	11	169	28	59	67	51	22	62	19	77	56	205	37	12	32	131	16	749	62	108	51	1	409	26	3	223	15	63	95	36	73	17	42	11	57	8	581	126	0	129	187	25	19	7	6	16	38	44	193	36	300	12	9	151	28	289	25	3	69	3	3	16	2	7	9	21	1	17	79	272	24	10	34	45	11	30	21	13	102	9	4	16	7
Sg_A22_8	8465	969	936	1798	519	5334	2179	888	952	428	6403	9225	1965	115	1582	326	15120	1366	678	1879	2555	9988	1148	7052	276	4823	21017	619	2918	617	3421	615	1515	124	2600	14615	17576	5990	1013	84	1751	885	222	102	99	882	1021	2077	438	12802	121	1131	6087	8425	2083	256	2596	1262	5019	387	2510	2692	1098	524	496	356	8268	617	636	13470	482	2563	5627	188	6776	653	9069	25184	54219	158698	1751	4674	25589	119250	85085	12285	84331	32863	4729	37996	5591	3115	8709	4064	9247	7978	2048	1524	17421	68644	2202	177	2254	39405	45891	7135	13142	3172	89629	8282	2603	9652	25031	54401	162729	20844	3570	80262	14	35847	37488	14579	9867	122069	34204	4659	118611	46195	22187	22021	39439	16421	49533	111652	38854	87037	48172	19178	27641	114856	8969	49219	251972	90843	117651	124142	14114	220670	64739	77760	95045	331910	97812	95139	105807	442507	47026	50924	165539	460373	28610	789196	1562	10765	5381	42560	1152	27432	15476	20744	22931	22173	12038	5129	2830	10886	8649	115251	13131	93413	97275	16476	144152	63329	2369	202739	22985	21420	21248	17876	174790	63484	3496	27192	7903	99359	55351	4249	27368	4423	20634	17472	11676	54416	303989	32065	33689	95669	18275	31461	32693	76320	200751	69700	71767	41973	42585	142957	132373	72810	7637	52864	155056	110134	382468	173397	135458	20781	40398	28277	80913	77268	175057	164006	111207	9542	30533	73484	68400	94758	617	39860	372172	129061	33785	14251	48811	39381	76745	74225	83359	57417	220322	6095	159190	13925	13229	178182	53715	134407	64749	4387	1312	86181	153816	43353	16351	4656	58162	14644	20662	46840	105253	162921	74400	27294	285714	154893	14409	4098	1503	6557	6810	2972	1425	1355	592	338	2989	1989	378	980	42399	2185	2830	3194	12680	2009	2337	1705	6729	8719	1985	1657	3425	3469
Sg_A27_31	2024	48	11	939	34	1964	492	6	460	95	373	2651	248	66	360	27	2593	135	38	749	251	2644	83	1428	115	224	1531	13	1521	28	708	91	323	6	138	2562	1622	1083	99	860	541	51	24	5	8	51	690	350	42	494	28	227	834	1934	252	87	126	62	2119	20	824	1204	38	77	54	6	1178	7	58	1024	212	300	1181	41	1308	151	35871	12662	13083	4968	544	7791	15904	3577	2124	636	10151	19777	392	1957	3043	125	2148	841	2321	1693	2504	367	13511	84245	285	123	697	1271	8779	6080	16639	2954	720	4562	632	8536	116606	50059	3909	1539	394	36118	22	121682	12313	10491	2485	2572	2996	25152	1724	4645	2681	4309	45650	33089	26675	8604	58064	5657	49006	1690	15267	7209	11145	10027	11375	3711	21350	3966	12755	67395	5626	3124	26606	82090	20603	23807	4836	5438	20560	33709	9834	3422	39563	88654	883	11774	1682	3704	875	2163	3842	1071	1985	5343	2320	2385	4887	6589	500	15349	1704	1610	1473	1216	39358	16091	852	25026	38607	36690	77833	9301	75917	22469	1104	715	536	65857	13412	1244	48004	298	706	813	1922	5198	3549	21236	3026	9363	798	4194	43460	105654	100486	56538	107717	22113	48297	2525	40991	7042	376	120854	83331	5382	4708	22176	48201	1806	6351	49585	58136	31387	34627	3846	63503	77258	4383	1264	3884	4146	1341	8407	11138	69653	3361	30665	52583	1473	13809	29111	103703	59916	109348	1595	19501	544	39676	5542	71581	1571	1867	2749	757	924	15025	15367	8881	851	15003	4844	8212	126264	51366	6568	44024	678	100223	17555	2309	358	533	887	1078	518	271	418	53	216	143	90	39	73	2328	224	738	3368	1074	600	377	332	3157	1458	709	1802	785	639
Sg_B04_2	145	295	36	348	65	17810	107	10	732	1464	4576	2796	2165	5	1120	623	3648	1497	1380	2242	1369	8138	257	1346	103	384	24510	411	1034	882	3155	92	356	2	388	4346	2438	2329	37	2	117	527	41	21	3	137	466	288	207	5883	81	166	6502	9483	255	38	2289	929	10135	19	2230	2208	18	84	456	91	5821	206	195	158	14	267	1393	24	7843	266	466	4768	8585	44362	143	7693	4049	401	565	86	8154	4421	8984	10033	6977	1876	171	734	7389	5266	3969	261	6154	17240	81	51	940	185	9136	6292	846	3716	103	5892	142	8012	3030	1352	61031	6353	8178	23378	2	67515	8087	406	73598	445	27785	13613	28080	3601	109957	8533	14454	33580	3664	14612	43392	4567	21684	7785	20567	53942	9420	598	15390	8201	2467	13463	67428	25659	36247	7079	2450	68151	47903	13632	13603	248	22276	34962	409	2368	9277	43249	48	10672	791	13073	351	1276	1387	203	4399	1544	7951	5359	3282	3730	2641	20587	65	3087	163	247	81779	52154	823	81257	7322	7746	3125	15783	1239	10902	115	1399	4451	184693	29502	441	13757	141	5734	9297	1600	4682	48060	3835	47069	53517	746	12698	11481	34282	534	110315	19968	69513	52134	32886	51501	1462	153	30154	58742	35384	804	14724	123696	91	39429	181235	48204	244924	51157	28718	59926	48514	772	513	61400	16447	273	85236	26647	150308	8582	5379	39847	62100	84535	58795	84637	42572	109494	6348	719	9174	4678	8435	24467	99	19516	32879	123	113	3008	2323	3194	609	28378	17361	13165	420	43740	45675	20572	1534	24783	84582	2513	438	185	673	1075	2644	755	210	2743	88	314	922	69	95	11031	346	897	2204	5000	206	919	1476	2055	2268	1838	2011	1820	893
Sg_B07_50	51	173284	2126	12486	3842	178	341	487	9664	23	1205	4975	226	13621	727	955	177	1330	1160	804	92	81	23	55	69	15	61	901	47	1175	633	185	221	52	868	15	92	58	264	2	964	597	46633	26	7209	521	196	485	1087	67	65	482	434	44	1206	297	47	670	37	1445	317	2970	109	1355	163	600	58	124095	14	21	7	58	286	35546	179	1090	198	43	104	71	12635	646	154	15	40	5	32	103	19863	8	393	11	550	4	18	65	1045	4112	68	86	441	147	408	10	369	259	61	42	33	22	139	26	112	53	19	149	0	17	7	68	165	106	21	50	66	84	17	9	13	146	84	50	86	63	62	4	23	99	31	13	263	25	15	30	141	8	55	17	69	1009	458	17	170	54	30	2	46	0	15	93	108	24	3	74	18	88	4	113	80	63	29	109	124	4	149	30	2	50	29	485	17	31	27	10	706	20	66	50	248	62	52	58	978	4121	49	61	49	60	303	607	5	2	19	9	16	4501	64	35	23	443	68	58	64	79	21	43	80	12	38	33	15	84	5	44	11	19	71	0	47	41	143	24	56	38	53	165	33	50	6	34	5	31	49	42	204	44	101	19	28	84	35	37	15	31	54	19	300	73	530	32	29	41800	3549	127	34	29	105	1365	42	164	193	33	50	17	231	2	17	46	615	1426	192	562	18	115	950	454	356	1738	644	2646	68	666	16	247	281	605	43	59934	1199	39	448	3200	1397	457	754	104
Sg_B07_53	2043	13289	1180	19022	29234	7572	1134	8010	972	235	170	1463	448	1262	264	4895	1034	78	157	313051	696	952	20	11931	118	3039	307	155466	1378	498	2853	1	307	1245	4165	4460	297	1746	2765	46443	438389	361	62185	5101	1370	167	175839	628	78421	304	830	1711	336	58	944	1304	49	35	12	18273	372	651	579	36832	489	1986	819	249	314	268	699965	1589	639	261173	34	397	275	784	470	53	121164	97776	194	325	132	824	432	5841	453	175	772	41154	11202	89	659	452	38105	104617	119	178	19571	307667	806	2578	5219	1588	3186	544	469	1471	8299	28484	45022	151	739	3299	9944	2242	19401	6600	410	2616	7648	1327	662	13760	951	324	78	2900	853	35309	210	69	79	26	19	2057	282	98	595	2385	80	471	182	22	3409	66	1237	278	22	166	23840	126439	1584	4456	75	26	1441	140	191	3	64395	16405	80827	206	5645	718	73134	11221	1876	37518	974	1859	947	1144	5892	879	33081	19803	30103	4838	344	2167	343473	1031	35	53	261	3098	832	453	90512	1888	2818	28	49	482	216	47587	10430	13184	1149	42	1397	2294	703	432	1108	1307	608	991	13	24	115	62	22	807	374	252	1	3337	9	132	39	9754	25	4	1632	124	449	118	48	57	12	4078	7887	551	25	5	1665	83	2506	102	206	32	661	3	6	259	19	68	2785	35	1746	6387	24595	21291	126490	1368	333	1396	332655	10166	247	22909	20377	748	244	336	533	8269	119	9587	408	19	118	1506	892	787	771	571	2554	5522	162897	1529	19720	1014	231	929	1761	5338	665	2123	14737	4927	2298	957	310792	935	1441	60090	8398	984	115223	1258
Sg_B07_62	696	1588	321	583	180	53	200	1808	17	4	99	92	9	568	32	201	90	539	10	207	388	146	5	104	11	53	102	114	454	147	20	21	6	427	185	31	29	373	66	834	1651	164	514	541	54013	24	121	16	997	48	184	68	23	32	1016	23	32	14	5	94	20	267	61	1377	40	45	256	13	48	12	524	61	27	22415	23	42	17	39	342	10	45105	196	9	25	65	29	55	76	144	4	42	209	518	10	94	30	1513	133	36	18	337	260	191	45	67	221	309	45	202	60	29360	486	100	17	2660	177	402	36	1	29	216	777	3	511	83	683	80	1	6	226	46	26	278	13	20	10	5	53	21	4	398	70	1	24	9	6	147	14	109	28	18	49	43	8889	37	7	5	7	145	43	409	1	156	814	246	60	378	543	169	1162	186	145	67	227	48	40	604	164	419	262	172	1305	2	28	1903	44	11	20	982	24	173	179	258	434	734	14	22	10	27	15011	111	245	235	3	177	16	40	70	346	94	101	180	6	7	26	23	8	62	25	12	0	7	4	4	1	197	6	2	174	89	35	25	25	9	10	220	35	1456	2	8	19	14	9	32	15	1	23	10	7	30	3	3	131	15	61	482	24	194	17	606	1021	41	261	21	10	369	54	422	146	33	347	1276	52	43	29	2	14	20	39	76262	64	12	90	312	449	175	1188	515	50	1020	747	693	790	969	174	505	107	111	2089	166	457	119	709	1557	279	177
Sg_B15_35	140	26	9	34	13	94	87	2	10	15	37	271	27	4	28	26	994	20	17	33	21	249	198	112	3	1234	113	9	887	3	86	26	43	3	307	333	137	34	17	4215	633	149	2	5	5	5	139	88	6	95	2	19	95	65	33	6	5	66	77	9	4216	34	117	13	26	5	189	6	116	3523	34	48	71	7	691	19	153	179	533	1990	46	89	853	9538	9282	16161	22637	507	4920	1146	220	20	145	246	234	287	64	78	148	249	41	1742	77	808	301	391	60	1955	75	183	250	31	251	437	3564	638	71	794	14	1923	101	409	191	24676	120	173	3936	148	218	125	734	248	1007	382	415	3098	21657	1116	140	154634	530	7157	2873	66064	291	97504	4682	3529	836	956	1214	581	255	9282	264	18282	945	81100	233	48985	764	733	797	247	292	275	8812	946	444	1237	287	649	701	126	111	173	726	347	72	381	56	2209	456	315	588	497	281	291	1339	169	1038	1295	61	78	62	1983	2389	48	183	74	102	135	103	15169	2491	284	365	975	130	2175	215	479	3213	496	952	340	464	29964	308	452	21	146	242	814	1440	618	1302	1181	302	136	246	875	680	17732	886	224	621	53	15856	7796	1104	786	1989	366	247	191	180	510	842	443	3896	2652	2587	1971	381	754	211	1141	188	317	256	99	112	71	1043	142	176	88	269	178	151	660	508	67188	1152	10326	737	433	7226	253	32	248	38	549	62	93	63	29	763	41	44	23	4172	86	213	285	154	329	117	132	2563	215	235	22	41	227
Sg_B19_58	121	1308	421	784	755	1704	448	47	9065	1021	1155	388	5823	1965	570	5590	168	817	467	399	407	507	45	170	230	32	21842	296	124	1233	786	66	2298	253	445	51	135	220	426	8	4971	272	14184	34	1001	249	329	2418	1113	420	36	684	235	147	893	680	1021	610	906	417	397	191	2238	607	9278	227	17288	5517	33	23	70	186	258	2827	423	173	41	63	107	65	133	420	202	22	7	7	63	18955	2223	21	361	29	1108	5	38	142	235	317	76	2073	71	73	269	2	93	2015	107	26	1164	64	92	72	49	119	29	559	14	60	5	214	492	200	17	22	84	101	47	25	41	75	78	148	78	1015	47	5	26	177	127	18	523	115	20	15	123	36	849	118	2662	9320	50	49	224	84	178	16	89	28	34	20	152	7	3	3337	32	64	22	188	137	221	61	130	123	18	115	129	15	25	76	201	24	65	73	66	8240	82	73	67	105	17040	80	129	53	255	92	106	38	1303	183	215	3405	25	122	19	54	217	268	54	60	3875	3721	56	19	59	38	31	60	33	38	70	1	31	36	2139	6	42	61	1	45	45	160	100	48	85	13	196	134	48	36	72	16	40	15	81	17547	29	3121	12	56	233	3611	14439	44	17	7825	139	10223	3179	8598	47	35	6041	161	18	28	169	536	682	2488	269	186	36	49	30	4107	0	19	96	267	1755	180	293	65	131	1542	374	146	240	694	730	36	701	47	254	585	690	42	2620	730	58	276	494	980	457	418	251
Sg_CA25_14	4086	7001	89	437	60329	978	218	101	19873	11	1747	45246	4412	20922	512	52859	143	136268	110	10701	99	166	91	329	121	39	62	526	54	1013	796	23	136	443	342992	116	552	93	185	3	2866	208	87797	961	7010	2899	2616	3975	52414	98	16	2074	945	41	35948	38648	24	1869	64	1315	3575	3268	45935	107756	502	1640	89	112580	2837	42	8	138	278	29268	383	1499	1208	148	1942	378	10592	59521	144	54	128	9	106	4286	136683	102	703	26	79	10	103	247	1651	1373	110	466	105	126	2870	23	707	4508	76	28	23	76	49	32	144	71	468	180	10	147	5	100	4089	2128	107	61	62	90	51	30	65	86	248	87	392	195	316	141	100	3226	63	217	4949	63	122	109	159	52	224	125	124	2470	158	144	156	998	278	53	226	37	63	22	102	81	18	361	24	113	25	180	89	184	2061	121	372	11	332	45	11	65	65	80972	47	27	263	138	2130	224	191	151	440	254	122	122	75	928	28	76	113	204	259	119	122	42	104	29	40	5645	277	357	66	598	1000	144	154	221	188	171	214	133	151	150	4	98	60	161	57	100	165	25	131	99	726	200	218	216	132	251	67	88	150	1000	13	209	284	185	9465	65	611	66	163	159	57	145	260	35	90	44	367	404	10694	40	56	81135	11743	130	1162	390	215	36790	589	164	737	102	100	214	5109	10	145	268	23724	1271	9084	158	26	146	16157	913	792	4591	4020	229	165	49135	95	99	147	1264	2239	2658	2715	28	1853	16687	1859	88238	122	146
Sg_CA25_21	575	2019	1192	2022	5566	1732	1786	23631	258	127	540	4332	94	54	182	41	650	521	266	5405	388	669	27	3117	235	507	313	712	2136	3027	2407	493	245	491	6431	4744	425	2174	1040	1297	28763	981	3542	176	48705	629	621	210	1544	941	12079	579	99	319	4213	588	414	588	125	2640	2148	1338	1678	424	505	2186	4772	569	760	310	4685	6801	158	6728	402	1384	398	129	6973	65	14897	5265	63	163	598	345	865	3984	5419	114	3077	5466	18674	33	1238	443	4563	1194	202	106	3867	6228	1415	676	613	14485	4354	557	440	796	17614	3355	359	338	963	10532	1477	286	47	406	10015	8045	238	2432	683	16391	586	16	43	1908	152	705	2596	175	197	53	25	412	578	47	14633	975	52	138	110	50	704	265	4318	1021	358	704	549	6179	246	49	203	37	3299	101	195	4	1967	2670	5362	1370	1877	9578	8382	583	931	8132	478	501	856	734	3381	2616	6544	10473	1682	746	18	96	31147	527	521	695	2690	606	5733	1043	5882	5092	2232	53	84	229	232	2140	1184	2781	2628	34	2801	296	454	3058	2750	2208	555	204	15	189	443	99	10	41	173	379	2	272	47	15	24	945	60	87	2516	3916	253	576	47	968	10	5270	1605	4906	329	23	428	370	72	142	435	55	444	2	112	1374	27	39	9058	157	816	4056	469	84	787	31504	215	474	28408	241	212	1631	379	5035	244	290	4525	646	959	663	1316	22	26	771	339	33788	281	246	2231	4000	4745	6268	8188	11510	223	23912	5324	1133	932	38132	1257	9002	5338	1328	8751	5169	3346	474	2134	1726	1837	4197
Sg_CA40A_55	31	29898	39577	34	19622	757	57	14649	2007	13	69	149	29	86	348	9957	145	82	930	76	22	29	43	12	9	5	13	10355	9	6900	1490	8	39	3434	208	6	40	34	6	1	67	10443	11471	14	7044	908	8047	1705	21309	9	11122	33	2133	18	31309	3102	8	25178	31	41222	56	66	2038	8451	8	16419	260	10015	3	9	3	21	20	8049	145	56	9	18	26	8	7717	12311	92	6	0	2	19	98	6552	14	3751	0	2960	5	14	1663	1269	85890	61	57	19	27	404	0	193	21	775	6	1	6	14	11	15	113	25	63	1	16	0	55	476	107	8	0	33	40	7	4	15	17	1522	42	15	1705	16	42	108	52	7	12	703	58	10	7	1426	2	17	9	43	474	114	6	36	24	13	10	25	5	7	7	24	4	35	120	4	12	6	26	28	2	39	61	20	4	273	18	2	21	387	136	12	10	18	18	45	19	28	31	33	20	16	331	33	124	19	15	7	21	1585	7879	7	3	9	7	7	150	1308	42	17	52	51	20	22	29	63	33	44	9	5	61	6	6	10	66	0	53	194	0	28	25	41	7	18	24	4	137	65	60	5	5	0	54	3	22	306	10	242	2	9	31	17	280	12	11	21	17	4320	18	627	7	10	28633	8866	5238	9	26	18	60773	28	26	50	13	51	5	185	7	21	20	1807	10009	22	199	13	19	3450	71	13596	99	6115	104	29	38799	33	43	42	2955	54	4209	8379	15	115	99	25113	2179	9993	29
Sg_CK05A_46	725	14729	49436	1557	8935	520	935	526	4485	359	512	14829	1480	1496	15075	4758	904	40219	3497	3536	1801	869	66	1006	1045	174	584	31643	245	4683	5611	399	3248	633	7081	231	734	1427	1864	203	508	1593	8895	457	2358	2025	585	3679	682	1712	344	1105	767	867	6854	1157	225	7615	634	1662	3575	1484	735	11503	501	924	915	8971	210	536	905	1149	1181	7205	1719	1046	519	378	552	172	3109	5993	689	135	176	47	533	490	3807	219	11319	119	662	17	189	465	840	5946	523	292	668	568	11954	26	637	2139	1088	117	517	256	1223	304	206	354	232	1647	163	195	8	532	9849	1014	213	453	306	685	199	61	221	2576	1854	489	324	247	250	137	277	1765	285	366	1553	449	99	216	1074	484	359	217	402	1543	359	225	1032	441	173	166	253	168	345	212	419	280	196	481	452	305	118	547	480	313	305	651	412	177	403	230	966	238	282	2394	538	407	195	167	587	273	285	316	675	250	507	423	428	1353	407	358	256	797	587	782	192	244	482	92	411	742	526	491	537	300	513	305	194	324	194	204	307	150	206	461	13	254	112	445	137	122	285	34	377	231	251	319	428	206	450	1757	256	215	290	412	72	234	332	425	1604	65	517	241	180	1372	349	558	280	64	469	352	1114	486	1165	322	105	3375	1860	1025	274	485	515	10992	268	978	687	393	395	144	777	8	593	324	907	9027	1027	1886	441	497	32988	1139	824	1180	13746	1363	542	37882	217	49048	894	1442	780	25586	1797	231	1686	1494	12950	1285	1664	709
Sg_CK52A_43	172	9349	2445	552	4258	340	541	385	13910	57	832	3092	1530	12437	12852	3176	437	5536	1082	857	453	722	74	49	340	6	62	61747	64	1301	881	254	199	49	1842	177	260	778	1679	1	3528	1458	6403	28	422	439	1448	3694	1125	160	53	1089	356	275	2599	2807	169	1418	90	20627	1803	17931	482	2397	87	1156	610	6106	22	7	34	39	936	7103	199	1109	816	48	123	74	364	560	168	9	2	3	61	264	4077	154	5538	10	2051	4	16	92	1166	2533	53	222	1035	35	1245	0	322	888	1170	6	185	40	47	35	106	73	20	2248	7	38	1	69	777	294	15	555	46	32	65	32	17	124	268	150	155	173	32	73	42	484	55	42	3644	34	27	130	1215	9	57	51	141	911	243	59	163	37	131	76	79	8	19	4	1360	23	0	171	27	76	12	250	145	50	65	173	483	23	1486	328	19	10	59	585	20	9	11	6	1339	32	162	154	190	126	67	47	752	1571	51	85	32	413	9077	2529	13	36	59	11	19	2812	66	42	34	75	198	147	36	1129	126	26	66	47	12	61	4	34	52	12	8	29	85	3	4238	39	450	55	136	44	13	132	50	55	69	14	5	31	22	80	417	46	808	26	48	701	59	199	82	110	62	27	1231	498	1954	21	21	4664	513	73	37	46	158	11887	116	1574	1535	37	88	11	2624	5	24	104	234	3873	497	675	21	101	1028	3337	1594	2397	4282	2767	61	921	30	6387	324	14149	32	8609	3792	48	1295	4710	18672	1151	482	118
Sg_CK52A_74	420	16554	8985	1661	3690	918	413	1052	67	90	106	929	67	92	92	311	2727	156	53	16615	825	230	38	820	107	44734	122	9445	77	423	577	7	631	9115	4410	337	303	1993	676	430950	16656	51	1689	439	10616	1904	2734	166	5748	316	6209	7175	624	124	222	1018	28	89	44	1569	47	214	2068	2324	195	335	321	29	2031	586	31775	965	151	12919	108	623	74	227	142	33	1684	6143	18	164	182	1382	113	9806	1308	66	302	2177	1226	39	337	143	2325	5977	61	100	1449	22759	278	1041	508	763	17262	131	3851	146	1485	3492	2579	107	3692	799	1277	212	664	660	211	3102	671	2298	1454	1345	1492	27	34	744	5483	1571	779	50	46	53	92	246	458	22	143	1633	31	102	53	74	441	59	820	378	18	131	1442	7239	272	272	42	238	863	100	169	44	3141	868	9339	42	228	255	5710	1315	348	3330	334	18646	826	968	782	141	1934	7844	1540	275	37	130	13904	70	37	34	121	495	756	172	5732	821	1338	88	100	83	53	2110	849	65987	2824	20	1310	183	224	2025	706	1379	175	122	43	118	28	88	72	66	64	14	14	151	12	66	29	599	37	0	178	125	79	45	47	38	59	2264	838	2041	41	241	11160	41	181	127	44	4	852	52	22	91	32	37	221	26	7978	1037	1018	937	6642	251	199	87	13830	545	112	1531	987	149	177	118	125	929	84	436	449	12	81	241	357	669	1430	201	746	741	5350	248	405410	887	55	649	1099	568	3266	7265	1328	86072	1931	416	9849	189	1690	3339	490	447	5453	617
Sg_CM17_7	646	9192	22158	3021	15728	1151	3492	3786	10367	556	655	30497	1481	1754	9234	10112	2660	15527	6013	9372	1520	382	336	792	639	129	333	6156	543	14795	9049	1924	2233	420	13284	215	1469	4733	1292	4	10660	6326	4429	183	924	3906	1209	6492	11114	777	143	189157	4188	1034	7858	3684	617	18607	897	15346	3424	31487	796	14015	200	10492	1200	16309	81	81	38	1636	1548	2662	2289	17165	1760	598	739	144	2860	4756	1162	119	34	105	130	600	12939	240	3335	89	7778	37	199	546	17441	30779	654	1558	4567	164	1885	7	918	1111	346	165	161	187	369	231	796	347	122	1338	86	400	24	549	1056	1049	367	28	383	424	213	51	399	1304	808	496	1134	538	849	19	207	664	335	286	1812	241	127	209	1252	97	514	415	593	1926	446	1686	2235	503	246	34	953	62	207	21	749	25	7	775	398	595	21	556	244	227	1044	376	1702	114	5794	325	135	885	159	6471	29	103	869	449	8202	540	381	339	1909	1169	562	254	10552	2070	1193	519	227	706	1882	7980	545	308	362	821	137	2282	372	330	357	593	1039	415	142	265	288	220	312	182	158	138	10	145	106	279	20	44	471	4	650	179	1917	380	478	216	138	3009	100	491	472	95	52	397	80	647	2157	529	1248	137	218	817	254	491	89	45	739	435	3507	926	3483	165	85	21328	1469	700	124	401	16506	12079	665	1447	2814	545	426	200	1978	18	349	323	1063	17448	2178	8309	319	1166	14855	5074	4787	14187	4365	30811	704	6315	110	1227	3016	7733	367	8740	10424	396	2146	32962	12016	12424	6958	1120
Sg_CM32A_26	1212	11661	5502	2047	20564	3549	3223	741	3391	997	1561	9842	3633	6420	3242	28941	3589	29398	1736	24007	27585	1692	410	5181	8796	1162	2351	2699	347	19739	5405	1101	3380	7787	11127	403	1445	3562	3103	95	2082	5055	3541	760	1571	14703	1643	9012	1105	4060	754	5894	2076	1182	8355	10955	758	7647	2364	4713	5221	2877	2036	26525	672	2882	2745	14191	605	1669	296	2209	3931	9894	3583	3374	3653	967	3379	1409	2775	4522	1789	965	669	198	1281	1286	15993	973	2441	254	1760	306	291	1132	49267	3292	1398	1158	2941	776	2881	128	1858	2023	1488	349	928	442	480	454	1751	1765	1191	1640	156	737	27	1210	1431	1357	495	239	1618	1431	870	321	924	1123	1022	908	2066	848	1149	85	1259	1094	723	2818	3699	1054	526	843	1431	1710	1156	1089	1485	1365	2066	1331	2202	1275	1478	282	1104	1314	654	565	1082	233	168	1053	246	1174	334	1723	1299	814	1348	1816	1503	612	2049	516	255	699	390	5543	1042	1693	1101	715	2032	1015	1963	2052	3302	1650	1717	2209	1577	4058	769	1366	1201	2276	1103	891	323	552	1104	603	892	2061	1005	1137	1127	899	1180	871	671	1429	1183	1017	1579	1199	562	1024	264	756	751	1275	1019	1051	651	389	2122	1613	1162	1976	767	930	496	3535	1773	486	889	2291	395	1224	1036	2302	980	361	1203	2282	1329	2380	1411	914	1433	216	1074	796	12222	2068	6351	1006	510	12701	3507	1562	3683	1314	1007	6635	1047	2576	2018	1087	1472	617	1433	232	819	1180	5154	17350	2127	5598	617	1187	11602	42054	1507	3449	6340	2864	1303	3167	579	2428	2138	3203	2156	18750	3363	876	2968	140478	22579	2939	2279	1837
Sg_CM33A_60	1312	86099	1794	1164	36823	283	1757	225	20098	244	276	893	1661	162	2912	35275	519	2175	1312	717	1758	1250	227	656	589	18	186	269	74	3034	3756	150	859	213	1010	40	459	2391	1400	5	204	1292	3877	91	155	3186	651	3922	1009	1842	98	52980	557	169	3640	2362	177	2070	564	627	3336	672	354	92716	323	4554	1910	121098	1485	81	10	142	4006	13829	451	560	89	149	361	112	1634	6980	1879	16	28	5	32	3495	11276	38	1860	55	512	4	40	482	1383	1174	143	201	169	110	1076	32	208	587	311	34	332	43	316	216	49	220	39	1722	6	141	0	410	5608	1189	42	29	145	175	24	13	15	442	339	293	205	130	68	61	101	875	250	32	1809	77	20	158	7115	29	106	131	559	3958	79	68	670	127	213	7	180	27	47	10	328	11	20	381	36	64	13	644	536	501	309	634	143	12	326	197	8	39	69	278	52	100	63	102	157	366	573	625	314	149	184	223	114	943	196	74	34	241	765	249	31	19	113	16	44	1477	264	163	46	165	653	150	49	82	688	87	118	14	37	45	8	57	27	86	22	64	119	7	89	130	136	258	82	123	135	319	109	80	54	70	3	109	48	112	1766	45	582	25	52	2184	58	510	36	20	674	48	1523	899	1089	56	39	3790	3084	55	119	156	31986	2907	171	3939	1899	73	64	62	2325	2	105	574	1529	3869	274	644	383	220	1810	1181	352	324	3105	1789	135	24786	48	665	921	3666	91	2595	1001	74	1709	869	61048	848	856	376
Sg_CM35A_15	1238	3501	1278	1712	7425	444	395	289	13026	82	308	2661	614	2085	3131	6303	579	15202	1132	2298	289	197	76	1241	2468	82	219	1288	151	3821	2382	4088	1178	347	1555	73	638	1048	1200	4	727	62184	13755	345	471	2036	993	2281	5485	522	192	1017	12363	306	2517	2930	75	4952	182	884	888	1189	422	917	70	469	771	9794	94	67	4	588	536	3087	272	1093	365	222	298	118	6301	1190	571	22	84	16	94	411	6462	86	1042	21	514	9	53	223	1092	1603	404	421	4664	165	4225	6	452	501	196	51	284	153	196	145	188	138	93	452	7	111	1	275	1326	532	46	42	585	368	122	36	78	445	359	297	305	235	240	315	228	1302	77	182	7996	191	43	89	530	92	112	76	280	1955	307	300	944	339	145	34	680	62	61	7	325	24	3	267	33	11963	27	7789	250	103	185	395	180	29	231	97	8	216	97	731	233	160	157	88	733	164	226	197	8860	413	518	346	436	874	63	73	86	421	382	417	424	6	155	38	54	4285	214	165	264	159	1560	336	151	218	211	155	149	209	163	212	9	122	53	293	44	236	191	84	263	119	607	225	502	1239	35	938	146	113	125	273	12	163	69	104	944	157	417	160	147	823	185	386	149	34	194	147	772	482	830	181	56	2577	1150	79	174	351	303	2081	419	1000	783	187	165	125	709	16	150	175	1149	3318	293	2342	228	4761	2439	1133	548	754	2422	1346	152	1183	61	3010	427	1024	249	10793	1383	250	2039	4615	8284	33925	27110	451
Sg_D02_9	1013	8	8	311	9	676	156	3	192	68	1154	1257	461	1	354	15	1089	182	28	85	66	1248	140	470	104	77	4581	4	56	17	502	471	384	0	56	1717	2168	136	6	36	171	24	6	1	2	196	504	196	27	64	8	199	4875	681	127	0	447	62	7048	11	605	606	126	37	232	1	1744	11	204	84	132	247	481	17	1195	72	3601	3122	4469	16087	199	510	4730	910	2862	1403	925	8090	276	4325	1071	1475	1744	1824	8048	1713	75	46	1223	7336	1806	222	791	251	2222	812	4702	1597	63	1398	658	1365	2221	7060	9826	3292	652	11480	5	3934	4432	252	6311	2859	2764	5428	382	4203	5362	1960	7719	1975	7398	6321	7285	3345	13000	1012	4711	21138	2287	170	4552	9126	10585	434	10264	4685	2124	3171	25992	9854	7747	3695	10130	683	8374	313	7120	355	23775	158	273	1044	77	13359	66	3494	1108	5819	5034	1699	2032	1717	341	1478	173	4154	970	1129	1739	147	14720	4739	70	10773	6429	6026	13042	6855	5638	2445	365	1383	822	2512	13623	804	8721	464	96	133	1995	476	6539	6508	9326	9056	105	2888	6110	1842	4207	11213	38484	12877	12973	15790	2084	345	491	391	19732	9271	890	262	11347	309	6861	6253	16013	11546	23607	7972	1127	5690	166	5090	3196	1901	601	6333	837	5055	9234	287	4168	15854	9908	12399	13607	10711	4807	1161	14909	626	4628	9848	8811	153	224	98	249	397	9034	3232	2984	182	1479	3358	2461	505	15409	6095	4941	807	488	4697	8450	720	314	1347	20	1225	233	59	142	12	49	215	34	16	633	85	7074	608	1345	584	287	42	1474	4046	261	422	1564	87
Sg_D18_45	3659	3	2	24	7	189	51	0	28	202	8	322	212	25	123	7	927	13	18	277	75	2304	15	1777	12	29	34	5	1177	9	228	28	70	1	34	9699	2859	690	46	4	5092	3	1	7	19	155	88	43	5	142	11	91	162	2072	14	0	59	10	252	7	194	1157	3	77	41	2	70	0	112	1429	45	518	498	2	721	29	6505	1074	3506	3998	3111	2047	839	3545	100	493	128	3833	65	2347	9120	124	866	36	90	1549	3174	179	16730	5889	9	5	217	80	35585	4154	542	680	28	2019	648	1710	7107	16700	135	1115	1333	44806	5	18535	3203	1091	33390	32970	8501	6325	6246	32	27291	5552	29350	52707	4960	5568	20251	75532	3121	2165	6846	16357	1884	3377	7206	1551	1566	116	4626	4257	1898	14524	36486	27683	6913	6720	14398	1059	7841	29401	3501	52	5816	29	20	3135	6144	20266	19	25023	2439	229	1721	2666	1052	10625	2935	439	1047	2770	113	3449	24	40	13153	3595	16537	3493	3875	3733	64555	518	5348	19104	29	1103	2259	30085	16126	218	10897	126	5107	78	886	4905	69608	6126	2695	17842	19	2535	134	12731	150555	13427	27757	4708	10654	210	8562	17324	2229	73791	10603	671	34950	10817	20314	1784	16866	5632	24931	7390	20028	12002	60254	20596	101	55	76499	1061	46	59594	13798	15194	758	51	7561	8793	4600	2512	37102	11062	10567	919	999	593	2449	11855	23616	49	72	114	56	107	2803	4609	383	161	4235	1017	4350	7680	5423	4373	5106	298	61997	15104	8653	58	179	147	187	433	36	17	25	79	17	25	30	25	196	45	187	331	410	46	27	187	777	363	153	2844	59	61
Sg_E06_10	441	3998	3415	3651	5240	330	10396	87	1295	143	853	2900	480	665	1557	5163	983	5712	782	2543	581	486	70	648	491	35	592	896	116	3562	3527	378	298656	1041	6335	110	49463	2092	6523	4	320	837	2846	484	143	1594	6253	12502	353	516	256	770	556	367	6483	673	101	6099	389	34247	942	1305	358	22962	125	642	12750	6320	43	108	77	972	1810	7399	1317	1629	267	565	306	66	743	1210	1302	22	48	27	240	245	3993	89	12779	46	842	8	1020	304	949	19865	411	287	268	111	2823	5	320	644	406	58	245	148	205	219	262	92	110	676	31	90	3	178	828	816	59	19	527	822	169	31	178	424	14021	402	440	225	3708	30	105	619	212	144	1444	250	44	100	788	37	160	243	257	615	201	468	479	210	152	75	315	49	96	8	346	6	4	26042	45	137	25	577	318	121	213	470	538	60	245	186	109	417	153	1522	207	42	484	256	340	447	223	277	856	572	552	199	403	972	148	273	94	284	531	438	249	36	1394	86	99	1600	1547	403	297	136	626	295	69	98	1227	218	169	48	94	196	8	127	125	164	4	53	314	11	362	88	354	356	202	107	135	1101	120	82	70	115	90	1005	31	198	462	136	529	174	370	442	323	408	137	69	253	192	716	863	1851	213	40	2766	867	1564	96	290	554	2851	209	8091	1152	136	290	92	410	4	65	274	887	4473	1421	2640	220	348	2276	1487	20047	721	3045	1075	144	1070	275	543	845	1361	292	3410	28573	186	1944	1488	6161	12354	562	810
Sg_E10_50	10903	2117	934	2339	1039	7077	3546	3062	703	628	3420	8163	4089	6681	1504	1439	8267	757	402	2086	2329	6232	2107	5314	759	2381	2432	1192	978	605	8126	708	1932	275	908	8565	13912	11718	1262	427	2559	1440	835	279	663	862	1654	1385	1791	4223	999	2044	4920	6226	1907	1659	839	653	2111	1063	1525	10942	532	3375	595	347	3907	902	388	19540	5011	2014	4473	1160	6644	2012	6129	15605	20778	20222	6680	5373	4846	5845	24550	3637	9087	18724	4139	12716	12091	4169	3485	1293	7911	4377	2019	2824	12876	46499	2912	670	2477	2320	14044	7389	11617	2135	3163	5231	4717	3762	11596	22645	25240	6304	1562	41241	429	35485	15169	7871	5295	5737	17551	6382	4167	7852	13549	9541	16906	26368	25045	25903	21095	17897	14174	7159	7818	15949	5530	3527	11114	36878	12127	10510	6127	23705	7608	11623	33491	16576	7787	18120	33878	10240	12033	7698	7390	10772	38173	9007	2255	8109	4488	95365	1258	17834	3805	5376	14141	5434	9886	2105	2976	4530	2338	8788	3092	4961	2566	4586	9950	5583	2679	9295	26384	25417	37547	26012	6366	31930	3499	8101	1864	10970	42615	1648	13698	1555	2665	2510	4716	4284	7225	25495	33391	31595	24997	6388	6835	33685	111048	28770	122482	61849	17922	9141	23977	83003	2520	21759	9048	34448	18194	45227	97642	4587	117015	7897	37239	25751	82799	9568	14618	15376	8472	11262	23139	22048	3224	33023	18392	62505	24895	77851	36011	10071	19441	22980	110233	18832	21807	2410	25114	4733	8531	14837	48134	3837	11735	2578	3050	4639	39799	5633	15297	2540	56237	5082	5869	12823	12206	22493	45715	2864	11082	31031	48872	3781	1319	3763	1840	2810	2258	1694	1528	1838	3208	3498	1062	1438	5055	5668	3084	4195	5325	3255	2452	3107	4807	6209	4867	3685	4456	2583
Sg_EM03_7	2101	27	5427	10304	27	3166	103	100	28	70	44	567	588	16	358	121	79	73	57	100	155	130	328	3013	2487	357	1259	118	532	3587	902	12	516	300	173	2265	517	1500	48714	212	6246	5123	383	64	191	122	21	1713	344	9544	851	1941	322	120	243	4175	1690	159	5953	1021	1861	4431	22140	7745	35	72	2512	13	725	24	855	9460	1418	51	364	10269	54	57	6948	163	58	192	1640	12	413	13	1099	509	1507	66	620	36	1302	15	391	1768	831	607	13	34	2469	61	67	24	280	121	2743	155	3	73	804	61	8282	35	202	6009	128	193	1	52	718	5099	6	322	208	3139	212	1	1	137	437	2893	836	181	56	8	8	51	16	246	1834	193	4	32	8	27	99	9	185	1379	6	351	3407	16358	3526	14	207	0	289	0	40	0	156	581	2373	287	1179	132	4937	107	492	3576	1357	7	142	49	450	296	3340	102	81	45	8	54	9343	298	168	196	1628	283	536	50	528	5652	4001	169	3	59	1351	426	18	66	553	1	9042	109	1881	412	972	225	2955	886	0	105	658	33	25	166	4	419	0	7	118	35	10	160	39	0	2086	933	817	342	75	6	2	76	18	501	10	2	11	206	2	19	236	53	79	27	5	1373	13	160	21	108	1108	1899	69	263	5	420	11	27	23	14	1015	2127	2406	287	108	115	236	23	2605	31	13	0	4	87	71	991	34	1048	86	294	66	3691	150	494	1160	259	382	860	5	487	1037	2967	60	8681	444	41	1660	255	47	4631	2941	75
Sg_EM30_38	2543	891	924	1891	1051	1362	162030	158	13092	51361	18654	1825	52015	80	24532	48	24084	3921	4800	465	126479	22949	60	5004	1551	4874	1934	79	362	418	3717	82	103382	33	629	1564	9963	3003	374	1180	3860	343	640	66	100	380	791	38168	368	1266	407	19860	33941	17410	6643	4780	1101	254	14900	142	9930	2441	566	332	110454	133	1994	2059	5030	1853	762	425	5011	632	1994	260	1571	281899	5580	2461	2140	1261	3897	2508	1655	2342	3191	47213	1016	3318	2852	1078	4378	1169	37200	21418	776	995	1881	7308	1104	2641	167496	602	2253	38398	2832	285436	2335	85318	2787	1055	8889	932	2095	3002	501	3986	819	2600	50890	12067	3873	2597	3607	1172	1992	3152	2389	1611	3426	1148	8037	5567	3641	1072	2564	48466	219438	2748	12966	85628	1045	2991	4743	1259	33177	2764	11927	21269	1522	3536	4355	4519	1562	3853	5670	1331	60199	2269	1840	968	670	2658	4861	1759	24896	6772	7937	1400	3998	2906	3903	1462	13794	23027	1594	3003	1772	2104	1479	2230	2104	4335	4114	6127	4358	4676	2700	6254	1606	2061	699	4177	25737	920	1992	254839	52944	2272	474	1638	23272	1684	3102	22906	2741	1634	179918	3411	7980	2190	3937	991	3608	7052	2664	1627	1876	25404	256	1100	698	1873	493	1006	3744	583	1534	1355	4294	1114	10756	11418	923	2078	1217	582	1639	16770	608	1138	2674	5180	13143	2751	4622	2105	30207	3127	3959	6169	2336	640	29889	1769	13331	2092	2453	2172	3258	5960	3829	8030	4485	6009	12672	3700	20509	2020	1846	13736	5222	1170	27691	921	5481	1533	4312	10460	346228	1581	35814	36214	3801	52785	789	422	1356	1729	5424	991	610	1822	5730	3598	920	34231	906	1333	797	954	639	740	3232	851
Sg_G09_4	1058	2496	713	267946	432	237	1529	432	653	4275	918	20132	4708	3980	4317	18651	194	1510	1249	6347	2857	1028	1465	889	7722	3074	7995	983	293	90582	5279	762	869	11596	5091	7831	11651	66125	1301	468	14181	25751	10145	693	15430	20425	1117	2209	7601	53308	93433	748	546	6762	549	7635	3999	279	5716	6672	13893	17650	44656	251250	841	3019	77070	706	12727	2205	1337	31085	1725	11325	18	182409	318	89	63233	261	1265	14086	179	1585	2005	1816	1232	686	1004	577	59010	8669	3142	883	1636	4806	505	9345	111	1730	247354	6833	367	452	2710	1749	3668	306	1513	391	56434	495	11735	2012	451	21507	9995	881	314	745	3025	3026	114	650	5324	2747	1404	526	911	2076	673	317	931	988	1094	166	630	754	191	420	2292	2327	440	1191	285	643	2175	125	3470	253	1566	5717	767	13709	32057	137	538	42	18941	284	1749	26	891	4040	8149	7971	298	3972	4618	39112	15285	2427	724	436	30776	1034	502	20537	128574	2390	714	1192	329	330	17814	660	745	712	947	1229	2557	1734	60655	34078	4449	108	202	160	5870	4626	873	176	63818	1386	9452	794	740	6041	8420	926	2211	374	90	410	425	426	305	258	139	620	1924	75	520	637	123	1424	723	1279	16145	1490	693	468	427	853	105	623	201	2734	427	774	238	618	28	1706	314	561	196	1143	409	2726	302	454	1543	308	772	620	1023	122	282	32862	296	3044	506	998	11262	45636	414	509	4375	12013	1039	1899	5496	1305	406	1050	205	411	5290	271	1158	3913	1184	16087	880	68572	591	49658	50	5318	7543	5002	78	8900	4658	28790	2134	4803	42289	2030	41572	13721	2695	12204	8128	1128
Sg_G10_35	719	140	15	450	8	27	49	39	37	97	260	514	508	3	263	11	1541	110	46	47	6	3380	13	109	31	17	292	0	6	13	2549	68	351	1	14	84	92	27	12	354	37	13	20	2	78	118	4	169	7	17	24	137	591	136	228	21	49	3	2019	36	924	27	74	55	73	3	255	11	11	83	34	51	438	29	88	26	3987	6323	2739	11363	55	4428	785	105	114	107	54	3443	1299	1539	5798	847	103	778	3632	1950	58	283	31	2364	323	39	449	18	60	2144	2565	453	21	29	665	780	67	88	179	38	71	34	18	62	692	804	10	67	37	60	113	3610	44	33	52	28	650	4301	46	65	9752	735	1252	927	575	311	2384	1569	5449	29760	3436	93	3388	5053	38	111	67	53	58	71	7951	106	237	16218	29	406	78	706	140	30	18	77	108	61	40	124	7121	45	203	184	131	178	85	273	37	108	5130	3176	41	9536	4288	4100	65	4416	38	87	86	816	211	85	54	354	1120	147	57	84	256	7	139	9680	1639	119	106	1202	51	23	60	2527	33	16595	104	67	2068	15226	11	42	20	4927	53	46	4522	88	65	23	2131	51	9075	19982	78	70	50	26	90	131	71	31	276	104	5136	5447	18	10	1672	973	79	1314	25	3487	7611	173	1272	68	8953	61	42	414	338	914	5163	56	1669	644	546	892	370	162	7442	42	4304	362	182	38	39211	908	57	15	7	81	402	246	32	133	98	244	88	30	38	138	39	85	720	33	2006	23	1032	1148	112	66	47	66
Sg_G18_19	3713	4613	3061	7112	3277	2791	2672	3568	4542	2276	529	5775	2042	3099	3060	45536	3548	6287	1476	5479	3781	4450	635	8364	1913	6219	2717	8512	644	5304	4368	1306	1870	1278	3518	13439	2187	12080	4720	11112	4491	2390	4801	1721	2334	1810	4213	2881	4560	6515	4491	4374	2619	874	4729	3131	827	1189	1529	5253	2665	2182	2897	6122	2409	1321	6697	5461	630	2652	11470	12645	1757	1582	889	5610	898	826	2450	944	1936	4867	940	1090	1159	1220	1221	2032	3821	762	2200	7092	2417	248	1867	2023	3266	3018	658	1590	6799	2219	2120	1075	981	2095	3944	1483	2529	1223	6395	3675	1986	1010	1570	2625	5617	1235	1012	1658	1863	4437	708	2955	1745	3897	2634	199	1351	2683	1145	1526	1311	1040	1052	1223	801	1034	1268	1109	3033	2841	523	2314	945	1266	1311	896	1879	1598	1595	1379	2644	3142	1585	867	1262	826	2442	893	1501	587	3182	3193	6284	1029	1456	2505	4267	3510	2369	3153	2070	1165	2415	1956	3098	1927	4696	2279	2680	2004	1037	966	4549	1135	1063	1044	1604	2454	2175	1625	3803	3807	3216	912	918	1326	1662	4450	2972	3480	2215	1657	4236	1854	2363	1262	2694	2863	1838	1098	964	998	1446	1140	982	960	1042	1119	2276	906	844	950	735	1840	985	806	1929	1261	1690	1425	1184	857	791	3388	1510	2671	1275	1210	894	1301	834	1082	1771	596	1750	1157	955	1992	1066	917	1086	348	1322	4165	2607	1169	2221	1463	1081	4929	2519	1222	1929	1926	2074	3722	1449	2224	1496	2922	1159	1264	1524	5160	923	1873	1896	2932	1269	1645	3267	2243	4225	4084	2402	2760	1382	3193	5288	3654	1339	3968	3551	3786	2777	3143	3281	2441	4368	3332	5604	3453	4176	2058
Sg_G26_10	1146	2968	940	45558	6355	82530	65371	83	10593	713	888	4439	4633	4159	2670	2292	36631	4636	2341	19002	123291	1440	341	2386	832	7	25	114930	5040	1711	9341	587	14481	2196	10748	691	14574	17636	13181	0	6119	2920	1397	9235	67	17981	145	11529	271	94	11996	9258	785	1258	1742	6317	370	2795	3035	991	8789	1226	506	4685	84	1206	13205	2487	32	28	8	50	6039	1043	1384	10101	3136	129	16818	35	476	1547	38815	5	18	1	2283	358	14043	341	445	734	1609	3	28	159	36729	3830	218	70	2527	5972	248	0	35	725	579	67	19	17	6209	35	33	1665	1061	141	68	107	1	8088	2810	17178	1	215	88	4641	47	3	14	289	1944	29	182	806	1112	16	10	684	47	743	9494	48	27	735	657	33	202	768	559	1186	391	17	14722	1141	371	7	392	18	7	9	1634	3	2	366	7	1990	5	199	2227	41	4229	9921	39	1	1612	499	17	622	3129	8928	28	18	22	18	9763	33	265	313	708	496	15096	4390	3814	779	427	761	2	463	1006	244	5	8	33	31	6	623	235	280	1533	136	796	60	1	189	194	41	35	12	39	135	1	678	900	159	22	3	11	0	13504	701	1689	1561	53	21	3	11134	80	35	8	50	0	95	17	26	159	125	628	5	11	181	28	168	9	11	2851	6389	261	763	814	10	11	1110	223	372	17007	17	797	3950	233	1017	1496	281	15919	7	1462	1	35	3118	2870	4383	747	79406	201	50	6031	1642	7018	438	365	537	13188	866	92	8992	910	622	2964	2754	4548	4467	84611	10760	409	7393	1308	10964
Sg_I05_27	727	30497	153992	19721	116648	1995	24187	34202	32921	3209	2380	128972	7444	8353	26167	65703	4689	87622	36682	64642	2884	1146	4573	1782	2552	2423	1123	8859	519	75311	27025	9825	3224	2250	74566	636	4016	8361	1912	268	55163	48367	6133	1103	5098	22681	2676	21380	60992	2663	1957	4619	18280	1361	24411	17115	2110	44523	1158	120361	21049	195899	1230	109706	768	58461	2667	41553	233	1408	1445	3137	11638	13178	7023	116134	7674	446	3001	338	9882	22310	1897	758	830	2434	786	1521	46931	573	8392	1773	22440	130	2387	1720	75063	147276	542	5726	23209	519	3981	264	3414	2241	1399	285	2088	219	2444	1011	483	329	673	1566	796	452	568	754	1604	1815	246	80	1462	1232	257	109	936	5803	3683	442	4606	2169	308	470	966	2148	249	197	3084	793	203	1300	3325	58	404	216	670	5435	1176	351	6721	818	372	153	1815	32	467	102	643	14	459	1647	760	3194	615	1039	651	1222	1490	890	7481	1356	1371	302	290	467	1819	48819	1090	602	165	171	45136	244	565	591	7829	3535	926	471	68544	6611	1844	460	384	2390	3575	38573	1687	263	930	1637	467	6151	607	513	1008	1304	1118	515	47	517	374	268	465	95	84	327	2681	115	194	243	33	542	735	1608	778	672	8554	596	259	354	199	8720	363	1325	435	147	236	505	22	401	8860	744	3112	235	376	1095	344	1284	177	69	528	806	13584	892	14705	901	339	48949	6191	3463	601	954	884	33116	1810	1965	2802	348	579	840	5326	1218	365	499	3301	79101	8339	21047	677	1484	69091	23660	31584	78924	7445	135787	1410	18277	147	1922	14154	30300	958	8304	37988	2263	4872	161155	30444	7298	45739	1183
Sg_I06_25	400	225	64	551	168	207	137	4	41	21	175	1085	260	15	95	59	217	61	44	39	92	825	14	577	552	153	425	18	119	226	420	36	90	12	133	29466	737	161	66	191	64	166	13	13	1	28	67	159	40	67	3	67	330	1085	285	12	160	24	255	21	66	465	23	32	80	22	106	177	13	24673	25	71	173	22	11744	144	81	1582	3765	9022	67	222	253	473	2749	438	1778	888	1153	1074	279	326	138	224	1751	266	196	89	555	2554	84	60	930	221	2799	271	621	1248	1093	3691	144	326	478	706	2956	660	3430	777	2	2132	1165	585	2675	329	284	479	2059	279	1990	390	602	401	1131	359	1506	1375	629	1498	7426	1208	3440	2466	3940	851	1430	4942	1980	2683	1683	893	7900	1628	4992	1521	652	853	365	4885	18246	659	549	7983	903	583	194	965	302	4123	371	2824	931	295	2448	341	2109	1229	187	1157	465	507	1972	1477	1380	2300	86	1093	452	466	824	780	1271	7521	624	612	334	2213	4374	129	869	1011	231	261	310	205	5113	499	1241	1218	293	673	1082	1701	4740	1240	1858	921	1533	11992	2618	5977	50	6343	1276	10799	9159	379	854	709	5436	947	848	9173	1178	3217	7839	551	5906	267	7000	10761	349	696	15569	8766	247	528	1370	6015	9444	10143	2016	1205	5348	420	588	725	352	3899	577	243	1000	398	147	134	2923	597	275	245	3700	1617	1723	5202	1440	1039	356	998	2784	2514	2248	570	80	474	21430	2957	231	364	30	39	616	171	9	53	336	275	306	265	657	163	145	264	984	737	176	85	115	5411
Sg_I07_11	909	7227	599	4463	18966	292	668	12543	17825	53331	87236	12611	11243	175804	2723	8076	252	726	2621	4156	29576	1803	99480	16250	51680	112219	1103	84489	3567	2496	7713	37944	32262	13261	28311	32	305307	1314	23298	26	19156	255	28231	49933	6130	45827	5298	15772	132259	1106	40949	18437	23218	138	8395	113637	1940	1759	16609	78011	1233	2991	3262	4596	17538	10456	4851	69150	98	10223	14173	21788	107181	33186	156	26809	543	3473	4343	11927	36437	10327	13957	42928	32157	130564	31108	3794	74878	35284	6370	96289	11352	7722	79701	50391	4572	2740	2420	6352	83742	1280	3306	15008	2324	2960	63305	306	120722	500	3160	611	828	1537	23423	6962	5548	19760	35295	216	6645	13069	87	26	3234	463	3252	2657	43468	81826	13821	942	49151	36271	1851	15442	44301	5688	147	30	372	520	3545	59734	6059	178	519	1396	385	2266	97	696	870	11980	5324	5535	32726	172	513	687	7527	4334	25758	5566	5250	44731	734570	11973	7575	43722	54842	15229	25320	74124	3141	3908	11949	5970	12235	27582	74934	316	222	651	11191	805	3525	3882	2898	1851	4512	418	5365	4515	21149	2968	1802	7237	1327	5508	90248	5097	5392	84586	2324	20095	667	2849	1178	14995	767	396	215	1596	128	637	6868	1263	28	1576	140543	224	35	599	77	7827	37823	106673	136	8776	4922	15573	1028	15647	7052	60	674	94960	15331	323	10218	251	372	46	8565	6020	1320	587	4504	104	5764	23695	2409	373	4689	23504	22117	383	2255	25925	7712	2812	40585	2486	8641	13170	3528	9478	854	24117	27389	7800	8696	32320	1122	81121	10147	1101	1084	3715	7318	3660	20821	32828	17117	40950	5246	51000	2614	51618	6943	1145	1689	1491	2364	2659	32627	22684	10019	100099	1324	11294	5398	89263	8973	1124
Sg_K09_1	298	39	29	56	85	263	162	108	49	22	85	692	71	10	67	13	797	16	59	132	50	431	15	953	48	16147	225	12	122	21	184	30	78	6	66	405	503	325	288	329	16514	68	15	2	4	28	98	53	67	199	21	331	141	116	84	23	62	33	379	7	200	251	11	25	13	4	154	12	1515	925	73	199	424	11	1231	42	135	655	874	2220	156	300	301	7985	1048	759	728	877	280	2777	318	38	313	120	520	281	316	129	469	761	114	117	376	303	1012	252	288	140	394	197	300	273	657	880	1837	338	87	1266	6	967	497	351	163	1402	1045	356	2392	228	925	326	841	456	712	818	1900	2104	1170	426	349	1764	337	620	740	931	793	14361	458	1255	715	539	2353	2176	11231	435	1031	6656	741	2288	563	8199	464	1706	117	501	207	983	286	762	2295	856	370	2805	3223	140	274	194	152	601	248	473	439	1097	1354	819	13452	1406	1714	1712	868	565	1069	1521	246	396	125	1215	1557	84	920	88	163	453	835	5660	1249	640	536	2098	365	480	752	1045	1967	1027	1772	1396	2141	2325	3219	1821	79	767	1641	1668	1382	1040	958	785	1583	1694	936	1154	929	77571	3111	661	1734	437	2677	1355	684	2923	4665	1381	557	621	522	1087	1690	2017	1444	846	1415	388	684	430	513	1299	654	631	545	179	707	190	1248	414	674	133	1187	456	269	1281	1120	1835	1196	230	1843	1252	12026	263	85	539	147	281	145	144	59	27	80	114	147	68	533	114	234	230	429	162	172	161	325	279	137	172	327	348
Sg_K14_18	1940	65	2	1546	39	114	15	2	95	499	560	1364	414	2	1429	30	3653	452	15	9	12	4882	21	29	155	15	1266	11	73	1	5369	20	776	2	67	79	203	134	10	5	18	10	79	0	0	125	10	945	9	90	0	78	1940	159	58	4	18	3	7960	25	1664	24	191	69	264	2	865	21	5	149	8	15	1974	12	66	5	15980	25233	7162	25986	130	7394	1278	222	347	16	45	12156	1548	2804	26786	2160	62	2071	2533	11624	100	655	74	10759	562	171	1727	66	176	8646	4860	1087	45	62	31	30	62	222	149	53	18	1010	144	114	1801	1820	124	110	94	89	102	8765	48	40	157	63	1440	10622	211	141	24917	1200	7246	1260	1549	81	633	2837	21424	67271	7444	130	9863	26779	250	192	112	142	96	191	20594	220	120	40905	313	162	14	1423	32	107	18	79	155	109	137	225	1691	26	475	255	27	55	166	719	71	124	14856	9115	25	26651	132923	125020	94	20675	115	130	40	1776	18	538	260	1008	3020	14	83	80	42	28	153	54161	4220	241	44	3088	124	126	135	4849	177	67053	143	180	5157	42312	68	227	174	31669	188	85	18021	197	169	50	5015	290	19890	49991	491	61	94	54	120	328	7	253	199	106	21528	33800	103	155	988	1993	308	2627	175	8913	41668	36	4721	145	32655	68	83	511	391	2107	14153	75	8272	247	2310	3185	2941	98	39888	133	18255	881	235	225	14269	1595	37	52	8	24	1792	600	21	21	193	444	8	17	139	21	84	26	690	86	5103	49	3383	1016	215	55	33	44
Sg_K15_44	2613	229	91	241	83	1399	805	1	164	184	653	1448	502	36	334	119	1573	140	131	363	236	1870	69	2474	61	187	894	37	375	70	982	147	289	10	186	5079	3987	338	94	72	772	92	49	6	14	99	257	384	51	2729	7	375	2373	2639	378	18	272	91	1113	80	481	743	28	79	72	16	1384	62	43	5523	26	380	1257	27	1020	34	1971	13677	15064	9187	1707	2782	1477	4703	22715	3048	5977	6295	478	17432	1484	534	544	1355	3978	1422	840	169	1701	11059	470	68	523	743	12770	1154	2264	2004	3613	2066	1095	1902	15532	15665	16079	2990	603	12903	3	12273	3719	7233	1392	4051	2615	2612	3068	1681	10302	3696	11961	9324	5175	7950	15334	69778	30997	2692	3129	27724	4322	4258	8357	5212	15731	43139	2629	15223	7029	8347	45667	19825	8060	3606	5999	8411	9386	39934	3065	7012	8826	8942	658	3979	305	24041	588	13197	1637	8568	3462	2445	1842	1744	910	2307	1330	4362	3580	2633	2644	8534	8650	6446	1302	9435	30675	28757	9788	13358	2469	52844	1519	1506	1530	19181	29713	481	11289	337	1578	831	1526	2005	4068	6236	7626	42295	3050	6865	20386	33790	54199	30253	20079	30429	27449	50799	87343	22060	1119	38381	26591	53700	17889	35373	22916	20920	28412	13567	30139	24704	35131	6568	67397	4656	24797	4802	48432	69617	240	24896	66533	12032	5876	9671	9955	28151	34854	29624	47909	17865	28462	2106	8903	1178	4538	24011	13898	2603	16239	1577	373	1273	33756	2185	3719	1332	8632	2775	2811	26635	20681	24472	9781	4997	14799	19941	7869	460	263	956	219	880	308	217	175	114	409	235	209	220	2473	738	1300	827	500	343	503	453	1056	968	395	645	410	531
Sg_K16_50	350	0	1	3	0	12	14	2	2	1	9	34	22	1	8	3	40	5	8	158	15	4	0	0	4	41	17	0	579	2	7	0	231	2	8	2	43	2	2	4	22	10	2	0	8	0	232	5	0	54	18	0	29	10	2	1	0	328	540	2	101	945	0	22	98	1	7	0	7	3	1	57	1	0	51	48	146	85	8	80	12525	1738	2331	898	21	366	1283	798	43	31	112275	38	971	435	9	1132	1163	130	636	25586	1	319	187	2174	2813	2801	29	12	108	25	739	6745	74	83	5378	23	10	74493	69	13	16909	184	49	10	36348	344	275	1070	888	232	78845	17	2266	7913	97408	220	30804	22904	2511	228	108	8	37	53	603	954	68	5405	2949	3623	137	10296	83190	43044	4075	1903	15307	8734	1758	587	184	13	2694	1642	14	413	13	5947	240	5	68210	468	12708	643	40	10909	5	2425	25	8055	0	0	116	14318	918	5093	1578	1923	77274	118435	135	225	146	5552	1332	95	24282	47	2001	14524	4	24	1045	841	6	3742	73	115	13723	4106	220	83	9	862	8	1382	7719	332	179	3	5	4	81	4	19	206	30	3	3	396	69	5615	102	22745	2	253	40	780	336	29563	37	103	4	1929	17	21	7765	791	18231	99	118	32	1042	1	7668	3461	32038	2051	3369	1112	6736	745	428	69910	1163	2126	212	471	39	13605	982	179	35	163	11315	165	86	1987	132	211	811	54	0	16	0	32	3	305	235	17	36	105	555	110	22	63	14	10	31	81	4	41	52	18	1250	730
Sg_K34_1	407	71172	1116	411	80616	665	1060	390	13850	82	575	2673	415	155	2410	15460	9811	1786	261	33121	131	298	29	619	168	251	832	74909	82	59454	628	149	434	265	38357	171	411	379	1007	10	591	47332	19963	4807	12287	18076	97461	2346	339	982	837	168	845	221	2471	548	178	519	259	1049	575	774	144	846	46	13061	211	72391	120	820	114	353	603	6027	917	507	630	133	783	573	342	50887	524	361	268	64	334	318	2128	186	3554	33	1441	24	83	3193	836	1375	182	311	275	151	14651	50	321	461	292	163	85	248	248	81	277	520	385	324	46	258	4	325	432	272	168	137	182	410	217	100	153	264	235	290	2812	4832	225	116	413	170	188	283	4133	589	188	307	1423	784	508	396	382	2896	449	336	722	952	287	169	312	538	234	193	219	67	59	246	36	1274	185	489	225	328	246	246	530	179	219	195	61	204	172	18259	313	355	306	194	422	296	345	336	347	354	445	478	298	3899	148	461	430	404	197	479	93	233	295	132	287	2608	275	190	282	363	310	293	259	441	353	196	374	369	222	128	22	244	157	502	598	253	293	142	528	253	339	384	197	153	92	585	412	104	296	690	22	307	643	876	404	63	288	474	396	639	349	407	387	130	216	214	342	613	1069	286	172	23313	17801	180	930	414	163	1980	298	366	464	440	395	166	709	30	267	482	717	12029	2079	1155	131	339	649	648	386	36182	1915	872	418	2220	213	602	416	879	382	1065	15996	218	648	10017	846	14072	9559	568
Sg_K36_16	10967	83	38	183	33	801	378	2	287	430	1680	1852	1362	48	431	54	3879	286	104	554	159	8363	119	8076	26	406	1407	10	1371	73	503	23	161	0	81	25083	18849	512	33	21	665	91	8	3	13	71	574	251	35	2054	9	101	10102	13299	1228	10	1113	26	1412	31	641	1166	83	109	114	5	3753	17	73	28387	35	147	764	7	2502	82	7319	76345	68113	48027	273	8787	4972	19502	111142	15751	20595	19835	534	98018	2223	1963	746	5398	14758	4727	2815	263	6775	40810	1143	23	740	1019	65638	1692	1053	6123	22279	7941	4901	8511	60122	85875	98498	10655	2301	46607	6	61126	8029	40034	761	10611	7536	9752	18781	4227	19872	16220	44199	79815	15366	25806	55725	630852	155866	6387	11376	141426	16464	22550	41773	17934	76344	295769	6340	90866	34890	32417	253954	117205	28426	4993	20783	43150	33582	238698	9826	39255	38141	81829	2680	17341	552	142995	95	71803	3138	49652	9538	4166	3104	8078	1644	9776	6110	12849	11822	3927	17224	54949	20547	17553	1072	31650	45862	39542	30733	68171	14795	290646	21822	3526	5113	118151	167331	433	49779	511	3833	1896	1820	7879	26444	17549	31773	250308	10914	27234	113622	186286	307474	184205	56734	133208	130356	317504	550041	107801	2409	240018	127693	298622	88092	351957	145433	113299	150634	54245	118147	207157	199369	18024	429533	4835	137349	6254	327935	412022	37	171040	380984	57071	19506	50691	37956	174202	185285	167729	264733	85307	167886	7639	41639	4237	5525	118183	59723	13253	92216	7257	204	7113	167950	4415	7729	5892	41428	4327	6276	144384	110500	132022	28037	28891	160889	101674	37853	460	170	302	456	4170	129	192	202	51	294	221	34	86	4547	3627	235	2468	1119	429	150	719	3301	813	464	2470	277	263
Sg_K36_27	3155	143	49	359	75	1188	253	0	354	105	2234	346	323	115	311	62	1592	261	127	259	51	1121	180	575	28	3203	1531	32	225	192	710	266	465	36	997	1305	1596	391	206	107	1351	55	24	3	18	258	194	453	68	6811	4	300	5451	926	188	2	291	69	5339	91	691	1225	8	32	82	7	5264	46	422	3440	86	229	647	18	381	313	2990	1865	3280	2345	13784	2668	486	1140	2428	3848	30033	10873	572	9638	7515	199	675	885	1426	6160	178	345	3385	7035	3485	70	580	726	2346	5352	2816	347	504	532	2264	1593	31509	10122	1890	4742	169	8483	3	3888	12776	1249	945	1129	932	715	905	862	1483	11026	38339	4393	9691	8226	60672	4914	6560	5987	3662	16779	1677	485	5269	7110	9501	2158	1888	16985	2676	9968	9796	14018	11410	2648	16379	2658	63906	1879	4063	2767	5257	1020	489	2039	181	12459	234	1349	3492	24993	43987	6460	461	2167	1022	1071	777	37607	802	40813	302	2853	14448	8486	1635	13874	42064	40496	22711	17881	1197	5344	31492	2698	448	12950	4845	519	9928	201	452	569	4977	2199	9669	18227	3608	10209	1272	10655	1350	12250	4622	12347	11920	6771	12342	2076	8606	15063	287	2401	9081	4436	2619	7340	6472	482	9011	7826	6291	5007	8339	2984	2607	11530	2198	2736	7187	7219	1358	6235	3413	3326	5114	3993	9190	1698	3161	6005	4276	4924	18418	805	5323	282	21314	26590	17460	513	1407	1762	1983	4550	14016	11554	11802	520	3783	2201	1869	2369	13270	13311	16506	666	2554	9523	3547	349	410	2959	371	515	626	186	71	38	491	186	43	47	1064	817	1568	930	273	942	279	227	1527	787	304	446	2299	242
Sg_K36_3	367	134	605	775	123	277	601	1147	11	29	27	4602	145	119	1732	129	449	1534	19	870	93	2202	85	14989	74	96	1066	510	63	9375	1880	46	742	173	2090	3167	111	706	21232	1291	919	356	66	1745	519	57	10	77	86	234	41	875	209	44	1000	202	14	5	8	71	166	9385	5672	3793	17	347	1653	280	35	102	2156	1649	118	483	12	514	150	142	457	95	1118	9652	15	256	112	187	436	129	164	65	978	531	1247	37	457	514	166	451	799	60	62339	308	428	184	11	386	474	104	10	307	58598	1594	309	46	165	467	1967	214	3	110	145	488	56	886	222	341	540	18	73	367	139	103	154	29	137	25	223	109	109	3	2592	471	4	34	18	49	361	79	1304	103	26	83	701	411	160	105	38	1	533	56	73	0	1682	676	8591	200	677	360	1678	9791	849	1107	676	145	7066	225	1508	711	347	2484	988	3988	23	70	929	135	8	6	4614	44	205	466	200534	552	765	108	32	68	2277	3159	99	133	723	6	42314	438	85	119	6961	3998	218	44	454	90	8139	62	15	12	8479	66	1	376	179	3	5	231	21	22	88	28	909	233	8	11	111	545	818	126	16	7	71	9	31	26	231	3	2465	11	16	60	3	97	172	70	191	1251	495	22	1208	241	70	384	253	5	1178	825	924	1926	120	170	157	1067	42	36	27	5	140	1387	730	1352	206	325	389	1251	4297	6040	524	16864	35	2023	2003	1061	16	610	1198	608	390	826	642	58020	10312	133	390	2170	73487	137
Sg_K40_4	177	33695	18868	550	107211	5475	272	744	7910	49	2094	11522	14117	28248	5939	123550	449	82126	1560	140360	3413	182	410	21490	37079	111	334	491	65	118890	4402	174	5691	36711	29497	26	235	9854	817	29	590	14663	475	119	421	90246	289	31761	356	192	104	1030	825	32	6980	1830	439	6494	1509	14014	861	595	6217	4589	29	4397	330	3059	109	33	6	252	9743	10581	264	569	554	3294	3144	120	2623	15016	438	33	20	4	128	1824	61562	32	2313	31	1841	7	62	765	6812	1329	120	663	8929	113	1138	5	185	5303	4971	381	2546	29	134	87	107	90	54	1096	4	76	6	144	563	698	3	11	126	263	144	18	23	330	367	794	5223	306	86	16	76	1423	66	1001	2031	176	15	380	314	106	416	53	1475	643	74	139	656	157	126	151	855	6	54	19	474	1	3	316	61	102	223	395	2422	144	174	3890	270	10	267	44	8	46	116	16404	40	44	119	71	568	255	159	175	10959	840	339	1902	789	46848	67	58	12	7014	960	455	48	9	87	11	34	3524	490	109	97	1060	864	101	31	90	375	232	73	47	72	73	11	61	32	36	17	21	81	1	304	273	967	104	51	26	36	294	82	35	47	124	3	103	52	44	544	173	1153	152	22	1276	46	519	802	27	180	238	1668	5301	1090	111	47	38210	3890	152	2339	202	180	12921	677	4440	410	50	260	24	2400	1	56	102	7395	62728	5920	1994	78	902	45662	7102	546	2734	19145	971	275	1958	89	434	452	747	160	88607	4865	202	990	2896	4352	2090	528	377
Sg_M01_13	239	1804	18866	7434	1426	90	325	72	17033	40	63	6812	3056	134	3483	8169	25930	37632	4938	642	129	194	50	138	1470	20	99	4473	35	9175	1265	1895	20911	156	20364	23	1931	91	551	0	147	29983	881	179	51	8120	783	17638	10831	214	43	334	5832	32	38403	44115	32	657	139	409	1481	402	94	166	42	14563	907	1657	17	9	34	136	21624	1847	60899	364	98	393	2656	43	389	1367	343	11	50	9	120	124	25025	21	56697	15	6177	2	21	3594	247	10969	1133	1336	117	60	14961	2	281	178	2360	24	27	47	68	54	54	235	10	1172	2	34	0	89	3926	5323	38	14	296	221	26	20	72	2387	2843	100	2069	2074	95	5	158	1240	49	22	20385	60	60	24	3386	6	104	38	344	2385	39	44	128	91	104	3	148	3	25	1	85	22	1	169	5	6264	4	733	122	60	82	148	117	0	3674	36	7	60	37	7195	15	13	95	46	119	100	106	108	191	116	189	5048	83	10092	42	53	104	1628	5080	73	154	31	38	19	22	509	262	78	36	154	1849	91	22	241	57	128	55	29	66	18	3	55	14	64	82	1	32	0	97	20	104	46	65	88	14	6765	20	26	26	48	9	27	1	79	1954	57	1101	29	57	2190	50	508	17	38	123	35	215	4189	5425	50	19	1130	238	536	47	89	84	27727	571	6530	2815	57	140	108	183	0	51	85	1100	7816	732	527	22	99	5872	5143	117	1237	5060	425	398	1023	64	325	203	26928	168	11451	13913	41	608	13341	16407	747	175	251
Sg_M01_30	797	16495	18606	2578	6094	678	873	266	1389	4065	1024	2474	615	517	1363	5760	1061	5903	8684	3295	516	619	95	907	1212	72	343	1328	146	149285	13072	280	5154	1171	3799	191	9105	1141	3004	10	468	1777	3460	1069	423	2109	594	6911	27004	934	80	2749	1156	385	4914	1212	261	456015	516	1235	1237	4284	410	1340	365	655	728	7070	62	235	79	644	995	8268	1243	715	325	253	690	184	1360	3652	1028	72	82	41	200	322	5663	82	4085	80	2272	30	104	4983	903	1404	768	396	449	161	1711	18	946	3542	259	78	13620	203	353	261	279	237	138	1657	21	316	3	464	1043	746	136	87	355	515	199	47	224	1095	516	6811	1010	3272	324	193	132	409	332	199	13765	179	85	162	4283	243	439	214	1115	8401	323	372	12584	294	298	44	343	101	179	55	272	68	17	555	165	308	91	860	362	396	256	465	510	149	767	228	107	242	367	1208	11903	323	277	194	388	358	305	302	960	282	519	348	404	7017	183	482	193	1055	8163	1607	125	186	683	63	111	695	694	282	422	382	985	306	209	294	169	189	302	225	207	327	24	122	197	427	98	162	166	4	273	272	355	318	248	230	189	3360	409	195	127	650	137	194	147	509	1096	181	295	160	146	1188	335	3226	274	43	451	315	4527	430	5456	197	91	3928	1237	107	273	328	760	3479	420	1603	5668	206	511	116	653	16	203	334	1777	4288	528	1807	317	400	2407	1663	797	887	27654	1036	503	2198	379	1157	1353	1487	872	6197	3184	288	2033	3325	14022	2728	1096	991
Sg_M02_5	82	19	9	18	3	189	114	2	19	6	94	123	88	3	129	1	532	23	13	13	16	185	28	94	7	28	58	0	30	7	103	11	295	4	13	147	110	70	5	107	22	23	4	0	11	7	114	28	3	38	2	27	76	459	45	11	334	3	52	2	219	399	7	10	174	0	373	11	3	496	11	8	266	5	321	3	113	180	307	366	45	1212	166	144	306	107	1458	8172	79	260	547	31	51	300	262	91	68	58	176	423	108	41	83	37	325	76	113	93	60	213	45	124	348	1513	379	544	57	781	11	687	874	169	69388	191	294	217	190	12726	440	131	451	8468	3688	1879	885	629	38744	207	8195	1879	1673	690	210	8648	350	564	23327	460	9067	6655	620	496	252	174	320	573	4093	569	150	616	385	259	21	1012	45	260	20	8763	151	147	135	214	176	67	709	454	69	1038	132	178	88	1867	27101	7073	36	16812	472	485	811	499	316	401	95	1295	95	832	102367	64	396	520	109	120	75	87	376	325	1810	800	99	246	32247	438	807	10693	784	12017	10543	813	5493	452	822	752	503	2030	621	2361	37318	70	870	11923	10445	7819	29551	481	611	558	486	5131	1448	764	64	454	861	22971	881	190	411	327	886	10519	825	49228	573	102	5527	158	3394	672	884	126	299	110	134	81	477	145	239	114	300	582	2834	6880	327	655	450	160	401	979	298	37	38	77	44	320	79	149	20	9	55	41	7	17	111	61	82	193	51	29	66	30	87	111	40	28	74	74
Sg_M07_27	602	9192	31	25	285	56	307	28	977	16	69	276	38	23	124	188	81	341	102	287	52	88	2	70	31	29	48	34758	148	159	141	22	120	31	456	19	300	243	70	7	170	67	146	22	138	121	290604	360	118	197	4	268	14724	42	5043	85	8	35865	22	180	79	138	28	230	16	61	23	507	26	0	1	36	54	87	59	188	46	25	68	23	78	109	148	1	49	0	40	56	292	16	102	2	70	2	7	3121	209	1619	95	36	25	16	379	0	125	64	242	18	9	86	57	22	27	44	49	92	3	18	0	42	71	183	5	19	20	38	18	5	25	37	20	46	64	44	26	2	4	18	73	8	202	53	3	9	286	0	11	14	55	66	19	173	142	50	77	1	58	1	17	0	40	3	1	44	9	24	3	169	35	85	52	73	35	15	37	30	0	27	17	205	14	9	242	77	137	243	24	32	95	32	112	68	87	128	15	39	7	63	113	24971	91	8	29	12	7	61	53	86	67	23	172	33	6	53	43	5	39	6	4	28	1	59	28	15	4	10	22	0	86	41	31	19	31	85	4	149	15	8	29	41	17	4	6	37	144	5	78	12	7	33	10	53	16	16	28	39	132	48	87	21	9	55694	103	31	24	142	88	59743	62	100	55	145	22	14	56	0	39	85	181	233	68	225	59	144	245	75	37	546	38360	364	34	207	23	38	151	194	47	352	198	11	322	189	8605	356	119	303
Sg_M07_39	178	35	2636	5830	11	89	57	3173	12	160	11	2036	2985	5011	49	225	50	1891	13	54006	294	55	24	98	3203	1860	5469	6267	1276	2291	1312	13	40	2565	8884	1060	526	6011	3425	23	3875	4097	2672	7097	3403	10049	74	3716	46	205	24165	2619	72	680	66	1861	445	22	2402	12700	3164	79	2723	578	40	886	7258	14	1443	32	103	180	1619	52	29	5570	7957	5	640	86	3562	68	18	79	773	3	435	191	1918	2	344	122	72	1	2666	79	10101	6996	10	208	971	42	27	3	1342	95	1705	44	3	21	286	19	122	733	16	859	134	92	0	17	209	4649	2	33	50	23286	4338	3	0	1607	879	381	183	18	196	0	49	543	14	3	33	30	3	28	18	0	101	20	19	62	61	117	2508	91	148	0	291	0	100	0	1594	0	12	671	432	641	126	174	563	937	1535	239	34	1	540	1386	33	15157	859	4116	7054	5	0	2	4209	4	39	51	972	2822	6272	1314	311	3607	79	3	4	5	1346	13892	3	5	916	1	101	2677	36	2064	385	573	27	824	0	63	59	1	0	6	2	0	0	2	3	2	1	91	31	2	2053	12	630	331	88	157	0	27	139	22	1	0	1	3	1	7	62	46	7	51	0	42	190	43	9	97	399	77	9	424	7	807	29	19	11	2071	123	1506	991	9	121	1385	143	4	37	927	114	1	1	3907	418	18	20	8442	1184	2098	115	910	285	11215	14	7796	1955	65	1	14149	56	931	9	2378	944	29	5756	464	71	2169	901	165
Sg_M07_4	3644	8	1453	1430	1106	23	2264	40	29	504	1411	2521	3167	901	4216	688	287	7707	568	52	34	65	79	368	5374	168	6290	1740	10	7963	600	0	6948	379	5389	270	2809	67	8824	321	147	3492	44	733	595	2887	395	8005	3865	76	36	6460	7514	32	280	1181	19	117	115	114	959	52	34258	1624	11	3587	2305	2	15	164	56	193	5	98	114	4903	4023	2214	123	6	19	2941	9	8	9	140	16	2972	1950	114	958	141	1861	13	1585	1269	606	22	7	4793	165	119	63	35	32	125	118	190	8	55	383	966	32	34	60	124	157	33	11	11	1588	5672	58	388	26	88	23	1	9	6631	871	35	941	758	8	2	2	30	45	4	33	110	69	389	3168	4	73	6	72	1644	32	38	61	124	74	7	2037	0	156	7	785	0	114	5184	210	938	12	49	104	977	2043	55	51	40	961	56	35	5570	181	3020	7867	32	2	3	194	6	816	897	30	5922	2800	87	141	12996	212	2	5	35	35	18982	140	438	81	6	296	7227	81	32	49	534	61	9	0	406	9	774	1	6	5	6	0	2	2	17	1	43	180	1	63	17	1988	6	3	5	0	85	25	852	1	0	10	3	1	48	8884	4	3753	0	0	50	1	114	23	2	83	291	4	225	1570	103	24	7	52	0	51	5489	5475	45	1318	3430	361	28	6	15	1815	0	1	45	14010	3724	140	6375	150	4258	11087	10419	753	3784	316	7192	410	30	23	1377	155	3978	140	54358	3878	122	5633	820	6857	38	1932	108
Sg_M11_7	913	12775	1225	43	970	617	176	4635	599	8	108	1702	92	1465	1601	2846	437	1068	219	3946	508	91	13	161	11	41	151	15283	2648	2487	873	21	47	2676	5148	151	104	70	10059	3	467	35266	1600	72340	2783	372	18961	125	19558	97	18004	1737	155	64	1710	146	23	9303	42	2403	197	525	12259	1727	13	1053	116	142	4	95	7	113	199	256	234	721	37	42	64	43	501	784	129	54	99	13	125	57	8993	39	118	8	119	9	36	379	2383	265	48	74	32	14451	92	10	393	47	61	13	64	43	84	36	63	194	235	49	15	59	3	82	85	274	50	28	131	69	68	26	80	179	91	116	102	97	78	222	112	60	36	35	67	30	68	70	45	91	82	93	87	143	100	129	880	73	128	92	92	26	74	137	118	111	22	60	26	1240	25	85	47	82	112	72	177	13	53	40	22	67	85	2338	56	35	107	63	475	111	89	111	84	89	123	152	34	171	29	155	112	26	121	225	28	67	130	22	62	120	173	628	138	65	67	72	97	66	70	66	139	43	42	68	5	41	94	99	129	119	82	14	85	51	1004	170	65	110	82	126	102	93	126	143	108	87	137	94	84	35	100	73	112	90	150	48	101	40	77	85	89	147	98	13001	22	3050	75	231	41	260	65	1029	96	62	91	95	68	98	109	7	101	141	202	244	139	177	35	81	100	1101	1268	3546	1116	601	36	17535	37	2547	180	196	78	547	477	43	348	634	946	560	494	133
Sg_M12_6	6539	114	38	418	96	977	377	10	620	435	945	773	1536	166	619	74	2478	234	80	1096	125	3009	258	1614	59	1608	3889	123	134	70	815	99	757	1	209	17036	9455	697	52	141	10075	260	53	6	7	205	144	613	86	1991	4	284	7554	1583	380	30	820	214	2674	138	2348	1161	53	109	237	9	5975	71	144	1058	166	158	675	32	1304	377	9550	21404	10649	41396	8927	5219	2397	23222	159078	12462	34144	29810	629	35867	10710	3930	744	2845	21472	6136	3651	292	3556	90627	1160	109	862	488	11704	4643	27267	3743	887	3370	6530	570	3525	8674	3500	9728	2747	54591	14	42449	25909	6971	9251	22887	15987	4640	1742	671	138960	6715	43921	46446	23093	17117	89848	372657	30475	20020	8304	42000	10629	1374	32911	19596	25072	4923	15696	31011	12599	20879	65135	23475	37655	43111	14188	5600	54328	29332	11917	4858	51306	7904	429	7680	389	3943	17681	8734	3309	2074	9170	5262	3859	777	2336	2751	5286	21499	6231	6356	3685	1853	36451	42801	24409	35557	78020	77905	106756	31328	2541	5223	683	7815	17168	4014	69821	3691	40344	434	68692	507	1538	18556	3928	35929	17189	10244	15955	45320	30722	57003	77200	78331	53632	36230	65384	5523	55042	42714	18812	13652	46897	116966	5907	68190	49674	1763	17653	61806	175552	42028	56375	71001	7938	2748	3294	83204	7074	27793	1064	87121	95332	55332	45167	4783	59664	27982	44756	25851	29278	25670	5293	21448	26077	1975	25266	74151	75094	3263	55368	4319	1337	3834	13152	8496	8371	1099	16721	20004	34519	36010	23218	73997	77057	7504	37230	58864	16376	504	437	569	222	1629	439	404	255	97	341	200	186	79	1179	584	808	1262	947	770	419	367	2079	1886	1296	952	478	1070
Sg_M15_10	350	8549	3939	1411	2094	264	1503	182	1342	885	749	2166	4962	115	5973	826	15382	13872	11055	1466	1124	3164	127	779	1238	98	6881	256	620	2908	14237	116	2608	349	3126	48	468	3443	5201	4	1801	16324	4247	195	67	2931	434	8445	1708	10462	83	1751	2051	1084	16777	15160	844	3975	146	687	13336	1922	9717	1608	1775	449	2714	26306	27	1172	47	1989	16277	999	2726	1618	216	762	471	165	172	536	1227	81	51	26	370	744	2297	63	3482	1025	2010	18	178	3975	2981	470	106	401	227	188	9635	8	171	1373	1850	243	70	1078	3221	586	102	2193	956	5109	190	146	6	751	7508	6256	91	70	768	659	73	42	43	966	378	304	614	115	75	62	229	5072	2179	105	8296	311	51	182	846	198	612	225	2391	2796	570	68	4789	3138	144	60	250	369	2121	75	494	56	3	3615	215	836	49	4056	3451	231	111	3043	699	39	2359	630	16	243	2678	1748	89	199	56	203	673	380	1155	1630	1610	1210	876	1395	280	23568	1649	130	128	2479	2776	5708	311	53	11254	47	364	3121	841	1992	131	1577	1805	634	146	276	473	86	111	119	67	163	4	78	125	170	70	95	75	20	271	134	1552	853	290	84	40	196	259	247	87	201	10	94	230	248	251	76	638	79	133	579	77	465	283	28	4609	170	5655	847	2256	78	64	8117	1822	41	292	6483	2960	25518	833	6299	2109	845	1977	1889	3825	7	71	361	958	3229	3092	2929	16366	4774	6044	3474	627	240	8519	16983	302	2763	107	15207	27118	24304	194	23051	3778	1433	9588	5487	6687	395	638	7195
Sg_M17_3	324	7084	26394	1321	3403	231	495	726	1212	135	240	744	1999	346	2014	3057	527	12162	13143	2525	361	635	331	929	20316	47	144	631	36	41806	206525	228	34594	735	37569	250	969	482	2440	2	237	728	26711	170	226	14491	517	4573	2317	290	92	106943	10779	332	4372	761	1485	55627	278	3779	4931	61546	205	649	167	311	371	7010	58	181	5	386	708	3867	1082	296	724	289	317	148	1066	12469	444	68	295	51	142	986	4939	258	42252	32	6353	17	101	301	669	1590	6542	307	1180	136	957	5	1817	2279	244	70	360	82	172	117	228	224	109	8234	20	185	18	330	2019	352	38	57	339	296	84	51	89	10527	326	496	354	289	287	872	954	386	213	389	21064	519	200	171	3219	404	235	162	1106	4498	2944	304	550	302	154	71	302	351	78	22	300	38	6	397	41	363	20	503	225	205	186	302	199	37	9885	232	19	119	258	7531	190	272	169	89	215	173	452	526	705	296	324	323	236	9512	93	328	386	966	583	27729	167	22	211	61	54	903	279	251	157	646	7820	1391	655	414	342	395	443	498	626	410	16	353	139	848	179	814	443	216	506	226	709	411	305	201	114	56849	630	215	414	805	44	321	356	263	2066	164	328	354	340	11017	501	535	321	49	303	97	25457	1090	2713	136	173	2894	491	120	177	185	8182	2935	217	15356	8498	402	389	256	2832	67	423	406	1485	17281	270	706	237	185	2561	3831	2204	3518	11503	859	117	2545	89	888	383	987	133	6256	20752	105	1427	4582	16012	16793	560	520
Sg_OA11r1_9	92	62	8	35	5	774	117	3	20	2	43	150	80	121	311	12	1236	37	26	415	15	1150	6	261	8	9	83	0	27	17	1224	12	53	1	20	190	109	42	17	18	70	23	3	2	2	10	268	1191	5	2095	5	52	65	133	48	2	677	17	125	11	82	255	6	24	28	0	160	13	79	123	53	1097	1935	9	13453	4	49	5912	13123	309	47	169	163	591	18913	72	138	216	73	286	103	19	214	32	224	80	1246	44	99	20432	40	50	216	138	61669	2424	70	82	98	167	1818	109	4576	3309	277	149	30	486	6	4555	118	4432	259	179	27468	105	117	51	24990	148	8564	257	199	1912	449	763	7415	8047	194	547	1705	101	134	3714	15424	326	1359	416	1656	254	448	22527	151	118	595	268	476	411	776	323	229	88	110	5379	1485	1909	60	33751	121	15387	84	197	128	70	74	80	63	108	254	108	30	206	228	154	59	185	1627	1719	1316	374	115	6497	76	67	3808	2322	617	27	302	65	40	352	143	728	85	331	4428	564	110	1900	336	359	451	556	6859	465	6858	25922	2412	240	50	493	277	6734	6187	3769	508	149	319	188	378	20710	552	217	869	38419	378	270	582	535	263	913	660	436	1368	120	1112	373	5024	3090	3160	295	15699	62	16085	1310	186	1194	21393	64	273	246	56	48	30997	92	615	34	21385	276	123	403	379	286	279	105	376	539	180	2480	37	176	35	55	115	31	53	34	199	917	12	30	172	120	143	147	181	115	67	52	71	325	2395	43	89	126
Sg_OB03r2_39	792	12	25	56	14	158	33	4	36	18	171	315	130	5	31	22	242	16	10	139	29	415	25	236	9	131	461	8	104	16	93	25	52	1	14	1434	1139	64	23	106	273	34	10	0	0	13	55	29	7	274	1	112	395	640	124	1	87	7	179	4	261	138	19	22	27	0	306	1	42	1758	62	25	103	16	270	17	413	3555	3347	3135	248	594	899	1913	7118	763	1917	1912	214	4208	593	150	260	276	835	401	270	74	847	4035	172	79	126	541	4305	421	368	466	2021	654	411	465	4196	4751	7928	707	176	4176	45	6485	868	1583	475	3196	867	846	3614	484	2172	1239	3086	2087	1700	2311	4628	7136	8349	600	1465	5076	1157	1463	4570	3150	4161	14405	840	7154	2009	3088	11068	11118	2353	943	2304	6329	2743	11092	1776	3554	2678	12259	247	1146	191	5878	177	3517	630	3633	931	970	581	430	173	861	526	1868	934	775	1717	2474	4144	2027	369	5463	3023	2621	3047	4205	4088	10478	475	828	238	6137	8679	80	2477	87	341	483	502	809	8359	1689	2294	11340	1341	1835	5036	6917	17439	8223	7310	7198	6642	12821	22030	6114	315	11584	6591	13692	9246	7748	6692	4887	10935	2288	6213	5656	10211	2757	16496	1784	8725	1875	19215	15302	909	5064	23705	4942	24407	3477	2232	11116	9524	9686	11372	4449	10633	456	4193	464	726	5519	4257	2645	3248	457	286	921	7427	798	1206	329	3465	534	697	7815	13079	5516	2619	1426	7783	6170	2222	195	69	171	256	183	203	167	42	29	91	61	29	34	1531	290	82	401	434	72	160	202	216	412	168	137	142	245
Sg_OB03r2_6	40	5	3	486	2	93	19	5	8	4	264	24684	176	0	19	1	446	13	21	1938	2935	157	1	5735	15	16493	1187	6	915	14	64	4	307	3	10	21	52	100	0	9149	555	1	2	0	2	39	12	17	6	60	8	43	67	81583	9	2358	8	6	74	60	50	12	11	13	37	0	6062	1	69	4005	91	15	17	4	220872	3	164	119	10385	393	198	59	181	976	579	20	30	131	45	1089	102	50	31	4903	240	31	4514	66	217	597	629	1147	34	376	275	57513	92	102035	61	54768	81	32	967	77	9227	244	163878	4260	3157	44	92	1710	15870	40601	87	110	6372	371	620	59	65	1754	296	71	561	162	94	10816	14185	73	3838	2315	1315	255	234	1032	22275	134	668	106	195	54	1471	52	64	4506	129	3149	50214	628	86	242	134503	33	47	126	111170	1578	202	6569	185	232	1843	52	36	62	1574	53	87	146	236	349	28517	672047	448	245789	433	432	176	88	178	48	10	26	31	598	607	67	15216	147	1214	101	20	4046	13185	88	11658	138	8064	86	132	3302	489	1305	106	676	1347	449	9545	3580	511	1059	17062	379	17746	14739	203	2493	1237	73622	6789	508	2100	889	1147	278	4426	78	54	374	356018	538	370	6224	330	9954	10699	722	3043	97	18896	71900	634	19537	90	883	165	95417	1673	38	437	32	52	613	233	213	161	12	101	62	80	54506	81237	546	156	4023	379	148	5893	17	7	701	20049	24	40	1209	106	17	19	9	75	12	1074	558	84	25	582	37	85	39	47	81	12	507	149	128
Sg_OB05r2_38	2258	26	18	492	22	1515	542	1	431	244	2559	6923	964	24	696	41	2336	103	34	1458	49	3105	266	1449	66	23	3614	68	1339	30	1492	663	1171	4	1447	137	3003	705	24	871	1287	32	12	4	1	418	804	2050	74	3161	1	208	4778	1557	40	1	509	514	7218	11	562	1908	155	209	410	2	3605	22	124	138	33	868	1083	7	3615	101	7411	10536	31333	3650	2020	6956	2810	1876	612	3912	24174	30075	540	13136	2439	1350	2113	5672	16142	2232	3492	308	4047	10934	2054	22	1040	1932	2266	5593	10853	3268	52	4326	127	1105	13748	11314	371	5365	3089	47574	1	13756	15285	3181	1835	4758	350	8660	441	16148	774	9155	16286	16455	11790	21794	2203	1459	11811	6193	8748	37318	5807	13288	16295	4998	17363	4774	9976	5953	12268	17963	26385	16194	29531	18810	32542	78730	10890	592	4052	2253	556	458	778	7145	766	1039	1114	11711	8697	798	8580	12599	3954	5648	2100	1566	721	8631	10760	12439	254	327	57500	27480	746	36439	48783	46363	9130	11200	5406	11592	2198	1999	2982	1113	5309	985	12271	1762	6018	601	4595	1468	440	8768	10933	47952	104	5790	1131	7286	52987	34643	94273	28141	9103	20138	10157	10734	1983	19854	34217	22565	70564	6620	15906	6201	19612	16507	53201	13003	32645	895	591	31795	187	2815	35067	31674	239	39436	23642	19612	4409	25408	14295	495	22951	7513	29880	33938	17975	1238	22302	2904	9547	39016	8581	5410	432	273	783	306	78375	11358	429	520	7704	4861	5528	27415	27334	24810	21716	2298	443	9370	1437	570	315	590	511	788	1735	68	146	47	449	475	124	13	920	140	11794	1147	959	579	1124	70	2332	2206	230	1294	79	1267
Sg_OB24r1_18	6149	578	132	4420	186	14788	1513	78	938	589	12284	36198	10561	45	2494	107	16210	1287	322	875	373	16290	533	11989	564	517	37136	514	9995	211	5597	1158	2676	26	334	5735	3668	2003	437	698	722	836	164	56	17	4831	3060	4190	197	2684	57	953	9717	4139	1152	82	2587	374	55849	185	2830	2660	700	322	4914	168	6294	180	244	12562	2816	2326	4699	128	8254	221	8667	15599	8593	126045	774	28746	11184	138752	8556	11665	5650	60925	4918	38652	22727	27531	2803	10600	63035	5819	7448	7309	2779	27994	689	329	3609	3124	64635	1375	7178	18121	40528	23510	16695	6554	8541	95932	7248	9971	2784	278891	107	7778	9550	3103	396746	30391	20878	22633	5648	15720	5848	5330	90536	12296	56104	16389	127410	20598	47281	59745	25835	280976	5130	25260	31897	163691	58358	11621	40258	35694	40964	26316	30107	53175	8313	6320	14975	154003	30134	11059	183075	10051	3325	12290	2851	10516	12022	4125	698	20735	6711	76931	13003	10848	8708	3490	4869	2705	22269	20506	266299	1945	2758	4424	46542	36571	706	37483	99124	97288	4808	31201	55362	23836	1772	1931	14815	113874	75092	2370	38508	820	3709	1852	8683	32886	8831	10925	2983	79897	19599	28585	5004	7380	15134	120739	127293	177305	18356	16603	16535	24726	18920	17455	139956	84884	152238	3955	47517	6213	21973	28903	14958	18715	19007	133159	152161	8154	3745	1681	14487	62534	8459	241265	21946	31813	32607	2587	35855	11185	71767	14740	14253	40898	21207	12674	14211	20357	58396	20363	18202	2733	4088	1963	3726	1246	17618	12956	7254	1327	20850	35160	16536	17075	85345	63938	64782	309540	19997	86853	22801	4911	3044	5111	464	5020	1232	1189	1575	267	1681	2001	1323	282	4613	1016	15817	6942	1231	2483	9344	12217	2486	5232	1541	2509	1489	6673
Sg_OM21r1_55	102	75726	23752	63465	128687	500	442	1181	1360	86	335	5906	1203	12002	9424	145738	362	89972	1188	2088	326	282	26	167	420	29	221	2872	81	4258	2639	210	3272	27262	3391	27	1283	317	243482	5	438	1923	80184	712	1616	1404	1148	82858	818	220	96	852	454	172	195222	697	176	5707	102	4976	374	2327	3180	1175	147	982	902	132555	58	37	4	810	519	295579	179	868	90	337	418	54	1975	5754	212	6	30	5	87	228	42554	18	4831	62	1225	2	48	434	1739	5018	255	204	863	531	2032	12	235	7143	142	41	181	45	453	75	57	129	33	620	26	53	2	135	2339	186	9	39	133	424	205	41	31	329	347	209	246	275	63	58	33	1219	151	43	649	103	92	23	3841	13	422	62	211	1801	601	139	398	287	86	17	96	59	34	4	222	7	19	259	110	312	12	882	530	305	173	937	198	11	224	72	10	83	117	1303	130	99	57	35	426	100	78	88	9516	217	198	89	265	1028	75	28	31	178	481	920	32	11	81	29	41	615	124	148	50	84	542	209	27	80	103	33	72	43	4	61	1	49	58	118	6	51	60	0	58	41	323	83	67	66	35	664	32	248	29	67	16	87	2	113	1349	19	214	27	23	396	19	476	72	29	223	47	1010	320	2149	112	16	27062	14519	319	150	121	251	35267	144	542	2210	32	134	88	559	6	49	63	41407	2881	529	1286	187	586	1473	26683	1103	500	5109	2634	148	3261	25	1844	243	3454	77	11605	2249	124	33099	4830	141549	15289	553	263
Sg_P27_36	46	8	10	389	4	24	198	27	15	24	10	1109	726	3	22	0	136	45	18	9	4	41	69	631	3	179	26	1	2575	1	953	36	181	2	25	8225	13854	19	4	6	387	22	16	3	4	8	1130	162	1	54	1	16	212	2234	29	5	74	71	3609	1	840	7	4	152	48	4	619	0	7	27	0	466	2041	3	5541	55	248	80	3576	189	2630	2720	1122	114	101	4381	46	548	514	6026	917	23	26	3643	59	1856	42	52	1783	6361	7	56	465	30	9530	1237	594	949	21	4921	1311	1644	40	225	62	4673	153	32088	165	1671	5226	19	4467	95	39	3380	52	1087	4546	2081	9099	3831	4526	9610	134	42321	13252	3654	1189	289	3076	59	105	6080	1864	309	43722	36687	417	4335	22207	26899	13573	18590	7249	105	3033	133	24340	400	8468	13510	94	2042	1948	4682	157	4654	565	46	96	760	944	7	699	3514	1047	5650	33	677	15	114	22885	16254	759	28500	460	415	9085	1049	2692	19187	77	1227	6	29295	10634	312	17397	703	10	1733	1255	14607	137	120	20340	13551	6787	3338	12803	23714	60037	11528	11386	56639	16191	105	11370	12786	109	23	18639	15103	89634	28045	10775	13413	21607	22016	18815	99	1206	2710	129	10162	51	13422	21478	167	426	112	108	35432	222	93	12060	25	2820	6247	33409	7250	30625	9117	6124	19	2013	12551	3270	90	3718	12	14	188	19974	1903	397	191	3092	3630	6027	115	76	103	1633	49	131	18605	11061	311	836	3818	18	1111	68	8	197	24	151	42	270	3	170	225	28	3703	1769	33	43	1802	97	1132	141	5	421	482
Sg_YA12_28	3270	966	458	656	372	2540	1491	364	207	485	1816	3687	693	338	1024	305	2034	699	1281	1375	783	2409	251	3297	327	821	3624	463	849	635	2385	296	691	117	895	5365	1584	868	348	572	723	556	330	135	89	294	577	1481	539	2314	413	953	1799	1321	1314	518	419	1493	955	843	919	1117	226	493	871	248	1949	535	211	37269	788	2056	1734	209	3160	485	487	1266	2947	3696	565	1105	1981	3704	2430	1540	4425	1814	2002	3330	1425	616	1481	610	2014	907	1348	1482	1762	4178	995	661	954	7810	3398	962	1339	943	2062	1407	1060	1142	3600	3643	5805	1921	1231	4909	98	4552	2447	4358	1444	2116	4930	2379	4955	1199	2176	1513	1882	4239	3178	1998	5119	7341	4520	1736	2048	5762	2147	4796	1633	2362	2520	6579	4112	3527	2767	2127	4135	4476	3663	2558	3577	8810	3623	6294	2190	17078	3122	2468	6665	1965	1558	4706	1630	3473	1672	5615	2187	1768	2867	714	1509	2340	1087	3310	1047	1655	713	6893	6498	2416	628	3839	5375	5218	3470	2617	5386	3809	2275	1954	1133	6547	7489	622	2366	974	1834	3637	2315	717	2786	1704	3912	3940	2499	2006	2564	5908	7967	7422	3442	3370	4869	20467	4921	5402	360	2618	2146	6006	6213	5148	4201	796	6321	3437	4321	3027	4498	4765	6163	2316	14718	2386	5411	4463	18377	4855	7573	5808	2196	1894	3042	3519	3746	4156	5240	2922	5641	1065	3198	3523	1539	4947	2808	3513	3036	1368	2976	495	3507	1822	3955	2064	3453	3496	2710	7720	4298	10832	2185	617	4704	4770	1781	1864	1412	2004	453	1684	1458	1279	544	887	2378	1216	455	800	1529	1061	2887	1846	2721	1270	1346	2034	1180	2416	1107	1292	2230	2857
Sg_YA12_4	642	78	1	10	29	39	40	0	33	8	25	19	209	0	29	29	88	10	5	64	179	17	9	22	52	3931	4774	0	11188	15	159	768	27	7	6	6	288	5	7	1270	181	41	14	0	32	6	6638	77	0	935	47	20	783	40	5	0	142	184	9407	1	298	788	71	28	39	9	137	0	419	21	57	194	294	0	415	29	33485	7470	2	3782	38112	35839	1327	2189	1616	569	137	21754	265	1069	35523	113	14003	766	146	8718	1091	414	4574	25617	3	102	2094	1700	12413	2614	567	1657	44	5580	6305	2516	22477	18091	4278	46	160	42313	4797	3879	16705	1623	7337	1834	38657	328	23486	5782	28183	10489	50224	4567	7606	82152	40589	13	22758	4207	8402	27685	15273	5221	3742	89	19406	8498	22658	26959	9309	37260	1583	24252	72987	11809	14853	65268	15346	9064	25	4485	27627	20291	5022	13877	831	16258	874	3297	12311	7	36475	21813	26728	11347	981	3383	1302	7004	1540	4221	12	110	1950	8095	11719	10424	68514	70804	35619	51672	85	28004	947	3594	2119	71762	21393	731	20058	6711	370	122	5198	1866	2048	8613	24250	63616	3136	16122	3860	15792	5772	3674	317	68347	3173	8041	13668	2471	85	391	28490	1309	3002	45649	331	90	76	17982	4619	7748	21298	29522	15	8512	5265	1659	2457	5126	1246	25606	39	24	2398	13	16903	459	17356	6245	5311	19176	9843	2040	19507	4586	187	12831	11582	2618	8272	368	6512	54073	48	12697	5600	2104	1032	10972	3123	261	3452	30452	5502	345	81	21671	4165	335	190	725	131	394	28	83	197	1136	284	89	144	474	1755	1493	530	567	103	153	63	7	1018	4171	844	353	868	126
Sg_YB34_1	97	21	17	421	11	361	47	4	14	145	28	241	146	6	290	8	798	23	86	16	51	270	33	569	33	121	344	77	7	11	124	153	94	0	92	185	425	205	5	7	425	75	23	2	0	39	197	95	2	226	40	163	1861	539	50	0	31	9	633	37	229	287	21	8	69	4	1593	5	12	350	8	655	581	7	321	106	92	875	12970	373	25	1399	146	177	548	35	361	505	177	210	825	906	137	410	2918	718	203	63	1322	286	398	14	74	33	7697	109	123	1005	62	1952	1054	152	3099	523	182	407	36	10032	0	3835	1798	258	2058	232	83	9933	167	63	1057	800	3126	899	560	2546	193	72	1119	298	4161	264	1458	315	191	120	332	650	3040	448	1967	580	5830	3714	4389	1265	4549	227	375	229	297	180	4128	268	31	625	15	646	50	862	147	1792	621	203	1042	28	178	210	75	2515	182	1345	115	79	149	74	423	164	2325	2331	10635	2992	3792	443	40	98	88	1052	6430	271	1479	53	101	98	281	1049	260	393	4508	11991	75	2131	4085	345	417	1084	11872	2116	764	235	1752	2144	64	17071	5824	4803	401	286	1461	36	6747	1203	1352	389	2362	1017	24950	6697	67	8032	370	329	70	2014	381	11109	7707	755	5278	5755	1901	1740	1388	6346	3854	155	649	167	311	1229	1887	100	345	46	111	704	2364	723	162	46	422	1246	598	6669	1388	234	619	92	5551	5570	631	66	42	94	162	317	145	41	155	7	50	17	25	43	1757	13	143	407	794	44	287	135	437	437	210	10	123	154
Sg_YB35_19	281	59	14	65	17	1136	677	3	31	19	392	551	111	11	160	17	2171	148	195	82	98	217	145	301	8	52	510	14	90	29	465	142	316	1	79	600	498	444	39	8	104	40	9	12	0	30	307	70	32	236	5	102	1945	478	76	15	217	38	2166	18	434	318	121	43	27	8	237	16	58	418	11	142	200	8	306	40	237	1041	4810	4477	94	257	329	3268	43388	233	1449	744	1658	1873	1004	312	634	200	626	714	284	356	1314	1635	113	63	337	133	1648	1201	215	151	1319	1945	250	686	6226	2203	1863	2795	129	5380	3	2986	4339	1240	899	281	2139	1177	809	311	3208	1936	23762	2108	4952	49796	2559	2865	32378	2291	994	3394	816	545	1493	17058	1855	1191	2392	5368	765	6826	2722	9223	1272	3107	9268	3262	2479	1021	2775	400	4303	5283	1527	2194	107	1683	73	2651	1271	3150	2390	1640	351	201	670	1515	135	2969	211	659	1914	2551	2837	1005	145	1800	4001	4150	1422	1407	2408	1899	1109	3483	709	3195	2243	144	6360	104	451	569	1065	363	937	555	12264	8303	352	2587	5320	3733	4371	8060	14100	2981	2761	2215	3019	3951	2225	1740	1483	2792	2423	2395	2876	584	3191	1411	3995	2025	2207	1358	1517	17809	10084	1001	3750	1743	130	2161	2183	2395	3638	1571	7545	1580	4554	3511	3608	1439	1932	528	2472	491	1831	3835	2618	1274	747	350	80	336	2554	1038	7594	135	4219	1518	783	3847	2246	9168	1471	501	5476	5232	716	484	62	268	88	142	592	45	31	32	127	111	39	33	355	148	925	7680	299	245	161	560	319	366	719	116	588	2031
Sg_YB36_42	6299	643	412	2794	476	3710	5161	1017	364	267	1252	5972	887	101	562	216	4086	724	388	915	684	7222	128	6446	122	582	3395	230	636	586	2106	265	672	55	816	10285	7569	2814	377	1634	1146	693	478	113	1050	416	912	758	671	2117	533	2015	2947	4473	1501	343	702	516	1725	310	1325	2814	860	913	228	152	2733	524	463	9295	521	3100	1749	245	2852	546	2753	19498	16871	16193	792	2729	2225	6873	24907	3956	9319	5526	1964	16507	4200	2684	1796	1531	5584	1663	2229	701	4119	11087	2363	520	1379	1756	14467	1749	2498	2576	10005	3344	4973	3231	24661	18825	25817	5821	1677	14373	281	18545	4286	13384	2930	7083	14321	6094	9094	2592	7568	6379	10382	14409	9616	9759	19058	64680	33238	3191	4446	37922	5397	10430	10264	8386	18707	51637	3944	21763	10506	9633	54244	27522	12060	3571	12025	22194	9688	51009	6775	10340	11772	19874	1278	6835	2425	29994	358	17967	4911	18250	7009	5646	4121	2008	3455	3946	6306	8929	3907	3976	4042	21484	17829	6706	1352	13341	17678	16179	12256	22219	16688	52026	3189	6503	3106	28281	48613	652	12741	1147	2789	2957	3732	2168	13320	5860	10994	50683	4809	8490	22277	50577	69561	38334	18884	33446	28315	61506	113685	28942	736	42283	26526	56495	25045	48988	28888	31215	44732	13271	31086	29957	36425	10766	85907	4818	159165	5310	56675	87526	1754	29645	75195	16244	8002	12384	11466	47773	43218	35219	59213	20999	36163	3673	12416	4143	3255	33081	17398	10069	18552	2811	941	2556	33458	4362	11631	2288	11846	4407	3162	47746	25957	28908	8279	5405	24429	28736	10251	1457	671	1476	2318	2077	1559	951	1044	1465	986	1072	3486	868	5936	2790	1892	2048	3184	1103	1097	1180	2870	2058	1480	1379	3241	2214
Sg_YB37_28	711	269	204	247	139	622	359	198	518	170	376	1624	477	62	450	41	584	1037	243	345	352	4647	546	1517	84	331	5550	107	248	187	927	175	472	17	1090	1229	2473	565	88	1038	760	107	50	76	38	59	117	982	87	1116	88	497	6147	2412	1376	130	565	157	1806	210	355	1076	64	109	315	79	724	58	61	997	264	1087	1454	82	4566	301	333	1838	8210	8939	300	2618	1548	3058	2225	745	1213	3848	1073	1301	1580	542	670	2455	4607	6786	728	345	2735	8741	304	113	762	2107	3827	1187	809	1708	483	1176	1113	1427	3738	7430	2801	6339	1304	3837	86	8461	1445	3208	2397	3104	2990	824	1234	672	1289	1200	6265	6746	2756	8791	2046	1710	11782	2307	1157	16995	2878	2546	1184	1381	3982	4373	2061	37893	3465	6213	3081	3112	1422	2183	1414	3822	36273	4668	13254	3867	9191	3226	834	8370	1705	1025	760	1404	461	2309	914	549	2527	526	744	1020	805	1743	2545	2736	637	799	2875	1582	550	2159	6842	6366	7017	4139	1168	2138	2629	864	622	2239	25347	613	5863	363	923	923	1752	497	2163	1356	5253	4118	1490	5648	11840	2963	3243	3097	23145	13889	21963	2640	8691	6571	2585	2374	1577	2866	2587	1238	7766	2705	3841	3289	14566	2337	27307	3829	5021	1740	2260	28799	4849	6074	438	7564	9860	1833	3460	13314	1326	2376	25037	14253	6139	13029	6591	1105	5351	2465	4035	4405	25039	2481	1497	484	234	463	5425	2589	3447	2389	6454	4339	1871	3979	1322	9107	19656	763	3706	11099	7763	654	224	1551	701	1430	645	461	258	323	834	816	155	250	2091	679	1004	773	1284	416	936	546	2485	1052	393	636	1155	1534
Sg_YB41_11	192	179	166	203	38	269	200	145	162	75	77	1190	559	38	299	47	2821	326	119	311	121	1827	337	1007	50	149	1741	88	60	70	338	236	178	5	167	708	758	217	49	43	127	61	29	21	7	118	136	141	82	2078	23	202	1859	641	208	100	1181	148	514	24	318	333	51	68	110	55	328	100	21	2347	55	608	324	27	7257	256	170	3984	10105	25694	112	893	406	710	982	152	441	1183	283	433	338	55	158	745	11449	1847	192	347	871	26691	61	71	203	369	1145	2293	269	300	214	188	397	1234	5827	9724	1192	1982	84	986	7	2675	3097	551	416	374	1813	292	519	116	596	719	36170	1703	11592	6903	632	1491	39136	5209	305	5476	9153	375	393	354	19567	1842	921	11263	776	8549	791	1782	1146	565	545	1899	11520	3313	4000	1764	2868	1117	146	2468	349	1077	511	523	290	737	270	351	657	198	693	2412	128	671	434	334	153	543	1028	655	139	763	17319	16182	2409	8616	392	863	301	369	868	2038	8191	176	2019	139	202	343	595	273	691	4966	7385	1375	456	1712	3648	926	1864	2837	6278	21847	89475	903	3625	16303	10690	755	1167	1052	1241	859	20638	558	871	1101	8150	1603	13799	898	826	988	767	1263	2055	1320	345	69380	1670	1254	14282	4046	552	1178	7612	4364	12696	24446	3450	215	4156	1641	1967	19863	7852	283	484	291	199	152	2177	635	1144	515	14893	1251	3515	1230	614	3064	6506	84	1788	3246	2847	137	87	310	95	144	302	307	131	57	223	71	15	52	323	200	479	435	385	143	188	133	801	469	141	159	213	322
Sg_Z03_24	34561	7999	20206	22415	3123	9694	17816	27047	8314	2299	1310	5618	10665	7474	9336	10978	3847	15045	7224	10957	61089	31346	979	20983	19316	3596	4202	32469	1481	18534	14013	173	18813	5065	16712	26751	2242	64634	6180	9	10169	87004	121332	8051	16654	20998	6611	20551	8714	4684	27252	13634	6010	4153	7749	3186	4271	141	2786	3320	37998	1162	3646	24856	13410	2153	49575	3922	2964	972	145292	51139	3642	15612	717	68719	4047	317	8152	209	1259	7872	182	808	247	924	1302	1255	1438	588	21134	1601	8490	151	945	5638	6866	6549	116	1568	18313	702	7335	64	3416	9355	1675	1953	51	5750	9446	2028	19516	3366	194	30200	2084	1006	27	8016	7492	1697	15	6589	17147	115786	28542	92	64	17722	3097	5604	1794	2605	711	32	64	1421	3343	103	9300	597	62	482	674	16	1337	228	1149	2604	460	1017	16178	12798	1810	20	1577	3	18815	38	1772	0	273	9311	18874	1539	251	4008	10340	4180	5539	6670	7755	167	3340	741	223	4427	14942	8047	626	1343	28	87	17366	197	95	110	1894	4625	21085	3435	2946	24034	11949	199	156	765	5948	3233	134	157	4735	82	3651	2085	4049	1189	9738	6004	5478	2128	21	478	616	207	60	162	424	106	72	122	197	110	4	973	77	38	6709	625	1968	2250	63	135	40	1425	198	1001	76	11	118	702	23	202	382	474	989	65	25	8039	89	631	777	115	1576	1597	2890	595	705	5162	1246	1200	4130	339	1199	7806	10821	1716	3308	5837	5102	1306	873	816	686	50	250	6454	5841	5296	7251	1015	5930	15950	10725	8248	13531	4745	71	27523	13672	4569	157	31580	11782	3192	431	22403	17966	1367	33578	9227	9415	25135	21487	10486
Sg_Z07_36	3138	510	80	41403	831	12116	100	4789	698	4	88	2163	114	564	3666	1652	63	5476	1470	154241	114	40	3	77	1419	6	38	30153	72	12490	8542	12	96	6639	8121	26	290	103	16163	1	37874	13376	1770	13788	226	44191	2048	43609	1444	19	26	27647	11902	164	2439	1246	8	23587	17	20228	122	39771	1464	2445	20	24233	36	4936	142	5	0	77	47	789	31	20699	12450	3224	20927	95	519	2327	130	18	2	2	12	169	6100	15	10764	184	1233	1	232	1814	27006	15000	31	54	57	19	335	0	6198	246	1359	221	7	113	22	13	9	9	115	199	2	26	1	24	217	21112	18	4	20	44	26	5	20	814	1542	22	3892	2290	1453	12	12	122	22	42	64803	33	6	293	593	7	163	18	183	160	2252	34	68	13024	274	7	1363	5	15	1	148	2	0	3440	6	27	0	97	25	31	24929	26	71	2	3920	11	4	14	25	2415	7	8	37	33	27012	39	588	1039	116	636	18	22	98	11137	14	7	13	1150	1848	121	827	1	33	5	12	401	1561	249	35	44	4879	329	8	987	2576	113	73	21	14	220	0	28	37	28	0	6	37	1	38	18	9146	49	374	19	23	56	17	9	16	344	0	88	2	44	393	5	66	6	17	51	119	313	14	12	32	28	12664	2259	585	13	3	3557	425	505	11767	5910	475	2913	39	172	8365	15	43	9	258	2	47	8	1639	60262	428	249	32	51	772	9044	8359	55972	39735	203	1893	3141	31	89	63	8558	26254	23129	30740	10	564	1455	22082	5643	182	91
Sg_Z07_42	800	38	2	45	35	128	96	0	1977	41	614	212	164	48	60	24	359	81	28	183	78	1762	35	471	10	140	1046	6	146	34	103	45	161	0	70	1977	5536	146	13	16	1168	46	3	0	0	456	63	310	178	860	1	182	1743	1122	487	4	164	16	207	27	241	107	22	21	95	0	1335	27	31	2159	20	185	281	6	187	67	6318	5629	16532	5421	324	4127	1795	4716	9323	1520	30782	4707	255	6811	5423	231	511	1478	6761	6101	262	1019	2154	5205	4448	14	436	291	6348	592	3670	692	2638	850	717	684	4169	7015	9748	8088	201	5658	3	4575	6726	5620	283	3341	1603	749	4044	2165	2032	12226	14698	10378	6586	14010	5068	20253	54941	1571	1966	12333	1430	2463	6384	3789	9021	18796	815	10406	3674	21331	66266	10468	3719	1740	4546	12331	16705	16772	3852	10288	3601	24508	174	1453	147	8386	142	5548	1544	3774	1245	2134	569	614	269	1037	760	3729	1293	3845	3228	3480	3848	2184	1290	5528	10246	9627	47302	4876	5122	20141	476	2553	507	10127	10049	318	5510	642	1017	415	5848	1699	8393	14548	3539	17988	1314	9421	8469	14264	26293	12245	20888	10730	12300	23661	38548	19573	1313	16350	9604	22114	11971	13691	11719	7017	10380	4769	18044	11074	25289	4022	32432	4036	9327	3456	22118	26065	14	8544	32245	6977	20529	9404	10811	10121	16672	12823	21850	7540	13923	1473	9635	444	25169	14928	9869	4597	6938	3245	570	3409	22349	8309	35414	1156	7136	2477	2628	7939	9386	13320	9258	2701	12245	10173	5523	211	100	83	197	273	293	319	43	22	30	111	2	31	1267	237	745	248	304	377	81	74	718	405	1648	159	67	113
Sg_Z12_45	341	5	2	555	10	1336	32	1	117	70	1600	4199	1351	4	191	6	1725	149	11	46	7	1917	65	976	61	12	4466	1	1070	2	468	223	254	0	45	118	391	97	1	5	62	7	4	0	1	547	233	464	14	228	0	40	2133	465	110	2	273	10	7688	0	259	133	79	20	568	0	834	18	41	56	319	202	271	9	622	23	1788	2564	1754	11442	95	3383	1965	15056	761	1433	270	8092	365	4415	2168	1260	526	1533	9136	810	576	683	289	2209	122	54	345	27	6393	231	1280	2314	2098	2553	1807	854	851	13843	321	1355	262	35714	2	685	1763	176	29147	3224	2134	3168	69	2371	1029	886	12648	1253	6496	2721	10925	1036	7849	7131	3868	33290	873	2541	3844	18829	10017	136	6385	3063	4318	3796	7542	6461	2118	1266	2928	14711	4216	110	15650	76	4927	62	20	1410	1260	2787	45	1696	1063	6382	2241	1865	752	744	415	384	2359	3170	29272	636	365	25	7668	4732	50	5488	10957	10597	2801	4616	6404	1743	103	318	1469	11374	8542	392	6106	77	495	23	1031	3434	1233	2396	2289	10163	1611	3323	1390	520	822	13425	24334	33184	3436	3413	1110	2060	2510	769	10921	9883	16896	170	6696	314	1560	4082	4827	1546	6593	16556	12541	931	27	847	1725	5169	71	28173	206	2357	5517	709	4522	808	8934	2890	3544	7175	2031	1069	4590	1966	7567	6539	4032	41	47	104	234	83	3271	1623	1278	85	1419	4232	2096	2175	10360	8019	7357	12283	1437	10297	3600	549	307	369	8	576	150	19	87	5	71	149	11	5	48	31	2933	609	121	295	917	589	371	1128	148	164	152	535
Sg_Z17_26	1518	126	21973	6131	684	100	7423	9153	9	718	570	2696	3109	5223	6534	5133	2204	15136	19609	20035	100	11834	284	8950	5338	24	2207	19982	27	273	1198	4	279	2362	2779	3275	3436	39860	208	27	3234	31028	2650	45	2533	10768	718	11607	11028	1479	159	22098	5916	8	4947	13225	1160	175	4715	3414	3608	124	2172	12570	38	19168	2507	478	1442	83	11	1218	1161	6964	183	40500	1989	11	2613	10	727	5158	5	47	5	4	10	327	316	17	3297	33	326	0	538	3707	20202	506	677	29	90	1274	4877	1	493	3351	2598	136	277	1055	156	6	28	1723	2	314	28	128	2	79	2504	72	0	18	52	1157	5082	22	593	5617	765	1073	689	918	6	0	21	2502	10	2	11932	39	9	52	327	1	86	25	279	949	85	16	8539	7739	112	1	470	0	16	0	3354	1	6	4952	76	1493	23	11472	371	964	1265	235	1128	1	4476	1352	22	9188	185	1683	675	5	0	0	5814	3	58	67	2388	1695	52	1389	16471	1117	10433	1	8	707	1758	860	3231	29	140	1	62	3416	1074	1489	1821	151	6	628	1	116	335	150	1	8	129	2	0	6	3	4	1	81	1	1	4201	309	791	904	1	12	0	51	3	21	1	19	0	10	2	3	71	70	894	0	4	4715	23	172	17	20	791	6419	2387	583	2219	386	15	4	58	796	294	218	1038	2852	45	8277	1317	232	4	159	478	1	0	108	2702	5223	3926	255	153	9229	77	949	1072	4958	287	7561	216	198	13	2955	1062	3560	10710	5122	143	6	142	1397	3156	2949	4926	1385
Gp_MJ1_12	2739	61	114	131	2222	590	419	21	923	144	418	4090	1282	131	251	110	702	304	505	250	268	627	19	1557	58	103	660	141	148	48	759	72	273	46	421	2533	1758	102	207	13	222	50	26	19	24	26	215	365	50	626	125	97	796	1640	737	107	66	1304	1084	41	137	1771	208	88	135	179	325	387	23	2426	39	130	665	44	403	237	886	7203	2262	1546	296	595	378	4396	1207	230	1393	1851	239	1231	2393	227	540	321	580	245	258	122	974	37935	456	87	428	48	4137	978	571	1213	216	2293	312	627	1931	26944	2825	511	76	2301	5	2782	1573	1018	4593	977	979	1838	1846	819	552	1063	13219	1907	1122	2678	1912	3942	1984	1681	960	9016	3417	2191	2002	1755	11721	3355	1746	2957	1449	1978	3982	2238	1832	1215	3594	5454	2149	1793	1978	1769	2145	3865	46	940	502	3204	1779	2379	630	1487	813	934	913	481	1111	1451	201	1576	2236	784	692	913	3470	1859	329	2637	3982	3699	1796	2021	2705	2999	612	482	412	5839	2672	407	8641	164	559	419	395	480	1343	2490	4204	5171	659	1507	5889	2273	5905	46631	5779	22264	2930	3257	4594	2673	354	3269	2784	3859	6921	4485	3066	1455	11737	2061	3977	14091	7085	1723	2717	2026	1592	724	3614	3491	472	3309	6521	3318	7050	1760	2153	1302	3772	2460	4519	17139	2724	277	2392	1005	3357	2929	2012	1247	1190	659	558	750	3730	1186	1971	1552	11462	1157	891	3485	4465	2837	2197	424	2693	3227	1422	461	761	284	63	151	499	176	61	239	745	209	147	131	415	522	2392	467	595	650	411	107	722	742	681	187	475	660
Gp_NH_148	116	11	0	61	2	128	501	1	48	24	37	114	69	2	22	1	112	12	2	68	21	557	32	121	8	17	68	1	109	7	96	23	424	0	7	353	35	96	32	17	20	168	4	0	3	24	172	86	4	95	0	88	84	28	115	1	39	109	291	3	694	203	5	18	338	7	161	0	13	121	16	188	293	22	483	3	73	255	287	492	187	145	19225	369	255	2040	156	198	50	184	526	713	1354	308	577	769	38	44	1634	3546	25	14	199	86	2284	94	141	600	44	1054	85	551	245	864	201	993	122	929	3	1141	1808	94	425	25850	2813	1260	163	1394	2447	1536	2921	181	749	2100	6908	156	20697	1910	5558	4215	2231	134	470	367	726	191	691	215	19559	1932	388	5013	156	2204	334	449	1831	370	5593	337	170	254	92	242	99	247	54	2730	205	253	454	315	1361	3338	589	224	744	277	2043	338	120	135	490	290	33	303	1088	1062	14008	276	293	232	37	99	64	493	457	1853	1071	975	1033	187	267	170	202	367	354	5396	94	444	137	281	353	7683	7341	2797	503	422	870	257	175	470	365	466	364	361	17929	202	196	1824	368	407	13868	265	1103	487	219	55	302	243	282	726	943	338	1636	77	332	371	889	2491	249	2637	591	278	4734	435	1406	1357	564	7164	177	257	72	51	471	109	1478	47	801	2698	227	444	1338	313	265	2289	957	5655	164	121	17	197	77	41	146	22	31	13	94	24	2	10	192	28	458	1744	47	75	2443	89	72	101	61	22	757	64
Gp_meta27_16	1443	96	2	619	14	153	76	13	260	207	3093	25	438	3	377	38	714	94	114	21	9	55	156	1066	12	10	1323	39	21	14	1276	244	2092	1	80	62	1786	13	1	19	34	6	12	1	5	174	16	521	7	19	0	1098	4449	175	555	0	624	6	1276	24	1426	2821	26	6	242	2	345	15	13	87	1	661	798	15	8382	65	904	11756	2018	305	22	2755	1398	207	3157	55	156	1899	598	162	6274	40	671	190	2007	1773	480	15	2872	1050	25	13	1250	41	27527	2842	1250	2676	82	9101	1502	41	5819	4263	167	1873	14	484	2	16901	1578	2681	9383	121	10624	5152	5684	1896	145	2635	10018	5720	7649	2583	10110	510	8775	9244	3363	2391	3324	78	1101	2882	1158	308	9384	161	10365	2270	16349	237	183	6234	117	331	1110	353	4769	259	162	203	56	5091	473	203	36	1976	1090	1214	90	1205	2733	29	1678	1485	47	2400	193	200	60	78	354	188	66	286	20493	24314	314	187	213	1199	41	1665	816	8654	394	1813	4668	293	40	54	52	67	169	4815	8620	373	52	3081	2846	1039	531	5030	51098	2308	33804	359	6595	1835	82	11461	306	1250	382	674	578	55	206	13273	1838	9103	4321	240	403	9082	273	86	365	328	69	40936	457	7519	3433	1040	189	260	1636	1535	3363	7209	383	319	1807	38	2236	303	8315	122	168	1559	372	71	10221	87	2390	442	4502	1362	4289	2031	277	271	1726	93	1786	3514	1719	564	113	1318	21	21	575	880	14	14	54	75	5	26	45	95	3382	2036	25	354	304	34	2566	1048	50	696	44	2874
Gp_MJ1_444	625	41	34	892	42	133	90	119	18	21	271	235	61	500	78	16	1069	93	73	57	33	307	161	157	57	322	227	57	161816	142	482	28	67	36	87	869	203	81	89	89	173	10	92	349	25	33	128	84	179	215	20	116	247	174	93	140	186	251	286	92	274	628	32	47	96	77	153	213	145099	610	517	156	192	88	343	101	374	640	1025	687	126	239	529	617	2181	295	671	534	268	939	753	919	225	200	418	431	816	88	354	2402	447	28	113	334	423	637	921	233	217	298	178	333	1099	1091	553	252	56	6187	330	1266	468	558	199	330	424	300	367	291	588	751	1181	3594	1506	3392	1201	1593	6359	408	478	1278	540	411	385	1056	1013	1326	1663	937	984	6367	1479	1106	607	522	931	826	811	2738	773	1091	812	599	818	1222	207	1014	337	856	454	782	736	500	469	277	427	370	1273	783	285	588	236	1159	981	341	133	635	1062	933	750	963	498	1248	232	566	205	988	990	350	1608	132	456	1715	926	1464	585	534	1054	1589	355	1250	822	1370	1820	2279	21749	1556	1243	1045	2391	1649	741	1144	691	1440	1188	1227	1023	802	1837	2780	1967	1229	1471	562	1922	637	1228	495	2269	1384	470	896	4680	980	814	335	772	1063	1264	2972	2867	2269	1250	187	1970	499	629	2421	1791	642	522	318	605	156	1643	565	835	193	1038	1245	847	1257	1390	2200	930	673	1406	1509	727	122	324	119	166	211	217	386	70	85	381	145	42	59	360	137	323	533	414	139	250	431	169	250	138	261	753	275
Sg_A11_10	6457	285	35	164	224	3344	712	50	84	72	1961	412	401	12	510	23	3336	254	132	515	2875	23562	1220	164	73	138	176	13	136	36	2956	648	229	12	1589	930	567	186	63	252	187	95	132	4	13	73	138	112	138	1229	3	470	474	1511	132	12	2225	71	5838	12	2764	2583	19	33	95	20	587	154	64	596	32	128	806	14	736	182	316	9446	5844	4382	236	4650	4085	1594	1916	451	868	4490	3285	25673	1869	486	530	105	1608	537	200	197	15897	3506	127	88	1259	552	2571	2933	9616	6512	744	344	485	1634	5905	989	2599	26049	4598	2250	20	3078	3924	771	1948	1182	809	1001	10654	733	1157	4886	4947	6422	13865	5335	23980	2548	2950	632	21650	2715	1629	728	979	1082	1354	3239	8949	9551	16627	2345	2701	3984	4804	3450	78706	5305	1982	1823	3073	3968	7351	3329	203	1790	561	3008	278	5943	898	1148	661	1428	16521	248	2339	312	6795	2034	1577	7820	709	859	3452	1633	256	2346	2496	2421	7477	7100	1995	1994	901	11303	257	2435	73179	202	5193	133	288	404	2355	1671	1979	886	7211	5595	468	9148	1046	2643	7683	4245	53226	3383	5580	1855	4458	2533	512	22310	3061	2958	3382	2252	12875	705	2472	1401	3500	3728	6268	3483	2574	1185	2963	716	4441	1547	196	15346	4674	39794	2958	1147	2486	27066	7173	3947	5144	2043	4323	8507	1930	617	922	2350	2246	950	1541	1051	776	491	3935	6266	1026	302	8030	18109	5288	2023	2772	3454	1513	665	2995	5482	1362	343	4278	637	266	1691	762	165	152	43	370	85	1036	45	799	76	422	1945	1024	405	1682	579	292	2791	266	232	831	244
Sg_C04_33	248	813	3896	7772	10411	14779	19272	73	1358	263	126	27079	15175	411	18757	477	707	2244	560	31610	2393	203	65	416	89485	99	592	13043	122564	386	1587	133	5040	160	6682	64	439	692	305	0	7557	311	782	122	79	15414	25044	2073	3975	562	130	304	7906	11380	1798	34201	10233	43055	183	1640	503	6669	780	805	66	668	689	2350	26	521	164	831	283	384	604	17180	86	14107	762	58	328	541	2679	242	19	11	6264	2633	750	33	658	101	301	13	484	1518	25168	1781	1451	9331	673	224	336	29	195	2463	158	313	100	7419	13288	187	23219	37	166	1049	15	280	13	1219	685	890	29	56	558	2579	123	67	32	464	224	659	1996	405	385	20	148	389	191	77	1854	163	27	111	1273	14	185	172	211	344	225	332	7039	548	144	5	444	12	85	3	301	3	12	293	222	718	30	4731	263	101	117	317	181	54	261	246	58	14559	410	5094	68	546	84	68	8257	211	1927	1805	539	3772	1365	235	9246	464	11297	263	63	344	2584	742	67	84	376	32	137	265	260	4444	249	111	420	216	15	297	326	159	307	38	49	126	2	111	30	110	12	37	80	3	195	72	105	120	475	73	109	1191	315	94	135	385	7	190	28	235	29596	30	4814	1099	98	330	196	289	118	26	146	5081	715	526	5855	138	88	870	459	723	158	313	91	1914	1800	838	1144	163	242	49	4820	5	109	319	25271	4316	2326	4341	46	976	28250	1159	953	4182	1106	3212	434	398	169	5227	481	26341	625	1240	2074	720	1968	15722	2874	826	5388	1123
Sg_CM21_15	909	125	576	2223	27	3716	627	1981	15	4	26	1054	154	18	369	1	274	47	8	13378	1054	706	165	2743	16335	243	21608	815	18	324	402	2	96	12	89	994	80	3473	17	16	4888	84	55	20	13	1051	5	2825	100	78	167	11716	17	116	6120	1329	8	1	17	3447	260	519	35	597	19	2554	65	10	2	362	2674	930	44	72	33	208	2106	14	1612	7	17	545	6	281	68	886	46	1026	315	68	521	746	1343	42	14988	66	24	327	34	47	41	11	611	2577	76	529	51	193	90	1250	4006	2412	3367	45	88	70	5307	267	0	53	100	542	230	2252	23945	101	1634	141	37	104	9	67	19	1	19	51	2	223	400	10	68	382	11	69	7	72	536	19	300	51	12	70	5126	189	189	0	8	126	467	80	87	3	3745	53	3864	286	69	292	639	176	171	340	715	433	665	697	2325	306	1323	99	550	3681	493	2219	3439	734	4	5	71	43	663	39	190	528	792	10	33	22	24	1091	2794	28577	225	56	151	524	181	19	526	544	300	68	0	2	9	193	50	168	40	98	0	31	1	24	3	246	10	83	141	122	36	53	2	6	6	33	66	164	2	15	224	11	43	17	270	0	414	614	183	19	3	7	75	26	168	2000	20	65	29	26	41	14	90	25	432	141	379	13410	39	44	67	161	7224	33	20	6	70	162	258	396	60	1925	373	52	185	548	689	741	16	866	989	238	660	596	704	928	658	426	431	1166	1759	81	209	258	4816	576
Sg_B26_4	289	27685	1032	1867	2584	306	272	344	499	54	291	2785	402	625	1863	4033	474	1573	55199	461	87	254	255	229	99	36	358	1356	66	943	923	508	422	109	2488	603	264	309	2692	2	2774	451	977	230	1284	321	2741	2161	296	146	101	366	5715	210	9417	328	125	1478	120	1434	5592	880	131	2362	88	411	277	6682	29	104	12	185	514	2213	395	647	115	192	320	88	724	850	221	39	224	15	101	136	1940	84	571	30	31026	21	62	645	1221	1607	232	180	5975	2936	596	12	640	233	560	135	43	59	199	107	207	154	99	1536	30	88	0	185	1030	433	127	53	328	146	38	27	64	151	230	155	256	207	152	91	141	172	96	144	1218	200	91	185	699	82	105	126	270	876	150	278	270	122	101	48	312	56	90	46	1003	16	7	691	82	156	26	321	168	220	107	270	271	31	1247	90	15	114	63	1200	92	58	167	116	3024	117	645	643	423	255	197	132	377	1155	59	130	317	178	208	589	31	215	176	38	67	303	8582	166	106	112	535	204	144	370	102	315	244	128	155	125	14	65	72	224	82	79	126	33	211	202	428	291	184	125	103	281	151	104	186	76	7	88	150	167	692	57	184	116	141	343	160	602	241	11	131	133	366	230	383	122	43	30769	1413	103	193	151	250	20362	144	260	923	266	182	97	343	15	91	168	317	2488	294	911	94	121	762	534	641	732	7706	1614	75	5279	105	514	1028	691	339	1559	5260	248	516	5247	2053	1374	444	348
Sg_CG50A_22	954	19925	1004	538	2837	1227	1055	1219	1653	246	409	8405	218	304	898	2338	1298	3136	925	2615	690	845	69	967	206	239	673	2716	317	1580	1301	151	886	571	1121	787	407	1531	7376	51	2671	4266	1670	742	1900	1149	5621	1824	918	1013	305495	2216	1311	425	5039	568	159	1211	714	3155	558	1095	715	1780	141	1185	564	1908	100	390	303	1390	1577	707	1033	2811	182	283	402	251	885	2519	1234	163	479	74	342	648	1286	442	779	77	835	45	307	366	1961	5257	511	670	176	1327	1220	111	790	550	258	223	422	295	305	251	624	465	529	540	95	443	240	482	1213	590	483	273	389	423	291	108	261	435	707	636	746	910	427	385	496	431	325	568	1691	982	187	333	868	317	683	385	530	944	370	527	939	565	715	181	580	414	549	446	1388	191	53	505	142	529	141	1313	395	361	696	491	822	88	736	498	190	277	486	756	465	1257	564	310	2313	414	701	766	887	608	399	477	1117	842	341	1059	226	244	619	832	277	227	2102	200	261	707	835	803	359	429	953	506	224	628	391	438	853	402	228	632	30	300	317	523	268	341	416	100	658	436	680	1878	622	376	253	4062	1189	558	359	579	161	510	274	681	738	285	620	317	669	550	693	257	515	161	688	489	989	670	618	255	338	158419	1276	428	377	1160	703	4101	633	606	654	416	615	555	1266	64	406	535	1066	1727	417	1093	191	432	1166	1440	722	2769	962	2205	214	474267	517	1080	808	1716	443	1724	1920	328	1261	6002	1640	1129	2211	884
Sg_EB03_22	635	74	1	3004	12	20	2	11	15	638	1469	235	1904	1	761	35	944	288	4	4	0	15717	51	10	66	3	4227	0	2	2	12771	8	179	1	12	26	13	2	2	3	6	0	15	0	0	712	11	726	5	58	0	6	258	102	55	16	8	0	9593	17	6572	6	579	15	257	0	1191	13	12	8	7	4	182	19	3	0	12418	17780	24947	86370	245	25791	5868	46	584	30	53	27825	4945	14860	11460	9283	25	405	9152	2425	13	2614	6	11049	3019	10	1009	24	89	708	22479	1085	7	6	28	9	44	98	25	21	3	44	2	52	6741	8987	3	11	26	9	10	1670	97	11	76	27	5830	40199	217	242	97642	8153	568	36234	4870	49	199	9453	14825	12024	21863	36	1965	5838	36	24	35	33	11	18	4415	47	118	6926	59	295	2	4411	3	78	9	25	589	24	20	872	419	7	72	1256	9	36	12	76	14	15	4086	1939	31	5820	920	854	51	8004	19	25	5	301	11	21	52	1011	4864	4	43	6	14	9	19	21363	731	64	24	9013	29	41	80	18514	105	13087	65	17	19865	5535	24	191	105	2327	162	51	22412	62	53	25	22109	49	84834	8862	69	49	8	79	230	256	5	78	103	67	4109	3367	35	35	616	7395	45	11856	25	1503	11400	13	3879	74	37352	119	56	2110	771	8662	48370	13	624	151	2846	3250	195	26	7358	88	25494	3452	66	21	6910	244	9	12	0	5	2143	100	5	131	411	52	9	5	12	5	3	8	3576	241	954	6	9019	567	1068	2	10	9
Sg_B26_35	231	1255	1487	28396	591	166	138	1271	41400	54	1264	34	5253	25	19111	6909	7630	17380	1843	80	35	34	4248	241	2211	10	27	4759	23	4081	2408	25438	2146	139	3573	45	762	42	31139	2	32	64	739	41	467	16383	4339	7078	906	95	18	108	3568	14	96	3042	1599	6707	8413	10562	44699	13863	21	9170	1367	1169	2475	5112	3379	21	1	10	608	376	10921	27179	1356	806	974	7854	435	3264	144	570	5	11	75	6383	2411	8197	1671	265	9787	9	507	8209	105	2864	2556	165	1196	119	79	1	32	907	10116	13	14	28	5	25	60	54	78	5242	3	107	0	38	8320	157	7	15	17	26	24	6	25	95	35	96	79	10942	5096	15	60	38	109	10	1512	381	1012	26	5584	5	527	67	3150	9242	61	6688	75	75	2700	18	24341	3	55	34	2172	41	3	6445	10	245	0	1054	8517	36	2441	4266	5861	9	2569	32	5	2970	9	2939	8	16	109	36	36	111	10708	11484	2486	19821	25026	194	24	8477	13	108	26	634	1101	43	12	20	78	15	33	12224	305	38	19	5857	180	83	26	3019	106	2839	71	5	17	13562	1	71	16	185	20	39	3141	6	41	2133	211	65	171	5106	20	67	21	13	50	90	5	88	44	66	13747	12	1403	6	16	966	60	191	24	29	2400	55	1487	149	3876	2	6	4088	115	472	1931	133	103	198	98	925	1140	52	47	3121	3418	3	15	123	4804	693	912	79	21	35	1980	96	43	286	1768	118	4	2811	12	82	3599	6122	15	3412	3080	6	89	103	3666	956	4732	198
Sg_G18_1	3457	31165	5570	32569	11797	27	9649	28615	12561	1292	509	4532	2159	2122	27140	19354	1472	21666	10289	5235	19	82	5352	4	93232	27488	28578	8142	420	10894	4896	5195	8620	5020	7890	7	494	4164	17064	4	3845	37257	33147	8173	64776	3364	84	10779	3030	0	11	12575	759	5474	24393	28025	3014	9222	15457	19684	28620	16	15175	6623	678	3433	19427	4663	10070	5	22231	10	3488	7430	4569	9835	195	3632	626	2172	1191	5018	10342	1614	322	4	461	1115	5887	409	2563	75	2249	2	18723	5352	19994	2908	233	15	3176	233	6462	49	1037	8149	7010	728	55	6	1394	5	7	1179	94	2566	17	2547	8	5	8975	8286	4	2363	3370	3295	795	7	6	586	34	402	1927	317	23	4	1222	1982	209	16	8778	40	308	133	721	161	1254	136	87	7178	71	8	5840	2187	57	15	129	1	4179	90	11	4	32	2125	9	44	12505	8869	6952	4849	2302	4159	3526	4	4561	2837	14	1845	4528	8458	6995	7	95	1116	3723	3867	40	37	6	27	2613	62	4904	11434	4003	12	1181	294	1522	25184	2218	13	5735	2	5	5242	51539	103	9832	9343	1911	5	6	168	1262	1431	8	10	244	216	2	2	11	3	7	18	367	3	6	220	553	17	10709	64	10	5	70	918	4	14	379	47	5	14	25	24	1891	9	426	366	9	908	687	2009	1242	5	3592	18	1500	760	3	3117	1664	111	27	2283	4107	15855	15	2602	1658	517	355	52	45	6	8	8	220	11799	789	14550	7	6	5402	2460	10482	5391	5358	7139	8712	4564	11	11863	31	5308	12	4697	7833	1291	7498	2205	10702	3014	682	11297
